data,sku,categoria,demanda,estoque,preco,preco_ref,pred
2023-10-03,S001-P0001,Electronics,72,100,69.78,66.465,93.79671932554345
2023-10-04,S001-P0001,Electronics,90,335,70.52,66.465,93.69655444503269
2023-10-05,S001-P0001,Electronics,78,236,64.25,66.465,83.19240061196058
2023-10-06,S001-P0001,Electronics,80,186,61.29,66.465,93.67967880158407
2023-10-07,S001-P0001,Electronics,58,289,56.62,66.465,40.01028870337348
2023-10-08,S001-P0001,Electronics,23,239,51.89,66.465,50.49517514310605
2023-10-09,S001-P0001,Electronics,44,220,50.11,66.465,79.41971718899173
2023-10-10,S001-P0001,Electronics,43,178,56.24,66.465,40.18104272452397
2023-10-11,S001-P0001,Electronics,82,126,68.63,66.465,61.29587863260903
2023-10-12,S001-P0001,Electronics,49,132,45.63,66.465,68.7715140088859
2023-10-13,S001-P0001,Electronics,38,279,55.13,66.465,39.91641163591802
2023-10-14,S001-P0001,Electronics,34,245,54.3,66.465,40.05536219466007
2023-10-15,S001-P0001,Electronics,28,220,52.8,66.465,40.28552936287024
2023-10-16,S001-P0001,Electronics,46,196,63.18,66.465,40.24582798107735
2023-10-17,S001-P0001,Electronics,66,168,61.48,66.465,90.2921464357624
2023-10-18,S001-P0001,Electronics,20,126,48.5,66.465,40.12040306557498
2023-10-19,S001-P0001,Electronics,53,229,46.32,66.465,90.19130468890467
2023-10-20,S001-P0001,Electronics,77,167,60.71,66.465,90.05875688959726
2023-10-21,S001-P0001,Electronics,36,78,51.79,66.465,61.52748243716336
2023-10-22,S001-P0001,Electronics,47,214,57.28,66.465,50.68431359640644
2023-10-23,S001-P0001,Electronics,101,171,61.6,66.465,79.6064045745197
2023-10-24,S001-P0001,Electronics,53,62,61.7,66.465,40.27550092704326
2023-10-25,S001-P0001,Electronics,152,182,76.92,66.465,122.72496045553194
2023-10-26,S001-P0001,Electronics,106,68,55.83,66.465,122.77988745118705
2023-10-27,S001-P0001,Electronics,143,288,78.95,66.465,104.91935919785084
2023-10-28,S001-P0001,Electronics,114,143,80.26,66.465,104.9658671751145
2023-10-29,S001-P0001,Electronics,162,285,87.76,66.465,105.19326325678512
2023-10-30,S001-P0001,Electronics,109,181,75.22,66.465,83.87992038095595
2023-10-31,S001-P0001,Electronics,66,393,68.12,66.465,83.7991129540718
2023-11-01,S001-P0001,Electronics,99,346,54.56,66.465,112.56352668984786
2023-11-02,S001-P0001,Electronics,128,245,83.79,66.465,104.8149100754395
2023-11-03,S001-P0001,Electronics,137,102,65.53,66.465,112.42648271018635
2023-11-04,S001-P0001,Electronics,120,269,73.56,66.465,83.74758344504787
2023-11-05,S001-P0001,Electronics,105,444,70.31,66.465,83.91850710135424
2023-11-06,S001-P0001,Electronics,97,354,76.05,66.465,83.87433139863509
2023-11-07,S001-P0001,Electronics,99,255,65.04,66.465,112.64528586556673
2023-11-08,S001-P0001,Electronics,144,187,71.06,66.465,133.84404646533096
2023-11-09,S001-P0001,Electronics,117,259,81.04,66.465,83.5520786789051
2023-11-10,S001-P0001,Electronics,77,450,70.95,66.465,83.57930643659884
2023-11-11,S001-P0001,Electronics,91,394,74.61,66.465,83.73213590512998
2023-11-12,S001-P0001,Electronics,95,308,64.26,66.465,112.75472852251698
2023-11-13,S001-P0001,Electronics,35,227,45.27,66.465,123.29143247192093
2023-11-14,S001-P0001,Electronics,122,196,74.19,66.465,83.99041727477612
2023-11-15,S001-P0001,Electronics,90,99,63.41,66.465,83.79193737318653
2023-11-16,S001-P0001,Electronics,164,276,66.28,66.465,122.92885203385407
2023-11-17,S001-P0001,Electronics,102,90,69.56,66.465,83.70261592795777
2023-11-18,S001-P0001,Electronics,106,269,62.72,66.465,112.65217979350359
2023-11-19,S001-P0001,Electronics,127,199,79.47,66.465,105.27173172739556
2023-11-20,S001-P0001,Electronics,132,314,72.66,66.465,112.8065011009273
2023-11-21,S001-P0001,Electronics,56,192,56.23,66.465,105.35706846656451
2023-11-22,S001-P0001,Electronics,100,430,65.68,66.465,94.22920018236002
2023-11-23,S001-P0001,Electronics,71,324,66.1,66.465,83.69443177779456
2023-11-24,S001-P0001,Electronics,56,244,62.5,66.465,94.02634032121426
2023-11-25,S001-P0001,Electronics,107,210,78.53,66.465,83.7771814396435
2023-11-26,S001-P0001,Electronics,148,94,71.06,66.465,134.21132872287768
2023-11-27,S001-P0001,Electronics,88,196,73.78,66.465,105.36292503319852
2023-11-28,S001-P0001,Electronics,139,347,82.38,66.465,83.94911310819768
2023-11-29,S001-P0001,Electronics,148,240,89.0,66.465,105.1072834092326
2023-11-30,S001-P0001,Electronics,99,443,72.7,66.465,94.02630907977469
2023-12-01,S001-P0001,Electronics,109,326,79.16,66.465,107.61823851591835
2023-12-02,S001-P0001,Electronics,160,202,74.29,66.465,125.65633731699182
2023-12-03,S001-P0001,Electronics,119,43,73.4,66.465,97.07590563960095
2023-12-04,S001-P0001,Electronics,73,275,59.94,66.465,125.82267823065186
2023-12-05,S001-P0001,Electronics,24,407,54.67,66.465,96.93391520542798
2023-12-06,S001-P0001,Electronics,142,385,74.73,66.465,107.8364441868265
2023-12-07,S001-P0001,Electronics,131,264,84.62,66.465,96.64376492620059
2023-12-08,S001-P0001,Electronics,147,165,79.68,66.465,125.4617848773546
2023-12-09,S001-P0001,Electronics,99,237,65.53,66.465,86.51968163559664
2023-12-10,S001-P0001,Electronics,127,129,62.63,66.465,115.53440786926143
2023-12-11,S001-P0001,Electronics,67,199,65.11,66.465,86.6271197376893
2023-12-12,S001-P0001,Electronics,161,422,78.41,66.465,136.74889635385188
2023-12-13,S001-P0001,Electronics,40,279,52.83,66.465,107.8335997196794
2023-12-14,S001-P0001,Electronics,75,232,63.56,66.465,107.65608889755188
2023-12-15,S001-P0001,Electronics,69,151,58.53,66.465,115.11153656891395
2023-12-16,S001-P0001,Electronics,70,267,59.21,66.465,96.90893271167488
2023-12-17,S001-P0001,Electronics,36,220,57.75,66.465,96.95851874692887
2023-12-18,S001-P0001,Electronics,109,194,71.38,66.465,97.06716464554513
2023-12-19,S001-P0001,Electronics,118,67,69.63,66.465,107.99014552424521
2023-12-20,S001-P0001,Electronics,104,235,74.02,66.465,86.40120649140988
2023-12-21,S001-P0001,Electronics,136,412,73.32,66.465,107.69191073717361
2023-12-22,S001-P0001,Electronics,64,255,67.67,66.465,107.5976234458322
2023-12-23,S001-P0001,Electronics,89,184,70.41,66.465,86.43289111884692
2023-12-24,S001-P0001,Electronics,147,112,66.4,66.465,136.85898587850113
2023-12-25,S001-P0001,Electronics,72,206,55.88,66.465,115.49542613658153
2023-12-26,S001-P0001,Electronics,132,422,60.45,66.465,115.45407363771778
2023-12-27,S001-P0001,Electronics,51,303,51.49,66.465,71.75764496231878
2023-12-28,S001-P0001,Electronics,73,261,63.06,66.465,64.13811766484902
2023-12-29,S001-P0001,Electronics,90,183,70.67,66.465,64.09672388944607
2023-12-30,S001-P0001,Electronics,54,104,61.96,66.465,42.93005505519284
2023-12-31,S001-P0001,Electronics,60,259,63.43,66.465,53.48359008364549
2024-01-01,S001-P0001,Electronics,62,216,63.94,66.465,53.95653404239183
2024-01-02,S001-P0001,Electronics,31,150,56.35,66.465,53.858372802553525
2024-01-03,S001-P0001,Electronics,52,230,54.9,66.465,82.4794901501809
2024-01-04,S001-P0001,Electronics,47,173,50.78,66.465,72.00756988307026
2024-01-05,S001-P0001,Electronics,71,127,59.46,66.465,64.58103745066347
2024-01-06,S001-P0001,Electronics,52,186,46.04,66.465,82.60923401583459
2024-01-07,S001-P0001,Electronics,71,297,66.0,66.465,43.40138932736197
2024-01-08,S001-P0001,Electronics,28,224,46.91,66.465,82.75587586616872
2024-01-09,S001-P0001,Electronics,75,192,66.86,66.465,86.81552423252776
2024-01-10,S001-P0001,Electronics,98,117,65.22,66.465,86.74594599738606
2024-01-11,S001-P0001,Electronics,141,198,65.28,66.465,115.46903883737644
2024-01-12,S001-P0001,Electronics,83,227,68.78,66.465,96.96871938146506
2024-01-13,S001-P0001,Electronics,111,466,64.28,66.465,136.86506468293186
2024-01-14,S001-P0001,Electronics,74,337,63.17,66.465,86.91251167897934
2024-01-15,S001-P0001,Electronics,114,254,68.71,66.465,97.35703181352173
2024-01-16,S001-P0001,Electronics,31,164,53.71,66.465,86.8023763964867
2024-01-17,S001-P0001,Electronics,88,394,63.1,66.465,97.0744897806616
2024-01-18,S001-P0001,Electronics,86,327,69.59,66.465,107.85003567456721
2024-01-19,S001-P0001,Electronics,90,273,55.71,66.465,115.40592990838658
2024-01-20,S001-P0001,Electronics,141,196,78.34,66.465,108.04684142314481
2024-01-21,S001-P0001,Electronics,109,218,60.17,66.465,126.0332540099181
2024-01-22,S001-P0001,Electronics,218,372,90.63,66.465,136.98556544333576
2024-01-23,S001-P0001,Electronics,68,135,68.85,66.465,86.6684356769932
2024-01-24,S001-P0001,Electronics,98,441,58.06,66.465,125.79248622790493
2024-01-25,S001-P0001,Electronics,137,325,77.43,66.465,107.82280446836731
2024-01-26,S001-P0001,Electronics,72,237,69.69,66.465,96.75747729562498
2024-01-27,S001-P0001,Electronics,99,471,72.78,66.465,86.49167249166462
2024-01-28,S001-P0001,Electronics,139,371,82.25,66.465,97.03863395484048
2024-01-29,S001-P0001,Electronics,112,259,79.88,66.465,97.08205265136716
2024-01-30,S001-P0001,Electronics,111,383,71.56,66.465,86.68904931794813
2023-10-03,S001-P0002,Clothing,64,104,49.65,66.89500000000001,136.60629169050299
2023-10-04,S001-P0002,Clothing,242,92,86.92,66.89500000000001,136.4512864791731
2023-10-05,S001-P0002,Clothing,185,256,66.94,66.89500000000001,126.05681330773916
2023-10-06,S001-P0002,Clothing,97,82,65.62,66.89500000000001,107.52613583889041
2023-10-07,S001-P0002,Clothing,67,86,59.19,66.89500000000001,53.91158607149891
2023-10-08,S001-P0002,Clothing,191,99,81.63,66.89500000000001,93.19506684642738
2023-10-09,S001-P0002,Clothing,128,194,72.45,66.89500000000001,64.52242022192124
2023-10-10,S001-P0002,Clothing,161,180,79.66,66.89500000000001,54.027499761830306
2023-10-11,S001-P0002,Clothing,110,259,72.12,66.89500000000001,75.19717600073444
2023-10-12,S001-P0002,Clothing,141,174,75.24,66.89500000000001,53.819376710996316
2023-10-13,S001-P0002,Clothing,95,149,65.21,66.89500000000001,53.762868673224354
2023-10-14,S001-P0002,Clothing,184,200,80.23,66.89500000000001,82.75525389798139
2023-10-15,S001-P0002,Clothing,114,279,69.35,66.89500000000001,54.13198640017658
2023-10-16,S001-P0002,Clothing,54,156,59.31,66.89500000000001,54.20196568002185
2023-10-17,S001-P0002,Clothing,80,98,52.62,66.89500000000001,104.30312446552598
2023-10-18,S001-P0002,Clothing,156,141,66.15,66.89500000000001,82.87513509971541
2023-10-19,S001-P0002,Clothing,43,197,56.77,66.89500000000001,75.184327060196
2023-10-20,S001-P0002,Clothing,154,164,78.06,66.89500000000001,75.21630025334585
2023-10-21,S001-P0002,Clothing,90,198,60.7,66.89500000000001,75.48362013610786
2023-10-22,S001-P0002,Clothing,106,138,67.62,66.89500000000001,64.58561096453185
2023-10-23,S001-P0002,Clothing,153,124,61.49,66.89500000000001,93.61738260428329
2023-10-24,S001-P0002,Clothing,89,184,63.95,66.89500000000001,54.17679829516867
2023-10-25,S001-P0002,Clothing,185,123,80.28,66.89500000000001,136.68109815447644
2023-10-26,S001-P0002,Clothing,144,201,56.96,66.89500000000001,136.73602515013155
2023-10-27,S001-P0002,Clothing,66,191,55.89,66.89500000000001,118.87549689679534
2023-10-28,S001-P0002,Clothing,192,123,82.05,66.89500000000001,118.97684520487809
2023-10-29,S001-P0002,Clothing,92,181,68.08,66.89500000000001,119.09456062491053
2023-10-30,S001-P0002,Clothing,91,85,60.99,66.89500000000001,97.9457387415386
2023-10-31,S001-P0002,Clothing,61,81,52.09,66.89500000000001,97.86493131465446
2023-11-01,S001-P0002,Clothing,87,75,63.54,66.89500000000001,97.55654906113924
2023-11-02,S001-P0002,Clothing,61,99,60.86,66.89500000000001,118.771047774384
2023-11-03,S001-P0002,Clothing,95,116,55.51,66.89500000000001,126.32778007831178
2023-11-04,S001-P0002,Clothing,85,122,66.39,66.89500000000001,97.59404048235422
2023-11-05,S001-P0002,Clothing,94,168,65.12,66.89500000000001,97.81980446947966
2023-11-06,S001-P0002,Clothing,97,64,69.14,66.89500000000001,97.8304690975796
2023-11-07,S001-P0002,Clothing,153,114,58.47,66.89500000000001,126.71110422614939
2023-11-08,S001-P0002,Clothing,19,140,46.11,66.89500000000001,147.74534383345636
2023-11-09,S001-P0002,Clothing,99,120,66.07,66.89500000000001,97.56305670866871
2023-11-10,S001-P0002,Clothing,111,122,65.08,66.89500000000001,126.33403847073924
2023-11-11,S001-P0002,Clothing,115,108,55.64,66.89500000000001,126.59654860090856
2023-11-12,S001-P0002,Clothing,157,103,70.87,66.89500000000001,126.65602589064238
2023-11-13,S001-P0002,Clothing,147,184,76.66,66.89500000000001,108.33929517403138
2023-11-14,S001-P0002,Clothing,113,267,69.18,66.89500000000001,97.83687431208244
2023-11-15,S001-P0002,Clothing,104,158,52.99,66.89500000000001,126.601509738146
2023-11-16,S001-P0002,Clothing,66,137,59.0,66.89500000000001,107.9767147359645
2023-11-17,S001-P0002,Clothing,139,92,74.88,66.89500000000001,97.54907296526409
2023-11-18,S001-P0002,Clothing,119,115,59.33,66.89500000000001,126.6083174924481
2023-11-19,S001-P0002,Clothing,92,151,64.59,66.89500000000001,119.28270975715915
2023-11-20,S001-P0002,Clothing,21,166,38.87,66.89500000000001,126.92715979232906
2023-11-21,S001-P0002,Clothing,180,149,79.31,66.89500000000001,119.31320616550902
2023-11-22,S001-P0002,Clothing,116,204,73.55,66.89500000000001,108.07565721966635
2023-11-23,S001-P0002,Clothing,54,71,59.28,66.89500000000001,97.59572914591999
2023-11-24,S001-P0002,Clothing,68,79,53.34,66.89500000000001,108.09215868179693
2023-11-25,S001-P0002,Clothing,75,100,57.6,66.89500000000001,126.5319134737839
2023-11-26,S001-P0002,Clothing,131,102,77.0,66.89500000000001,119.25919142498812
2023-11-27,S001-P0002,Clothing,121,131,70.87,66.89500000000001,119.37390306296211
2023-11-28,S001-P0002,Clothing,58,153,54.34,66.89500000000001,97.96009113796126
2023-11-29,S001-P0002,Clothing,62,87,55.26,66.89500000000001,119.11826143899619
2023-11-30,S001-P0002,Clothing,165,107,80.57,66.89500000000001,107.9824467787192
2023-12-01,S001-P0002,Clothing,156,189,58.96,66.89500000000001,150.53749154251602
2023-12-02,S001-P0002,Clothing,83,276,59.27,66.89500000000001,110.86872101155951
2023-12-03,S001-P0002,Clothing,78,213,58.57,66.89500000000001,110.97720300772637
2023-12-04,S001-P0002,Clothing,191,142,81.66,66.89500000000001,139.77881592959636
2023-12-05,S001-P0002,Clothing,127,161,72.28,66.89500000000001,110.94489323519157
2023-12-06,S001-P0002,Clothing,114,178,69.37,66.89500000000001,121.73774155495192
2023-12-07,S001-P0002,Clothing,154,161,74.11,66.89500000000001,110.65474295596418
2023-12-08,S001-P0002,Clothing,129,164,72.69,66.89500000000001,110.67416857192228
2023-12-09,S001-P0002,Clothing,95,190,61.96,66.89500000000001,100.42097900372207
2023-12-10,S001-P0002,Clothing,143,81,71.91,66.89500000000001,100.58227057137182
2023-12-11,S001-P0002,Clothing,43,166,56.75,66.89500000000001,100.5832574366338
2023-12-12,S001-P0002,Clothing,130,125,69.05,66.89500000000001,150.65019372197727
2023-12-13,S001-P0002,Clothing,177,152,78.71,66.89500000000001,121.7897374186239
2023-12-14,S001-P0002,Clothing,111,158,65.27,66.89500000000001,121.61222659649638
2023-12-15,S001-P0002,Clothing,188,175,85.49,66.89500000000001,100.21423960184342
2023-12-16,S001-P0002,Clothing,66,193,62.11,66.89500000000001,110.75538974898122
2023-12-17,S001-P0002,Clothing,107,129,67.87,66.89500000000001,110.96949677669247
2023-12-18,S001-P0002,Clothing,170,151,81.66,66.89500000000001,110.96846201367055
2023-12-19,S001-P0002,Clothing,133,213,77.44,66.89500000000001,121.83660256155154
2023-12-20,S001-P0002,Clothing,206,68,79.92,66.89500000000001,129.15593852555028
2023-12-21,S001-P0002,Clothing,184,213,80.27,66.89500000000001,150.33696210967585
2023-12-22,S001-P0002,Clothing,148,239,68.75,66.89500000000001,150.4071958107917
2023-12-23,S001-P0002,Clothing,131,100,62.11,66.89500000000001,129.18762315298733
2023-12-24,S001-P0002,Clothing,127,132,61.43,66.89500000000001,150.70544291580748
2023-12-25,S001-P0002,Clothing,64,113,61.52,66.89500000000001,100.54328883869195
2023-12-26,S001-P0002,Clothing,154,106,74.03,66.89500000000001,100.55677667064725
2023-12-27,S001-P0002,Clothing,96,170,51.68,66.89500000000001,85.76862299208236
2023-12-28,S001-P0002,Clothing,150,78,61.74,66.89500000000001,106.94769002980851
2023-12-29,S001-P0002,Clothing,253,177,99.66,66.89500000000001,78.10770191920966
2023-12-30,S001-P0002,Clothing,97,210,62.13,66.89500000000001,56.941033084956416
2023-12-31,S001-P0002,Clothing,141,121,75.21,66.89500000000001,67.43972778258998
2024-01-01,S001-P0002,Clothing,105,149,57.3,66.89500000000001,96.71126607653223
2024-01-02,S001-P0002,Clothing,172,145,77.85,66.89500000000001,67.81451050149802
2024-01-03,S001-P0002,Clothing,156,203,70.58,66.89500000000001,96.38078751830632
2024-01-04,S001-P0002,Clothing,115,165,66.2,66.89500000000001,57.11027291599977
2024-01-05,S001-P0002,Clothing,62,156,55.01,66.89500000000001,78.53717514960798
2024-01-06,S001-P0002,Clothing,157,110,74.57,66.89500000000001,67.71193704876409
2024-01-07,S001-P0002,Clothing,132,157,62.39,66.89500000000001,86.21096169232146
2024-01-08,S001-P0002,Clothing,172,131,77.67,66.89500000000001,67.9134192299173
2024-01-09,S001-P0002,Clothing,73,158,54.47,66.89500000000001,100.88134259311042
2024-01-10,S001-P0002,Clothing,147,86,76.49,66.89500000000001,100.59240303469241
2024-01-11,S001-P0002,Clothing,111,147,65.25,66.89500000000001,100.51690153948687
2024-01-12,S001-P0002,Clothing,131,169,73.1,66.89500000000001,110.92485708040957
2024-01-13,S001-P0002,Clothing,103,191,70.62,66.89500000000001,121.9677677158614
2024-01-14,S001-P0002,Clothing,119,102,67.02,66.89500000000001,100.81380904710477
2024-01-15,S001-P0002,Clothing,123,111,56.35,66.89500000000001,140.1666041784812
2024-01-16,S001-P0002,Clothing,153,104,65.64,66.89500000000001,129.6119487614462
2024-01-17,S001-P0002,Clothing,115,179,65.95,66.89500000000001,111.0306274796061
2024-01-18,S001-P0002,Clothing,134,200,73.82,66.89500000000001,121.75133304269262
2024-01-19,S001-P0002,Clothing,39,187,50.26,66.89500000000001,100.50863294131608
2024-01-20,S001-P0002,Clothing,120,145,60.02,66.89500000000001,150.74673312646613
2024-01-21,S001-P0002,Clothing,121,145,70.84,66.89500000000001,111.13595704284761
2024-01-22,S001-P0002,Clothing,147,198,76.48,66.89500000000001,122.14310880708437
2024-01-23,S001-P0002,Clothing,71,226,56.87,66.89500000000001,100.73425403757588
2024-01-24,S001-P0002,Clothing,150,142,65.73,66.89500000000001,139.69378359603036
2024-01-25,S001-P0002,Clothing,91,164,48.2,66.89500000000001,150.6323768333268
2024-01-26,S001-P0002,Clothing,144,67,71.85,66.89500000000001,139.5122093297654
2024-01-27,S001-P0002,Clothing,125,156,56.71,66.89500000000001,129.41092551826227
2024-01-28,S001-P0002,Clothing,114,210,73.11,66.89500000000001,110.99477165378498
2024-01-29,S001-P0002,Clothing,64,111,61.6,66.89500000000001,111.03819035031167
2024-01-30,S001-P0002,Clothing,119,136,70.55,66.89500000000001,100.53550635525448
2023-10-03,S001-P0003,Clothing,86,101,56.17,55.055,107.75285702448795
2023-10-04,S001-P0003,Clothing,99,399,55.75,55.055,107.65269214397719
2023-10-05,S001-P0003,Clothing,148,298,55.02,55.055,125.94713264610101
2023-10-06,S001-P0003,Clothing,174,889,65.82,55.055,136.3247301740863
2023-10-07,S001-P0003,Clothing,67,734,47.35,55.055,53.91158607149891
2023-10-08,S001-P0003,Clothing,114,662,58.43,55.055,64.45131284205056
2023-10-09,S001-P0003,Clothing,87,577,48.14,55.055,93.26617422629806
2023-10-10,S001-P0003,Clothing,145,513,67.48,55.055,54.027499761830306
2023-10-11,S001-P0003,Clothing,191,397,65.37,55.055,103.99577033593036
2023-10-12,S001-P0003,Clothing,76,242,54.17,55.055,53.764536380177226
2023-10-13,S001-P0003,Clothing,57,175,48.09,55.055,53.817709004043444
2023-10-14,S001-P0003,Clothing,67,784,49.95,55.055,53.95665956278548
2023-10-15,S001-P0003,Clothing,80,726,49.7,55.055,54.18682673099567
2023-10-16,S001-P0003,Clothing,76,663,51.49,55.055,54.20196568002185
2023-10-17,S001-P0003,Clothing,230,591,59.82,55.055,104.41280512716416
2023-10-18,S001-P0003,Clothing,108,320,45.26,55.055,82.92997543053448
2023-10-19,S001-P0003,Clothing,114,227,43.92,55.055,104.14744238784917
2023-10-20,S001-P0003,Clothing,150,101,61.81,55.055,75.27114058416494
2023-10-21,S001-P0003,Clothing,140,818,60.13,55.055,75.42877980528878
2023-10-22,S001-P0003,Clothing,105,681,56.78,55.055,64.58561096453185
2023-10-23,S001-P0003,Clothing,167,557,57.45,55.055,93.5625422734642
2023-10-24,S001-P0003,Clothing,80,374,55.02,55.055,54.17679829516867
2023-10-25,S001-P0003,Clothing,150,295,58.29,55.055,136.73593848529555
2023-10-26,S001-P0003,Clothing,87,140,56.38,55.055,107.77290982247838
2023-10-27,S001-P0003,Clothing,82,741,52.59,55.055,118.76581623515717
2023-10-28,S001-P0003,Clothing,131,686,61.65,55.055,118.97684520487809
2023-10-29,S001-P0003,Clothing,174,591,65.98,55.055,119.14940095572962
2023-10-30,S001-P0003,Clothing,86,455,53.36,55.055,97.83605807990045
2023-10-31,S001-P0003,Clothing,106,387,54.17,55.055,97.81009098383538
2023-11-01,S001-P0003,Clothing,119,285,53.39,55.055,97.66622972277742
2023-11-02,S001-P0003,Clothing,113,875,61.4,55.055,118.771047774384
2023-11-03,S001-P0003,Clothing,70,746,45.31,55.055,97.58402607393492
2023-11-04,S001-P0003,Clothing,86,667,50.75,55.055,97.64888081317329
2023-11-05,S001-P0003,Clothing,102,595,53.49,55.055,97.81980446947966
2023-11-06,S001-P0003,Clothing,140,495,56.55,55.055,126.6839037635946
2023-11-07,S001-P0003,Clothing,105,409,53.85,55.055,97.85766956013438
2023-11-08,S001-P0003,Clothing,214,289,72.73,55.055,147.74534383345636
2023-11-09,S001-P0003,Clothing,96,49,52.35,55.055,97.61789703948779
2023-11-10,S001-P0003,Clothing,115,569,61.71,55.055,97.53544413554334
2023-11-11,S001-P0003,Clothing,128,437,54.56,55.055,126.54170827008949
2023-11-12,S001-P0003,Clothing,138,1242,49.68,55.055,126.82054688309964
2023-11-13,S001-P0003,Clothing,159,1092,63.29,55.055,108.39413550485045
2023-11-14,S001-P0003,Clothing,130,907,48.45,55.055,126.7999896397356
2023-11-15,S001-P0003,Clothing,149,816,58.45,55.055,126.43698874568875
2023-11-16,S001-P0003,Clothing,120,716,59.53,55.055,107.9767147359645
2023-11-17,S001-P0003,Clothing,107,576,51.44,55.055,97.65875362690227
2023-11-18,S001-P0003,Clothing,154,484,62.41,55.055,126.49863683080991
2023-11-19,S001-P0003,Clothing,130,318,52.15,55.055,148.08130409235505
2023-11-20,S001-P0003,Clothing,125,221,60.56,55.055,97.96404446467594
2023-11-21,S001-P0003,Clothing,107,82,54.17,55.055,119.31320616550902
2023-11-22,S001-P0003,Clothing,139,656,63.13,55.055,108.13049755048544
2023-11-23,S001-P0003,Clothing,125,507,57.24,55.055,126.39432348111589
2023-11-24,S001-P0003,Clothing,102,368,53.41,55.055,108.03731835097786
2023-11-25,S001-P0003,Clothing,90,275,48.7,55.055,97.84299980022618
2023-11-26,S001-P0003,Clothing,178,179,63.13,55.055,119.36887208662628
2023-11-27,S001-P0003,Clothing,144,524,50.59,55.055,148.28217805979617
2023-11-28,S001-P0003,Clothing,41,382,40.57,55.055,98.01493146878033
2023-11-29,S001-P0003,Clothing,103,341,53.58,55.055,119.17310176981526
2023-11-30,S001-P0003,Clothing,135,1032,56.13,55.055,108.09212744035736
2023-12-01,S001-P0003,Clothing,227,888,63.42,55.055,150.48265121169695
2023-12-02,S001-P0003,Clothing,209,704,67.89,55.055,139.61247501593633
2023-12-03,S001-P0003,Clothing,181,561,74.56,55.055,110.92236267690728
2023-12-04,S001-P0003,Clothing,134,390,65.38,55.055,110.98022159440046
2023-12-05,S001-P0003,Clothing,133,1069,55.85,55.055,110.99973356601065
2023-12-06,S001-P0003,Clothing,183,941,56.96,55.055,150.59117622096687
2023-12-07,S001-P0003,Clothing,123,722,60.14,55.055,110.59990262514509
2023-12-08,S001-P0003,Clothing,92,629,51.71,55.055,110.67416857192228
2023-12-09,S001-P0003,Clothing,162,534,57.15,55.055,129.21957333891797
2023-12-10,S001-P0003,Clothing,201,408,55.83,55.055,129.49054556820593
2023-12-11,S001-P0003,Clothing,203,195,67.3,55.055,100.69293809827195
2023-12-12,S001-P0003,Clothing,181,31,55.9,55.055,150.81471471443453
2023-12-13,S001-P0003,Clothing,130,586,61.44,55.055,121.68005675698573
2023-12-14,S001-P0003,Clothing,133,434,65.25,55.055,121.5573862656773
2023-12-15,S001-P0003,Clothing,71,1195,48.04,55.055,100.26907993266252
2023-12-16,S001-P0003,Clothing,187,1147,61.06,55.055,139.6088244149962
2023-12-17,S001-P0003,Clothing,114,957,55.46,55.055,111.02433710751154
2023-12-18,S001-P0003,Clothing,176,866,55.19,55.055,139.9315773413237
2023-12-19,S001-P0003,Clothing,129,706,58.01,55.055,150.63519689674743
2023-12-20,S001-P0003,Clothing,179,588,66.9,55.055,100.35734419035438
2023-12-21,S001-P0003,Clothing,192,467,65.56,55.055,121.64804843611812
2023-12-22,S001-P0003,Clothing,162,328,67.27,55.055,121.60860147559579
2023-12-23,S001-P0003,Clothing,134,183,59.04,55.055,100.38902881779143
2023-12-24,S001-P0003,Clothing,135,903,59.02,55.055,121.96168891143066
2023-12-25,S001-P0003,Clothing,100,809,55.92,55.055,100.59812916951103
2023-12-26,S001-P0003,Clothing,91,701,48.83,55.055,100.55677667064725
2023-12-27,S001-P0003,Clothing,128,646,51.4,55.055,85.71378266126328
2023-12-28,S001-P0003,Clothing,183,554,67.36,55.055,78.1490956946126
2023-12-29,S001-P0003,Clothing,153,346,62.13,55.055,78.16254225002874
2023-12-30,S001-P0003,Clothing,80,233,49.5,55.055,56.941033084956416
2023-12-31,S001-P0003,Clothing,4,183,40.36,55.055,67.3848874517709
2024-01-01,S001-P0003,Clothing,104,914,59.56,55.055,67.85783141051724
2024-01-02,S001-P0003,Clothing,126,792,54.56,55.055,67.8693508323171
2024-01-03,S001-P0003,Clothing,175,646,69.7,55.055,67.6370335139295
2024-01-04,S001-P0003,Clothing,78,499,54.54,55.055,57.05543258518068
2024-01-05,S001-P0003,Clothing,161,438,53.02,55.055,107.39060981562298
2024-01-06,S001-P0003,Clothing,188,314,54.04,55.055,96.56537171477909
2024-01-07,S001-P0003,Clothing,108,948,57.4,55.055,57.35752702630647
2024-01-08,S001-P0003,Clothing,108,830,54.28,55.055,96.60233290347504
2024-01-09,S001-P0003,Clothing,54,757,45.1,55.055,100.82650226229134
2024-01-10,S001-P0003,Clothing,124,725,45.24,55.055,129.55551836234554
2024-01-11,S001-P0003,Clothing,168,598,54.7,55.055,129.37033620550187
2024-01-12,S001-P0003,Clothing,105,466,59.77,55.055,110.87001674959048
2024-01-13,S001-P0003,Clothing,125,356,63.7,55.055,121.9677677158614
2024-01-14,S001-P0003,Clothing,66,247,49.65,55.055,100.81380904710477
2024-01-15,S001-P0003,Clothing,107,827,51.47,55.055,111.31316951246623
2024-01-16,S001-P0003,Clothing,145,759,57.81,55.055,129.50226809980802
2024-01-17,S001-P0003,Clothing,88,643,50.95,55.055,111.0306274796061
2024-01-18,S001-P0003,Clothing,110,574,60.85,55.055,121.75133304269262
2024-01-19,S001-P0003,Clothing,136,480,59.3,55.055,129.19754661487383
2024-01-20,S001-P0003,Clothing,109,354,57.54,55.055,121.94813879127024
2024-01-21,S001-P0003,Clothing,96,287,52.34,55.055,111.13595704284761
2024-01-22,S001-P0003,Clothing,182,207,59.78,55.055,150.99654347309934
2024-01-23,S001-P0003,Clothing,101,574,59.03,55.055,100.6245733759377
2024-01-24,S001-P0003,Clothing,238,514,76.92,55.055,139.63894326521125
2024-01-25,S001-P0003,Clothing,215,343,81.12,55.055,121.66926150567365
2024-01-26,S001-P0003,Clothing,95,949,55.06,55.055,110.76845532538857
2024-01-27,S001-P0003,Clothing,69,874,50.23,55.055,100.44781019060912
2024-01-28,S001-P0003,Clothing,192,809,65.47,55.055,139.7933659889809
2024-01-29,S001-P0003,Clothing,198,656,73.87,55.055,111.09303068113076
2024-01-30,S001-P0003,Clothing,137,434,59.46,55.055,100.64518701689263
2023-10-03,S001-P0004,Electronics,68,61,103.45,100.08500000000001,93.79671932554345
2023-10-04,S001-P0004,Electronics,100,234,104.02,100.08500000000001,122.44030844940949
2023-10-05,S001-P0004,Electronics,44,124,89.55,100.08500000000001,83.13756028114148
2023-10-06,S001-P0004,Electronics,146,233,113.87,100.08500000000001,93.67967880158407
2023-10-07,S001-P0004,Electronics,75,127,95.74,100.08500000000001,68.69920237693123
2023-10-08,S001-P0004,Electronics,90,309,100.7,100.08500000000001,50.55001547392513
2023-10-09,S001-P0004,Electronics,47,240,81.68,100.08500000000001,50.62112285379581
2023-10-10,S001-P0004,Electronics,38,195,87.64,100.08500000000001,40.071362062885804
2023-10-11,S001-P0004,Electronics,72,155,74.82,100.08500000000001,90.20415362944311
2023-10-12,S001-P0004,Electronics,57,104,85.08,100.08500000000001,39.91807934287089
2023-10-13,S001-P0004,Electronics,44,220,76.25,100.08500000000001,68.66016564029485
2023-10-14,S001-P0004,Electronics,50,171,96.57,100.08500000000001,40.00052186384098
2023-10-15,S001-P0004,Electronics,48,123,90.99,100.08500000000001,40.17584870123208
2023-10-16,S001-P0004,Electronics,49,91,91.39,100.08500000000001,40.24582798107735
2023-10-17,S001-P0004,Electronics,69,129,83.14,100.08500000000001,90.40182709740057
2023-10-18,S001-P0004,Electronics,71,48,83.62,100.08500000000001,68.9189974007709
2023-10-19,S001-P0004,Electronics,113,135,97.43,100.08500000000001,90.08162402726649
2023-10-20,S001-P0004,Electronics,99,182,103.67,100.08500000000001,90.05875688959726
2023-10-21,S001-P0004,Electronics,66,328,102.79,100.08500000000001,61.41780177552519
2023-10-22,S001-P0004,Electronics,37,265,82.79,100.08500000000001,50.68431359640644
2023-10-23,S001-P0004,Electronics,45,221,90.02,100.08500000000001,50.69812957768562
2023-10-24,S001-P0004,Electronics,42,170,80.09,100.08500000000001,40.33034125786234
2023-10-25,S001-P0004,Electronics,96,130,102.87,100.08500000000001,93.98120645115515
2023-10-26,S001-P0004,Electronics,62,24,91.14,100.08500000000001,93.92645278517205
2023-10-27,S001-P0004,Electronics,131,176,114.96,100.08500000000001,104.86451886703176
2023-10-28,S001-P0004,Electronics,133,76,102.56,100.08500000000001,133.87414217194856
2023-10-29,S001-P0004,Electronics,90,248,100.59,100.08500000000001,105.24810358760419
2023-10-30,S001-P0004,Electronics,56,190,93.88,100.08500000000001,83.87992038095595
2023-10-31,S001-P0004,Electronics,88,144,105.69,100.08500000000001,83.85395328489088
2023-11-01,S001-P0004,Electronics,114,90,90.79,100.08500000000001,112.56352668984786
2023-11-02,S001-P0004,Electronics,66,174,97.79,100.08500000000001,104.86975040625859
2023-11-03,S001-P0004,Electronics,94,320,102.06,100.08500000000001,83.62788837499042
2023-11-04,S001-P0004,Electronics,104,249,93.62,100.08500000000001,112.54617778024377
2023-11-05,S001-P0004,Electronics,115,139,97.04,100.08500000000001,112.71710143655017
2023-11-06,S001-P0004,Electronics,94,313,102.19,100.08500000000001,83.98401206027327
2023-11-07,S001-P0004,Electronics,92,223,101.48,100.08500000000001,83.90153186118988
2023-11-08,S001-P0004,Electronics,118,167,97.98,100.08500000000001,133.89888679615004
2023-11-09,S001-P0004,Electronics,141,260,112.27,100.08500000000001,83.66175934054328
2023-11-10,S001-P0004,Electronics,88,92,100.09,100.08500000000001,83.68898709823699
2023-11-11,S001-P0004,Electronics,132,292,109.14,100.08500000000001,112.53073024032588
2023-11-12,S001-P0004,Electronics,108,167,107.04,100.08500000000001,83.95613418732108
2023-11-13,S001-P0004,Electronics,112,316,120.3,100.08500000000001,94.32831714426779
2023-11-14,S001-P0004,Electronics,95,184,108.07,100.08500000000001,83.88073661313794
2023-11-15,S001-P0004,Electronics,110,84,119.31,100.08500000000001,83.68225671154835
2023-11-16,S001-P0004,Electronics,48,161,82.13,100.08500000000001,94.07541736783908
2023-11-17,S001-P0004,Electronics,49,335,91.59,100.08500000000001,83.59293526631959
2023-11-18,S001-P0004,Electronics,103,283,99.95,100.08500000000001,112.54249913186541
2023-11-19,S001-P0004,Electronics,212,219,118.76,100.08500000000001,134.2348470550487
2023-11-20,S001-P0004,Electronics,63,59,91.63,100.08500000000001,84.06274709655051
2023-11-21,S001-P0004,Electronics,98,497,98.32,100.08500000000001,105.35706846656451
2023-11-22,S001-P0004,Electronics,109,429,113.18,100.08500000000001,94.11951952072185
2023-11-23,S001-P0004,Electronics,81,331,86.68,100.08500000000001,112.54786644380957
2023-11-24,S001-P0004,Electronics,94,251,85.05,100.08500000000001,122.98945564886742
2023-11-25,S001-P0004,Electronics,84,185,98.88,100.08500000000001,83.8320217704626
2023-11-26,S001-P0004,Electronics,116,121,103.97,100.08500000000001,105.41273438768178
2023-11-27,S001-P0004,Electronics,126,203,112.95,100.08500000000001,105.47260569483669
2023-11-28,S001-P0004,Electronics,98,82,92.82,100.08500000000001,112.80254777421268
2023-11-29,S001-P0004,Electronics,122,243,117.73,100.08500000000001,105.16212374005168
2023-11-30,S001-P0004,Electronics,125,143,112.49,100.08500000000001,94.13598974141286
2023-12-01,S001-P0004,Electronics,90,293,84.02,100.08500000000001,136.58135384357152
2023-12-02,S001-P0004,Electronics,114,235,115.05,100.08500000000001,96.80290265097685
2023-12-03,S001-P0004,Electronics,20,108,76.95,100.08500000000001,97.07590563960095
2023-12-04,S001-P0004,Electronics,82,277,98.33,100.08500000000001,97.07892422627505
2023-12-05,S001-P0004,Electronics,133,225,115.23,100.08500000000001,125.73250954062391
2023-12-06,S001-P0004,Electronics,152,131,102.98,100.08500000000001,136.63503852202237
2023-12-07,S001-P0004,Electronics,87,213,100.11,100.08500000000001,96.69860525701968
2023-12-08,S001-P0004,Electronics,99,432,109.44,100.08500000000001,96.66319054215869
2023-12-09,S001-P0004,Electronics,78,333,101.93,100.08500000000001,86.41000097395846
2023-12-10,S001-P0004,Electronics,93,252,107.4,100.08500000000001,86.57129254160824
2023-12-11,S001-P0004,Electronics,101,172,88.33,100.08500000000001,115.53539473452338
2023-12-12,S001-P0004,Electronics,151,68,121.63,100.08500000000001,136.69405602303277
2023-12-13,S001-P0004,Electronics,90,214,106.25,100.08500000000001,107.72391905804123
2023-12-14,S001-P0004,Electronics,85,468,104.43,100.08500000000001,107.60124856673279
2023-12-15,S001-P0004,Electronics,104,377,105.84,100.08500000000001,86.31294223371802
2023-12-16,S001-P0004,Electronics,109,261,84.82,100.08500000000001,125.76236737768986
2023-12-17,S001-P0004,Electronics,85,187,99.34,100.08500000000001,97.01335907774796
2023-12-18,S001-P0004,Electronics,155,341,136.43,100.08500000000001,97.01232431472604
2023-12-19,S001-P0004,Electronics,110,217,113.45,100.08500000000001,107.88046486260704
2023-12-20,S001-P0004,Electronics,64,458,96.82,100.08500000000001,86.40120649140988
2023-12-21,S001-P0004,Electronics,152,403,122.38,100.08500000000001,107.63707040635454
2023-12-22,S001-P0004,Electronics,99,284,82.23,100.08500000000001,136.56073877348535
2023-12-23,S001-P0004,Electronics,55,171,89.06,100.08500000000001,86.43289111884692
2023-12-24,S001-P0004,Electronics,213,136,120.47,100.08500000000001,136.80414554768205
2023-12-25,S001-P0004,Electronics,119,0,104.93,100.08500000000001,115.38574547494335
2023-12-26,S001-P0004,Electronics,107,472,106.81,100.08500000000001,86.54579864088367
2023-12-27,S001-P0004,Electronics,36,398,91.28,100.08500000000001,42.8493699654847
2023-12-28,S001-P0004,Electronics,63,371,77.38,100.08500000000001,92.99155233086401
2023-12-29,S001-P0004,Electronics,39,305,87.74,100.08500000000001,64.15156422026516
2023-12-30,S001-P0004,Electronics,42,269,80.14,100.08500000000001,42.984895386011914
2023-12-31,S001-P0004,Electronics,48,228,86.21,100.08500000000001,53.538430414464564
2024-01-01,S001-P0004,Electronics,19,190,72.65,100.08500000000001,54.011374373210906
2024-01-02,S001-P0004,Electronics,46,169,81.27,100.08500000000001,53.9132131333726
2024-01-03,S001-P0004,Electronics,38,138,92.32,100.08500000000001,53.62605548416591
2024-01-04,S001-P0004,Electronics,13,106,74.63,100.08500000000001,43.15413521705527
2024-01-05,S001-P0004,Electronics,55,96,88.72,100.08500000000001,64.58103745066347
2024-01-06,S001-P0004,Electronics,19,33,76.51,100.08500000000001,53.75579934981959
2024-01-07,S001-P0004,Electronics,49,145,86.6,100.08500000000001,43.511069989000134
2024-01-08,S001-P0004,Electronics,79,101,86.31,100.08500000000001,82.75587586616872
2024-01-09,S001-P0004,Electronics,105,39,100.39,100.08500000000001,86.92520489416592
2024-01-10,S001-P0004,Electronics,100,145,115.57,100.08500000000001,86.63626533574791
2024-01-11,S001-P0004,Electronics,149,217,101.97,100.08500000000001,115.41419850655737
2024-01-12,S001-P0004,Electronics,140,110,117.73,100.08500000000001,125.71247338584189
2024-01-13,S001-P0004,Electronics,151,259,128.34,100.08500000000001,108.0116300169169
2024-01-14,S001-P0004,Electronics,128,138,113.69,100.08500000000001,115.60142535253709
2024-01-15,S001-P0004,Electronics,89,354,105.91,100.08500000000001,97.30219148270265
2024-01-16,S001-P0004,Electronics,64,251,82.38,100.08500000000001,115.60097073168262
2024-01-17,S001-P0004,Electronics,84,205,109.74,100.08500000000001,96.96480911902343
2024-01-18,S001-P0004,Electronics,157,120,110.84,100.08500000000001,136.6486300097631
2024-01-19,S001-P0004,Electronics,101,200,104.68,100.08500000000001,86.4976549115525
2024-01-20,S001-P0004,Electronics,135,451,116.16,100.08500000000001,136.73575509670252
2024-01-21,S001-P0004,Electronics,162,316,111.33,100.08500000000001,126.0332540099181
2024-01-22,S001-P0004,Electronics,91,154,95.96,100.08500000000001,108.24181143895895
2024-01-23,S001-P0004,Electronics,35,316,91.08,100.08500000000001,86.6684356769932
2024-01-24,S001-P0004,Electronics,126,291,125.56,100.08500000000001,96.88421123107088
2024-01-25,S001-P0004,Electronics,89,203,111.47,100.08500000000001,107.71312380672914
2024-01-26,S001-P0004,Electronics,67,380,73.5,100.08500000000001,125.72059262327815
2024-01-27,S001-P0004,Electronics,114,317,115.1,100.08500000000001,86.49167249166462
2024-01-28,S001-P0004,Electronics,108,214,101.63,100.08500000000001,125.83722829003639
2024-01-29,S001-P0004,Electronics,76,138,91.24,100.08500000000001,97.19173331300533
2024-01-30,S001-P0004,Electronics,84,241,93.82,100.08500000000001,86.68904931794813
2023-10-03,S001-P0005,Groceries,115,606,55.99,58.88,147.15374884320389
2023-10-04,S001-P0005,Groceries,113,519,62.26,58.88,118.2001492966781
2023-10-05,S001-P0005,Groceries,137,410,70.35,58.88,107.6411551327869
2023-10-06,S001-P0005,Groceries,88,256,54.36,58.88,118.18327365322949
2023-10-07,S001-P0005,Groceries,49,163,49.75,58.88,64.45904322419983
2023-10-08,S001-P0005,Groceries,66,589,53.03,58.88,74.94392966393238
2023-10-09,S001-P0005,Groceries,97,546,47.34,58.88,103.92331204063714
2023-10-10,S001-P0005,Groceries,53,476,40.34,58.88,93.4832319113653
2023-10-11,S001-P0005,Groceries,54,428,50.68,58.88,85.79947348425445
2023-10-12,S001-P0005,Groceries,102,386,53.7,58.88,93.16542819889312
2023-10-13,S001-P0005,Groceries,79,318,47.19,58.88,93.16376049194025
2023-10-14,S001-P0005,Groceries,153,251,52.49,58.88,93.46723204313957
2023-10-15,S001-P0005,Groceries,50,159,47.37,58.88,64.73428388369658
2023-10-16,S001-P0005,Groceries,114,446,55.9,58.88,93.60285749873776
2023-10-17,S001-P0005,Groceries,56,363,51.01,58.88,85.9971469522119
2023-10-18,S001-P0005,Groceries,37,964,42.69,58.88,64.62399791722041
2023-10-19,S001-P0005,Groceries,109,935,61.35,58.88,85.73178421289691
2023-10-20,S001-P0005,Groceries,66,854,53.01,58.88,85.76375740604676
2023-10-21,S001-P0005,Groceries,80,794,50.22,58.88,86.03107728880877
2023-10-22,S001-P0005,Groceries,128,709,52.11,58.88,104.04134311406685
2023-10-23,S001-P0005,Groceries,75,621,41.1,58.88,104.16483975698421
2023-10-24,S001-P0005,Groceries,44,541,43.82,58.88,93.52284978306551
2023-10-25,S001-P0005,Groceries,93,501,58.28,58.88,118.48480130280056
2023-10-26,S001-P0005,Groceries,79,403,55.55,58.88,118.37520730599839
2023-10-27,S001-P0005,Groceries,168,313,65.6,58.88,129.42295404949624
2023-10-28,S001-P0005,Groceries,136,207,70.26,58.88,129.4694620267599
2023-10-29,S001-P0005,Groceries,125,73,64.57,58.88,129.69685810843052
2023-10-30,S001-P0005,Groceries,178,350,74.97,58.88,108.38351523260135
2023-10-31,S001-P0005,Groceries,86,1042,53.94,58.88,108.41238846735538
2023-11-01,S001-P0005,Groceries,143,939,54.48,58.88,137.0122812106742
2023-11-02,S001-P0005,Groceries,102,797,60.15,58.88,129.373345257904
2023-11-03,S001-P0005,Groceries,182,700,68.13,58.88,136.82039690019357
2023-11-04,S001-P0005,Groceries,59,578,43.44,58.88,137.04977263188917
2023-11-05,S001-P0005,Groceries,116,518,56.6,58.88,137.1110156265574
2023-11-06,S001-P0005,Groceries,101,381,59.82,58.88,108.37792625028052
2023-11-07,S001-P0005,Groceries,98,1113,56.24,58.88,108.40512671283531
2023-11-08,S001-P0005,Groceries,149,1023,69.2,58.88,129.5490469817805
2023-11-09,S001-P0005,Groceries,83,868,56.37,58.88,108.05567353055054
2023-11-10,S001-P0005,Groceries,139,792,63.68,58.88,108.19258194988242
2023-11-11,S001-P0005,Groceries,93,694,55.3,58.88,108.34541141841356
2023-11-12,S001-P0005,Groceries,135,592,66.45,58.88,108.45972903896649
2023-11-13,S001-P0005,Groceries,180,479,60.33,58.88,147.74018699274725
2023-11-14,S001-P0005,Groceries,185,297,60.32,58.88,137.3474467924365
2023-11-15,S001-P0005,Groceries,81,183,55.93,58.88,108.18585156319378
2023-11-16,S001-P0005,Groceries,116,550,62.71,58.88,118.52417188866542
2023-11-17,S001-P0005,Groceries,54,418,50.76,58.88,108.09653011796502
2023-11-18,S001-P0005,Groceries,57,1181,48.59,58.88,108.3571803099531
2023-11-19,S001-P0005,Groceries,155,1144,62.96,58.88,158.62876124505595
2023-11-20,S001-P0005,Groceries,180,962,71.44,58.88,137.3100959525727
2023-11-21,S001-P0005,Groceries,102,797,63.29,58.88,129.75098265657175
2023-11-22,S001-P0005,Groceries,184,677,80.1,58.88,118.62311437236727
2023-11-23,S001-P0005,Groceries,168,530,65.33,58.88,136.9966209646359
2023-11-24,S001-P0005,Groceries,70,413,53.74,58.88,118.58477550367877
2023-11-25,S001-P0005,Groceries,173,359,62.84,58.88,137.1342109573039
2023-11-26,S001-P0005,Groceries,95,902,61.69,58.88,129.80664857768903
2023-11-27,S001-P0005,Groceries,158,830,67.48,58.88,129.92136021566301
2023-11-28,S001-P0005,Groceries,113,694,62.21,58.88,108.45270795984308
2023-11-29,S001-P0005,Groceries,78,612,52.49,58.88,129.72055892251618
2023-11-30,S001-P0005,Groceries,146,547,72.24,58.88,118.52990393142011
2023-12-01,S001-P0005,Groceries,150,453,59.03,58.88,160.97526803357877
2023-12-02,S001-P0005,Groceries,118,306,56.79,58.88,121.41617816426043
2023-12-03,S001-P0005,Groceries,121,173,60.34,58.88,121.57950049124636
2023-12-04,S001-P0005,Groceries,101,591,59.9,58.88,121.58251907792047
2023-12-05,S001-P0005,Groceries,132,502,49.39,58.88,150.40062538472657
2023-12-06,S001-P0005,Groceries,111,381,58.52,58.88,132.3400390384719
2023-12-07,S001-P0005,Groceries,130,276,62.28,58.88,121.2022001086651
2023-12-08,S001-P0005,Groceries,125,184,64.52,58.88,121.1667853938041
2023-12-09,S001-P0005,Groceries,79,673,58.45,58.88,110.91359582560389
2023-12-10,S001-P0005,Groceries,100,615,53.66,58.88,111.18456805489183
2023-12-11,S001-P0005,Groceries,99,510,56.27,58.88,111.24039525097288
2023-12-12,S001-P0005,Groceries,198,432,63.05,58.88,161.30733153631635
2023-12-13,S001-P0005,Groceries,69,308,50.78,58.88,132.3371945713248
2023-12-14,S001-P0005,Groceries,181,257,59.58,58.88,161.06795874603137
2023-12-15,S001-P0005,Groceries,136,70,50.0,58.88,139.7248120821975
2023-12-16,S001-P0005,Groceries,103,905,45.21,58.88,150.26596222933526
2023-12-17,S001-P0005,Groceries,158,791,67.33,58.88,150.2607079337702
2023-12-18,S001-P0005,Groceries,138,659,67.04,58.88,121.51591916637146
2023-12-19,S001-P0005,Groceries,159,568,63.69,58.88,161.23749438026744
2023-12-20,S001-P0005,Groceries,80,422,52.9,58.88,110.90480134305531
2023-12-21,S001-P0005,Groceries,100,357,62.82,58.88,132.08582492718085
2023-12-22,S001-P0005,Groceries,183,295,68.41,58.88,160.8998126326735
2023-12-23,S001-P0005,Groceries,43,825,43.62,58.88,110.9913263013114
2023-12-24,S001-P0005,Groceries,113,779,62.12,58.88,132.45430573331248
2023-12-25,S001-P0005,Groceries,59,661,54.4,58.88,111.09074599139285
2023-12-26,S001-P0005,Groceries,129,604,62.14,58.88,111.0493934925291
2023-12-27,S001-P0005,Groceries,57,504,48.64,58.88,67.4078051479492
2023-12-28,S001-P0005,Groceries,93,436,55.15,58.88,117.38546652087126
2023-12-29,S001-P0005,Groceries,56,365,48.52,58.88,88.65515907191057
2023-12-30,S001-P0005,Groceries,76,916,55.02,58.88,67.37880957601917
2023-12-31,S001-P0005,Groceries,38,839,45.15,58.88,77.9871849352909
2024-01-01,S001-P0005,Groceries,54,799,53.31,58.88,78.40528856321815
2024-01-02,S001-P0005,Groceries,126,754,57.89,58.88,107.16056198939484
2024-01-03,S001-P0005,Groceries,79,623,41.66,58.88,107.09276566346449
2024-01-04,S001-P0005,Groceries,56,558,53.7,58.88,67.60288973788158
2024-01-05,S001-P0005,Groceries,96,513,55.87,58.88,117.77354597586664
2024-01-06,S001-P0005,Groceries,145,423,64.93,58.88,78.259394201465
2024-01-07,S001-P0005,Groceries,56,249,51.11,58.88,67.90498417900739
2024-01-08,S001-P0005,Groceries,74,205,49.04,58.88,78.46087638261821
2024-01-09,S001-P0005,Groceries,143,135,71.58,58.88,111.31911908417317
2024-01-10,S001-P0005,Groceries,135,576,59.82,58.88,111.24954084903149
2024-01-11,S001-P0005,Groceries,90,428,60.72,58.88,111.00951836136869
2024-01-12,S001-P0005,Groceries,91,351,52.09,58.88,121.52715456392956
2024-01-13,S001-P0005,Groceries,128,291,65.12,58.88,132.5700651993814
2024-01-14,S001-P0005,Groceries,118,755,66.44,58.88,111.3064258689866
2024-01-15,S001-P0005,Groceries,51,638,52.62,58.88,121.75094600352898
2024-01-16,S001-P0005,Groceries,132,590,59.02,58.88,140.10456558332803
2024-01-17,S001-P0005,Groceries,159,432,75.05,58.88,121.46840397066885
2024-01-18,S001-P0005,Groceries,163,265,72.03,58.88,132.29879019539354
2024-01-19,S001-P0005,Groceries,98,129,53.3,58.88,139.74500376757473
2024-01-20,S001-P0005,Groceries,174,495,63.06,58.88,161.29419027916703
2024-01-21,S001-P0005,Groceries,197,345,59.06,58.88,150.59168919238257
2024-01-22,S001-P0005,Groceries,68,736,56.27,58.88,132.63572562896618
2024-01-23,S001-P0005,Groceries,81,687,53.09,58.88,111.2268708594577
2024-01-24,S001-P0005,Groceries,127,602,48.68,58.88,150.3509214103694
2024-01-25,S001-P0005,Groceries,169,1466,73.28,58.88,132.27155898919364
2024-01-26,S001-P0005,Groceries,166,1359,61.21,58.88,150.16934714410448
2024-01-27,S001-P0005,Groceries,183,1208,64.51,58.88,139.84870200932502
2024-01-28,S001-P0005,Groceries,83,1094,53.51,58.88,121.59706913730498
2024-01-29,S001-P0005,Groceries,123,1024,64.26,58.88,121.64048783383167
2024-01-30,S001-P0005,Groceries,29,946,45.82,58.88,111.08296350795538
2023-10-03,S001-P0006,Toys,99,228,43.86,37.775000000000006,89.90236017758608
2023-10-04,S001-P0006,Toys,91,119,36.54,37.775000000000006,118.54594930145211
2023-10-05,S001-P0006,Toys,83,31,37.42,37.775000000000006,79.29804146400319
2023-10-06,S001-P0006,Toys,87,239,42.03,37.775000000000006,89.67563899198854
2023-10-07,S001-P0006,Toys,24,152,32.94,37.775000000000006,36.006248893777936
2023-10-08,S001-P0006,Toys,34,335,30.97,37.775000000000006,46.65565632596775
2023-10-09,S001-P0006,Toys,24,304,31.4,37.775000000000006,46.671923375019354
2023-10-10,S001-P0006,Toys,15,275,26.97,37.775000000000006,65.03043758094341
2023-10-11,S001-P0006,Toys,34,260,31.04,37.775000000000006,86.14527348902847
2023-10-12,S001-P0006,Toys,33,235,29.31,37.775000000000006,36.02372019491351
2023-10-13,S001-P0006,Toys,33,202,30.91,37.775000000000006,36.022052487960636
2023-10-14,S001-P0006,Toys,35,163,25.94,37.775000000000006,65.06927804353677
2023-10-15,S001-P0006,Toys,30,123,30.53,37.775000000000006,36.336329884093786
2023-10-16,S001-P0006,Toys,39,98,28.37,37.775000000000006,65.20490349913496
2023-10-17,S001-P0006,Toys,33,62,30.83,37.775000000000006,57.70887361424727
2023-10-18,S001-P0006,Toys,32,120,26.0,37.775000000000006,65.02463825281352
2023-10-19,S001-P0006,Toys,47,84,27.24,37.775000000000006,86.29694554094728
2023-10-20,S001-P0006,Toys,45,55,34.19,37.775000000000006,57.36580340644396
2023-10-21,S001-P0006,Toys,37,100,33.09,37.775000000000006,57.57828295838689
2023-10-22,S001-P0006,Toys,41,228,25.25,37.775000000000006,75.69822944528315
2023-10-23,S001-P0006,Toys,26,187,28.42,37.775000000000006,75.60236476492415
2023-10-24,S001-P0006,Toys,37,168,29.79,37.775000000000006,36.435982109904955
2023-10-25,S001-P0006,Toys,140,144,42.32,37.775000000000006,118.88544163839367
2023-10-26,S001-P0006,Toys,49,46,34.72,37.775000000000006,89.92241297557649
2023-10-27,S001-P0006,Toys,72,3,34.2,37.775000000000006,101.02500004989345
2023-10-28,S001-P0006,Toys,147,463,43.37,37.775000000000006,101.18118868879527
2023-10-29,S001-P0006,Toys,133,363,46.26,37.775000000000006,101.24406377800864
2023-10-30,S001-P0006,Toys,102,249,42.04,37.775000000000006,79.98556123299856
2023-10-31,S001-P0006,Toys,77,547,36.75,37.775000000000006,79.9595941369335
2023-11-01,S001-P0006,Toys,120,471,44.45,37.775000000000006,79.70605221423736
2023-11-02,S001-P0006,Toys,53,373,31.82,37.775000000000006,101.03023158912028
2023-11-03,S001-P0006,Toys,63,316,34.79,37.775000000000006,79.73352922703305
2023-11-04,S001-P0006,Toys,62,247,38.52,37.775000000000006,79.74354363545233
2023-11-05,S001-P0006,Toys,109,179,38.7,37.775000000000006,80.02414795339686
2023-11-06,S001-P0006,Toys,94,92,40.9,37.775000000000006,80.03481258149681
2023-11-07,S001-P0006,Toys,60,0,38.16,37.775000000000006,79.89749205159434
2023-11-08,S001-P0006,Toys,61,352,34.55,37.775000000000006,101.15109298217769
2023-11-09,S001-P0006,Toys,110,280,36.3,37.775000000000006,108.56599452778184
2023-11-10,S001-P0006,Toys,84,180,31.66,37.775000000000006,108.59322228547555
2023-11-11,S001-P0006,Toys,64,83,38.79,37.775000000000006,79.8377767571726
2023-11-12,S001-P0006,Toys,77,415,28.98,37.775000000000006,108.97005003619776
2023-11-13,S001-P0006,Toys,97,332,39.16,37.775000000000006,119.2325523315063
2023-11-14,S001-P0006,Toys,69,255,37.47,37.775000000000006,79.98637746518057
2023-11-15,S001-P0006,Toys,149,174,43.68,37.775000000000006,108.58649189878686
2023-11-16,S001-P0006,Toys,124,75,47.4,37.775000000000006,90.07137755824354
2023-11-17,S001-P0006,Toys,115,0,36.87,37.775000000000006,108.6068511151963
2023-11-18,S001-P0006,Toys,32,510,29.16,37.775000000000006,108.64813998390802
2023-11-19,S001-P0006,Toys,103,488,42.19,37.775000000000006,101.43221291025726
2023-11-20,S001-P0006,Toys,94,420,38.97,37.775000000000006,80.16838794859314
2023-11-21,S001-P0006,Toys,126,323,42.94,37.775000000000006,101.46270931860712
2023-11-22,S001-P0006,Toys,168,237,40.92,37.775000000000006,119.13343536959854
2023-11-23,S001-P0006,Toys,66,47,39.01,37.775000000000006,79.7452322990181
2023-11-24,S001-P0006,Toys,96,401,39.09,37.775000000000006,90.24166183489504
2023-11-25,S001-P0006,Toys,52,335,35.19,37.775000000000006,79.88282229168613
2023-11-26,S001-P0006,Toys,103,300,44.46,37.775000000000006,101.40869457808623
2023-11-27,S001-P0006,Toys,114,227,34.48,37.775000000000006,130.4316812128943
2023-11-28,S001-P0006,Toys,78,136,34.69,37.775000000000006,108.90818862625531
2023-11-29,S001-P0006,Toys,98,392,43.69,37.775000000000006,101.2129242612752
2023-11-30,S001-P0006,Toys,75,288,38.36,37.775000000000006,90.1867902626364
2023-12-01,S001-P0006,Toys,69,224,37.55,37.775000000000006,103.72387936796096
2023-12-02,S001-P0006,Toys,138,167,47.0,37.775000000000006,92.96338383383855
2023-12-03,S001-P0006,Toys,134,18,44.02,37.775000000000006,121.87046016520131
2023-12-04,S001-P0006,Toys,99,209,39.42,37.775000000000006,93.23940540913674
2023-12-05,S001-P0006,Toys,112,577,39.03,37.775000000000006,93.14923671910876
2023-12-06,S001-P0006,Toys,190,471,48.44,37.775000000000006,132.68583904324592
2023-12-07,S001-P0006,Toys,85,271,37.62,37.775000000000006,121.54800011343914
2023-12-08,S001-P0006,Toys,195,218,48.99,37.775000000000006,121.62226606021633
2023-12-09,S001-P0006,Toys,116,685,37.02,37.775000000000006,111.42391682283515
2023-12-10,S001-P0006,Toys,110,595,40.97,37.775000000000006,82.73177372446995
2023-12-11,S001-P0006,Toys,88,495,36.14,37.775000000000006,82.84244125137008
2023-12-12,S001-P0006,Toys,151,419,36.53,37.775000000000006,132.96421786753265
2023-12-13,S001-P0006,Toys,113,322,43.62,37.775000000000006,103.88440024090293
2023-12-14,S001-P0006,Toys,162,248,47.67,37.775000000000006,103.81657008041357
2023-12-15,S001-P0006,Toys,157,583,44.34,37.775000000000006,111.21717742095656
2023-12-16,S001-P0006,Toys,85,402,37.69,37.775000000000006,92.95973323289843
2023-12-17,S001-P0006,Toys,102,320,39.86,37.775000000000006,121.86275393416742
2023-12-18,S001-P0006,Toys,130,242,36.26,37.775000000000006,122.08108049442183
2023-12-19,S001-P0006,Toys,84,118,39.51,37.775000000000006,103.98610571464965
2023-12-20,S001-P0006,Toys,78,274,38.73,37.775000000000006,82.45200701263342
2023-12-21,S001-P0006,Toys,127,204,36.35,37.775000000000006,132.59614592441216
2023-12-22,S001-P0006,Toys,96,61,37.1,37.775000000000006,103.81294495951298
2023-12-23,S001-P0006,Toys,52,269,36.98,37.775000000000006,82.48369164007045
2023-12-24,S001-P0006,Toys,72,208,37.94,37.775000000000006,104.05635173370969
2023-12-25,S001-P0006,Toys,107,149,38.44,37.775000000000006,82.80247265342823
2023-12-26,S001-P0006,Toys,38,82,33.21,37.775000000000006,82.59659916210721
2023-12-27,S001-P0006,Toys,41,218,33.71,37.775000000000006,39.00985114834641
2023-12-28,S001-P0006,Toys,35,535,31.18,37.775000000000006,60.298598847710714
2023-12-29,S001-P0006,Toys,13,498,31.4,37.775000000000006,60.20236474148869
2023-12-30,S001-P0006,Toys,21,487,29.33,37.775000000000006,39.09053623805453
2023-12-31,S001-P0006,Toys,44,467,34.06,37.775000000000006,49.53439060486902
2024-01-01,S001-P0006,Toys,16,424,31.89,37.775000000000006,50.00733456361536
2024-01-02,S001-P0006,Toys,79,406,32.71,37.775000000000006,78.81744832061113
2024-01-03,S001-P0006,Toys,22,315,26.47,37.775000000000006,78.5851310022235
2024-01-04,S001-P0006,Toys,26,289,28.34,37.775000000000006,68.05837040429378
2024-01-05,S001-P0006,Toys,15,264,30.12,37.775000000000006,60.576997641067926
2024-01-06,S001-P0006,Toys,24,248,29.69,37.775000000000006,49.86144020186221
2024-01-07,S001-P0006,Toys,48,220,36.41,37.775000000000006,39.50703017940459
2024-01-08,S001-P0006,Toys,26,186,28.42,37.775000000000006,78.75183605657315
2024-01-09,S001-P0006,Toys,83,164,37.41,37.775000000000006,83.03084574620854
2024-01-10,S001-P0006,Toys,53,92,35.32,37.775000000000006,82.74190618779052
2024-01-11,S001-P0006,Toys,85,42,39.76,37.775000000000006,82.66640469258499
2024-01-12,S001-P0006,Toys,110,240,38.89,37.775000000000006,121.81811423788452
2024-01-13,S001-P0006,Toys,81,170,37.27,37.775000000000006,104.1721111997786
2024-01-14,S001-P0006,Toys,72,376,35.92,37.775000000000006,83.01815253102195
2024-01-15,S001-P0006,Toys,75,303,34.46,37.775000000000006,93.46267266556436
2024-01-16,S001-P0006,Toys,60,230,38.26,37.775000000000006,82.85317691771023
2024-01-17,S001-P0006,Toys,58,173,34.21,37.775000000000006,93.12529030188514
2024-01-18,S001-P0006,Toys,51,113,35.02,37.775000000000006,103.90083619579073
2024-01-19,S001-P0006,Toys,44,71,34.08,37.775000000000006,82.54845543277604
2024-01-20,S001-P0006,Toys,103,168,44.35,37.775000000000006,104.04280161354926
2024-01-21,S001-P0006,Toys,75,73,30.27,37.775000000000006,122.1937351927798
2024-01-22,S001-P0006,Toys,116,17,43.9,37.775000000000006,104.2377716293634
2024-01-23,S001-P0006,Toys,125,255,38.43,37.775000000000006,111.62751119505084
2024-01-24,S001-P0006,Toys,28,128,23.95,37.775000000000006,121.95296741076663
2024-01-25,S001-P0006,Toys,147,376,36.19,37.775000000000006,132.7818799864249
2024-01-26,S001-P0006,Toys,67,225,37.22,37.775000000000006,92.86311814766759
2024-01-27,S001-P0006,Toys,80,165,36.98,37.775000000000006,82.7069940053454
2024-01-28,S001-P0006,Toys,127,613,40.88,37.775000000000006,121.94286914207902
2024-01-29,S001-P0006,Toys,113,506,41.34,37.775000000000006,93.24253383422888
2024-01-30,S001-P0006,Toys,96,436,37.13,37.775000000000006,82.79469016999076
2023-10-03,S001-P0007,Groceries,188,521,32.2,24.380000000000003,118.35515450800796
2023-10-04,S001-P0007,Groceries,68,305,22.39,24.380000000000003,118.14530896585902
2023-10-05,S001-P0007,Groceries,151,229,30.72,24.380000000000003,107.6411551327869
2023-10-06,S001-P0007,Groceries,206,978,25.25,24.380000000000003,147.03670831924447
2023-10-07,S001-P0007,Groceries,109,823,21.91,24.380000000000003,93.25763755939573
2023-10-08,S001-P0007,Groceries,113,712,24.73,24.380000000000003,74.99876999475147
2023-10-09,S001-P0007,Groceries,49,640,19.78,24.380000000000003,75.06987737462215
2023-10-10,S001-P0007,Groceries,63,585,19.78,24.380000000000003,93.37355124972714
2023-10-11,S001-P0007,Groceries,133,545,26.29,24.380000000000003,114.54322748863127
2023-10-12,S001-P0007,Groceries,77,447,21.94,24.380000000000003,64.36683386369722
2023-10-13,S001-P0007,Groceries,117,369,23.72,24.380000000000003,64.42000648756343
2023-10-14,S001-P0007,Groceries,118,271,23.81,24.380000000000003,93.30271105068232
2023-10-15,S001-P0007,Groceries,74,629,21.69,24.380000000000003,64.78912421451565
2023-10-16,S001-P0007,Groceries,80,569,21.01,24.380000000000003,64.85910349436094
2023-10-17,S001-P0007,Groceries,75,519,22.93,24.380000000000003,86.051987283031
2023-10-18,S001-P0007,Groceries,75,436,19.5,24.380000000000003,93.36775192159723
2023-10-19,S001-P0007,Groceries,91,388,24.3,24.380000000000003,85.786624543716
2023-10-20,S001-P0007,Groceries,108,300,24.33,24.380000000000003,85.87343806768493
2023-10-21,S001-P0007,Groceries,92,213,20.7,24.380000000000003,114.7748312931856
2023-10-22,S001-P0007,Groceries,103,137,25.23,24.380000000000003,75.13306811723277
2023-10-23,S001-P0007,Groceries,64,413,22.03,24.380000000000003,75.20172442933104
2023-10-24,S001-P0007,Groceries,88,373,21.63,24.380000000000003,64.83393610950776
2023-10-25,S001-P0007,Groceries,128,314,25.83,24.380000000000003,147.22855530717734
2023-10-26,S001-P0007,Groceries,84,171,23.69,24.380000000000003,118.3203669751793
2023-10-27,S001-P0007,Groceries,94,99,24.53,24.380000000000003,129.36811371867717
2023-10-28,S001-P0007,Groceries,140,410,26.82,24.380000000000003,129.57914268839806
2023-10-29,S001-P0007,Groceries,183,277,30.11,24.380000000000003,129.7516984392496
2023-10-30,S001-P0007,Groceries,89,122,24.09,24.380000000000003,108.43835556342046
2023-10-31,S001-P0007,Groceries,80,21,22.21,24.380000000000003,108.35754813653631
2023-11-01,S001-P0007,Groceries,68,654,22.35,24.380000000000003,108.15884654465924
2023-11-02,S001-P0007,Groceries,177,596,28.16,24.380000000000003,129.42818558872307
2023-11-03,S001-P0007,Groceries,103,446,25.27,24.380000000000003,108.02180256499767
2023-11-04,S001-P0007,Groceries,99,358,22.44,24.380000000000003,108.2511782966933
2023-11-05,S001-P0007,Groceries,203,297,29.91,24.380000000000003,137.1658559573765
2023-11-06,S001-P0007,Groceries,173,851,31.01,24.380000000000003,108.37792625028052
2023-11-07,S001-P0007,Groceries,236,729,34.25,24.380000000000003,137.09404038639303
2023-11-08,S001-P0007,Groceries,204,516,33.52,24.380000000000003,129.5490469817805
2023-11-09,S001-P0007,Groceries,116,310,23.7,24.380000000000003,108.16535419218869
2023-11-10,S001-P0007,Groceries,110,171,27.22,24.380000000000003,108.08290128824424
2023-11-11,S001-P0007,Groceries,114,1152,26.17,24.380000000000003,108.23573075677541
2023-11-12,S001-P0007,Groceries,92,1034,21.92,24.380000000000003,108.51456936978556
2023-11-13,S001-P0007,Groceries,152,961,21.98,24.380000000000003,147.79502732356633
2023-11-14,S001-P0007,Groceries,55,870,21.34,24.380000000000003,108.38433146478337
2023-11-15,S001-P0007,Groceries,77,835,20.8,24.380000000000003,108.29553222483193
2023-11-16,S001-P0007,Groceries,174,762,24.52,24.380000000000003,147.43244688549947
2023-11-17,S001-P0007,Groceries,134,597,24.83,24.380000000000003,136.94996478398002
2023-11-18,S001-P0007,Groceries,139,491,23.75,24.380000000000003,137.155774645149
2023-11-19,S001-P0007,Groceries,145,375,30.22,24.380000000000003,129.77532657904098
2023-11-20,S001-P0007,Groceries,90,1020,22.97,24.380000000000003,108.56634194819594
2023-11-21,S001-P0007,Groceries,96,940,19.47,24.380000000000003,158.7140979842249
2023-11-22,S001-P0007,Groceries,131,837,24.65,24.380000000000003,147.47654903838225
2023-11-23,S001-P0007,Groceries,141,755,21.28,24.380000000000003,137.10630162627405
2023-11-24,S001-P0007,Groceries,140,587,26.9,24.380000000000003,118.58477550367877
2023-11-25,S001-P0007,Groceries,106,432,25.54,24.380000000000003,108.28077629128893
2023-11-26,S001-P0007,Groceries,86,351,21.49,24.380000000000003,158.6052429128849
2023-11-27,S001-P0007,Groceries,80,291,22.12,24.380000000000003,129.9762005464821
2023-11-28,S001-P0007,Groceries,120,784,26.65,24.380000000000003,108.45270795984308
2023-11-29,S001-P0007,Groceries,113,673,23.48,24.380000000000003,129.72055892251618
2023-11-30,S001-P0007,Groceries,89,573,21.66,24.380000000000003,118.63958459305827
2023-12-01,S001-P0007,Groceries,141,514,25.54,24.380000000000003,132.23151402920192
2023-12-02,S001-P0007,Groceries,213,415,27.4,24.380000000000003,150.2147724994563
2023-12-03,S001-P0007,Groceries,129,209,25.98,24.380000000000003,121.57950049124636
2023-12-04,S001-P0007,Groceries,104,66,24.03,24.380000000000003,121.58251907792047
2023-12-05,S001-P0007,Groceries,66,568,20.02,24.380000000000003,121.54719071871156
2023-12-06,S001-P0007,Groceries,138,489,25.15,24.380000000000003,161.0837930428487
2023-12-07,S001-P0007,Groceries,127,366,24.33,24.380000000000003,150.00079444386103
2023-12-08,S001-P0007,Groceries,141,273,28.38,24.380000000000003,121.1667853938041
2023-12-09,S001-P0007,Groceries,113,115,23.49,24.380000000000003,111.02327648724204
2023-12-10,S001-P0007,Groceries,82,601,18.81,24.380000000000003,139.98316239008776
2023-12-11,S001-P0007,Groceries,79,519,17.48,24.380000000000003,140.09382991698786
2023-12-12,S001-P0007,Groceries,55,441,21.32,24.380000000000003,132.3990565394823
2023-12-13,S001-P0007,Groceries,168,390,28.96,24.380000000000003,132.3371945713248
2023-12-14,S001-P0007,Groceries,68,195,21.23,24.380000000000003,132.15968374919728
2023-12-15,S001-P0007,Groceries,100,140,18.73,24.380000000000003,139.7248120821975
2023-12-16,S001-P0007,Groceries,193,57,26.14,24.380000000000003,150.21112189851618
2023-12-17,S001-P0007,Groceries,174,798,32.67,24.380000000000003,121.46211359857429
2023-12-18,S001-P0007,Groceries,115,659,23.61,24.380000000000003,121.62559982800963
2023-12-19,S001-P0007,Groceries,250,584,35.38,24.380000000000003,161.18265404944833
2023-12-20,S001-P0007,Groceries,65,1042,22.12,24.380000000000003,110.90480134305531
2023-12-21,S001-P0007,Groceries,163,983,30.18,24.380000000000003,132.08582492718085
2023-12-22,S001-P0007,Groceries,135,849,27.86,24.380000000000003,132.1560586282967
2023-12-23,S001-P0007,Groceries,92,765,18.25,24.380000000000003,139.84476096732638
2023-12-24,S001-P0007,Groceries,220,680,29.34,24.380000000000003,161.30774039932746
2023-12-25,S001-P0007,Groceries,102,441,26.46,24.380000000000003,111.09074599139285
2023-12-26,S001-P0007,Groceries,126,380,27.15,24.380000000000003,111.0493934925291
2023-12-27,S001-P0007,Groceries,15,269,19.0,24.380000000000003,67.3529648171301
2023-12-28,S001-P0007,Groceries,90,1167,21.78,24.380000000000003,88.69655284731351
2023-12-29,S001-P0007,Groceries,91,1086,24.23,24.380000000000003,88.60031874109148
2023-12-30,S001-P0007,Groceries,69,993,21.37,24.380000000000003,67.43364990683824
2023-12-31,S001-P0007,Groceries,81,923,23.44,24.380000000000003,77.93234460447181
2024-01-01,S001-P0007,Groceries,98,851,19.89,24.380000000000003,107.31356356005223
2024-01-02,S001-P0007,Groceries,83,734,23.6,24.380000000000003,78.30712732337985
2024-01-03,S001-P0007,Groceries,61,648,17.22,24.380000000000003,107.09276566346449
2024-01-04,S001-P0007,Groceries,105,602,20.06,24.380000000000003,96.56600506553477
2024-01-05,S001-P0007,Groceries,79,497,22.1,24.380000000000003,89.02979197148981
2024-01-06,S001-P0007,Groceries,55,406,19.2,24.380000000000003,78.259394201465
2024-01-07,S001-P0007,Groceries,46,371,20.61,24.380000000000003,67.95982450982646
2024-01-08,S001-P0007,Groceries,90,335,22.97,24.380000000000003,78.40603605179913
2024-01-09,S001-P0007,Groceries,75,278,24.12,24.380000000000003,111.31911908417317
2024-01-10,S001-P0007,Groceries,131,211,26.11,24.380000000000003,139.93845452258918
2024-01-11,S001-P0007,Groceries,81,85,23.41,24.380000000000003,111.0643586921878
2024-01-12,S001-P0007,Groceries,181,334,29.98,24.380000000000003,121.52715456392956
2024-01-13,S001-P0007,Groceries,60,152,17.12,24.380000000000003,161.4783401962154
2024-01-14,S001-P0007,Groceries,185,697,28.8,24.380000000000003,111.41610653062475
2024-01-15,S001-P0007,Groceries,78,500,22.06,24.380000000000003,121.80578633434807
2024-01-16,S001-P0007,Groceries,184,433,25.55,24.380000000000003,140.1594059141471
2024-01-17,S001-P0007,Groceries,122,316,21.17,24.380000000000003,150.43151929832197
2024-01-18,S001-P0007,Groceries,62,922,20.77,24.380000000000003,132.4084708570317
2024-01-19,S001-P0007,Groceries,21,876,18.53,24.380000000000003,111.00124976319793
2024-01-20,S001-P0007,Groceries,29,862,18.14,24.380000000000003,161.23934994834792
2024-01-21,S001-P0007,Groceries,93,838,21.97,24.380000000000003,121.7382545263676
2024-01-22,S001-P0007,Groceries,106,740,24.19,24.380000000000003,132.74540629060436
2024-01-23,S001-P0007,Groceries,11,649,17.69,24.380000000000003,111.2268708594577
2024-01-24,S001-P0007,Groceries,86,640,22.67,24.380000000000003,121.44264641353539
2024-01-25,S001-P0007,Groceries,105,552,22.89,24.380000000000003,161.01531299357043
2024-01-26,S001-P0007,Groceries,99,438,23.64,24.380000000000003,121.37075280890856
2024-01-27,S001-P0007,Groceries,157,332,26.57,24.380000000000003,139.84870200932502
2024-01-28,S001-P0007,Groceries,92,226,24.32,24.380000000000003,121.5422288064859
2024-01-29,S001-P0007,Groceries,173,136,29.47,24.380000000000003,121.64048783383167
2024-01-30,S001-P0007,Groceries,80,476,24.57,24.380000000000003,111.08296350795538
2023-10-03,S001-P0008,Electronics,47,146,37.74,41.72,93.85155965636254
2023-10-04,S001-P0008,Electronics,140,106,46.13,41.72,122.49514878022859
2023-10-05,S001-P0008,Electronics,121,158,46.29,41.72,83.24724094277965
2023-10-06,S001-P0008,Electronics,103,164,48.56,41.72,93.56999813994591
2023-10-07,S001-P0008,Electronics,45,73,37.34,41.72,39.95544837255441
2023-10-08,S001-P0008,Electronics,46,89,31.58,41.72,79.34860980912104
2023-10-09,S001-P0008,Electronics,25,48,32.64,41.72,50.566282522976735
2023-10-10,S001-P0008,Electronics,83,70,40.82,41.72,40.18104272452397
2023-10-11,S001-P0008,Electronics,63,84,38.03,41.72,61.29587863260903
2023-10-12,S001-P0008,Electronics,93,105,33.42,41.72,68.7715140088859
2023-10-13,S001-P0008,Electronics,24,136,32.54,41.72,39.86157130509894
2023-10-14,S001-P0008,Electronics,39,108,32.79,41.72,40.110202525479146
2023-10-15,S001-P0008,Electronics,65,84,42.58,41.72,40.17584870123208
2023-10-16,S001-P0008,Electronics,42,75,37.0,41.72,40.24582798107735
2023-10-17,S001-P0008,Electronics,47,79,35.72,41.72,61.603232762204655
2023-10-18,S001-P0008,Electronics,73,91,37.5,41.72,68.80931673913273
2023-10-19,S001-P0008,Electronics,101,97,36.69,41.72,90.13646435808558
2023-10-20,S001-P0008,Electronics,61,142,37.74,41.72,61.31500288522044
2023-10-21,S001-P0008,Electronics,116,72,43.18,41.72,90.2163961107211
2023-10-22,S001-P0008,Electronics,67,106,40.68,41.72,50.68431359640644
2023-10-23,S001-P0008,Electronics,57,34,33.03,41.72,79.6064045745197
2023-10-24,S001-P0008,Electronics,43,51,39.09,41.72,40.22066059622417
2023-10-25,S001-P0008,Electronics,69,63,38.83,41.72,94.03604678197422
2023-10-26,S001-P0008,Electronics,128,68,52.47,41.72,93.81677212353388
2023-10-27,S001-P0008,Electronics,47,141,32.11,41.72,133.6631132022277
2023-10-28,S001-P0008,Electronics,55,107,35.03,41.72,105.07554783675266
2023-10-29,S001-P0008,Electronics,137,41,48.59,41.72,105.19326325678512
2023-10-30,S001-P0008,Electronics,105,139,46.45,41.72,83.87992038095595
2023-10-31,S001-P0008,Electronics,42,155,35.06,41.72,83.85395328489088
2023-11-01,S001-P0008,Electronics,70,106,39.14,41.72,83.65525169301384
2023-11-02,S001-P0008,Electronics,128,83,49.82,41.72,104.8149100754395
2023-11-03,S001-P0008,Electronics,142,121,46.43,41.72,112.37164237936727
2023-11-04,S001-P0008,Electronics,81,156,38.52,41.72,83.74758344504787
2023-11-05,S001-P0008,Electronics,86,89,38.99,41.72,112.66226110573109
2023-11-06,S001-P0008,Electronics,113,79,45.16,41.72,83.9291717294542
2023-11-07,S001-P0008,Electronics,63,103,42.13,41.72,83.79185119955173
2023-11-08,S001-P0008,Electronics,133,63,48.11,41.72,105.04545213013508
2023-11-09,S001-P0008,Electronics,114,119,37.7,41.72,112.51519400655829
2023-11-10,S001-P0008,Electronics,74,91,35.18,41.72,112.48758143343292
2023-11-11,S001-P0008,Electronics,127,83,44.68,41.72,83.84181656676816
2023-11-12,S001-P0008,Electronics,129,152,44.74,41.72,112.75472852251698
2023-11-13,S001-P0008,Electronics,139,169,46.32,41.72,123.12691147946367
2023-11-14,S001-P0008,Electronics,95,182,42.69,41.72,83.93557694395705
2023-11-15,S001-P0008,Electronics,96,81,42.85,41.72,83.73709704236745
2023-11-16,S001-P0008,Electronics,114,121,42.91,41.72,94.07541736783908
2023-11-17,S001-P0008,Electronics,81,121,34.28,41.72,112.5012102631537
2023-11-18,S001-P0008,Electronics,40,38,31.12,41.72,112.59733946268452
2023-11-19,S001-P0008,Electronics,90,63,41.94,41.72,105.32657205821465
2023-11-20,S001-P0008,Electronics,65,80,34.32,41.72,112.86134143174641
2023-11-21,S001-P0008,Electronics,57,89,39.19,41.72,105.30222813574544
2023-11-22,S001-P0008,Electronics,81,107,42.73,41.72,94.17435985154094
2023-11-23,S001-P0008,Electronics,89,124,46.32,41.72,83.63959144697549
2023-11-24,S001-P0008,Electronics,163,107,52.21,41.72,122.82493465641016
2023-11-25,S001-P0008,Electronics,52,183,36.47,41.72,83.8320217704626
2023-11-26,S001-P0008,Electronics,63,151,42.19,41.72,105.30305372604361
2023-11-27,S001-P0008,Electronics,127,91,49.64,41.72,105.36292503319852
2023-11-28,S001-P0008,Electronics,149,117,50.29,41.72,84.00395343901675
2023-11-29,S001-P0008,Electronics,97,144,42.86,41.72,105.16212374005168
2023-11-30,S001-P0008,Electronics,113,63,45.08,41.72,94.13598974141286
2023-12-01,S001-P0008,Electronics,43,114,35.08,41.72,107.72791917755652
2023-12-02,S001-P0008,Electronics,89,72,43.95,41.72,96.80290265097685
2023-12-03,S001-P0008,Electronics,111,104,47.31,41.72,97.02106530878187
2023-12-04,S001-P0008,Electronics,37,115,28.98,41.72,125.93235889229004
2023-12-05,S001-P0008,Electronics,121,91,43.9,41.72,125.73250954062391
2023-12-06,S001-P0008,Electronics,61,131,41.96,41.72,107.72676352518833
2023-12-07,S001-P0008,Electronics,108,80,46.8,41.72,96.69860525701968
2023-12-08,S001-P0008,Electronics,103,124,43.7,41.72,96.77287120379685
2023-12-09,S001-P0008,Electronics,120,150,43.83,41.72,86.51968163559664
2023-12-10,S001-P0008,Electronics,74,171,37.62,41.72,86.6809732032464
2023-12-11,S001-P0008,Electronics,105,100,46.37,41.72,86.6271197376893
2023-12-12,S001-P0008,Electronics,165,134,46.65,41.72,136.80373668467095
2023-12-13,S001-P0008,Electronics,102,193,43.57,41.72,107.8335997196794
2023-12-14,S001-P0008,Electronics,86,90,36.99,41.72,136.4546832327478
2023-12-15,S001-P0008,Electronics,152,108,47.76,41.72,115.11153656891395
2023-12-16,S001-P0008,Electronics,99,149,43.06,41.72,96.90893271167488
2023-12-17,S001-P0008,Electronics,106,54,41.89,41.72,125.75711308212479
2023-12-18,S001-P0008,Electronics,47,85,39.7,41.72,97.01232431472604
2023-12-19,S001-P0008,Electronics,89,86,44.04,41.72,107.93530519342613
2023-12-20,S001-P0008,Electronics,141,99,46.33,41.72,115.19980082660578
2023-12-21,S001-P0008,Electronics,59,125,39.52,41.72,107.58223007553545
2023-12-22,S001-P0008,Electronics,111,85,42.37,41.72,136.4510581118472
2023-12-23,S001-P0008,Electronics,174,120,53.74,41.72,115.17664512322372
2023-12-24,S001-P0008,Electronics,190,202,55.97,41.72,108.00555121248615
2023-12-25,S001-P0008,Electronics,46,181,35.54,41.72,86.6968318013856
2023-12-26,S001-P0008,Electronics,142,138,43.76,41.72,115.39923330689871
2023-12-27,S001-P0008,Electronics,56,139,39.05,41.72,42.8493699654847
2023-12-28,S001-P0008,Electronics,34,99,33.95,41.72,64.13811766484902
2023-12-29,S001-P0008,Electronics,64,75,38.27,41.72,64.15156422026516
2023-12-30,S001-P0008,Electronics,26,66,36.41,41.72,42.87521472437375
2023-12-31,S001-P0008,Electronics,52,36,40.42,41.72,53.4287497528264
2024-01-01,S001-P0008,Electronics,27,60,32.87,41.72,54.011374373210906
2024-01-02,S001-P0008,Electronics,41,78,38.66,41.72,53.803532471734435
2024-01-03,S001-P0008,Electronics,69,87,38.86,41.72,82.42464981936182
2024-01-04,S001-P0008,Electronics,91,74,39.57,41.72,71.95272955225116
2024-01-05,S001-P0008,Electronics,69,91,36.65,41.72,93.3247914550403
2024-01-06,S001-P0008,Electronics,34,69,32.13,41.72,53.75579934981959
2024-01-07,S001-P0008,Electronics,56,87,41.11,41.72,43.40138932736197
2024-01-08,S001-P0008,Electronics,48,93,35.92,41.72,53.902441200153724
2024-01-09,S001-P0008,Electronics,134,63,42.74,41.72,115.72379922936187
2024-01-10,S001-P0008,Electronics,87,110,43.74,41.72,86.69110566656698
2024-01-11,S001-P0008,Electronics,165,117,47.08,41.72,115.3593581757383
2024-01-12,S001-P0008,Electronics,143,157,52.03,41.72,96.96871938146506
2024-01-13,S001-P0008,Electronics,80,154,40.55,41.72,108.06647034773599
2024-01-14,S001-P0008,Electronics,100,101,43.29,41.72,86.85767134816027
2024-01-15,S001-P0008,Electronics,96,88,40.53,41.72,97.35703181352173
2024-01-16,S001-P0008,Electronics,122,118,41.55,41.72,115.60097073168262
2024-01-17,S001-P0008,Electronics,88,148,39.19,41.72,125.81824378503842
2024-01-18,S001-P0008,Electronics,181,53,57.82,41.72,107.85003567456721
2024-01-19,S001-P0008,Electronics,83,168,45.36,41.72,86.44281458073343
2024-01-20,S001-P0008,Electronics,126,94,49.58,41.72,107.93716076150665
2024-01-21,S001-P0008,Electronics,141,150,49.14,41.72,97.1798193439031
2024-01-22,S001-P0008,Electronics,97,147,45.18,41.72,108.13213077732078
2024-01-23,S001-P0008,Electronics,83,73,38.73,41.72,115.46703001218913
2024-01-24,S001-P0008,Electronics,106,89,41.64,41.72,125.73764589708586
2024-01-25,S001-P0008,Electronics,110,122,49.6,41.72,107.71312380672914
2024-01-26,S001-P0008,Electronics,112,147,42.64,41.72,96.86715795726315
2024-01-27,S001-P0008,Electronics,102,145,36.72,41.72,115.3999474884987
2024-01-28,S001-P0008,Electronics,118,41,50.82,41.72,97.03863395484048
2024-01-29,S001-P0008,Electronics,109,118,47.02,41.72,97.08205265136716
2024-01-30,S001-P0008,Electronics,53,162,34.68,41.72,86.68904931794813
2023-10-03,S001-P0009,Clothing,79,231,67.6,89.34,136.66113202132206
2023-10-04,S001-P0009,Clothing,92,160,88.12,89.34,107.65269214397719
2023-10-05,S001-P0009,Clothing,95,141,84.56,89.34,97.14853831090508
2023-10-06,S001-P0009,Clothing,112,124,89.51,89.34,107.5809761697095
2023-10-07,S001-P0009,Clothing,156,178,101.76,89.34,53.966426402317985
2023-10-08,S001-P0009,Clothing,149,176,78.87,89.34,93.35958783888464
2023-10-09,S001-P0009,Clothing,99,178,81.32,89.34,64.57726055274031
2023-10-10,S001-P0009,Clothing,68,203,77.2,89.34,54.082340092649396
2023-10-11,S001-P0009,Clothing,119,161,96.26,89.34,75.19717600073444
2023-10-12,S001-P0009,Clothing,93,169,93.11,89.34,53.764536380177226
2023-10-13,S001-P0009,Clothing,92,194,92.85,89.34,53.762868673224354
2023-10-14,S001-P0009,Clothing,124,112,92.69,89.34,82.75525389798139
2023-10-15,S001-P0009,Clothing,127,136,93.39,89.34,54.241667061814745
2023-10-16,S001-P0009,Clothing,91,148,83.22,89.34,54.311646341660015
2023-10-17,S001-P0009,Clothing,163,144,115.04,89.34,75.44968979951099
2023-10-18,S001-P0009,Clothing,108,143,69.8,89.34,82.92997543053448
2023-10-19,S001-P0009,Clothing,61,182,75.14,89.34,75.23916739101509
2023-10-20,S001-P0009,Clothing,129,131,94.08,89.34,75.32598091498402
2023-10-21,S001-P0009,Clothing,166,153,93.77,89.34,104.22737414048468
2023-10-22,S001-P0009,Clothing,88,137,87.11,89.34,64.64045129535094
2023-10-23,S001-P0009,Clothing,176,145,107.18,89.34,93.45286161182604
2023-10-24,S001-P0009,Clothing,121,184,96.98,89.34,54.17679829516867
2023-10-25,S001-P0009,Clothing,118,241,96.13,89.34,107.88250381928056
2023-10-26,S001-P0009,Clothing,168,100,104.89,89.34,136.5715041576743
2023-10-27,S001-P0009,Clothing,146,168,87.78,89.34,147.67409123199127
2023-10-28,S001-P0009,Clothing,255,143,129.46,89.34,147.72059920925489
2023-10-29,S001-P0009,Clothing,126,223,93.31,89.34,119.2042412865487
2023-10-30,S001-P0009,Clothing,120,80,86.98,89.34,97.9457387415386
2023-10-31,S001-P0009,Clothing,124,110,87.93,89.34,97.86493131465446
2023-11-01,S001-P0009,Clothing,74,164,87.34,89.34,97.55654906113924
2023-11-02,S001-P0009,Clothing,183,170,92.26,89.34,147.67932277121807
2023-11-03,S001-P0009,Clothing,126,173,82.72,89.34,126.38262040913085
2023-11-04,S001-P0009,Clothing,94,138,70.99,89.34,126.50231547918827
2023-11-05,S001-P0009,Clothing,69,163,73.23,89.34,97.87464480029874
2023-11-06,S001-P0009,Clothing,165,117,115.86,89.34,97.8304690975796
2023-11-07,S001-P0009,Clothing,104,172,82.59,89.34,97.85766956013438
2023-11-08,S001-P0009,Clothing,126,225,73.82,89.34,147.90986482591362
2023-11-09,S001-P0009,Clothing,95,142,89.1,89.34,97.56305670866871
2023-11-10,S001-P0009,Clothing,87,172,86.8,89.34,97.59028446636242
2023-11-11,S001-P0009,Clothing,154,171,112.45,89.34,97.68827360407448
2023-11-12,S001-P0009,Clothing,150,178,105.42,89.34,97.85743155544648
2023-11-13,S001-P0009,Clothing,139,171,76.67,89.34,137.24757017086543
2023-11-14,S001-P0009,Clothing,204,143,115.12,89.34,126.63546864727834
2023-11-15,S001-P0009,Clothing,48,204,71.54,89.34,97.69323474131195
2023-11-16,S001-P0009,Clothing,55,170,73.28,89.34,107.9767147359645
2023-11-17,S001-P0009,Clothing,82,133,80.85,89.34,97.65875362690227
2023-11-18,S001-P0009,Clothing,137,121,90.85,89.34,126.55347716162902
2023-11-19,S001-P0009,Clothing,45,112,70.24,89.34,119.33755008797823
2023-11-20,S001-P0009,Clothing,110,109,93.65,89.34,98.01888479549501
2023-11-21,S001-P0009,Clothing,87,129,73.71,89.34,148.05696016988585
2023-11-22,S001-P0009,Clothing,142,117,103.21,89.34,108.07565721966635
2023-11-23,S001-P0009,Clothing,125,160,98.04,89.34,97.59572914591999
2023-11-24,S001-P0009,Clothing,130,184,104.95,89.34,107.98247802015877
2023-11-25,S001-P0009,Clothing,180,247,102.5,89.34,126.586753804603
2023-11-26,S001-P0009,Clothing,117,267,91.04,89.34,119.3140317558072
2023-11-27,S001-P0009,Clothing,212,138,130.35,89.34,119.31906273214302
2023-11-28,S001-P0009,Clothing,180,223,103.11,89.34,126.70384514233808
2023-11-29,S001-P0009,Clothing,46,240,74.71,89.34,119.11826143899619
2023-11-30,S001-P0009,Clothing,154,210,101.23,89.34,108.03728710953828
2023-12-01,S001-P0009,Clothing,152,227,95.58,89.34,150.37297055005877
2023-12-02,S001-P0009,Clothing,204,186,115.61,89.34,110.81388068074044
2023-12-03,S001-P0009,Clothing,162,274,92.72,89.34,139.7757973429223
2023-12-04,S001-P0009,Clothing,188,132,87.67,89.34,139.94333692205362
2023-12-05,S001-P0009,Clothing,181,226,114.61,89.34,110.94489323519157
2023-12-06,S001-P0009,Clothing,37,228,57.48,89.34,150.59117622096687
2023-12-07,S001-P0009,Clothing,188,185,116.84,89.34,110.65474295596418
2023-12-08,S001-P0009,Clothing,330,198,167.34,89.34,110.61932824110319
2023-12-09,S001-P0009,Clothing,125,383,93.01,89.34,100.47581933454114
2023-12-10,S001-P0009,Clothing,220,285,119.63,89.34,100.6371109021909
2023-12-11,S001-P0009,Clothing,84,325,81.37,89.34,100.69293809827195
2023-12-12,S001-P0009,Clothing,285,256,116.51,89.34,150.75987438361545
2023-12-13,S001-P0009,Clothing,281,367,114.07,89.34,150.64317208463885
2023-12-14,S001-P0009,Clothing,102,406,86.69,89.34,121.61222659649638
2023-12-15,S001-P0009,Clothing,214,316,124.55,89.34,100.21423960184342
2023-12-16,S001-P0009,Clothing,177,123,102.22,89.34,110.86507041061938
2023-12-17,S001-P0009,Clothing,92,215,69.72,89.34,139.87777177352655
2023-12-18,S001-P0009,Clothing,136,139,91.24,89.34,139.76705634886645
2023-12-19,S001-P0009,Clothing,214,121,118.39,89.34,121.89144289237063
2023-12-20,S001-P0009,Clothing,174,218,112.73,89.34,100.3025038595353
2023-12-21,S001-P0009,Clothing,134,182,90.6,89.34,150.33696210967585
2023-12-22,S001-P0009,Clothing,143,213,103.56,89.34,121.60860147559579
2023-12-23,S001-P0009,Clothing,98,201,94.79,89.34,100.33418848697232
2023-12-24,S001-P0009,Clothing,113,101,84.97,89.34,121.96168891143066
2023-12-25,S001-P0009,Clothing,85,120,86.18,89.34,100.59812916951103
2023-12-26,S001-P0009,Clothing,189,141,87.8,89.34,129.4102113366623
2023-12-27,S001-P0009,Clothing,99,177,85.75,89.34,56.86034799524829
2023-12-28,S001-P0009,Clothing,85,188,86.08,89.34,78.03941503297443
2023-12-29,S001-P0009,Clothing,137,101,96.17,89.34,78.16254225002874
2023-12-30,S001-P0009,Clothing,89,160,91.98,89.34,56.83135242331825
2023-12-31,S001-P0009,Clothing,146,150,104.19,89.34,67.3848874517709
2024-01-01,S001-P0009,Clothing,76,175,79.29,89.34,67.91267174133633
2024-01-02,S001-P0009,Clothing,213,112,111.76,89.34,96.55826450587485
2024-01-03,S001-P0009,Clothing,93,237,88.49,89.34,67.6370335139295
2024-01-04,S001-P0009,Clothing,146,153,104.17,89.34,57.05543258518068
2024-01-05,S001-P0009,Clothing,50,130,75.68,89.34,78.4823348187889
2024-01-06,S001-P0009,Clothing,132,141,85.2,89.34,96.45569105314091
2024-01-07,S001-P0009,Clothing,153,166,101.11,89.34,57.41236735712556
2024-01-08,S001-P0009,Clothing,139,213,102.1,89.34,67.80373856827914
2024-01-09,S001-P0009,Clothing,140,287,82.05,89.34,129.67993692830638
2024-01-10,S001-P0009,Clothing,103,132,86.9,89.34,100.64724336551149
2024-01-11,S001-P0009,Clothing,201,131,107.98,89.34,129.3154958746828
2024-01-12,S001-P0009,Clothing,112,210,99.31,89.34,110.87001674959048
2024-01-13,S001-P0009,Clothing,145,98,103.92,89.34,122.02260804668049
2024-01-14,S001-P0009,Clothing,99,145,81.27,89.34,100.86864937792384
2024-01-15,S001-P0009,Clothing,97,125,85.19,89.34,111.25832918164716
2024-01-16,S001-P0009,Clothing,248,123,114.56,89.34,129.55710843062712
2024-01-17,S001-P0009,Clothing,184,278,109.46,89.34,139.71954115316382
2024-01-18,S001-P0009,Clothing,141,74,97.82,89.34,121.80617337351171
2024-01-19,S001-P0009,Clothing,100,138,95.41,89.34,100.39895227967793
2024-01-20,S001-P0009,Clothing,174,149,106.61,89.34,150.69189279564702
2024-01-21,S001-P0009,Clothing,169,233,88.94,89.34,139.9893917088626
2024-01-22,S001-P0009,Clothing,183,237,103.66,89.34,122.19794913790345
2024-01-23,S001-P0009,Clothing,95,330,80.16,89.34,100.73425403757588
2024-01-24,S001-P0009,Clothing,153,247,95.68,89.34,139.63894326521125
2024-01-25,S001-P0009,Clothing,210,102,116.84,89.34,121.77894216731181
2024-01-26,S001-P0009,Clothing,119,202,91.54,89.34,110.76845532538857
2024-01-27,S001-P0009,Clothing,198,204,94.59,89.34,129.41092551826227
2024-01-28,S001-P0009,Clothing,164,260,103.92,89.34,111.10445231542315
2024-01-29,S001-P0009,Clothing,133,93,95.56,89.34,111.09303068113076
2024-01-30,S001-P0009,Clothing,84,128,90.35,89.34,100.53550635525448
2023-10-03,S001-P0010,Furniture,66,325,93.39,118.37,98.64875058794725
2023-10-04,S001-P0010,Furniture,125,263,113.46,118.37,98.49374537661735
2023-10-05,S001-P0010,Furniture,97,119,131.66,118.37,59.081316546711186
2023-10-06,S001-P0010,Furniture,84,461,119.18,118.37,69.56859473633469
2023-10-07,S001-P0010,Furniture,49,401,93.31,118.37,44.69779897332001
2023-10-08,S001-P0010,Furniture,15,358,95.96,118.37,26.384091077856667
2023-10-09,S001-P0010,Furniture,27,341,106.23,118.37,26.45519845772735
2023-10-10,S001-P0010,Furniture,28,316,106.83,118.37,16.015118328455507
2023-10-11,S001-P0010,Furniture,50,288,117.19,118.37,37.129954236540556
2023-10-12,S001-P0010,Furniture,62,241,103.21,118.37,44.60558961281742
2023-10-13,S001-P0010,Furniture,32,191,103.25,118.37,15.750487239849555
2023-10-14,S001-P0010,Furniture,59,153,114.56,118.37,44.68803213378751
2023-10-15,S001-P0010,Furniture,27,85,106.66,118.37,16.11960496680178
2023-10-16,S001-P0010,Furniture,12,330,89.44,118.37,16.244424577466127
2023-10-17,S001-P0010,Furniture,16,318,95.97,118.37,37.49214869695527
2023-10-18,S001-P0010,Furniture,37,304,111.05,118.37,15.954478669506521
2023-10-19,S001-P0010,Furniture,42,267,95.27,118.37,66.02538029283619
2023-10-20,S001-P0010,Furniture,35,219,99.05,118.37,37.25875915079013
2023-10-21,S001-P0010,Furniture,60,182,109.39,118.37,66.10531204547172
2023-10-22,S001-P0010,Furniture,27,118,95.79,118.37,55.31698353553388
2023-10-23,S001-P0010,Furniture,29,98,107.4,118.37,26.641885843255324
2023-10-24,S001-P0010,Furniture,31,71,97.3,118.37,16.21925719261295
2023-10-25,S001-P0010,Furniture,62,276,122.74,118.37,69.81528205508667
2023-10-26,S001-P0010,Furniture,64,203,116.83,118.37,69.81536871992266
2023-10-27,S001-P0010,Furniture,96,154,124.14,118.37,80.80827513260145
2023-10-28,S001-P0010,Furniture,95,66,116.85,118.37,109.70821777588012
2023-10-29,S001-P0010,Furniture,72,233,126.92,118.37,81.08217919153573
2023-10-30,S001-P0010,Furniture,90,154,135.49,118.37,59.76883631570656
2023-10-31,S001-P0010,Furniture,62,383,122.75,118.37,59.68802888882241
2023-11-01,S001-P0010,Furniture,82,322,131.85,118.37,59.544167627764445
2023-11-02,S001-P0010,Furniture,107,225,121.56,118.37,109.55726067620512
2023-11-03,S001-P0010,Furniture,82,133,118.35,118.37,59.51680430974104
2023-11-04,S001-P0010,Furniture,91,56,107.34,118.37,88.48993404581344
2023-11-05,S001-P0010,Furniture,67,340,125.0,118.37,59.75258270528578
2023-11-06,S001-P0010,Furniture,79,281,137.13,118.37,59.76324733338571
2023-11-07,S001-P0010,Furniture,90,203,114.92,118.37,88.53420180031733
2023-11-08,S001-P0010,Furniture,143,471,143.64,118.37,109.67812206926249
2023-11-09,S001-P0010,Furniture,98,330,111.15,118.37,88.34926961048984
2023-11-10,S001-P0010,Furniture,52,252,118.05,118.37,59.46822237134945
2023-11-11,S001-P0010,Furniture,100,213,133.19,118.37,59.67589217069969
2023-11-12,S001-P0010,Furniture,92,827,115.92,118.37,88.64364445726761
2023-11-13,S001-P0010,Furniture,49,758,116.6,118.37,70.27207340983749
2023-11-14,S001-P0010,Furniture,75,702,121.53,118.37,59.87933320952673
2023-11-15,S001-P0010,Furniture,114,613,123.22,118.37,88.47944764313303
2023-11-16,S001-P0010,Furniture,71,526,126.78,118.37,69.90949297177062
2023-11-17,S001-P0010,Furniture,64,454,116.82,118.37,59.59153186270837
2023-11-18,S001-P0010,Furniture,48,412,122.37,118.37,59.63282073142013
2023-11-19,S001-P0010,Furniture,118,355,124.71,118.37,110.06892265898026
2023-11-20,S001-P0010,Furniture,79,236,137.38,118.37,59.89682270048204
2023-11-21,S001-P0010,Furniture,82,160,138.79,118.37,81.13630373967696
2023-11-22,S001-P0010,Furniture,114,104,109.83,118.37,98.97155078312561
2023-11-23,S001-P0010,Furniture,108,522,128.41,118.37,88.38194204774112
2023-11-24,S001-P0010,Furniture,89,398,128.15,118.37,69.97009658678397
2023-11-25,S001-P0010,Furniture,42,321,119.13,118.37,59.66609737439412
2023-11-26,S001-P0010,Furniture,85,294,126.12,118.37,81.3016503224324
2023-11-27,S001-P0010,Furniture,112,219,145.42,118.37,81.25184096794914
2023-11-28,S001-P0010,Furniture,99,556,132.59,118.37,59.892869373767375
2023-11-29,S001-P0010,Furniture,113,468,153.59,118.37,80.9961993439832
2023-11-30,S001-P0010,Furniture,65,393,117.92,118.37,69.9700653453444
2023-12-01,S001-P0010,Furniture,88,316,134.51,118.37,83.50715445066896
2023-12-02,S001-P0010,Furniture,119,228,148.58,118.37,72.74665891654655
2023-12-03,S001-P0010,Furniture,111,512,152.63,118.37,72.8551409127134
2023-12-04,S001-P0010,Furniture,116,382,139.95,118.37,72.96784016102566
2023-12-05,S001-P0010,Furniture,95,281,123.96,118.37,72.93251180181676
2023-12-06,S001-P0010,Furniture,126,223,159.87,118.37,83.61567945993895
2023-12-07,S001-P0010,Furniture,47,82,115.53,118.37,72.5326808609512
2023-12-08,S001-P0010,Furniture,105,437,113.8,118.37,101.4603814737434
2023-12-09,S001-P0010,Furniture,61,314,96.32,118.37,91.26203223636222
2023-12-10,S001-P0010,Furniture,107,267,121.64,118.37,91.31364314237388
2023-12-11,S001-P0010,Furniture,103,200,111.61,118.37,91.47915100009305
2023-12-12,S001-P0010,Furniture,94,581,137.12,118.37,83.7843776225875
2023-12-13,S001-P0010,Furniture,92,496,122.79,118.37,83.72251565443001
2023-12-14,S001-P0010,Furniture,79,427,123.37,118.37,83.59984516312157
2023-12-15,S001-P0010,Furniture,111,358,152.57,118.37,62.14701783764954
2023-12-16,S001-P0010,Furniture,42,258,107.27,118.37,72.79784864642549
2023-12-17,S001-P0010,Furniture,105,230,127.2,118.37,101.7008693476945
2023-12-18,S001-P0010,Furniture,68,112,94.09,118.37,101.86435557712981
2023-12-19,S001-P0010,Furniture,85,600,126.34,118.37,83.82422112817675
2023-12-20,S001-P0010,Furniture,110,536,136.95,118.37,91.03387643053728
2023-12-21,S001-P0010,Furniture,104,404,142.03,118.37,83.47114601028606
2023-12-22,S001-P0010,Furniture,84,279,139.49,118.37,83.48653938058281
2023-12-23,S001-P0010,Furniture,60,199,121.83,118.37,62.26696672277845
2023-12-24,S001-P0010,Furniture,81,150,103.59,118.37,112.74790181325176
2023-12-25,S001-P0010,Furniture,82,471,110.94,118.37,91.38434207133213
2023-12-26,S001-P0010,Furniture,73,377,134.41,118.37,62.37987424481521
2023-12-27,S001-P0010,Furniture,45,315,86.13,118.37,47.70140122788848
2023-12-28,S001-P0010,Furniture,29,271,96.61,118.37,40.081873930418716
2023-12-29,S001-P0010,Furniture,20,248,103.41,118.37,39.98563982419669
2023-12-30,S001-P0010,Furniture,23,226,94.22,118.37,18.873811320762524
2023-12-31,S001-P0010,Furniture,58,199,120.8,118.37,29.3725060183961
2024-01-01,S001-P0010,Furniture,64,137,97.43,118.37,58.753724973976524
2024-01-02,S001-P0010,Furniture,34,67,98.63,118.37,29.80212906812321
2024-01-03,S001-P0010,Furniture,31,45,97.38,118.37,29.624652080554686
2024-01-04,S001-P0010,Furniture,37,220,100.08,118.37,47.78680515618271
2024-01-05,S001-P0010,Furniture,57,182,102.06,118.37,69.21370738979091
2024-01-06,S001-P0010,Furniture,24,118,104.84,118.37,29.535034622932034
2024-01-07,S001-P0010,Furniture,43,96,101.74,118.37,48.14373992812757
2024-01-08,S001-P0010,Furniture,24,47,99.95,118.37,29.791357134904334
2024-01-09,S001-P0010,Furniture,63,282,116.97,118.37,62.75928049809747
2024-01-10,S001-P0010,Furniture,59,213,96.92,118.37,91.43345626733256
2024-01-11,S001-P0010,Furniture,43,160,102.58,118.37,62.50452010611207
2024-01-12,S001-P0010,Furniture,76,111,128.89,118.37,72.80279498539659
2024-01-13,S001-P0010,Furniture,96,303,130.73,118.37,84.01022661330568
2024-01-14,S001-P0010,Furniture,46,230,109.5,118.37,62.74658728291088
2024-01-15,S001-P0010,Furniture,77,192,122.88,118.37,73.19110741745327
2024-01-16,S001-P0010,Furniture,66,443,98.06,118.37,91.59956732807137
2024-01-17,S001-P0010,Furniture,94,386,109.67,118.37,101.76200005060811
2024-01-18,S001-P0010,Furniture,71,313,120.44,118.37,83.73895160931782
2024-01-19,S001-P0010,Furniture,31,233,113.97,118.37,62.33173051548404
2024-01-20,S001-P0010,Furniture,92,199,136.09,118.37,83.88091702707635
2024-01-21,S001-P0010,Furniture,69,495,100.46,118.37,101.92216994466871
2024-01-22,S001-P0010,Furniture,89,451,127.99,118.37,84.13072737370956
2024-01-23,S001-P0010,Furniture,74,377,127.84,118.37,62.612191942562916
2024-01-24,S001-P0010,Furniture,149,311,121.76,118.37,101.73624249347462
2024-01-25,S001-P0010,Furniture,79,210,130.3,118.37,83.65688007229885
2024-01-26,S001-P0010,Furniture,91,128,143.16,118.37,72.6463932303756
2024-01-27,S001-P0010,Furniture,68,46,112.68,118.37,91.17918276161112
2024-01-28,S001-P0010,Furniture,82,640,118.39,118.37,73.03723055122926
2024-01-29,S001-P0010,Furniture,68,583,125.31,118.37,72.97096858611778
2024-01-30,S001-P0010,Furniture,69,518,125.82,118.37,62.523124921879685
2023-10-03,S001-P0011,Furniture,67,216,149.88,150.84,69.74047559111315
2023-10-04,S001-P0011,Furniture,104,141,169.91,150.84,69.64031071060238
2023-10-05,S001-P0011,Furniture,65,180,148.21,150.84,59.13615687753026
2023-10-06,S001-P0011,Furniture,86,322,168.7,150.84,69.45891407469652
2023-10-07,S001-P0011,Furniture,23,245,99.39,150.84,44.7526393041391
2023-10-08,S001-P0011,Furniture,25,217,126.63,150.84,55.12784508223349
2023-10-09,S001-P0011,Furniture,24,198,125.66,150.84,26.510038788546424
2023-10-10,S001-P0011,Furniture,48,176,110.29,150.84,44.92339332528959
2023-10-11,S001-P0011,Furniture,36,126,132.67,150.84,37.23963489817872
2023-10-12,S001-P0011,Furniture,36,186,125.32,150.84,44.55074928199833
2023-10-13,S001-P0011,Furniture,24,147,139.85,150.84,15.695646909030465
2023-10-14,S001-P0011,Furniture,18,132,136.24,150.84,15.889437798591594
2023-10-15,S001-P0011,Furniture,38,111,141.22,150.84,16.06476463598269
2023-10-16,S001-P0011,Furniture,34,69,138.77,150.84,16.18958424664705
2023-10-17,S001-P0011,Furniture,79,100,132.0,150.84,66.29074303215118
2023-10-18,S001-P0011,Furniture,17,102,128.94,150.84,15.899638338687431
2023-10-19,S001-P0011,Furniture,20,271,123.45,150.84,65.91569963119802
2023-10-20,S001-P0011,Furniture,32,254,137.56,150.84,37.14907848915196
2023-10-21,S001-P0011,Furniture,42,224,114.49,150.84,66.21499270710989
2023-10-22,S001-P0011,Furniture,67,184,157.99,150.84,26.518389200337964
2023-10-23,S001-P0011,Furniture,42,120,135.87,150.84,55.38563984763215
2023-10-24,S001-P0011,Furniture,22,206,131.56,150.84,16.164416861793875
2023-10-25,S001-P0011,Furniture,105,182,161.75,150.84,69.92496271672483
2023-10-26,S001-P0011,Furniture,110,110,146.15,150.84,98.61396305511859
2023-10-27,S001-P0011,Furniture,110,254,182.59,150.84,80.75343480178238
2023-10-28,S001-P0011,Furniture,117,187,187.05,150.84,80.9096234406842
2023-10-29,S001-P0011,Furniture,77,256,163.68,150.84,81.02733886071664
2023-10-30,S001-P0011,Furniture,86,169,160.4,150.84,59.82367664652565
2023-10-31,S001-P0011,Furniture,53,84,141.9,150.84,59.797709550460574
2023-11-01,S001-P0011,Furniture,39,242,149.25,150.84,59.489327296945355
2023-11-02,S001-P0011,Furniture,71,197,160.2,150.84,80.7586663410092
2023-11-03,S001-P0011,Furniture,64,136,156.17,150.84,59.407123648102875
2023-11-04,S001-P0011,Furniture,29,240,128.62,150.84,88.32541305335619
2023-11-05,S001-P0011,Furniture,71,216,151.59,150.84,59.80742303610486
2023-11-06,S001-P0011,Furniture,78,173,146.99,150.84,88.6166819994007
2023-11-07,S001-P0011,Furniture,78,247,156.09,150.84,59.735607465121426
2023-11-08,S001-P0011,Furniture,82,179,157.64,150.84,80.98920839570476
2023-11-09,S001-P0011,Furniture,77,293,163.4,150.84,59.440994613655725
2023-11-10,S001-P0011,Furniture,36,215,147.41,150.84,59.46822237134945
2023-11-11,S001-P0011,Furniture,108,186,154.49,150.84,88.47448650589561
2023-11-12,S001-P0011,Furniture,74,101,161.82,150.84,59.7902097912526
2023-11-13,S001-P0011,Furniture,96,253,183.83,150.84,70.2172330790184
2023-11-14,S001-P0011,Furniture,43,145,136.95,150.84,59.82449287870765
2023-11-15,S001-P0011,Furniture,69,272,142.35,150.84,88.42460731231395
2023-11-16,S001-P0011,Furniture,85,222,159.66,150.84,69.90949297177062
2023-11-17,S001-P0011,Furniture,119,167,158.42,150.84,88.3901261979043
2023-11-18,S001-P0011,Furniture,116,178,139.6,150.84,88.59593605907327
2023-11-19,S001-P0011,Furniture,83,311,158.58,150.84,81.27032832378434
2023-11-20,S001-P0011,Furniture,46,246,137.92,150.84,60.006503362120206
2023-11-21,S001-P0011,Furniture,88,209,152.42,150.84,109.98973840569198
2023-11-22,S001-P0011,Furniture,41,120,142.88,150.84,70.06327578629156
2023-11-23,S001-P0011,Furniture,43,232,136.57,150.84,59.63818804336426
2023-11-24,S001-P0011,Furniture,114,190,175.64,150.84,98.71385059116078
2023-11-25,S001-P0011,Furniture,65,86,125.44,150.84,88.57437237122818
2023-11-26,S001-P0011,Furniture,75,235,121.92,150.84,110.15508498844738
2023-11-27,S001-P0011,Furniture,103,186,169.73,150.84,81.30668129876823
2023-11-28,S001-P0011,Furniture,71,276,152.0,150.84,59.94770970458645
2023-11-29,S001-P0011,Furniture,105,215,180.18,150.84,81.0510396748023
2023-11-30,S001-P0011,Furniture,101,145,168.47,150.84,70.02490567616347
2023-12-01,S001-P0011,Furniture,151,245,186.15,150.84,112.30574878586489
2023-12-02,S001-P0011,Furniture,78,70,155.8,150.84,72.74665891654655
2023-12-03,S001-P0011,Furniture,75,326,162.27,150.84,72.90998124353248
2023-12-04,S001-P0011,Furniture,124,245,150.76,150.84,101.87611515785973
2023-12-05,S001-P0011,Furniture,61,125,162.63,150.84,72.8228311401786
2023-12-06,S001-P0011,Furniture,136,272,158.27,150.84,112.523954456773
2023-12-07,S001-P0011,Furniture,120,181,169.96,150.84,101.33127519614713
2023-12-08,S001-P0011,Furniture,51,409,148.8,150.84,72.60694680772839
2023-12-09,S001-P0011,Furniture,82,358,157.64,150.84,91.09751124390496
2023-12-10,S001-P0011,Furniture,79,278,165.11,150.84,62.51504880717795
2023-12-11,S001-P0011,Furniture,92,217,137.77,150.84,91.42431066927398
2023-12-12,S001-P0011,Furniture,85,120,159.55,150.84,83.89405828422566
2023-12-13,S001-P0011,Furniture,75,245,146.12,150.84,83.72251565443001
2023-12-14,S001-P0011,Furniture,44,163,144.38,150.84,83.5450048323025
2023-12-15,S001-P0011,Furniture,42,123,136.25,150.84,62.20185816846863
2023-12-16,S001-P0011,Furniture,66,168,140.95,150.84,101.54160265080232
2023-12-17,S001-P0011,Furniture,93,127,181.87,150.84,72.84743468167949
2023-12-18,S001-P0011,Furniture,85,183,168.18,150.84,72.95608058029575
2023-12-19,S001-P0011,Furniture,92,316,163.51,150.84,112.56797513255356
2023-12-20,S001-P0011,Furniture,71,232,160.24,150.84,62.29012242616051
2023-12-21,S001-P0011,Furniture,74,162,153.15,150.84,83.58082667192423
2023-12-22,S001-P0011,Furniture,116,246,156.94,150.84,112.3948143774169
2023-12-23,S001-P0011,Furniture,58,142,152.39,150.84,62.32180705359754
2023-12-24,S001-P0011,Furniture,75,304,154.47,150.84,83.83962681641769
2023-12-25,S001-P0011,Furniture,59,254,138.04,150.84,62.58574773613623
2023-12-26,S001-P0011,Furniture,71,202,134.99,150.84,91.28814924164931
2023-12-27,S001-P0011,Furniture,19,126,130.0,150.84,18.738285900235308
2023-12-28,S001-P0011,Furniture,66,259,157.22,150.84,40.02703359959964
2023-12-29,S001-P0011,Furniture,59,208,145.11,150.84,40.095320485834854
2023-12-30,S001-P0011,Furniture,28,155,127.97,150.84,18.873811320762524
2023-12-31,S001-P0011,Furniture,25,247,140.19,150.84,29.31766568757701
2024-01-01,S001-P0011,Furniture,31,227,123.26,150.84,58.58920398151927
2024-01-02,S001-P0011,Furniture,39,193,149.12,150.84,29.692448406485045
2024-01-03,S001-P0011,Furniture,23,160,125.44,150.84,58.31356575411244
2024-01-04,S001-P0011,Furniture,46,137,124.02,150.84,47.841645487001784
2024-01-05,S001-P0011,Furniture,63,103,124.58,150.84,69.26854772061
2024-01-06,S001-P0011,Furniture,35,130,109.87,150.84,58.49814995058521
2024-01-07,S001-P0011,Furniture,18,222,129.5,150.84,19.29030526211258
2024-01-08,S001-P0011,Furniture,72,204,144.87,150.84,29.84619746572341
2024-01-09,S001-P0011,Furniture,84,154,159.29,150.84,62.75928049809747
2024-01-10,S001-P0011,Furniture,43,246,136.59,150.84,62.63486193213669
2024-01-11,S001-P0011,Furniture,128,210,152.51,150.84,91.35795477212704
2024-01-12,S001-P0011,Furniture,58,133,144.73,150.84,72.85763531621568
2024-01-13,S001-P0011,Furniture,183,337,191.71,150.84,112.75398061768249
2024-01-14,S001-P0011,Furniture,81,190,166.0,150.84,62.69174695209179
2024-01-15,S001-P0011,Furniture,76,391,138.8,150.84,101.98970175264917
2024-01-16,S001-P0011,Furniture,50,313,133.22,150.84,62.7461326620564
2024-01-17,S001-P0011,Furniture,94,277,130.22,150.84,101.81684038142718
2024-01-18,S001-P0011,Furniture,86,219,151.86,150.84,83.7937919401369
2024-01-19,S001-P0011,Furniture,69,339,159.24,150.84,62.38657084630313
2024-01-20,S001-P0011,Furniture,114,295,146.18,150.84,112.7891920239104
2024-01-21,S001-P0011,Furniture,68,201,166.55,150.84,73.01389494783463
2024-01-22,S001-P0011,Furniture,100,402,159.25,150.84,84.13072737370956
2024-01-23,S001-P0011,Furniture,145,324,192.51,150.84,62.66703227338199
2024-01-24,S001-P0011,Furniture,40,162,134.63,150.84,72.88280782745966
2024-01-25,S001-P0011,Furniture,92,430,172.65,150.84,83.60203974147976
2024-01-26,S001-P0011,Furniture,106,356,170.78,150.84,72.75607389201376
2024-01-27,S001-P0011,Furniture,79,243,156.51,150.84,62.43542875723432
2024-01-28,S001-P0011,Furniture,95,192,183.39,150.84,72.92754988959109
2024-01-29,S001-P0011,Furniture,65,249,148.68,150.84,73.08064924775594
2024-01-30,S001-P0011,Furniture,44,204,144.42,150.84,62.523124921879685
2023-10-03,S001-P0012,Groceries,215,197,90.7,81.95,147.26342950484204
2023-10-04,S001-P0012,Groceries,119,358,93.27,81.95,118.14530896585902
2023-10-05,S001-P0012,Groceries,101,278,79.29,81.95,107.75083579442506
2023-10-06,S001-P0012,Groceries,104,170,80.28,81.95,118.12843332241042
2023-10-07,S001-P0012,Groceries,83,272,74.58,81.95,64.51388355501891
2023-10-08,S001-P0012,Groceries,49,222,69.28,81.95,74.99876999475147
2023-10-09,S001-P0012,Groceries,64,191,73.57,81.95,75.01503704380306
2023-10-10,S001-P0012,Groceries,94,151,72.97,81.95,93.42839158054622
2023-10-11,S001-P0012,Groceries,29,165,57.44,81.95,85.85431381507352
2023-10-12,S001-P0012,Groceries,103,353,67.38,81.95,93.22026852971223
2023-10-13,S001-P0012,Groceries,78,282,69.23,81.95,93.16376049194025
2023-10-14,S001-P0012,Groceries,98,229,65.32,81.95,93.46723204313957
2023-10-15,S001-P0012,Groceries,46,157,64.93,81.95,64.78912421451565
2023-10-16,S001-P0012,Groceries,94,306,81.82,81.95,64.74942283272276
2023-10-17,S001-P0012,Groceries,76,193,72.78,81.95,86.10682761385007
2023-10-18,S001-P0012,Groceries,80,127,61.49,81.95,93.47743258323541
2023-10-19,S001-P0012,Groceries,79,194,69.71,81.95,85.84146487453508
2023-10-20,S001-P0012,Groceries,77,112,68.8,81.95,114.61719207206175
2023-10-21,S001-P0012,Groceries,141,231,80.37,81.95,114.7748312931856
2023-10-22,S001-P0012,Groceries,77,82,77.1,81.95,75.18790844805186
2023-10-23,S001-P0012,Groceries,61,317,76.58,81.95,75.20172442933104
2023-10-24,S001-P0012,Groceries,83,247,82.74,81.95,64.72425544786958
2023-10-25,S001-P0012,Groceries,124,178,75.78,81.95,147.33823596881552
2023-10-26,S001-P0012,Groceries,120,242,88.78,81.95,118.3203669751793
2023-10-27,S001-P0012,Groceries,96,156,78.13,81.95,129.36811371867717
2023-10-28,S001-P0012,Groceries,106,298,84.87,81.95,129.4694620267599
2023-10-29,S001-P0012,Groceries,195,201,109.23,81.95,129.69685810843052
2023-10-30,S001-P0012,Groceries,144,64,85.88,81.95,108.49319589423953
2023-10-31,S001-P0012,Groceries,71,353,79.29,81.95,108.3027078057172
2023-11-01,S001-P0012,Groceries,164,293,90.25,81.95,136.9574408798551
2023-11-02,S001-P0012,Groceries,115,121,83.18,81.95,129.373345257904
2023-11-03,S001-P0012,Groceries,103,406,75.31,81.95,136.87523723101268
2023-11-04,S001-P0012,Groceries,156,332,103.78,81.95,108.14149763505512
2023-11-05,S001-P0012,Groceries,107,159,85.15,81.95,108.36726162218059
2023-11-06,S001-P0012,Groceries,123,407,89.48,81.95,108.37792625028052
2023-11-07,S001-P0012,Groceries,133,290,92.22,81.95,108.35028638201624
2023-11-08,S001-P0012,Groceries,133,133,92.36,81.95,129.5490469817805
2023-11-09,S001-P0012,Groceries,148,291,91.28,81.95,136.85426786574644
2023-11-10,S001-P0012,Groceries,172,164,82.5,81.95,136.99117628507832
2023-11-11,S001-P0012,Groceries,100,351,74.9,81.95,108.34541141841356
2023-11-12,S001-P0012,Groceries,130,267,86.84,81.95,108.45972903896649
2023-11-13,S001-P0012,Groceries,85,148,71.18,81.95,118.94159265755137
2023-11-14,S001-P0012,Groceries,76,327,60.53,81.95,137.3474467924365
2023-11-15,S001-P0012,Groceries,129,259,91.33,81.95,108.18585156319378
2023-11-16,S001-P0012,Groceries,173,149,103.18,81.95,118.46933155784633
2023-11-17,S001-P0012,Groceries,148,232,91.25,81.95,108.20621077960317
2023-11-18,S001-P0012,Groceries,155,418,78.61,81.95,137.155774645149
2023-11-19,S001-P0012,Groceries,193,308,92.43,81.95,158.62876124505595
2023-11-20,S001-P0012,Groceries,127,125,95.37,81.95,108.51150161737684
2023-11-21,S001-P0012,Groceries,97,450,78.3,81.95,129.80582298739085
2023-11-22,S001-P0012,Groceries,59,372,75.77,81.95,118.62311437236727
2023-11-23,S001-P0012,Groceries,142,313,80.56,81.95,136.9966209646359
2023-11-24,S001-P0012,Groceries,159,206,94.13,81.95,147.32852950805557
2023-11-25,S001-P0012,Groceries,169,410,96.7,81.95,108.39045695292708
2023-11-26,S001-P0012,Groceries,145,294,90.55,81.95,158.6052429128849
2023-11-27,S001-P0012,Groceries,92,555,81.05,81.95,129.92136021566301
2023-11-28,S001-P0012,Groceries,117,483,92.52,81.95,108.45270795984308
2023-11-29,S001-P0012,Groceries,137,379,93.47,81.95,129.610878260878
2023-11-30,S001-P0012,Groceries,117,250,88.05,81.95,118.5847442622392
2023-12-01,S001-P0012,Groceries,67,140,70.7,81.95,132.17667369838284
2023-12-02,S001-P0012,Groceries,137,334,84.12,81.95,150.10509183781812
2023-12-03,S001-P0012,Groceries,162,212,85.21,81.95,150.3232544956232
2023-12-04,S001-P0012,Groceries,146,396,101.07,81.95,121.52767874710138
2023-12-05,S001-P0012,Groceries,34,225,61.93,81.95,121.49235038789249
2023-12-06,S001-P0012,Groceries,118,203,88.17,81.95,132.23035837683375
2023-12-07,S001-P0012,Groceries,176,78,104.12,81.95,121.2022001086651
2023-12-08,S001-P0012,Groceries,153,220,97.7,81.95,121.1667853938041
2023-12-09,S001-P0012,Groceries,159,522,94.16,81.95,139.71219016079976
2023-12-10,S001-P0012,Groceries,169,346,92.05,81.95,139.87348172844958
2023-12-11,S001-P0012,Groceries,116,166,65.81,81.95,140.09382991698786
2023-12-12,S001-P0012,Groceries,89,344,72.29,81.95,132.50873720112045
2023-12-13,S001-P0012,Groceries,107,266,89.74,81.95,132.22751390968665
2023-12-14,S001-P0012,Groceries,94,173,77.48,81.95,132.15968374919728
2023-12-15,S001-P0012,Groceries,124,305,80.35,81.95,139.61513142055935
2023-12-16,S001-P0012,Groceries,112,208,91.13,81.95,121.30284690168213
2023-12-17,S001-P0012,Groceries,170,355,96.94,81.95,150.2607079337702
2023-12-18,S001-P0012,Groceries,170,252,92.18,81.95,121.62559982800963
2023-12-19,S001-P0012,Groceries,239,440,108.5,81.95,161.23749438026744
2023-12-20,S001-P0012,Groceries,98,232,78.63,81.95,110.90480134305531
2023-12-21,S001-P0012,Groceries,49,713,65.6,81.95,132.19550558881903
2023-12-22,S001-P0012,Groceries,141,669,89.66,81.95,160.8998126326735
2023-12-23,S001-P0012,Groceries,83,550,74.66,81.95,110.9913263013114
2023-12-24,S001-P0012,Groceries,140,486,94.34,81.95,132.3994654024934
2023-12-25,S001-P0012,Groceries,112,328,78.06,81.95,139.88934032658875
2023-12-26,S001-P0012,Groceries,109,199,81.53,81.95,111.0493934925291
2023-12-27,S001-P0012,Groceries,50,120,62.65,81.95,67.46264547876828
2023-12-28,S001-P0012,Groceries,111,255,86.22,81.95,88.58687218567535
2023-12-29,S001-P0012,Groceries,86,186,75.61,81.95,88.65515907191057
2023-12-30,S001-P0012,Groceries,28,282,57.28,81.95,67.48849023765732
2023-12-31,S001-P0012,Groceries,43,251,67.86,81.95,77.93234460447181
2024-01-01,S001-P0012,Groceries,15,212,63.12,81.95,78.40528856321815
2024-01-02,S001-P0012,Groceries,50,196,66.26,81.95,78.36196765419893
2024-01-03,S001-P0012,Groceries,113,144,82.56,81.95,78.18449066663041
2024-01-04,S001-P0012,Groceries,40,13,67.01,81.95,67.60288973788158
2024-01-05,S001-P0012,Groceries,63,260,69.53,81.95,89.02979197148981
2024-01-06,S001-P0012,Groceries,122,217,84.82,81.95,78.20455387064592
2024-01-07,S001-P0012,Groceries,108,127,81.01,81.95,96.70357851420329
2024-01-08,S001-P0012,Groceries,43,267,71.18,81.95,78.35119572098006
2024-01-09,S001-P0012,Groceries,185,239,80.01,81.95,140.28223441182635
2024-01-10,S001-P0012,Groceries,58,38,71.73,81.95,111.19470051821241
2024-01-11,S001-P0012,Groceries,133,304,72.86,81.95,139.97263368902185
2024-01-12,S001-P0012,Groceries,169,166,96.9,81.95,150.2160682374873
2024-01-13,S001-P0012,Groceries,117,359,69.37,81.95,161.4783401962154
2024-01-14,S001-P0012,Groceries,117,277,88.01,81.95,111.36126619980567
2024-01-15,S001-P0012,Groceries,54,149,67.16,81.95,121.80578633434807
2024-01-16,S001-P0012,Groceries,87,289,79.63,81.95,111.30597124813212
2024-01-17,S001-P0012,Groceries,127,197,81.25,81.95,150.32183863668382
2024-01-18,S001-P0012,Groceries,75,54,65.04,81.95,161.1522248614085
2024-01-19,S001-P0012,Groceries,100,286,83.37,81.95,111.00124976319793
2024-01-20,S001-P0012,Groceries,139,184,98.81,81.95,132.44075561315205
2024-01-21,S001-P0012,Groceries,154,80,103.34,81.95,121.62857386472943
2024-01-22,S001-P0012,Groceries,69,255,62.94,81.95,161.54400062580024
2024-01-23,S001-P0012,Groceries,121,544,75.62,81.95,140.02546519465363
2024-01-24,S001-P0012,Groceries,126,415,95.33,81.95,121.3878060827163
2024-01-25,S001-P0012,Groceries,112,298,77.87,81.95,161.01531299357043
2024-01-26,S001-P0012,Groceries,125,228,90.14,81.95,121.31591247808949
2024-01-27,S001-P0012,Groceries,159,373,94.57,81.95,111.05010767412912
2024-01-28,S001-P0012,Groceries,65,199,69.97,81.95,121.65190946812406
2024-01-29,S001-P0012,Groceries,174,505,103.5,81.95,121.64048783383167
2024-01-30,S001-P0012,Groceries,86,396,83.66,81.95,111.08296350795538
2023-10-03,S001-P0013,Toys,106,136,27.24,30.62,118.86547550523926
2023-10-04,S001-P0013,Toys,84,100,30.46,30.62,89.80219529707531
2023-10-05,S001-P0013,Toys,86,115,30.62,30.62,79.29804146400319
2023-10-06,S001-P0013,Toys,71,148,30.54,30.62,89.73047932280761
2023-10-07,S001-P0013,Toys,31,90,23.49,30.62,36.1159295554161
2023-10-08,S001-P0013,Toys,21,120,23.75,30.62,46.65565632596775
2023-10-09,S001-P0013,Toys,41,97,28.64,30.62,46.617083044200264
2023-10-10,S001-P0013,Toys,47,111,24.93,30.62,65.03043758094341
2023-10-11,S001-P0013,Toys,14,62,22.95,30.62,57.45635981547072
2023-10-12,S001-P0013,Toys,28,102,23.21,30.62,64.71263386847126
2023-10-13,S001-P0013,Toys,23,71,22.69,30.62,36.022052487960636
2023-10-14,S001-P0013,Toys,12,103,22.86,30.62,36.16100304670269
2023-10-15,S001-P0013,Toys,33,95,23.72,30.62,36.39117021491286
2023-10-16,S001-P0013,Toys,48,108,26.58,30.62,65.15006316831588
2023-10-17,S001-P0013,Toys,35,111,22.4,30.62,86.50746794944318
2023-10-18,S001-P0013,Toys,51,75,28.35,30.62,36.171203586798526
2023-10-19,S001-P0013,Toys,70,76,28.86,30.62,57.44351087493227
2023-10-20,S001-P0013,Toys,18,76,22.09,30.62,86.21923807245895
2023-10-21,S001-P0013,Toys,44,114,29.01,30.62,57.5234426275678
2023-10-22,S001-P0013,Toys,69,75,27.21,30.62,75.58854878364497
2023-10-23,S001-P0013,Toys,15,98,21.96,30.62,75.60236476492415
2023-10-24,S001-P0013,Toys,10,84,23.85,30.62,36.38114177908588
2023-10-25,S001-P0013,Toys,102,74,27.24,30.62,118.94028196921275
2023-10-26,S001-P0013,Toys,118,114,37.72,30.62,89.92241297557649
2023-10-27,S001-P0013,Toys,91,121,31.19,30.62,100.97015971907437
2023-10-28,S001-P0013,Toys,56,117,28.86,30.62,101.1263483579762
2023-10-29,S001-P0013,Toys,25,111,24.11,30.62,101.3537444396468
2023-10-30,S001-P0013,Toys,131,86,37.27,30.62,79.98556123299856
2023-10-31,S001-P0013,Toys,92,147,31.21,30.62,80.01443446775258
2023-11-01,S001-P0013,Toys,121,173,30.73,30.62,108.55948688025234
2023-11-02,S001-P0013,Toys,93,177,31.23,30.62,101.03023158912028
2023-11-03,S001-P0013,Toys,104,85,32.56,30.62,79.67868889621397
2023-11-04,S001-P0013,Toys,110,124,33.12,30.62,79.79838396627142
2023-11-05,S001-P0013,Toys,103,118,30.66,30.62,108.7130616269546
2023-11-06,S001-P0013,Toys,76,143,32.76,30.62,79.97997225067772
2023-11-07,S001-P0013,Toys,85,83,32.16,30.62,79.95233238241343
2023-11-08,S001-P0013,Toys,153,109,31.3,30.62,130.05936797901174
2023-11-09,S001-P0013,Toys,60,138,26.41,30.62,79.7674001925859
2023-11-10,S001-P0013,Toys,69,77,30.33,30.62,79.68494728864145
2023-11-11,S001-P0013,Toys,86,65,33.95,30.62,79.8377767571726
2023-11-12,S001-P0013,Toys,49,81,26.76,30.62,80.0617750393637
2023-11-13,S001-P0013,Toys,61,102,27.92,30.62,90.54363865794858
2023-11-14,S001-P0013,Toys,114,124,30.07,30.62,108.83981213119557
2023-11-15,S001-P0013,Toys,79,105,31.44,30.62,79.84273789441006
2023-11-16,S001-P0013,Toys,115,93,33.62,30.62,118.86997189343944
2023-11-17,S001-P0013,Toys,46,105,26.3,30.62,79.80825678000038
2023-11-18,S001-P0013,Toys,59,113,23.36,30.62,108.7578206455462
2023-11-19,S001-P0013,Toys,39,113,25.7,30.62,101.43221291025726
2023-11-20,S001-P0013,Toys,91,76,29.52,30.62,108.91214195296993
2023-11-21,S001-P0013,Toys,61,99,25.06,30.62,130.20646332298398
2023-11-22,S001-P0013,Toys,101,112,35.67,30.62,90.22516037276446
2023-11-23,S001-P0013,Toys,102,128,26.82,30.62,108.70834762667127
2023-11-24,S001-P0013,Toys,53,124,28.54,30.62,90.18682150407597
2023-11-25,S001-P0013,Toys,33,75,22.18,30.62,108.79109728852019
2023-11-26,S001-P0013,Toys,68,96,28.69,30.62,101.51837523972439
2023-11-27,S001-P0013,Toys,133,99,39.43,30.62,101.46856588524113
2023-11-28,S001-P0013,Toys,126,125,36.62,30.62,80.05475396024029
2023-11-29,S001-P0013,Toys,94,147,33.11,30.62,101.2129242612752
2023-11-30,S001-P0013,Toys,73,163,30.84,30.62,90.1319499318173
2023-12-01,S001-P0013,Toys,65,76,23.94,30.62,132.63215436479507
2023-12-02,S001-P0013,Toys,161,72,34.19,30.62,121.81681849985353
2023-12-03,S001-P0013,Toys,115,169,33.73,30.62,93.12670616082448
2023-12-04,S001-P0013,Toys,134,166,33.61,30.62,121.98315941351359
2023-12-05,S001-P0013,Toys,45,177,24.81,30.62,121.89299072348564
2023-12-06,S001-P0013,Toys,136,135,28.37,30.62,132.79551970488407
2023-12-07,S001-P0013,Toys,83,178,30.18,30.62,92.85908643988137
2023-12-08,S001-P0013,Toys,103,92,34.12,30.62,92.8236717250204
2023-12-09,S001-P0013,Toys,45,127,26.18,30.62,82.62532248763925
2023-12-10,S001-P0013,Toys,101,100,32.17,30.62,82.73177372446995
2023-12-11,S001-P0013,Toys,100,107,33.78,30.62,82.73276058973191
2023-12-12,S001-P0013,Toys,65,95,31.47,30.62,104.0011025398795
2023-12-13,S001-P0013,Toys,77,121,28.1,30.62,132.62815424527972
2023-12-14,S001-P0013,Toys,100,107,32.13,30.62,103.7617297495945
2023-12-15,S001-P0013,Toys,122,156,34.4,30.62,82.41858308576063
2023-12-16,S001-P0013,Toys,65,150,28.4,30.62,92.95973323289843
2023-12-17,S001-P0013,Toys,146,93,36.8,30.62,121.86275393416742
2023-12-18,S001-P0013,Toys,83,137,31.94,30.62,93.17280549758775
2023-12-19,S001-P0013,Toys,143,136,36.64,30.62,104.04094604546874
2023-12-20,S001-P0013,Toys,128,125,31.04,30.62,111.36028200946747
2023-12-21,S001-P0013,Toys,108,126,34.72,30.62,103.74271125839715
2023-12-22,S001-P0013,Toys,123,139,29.07,30.62,132.6115392947089
2023-12-23,S001-P0013,Toys,54,148,28.72,30.62,82.53853197088954
2023-12-24,S001-P0013,Toys,161,113,38.47,30.62,104.05635173370969
2023-12-25,S001-P0013,Toys,115,195,35.47,30.62,82.74763232260915
2023-12-26,S001-P0013,Toys,75,93,32.6,30.62,82.59659916210721
2023-12-27,S001-P0013,Toys,44,114,21.77,30.62,67.91812614518048
2023-12-28,S001-P0013,Toys,30,73,27.37,30.62,60.18891818607255
2023-12-29,S001-P0013,Toys,28,105,25.84,30.62,60.25720507230778
2023-12-30,S001-P0013,Toys,13,84,25.4,30.62,38.98085557641637
2023-12-31,S001-P0013,Toys,42,75,25.89,30.62,49.64407126650718
2024-01-01,S001-P0013,Toys,21,97,23.79,30.62,50.06217489443445
2024-01-02,S001-P0013,Toys,16,72,20.8,30.62,78.76260798979203
2024-01-03,S001-P0013,Toys,47,110,25.1,30.62,49.841376997846695
2024-01-04,S001-P0013,Toys,23,79,22.7,30.62,39.314616399916964
2024-01-05,S001-P0013,Toys,16,114,20.8,30.62,89.43043230708291
2024-01-06,S001-P0013,Toys,34,95,27.91,30.62,49.75175954022404
2024-01-07,S001-P0013,Toys,28,113,21.74,30.62,68.41530517623866
2024-01-08,S001-P0013,Toys,25,84,24.17,30.62,50.00808205219634
2024-01-09,S001-P0013,Toys,129,109,29.21,30.62,111.88428041222356
2024-01-10,S001-P0013,Toys,163,146,36.65,30.62,111.54050052298639
2024-01-11,S001-P0013,Toys,74,175,30.87,30.62,82.66640469258499
2024-01-12,S001-P0013,Toys,36,94,24.02,30.62,93.12920056432677
2024-01-13,S001-P0013,Toys,138,102,37.95,30.62,104.11727086895951
2024-01-14,S001-P0013,Toys,63,118,28.17,30.62,82.96331220020288
2024-01-15,S001-P0013,Toys,77,141,31.26,30.62,93.40783233474528
2024-01-16,S001-P0013,Toys,152,76,31.22,30.62,111.81629224536339
2024-01-17,S001-P0013,Toys,135,153,33.9,30.62,121.86904430626194
2024-01-18,S001-P0013,Toys,61,162,27.88,30.62,104.0105168574289
2024-01-19,S001-P0013,Toys,105,125,32.67,30.62,82.60329576359513
2024-01-20,S001-P0013,Toys,120,146,32.4,30.62,104.15248227518742
2024-01-21,S001-P0013,Toys,132,168,39.25,30.62,93.23061986512664
2024-01-22,S001-P0013,Toys,91,185,29.56,30.62,104.34745229100156
2024-01-23,S001-P0013,Toys,99,117,26.94,30.62,111.68235152586992
2024-01-24,S001-P0013,Toys,84,168,33.73,30.62,92.9898520831135
2024-01-25,S001-P0013,Toys,174,98,39.74,30.62,132.61735899396766
2024-01-26,S001-P0013,Toys,104,200,30.78,30.62,92.97279880930577
2024-01-27,S001-P0013,Toys,69,101,22.75,30.62,111.56042867136038
2024-01-28,S001-P0013,Toys,57,92,27.54,30.62,93.1991151377022
2024-01-29,S001-P0013,Toys,109,93,33.06,30.62,93.24253383422888
2024-01-30,S001-P0013,Toys,116,91,33.76,30.62,82.73984983917168
2023-10-03,S001-P0014,Groceries,126,676,83.86,72.255,118.30031417718887
2023-10-04,S001-P0014,Groceries,86,586,66.38,72.255,118.2001492966781
2023-10-05,S001-P0014,Groceries,28,490,53.07,72.255,107.75083579442506
2023-10-06,S001-P0014,Groceries,39,460,55.71,72.255,118.12843332241042
2023-10-07,S001-P0014,Groceries,70,422,62.67,72.255,64.51388355501891
2023-10-08,S001-P0014,Groceries,82,370,51.75,72.255,103.90704499158555
2023-10-09,S001-P0014,Groceries,211,279,75.06,72.255,103.97815237145623
2023-10-10,S001-P0014,Groceries,42,57,56.31,72.255,64.62979724535032
2023-10-11,S001-P0014,Groceries,143,26,75.29,72.255,114.54322748863127
2023-10-12,S001-P0014,Groceries,75,532,60.3,72.255,93.16542819889312
2023-10-13,S001-P0014,Groceries,71,479,66.4,72.255,64.36516615674435
2023-10-14,S001-P0014,Groceries,69,425,58.92,72.255,93.3575513815014
2023-10-15,S001-P0014,Groceries,103,382,55.55,72.255,93.64255888053066
2023-10-16,S001-P0014,Groceries,56,276,62.86,72.255,64.74942283272276
2023-10-17,S001-P0014,Groceries,86,240,62.88,72.255,114.79574128740782
2023-10-18,S001-P0014,Groceries,116,492,61.03,72.255,93.47743258323541
2023-10-19,S001-P0014,Groceries,139,374,65.25,72.255,114.69489954055008
2023-10-20,S001-P0014,Groceries,93,228,71.7,72.255,85.76375740604676
2023-10-21,S001-P0014,Groceries,101,160,66.16,72.255,86.03107728880877
2023-10-22,S001-P0014,Groceries,70,480,59.17,72.255,103.98650278324776
2023-10-23,S001-P0014,Groceries,80,435,68.44,72.255,75.25656476015013
2023-10-24,S001-P0014,Groceries,27,383,50.13,72.255,64.83393610950776
2023-10-25,S001-P0014,Groceries,91,357,64.1,72.255,118.53964163361964
2023-10-26,S001-P0014,Groceries,144,279,75.51,72.255,118.43004763681746
2023-10-27,S001-P0014,Groceries,21,160,57.13,72.255,129.3132733878581
2023-10-28,S001-P0014,Groceries,165,146,80.06,72.255,129.57914268839806
2023-10-29,S001-P0014,Groceries,113,427,72.57,72.255,129.69685810843052
2023-10-30,S001-P0014,Groceries,113,356,76.38,72.255,108.43835556342046
2023-10-31,S001-P0014,Groceries,116,674,69.37,72.255,108.41238846735538
2023-11-01,S001-P0014,Groceries,138,546,78.12,72.255,108.21368687547832
2023-11-02,S001-P0014,Groceries,194,433,80.87,72.255,158.22677992391897
2023-11-03,S001-P0014,Groceries,83,218,55.46,72.255,136.93007756183175
2023-11-04,S001-P0014,Groceries,84,137,54.87,72.255,137.10461296270825
2023-11-05,S001-P0014,Groceries,84,701,54.94,72.255,137.27553661901464
2023-11-06,S001-P0014,Groceries,102,607,66.48,72.255,108.48760691191868
2023-11-07,S001-P0014,Groceries,98,513,72.75,72.255,108.35028638201624
2023-11-08,S001-P0014,Groceries,101,437,69.7,72.255,158.29280098615726
2023-11-09,S001-P0014,Groceries,71,362,62.82,72.255,108.16535419218869
2023-11-10,S001-P0014,Groceries,132,292,64.02,72.255,137.0460166158974
2023-11-11,S001-P0014,Groceries,173,171,76.46,72.255,137.14400575360946
2023-11-12,S001-P0014,Groceries,112,23,60.09,72.255,137.36800403580054
2023-11-13,S001-P0014,Groceries,140,348,78.64,72.255,118.94159265755137
2023-11-14,S001-P0014,Groceries,153,816,67.92,72.255,137.3474467924365
2023-11-15,S001-P0014,Groceries,145,700,67.33,72.255,137.09412656002783
2023-11-16,S001-P0014,Groceries,86,574,69.96,72.255,118.46933155784633
2023-11-17,S001-P0014,Groceries,75,495,70.82,72.255,108.09653011796502
2023-11-18,S001-P0014,Groceries,135,430,81.78,72.255,108.24749964831494
2023-11-19,S001-P0014,Groceries,112,279,72.34,72.255,129.83016690986005
2023-11-20,S001-P0014,Groceries,111,155,75.93,72.255,108.56634194819594
2023-11-21,S001-P0014,Groceries,94,390,64.73,72.255,129.86066331820993
2023-11-22,S001-P0014,Groceries,74,310,67.17,72.255,118.67795470318636
2023-11-23,S001-P0014,Groceries,127,239,84.06,72.255,108.14318629862089
2023-11-24,S001-P0014,Groceries,150,151,81.19,72.255,118.58477550367877
2023-11-25,S001-P0014,Groceries,176,19,87.14,72.255,108.335616622108
2023-11-26,S001-P0014,Groceries,108,454,71.56,72.255,129.8614889085081
2023-11-27,S001-P0014,Groceries,169,338,89.97,72.255,129.86651988484394
2023-11-28,S001-P0014,Groceries,80,766,65.14,72.255,108.50754829066219
2023-11-29,S001-P0014,Groceries,65,697,64.93,72.255,129.610878260878
2023-11-30,S001-P0014,Groceries,122,632,78.66,72.255,118.52990393142011
2023-12-01,S001-P0014,Groceries,105,509,74.56,72.255,132.12183336756377
2023-12-02,S001-P0014,Groceries,83,418,72.83,72.255,121.30649750262226
2023-12-03,S001-P0014,Groceries,113,331,61.22,72.255,150.37809482644226
2023-12-04,S001-P0014,Groceries,5,203,47.92,72.255,121.58251907792047
2023-12-05,S001-P0014,Groceries,85,199,66.32,72.255,121.49235038789249
2023-12-06,S001-P0014,Groceries,78,510,68.01,72.255,132.28519870765282
2023-12-07,S001-P0014,Groceries,59,446,57.21,72.255,121.25704043948417
2023-12-08,S001-P0014,Groceries,140,384,83.03,72.255,121.1667853938041
2023-12-09,S001-P0014,Groceries,123,262,59.08,72.255,139.87671115325702
2023-12-10,S001-P0014,Groceries,196,171,86.33,72.255,139.92832205926868
2023-12-11,S001-P0014,Groceries,91,475,56.24,72.255,140.09382991698786
2023-12-12,S001-P0014,Groceries,73,417,60.05,72.255,161.19765087467817
2023-12-13,S001-P0014,Groceries,139,956,78.55,72.255,132.28235424050573
2023-12-14,S001-P0014,Groceries,186,806,79.88,72.255,160.9582780843932
2023-12-15,S001-P0014,Groceries,100,593,69.52,72.255,110.8713774161825
2023-12-16,S001-P0014,Groceries,140,522,74.7,72.255,150.101441236878
2023-12-17,S001-P0014,Groceries,104,425,70.29,72.255,121.57179426021246
2023-12-18,S001-P0014,Groceries,115,336,76.91,72.255,121.57075949719055
2023-12-19,S001-P0014,Groceries,148,202,80.71,72.255,132.43890004507153
2023-12-20,S001-P0014,Groceries,133,97,85.43,72.255,110.84996101223621
2023-12-21,S001-P0014,Groceries,175,395,77.63,72.255,160.93925959319586
2023-12-22,S001-P0014,Groceries,75,265,64.04,72.255,132.1560586282967
2023-12-23,S001-P0014,Groceries,133,214,73.12,72.255,139.68023997486912
2023-12-24,S001-P0014,Groceries,120,675,74.08,72.255,161.19805973768928
2023-12-25,S001-P0014,Groceries,77,533,67.76,72.255,111.09074599139285
2023-12-26,S001-P0014,Groceries,109,452,75.56,72.255,111.0493934925291
2023-12-27,S001-P0014,Groceries,45,368,54.11,72.255,67.46264547876828
2023-12-28,S001-P0014,Groceries,73,317,66.93,72.255,88.64171251649444
2023-12-29,S001-P0014,Groceries,127,248,79.78,72.255,88.65515907191057
2023-12-30,S001-P0014,Groceries,75,98,63.86,72.255,67.43364990683824
2023-12-31,S001-P0014,Groceries,78,35,67.93,72.255,77.93234460447181
2024-01-01,S001-P0014,Groceries,53,334,55.75,72.255,107.20388289841407
2024-01-02,S001-P0014,Groceries,104,290,78.28,72.255,78.30712732337985
2024-01-03,S001-P0014,Groceries,78,226,68.03,72.255,78.12965033581132
2024-01-04,S001-P0014,Groceries,39,173,55.71,72.255,67.65773006870069
2024-01-05,S001-P0014,Groceries,111,506,60.03,72.255,117.9380669683239
2024-01-06,S001-P0014,Groceries,65,421,61.53,72.255,78.259394201465
2024-01-07,S001-P0014,Groceries,109,345,71.76,72.255,67.95982450982646
2024-01-08,S001-P0014,Groceries,98,247,72.92,72.255,78.40603605179913
2024-01-09,S001-P0014,Groceries,108,176,56.45,72.255,140.28223441182635
2024-01-10,S001-P0014,Groceries,134,415,73.44,72.255,111.24954084903149
2024-01-11,S001-P0014,Groceries,55,287,62.47,72.255,111.00951836136869
2024-01-12,S001-P0014,Groceries,171,240,81.38,72.255,121.52715456392956
2024-01-13,S001-P0014,Groceries,91,410,71.28,72.255,132.5700651993814
2024-01-14,S001-P0014,Groceries,119,313,77.97,72.255,111.3064258689866
2024-01-15,S001-P0014,Groceries,105,650,70.53,72.255,121.86062666516715
2024-01-16,S001-P0014,Groceries,76,533,56.99,72.255,140.1594059141471
2024-01-17,S001-P0014,Groceries,52,452,61.86,72.255,121.46840397066885
2024-01-18,S001-P0014,Groceries,169,398,70.92,72.255,161.26190552304666
2024-01-19,S001-P0014,Groceries,109,287,59.56,72.255,139.90952476003199
2024-01-20,S001-P0014,Groceries,186,219,74.22,72.255,161.40387094080518
2024-01-21,S001-P0014,Groceries,128,612,60.03,72.255,150.59168919238257
2024-01-22,S001-P0014,Groceries,193,524,86.07,72.255,161.43431996416206
2024-01-23,S001-P0014,Groceries,86,362,73.71,72.255,111.17203052863863
2024-01-24,S001-P0014,Groceries,172,290,86.18,72.255,121.44264641353539
2024-01-25,S001-P0014,Groceries,67,693,58.86,72.255,132.3263993200127
2024-01-26,S001-P0014,Groceries,116,636,77.16,72.255,121.2610721472704
2024-01-27,S001-P0014,Groceries,178,518,73.74,72.255,139.9035423401441
2024-01-28,S001-P0014,Groceries,59,342,63.59,72.255,121.59706913730498
2024-01-29,S001-P0014,Groceries,77,287,64.29,72.255,121.69532816465075
2024-01-30,S001-P0014,Groceries,86,660,69.99,72.255,111.08296350795538
2023-10-03,S001-P0015,Toys,129,143,16.93,14.895,90.01204083922423
2023-10-04,S001-P0015,Toys,100,153,15.5,14.895,89.85703562789439
2023-10-05,S001-P0015,Toys,87,156,15.62,14.895,79.29804146400319
2023-10-06,S001-P0015,Toys,104,101,14.91,14.895,118.47423332718444
2023-10-07,S001-P0015,Toys,76,117,14.25,14.895,64.80484322897385
2023-10-08,S001-P0015,Toys,9,156,8.59,14.895,75.50909099198276
2023-10-09,S001-P0015,Toys,87,149,14.8,14.895,75.41567737939619
2023-10-10,S001-P0015,Toys,61,173,12.84,14.895,36.28668357656659
2023-10-11,S001-P0015,Toys,41,107,11.86,14.895,57.45635981547072
2023-10-12,S001-P0015,Toys,29,69,11.28,14.895,36.02372019491351
2023-10-13,S001-P0015,Toys,39,100,13.74,14.895,35.91237182632247
2023-10-14,S001-P0015,Toys,27,117,11.76,14.895,36.215843377521765
2023-10-15,S001-P0015,Toys,39,87,11.01,14.895,65.18976455010878
2023-10-16,S001-P0015,Toys,9,96,12.05,14.895,36.35146883311997
2023-10-17,S001-P0015,Toys,67,88,14.56,14.895,57.5991929526091
2023-10-18,S001-P0015,Toys,29,107,12.55,14.895,36.11636325597944
2023-10-19,S001-P0015,Toys,29,76,12.51,14.895,57.33383021329411
2023-10-20,S001-P0015,Toys,33,106,11.49,14.895,57.475484068082125
2023-10-21,S001-P0015,Toys,4,72,11.79,14.895,57.5234426275678
2023-10-22,S001-P0015,Toys,17,68,8.93,14.895,75.69822944528315
2023-10-23,S001-P0015,Toys,26,107,11.77,14.895,46.85861076054733
2023-10-24,S001-P0015,Toys,37,84,9.71,14.895,65.28941677591996
2023-10-25,S001-P0015,Toys,38,105,12.34,14.895,90.14168763401685
2023-10-26,S001-P0015,Toys,119,74,13.69,14.895,118.88552830322968
2023-10-27,S001-P0015,Toys,66,139,13.07,14.895,101.02500004989345
2023-10-28,S001-P0015,Toys,195,79,18.22,14.895,129.9249426931721
2023-10-29,S001-P0015,Toys,102,170,16.46,14.895,101.29890410882773
2023-10-30,S001-P0015,Toys,141,53,18.53,14.895,79.98556123299856
2023-10-31,S001-P0015,Toys,38,132,13.01,14.895,79.90475380611441
2023-11-01,S001-P0015,Toys,59,99,12.01,14.895,108.55948688025234
2023-11-02,S001-P0015,Toys,72,114,12.48,14.895,129.8288259243162
2023-11-03,S001-P0015,Toys,33,106,12.1,14.895,79.67868889621397
2023-11-04,S001-P0015,Toys,112,71,15.29,14.895,79.85322429709049
2023-11-05,S001-P0015,Toys,92,101,15.11,14.895,79.96930762257779
2023-11-06,S001-P0015,Toys,89,109,14.94,14.895,80.03481258149681
2023-11-07,S001-P0015,Toys,143,138,19.65,14.895,79.89749205159434
2023-11-08,S001-P0015,Toys,159,143,18.52,14.895,101.15109298217769
2023-11-09,S001-P0015,Toys,94,129,16.01,14.895,79.65771953094773
2023-11-10,S001-P0015,Toys,77,146,15.9,14.895,79.68494728864145
2023-11-11,S001-P0015,Toys,129,95,14.11,14.895,108.80089208482576
2023-11-12,S001-P0015,Toys,104,123,16.56,14.895,80.0069347085446
2023-11-13,S001-P0015,Toys,66,119,15.29,14.895,90.4339579963104
2023-11-14,S001-P0015,Toys,126,140,16.85,14.895,80.04121779599966
2023-11-15,S001-P0015,Toys,84,157,14.68,14.895,79.84273789441006
2023-11-16,S001-P0015,Toys,107,74,15.87,14.895,90.12621788906262
2023-11-17,S001-P0015,Toys,64,96,15.19,14.895,79.69857611836221
2023-11-18,S001-P0015,Toys,93,74,15.13,14.895,79.9592263103503
2023-11-19,S001-P0015,Toys,166,99,20.94,14.895,101.37737257943817
2023-11-20,S001-P0015,Toys,71,187,13.24,14.895,108.96698228378904
2023-11-21,S001-P0015,Toys,142,143,15.67,14.895,130.26130365380305
2023-11-22,S001-P0015,Toys,59,149,11.16,14.895,119.18827570041762
2023-11-23,S001-P0015,Toys,144,102,16.82,14.895,108.54382663421401
2023-11-24,S001-P0015,Toys,127,143,16.89,14.895,90.18682150407597
2023-11-25,S001-P0015,Toys,59,164,13.37,14.895,79.99250295332429
2023-11-26,S001-P0015,Toys,166,104,17.77,14.895,130.26212924410123
2023-11-27,S001-P0015,Toys,137,163,13.75,14.895,130.4316812128943
2023-11-28,S001-P0015,Toys,70,168,11.64,14.895,109.01786928789346
2023-11-29,S001-P0015,Toys,128,112,16.07,14.895,101.32260492291337
2023-11-30,S001-P0015,Toys,47,170,12.12,14.895,90.24163059345548
2023-12-01,S001-P0015,Toys,82,137,14.56,14.895,103.83356002959913
2023-12-02,S001-P0015,Toys,155,148,15.44,14.895,121.81681849985353
2023-12-03,S001-P0015,Toys,96,171,14.52,14.895,121.87046016520131
2023-12-04,S001-P0015,Toys,131,70,16.22,14.895,93.23940540913674
2023-12-05,S001-P0015,Toys,52,130,14.48,14.895,93.0395560574706
2023-12-06,S001-P0015,Toys,73,76,11.9,14.895,132.740679374065
2023-12-07,S001-P0015,Toys,54,59,13.88,14.895,92.80424610906229
2023-12-08,S001-P0015,Toys,73,68,15.65,14.895,92.7688313942013
2023-12-09,S001-P0015,Toys,65,70,13.72,14.895,82.62532248763925
2023-12-10,S001-P0015,Toys,69,86,13.93,14.895,82.73177372446995
2023-12-11,S001-P0015,Toys,86,108,14.03,14.895,82.84244125137008
2023-12-12,S001-P0015,Toys,95,106,16.07,14.895,104.0011025398795
2023-12-13,S001-P0015,Toys,31,112,9.96,14.895,132.79267523773697
2023-12-14,S001-P0015,Toys,99,77,13.72,14.895,132.6151644156095
2023-12-15,S001-P0015,Toys,49,106,13.62,14.895,82.41858308576063
2023-12-16,S001-P0015,Toys,135,118,15.35,14.895,121.8131678989134
2023-12-17,S001-P0015,Toys,71,117,11.68,14.895,122.02727492662467
2023-12-18,S001-P0015,Toys,114,126,16.22,14.895,93.17280549758775
2023-12-19,S001-P0015,Toys,150,171,18.06,14.895,104.04094604546874
2023-12-20,S001-P0015,Toys,35,188,12.84,14.895,82.5068473434525
2023-12-21,S001-P0015,Toys,106,163,15.0,14.895,103.79755158921623
2023-12-22,S001-P0015,Toys,132,153,18.03,14.895,103.7581046286939
2023-12-23,S001-P0015,Toys,122,209,18.44,14.895,82.48369164007045
2023-12-24,S001-P0015,Toys,91,117,16.7,14.895,104.0015114028906
2023-12-25,S001-P0015,Toys,104,122,14.92,14.895,111.49138632698596
2023-12-26,S001-P0015,Toys,104,103,17.44,14.895,82.59659916210721
2023-12-27,S001-P0015,Toys,58,116,12.69,14.895,67.75360515272322
2023-12-28,S001-P0015,Toys,32,111,10.69,14.895,89.09719318290662
2023-12-29,S001-P0015,Toys,41,76,13.87,14.895,60.20236474148869
2023-12-30,S001-P0015,Toys,38,81,13.01,14.895,39.03569590723546
2023-12-31,S001-P0015,Toys,63,102,14.34,14.895,49.58923093568811
2024-01-01,S001-P0015,Toys,12,104,9.81,14.895,78.91560956044944
2024-01-02,S001-P0015,Toys,18,90,11.94,14.895,49.909173323777054
2024-01-03,S001-P0015,Toys,33,69,10.74,14.895,78.63997133304261
2024-01-04,S001-P0015,Toys,10,90,10.9,14.895,39.314616399916964
2024-01-05,S001-P0015,Toys,73,83,14.16,14.895,60.631837971887016
2024-01-06,S001-P0015,Toys,46,109,13.46,14.895,49.75175954022404
2024-01-07,S001-P0015,Toys,10,115,9.21,14.895,68.41530517623866
2024-01-08,S001-P0015,Toys,16,109,11.81,14.895,49.95324172137727
2024-01-09,S001-P0015,Toys,122,91,13.83,14.895,111.88428041222356
2024-01-10,S001-P0015,Toys,89,128,16.55,14.895,82.74190618779052
2024-01-11,S001-P0015,Toys,64,170,14.42,14.895,82.66640469258499
2024-01-12,S001-P0015,Toys,138,95,14.72,14.895,121.9277948995227
2024-01-13,S001-P0015,Toys,156,129,16.44,14.895,132.97070553497448
2024-01-14,S001-P0015,Toys,108,157,17.67,14.895,82.90847186938379
2024-01-15,S001-P0015,Toys,112,196,16.97,14.895,93.40783233474528
2024-01-16,S001-P0015,Toys,97,94,17.05,14.895,82.85317691771023
2024-01-17,S001-P0015,Toys,99,88,15.45,14.895,93.12529030188514
2024-01-18,S001-P0015,Toys,74,109,14.2,14.895,103.95567652660982
2024-01-19,S001-P0015,Toys,78,123,15.94,14.895,82.54845543277604
2024-01-20,S001-P0015,Toys,181,105,16.54,14.895,132.95107661038332
2024-01-21,S001-P0015,Toys,152,174,17.23,14.895,93.34030052676479
2024-01-22,S001-P0015,Toys,83,150,16.23,14.895,104.2377716293634
2024-01-23,S001-P0015,Toys,118,96,17.32,14.895,82.77407652903582
2024-01-24,S001-P0015,Toys,90,110,15.78,14.895,93.04469241393258
2024-01-25,S001-P0015,Toys,170,104,20.09,14.895,103.87360498959085
2024-01-26,S001-P0015,Toys,148,149,14.94,14.895,121.82623347532078
2024-01-27,S001-P0015,Toys,144,156,14.97,14.895,111.50558834054131
2024-01-28,S001-P0015,Toys,80,155,14.46,14.895,121.94286914207902
2024-01-29,S001-P0015,Toys,86,66,15.59,14.895,93.24253383422888
2024-01-30,S001-P0015,Toys,83,80,13.88,14.895,82.79469016999076
2023-10-03,S001-P0016,Groceries,108,402,40.07,38.36,118.30031417718887
2023-10-04,S001-P0016,Groceries,129,283,36.41,38.36,146.998743631874
2023-10-05,S001-P0016,Groceries,160,687,44.26,38.36,136.4397494679828
2023-10-06,S001-P0016,Groceries,136,505,32.77,38.36,147.03670831924447
2023-10-07,S001-P0016,Groceries,129,390,40.56,38.36,93.20279722857666
2023-10-08,S001-P0016,Groceries,33,295,32.05,38.36,74.94392966393238
2023-10-09,S001-P0016,Groceries,102,257,31.09,38.36,103.97815237145623
2023-10-10,S001-P0016,Groceries,64,468,30.99,38.36,64.6846375761694
2023-10-11,S001-P0016,Groceries,102,416,39.35,38.36,85.74463315343536
2023-10-12,S001-P0016,Groceries,87,320,37.39,38.36,64.36683386369722
2023-10-13,S001-P0016,Groceries,78,235,32.4,38.36,93.16376049194025
2023-10-14,S001-P0016,Groceries,61,160,32.22,38.36,64.61379737712457
2023-10-15,S001-P0016,Groceries,95,119,38.39,38.36,64.73428388369658
2023-10-16,S001-P0016,Groceries,77,279,36.11,38.36,64.80426316354186
2023-10-17,S001-P0016,Groceries,31,201,28.66,38.36,86.051987283031
2023-10-18,S001-P0016,Groceries,63,169,30.73,38.36,93.36775192159723
2023-10-19,S001-P0016,Groceries,110,315,38.3,38.36,85.786624543716
2023-10-20,S001-P0016,Groceries,120,229,39.47,38.36,85.87343806768493
2023-10-21,S001-P0016,Groceries,94,86,40.29,38.36,85.92139662717061
2023-10-22,S001-P0016,Groceries,54,307,33.22,38.36,75.18790844805186
2023-10-23,S001-P0016,Groceries,84,273,31.17,38.36,104.10999942616512
2023-10-24,S001-P0016,Groceries,63,178,36.07,38.36,64.72425544786958
2023-10-25,S001-P0016,Groceries,155,109,46.14,38.36,118.42996097198147
2023-10-26,S001-P0016,Groceries,167,224,47.6,38.36,118.37520730599839
2023-10-27,S001-P0016,Groceries,146,91,47.36,38.36,129.3132733878581
2023-10-28,S001-P0016,Groceries,152,396,41.1,38.36,158.2680563619558
2023-10-29,S001-P0016,Groceries,72,265,35.42,38.36,129.64201777761144
2023-10-30,S001-P0016,Groceries,83,710,36.87,38.36,108.43835556342046
2023-10-31,S001-P0016,Groceries,105,646,41.75,38.36,108.3027078057172
2023-11-01,S001-P0016,Groceries,144,570,38.03,38.36,136.9574408798551
2023-11-02,S001-P0016,Groceries,122,457,37.66,38.36,129.42818558872307
2023-11-03,S001-P0016,Groceries,137,367,41.44,38.36,136.82039690019357
2023-11-04,S001-P0016,Groceries,129,258,40.65,38.36,108.19633796587422
2023-11-05,S001-P0016,Groceries,172,110,38.59,38.36,137.22069628819557
2023-11-06,S001-P0016,Groceries,84,359,33.28,38.36,108.48760691191868
2023-11-07,S001-P0016,Groceries,123,269,39.81,38.36,108.40512671283531
2023-11-08,S001-P0016,Groceries,102,714,39.34,38.36,129.4942066509614
2023-11-09,S001-P0016,Groceries,91,640,28.42,38.36,137.0187888582037
2023-11-10,S001-P0016,Groceries,69,566,33.22,38.36,108.19258194988242
2023-11-11,S001-P0016,Groceries,65,517,32.82,38.36,108.29057108759449
2023-11-12,S001-P0016,Groceries,133,472,38.77,38.36,137.2583233741624
2023-11-13,S001-P0016,Groceries,114,351,34.45,38.36,147.74018699274725
2023-11-14,S001-P0016,Groceries,93,226,36.2,38.36,108.49401212642152
2023-11-15,S001-P0016,Groceries,92,116,40.1,38.36,108.18585156319378
2023-11-16,S001-P0016,Groceries,52,333,34.64,38.36,118.46933155784633
2023-11-17,S001-P0016,Groceries,173,299,45.86,38.36,136.89512445316092
2023-11-18,S001-P0016,Groceries,101,130,37.22,38.36,108.30233997913402
2023-11-19,S001-P0016,Groceries,179,40,44.29,38.36,158.57392091423685
2023-11-20,S001-P0016,Groceries,88,620,35.5,38.36,108.62118227901502
2023-11-21,S001-P0016,Groceries,249,558,55.1,38.36,158.54957699176765
2023-11-22,S001-P0016,Groceries,83,391,38.8,38.36,118.62311437236727
2023-11-23,S001-P0016,Groceries,121,300,35.2,38.36,137.05146129545497
2023-11-24,S001-P0016,Groceries,104,931,39.56,38.36,118.58477550367877
2023-11-25,S001-P0016,Groceries,125,816,40.0,38.36,108.39045695292708
2023-11-26,S001-P0016,Groceries,97,670,34.8,38.36,129.91632923932718
2023-11-27,S001-P0016,Groceries,108,595,36.03,38.36,129.9762005464821
2023-11-28,S001-P0016,Groceries,139,475,44.02,38.36,108.45270795984308
2023-11-29,S001-P0016,Groceries,117,386,39.19,38.36,129.6657185916971
2023-11-30,S001-P0016,Groceries,87,306,39.3,38.36,118.52990393142011
2023-12-01,S001-P0016,Groceries,145,228,35.38,38.36,161.08494869521692
2023-12-02,S001-P0016,Groceries,85,457,39.05,38.36,121.30649750262226
2023-12-03,S001-P0016,Groceries,205,358,46.98,38.36,150.3232544956232
2023-12-04,S001-P0016,Groceries,103,119,33.54,38.36,150.38111341311637
2023-12-05,S001-P0016,Groceries,225,18,49.26,38.36,150.29094472308842
2023-12-06,S001-P0016,Groceries,100,670,37.06,38.36,132.28519870765282
2023-12-07,S001-P0016,Groceries,235,552,47.48,38.36,150.0556347746801
2023-12-08,S001-P0016,Groceries,88,934,31.58,38.36,150.07506039063819
2023-12-09,S001-P0016,Groceries,132,867,40.97,38.36,110.96843615642297
2023-12-10,S001-P0016,Groceries,68,757,36.79,38.36,111.07488739325365
2023-12-11,S001-P0016,Groceries,89,701,39.62,38.36,111.1307145893347
2023-12-12,S001-P0016,Groceries,132,609,45.43,38.36,132.3990565394823
2023-12-13,S001-P0016,Groceries,145,501,44.86,38.36,132.22751390968665
2023-12-14,S001-P0016,Groceries,171,379,50.75,38.36,132.1048434183782
2023-12-15,S001-P0016,Groceries,49,218,32.52,38.36,110.76169675454435
2023-12-16,S001-P0016,Groceries,86,176,35.31,38.36,121.4125275633203
2023-12-17,S001-P0016,Groceries,135,629,45.86,38.36,121.46211359857429
2023-12-18,S001-P0016,Groceries,129,526,32.1,38.36,150.4790344940246
2023-12-19,S001-P0016,Groceries,110,403,38.3,38.36,132.43890004507153
2023-12-20,S001-P0016,Groceries,68,281,34.95,38.36,110.84996101223621
2023-12-21,S001-P0016,Groceries,83,236,33.25,38.36,132.19550558881903
2023-12-22,S001-P0016,Groceries,157,175,39.46,38.36,160.9546529634926
2023-12-23,S001-P0016,Groceries,173,63,40.82,38.36,139.7899206365073
2023-12-24,S001-P0016,Groceries,126,201,42.35,38.36,132.3994654024934
2023-12-25,S001-P0016,Groceries,63,567,32.49,38.36,111.20042665303103
2023-12-26,S001-P0016,Groceries,114,504,36.72,38.36,139.79314749690593
2023-12-27,S001-P0016,Groceries,51,378,34.48,38.36,67.3529648171301
2023-12-28,S001-P0016,Groceries,99,345,41.05,38.36,88.58687218567535
2023-12-29,S001-P0016,Groceries,86,269,33.56,38.36,88.70999940272965
2023-12-30,S001-P0016,Groceries,56,181,30.13,38.36,67.48849023765732
2023-12-31,S001-P0016,Groceries,68,380,33.26,38.36,77.9871849352909
2024-01-01,S001-P0016,Groceries,79,334,38.28,38.36,78.40528856321815
2024-01-02,S001-P0016,Groceries,65,253,32.84,38.36,78.36196765419893
2024-01-03,S001-P0016,Groceries,85,179,35.26,38.36,78.18449066663041
2024-01-04,S001-P0016,Groceries,58,98,31.95,38.36,67.65773006870069
2024-01-05,S001-P0016,Groceries,57,57,31.89,38.36,89.02979197148981
2024-01-06,S001-P0016,Groceries,88,255,35.68,38.36,78.20455387064592
2024-01-07,S001-P0016,Groceries,112,168,32.01,38.36,96.86809950666054
2024-01-08,S001-P0016,Groceries,76,82,28.38,38.36,107.31431104863321
2024-01-09,S001-P0016,Groceries,96,275,32.43,38.36,140.22739408100728
2024-01-10,S001-P0016,Groceries,112,181,32.07,38.36,140.10297551504644
2024-01-11,S001-P0016,Groceries,88,66,35.58,38.36,111.11919902300687
2024-01-12,S001-P0016,Groceries,66,275,32.92,38.36,121.52715456392956
2024-01-13,S001-P0016,Groceries,166,235,40.44,38.36,161.36865953457726
2024-01-14,S001-P0016,Groceries,172,92,38.15,38.36,140.26954119663975
2024-01-15,S001-P0016,Groceries,236,0,48.07,38.36,150.60438066954396
2024-01-16,S001-P0016,Groceries,110,485,34.27,38.36,140.10456558332803
2024-01-17,S001-P0016,Groceries,110,358,40.4,38.36,121.46840397066885
2024-01-18,S001-P0016,Groceries,171,835,45.68,38.36,161.0973845305894
2024-01-19,S001-P0016,Groceries,115,724,41.02,38.36,111.00124976319793
2024-01-20,S001-P0016,Groceries,191,647,48.23,38.36,132.49559594397115
2024-01-21,S001-P0016,Groceries,130,473,42.92,38.36,121.68341419554852
2024-01-22,S001-P0016,Groceries,159,376,44.28,38.36,132.6905659597853
2024-01-23,S001-P0016,Groceries,115,220,34.5,38.36,140.0803055254727
2024-01-24,S001-P0016,Groceries,146,98,44.96,38.36,121.44264641353539
2024-01-25,S001-P0016,Groceries,156,392,48.63,38.36,132.21671865837456
2024-01-26,S001-P0016,Groceries,113,206,42.88,38.36,121.2610721472704
2024-01-27,S001-P0016,Groceries,62,522,34.24,38.36,110.99526734331002
2024-01-28,S001-P0016,Groceries,140,466,46.54,38.36,121.5422288064859
2024-01-29,S001-P0016,Groceries,99,303,37.05,38.36,121.64048783383167
2024-01-30,S001-P0016,Groceries,90,225,35.9,38.36,111.13780383877449
2023-10-03,S001-P0017,Toys,85,130,21.97,21.045,89.95720050840515
2023-10-04,S001-P0017,Toys,77,31,19.22,21.045,89.85703562789439
2023-10-05,S001-P0017,Toys,77,78,20.31,21.045,79.29804146400319
2023-10-06,S001-P0017,Toys,72,109,22.09,21.045,89.67563899198854
2023-10-07,S001-P0017,Toys,24,62,17.34,21.045,36.006248893777936
2023-10-08,S001-P0017,Toys,41,38,15.83,21.045,75.39941033034458
2023-10-09,S001-P0017,Toys,13,50,15.69,21.045,46.72676370583843
2023-10-10,S001-P0017,Toys,38,39,15.65,21.045,65.03043758094341
2023-10-11,S001-P0017,Toys,17,66,16.86,21.045,57.401519484651644
2023-10-12,S001-P0017,Toys,59,45,16.99,21.045,64.76747419929033
2023-10-13,S001-P0017,Toys,51,57,18.46,21.045,35.96721215714156
2023-10-14,S001-P0017,Toys,14,76,16.6,21.045,36.16100304670269
2023-10-15,S001-P0017,Toys,34,65,19.11,21.045,36.281489553274696
2023-10-16,S001-P0017,Toys,8,87,16.18,21.045,36.406309163939056
2023-10-17,S001-P0017,Toys,45,78,15.16,21.045,86.50746794944318
2023-10-18,S001-P0017,Toys,42,98,15.01,21.045,65.02463825281352
2023-10-19,S001-P0017,Toys,4,72,15.03,21.045,86.13242454849002
2023-10-20,S001-P0017,Toys,18,67,14.36,21.045,86.21923807245895
2023-10-21,S001-P0017,Toys,49,47,20.24,21.045,57.5234426275678
2023-10-22,S001-P0017,Toys,60,50,18.07,21.045,46.844794779268135
2023-10-23,S001-P0017,Toys,35,59,19.13,21.045,46.80377042972824
2023-10-24,S001-P0017,Toys,69,70,19.66,21.045,65.1248957834627
2023-10-25,S001-P0017,Toys,89,77,20.05,21.045,90.14168763401685
2023-10-26,S001-P0017,Toys,116,95,19.46,21.045,118.8306879724106
2023-10-27,S001-P0017,Toys,124,98,26.3,21.045,100.91531938825528
2023-10-28,S001-P0017,Toys,111,129,21.6,21.045,129.870102362353
2023-10-29,S001-P0017,Toys,62,132,20.26,21.045,101.29890410882773
2023-10-30,S001-P0017,Toys,86,68,22.09,21.045,80.04040156381765
2023-10-31,S001-P0017,Toys,100,84,21.88,21.045,80.01443446775258
2023-11-01,S001-P0017,Toys,42,89,19.76,21.045,79.70605221423736
2023-11-02,S001-P0017,Toys,110,63,20.31,21.045,129.77398559349712
2023-11-03,S001-P0017,Toys,71,119,20.91,21.045,79.67868889621397
2023-11-04,S001-P0017,Toys,102,67,19.59,21.045,108.65181863228638
2023-11-05,S001-P0017,Toys,83,95,19.66,21.045,80.02414795339686
2023-11-06,S001-P0017,Toys,85,119,21.96,21.045,79.97997225067772
2023-11-07,S001-P0017,Toys,97,143,17.2,21.045,108.8606073792475
2023-11-08,S001-P0017,Toys,141,55,20.98,21.045,130.00452764819266
2023-11-09,S001-P0017,Toys,53,156,16.47,21.045,108.56599452778184
2023-11-10,S001-P0017,Toys,46,96,19.04,21.045,79.73978761946054
2023-11-11,S001-P0017,Toys,103,64,23.34,21.045,79.8377767571726
2023-11-12,S001-P0017,Toys,93,90,23.8,21.045,80.0069347085446
2023-11-13,S001-P0017,Toys,104,113,23.4,21.045,90.4887983271295
2023-11-14,S001-P0017,Toys,126,100,22.58,21.045,108.78497180037647
2023-11-15,S001-P0017,Toys,160,101,22.15,21.045,108.69617256042504
2023-11-16,S001-P0017,Toys,40,172,16.74,21.045,90.18105821988169
2023-11-17,S001-P0017,Toys,87,143,22.17,21.045,79.7534164491813
2023-11-18,S001-P0017,Toys,77,66,20.26,21.045,79.9592263103503
2023-11-19,S001-P0017,Toys,85,75,23.13,21.045,101.37737257943817
2023-11-20,S001-P0017,Toys,60,85,19.07,21.045,80.16838794859314
2023-11-21,S001-P0017,Toys,122,94,22.34,21.045,101.46270931860712
2023-11-22,S001-P0017,Toys,84,129,18.66,21.045,119.07859503877947
2023-11-23,S001-P0017,Toys,71,74,15.71,21.045,108.70834762667127
2023-11-24,S001-P0017,Toys,144,80,26.49,21.045,90.18682150407597
2023-11-25,S001-P0017,Toys,90,167,23.56,21.045,79.88282229168613
2023-11-26,S001-P0017,Toys,120,74,22.05,21.045,130.26212924410123
2023-11-27,S001-P0017,Toys,37,134,17.4,21.045,101.52340621606022
2023-11-28,S001-P0017,Toys,124,100,26.24,21.045,80.05475396024029
2023-11-29,S001-P0017,Toys,99,172,20.76,21.045,101.32260492291337
2023-11-30,S001-P0017,Toys,144,107,23.83,21.045,90.24163059345548
2023-12-01,S001-P0017,Toys,101,177,21.97,21.045,103.83356002959913
2023-12-02,S001-P0017,Toys,48,97,20.22,21.045,92.90854350301947
2023-12-03,S001-P0017,Toys,126,51,26.47,21.045,93.07186583000541
2023-12-04,S001-P0017,Toys,20,102,15.38,21.045,93.23940540913674
2023-12-05,S001-P0017,Toys,86,88,20.92,21.045,93.14923671910876
2023-12-06,S001-P0017,Toys,161,114,22.2,21.045,132.740679374065
2023-12-07,S001-P0017,Toys,73,174,18.96,21.045,92.85908643988137
2023-12-08,S001-P0017,Toys,123,98,18.64,21.045,121.73194672185448
2023-12-09,S001-P0017,Toys,77,128,20.31,21.045,82.57048215682018
2023-12-10,S001-P0017,Toys,133,53,23.11,21.045,82.78661405528902
2023-12-11,S001-P0017,Toys,136,151,23.3,21.045,111.53135492492781
2023-12-12,S001-P0017,Toys,194,216,27.25,21.045,132.7996968750754
2023-12-13,S001-P0017,Toys,96,314,24.06,21.045,103.82955991008384
2023-12-14,S001-P0017,Toys,107,226,23.68,21.045,103.7617297495945
2023-12-15,S001-P0017,Toys,111,117,18.0,21.045,111.32685808259471
2023-12-16,S001-P0017,Toys,130,139,19.08,21.045,121.86800822973248
2023-12-17,S001-P0017,Toys,114,152,24.19,21.045,93.06415959897149
2023-12-18,S001-P0017,Toys,65,30,21.56,21.045,93.11796516676867
2023-12-19,S001-P0017,Toys,122,64,23.49,21.045,104.09578637628782
2023-12-20,S001-P0017,Toys,137,141,23.23,21.045,111.30544167864839
2023-12-21,S001-P0017,Toys,84,195,19.71,21.045,103.79755158921623
2023-12-22,S001-P0017,Toys,140,98,20.93,21.045,132.6115392947089
2023-12-23,S001-P0017,Toys,82,161,22.89,21.045,82.48369164007045
2023-12-24,S001-P0017,Toys,154,66,20.45,21.045,132.96462673054376
2023-12-25,S001-P0017,Toys,86,164,23.25,21.045,82.69279199179006
2023-12-26,S001-P0017,Toys,114,65,22.91,21.045,82.70627982374538
2023-12-27,S001-P0017,Toys,18,119,13.36,21.045,67.91812614518048
2023-12-28,S001-P0017,Toys,63,101,21.36,21.045,60.18891818607255
2023-12-29,S001-P0017,Toys,34,52,17.24,21.045,60.25720507230778
2023-12-30,S001-P0017,Toys,24,75,16.46,21.045,39.09053623805453
2023-12-31,S001-P0017,Toys,34,57,18.15,21.045,49.53439060486902
2024-01-01,S001-P0017,Toys,13,69,16.52,21.045,50.06217489443445
2024-01-02,S001-P0017,Toys,31,55,16.98,21.045,50.01885398541522
2024-01-03,S001-P0017,Toys,34,82,17.19,21.045,49.841376997846695
2024-01-04,S001-P0017,Toys,5,50,15.96,21.045,39.25977606909789
2024-01-05,S001-P0017,Toys,9,47,12.83,21.045,89.54011296872109
2024-01-06,S001-P0017,Toys,11,39,17.21,21.045,49.75175954022404
2024-01-07,S001-P0017,Toys,18,82,16.06,21.045,39.61671084104275
2024-01-08,S001-P0017,Toys,28,60,14.91,21.045,78.86151671821133
2024-01-09,S001-P0017,Toys,99,77,23.05,21.045,82.97600541538947
2024-01-10,S001-P0017,Toys,66,133,15.41,21.045,111.70502151544365
2024-01-11,S001-P0017,Toys,56,56,18.77,21.045,82.66640469258499
2024-01-12,S001-P0017,Toys,113,82,24.15,21.045,93.01951990268859
2024-01-13,S001-P0017,Toys,167,122,26.73,21.045,132.91586520415538
2024-01-14,S001-P0017,Toys,33,172,17.12,21.045,83.01815253102195
2024-01-15,S001-P0017,Toys,100,135,20.82,21.045,93.46267266556436
2024-01-16,S001-P0017,Toys,81,121,20.63,21.045,82.90801724852932
2024-01-17,S001-P0017,Toys,123,61,24.92,21.045,93.12529030188514
2024-01-18,S001-P0017,Toys,147,120,28.09,21.045,103.90083619579073
2024-01-19,S001-P0017,Toys,80,166,20.53,21.045,82.60329576359513
2024-01-20,S001-P0017,Toys,209,100,29.79,21.045,132.84139594874515
2024-01-21,S001-P0017,Toys,103,246,19.86,21.045,122.08405453114165
2024-01-22,S001-P0017,Toys,226,182,29.27,21.045,133.09120629537838
2024-01-23,S001-P0017,Toys,100,193,24.35,21.045,82.77407652903582
2024-01-24,S001-P0017,Toys,100,122,19.65,21.045,121.84328674912848
2024-01-25,S001-P0017,Toys,100,155,23.1,21.045,103.87360498959085
2024-01-26,S001-P0017,Toys,77,49,21.4,21.045,92.9179584784867
2024-01-27,S001-P0017,Toys,131,82,21.66,21.045,111.45074800972223
2024-01-28,S001-P0017,Toys,144,105,20.91,21.045,122.10739013453627
2024-01-29,S001-P0017,Toys,108,143,22.57,21.045,93.24253383422888
2024-01-30,S001-P0017,Toys,80,186,21.59,21.045,82.73984983917168
2023-10-03,S001-P0018,Groceries,158,205,76.64,59.795,118.30031417718887
2023-10-04,S001-P0018,Groceries,128,186,63.42,59.795,118.2001492966781
2023-10-05,S001-P0018,Groceries,78,165,51.16,59.795,136.4397494679828
2023-10-06,S001-P0018,Groceries,177,165,72.49,59.795,118.18327365322949
2023-10-07,S001-P0018,Groceries,81,209,51.34,59.795,93.25763755939573
2023-10-08,S001-P0018,Groceries,64,159,45.86,59.795,103.79736432994737
2023-10-09,S001-P0018,Groceries,101,146,58.29,59.795,75.06987737462215
2023-10-10,S001-P0018,Groceries,28,149,46.8,59.795,64.57495691453121
2023-10-11,S001-P0018,Groceries,80,126,57.1,59.795,85.79947348425445
2023-10-12,S001-P0018,Groceries,99,99,51.78,59.795,93.16542819889312
2023-10-13,S001-P0018,Groceries,163,97,62.73,59.795,93.16376049194025
2023-10-14,S001-P0018,Groceries,106,167,59.29,59.795,64.5589570463055
2023-10-15,S001-P0018,Groceries,83,139,51.93,59.795,93.4780378880734
2023-10-16,S001-P0018,Groceries,98,159,57.65,59.795,64.85910349436094
2023-10-17,S001-P0018,Groceries,141,209,65.79,59.795,86.10682761385007
2023-10-18,S001-P0018,Groceries,125,224,69.62,59.795,64.51431725558223
2023-10-19,S001-P0018,Groceries,148,112,63.3,59.795,114.5852188789119
2023-10-20,S001-P0018,Groceries,129,141,63.46,59.795,114.56235174124268
2023-10-21,S001-P0018,Groceries,33,154,47.79,59.795,85.9762369579897
2023-10-22,S001-P0018,Groceries,68,126,54.67,59.795,75.13306811723277
2023-10-23,S001-P0018,Groceries,40,125,46.61,59.795,75.3114050909692
2023-10-24,S001-P0018,Groceries,93,129,59.8,59.795,64.72425544786958
2023-10-25,S001-P0018,Groceries,117,144,58.06,59.795,118.53964163361964
2023-10-26,S001-P0018,Groceries,80,170,57.1,59.795,118.3203669751793
2023-10-27,S001-P0018,Groceries,62,153,56.4,59.795,129.3132733878581
2023-10-28,S001-P0018,Groceries,155,160,57.08,59.795,158.43257735441304
2023-10-29,S001-P0018,Groceries,103,198,64.94,59.795,129.64201777761144
2023-10-30,S001-P0018,Groceries,117,133,67.89,59.795,108.38351523260135
2023-10-31,S001-P0018,Groceries,100,109,55.12,59.795,108.41238846735538
2023-11-01,S001-P0018,Groceries,90,111,62.25,59.795,108.10400621384017
2023-11-02,S001-P0018,Groceries,167,105,63.38,59.795,158.1719395930999
2023-11-03,S001-P0018,Groceries,111,148,57.03,59.795,136.82039690019357
2023-11-04,S001-P0018,Groceries,37,147,45.96,59.795,108.2511782966933
2023-11-05,S001-P0018,Groceries,72,116,46.81,59.795,137.22069628819557
2023-11-06,S001-P0018,Groceries,75,137,59.18,59.795,108.37792625028052
2023-11-07,S001-P0018,Groceries,129,164,60.3,59.795,108.40512671283531
2023-11-08,S001-P0018,Groceries,210,158,70.81,59.795,158.34764131697636
2023-11-09,S001-P0018,Groceries,206,241,78.04,59.795,136.85426786574644
2023-11-10,S001-P0018,Groceries,85,306,58.12,59.795,108.08290128824424
2023-11-11,S001-P0018,Groceries,79,218,54.18,59.795,108.29057108759449
2023-11-12,S001-P0018,Groceries,150,124,60.02,59.795,137.31316370498146
2023-11-13,S001-P0018,Groceries,66,182,48.92,59.795,118.94159265755137
2023-11-14,S001-P0018,Groceries,95,106,60.23,59.795,108.43917179560245
2023-11-15,S001-P0018,Groceries,182,114,69.46,59.795,137.03928622920876
2023-11-16,S001-P0018,Groceries,88,174,61.75,59.795,118.46933155784633
2023-11-17,S001-P0018,Groceries,48,171,53.44,59.795,108.09653011796502
2023-11-18,S001-P0018,Groceries,112,116,63.63,59.795,108.24749964831494
2023-11-19,S001-P0018,Groceries,114,134,60.64,59.795,158.57392091423685
2023-11-20,S001-P0018,Groceries,117,114,67.93,59.795,108.51150161737684
2023-11-21,S001-P0018,Groceries,140,156,65.79,59.795,129.80582298739085
2023-11-22,S001-P0018,Groceries,195,166,71.73,59.795,147.47654903838225
2023-11-23,S001-P0018,Groceries,101,208,61.28,59.795,108.14318629862089
2023-11-24,S001-P0018,Groceries,135,120,64.59,59.795,118.63961583449785
2023-11-25,S001-P0018,Groceries,157,117,61.13,59.795,137.18905128812298
2023-11-26,S001-P0018,Groceries,102,183,55.37,59.795,129.91632923932718
2023-11-27,S001-P0018,Groceries,34,223,43.05,59.795,129.9762005464821
2023-11-28,S001-P0018,Groceries,118,194,58.38,59.795,108.56238862148126
2023-11-29,S001-P0018,Groceries,112,233,57.22,59.795,129.72055892251618
2023-11-30,S001-P0018,Groceries,89,131,58.94,59.795,118.52990393142011
2023-12-01,S001-P0018,Groceries,180,121,81.27,59.795,132.12183336756377
2023-12-02,S001-P0018,Groceries,115,146,54.02,59.795,150.2147724994563
2023-12-03,S001-P0018,Groceries,157,132,68.72,59.795,121.57950049124636
2023-12-04,S001-P0018,Groceries,108,152,62.81,59.795,121.52767874710138
2023-12-05,S001-P0018,Groceries,145,129,59.59,59.795,150.29094472308842
2023-12-06,S001-P0018,Groceries,100,129,61.13,59.795,132.28519870765282
2023-12-07,S001-P0018,Groceries,143,180,66.08,59.795,121.25704043948417
2023-12-08,S001-P0018,Groceries,86,169,55.29,59.795,121.27646605544227
2023-12-09,S001-P0018,Groceries,152,179,75.27,59.795,110.91359582560389
2023-12-10,S001-P0018,Groceries,177,154,72.66,59.795,139.87348172844958
2023-12-11,S001-P0018,Groceries,55,150,46.86,59.795,111.24039525097288
2023-12-12,S001-P0018,Groceries,161,100,66.12,59.795,132.50873720112045
2023-12-13,S001-P0018,Groceries,142,159,59.1,59.795,161.0809485757016
2023-12-14,S001-P0018,Groceries,140,169,65.5,59.795,132.21452408001636
2023-12-15,S001-P0018,Groceries,128,144,53.4,59.795,139.66997175137843
2023-12-16,S001-P0018,Groceries,34,173,47.84,59.795,121.35768723250122
2023-12-17,S001-P0018,Groceries,94,138,54.04,59.795,150.2607079337702
2023-12-18,S001-P0018,Groceries,76,177,53.42,59.795,121.62559982800963
2023-12-19,S001-P0018,Groceries,134,115,60.76,59.795,161.23749438026744
2023-12-20,S001-P0018,Groceries,92,118,56.47,59.795,110.95964167387439
2023-12-21,S001-P0018,Groceries,112,148,60.28,59.795,160.88441926237675
2023-12-22,S001-P0018,Groceries,157,145,65.38,59.795,132.21089895911578
2023-12-23,S001-P0018,Groceries,181,201,61.14,59.795,139.84476096732638
2023-12-24,S001-P0018,Groceries,132,202,67.51,59.795,132.45430573331248
2023-12-25,S001-P0018,Groceries,52,179,54.33,59.795,111.09074599139285
2023-12-26,S001-P0018,Groceries,120,148,61.95,59.795,111.0493934925291
2023-12-27,S001-P0018,Groceries,62,161,53.63,59.795,67.4078051479492
2023-12-28,S001-P0018,Groceries,121,89,58.89,59.795,117.38546652087126
2023-12-29,S001-P0018,Groceries,73,114,55.75,59.795,88.65515907191057
2023-12-30,S001-P0018,Groceries,56,115,55.07,59.795,67.37880957601917
2023-12-31,S001-P0018,Groceries,55,106,54.77,59.795,77.93234460447181
2024-01-01,S001-P0018,Groceries,101,108,52.08,59.795,107.25872322923314
2024-01-02,S001-P0018,Groceries,97,125,60.58,59.795,78.36196765419893
2024-01-03,S001-P0018,Groceries,78,112,53.79,59.795,78.23933099744949
2024-01-04,S001-P0018,Groceries,41,107,41.5,59.795,96.51116473471566
2024-01-05,S001-P0018,Groceries,105,114,55.55,59.795,117.82838630668572
2024-01-06,S001-P0018,Groceries,70,164,52.29,59.795,78.259394201465
2024-01-07,S001-P0018,Groceries,56,173,52.39,59.795,67.95982450982646
2024-01-08,S001-P0018,Groceries,76,116,59.22,59.795,78.35119572098006
2024-01-09,S001-P0018,Groceries,103,113,58.69,59.795,111.37395941499227
2024-01-10,S001-P0018,Groceries,70,170,55.2,59.795,111.13986018739331
2024-01-11,S001-P0018,Groceries,125,114,52.89,59.795,139.91779335820277
2024-01-12,S001-P0018,Groceries,100,150,54.71,59.795,150.2709085683064
2024-01-13,S001-P0018,Groceries,87,164,58.51,59.795,132.5700651993814
2024-01-14,S001-P0018,Groceries,69,195,54.97,59.795,111.36126619980567
2024-01-15,S001-P0018,Groceries,80,153,60.13,59.795,121.75094600352898
2024-01-16,S001-P0018,Groceries,103,182,58.56,59.795,111.3608115789512
2024-01-17,S001-P0018,Groceries,148,210,67.19,59.795,121.52324430148794
2024-01-18,S001-P0018,Groceries,151,183,75.25,59.795,132.29879019539354
2024-01-19,S001-P0018,Groceries,120,237,55.32,59.795,139.79984409839383
2024-01-20,S001-P0018,Groceries,167,106,70.86,59.795,132.49559594397115
2024-01-21,S001-P0018,Groceries,132,157,64.26,59.795,121.68341419554852
2024-01-22,S001-P0018,Groceries,132,183,50.75,59.795,161.5988409566193
2024-01-23,S001-P0018,Groceries,123,173,65.81,59.795,111.17203052863863
2024-01-24,S001-P0018,Groceries,145,177,70.14,59.795,121.3878060827163
2024-01-25,S001-P0018,Groceries,189,143,83.27,59.795,132.21671865837456
2024-01-26,S001-P0018,Groceries,116,208,51.53,59.795,150.16934714410448
2024-01-27,S001-P0018,Groceries,156,230,57.94,59.795,139.9035423401441
2024-01-28,S001-P0018,Groceries,245,248,80.7,59.795,150.3956634725009
2024-01-29,S001-P0018,Groceries,103,209,58.58,59.795,121.69532816465075
2024-01-30,S001-P0018,Groceries,70,130,52.32,59.795,111.19264416959356
2023-10-03,S001-P0019,Furniture,108,125,133.05,104.525,69.68563526029406
2023-10-04,S001-P0019,Furniture,98,144,128.73,104.525,69.53063004896421
2023-10-05,S001-P0019,Furniture,78,135,108.53,104.525,59.081316546711186
2023-10-06,S001-P0019,Furniture,98,47,116.03,104.525,69.56859473633469
2023-10-07,S001-P0019,Furniture,38,80,77.32,104.525,44.7526393041391
2023-10-08,S001-P0019,Furniture,40,107,88.97,104.525,55.12784508223349
2023-10-09,S001-P0019,Furniture,51,80,86.9,104.525,55.30863312374234
2023-10-10,S001-P0019,Furniture,28,91,94.05,104.525,15.960277997636418
2023-10-11,S001-P0019,Furniture,36,71,92.18,104.525,37.23963489817872
2023-10-12,S001-P0019,Furniture,40,82,89.13,104.525,44.49590895117925
2023-10-13,S001-P0019,Furniture,23,102,77.55,104.525,44.603921905864546
2023-10-14,S001-P0019,Furniture,46,87,91.31,104.525,15.99911846022976
2023-10-15,S001-P0019,Furniture,46,108,106.84,104.525,16.06476463598269
2023-10-16,S001-P0019,Furniture,18,73,90.15,104.525,16.13474391582796
2023-10-17,S001-P0019,Furniture,28,51,79.04,104.525,66.29074303215118
2023-10-18,S001-P0019,Furniture,46,82,91.05,104.525,16.009319000325597
2023-10-19,S001-P0019,Furniture,60,81,96.21,104.525,65.91569963119802
2023-10-20,S001-P0019,Furniture,35,89,91.9,104.525,37.20391881997105
2023-10-21,S001-P0019,Furniture,48,98,91.47,104.525,66.1601523762908
2023-10-22,S001-P0019,Furniture,16,104,84.64,104.525,26.62806986197613
2023-10-23,S001-P0019,Furniture,46,89,101.12,104.525,26.641885843255324
2023-10-24,S001-P0019,Furniture,24,99,83.08,104.525,16.21925719261295
2023-10-25,S001-P0019,Furniture,90,80,107.27,104.525,69.92496271672483
2023-10-26,S001-P0019,Furniture,88,82,105.78,104.525,98.55912272429951
2023-10-27,S001-P0019,Furniture,79,100,103.23,104.525,80.80827513260145
2023-10-28,S001-P0019,Furniture,130,97,120.84,104.525,109.70821777588012
2023-10-29,S001-P0019,Furniture,83,144,104.74,104.525,81.1370195223548
2023-10-30,S001-P0019,Furniture,65,60,98.04,104.525,59.878516977344724
2023-10-31,S001-P0019,Furniture,42,63,99.52,104.525,59.68802888882241
2023-11-01,S001-P0019,Furniture,124,70,119.55,104.525,88.28792163214123
2023-11-02,S001-P0019,Furniture,131,103,101.82,104.525,109.66694133784327
2023-11-03,S001-P0019,Furniture,51,133,103.3,104.525,59.407123648102875
2023-11-04,S001-P0019,Furniture,69,87,83.03,104.525,88.48993404581344
2023-11-05,S001-P0019,Furniture,104,119,118.58,104.525,59.75258270528578
2023-11-06,S001-P0019,Furniture,75,161,113.01,104.525,59.8180876642048
2023-11-07,S001-P0019,Furniture,86,99,117.6,104.525,59.680767134302336
2023-11-08,S001-P0019,Furniture,85,107,105.22,104.525,80.98920839570476
2023-11-09,S001-P0019,Furniture,24,123,92.39,104.525,59.495834944474815
2023-11-10,S001-P0019,Furniture,83,107,98.73,104.525,88.32165703736447
2023-11-11,S001-P0019,Furniture,41,94,94.06,104.525,59.730732501518766
2023-11-12,S001-P0019,Furniture,71,110,105.43,104.525,59.899890452890766
2023-11-13,S001-P0019,Furniture,98,91,122.37,104.525,70.27207340983749
2023-11-14,S001-P0019,Furniture,79,115,109.08,104.525,59.82449287870765
2023-11-15,S001-P0019,Furniture,74,129,90.04,104.525,88.47944764313303
2023-11-16,S001-P0019,Furniture,30,50,99.86,104.525,69.85465264095153
2023-11-17,S001-P0019,Furniture,55,82,110.51,104.525,59.48185120107021
2023-11-18,S001-P0019,Furniture,85,86,98.58,104.525,88.54109572825419
2023-11-19,S001-P0019,Furniture,68,96,115.96,104.525,81.16064766214618
2023-11-20,S001-P0019,Furniture,88,122,111.99,104.525,60.006503362120206
2023-11-21,S001-P0019,Furniture,83,157,97.99,104.525,110.04457873651106
2023-11-22,S001-P0019,Furniture,133,105,122.84,104.525,98.80702979066835
2023-11-23,S001-P0019,Furniture,74,153,112.82,104.525,59.528507381726094
2023-11-24,S001-P0019,Furniture,60,108,112.77,104.525,69.91525625596488
2023-11-25,S001-P0019,Furniture,22,129,86.99,104.525,59.72093770521321
2023-11-26,S001-P0019,Furniture,126,109,119.46,104.525,110.04540432680923
2023-11-27,S001-P0019,Furniture,167,149,127.5,104.525,110.10527563396414
2023-11-28,S001-P0019,Furniture,66,187,98.28,104.525,59.94770970458645
2023-11-29,S001-P0019,Furniture,139,147,131.8,104.525,81.0510396748023
2023-11-30,S001-P0019,Furniture,71,174,111.32,104.525,69.9700653453444
2023-12-01,S001-P0019,Furniture,91,124,125.9,104.525,83.50715445066896
2023-12-02,S001-P0019,Furniture,106,119,118.86,104.525,101.49041292092333
2023-12-03,S001-P0019,Furniture,161,95,132.28,104.525,101.7085755787284
2023-12-04,S001-P0019,Furniture,60,180,112.38,104.525,72.91299983020657
2023-12-05,S001-P0019,Furniture,71,111,111.38,104.525,72.87767147099768
2023-12-06,S001-P0019,Furniture,93,112,114.0,104.525,112.41427379513482
2023-12-07,S001-P0019,Furniture,107,113,126.02,104.525,72.58752119177029
2023-12-08,S001-P0019,Furniture,71,113,105.81,104.525,72.60694680772839
2023-12-09,S001-P0019,Furniture,59,135,106.71,104.525,62.35375723952818
2023-12-10,S001-P0019,Furniture,108,64,113.79,104.525,62.56988913799702
2023-12-11,S001-P0019,Furniture,45,100,90.95,104.525,62.62571633407808
2023-12-12,S001-P0019,Furniture,100,61,103.82,104.525,112.69265261942158
2023-12-13,S001-P0019,Furniture,172,118,129.52,104.525,112.46626965880682
2023-12-14,S001-P0019,Furniture,63,138,108.2,104.525,83.4901645014834
2023-12-15,S001-P0019,Furniture,84,92,110.38,104.525,62.25669849928771
2023-12-16,S001-P0019,Furniture,41,92,93.93,104.525,72.79784864642549
2023-12-17,S001-P0019,Furniture,64,97,91.59,104.525,101.75570967851358
2023-12-18,S001-P0019,Furniture,95,81,108.88,104.525,101.69983458467256
2023-12-19,S001-P0019,Furniture,108,113,132.96,104.525,83.76938079735766
2023-12-20,S001-P0019,Furniture,62,107,113.42,104.525,62.23528209534142
2023-12-21,S001-P0019,Furniture,108,121,106.38,104.525,112.37942100712016
2023-12-22,S001-P0019,Furniture,17,143,85.04,104.525,83.5413797114019
2023-12-23,S001-P0019,Furniture,98,123,104.08,104.525,91.12040138879343
2023-12-24,S001-P0019,Furniture,76,96,107.44,104.525,83.89446714723677
2023-12-25,S001-P0019,Furniture,74,103,118.6,104.525,62.47606707449806
2023-12-26,S001-P0019,Furniture,58,98,111.58,104.525,62.37987424481521
2023-12-27,S001-P0019,Furniture,47,87,91.36,104.525,47.53688023543123
2023-12-28,S001-P0019,Furniture,28,87,94.09,104.525,39.97219326878055
2023-12-29,S001-P0019,Furniture,28,65,93.94,104.525,39.98563982419669
2023-12-30,S001-P0019,Furniture,49,98,97.43,104.525,18.81897098994345
2023-12-31,S001-P0019,Furniture,47,104,91.36,104.525,29.427346349215174
2024-01-01,S001-P0019,Furniture,6,55,89.76,104.525,29.79060964632335
2024-01-02,S001-P0019,Furniture,30,99,85.26,104.525,29.80212906812321
2024-01-03,S001-P0019,Furniture,29,63,89.61,104.525,29.56981174973561
2024-01-04,S001-P0019,Furniture,38,92,88.41,104.525,19.097891482624956
2024-01-05,S001-P0019,Furniture,41,105,84.5,104.525,69.21370738979091
2024-01-06,S001-P0019,Furniture,28,80,98.97,104.525,29.535034622932034
2024-01-07,S001-P0019,Furniture,36,105,87.64,104.525,48.0888995973085
2024-01-08,S001-P0019,Furniture,33,75,86.52,104.525,58.53511113928116
2024-01-09,S001-P0019,Furniture,51,103,92.48,104.525,91.5578748332934
2024-01-10,S001-P0019,Furniture,34,120,96.51,104.525,62.52518127049852
2024-01-11,S001-P0019,Furniture,56,98,99.72,104.525,62.50452010611207
2024-01-12,S001-P0019,Furniture,123,94,125.45,104.525,72.91247564703475
2024-01-13,S001-P0019,Furniture,120,120,103.51,104.525,112.86366127932064
2024-01-14,S001-P0019,Furniture,60,149,112.38,104.525,62.69174695209179
2024-01-15,S001-P0019,Furniture,35,96,91.89,104.525,73.24594774827234
2024-01-16,S001-P0019,Furniture,54,59,94.06,104.525,62.7461326620564
2024-01-17,S001-P0019,Furniture,100,60,117.15,104.525,72.90856538459313
2024-01-18,S001-P0019,Furniture,96,102,95.96,104.525,112.64722660615189
2024-01-19,S001-P0019,Furniture,58,84,100.6,104.525,62.441411177122205
2024-01-20,S001-P0019,Furniture,72,83,111.87,104.525,83.88091702707635
2024-01-21,S001-P0019,Furniture,64,88,97.54,104.525,73.1235756094728
2024-01-22,S001-P0019,Furniture,71,90,94.76,104.525,112.87448137808639
2024-01-23,S001-P0019,Furniture,53,71,99.06,104.525,62.612191942562916
2024-01-24,S001-P0019,Furniture,153,93,108.33,104.525,101.73624249347462
2024-01-25,S001-P0019,Furniture,115,150,109.81,104.525,112.45547440749476
2024-01-26,S001-P0019,Furniture,153,146,122.74,104.525,101.49982789639061
2024-01-27,S001-P0019,Furniture,77,130,119.78,104.525,62.38058842641523
2024-01-28,S001-P0019,Furniture,80,114,109.37,104.525,72.98239022041018
2024-01-29,S001-P0019,Furniture,105,97,131.71,104.525,72.97096858611778
2024-01-30,S001-P0019,Furniture,61,110,96.8,104.525,62.57796525269876
2023-10-03,S001-P0020,Furniture,87,266,124.42,110.82,69.74047559111315
2023-10-04,S001-P0020,Furniture,52,195,109.4,110.82,69.53063004896421
2023-10-05,S001-P0020,Furniture,83,159,104.38,110.82,87.87991088190711
2023-10-06,S001-P0020,Furniture,140,71,124.9,110.82,98.31234874071153
2023-10-07,S001-P0020,Furniture,50,362,108.56,110.82,15.789523976485931
2023-10-08,S001-P0020,Furniture,25,316,92.88,110.82,26.438931408675742
2023-10-09,S001-P0020,Furniture,40,292,104.58,110.82,26.40035812690826
2023-10-10,S001-P0020,Furniture,33,898,101.55,110.82,16.015118328455507
2023-10-11,S001-P0020,Furniture,21,877,91.53,110.82,37.184794567359646
2023-10-12,S001-P0020,Furniture,36,859,102.91,110.82,15.752154946802428
2023-10-13,S001-P0020,Furniture,44,835,83.69,110.82,44.658762236683636
2023-10-14,S001-P0020,Furniture,32,802,100.96,110.82,15.889437798591594
2023-10-15,S001-P0020,Furniture,32,765,96.12,110.82,16.11960496680178
2023-10-16,S001-P0020,Furniture,25,734,77.48,110.82,45.09785924348113
2023-10-17,S001-P0020,Furniture,34,711,91.71,110.82,37.49214869695527
2023-10-18,S001-P0020,Furniture,28,672,78.43,110.82,44.8627536663406
2023-10-19,S001-P0020,Furniture,22,641,101.9,110.82,37.11710529600211
2023-10-20,S001-P0020,Furniture,23,617,87.38,110.82,37.25875915079013
2023-10-21,S001-P0020,Furniture,37,592,87.6,110.82,66.1601523762908
2023-10-22,S001-P0020,Furniture,35,557,92.0,110.82,26.62806986197613
2023-10-23,S001-P0020,Furniture,69,530,99.33,110.82,55.440480178451224
2023-10-24,S001-P0020,Furniture,24,455,102.68,110.82,16.109576530974785
2023-10-25,S001-P0020,Furniture,80,429,108.68,110.82,98.66871672110166
2023-10-26,S001-P0020,Furniture,139,338,131.42,110.82,98.55912272429951
2023-10-27,S001-P0020,Furniture,73,224,93.73,110.82,109.66170979861647
2023-10-28,S001-P0020,Furniture,60,176,118.72,110.82,80.85478310986511
2023-10-29,S001-P0020,Furniture,51,133,114.84,110.82,81.02733886071664
2023-10-30,S001-P0020,Furniture,65,598,108.95,110.82,59.878516977344724
2023-10-31,S001-P0020,Furniture,79,524,121.17,110.82,59.7428692196415
2023-11-01,S001-P0020,Furniture,79,459,109.01,110.82,59.59900795858352
2023-11-02,S001-P0020,Furniture,48,406,102.19,110.82,109.50242034538601
2023-11-03,S001-P0020,Furniture,110,374,113.15,110.82,88.31539864493698
2023-11-04,S001-P0020,Furniture,59,283,107.04,110.82,59.58165904897941
2023-11-05,S001-P0020,Furniture,65,224,115.19,110.82,59.75258270528578
2023-11-06,S001-P0020,Furniture,71,173,123.92,110.82,59.76324733338571
2023-11-07,S001-P0020,Furniture,76,482,119.67,110.82,59.680767134302336
2023-11-08,S001-P0020,Furniture,42,414,105.16,110.82,80.93436806488569
2023-11-09,S001-P0020,Furniture,18,377,95.09,110.82,59.440994613655725
2023-11-10,S001-P0020,Furniture,100,365,109.45,110.82,88.37649736818355
2023-11-11,S001-P0020,Furniture,58,278,101.06,110.82,59.730732501518766
2023-11-12,S001-P0020,Furniture,58,242,118.19,110.82,59.7902097912526
2023-11-13,S001-P0020,Furniture,57,193,117.52,110.82,70.2172330790184
2023-11-14,S001-P0020,Furniture,103,473,131.17,110.82,59.76965254788856
2023-11-15,S001-P0020,Furniture,121,402,118.29,110.82,88.42460731231395
2023-11-16,S001-P0020,Furniture,75,302,113.02,110.82,69.9643333025897
2023-11-17,S001-P0020,Furniture,45,240,90.5,110.82,88.33528586708522
2023-11-18,S001-P0020,Furniture,52,672,98.73,110.82,59.7425013930583
2023-11-19,S001-P0020,Furniture,102,625,117.7,110.82,81.27032832378434
2023-11-20,S001-P0020,Furniture,35,542,102.3,110.82,59.95166303130113
2023-11-21,S001-P0020,Furniture,65,506,90.99,110.82,110.09941906733013
2023-11-22,S001-P0020,Furniture,85,462,130.25,110.82,70.00843545547247
2023-11-23,S001-P0020,Furniture,25,390,93.05,110.82,59.63818804336426
2023-11-24,S001-P0020,Furniture,54,366,104.66,110.82,70.02493691760304
2023-11-25,S001-P0020,Furniture,68,319,104.69,110.82,88.46469170959
2023-11-26,S001-P0020,Furniture,119,238,124.45,110.82,109.99056399599013
2023-11-27,S001-P0020,Furniture,67,134,98.68,110.82,110.10527563396414
2023-11-28,S001-P0020,Furniture,67,53,86.92,110.82,88.80114437060146
2023-11-29,S001-P0020,Furniture,89,263,125.45,110.82,80.9961993439832
2023-11-30,S001-P0020,Furniture,56,673,111.29,110.82,69.9700653453444
2023-12-01,S001-P0020,Furniture,98,634,122.33,110.82,83.61683511230713
2023-12-02,S001-P0020,Furniture,140,519,116.16,110.82,101.65493391338059
2023-12-03,S001-P0020,Furniture,70,393,123.52,110.82,72.8551409127134
2023-12-04,S001-P0020,Furniture,72,317,88.5,110.82,101.87611515785973
2023-12-05,S001-P0020,Furniture,110,245,106.05,110.82,101.78594646783178
2023-12-06,S001-P0020,Furniture,68,726,110.24,110.82,112.41427379513482
2023-12-07,S001-P0020,Furniture,83,654,129.47,110.82,72.5326808609512
2023-12-08,S001-P0020,Furniture,68,592,99.01,110.82,101.40554114292432
2023-12-09,S001-P0020,Furniture,61,529,89.48,110.82,91.26203223636222
2023-12-10,S001-P0020,Furniture,52,487,115.12,110.82,62.46020847635886
2023-12-11,S001-P0020,Furniture,105,440,105.62,110.82,91.42431066927398
2023-12-12,S001-P0020,Furniture,65,325,108.99,110.82,83.89405828422566
2023-12-13,S001-P0020,Furniture,124,277,140.46,110.82,83.66767532361094
2023-12-14,S001-P0020,Furniture,72,146,117.89,110.82,83.4901645014834
2023-12-15,S001-P0020,Furniture,64,539,108.82,110.82,62.20185816846863
2023-12-16,S001-P0020,Furniture,123,483,132.79,110.82,72.74300831560642
2023-12-17,S001-P0020,Furniture,75,362,107.37,110.82,72.95711534331765
2023-12-18,S001-P0020,Furniture,67,275,98.74,110.82,101.75467491549166
2023-12-19,S001-P0020,Furniture,96,219,128.5,110.82,83.82422112817675
2023-12-20,S001-P0020,Furniture,79,629,121.14,110.82,62.23528209534142
2023-12-21,S001-P0020,Furniture,65,548,103.49,110.82,83.58082667192423
2023-12-22,S001-P0020,Furniture,110,505,120.89,110.82,112.28513371577873
2023-12-23,S001-P0020,Furniture,94,394,120.86,110.82,91.06556105797432
2023-12-24,S001-P0020,Furniture,61,329,119.42,110.82,83.7847864855986
2023-12-25,S001-P0020,Furniture,89,279,112.78,110.82,62.58574773613623
2023-12-26,S001-P0020,Furniture,74,173,125.32,110.82,62.37987424481521
2023-12-27,S001-P0020,Furniture,45,506,106.67,110.82,18.793126231054398
2023-12-28,S001-P0020,Furniture,26,460,93.51,110.82,40.02703359959964
2023-12-29,S001-P0020,Furniture,37,441,92.84,110.82,40.095320485834854
2023-12-30,S001-P0020,Furniture,15,408,93.79,110.82,18.81897098994345
2023-12-31,S001-P0020,Furniture,27,390,104.13,110.82,29.31766568757701
2024-01-01,S001-P0020,Furniture,25,372,88.2,110.82,29.900290307961516
2024-01-02,S001-P0020,Furniture,38,354,93.1,110.82,58.491042741680964
2024-01-03,S001-P0020,Furniture,28,330,89.49,110.82,29.624652080554686
2024-01-04,S001-P0020,Furniture,18,308,100.14,110.82,18.98821082098679
2024-01-05,S001-P0020,Furniture,65,287,109.22,110.82,69.15886705897184
2024-01-06,S001-P0020,Furniture,25,226,88.4,110.82,58.33362895812795
2024-01-07,S001-P0020,Furniture,15,199,88.76,110.82,19.399985923750744
2024-01-08,S001-P0020,Furniture,37,186,81.49,110.82,58.69963213173842
2024-01-09,S001-P0020,Furniture,59,412,112.55,110.82,62.75928049809747
2024-01-10,S001-P0020,Furniture,65,343,109.33,110.82,62.58002160131761
2024-01-11,S001-P0020,Furniture,109,271,127.09,110.82,62.44967977529299
2024-01-12,S001-P0020,Furniture,73,194,112.42,110.82,72.85763531621568
2024-01-13,S001-P0020,Furniture,47,112,112.99,110.82,83.90054595166751
2024-01-14,S001-P0020,Furniture,77,77,101.42,110.82,91.60002194892587
2024-01-15,S001-P0020,Furniture,64,484,114.76,110.82,73.13626708663418
2024-01-16,S001-P0020,Furniture,69,444,110.59,110.82,62.7461326620564
2024-01-17,S001-P0020,Furniture,71,364,111.29,110.82,72.96340571541221
2024-01-18,S001-P0020,Furniture,119,283,108.93,110.82,112.64722660615189
2024-01-19,S001-P0020,Furniture,65,147,115.18,110.82,62.33173051548404
2024-01-20,S001-P0020,Furniture,66,79,109.61,110.82,83.88091702707635
2024-01-21,S001-P0020,Furniture,104,10,118.6,110.82,101.81248928303053
2024-01-22,S001-P0020,Furniture,54,452,99.32,110.82,112.81964104726728
2024-01-23,S001-P0020,Furniture,83,388,110.35,110.82,62.66703227338199
2024-01-24,S001-P0020,Furniture,82,303,115.98,110.82,101.57172150101736
2024-01-25,S001-P0020,Furniture,48,724,102.4,110.82,83.65688007229885
2024-01-26,S001-P0020,Furniture,69,672,116.87,110.82,72.70123356119468
2024-01-27,S001-P0020,Furniture,79,624,120.96,110.82,62.43542875723432
2024-01-28,S001-P0020,Furniture,103,534,98.47,110.82,101.89066521724426
2024-01-29,S001-P0020,Furniture,72,416,118.04,110.82,73.02580891693687
2024-01-30,S001-P0020,Furniture,73,333,112.5,110.82,62.523124921879685
2023-10-03,S002-P0001,Groceries,76,187,79.05,80.685,105.3786215298035
2023-10-04,S002-P0001,Groceries,122,440,83.04,80.685,105.27845664929274
2023-10-05,S002-P0001,Groceries,97,295,76.56,80.685,126.55298694355676
2023-10-06,S002-P0001,Groceries,179,213,97.49,80.685,105.20674067502503
2023-10-07,S002-P0001,Groceries,55,392,62.51,80.685,61.92060944108969
2023-10-08,S002-P0001,Groceries,114,353,81.03,80.685,83.40273752919441
2023-10-09,S002-P0001,Groceries,53,720,62.03,80.685,101.25523980568606
2023-10-10,S002-P0001,Groceries,42,657,62.58,80.685,72.48954707692893
2023-10-11,S002-P0001,Groceries,46,631,63.54,80.685,61.97026205993229
2023-10-12,S002-P0001,Groceries,111,591,71.13,80.685,111.98753713822762
2023-10-13,S002-P0001,Groceries,65,478,76.06,80.685,61.786816793228645
2023-10-14,S002-P0001,Groceries,105,409,82.85,80.685,61.94572514217348
2023-10-15,S002-P0001,Groceries,53,333,72.65,80.685,72.48435305363704
2023-10-16,S002-P0001,Groceries,101,289,81.72,80.685,72.55433233348231
2023-10-17,S002-P0001,Groceries,132,213,67.52,80.685,91.04132798410757
2023-10-18,S002-P0001,Groceries,53,57,61.98,80.685,72.42890741797994
2023-10-19,S002-P0001,Groceries,118,370,77.73,80.685,90.6114442523353
2023-10-20,S002-P0001,Groceries,72,237,62.47,80.685,90.75309810712332
2023-10-21,S002-P0001,Groceries,102,172,86.33,80.685,72.40064594610183
2023-10-22,S002-P0001,Groceries,57,460,66.46,80.685,83.64671631331387
2023-10-23,S002-P0001,Groceries,138,414,72.36,80.685,112.56880729142715
2023-10-24,S002-P0001,Groceries,73,311,74.38,80.685,83.58124692782037
2023-10-25,S002-P0001,Groceries,86,260,69.68,80.685,134.3268204499948
2023-10-26,S002-P0001,Groceries,178,656,91.7,80.685,144.61541006788138
2023-10-27,S002-P0001,Groceries,131,467,85.21,80.685,115.90220336842748
2023-10-28,S002-P0001,Groceries,136,365,91.16,80.685,126.911070453447
2023-10-29,S002-P0001,Groceries,90,212,79.03,80.685,116.17610742736177
2023-10-30,S002-P0001,Groceries,181,506,108.61,80.685,116.1884247333609
2023-10-31,S002-P0001,Groceries,164,309,98.77,80.685,105.79915656322339
2023-11-01,S002-P0001,Groceries,189,173,78.96,80.685,144.87203104225284
2023-11-02,S002-P0001,Groceries,220,468,113.83,80.685,126.760113353772
2023-11-03,S002-P0001,Groceries,155,224,80.99,80.685,144.7349870625913
2023-11-04,S002-P0001,Groceries,127,557,84.35,80.685,105.6379463925613
2023-11-05,S002-P0001,Groceries,136,431,91.09,80.685,105.7540297180486
2023-11-06,S002-P0001,Groceries,73,276,70.43,80.685,105.92921533860576
2023-11-07,S002-P0001,Groceries,146,202,88.96,80.685,155.8961915355247
2023-11-08,S002-P0001,Groceries,115,462,72.65,80.685,134.42870702121888
2023-11-09,S002-P0001,Groceries,134,351,85.88,80.685,105.57208007825949
2023-11-10,S002-P0001,Groceries,174,243,101.33,80.685,115.94265111982288
2023-11-11,S002-P0001,Groceries,85,106,77.59,80.685,105.64245664284618
2023-11-12,S002-P0001,Groceries,213,397,106.06,80.685,155.97075165185868
2023-11-13,S002-P0001,Groceries,168,874,84.75,80.685,156.08931419637113
2023-11-14,S002-P0001,Groceries,109,744,75.55,80.685,116.29892162718109
2023-11-15,S002-P0001,Groceries,64,660,68.1,80.685,105.77202319213532
2023-11-16,S002-P0001,Groceries,147,614,89.15,80.685,134.31135070504055
2023-11-17,S002-P0001,Groceries,112,506,89.28,80.685,105.5381385446521
2023-11-18,S002-P0001,Groceries,69,439,62.19,80.685,155.90308546346162
2023-11-19,S002-P0001,Groceries,123,386,78.94,80.685,116.36425655961038
2023-11-20,S002-P0001,Groceries,178,239,91.75,80.685,145.1698457841514
2023-11-21,S002-P0001,Groceries,104,54,74.48,80.685,105.94172902245242
2023-11-22,S002-P0001,Groceries,123,348,78.95,80.685,105.77621984600376
2023-11-23,S002-P0001,Groceries,141,654,87.91,80.685,116.00293613019953
2023-11-24,S002-P0001,Groceries,61,517,67.69,80.685,105.6282003156771
2023-11-25,S002-P0001,Groceries,78,457,71.63,80.685,105.83206537961416
2023-11-26,S002-P0001,Groceries,30,407,53.43,80.685,134.7411489479465
2023-11-27,S002-P0001,Groceries,74,387,74.69,80.685,127.30812831153102
2023-11-28,S002-P0001,Groceries,42,336,59.5,80.685,106.00399704816834
2023-11-29,S002-P0001,Groceries,112,310,84.83,80.685,105.72682650573677
2023-11-30,S002-P0001,Groceries,116,207,77.38,80.685,105.7178919456729
2023-12-01,S002-P0001,Groceries,121,135,91.79,80.685,118.60108268649499
2023-12-02,S002-P0001,Groceries,151,447,80.14,80.685,147.6563809261434
2023-12-03,S002-P0001,Groceries,116,301,81.29,80.685,108.6229253032447
2023-12-04,S002-P0001,Groceries,145,230,88.66,80.685,158.73024061674022
2023-12-05,S002-P0001,Groceries,113,628,85.0,80.685,129.84147759151637
2023-12-06,S002-P0001,Groceries,143,528,93.09,80.685,129.67196680352083
2023-12-07,S002-P0001,Groceries,161,425,97.93,80.685,129.55132731228895
2023-12-08,S002-P0001,Groceries,116,280,77.39,80.685,137.00880454099834
2023-12-09,S002-P0001,Groceries,113,180,89.56,80.685,129.7157469747356
2023-12-10,S002-P0001,Groceries,198,655,85.06,80.685,147.87779476228266
2023-12-11,S002-P0001,Groceries,69,497,65.89,80.685,108.68200367765996
2023-12-12,S002-P0001,Groceries,101,433,73.56,80.685,137.27871657892067
2023-12-13,S002-P0001,Groceries,158,907,92.37,80.685,129.72396266719284
2023-12-14,S002-P0001,Groceries,164,745,98.73,80.685,129.5464518450653
2023-12-15,S002-P0001,Groceries,182,636,97.96,80.685,158.36244223887192
2023-12-16,S002-P0001,Groceries,83,444,73.09,80.685,108.40111204449954
2023-12-17,S002-P0001,Groceries,53,347,62.1,80.685,108.6152190722108
2023-12-18,S002-P0001,Groceries,138,304,87.08,80.685,129.9747270316335
2023-12-19,S002-P0001,Groceries,67,176,76.61,80.685,118.8633090331837
2023-12-20,S002-P0001,Groceries,140,125,92.36,80.685,108.29156943892329
2023-12-21,S002-P0001,Groceries,145,352,93.51,80.685,118.61991457693118
2023-12-22,S002-P0001,Groceries,127,227,84.11,80.685,118.690148278047
2023-12-23,S002-P0001,Groceries,77,637,71.53,80.685,118.83111834268725
2023-12-24,S002-P0001,Groceries,108,559,79.37,80.685,147.67730905662052
2023-12-25,S002-P0001,Groceries,203,441,103.45,80.685,137.33094875327586
2023-12-26,S002-P0001,Groceries,119,274,69.43,80.685,158.70497930767579
2023-12-27,S002-P0001,Groceries,72,132,58.58,80.685,115.11823129391497
2023-12-28,S002-P0001,Groceries,116,739,90.47,80.685,64.66793788991782
2023-12-29,S002-P0001,Groceries,63,606,71.68,80.685,86.04192716777857
2023-12-30,S002-P0001,Groceries,58,567,66.94,80.685,75.27344194821409
2023-12-31,S002-P0001,Groceries,137,523,86.96,80.685,86.39115246973384
2024-01-01,S002-P0001,Groceries,51,363,72.07,80.685,75.84689698990523
2024-01-02,S002-P0001,Groceries,75,323,78.88,80.685,86.71109485782279
2024-01-03,S002-P0001,Groceries,113,263,80.67,80.685,104.36985309769432
2024-01-04,S002-P0001,Groceries,67,184,61.34,80.685,115.31331588384737
2024-01-05,S002-P0001,Groceries,38,139,58.53,80.685,75.56388162124011
2024-01-06,S002-P0001,Groceries,104,406,66.07,80.685,104.499596963348
2024-01-07,S002-P0001,Groceries,61,291,74.79,80.685,86.70713532813907
2024-01-08,S002-P0001,Groceries,94,234,59.93,80.685,115.71827858307616
2024-01-09,S002-P0001,Groceries,93,127,79.6,80.685,119.15891112554903
2024-01-10,S002-P0001,Groceries,78,17,71.6,80.685,108.69114927571857
2024-01-11,S002-P0001,Groceries,143,293,74.41,80.685,137.35940178488985
2024-01-12,S002-P0001,Groceries,63,192,71.74,80.685,118.91392265979756
2024-01-13,S002-P0001,Groceries,211,362,105.56,80.685,147.79306852268942
2024-01-14,S002-P0001,Groceries,78,592,68.06,80.685,119.2558985720006
2024-01-15,S002-P0001,Groceries,120,502,87.01,80.685,119.19255443021606
2024-01-16,S002-P0001,Groceries,129,419,84.54,80.685,108.80242000563828
2024-01-17,S002-P0001,Groceries,154,267,90.89,80.685,119.0196930589941
2024-01-18,S002-P0001,Groceries,139,146,87.19,80.685,129.8500792837188
2024-01-19,S002-P0001,Groceries,232,461,99.29,80.685,137.24145252508092
2024-01-20,S002-P0001,Groceries,155,192,101.49,80.685,129.88236403983916
2024-01-21,S002-P0001,Groceries,99,58,64.23,80.685,137.6351140043809
2024-01-22,S002-P0001,Groceries,51,826,64.98,80.685,137.51538566840458
2024-01-23,S002-P0001,Groceries,87,786,78.22,80.685,108.66847928614482
2024-01-24,S002-P0001,Groceries,89,681,66.18,80.685,158.7000486139933
2024-01-25,S002-P0001,Groceries,49,607,67.98,80.685,129.71316741588075
2024-01-26,S002-P0001,Groceries,102,554,78.03,80.685,129.71988001253243
2024-01-27,S002-P0001,Groceries,150,447,99.84,80.685,129.79741849244172
2024-01-28,S002-P0001,Groceries,151,354,95.25,80.685,118.98383723317299
2024-01-29,S002-P0001,Groceries,57,177,63.0,80.685,108.73875297664907
2024-01-30,S002-P0001,Groceries,87,569,78.18,80.685,108.57941226546157
2023-10-03,S002-P0002,Toys,79,188,23.54,31.07,105.94378285785388
2023-10-04,S002-P0002,Toys,129,128,31.08,31.07,105.73393731570494
2023-10-05,S002-P0002,Toys,191,151,36.81,31.07,126.95362727914988
2023-10-06,S002-P0002,Toys,80,230,31.47,31.07,76.80878667542224
2023-10-07,S002-P0002,Toys,11,467,23.85,31.07,33.467815110667814
2023-10-08,S002-P0002,Toys,21,455,23.65,31.07,83.74853753396845
2023-10-09,S002-P0002,Toys,25,433,26.75,31.07,44.05869147088735
2023-10-10,S002-P0002,Toys,31,409,23.43,31.07,44.09159307732614
2023-10-11,S002-P0002,Toys,12,385,22.72,31.07,33.57230806032949
2023-10-12,S002-P0002,Toys,28,371,25.68,31.07,54.73614847260984
2023-10-13,S002-P0002,Toys,12,341,22.72,31.07,33.49854345526402
2023-10-14,S002-P0002,Toys,46,328,23.33,31.07,62.45604613940476
2023-10-15,S002-P0002,Toys,47,295,27.83,31.07,44.086399054034246
2023-10-16,S002-P0002,Toys,62,245,29.5,31.07,44.2112186646986
2023-10-17,S002-P0002,Toys,34,183,19.8,31.07,62.64337398450476
2023-10-18,S002-P0002,Toys,43,146,20.54,31.07,72.88438808439216
2023-10-19,S002-P0002,Toys,11,111,23.84,31.07,33.41489591753659
2023-10-20,S002-P0002,Toys,27,173,24.3,31.07,33.50170944150553
2023-10-21,S002-P0002,Toys,12,151,21.52,31.07,44.1123726081372
2023-10-22,S002-P0002,Toys,42,140,27.27,31.07,55.19392198289201
2023-10-23,S002-P0002,Toys,76,112,24.5,31.07,84.17085329182434
2023-10-24,S002-P0002,Toys,36,136,28.01,31.07,55.12845259739849
2023-10-25,S002-P0002,Toys,108,235,27.32,31.07,106.03854711203017
2023-10-26,S002-P0002,Toys,128,165,31.28,31.07,116.21745606827861
2023-10-27,S002-P0002,Toys,88,216,32.33,31.07,87.39456870718652
2023-10-28,S002-P0002,Toys,148,360,38.98,31.07,98.51311645384419
2023-10-29,S002-P0002,Toys,129,189,34.9,31.07,87.83299375857806
2023-10-30,S002-P0002,Toys,89,331,29.24,31.07,87.90015139539628
2023-10-31,S002-P0002,Toys,106,243,34.3,31.07,77.4012025636206
2023-11-01,S002-P0002,Toys,89,173,34.21,31.07,87.51096171499691
2023-11-02,S002-P0002,Toys,111,268,33.09,31.07,98.41699968498828
2023-11-03,S002-P0002,Toys,133,159,35.34,31.07,116.22735240135034
2023-11-04,S002-P0002,Toys,110,278,32.92,31.07,77.29483272377757
2023-11-05,S002-P0002,Toys,80,178,33.06,31.07,77.3560757184458
2023-11-06,S002-P0002,Toys,58,281,30.55,31.07,77.4215806773648
2023-11-07,S002-P0002,Toys,151,242,31.43,31.07,127.60791819756011
2023-11-08,S002-P0002,Toys,106,139,30.69,31.07,106.03075302161609
2023-11-09,S002-P0002,Toys,114,342,35.16,31.07,77.06444541701852
2023-11-10,S002-P0002,Toys,159,210,35.95,31.07,116.34329145541602
2023-11-11,S002-P0002,Toys,81,72,28.4,31.07,106.04309697843932
2023-11-12,S002-P0002,Toys,133,316,29.43,31.07,127.73731864471316
2023-11-13,S002-P0002,Toys,85,228,33.64,31.07,98.83792553075334
2023-11-14,S002-P0002,Toys,106,447,36.17,31.07,87.79128696594012
2023-11-15,S002-P0002,Toys,133,323,27.98,31.07,106.22750385854752
2023-11-16,S002-P0002,Toys,52,237,28.34,31.07,77.16964270106095
2023-11-17,S002-P0002,Toys,54,455,27.06,31.07,77.24986520668746
2023-11-18,S002-P0002,Toys,143,419,28.83,31.07,127.614812125497
2023-11-19,S002-P0002,Toys,26,248,24.23,31.07,87.91146222918852
2023-11-20,S002-P0002,Toys,86,219,30.42,31.07,116.71705145372951
2023-11-21,S002-P0002,Toys,98,134,31.73,31.07,77.54377502284962
2023-11-22,S002-P0002,Toys,91,213,32.63,31.07,77.32342551558189
2023-11-23,S002-P0002,Toys,88,118,32.32,31.07,87.60498213059674
2023-11-24,S002-P0002,Toys,67,191,27.07,31.07,77.28508664689338
2023-11-25,S002-P0002,Toys,128,146,34.83,31.07,106.12302505356912
2023-11-26,S002-P0002,Toys,77,109,31.07,31.07,77.48976028232872
2023-11-27,S002-P0002,Toys,110,273,34.82,31.07,98.91017431192822
2023-11-28,S002-P0002,Toys,30,185,24.65,31.07,77.55120271774648
2023-11-29,S002-P0002,Toys,133,354,39.32,31.07,77.32887250613398
2023-11-30,S002-P0002,Toys,72,201,30.61,31.07,77.26509761525102
2023-12-01,S002-P0002,Toys,107,409,27.23,31.07,119.16624401454538
2023-12-02,S002-P0002,Toys,143,297,36.38,31.07,90.4598325913447
2023-12-03,S002-P0002,Toys,90,161,32.59,31.07,80.11529064200374
2023-12-04,S002-P0002,Toys,194,312,37.11,31.07,130.44196727877562
2023-12-05,S002-P0002,Toys,102,136,33.93,31.07,101.49836392273264
2023-12-06,S002-P0002,Toys,85,363,32.01,31.07,101.27401280391803
2023-12-07,S002-P0002,Toys,69,271,30.26,31.07,101.20821364350523
2023-12-08,S002-P0002,Toys,80,202,29.77,31.07,79.9219368678378
2023-12-09,S002-P0002,Toys,106,148,32.54,31.07,101.42747363677094
2023-12-10,S002-P0002,Toys,96,250,33.21,31.07,90.5715657658458
2023-12-11,S002-P0002,Toys,115,151,35.37,31.07,80.22920934723808
2023-12-12,S002-P0002,Toys,65,224,23.8,31.07,108.99044324095605
2023-12-13,S002-P0002,Toys,99,361,31.79,31.07,101.38084899840909
2023-12-14,S002-P0002,Toys,168,268,41.13,31.07,101.14849784546249
2023-12-15,S002-P0002,Toys,147,126,34.97,31.07,101.2755745657114
2023-12-16,S002-P0002,Toys,108,356,36.37,31.07,79.94831771407766
2023-12-17,S002-P0002,Toys,122,242,36.07,31.07,80.10758441096984
2023-12-18,S002-P0002,Toys,139,146,37.93,31.07,101.57677303203069
2023-12-19,S002-P0002,Toys,115,226,33.55,31.07,90.5201953644
2023-12-20,S002-P0002,Toys,130,433,31.4,31.07,108.7470501053355
2023-12-21,S002-P0002,Toys,108,349,27.67,31.07,119.0753952433434
2023-12-22,S002-P0002,Toys,200,250,40.01,31.07,119.03594828282107
2023-12-23,S002-P0002,Toys,155,103,31.37,31.07,119.28659900909946
2023-12-24,S002-P0002,Toys,142,437,30.21,31.07,119.443876049475
2023-12-25,S002-P0002,Toys,78,293,29.54,31.07,80.24408108011531
2023-12-26,S002-P0002,Toys,75,209,30.92,31.07,101.453590642058
2023-12-27,S002-P0002,Toys,58,148,21.8,31.07,86.72027729431217
2023-12-28,S002-P0002,Toys,29,232,19.37,31.07,65.23309921796819
2023-12-29,S002-P0002,Toys,33,202,26.24,31.07,57.64397316817578
2023-12-30,S002-P0002,Toys,41,172,28.55,31.07,46.820647617792204
2023-12-31,S002-P0002,Toys,39,135,26.93,31.07,57.938358139311966
2024-01-01,S002-P0002,Toys,48,193,24.97,31.07,76.30237765631742
2024-01-02,S002-P0002,Toys,52,152,26.95,31.07,58.36798118903909
2024-01-03,S002-P0002,Toys,7,99,18.43,31.07,76.13642009054877
2024-01-04,S002-P0002,Toys,29,200,23.24,31.07,58.11676754904867
2024-01-05,S002-P0002,Toys,30,172,25.92,31.07,47.111087290818254
2024-01-06,S002-P0002,Toys,38,137,26.87,31.07,47.193367966911126
2024-01-07,S002-P0002,Toys,25,106,20.07,31.07,87.27229665618945
2024-01-08,S002-P0002,Toys,20,162,24.78,31.07,58.41204958663928
2024-01-09,S002-P0002,Toys,69,140,27.21,31.07,90.8706377875844
2024-01-10,S002-P0002,Toys,134,77,35.46,31.07,80.29319527611577
2024-01-11,S002-P0002,Toys,110,117,32.93,31.07,80.16285345009115
2024-01-12,S002-P0002,Toys,117,329,33.71,31.07,90.57080899101385
2024-01-13,S002-P0002,Toys,115,236,33.58,31.07,90.65136051870982
2024-01-14,S002-P0002,Toys,145,166,40.71,31.07,90.74826391075965
2024-01-15,S002-P0002,Toys,98,244,28.12,31.07,119.70287542744737
2024-01-16,S002-P0002,Toys,127,178,32.98,31.07,109.09337967959321
2024-01-17,S002-P0002,Toys,52,255,26.92,31.07,90.6217390593913
2024-01-18,S002-P0002,Toys,73,194,32.34,31.07,101.34244462247781
2024-01-19,S002-P0002,Toys,26,142,24.18,31.07,80.04490419028221
2024-01-20,S002-P0002,Toys,60,282,26.16,31.07,130.33784470625136
2024-01-21,S002-P0002,Toys,47,228,26.32,31.07,80.38372533876314
2024-01-22,S002-P0002,Toys,56,189,28.76,31.07,80.37367766442496
2024-01-23,S002-P0002,Toys,57,146,27.45,31.07,80.32536561736109
2024-01-24,S002-P0002,Toys,80,231,28.29,31.07,130.19241395275233
2024-01-25,S002-P0002,Toys,54,178,22.91,31.07,130.16864808229292
2024-01-26,S002-P0002,Toys,111,287,31.25,31.07,130.12052034812555
2024-01-27,S002-P0002,Toys,196,217,35.45,31.07,130.30773948967303
2024-01-28,S002-P0002,Toys,104,290,30.74,31.07,90.69556389520835
2024-01-29,S002-P0002,Toys,69,583,27.26,31.07,80.34079897704628
2024-01-30,S002-P0002,Toys,78,515,28.08,31.07,80.23629859667786
2023-10-03,S002-P0003,Groceries,93,328,71.73,79.725,105.48830219144168
2023-10-04,S002-P0003,Groceries,107,239,87.84,79.725,105.22361631847363
2023-10-05,S002-P0003,Groceries,175,591,85.67,79.725,155.35158127875266
2023-10-06,S002-P0003,Groceries,142,397,78.79,79.725,134.00533501022093
2023-10-07,S002-P0003,Groceries,40,244,65.58,79.725,61.86576911027061
2023-10-08,S002-P0003,Groceries,157,220,96.81,79.725,83.40273752919441
2023-10-09,S002-P0003,Groceries,187,588,78.65,79.725,101.41976079814332
2023-10-10,S002-P0003,Groceries,123,462,83.44,79.725,72.43470674610985
2023-10-11,S002-P0003,Groceries,68,344,69.09,79.725,90.65917573349003
2023-10-12,S002-P0003,Groceries,83,785,80.95,79.725,83.07926214139354
2023-10-13,S002-P0003,Groceries,77,717,67.77,79.725,61.89649745486681
2023-10-14,S002-P0003,Groceries,18,670,59.6,79.725,61.94572514217348
2023-10-15,S002-P0003,Groceries,110,655,75.69,79.725,72.5940337152752
2023-10-16,S002-P0003,Groceries,62,573,67.49,79.725,72.66401299512047
2023-10-17,S002-P0003,Groceries,71,524,58.22,79.725,91.04132798410757
2023-10-18,S002-P0003,Groceries,60,474,63.8,79.725,101.11782109153769
2023-10-19,S002-P0003,Groceries,89,411,62.8,79.725,90.72112491397345
2023-10-20,S002-P0003,Groceries,49,342,64.5,79.725,61.89966344110832
2023-10-21,S002-P0003,Groceries,109,283,79.68,79.725,72.45548627692092
2023-10-22,S002-P0003,Groceries,98,178,77.0,79.725,83.5918759824948
2023-10-23,S002-P0003,Groceries,114,104,72.6,79.725,112.45912662978897
2023-10-24,S002-P0003,Groceries,114,337,80.97,79.725,83.58124692782037
2023-10-25,S002-P0003,Groceries,113,203,71.54,79.725,134.3816607808139
2023-10-26,S002-P0003,Groceries,45,129,66.83,79.725,115.81681573268547
2023-10-27,S002-P0003,Groceries,83,480,72.88,79.725,115.90220336842748
2023-10-28,S002-P0003,Groceries,68,425,65.62,79.725,127.02075111508516
2023-10-29,S002-P0003,Groceries,128,344,88.94,79.725,116.12126709654268
2023-10-30,S002-P0003,Groceries,69,254,73.18,79.725,116.24326506418
2023-10-31,S002-P0003,Groceries,76,193,67.7,79.725,105.85399689404247
2023-11-01,S002-P0003,Groceries,99,579,81.32,79.725,115.96375604541879
2023-11-02,S002-P0003,Groceries,74,468,74.52,79.725,126.760113353772
2023-11-03,S002-P0003,Groceries,48,394,60.87,79.725,115.93639272739539
2023-11-04,S002-P0003,Groceries,119,343,91.13,79.725,105.5831060617422
2023-11-05,S002-P0003,Groceries,4,218,55.92,79.725,105.7540297180486
2023-11-06,S002-P0003,Groceries,90,215,62.31,79.725,134.78265000462076
2023-11-07,S002-P0003,Groceries,117,507,81.76,79.725,127.15243753114794
2023-11-08,S002-P0003,Groceries,191,421,79.39,79.725,134.53838768285704
2023-11-09,S002-P0003,Groceries,61,259,74.89,79.725,105.46239941662131
2023-11-10,S002-P0003,Groceries,89,205,74.39,79.725,115.99749145064196
2023-11-11,S002-P0003,Groceries,115,673,77.06,79.725,134.4410509780421
2023-11-12,S002-P0003,Groceries,140,546,83.02,79.725,155.97075165185868
2023-11-13,S002-P0003,Groceries,91,421,79.17,79.725,127.29071986117523
2023-11-14,S002-P0003,Groceries,119,325,69.41,79.725,145.09751596237697
2023-11-15,S002-P0003,Groceries,159,187,87.15,79.725,134.51577719651215
2023-11-16,S002-P0003,Groceries,117,23,77.38,79.725,105.62243703148283
2023-11-17,S002-P0003,Groceries,137,338,86.82,79.725,105.59297887547118
2023-11-18,S002-P0003,Groceries,103,692,61.68,79.725,156.01276612509977
2023-11-19,S002-P0003,Groceries,184,621,92.98,79.725,145.1080105639872
2023-11-20,S002-P0003,Groceries,84,468,77.29,79.725,116.37125144895548
2023-11-21,S002-P0003,Groceries,123,370,92.35,79.725,105.83204836081424
2023-11-22,S002-P0003,Groceries,76,227,75.01,79.725,105.6665391843656
2023-11-23,S002-P0003,Groceries,110,150,79.9,79.725,144.74669013457634
2023-11-24,S002-P0003,Groceries,93,345,71.81,79.725,105.68304064649618
2023-11-25,S002-P0003,Groceries,119,247,77.88,79.725,105.83206537961416
2023-11-26,S002-P0003,Groceries,91,145,71.21,79.725,105.99739494356967
2023-11-27,S002-P0003,Groceries,170,70,95.08,79.725,156.10672264672692
2023-11-28,S002-P0003,Groceries,82,424,72.57,79.725,106.00399704816834
2023-11-29,S002-P0003,Groceries,124,327,83.31,79.725,105.83650716737495
2023-11-30,S002-P0003,Groceries,91,691,75.23,79.725,105.66305161485383
2023-12-01,S002-P0003,Groceries,121,608,74.18,79.725,147.45451735251
2023-12-02,S002-P0003,Groceries,179,471,86.57,79.725,147.6563809261434
2023-12-03,S002-P0003,Groceries,72,294,73.98,79.725,108.51324464160655
2023-12-04,S002-P0003,Groceries,135,234,90.8,79.725,129.93164628154432
2023-12-05,S002-P0003,Groceries,82,671,76.76,79.725,129.84147759151637
2023-12-06,S002-P0003,Groceries,193,610,95.17,79.725,158.5254014695358
2023-12-07,S002-P0003,Groceries,99,397,81.15,79.725,129.60616764310805
2023-12-08,S002-P0003,Groceries,117,289,86.03,79.725,108.21021020580244
2023-12-09,S002-P0003,Groceries,146,890,84.57,79.725,158.51434130993147
2023-12-10,S002-P0003,Groceries,154,800,90.85,79.725,147.7132737698254
2023-12-11,S002-P0003,Groceries,95,682,75.92,79.725,108.68200367765996
2023-12-12,S002-P0003,Groceries,104,618,70.14,79.725,137.33355690973977
2023-12-13,S002-P0003,Groceries,62,537,67.73,79.725,129.7788029980119
2023-12-14,S002-P0003,Groceries,102,471,86.4,79.725,129.5464518450653
2023-12-15,S002-P0003,Groceries,91,407,83.23,79.725,129.56384790367605
2023-12-16,S002-P0003,Groceries,145,319,84.17,79.725,137.14486604887637
2023-12-17,S002-P0003,Groceries,66,185,76.15,79.725,108.50553841057263
2023-12-18,S002-P0003,Groceries,154,136,76.82,79.725,158.82816169764848
2023-12-19,S002-P0003,Groceries,116,492,76.83,79.725,147.71674369919867
2023-12-20,S002-P0003,Groceries,118,379,86.46,79.725,108.29156943892329
2023-12-21,S002-P0003,Groceries,147,270,94.14,79.725,118.61991457693118
2023-12-22,S002-P0003,Groceries,91,134,74.9,79.725,118.690148278047
2023-12-23,S002-P0003,Groceries,144,406,88.72,79.725,118.77627801186817
2023-12-24,S002-P0003,Groceries,69,240,69.64,79.725,118.93355505224373
2023-12-25,S002-P0003,Groceries,95,189,72.08,79.725,108.64203507971811
2023-12-26,S002-P0003,Groceries,50,537,71.63,79.725,129.79670431084173
2023-12-27,S002-P0003,Groceries,74,502,55.93,79.725,115.11823129391497
2023-12-28,S002-P0003,Groceries,69,437,65.9,79.725,64.77761855155599
2023-12-29,S002-P0003,Groceries,89,394,74.6,79.725,86.09676749859766
2023-12-30,S002-P0003,Groceries,14,309,55.7,79.725,75.27344194821409
2023-12-31,S002-P0003,Groceries,34,297,67.16,79.725,86.33631213891475
2024-01-01,S002-P0003,Groceries,91,261,75.17,79.725,75.90173732072432
2024-01-02,S002-P0003,Groceries,127,157,88.88,79.725,86.76593518864188
2024-01-03,S002-P0003,Groceries,119,30,91.08,79.725,75.5712587624984
2024-01-04,S002-P0003,Groceries,93,313,79.76,79.725,86.40504088701329
2024-01-05,S002-P0003,Groceries,89,202,66.27,79.725,104.36247595643603
2024-01-06,S002-P0003,Groceries,94,559,67.9,79.725,104.44475663252891
2024-01-07,S002-P0003,Groceries,72,496,66.71,79.725,86.81681598977724
2024-01-08,S002-P0003,Groceries,66,451,64.92,79.725,115.60859792143798
2024-01-09,S002-P0003,Groceries,50,403,71.81,79.725,119.15891112554903
2024-01-10,S002-P0003,Groceries,148,358,84.34,79.725,137.4349032800954
2024-01-11,S002-P0003,Groceries,193,236,79.87,79.725,137.41424211570893
2024-01-12,S002-P0003,Groceries,47,68,63.89,79.725,118.96876299061664
2024-01-13,S002-P0003,Groceries,72,402,73.95,79.725,119.04931451831263
2024-01-14,S002-P0003,Groceries,76,904,79.11,79.725,119.14621791036244
2024-01-15,S002-P0003,Groceries,62,838,71.34,79.725,119.19255443021606
2024-01-16,S002-P0003,Groceries,95,786,71.71,79.725,137.5461740100151
2024-01-17,S002-P0003,Groceries,77,716,71.66,79.725,118.96485272817502
2024-01-18,S002-P0003,Groceries,101,641,81.94,79.725,129.74039862208062
2024-01-19,S002-P0003,Groceries,100,524,68.68,79.725,137.2962928559
2024-01-20,S002-P0003,Groceries,38,442,58.51,79.725,129.9920447014773
2024-01-21,S002-P0003,Groceries,82,407,80.9,79.725,108.67199867672778
2024-01-22,S002-P0003,Groceries,168,328,79.69,79.725,137.62506633004276
2024-01-23,S002-P0003,Groceries,110,212,88.72,79.725,108.61363895532571
2024-01-24,S002-P0003,Groceries,60,144,56.59,79.725,158.7000486139933
2024-01-25,S002-P0003,Groceries,78,523,71.68,79.725,129.76800774669982
2024-01-26,S002-P0003,Groceries,159,431,87.6,79.725,129.7747203433515
2024-01-27,S002-P0003,Groceries,143,322,88.5,79.725,129.85225882326083
2024-01-28,S002-P0003,Groceries,170,168,79.16,79.725,147.94695256082613
2024-01-29,S002-P0003,Groceries,102,481,82.18,79.725,108.68391264582999
2024-01-30,S002-P0003,Groceries,79,388,72.2,79.725,108.57941226546157
2023-10-03,S002-P0004,Groceries,88,280,40.74,41.235,105.3786215298035
2023-10-04,S002-P0004,Groceries,216,189,46.91,41.235,134.1318913153077
2023-10-05,S002-P0004,Groceries,138,366,47.82,41.235,126.49814661273768
2023-10-06,S002-P0004,Groceries,44,223,31.19,41.235,105.2615810058441
2023-10-07,S002-P0004,Groceries,54,705,32.31,41.235,90.6643634454665
2023-10-08,S002-P0004,Groceries,103,657,42.96,41.235,83.40273752919441
2023-10-09,S002-P0004,Groceries,87,575,36.59,41.235,72.56632613212831
2023-10-10,S002-P0004,Groceries,62,514,35.34,41.235,72.43470674610985
2023-10-11,S002-P0004,Groceries,35,459,28.12,41.235,90.76885639512821
2023-10-12,S002-P0004,Groceries,80,436,35.77,41.235,83.18894280303171
2023-10-13,S002-P0004,Groceries,82,380,37.82,41.235,90.58541112842457
2023-10-14,S002-P0004,Groceries,54,324,34.17,41.235,62.055405803811645
2023-10-15,S002-P0004,Groceries,63,282,35.45,41.235,72.53919338445613
2023-10-16,S002-P0004,Groceries,78,218,39.38,41.235,72.55433233348231
2023-10-17,S002-P0004,Groceries,59,153,27.61,41.235,91.04132798410757
2023-10-18,S002-P0004,Groceries,13,88,24.32,41.235,101.22750175317586
2023-10-19,S002-P0004,Groceries,121,269,40.66,41.235,90.66628458315438
2023-10-20,S002-P0004,Groceries,93,142,37.29,41.235,90.64341744548514
2023-10-21,S002-P0004,Groceries,76,72,35.27,41.235,72.51032660774
2023-10-22,S002-P0004,Groceries,127,319,43.98,41.235,83.5918759824948
2023-10-23,S002-P0004,Groceries,58,222,38.57,41.235,83.60569196377398
2023-10-24,S002-P0004,Groceries,114,186,46.76,41.235,83.52640659700128
2023-10-25,S002-P0004,Groceries,44,429,32.88,41.235,105.52822611479888
2023-10-26,S002-P0004,Groceries,123,381,43.25,41.235,115.87165606350455
2023-10-27,S002-P0004,Groceries,139,238,47.96,41.235,115.8473630376084
2023-10-28,S002-P0004,Groceries,174,133,44.42,41.235,155.81934545028108
2023-10-29,S002-P0004,Groceries,124,357,45.85,41.235,116.17610742736177
2023-10-30,S002-P0004,Groceries,123,229,45.65,41.235,116.24326506418
2023-10-31,S002-P0004,Groceries,26,599,32.16,41.235,105.79915656322339
2023-11-01,S002-P0004,Groceries,149,571,39.41,41.235,144.81719071143377
2023-11-02,S002-P0004,Groceries,147,453,46.4,41.235,126.86979401541016
2023-11-03,S002-P0004,Groceries,73,357,38.65,41.235,115.82671206575722
2023-11-04,S002-P0004,Groceries,179,279,47.9,41.235,134.4365407277572
2023-11-05,S002-P0004,Groceries,87,560,34.25,41.235,134.66230471488265
2023-11-06,S002-P0004,Groceries,118,464,47.33,41.235,105.8195346769676
2023-11-07,S002-P0004,Groceries,102,362,40.65,41.235,127.15243753114794
2023-11-08,S002-P0004,Groceries,136,280,37.5,41.235,134.53838768285704
2023-11-09,S002-P0004,Groceries,59,171,36.74,41.235,105.51723974744041
2023-11-10,S002-P0004,Groceries,117,492,47.19,41.235,115.8878107890038
2023-11-11,S002-P0004,Groceries,165,360,41.2,41.235,134.5507316396803
2023-11-12,S002-P0004,Groceries,98,194,42.15,41.235,127.17215731666282
2023-11-13,S002-P0004,Groceries,106,95,45.65,41.235,127.23587953035614
2023-11-14,S002-P0004,Groceries,166,515,51.73,41.235,116.24408129636201
2023-11-15,S002-P0004,Groceries,110,375,46.22,41.235,105.66234253049714
2023-11-16,S002-P0004,Groceries,129,300,44.17,41.235,105.56759670066376
2023-11-17,S002-P0004,Groceries,149,654,46.8,41.235,105.59297887547118
2023-11-18,S002-P0004,Groceries,123,516,34.28,41.235,156.01276612509977
2023-11-19,S002-P0004,Groceries,87,387,32.16,41.235,145.21769122562534
2023-11-20,S002-P0004,Groceries,97,314,44.2,41.235,116.31641111813639
2023-11-21,S002-P0004,Groceries,126,205,41.53,41.235,105.94172902245242
2023-11-22,S002-P0004,Groceries,133,105,47.13,41.235,105.72137951518468
2023-11-23,S002-P0004,Groceries,139,233,42.82,41.235,144.80153046539544
2023-11-24,S002-P0004,Groceries,164,478,48.75,41.235,134.3719543200539
2023-11-25,S002-P0004,Groceries,114,359,44.38,41.235,105.72238471797601
2023-11-26,S002-P0004,Groceries,73,256,36.8,41.235,105.9425546127506
2023-11-27,S002-P0004,Groceries,112,660,39.69,41.235,127.41780897316919
2023-11-28,S002-P0004,Groceries,134,571,35.41,41.235,134.85743171418332
2023-11-29,S002-P0004,Groceries,74,439,34.92,41.235,105.83650716737495
2023-11-30,S002-P0004,Groceries,39,374,33.93,41.235,105.60821128403472
2023-12-01,S002-P0004,Groceries,168,345,41.54,41.235,147.50935768332909
2023-12-02,S002-P0004,Groceries,54,212,34.18,41.235,118.85778659094751
2023-12-03,S002-P0004,Groceries,114,155,42.2,41.235,108.56808497242562
2023-12-04,S002-P0004,Groceries,102,622,38.49,41.235,130.0413269431825
2023-12-05,S002-P0004,Groceries,208,504,54.47,41.235,158.64007192671224
2023-12-06,S002-P0004,Groceries,125,320,34.5,41.235,158.63508213117396
2023-12-07,S002-P0004,Groceries,137,201,45.29,41.235,129.60616764310805
2023-12-08,S002-P0004,Groceries,74,754,36.79,41.235,108.31989086744059
2023-12-09,S002-P0004,Groceries,168,704,49.4,41.235,129.77058730555467
2023-12-10,S002-P0004,Groceries,154,505,52.61,41.235,118.9146794346295
2023-12-11,S002-P0004,Groceries,136,400,35.65,41.235,137.53543834367497
2023-12-12,S002-P0004,Groceries,131,265,36.92,41.235,137.44323757137792
2023-12-13,S002-P0004,Groceries,114,613,42.25,41.235,129.72396266719284
2023-12-14,S002-P0004,Groceries,110,492,43.88,41.235,129.5464518450653
2023-12-15,S002-P0004,Groceries,116,423,42.32,41.235,129.6735285653142
2023-12-16,S002-P0004,Groceries,141,302,40.63,41.235,137.25454671051455
2023-12-17,S002-P0004,Groceries,146,145,48.91,41.235,108.56037874139173
2023-12-18,S002-P0004,Groceries,92,400,39.18,41.235,130.02956736245258
2023-12-19,S002-P0004,Groceries,54,307,37.97,41.235,118.8633090331837
2023-12-20,S002-P0004,Groceries,93,612,43.7,41.235,108.29156943892329
2023-12-21,S002-P0004,Groceries,150,539,44.55,41.235,118.67475490775026
2023-12-22,S002-P0004,Groceries,178,422,42.08,41.235,147.543582944062
2023-12-23,S002-P0004,Groceries,135,209,47.37,41.235,118.72143768104908
2023-12-24,S002-P0004,Groceries,205,59,45.68,41.235,147.7869897182587
2023-12-25,S002-P0004,Groceries,112,555,39.52,41.235,137.38578908409497
2023-12-26,S002-P0004,Groceries,99,474,38.12,41.235,129.90638497247988
2023-12-27,S002-P0004,Groceries,79,1033,41.56,41.235,86.1551159662618
2023-12-28,S002-P0004,Groceries,58,967,27.47,41.235,93.63105321757098
2023-12-29,S002-P0004,Groceries,73,899,38.69,41.235,86.09676749859766
2023-12-30,S002-P0004,Groceries,90,819,39.03,41.235,75.27344194821409
2023-12-31,S002-P0004,Groceries,69,763,38.15,41.235,86.33631213891475
2024-01-01,S002-P0004,Groceries,75,708,38.93,41.235,75.84689698990523
2024-01-02,S002-P0004,Groceries,94,659,41.64,41.235,86.76593518864188
2024-01-03,S002-P0004,Groceries,86,561,40.59,41.235,75.5712587624984
2024-01-04,S002-P0004,Groceries,52,507,37.6,41.235,86.40504088701329
2024-01-05,S002-P0004,Groceries,72,464,38.52,41.235,75.45420095960195
2024-01-06,S002-P0004,Groceries,32,382,33.01,41.235,75.59132196651392
2024-01-07,S002-P0004,Groceries,105,350,43.14,41.235,86.70713532813907
2024-01-08,S002-P0004,Groceries,45,254,29.37,41.235,115.66343825225708
2024-01-09,S002-P0004,Groceries,142,216,48.39,41.235,119.15891112554903
2024-01-10,S002-P0004,Groceries,150,424,46.84,41.235,108.69114927571857
2024-01-11,S002-P0004,Groceries,111,298,33.04,41.235,137.41424211570893
2024-01-12,S002-P0004,Groceries,98,227,35.51,41.235,147.76735732581255
2024-01-13,S002-P0004,Groceries,72,659,34.67,41.235,119.1041548491317
2024-01-14,S002-P0004,Groceries,111,597,34.72,41.235,148.10933323801558
2024-01-15,S002-P0004,Groceries,139,466,45.42,41.235,119.30223509185423
2024-01-16,S002-P0004,Groceries,208,367,54.52,41.235,137.491333679196
2024-01-17,S002-P0004,Groceries,87,230,42.76,41.235,118.91001239735593
2024-01-18,S002-P0004,Groceries,188,618,41.02,41.235,158.70351394973375
2024-01-19,S002-P0004,Groceries,152,458,49.75,41.235,108.38801785906591
2024-01-20,S002-P0004,Groceries,235,291,48.36,41.235,158.8454793674923
2024-01-21,S002-P0004,Groceries,181,760,50.88,41.235,137.47059301192365
2024-01-22,S002-P0004,Groceries,108,556,41.27,41.235,108.82647199484683
2024-01-23,S002-P0004,Groceries,123,427,45.63,41.235,108.66847928614482
2024-01-24,S002-P0004,Groceries,128,332,46.31,41.235,129.84661394797834
2024-01-25,S002-P0004,Groceries,109,236,41.51,41.235,129.71316741588075
2024-01-26,S002-P0004,Groceries,122,531,34.13,41.235,158.62815500936648
2024-01-27,S002-P0004,Groceries,111,454,41.75,41.235,129.9070991540799
2024-01-28,S002-P0004,Groceries,124,328,38.55,41.235,147.89211223000706
2024-01-29,S002-P0004,Groceries,139,250,45.5,41.235,108.68391264582999
2024-01-30,S002-P0004,Groceries,73,129,36.61,41.235,108.63425259628065
2023-10-03,S002-P0005,Electronics,106,227,76.81,86.265,109.78330167499217
2023-10-04,S002-P0005,Electronics,63,110,82.61,86.265,80.72002146682823
2023-10-05,S002-P0005,Electronics,81,376,92.82,86.265,101.93971143027318
2023-10-06,S002-P0005,Electronics,100,284,84.76,86.265,80.7579861541987
2023-10-07,S002-P0005,Electronics,39,217,71.5,86.265,37.362174258625195
2023-10-08,S002-P0005,Electronics,41,172,79.98,86.265,58.844302346729904
2023-10-09,S002-P0005,Electronics,51,519,70.59,86.265,76.80648528485972
2023-10-10,S002-P0005,Electronics,78,468,65.58,86.265,76.83938689129853
2023-10-11,S002-P0005,Electronics,30,388,68.77,86.265,37.46666720828687
2023-10-12,S002-P0005,Electronics,72,354,81.03,86.265,87.37426162494404
2023-10-13,S002-P0005,Electronics,66,283,75.23,86.265,66.08181627677914
2023-10-14,S002-P0005,Electronics,68,205,67.32,86.265,66.35040528736215
2023-10-15,S002-P0005,Electronics,45,132,77.26,86.265,47.98075820199162
2023-10-16,S002-P0005,Electronics,79,364,82.9,86.265,76.8493318170328
2023-10-17,S002-P0005,Electronics,44,278,76.67,86.265,37.57461780480896
2023-10-18,S002-P0005,Electronics,28,226,68.2,86.265,47.925312566334526
2023-10-19,S002-P0005,Electronics,47,201,73.66,86.265,37.41893572713213
2023-10-20,S002-P0005,Electronics,26,522,64.1,86.265,37.45090892028198
2023-10-21,S002-P0005,Electronics,38,497,74.84,86.265,47.951891425275505
2023-10-22,S002-P0005,Electronics,42,459,57.12,86.265,87.99655612768348
2023-10-23,S002-P0005,Electronics,88,428,76.72,86.265,87.95553177814355
2023-10-24,S002-P0005,Electronics,93,358,82.35,86.265,87.87624641137087
2023-10-25,S002-P0005,Electronics,70,299,76.47,86.265,81.07947159397256
2023-10-26,S002-P0005,Electronics,140,225,100.97,86.265,91.36806121185913
2023-10-27,S002-P0005,Electronics,90,385,90.99,86.265,91.2889278551439
2023-10-28,S002-P0005,Electronics,123,318,101.06,86.265,102.46231593262067
2023-10-29,S002-P0005,Electronics,114,176,103.49,86.265,91.61767224489726
2023-10-30,S002-P0005,Electronics,46,713,69.72,86.265,91.79451054335365
2023-10-31,S002-P0005,Electronics,101,668,94.4,86.265,81.29556171157799
2023-11-01,S002-P0005,Electronics,143,598,85.84,86.265,120.31359585978836
2023-11-02,S002-P0005,Electronics,83,427,84.34,86.265,102.31135883294567
2023-11-03,S002-P0005,Electronics,77,360,65.25,86.265,120.28623254176497
2023-11-04,S002-P0005,Electronics,149,287,91.91,86.265,109.98778620693088
2023-11-05,S002-P0005,Electronics,179,860,112.3,86.265,110.04902920159907
2023-11-06,S002-P0005,Electronics,99,668,84.32,86.265,81.42562048696036
2023-11-07,S002-P0005,Electronics,97,593,93.26,86.265,102.59400234868343
2023-11-08,S002-P0005,Electronics,94,505,92.28,86.265,81.12651783437755
2023-11-09,S002-P0005,Electronics,93,419,87.21,86.265,81.01364489579498
2023-11-10,S002-P0005,Electronics,18,341,61.94,86.265,91.49389659899654
2023-11-11,S002-P0005,Electronics,113,327,103.35,86.265,81.13886179120078
2023-11-12,S002-P0005,Electronics,158,249,106.51,86.265,102.72340279583649
2023-11-13,S002-P0005,Electronics,107,552,86.04,86.265,131.58571934472573
2023-11-14,S002-P0005,Electronics,180,477,88.99,86.265,120.64876144155065
2023-11-15,S002-P0005,Electronics,46,303,73.64,86.265,81.21358800967081
2023-11-16,S002-P0005,Electronics,116,852,99.14,86.265,81.00916151819925
2023-11-17,S002-P0005,Electronics,114,768,98.34,86.265,81.03454369300667
2023-11-18,S002-P0005,Electronics,83,646,80.08,86.265,102.65573660743938
2023-11-19,S002-P0005,Electronics,143,594,101.57,86.265,120.54957538152269
2023-11-20,S002-P0005,Electronics,124,457,81.17,86.265,120.72109126332506
2023-11-21,S002-P0005,Electronics,66,368,83.59,86.265,81.32845350916884
2023-11-22,S002-P0005,Electronics,112,314,88.04,86.265,81.27262499435835
2023-11-23,S002-P0005,Electronics,138,835,94.57,86.265,120.29793561375004
2023-11-24,S002-P0005,Electronics,85,735,80.49,86.265,81.17944579485075
2023-11-25,S002-P0005,Electronics,54,653,63.87,86.265,110.12706486316469
2023-11-26,S002-P0005,Electronics,85,616,94.09,86.265,81.38411943028609
2023-11-27,S002-P0005,Electronics,142,526,112.69,86.265,102.8045334598856
2023-11-28,S002-P0005,Electronics,51,434,74.95,86.265,81.50040219652294
2023-11-29,S002-P0005,Electronics,85,397,84.9,86.265,81.27807198491044
2023-11-30,S002-P0005,Electronics,143,334,96.73,86.265,81.21429709402747
2023-12-01,S002-P0005,Electronics,119,813,84.12,86.265,123.00576283168368
2023-12-02,S002-P0005,Electronics,97,732,93.15,86.265,94.24451107766393
2023-12-03,S002-P0005,Electronics,61,620,82.09,86.265,84.06449012078022
2023-12-04,S002-P0005,Electronics,114,552,93.56,86.265,105.48289176071799
2023-12-05,S002-P0005,Electronics,163,425,102.2,86.265,134.13647707506684
2023-12-06,S002-P0005,Electronics,145,291,102.18,86.265,105.27805261351358
2023-12-07,S002-P0005,Electronics,63,151,87.15,86.265,105.04773246064353
2023-12-08,S002-P0005,Electronics,86,112,80.75,86.265,83.81629601579519
2023-12-09,S002-P0005,Electronics,75,724,77.67,86.265,105.32183278472833
2023-12-10,S002-P0005,Electronics,97,651,93.27,86.265,94.46592491380318
2023-12-11,S002-P0005,Electronics,63,554,78.51,86.265,84.12356849519546
2023-12-12,S002-P0005,Electronics,86,502,76.29,86.265,112.82996205809437
2023-12-13,S002-P0005,Electronics,103,445,100.14,86.265,105.16552748472832
2023-12-14,S002-P0005,Electronics,184,342,102.15,86.265,133.8962916594349
2023-12-15,S002-P0005,Electronics,147,192,91.55,86.265,133.9685280488647
2023-12-16,S002-P0005,Electronics,82,85,79.68,86.265,112.64127119723096
2023-12-17,S002-P0005,Electronics,84,381,66.75,86.265,112.96505888658038
2023-12-18,S002-P0005,Electronics,137,1075,100.23,86.265,105.47113217998807
2023-12-19,S002-P0005,Electronics,101,939,79.44,86.265,123.26798917837235
2023-12-20,S002-P0005,Electronics,122,859,95.86,86.265,83.84281491809696
2023-12-21,S002-P0005,Electronics,110,745,102.17,86.265,94.06147939446667
2023-12-22,S002-P0005,Electronics,157,675,94.87,86.265,122.93030743077844
2023-12-23,S002-P0005,Electronics,99,496,89.15,86.265,94.27268316022275
2023-12-24,S002-P0005,Electronics,139,400,111.77,86.265,94.37511986977923
2023-12-25,S002-P0005,Electronics,91,289,86.63,86.265,84.13844022807268
2023-12-26,S002-P0005,Electronics,63,773,82.68,86.265,105.34794979001539
2023-12-27,S002-P0005,Electronics,54,725,71.78,86.265,61.76120177625456
2023-12-28,S002-P0005,Electronics,72,683,72.68,86.265,69.0177777042874
2023-12-29,S002-P0005,Electronics,71,604,85.19,86.265,61.53833231613316
2023-12-30,S002-P0005,Electronics,47,546,69.87,86.265,50.82468742738775
2023-12-31,S002-P0005,Electronics,44,516,69.12,86.265,61.942397948907505
2024-01-01,S002-P0005,Electronics,55,472,84.38,86.265,51.34330213825982
2024-01-02,S002-P0005,Electronics,54,437,72.03,86.265,91.0060943413733
2024-01-03,S002-P0005,Electronics,97,393,73.59,86.265,80.03077923850616
2024-01-04,S002-P0005,Electronics,39,284,71.36,86.265,62.01112669700604
2024-01-05,S002-P0005,Electronics,75,258,73.44,86.265,79.80404077397152
2024-01-06,S002-P0005,Electronics,42,191,72.45,86.265,51.1425674456876
2024-01-07,S002-P0005,Electronics,57,497,76.83,86.265,62.258380807312754
2024-01-08,S002-P0005,Electronics,93,442,91.85,86.265,62.306408734596666
2024-01-09,S002-P0005,Electronics,115,373,98.71,86.265,94.7101566047227
2024-01-10,S002-P0005,Electronics,74,271,81.41,86.265,84.18755442407314
2024-01-11,S002-P0005,Electronics,81,213,83.71,86.265,84.00237226722945
2024-01-12,S002-P0005,Electronics,103,586,85.54,86.265,94.46516813897122
2024-01-13,S002-P0005,Electronics,30,487,65.17,86.265,94.60055999748629
2024-01-14,S002-P0005,Electronics,99,462,88.91,86.265,94.75230372035519
2024-01-15,S002-P0005,Electronics,63,346,82.57,86.265,94.74379990938974
2024-01-16,S002-P0005,Electronics,115,286,77.99,86.265,113.15225982000786
2024-01-17,S002-P0005,Electronics,113,167,98.17,86.265,94.4612578765296
2024-01-18,S002-P0005,Electronics,37,374,70.61,86.265,105.34648443207337
2024-01-19,S002-P0005,Electronics,115,348,88.89,86.265,112.68301734261641
2024-01-20,S002-P0005,Electronics,199,224,98.39,86.265,134.34188451584689
2024-01-21,S002-P0005,Electronics,88,601,85.69,86.265,112.96699816027825
2024-01-22,S002-P0005,Electronics,79,517,87.7,86.265,84.26803681238235
2024-01-23,S002-P0005,Electronics,95,460,87.64,86.265,84.21972476531846
2024-01-24,S002-P0005,Electronics,77,1218,77.82,86.265,134.1416134315288
2024-01-25,S002-P0005,Electronics,133,1130,104.22,86.265,105.20957256423532
2024-01-26,S002-P0005,Electronics,175,992,98.74,86.265,134.069719826902
2024-01-27,S002-P0005,Electronics,132,862,83.2,86.265,134.2020986376304
2024-01-28,S002-P0005,Electronics,101,728,94.35,86.265,94.53508271234666
2024-01-29,S002-P0005,Electronics,68,625,88.55,86.265,84.12547746336548
2024-01-30,S002-P0005,Electronics,138,552,105.91,86.265,84.02097708299706
2023-10-03,S002-P0006,Clothing,98,75,59.56,63.71,94.94084503874075
2023-10-04,S002-P0006,Clothing,129,105,57.62,63.71,123.63927449342589
2023-10-05,S002-P0006,Clothing,15,138,45.64,63.71,115.95068946003677
2023-10-06,S002-P0006,Clothing,58,127,57.54,63.71,94.60444319150503
2023-10-07,S002-P0006,Clothing,70,64,60.08,63.71,51.26347162675061
2023-10-08,S002-P0006,Clothing,84,70,66.57,63.71,72.8004400456744
2023-10-09,S002-P0006,Clothing,125,72,68.29,63.71,62.018868979427396
2023-10-10,S002-P0006,Clothing,114,146,58.73,63.71,90.74068425942394
2023-10-11,S002-P0006,Clothing,119,113,56.72,63.71,80.22139924242728
2023-10-12,S002-P0006,Clothing,152,146,70.31,63.71,72.6414856503308
2023-10-13,S002-P0006,Clothing,63,166,58.67,63.71,51.29419997134683
2023-10-14,S002-P0006,Clothing,118,115,52.89,63.71,80.36138331712573
2023-10-15,S002-P0006,Clothing,117,137,70.33,63.71,61.93689590093613
2023-10-16,S002-P0006,Clothing,147,174,64.83,63.71,90.91515017761547
2023-10-17,S002-P0006,Clothing,114,177,69.62,63.71,51.58559583457256
2023-10-18,S002-P0006,Clothing,96,98,56.0,63.71,90.62520426965585
2023-10-19,S002-P0006,Clothing,70,101,50.68,63.71,80.17366776127255
2023-10-20,S002-P0006,Clothing,62,111,55.37,63.71,51.352206288407416
2023-10-21,S002-P0006,Clothing,111,44,69.11,63.71,61.90802912422001
2023-10-22,S002-P0006,Clothing,77,104,58.43,63.71,101.78817283417072
2023-10-23,S002-P0006,Clothing,72,82,57.33,63.71,101.85682914626898
2023-10-24,S002-P0006,Clothing,114,97,69.83,63.71,72.97894944430037
2023-10-25,S002-P0006,Clothing,142,147,63.8,63.71,123.83420362811299
2023-10-26,S002-P0006,Clothing,93,134,65.13,63.71,105.21451824916547
2023-10-27,S002-P0006,Clothing,127,133,76.43,63.71,105.2450655540884
2023-10-28,S002-P0006,Clothing,142,153,72.1,63.71,116.41845363156517
2023-10-29,S002-P0006,Clothing,45,133,51.93,63.71,105.62865027466086
2023-10-30,S002-P0006,Clothing,78,86,61.76,63.71,105.69580791147908
2023-10-31,S002-P0006,Clothing,108,126,65.0,63.71,95.25169941052249
2023-11-01,S002-P0006,Clothing,145,116,76.43,63.71,105.41629889271788
2023-11-02,S002-P0006,Clothing,163,131,80.41,63.71,116.26749653189017
2023-11-03,S002-P0006,Clothing,99,200,66.44,63.71,105.3340952438754
2023-11-04,S002-P0006,Clothing,60,131,57.94,63.71,95.09048923986037
2023-11-05,S002-P0006,Clothing,141,93,71.78,63.71,95.26141289616677
2023-11-06,S002-P0006,Clothing,87,116,60.55,63.71,95.38175818590486
2023-11-07,S002-P0006,Clothing,137,132,67.23,63.71,116.6598207092661
2023-11-08,S002-P0006,Clothing,80,170,62.28,63.71,95.08265553332205
2023-11-09,S002-P0006,Clothing,98,114,56.3,63.71,123.76837692993544
2023-11-10,S002-P0006,Clothing,105,134,53.42,63.71,134.30346896395605
2023-11-11,S002-P0006,Clothing,127,134,65.27,63.71,95.20468015178344
2023-11-12,S002-P0006,Clothing,194,173,82.53,63.71,145.42329449915778
2023-11-13,S002-P0006,Clothing,176,223,62.51,63.71,145.65153770530839
2023-11-14,S002-P0006,Clothing,56,228,57.05,63.71,105.64178381284201
2023-11-15,S002-P0006,Clothing,70,167,47.42,63.71,124.0780007054494
2023-11-16,S002-P0006,Clothing,91,88,64.77,63.71,95.02013954796283
2023-11-17,S002-P0006,Clothing,85,107,57.02,63.71,123.7892757271471
2023-11-18,S002-P0006,Clothing,88,80,51.31,63.71,145.4104686415798
2023-11-19,S002-P0006,Clothing,100,82,63.22,63.71,105.81679940690947
2023-11-20,S002-P0006,Clothing,164,120,72.55,63.71,105.87863462707364
2023-11-21,S002-P0006,Clothing,84,171,63.21,63.71,95.28459120811334
2023-11-22,S002-P0006,Clothing,143,76,72.12,63.71,123.9176763668606
2023-11-23,S002-P0006,Clothing,65,119,55.95,63.71,105.45547897749861
2023-11-24,S002-P0006,Clothing,74,46,54.89,63.71,95.13558349379525
2023-11-25,S002-P0006,Clothing,133,81,77.68,63.71,95.17492756527508
2023-11-26,S002-P0006,Clothing,42,134,56.7,63.71,95.3402571292306
2023-11-27,S002-P0006,Clothing,140,84,59.62,63.71,145.72378648648328
2023-11-28,S002-P0006,Clothing,77,161,49.36,63.71,124.25513423066334
2023-11-29,S002-P0006,Clothing,69,79,53.89,63.71,95.28905001467402
2023-11-30,S002-P0006,Clothing,73,73,60.82,63.71,95.1155944621529
2023-12-01,S002-P0006,Clothing,124,96,71.9,63.71,108.05362553379408
2023-12-02,S002-P0006,Clothing,161,133,80.1,63.71,108.25548910742752
2023-12-03,S002-P0006,Clothing,137,187,67.19,63.71,126.76438182410152
2023-12-04,S002-P0006,Clothing,80,25,62.19,63.71,119.43902945966249
2023-12-05,S002-P0006,Clothing,158,85,71.34,63.71,119.4037011004536
2023-12-06,S002-P0006,Clothing,86,157,50.24,63.71,148.08762497847306
2023-12-07,S002-P0006,Clothing,161,65,71.66,63.71,147.85730482560305
2023-12-08,S002-P0006,Clothing,176,129,66.64,63.71,126.57102804993562
2023-12-09,S002-P0006,Clothing,146,221,60.53,63.71,148.13140514968782
2023-12-10,S002-P0006,Clothing,115,55,69.96,63.71,108.42206261274768
2023-12-11,S002-P0006,Clothing,125,100,65.0,63.71,98.13454652495903
2023-12-12,S002-P0006,Clothing,100,146,53.34,63.71,126.84094008785794
2023-12-13,S002-P0006,Clothing,140,128,75.41,63.71,119.17650551449191
2023-12-14,S002-P0006,Clothing,203,138,80.21,63.71,119.10867535400254
2023-12-15,S002-P0006,Clothing,255,199,95.18,63.71,147.81498508617102
2023-12-16,S002-P0006,Clothing,36,280,52.72,63.71,97.85365489179864
2023-12-17,S002-P0006,Clothing,148,250,61.67,63.71,126.8663562547058
2023-12-18,S002-P0006,Clothing,214,144,77.13,63.71,148.28070454494758
2023-12-19,S002-P0006,Clothing,121,232,75.1,63.71,108.31585188048278
2023-12-20,S002-P0006,Clothing,107,139,68.18,63.71,97.74411228622239
2023-12-21,S002-P0006,Clothing,106,176,54.39,63.71,136.92589209024527
2023-12-22,S002-P0006,Clothing,40,58,50.67,63.71,108.14269112534609
2023-12-23,S002-P0006,Clothing,94,69,65.38,63.71,108.17398052834817
2023-12-24,S002-P0006,Clothing,90,97,64.42,63.71,108.38609789954282
2023-12-25,S002-P0006,Clothing,142,143,75.94,63.71,97.98489726537903
2023-12-26,S002-P0006,Clothing,97,156,66.02,63.71,119.2492471581408
2023-12-27,S002-P0006,Clothing,139,65,71.23,63.71,75.71733947519905
2023-12-28,S002-P0006,Clothing,81,126,59.43,63.71,54.175321068036006
2023-12-29,S002-P0006,Clothing,76,150,58.2,63.71,75.60415067671582
2023-12-30,S002-P0006,Clothing,157,88,75.24,63.71,64.72598479551317
2023-12-31,S002-P0006,Clothing,121,172,75.0,63.71,75.78885498621383
2024-01-01,S002-P0006,Clothing,83,73,59.7,63.71,65.35428016802341
2024-01-02,S002-P0006,Clothing,201,80,84.08,63.71,104.9622320403178
2024-01-03,S002-P0006,Clothing,128,198,57.46,63.71,93.98691693745066
2024-01-04,S002-P0006,Clothing,205,100,80.26,63.71,104.71101840032736
2024-01-05,S002-P0006,Clothing,136,173,78.52,63.71,64.90674380690105
2024-01-06,S002-P0006,Clothing,102,160,60.32,63.71,65.15354547545117
2024-01-07,S002-P0006,Clothing,103,68,67.4,63.71,76.15967817543816
2024-01-08,S002-P0006,Clothing,195,116,82.8,63.71,105.00630043791799
2024-01-09,S002-P0006,Clothing,138,201,67.44,63.71,108.72113463448628
2024-01-10,S002-P0006,Clothing,113,52,65.99,63.71,98.08885179219857
2024-01-11,S002-P0006,Clothing,90,99,64.49,63.71,97.95850996617395
2024-01-12,S002-P0006,Clothing,117,90,52.81,63.71,137.27474050393073
2024-01-13,S002-P0006,Clothing,85,117,60.03,63.71,108.55669769643079
2024-01-14,S002-P0006,Clothing,113,123,69.41,63.71,108.59876075766152
2024-01-15,S002-P0006,Clothing,103,181,70.86,63.71,108.64509727751515
2024-01-16,S002-P0006,Clothing,91,75,68.14,63.71,98.1452821912992
2024-01-17,S002-P0006,Clothing,21,108,49.39,63.71,108.4173955754741
2024-01-18,S002-P0006,Clothing,72,95,54.45,63.71,119.30262213101787
2024-01-19,S002-P0006,Clothing,87,100,57.48,63.71,97.95024136800316
2024-01-20,S002-P0006,Clothing,96,96,62.42,63.71,119.4445875487764
2024-01-21,S002-P0006,Clothing,84,140,50.49,63.71,127.03281652086093
2024-01-22,S002-P0006,Clothing,88,61,64.09,63.71,98.22417451132685
2024-01-23,S002-P0006,Clothing,80,102,52.88,63.71,126.91961646863982
2024-01-24,S002-P0006,Clothing,165,91,60.63,63.71,148.20743179211146
2024-01-25,S002-P0006,Clothing,226,134,79.33,63.71,148.0191449291948
2024-01-26,S002-P0006,Clothing,121,252,64.21,63.71,119.22726319065059
2024-01-27,S002-P0006,Clothing,167,112,81.28,63.71,119.2499613397408
2024-01-28,S002-P0006,Clothing,167,181,72.83,63.71,137.28981474648708
2024-01-29,S002-P0006,Clothing,100,167,63.2,63.71,98.19129582394817
2024-01-30,S002-P0006,Clothing,118,98,63.58,63.71,98.08679544357975
2023-10-03,S002-P0007,Toys,86,244,26.23,26.064999999999998,77.0355078610198
2023-10-04,S002-P0007,Toys,79,168,28.45,26.064999999999998,76.82566231887084
2023-10-05,S002-P0007,Toys,138,436,29.31,26.064999999999998,98.15503294395396
2023-10-06,S002-P0007,Toys,64,349,20.16,26.064999999999998,105.7170616722563
2023-10-07,S002-P0007,Toys,46,274,21.43,26.064999999999998,62.21156911504464
2023-10-08,S002-P0007,Toys,30,571,21.21,26.064999999999998,55.00478352959162
2023-10-09,S002-P0007,Toys,13,552,18.61,26.064999999999998,44.16837213252551
2023-10-10,S002-P0007,Toys,38,539,18.2,26.064999999999998,72.94502774334114
2023-10-11,S002-P0007,Toys,37,514,19.57,26.064999999999998,62.316062064706315
2023-10-12,S002-P0007,Toys,17,490,21.1,26.064999999999998,54.73614847260984
2023-10-13,S002-P0007,Toys,15,475,21.96,26.064999999999998,33.388862793625854
2023-10-14,S002-P0007,Toys,26,461,19.63,26.064999999999998,62.40120580858567
2023-10-15,S002-P0007,Toys,47,431,25.22,26.064999999999998,44.086399054034246
2023-10-16,S002-P0007,Toys,13,378,20.69,26.064999999999998,44.15637833387951
2023-10-17,S002-P0007,Toys,41,370,22.13,26.064999999999998,33.78993931848975
2023-10-18,S002-P0007,Toys,77,336,22.82,26.064999999999998,72.77470742275398
2023-10-19,S002-P0007,Toys,7,277,21.19,26.064999999999998,33.41489591753659
2023-10-20,S002-P0007,Toys,12,273,21.66,26.064999999999998,33.44686911068644
2023-10-21,S002-P0007,Toys,43,266,18.85,26.064999999999998,72.91096694333311
2023-10-22,S002-P0007,Toys,39,222,23.15,26.064999999999998,55.19392198289201
2023-10-23,S002-P0007,Toys,31,177,21.24,26.064999999999998,55.31741862580934
2023-10-24,S002-P0007,Toys,30,156,21.17,26.064999999999998,55.23813325903666
2023-10-25,S002-P0007,Toys,101,125,22.95,26.064999999999998,106.03854711203017
2023-10-26,S002-P0007,Toys,125,8,31.37,26.064999999999998,87.41886173308268
2023-10-27,S002-P0007,Toys,52,86,24.42,26.064999999999998,87.39456870718652
2023-10-28,S002-P0007,Toys,130,357,31.89,26.064999999999998,98.51311645384419
2023-10-29,S002-P0007,Toys,59,672,23.77,26.064999999999998,87.83299375857806
2023-10-30,S002-P0007,Toys,121,627,30.98,26.064999999999998,87.8453110645772
2023-10-31,S002-P0007,Toys,76,494,24.04,26.064999999999998,77.45604289443968
2023-11-01,S002-P0007,Toys,44,429,23.69,26.064999999999998,87.51096171499691
2023-11-02,S002-P0007,Toys,109,378,31.4,26.064999999999998,98.3621593541692
2023-11-03,S002-P0007,Toys,87,255,29.21,26.064999999999998,87.42875806615442
2023-11-04,S002-P0007,Toys,162,153,33.01,26.064999999999998,77.29483272377757
2023-11-05,S002-P0007,Toys,105,312,25.08,26.064999999999998,106.20951038446078
2023-11-06,S002-P0007,Toys,57,237,26.21,26.064999999999998,77.4215806773648
2023-11-07,S002-P0007,Toys,225,740,38.69,26.064999999999998,127.49823753592193
2023-11-08,S002-P0007,Toys,76,582,26.67,26.064999999999998,77.17731835560107
2023-11-09,S002-P0007,Toys,158,524,34.53,26.064999999999998,77.11928574783761
2023-11-10,S002-P0007,Toys,89,1151,25.14,26.064999999999998,87.59953745103917
2023-11-11,S002-P0007,Toys,75,1050,25.28,26.064999999999998,77.29934297406248
2023-11-12,S002-P0007,Toys,132,985,33.71,26.064999999999998,98.77420331706001
2023-11-13,S002-P0007,Toys,155,853,30.64,26.064999999999998,127.69136019676836
2023-11-14,S002-P0007,Toys,113,679,31.8,26.064999999999998,87.79128696594012
2023-11-15,S002-P0007,Toys,93,587,28.34,26.064999999999998,77.26438853089435
2023-11-16,S002-P0007,Toys,83,513,23.25,26.064999999999998,105.96823703625687
2023-11-17,S002-P0007,Toys,89,426,25.18,26.064999999999998,105.93877888024521
2023-11-18,S002-P0007,Toys,167,360,29.8,26.064999999999998,127.55997179467792
2023-11-19,S002-P0007,Toys,90,241,28.05,26.064999999999998,87.85662189836941
2023-11-20,S002-P0007,Toys,118,158,32.27,26.064999999999998,87.91845711853358
2023-11-21,S002-P0007,Toys,107,496,23.39,26.064999999999998,106.3972096888646
2023-11-22,S002-P0007,Toys,74,425,22.34,26.064999999999998,106.1768601815969
2023-11-23,S002-P0007,Toys,136,363,24.33,26.064999999999998,116.51325712743082
2023-11-24,S002-P0007,Toys,118,208,27.65,26.064999999999998,77.28508664689338
2023-11-25,S002-P0007,Toys,124,77,29.67,26.064999999999998,77.3792710491923
2023-11-26,S002-P0007,Toys,125,426,28.25,26.064999999999998,106.2883546175246
2023-11-27,S002-P0007,Toys,128,302,28.5,26.064999999999998,99.01985497356638
2023-11-28,S002-P0007,Toys,74,152,27.95,26.064999999999998,77.49636238692739
2023-11-29,S002-P0007,Toys,88,496,27.82,26.064999999999998,77.38371283695307
2023-11-30,S002-P0007,Toys,71,424,24.86,26.064999999999998,77.3199379460701
2023-12-01,S002-P0007,Toys,50,346,23.0,26.064999999999998,90.25796901771128
2023-12-02,S002-P0007,Toys,149,293,30.08,26.064999999999998,119.20358659572156
2023-12-03,S002-P0007,Toys,58,136,23.73,26.064999999999998,80.17013097282283
2023-12-04,S002-P0007,Toys,151,81,30.48,26.064999999999998,101.64337294357968
2023-12-05,S002-P0007,Toys,44,472,21.29,26.064999999999998,101.55320425355171
2023-12-06,S002-P0007,Toys,135,438,29.05,26.064999999999998,130.07260713911393
2023-12-07,S002-P0007,Toys,112,308,27.13,26.064999999999998,129.95196764788207
2023-12-08,S002-P0007,Toys,105,193,29.47,26.064999999999998,79.81225620619963
2023-12-09,S002-P0007,Toys,53,452,25.82,26.064999999999998,101.31779297513278
2023-12-10,S002-P0007,Toys,132,410,25.63,26.064999999999998,119.42500043186081
2023-12-11,S002-P0007,Toys,131,328,26.88,26.064999999999998,109.0826440132531
2023-12-12,S002-P0007,Toys,59,233,22.55,26.064999999999998,80.19184890576015
2023-12-13,S002-P0007,Toys,113,562,27.22,26.064999999999998,101.38084899840909
2023-12-14,S002-P0007,Toys,38,436,23.08,26.064999999999998,101.14849784546249
2023-12-15,S002-P0007,Toys,105,413,22.06,26.064999999999998,130.1290092317264
2023-12-16,S002-P0007,Toys,105,347,23.26,26.064999999999998,108.91143304173083
2023-12-17,S002-P0007,Toys,100,241,28.96,26.064999999999998,80.10758441096984
2023-12-18,S002-P0007,Toys,173,158,34.13,26.064999999999998,101.57677303203069
2023-12-19,S002-P0007,Toys,75,371,21.03,26.064999999999998,119.42847036123405
2023-12-20,S002-P0007,Toys,57,314,23.68,26.064999999999998,79.94845577013959
2023-12-21,S002-P0007,Toys,63,864,22.91,26.064999999999998,90.27680090814746
2023-12-22,S002-P0007,Toys,42,817,23.49,26.064999999999998,90.18251361680603
2023-12-23,S002-P0007,Toys,133,775,28.87,26.064999999999998,119.1220780166422
2023-12-24,S002-P0007,Toys,126,621,24.86,26.064999999999998,119.443876049475
2023-12-25,S002-P0007,Toys,92,494,26.82,26.064999999999998,80.18924074929623
2023-12-26,S002-P0007,Toys,76,422,24.02,26.064999999999998,101.50843097287708
2023-12-27,S002-P0007,Toys,20,343,22.47,26.064999999999998,57.757161966659005
2023-12-28,S002-P0007,Toys,19,331,20.18,26.064999999999998,36.3796645519532
2023-12-29,S002-P0007,Toys,16,315,22.07,26.064999999999998,57.64397316817578
2023-12-30,S002-P0007,Toys,9,304,18.28,26.064999999999998,46.93032827943037
2023-12-31,S002-P0007,Toys,30,299,20.07,26.064999999999998,58.04803880095013
2024-01-01,S002-P0007,Toys,36,269,20.49,26.064999999999998,76.30237765631742
2024-01-02,S002-P0007,Toys,32,239,21.33,26.064999999999998,58.42282151985817
2024-01-03,S002-P0007,Toys,61,204,21.46,26.064999999999998,76.02673942891059
2024-01-04,S002-P0007,Toys,62,150,21.36,26.064999999999998,86.91536188424456
2024-01-05,S002-P0007,Toys,9,81,19.35,26.064999999999998,47.111087290818254
2024-01-06,S002-P0007,Toys,67,237,23.28,26.064999999999998,47.30304862854929
2024-01-07,S002-P0007,Toys,49,191,21.71,26.064999999999998,58.418861990174456
2024-01-08,S002-P0007,Toys,30,152,21.14,26.064999999999998,58.46688991745835
2024-01-09,S002-P0007,Toys,67,326,25.87,26.064999999999998,90.81579745676532
2024-01-10,S002-P0007,Toys,137,266,27.4,26.064999999999998,109.09178961131168
2024-01-11,S002-P0007,Toys,50,131,24.24,26.064999999999998,80.10801311927207
2024-01-12,S002-P0007,Toys,43,94,22.31,26.064999999999998,90.57080899101385
2024-01-13,S002-P0007,Toys,56,526,23.54,26.064999999999998,119.39511452308665
2024-01-14,S002-P0007,Toys,120,485,32.56,26.064999999999998,90.74826391075965
2024-01-15,S002-P0007,Toys,115,412,30.43,26.064999999999998,90.84944076143236
2024-01-16,S002-P0007,Toys,134,313,28.81,26.064999999999998,109.14822001041232
2024-01-17,S002-P0007,Toys,99,161,21.65,26.064999999999998,119.47517372540631
2024-01-18,S002-P0007,Toys,49,454,24.1,26.064999999999998,101.34244462247781
2024-01-19,S002-P0007,Toys,61,415,25.25,26.064999999999998,80.04490419028221
2024-01-20,S002-P0007,Toys,101,355,22.92,26.064999999999998,130.4475253678895
2024-01-21,S002-P0007,Toys,47,262,23.9,26.064999999999998,80.32888500794407
2024-01-22,S002-P0007,Toys,68,231,25.96,26.064999999999998,80.31883733360587
2024-01-23,S002-P0007,Toys,104,425,26.47,26.064999999999998,80.32536561736109
2024-01-24,S002-P0007,Toys,99,307,28.91,26.064999999999998,101.39381961755643
2024-01-25,S002-P0007,Toys,155,196,28.8,26.064999999999998,130.16864808229292
2024-01-26,S002-P0007,Toys,75,24,25.23,26.064999999999998,101.3767663437487
2024-01-27,S002-P0007,Toys,174,271,28.81,26.064999999999998,130.30773948967303
2024-01-28,S002-P0007,Toys,60,550,25.23,26.064999999999998,90.5858832335702
2024-01-29,S002-P0007,Toys,129,491,30.06,26.064999999999998,80.34079897704628
2024-01-30,S002-P0007,Toys,109,414,26.84,26.064999999999998,80.23629859667786
2023-10-03,S002-P0008,Groceries,74,169,22.51,25.54,105.48830219144168
2023-10-04,S002-P0008,Groceries,106,102,23.67,25.54,134.07705098448864
2023-10-05,S002-P0008,Groceries,97,108,27.03,25.54,126.4433062819186
2023-10-06,S002-P0008,Groceries,154,110,27.53,25.54,105.2615810058441
2023-10-07,S002-P0008,Groceries,65,156,21.75,25.54,61.92060944108969
2023-10-08,S002-P0008,Groceries,172,92,25.69,25.54,112.25617219520942
2023-10-09,S002-P0008,Groceries,119,164,26.23,25.54,72.51148580130923
2023-10-10,S002-P0008,Groceries,59,166,21.27,25.54,72.48954707692893
2023-10-11,S002-P0008,Groceries,75,125,22.64,25.54,61.91542172911321
2023-10-12,S002-P0008,Groceries,122,122,25.05,25.54,111.87785647658946
2023-10-13,S002-P0008,Groceries,75,170,22.65,25.54,61.841657124047735
2023-10-14,S002-P0008,Groceries,97,105,23.12,25.54,62.055405803811645
2023-10-15,S002-P0008,Groceries,99,130,25.88,25.54,72.53919338445613
2023-10-16,S002-P0008,Groceries,63,151,20.54,25.54,72.66401299512047
2023-10-17,S002-P0008,Groceries,108,90,24.01,25.54,62.18789331809254
2023-10-18,S002-P0008,Groceries,117,118,20.57,25.54,101.28234208399495
2023-10-19,S002-P0008,Groceries,93,140,19.04,25.54,90.77596524479256
2023-10-20,S002-P0008,Groceries,59,143,21.26,25.54,61.9545037719274
2023-10-21,S002-P0008,Groceries,125,101,25.15,25.54,101.25408061211682
2023-10-22,S002-P0008,Groceries,94,110,24.2,25.54,83.5918759824948
2023-10-23,S002-P0008,Groceries,148,112,28.47,25.54,112.4042862989699
2023-10-24,S002-P0008,Groceries,66,170,20.78,25.54,83.63608725863945
2023-10-25,S002-P0008,Groceries,117,121,27.44,25.54,105.47338578397981
2023-10-26,S002-P0008,Groceries,31,107,20.08,25.54,115.81681573268547
2023-10-27,S002-P0008,Groceries,122,77,22.28,25.54,144.7007977036234
2023-10-28,S002-P0008,Groceries,118,107,26.16,25.54,126.96591078426609
2023-10-29,S002-P0008,Groceries,85,129,25.95,25.54,116.12126709654268
2023-10-30,S002-P0008,Groceries,133,103,27.3,25.54,116.29810539499907
2023-10-31,S002-P0008,Groceries,101,142,23.44,25.54,105.85399689404247
2023-11-01,S002-P0008,Groceries,93,167,24.01,25.54,116.01859637623787
2023-11-02,S002-P0008,Groceries,81,83,24.33,25.54,126.81495368459109
2023-11-03,S002-P0008,Groceries,154,96,28.97,25.54,144.62530640095312
2023-11-04,S002-P0008,Groceries,69,149,23.32,25.54,105.5831060617422
2023-11-05,S002-P0008,Groceries,156,99,29.15,25.54,134.55262405324447
2023-11-06,S002-P0008,Groceries,129,148,26.97,25.54,105.92921533860576
2023-11-07,S002-P0008,Groceries,103,174,23.59,25.54,127.20727786196701
2023-11-08,S002-P0008,Groceries,79,51,25.46,25.54,105.57527235520388
2023-11-09,S002-P0008,Groceries,144,79,25.02,25.54,134.37067441345542
2023-11-10,S002-P0008,Groceries,131,170,21.43,25.54,144.85092611665695
2023-11-11,S002-P0008,Groceries,75,191,23.87,25.54,105.69729697366529
2023-11-12,S002-P0008,Groceries,157,108,25.99,25.54,156.08043231349686
2023-11-13,S002-P0008,Groceries,149,136,25.35,25.54,156.1441545271902
2023-11-14,S002-P0008,Groceries,33,208,21.33,25.54,116.18924096554292
2023-11-15,S002-P0008,Groceries,98,183,25.82,25.54,105.71718286131625
2023-11-16,S002-P0008,Groceries,146,83,28.29,25.54,105.62243703148283
2023-11-17,S002-P0008,Groceries,118,171,20.65,25.54,134.50125387230526
2023-11-18,S002-P0008,Groceries,154,81,25.95,25.54,155.90308546346162
2023-11-19,S002-P0008,Groceries,86,151,23.52,25.54,116.3094162287913
2023-11-20,S002-P0008,Groceries,26,77,14.74,25.54,145.27952644578954
2023-11-21,S002-P0008,Groceries,50,59,21.68,25.54,105.88688869163335
2023-11-22,S002-P0008,Groceries,65,65,24.24,25.54,105.6665391843656
2023-11-23,S002-P0008,Groceries,118,78,26.15,25.54,116.00293613019953
2023-11-24,S002-P0008,Groceries,85,103,19.51,25.54,134.53647531251116
2023-11-25,S002-P0008,Groceries,142,88,29.55,25.54,105.72238471797601
2023-11-26,S002-P0008,Groceries,150,145,28.67,25.54,105.99739494356967
2023-11-27,S002-P0008,Groceries,198,220,36.15,25.54,127.30812831153102
2023-11-28,S002-P0008,Groceries,112,235,28.4,25.54,105.89431638653019
2023-11-29,S002-P0008,Groceries,113,147,27.03,25.54,105.72682650573677
2023-11-30,S002-P0008,Groceries,163,140,31.35,25.54,105.66305161485383
2023-12-01,S002-P0008,Groceries,85,173,23.42,25.54,118.71076334813316
2023-12-02,S002-P0008,Groceries,127,95,26.84,25.54,118.80294626012844
2023-12-03,S002-P0008,Groceries,119,102,29.06,25.54,108.51324464160655
2023-12-04,S002-P0008,Groceries,97,124,24.37,25.54,158.73024061674022
2023-12-05,S002-P0008,Groceries,235,126,33.54,25.54,158.69491225753134
2023-12-06,S002-P0008,Groceries,181,247,31.21,25.54,129.72680713433994
2023-12-07,S002-P0008,Groceries,153,88,27.43,25.54,129.66100797392713
2023-12-08,S002-P0008,Groceries,95,173,24.19,25.54,108.31989086744059
2023-12-09,S002-P0008,Groceries,76,76,22.64,25.54,129.82542763637375
2023-12-10,S002-P0008,Groceries,106,64,26.48,25.54,118.9695197654486
2023-12-11,S002-P0008,Groceries,71,110,22.27,25.54,108.68200367765996
2023-12-12,S002-P0008,Groceries,64,111,18.06,25.54,137.44323757137792
2023-12-13,S002-P0008,Groceries,159,136,31.03,25.54,129.72396266719284
2023-12-14,S002-P0008,Groceries,215,189,32.0,25.54,158.3998865110803
2023-12-15,S002-P0008,Groceries,211,241,29.8,25.54,158.4721229005101
2023-12-16,S002-P0008,Groceries,104,340,26.28,25.54,108.40111204449954
2023-12-17,S002-P0008,Groceries,105,276,23.59,25.54,137.35897307658763
2023-12-18,S002-P0008,Groceries,119,178,24.84,25.54,130.02956736245258
2023-12-19,S002-P0008,Groceries,73,36,22.49,25.54,118.91814936400279
2023-12-20,S002-P0008,Groceries,68,87,18.36,25.54,137.25468476657645
2023-12-21,S002-P0008,Groceries,126,89,25.33,25.54,118.67475490775026
2023-12-22,S002-P0008,Groceries,178,137,24.45,25.54,147.543582944062
2023-12-23,S002-P0008,Groceries,127,171,23.82,25.54,147.62971267788316
2023-12-24,S002-P0008,Groceries,146,176,28.32,25.54,118.98839538306281
2023-12-25,S002-P0008,Groceries,122,144,26.42,25.54,108.58719474889904
2023-12-26,S002-P0008,Groceries,223,149,31.0,25.54,158.6501389768567
2023-12-27,S002-P0008,Groceries,97,234,25.69,25.54,86.2099562970809
2023-12-28,S002-P0008,Groceries,105,135,26.38,25.54,64.66793788991782
2023-12-29,S002-P0008,Groceries,115,109,25.83,25.54,86.15160782941673
2023-12-30,S002-P0008,Groceries,76,132,23.89,25.54,75.218601617395
2023-12-31,S002-P0008,Groceries,47,67,20.36,25.54,86.39115246973384
2024-01-01,S002-P0008,Groceries,52,63,21.88,25.54,75.84689698990523
2024-01-02,S002-P0008,Groceries,58,62,21.22,25.54,86.82077551946095
2024-01-03,S002-P0008,Groceries,81,66,18.26,25.54,104.53437409015157
2024-01-04,S002-P0008,Groceries,64,95,17.14,25.54,115.36815621466646
2024-01-05,S002-P0008,Groceries,114,97,21.73,25.54,104.36247595643603
2024-01-06,S002-P0008,Groceries,68,120,23.25,25.54,75.646162297333
2024-01-07,S002-P0008,Groceries,104,58,27.69,25.54,86.70713532813907
2024-01-08,S002-P0008,Groceries,73,116,23.69,25.54,86.755163255423
2024-01-09,S002-P0008,Groceries,145,127,25.1,25.54,148.0671861223831
2024-01-10,S002-P0008,Groceries,73,134,24.91,25.54,108.58146861408039
2024-01-11,S002-P0008,Groceries,189,79,30.18,25.54,137.24972112325167
2024-01-12,S002-P0008,Groceries,106,219,27.88,25.54,118.85908232897847
2024-01-13,S002-P0008,Groceries,85,122,23.39,25.54,119.1041548491317
2024-01-14,S002-P0008,Groceries,142,122,31.06,25.54,119.14621791036244
2024-01-15,S002-P0008,Groceries,72,116,22.43,25.54,119.24739476103515
2024-01-16,S002-P0008,Groceries,110,147,20.14,25.54,137.65585467165326
2024-01-17,S002-P0008,Groceries,92,156,21.31,25.54,147.81828739419
2024-01-18,S002-P0008,Groceries,127,48,28.27,25.54,129.74039862208062
2024-01-19,S002-P0008,Groceries,105,112,23.74,25.54,108.49769852070409
2024-01-20,S002-P0008,Groceries,118,89,26.02,25.54,129.9920447014773
2024-01-21,S002-P0008,Groceries,132,124,30.21,25.54,108.67199867672778
2024-01-22,S002-P0008,Groceries,66,114,20.74,25.54,108.82647199484683
2024-01-23,S002-P0008,Groceries,157,107,24.67,25.54,137.5219139521598
2024-01-24,S002-P0008,Groceries,130,128,22.49,25.54,158.75488894481236
2024-01-25,S002-P0008,Groceries,120,126,27.68,25.54,129.65832708506164
2024-01-26,S002-P0008,Groceries,104,108,26.32,25.54,129.71988001253243
2024-01-27,S002-P0008,Groceries,173,92,24.13,25.54,158.76053382009488
2024-01-28,S002-P0008,Groceries,124,158,28.05,25.54,118.98383723317299
2024-01-29,S002-P0008,Groceries,111,186,25.52,25.54,108.73875297664907
2024-01-30,S002-P0008,Groceries,96,85,26.98,25.54,108.5245719346425
2023-10-03,S002-P0009,Groceries,192,105,73.52,61.155,134.1772158649994
2023-10-04,S002-P0009,Groceries,45,403,51.49,61.155,105.27845664929274
2023-10-05,S002-P0009,Groceries,112,351,58.79,61.155,126.55298694355676
2023-10-06,S002-P0009,Groceries,67,252,53.07,61.155,105.2615810058441
2023-10-07,S002-P0009,Groceries,87,183,54.0,61.155,61.92060944108969
2023-10-08,S002-P0009,Groceries,66,110,50.22,61.155,112.14649153357125
2023-10-09,S002-P0009,Groceries,75,246,60.59,61.155,72.45664547049014
2023-10-10,S002-P0009,Groceries,64,199,49.9,61.155,72.48954707692893
2023-10-11,S002-P0009,Groceries,73,140,57.24,61.155,61.86058139829412
2023-10-12,S002-P0009,Groceries,64,162,58.27,61.155,83.07926214139354
2023-10-13,S002-P0009,Groceries,51,98,52.65,61.155,61.786816793228645
2023-10-14,S002-P0009,Groceries,78,201,49.46,61.155,90.79915980818848
2023-10-15,S002-P0009,Groceries,77,121,55.11,61.155,72.53919338445613
2023-10-16,S002-P0009,Groceries,94,188,58.35,61.155,72.66401299512047
2023-10-17,S002-P0009,Groceries,107,112,57.78,61.155,62.18789331809254
2023-10-18,S002-P0009,Groceries,107,237,51.3,61.155,101.22750175317586
2023-10-19,S002-P0009,Groceries,64,131,58.28,61.155,61.81284991713938
2023-10-20,S002-P0009,Groceries,45,282,48.87,61.155,61.89966344110832
2023-10-21,S002-P0009,Groceries,105,230,57.01,61.155,101.25408061211682
2023-10-22,S002-P0009,Groceries,96,130,55.7,61.155,83.64671631331387
2023-10-23,S002-P0009,Groceries,142,284,64.24,61.155,112.4042862989699
2023-10-24,S002-P0009,Groceries,72,168,57.07,61.155,83.58124692782037
2023-10-25,S002-P0009,Groceries,76,431,57.78,61.155,105.52822611479888
2023-10-26,S002-P0009,Groceries,181,379,75.3,61.155,144.56056973706228
2023-10-27,S002-P0009,Groceries,169,252,57.81,61.155,144.75563803444248
2023-10-28,S002-P0009,Groceries,178,412,62.2,61.155,155.87418578110015
2023-10-29,S002-P0009,Groceries,108,254,61.27,61.155,116.17610742736177
2023-10-30,S002-P0009,Groceries,99,488,62.65,61.155,116.24326506418
2023-10-31,S002-P0009,Groceries,76,425,60.97,61.155,105.74431623240432
2023-11-01,S002-P0009,Groceries,74,339,60.39,61.155,115.9089157145997
2023-11-02,S002-P0009,Groceries,177,294,58.98,61.155,155.72322868142513
2023-11-03,S002-P0009,Groceries,162,144,63.58,61.155,144.7349870625913
2023-11-04,S002-P0009,Groceries,144,297,57.51,61.155,134.49138105857628
2023-11-05,S002-P0009,Groceries,107,204,57.87,61.155,105.86371037968675
2023-11-06,S002-P0009,Groceries,74,419,57.47,61.155,105.87437500778668
2023-11-07,S002-P0009,Groceries,113,348,65.5,61.155,127.15243753114794
2023-11-08,S002-P0009,Groceries,139,256,53.13,61.155,134.53838768285704
2023-11-09,S002-P0009,Groceries,125,132,68.01,61.155,105.46239941662131
2023-11-10,S002-P0009,Groceries,91,256,57.89,61.155,115.94265111982288
2023-11-11,S002-P0009,Groceries,131,196,65.75,61.155,105.69729697366529
2023-11-12,S002-P0009,Groceries,66,233,52.87,61.155,127.28183797830098
2023-11-13,S002-P0009,Groceries,136,161,55.45,61.155,156.19899485800929
2023-11-14,S002-P0009,Groceries,147,72,61.56,61.155,145.0426756315579
2023-11-15,S002-P0009,Groceries,64,310,58.24,61.155,105.66234253049714
2023-11-16,S002-P0009,Groceries,75,247,57.72,61.155,105.56759670066376
2023-11-17,S002-P0009,Groceries,138,167,63.6,61.155,105.64781920629025
2023-11-18,S002-P0009,Groceries,169,26,57.76,61.155,156.01276612509977
2023-11-19,S002-P0009,Groceries,178,329,78.85,61.155,116.3094162287913
2023-11-20,S002-P0009,Groceries,139,518,70.78,61.155,116.31641111813639
2023-11-21,S002-P0009,Groceries,142,418,57.21,61.155,134.74032335764832
2023-11-22,S002-P0009,Groceries,90,255,60.65,61.155,105.6665391843656
2023-11-23,S002-P0009,Groceries,107,172,57.75,61.155,116.0577764610186
2023-11-24,S002-P0009,Groceries,129,271,72.44,61.155,105.573359984858
2023-11-25,S002-P0009,Groceries,206,167,71.26,61.155,134.6306597148101
2023-11-26,S002-P0009,Groceries,61,235,54.69,61.155,105.88771428193152
2023-11-27,S002-P0009,Groceries,35,586,49.42,61.155,127.30812831153102
2023-11-28,S002-P0009,Groceries,199,551,62.36,61.155,134.85743171418332
2023-11-29,S002-P0009,Groceries,84,334,59.43,61.155,105.78166683655587
2023-11-30,S002-P0009,Groceries,61,242,52.09,61.155,105.66305161485383
2023-12-01,S002-P0009,Groceries,118,185,52.5,61.155,147.56419801414816
2023-12-02,S002-P0009,Groceries,143,51,71.7,61.155,118.80294626012844
2023-12-03,S002-P0009,Groceries,67,227,44.81,61.155,137.4215196384406
2023-12-04,S002-P0009,Groceries,181,466,71.07,61.155,158.78508094755932
2023-12-05,S002-P0009,Groceries,89,279,57.31,61.155,129.95115825315452
2023-12-06,S002-P0009,Groceries,91,193,54.54,61.155,158.5254014695358
2023-12-07,S002-P0009,Groceries,186,135,80.53,61.155,129.60616764310805
2023-12-08,S002-P0009,Groceries,166,164,76.34,61.155,108.26505053662152
2023-12-09,S002-P0009,Groceries,159,411,75.01,61.155,129.7157469747356
2023-12-10,S002-P0009,Groceries,92,312,58.15,61.155,118.9695197654486
2023-12-11,S002-P0009,Groceries,152,209,73.47,61.155,108.57232301602178
2023-12-12,S002-P0009,Groceries,244,31,87.57,61.155,137.27871657892067
2023-12-13,S002-P0009,Groceries,182,348,63.78,61.155,158.57739733320778
2023-12-14,S002-P0009,Groceries,193,612,77.83,61.155,129.6012921758844
2023-12-15,S002-P0009,Groceries,130,453,65.32,61.155,129.6735285653142
2023-12-16,S002-P0009,Groceries,88,352,63.42,61.155,108.34627171368047
2023-12-17,S002-P0009,Groceries,127,268,58.06,61.155,137.35897307658763
2023-12-18,S002-P0009,Groceries,194,159,61.53,61.155,158.88300202846756
2023-12-19,S002-P0009,Groceries,83,290,53.27,61.155,118.97298969482186
2023-12-20,S002-P0009,Groceries,124,578,67.71,61.155,108.29156943892329
2023-12-21,S002-P0009,Groceries,174,492,65.76,61.155,147.47334924294617
2023-12-22,S002-P0009,Groceries,81,383,58.95,61.155,118.63530794722793
2023-12-23,S002-P0009,Groceries,160,317,71.08,61.155,118.83111834268725
2023-12-24,S002-P0009,Groceries,85,215,56.78,61.155,118.93355505224373
2023-12-25,S002-P0009,Groceries,110,411,64.93,61.155,108.53235441807993
2023-12-26,S002-P0009,Groceries,249,317,83.59,61.155,158.6501389768567
2023-12-27,S002-P0009,Groceries,105,142,60.68,61.155,86.2099562970809
2023-12-28,S002-P0009,Groceries,66,505,52.74,61.155,64.77761855155599
2023-12-29,S002-P0009,Groceries,128,459,65.16,61.155,86.09676749859766
2023-12-30,S002-P0009,Groceries,74,307,54.42,61.155,75.32828227903316
2023-12-31,S002-P0009,Groceries,35,224,46.72,61.155,86.44599280055292
2024-01-01,S002-P0009,Groceries,89,196,60.54,61.155,75.84689698990523
2024-01-02,S002-P0009,Groceries,116,92,49.57,61.155,115.67421018547597
2024-01-03,S002-P0009,Groceries,80,200,55.61,61.155,75.68093942413657
2024-01-04,S002-P0009,Groceries,44,310,48.62,61.155,86.51472154865145
2024-01-05,S002-P0009,Groceries,66,260,52.91,61.155,75.56388162124011
2024-01-06,S002-P0009,Groceries,92,203,51.44,61.155,104.499596963348
2024-01-07,S002-P0009,Groceries,120,124,66.94,61.155,86.70713532813907
2024-01-08,S002-P0009,Groceries,91,236,60.94,61.155,86.755163255423
2024-01-09,S002-P0009,Groceries,150,353,65.76,61.155,147.95750546074493
2024-01-10,S002-P0009,Groceries,106,213,57.54,61.155,108.69114927571857
2024-01-11,S002-P0009,Groceries,109,388,54.39,61.155,137.35940178488985
2024-01-12,S002-P0009,Groceries,116,270,59.42,61.155,118.96876299061664
2024-01-13,S002-P0009,Groceries,138,178,70.5,61.155,119.04931451831263
2024-01-14,S002-P0009,Groceries,111,221,58.58,61.155,119.2558985720006
2024-01-15,S002-P0009,Groceries,71,104,59.85,61.155,119.19255443021606
2024-01-16,S002-P0009,Groceries,123,265,56.78,61.155,137.60101434083418
2024-01-17,S002-P0009,Groceries,184,120,60.05,61.155,147.87312772500908
2024-01-18,S002-P0009,Groceries,150,242,69.23,61.155,129.8500792837188
2024-01-19,S002-P0009,Groceries,80,520,52.73,61.155,108.49769852070409
2024-01-20,S002-P0009,Groceries,139,435,56.61,61.155,158.7906390366732
2024-01-21,S002-P0009,Groceries,157,341,55.92,61.155,137.6351140043809
2024-01-22,S002-P0009,Groceries,116,174,59.52,61.155,108.82647199484683
2024-01-23,S002-P0009,Groceries,61,385,52.02,61.155,108.66847928614482
2024-01-24,S002-P0009,Groceries,284,320,80.61,61.155,158.7000486139933
2024-01-25,S002-P0009,Groceries,135,0,73.74,61.155,129.65832708506164
2024-01-26,S002-P0009,Groceries,135,603,70.03,61.155,129.71988001253243
2024-01-27,S002-P0009,Groceries,148,447,64.97,61.155,158.65085315845673
2024-01-28,S002-P0009,Groceries,131,348,69.17,61.155,118.98383723317299
2024-01-29,S002-P0009,Groceries,85,210,59.69,61.155,108.68391264582999
2024-01-30,S002-P0009,Groceries,108,153,58.06,61.155,108.63425259628065
2023-10-03,S002-P0010,Groceries,191,210,98.64,88.11500000000001,134.2320561958185
2023-10-04,S002-P0010,Groceries,134,294,78.44,88.11500000000001,134.1867316461268
2023-10-05,S002-P0010,Groceries,117,194,94.5,88.11500000000001,126.4433062819186
2023-10-06,S002-P0010,Groceries,79,111,87.55,88.11500000000001,105.15190034420596
2023-10-07,S002-P0010,Groceries,126,103,72.67,88.11500000000001,90.77404410710469
2023-10-08,S002-P0010,Groceries,87,139,76.99,88.11500000000001,83.45757786001349
2023-10-09,S002-P0010,Groceries,33,158,66.02,88.11500000000001,72.56632613212831
2023-10-10,S002-P0010,Groceries,47,133,66.58,88.11500000000001,72.48954707692893
2023-10-11,S002-P0010,Groceries,104,80,85.98,88.11500000000001,61.91542172911321
2023-10-12,S002-P0010,Groceries,122,100,90.91,88.11500000000001,111.87785647658946
2023-10-13,S002-P0010,Groceries,52,109,75.18,88.11500000000001,61.841657124047735
2023-10-14,S002-P0010,Groceries,66,115,67.56,88.11500000000001,90.79915980818848
2023-10-15,S002-P0010,Groceries,94,96,78.99,88.11500000000001,72.5940337152752
2023-10-16,S002-P0010,Groceries,80,99,79.21,88.11500000000001,72.66401299512047
2023-10-17,S002-P0010,Groceries,47,105,70.03,88.11500000000001,62.18789331809254
2023-10-18,S002-P0010,Groceries,57,115,76.82,88.11500000000001,72.37406708716087
2023-10-19,S002-P0010,Groceries,61,138,73.87,88.11500000000001,90.6114442523353
2023-10-20,S002-P0010,Groceries,71,100,85.17,88.11500000000001,61.844823110289234
2023-10-21,S002-P0010,Groceries,113,101,88.24,88.11500000000001,101.19924028129775
2023-10-22,S002-P0010,Groceries,102,151,75.89,88.11500000000001,112.4453106485098
2023-10-23,S002-P0010,Groceries,93,194,83.0,88.11500000000001,83.66053229459307
2023-10-24,S002-P0010,Groceries,88,84,85.91,88.11500000000001,83.58124692782037
2023-10-25,S002-P0010,Groceries,124,100,91.32,88.11500000000001,105.58306644561796
2023-10-26,S002-P0010,Groceries,46,110,69.69,88.11500000000001,115.87165606350455
2023-10-27,S002-P0010,Groceries,87,62,85.52,88.11500000000001,115.8473630376084
2023-10-28,S002-P0010,Groceries,161,98,84.72,88.11500000000001,155.87418578110015
2023-10-29,S002-P0010,Groceries,102,183,81.01,88.11500000000001,116.23094775818085
2023-10-30,S002-P0010,Groceries,126,78,91.96,88.11500000000001,116.29810539499907
2023-10-31,S002-P0010,Groceries,138,148,100.62,88.11500000000001,105.74431623240432
2023-11-01,S002-P0010,Groceries,119,197,94.96,88.11500000000001,115.9089157145997
2023-11-02,S002-P0010,Groceries,259,107,115.65,88.11500000000001,155.61354801978698
2023-11-03,S002-P0010,Groceries,71,299,72.73,88.11500000000001,115.93639272739539
2023-11-04,S002-P0010,Groceries,145,225,92.44,88.11500000000001,134.3817003969381
2023-11-05,S002-P0010,Groceries,121,76,95.45,88.11500000000001,105.80887004886767
2023-11-06,S002-P0010,Groceries,94,132,83.18,88.11500000000001,105.87437500778668
2023-11-07,S002-P0010,Groceries,71,138,76.6,88.11500000000001,155.8961915355247
2023-11-08,S002-P0010,Groceries,120,87,85.87,88.11500000000001,134.37386669039978
2023-11-09,S002-P0010,Groceries,206,134,114.27,88.11500000000001,134.26099375181724
2023-11-10,S002-P0010,Groceries,44,187,72.89,88.11500000000001,115.94265111982288
2023-11-11,S002-P0010,Groceries,100,142,85.01,88.11500000000001,105.69729697366529
2023-11-12,S002-P0010,Groceries,173,158,83.06,88.11500000000001,156.13527264431593
2023-11-13,S002-P0010,Groceries,155,170,95.09,88.11500000000001,127.34556019199431
2023-11-14,S002-P0010,Groceries,98,192,93.47,88.11500000000001,116.18924096554292
2023-11-15,S002-P0010,Groceries,188,88,98.05,88.11500000000001,134.51577719651215
2023-11-16,S002-P0010,Groceries,91,185,82.31,88.11500000000001,105.56759670066376
2023-11-17,S002-P0010,Groceries,126,111,97.07,88.11500000000001,105.5381385446521
2023-11-18,S002-P0010,Groceries,41,124,76.0,88.11500000000001,127.04965079744663
2023-11-19,S002-P0010,Groceries,113,81,74.5,88.11500000000001,145.16285089480627
2023-11-20,S002-P0010,Groceries,194,94,116.93,88.11500000000001,116.37125144895548
2023-11-21,S002-P0010,Groceries,106,172,95.87,88.11500000000001,105.83204836081424
2023-11-22,S002-P0010,Groceries,148,54,81.81,88.11500000000001,134.62965451201876
2023-11-23,S002-P0010,Groceries,168,166,98.55,88.11500000000001,144.74669013457634
2023-11-24,S002-P0010,Groceries,85,181,85.04,88.11500000000001,105.573359984858
2023-11-25,S002-P0010,Groceries,128,102,92.59,88.11500000000001,105.83206537961416
2023-11-26,S002-P0010,Groceries,60,140,73.48,88.11500000000001,105.99739494356967
2023-11-27,S002-P0010,Groceries,63,80,74.51,88.11500000000001,127.41780897316919
2023-11-28,S002-P0010,Groceries,101,82,85.21,88.11500000000001,105.94915671734927
2023-11-29,S002-P0010,Groceries,61,93,73.75,88.11500000000001,105.83650716737495
2023-11-30,S002-P0010,Groceries,99,75,89.05,88.11500000000001,105.66305161485383
2023-12-01,S002-P0010,Groceries,124,105,101.59,88.11500000000001,118.60108268649499
2023-12-02,S002-P0010,Groceries,164,126,102.9,88.11500000000001,118.80294626012844
2023-12-03,S002-P0010,Groceries,133,149,94.27,88.11500000000001,108.56808497242562
2023-12-04,S002-P0010,Groceries,201,174,125.28,88.11500000000001,129.93164628154432
2023-12-05,S002-P0010,Groceries,67,197,79.73,88.11500000000001,129.89631792233544
2023-12-06,S002-P0010,Groceries,110,125,87.83,88.11500000000001,129.72680713433994
2023-12-07,S002-P0010,Groceries,133,148,99.14,88.11500000000001,129.55132731228895
2023-12-08,S002-P0010,Groceries,122,152,86.25,88.11500000000001,137.00880454099834
2023-12-09,S002-P0010,Groceries,193,163,87.52,88.11500000000001,158.67886230238872
2023-12-10,S002-P0010,Groceries,188,232,92.25,88.11500000000001,147.8229544314636
2023-12-11,S002-P0010,Groceries,135,245,89.59,88.11500000000001,137.3709173512177
2023-12-12,S002-P0010,Groceries,140,140,101.13,88.11500000000001,108.53496257454387
2023-12-13,S002-P0010,Groceries,167,150,109.15,88.11500000000001,129.72396266719284
2023-12-14,S002-P0010,Groceries,149,172,103.84,88.11500000000001,129.5464518450653
2023-12-15,S002-P0010,Groceries,94,203,92.14,88.11500000000001,129.56384790367605
2023-12-16,S002-P0010,Groceries,53,147,75.57,88.11500000000001,108.34627171368047
2023-12-17,S002-P0010,Groceries,150,103,83.24,88.11500000000001,137.4138134074067
2023-12-18,S002-P0010,Groceries,143,174,91.94,88.11500000000001,158.7184810360103
2023-12-19,S002-P0010,Groceries,162,173,102.27,88.11500000000001,118.91814936400279
2023-12-20,S002-P0010,Groceries,178,137,89.82,88.11500000000001,137.19984443575737
2023-12-21,S002-P0010,Groceries,143,188,96.96,88.11500000000001,118.61991457693118
2023-12-22,S002-P0010,Groceries,98,176,84.48,88.11500000000001,118.63530794722793
2023-12-23,S002-P0010,Groceries,95,81,87.82,88.11500000000001,118.77627801186817
2023-12-24,S002-P0010,Groceries,99,106,70.46,88.11500000000001,147.84183004907777
2023-12-25,S002-P0010,Groceries,102,118,80.98,88.11500000000001,137.33094875327586
2023-12-26,S002-P0010,Groceries,109,160,92.14,88.11500000000001,129.79670431084173
2023-12-27,S002-P0010,Groceries,167,200,97.58,88.11500000000001,115.0085506322768
2023-12-28,S002-P0010,Groceries,83,255,84.37,88.11500000000001,64.66793788991782
2023-12-29,S002-P0010,Groceries,116,167,93.99,88.11500000000001,86.04192716777857
2023-12-30,S002-P0010,Groceries,74,158,81.77,88.11500000000001,75.218601617395
2023-12-31,S002-P0010,Groceries,94,90,79.0,88.11500000000001,86.44599280055292
2024-01-01,S002-P0010,Groceries,90,76,72.86,88.11500000000001,104.75517198673931
2024-01-02,S002-P0010,Groceries,93,88,78.72,88.11500000000001,86.82077551946095
2024-01-03,S002-P0010,Groceries,62,103,82.49,88.11500000000001,75.5712587624984
2024-01-04,S002-P0010,Groceries,89,112,73.2,88.11500000000001,115.25847555302828
2024-01-05,S002-P0010,Groceries,130,92,83.46,88.11500000000001,104.30763562561694
2024-01-06,S002-P0010,Groceries,81,156,88.31,88.11500000000001,75.59132196651392
2024-01-07,S002-P0010,Groceries,189,84,103.35,88.11500000000001,115.56056999415408
2024-01-08,S002-P0010,Groceries,134,189,104.49,88.11500000000001,86.755163255423
2024-01-09,S002-P0010,Groceries,147,170,92.87,88.11500000000001,119.26859178718719
2024-01-10,S002-P0010,Groceries,74,147,69.51,88.11500000000001,137.4349032800954
2024-01-11,S002-P0010,Groceries,118,99,85.34,88.11500000000001,108.56080744969395
2024-01-12,S002-P0010,Groceries,174,135,105.17,88.11500000000001,118.96876299061664
2024-01-13,S002-P0010,Groceries,124,178,96.4,88.11500000000001,118.99447418749354
2024-01-14,S002-P0010,Groceries,152,183,104.68,88.11500000000001,119.20105824118153
2024-01-15,S002-P0010,Groceries,140,188,101.1,88.11500000000001,119.24739476103515
2024-01-16,S002-P0010,Groceries,103,188,67.66,88.11500000000001,137.65585467165326
2024-01-17,S002-P0010,Groceries,182,122,102.02,88.11500000000001,147.70860673255183
2024-01-18,S002-P0010,Groceries,164,179,102.61,88.11500000000001,129.8500792837188
2024-01-19,S002-P0010,Groceries,86,180,89.83,88.11500000000001,108.38801785906591
2024-01-20,S002-P0010,Groceries,86,108,80.91,88.11500000000001,129.93720437065824
2024-01-21,S002-P0010,Groceries,156,132,89.19,88.11500000000001,137.58027367356183
2024-01-22,S002-P0010,Groceries,180,131,107.26,88.11500000000001,108.77163166402775
2024-01-23,S002-P0010,Groceries,98,179,88.93,88.11500000000001,108.66847928614482
2024-01-24,S002-P0010,Groceries,169,82,92.35,88.11500000000001,158.7000486139933
2024-01-25,S002-P0010,Groceries,115,150,93.83,88.11500000000001,129.71316741588075
2024-01-26,S002-P0010,Groceries,120,200,100.15,88.11500000000001,129.66503968171335
2024-01-27,S002-P0010,Groceries,159,101,80.08,88.11500000000001,158.76053382009488
2024-01-28,S002-P0010,Groceries,112,142,92.96,88.11500000000001,118.98383723317299
2024-01-29,S002-P0010,Groceries,120,108,95.18,88.11500000000001,108.68391264582999
2024-01-30,S002-P0010,Groceries,107,143,86.77,88.11500000000001,108.63425259628065
2023-10-03,S002-P0011,Groceries,48,190,83.6,94.455,105.3786215298035
2023-10-04,S002-P0011,Groceries,116,528,95.91,94.455,105.27845664929274
2023-10-05,S002-P0011,Groceries,158,441,120.22,94.455,126.4433062819186
2023-10-06,S002-P0011,Groceries,101,283,86.52,94.455,105.2615810058441
2023-10-07,S002-P0011,Groceries,106,167,87.59,94.455,90.6643634454665
2023-10-08,S002-P0011,Groceries,114,642,85.28,94.455,112.20133186439033
2023-10-09,S002-P0011,Groceries,37,543,76.23,94.455,72.45664547049014
2023-10-10,S002-P0011,Groceries,90,499,74.27,94.455,101.28814141212486
2023-10-11,S002-P0011,Groceries,66,432,85.25,94.455,61.91542172911321
2023-10-12,S002-P0011,Groceries,113,377,94.69,94.455,111.87785647658946
2023-10-13,S002-P0011,Groceries,87,299,91.78,94.455,61.841657124047735
2023-10-14,S002-P0011,Groceries,79,219,89.29,94.455,62.00056547299257
2023-10-15,S002-P0011,Groceries,63,490,88.7,94.455,72.48435305363704
2023-10-16,S002-P0011,Groceries,112,414,94.75,94.455,72.6091726643014
2023-10-17,S002-P0011,Groceries,73,330,68.93,94.455,91.04132798410757
2023-10-18,S002-P0011,Groceries,92,243,98.35,94.455,72.31922675634178
2023-10-19,S002-P0011,Groceries,97,160,89.88,94.455,90.6114442523353
2023-10-20,S002-P0011,Groceries,40,58,73.15,94.455,61.89966344110832
2023-10-21,S002-P0011,Groceries,33,255,59.85,94.455,101.30892094293591
2023-10-22,S002-P0011,Groceries,70,232,86.38,94.455,83.5918759824948
2023-10-23,S002-P0011,Groceries,89,150,83.22,94.455,112.4042862989699
2023-10-24,S002-P0011,Groceries,76,78,92.95,94.455,83.52640659700128
2023-10-25,S002-P0011,Groceries,96,250,94.74,94.455,105.47338578397981
2023-10-26,S002-P0011,Groceries,181,158,102.33,94.455,144.67025039870046
2023-10-27,S002-P0011,Groceries,110,0,89.25,94.455,115.90220336842748
2023-10-28,S002-P0011,Groceries,114,343,95.25,94.455,126.96591078426609
2023-10-29,S002-P0011,Groceries,105,715,87.7,94.455,116.23094775818085
2023-10-30,S002-P0011,Groceries,104,634,92.23,94.455,116.24326506418
2023-10-31,S002-P0011,Groceries,57,534,82.31,94.455,105.74431623240432
2023-11-01,S002-P0011,Groceries,101,475,101.44,94.455,115.9089157145997
2023-11-02,S002-P0011,Groceries,141,367,108.67,94.455,126.81495368459109
2023-11-03,S002-P0011,Groceries,150,265,105.96,94.455,115.88155239657631
2023-11-04,S002-P0011,Groceries,169,146,88.31,94.455,134.54622138939536
2023-11-05,S002-P0011,Groceries,35,464,71.43,94.455,105.86371037968675
2023-11-06,S002-P0011,Groceries,100,425,85.83,94.455,134.6729693429826
2023-11-07,S002-P0011,Groceries,119,321,96.75,94.455,127.15243753114794
2023-11-08,S002-P0011,Groceries,111,200,99.27,94.455,105.63011268602295
2023-11-09,S002-P0011,Groceries,134,107,95.82,94.455,105.57208007825949
2023-11-10,S002-P0011,Groceries,90,423,92.62,94.455,115.94265111982288
2023-11-11,S002-P0011,Groceries,131,348,89.69,94.455,134.49589130886122
2023-11-12,S002-P0011,Groceries,150,219,105.72,94.455,127.28183797830098
2023-11-13,S002-P0011,Groceries,38,101,76.24,94.455,127.29071986117523
2023-11-14,S002-P0011,Groceries,78,438,88.87,94.455,116.18924096554292
2023-11-15,S002-P0011,Groceries,34,352,63.22,94.455,134.57061752733122
2023-11-16,S002-P0011,Groceries,32,320,74.42,94.455,105.51275636984465
2023-11-17,S002-P0011,Groceries,138,300,96.95,94.455,134.336732879848
2023-11-18,S002-P0011,Groceries,214,136,117.93,94.455,155.90308546346162
2023-11-19,S002-P0011,Groceries,139,0,108.26,94.455,116.25457589797222
2023-11-20,S002-P0011,Groceries,74,381,83.1,94.455,116.42609177977455
2023-11-21,S002-P0011,Groceries,165,1073,91.8,94.455,134.7951636884674
2023-11-22,S002-P0011,Groceries,86,952,91.55,94.455,105.72137951518468
2023-11-23,S002-P0011,Groceries,130,853,100.07,94.455,116.00293613019953
2023-11-24,S002-P0011,Groceries,93,713,84.4,94.455,134.3719543200539
2023-11-25,S002-P0011,Groceries,67,608,64.17,94.455,134.68550004562917
2023-11-26,S002-P0011,Groceries,91,561,88.07,94.455,134.6863086171274
2023-11-27,S002-P0011,Groceries,82,492,90.16,94.455,127.30812831153102
2023-11-28,S002-P0011,Groceries,95,396,89.66,94.455,105.94915671734927
2023-11-29,S002-P0011,Groceries,113,328,94.76,94.455,105.83650716737495
2023-11-30,S002-P0011,Groceries,64,219,84.59,94.455,105.60821128403472
2023-12-01,S002-P0011,Groceries,130,162,89.56,94.455,147.45451735251
2023-12-02,S002-P0011,Groceries,141,410,103.34,94.455,118.80294626012844
2023-12-03,S002-P0011,Groceries,94,304,99.01,94.455,108.51324464160655
2023-12-04,S002-P0011,Groceries,164,195,92.89,94.455,158.8399212783784
2023-12-05,S002-P0011,Groceries,135,493,112.45,94.455,129.84147759151637
2023-12-06,S002-P0011,Groceries,47,340,67.37,94.455,158.5254014695358
2023-12-07,S002-P0011,Groceries,159,297,97.31,94.455,158.40476197830395
2023-12-08,S002-P0011,Groceries,139,113,97.37,94.455,108.31989086744059
2023-12-09,S002-P0011,Groceries,163,0,97.49,94.455,158.62402197156965
2023-12-10,S002-P0011,Groceries,124,399,103.47,94.455,118.9695197654486
2023-12-11,S002-P0011,Groceries,82,252,75.88,94.455,137.4805980128559
2023-12-12,S002-P0011,Groceries,108,727,103.76,94.455,108.4801222437248
2023-12-13,S002-P0011,Groceries,141,606,114.61,94.455,129.66912233637373
2023-12-14,S002-P0011,Groceries,123,453,103.2,94.455,129.6012921758844
2023-12-15,S002-P0011,Groceries,135,320,101.61,94.455,129.61868823449512
2023-12-16,S002-P0011,Groceries,159,187,108.53,94.455,137.14486604887637
2023-12-17,S002-P0011,Groceries,79,67,89.37,94.455,108.56037874139173
2023-12-18,S002-P0011,Groceries,205,459,128.91,94.455,129.9198867008144
2023-12-19,S002-P0011,Groceries,130,257,94.93,94.455,147.66190336837957
2023-12-20,S002-P0011,Groceries,119,141,101.75,94.455,108.3464097697424
2023-12-21,S002-P0011,Groceries,63,721,80.15,94.455,118.61991457693118
2023-12-22,S002-P0011,Groceries,25,647,68.58,94.455,147.37906195160474
2023-12-23,S002-P0011,Groceries,98,626,90.41,94.455,118.77627801186817
2023-12-24,S002-P0011,Groceries,124,548,103.46,94.455,118.87871472142464
2023-12-25,S002-P0011,Groceries,42,406,77.71,94.455,108.58719474889904
2023-12-26,S002-P0011,Groceries,192,372,112.46,94.455,158.5952986460376
2023-12-27,S002-P0011,Groceries,108,147,93.37,94.455,86.26479662789997
2023-12-28,S002-P0011,Groceries,82,60,90.36,94.455,64.66793788991782
2023-12-29,S002-P0011,Groceries,84,594,90.91,94.455,86.04192716777857
2023-12-30,S002-P0011,Groceries,65,538,89.4,94.455,75.218601617395
2023-12-31,S002-P0011,Groceries,75,481,83.25,94.455,86.44599280055292
2024-01-01,S002-P0011,Groceries,129,410,78.88,94.455,104.8100123175584
2024-01-02,S002-P0011,Groceries,77,258,88.76,94.455,86.76593518864188
2024-01-03,S002-P0011,Groceries,135,204,96.14,94.455,104.36985309769432
2024-01-04,S002-P0011,Groceries,44,501,62.62,94.455,115.31331588384737
2024-01-05,S002-P0011,Groceries,106,469,92.49,94.455,104.25279529479786
2024-01-06,S002-P0011,Groceries,99,369,90.56,94.455,104.38991630170983
2024-01-07,S002-P0011,Groceries,99,265,95.43,94.455,86.76197565895816
2024-01-08,S002-P0011,Groceries,79,161,89.36,94.455,86.755163255423
2024-01-09,S002-P0011,Groceries,165,85,110.48,94.455,119.21375145636812
2024-01-10,S002-P0011,Groceries,123,283,103.12,94.455,108.58146861408039
2024-01-11,S002-P0011,Groceries,201,178,108.59,94.455,137.30456145407078
2024-01-12,S002-P0011,Groceries,61,582,79.31,94.455,118.91392265979756
2024-01-13,S002-P0011,Groceries,155,542,107.21,94.455,147.79306852268942
2024-01-14,S002-P0011,Groceries,97,405,90.06,94.455,119.20105824118153
2024-01-15,S002-P0011,Groceries,225,344,101.31,94.455,148.15566975786922
2024-01-16,S002-P0011,Groceries,105,111,97.5,94.455,108.69273934400013
2024-01-17,S002-P0011,Groceries,96,30,74.62,94.455,147.87312772500908
2024-01-18,S002-P0011,Groceries,130,596,105.32,94.455,129.74039862208062
2024-01-19,S002-P0011,Groceries,103,490,87.15,94.455,108.49769852070409
2024-01-20,S002-P0011,Groceries,136,383,84.66,94.455,158.8454793674923
2024-01-21,S002-P0011,Groceries,118,284,91.5,94.455,108.78167933836593
2024-01-22,S002-P0011,Groceries,146,150,99.21,94.455,108.82647199484683
2024-01-23,S002-P0011,Groceries,69,506,90.65,94.455,108.61363895532571
2024-01-24,S002-P0011,Groceries,119,447,101.76,94.455,129.84661394797834
2024-01-25,S002-P0011,Groceries,80,330,94.44,94.455,129.65832708506164
2024-01-26,S002-P0011,Groceries,78,266,88.91,94.455,129.66503968171335
2024-01-27,S002-P0011,Groceries,66,177,80.91,94.455,129.85225882326083
2024-01-28,S002-P0011,Groceries,121,125,107.83,94.455,118.98383723317299
2024-01-29,S002-P0011,Groceries,152,239,101.16,94.455,108.73875297664907
2024-01-30,S002-P0011,Groceries,62,73,83.8,94.455,108.5245719346425
2023-10-03,S002-P0012,Electronics,87,328,53.65,63.57,109.78330167499217
2023-10-04,S002-P0012,Electronics,88,255,67.15,63.57,80.72002146682823
2023-10-05,S002-P0012,Electronics,119,192,66.9,63.57,102.04939209191134
2023-10-06,S002-P0012,Electronics,50,660,58.47,63.57,80.64830549256052
2023-10-07,S002-P0012,Electronics,27,608,53.22,63.57,37.307333927806106
2023-10-08,S002-P0012,Electronics,29,591,50.89,63.57,58.899142677548994
2023-10-09,S002-P0012,Electronics,47,572,60.83,63.57,47.95305061884473
2023-10-10,S002-P0012,Electronics,31,534,45.64,63.57,76.78454656047944
2023-10-11,S002-P0012,Electronics,51,507,55.66,63.57,37.46666720828687
2023-10-12,S002-P0012,Electronics,51,448,49.5,63.57,87.4839422865822
2023-10-13,S002-P0012,Electronics,104,398,55.92,63.57,66.24633726923639
2023-10-14,S002-P0012,Electronics,70,323,53.68,63.57,66.29556495654305
2023-10-15,S002-P0012,Electronics,63,248,58.12,63.57,48.090438863629785
2023-10-16,S002-P0012,Electronics,78,181,61.75,63.57,48.10557781265598
2023-10-17,S002-P0012,Electronics,27,556,55.98,63.57,37.57461780480896
2023-10-18,S002-P0012,Electronics,62,538,52.12,63.57,76.66906657071135
2023-10-19,S002-P0012,Electronics,30,467,56.81,63.57,37.309255065493964
2023-10-20,S002-P0012,Electronics,90,440,53.39,63.57,66.304343586297
2023-10-21,S002-P0012,Electronics,38,339,41.86,63.57,76.86016642210959
2023-10-22,S002-P0012,Electronics,72,307,63.43,63.57,59.08828113084938
2023-10-23,S002-P0012,Electronics,68,254,62.7,63.57,59.10209711212856
2023-10-24,S002-P0012,Electronics,43,622,59.74,63.57,59.02281174535587
2023-10-25,S002-P0012,Electronics,127,576,64.67,63.57,109.82322559834941
2023-10-26,S002-P0012,Electronics,76,499,61.07,63.57,91.36806121185913
2023-10-27,S002-P0012,Electronics,99,448,69.75,63.57,91.2889278551439
2023-10-28,S002-P0012,Electronics,66,374,59.04,63.57,102.46231593262067
2023-10-29,S002-P0012,Electronics,91,849,71.36,63.57,91.61767224489726
2023-10-30,S002-P0012,Electronics,93,767,68.41,63.57,91.68482988171549
2023-10-31,S002-P0012,Electronics,56,656,62.96,63.57,81.24072138075888
2023-11-01,S002-P0012,Electronics,133,608,69.8,63.57,120.20391519815018
2023-11-02,S002-P0012,Electronics,89,507,67.51,63.57,102.25651850212658
2023-11-03,S002-P0012,Electronics,115,430,58.7,63.57,120.2313922109459
2023-11-04,S002-P0012,Electronics,112,331,72.8,63.57,81.13435154091587
2023-11-05,S002-P0012,Electronics,38,835,52.98,63.57,81.30527519722227
2023-11-06,S002-P0012,Electronics,104,803,67.41,63.57,81.37078015614128
2023-11-07,S002-P0012,Electronics,82,715,62.53,63.57,102.64884267950252
2023-11-08,S002-P0012,Electronics,70,650,59.82,63.57,81.12651783437755
2023-11-09,S002-P0012,Electronics,70,580,59.84,63.57,109.75739890017184
2023-11-10,S002-P0012,Electronics,88,503,56.66,63.57,120.29249093419247
2023-11-11,S002-P0012,Electronics,129,426,76.62,63.57,81.13886179120078
2023-11-12,S002-P0012,Electronics,140,292,75.13,63.57,102.72340279583649
2023-11-13,S002-P0012,Electronics,71,182,63.33,63.57,102.73228467871073
2023-11-14,S002-P0012,Electronics,91,119,57.61,63.57,120.5390807799125
2023-11-15,S002-P0012,Electronics,148,553,72.97,63.57,81.26842834048989
2023-11-16,S002-P0012,Electronics,108,422,68.01,63.57,81.1188421798374
2023-11-17,S002-P0012,Electronics,99,314,65.95,63.57,81.14422435464485
2023-11-18,S002-P0012,Electronics,203,212,78.82,63.57,131.4543309426353
2023-11-19,S002-P0012,Electronics,107,632,67.71,63.57,120.54957538152269
2023-11-20,S002-P0012,Electronics,43,540,51.28,63.57,91.92249692812914
2023-11-21,S002-P0012,Electronics,74,504,63.88,63.57,81.32845350916884
2023-11-22,S002-P0012,Electronics,124,1278,75.46,63.57,81.21778466353928
2023-11-23,S002-P0012,Electronics,139,1168,70.98,63.57,120.24309528293094
2023-11-24,S002-P0012,Electronics,159,1001,70.94,63.57,109.9231997992276
2023-11-25,S002-P0012,Electronics,140,862,71.19,63.57,81.32847052796876
2023-11-26,S002-P0012,Electronics,91,710,61.1,63.57,110.18271376548199
2023-11-27,S002-P0012,Electronics,107,609,71.48,63.57,102.8593737907047
2023-11-28,S002-P0012,Electronics,92,509,64.7,63.57,81.44556186570387
2023-11-29,S002-P0012,Electronics,124,450,75.5,63.57,81.22323165409136
2023-11-30,S002-P0012,Electronics,51,337,58.74,63.57,81.1594567632084
2023-12-01,S002-P0012,Electronics,110,280,68.74,63.57,94.15232816566866
2023-12-02,S002-P0012,Electronics,107,201,60.87,63.57,123.09794574367893
2023-12-03,S002-P0012,Electronics,102,699,55.51,63.57,112.97276511761427
2023-12-04,S002-P0012,Electronics,114,610,73.28,63.57,105.48289176071799
2023-12-05,S002-P0012,Electronics,75,494,60.99,63.57,105.39272307069002
2023-12-06,S002-P0012,Electronics,85,435,59.84,63.57,105.27805261351358
2023-12-07,S002-P0012,Electronics,110,333,72.23,63.57,105.10257279146262
2023-12-08,S002-P0012,Electronics,71,254,63.35,63.57,83.70661535415701
2023-12-09,S002-P0012,Electronics,109,190,56.81,63.57,134.17526745074332
2023-12-10,S002-P0012,Electronics,128,107,57.25,63.57,123.37419991063726
2023-12-11,S002-P0012,Electronics,142,383,75.37,63.57,112.86732249957231
2023-12-12,S002-P0012,Electronics,96,217,72.71,63.57,83.97652739207936
2023-12-13,S002-P0012,Electronics,98,137,65.79,63.57,105.27520814636648
2023-12-14,S002-P0012,Electronics,130,485,76.9,63.57,105.04285699341987
2023-12-15,S002-P0012,Electronics,110,398,57.8,63.57,133.9685280488647
2023-12-16,S002-P0012,Electronics,104,284,67.28,63.57,83.89751719285414
2023-12-17,S002-P0012,Electronics,122,172,71.12,63.57,112.80053789412312
2023-12-18,S002-P0012,Electronics,106,575,64.17,63.57,105.52597251080715
2023-12-19,S002-P0012,Electronics,119,471,62.52,63.57,123.26798917837235
2023-12-20,S002-P0012,Electronics,108,348,68.05,63.57,83.89765524891604
2023-12-21,S002-P0012,Electronics,118,252,70.32,63.57,94.11631972528576
2023-12-22,S002-P0012,Electronics,108,138,68.03,63.57,122.87546709995934
2023-12-23,S002-P0012,Electronics,89,608,67.31,63.57,94.27268316022275
2023-12-24,S002-P0012,Electronics,79,518,61.62,63.57,94.48480053141739
2023-12-25,S002-P0012,Electronics,32,466,45.74,63.57,112.93703456326864
2023-12-26,S002-P0012,Electronics,76,431,64.39,63.57,105.34794979001539
2023-12-27,S002-P0012,Electronics,47,368,54.65,63.57,61.76120177625456
2023-12-28,S002-P0012,Electronics,51,320,55.85,63.57,40.219183369091496
2023-12-29,S002-P0012,Electronics,46,274,57.51,63.57,61.53833231613316
2023-12-30,S002-P0012,Electronics,50,228,55.61,63.57,50.769847096568675
2023-12-31,S002-P0012,Electronics,30,197,56.83,63.57,61.83271728726934
2024-01-01,S002-P0012,Electronics,31,165,51.48,63.57,51.39814246907891
2024-01-02,S002-P0012,Electronics,76,337,61.22,63.57,62.262340336996466
2024-01-03,S002-P0012,Electronics,59,275,60.63,63.57,51.06766391085299
2024-01-04,S002-P0012,Electronics,26,229,47.73,63.57,62.01112669700604
2024-01-05,S002-P0012,Electronics,51,203,55.77,63.57,51.00544643877563
2024-01-06,S002-P0012,Electronics,75,491,60.86,63.57,51.19740777650667
2024-01-07,S002-P0012,Electronics,18,418,40.9,63.57,91.11181547332775
2024-01-08,S002-P0012,Electronics,58,401,63.49,63.57,62.25156840377759
2024-01-09,S002-P0012,Electronics,93,335,64.82,63.57,123.45391060909952
2024-01-10,S002-P0012,Electronics,118,248,70.41,63.57,84.13271409325407
2024-01-11,S002-P0012,Electronics,65,160,52.56,63.57,112.80096660242538
2024-01-12,S002-P0012,Electronics,122,95,67.17,63.57,123.20892214334808
2024-01-13,S002-P0012,Electronics,162,337,70.92,63.57,123.3991543326822
2024-01-14,S002-P0012,Electronics,79,179,68.57,63.57,94.64262305871702
2024-01-15,S002-P0012,Electronics,124,103,71.42,63.57,94.79864024020881
2024-01-16,S002-P0012,Electronics,89,455,63.87,63.57,84.29882515399288
2024-01-17,S002-P0012,Electronics,72,400,50.19,63.57,123.36953287336368
2024-01-18,S002-P0012,Electronics,105,356,56.9,63.57,134.14507876726927
2024-01-19,S002-P0012,Electronics,68,793,65.89,63.57,83.88442300742051
2024-01-20,S002-P0012,Electronics,115,745,77.15,63.57,105.37876918819373
2024-01-21,S002-P0012,Electronics,45,660,54.29,63.57,84.27808448672053
2024-01-22,S002-P0012,Electronics,94,613,54.9,63.57,113.12147147839735
2024-01-23,S002-P0012,Electronics,91,546,57.77,63.57,112.96347876969531
2024-01-24,S002-P0012,Electronics,119,439,66.81,63.57,105.39785942715199
2024-01-25,S002-P0012,Electronics,86,318,49.97,63.57,134.11784756106937
2024-01-26,S002-P0012,Electronics,49,243,58.16,63.57,105.16144483006792
2024-01-27,S002-P0012,Electronics,81,195,65.62,63.57,105.2938236407963
2024-01-28,S002-P0012,Electronics,87,606,66.91,63.57,94.48024238152757
2024-01-29,S002-P0012,Electronics,77,502,61.35,63.57,84.23515812500366
2024-01-30,S002-P0012,Electronics,96,423,72.63,63.57,84.02097708299706
2023-10-03,S002-P0013,Groceries,102,301,20.25,22.134999999999998,134.1772158649994
2023-10-04,S002-P0013,Groceries,87,219,22.52,22.134999999999998,105.22361631847363
2023-10-05,S002-P0013,Groceries,96,501,20.89,22.134999999999998,126.55298694355676
2023-10-06,S002-P0013,Groceries,51,398,18.77,22.134999999999998,105.15190034420596
2023-10-07,S002-P0013,Groceries,52,350,17.82,22.134999999999998,61.92060944108969
2023-10-08,S002-P0013,Groceries,95,291,20.82,22.134999999999998,83.45757786001349
2023-10-09,S002-P0013,Groceries,56,224,19.1,22.134999999999998,72.51148580130923
2023-10-10,S002-P0013,Groceries,92,183,17.4,22.134999999999998,101.28814141212486
2023-10-11,S002-P0013,Groceries,47,414,18.44,22.134999999999998,61.91542172911321
2023-10-12,S002-P0013,Groceries,60,382,15.52,22.134999999999998,111.98753713822762
2023-10-13,S002-P0013,Groceries,103,315,23.71,22.134999999999998,61.786816793228645
2023-10-14,S002-P0013,Groceries,73,235,20.33,22.134999999999998,61.94572514217348
2023-10-15,S002-P0013,Groceries,65,166,18.81,22.134999999999998,72.53919338445613
2023-10-16,S002-P0013,Groceries,67,493,16.94,22.134999999999998,101.4077669994973
2023-10-17,S002-P0013,Groceries,93,449,19.67,22.134999999999998,90.87680699165031
2023-10-18,S002-P0013,Groceries,62,366,20.6,22.134999999999998,72.31922675634178
2023-10-19,S002-P0013,Groceries,35,322,15.83,22.134999999999998,61.92253057877755
2023-10-20,S002-P0013,Groceries,86,289,17.06,22.134999999999998,90.75309810712332
2023-10-21,S002-P0013,Groceries,73,214,18.34,22.134999999999998,72.51032660774
2023-10-22,S002-P0013,Groceries,89,146,17.23,22.134999999999998,112.4453106485098
2023-10-23,S002-P0013,Groceries,75,357,16.21,22.134999999999998,112.56880729142715
2023-10-24,S002-P0013,Groceries,92,269,20.63,22.134999999999998,83.58124692782037
2023-10-25,S002-P0013,Groceries,125,183,22.92,22.134999999999998,134.2719801191757
2023-10-26,S002-P0013,Groceries,141,44,24.03,22.134999999999998,115.87165606350455
2023-10-27,S002-P0013,Groceries,137,304,23.72,22.134999999999998,115.90220336842748
2023-10-28,S002-P0013,Groceries,132,163,23.42,22.134999999999998,126.96591078426609
2023-10-29,S002-P0013,Groceries,114,494,23.35,22.134999999999998,116.17610742736177
2023-10-30,S002-P0013,Groceries,95,388,20.86,22.134999999999998,116.24326506418
2023-10-31,S002-P0013,Groceries,138,317,23.88,22.134999999999998,105.79915656322339
2023-11-01,S002-P0013,Groceries,186,213,22.91,22.134999999999998,144.81719071143377
2023-11-02,S002-P0013,Groceries,110,89,24.32,22.134999999999998,126.760113353772
2023-11-03,S002-P0013,Groceries,88,428,21.49,22.134999999999998,115.82671206575722
2023-11-04,S002-P0013,Groceries,147,331,24.49,22.134999999999998,105.6379463925613
2023-11-05,S002-P0013,Groceries,128,221,19.24,22.134999999999998,134.71714504570173
2023-11-06,S002-P0013,Groceries,130,82,25.85,22.134999999999998,105.8195346769676
2023-11-07,S002-P0013,Groceries,98,378,22.16,22.134999999999998,127.15243753114794
2023-11-08,S002-P0013,Groceries,113,296,22.04,22.134999999999998,134.37386669039978
2023-11-09,S002-P0013,Groceries,86,224,20.22,22.134999999999998,105.51723974744041
2023-11-10,S002-P0013,Groceries,140,157,23.91,22.134999999999998,115.99749145064196
2023-11-11,S002-P0013,Groceries,123,404,25.32,22.134999999999998,105.64245664284618
2023-11-12,S002-P0013,Groceries,157,290,27.88,22.134999999999998,127.17215731666282
2023-11-13,S002-P0013,Groceries,224,153,33.1,22.134999999999998,127.23587953035614
2023-11-14,S002-P0013,Groceries,207,383,24.16,22.134999999999998,145.09751596237697
2023-11-15,S002-P0013,Groceries,86,192,20.2,22.134999999999998,105.77202319213532
2023-11-16,S002-P0013,Groceries,70,879,18.15,22.134999999999998,134.31135070504055
2023-11-17,S002-P0013,Groceries,43,832,18.15,22.134999999999998,105.5381385446521
2023-11-18,S002-P0013,Groceries,81,790,17.8,22.134999999999998,155.90308546346162
2023-11-19,S002-P0013,Groceries,69,706,20.09,22.134999999999998,116.3094162287913
2023-11-20,S002-P0013,Groceries,103,624,19.01,22.134999999999998,145.22468611497047
2023-11-21,S002-P0013,Groceries,107,547,17.14,22.134999999999998,134.7951636884674
2023-11-22,S002-P0013,Groceries,91,471,20.52,22.134999999999998,105.77621984600376
2023-11-23,S002-P0013,Groceries,133,413,21.06,22.134999999999998,144.80153046539544
2023-11-24,S002-P0013,Groceries,57,323,18.24,22.134999999999998,105.6282003156771
2023-11-25,S002-P0013,Groceries,135,277,22.39,22.134999999999998,134.5209790531719
2023-11-26,S002-P0013,Groceries,80,523,20.84,22.134999999999998,105.9425546127506
2023-11-27,S002-P0013,Groceries,146,440,24.39,22.134999999999998,127.41780897316919
2023-11-28,S002-P0013,Groceries,94,299,20.73,22.134999999999998,106.00399704816834
2023-11-29,S002-P0013,Groceries,64,215,20.71,22.134999999999998,105.72682650573677
2023-11-30,S002-P0013,Groceries,154,553,23.63,22.134999999999998,105.7178919456729
2023-12-01,S002-P0013,Groceries,177,422,23.53,22.134999999999998,147.50935768332909
2023-12-02,S002-P0013,Groceries,74,241,18.41,22.134999999999998,147.54670026450523
2023-12-03,S002-P0013,Groceries,82,167,22.1,22.134999999999998,108.51324464160655
2023-12-04,S002-P0013,Groceries,227,663,24.97,22.134999999999998,158.89476160919747
2023-12-05,S002-P0013,Groceries,91,416,19.42,22.134999999999998,158.69491225753134
2023-12-06,S002-P0013,Groceries,111,333,18.49,22.134999999999998,158.58024180035488
2023-12-07,S002-P0013,Groceries,96,855,20.9,22.134999999999998,129.66100797392713
2023-12-08,S002-P0013,Groceries,61,750,17.54,22.134999999999998,108.31989086744059
2023-12-09,S002-P0013,Groceries,94,700,20.73,22.134999999999998,129.82542763637375
2023-12-10,S002-P0013,Groceries,68,608,20.03,22.134999999999998,118.9146794346295
2023-12-11,S002-P0013,Groceries,144,529,23.04,22.134999999999998,108.68200367765996
2023-12-12,S002-P0013,Groceries,61,356,18.46,22.134999999999998,108.58980290536294
2023-12-13,S002-P0013,Groceries,183,291,25.6,22.134999999999998,158.4677166715696
2023-12-14,S002-P0013,Groceries,73,153,18.3,22.134999999999998,129.65613250670347
2023-12-15,S002-P0013,Groceries,173,97,26.26,22.134999999999998,129.6735285653142
2023-12-16,S002-P0013,Groceries,123,547,24.03,22.134999999999998,108.40111204449954
2023-12-17,S002-P0013,Groceries,92,435,16.29,22.134999999999998,137.46865373822578
2023-12-18,S002-P0013,Groceries,207,348,30.18,22.134999999999998,129.9198867008144
2023-12-19,S002-P0013,Groceries,125,223,22.93,22.134999999999998,118.97298969482186
2023-12-20,S002-P0013,Groceries,150,107,22.13,22.134999999999998,137.1450041049383
2023-12-21,S002-P0013,Groceries,71,602,19.19,22.134999999999998,118.61991457693118
2023-12-22,S002-P0013,Groceries,40,559,14.18,22.134999999999998,147.543582944062
2023-12-23,S002-P0013,Groceries,138,516,25.11,22.134999999999998,118.77627801186817
2023-12-24,S002-P0013,Groceries,111,407,22.01,22.134999999999998,118.93355505224373
2023-12-25,S002-P0013,Groceries,87,316,21.39,22.134999999999998,108.53235441807993
2023-12-26,S002-P0013,Groceries,100,246,21.22,22.134999999999998,129.8515446416608
2023-12-27,S002-P0013,Groceries,80,171,19.75,22.134999999999998,114.95371030145772
2023-12-28,S002-P0013,Groceries,64,318,18.64,22.134999999999998,64.77761855155599
2023-12-29,S002-P0013,Groceries,124,274,25.4,22.134999999999998,86.04192716777857
2023-12-30,S002-P0013,Groceries,50,191,17.66,22.134999999999998,75.32828227903316
2023-12-31,S002-P0013,Groceries,39,153,18.83,22.134999999999998,86.33631213891475
2024-01-01,S002-P0013,Groceries,99,471,21.12,22.134999999999998,75.9565776515434
2024-01-02,S002-P0013,Groceries,63,408,17.68,22.134999999999998,115.50968919301872
2024-01-03,S002-P0013,Groceries,72,349,19.25,22.134999999999998,75.62609909331749
2024-01-04,S002-P0013,Groceries,109,306,21.78,22.134999999999998,86.51472154865145
2024-01-05,S002-P0013,Groceries,84,206,16.94,22.134999999999998,104.36247595643603
2024-01-06,S002-P0013,Groceries,80,149,19.8,22.134999999999998,75.70100262815208
2024-01-07,S002-P0013,Groceries,123,379,20.44,22.134999999999998,115.56056999415408
2024-01-08,S002-P0013,Groceries,34,236,16.63,22.134999999999998,86.81000358624208
2024-01-09,S002-P0013,Groceries,151,212,22.18,22.134999999999998,148.01234579156403
2024-01-10,S002-P0013,Groceries,63,454,17.67,22.134999999999998,137.3800629492763
2024-01-11,S002-P0013,Groceries,4,385,16.13,22.134999999999998,108.45112678805577
2024-01-12,S002-P0013,Groceries,152,381,23.52,22.134999999999998,118.96876299061664
2024-01-13,S002-P0013,Groceries,146,260,23.11,22.134999999999998,119.1041548491317
2024-01-14,S002-P0013,Groceries,146,162,25.73,22.134999999999998,119.14621791036244
2024-01-15,S002-P0013,Groceries,111,399,21.96,22.134999999999998,119.24739476103515
2024-01-16,S002-P0013,Groceries,128,280,18.3,22.134999999999998,137.65585467165326
2024-01-17,S002-P0013,Groceries,118,136,20.13,22.134999999999998,147.76344706337093
2024-01-18,S002-P0013,Groceries,107,2,24.09,22.134999999999998,129.74039862208062
2024-01-19,S002-P0013,Groceries,168,406,27.33,22.134999999999998,108.38801785906591
2024-01-20,S002-P0013,Groceries,131,295,24.58,22.134999999999998,129.93720437065824
2024-01-21,S002-P0013,Groceries,82,179,20.0,22.134999999999998,108.72683900754686
2024-01-22,S002-P0013,Groceries,114,548,22.11,22.134999999999998,108.82647199484683
2024-01-23,S002-P0013,Groceries,138,425,18.83,22.134999999999998,137.57675428297887
2024-01-24,S002-P0013,Groceries,134,320,22.33,22.134999999999998,129.90145427879742
2024-01-25,S002-P0013,Groceries,114,201,21.02,22.134999999999998,158.45692142025752
2024-01-26,S002-P0013,Groceries,120,536,23.82,22.134999999999998,129.66503968171335
2024-01-27,S002-P0013,Groceries,117,433,17.7,22.134999999999998,158.76053382009488
2024-01-28,S002-P0013,Groceries,130,302,24.54,22.134999999999998,119.03867756399208
2024-01-29,S002-P0013,Groceries,80,186,18.76,22.134999999999998,108.73875297664907
2024-01-30,S002-P0013,Groceries,129,125,24.46,22.134999999999998,108.57941226546157
2023-10-03,S002-P0014,Electronics,74,703,109.78,114.65,80.98470733979624
2023-10-04,S002-P0014,Electronics,28,623,92.05,114.65,80.7748617976473
2023-10-05,S002-P0014,Electronics,122,597,128.66,114.65,102.04939209191134
2023-10-06,S002-P0014,Electronics,149,453,139.51,114.65,80.7579861541987
2023-10-07,S002-P0014,Electronics,82,316,119.33,114.65,37.362174258625195
2023-10-08,S002-P0014,Electronics,57,232,103.04,114.65,87.64289668192583
2023-10-09,S002-P0014,Electronics,44,185,77.65,114.65,76.9161659464979
2023-10-10,S002-P0014,Electronics,57,630,108.99,114.65,47.931111894464436
2023-10-11,S002-P0014,Electronics,65,582,89.84,114.65,66.26526154348278
2023-10-12,S002-P0014,Electronics,99,538,113.82,114.65,87.37426162494404
2023-10-13,S002-P0014,Electronics,47,458,99.12,114.65,37.392902603221394
2023-10-14,S002-P0014,Electronics,87,402,90.93,114.65,66.40524561818123
2023-10-15,S002-P0014,Electronics,110,307,98.32,114.65,76.9438735296448
2023-10-16,S002-P0014,Electronics,39,200,91.18,114.65,48.160418143475056
2023-10-17,S002-P0014,Electronics,44,173,81.59,114.65,66.53773313246214
2023-10-18,S002-P0014,Electronics,33,490,89.19,114.65,76.61422623989228
2023-10-19,S002-P0014,Electronics,57,458,87.12,114.65,66.21753006232805
2023-10-20,S002-P0014,Electronics,78,413,105.76,114.65,37.45090892028198
2023-10-21,S002-P0014,Electronics,40,345,107.26,114.65,47.897051094456415
2023-10-22,S002-P0014,Electronics,56,314,86.77,114.65,87.94171579686439
2023-10-23,S002-P0014,Electronics,89,252,115.78,114.65,59.21177777376673
2023-10-24,S002-P0014,Electronics,22,164,94.41,114.65,59.02281174535587
2023-10-25,S002-P0014,Electronics,67,141,113.19,114.65,81.02463126315348
2023-10-26,S002-P0014,Electronics,49,86,105.53,114.65,91.31322088104005
2023-10-27,S002-P0014,Electronics,132,421,133.33,114.65,91.34376818596299
2023-10-28,S002-P0014,Electronics,65,337,112.38,114.65,102.46231593262067
2023-10-29,S002-P0014,Electronics,52,296,96.23,114.65,91.72735290653543
2023-10-30,S002-P0014,Electronics,86,244,127.55,114.65,91.68482988171549
2023-10-31,S002-P0014,Electronics,46,786,99.35,114.65,81.29556171157799
2023-11-01,S002-P0014,Electronics,100,754,126.92,114.65,91.40532086295428
2023-11-02,S002-P0014,Electronics,126,686,116.0,114.65,131.16479349896065
2023-11-03,S002-P0014,Electronics,150,546,132.91,114.65,120.12171154930772
2023-11-04,S002-P0014,Electronics,145,445,115.08,114.65,110.04262653774995
2023-11-05,S002-P0014,Electronics,140,278,121.93,114.65,110.10386953241817
2023-11-06,S002-P0014,Electronics,83,160,126.11,114.65,81.31593982532218
2023-11-07,S002-P0014,Electronics,78,639,117.85,114.65,102.59400234868343
2023-11-08,S002-P0014,Electronics,162,590,128.6,114.65,109.97995250039256
2023-11-09,S002-P0014,Electronics,99,413,133.06,114.65,80.9588045649759
2023-11-10,S002-P0014,Electronics,54,296,85.02,114.65,120.34733126501155
2023-11-11,S002-P0014,Electronics,123,240,102.28,114.65,110.10197711885397
2023-11-12,S002-P0014,Electronics,86,843,101.99,114.65,131.57683746185145
2023-11-13,S002-P0014,Electronics,46,783,104.42,114.65,102.78712500952982
2023-11-14,S002-P0014,Electronics,121,749,115.24,114.65,120.5390807799125
2023-11-15,S002-P0014,Electronics,69,624,102.65,114.65,109.95734201404764
2023-11-16,S002-P0014,Electronics,99,568,126.6,114.65,81.00916151819925
2023-11-17,S002-P0014,Electronics,72,482,115.02,114.65,81.03454369300667
2023-11-18,S002-P0014,Electronics,88,398,115.61,114.65,102.6008962766203
2023-11-19,S002-P0014,Electronics,102,311,127.88,114.65,91.7509810463268
2023-11-20,S002-P0014,Electronics,57,231,103.03,114.65,91.92249692812914
2023-11-21,S002-P0014,Electronics,39,174,101.43,114.65,81.32845350916884
2023-11-22,S002-P0014,Electronics,40,565,96.84,114.65,81.21778466353928
2023-11-23,S002-P0014,Electronics,88,541,115.32,114.65,91.55418160937319
2023-11-24,S002-P0014,Electronics,30,482,97.54,114.65,81.12460546403167
2023-11-25,S002-P0014,Electronics,101,448,114.43,114.65,81.32847052796876
2023-11-26,S002-P0014,Electronics,68,383,107.76,114.65,81.4389597611052
2023-11-27,S002-P0014,Electronics,47,326,104.86,114.65,102.8593737907047
2023-11-28,S002-P0014,Electronics,69,292,119.93,114.65,81.39072153488476
2023-11-29,S002-P0014,Electronics,65,550,106.42,114.65,81.33291231572952
2023-11-30,S002-P0014,Electronics,70,472,114.39,114.65,81.1594567632084
2023-12-01,S002-P0014,Electronics,99,420,126.57,114.65,94.09748783484957
2023-12-02,S002-P0014,Electronics,42,350,97.33,114.65,94.3541917393021
2023-12-03,S002-P0014,Electronics,97,323,105.62,114.65,112.9179247867952
2023-12-04,S002-P0014,Electronics,118,265,127.42,114.65,105.53773209153707
2023-12-05,S002-P0014,Electronics,97,604,118.81,114.65,105.4475634015091
2023-12-06,S002-P0014,Electronics,109,498,124.23,114.65,105.2232122826945
2023-12-07,S002-P0014,Electronics,46,386,99.11,114.65,105.10257279146262
2023-12-08,S002-P0014,Electronics,106,353,116.23,114.65,83.81629601579519
2023-12-09,S002-P0014,Electronics,117,266,113.68,114.65,134.06558678910517
2023-12-10,S002-P0014,Electronics,135,608,105.94,114.65,123.37419991063726
2023-12-11,S002-P0014,Electronics,80,468,106.73,114.65,112.86732249957231
2023-12-12,S002-P0014,Electronics,93,394,105.47,114.65,112.82996205809437
2023-12-13,S002-P0014,Electronics,86,338,115.06,114.65,105.2203678155474
2023-12-14,S002-P0014,Electronics,129,892,109.72,114.65,134.00597232107305
2023-12-15,S002-P0014,Electronics,97,748,125.52,114.65,105.11509338284971
2023-12-16,S002-P0014,Electronics,113,684,111.51,114.65,112.75095185886914
2023-12-17,S002-P0014,Electronics,86,555,120.99,114.65,84.0567838897463
2023-12-18,S002-P0014,Electronics,102,497,134.32,114.65,105.41629184916899
2023-12-19,S002-P0014,Electronics,133,407,126.52,114.65,94.46939484317645
2023-12-20,S002-P0014,Electronics,99,271,133.25,114.65,83.78797458727789
2023-12-21,S002-P0014,Electronics,103,170,95.94,114.65,123.02459472211984
2023-12-22,S002-P0014,Electronics,74,109,110.03,114.65,94.18655342640159
2023-12-23,S002-P0014,Electronics,96,577,100.19,114.65,123.12611782623776
2023-12-24,S002-P0014,Electronics,130,492,110.0,114.65,123.33823519743237
2023-12-25,S002-P0014,Electronics,54,350,107.87,114.65,84.02875956643453
2023-12-26,S002-P0014,Electronics,168,300,155.33,114.65,105.2931094591963
2023-12-27,S002-P0014,Electronics,58,98,98.59,114.65,61.76120177625456
2023-12-28,S002-P0014,Electronics,11,533,94.75,114.65,40.164343038272406
2023-12-29,S002-P0014,Electronics,57,521,103.68,114.65,61.59317264695225
2023-12-30,S002-P0014,Electronics,29,480,92.01,114.65,50.82468742738775
2023-12-31,S002-P0014,Electronics,80,452,112.34,114.65,61.942397948907505
2024-01-01,S002-P0014,Electronics,61,384,94.1,114.65,80.1967368042748
2024-01-02,S002-P0014,Electronics,43,317,102.93,114.65,62.262340336996466
2024-01-03,S002-P0014,Electronics,47,273,104.85,114.65,51.12250424167208
2024-01-04,S002-P0014,Electronics,51,244,95.85,114.65,62.01112669700604
2024-01-05,S002-P0014,Electronics,38,197,80.91,114.65,79.85888110479061
2024-01-06,S002-P0014,Electronics,49,154,105.44,114.65,51.1425674456876
2024-01-07,S002-P0014,Electronics,53,102,101.64,114.65,62.31322113813183
2024-01-08,S002-P0014,Electronics,37,248,95.65,114.65,62.306408734596666
2024-01-09,S002-P0014,Electronics,81,210,101.2,114.65,123.50875093991863
2024-01-10,S002-P0014,Electronics,51,140,106.49,114.65,84.07787376243499
2024-01-11,S002-P0014,Electronics,117,83,126.79,114.65,84.05721259804852
2024-01-12,S002-P0014,Electronics,98,0,113.37,114.65,94.46516813897122
2024-01-13,S002-P0014,Electronics,122,359,143.25,114.65,94.49087933584812
2024-01-14,S002-P0014,Electronics,72,218,115.05,114.65,94.64262305871702
2024-01-15,S002-P0014,Electronics,72,678,115.28,114.65,94.68895957857065
2024-01-16,S002-P0014,Electronics,90,630,109.67,114.65,113.0425791583697
2024-01-17,S002-P0014,Electronics,77,531,105.58,114.65,94.51609820734868
2024-01-18,S002-P0014,Electronics,184,455,153.45,114.65,134.0353981056311
2024-01-19,S002-P0014,Electronics,108,268,116.47,114.65,112.73785767343551
2024-01-20,S002-P0014,Electronics,161,161,137.03,114.65,134.17736352338963
2024-01-21,S002-P0014,Electronics,135,1,105.94,114.65,113.1315191527355
2024-01-22,S002-P0014,Electronics,80,808,99.88,114.65,113.12147147839735
2024-01-23,S002-P0014,Electronics,95,752,118.38,114.65,84.21972476531846
2024-01-24,S002-P0014,Electronics,87,647,114.91,114.65,105.39785942715199
2024-01-25,S002-P0014,Electronics,87,592,121.62,114.65,105.15473223341623
2024-01-26,S002-P0014,Electronics,121,502,142.81,114.65,105.16144483006792
2024-01-27,S002-P0014,Electronics,148,427,124.7,114.65,134.14725830681132
2024-01-28,S002-P0014,Electronics,37,328,105.76,114.65,94.48024238152757
2024-01-29,S002-P0014,Electronics,90,305,129.18,114.65,84.12547746336548
2024-01-30,S002-P0014,Electronics,101,676,127.18,114.65,84.07581741381617
2023-10-03,S002-P0015,Clothing,69,212,59.4,66.045,94.88600470792167
2023-10-04,S002-P0015,Clothing,60,135,57.28,66.045,94.78583982741088
2023-10-05,S002-P0015,Clothing,147,575,76.18,66.045,116.00552979085585
2023-10-06,S002-P0015,Clothing,131,400,69.05,66.045,123.40303752670093
2023-10-07,S002-P0015,Clothing,130,303,60.5,66.045,80.22658695440379
2023-10-08,S002-P0015,Clothing,131,180,69.03,66.045,101.59903438087034
2023-10-09,S002-P0015,Clothing,170,620,68.53,66.045,90.81746331462331
2023-10-10,S002-P0015,Clothing,127,471,72.15,66.045,61.887249593408946
2023-10-11,S002-P0015,Clothing,127,344,79.72,66.045,51.31312424559321
2023-10-12,S002-P0015,Clothing,240,207,91.5,66.045,72.6414856503308
2023-10-13,S002-P0015,Clothing,131,596,76.84,66.045,51.29419997134683
2023-10-14,S002-P0015,Clothing,121,509,74.4,66.045,51.398267989472565
2023-10-15,S002-P0015,Clothing,217,407,86.21,66.045,90.79033056695113
2023-10-16,S002-P0015,Clothing,147,944,72.36,66.045,62.11655584241956
2023-10-17,S002-P0015,Clothing,127,843,68.32,66.045,51.640436165391634
2023-10-18,S002-P0015,Clothing,155,744,74.0,66.045,61.88145026527903
2023-10-19,S002-P0015,Clothing,129,617,80.24,66.045,51.265392764438474
2023-10-20,S002-P0015,Clothing,96,504,61.81,66.045,51.40704661922649
2023-10-21,S002-P0015,Clothing,69,394,56.29,66.045,61.96286945503908
2023-10-22,S002-P0015,Clothing,60,347,54.41,66.045,101.78817283417072
2023-10-23,S002-P0015,Clothing,105,278,70.75,66.045,73.11307514189215
2023-10-24,S002-P0015,Clothing,157,173,62.01,66.045,101.94206477195355
2023-10-25,S002-P0015,Clothing,63,77,58.11,66.045,94.98076896209798
2023-10-26,S002-P0015,Clothing,99,7,52.01,66.045,134.17763357681864
2023-10-27,S002-P0015,Clothing,82,371,65.64,66.045,105.2450655540884
2023-10-28,S002-P0015,Clothing,128,825,60.93,66.045,145.27188829758018
2023-10-29,S002-P0015,Clothing,137,706,78.08,66.045,105.62865027466086
2023-10-30,S002-P0015,Clothing,112,595,76.29,66.045,105.64096758065999
2023-10-31,S002-P0015,Clothing,102,512,73.92,66.045,95.19685907970339
2023-11-01,S002-P0015,Clothing,163,404,71.46,66.045,134.2148932279138
2023-11-02,S002-P0015,Clothing,95,284,64.91,66.045,145.01125053626697
2023-11-03,S002-P0015,Clothing,125,208,75.29,66.045,105.2792549130563
2023-11-04,S002-P0015,Clothing,103,95,63.27,66.045,95.14532957067945
2023-11-05,S002-P0015,Clothing,109,685,64.64,66.045,95.31625322698585
2023-11-06,S002-P0015,Clothing,23,575,54.92,66.045,95.27207752426668
2023-11-07,S002-P0015,Clothing,99,551,62.57,66.045,116.6598207092661
2023-11-08,S002-P0015,Clothing,77,460,58.02,66.045,95.13749586414113
2023-11-09,S002-P0015,Clothing,114,410,69.18,66.045,94.96978259473948
2023-11-10,S002-P0015,Clothing,84,315,66.05,66.045,105.34035363630288
2023-11-11,S002-P0015,Clothing,100,246,58.61,66.045,124.0032744869794
2023-11-12,S002-P0015,Clothing,118,138,66.38,66.045,116.73438082560007
2023-11-13,S002-P0015,Clothing,78,514,58.12,66.045,116.7981030392934
2023-11-14,S002-P0015,Clothing,75,458,60.5,66.045,105.75146447448017
2023-11-15,S002-P0015,Clothing,99,392,65.9,66.045,95.2245660394344
2023-11-16,S002-P0015,Clothing,55,321,56.35,66.045,95.0749798787819
2023-11-17,S002-P0015,Clothing,121,255,78.29,66.045,94.99068139195117
2023-11-18,S002-P0015,Clothing,119,114,73.96,66.045,116.50219364474572
2023-11-19,S002-P0015,Clothing,50,450,52.5,66.045,105.81679940690947
2023-11-20,S002-P0015,Clothing,81,392,58.75,66.045,134.5675483006314
2023-11-21,S002-P0015,Clothing,122,325,56.0,66.045,124.2477065357665
2023-11-22,S002-P0015,Clothing,112,209,60.99,66.045,124.02735702849878
2023-11-23,S002-P0015,Clothing,152,104,73.01,66.045,134.25407331269454
2023-11-24,S002-P0015,Clothing,72,0,60.16,66.045,95.08074316297618
2023-11-25,S002-P0015,Clothing,93,434,68.07,66.045,95.22976789609419
2023-11-26,S002-P0015,Clothing,105,348,63.65,66.045,124.1388514644265
2023-11-27,S002-P0015,Clothing,175,744,77.67,66.045,145.61410582484513
2023-11-28,S002-P0015,Clothing,27,564,44.67,66.045,124.25513423066334
2023-11-29,S002-P0015,Clothing,114,547,72.95,66.045,95.17936935303587
2023-11-30,S002-P0015,Clothing,69,478,59.45,66.045,95.1155944621529
2023-12-01,S002-P0015,Clothing,149,1044,80.89,66.045,108.10846586461317
2023-12-02,S002-P0015,Clothing,147,951,76.12,66.045,136.99924311180433
2023-12-03,S002-P0015,Clothing,172,825,77.01,66.045,126.81922215492062
2023-12-04,S002-P0015,Clothing,123,684,74.88,66.045,119.3841891288434
2023-12-05,S002-P0015,Clothing,118,571,77.62,66.045,119.29402043881544
2023-12-06,S002-P0015,Clothing,132,449,64.8,66.045,148.03278464765398
2023-12-07,S002-P0015,Clothing,101,300,70.02,66.045,119.00387015958803
2023-12-08,S002-P0015,Clothing,96,217,68.81,66.045,97.71759338392062
2023-12-09,S002-P0015,Clothing,106,126,70.96,66.045,119.16828982203467
2023-12-10,S002-P0015,Clothing,70,458,62.79,66.045,108.42206261274768
2023-12-11,S002-P0015,Clothing,62,406,64.29,66.045,98.02486586332088
2023-12-12,S002-P0015,Clothing,116,355,65.91,66.045,98.04234575266204
2023-12-13,S002-P0015,Clothing,97,284,58.71,66.045,147.9750998496878
2023-12-14,S002-P0015,Clothing,118,204,59.12,66.045,147.90726968919847
2023-12-15,S002-P0015,Clothing,83,91,62.59,66.045,119.07123108179421
2023-12-16,S002-P0015,Clothing,149,403,76.57,66.045,126.59740889617547
2023-12-17,S002-P0015,Clothing,127,225,60.7,66.045,126.8663562547058
2023-12-18,S002-P0015,Clothing,162,133,75.55,66.045,119.48211020975165
2023-12-19,S002-P0015,Clothing,78,0,68.03,66.045,108.31585188048278
2023-12-20,S002-P0015,Clothing,64,692,64.66,66.045,97.74411228622239
2023-12-21,S002-P0015,Clothing,93,653,71.69,66.045,108.01761709341118
2023-12-22,S002-P0015,Clothing,117,547,73.66,66.045,108.08785079452701
2023-12-23,S002-P0015,Clothing,61,441,54.64,66.045,108.28366118998633
2023-12-24,S002-P0015,Clothing,80,370,61.91,66.045,108.38609789954282
2023-12-25,S002-P0015,Clothing,133,274,65.63,66.045,126.83833193139407
2023-12-26,S002-P0015,Clothing,82,141,65.63,66.045,119.3040874889599
2023-12-27,S002-P0015,Clothing,221,78,87.68,66.045,104.4062531487568
2023-12-28,S002-P0015,Clothing,106,313,60.48,66.045,82.9739154032319
2023-12-29,S002-P0015,Clothing,153,228,81.69,66.045,75.54931034589674
2023-12-30,S002-P0015,Clothing,125,62,75.42,66.045,64.67114446469408
2023-12-31,S002-P0015,Clothing,165,1052,76.13,66.045,75.898535647852
2024-01-01,S002-P0015,Clothing,121,876,58.8,66.045,94.26255516485749
2024-01-02,S002-P0015,Clothing,185,779,89.0,66.045,76.16363770512187
2024-01-03,S002-P0015,Clothing,139,563,74.54,66.045,93.8223959449934
2024-01-04,S002-P0015,Clothing,154,421,86.24,66.045,75.85758373431237
2024-01-05,S002-P0015,Clothing,133,320,69.4,66.045,65.01642446853921
2024-01-06,S002-P0015,Clothing,31,844,48.57,66.045,65.15354547545117
2024-01-07,S002-P0015,Clothing,230,815,89.41,66.045,104.95827251063409
2024-01-08,S002-P0015,Clothing,100,567,62.77,66.045,76.31738676436024
2024-01-09,S002-P0015,Clothing,135,493,62.06,66.045,137.5197289696822
2024-01-10,S002-P0015,Clothing,96,349,65.26,66.045,98.08885179219857
2024-01-11,S002-P0015,Clothing,90,1086,63.79,66.045,98.01335029699302
2024-01-12,S002-P0015,Clothing,130,1012,60.34,66.045,137.27474050393073
2024-01-13,S002-P0015,Clothing,162,928,71.37,66.045,137.30045170080763
2024-01-14,S002-P0015,Clothing,137,761,82.3,66.045,108.59876075766152
2024-01-15,S002-P0015,Clothing,170,638,77.01,66.045,108.75477793915331
2024-01-16,S002-P0015,Clothing,92,482,64.49,66.045,98.2001225221183
2024-01-17,S002-P0015,Clothing,99,401,69.46,66.045,108.4173955754741
2024-01-18,S002-P0015,Clothing,125,306,75.42,66.045,119.1929414693797
2024-01-19,S002-P0015,Clothing,123,810,78.82,66.045,97.84056070636501
2024-01-20,S002-P0015,Clothing,202,678,83.63,66.045,148.13350122233413
2024-01-21,S002-P0015,Clothing,139,503,70.67,66.045,98.23422218566503
2024-01-22,S002-P0015,Clothing,111,390,68.63,66.045,98.22417451132685
2024-01-23,S002-P0015,Clothing,108,260,71.59,66.045,98.06618180262481
2024-01-24,S002-P0015,Clothing,79,1017,61.49,66.045,119.35399712609649
2024-01-25,S002-P0015,Clothing,121,934,78.3,66.045,119.11086993236073
2024-01-26,S002-P0015,Clothing,206,802,70.48,66.045,148.08069785666558
2024-01-27,S002-P0015,Clothing,179,616,78.91,66.045,148.04855567493672
2024-01-28,S002-P0015,Clothing,58,409,53.97,66.045,137.23497441566798
2024-01-29,S002-P0015,Clothing,122,348,74.65,66.045,98.08161516230999
2024-01-30,S002-P0015,Clothing,67,1039,62.11,66.045,97.97711478194157
2023-10-03,S002-P0016,Clothing,70,0,76.95,85.41999999999999,94.88600470792167
2023-10-04,S002-P0016,Clothing,156,357,100.8,85.41999999999999,123.47475350096863
2023-10-05,S002-P0016,Clothing,117,261,80.72,85.41999999999999,144.74928379523269
2023-10-06,S002-P0016,Clothing,130,128,77.95,85.41999999999999,123.56755851915818
2023-10-07,S002-P0016,Clothing,121,303,81.07,85.41999999999999,80.17174662358468
2023-10-08,S002-P0016,Clothing,81,229,80.08,85.41999999999999,72.8552803764935
2023-10-09,S002-P0016,Clothing,72,160,64.6,85.41999999999999,90.8723036454424
2023-10-10,S002-P0016,Clothing,144,80,97.72,85.41999999999999,61.887249593408946
2023-10-11,S002-P0016,Clothing,144,124,97.61,85.41999999999999,51.422804907231374
2023-10-12,S002-P0016,Clothing,77,314,74.88,85.41999999999999,72.6414856503308
2023-10-13,S002-P0016,Clothing,157,248,90.01,85.41999999999999,80.14763463736182
2023-10-14,S002-P0016,Clothing,92,89,78.74,85.41999999999999,51.50794865111073
2023-10-15,S002-P0016,Clothing,133,290,99.65,85.41999999999999,61.99173623175522
2023-10-16,S002-P0016,Clothing,92,190,87.69,85.41999999999999,62.06171551160048
2023-10-17,S002-P0016,Clothing,114,355,94.05,85.41999999999999,51.58559583457256
2023-10-18,S002-P0016,Clothing,54,268,57.28,85.41999999999999,90.73488493129403
2023-10-19,S002-P0016,Clothing,44,226,77.2,85.41999999999999,51.265392764438474
2023-10-20,S002-P0016,Clothing,90,196,91.74,85.41999999999999,51.297365957588326
2023-10-21,S002-P0016,Clothing,94,137,88.22,85.41999999999999,61.85318879340092
2023-10-22,S002-P0016,Clothing,95,223,83.89,85.41999999999999,73.09925916061296
2023-10-23,S002-P0016,Clothing,172,160,105.25,85.41999999999999,101.85682914626898
2023-10-24,S002-P0016,Clothing,98,211,80.58,85.41999999999999,73.08863010593853
2023-10-25,S002-P0016,Clothing,62,440,70.92,85.41999999999999,95.03560929291706
2023-10-26,S002-P0016,Clothing,95,379,84.08,85.41999999999999,105.26935857998456
2023-10-27,S002-P0016,Clothing,101,275,85.7,85.41999999999999,105.29990588490749
2023-10-28,S002-P0016,Clothing,151,195,83.0,85.41999999999999,145.32672862839925
2023-10-29,S002-P0016,Clothing,54,38,80.42,85.41999999999999,105.57380994384177
2023-10-30,S002-P0016,Clothing,111,295,93.19,85.41999999999999,105.64096758065999
2023-10-31,S002-P0016,Clothing,157,181,106.69,85.41999999999999,95.25169941052249
2023-11-01,S002-P0016,Clothing,149,44,94.0,85.41999999999999,134.1600528970947
2023-11-02,S002-P0016,Clothing,95,274,88.56,85.41999999999999,116.26749653189017
2023-11-03,S002-P0016,Clothing,104,456,76.65,85.41999999999999,134.1875299098904
2023-11-04,S002-P0016,Clothing,93,386,83.53,85.41999999999999,95.09048923986037
2023-11-05,S002-P0016,Clothing,120,310,71.86,85.41999999999999,124.16968789300083
2023-11-06,S002-P0016,Clothing,88,237,81.95,85.41999999999999,95.38175818590486
2023-11-07,S002-P0016,Clothing,108,170,83.19,85.41999999999999,116.6598207092661
2023-11-08,S002-P0016,Clothing,74,96,74.2,85.41999999999999,95.13749586414113
2023-11-09,S002-P0016,Clothing,147,260,81.9,85.41999999999999,123.8780575915736
2023-11-10,S002-P0016,Clothing,104,145,91.14,85.41999999999999,105.34035363630288
2023-11-11,S002-P0016,Clothing,62,323,78.76,85.41999999999999,95.14983982096436
2023-11-12,S002-P0016,Clothing,142,254,97.07,85.41999999999999,145.42329449915778
2023-11-13,S002-P0016,Clothing,137,129,79.71,85.41999999999999,145.65153770530839
2023-11-14,S002-P0016,Clothing,93,380,79.05,85.41999999999999,105.75146447448017
2023-11-15,S002-P0016,Clothing,102,274,81.62,85.41999999999999,95.2245660394344
2023-11-16,S002-P0016,Clothing,80,202,79.93,85.41999999999999,95.02013954796283
2023-11-17,S002-P0016,Clothing,126,150,92.54,85.41999999999999,123.7892757271471
2023-11-18,S002-P0016,Clothing,78,35,83.6,85.41999999999999,116.5570339755648
2023-11-19,S002-P0016,Clothing,136,240,90.67,85.41999999999999,134.5057130804672
2023-11-20,S002-P0016,Clothing,124,135,91.9,85.41999999999999,105.87863462707364
2023-11-21,S002-P0016,Clothing,146,283,92.66,85.41999999999999,124.13802587412835
2023-11-22,S002-P0016,Clothing,120,133,90.83,85.41999999999999,95.22876269330285
2023-11-23,S002-P0016,Clothing,107,329,72.76,85.41999999999999,134.3637539743327
2023-11-24,S002-P0016,Clothing,64,251,83.44,85.41999999999999,95.0259028321571
2023-11-25,S002-P0016,Clothing,46,189,66.7,85.41999999999999,95.28460822691326
2023-11-26,S002-P0016,Clothing,88,149,77.69,85.41999999999999,95.44993779086877
2023-11-27,S002-P0016,Clothing,100,66,90.11,85.41999999999999,116.8155114896492
2023-11-28,S002-P0016,Clothing,82,194,89.17,85.41999999999999,95.34685923382926
2023-11-29,S002-P0016,Clothing,74,123,73.99,85.41999999999999,95.28905001467402
2023-11-30,S002-P0016,Clothing,107,227,92.13,85.41999999999999,95.06075413133382
2023-12-01,S002-P0016,Clothing,149,127,93.51,85.41999999999999,136.9070601998091
2023-12-02,S002-P0016,Clothing,94,184,88.08,85.41999999999999,108.25548910742752
2023-12-03,S002-P0016,Clothing,205,454,109.01,85.41999999999999,126.76438182410152
2023-12-04,S002-P0016,Clothing,144,209,92.6,85.41999999999999,148.18278346403932
2023-12-05,S002-P0016,Clothing,189,102,93.02,85.41999999999999,148.20229543564952
2023-12-06,S002-P0016,Clothing,81,283,80.14,85.41999999999999,119.179349981639
2023-12-07,S002-P0016,Clothing,187,647,103.37,85.41999999999999,147.85730482560305
2023-12-08,S002-P0016,Clothing,131,451,88.61,85.41999999999999,126.51618771911654
2023-12-09,S002-P0016,Clothing,143,347,102.62,85.41999999999999,119.22313015285376
2023-12-10,S002-P0016,Clothing,105,208,82.24,85.41999999999999,108.47690294356676
2023-12-11,S002-P0016,Clothing,67,97,76.15,85.41999999999999,98.13454652495903
2023-12-12,S002-P0016,Clothing,98,257,89.45,85.41999999999999,97.93266509102386
2023-12-13,S002-P0016,Clothing,84,150,80.93,85.41999999999999,119.17650551449191
2023-12-14,S002-P0016,Clothing,86,71,81.34,85.41999999999999,119.10867535400254
2023-12-15,S002-P0016,Clothing,182,181,114.28,85.41999999999999,119.07123108179421
2023-12-16,S002-P0016,Clothing,82,37,80.24,85.41999999999999,97.90849522261772
2023-12-17,S002-P0016,Clothing,102,329,85.98,85.41999999999999,98.0129215886908
2023-12-18,S002-P0016,Clothing,101,228,81.17,85.41999999999999,148.1710238833094
2023-12-19,S002-P0016,Clothing,118,139,90.47,85.41999999999999,108.37069221130187
2023-12-20,S002-P0016,Clothing,95,305,79.58,85.41999999999999,97.85379294786054
2023-12-21,S002-P0016,Clothing,159,243,107.47,85.41999999999999,108.07245742423027
2023-12-22,S002-P0016,Clothing,119,76,81.23,85.41999999999999,136.88644512972294
2023-12-23,S002-P0016,Clothing,128,322,87.91,85.41999999999999,137.0274151943632
2023-12-24,S002-P0016,Clothing,150,171,99.46,85.41999999999999,108.38609789954282
2023-12-25,S002-P0016,Clothing,132,40,94.17,85.41999999999999,98.09457792701718
2023-12-26,S002-P0016,Clothing,154,340,83.65,85.41999999999999,148.21236248579396
2023-12-27,S002-P0016,Clothing,130,225,93.91,85.41999999999999,75.66249914437998
2023-12-28,S002-P0016,Clothing,116,360,94.65,85.41999999999999,54.120480737216916
2023-12-29,S002-P0016,Clothing,114,237,84.71,85.41999999999999,75.60415067671582
2023-12-30,S002-P0016,Clothing,125,153,92.56,85.41999999999999,64.72598479551317
2023-12-31,S002-P0016,Clothing,62,274,74.52,85.41999999999999,75.898535647852
2024-01-01,S002-P0016,Clothing,134,222,105.19,85.41999999999999,65.29943983720432
2024-01-02,S002-P0016,Clothing,127,130,88.26,85.41999999999999,76.27331836676004
2024-01-03,S002-P0016,Clothing,92,229,78.91,85.41999999999999,65.13348227143565
2024-01-04,S002-P0016,Clothing,107,122,82.87,85.41999999999999,75.96726439595054
2024-01-05,S002-P0016,Clothing,117,0,90.05,85.41999999999999,65.01642446853921
2024-01-06,S002-P0016,Clothing,129,247,88.7,85.41999999999999,65.15354547545117
2024-01-07,S002-P0016,Clothing,134,424,94.68,85.41999999999999,104.95827251063409
2024-01-08,S002-P0016,Clothing,184,291,90.63,85.41999999999999,105.17082143037524
2024-01-09,S002-P0016,Clothing,237,174,109.75,85.41999999999999,137.5197289696822
2024-01-10,S002-P0016,Clothing,102,409,85.9,85.41999999999999,126.8326057965754
2024-01-11,S002-P0016,Clothing,132,301,104.71,85.41999999999999,97.90366963535487
2024-01-12,S002-P0016,Clothing,113,194,89.07,85.41999999999999,108.36646550709665
2024-01-13,S002-P0016,Clothing,173,424,100.44,85.41999999999999,137.24561136998852
2024-01-14,S002-P0016,Clothing,155,305,95.72,85.41999999999999,137.39735509285742
2024-01-15,S002-P0016,Clothing,88,127,68.28,85.41999999999999,137.60821260516832
2024-01-16,S002-P0016,Clothing,159,397,84.8,85.41999999999999,127.10839751895236
2024-01-17,S002-P0016,Clothing,88,233,77.72,85.41999999999999,108.47223590629318
2024-01-18,S002-P0016,Clothing,173,174,99.92,85.41999999999999,148.0463761353947
2024-01-19,S002-P0016,Clothing,32,60,66.38,85.41999999999999,97.89540103718409
2024-01-20,S002-P0016,Clothing,224,404,114.02,85.41999999999999,119.4445875487764
2024-01-21,S002-P0016,Clothing,103,223,95.75,85.41999999999999,98.12454152402685
2024-01-22,S002-P0016,Clothing,49,588,78.88,85.41999999999999,98.16933418050775
2024-01-23,S002-P0016,Clothing,106,540,68.86,85.41999999999999,127.02929713027797
2024-01-24,S002-P0016,Clothing,72,425,77.42,85.41999999999999,119.35399712609649
2024-01-25,S002-P0016,Clothing,132,344,89.47,85.41999999999999,119.2205505939989
2024-01-26,S002-P0016,Clothing,101,204,85.82,85.41999999999999,119.17242285983151
2024-01-27,S002-P0016,Clothing,110,127,88.42,85.41999999999999,119.3048016705599
2024-01-28,S002-P0016,Clothing,61,246,74.48,85.41999999999999,108.49122041129117
2024-01-29,S002-P0016,Clothing,137,197,95.49,85.41999999999999,98.19129582394817
2024-01-30,S002-P0016,Clothing,105,88,91.5,85.41999999999999,98.03195511276067
2023-10-03,S002-P0017,Toys,110,145,23.17,19.465,76.9806675302007
2023-10-04,S002-P0017,Toys,73,398,19.4,19.465,76.82566231887084
2023-10-05,S002-P0017,Toys,167,333,26.0,19.465,98.10019261313488
2023-10-06,S002-P0017,Toys,69,221,19.12,19.465,76.75394634460315
2023-10-07,S002-P0017,Toys,19,141,14.81,19.465,33.52265544148689
2023-10-08,S002-P0017,Toys,63,545,14.03,19.465,83.9130585264257
2023-10-09,S002-P0017,Toys,11,472,15.12,19.465,44.113531801706436
2023-10-10,S002-P0017,Toys,41,461,14.59,19.465,72.83534708170296
2023-10-11,S002-P0017,Toys,23,426,15.96,19.465,33.462627398691325
2023-10-12,S002-P0017,Toys,28,401,13.71,19.465,83.58958313862482
2023-10-13,S002-P0017,Toys,8,383,14.91,19.465,33.443703124444944
2023-10-14,S002-P0017,Toys,27,374,14.62,19.465,33.65745180420885
2023-10-15,S002-P0017,Toys,25,355,16.04,19.465,44.141239384853336
2023-10-16,S002-P0017,Toys,44,337,18.33,19.465,44.15637833387951
2023-10-17,S002-P0017,Toys,49,293,16.83,19.465,62.47885299204751
2023-10-18,S002-P0017,Toys,16,250,13.01,19.465,72.82954775357305
2023-10-19,S002-P0017,Toys,42,233,14.56,19.465,62.323170914370664
2023-10-20,S002-P0017,Toys,30,193,14.76,19.465,62.24546344588235
2023-10-21,S002-P0017,Toys,27,160,14.61,19.465,44.1123726081372
2023-10-22,S002-P0017,Toys,16,137,16.25,19.465,55.13908165207292
2023-10-23,S002-P0017,Toys,8,120,14.88,19.465,55.26257829499026
2023-10-24,S002-P0017,Toys,17,198,12.4,19.465,84.03672759423257
2023-10-25,S002-P0017,Toys,78,187,18.76,19.465,77.18511244601517
2023-10-26,S002-P0017,Toys,104,109,19.33,19.465,116.21745606827861
2023-10-27,S002-P0017,Toys,119,24,23.85,19.465,87.39456870718652
2023-10-28,S002-P0017,Toys,164,272,19.37,19.465,127.47623178149738
2023-10-29,S002-P0017,Toys,69,461,17.24,19.465,87.83299375857806
2023-10-30,S002-P0017,Toys,71,397,18.27,19.465,87.90015139539628
2023-10-31,S002-P0017,Toys,39,319,16.22,19.465,77.4012025636206
2023-11-01,S002-P0017,Toys,90,295,20.6,19.465,87.51096171499691
2023-11-02,S002-P0017,Toys,144,231,20.72,19.465,127.2155940201842
2023-11-03,S002-P0017,Toys,117,71,23.66,19.465,87.42875806615442
2023-11-04,S002-P0017,Toys,158,295,20.29,19.465,106.09342705897349
2023-11-05,S002-P0017,Toys,59,148,16.6,19.465,77.46575638008396
2023-11-06,S002-P0017,Toys,69,415,17.26,19.465,77.53126133900297
2023-11-07,S002-P0017,Toys,156,364,22.57,19.465,127.55307786674103
2023-11-08,S002-P0017,Toys,72,250,16.29,19.465,106.08559335243517
2023-11-09,S002-P0017,Toys,103,183,20.41,19.465,105.86303975221445
2023-11-10,S002-P0017,Toys,92,574,19.65,19.465,87.59953745103917
2023-11-11,S002-P0017,Toys,129,481,20.99,19.465,77.35418330488156
2023-11-12,S002-P0017,Toys,98,341,19.07,19.465,98.88388397869818
2023-11-13,S002-P0017,Toys,101,241,20.3,19.465,98.89276586157243
2023-11-14,S002-P0017,Toys,94,149,18.71,19.465,116.64472163195512
2023-11-15,S002-P0017,Toys,110,389,16.53,19.465,106.22750385854752
2023-11-16,S002-P0017,Toys,73,283,19.45,19.465,77.16964270106095
2023-11-17,S002-P0017,Toys,97,204,20.01,19.465,77.24986520668746
2023-11-18,S002-P0017,Toys,58,417,17.38,19.465,98.76137745948199
2023-11-19,S002-P0017,Toys,73,353,18.42,19.465,87.96630256000759
2023-11-20,S002-P0017,Toys,87,275,21.5,19.465,87.91845711853358
2023-11-21,S002-P0017,Toys,115,208,21.21,19.465,77.48893469203054
2023-11-22,S002-P0017,Toys,140,93,19.04,19.465,106.23170051241597
2023-11-23,S002-P0017,Toys,143,308,19.22,19.465,116.51325712743082
2023-11-24,S002-P0017,Toys,134,216,21.34,19.465,77.28508664689338
2023-11-25,S002-P0017,Toys,31,470,16.5,19.465,77.32443071837321
2023-11-26,S002-P0017,Toys,153,446,19.99,19.465,106.39803527916278
2023-11-27,S002-P0017,Toys,113,286,21.14,19.465,98.9650146427473
2023-11-28,S002-P0017,Toys,75,181,18.62,19.465,77.55120271774648
2023-11-29,S002-P0017,Toys,82,561,21.11,19.465,77.32887250613398
2023-11-30,S002-P0017,Toys,84,485,20.22,19.465,77.21025728443193
2023-12-01,S002-P0017,Toys,108,423,23.05,19.465,90.2031286868922
2023-12-02,S002-P0017,Toys,55,348,16.34,19.465,90.4598325913447
2023-12-03,S002-P0017,Toys,108,297,21.89,19.465,80.11529064200374
2023-12-04,S002-P0017,Toys,110,188,19.84,19.465,101.64337294357968
2023-12-05,S002-P0017,Toys,39,120,17.08,19.465,101.49836392273264
2023-12-06,S002-P0017,Toys,120,468,21.5,19.465,130.07260713911393
2023-12-07,S002-P0017,Toys,108,362,23.03,19.465,101.15337331268614
2023-12-08,S002-P0017,Toys,69,292,17.26,19.465,108.61085054139555
2023-12-09,S002-P0017,Toys,66,223,18.01,19.465,101.37263330595187
2023-12-10,S002-P0017,Toys,113,468,22.22,19.465,90.5167254350267
2023-12-11,S002-P0017,Toys,132,373,19.82,19.465,109.0826440132531
2023-12-12,S002-P0017,Toys,103,286,19.4,19.465,108.88076257931787
2023-12-13,S002-P0017,Toys,132,217,22.31,19.465,101.38084899840909
2023-12-14,S002-P0017,Toys,65,532,18.84,19.465,101.20333817628158
2023-12-15,S002-P0017,Toys,129,476,19.63,19.465,130.07416890090732
2023-12-16,S002-P0017,Toys,54,333,15.35,19.465,108.80175238009268
2023-12-17,S002-P0017,Toys,101,298,22.53,19.465,80.10758441096984
2023-12-18,S002-P0017,Toys,93,192,21.94,19.465,101.5219327012116
2023-12-19,S002-P0017,Toys,56,133,18.25,19.465,90.5201953644
2023-12-20,S002-P0017,Toys,129,412,17.5,19.465,108.85673076697366
2023-12-21,S002-P0017,Toys,92,298,19.64,19.465,90.27680090814746
2023-12-22,S002-P0017,Toys,209,238,23.13,19.465,119.09078861364014
2023-12-23,S002-P0017,Toys,118,452,23.77,19.465,90.32348368144628
2023-12-24,S002-P0017,Toys,51,353,13.43,19.465,119.443876049475
2023-12-25,S002-P0017,Toys,97,979,19.99,19.465,80.24408108011531
2023-12-26,S002-P0017,Toys,144,903,23.2,19.465,101.453590642058
2023-12-27,S002-P0017,Toys,39,786,13.61,19.465,86.66543696349308
2023-12-28,S002-P0017,Toys,26,756,14.5,19.465,36.3796645519532
2023-12-29,S002-P0017,Toys,22,729,15.05,19.465,57.69881349899487
2023-12-30,S002-P0017,Toys,22,708,15.05,19.465,46.93032827943037
2023-12-31,S002-P0017,Toys,27,690,16.2,19.465,57.938358139311966
2024-01-01,S002-P0017,Toys,13,670,15.26,19.465,47.50378332112153
2024-01-02,S002-P0017,Toys,17,662,14.71,19.465,58.42282151985817
2024-01-03,S002-P0017,Toys,12,649,14.38,19.465,47.2281450937147
2024-01-04,S002-P0017,Toys,15,636,15.35,19.465,58.0070868874105
2024-01-05,S002-P0017,Toys,17,626,12.26,19.465,76.01936228765231
2024-01-06,S002-P0017,Toys,26,610,14.51,19.465,47.30304862854929
2024-01-07,S002-P0017,Toys,21,591,16.63,19.465,58.30918132853629
2024-01-08,S002-P0017,Toys,66,567,15.15,19.465,87.26548425265428
2024-01-09,S002-P0017,Toys,50,525,16.92,19.465,90.81579745676532
2024-01-10,S002-P0017,Toys,43,482,14.61,19.465,109.09178961131168
2024-01-11,S002-P0017,Toys,79,430,17.86,19.465,80.16285345009115
2024-01-12,S002-P0017,Toys,132,374,22.37,19.465,90.51596866019477
2024-01-13,S002-P0017,Toys,99,253,20.15,19.465,119.39511452308665
2024-01-14,S002-P0017,Toys,90,159,21.68,19.465,90.74826391075965
2024-01-15,S002-P0017,Toys,100,462,21.32,19.465,90.79460043061326
2024-01-16,S002-P0017,Toys,100,360,21.33,19.465,80.34962567521642
2024-01-17,S002-P0017,Toys,108,248,23.01,19.465,90.51205839775312
2024-01-18,S002-P0017,Toys,96,142,21.01,19.465,101.3972849532969
2024-01-19,S002-P0017,Toys,76,337,17.69,19.465,80.09974452110129
2024-01-20,S002-P0017,Toys,156,254,18.93,19.465,130.4475253678895
2024-01-21,S002-P0017,Toys,148,77,20.99,19.465,109.12747934313997
2024-01-22,S002-P0017,Toys,136,0,21.31,19.465,109.17227199962089
2024-01-23,S002-P0017,Toys,68,560,18.07,19.465,80.32536561736109
2024-01-24,S002-P0017,Toys,99,508,15.91,19.465,130.3569349452096
2024-01-25,S002-P0017,Toys,98,428,20.09,19.465,101.31521341627793
2024-01-26,S002-P0017,Toys,81,325,19.01,19.465,101.32192601292962
2024-01-27,S002-P0017,Toys,99,267,18.04,19.465,130.25289915885395
2024-01-28,S002-P0017,Toys,124,164,20.59,19.465,119.4393178995852
2024-01-29,S002-P0017,Toys,79,270,20.9,19.465,80.23111831540811
2024-01-30,S002-P0017,Toys,72,204,20.36,19.465,80.12661793503969
2023-10-03,S002-P0018,Clothing,60,222,24.56,26.64,94.8311643771026
2023-10-04,S002-P0018,Clothing,62,172,24.78,26.64,94.7309994965918
2023-10-05,S002-P0018,Clothing,187,123,30.87,26.64,144.74928379523269
2023-10-06,S002-P0018,Clothing,111,195,26.33,26.64,94.7141238531432
2023-10-07,S002-P0018,Clothing,113,112,25.07,26.64,80.1169062927656
2023-10-08,S002-P0018,Clothing,162,155,28.64,26.64,101.7087150425085
2023-10-09,S002-P0018,Clothing,80,235,27.8,26.64,61.90918831778923
2023-10-10,S002-P0018,Clothing,170,149,36.61,26.64,61.832409262589856
2023-10-11,S002-P0018,Clothing,116,181,28.28,26.64,51.3679645764123
2023-10-12,S002-P0018,Clothing,157,103,30.03,26.64,101.38523965470762
2023-10-13,S002-P0018,Clothing,83,133,25.26,26.64,80.03795397572364
2023-10-14,S002-P0018,Clothing,131,123,28.01,26.64,51.50794865111073
2023-10-15,S002-P0018,Clothing,89,123,21.79,26.64,90.84517089777022
2023-10-16,S002-P0018,Clothing,77,158,24.74,26.64,62.11655584241956
2023-10-17,S002-P0018,Clothing,122,75,30.28,26.64,51.58559583457256
2023-10-18,S002-P0018,Clothing,134,121,29.89,26.64,61.82660993445995
2023-10-19,S002-P0018,Clothing,64,146,23.61,26.64,80.06398709963437
2023-10-20,S002-P0018,Clothing,142,95,28.93,26.64,80.09596029278424
2023-10-21,S002-P0018,Clothing,76,121,27.44,26.64,61.85318879340092
2023-10-22,S002-P0018,Clothing,83,144,26.69,26.64,73.04441882979388
2023-10-23,S002-P0018,Clothing,118,63,28.37,26.64,73.16791547271123
2023-10-24,S002-P0018,Clothing,62,129,26.08,26.64,72.97894944430037
2023-10-25,S002-P0018,Clothing,58,63,24.34,26.64,94.92592863127888
2023-10-26,S002-P0018,Clothing,89,55,24.49,26.64,105.32419891080363
2023-10-27,S002-P0018,Clothing,79,92,23.65,26.64,105.35474621572656
2023-10-28,S002-P0018,Clothing,166,96,29.21,26.64,145.2170479667611
2023-10-29,S002-P0018,Clothing,122,162,28.79,26.64,105.62865027466086
2023-10-30,S002-P0018,Clothing,51,175,22.54,26.64,105.69580791147908
2023-10-31,S002-P0018,Clothing,75,144,24.68,26.64,95.25169941052249
2023-11-01,S002-P0018,Clothing,97,81,27.97,26.64,105.41629889271788
2023-11-02,S002-P0018,Clothing,135,123,29.82,26.64,145.01125053626697
2023-11-03,S002-P0018,Clothing,39,163,19.19,26.64,134.13268957907133
2023-11-04,S002-P0018,Clothing,99,134,26.66,26.64,95.14532957067945
2023-11-05,S002-P0018,Clothing,68,177,21.27,26.64,124.11484756218175
2023-11-06,S002-P0018,Clothing,72,136,26.99,26.64,95.27207752426668
2023-11-07,S002-P0018,Clothing,76,76,24.75,26.64,116.60498037844702
2023-11-08,S002-P0018,Clothing,114,79,22.2,26.64,123.99093053015613
2023-11-09,S002-P0018,Clothing,126,118,29.1,26.64,123.71353659911634
2023-11-10,S002-P0018,Clothing,66,149,23.82,26.64,105.45003429794104
2023-11-11,S002-P0018,Clothing,142,99,30.57,26.64,95.14983982096436
2023-11-12,S002-P0018,Clothing,108,164,24.39,26.64,145.53297516079596
2023-11-13,S002-P0018,Clothing,83,57,28.12,26.64,116.68842237765523
2023-11-14,S002-P0018,Clothing,75,90,23.37,26.64,105.75146447448017
2023-11-15,S002-P0018,Clothing,143,90,24.2,26.64,124.0780007054494
2023-11-16,S002-P0018,Clothing,74,165,25.86,26.64,95.02013954796283
2023-11-17,S002-P0018,Clothing,115,78,29.7,26.64,95.04552172277027
2023-11-18,S002-P0018,Clothing,90,108,25.97,26.64,116.5570339755648
2023-11-19,S002-P0018,Clothing,103,151,24.27,26.64,134.5605534112863
2023-11-20,S002-P0018,Clothing,59,194,24.46,26.64,105.82379429625456
2023-11-21,S002-P0018,Clothing,100,129,28.22,26.64,95.33943153893242
2023-11-22,S002-P0018,Clothing,83,158,22.45,26.64,124.02735702849878
2023-11-23,S002-P0018,Clothing,113,100,26.49,26.64,105.51031930831769
2023-11-24,S002-P0018,Clothing,55,107,25.37,26.64,95.0259028321571
2023-11-25,S002-P0018,Clothing,122,95,25.79,26.64,124.02836223129012
2023-11-26,S002-P0018,Clothing,99,115,29.63,26.64,95.3402571292306
2023-11-27,S002-P0018,Clothing,52,120,22.54,26.64,116.87035182046827
2023-11-28,S002-P0018,Clothing,87,65,25.75,26.64,95.40169956464837
2023-11-29,S002-P0018,Clothing,59,94,25.78,26.64,95.17936935303587
2023-11-30,S002-P0018,Clothing,98,91,26.68,26.64,95.1155944621529
2023-12-01,S002-P0018,Clothing,68,105,26.64,26.64,108.05362553379408
2023-12-02,S002-P0018,Clothing,161,120,32.16,26.64,136.99924311180433
2023-12-03,S002-P0018,Clothing,84,188,26.74,26.64,98.02062781972472
2023-12-04,S002-P0018,Clothing,61,116,24.63,26.64,119.43902945966249
2023-12-05,S002-P0018,Clothing,107,135,22.82,26.64,148.2571357664686
2023-12-06,S002-P0018,Clothing,163,154,32.38,26.64,119.179349981639
2023-12-07,S002-P0018,Clothing,102,146,28.43,26.64,119.00387015958803
2023-12-08,S002-P0018,Clothing,70,142,22.9,26.64,97.77243371473969
2023-12-09,S002-P0018,Clothing,120,88,30.12,26.64,119.16828982203467
2023-12-10,S002-P0018,Clothing,130,120,24.84,26.64,137.27549727876269
2023-12-11,S002-P0018,Clothing,103,142,28.55,26.64,98.02486586332088
2023-12-12,S002-P0018,Clothing,76,145,26.06,26.64,97.93266509102386
2023-12-13,S002-P0018,Clothing,148,84,30.96,26.64,147.9202595188687
2023-12-14,S002-P0018,Clothing,175,139,37.1,26.64,118.99899469236438
2023-12-15,S002-P0018,Clothing,213,153,36.67,26.64,147.81498508617102
2023-12-16,S002-P0018,Clothing,102,208,29.9,26.64,97.79881456097954
2023-12-17,S002-P0018,Clothing,74,138,21.8,26.64,126.8663562547058
2023-12-18,S002-P0018,Clothing,78,74,26.2,26.64,119.37242954811349
2023-12-19,S002-P0018,Clothing,102,93,26.95,26.64,137.11444621567867
2023-12-20,S002-P0018,Clothing,152,130,31.38,26.64,97.85379294786054
2023-12-21,S002-P0018,Clothing,141,162,30.36,26.64,136.8162114286071
2023-12-22,S002-P0018,Clothing,140,218,30.35,26.64,108.08785079452701
2023-12-23,S002-P0018,Clothing,159,99,28.71,26.64,137.0274151943632
2023-12-24,S002-P0018,Clothing,45,129,24.41,26.64,108.33125756872373
2023-12-25,S002-P0018,Clothing,129,89,30.91,26.64,97.98489726537903
2023-12-26,S002-P0018,Clothing,125,126,32.21,26.64,119.2492471581408
2023-12-27,S002-P0018,Clothing,136,190,28.43,26.64,75.71733947519905
2023-12-28,S002-P0018,Clothing,119,173,25.3,26.64,83.02875573405097
2023-12-29,S002-P0018,Clothing,126,189,30.71,26.64,75.49447001507765
2023-12-30,S002-P0018,Clothing,136,101,29.92,26.64,64.78082512633225
2023-12-31,S002-P0018,Clothing,48,150,23.47,26.64,75.84369531703292
2024-01-01,S002-P0018,Clothing,138,109,27.0,26.64,94.15287450321931
2024-01-02,S002-P0018,Clothing,205,155,37.99,26.64,76.21847803594096
2024-01-03,S002-P0018,Clothing,150,177,32.89,26.64,65.07864194061658
2024-01-04,S002-P0018,Clothing,47,253,18.69,26.64,104.76585873114645
2024-01-05,S002-P0018,Clothing,99,223,22.24,26.64,93.8698591345542
2024-01-06,S002-P0018,Clothing,180,155,32.08,26.64,65.15354547545117
2024-01-07,S002-P0018,Clothing,100,188,29.73,26.64,76.15967817543816
2024-01-08,S002-P0018,Clothing,107,88,28.92,26.64,76.20770610272209
2024-01-09,S002-P0018,Clothing,86,102,26.92,26.64,108.61145397284811
2024-01-10,S002-P0018,Clothing,82,118,25.26,26.64,98.08885179219857
2024-01-11,S002-P0018,Clothing,98,140,25.23,26.64,126.70226397055077
2024-01-12,S002-P0018,Clothing,175,105,29.96,26.64,137.16505984229258
2024-01-13,S002-P0018,Clothing,84,166,24.1,26.64,108.55669769643079
2024-01-14,S002-P0018,Clothing,113,92,31.07,26.64,108.59876075766152
2024-01-15,S002-P0018,Clothing,67,148,22.72,26.64,108.75477793915331
2024-01-16,S002-P0018,Clothing,23,104,21.16,26.64,98.2001225221183
2024-01-17,S002-P0018,Clothing,95,76,26.4,26.64,108.4173955754741
2024-01-18,S002-P0018,Clothing,65,81,25.05,26.64,119.1929414693797
2024-01-19,S002-P0018,Clothing,112,91,23.16,26.64,126.80367603401817
2024-01-20,S002-P0018,Clothing,73,121,23.21,26.64,119.4445875487764
2024-01-21,S002-P0018,Clothing,99,118,28.2,26.64,98.12454152402685
2024-01-22,S002-P0018,Clothing,16,100,18.32,26.64,127.02276884652278
2024-01-23,S002-P0018,Clothing,67,83,23.94,26.64,98.12102213344389
2024-01-24,S002-P0018,Clothing,103,86,28.51,26.64,119.24431646445832
2024-01-25,S002-P0018,Clothing,120,94,28.6,26.64,119.16571026317982
2024-01-26,S002-P0018,Clothing,179,139,31.86,26.64,147.97101719502743
2024-01-27,S002-P0018,Clothing,218,173,35.26,26.64,148.04855567493672
2024-01-28,S002-P0018,Clothing,147,255,24.49,26.64,137.39949540812523
2024-01-29,S002-P0018,Clothing,85,153,28.27,26.64,98.08161516230999
2024-01-30,S002-P0018,Clothing,149,61,31.17,26.64,98.03195511276067
2023-10-03,S002-P0019,Clothing,138,217,94.98,85.035,94.88600470792167
2023-10-04,S002-P0019,Clothing,62,422,74.01,85.035,94.7309994965918
2023-10-05,S002-P0019,Clothing,129,380,87.63,85.035,116.00552979085585
2023-10-06,S002-P0019,Clothing,63,249,70.34,85.035,94.7141238531432
2023-10-07,S002-P0019,Clothing,148,774,77.27,85.035,80.22658695440379
2023-10-08,S002-P0019,Clothing,148,626,77.22,85.035,101.76355537332759
2023-10-09,S002-P0019,Clothing,90,467,72.46,85.035,90.81746331462331
2023-10-10,S002-P0019,Clothing,47,397,66.02,85.035,61.94208992422802
2023-10-11,S002-P0019,Clothing,133,353,98.47,85.035,51.3679645764123
2023-10-12,S002-P0019,Clothing,192,816,98.28,85.035,101.38523965470762
2023-10-13,S002-P0019,Clothing,130,634,73.23,85.035,80.2024749681809
2023-10-14,S002-P0019,Clothing,117,511,88.98,85.035,51.50794865111073
2023-10-15,S002-P0019,Clothing,70,421,76.28,85.035,61.99173623175522
2023-10-16,S002-P0019,Clothing,123,1008,95.58,85.035,62.00687518078139
2023-10-17,S002-P0019,Clothing,211,905,108.57,85.035,80.38419016976846
2023-10-18,S002-P0019,Clothing,115,655,88.31,85.035,61.88145026527903
2023-10-19,S002-P0019,Clothing,144,529,90.99,85.035,80.11882743045345
2023-10-20,S002-P0019,Clothing,64,432,78.53,85.035,51.352206288407416
2023-10-21,S002-P0019,Clothing,159,1252,94.9,85.035,90.70662345941591
2023-10-22,S002-P0019,Clothing,90,1133,77.27,85.035,73.09925916061296
2023-10-23,S002-P0019,Clothing,44,1041,68.97,85.035,73.11307514189215
2023-10-24,S002-P0019,Clothing,143,1015,106.8,85.035,72.97894944430037
2023-10-25,S002-P0019,Clothing,61,868,69.66,85.035,95.03560929291706
2023-10-26,S002-P0019,Clothing,137,815,74.72,85.035,134.17763357681864
2023-10-27,S002-P0019,Clothing,70,682,80.15,85.035,105.29990588490749
2023-10-28,S002-P0019,Clothing,101,613,75.77,85.035,145.2170479667611
2023-10-29,S002-P0019,Clothing,69,539,71.95,85.035,105.68349060547993
2023-10-30,S002-P0019,Clothing,137,470,104.82,85.035,105.64096758065999
2023-10-31,S002-P0019,Clothing,71,343,76.54,85.035,95.25169941052249
2023-11-01,S002-P0019,Clothing,127,284,91.72,85.035,134.1600528970947
2023-11-02,S002-P0019,Clothing,205,172,113.24,85.035,145.01125053626697
2023-11-03,S002-P0019,Clothing,73,565,76.76,85.035,105.38893557469447
2023-11-04,S002-P0019,Clothing,123,492,90.45,85.035,123.8342432442372
2023-11-05,S002-P0019,Clothing,74,382,73.13,85.035,95.31625322698585
2023-11-06,S002-P0019,Clothing,97,1071,79.3,85.035,95.38175818590486
2023-11-07,S002-P0019,Clothing,120,994,85.25,85.035,116.6598207092661
2023-11-08,S002-P0019,Clothing,75,895,81.49,85.035,95.02781520250295
2023-11-09,S002-P0019,Clothing,68,846,83.61,85.035,94.91494226392041
2023-11-10,S002-P0019,Clothing,107,766,72.77,85.035,134.24862863313697
2023-11-11,S002-P0019,Clothing,60,682,77.2,85.035,95.14983982096436
2023-11-12,S002-P0019,Clothing,81,629,87.78,85.035,116.6247001639619
2023-11-13,S002-P0019,Clothing,108,546,91.24,85.035,116.68842237765523
2023-11-14,S002-P0019,Clothing,114,450,92.9,85.035,105.6966241436611
2023-11-15,S002-P0019,Clothing,73,374,60.75,85.035,124.0780007054494
2023-11-16,S002-P0019,Clothing,81,325,83.4,85.035,95.02013954796283
2023-11-17,S002-P0019,Clothing,117,235,88.95,85.035,95.10036205358935
2023-11-18,S002-P0019,Clothing,90,661,67.89,85.035,145.46530897239887
2023-11-19,S002-P0019,Clothing,133,579,98.54,85.035,105.7071187452713
2023-11-20,S002-P0019,Clothing,95,477,78.59,85.035,105.87863462707364
2023-11-21,S002-P0019,Clothing,121,370,76.01,85.035,124.19286620494742
2023-11-22,S002-P0019,Clothing,103,288,80.75,85.035,123.9176763668606
2023-11-23,S002-P0019,Clothing,95,823,91.96,85.035,105.40063864667952
2023-11-24,S002-P0019,Clothing,81,764,79.07,85.035,95.13558349379525
2023-11-25,S002-P0019,Clothing,66,682,71.12,85.035,95.28460822691326
2023-11-26,S002-P0019,Clothing,105,603,80.88,85.035,124.1936917952456
2023-11-27,S002-P0019,Clothing,133,501,73.89,85.035,145.72378648648328
2023-11-28,S002-P0019,Clothing,79,391,87.13,85.035,95.34685923382926
2023-11-29,S002-P0019,Clothing,52,312,71.09,85.035,95.23420968385494
2023-11-30,S002-P0019,Clothing,95,267,87.56,85.035,95.1155944621529
2023-12-01,S002-P0019,Clothing,145,595,102.11,85.035,108.10846586461317
2023-12-02,S002-P0019,Clothing,119,457,89.38,85.035,136.99924311180433
2023-12-03,S002-P0019,Clothing,104,315,81.13,85.035,126.76438182410152
2023-12-04,S002-P0019,Clothing,117,224,98.7,85.035,119.3841891288434
2023-12-05,S002-P0019,Clothing,170,738,103.79,85.035,119.34886076963453
2023-12-06,S002-P0019,Clothing,155,607,88.34,85.035,148.03278464765398
2023-12-07,S002-P0019,Clothing,110,432,91.76,85.035,119.00387015958803
2023-12-08,S002-P0019,Clothing,142,317,95.77,85.035,97.77243371473969
2023-12-09,S002-P0019,Clothing,161,894,101.08,85.035,119.27797048367283
2023-12-10,S002-P0019,Clothing,120,781,99.86,85.035,108.36722228192859
2023-12-11,S002-P0019,Clothing,84,652,79.91,85.035,98.07970619413996
2023-12-12,S002-P0019,Clothing,174,565,82.84,85.035,126.89578041867702
2023-12-13,S002-P0019,Clothing,205,459,106.99,85.035,147.9750998496878
2023-12-14,S002-P0019,Clothing,43,331,72.32,85.035,118.99899469236438
2023-12-15,S002-P0019,Clothing,129,290,97.28,85.035,119.01639075097512
2023-12-16,S002-P0019,Clothing,79,951,78.64,85.035,97.85365489179864
2023-12-17,S002-P0019,Clothing,119,881,84.45,85.035,126.81151592388673
2023-12-18,S002-P0019,Clothing,153,786,88.83,85.035,148.2258642141285
2023-12-19,S002-P0019,Clothing,81,680,79.0,85.035,108.42553254212095
2023-12-20,S002-P0019,Clothing,43,631,65.09,85.035,97.85379294786054
2023-12-21,S002-P0019,Clothing,129,601,87.53,85.035,136.8162114286071
2023-12-22,S002-P0019,Clothing,117,459,98.8,85.035,108.03301046370792
2023-12-23,S002-P0019,Clothing,143,377,85.33,85.035,137.08225552518226
2023-12-24,S002-P0019,Clothing,87,279,89.45,85.035,108.33125756872373
2023-12-25,S002-P0019,Clothing,126,197,96.63,85.035,97.98489726537903
2023-12-26,S002-P0019,Clothing,120,557,94.7,85.035,119.3040874889599
2023-12-27,S002-P0019,Clothing,243,420,123.7,85.035,104.4062531487568
2023-12-28,S002-P0019,Clothing,96,244,83.23,85.035,54.175321068036006
2023-12-29,S002-P0019,Clothing,149,137,98.03,85.035,75.54931034589674
2023-12-30,S002-P0019,Clothing,97,19,83.33,85.035,64.78082512633225
2023-12-31,S002-P0019,Clothing,109,861,86.76,85.035,75.898535647852
2024-01-01,S002-P0019,Clothing,151,746,98.69,85.035,65.35428016802341
2024-01-02,S002-P0019,Clothing,127,628,87.22,85.035,76.27331836676004
2024-01-03,S002-P0019,Clothing,105,504,85.94,85.035,65.07864194061658
2024-01-04,S002-P0019,Clothing,164,412,107.45,85.035,75.91242406513146
2024-01-05,S002-P0019,Clothing,130,239,87.78,85.035,93.70533814209695
2024-01-06,S002-P0019,Clothing,88,108,85.5,85.035,65.043864813813
2024-01-07,S002-P0019,Clothing,75,24,73.01,85.035,105.01311284145316
2024-01-08,S002-P0019,Clothing,92,784,73.6,85.035,105.06114076873706
2024-01-09,S002-P0019,Clothing,110,724,78.05,85.035,137.46488863886313
2024-01-10,S002-P0019,Clothing,121,595,95.02,85.035,98.03401146137949
2024-01-11,S002-P0019,Clothing,88,480,85.54,85.035,97.90366963535487
2024-01-12,S002-P0019,Clothing,182,420,107.24,85.035,108.36646550709665
2024-01-13,S002-P0019,Clothing,172,278,82.49,85.035,137.41013236244578
2024-01-14,S002-P0019,Clothing,110,77,96.67,85.035,108.59876075766152
2024-01-15,S002-P0019,Clothing,98,0,88.36,85.035,108.64509727751515
2024-01-16,S002-P0019,Clothing,82,641,87.95,85.035,98.1452821912992
2024-01-17,S002-P0019,Clothing,89,562,90.2,85.035,108.36255524465501
2024-01-18,S002-P0019,Clothing,137,491,79.68,85.035,148.10121646621377
2024-01-19,S002-P0019,Clothing,57,388,72.31,85.035,97.95024136800316
2024-01-20,S002-P0019,Clothing,158,337,111.27,85.035,119.33490688713823
2024-01-21,S002-P0019,Clothing,57,218,72.37,85.035,98.23422218566503
2024-01-22,S002-P0019,Clothing,173,645,86.91,85.035,127.13244950816093
2024-01-23,S002-P0019,Clothing,125,468,96.2,85.035,98.12102213344389
2024-01-24,S002-P0019,Clothing,176,380,99.42,85.035,148.0977511304733
2024-01-25,S002-P0019,Clothing,131,244,88.24,85.035,147.90946426755661
2024-01-26,S002-P0019,Clothing,146,820,86.18,85.035,148.0258575258465
2024-01-27,S002-P0019,Clothing,79,671,78.58,85.035,119.3048016705599
2024-01-28,S002-P0019,Clothing,117,578,88.79,85.035,108.54606074211024
2024-01-29,S002-P0019,Clothing,118,447,89.3,85.035,98.19129582394817
2024-01-30,S002-P0019,Clothing,118,339,89.18,85.035,98.08679544357975
2023-10-03,S002-P0020,Furniture,83,83,126.82,119.63499999999999,56.81878294372779
2023-10-04,S002-P0020,Furniture,33,234,116.37,119.63499999999999,56.608937401578835
2023-10-05,S002-P0020,Furniture,142,198,144.88,119.63499999999999,106.6272217002197
2023-10-06,S002-P0020,Furniture,100,28,120.17,119.63499999999999,85.39065609332616
2023-10-07,S002-P0020,Furniture,46,0,122.32,119.63499999999999,13.19624986255672
2023-10-08,S002-P0020,Furniture,23,411,111.45,119.63499999999999,34.73321828148052
2023-10-09,S002-P0020,Furniture,25,386,106.7,119.63499999999999,23.89680688441443
2023-10-10,S002-P0020,Furniture,32,364,110.04,119.63499999999999,23.765187498395967
2023-10-11,S002-P0020,Furniture,42,340,114.38,119.63499999999999,13.30074281221841
2023-10-12,S002-P0020,Furniture,31,315,109.56,119.63499999999999,34.46458322449874
2023-10-13,S002-P0020,Furniture,47,282,110.73,119.63499999999999,41.97073221152976
2023-10-14,S002-P0020,Furniture,31,242,115.24,119.63499999999999,13.331046225278676
2023-10-15,S002-P0020,Furniture,32,220,98.88,119.63499999999999,23.979354798380406
2023-10-16,S002-P0020,Furniture,17,188,92.0,119.63499999999999,52.793088082602495
2023-10-17,S002-P0020,Furniture,23,170,100.07,119.63499999999999,13.573214401197745
2023-10-18,S002-P0020,Furniture,56,153,102.85,119.63499999999999,52.557982505461965
2023-10-19,S002-P0020,Furniture,43,113,121.08,119.63499999999999,13.198171000244585
2023-10-20,S002-P0020,Furniture,46,76,104.59,119.63499999999999,13.339824855032603
2023-10-21,S002-P0020,Furniture,53,186,100.83,119.63499999999999,52.69424202604111
2023-10-22,S002-P0020,Furniture,54,124,120.11,119.63499999999999,34.922356734780905
2023-10-23,S002-P0020,Furniture,85,72,114.34,119.63499999999999,63.844447712894166
2023-10-24,S002-P0020,Furniture,56,167,114.79,119.63499999999999,35.021408341744646
2023-10-25,S002-P0020,Furniture,92,120,116.05,119.63499999999999,85.76698186391909
2023-10-26,S002-P0020,Furniture,70,291,107.57,119.63499999999999,96.05557148180567
2023-10-27,S002-P0020,Furniture,127,246,130.87,119.63499999999999,96.03127845590954
2023-10-28,S002-P0020,Furniture,27,145,107.79,119.63499999999999,78.29639153655219
2023-10-29,S002-P0020,Furniture,75,114,136.95,119.63499999999999,67.50658817964788
2023-10-30,S002-P0020,Furniture,34,482,105.21,119.63499999999999,67.68342647810427
2023-10-31,S002-P0020,Furniture,56,448,115.1,119.63499999999999,57.184477646328595
2023-11-01,S002-P0020,Furniture,78,383,124.3,119.63499999999999,67.40391745934306
2023-11-02,S002-P0020,Furniture,99,317,118.59,119.63499999999999,107.05370943371128
2023-11-03,S002-P0020,Furniture,57,209,103.27,119.63499999999999,96.06546781487744
2023-11-04,S002-P0020,Furniture,54,144,126.25,119.63499999999999,56.968427144847404
2023-11-05,S002-P0020,Furniture,83,359,133.43,119.63499999999999,57.13935080115379
2023-11-06,S002-P0020,Furniture,108,287,137.54,119.63499999999999,57.31453642171096
2023-11-07,S002-P0020,Furniture,91,171,137.16,119.63499999999999,78.48291828343405
2023-11-08,S002-P0020,Furniture,81,93,119.58,119.63499999999999,57.070274099947234
2023-11-09,S002-P0020,Furniture,59,328,122.49,119.63499999999999,56.84772049972651
2023-11-10,S002-P0020,Furniture,101,273,111.95,119.63499999999999,96.23624719976216
2023-11-11,S002-P0020,Furniture,57,159,121.36,119.63499999999999,57.02777772595139
2023-11-12,S002-P0020,Furniture,28,109,97.18,119.63499999999999,78.66715906140618
2023-11-13,S002-P0020,Furniture,105,337,143.64,119.63499999999999,78.62120061346134
2023-11-14,S002-P0020,Furniture,89,253,136.28,119.63499999999999,67.62940237946721
2023-11-15,S002-P0020,Furniture,102,156,134.82,119.63499999999999,85.84625794879827
2023-11-16,S002-P0020,Furniture,75,363,122.92,119.63499999999999,57.00775811458802
2023-11-17,S002-P0020,Furniture,42,303,108.46,119.63499999999999,85.7220539629532
2023-11-18,S002-P0020,Furniture,115,270,140.45,119.63499999999999,78.54465254219
2023-11-19,S002-P0020,Furniture,14,158,101.55,119.63499999999999,67.6947373118965
2023-11-20,S002-P0020,Furniture,66,144,125.85,119.63499999999999,67.70173220124158
2023-11-21,S002-P0020,Furniture,52,397,113.1,119.63499999999999,86.01596377911534
2023-11-22,S002-P0020,Furniture,50,338,112.17,119.63499999999999,57.10670059828988
2023-11-23,S002-P0020,Furniture,73,306,116.2,119.63499999999999,67.4430975441238
2023-11-24,S002-P0020,Furniture,33,261,99.33,119.63499999999999,57.06836172960137
2023-11-25,S002-P0020,Furniture,104,239,120.67,119.63499999999999,86.01598079791529
2023-11-26,S002-P0020,Furniture,77,150,111.02,119.63499999999999,86.1264700310517
2023-11-27,S002-P0020,Furniture,66,71,106.96,119.63499999999999,107.54688406065125
2023-11-28,S002-P0020,Furniture,38,299,90.06,119.63499999999999,86.18791246646947
2023-11-29,S002-P0020,Furniture,71,258,115.06,119.63499999999999,57.22182825048014
2023-11-30,S002-P0020,Furniture,71,205,128.14,119.63499999999999,56.99353236713993
2023-12-01,S002-P0020,Furniture,58,140,122.1,119.63499999999999,70.04124410041928
2023-12-02,S002-P0020,Furniture,90,297,115.24,119.63499999999999,99.04170200924862
2023-12-03,S002-P0020,Furniture,43,214,109.44,119.63499999999999,59.953406055530834
2023-12-04,S002-P0020,Furniture,62,186,117.34,119.63499999999999,110.11556169984544
2023-12-05,S002-P0020,Furniture,54,397,108.25,119.63499999999999,110.02539300981746
2023-12-06,S002-P0020,Furniture,52,351,100.48,119.63499999999999,109.96556288346011
2023-12-07,S002-P0020,Furniture,36,302,111.6,119.63499999999999,80.99148872621323
2023-12-08,S002-P0020,Furniture,92,271,115.91,119.63499999999999,88.50380628574172
2023-12-09,S002-P0020,Furniture,88,184,114.47,119.63499999999999,110.00934305467487
2023-12-10,S002-P0020,Furniture,48,124,117.4,119.63499999999999,70.3000005177347
2023-12-11,S002-P0020,Furniture,140,313,126.28,119.63499999999999,88.92075942678017
2023-12-12,S002-P0020,Furniture,71,179,121.64,119.63499999999999,59.92028365764908
2023-12-13,S002-P0020,Furniture,73,102,128.89,119.63499999999999,81.05444341947893
2023-12-14,S002-P0020,Furniture,76,444,130.19,119.63499999999999,80.93177292817049
2023-12-15,S002-P0020,Furniture,76,384,137.43,119.63499999999999,80.94916898678123
2023-12-16,S002-P0020,Furniture,34,297,105.2,119.63499999999999,59.78643312760475
2023-12-17,S002-P0020,Furniture,51,259,118.95,119.63499999999999,59.89085949367784
2023-12-18,S002-P0020,Furniture,129,208,124.13,119.63499999999999,110.21348278075371
2023-12-19,S002-P0020,Furniture,47,115,116.82,119.63499999999999,70.30347044710798
2023-12-20,S002-P0020,Furniture,87,81,135.5,119.63499999999999,59.73173085284759
2023-12-21,S002-P0020,Furniture,82,416,126.25,119.63499999999999,70.06007599085545
2023-12-22,S002-P0020,Furniture,134,318,141.43,119.63499999999999,98.76438303470995
2023-12-23,S002-P0020,Furniture,110,163,109.58,119.63499999999999,99.06987409180745
2023-12-24,S002-P0020,Furniture,82,35,119.78,119.63499999999999,70.373716466168
2023-12-25,S002-P0020,Furniture,110,329,146.23,119.63499999999999,59.917675501185144
2023-12-26,S002-P0020,Furniture,130,225,155.56,119.63499999999999,81.18202539394692
2023-12-27,S002-P0020,Furniture,34,87,116.84,119.63499999999999,37.54043704936701
2023-12-28,S002-P0020,Furniture,33,389,104.67,119.63499999999999,16.108099303842113
2023-12-29,S002-P0020,Furniture,44,353,121.35,119.63499999999999,37.42724825088377
2023-12-30,S002-P0020,Furniture,50,316,112.41,119.63499999999999,26.658763031319285
2023-12-31,S002-P0020,Furniture,26,282,112.54,119.63499999999999,37.72163322201995
2024-01-01,S002-P0020,Furniture,55,258,126.93,119.63499999999999,27.232218073010433
2024-01-02,S002-P0020,Furniture,44,219,91.19,119.63499999999999,67.05953126858117
2024-01-03,S002-P0020,Furniture,40,184,107.75,119.63499999999999,27.06626050724177
2024-01-04,S002-P0020,Furniture,37,145,112.31,119.63499999999999,37.84520230093758
2024-01-05,S002-P0020,Furniture,33,115,98.82,119.63499999999999,55.69295670872214
2024-01-06,S002-P0020,Furniture,49,85,88.4,119.63499999999999,55.93975837727229
2024-01-07,S002-P0020,Furniture,31,137,104.09,119.63499999999999,38.14729674206337
2024-01-08,S002-P0020,Furniture,42,111,108.6,119.63499999999999,66.9390786737241
2024-01-09,S002-P0020,Furniture,90,226,136.97,119.63499999999999,70.54423220865422
2024-01-10,S002-P0020,Furniture,49,130,111.73,119.63499999999999,60.021630028004694
2024-01-11,S002-P0020,Furniture,90,98,129.57,119.63499999999999,59.94612853279915
2024-01-12,S002-P0020,Furniture,77,292,137.46,119.63499999999999,70.24440341208367
2024-01-13,S002-P0020,Furniture,88,236,128.96,119.63499999999999,70.43463560141782
2024-01-14,S002-P0020,Furniture,89,163,115.74,119.63499999999999,99.38497365948264
2024-01-15,S002-P0020,Furniture,59,107,110.15,119.63499999999999,70.68755617495943
2024-01-16,S002-P0020,Furniture,66,269,125.62,119.63499999999999,60.13290075792442
2024-01-17,S002-P0020,Furniture,63,209,124.09,119.63499999999999,70.29533348046112
2024-01-18,S002-P0020,Furniture,85,167,120.31,119.63499999999999,109.97915437120082
2024-01-19,S002-P0020,Furniture,44,87,115.32,119.63499999999999,59.77333894217112
2024-01-20,S002-P0020,Furniture,92,195,130.42,119.63499999999999,81.37736578458251
2024-01-21,S002-P0020,Furniture,20,106,78.34,119.63499999999999,89.0204350874861
2024-01-22,S002-P0020,Furniture,106,82,129.83,119.63499999999999,88.90070675150977
2024-01-23,S002-P0020,Furniture,39,235,107.17,119.63499999999999,60.10864070006909
2024-01-24,S002-P0020,Furniture,49,189,88.4,119.63499999999999,110.14021002791759
2024-01-25,S002-P0020,Furniture,56,396,121.1,119.63499999999999,81.04364816816684
2024-01-26,S002-P0020,Furniture,119,344,150.44,119.63499999999999,81.10520109563763
2024-01-27,S002-P0020,Furniture,72,256,121.95,119.63499999999999,81.23757990636601
2024-01-28,S002-P0020,Furniture,134,177,125.79,119.63499999999999,99.27743331311227
2024-01-29,S002-P0020,Furniture,43,383,114.95,119.63499999999999,60.0692337289352
2024-01-30,S002-P0020,Furniture,82,332,140.31,119.63499999999999,59.90989301774769
2023-10-03,S003-P0001,Toys,117,139,17.13,15.545,80.24557781970954
2023-10-04,S003-P0001,Toys,92,65,15.78,15.545,90.45387368245213
2023-10-05,S003-P0001,Toys,61,291,14.19,15.545,79.89487951856094
2023-10-06,S003-P0001,Toys,102,221,17.21,15.545,90.27247704654627
2023-10-07,S003-P0001,Toys,19,154,13.25,15.545,36.60308694833569
2023-10-08,S003-P0001,Toys,32,309,14.01,15.545,36.779512644814886
2023-10-09,S003-P0001,Toys,13,274,11.58,15.545,65.64921435988147
2023-10-10,S003-P0001,Toys,15,265,12.31,15.545,47.13714204355865
2023-10-11,S003-P0001,Toys,33,252,14.06,15.545,36.5829744859457
2023-10-12,S003-P0001,Toys,36,219,11.38,15.545,75.78245365873963
2023-10-13,S003-P0001,Toys,39,176,13.02,15.545,57.92459293414392
2023-10-14,S003-P0001,Toys,18,137,13.13,15.545,36.70300077044135
2023-10-15,S003-P0001,Toys,35,124,13.43,15.545,47.29646901272401
2023-10-16,S003-P0001,Toys,18,92,12.51,15.545,47.31160796175018
2023-10-17,S003-P0001,Toys,66,72,12.92,15.545,76.08710656542601
2023-10-18,S003-P0001,Toys,27,32,12.37,15.545,36.73315910073998
2023-10-19,S003-P0001,Toys,49,146,12.01,15.545,65.47840054224133
2023-10-20,S003-P0001,Toys,38,98,12.21,15.545,65.4555334045721
2023-10-21,S003-P0001,Toys,27,55,12.33,15.545,47.26760223600787
2023-10-22,S003-P0001,Toys,34,115,12.69,15.545,37.043449219137145
2023-10-23,S003-P0001,Toys,27,93,10.97,15.545,65.91069986643132
2023-10-24,S003-P0001,Toys,11,65,12.73,15.545,36.923139502824554
2023-10-25,S003-P0001,Toys,180,112,17.29,15.545,119.53712002377051
2023-10-26,S003-P0001,Toys,180,0,19.42,15.545,130.280204473086
2023-10-27,S003-P0001,Toys,112,342,15.98,15.545,101.6218381044512
2023-10-28,S003-P0001,Toys,71,611,14.66,15.545,80.41748402090842
2023-10-29,S003-P0001,Toys,88,529,15.57,15.545,90.98822338644871
2023-10-30,S003-P0001,Toys,117,438,16.26,15.545,91.05538102326693
2023-10-31,S003-P0001,Toys,111,306,17.71,15.545,101.82725204250049
2023-11-01,S003-P0001,Toys,93,208,15.04,15.545,109.101484603991
2023-11-02,S003-P0001,Toys,103,146,17.28,15.545,101.57222931285895
2023-11-03,S003-P0001,Toys,161,218,16.22,15.545,119.54710302167825
2023-11-04,S003-P0001,Toys,40,100,13.73,15.545,101.75576474327377
2023-11-05,S003-P0001,Toys,113,328,16.94,15.545,90.9643292918243
2023-11-06,S003-P0001,Toys,96,239,16.02,15.545,80.66653317667085
2023-11-07,S003-P0001,Toys,108,170,16.61,15.545,119.69110805603674
2023-11-08,S003-P0001,Toys,117,50,15.34,15.545,109.18598264948675
2023-11-09,S003-P0001,Toys,83,193,16.98,15.545,80.25455758550548
2023-11-10,S003-P0001,Toys,76,301,15.77,15.545,80.3366256740183
2023-11-11,S003-P0001,Toys,47,235,13.4,15.545,101.81511532437776
2023-11-12,S003-P0001,Toys,150,202,16.91,15.545,130.78286761094566
2023-11-13,S003-P0001,Toys,100,75,12.83,15.545,109.59572776383256
2023-11-14,S003-P0001,Toys,80,310,15.98,15.545,80.54833297912204
2023-11-15,S003-P0001,Toys,129,241,18.73,15.545,101.74527834059333
2023-11-16,S003-P0001,Toys,108,156,14.03,15.545,119.57649060963536
2023-11-17,S003-P0001,Toys,73,340,15.57,15.545,90.7484381184278
2023-11-18,S003-P0001,Toys,135,279,17.14,15.545,130.6055207609104
2023-11-19,S003-P0001,Toys,116,188,17.99,15.545,101.97421063399594
2023-11-20,S003-P0001,Toys,119,277,14.53,15.545,109.61866066916588
2023-11-21,S003-P0001,Toys,132,160,18.9,15.545,91.04234793458997
2023-11-22,S003-P0001,Toys,34,322,12.7,15.545,101.89403819671624
2023-11-23,S003-P0001,Toys,64,288,13.58,15.545,80.45175101521401
2023-11-24,S003-P0001,Toys,135,235,18.05,15.545,90.8384998894528
2023-11-25,S003-P0001,Toys,91,84,17.45,15.545,80.51454288686017
2023-11-26,S003-P0001,Toys,104,231,16.41,15.545,109.44358424539526
2023-11-27,S003-P0001,Toys,64,109,14.3,15.545,80.84942441960874
2023-11-28,S003-P0001,Toys,66,280,15.98,15.545,80.61670947418176
2023-11-29,S003-P0001,Toys,80,227,15.98,15.545,101.80976231583296
2023-11-30,S003-P0001,Toys,122,134,17.35,15.545,90.83846864801322
2023-12-01,S003-P0001,Toys,156,0,19.24,15.545,93.41319864558196
2023-12-02,S003-P0001,Toys,177,261,16.91,15.545,122.46849688523037
2023-12-03,S003-P0001,Toys,131,456,18.87,15.545,104.6859033231381
2023-12-04,S003-P0001,Toys,126,373,15.62,15.545,133.59719690664627
2023-12-05,S003-P0001,Toys,88,290,16.41,15.545,83.2930508281587
2023-12-06,S003-P0001,Toys,64,212,14.28,15.545,104.53892309342686
2023-12-07,S003-P0001,Toys,51,166,13.63,15.545,93.40108416362006
2023-12-08,S003-P0001,Toys,127,126,14.91,15.545,122.27394444559314
2023-12-09,S003-P0001,Toys,95,0,16.85,15.545,83.11247988055884
2023-12-10,S003-P0001,Toys,105,278,13.91,15.545,112.1820464450427
2023-12-11,S003-P0001,Toys,103,168,17.25,15.545,83.38443897510875
2023-12-12,S003-P0001,Toys,147,45,15.81,15.545,112.14567286882671
2023-12-13,S003-P0001,Toys,57,242,13.25,15.545,104.53607862627976
2023-12-14,S003-P0001,Toys,74,505,14.85,15.545,93.3962086963964
2023-12-15,S003-P0001,Toys,137,434,14.37,15.545,111.92369613715245
2023-12-16,S003-P0001,Toys,108,320,15.82,15.545,83.2132280035865
2023-12-17,S003-P0001,Toys,53,195,15.21,15.545,93.66099765352925
2023-12-18,S003-P0001,Toys,68,157,14.49,15.545,104.78684299072043
2023-12-19,S003-P0001,Toys,112,93,16.91,15.545,83.2772413775819
2023-12-20,S003-P0001,Toys,117,127,19.03,15.545,104.40938778963577
2023-12-21,S003-P0001,Toys,151,313,17.99,15.545,104.39438964377398
2023-12-22,S003-P0001,Toys,55,134,14.56,15.545,82.93955962998795
2023-12-23,S003-P0001,Toys,115,406,17.95,15.545,83.13537002544729
2023-12-24,S003-P0001,Toys,163,328,18.58,15.545,112.03640107019963
2023-12-25,S003-P0001,Toys,103,171,13.62,15.545,112.25274537400098
2023-12-26,S003-P0001,Toys,175,428,18.1,15.545,133.4074146051246
2023-12-27,S003-P0001,Toys,11,219,10.85,15.545,78.80346715278881
2023-12-28,S003-P0001,Toys,41,208,13.79,15.545,49.87823746369354
2023-12-29,S003-P0001,Toys,30,183,12.48,15.545,39.54834073524
2023-12-30,S003-P0001,Toys,47,163,14.89,15.545,49.97587724566287
2023-12-31,S003-P0001,Toys,11,130,12.13,15.545,61.09358776718263
2024-01-01,S003-P0001,Toys,31,121,12.55,15.545,50.713853279811275
2024-01-02,S003-P0001,Toys,42,98,13.85,15.545,40.162668094465154
2024-01-03,S003-P0001,Toys,22,59,11.4,15.545,68.78378544209251
2024-01-04,S003-P0001,Toys,36,141,10.14,15.545,68.76488912048971
2024-01-05,S003-P0001,Toys,34,107,13.38,15.545,61.22867602644477
2024-01-06,S003-P0001,Toys,95,70,13.29,15.545,79.31171292243496
2024-01-07,S003-P0001,Toys,8,56,12.56,15.545,40.10386823396235
2024-01-08,S003-P0001,Toys,23,238,11.52,15.545,68.95049049644216
2024-01-09,S003-P0001,Toys,109,224,15.87,15.545,83.6276838007663
2024-01-10,S003-P0001,Toys,88,148,14.79,15.545,93.8466085186752
2024-01-11,S003-P0001,Toys,164,255,18.52,15.545,133.42237980478325
2024-01-12,S003-P0001,Toys,161,146,19.43,15.545,104.68839772664036
2024-01-13,S003-P0001,Toys,151,371,17.85,15.545,122.6051844817764
2024-01-14,S003-P0001,Toys,126,228,18.57,15.545,93.9034935386303
2024-01-15,S003-P0001,Toys,101,89,16.29,15.545,104.96702949705887
2024-01-16,S003-P0001,Toys,91,229,15.73,15.545,93.9578792485949
2024-01-17,S003-P0001,Toys,94,125,15.91,15.545,83.37878507257321
2024-01-18,S003-P0001,Toys,66,62,14.41,15.545,93.59015547341173
2024-01-19,S003-P0001,Toys,115,197,17.0,15.545,133.30443054497428
2024-01-20,S003-P0001,Toys,45,122,14.04,15.545,104.63963966810701
2024-01-21,S003-P0001,Toys,52,349,11.39,15.545,112.39238963264877
2024-01-22,S003-P0001,Toys,119,289,14.55,15.545,133.74288468075522
2024-01-23,S003-P0001,Toys,89,169,17.35,15.545,93.76909819828234
2024-01-24,S003-P0001,Toys,64,105,13.56,15.545,111.98710085817838
2024-01-25,S003-P0001,Toys,73,192,14.02,15.545,104.52528337496767
2024-01-26,S003-P0001,Toys,81,115,14.43,15.545,83.17145324917476
2024-01-27,S003-P0001,Toys,125,208,19.45,15.545,83.19415139826498
2024-01-28,S003-P0001,Toys,103,116,16.41,15.545,93.79595319225996
2024-01-29,S003-P0001,Toys,55,244,14.6,15.545,83.38634794327878
2024-01-30,S003-P0001,Toys,58,207,13.26,15.545,104.75207094699313
2023-10-03,S003-P0002,Groceries,114,520,56.14,56.269999999999996,137.33244549287005
2023-10-04,S003-P0002,Groceries,143,436,61.26,56.269999999999996,147.54074135561265
2023-10-05,S003-P0002,Groceries,175,312,59.95,56.269999999999996,137.09142785335965
2023-10-06,S003-P0002,Groceries,112,202,58.88,56.269999999999996,118.72527137696817
2023-10-07,S003-P0002,Groceries,62,548,46.96,56.269999999999996,65.11072160957664
2023-10-08,S003-P0002,Groceries,113,497,47.27,56.269999999999996,94.08574164125176
2023-10-09,S003-P0002,Groceries,88,387,57.21,56.269999999999996,65.24857402428836
2023-10-10,S003-P0002,Groceries,82,308,47.92,56.269999999999996,75.64477670479961
2023-10-11,S003-P0002,Groceries,65,258,45.15,56.269999999999996,65.09060914718665
2023-10-12,S003-P0002,Groceries,78,215,55.37,56.269999999999996,75.27213266150835
2023-10-13,S003-P0002,Groceries,91,358,54.89,56.269999999999996,86.32254693374672
2023-10-14,S003-P0002,Groceries,100,285,50.61,56.269999999999996,93.95438943605913
2023-10-15,S003-P0002,Groceries,92,191,58.06,56.269999999999996,75.63958268150772
2023-10-16,S003-P0002,Groceries,75,89,52.05,56.269999999999996,75.70956196135297
2023-10-17,S003-P0002,Groceries,132,294,56.07,56.269999999999996,104.4850605650288
2023-10-18,S003-P0002,Groceries,89,161,43.08,56.269999999999996,94.03938809717687
2023-10-19,S003-P0002,Groceries,57,95,51.13,56.269999999999996,64.96807954501006
2023-10-20,S003-P0002,Groceries,97,403,53.12,56.269999999999996,65.10973339979807
2023-10-21,S003-P0002,Groceries,44,312,43.73,56.269999999999996,75.66555623561067
2023-10-22,S003-P0002,Groceries,59,264,46.51,56.269999999999996,65.44140321873994
2023-10-23,S003-P0002,Groceries,79,229,50.01,56.269999999999996,94.19897320439594
2023-10-24,S003-P0002,Groceries,58,157,46.42,56.269999999999996,65.37593383324645
2023-10-25,S003-P0002,Groceries,172,106,63.08,56.269999999999996,147.8253933617351
2023-10-26,S003-P0002,Groceries,131,280,46.83,56.269999999999996,158.84267946514603
2023-10-27,S003-P0002,Groceries,94,135,52.66,56.269999999999996,130.019792104054
2023-10-28,S003-P0002,Groceries,104,525,51.64,56.269999999999996,108.81543802051121
2023-10-29,S003-P0002,Groceries,149,434,65.69,56.269999999999996,119.33133705523244
2023-10-30,S003-P0002,Groceries,103,317,54.32,56.269999999999996,119.39849469205066
2023-10-31,S003-P0002,Groceries,157,253,67.2,56.269999999999996,130.22520604210328
2023-11-01,S003-P0002,Groceries,78,499,49.89,56.269999999999996,108.755684599217
2023-11-02,S003-P0002,Groceries,131,413,62.39,56.269999999999996,129.97018331246176
2023-11-03,S003-P0002,Groceries,100,286,42.46,56.269999999999996,147.94505702128103
2023-11-04,S003-P0002,Groceries,112,225,62.01,56.269999999999996,130.09887841205747
2023-11-05,S003-P0002,Groceries,141,560,67.59,56.269999999999996,119.30744296060801
2023-11-06,S003-P0002,Groceries,100,459,53.64,56.269999999999996,109.11932750709272
2023-11-07,S003-P0002,Groceries,98,393,50.7,56.269999999999996,148.08906205563952
2023-11-08,S003-P0002,Groceries,65,292,47.57,56.269999999999996,137.52909631827043
2023-11-09,S003-P0002,Groceries,156,215,63.46,56.269999999999996,108.76219224674645
2023-11-10,S003-P0002,Groceries,198,69,63.69,56.269999999999996,137.53317400881699
2023-11-11,S003-P0002,Groceries,132,0,53.29,56.269999999999996,159.01166365917646
2023-11-12,S003-P0002,Groceries,212,417,69.29,56.269999999999996,159.18082161054843
2023-11-13,S003-P0002,Groceries,87,959,51.53,56.269999999999996,109.0854067666013
2023-11-14,S003-P0002,Groceries,131,861,56.25,56.269999999999996,109.05596764036301
2023-11-15,S003-P0002,Groceries,230,725,67.99,56.269999999999996,159.0515073370302
2023-11-16,S003-P0002,Groceries,67,450,50.44,56.269999999999996,119.06616961240408
2023-11-17,S003-P0002,Groceries,137,401,63.62,56.269999999999996,119.1463921180306
2023-11-18,S003-P0002,Groceries,28,1112,38.91,56.269999999999996,159.00347476051317
2023-11-19,S003-P0002,Groceries,94,1091,52.54,56.269999999999996,130.4818452952369
2023-11-20,S003-P0002,Groceries,156,1035,60.35,56.269999999999996,137.90693400713047
2023-11-21,S003-P0002,Groceries,75,876,49.24,56.269999999999996,119.49514226501184
2023-11-22,S003-P0002,Groceries,183,829,75.92,56.269999999999996,130.18231153468088
2023-11-23,S003-P0002,Groceries,98,686,56.3,56.269999999999996,108.79486468399773
2023-11-24,S003-P0002,Groceries,75,598,49.38,56.269999999999996,119.18161355823652
2023-11-25,S003-P0002,Groceries,152,553,52.41,56.269999999999996,137.8756122141161
2023-11-26,S003-P0002,Groceries,89,453,57.49,56.269999999999996,109.04294390980218
2023-11-27,S003-P0002,Groceries,62,395,49.52,56.269999999999996,109.13769775757336
2023-11-28,S003-P0002,Groceries,100,358,56.66,56.269999999999996,109.06950380460364
2023-11-29,S003-P0002,Groceries,148,274,65.5,56.269999999999996,130.20771631543576
2023-11-30,S003-P0002,Groceries,77,185,52.4,56.269999999999996,119.12674198597786
2023-12-01,S003-P0002,Groceries,133,428,56.19,56.269999999999996,150.60974698038066
2023-12-02,S003-P0002,Groceries,126,329,58.5,56.269999999999996,121.9581758879991
2023-12-03,S003-P0002,Groceries,129,246,61.99,56.269999999999996,133.02901699192182
2023-12-04,S003-P0002,Groceries,162,579,57.47,56.269999999999996,161.99515090624905
2023-12-05,S003-P0002,Groceries,120,458,57.21,56.269999999999996,111.74584515858058
2023-12-06,S003-P0002,Groceries,128,376,55.7,56.269999999999996,132.93687709302966
2023-12-07,S003-P0002,Groceries,105,240,57.58,56.269999999999996,121.74419783240376
2023-12-08,S003-P0002,Groceries,20,150,39.65,56.269999999999996,121.87330411000002
2023-12-09,S003-P0002,Groceries,102,456,54.09,56.269999999999996,111.56527421098073
2023-12-10,S003-P0002,Groceries,125,362,55.23,56.269999999999996,111.78140610944959
2023-12-11,S003-P0002,Groceries,96,234,50.34,56.269999999999996,111.83723330553062
2023-12-12,S003-P0002,Groceries,242,151,66.39,56.269999999999996,140.5436268684295
2023-12-13,S003-P0002,Groceries,210,423,73.0,56.269999999999996,132.93403262588257
2023-12-14,S003-P0002,Groceries,79,284,52.66,56.269999999999996,121.79416269599919
2023-12-15,S003-P0002,Groceries,118,963,60.03,56.269999999999996,111.35853480910208
2023-12-16,S003-P0002,Groceries,138,855,63.67,56.269999999999996,111.55634167237022
2023-12-17,S003-P0002,Groceries,154,737,63.1,56.269999999999996,122.16863231477022
2023-12-18,S003-P0002,Groceries,184,565,68.64,56.269999999999996,133.12995665950416
2023-12-19,S003-P0002,Groceries,107,366,61.07,56.269999999999996,111.6203550463656
2023-12-20,S003-P0002,Groceries,167,276,51.8,56.269999999999996,161.7704571168917
2023-12-21,S003-P0002,Groceries,221,534,66.6,56.269999999999996,161.59093797857267
2023-12-22,S003-P0002,Groceries,119,366,51.15,56.269999999999996,140.19094829560575
2023-12-23,S003-P0002,Groceries,74,272,44.12,56.269999999999996,140.331918360246
2023-12-24,S003-P0002,Groceries,138,761,50.94,56.269999999999996,140.5440357314406
2023-12-25,S003-P0002,Groceries,26,615,45.06,56.269999999999996,111.68758404595062
2023-12-26,S003-P0002,Groceries,48,595,44.55,56.269999999999996,133.00677426953146
2023-12-27,S003-P0002,Groceries,157,539,57.14,56.269999999999996,107.2014211523916
2023-12-28,S003-P0002,Groceries,88,439,43.48,56.269999999999996,107.12962612931132
2023-12-29,S003-P0002,Groceries,69,380,48.27,56.269999999999996,67.8914544040237
2023-12-30,S003-P0002,Groceries,101,817,56.81,56.269999999999996,78.37383124526566
2023-12-31,S003-P0002,Groceries,53,745,43.08,56.269999999999996,89.6012224284236
2024-01-01,S003-P0002,Groceries,115,701,44.62,56.269999999999996,107.96524194542907
2024-01-02,S003-P0002,Groceries,68,608,53.3,56.269999999999996,68.50578176324885
2024-01-03,S003-P0002,Groceries,141,540,48.15,56.269999999999996,97.29142010333348
2024-01-04,S003-P0002,Groceries,69,449,48.13,56.269999999999996,68.3094084540775
2024-01-05,S003-P0002,Groceries,60,387,51.87,56.269999999999996,89.57178969522847
2024-01-06,S003-P0002,Groceries,83,323,53.55,56.269999999999996,78.80139192520367
2024-01-07,S003-P0002,Groceries,39,261,40.73,56.269999999999996,97.30041656876105
2024-01-08,S003-P0002,Groceries,96,227,58.89,56.269999999999996,68.54985016084905
2024-01-09,S003-P0002,Groceries,90,384,54.72,56.269999999999996,111.97079746955004
2024-01-10,S003-P0002,Groceries,92,315,52.31,56.269999999999996,122.24456251827799
2024-01-11,S003-P0002,Groceries,130,251,65.54,56.269999999999996,132.96689913837105
2024-01-12,S003-P0002,Groceries,140,95,67.42,56.269999999999996,132.976671064605
2024-01-13,S003-P0002,Groceries,108,274,58.2,56.269999999999996,122.2045441461833
2024-01-14,S003-P0002,Groceries,153,182,62.96,56.269999999999996,122.41112819987127
2024-01-15,S003-P0002,Groceries,75,442,39.04,56.269999999999996,162.27325849349572
2024-01-16,S003-P0002,Groceries,151,382,59.21,56.269999999999996,151.0995872525745
2024-01-17,S003-P0002,Groceries,63,262,47.2,56.269999999999996,111.77673907217601
2024-01-18,S003-P0002,Groceries,80,202,55.76,56.269999999999996,121.93326914219543
2024-01-19,S003-P0002,Groceries,61,619,49.41,56.269999999999996,132.9586305402003
2024-01-20,S003-P0002,Groceries,118,558,56.82,56.269999999999996,161.8361880029057
2024-01-21,S003-P0002,Groceries,62,417,47.18,56.269999999999996,111.88206863541754
2024-01-22,S003-P0002,Groceries,100,370,56.66,56.269999999999996,133.28740401434302
2024-01-23,S003-P0002,Groceries,94,267,49.96,56.269999999999996,122.2767328595233
2024-01-24,S003-P0002,Groceries,126,200,51.81,56.269999999999996,140.49473551941935
2024-01-25,S003-P0002,Groceries,73,380,46.52,56.269999999999996,161.61215104812817
2024-01-26,S003-P0002,Groceries,57,299,38.41,56.269999999999996,140.42284191479254
2024-01-27,S003-P0002,Groceries,112,253,49.99,56.269999999999996,140.4455400638828
2024-01-28,S003-P0002,Groceries,111,186,55.55,56.269999999999996,122.24874752268182
2024-01-29,S003-P0002,Groceries,116,93,62.81,56.269999999999996,111.78430194288157
2024-01-30,S003-P0002,Groceries,112,327,55.7,56.269999999999996,133.15002494659592
2023-10-03,S003-P0003,Electronics,80,144,89.44,87.635,84.03025630602875
2023-10-04,S003-P0003,Electronics,146,159,99.57,87.635,94.29339249959044
2023-10-05,S003-P0003,Electronics,122,171,87.2,87.635,112.58783300171424
2023-10-06,S003-P0003,Electronics,177,194,96.12,87.635,123.07511119133773
2023-10-07,S003-P0003,Electronics,44,176,74.34,87.635,40.55228642711216
2023-10-08,S003-P0003,Electronics,53,147,77.05,87.635,40.67387179277227
2023-10-09,S003-P0003,Electronics,94,103,71.44,87.635,69.65325416947701
2023-10-10,S003-P0003,Electronics,41,127,77.36,87.635,51.03150119151603
2023-10-11,S003-P0003,Electronics,58,90,70.55,87.635,69.275927969099
2023-10-12,S003-P0003,Electronics,43,109,69.97,87.635,50.8782184715011
2023-10-13,S003-P0003,Electronics,33,109,74.83,87.635,61.764111751282215
2023-10-14,S003-P0003,Electronics,60,122,75.01,87.635,40.707040580036896
2023-10-15,S003-P0003,Electronics,65,110,80.6,87.635,51.19082816068139
2023-10-16,S003-P0003,Electronics,44,118,70.53,87.635,51.26080744052665
2023-10-17,S003-P0003,Electronics,48,129,60.41,87.635,80.03630604420248
2023-10-18,S003-P0003,Electronics,98,81,67.78,87.635,69.53579324553144
2023-10-19,S003-P0003,Electronics,75,80,79.25,87.635,69.26307902856055
2023-10-20,S003-P0003,Electronics,57,79,78.08,87.635,40.551298217333574
2023-10-21,S003-P0003,Electronics,40,83,72.99,87.635,51.05228072232708
2023-10-22,S003-P0003,Electronics,58,109,78.35,87.635,40.88296803627545
2023-10-23,S003-P0003,Electronics,117,106,85.84,87.635,69.75021868356961
2023-10-24,S003-P0003,Electronics,50,115,72.29,87.635,40.872338981601025
2023-10-25,S003-P0003,Electronics,191,113,111.93,87.635,123.3217985100897
2023-10-26,S003-P0003,Electronics,151,180,100.82,87.635,105.43080961666658
2023-10-27,S003-P0003,Electronics,143,139,93.47,87.635,105.51619725240859
2023-10-28,S003-P0003,Electronics,122,162,87.9,87.635,84.3118431688658
2023-10-29,S003-P0003,Electronics,132,198,95.58,87.635,94.82774220358702
2023-10-30,S003-P0003,Electronics,80,209,76.57,87.635,94.94974017122432
2023-10-31,S003-P0003,Electronics,122,121,97.58,87.635,105.72161119045788
2023-11-01,S003-P0003,Electronics,137,133,96.64,87.635,84.30693007839065
2023-11-02,S003-P0003,Electronics,164,123,99.0,87.635,105.52142879163542
2023-11-03,S003-P0003,Electronics,126,159,89.03,87.635,94.58802750362064
2023-11-04,S003-P0003,Electronics,166,145,105.31,87.635,105.65012389123116
2023-11-05,S003-P0003,Electronics,127,185,98.94,87.635,94.8038481089626
2023-11-06,S003-P0003,Electronics,141,166,92.39,87.635,113.35948665982414
2023-11-07,S003-P0003,Electronics,167,175,100.02,87.635,94.8965535304364
2023-11-08,S003-P0003,Electronics,167,239,99.2,87.635,113.08034179744413
2023-11-09,S003-P0003,Electronics,91,248,88.29,87.635,84.14891673346287
2023-11-10,S003-P0003,Electronics,138,173,91.99,87.635,84.28582515279476
2023-11-11,S003-P0003,Electronics,133,203,90.74,87.635,134.45322847671196
2023-11-12,S003-P0003,Electronics,100,223,72.78,87.635,134.7320670897221
2023-11-13,S003-P0003,Electronics,52,125,80.82,87.635,84.52697158413679
2023-11-14,S003-P0003,Electronics,88,115,78.77,87.635,113.2412864622753
2023-11-15,S003-P0003,Electronics,188,121,93.78,87.635,134.54791248538478
2023-11-16,S003-P0003,Electronics,121,157,92.16,87.635,94.67225542239683
2023-11-17,S003-P0003,Electronics,67,170,81.12,87.635,94.5879569355661
2023-11-18,S003-P0003,Electronics,245,102,113.17,87.635,134.60956057050595
2023-11-19,S003-P0003,Electronics,59,217,71.0,87.635,134.66716411714918
2023-11-20,S003-P0003,Electronics,84,163,81.83,87.635,84.65958515110827
2023-11-21,S003-P0003,Electronics,105,99,92.55,87.635,94.93670708254734
2023-11-22,S003-P0003,Electronics,134,117,91.07,87.635,105.78839734467363
2023-11-23,S003-P0003,Electronics,117,148,86.08,87.635,113.08986416754823
2023-11-24,S003-P0003,Electronics,117,179,96.08,87.635,94.6780187065911
2023-11-25,S003-P0003,Electronics,98,150,81.35,87.635,84.51858269645572
2023-11-26,S003-P0003,Electronics,117,161,101.26,87.635,84.53934905815677
2023-11-27,S003-P0003,Electronics,130,134,84.21,87.635,113.54237790276204
2023-11-28,S003-P0003,Electronics,101,150,82.27,87.635,84.62074928377731
2023-11-29,S003-P0003,Electronics,137,181,91.89,87.635,105.81380212542851
2023-11-30,S003-P0003,Electronics,74,152,79.03,87.635,94.67798746515153
2023-12-01,S003-P0003,Electronics,155,86,96.05,87.635,126.10615212873526
2023-12-02,S003-P0003,Electronics,209,162,110.45,87.635,126.25317537154959
2023-12-03,S003-P0003,Electronics,100,240,95.83,87.635,108.5254221402764
2023-12-04,S003-P0003,Electronics,103,138,87.11,87.635,108.69296171940773
2023-12-05,S003-P0003,Electronics,90,152,83.52,87.635,87.18740997611607
2023-12-06,S003-P0003,Electronics,148,164,83.08,87.635,137.2867169073992
2023-12-07,S003-P0003,Electronics,178,148,108.63,87.635,97.29544331157743
2023-12-08,S003-P0003,Electronics,66,181,85.09,87.635,97.26002859671644
2023-12-09,S003-P0003,Electronics,124,129,82.63,87.635,115.9151140253503
2023-12-10,S003-P0003,Electronics,134,111,80.87,87.635,116.07640559300009
2023-12-11,S003-P0003,Electronics,126,140,88.8,87.635,87.33363845388521
2023-12-12,S003-P0003,Electronics,100,121,68.24,87.635,116.09487234760317
2023-12-13,S003-P0003,Electronics,153,118,96.12,87.635,108.43043777423715
2023-12-14,S003-P0003,Electronics,146,165,110.16,87.635,97.23572751353468
2023-12-15,S003-P0003,Electronics,50,164,72.02,87.635,86.96462061909483
2023-12-16,S003-P0003,Electronics,161,122,103.42,87.635,115.79650082510162
2023-12-17,S003-P0003,Electronics,118,156,96.46,87.635,97.55535680148664
2023-12-18,S003-P0003,Electronics,144,210,98.54,87.635,137.37011581223555
2023-12-19,S003-P0003,Electronics,119,228,91.73,87.635,115.91535452991607
2023-12-20,S003-P0003,Electronics,108,102,93.51,87.635,108.35858726841225
2023-12-21,S003-P0003,Electronics,144,151,93.68,87.635,108.28874879173136
2023-12-22,S003-P0003,Electronics,71,216,78.11,87.635,86.88875910876442
2023-12-23,S003-P0003,Electronics,100,155,91.03,87.635,87.02972917340466
2023-12-24,S003-P0003,Electronics,111,143,84.94,87.635,87.2418465445993
2023-12-25,S003-P0003,Electronics,82,166,81.4,87.635,87.23882952512429
2023-12-26,S003-P0003,Electronics,123,68,103.17,87.635,108.44833908706697
2023-12-27,S003-P0003,Electronics,68,107,61.13,87.635,82.80750696238437
2023-12-28,S003-P0003,Electronics,76,136,83.89,87.635,53.71775628083183
2023-12-29,S003-P0003,Electronics,82,113,85.54,87.635,43.33301922155921
2023-12-30,S003-P0003,Electronics,59,110,74.79,87.635,53.92507672443934
2023-12-31,S003-P0003,Electronics,66,131,80.88,87.635,65.0427872459591
2024-01-01,S003-P0003,Electronics,62,137,75.55,87.635,54.55337209694958
2024-01-02,S003-P0003,Electronics,34,157,71.26,87.635,44.002186911603445
2024-01-03,S003-P0003,Electronics,82,124,81.25,87.635,43.879550254853996
2024-01-04,S003-P0003,Electronics,28,116,69.41,87.635,43.75097327161302
2024-01-05,S003-P0003,Electronics,56,96,70.11,87.635,93.86678917877897
2024-01-06,S003-P0003,Electronics,93,115,84.36,87.635,83.04155107793508
2024-01-07,S003-P0003,Electronics,34,99,67.48,87.635,44.1079080435579
2024-01-08,S003-P0003,Electronics,79,125,80.29,87.635,72.84484964439955
2024-01-09,S003-P0003,Electronics,94,135,84.49,87.635,87.52204294872368
2024-01-10,S003-P0003,Electronics,131,155,84.42,87.635,126.53956200182847
2024-01-11,S003-P0003,Electronics,136,154,85.72,87.635,137.3715792835597
2024-01-12,S003-P0003,Electronics,102,216,96.35,87.635,108.47307621295958
2024-01-13,S003-P0003,Electronics,25,116,65.01,87.635,97.75578962535695
2024-01-14,S003-P0003,Electronics,23,100,64.69,87.635,97.85269301740678
2024-01-15,S003-P0003,Electronics,75,127,83.53,87.635,108.86138864501626
2024-01-16,S003-P0003,Electronics,127,121,89.29,87.635,126.54115207011
2024-01-17,S003-P0003,Electronics,44,142,70.27,87.635,87.27314422053058
2024-01-18,S003-P0003,Electronics,68,111,77.3,87.635,97.53935495218818
2024-01-19,S003-P0003,Electronics,71,122,74.07,87.635,137.19878969293165
2024-01-20,S003-P0003,Electronics,60,135,79.0,87.635,108.5339988160644
2024-01-21,S003-P0003,Electronics,30,117,63.08,87.635,87.43331411459118
2024-01-22,S003-P0003,Electronics,105,95,82.73,87.635,137.58240349789352
2024-01-23,S003-P0003,Electronics,150,106,100.29,87.635,97.77313800787789
2024-01-24,S003-P0003,Electronics,167,124,87.59,87.635,116.04598099859302
2024-01-25,S003-P0003,Electronics,100,206,91.1,87.635,108.3099618612869
2024-01-26,S003-P0003,Electronics,110,94,93.99,87.635,86.95613173549398
2024-01-27,S003-P0003,Electronics,84,95,82.05,87.635,87.14335087704146
2024-01-28,S003-P0003,Electronics,164,116,88.0,87.635,126.54374700623231
2024-01-29,S003-P0003,Electronics,87,184,87.23,87.635,87.33554742205524
2024-01-30,S003-P0003,Electronics,103,95,91.96,87.635,108.59158976413144
2023-10-03,S003-P0004,Groceries,101,507,22.1,22.985,108.64353181931233
2023-10-04,S003-P0004,Groceries,157,446,23.5,22.985,147.59558168643176
2023-10-05,S003-P0004,Groceries,40,297,16.79,22.985,108.34767384898282
2023-10-06,S003-P0004,Groceries,87,267,20.06,22.985,118.78011170778724
2023-10-07,S003-P0004,Groceries,55,723,16.7,22.985,93.90931594477257
2023-10-08,S003-P0004,Groceries,42,671,17.82,22.985,65.28714730605586
2023-10-09,S003-P0004,Groceries,55,633,19.83,22.985,65.30341435510744
2023-10-10,S003-P0004,Groceries,99,580,24.39,22.985,75.53509604316145
2023-10-11,S003-P0004,Groceries,64,474,18.47,22.985,93.7795228207444
2023-10-12,S003-P0004,Groceries,47,408,18.2,22.985,75.38181332314652
2023-10-13,S003-P0004,Groceries,114,377,19.5,22.985,115.17598159976171
2023-10-14,S003-P0004,Groceries,68,290,21.92,22.985,65.10095477004415
2023-10-15,S003-P0004,Groceries,98,214,20.78,22.985,75.74926334314588
2023-10-16,S003-P0004,Groceries,55,485,20.92,22.985,75.70956196135297
2023-10-17,S003-P0004,Groceries,125,420,19.87,22.985,104.59474122666698
2023-10-18,S003-P0004,Groceries,127,281,20.26,22.985,93.98454776635776
2023-10-19,S003-P0004,Groceries,42,140,14.13,22.985,93.93119487266321
2023-10-20,S003-P0004,Groceries,82,453,19.62,22.985,93.8534874041749
2023-10-21,S003-P0004,Groceries,44,356,18.99,22.985,75.5558755739725
2023-10-22,S003-P0004,Groceries,103,321,22.33,22.985,65.38656288792086
2023-10-23,S003-P0004,Groceries,89,198,21.34,22.985,65.45521920001912
2023-10-24,S003-P0004,Groceries,85,125,19.93,22.985,65.43077416406553
2023-10-25,S003-P0004,Groceries,103,335,24.76,22.985,119.02679902653922
2023-10-26,S003-P0004,Groceries,231,260,29.94,22.985,129.98924479913106
2023-10-27,S003-P0004,Groceries,95,35,21.69,22.985,130.019792104054
2023-10-28,S003-P0004,Groceries,136,271,19.49,22.985,137.6688726865262
2023-10-29,S003-P0004,Groceries,123,974,23.72,22.985,119.38617738605151
2023-10-30,S003-P0004,Groceries,81,838,20.71,22.985,119.39849469205066
2023-10-31,S003-P0004,Groceries,106,755,21.34,22.985,130.33488670374146
2023-11-01,S003-P0004,Groceries,89,688,17.72,22.985,137.66395959605103
2023-11-02,S003-P0004,Groceries,143,602,25.25,22.985,129.97018331246176
2023-11-03,S003-P0004,Groceries,121,435,23.57,22.985,119.09162235526605
2023-11-04,S003-P0004,Groceries,170,292,25.59,22.985,158.95231307807245
2023-11-05,S003-P0004,Groceries,63,111,18.32,22.985,148.16087762662298
2023-11-06,S003-P0004,Groceries,138,60,27.53,22.985,109.00964684545457
2023-11-07,S003-P0004,Groceries,127,532,24.03,22.985,119.40014838208182
2023-11-08,S003-P0004,Groceries,105,403,21.3,22.985,137.52909631827043
2023-11-09,S003-P0004,Groceries,49,330,17.41,22.985,108.76219224674645
2023-11-10,S003-P0004,Groceries,131,280,25.67,22.985,108.67973934280201
2023-11-11,S003-P0004,Groceries,182,169,26.58,22.985,158.95682332835736
2023-11-12,S003-P0004,Groceries,131,11,23.07,22.985,130.43706760617164
2023-11-13,S003-P0004,Groceries,116,375,24.51,22.985,109.0854067666013
2023-11-14,S003-P0004,Groceries,53,723,20.76,22.985,108.94628697872483
2023-11-15,S003-P0004,Groceries,150,675,25.73,22.985,130.1980726710152
2023-11-16,S003-P0004,Groceries,118,528,23.36,22.985,119.17585027404225
2023-11-17,S003-P0004,Groceries,131,441,26.98,22.985,119.09155178721151
2023-11-18,S003-P0004,Groceries,233,332,26.75,22.985,159.11315542215135
2023-11-19,S003-P0004,Groceries,110,78,20.23,22.985,159.28043963043277
2023-11-20,S003-P0004,Groceries,91,462,22.59,22.985,109.16318000275368
2023-11-21,S003-P0004,Groceries,142,368,26.51,22.985,119.38546160337367
2023-11-22,S003-P0004,Groceries,149,250,25.58,22.985,130.29199219631903
2023-11-23,S003-P0004,Groceries,122,132,22.34,22.985,137.59345901919363
2023-11-24,S003-P0004,Groceries,226,404,24.66,22.985,148.08988855507056
2023-11-25,S003-P0004,Groceries,112,148,21.78,22.985,109.02217754810113
2023-11-26,S003-P0004,Groceries,108,45,23.88,22.985,109.09778424062128
2023-11-27,S003-P0004,Groceries,152,771,25.84,22.985,109.24737841921154
2023-11-28,S003-P0004,Groceries,121,648,19.65,22.985,137.9777788014377
2023-11-29,S003-P0004,Groceries,128,563,24.12,22.985,130.26255664625484
2023-11-30,S003-P0004,Groceries,19,434,17.09,22.985,119.12674198597786
2023-12-01,S003-P0004,Groceries,181,417,24.81,22.985,150.66458731119974
2023-12-02,S003-P0004,Groceries,141,226,26.38,22.985,121.9581758879991
2023-12-03,S003-P0004,Groceries,171,118,25.83,22.985,133.13869765355997
2023-12-04,S003-P0004,Groceries,78,601,20.43,22.985,133.19655657105315
2023-12-05,S003-P0004,Groceries,159,549,26.32,22.985,140.4347588321383
2023-12-06,S003-P0004,Groceries,222,437,27.67,22.985,161.68063109740646
2023-12-07,S003-P0004,Groceries,102,239,22.2,22.985,121.85387849404192
2023-12-08,S003-P0004,Groceries,73,171,21.24,22.985,121.81846377918095
2023-12-09,S003-P0004,Groceries,141,652,27.79,22.985,111.51043388016163
2023-12-10,S003-P0004,Groceries,71,486,20.01,22.985,111.72656577863052
2023-12-11,S003-P0004,Groceries,157,423,22.08,22.985,140.63582764072655
2023-12-12,S003-P0004,Groceries,91,253,20.32,22.985,140.43394620679132
2023-12-13,S003-P0004,Groceries,170,195,30.13,22.985,132.82435196424439
2023-12-14,S003-P0004,Groceries,127,600,25.32,22.985,121.7393223651801
2023-12-15,S003-P0004,Groceries,143,457,25.2,22.985,111.41337513992119
2023-12-16,S003-P0004,Groceries,107,291,21.32,22.985,140.35493600756612
2023-12-17,S003-P0004,Groceries,122,224,22.48,22.985,122.16863231477022
2023-12-18,S003-P0004,Groceries,114,526,25.64,22.985,133.07511632868506
2023-12-19,S003-P0004,Groceries,148,414,25.59,22.985,111.6751953771847
2023-12-20,S003-P0004,Groceries,87,255,20.06,22.985,132.91702245087674
2023-12-21,S003-P0004,Groceries,150,188,27.07,22.985,132.68266298173862
2023-12-22,S003-P0004,Groceries,198,562,23.06,22.985,140.3006289572439
2023-12-23,S003-P0004,Groceries,130,367,26.89,22.985,111.47848369423099
2023-12-24,S003-P0004,Groceries,176,246,24.7,22.985,140.48919540062153
2023-12-25,S003-P0004,Groceries,134,793,20.4,22.985,140.65069937360377
2023-12-26,S003-P0004,Groceries,160,656,29.36,22.985,132.9519339387124
2023-12-27,S003-P0004,Groceries,48,559,17.37,22.985,78.45766714801478
2023-12-28,S003-P0004,Groceries,86,514,19.87,22.985,107.07478579849223
2023-12-29,S003-P0004,Groceries,57,416,19.95,22.985,67.83661407320463
2023-12-30,S003-P0004,Groceries,72,349,20.05,22.985,78.48351190690383
2023-12-31,S003-P0004,Groceries,67,292,21.85,22.985,89.49154176678543
2024-01-01,S003-P0004,Groceries,59,251,20.13,22.985,79.0021266177759
2024-01-02,S003-P0004,Groceries,112,193,24.19,22.985,68.50578176324885
2024-01-03,S003-P0004,Groceries,85,85,19.92,22.985,68.43798543731847
2024-01-04,S003-P0004,Groceries,31,13,18.01,22.985,68.19972779243935
2024-01-05,S003-P0004,Groceries,96,382,22.93,22.985,89.62663002604756
2024-01-06,S003-P0004,Groceries,110,312,22.83,22.985,78.80139192520367
2024-01-07,S003-P0004,Groceries,114,213,25.63,22.985,68.50182223356515
2024-01-08,S003-P0004,Groceries,90,101,19.12,22.985,97.40328482686402
2024-01-09,S003-P0004,Groceries,63,440,21.54,22.985,111.91595713873093
2024-01-10,S003-P0004,Groceries,68,376,19.78,22.985,122.18972218745891
2024-01-11,S003-P0004,Groceries,224,327,27.59,22.985,161.8751741352051
2024-01-12,S003-P0004,Groceries,173,98,25.79,22.985,161.83010573061998
2024-01-13,S003-P0004,Groceries,217,0,30.49,22.985,122.25938447700237
2024-01-14,S003-P0004,Groceries,187,792,23.62,22.985,151.26456286588623
2024-01-15,S003-P0004,Groceries,168,585,28.49,22.985,133.3101431658426
2024-01-16,S003-P0004,Groceries,96,466,20.52,22.985,151.0995872525745
2024-01-17,S003-P0004,Groceries,85,364,23.27,22.985,111.66705841053783
2024-01-18,S003-P0004,Groceries,185,288,23.8,22.985,150.84154413902948
2024-01-19,S003-P0004,Groceries,91,168,21.37,22.985,133.01347087101936
2024-01-20,S003-P0004,Groceries,174,79,23.13,22.985,161.94586866454387
2024-01-21,S003-P0004,Groceries,88,528,19.99,22.985,140.6806629706134
2024-01-22,S003-P0004,Groceries,162,432,25.22,22.985,133.3422443451621
2024-01-23,S003-P0004,Groceries,93,292,20.47,22.985,122.2767328595233
2024-01-24,S003-P0004,Groceries,92,220,22.69,22.985,111.5864605225853
2024-01-25,S003-P0004,Groceries,162,591,28.02,22.985,132.8135567129323
2024-01-26,S003-P0004,Groceries,189,452,24.06,22.985,140.36800158397347
2024-01-27,S003-P0004,Groceries,134,320,24.5,22.985,111.70178605950593
2024-01-28,S003-P0004,Groceries,175,239,23.19,22.985,151.0473418578777
2024-01-29,S003-P0004,Groceries,100,634,23.24,22.985,111.83914227370067
2024-01-30,S003-P0004,Groceries,84,552,20.93,22.985,133.09518461577684
2023-10-03,S003-P0005,Toys,92,482,17.97,20.94,109.04417215490545
2023-10-04,S003-P0005,Toys,92,379,22.41,20.94,90.39903335163305
2023-10-05,S003-P0005,Toys,125,272,24.95,20.94,79.84003918774185
2023-10-06,S003-P0005,Toys,62,161,20.16,20.94,90.27247704654627
2023-10-07,S003-P0005,Toys,25,91,17.4,20.94,36.65792727915478
2023-10-08,S003-P0005,Toys,46,476,19.96,20.94,36.779512644814886
2023-10-09,S003-P0005,Toys,27,439,14.03,20.94,65.75889502151963
2023-10-10,S003-P0005,Toys,22,409,14.57,20.94,75.99057670957365
2023-10-11,S003-P0005,Toys,29,391,17.71,20.94,36.5829744859457
2023-10-12,S003-P0005,Toys,14,356,14.78,20.94,75.72761332792055
2023-10-13,S003-P0005,Toys,79,345,16.92,20.94,86.832867930978
2023-10-14,S003-P0005,Toys,26,274,13.8,20.94,65.66611609809452
2023-10-15,S003-P0005,Toys,28,248,16.67,20.94,47.351309343543086
2023-10-16,S003-P0005,Toys,23,223,13.79,20.94,76.21988295858426
2023-10-17,S003-P0005,Toys,29,555,18.63,20.94,47.233671899411014
2023-10-18,S003-P0005,Toys,15,521,17.49,20.94,36.67831876992089
2023-10-19,S003-P0005,Toys,46,512,19.95,20.94,36.57012554540725
2023-10-20,S003-P0005,Toys,27,473,16.63,20.94,36.71177940019527
2023-10-21,S003-P0005,Toys,53,440,17.51,20.94,47.26760223600787
2023-10-22,S003-P0005,Toys,13,394,13.17,20.94,65.84204355433306
2023-10-23,S003-P0005,Toys,32,382,15.05,20.94,65.91069986643132
2023-10-24,S003-P0005,Toys,13,349,13.03,20.94,65.88625483047772
2023-10-25,S003-P0005,Toys,98,334,22.93,20.94,90.68368535775551
2023-10-26,S003-P0005,Toys,191,263,26.91,20.94,101.59129079952827
2023-10-27,S003-P0005,Toys,63,106,18.22,20.94,101.6218381044512
2023-10-28,S003-P0005,Toys,55,43,18.66,20.94,80.36264369008934
2023-10-29,S003-P0005,Toys,149,461,26.76,20.94,90.93338305562963
2023-10-30,S003-P0005,Toys,51,985,18.35,20.94,91.05538102326693
2023-10-31,S003-P0005,Toys,117,931,23.03,20.94,101.93693270413866
2023-11-01,S003-P0005,Toys,165,807,22.09,20.94,109.26600559644825
2023-11-02,S003-P0005,Toys,96,623,20.48,20.94,101.62706964367803
2023-11-03,S003-P0005,Toys,135,562,20.56,20.94,119.49226269085918
2023-11-04,S003-P0005,Toys,127,441,21.14,20.94,130.60919940928875
2023-11-05,S003-P0005,Toys,165,322,22.08,20.94,119.87260428865835
2023-11-06,S003-P0005,Toys,117,136,24.31,20.94,80.66653317667085
2023-11-07,S003-P0005,Toys,95,600,20.4,20.94,91.00219438247902
2023-11-08,S003-P0005,Toys,82,520,21.71,20.94,80.33254798347174
2023-11-09,S003-P0005,Toys,45,453,19.91,20.94,80.25455758550548
2023-11-10,S003-P0005,Toys,64,413,20.29,20.94,80.2817853431992
2023-11-11,S003-P0005,Toys,148,351,25.34,20.94,101.81511532437776
2023-11-12,S003-P0005,Toys,41,213,16.76,20.94,102.03911360656885
2023-11-13,S003-P0005,Toys,61,172,16.9,20.94,109.54088743301348
2023-11-14,S003-P0005,Toys,43,133,14.07,20.94,109.51144830677516
2023-11-15,S003-P0005,Toys,74,619,18.98,20.94,101.8549590022315
2023-11-16,S003-P0005,Toys,73,553,19.94,20.94,90.72305594362038
2023-11-17,S003-P0005,Toys,67,487,18.52,20.94,90.80327844924687
2023-11-18,S003-P0005,Toys,118,437,25.7,20.94,101.8069264257145
2023-11-19,S003-P0005,Toys,122,344,19.76,20.94,130.88248563083
2023-11-20,S003-P0005,Toys,112,232,22.66,20.94,109.5089800075277
2023-11-21,S003-P0005,Toys,71,146,20.86,20.94,90.98750760377087
2023-11-22,S003-P0005,Toys,69,614,19.63,20.94,101.89403819671624
2023-11-23,S003-P0005,Toys,130,559,20.26,20.94,109.25034535040993
2023-11-24,S003-P0005,Toys,89,456,19.99,20.94,90.8384998894528
2023-11-25,S003-P0005,Toys,100,359,17.27,20.94,109.47765821451333
2023-11-26,S003-P0005,Toys,82,260,22.79,20.94,80.64498991019939
2023-11-27,S003-P0005,Toys,111,763,23.89,20.94,80.73974375797057
2023-11-28,S003-P0005,Toys,95,649,23.84,20.94,80.61670947418176
2023-11-29,S003-P0005,Toys,98,588,20.6,20.94,101.91944297747112
2023-11-30,S003-P0005,Toys,133,516,24.25,20.94,90.78362831719414
2023-12-01,S003-P0005,Toys,162,375,24.85,20.94,122.21179298077789
2023-12-02,S003-P0005,Toys,162,244,27.7,20.94,93.50538155757721
2023-12-03,S003-P0005,Toys,125,73,22.42,20.94,104.74074365395718
2023-12-04,S003-P0005,Toys,153,530,25.68,20.94,104.74376224063127
2023-12-05,S003-P0005,Toys,163,350,23.44,20.94,112.14648549417369
2023-12-06,S003-P0005,Toys,68,247,21.69,20.94,104.4292424317887
2023-12-07,S003-P0005,Toys,83,171,19.57,20.94,93.45592449443913
2023-12-08,S003-P0005,Toys,132,612,25.44,20.94,93.42050977957814
2023-12-09,S003-P0005,Toys,89,465,21.11,20.94,83.16732021137793
2023-12-10,S003-P0005,Toys,99,379,21.85,20.94,83.32861177902771
2023-12-11,S003-P0005,Toys,74,314,20.04,20.94,83.38443897510875
2023-12-12,S003-P0005,Toys,119,256,18.37,20.94,112.20051319964578
2023-12-13,S003-P0005,Toys,63,151,20.21,20.94,104.4263979646416
2023-12-14,S003-P0005,Toys,115,545,21.66,20.94,122.19480303159233
2023-12-15,S003-P0005,Toys,110,434,20.22,20.94,111.8140154755143
2023-12-16,S003-P0005,Toys,52,352,18.42,20.94,111.90214167714423
2023-12-17,S003-P0005,Toys,123,290,20.89,20.94,122.56927265036333
2023-12-18,S003-P0005,Toys,68,207,20.61,20.94,104.73200265990135
2023-12-19,S003-P0005,Toys,110,657,19.07,20.94,112.13067604359686
2023-12-20,S003-P0005,Toys,55,588,18.58,20.94,104.51906845127394
2023-12-21,S003-P0005,Toys,68,549,20.61,20.94,104.28470898213581
2023-12-22,S003-P0005,Toys,98,496,19.46,20.94,111.79299429600296
2023-12-23,S003-P0005,Toys,84,411,20.77,20.94,83.13537002544729
2023-12-24,S003-P0005,Toys,87,312,22.08,20.94,83.29264706582285
2023-12-25,S003-P0005,Toys,93,211,21.36,20.94,83.39931070798598
2023-12-26,S003-P0005,Toys,163,134,26.45,20.94,104.60882026992867
2023-12-27,S003-P0005,Toys,17,0,15.09,20.94,50.05971314841199
2023-12-28,S003-P0005,Toys,21,322,15.28,20.94,78.67683179888942
2023-12-29,S003-P0005,Toys,29,300,16.74,20.94,39.54834073524
2023-12-30,S003-P0005,Toys,28,1058,16.75,20.94,50.03071757648196
2023-12-31,S003-P0005,Toys,17,1034,17.64,20.94,61.09358776718263
2024-01-01,S003-P0005,Toys,26,1024,16.56,20.94,50.6590129489922
2024-01-02,S003-P0005,Toys,19,1006,16.05,20.94,68.90642209884197
2024-01-03,S003-P0005,Toys,57,984,16.8,20.94,68.78378544209251
2024-01-04,S003-P0005,Toys,50,934,19.28,20.94,39.80177379283655
2024-01-05,S003-P0005,Toys,30,901,14.98,20.94,90.08211069245975
2024-01-06,S003-P0005,Toys,38,882,17.43,20.94,50.45827825641996
2024-01-07,S003-P0005,Toys,7,841,15.24,20.94,40.15870856478144
2024-01-08,S003-P0005,Toys,35,836,16.29,20.94,40.261576822884415
2024-01-09,S003-P0005,Toys,12,815,16.37,20.94,83.51800313912814
2024-01-10,S003-P0005,Toys,130,803,22.81,20.94,93.8466085186752
2024-01-11,S003-P0005,Toys,141,667,27.56,20.94,104.56894513876826
2024-01-12,S003-P0005,Toys,140,564,24.8,20.94,104.63355739582128
2024-01-13,S003-P0005,Toys,107,449,23.58,20.94,93.8065901465805
2024-01-14,S003-P0005,Toys,122,380,22.25,20.94,94.01317420026848
2024-01-15,S003-P0005,Toys,140,301,26.07,20.94,104.91218916623978
2024-01-16,S003-P0005,Toys,124,703,21.12,20.94,122.70163325297173
2024-01-17,S003-P0005,Toys,84,627,21.84,20.94,83.32394474175413
2024-01-18,S003-P0005,Toys,113,573,24.01,20.94,93.59015547341173
2024-01-19,S003-P0005,Toys,145,486,22.26,20.94,133.41411120661246
2024-01-20,S003-P0005,Toys,111,322,20.3,20.94,133.493074334122
2024-01-21,S003-P0005,Toys,42,232,15.72,20.94,112.3375493018297
2024-01-22,S003-P0005,Toys,128,191,25.18,20.94,104.83460968392114
2024-01-23,S003-P0005,Toys,74,726,19.97,20.94,93.87877885992052
2024-01-24,S003-P0005,Toys,85,656,19.73,20.94,111.98710085817838
2024-01-25,S003-P0005,Toys,147,555,27.97,20.94,104.4156027133295
2024-01-26,S003-P0005,Toys,86,396,16.47,20.94,112.02488791518975
2024-01-27,S003-P0005,Toys,109,337,21.24,20.94,112.04758606428
2024-01-28,S003-P0005,Toys,29,256,15.89,20.94,93.85079352307903
2024-01-29,S003-P0005,Toys,66,822,20.48,20.94,83.38634794327878
2024-01-30,S003-P0005,Toys,130,782,25.32,20.94,104.69723061617405
2023-10-03,S003-P0006,Toys,48,114,31.31,36.485,80.24557781970954
2023-10-04,S003-P0006,Toys,109,108,32.88,36.485,119.25246801764806
2023-10-05,S003-P0006,Toys,69,99,34.05,36.485,79.89487951856094
2023-10-06,S003-P0006,Toys,123,99,42.84,36.485,90.32731737736538
2023-10-07,S003-P0006,Toys,25,143,28.55,36.485,36.65792727915478
2023-10-08,S003-P0006,Toys,15,128,30.33,36.485,36.779512644814886
2023-10-09,S003-P0006,Toys,25,117,30.05,36.485,36.850620024685554
2023-10-10,S003-P0006,Toys,32,97,27.75,36.485,75.99057670957365
2023-10-11,S003-P0006,Toys,54,117,28.75,36.485,65.43640915196069
2023-10-12,S003-P0006,Toys,17,114,29.04,36.485,46.92901899272464
2023-10-13,S003-P0006,Toys,36,95,29.89,36.485,57.92459293414392
2023-10-14,S003-P0006,Toys,19,116,22.0,36.485,65.66611609809452
2023-10-15,S003-P0006,Toys,52,97,31.77,36.485,47.351309343543086
2023-10-16,S003-P0006,Toys,31,113,27.56,36.485,76.16504262776516
2023-10-17,S003-P0006,Toys,34,91,28.14,36.485,47.34335256104918
2023-10-18,S003-P0006,Toys,10,114,22.47,36.485,65.58659376675497
2023-10-19,S003-P0006,Toys,39,107,28.56,36.485,65.42356021142224
2023-10-20,S003-P0006,Toys,18,129,29.09,36.485,36.6020987385571
2023-10-21,S003-P0006,Toys,24,114,29.96,36.485,47.1579215743697
2023-10-22,S003-P0006,Toys,21,94,24.83,36.485,65.84204355433306
2023-10-23,S003-P0006,Toys,49,123,24.89,36.485,65.9655401972504
2023-10-24,S003-P0006,Toys,42,143,30.56,36.485,37.03282016446272
2023-10-25,S003-P0006,Toys,155,101,39.65,36.485,119.53712002377051
2023-10-26,S003-P0006,Toys,96,166,41.4,36.485,101.4816101378901
2023-10-27,S003-P0006,Toys,141,181,47.55,36.485,101.51215744281303
2023-10-28,S003-P0006,Toys,104,187,38.38,36.485,80.36264369008934
2023-10-29,S003-P0006,Toys,78,80,33.29,36.485,90.98822338644871
2023-10-30,S003-P0006,Toys,113,106,41.59,36.485,91.00054069244786
2023-10-31,S003-P0006,Toys,77,102,35.08,36.485,101.88209237331958
2023-11-01,S003-P0006,Toys,110,103,37.12,36.485,80.41257093043328
2023-11-02,S003-P0006,Toys,56,115,32.28,36.485,101.62706964367803
2023-11-03,S003-P0006,Toys,89,141,36.53,36.485,90.63882802484417
2023-11-04,S003-P0006,Toys,138,139,42.6,36.485,101.75576474327377
2023-11-05,S003-P0006,Toys,108,191,43.13,36.485,90.90948896100522
2023-11-06,S003-P0006,Toys,82,86,39.46,36.485,80.61169284585176
2023-11-07,S003-P0006,Toys,88,85,40.39,36.485,90.89251372084087
2023-11-08,S003-P0006,Toys,60,100,32.81,36.485,80.4422286451099
2023-11-09,S003-P0006,Toys,138,123,33.62,36.485,109.21767291315865
2023-11-10,S003-P0006,Toys,84,184,28.38,36.485,109.24490067085236
2023-11-11,S003-P0006,Toys,154,120,49.38,36.485,101.76027499355867
2023-11-12,S003-P0006,Toys,116,129,33.1,36.485,130.8925482725838
2023-11-13,S003-P0006,Toys,134,189,41.93,36.485,109.4312067713753
2023-11-14,S003-P0006,Toys,104,152,36.32,36.485,80.6580136407602
2023-11-15,S003-P0006,Toys,156,116,40.07,36.485,130.59871300660834
2023-11-16,S003-P0006,Toys,108,159,40.89,36.485,90.66821561280128
2023-11-17,S003-P0006,Toys,167,152,40.98,36.485,119.6018727844428
2023-11-18,S003-P0006,Toys,183,173,40.58,36.485,130.71520142254857
2023-11-19,S003-P0006,Toys,103,212,38.15,36.485,102.0838912956341
2023-11-20,S003-P0006,Toys,60,94,32.84,36.485,80.82006633396996
2023-11-21,S003-P0006,Toys,135,95,44.5,36.485,91.04234793458997
2023-11-22,S003-P0006,Toys,161,152,40.67,36.485,130.63779220109308
2023-11-23,S003-P0006,Toys,70,200,35.9,36.485,80.39691068439494
2023-11-24,S003-P0006,Toys,67,142,32.04,36.485,90.8384998894528
2023-11-25,S003-P0006,Toys,96,141,37.23,36.485,80.62422354849834
2023-11-26,S003-P0006,Toys,84,173,37.73,36.485,80.69983024101847
2023-11-27,S003-P0006,Toys,95,116,29.45,36.485,109.70285908562374
2023-11-28,S003-P0006,Toys,115,111,31.42,36.485,109.5798248018349
2023-11-29,S003-P0006,Toys,126,128,43.33,36.485,101.86460264665205
2023-11-30,S003-P0006,Toys,102,102,40.14,36.485,90.78362831719414
2023-12-01,S003-P0006,Toys,118,108,37.99,36.485,93.46803897640103
2023-12-02,S003-P0006,Toys,60,123,31.18,36.485,93.61506221921539
2023-12-03,S003-P0006,Toys,110,136,34.98,36.485,133.484497658334
2023-12-04,S003-P0006,Toys,128,180,43.58,36.485,104.68892190981218
2023-12-05,S003-P0006,Toys,59,189,32.78,36.485,83.2930508281587
2023-12-06,S003-P0006,Toys,191,126,41.44,36.485,133.33751742862276
2023-12-07,S003-P0006,Toys,111,203,32.62,36.485,122.30935916045414
2023-12-08,S003-P0006,Toys,116,118,31.51,36.485,122.32878477641222
2023-12-09,S003-P0006,Toys,155,157,42.31,36.485,111.91107421575474
2023-12-10,S003-P0006,Toys,110,221,43.31,36.485,83.27377144820862
2023-12-11,S003-P0006,Toys,119,108,42.4,36.485,83.38443897510875
2023-12-12,S003-P0006,Toys,136,146,37.54,36.485,112.14567286882671
2023-12-13,S003-P0006,Toys,123,155,40.73,36.485,104.48123829546068
2023-12-14,S003-P0006,Toys,65,189,33.56,36.485,93.3962086963964
2023-12-15,S003-P0006,Toys,97,142,35.38,36.485,111.8140154755143
2023-12-16,S003-P0006,Toys,87,156,34.39,36.485,83.2132280035865
2023-12-17,S003-P0006,Toys,138,171,40.38,36.485,122.45959198872515
2023-12-18,S003-P0006,Toys,94,181,32.9,36.485,133.58543732591636
2023-12-19,S003-P0006,Toys,55,71,33.95,36.485,83.22240104676281
2023-12-20,S003-P0006,Toys,132,64,41.76,36.485,104.51906845127394
2023-12-21,S003-P0006,Toys,173,118,39.51,36.485,133.1929839789699
2023-12-22,S003-P0006,Toys,90,183,36.68,36.485,82.99439996080704
2023-12-23,S003-P0006,Toys,57,93,34.31,36.485,83.13537002544729
2023-12-24,S003-P0006,Toys,127,109,43.42,36.485,83.23780673500376
2023-12-25,S003-P0006,Toys,75,104,32.97,36.485,83.39931070798598
2023-12-26,S003-P0006,Toys,102,129,36.13,36.485,104.66366060074775
2023-12-27,S003-P0006,Toys,5,170,26.06,36.485,50.00487281759291
2023-12-28,S003-P0006,Toys,30,165,30.76,36.485,49.87823746369354
2023-12-29,S003-P0006,Toys,33,143,29.58,36.485,39.49350040442092
2023-12-30,S003-P0006,Toys,26,104,28.72,36.485,50.03071757648196
2023-12-31,S003-P0006,Toys,49,75,33.23,36.485,61.09358776718263
2024-01-01,S003-P0006,Toys,57,100,32.42,36.485,50.713853279811275
2024-01-02,S003-P0006,Toys,41,103,25.42,36.485,69.07094309129923
2024-01-03,S003-P0006,Toys,27,115,23.9,36.485,68.89346610373069
2024-01-04,S003-P0006,Toys,42,86,28.9,36.485,68.65520845885153
2024-01-05,S003-P0006,Toys,26,91,28.73,36.485,61.22867602644477
2024-01-06,S003-P0006,Toys,7,119,29.23,36.485,50.34859759478179
2024-01-07,S003-P0006,Toys,34,111,29.54,36.485,40.21354889560052
2024-01-08,S003-P0006,Toys,10,79,22.51,36.485,69.06017115808034
2024-01-09,S003-P0006,Toys,91,121,36.61,36.485,83.6276838007663
2024-01-10,S003-P0006,Toys,100,132,39.81,36.485,93.73692785703702
2024-01-11,S003-P0006,Toys,140,106,42.84,36.485,104.62378546958735
2024-01-12,S003-P0006,Toys,85,117,35.92,36.485,133.3773114001981
2024-01-13,S003-P0006,Toys,90,128,36.63,36.485,93.8065901465805
2024-01-14,S003-P0006,Toys,46,121,31.21,36.485,93.9583338694494
2024-01-15,S003-P0006,Toys,80,142,35.45,36.485,104.96702949705887
2024-01-16,S003-P0006,Toys,66,123,35.47,36.485,93.84819858695676
2024-01-17,S003-P0006,Toys,84,147,35.81,36.485,83.37878507257321
2024-01-18,S003-P0006,Toys,85,153,34.07,36.485,93.6449958042308
2024-01-19,S003-P0006,Toys,72,167,38.18,36.485,104.5058362097784
2024-01-20,S003-P0006,Toys,79,87,37.14,36.485,104.63963966810701
2024-01-21,S003-P0006,Toys,63,82,29.52,36.485,112.3375493018297
2024-01-22,S003-P0006,Toys,114,97,43.89,36.485,104.83460968392114
2024-01-23,S003-P0006,Toys,179,119,47.58,36.485,122.56769253347824
2024-01-24,S003-P0006,Toys,105,181,31.96,36.485,112.15162185063564
2024-01-25,S003-P0006,Toys,103,193,32.21,36.485,133.32387771016357
2024-01-26,S003-P0006,Toys,120,75,38.21,36.485,83.17145324917476
2024-01-27,S003-P0006,Toys,122,126,42.74,36.485,83.19415139826498
2024-01-28,S003-P0006,Toys,111,137,35.1,36.485,122.59454752745586
2024-01-29,S003-P0006,Toys,88,151,38.3,36.485,83.38634794327878
2024-01-30,S003-P0006,Toys,147,156,48.42,36.485,104.64239028535496
2023-10-03,S003-P0007,Groceries,132,0,17.19,16.23,108.64353181931233
2023-10-04,S003-P0007,Groceries,116,868,18.15,16.23,118.74214702041677
2023-10-05,S003-P0007,Groceries,111,751,17.87,16.23,108.23799318734464
2023-10-06,S003-P0007,Groceries,187,653,15.8,16.23,147.6335463738022
2023-10-07,S003-P0007,Groceries,58,507,12.66,16.23,93.85447561395347
2023-10-08,S003-P0007,Groceries,78,462,14.47,16.23,65.23230697523678
2023-10-09,S003-P0007,Groceries,105,402,17.53,16.23,65.24857402428836
2023-10-10,S003-P0007,Groceries,65,1116,13.74,16.23,104.33369037835736
2023-10-11,S003-P0007,Groceries,102,1070,13.2,16.23,93.88920348238258
2023-10-12,S003-P0007,Groceries,62,969,14.38,16.23,75.27213266150835
2023-10-13,S003-P0007,Groceries,82,899,15.41,16.23,86.32254693374672
2023-10-14,S003-P0007,Groceries,59,838,12.77,16.23,93.89954910524006
2023-10-15,S003-P0007,Groceries,71,802,13.36,16.23,75.74926334314588
2023-10-16,S003-P0007,Groceries,64,754,14.46,16.23,75.76440229217206
2023-10-17,S003-P0007,Groceries,56,700,14.75,16.23,75.63162589901381
2023-10-18,S003-P0007,Groceries,78,646,13.71,16.23,93.87486710471961
2023-10-19,S003-P0007,Groceries,42,561,12.56,16.23,65.07776020664821
2023-10-20,S003-P0007,Groceries,30,530,12.63,16.23,65.0000527381599
2023-10-21,S003-P0007,Groceries,109,508,16.02,16.23,104.35446990916842
2023-10-22,S003-P0007,Groceries,65,440,13.06,16.23,65.44140321873994
2023-10-23,S003-P0007,Groceries,34,390,13.53,16.23,65.40037886920004
2023-10-24,S003-P0007,Groceries,79,369,15.26,16.23,65.37593383324645
2023-10-25,S003-P0007,Groceries,187,789,18.88,16.23,147.8802336925542
2023-10-26,S003-P0007,Groceries,118,648,17.36,16.23,129.93440446831198
2023-10-27,S003-P0007,Groceries,131,535,18.07,16.23,129.96495177323493
2023-10-28,S003-P0007,Groceries,111,383,17.88,16.23,108.70575735887306
2023-10-29,S003-P0007,Groceries,197,864,20.47,16.23,119.38617738605151
2023-10-30,S003-P0007,Groceries,87,737,15.68,16.23,119.34365436123157
2023-10-31,S003-P0007,Groceries,112,675,15.36,16.23,130.33488670374146
2023-11-01,S003-P0007,Groceries,147,606,17.91,16.23,108.81052493003608
2023-11-02,S003-P0007,Groceries,196,1343,22.71,16.23,129.91534298164265
2023-11-03,S003-P0007,Groceries,155,1164,18.34,16.23,119.09162235526605
2023-11-04,S003-P0007,Groceries,202,1039,20.73,16.23,130.20855907369565
2023-11-05,S003-P0007,Groceries,218,811,17.95,16.23,148.27055828826113
2023-11-06,S003-P0007,Groceries,133,676,18.19,16.23,109.06448717627364
2023-11-07,S003-P0007,Groceries,167,581,18.95,16.23,148.08906205563952
2023-11-08,S003-P0007,Groceries,148,468,18.98,16.23,108.73050198307453
2023-11-09,S003-P0007,Groceries,171,1269,19.14,16.23,108.76219224674645
2023-11-10,S003-P0007,Groceries,160,1072,20.69,16.23,108.67973934280201
2023-11-11,S003-P0007,Groceries,197,946,21.64,16.23,130.15822899316146
2023-11-12,S003-P0007,Groceries,167,764,18.0,16.23,130.43706760617164
2023-11-13,S003-P0007,Groceries,112,572,15.36,16.23,137.8291607709781
2023-11-14,S003-P0007,Groceries,91,493,15.94,16.23,108.94628697872483
2023-11-15,S003-P0007,Groceries,138,402,18.47,16.23,130.1980726710152
2023-11-16,S003-P0007,Groceries,153,314,17.31,16.23,147.86476394759995
2023-11-17,S003-P0007,Groceries,109,212,15.12,16.23,147.9449864532265
2023-11-18,S003-P0007,Groceries,125,112,16.82,16.23,159.00347476051317
2023-11-19,S003-P0007,Groceries,157,542,20.47,16.23,130.37216463359874
2023-11-20,S003-P0007,Groceries,74,394,14.25,16.23,109.16318000275368
2023-11-21,S003-P0007,Groceries,209,329,17.83,16.23,148.29373660020772
2023-11-22,S003-P0007,Groceries,248,99,23.09,16.23,158.98090586987675
2023-11-23,S003-P0007,Groceries,157,552,15.35,16.23,137.70313968083178
2023-11-24,S003-P0007,Groceries,118,430,16.48,16.23,119.2364538890556
2023-11-25,S003-P0007,Groceries,121,1057,17.54,16.23,108.91249688646297
2023-11-26,S003-P0007,Groceries,75,950,11.31,16.23,138.0060592374553
2023-11-27,S003-P0007,Groceries,146,878,18.87,16.23,109.19253808839247
2023-11-28,S003-P0007,Groceries,108,769,16.01,16.23,109.06950380460364
2023-11-29,S003-P0007,Groceries,149,688,18.11,16.23,130.26255664625484
2023-11-30,S003-P0007,Groceries,137,556,18.41,16.23,119.18158231679695
2023-12-01,S003-P0007,Groceries,72,449,15.67,16.23,121.75631231436566
2023-12-02,S003-P0007,Groceries,102,396,15.64,16.23,150.7019298923759
2023-12-03,S003-P0007,Groceries,142,784,18.67,16.23,133.0838573227409
2023-12-04,S003-P0007,Groceries,75,683,13.54,16.23,133.19655657105315
2023-12-05,S003-P0007,Groceries,102,638,15.69,16.23,111.6910048277615
2023-12-06,S003-P0007,Groceries,98,575,12.23,16.23,161.7903117590446
2023-12-07,S003-P0007,Groceries,152,475,16.32,16.23,150.59763249841876
2023-12-08,S003-P0007,Groceries,143,375,19.69,16.23,121.76362344836186
2023-12-09,S003-P0007,Groceries,110,232,16.02,16.23,111.62011454179981
2023-12-10,S003-P0007,Groceries,174,136,15.27,16.23,140.63484077546457
2023-12-11,S003-P0007,Groceries,167,503,17.89,16.23,140.58098730990747
2023-12-12,S003-P0007,Groceries,121,356,17.55,16.23,111.69019220241455
2023-12-13,S003-P0007,Groceries,115,277,17.22,16.23,132.8791922950635
2023-12-14,S003-P0007,Groceries,109,804,15.22,16.23,121.84900302681827
2023-12-15,S003-P0007,Groceries,164,704,16.85,16.23,140.2119694751171
2023-12-16,S003-P0007,Groceries,20,584,10.17,16.23,140.4097763383852
2023-12-17,S003-P0007,Groceries,106,571,16.73,16.23,122.05895165313206
2023-12-18,S003-P0007,Groceries,141,495,18.61,16.23,133.12995665950416
2023-12-19,S003-P0007,Groceries,53,1052,11.08,16.23,140.52863004319966
2023-12-20,S003-P0007,Groceries,71,994,13.36,16.23,132.91702245087674
2023-12-21,S003-P0007,Groceries,166,938,21.0,16.23,132.68266298173862
2023-12-22,S003-P0007,Groceries,114,820,16.29,16.23,111.39235396040985
2023-12-23,S003-P0007,Groceries,109,729,14.24,16.23,140.38675869106507
2023-12-24,S003-P0007,Groceries,199,633,17.37,16.23,140.5440357314406
2023-12-25,S003-P0007,Groceries,130,397,18.04,16.23,111.74242437676969
2023-12-26,S003-P0007,Groceries,91,288,15.93,16.23,132.9519339387124
2023-12-27,S003-P0007,Groceries,74,194,15.02,16.23,78.4028268171957
2023-12-28,S003-P0007,Groceries,86,809,15.63,16.23,78.22135113247724
2023-12-29,S003-P0007,Groceries,76,723,15.11,16.23,67.83661407320463
2023-12-30,S003-P0007,Groceries,59,652,12.75,16.23,78.48351190690383
2023-12-31,S003-P0007,Groceries,25,589,12.39,16.23,89.49154176678543
2024-01-01,S003-P0007,Groceries,78,565,12.03,16.23,107.96524194542907
2024-01-02,S003-P0007,Groceries,80,513,16.16,16.23,68.50578176324885
2024-01-03,S003-P0007,Groceries,48,454,12.89,16.23,97.12689911087622
2024-01-04,S003-P0007,Groceries,28,419,10.53,16.23,97.10800278927343
2024-01-05,S003-P0007,Groceries,64,396,13.73,16.23,89.62663002604756
2024-01-06,S003-P0007,Groceries,92,354,14.37,16.23,78.85623225602275
2024-01-07,S003-P0007,Groceries,79,249,16.1,16.23,68.50182223356515
2024-01-08,S003-P0007,Groceries,67,184,14.64,16.23,68.60469049166812
2024-01-09,S003-P0007,Groceries,105,105,17.55,16.23,111.91595713873093
2024-01-10,S003-P0007,Groceries,166,353,17.98,16.23,150.9334761918357
2024-01-11,S003-P0007,Groceries,76,243,14.37,16.23,133.02173946919015
2024-01-12,S003-P0007,Groceries,152,158,17.29,16.23,133.08635172624315
2024-01-13,S003-P0007,Groceries,158,400,18.5,16.23,150.94829815056008
2024-01-14,S003-P0007,Groceries,128,1036,17.9,16.23,122.3562878690522
2024-01-15,S003-P0007,Groceries,143,900,18.73,16.23,133.3101431658426
2024-01-16,S003-P0007,Groceries,131,777,14.47,16.23,151.15442758339358
2024-01-17,S003-P0007,Groceries,75,622,14.24,16.23,140.46565274573373
2024-01-18,S003-P0007,Groceries,99,561,14.73,16.23,122.0429498038336
2024-01-19,S003-P0007,Groceries,81,456,14.59,16.23,133.01347087101936
2024-01-20,S003-P0007,Groceries,162,372,16.8,16.23,161.8910283337248
2024-01-21,S003-P0007,Groceries,87,215,14.9,16.23,111.88206863541754
2024-01-22,S003-P0007,Groceries,65,121,14.53,16.23,133.23256368352395
2024-01-23,S003-P0007,Groceries,65,54,14.5,16.23,122.22189252870423
2024-01-24,S003-P0007,Groceries,56,755,13.34,16.23,111.64130085340437
2024-01-25,S003-P0007,Groceries,145,715,16.83,16.23,161.66699137894727
2024-01-26,S003-P0007,Groceries,83,592,14.67,16.23,111.56940724877757
2024-01-27,S003-P0007,Groceries,162,533,16.6,16.23,140.50038039470186
2024-01-28,S003-P0007,Groceries,123,435,18.55,16.23,122.13906686104366
2024-01-29,S003-P0007,Groceries,113,322,16.25,16.23,111.83914227370067
2024-01-30,S003-P0007,Groceries,114,187,17.13,16.23,133.04034428495777
2023-10-03,S003-P0008,Clothing,37,476,83.96,111.56,98.09607466661143
2023-10-04,S003-P0008,Clothing,120,442,111.84,111.56,137.04812453373086
2023-10-05,S003-P0008,Clothing,116,353,123.43,111.56,97.69053603464374
2023-10-06,S003-P0008,Clothing,138,231,138.92,111.56,108.12297389344816
2023-10-07,S003-P0008,Clothing,85,136,100.6,111.56,54.563264456875736
2023-10-08,S003-P0008,Clothing,96,308,91.55,111.56,83.59312481936993
2023-10-09,S003-P0008,Clothing,66,198,98.91,111.56,54.75595720240653
2023-10-10,S003-P0008,Clothing,88,153,107.22,111.56,65.04247922127962
2023-10-11,S003-P0008,Clothing,72,200,106.43,111.56,54.48831166366667
2023-10-12,S003-P0008,Clothing,88,154,101.61,111.56,93.52326984400335
2023-10-13,S003-P0008,Clothing,88,247,101.67,111.56,75.82993011186488
2023-10-14,S003-P0008,Clothing,70,186,106.0,111.56,54.55349761734323
2023-10-15,S003-P0008,Clothing,94,268,115.14,111.56,65.0921255288068
2023-10-16,S003-P0008,Clothing,63,192,97.62,111.56,65.27178547029023
2023-10-17,S003-P0008,Clothing,55,124,95.0,111.56,65.13900907713199
2023-10-18,S003-P0008,Clothing,133,201,103.98,111.56,83.43709061365686
2023-10-19,S003-P0008,Clothing,114,68,110.69,111.56,83.21921672750506
2023-10-20,S003-P0008,Clothing,92,234,102.83,111.56,54.56227624709715
2023-10-21,S003-P0008,Clothing,151,132,123.45,111.56,93.8070127564675
2023-10-22,S003-P0008,Clothing,91,219,108.24,111.56,54.83910573521995
2023-10-23,S003-P0008,Clothing,148,451,121.55,111.56,83.70635638251412
2023-10-24,S003-P0008,Clothing,123,287,126.15,111.56,54.82847668054553
2023-10-25,S003-P0008,Clothing,77,198,108.64,111.56,108.47934187383831
2023-10-26,S003-P0008,Clothing,128,372,121.45,111.56,119.44178764643016
2023-10-27,S003-P0008,Clothing,144,239,113.27,111.56,148.270929286549
2023-10-28,S003-P0008,Clothing,126,106,114.83,111.56,98.26798086781031
2023-10-29,S003-P0008,Clothing,110,338,109.27,111.56,108.8387202333506
2023-10-30,S003-P0008,Clothing,98,254,116.76,111.56,108.85103753934975
2023-10-31,S003-P0008,Clothing,118,173,111.89,111.56,119.78742955104055
2023-11-01,S003-P0008,Clothing,86,307,106.26,111.56,98.26306777733515
2023-11-02,S003-P0008,Clothing,94,215,109.31,111.56,119.42272615976084
2023-11-03,S003-P0008,Clothing,169,148,122.39,111.56,137.28791920694198
2023-11-04,S003-P0008,Clothing,122,208,119.13,111.56,119.66110192099474
2023-11-05,S003-P0008,Clothing,110,401,102.18,111.56,137.66826080474115
2023-11-06,S003-P0008,Clothing,135,328,130.92,111.56,98.51703002357274
2023-11-07,S003-P0008,Clothing,91,205,113.85,111.56,108.74301056774274
2023-11-08,S003-P0008,Clothing,58,372,101.37,111.56,98.23788516119271
2023-11-09,S003-P0008,Clothing,87,310,94.72,111.56,127.01332942924145
2023-11-10,S003-P0008,Clothing,76,243,91.2,111.56,127.04055718693516
2023-11-11,S003-P0008,Clothing,118,176,130.94,111.56,119.61077184046056
2023-11-12,S003-P0008,Clothing,160,85,119.51,111.56,148.63336445784753
2023-11-13,S003-P0008,Clothing,77,275,103.01,111.56,127.28170361827719
2023-11-14,S003-P0008,Clothing,40,572,84.89,111.56,98.50851048766208
2023-11-15,S003-P0008,Clothing,190,529,151.97,111.56,119.65061551831431
2023-11-16,S003-P0008,Clothing,131,346,122.48,111.56,108.62839312134133
2023-11-17,S003-P0008,Clothing,79,206,86.17,111.56,137.50720996216376
2023-11-18,S003-P0008,Clothing,100,151,92.64,111.56,148.62053860026953
2023-11-19,S003-P0008,Clothing,108,204,114.11,111.56,119.934388142536
2023-11-20,S003-P0008,Clothing,113,125,109.6,111.56,127.41431718524868
2023-11-21,S003-P0008,Clothing,90,257,107.4,111.56,108.94768511231092
2023-11-22,S003-P0008,Clothing,97,161,110.22,111.56,119.74453504361813
2023-11-23,S003-P0008,Clothing,95,82,121.64,111.56,98.19256720047773
2023-11-24,S003-P0008,Clothing,113,185,103.98,111.56,137.4327507407315
2023-11-25,S003-P0008,Clothing,128,250,128.19,111.56,98.41988006458115
2023-11-26,S003-P0008,Clothing,81,161,109.94,111.56,98.55032708792035
2023-11-27,S003-P0008,Clothing,57,332,95.94,111.56,98.64508093569154
2023-11-28,S003-P0008,Clothing,77,264,114.44,111.56,98.46720632108364
2023-11-29,S003-P0008,Clothing,89,197,113.35,111.56,119.66025916273485
2023-11-30,S003-P0008,Clothing,115,133,129.62,111.56,108.57928483327694
2023-12-01,S003-P0008,Clothing,71,209,106.2,111.56,111.26369549248383
2023-12-02,S003-P0008,Clothing,128,133,121.46,111.56,111.46555906611727
2023-12-03,S003-P0008,Clothing,106,177,119.79,111.56,122.4815598392209
2023-12-04,S003-P0008,Clothing,197,356,146.5,111.56,151.33801309190997
2023-12-05,S003-P0008,Clothing,83,222,87.39,111.56,130.05182267189466
2023-12-06,S003-P0008,Clothing,108,568,108.44,111.56,122.38941994032875
2023-12-07,S003-P0008,Clothing,124,497,126.82,111.56,111.25158101052193
2023-12-08,S003-P0008,Clothing,54,371,104.96,111.56,111.21616629566094
2023-12-09,S003-P0008,Clothing,102,309,124.32,111.56,100.96297672746073
2023-12-10,S003-P0008,Clothing,114,226,110.41,111.56,101.23394895674866
2023-12-11,S003-P0008,Clothing,72,94,112.38,111.56,101.18009549119154
2023-12-12,S003-P0008,Clothing,151,252,109.6,111.56,129.9961697157286
2023-12-13,S003-P0008,Clothing,85,109,105.86,111.56,122.38657547318165
2023-12-14,S003-P0008,Clothing,166,384,107.25,111.56,140.15498054013236
2023-12-15,S003-P0008,Clothing,192,230,128.81,111.56,129.71935265323526
2023-12-16,S003-P0008,Clothing,64,472,108.83,111.56,100.95404418885022
2023-12-17,S003-P0008,Clothing,104,427,100.0,111.56,140.4197694972652
2023-12-18,S003-P0008,Clothing,106,356,126.02,111.56,122.52765917598416
2023-12-19,S003-P0008,Clothing,135,273,124.51,111.56,101.12773822448378
2023-12-20,S003-P0008,Clothing,224,171,123.78,111.56,151.2229999641908
2023-12-21,S003-P0008,Clothing,150,322,136.5,111.56,122.1352058290377
2023-12-22,S003-P0008,Clothing,135,565,111.3,111.56,129.64349114290485
2023-12-23,S003-P0008,Clothing,159,447,110.68,111.56,129.89414186918324
2023-12-24,S003-P0008,Clothing,133,340,137.13,111.56,101.08830358190565
2023-12-25,S003-P0008,Clothing,103,203,106.71,111.56,101.24980755488787
2023-12-26,S003-P0008,Clothing,112,133,109.08,111.56,151.25791145202646
2023-12-27,S003-P0008,Clothing,53,253,89.46,111.56,67.91020999531386
2023-12-28,S003-P0008,Clothing,77,191,108.73,111.56,67.72873431059541
2023-12-29,S003-P0008,Clothing,103,102,118.64,111.56,57.343997251322804
2023-12-30,S003-P0008,Clothing,128,191,121.68,111.56,67.88121442338384
2023-12-31,S003-P0008,Clothing,178,234,139.54,111.56,79.05376527572268
2024-01-01,S003-P0008,Clothing,38,49,88.45,111.56,68.56435012671315
2024-01-02,S003-P0008,Clothing,120,430,125.01,111.56,57.95832461054795
2024-01-03,S003-P0008,Clothing,115,315,97.25,111.56,86.74396295063258
2024-01-04,S003-P0008,Clothing,121,228,100.32,111.56,86.5605456365725
2024-01-05,S003-P0008,Clothing,212,135,136.49,111.56,107.87776720854255
2024-01-06,S003-P0008,Clothing,189,276,151.72,111.56,68.25393477250276
2024-01-07,S003-P0008,Clothing,93,443,108.6,111.56,58.0640457425024
2024-01-08,S003-P0008,Clothing,191,385,152.28,111.56,58.00239300814815
2024-01-09,S003-P0008,Clothing,93,196,108.51,111.56,130.16709432122593
2024-01-10,S003-P0008,Clothing,118,507,130.93,111.56,111.58742470393891
2024-01-11,S003-P0008,Clothing,107,428,95.93,111.56,151.3277169825042
2024-01-12,S003-P0008,Clothing,75,305,102.46,111.56,122.48405424272318
2024-01-13,S003-P0008,Clothing,168,239,136.34,111.56,111.65708699348238
2024-01-14,S003-P0008,Clothing,111,59,115.33,111.56,111.86367104717036
2024-01-15,S003-P0008,Clothing,129,275,122.23,111.56,122.81752634396076
2024-01-16,S003-P0008,Clothing,120,168,105.36,111.56,140.60697043069268
2024-01-17,S003-P0008,Clothing,155,326,116.7,111.56,130.027876254671
2024-01-18,S003-P0008,Clothing,50,171,98.21,111.56,111.4406523203136
2024-01-19,S003-P0008,Clothing,106,424,125.9,111.56,122.35633305668028
2024-01-20,S003-P0008,Clothing,116,337,123.62,111.56,122.4901365150089
2024-01-21,S003-P0008,Clothing,107,214,113.92,111.56,101.38945181353569
2024-01-22,S003-P0008,Clothing,122,140,119.74,111.56,122.73994686164212
2024-01-23,S003-P0008,Clothing,88,207,84.54,111.56,140.58271037283737
2024-01-24,S003-P0008,Clothing,187,374,120.7,111.56,129.94727836671845
2024-01-25,S003-P0008,Clothing,109,156,114.87,111.56,122.32093989105049
2024-01-26,S003-P0008,Clothing,135,379,130.97,111.56,100.91226943443849
2024-01-27,S003-P0008,Clothing,149,233,115.85,111.56,129.8980829111819
2024-01-28,S003-P0008,Clothing,74,102,107.28,111.56,111.59160970834274
2024-01-29,S003-P0008,Clothing,166,322,150.24,111.56,101.23684479018067
2024-01-30,S003-P0008,Clothing,114,170,116.51,111.56,122.54772746307594
2023-10-03,S003-P0009,Groceries,42,198,37.63,53.78,137.38728582368915
2023-10-04,S003-P0009,Groceries,144,158,62.44,53.78,118.79698735123586
2023-10-05,S003-P0009,Groceries,81,163,53.93,53.78,108.23799318734464
2023-10-06,S003-P0009,Groceries,147,104,63.05,53.78,118.67043104614908
2023-10-07,S003-P0009,Groceries,92,161,47.85,53.78,65.11072160957664
2023-10-08,S003-P0009,Groceries,87,54,49.49,53.78,93.9760609796136
2023-10-09,S003-P0009,Groceries,51,71,43.54,53.78,65.30341435510744
2023-10-10,S003-P0009,Groceries,96,68,56.78,53.78,75.53509604316145
2023-10-11,S003-P0009,Groceries,61,113,47.64,53.78,64.9809284855485
2023-10-12,S003-P0009,Groceries,97,44,51.32,53.78,75.32697299232744
2023-10-13,S003-P0009,Groceries,30,88,39.9,53.78,86.32254693374672
2023-10-14,S003-P0009,Groceries,67,52,41.43,53.78,93.95438943605913
2023-10-15,S003-P0009,Groceries,77,64,47.79,53.78,75.74926334314588
2023-10-16,S003-P0009,Groceries,70,71,46.63,53.78,75.81924262299114
2023-10-17,S003-P0009,Groceries,59,97,42.51,53.78,75.74130656065198
2023-10-18,S003-P0009,Groceries,82,106,38.53,53.78,94.03938809717687
2023-10-19,S003-P0009,Groceries,46,120,47.26,53.78,64.96807954501006
2023-10-20,S003-P0009,Groceries,61,75,50.19,53.78,65.0000527381599
2023-10-21,S003-P0009,Groceries,111,102,42.36,53.78,104.51899090162567
2023-10-22,S003-P0009,Groceries,92,136,50.38,53.78,65.44140321873994
2023-10-23,S003-P0009,Groceries,129,39,50.4,53.78,94.30865386603412
2023-10-24,S003-P0009,Groceries,82,153,46.19,53.78,65.43077416406553
2023-10-25,S003-P0009,Groceries,163,68,65.84,53.78,119.02679902653922
2023-10-26,S003-P0009,Groceries,185,133,59.39,53.78,158.73299880350788
2023-10-27,S003-P0009,Groceries,169,195,56.41,53.78,158.8183864392499
2023-10-28,S003-P0009,Groceries,147,201,53.57,53.78,137.55919202488806
2023-10-29,S003-P0009,Groceries,171,25,70.87,53.78,119.27649672441335
2023-10-30,S003-P0009,Groceries,107,148,52.84,53.78,119.45333502286974
2023-10-31,S003-P0009,Groceries,120,78,55.33,53.78,130.28004637292238
2023-11-01,S003-P0009,Groceries,95,127,51.05,53.78,108.755684599217
2023-11-02,S003-P0009,Groceries,148,141,53.28,53.78,158.8236179784767
2023-11-03,S003-P0009,Groceries,158,203,48.68,53.78,147.94505702128103
2023-11-04,S003-P0009,Groceries,115,78,51.31,53.78,158.95231307807245
2023-11-05,S003-P0009,Groceries,133,124,54.46,53.78,119.41712362224618
2023-11-06,S003-P0009,Groceries,119,154,61.08,53.78,109.00964684545457
2023-11-07,S003-P0009,Groceries,141,195,62.02,53.78,119.34530805126275
2023-11-08,S003-P0009,Groceries,111,40,42.43,53.78,137.6936173107277
2023-11-09,S003-P0009,Groceries,172,94,63.99,53.78,108.76219224674645
2023-11-10,S003-P0009,Groceries,121,160,58.29,53.78,108.67973934280201
2023-11-11,S003-P0009,Groceries,185,148,73.53,53.78,130.15822899316146
2023-11-12,S003-P0009,Groceries,101,207,49.24,53.78,130.43706760617164
2023-11-13,S003-P0009,Groceries,108,129,50.5,53.78,137.8291607709781
2023-11-14,S003-P0009,Groceries,188,131,55.57,53.78,137.90940230637796
2023-11-15,S003-P0009,Groceries,190,191,67.03,53.78,130.2529130018343
2023-11-16,S003-P0009,Groceries,126,224,59.26,53.78,119.06616961240408
2023-11-17,S003-P0009,Groceries,39,143,43.7,53.78,119.09155178721151
2023-11-18,S003-P0009,Groceries,155,102,50.89,53.78,159.16799575297043
2023-11-19,S003-P0009,Groceries,181,149,72.81,53.78,130.37216463359874
2023-11-20,S003-P0009,Groceries,133,195,60.57,53.78,109.1083396719346
2023-11-21,S003-P0009,Groceries,108,63,47.62,53.78,148.23889626938865
2023-11-22,S003-P0009,Groceries,100,87,49.17,53.78,130.29199219631903
2023-11-23,S003-P0009,Groceries,138,115,55.21,53.78,108.8497050148168
2023-11-24,S003-P0009,Groceries,90,179,47.53,53.78,119.2364538890556
2023-11-25,S003-P0009,Groceries,144,115,46.85,53.78,137.8756122141161
2023-11-26,S003-P0009,Groceries,89,161,52.58,53.78,109.09778424062128
2023-11-27,S003-P0009,Groceries,109,87,56.21,53.78,109.19253808839247
2023-11-28,S003-P0009,Groceries,172,112,63.95,53.78,137.81325780898044
2023-11-29,S003-P0009,Groceries,204,183,65.95,53.78,130.3173969770739
2023-11-30,S003-P0009,Groceries,91,185,55.76,53.78,119.12674198597786
2023-12-01,S003-P0009,Groceries,83,80,43.76,53.78,150.60974698038066
2023-12-02,S003-P0009,Groceries,94,95,50.63,53.78,122.01301621881818
2023-12-03,S003-P0009,Groceries,169,142,50.15,53.78,161.99213231957492
2023-12-04,S003-P0009,Groceries,162,215,51.83,53.78,162.04999123706813
2023-12-05,S003-P0009,Groceries,118,117,57.84,53.78,111.6361644969424
2023-12-06,S003-P0009,Groceries,265,129,75.3,53.78,161.68063109740646
2023-12-07,S003-P0009,Groceries,179,301,72.37,53.78,121.74419783240376
2023-12-08,S003-P0009,Groceries,183,129,62.52,53.78,121.87330411000002
2023-12-09,S003-P0009,Groceries,140,195,55.5,53.78,111.62011454179981
2023-12-10,S003-P0009,Groceries,165,92,66.18,53.78,111.67172544781141
2023-12-11,S003-P0009,Groceries,167,175,63.08,53.78,111.83723330553062
2023-12-12,S003-P0009,Groceries,150,189,47.72,53.78,140.59846719924857
2023-12-13,S003-P0009,Groceries,239,208,75.36,53.78,161.62294629944026
2023-12-14,S003-P0009,Groceries,130,198,63.15,53.78,121.7393223651801
2023-12-15,S003-P0009,Groceries,97,58,48.6,53.78,111.46821547074026
2023-12-16,S003-P0009,Groceries,69,108,48.96,53.78,111.55634167237022
2023-12-17,S003-P0009,Groceries,172,117,50.61,53.78,151.02206698078518
2023-12-18,S003-P0009,Groceries,152,161,47.93,53.78,162.0382316563382
2023-12-19,S003-P0009,Groceries,106,217,52.87,53.78,111.6751953771847
2023-12-20,S003-P0009,Groceries,113,96,59.83,53.78,132.80734178923856
2023-12-21,S003-P0009,Groceries,116,103,48.43,53.78,161.59093797857267
2023-12-22,S003-P0009,Groceries,70,127,49.24,53.78,111.39235396040985
2023-12-23,S003-P0009,Groceries,126,76,56.31,53.78,111.53332402505009
2023-12-24,S003-P0009,Groceries,125,134,55.94,53.78,111.74544139624473
2023-12-25,S003-P0009,Groceries,60,153,47.45,53.78,111.74242437676969
2023-12-26,S003-P0009,Groceries,203,90,58.39,53.78,161.86020893554644
2023-12-27,S003-P0009,Groceries,39,165,39.27,53.78,78.45766714801478
2023-12-28,S003-P0009,Groceries,59,129,44.82,53.78,78.3310317941154
2023-12-29,S003-P0009,Groceries,92,77,53.2,53.78,67.83661407320463
2023-12-30,S003-P0009,Groceries,76,98,50.27,53.78,78.37383124526566
2023-12-31,S003-P0009,Groceries,68,121,48.85,53.78,89.54638209760452
2024-01-01,S003-P0009,Groceries,86,50,54.8,53.78,79.0021266177759
2024-01-02,S003-P0009,Groceries,59,83,35.45,53.78,97.46889709090203
2024-01-03,S003-P0009,Groceries,73,106,49.75,53.78,68.3831451064994
2024-01-04,S003-P0009,Groceries,49,96,45.54,53.78,68.19972779243935
2024-01-05,S003-P0009,Groceries,69,62,44.11,53.78,89.68147035686664
2024-01-06,S003-P0009,Groceries,57,66,42.24,53.78,107.5451459295805
2024-01-07,S003-P0009,Groceries,40,66,41.48,53.78,68.6115028952033
2024-01-08,S003-P0009,Groceries,47,88,47.4,53.78,68.54985016084905
2024-01-09,S003-P0009,Groceries,138,47,58.2,53.78,140.71455147392683
2024-01-10,S003-P0009,Groceries,88,164,49.63,53.78,122.24456251827799
2024-01-11,S003-P0009,Groceries,175,107,64.37,53.78,161.76549347356692
2024-01-12,S003-P0009,Groceries,106,155,50.16,53.78,133.08635172624315
2024-01-13,S003-P0009,Groceries,102,45,54.94,53.78,122.2045441461833
2024-01-14,S003-P0009,Groceries,81,105,46.0,53.78,122.41112819987127
2024-01-15,S003-P0009,Groceries,131,85,63.32,53.78,133.3101431658426
2024-01-16,S003-P0009,Groceries,110,143,53.49,53.78,151.0447469217554
2024-01-17,S003-P0009,Groceries,161,156,55.18,53.78,140.57533340737191
2024-01-18,S003-P0009,Groceries,24,197,43.07,53.78,121.93326914219543
2024-01-19,S003-P0009,Groceries,128,176,59.61,53.78,132.90379020938119
2024-01-20,S003-P0009,Groceries,106,72,49.75,53.78,161.8910283337248
2024-01-21,S003-P0009,Groceries,133,98,54.39,53.78,140.6258226397943
2024-01-22,S003-P0009,Groceries,106,124,55.7,53.78,133.28740401434302
2024-01-23,S003-P0009,Groceries,121,98,52.59,53.78,122.2767328595233
2024-01-24,S003-P0009,Groceries,193,127,59.98,53.78,140.49473551941935
2024-01-25,S003-P0009,Groceries,180,159,68.95,53.78,132.8683970437514
2024-01-26,S003-P0009,Groceries,94,201,50.76,53.78,111.51456691795849
2024-01-27,S003-P0009,Groceries,164,97,59.53,53.78,140.39069973306368
2024-01-28,S003-P0009,Groceries,103,146,55.11,53.78,122.19390719186275
2024-01-29,S003-P0009,Groceries,138,40,61.48,53.78,111.83914227370067
2024-01-30,S003-P0009,Groceries,151,123,63.68,53.78,133.04034428495777
2023-10-03,S003-P0010,Groceries,103,112,37.67,38.805,137.33244549287005
2023-10-04,S003-P0010,Groceries,153,157,39.0,38.805,147.65042201725083
2023-10-05,S003-P0010,Groceries,91,187,40.28,38.805,108.23799318734464
2023-10-06,S003-P0010,Groceries,180,89,47.32,38.805,118.72527137696817
2023-10-07,S003-P0010,Groceries,67,209,31.64,38.805,93.79963528313439
2023-10-08,S003-P0010,Groceries,57,140,35.59,38.805,65.17746664441768
2023-10-09,S003-P0010,Groceries,53,85,31.64,38.805,65.30341435510744
2023-10-10,S003-P0010,Groceries,61,100,32.63,38.805,75.64477670479961
2023-10-11,S003-P0010,Groceries,70,106,37.36,38.805,64.9809284855485
2023-10-12,S003-P0010,Groceries,85,134,35.49,38.805,104.07072699670427
2023-10-13,S003-P0010,Groceries,101,149,39.57,38.805,86.32254693374672
2023-10-14,S003-P0010,Groceries,80,165,31.04,38.805,94.00922976687824
2023-10-15,S003-P0010,Groceries,62,103,36.38,38.805,75.63958268150772
2023-10-16,S003-P0010,Groceries,105,103,38.1,38.805,75.76440229217206
2023-10-17,S003-P0010,Groceries,31,118,27.48,38.805,75.74130656065198
2023-10-18,S003-P0010,Groceries,78,86,34.72,38.805,65.13111310034279
2023-10-19,S003-P0010,Groceries,113,104,34.94,38.805,93.82151421102503
2023-10-20,S003-P0010,Groceries,97,121,41.1,38.805,65.0000527381599
2023-10-21,S003-P0010,Groceries,92,134,36.36,38.805,104.35446990916842
2023-10-22,S003-P0010,Groceries,125,127,31.99,38.805,94.29483788475494
2023-10-23,S003-P0010,Groceries,63,181,32.95,38.805,65.45521920001912
2023-10-24,S003-P0010,Groceries,58,126,34.02,38.805,65.37593383324645
2023-10-25,S003-P0010,Groceries,111,79,40.84,38.805,119.02679902653922
2023-10-26,S003-P0010,Groceries,137,130,39.76,38.805,129.98924479913106
2023-10-27,S003-P0010,Groceries,134,151,46.15,38.805,129.91011144241583
2023-10-28,S003-P0010,Groceries,121,117,39.94,38.805,137.50435169406896
2023-10-29,S003-P0010,Groceries,160,138,47.21,38.805,119.33133705523244
2023-10-30,S003-P0010,Groceries,157,145,42.09,38.805,119.45333502286974
2023-10-31,S003-P0010,Groceries,116,164,41.55,38.805,130.22520604210328
2023-11-01,S003-P0010,Groceries,99,185,37.24,38.805,108.81052493003608
2023-11-02,S003-P0010,Groceries,111,93,32.72,38.805,158.8236179784767
2023-11-03,S003-P0010,Groceries,153,134,48.68,38.805,118.98194169362789
2023-11-04,S003-P0010,Groceries,270,142,54.98,38.805,158.95231307807245
2023-11-05,S003-P0010,Groceries,78,304,36.62,38.805,119.30744296060801
2023-11-06,S003-P0010,Groceries,70,210,35.54,38.805,109.00964684545457
2023-11-07,S003-P0010,Groceries,90,161,34.33,38.805,148.08906205563952
2023-11-08,S003-P0010,Groceries,204,62,41.74,38.805,137.6936173107277
2023-11-09,S003-P0010,Groceries,133,219,39.07,38.805,137.50594625112328
2023-11-10,S003-P0010,Groceries,131,107,43.41,38.805,108.67973934280201
2023-11-11,S003-P0010,Groceries,219,138,51.95,38.805,130.26790965479964
2023-11-12,S003-P0010,Groceries,130,206,36.83,38.805,159.18082161054843
2023-11-13,S003-P0010,Groceries,136,105,41.72,38.805,109.14024709742037
2023-11-14,S003-P0010,Groceries,69,121,31.82,38.805,109.05596764036301
2023-11-15,S003-P0010,Groceries,174,114,39.21,38.805,159.0515073370302
2023-11-16,S003-P0010,Groceries,125,141,40.37,38.805,119.17585027404225
2023-11-17,S003-P0010,Groceries,100,101,37.49,38.805,119.1463921180306
2023-11-18,S003-P0010,Groceries,171,105,48.58,38.805,130.25972075613637
2023-11-19,S003-P0010,Groceries,200,199,49.59,38.805,159.1707589687946
2023-11-20,S003-P0010,Groceries,76,186,38.19,38.805,109.1083396719346
2023-11-21,S003-P0010,Groceries,139,121,40.06,38.805,119.49514226501184
2023-11-22,S003-P0010,Groceries,204,149,44.53,38.805,159.09058653151493
2023-11-23,S003-P0010,Groceries,69,185,33.51,38.805,137.53861868837453
2023-11-24,S003-P0010,Groceries,116,111,41.51,38.805,119.12677322741743
2023-11-25,S003-P0010,Groceries,125,97,40.58,38.805,108.96733721728205
2023-11-26,S003-P0010,Groceries,48,131,32.64,38.805,109.04294390980218
2023-11-27,S003-P0010,Groceries,152,84,43.72,38.805,109.24737841921154
2023-11-28,S003-P0010,Groceries,131,180,41.15,38.805,109.12434413542272
2023-11-29,S003-P0010,Groceries,125,206,40.38,38.805,130.3173969770739
2023-11-30,S003-P0010,Groceries,85,124,33.74,38.805,119.23642264761602
2023-12-01,S003-P0010,Groceries,161,137,44.89,38.805,121.81115264518475
2023-12-02,S003-P0010,Groceries,100,178,37.46,38.805,121.9581758879991
2023-12-03,S003-P0010,Groceries,118,110,41.75,38.805,133.0838573227409
2023-12-04,S003-P0010,Groceries,131,124,41.25,38.805,133.14171624023408
2023-12-05,S003-P0010,Groceries,97,169,38.99,38.805,111.6361644969424
2023-12-06,S003-P0010,Groceries,182,100,52.7,38.805,132.82719643139149
2023-12-07,S003-P0010,Groceries,109,189,42.68,38.805,121.74419783240376
2023-12-08,S003-P0010,Groceries,176,68,38.86,38.805,150.726738776015
2023-12-09,S003-P0010,Groceries,108,152,32.33,38.805,140.4187088769957
2023-12-10,S003-P0010,Groceries,146,152,34.04,38.805,140.63484077546457
2023-12-11,S003-P0010,Groceries,77,128,27.32,38.805,140.69066797154562
2023-12-12,S003-P0010,Groceries,129,137,41.01,38.805,111.69019220241455
2023-12-13,S003-P0010,Groceries,144,178,40.58,38.805,132.93403262588257
2023-12-14,S003-P0010,Groceries,79,191,33.05,38.805,121.84900302681827
2023-12-15,S003-P0010,Groceries,51,113,33.03,38.805,111.35853480910208
2023-12-16,S003-P0010,Groceries,52,131,29.87,38.805,111.6111820031893
2023-12-17,S003-P0010,Groceries,106,88,34.17,38.805,150.91238631914703
2023-12-18,S003-P0010,Groceries,100,130,31.58,38.805,161.98339132551914
2023-12-19,S003-P0010,Groceries,38,164,33.01,38.805,111.6203550463656
2023-12-20,S003-P0010,Groceries,224,135,47.14,38.805,161.66077645525354
2023-12-21,S003-P0010,Groceries,181,200,52.57,38.805,132.68266298173862
2023-12-22,S003-P0010,Groceries,104,160,37.83,38.805,111.44719429122893
2023-12-23,S003-P0010,Groceries,84,160,35.38,38.805,111.58816435586917
2023-12-24,S003-P0010,Groceries,207,90,39.94,38.805,140.59887606225968
2023-12-25,S003-P0010,Groceries,4,197,24.33,38.805,140.48617838114652
2023-12-26,S003-P0010,Groceries,172,193,48.68,38.805,133.00677426953146
2023-12-27,S003-P0010,Groceries,96,236,32.75,38.805,107.2562614832107
2023-12-28,S003-P0010,Groceries,123,162,40.29,38.805,78.27619146329633
2023-12-29,S003-P0010,Groceries,66,188,33.18,38.805,67.94629473484278
2023-12-30,S003-P0010,Groceries,86,113,39.66,38.805,78.37383124526566
2023-12-31,S003-P0010,Groceries,95,155,38.83,38.805,89.54638209760452
2024-01-01,S003-P0010,Groceries,94,168,30.53,38.805,107.96524194542907
2024-01-02,S003-P0010,Groceries,52,81,33.26,38.805,68.56062209406795
2024-01-03,S003-P0010,Groceries,58,78,32.32,38.805,68.3831451064994
2024-01-04,S003-P0010,Groceries,45,97,30.61,38.805,96.99832212763525
2024-01-05,S003-P0010,Groceries,193,109,48.76,38.805,118.37038403042439
2024-01-06,S003-P0010,Groceries,75,209,38.05,38.805,78.74655159438458
2024-01-07,S003-P0010,Groceries,68,123,30.04,38.805,97.35525689958013
2024-01-08,S003-P0010,Groceries,56,133,33.67,38.805,68.54985016084905
2024-01-09,S003-P0010,Groceries,161,71,44.78,38.805,112.02563780036911
2024-01-10,S003-P0010,Groceries,186,181,39.92,38.805,151.09799718429295
2024-01-11,S003-P0010,Groceries,124,257,40.35,38.805,133.07657980000923
2024-01-12,S003-P0010,Groceries,116,122,39.43,38.805,133.03151139542408
2024-01-13,S003-P0010,Groceries,107,127,40.35,38.805,122.1497038153642
2024-01-14,S003-P0010,Groceries,114,126,41.18,38.805,122.3014475382331
2024-01-15,S003-P0010,Groceries,119,129,39.73,38.805,133.36498349666167
2024-01-16,S003-P0010,Groceries,142,184,35.41,38.805,151.20926791421266
2024-01-17,S003-P0010,Groceries,98,252,35.31,38.805,140.46565274573373
2024-01-18,S003-P0010,Groceries,122,180,40.08,38.805,122.0429498038336
2024-01-19,S003-P0010,Groceries,116,192,43.73,38.805,132.90379020938119
2024-01-20,S003-P0010,Groceries,58,95,34.03,38.805,133.0375936677098
2024-01-21,S003-P0010,Groceries,77,87,32.77,38.805,140.6258226397943
2024-01-22,S003-P0010,Groceries,94,99,36.78,38.805,133.28740401434302
2024-01-23,S003-P0010,Groceries,96,148,36.99,38.805,122.22189252870423
2024-01-24,S003-P0010,Groceries,228,159,44.21,38.805,140.54957585023843
2024-01-25,S003-P0010,Groceries,90,195,40.17,38.805,132.8135567129323
2024-01-26,S003-P0010,Groceries,18,132,28.88,38.805,111.45972658713939
2024-01-27,S003-P0010,Groceries,137,120,37.63,38.805,140.4455400638828
2024-01-28,S003-P0010,Groceries,104,151,35.91,38.805,122.24874752268182
2024-01-29,S003-P0010,Groceries,94,135,34.81,38.805,111.89398260451975
2024-01-30,S003-P0010,Groceries,132,111,45.8,38.805,133.04034428495777
2023-10-03,S003-P0011,Electronics,107,356,128.63,118.72,84.03025630602875
2023-10-04,S003-P0011,Electronics,65,239,100.22,118.72,94.34823283040951
2023-10-05,S003-P0011,Electronics,204,193,168.65,118.72,83.73439833569924
2023-10-06,S003-P0011,Electronics,51,60,105.59,118.72,94.16683619450366
2023-10-07,S003-P0011,Electronics,49,399,99.08,118.72,69.29604043148899
2023-10-08,S003-P0011,Electronics,72,355,96.25,118.72,69.58214678960636
2023-10-09,S003-P0011,Electronics,38,280,100.23,118.72,40.799819503462025
2023-10-10,S003-P0011,Electronics,158,255,112.16,118.72,79.9946165191692
2023-10-11,S003-P0011,Electronics,35,102,88.95,118.72,40.587014295541245
2023-10-12,S003-P0011,Electronics,51,336,79.25,118.72,79.7316531375161
2023-10-13,S003-P0011,Electronics,64,283,116.5,118.72,61.764111751282215
2023-10-14,S003-P0011,Electronics,54,208,96.2,118.72,40.707040580036896
2023-10-15,S003-P0011,Electronics,49,159,104.55,118.72,51.1359878298623
2023-10-16,S003-P0011,Electronics,62,115,104.13,118.72,51.31564777134572
2023-10-17,S003-P0011,Electronics,148,148,137.69,118.72,79.92662538256431
2023-10-18,S003-P0011,Electronics,75,47,121.24,118.72,40.57267791787827
2023-10-19,S003-P0011,Electronics,78,268,92.21,118.72,69.42760002101781
2023-10-20,S003-P0011,Electronics,56,213,101.87,118.72,40.60613854815265
2023-10-21,S003-P0011,Electronics,99,150,118.52,118.72,79.850875057523
2023-10-22,S003-P0011,Electronics,78,72,110.56,118.72,40.937808367094526
2023-10-23,S003-P0011,Electronics,64,237,99.28,118.72,69.75021868356961
2023-10-24,S003-P0011,Electronics,57,181,113.73,118.72,40.817498650781936
2023-10-25,S003-P0011,Electronics,177,115,149.43,118.72,94.5780445057129
2023-10-26,S003-P0011,Electronics,99,0,106.59,118.72,134.22940395186248
2023-10-27,S003-P0011,Electronics,77,376,109.88,118.72,105.51619725240859
2023-10-28,S003-P0011,Electronics,114,314,131.65,118.72,84.25700283804673
2023-10-29,S003-P0011,Electronics,41,190,106.62,118.72,94.77290187276793
2023-10-30,S003-P0011,Electronics,84,147,112.65,118.72,94.94974017122432
2023-10-31,S003-P0011,Electronics,134,77,132.88,118.72,105.77645152127697
2023-11-01,S003-P0011,Electronics,93,156,116.36,118.72,84.30693007839065
2023-11-02,S003-P0011,Electronics,142,383,135.38,118.72,105.52142879163542
2023-11-03,S003-P0011,Electronics,108,222,128.84,118.72,94.47834684198247
2023-11-04,S003-P0011,Electronics,151,110,115.72,118.72,134.5583988880652
2023-11-05,S003-P0011,Electronics,145,215,144.13,118.72,94.8038481089626
2023-11-06,S003-P0011,Electronics,181,316,142.3,118.72,113.35948665982414
2023-11-07,S003-P0011,Electronics,104,190,127.19,118.72,94.84171319961733
2023-11-08,S003-P0011,Electronics,113,418,117.83,118.72,84.33658779306728
2023-11-09,S003-P0011,Electronics,76,318,115.58,118.72,84.20375706428194
2023-11-10,S003-P0011,Electronics,139,254,141.86,118.72,84.17614449115658
2023-11-11,S003-P0011,Electronics,190,164,130.25,118.72,134.56290913835014
2023-11-12,S003-P0011,Electronics,48,305,104.14,118.72,105.87863242370716
2023-11-13,S003-P0011,Electronics,104,275,127.13,118.72,84.52697158413679
2023-11-14,S003-P0011,Electronics,150,161,146.2,118.72,84.4975324578985
2023-11-15,S003-P0011,Electronics,98,42,105.27,118.72,134.54791248538478
2023-11-16,S003-P0011,Electronics,100,258,132.43,118.72,94.56257476075866
2023-11-17,S003-P0011,Electronics,188,139,129.48,118.72,123.49623193240018
2023-11-18,S003-P0011,Electronics,56,168,90.7,118.72,134.60956057050595
2023-11-19,S003-P0011,Electronics,122,463,134.75,118.72,105.92341011277242
2023-11-20,S003-P0011,Electronics,109,346,116.59,118.72,84.71442548192735
2023-11-21,S003-P0011,Electronics,84,227,106.49,118.72,123.73530141774324
2023-11-22,S003-P0011,Electronics,138,166,127.13,118.72,105.78839734467363
2023-11-23,S003-P0011,Electronics,77,211,110.32,118.72,84.29126983235233
2023-11-24,S003-P0011,Electronics,136,453,110.79,118.72,123.58629370342516
2023-11-25,S003-P0011,Electronics,127,353,122.41,118.72,113.26233670083255
2023-11-26,S003-P0011,Electronics,123,209,127.98,118.72,113.33794339335265
2023-11-27,S003-P0011,Electronics,96,129,117.92,118.72,84.68894323674704
2023-11-28,S003-P0011,Electronics,92,289,122.38,118.72,84.56590895295824
2023-11-29,S003-P0011,Electronics,142,201,128.74,118.72,105.81380212542851
2023-11-30,S003-P0011,Electronics,140,108,134.88,118.72,94.67798746515153
2023-12-01,S003-P0011,Electronics,199,341,141.57,118.72,126.10615212873526
2023-12-02,S003-P0011,Electronics,105,214,127.71,118.72,97.3997407055346
2023-12-03,S003-P0011,Electronics,156,569,148.73,118.72,108.5254221402764
2023-12-04,S003-P0011,Electronics,94,423,103.68,118.72,137.49155605460365
2023-12-05,S003-P0011,Electronics,59,351,108.75,118.72,87.18740997611607
2023-12-06,S003-P0011,Electronics,215,292,147.23,118.72,137.17703624576106
2023-12-07,S003-P0011,Electronics,169,58,121.71,118.72,126.20371830841151
2023-12-08,S003-P0011,Electronics,120,413,140.97,118.72,97.26002859671644
2023-12-09,S003-P0011,Electronics,69,313,84.68,118.72,115.96995435616938
2023-12-10,S003-P0011,Electronics,67,265,112.06,118.72,87.22297092698508
2023-12-11,S003-P0011,Electronics,146,196,123.03,118.72,116.07739245826207
2023-12-12,S003-P0011,Electronics,97,69,124.25,118.72,87.13175701995004
2023-12-13,S003-P0011,Electronics,103,269,133.52,118.72,108.32075711259898
2023-12-14,S003-P0011,Electronics,138,151,141.5,118.72,97.23572751353468
2023-12-15,S003-P0011,Electronics,104,0,127.39,118.72,86.85493995745668
2023-12-16,S003-P0011,Electronics,66,229,88.21,118.72,115.96102181755887
2023-12-17,S003-P0011,Electronics,144,351,136.14,118.72,97.6650374631248
2023-12-18,S003-P0011,Electronics,121,214,127.36,118.72,108.68120213867782
2023-12-19,S003-P0011,Electronics,124,81,115.17,118.72,115.97019486073518
2023-12-20,S003-P0011,Electronics,141,248,135.34,118.72,108.35858726841225
2023-12-21,S003-P0011,Electronics,131,97,131.31,118.72,108.28874879173136
2023-12-22,S003-P0011,Electronics,73,249,108.51,118.72,115.63251311314124
2023-12-23,S003-P0011,Electronics,111,175,123.66,118.72,87.02972917340466
2023-12-24,S003-P0011,Electronics,65,49,100.28,118.72,87.2418465445993
2023-12-25,S003-P0011,Electronics,131,230,145.58,118.72,87.18398919430518
2023-12-26,S003-P0011,Electronics,122,120,106.42,118.72,137.4114544147201
2023-12-27,S003-P0011,Electronics,37,253,94.49,118.72,53.95407229636937
2023-12-28,S003-P0011,Electronics,64,219,110.85,118.72,53.71775628083183
2023-12-29,S003-P0011,Electronics,96,153,124.1,118.72,43.3878595523783
2023-12-30,S003-P0011,Electronics,18,78,87.03,118.72,53.97991705525842
2023-12-31,S003-P0011,Electronics,31,292,91.94,118.72,65.09762757677818
2024-01-01,S003-P0011,Electronics,53,263,95.58,118.72,83.2971261013264
2024-01-02,S003-P0011,Electronics,57,214,107.89,118.72,44.057027242422535
2024-01-03,S003-P0011,Electronics,40,147,75.82,118.72,72.78782525168808
2024-01-04,S003-P0011,Electronics,67,102,100.76,118.72,72.49472727598985
2024-01-05,S003-P0011,Electronics,48,60,82.21,118.72,94.03131017123623
2024-01-06,S003-P0011,Electronics,108,126,101.8,118.72,83.20607207039234
2024-01-07,S003-P0011,Electronics,54,0,112.13,118.72,43.99822738191973
2024-01-08,S003-P0011,Electronics,53,240,100.56,118.72,44.155935970841796
2024-01-09,S003-P0011,Electronics,56,197,102.02,118.72,87.4672026179046
2024-01-10,S003-P0011,Electronics,46,141,103.39,118.72,97.6312870049944
2024-01-11,S003-P0011,Electronics,157,99,141.16,118.72,137.26189862192152
2024-01-12,S003-P0011,Electronics,72,77,107.99,118.72,108.58275687459775
2024-01-13,S003-P0011,Electronics,64,393,88.73,118.72,126.55438396055285
2024-01-14,S003-P0011,Electronics,116,350,139.35,118.72,97.79785268658769
2024-01-15,S003-P0011,Electronics,87,278,95.15,118.72,137.76966364185031
2024-01-16,S003-P0011,Electronics,66,198,100.59,118.72,97.8522383965523
2024-01-17,S003-P0011,Electronics,194,140,147.29,118.72,116.01689822490744
2024-01-18,S003-P0011,Electronics,108,0,135.74,118.72,97.42967429055001
2024-01-19,S003-P0011,Electronics,133,417,131.93,118.72,108.50987601937395
2024-01-20,S003-P0011,Electronics,166,324,136.86,118.72,137.3874334820794
2024-01-21,S003-P0011,Electronics,75,211,103.82,118.72,87.43331411459118
2024-01-22,S003-P0011,Electronics,141,427,142.74,118.72,108.72896883187853
2024-01-23,S003-P0011,Electronics,102,309,119.84,118.72,97.77313800787789
2024-01-24,S003-P0011,Electronics,81,194,105.93,118.72,87.19254633257805
2024-01-25,S003-P0011,Electronics,106,103,128.25,118.72,108.3099618612869
2024-01-26,S003-P0011,Electronics,91,130,115.73,118.72,87.01097206631306
2024-01-27,S003-P0011,Electronics,101,226,132.62,118.72,87.08851054622235
2024-01-28,S003-P0011,Electronics,106,165,121.83,118.72,97.69031234021733
2024-01-29,S003-P0011,Electronics,114,250,118.4,118.72,87.39038775287432
2024-01-30,S003-P0011,Electronics,134,143,147.24,118.72,108.53674943331235
2023-10-03,S003-P0012,Furniture,144,135,110.23,91.27,88.77260690679438
2023-10-04,S003-P0012,Furniture,68,159,91.51,91.27,70.18230843434105
2023-10-05,S003-P0012,Furniture,70,429,92.03,91.27,59.73299493208801
2023-10-06,S003-P0012,Furniture,76,367,94.16,91.27,70.11059246007336
2023-10-07,S003-P0012,Furniture,50,321,89.99,91.27,16.44120236186277
2023-10-08,S003-P0012,Furniture,38,280,77.22,91.27,16.672468389161047
2023-10-09,S003-P0012,Furniture,42,243,87.31,91.27,16.63389510739355
2023-10-10,S003-P0012,Furniture,67,193,85.81,91.27,55.77385179228163
2023-10-11,S003-P0012,Furniture,28,131,78.06,91.27,16.421089899472783
2023-10-12,S003-P0012,Furniture,50,229,76.7,91.27,55.51088841062854
2023-10-13,S003-P0012,Furniture,70,169,72.96,91.27,66.616143013686
2023-10-14,S003-P0012,Furniture,45,88,79.53,91.27,45.28487018834526
2023-10-15,S003-P0012,Furniture,30,184,79.02,91.27,27.079744095432005
2023-10-16,S003-P0012,Furniture,16,163,82.21,91.27,27.09488304445817
2023-10-17,S003-P0012,Furniture,35,148,84.68,91.27,27.01694698211901
2023-10-18,S003-P0012,Furniture,47,115,80.0,91.27,45.2601881878248
2023-10-19,S003-P0012,Furniture,38,76,81.22,91.27,16.46308128975341
2023-10-20,S003-P0012,Furniture,39,126,64.61,91.27,45.34848914891827
2023-10-21,S003-P0012,Furniture,35,80,66.89,91.27,55.90431198473087
2023-10-22,S003-P0012,Furniture,25,109,76.83,91.27,16.82672430184514
2023-10-23,S003-P0012,Furniture,35,79,80.4,91.27,16.84054028312432
2023-10-24,S003-P0012,Furniture,25,102,73.16,91.27,16.816095247170715
2023-10-25,S003-P0012,Furniture,98,130,96.35,91.27,99.21071444484032
2023-10-26,S003-P0012,Furniture,99,60,96.78,91.27,81.37456588223627
2023-10-27,S003-P0012,Furniture,68,178,91.31,91.27,81.4051131871592
2023-10-28,S003-P0012,Furniture,82,355,91.27,91.27,60.20075910361641
2023-10-29,S003-P0012,Furniture,79,272,95.22,91.27,70.71665813833764
2023-10-30,S003-P0012,Furniture,83,182,101.62,91.27,70.78381577515586
2023-10-31,S003-P0012,Furniture,107,124,110.34,91.27,81.61052712520849
2023-11-01,S003-P0012,Furniture,72,184,88.06,91.27,88.884759686699
2023-11-02,S003-P0012,Furniture,56,356,92.09,91.27,81.35550439556695
2023-11-03,S003-P0012,Furniture,29,294,78.21,91.27,99.16585711192899
2023-11-04,S003-P0012,Furniture,116,262,113.3,91.27,81.48419949516268
2023-11-05,S003-P0012,Furniture,32,158,75.25,91.27,70.80244470535138
2023-11-06,S003-P0012,Furniture,81,373,95.72,91.27,60.504648590197924
2023-11-07,S003-P0012,Furniture,32,281,79.43,91.27,70.78546946518702
2023-11-08,S003-P0012,Furniture,51,245,85.74,91.27,60.2255037278179
2023-11-09,S003-P0012,Furniture,105,189,98.64,91.27,88.8364270034094
2023-11-10,S003-P0012,Furniture,91,81,82.48,91.27,89.02817575356036
2023-11-11,S003-P0012,Furniture,81,193,90.89,91.27,81.65323073790483
2023-11-12,S003-P0012,Furniture,71,102,92.64,91.27,81.76754835845777
2023-11-13,S003-P0012,Furniture,74,171,93.61,91.27,60.470727849706485
2023-11-14,S003-P0012,Furniture,58,117,78.29,91.27,89.23988305866408
2023-11-15,S003-P0012,Furniture,71,231,92.21,91.27,81.6382340849395
2023-11-16,S003-P0012,Furniture,74,184,103.89,91.27,70.45149069550928
2023-11-17,S003-P0012,Furniture,73,99,98.06,91.27,70.5317132011358
2023-11-18,S003-P0012,Furniture,152,166,119.45,91.27,110.3887958436184
2023-11-19,S003-P0012,Furniture,85,0,76.91,91.27,110.72060104435707
2023-11-20,S003-P0012,Furniture,116,335,113.55,91.27,60.54850108585888
2023-11-21,S003-P0012,Furniture,100,254,96.91,91.27,70.88046334811703
2023-11-22,S003-P0012,Furniture,91,192,99.4,91.27,81.62247294860516
2023-11-23,S003-P0012,Furniture,158,273,96.1,91.27,89.08846076393701
2023-11-24,S003-P0012,Furniture,146,158,105.44,91.27,99.36552897653762
2023-11-25,S003-P0012,Furniture,108,376,116.42,91.27,60.297817969568165
2023-11-26,S003-P0012,Furniture,126,253,93.51,91.27,89.33653998974142
2023-11-27,S003-P0012,Furniture,70,131,87.35,91.27,60.63269950231673
2023-11-28,S003-P0012,Furniture,52,311,81.71,91.27,60.50966521852792
2023-11-29,S003-P0012,Furniture,102,264,102.88,91.27,81.70271806017912
2023-11-30,S003-P0012,Furniture,84,173,96.67,91.27,70.62174373072122
2023-12-01,S003-P0012,Furniture,95,325,105.92,91.27,73.19647372828994
2023-12-02,S003-P0012,Furniture,165,265,110.12,91.27,102.19693163711928
2023-12-03,S003-P0012,Furniture,100,165,90.77,91.27,113.32261307186107
2023-12-04,S003-P0012,Furniture,92,423,99.69,91.27,84.52703732333927
2023-12-05,S003-P0012,Furniture,57,325,83.35,91.27,63.131166241685776
2023-12-06,S003-P0012,Furniture,72,267,97.76,91.27,84.2125175144967
2023-12-07,S003-P0012,Furniture,93,205,100.1,91.27,73.18435924632804
2023-12-08,S003-P0012,Furniture,78,107,100.11,91.27,73.20378486228614
2023-12-09,S003-P0012,Furniture,85,196,76.73,91.27,91.85887029091998
2023-12-10,S003-P0012,Furniture,73,134,87.94,91.27,91.91048119693161
2023-12-11,S003-P0012,Furniture,54,261,73.16,91.27,92.02114872383174
2023-12-12,S003-P0012,Furniture,79,224,95.04,91.27,63.13035361633882
2023-12-13,S003-P0012,Furniture,89,138,103.82,91.27,84.26451337816869
2023-12-14,S003-P0012,Furniture,82,200,101.47,91.27,73.1246434482853
2023-12-15,S003-P0012,Furniture,113,125,101.08,91.27,91.54245022740318
2023-12-16,S003-P0012,Furniture,77,184,89.51,91.27,62.996503086294496
2023-12-17,S003-P0012,Furniture,122,289,92.45,91.27,102.35254773307132
2023-12-18,S003-P0012,Furniture,55,180,82.74,91.27,84.57011807342843
2023-12-19,S003-P0012,Furniture,79,366,80.37,91.27,91.91395112630485
2023-12-20,S003-P0012,Furniture,49,283,89.55,91.27,84.19266287234377
2023-12-21,S003-P0012,Furniture,37,252,81.29,91.27,84.1228243956629
2023-12-22,S003-P0012,Furniture,102,220,102.88,91.27,91.52142904789184
2023-12-23,S003-P0012,Furniture,81,116,101.1,91.27,62.91864510815529
2023-12-24,S003-P0012,Furniture,53,256,86.42,91.27,63.07592214853085
2023-12-25,S003-P0012,Furniture,76,207,74.55,91.27,92.03602045670897
2023-12-26,S003-P0012,Furniture,113,144,112.35,91.27,84.39209535263667
2023-12-27,S003-P0012,Furniture,30,223,78.92,91.27,29.788147900300903
2023-12-28,S003-P0012,Furniture,43,455,87.49,91.27,29.66151254640153
2023-12-29,S003-P0012,Furniture,29,423,82.8,91.27,19.221935156309822
2023-12-30,S003-P0012,Furniture,44,398,88.09,91.27,29.813992659189953
2023-12-31,S003-P0012,Furniture,37,367,81.32,91.27,40.931703180709725
2024-01-01,S003-P0012,Furniture,23,325,80.5,91.27,30.44228803170019
2024-01-02,S003-P0012,Furniture,28,299,82.13,91.27,19.891102846354055
2024-01-03,S003-P0012,Furniture,35,277,76.26,91.27,19.82330652042368
2024-01-04,S003-P0012,Furniture,22,256,75.95,91.27,19.694729537182706
2024-01-05,S003-P0012,Furniture,46,232,88.59,91.27,41.01195110915277
2024-01-06,S003-P0012,Furniture,35,180,80.18,91.27,30.24155333912795
2024-01-07,S003-P0012,Furniture,41,146,82.46,91.27,48.68573765186626
2024-01-08,S003-P0012,Furniture,22,111,84.27,91.27,19.935171243954255
2024-01-09,S003-P0012,Furniture,139,163,108.9,91.27,92.15471288785113
2024-01-10,S003-P0012,Furniture,67,33,91.24,91.27,73.57504327056411
2024-01-11,S003-P0012,Furniture,87,307,86.75,91.27,113.26049521831033
2024-01-12,S003-P0012,Furniture,102,221,86.83,91.27,113.27026714454428
2024-01-13,S003-P0012,Furniture,69,119,86.49,91.27,102.38845956448439
2024-01-14,S003-P0012,Furniture,58,267,88.05,91.27,73.79644928297647
2024-01-15,S003-P0012,Furniture,98,219,101.57,91.27,84.80514491058595
2024-01-16,S003-P0012,Furniture,106,135,115.54,91.27,73.63147366966474
2024-01-17,S003-P0012,Furniture,66,227,75.48,91.27,92.01549482129619
2024-01-18,S003-P0012,Furniture,91,185,83.58,91.27,102.22686522213469
2024-01-19,S003-P0012,Furniture,87,121,108.4,91.27,84.2891112924864
2024-01-20,S003-P0012,Furniture,133,201,107.45,91.27,84.53259541245318
2024-01-21,S003-P0012,Furniture,92,72,94.5,91.27,63.32223004934181
2024-01-22,S003-P0012,Furniture,94,298,100.2,91.27,113.41647910182505
2024-01-23,S003-P0012,Furniture,109,220,83.13,91.27,102.51548860864348
2024-01-24,S003-P0012,Furniture,111,152,111.65,91.27,63.026621936509585
2024-01-25,S003-P0012,Furniture,85,300,86.23,91.27,113.10715279287157
2024-01-26,S003-P0012,Furniture,93,204,105.19,91.27,62.8450476702446
2024-01-27,S003-P0012,Furniture,107,117,99.1,91.27,63.087107142611146
2024-01-28,S003-P0012,Furniture,112,222,117.96,91.27,73.52438794414886
2024-01-29,S003-P0012,Furniture,43,121,92.1,91.27,63.16962302598678
2024-01-30,S003-P0012,Furniture,49,286,84.97,91.27,84.53534602970113
2023-10-03,S003-P0013,Groceries,96,306,65.2,72.36,137.33244549287005
2023-10-04,S003-P0013,Groceries,125,207,75.29,72.36,118.79698735123586
2023-10-05,S003-P0013,Groceries,83,716,62.4,72.36,108.34767384898282
2023-10-06,S003-P0013,Groceries,116,637,73.13,72.36,118.78011170778724
2023-10-07,S003-P0013,Groceries,17,517,53.45,72.36,65.00104094793849
2023-10-08,S003-P0013,Groceries,92,503,67.64,72.36,65.28714730605586
2023-10-09,S003-P0013,Groceries,70,407,62.56,72.36,65.35825468592651
2023-10-10,S003-P0013,Groceries,87,334,62.84,72.36,104.38853070917644
2023-10-11,S003-P0013,Groceries,80,251,65.14,72.36,65.03576881636758
2023-10-12,S003-P0013,Groceries,119,175,62.38,72.36,104.18040765834243
2023-10-13,S003-P0013,Groceries,76,96,71.13,72.36,86.26770660292763
2023-10-14,S003-P0013,Groceries,107,464,71.12,72.36,65.2106354316823
2023-10-15,S003-P0013,Groceries,94,348,68.4,72.36,75.69442301232681
2023-10-16,S003-P0013,Groceries,90,264,59.69,72.36,104.61783695818706
2023-10-17,S003-P0013,Groceries,97,180,54.37,72.36,104.59474122666698
2023-10-18,S003-P0013,Groceries,98,495,72.89,72.36,65.13111310034279
2023-10-19,S003-P0013,Groceries,61,383,63.93,72.36,64.96807954501006
2023-10-20,S003-P0013,Groceries,143,322,62.78,72.36,93.96316806581308
2023-10-21,S003-P0013,Groceries,26,192,58.55,72.36,75.5558755739725
2023-10-22,S003-P0013,Groceries,122,174,70.43,72.36,94.18515722311676
2023-10-23,S003-P0013,Groceries,89,40,63.18,72.36,94.25381353521502
2023-10-24,S003-P0013,Groceries,76,488,67.62,72.36,65.37593383324645
2023-10-25,S003-P0013,Groceries,158,435,73.51,72.36,147.9350740233733
2023-10-26,S003-P0013,Groceries,84,269,69.56,72.36,129.93440446831198
2023-10-27,S003-P0013,Groceries,167,187,94.18,72.36,129.91011144241583
2023-10-28,S003-P0013,Groceries,198,79,87.26,72.36,108.81543802051121
2023-10-29,S003-P0013,Groceries,110,638,68.18,72.36,119.38617738605151
2023-10-30,S003-P0013,Groceries,132,510,76.81,72.36,119.45333502286974
2023-10-31,S003-P0013,Groceries,107,384,75.01,72.36,130.28004637292238
2023-11-01,S003-P0013,Groceries,118,940,69.55,72.36,137.55427893441288
2023-11-02,S003-P0013,Groceries,181,815,97.82,72.36,129.91534298164265
2023-11-03,S003-P0013,Groceries,103,631,70.18,72.36,119.09162235526605
2023-11-04,S003-P0013,Groceries,95,558,72.15,72.36,130.15371874287658
2023-11-05,S003-P0013,Groceries,88,492,56.38,72.36,148.21571795744205
2023-11-06,S003-P0013,Groceries,133,431,77.25,72.36,109.06448717627364
2023-11-07,S003-P0013,Groceries,84,329,62.58,72.36,119.40014838208182
2023-11-08,S003-P0013,Groceries,128,274,67.98,72.36,137.58393664908954
2023-11-09,S003-P0013,Groceries,32,154,56.88,72.36,108.65251158510827
2023-11-10,S003-P0013,Groceries,75,706,70.78,72.36,108.67973934280201
2023-11-11,S003-P0013,Groceries,94,624,75.66,72.36,130.15822899316146
2023-11-12,S003-P0013,Groceries,94,520,71.83,72.36,130.38222727535256
2023-11-13,S003-P0013,Groceries,82,417,68.89,72.36,109.0854067666013
2023-11-14,S003-P0013,Groceries,92,332,64.35,72.36,137.7448813139207
2023-11-15,S003-P0013,Groceries,101,262,77.41,72.36,130.14323234019614
2023-11-16,S003-P0013,Groceries,264,173,100.9,72.36,147.91960427841906
2023-11-17,S003-P0013,Groceries,54,0,62.29,72.36,119.1463921180306
2023-11-18,S003-P0013,Groceries,169,378,80.92,72.36,159.00347476051317
2023-11-19,S003-P0013,Groceries,125,243,79.25,72.36,130.42700496441782
2023-11-20,S003-P0013,Groceries,118,1040,58.33,72.36,138.07145499958773
2023-11-21,S003-P0013,Groceries,152,951,67.79,72.36,148.3485769310268
2023-11-22,S003-P0013,Groceries,111,801,68.4,72.36,130.29199219631903
2023-11-23,S003-P0013,Groceries,107,733,59.93,72.36,137.6482993500127
2023-11-24,S003-P0013,Groceries,105,614,74.42,72.36,119.12677322741743
2023-11-25,S003-P0013,Groceries,102,540,62.64,72.36,137.76593155247795
2023-11-26,S003-P0013,Groceries,87,477,70.11,72.36,109.09778424062128
2023-11-27,S003-P0013,Groceries,149,377,85.21,72.36,109.13769775757336
2023-11-28,S003-P0013,Groceries,117,232,77.32,72.36,109.01466347378457
2023-11-29,S003-P0013,Groceries,126,104,79.53,72.36,130.20771631543576
2023-11-30,S003-P0013,Groceries,134,19,77.42,72.36,119.18158231679695
2023-12-01,S003-P0013,Groceries,160,584,73.89,72.36,150.66458731119974
2023-12-02,S003-P0013,Groceries,114,473,57.59,72.36,150.86645088483314
2023-12-03,S003-P0013,Groceries,113,352,80.49,72.36,133.02901699192182
2023-12-04,S003-P0013,Groceries,141,858,74.45,72.36,161.94031057542998
2023-12-05,S003-P0013,Groceries,138,726,69.4,72.36,140.54443949377648
2023-12-06,S003-P0013,Groceries,80,612,61.64,72.36,161.62579076658736
2023-12-07,S003-P0013,Groceries,132,553,85.22,72.36,121.74419783240376
2023-12-08,S003-P0013,Groceries,140,445,78.62,72.36,121.87330411000002
2023-12-09,S003-P0013,Groceries,93,296,75.31,72.36,111.51043388016163
2023-12-10,S003-P0013,Groceries,149,215,85.08,72.36,111.67172544781141
2023-12-11,S003-P0013,Groceries,94,607,75.77,72.36,111.72755264389247
2023-12-12,S003-P0013,Groceries,137,543,82.3,72.36,111.69019220241455
2023-12-13,S003-P0013,Groceries,117,442,61.15,72.36,161.7874672918975
2023-12-14,S003-P0013,Groceries,102,370,66.33,72.36,121.84900302681827
2023-12-15,S003-P0013,Groceries,105,260,67.14,72.36,111.46821547074026
2023-12-16,S003-P0013,Groceries,152,787,85.77,72.36,111.50150134155112
2023-12-17,S003-P0013,Groceries,152,693,68.59,72.36,150.9672266499661
2023-12-18,S003-P0013,Groceries,106,525,74.7,72.36,133.12995665950416
2023-12-19,S003-P0013,Groceries,116,417,69.44,72.36,111.73003570800378
2023-12-20,S003-P0013,Groceries,15,334,44.48,72.36,161.71561678607262
2023-12-21,S003-P0013,Groceries,153,322,81.74,72.36,132.7375033125577
2023-12-22,S003-P0013,Groceries,125,216,75.15,72.36,140.13610796478665
2023-12-23,S003-P0013,Groceries,141,657,78.99,72.36,111.53332402505009
2023-12-24,S003-P0013,Groceries,157,529,82.72,72.36,111.69060106542565
2023-12-25,S003-P0013,Groceries,129,396,84.44,72.36,111.68758404595062
2023-12-26,S003-P0013,Groceries,55,256,56.35,72.36,133.06161460035054
2023-12-27,S003-P0013,Groceries,85,214,62.38,72.36,107.2014211523916
2023-12-28,S003-P0013,Groceries,92,804,71.4,72.36,78.22135113247724
2023-12-29,S003-P0013,Groceries,45,732,63.28,72.36,67.83661407320463
2023-12-30,S003-P0013,Groceries,72,689,63.3,72.36,78.42867157608475
2023-12-31,S003-P0013,Groceries,105,603,74.56,72.36,89.54638209760452
2024-01-01,S003-P0013,Groceries,67,492,61.97,72.36,79.11180727941407
2024-01-02,S003-P0013,Groceries,82,448,54.54,72.36,97.46889709090203
2024-01-03,S003-P0013,Groceries,36,391,54.93,72.36,68.3831451064994
2024-01-04,S003-P0013,Groceries,85,366,62.84,72.36,68.3094084540775
2024-01-05,S003-P0013,Groceries,95,270,57.69,72.36,118.48006469206256
2024-01-06,S003-P0013,Groceries,90,195,70.85,72.36,78.80139192520367
2024-01-07,S003-P0013,Groceries,140,92,62.13,72.36,97.4649375612183
2024-01-08,S003-P0013,Groceries,69,350,62.29,72.36,68.6595308224872
2024-01-09,S003-P0013,Groceries,162,292,79.4,72.36,140.71455147392683
2024-01-10,S003-P0013,Groceries,117,193,65.29,72.36,151.04315685347387
2024-01-11,S003-P0013,Groceries,83,734,65.69,72.36,133.07657980000923
2024-01-12,S003-P0013,Groceries,88,671,66.81,72.36,133.08635172624315
2024-01-13,S003-P0013,Groceries,124,603,79.21,72.36,122.2045441461833
2024-01-14,S003-P0013,Groceries,151,507,81.32,72.36,122.3562878690522
2024-01-15,S003-P0013,Groceries,87,387,66.75,72.36,133.36498349666167
2024-01-16,S003-P0013,Groceries,148,308,72.09,72.36,151.0995872525745
2024-01-17,S003-P0013,Groceries,144,135,66.28,72.36,140.630173738191
2024-01-18,S003-P0013,Groceries,111,539,68.43,72.36,122.0429498038336
2024-01-19,S003-P0013,Groceries,137,428,86.66,72.36,132.90379020938119
2024-01-20,S003-P0013,Groceries,206,286,98.76,72.36,133.0924339985289
2024-01-21,S003-P0013,Groceries,112,54,72.44,72.36,111.88206863541754
2024-01-22,S003-P0013,Groceries,174,0,86.66,72.36,133.28740401434302
2024-01-23,S003-P0013,Groceries,57,558,50.48,72.36,151.0753271947192
2024-01-24,S003-P0013,Groceries,70,1308,59.52,72.36,111.69614118422345
2024-01-25,S003-P0013,Groceries,220,1262,92.02,72.36,161.61215104812817
2024-01-26,S003-P0013,Groceries,52,1116,58.44,72.36,111.56940724877757
2024-01-27,S003-P0013,Groceries,152,1066,77.3,72.36,140.39069973306368
2024-01-28,S003-P0013,Groceries,121,969,74.15,72.36,122.24874752268182
2024-01-29,S003-P0013,Groceries,109,852,71.63,72.36,111.83914227370067
2024-01-30,S003-P0013,Groceries,121,781,74.45,72.36,133.09518461577684
2023-10-03,S003-P0014,Groceries,90,599,97.54,93.75,108.53385115767418
2023-10-04,S003-P0014,Groceries,134,499,95.78,93.75,118.85182768205493
2023-10-05,S003-P0014,Groceries,86,360,91.2,93.75,108.23799318734464
2023-10-06,S003-P0014,Groceries,84,295,90.73,93.75,118.72527137696817
2023-10-07,S003-P0014,Groceries,86,198,91.21,93.75,65.00104094793849
2023-10-08,S003-P0014,Groceries,86,106,77.7,93.75,94.03090131043268
2023-10-09,S003-P0014,Groceries,48,210,75.05,93.75,94.04716835948426
2023-10-10,S003-P0014,Groceries,71,172,77.83,93.75,75.64477670479961
2023-10-11,S003-P0014,Groceries,59,417,62.06,93.75,93.94404381320166
2023-10-12,S003-P0014,Groceries,96,358,89.55,93.75,104.07072699670427
2023-10-13,S003-P0014,Groceries,130,244,94.73,93.75,86.3773872645658
2023-10-14,S003-P0014,Groceries,92,123,78.59,93.75,94.00922976687824
2023-10-15,S003-P0014,Groceries,100,50,75.65,93.75,104.60269800916089
2023-10-16,S003-P0014,Groceries,48,345,75.37,93.75,75.76440229217206
2023-10-17,S003-P0014,Groceries,136,304,85.67,93.75,104.5399008958479
2023-10-18,S003-P0014,Groceries,62,149,79.44,93.75,93.87486710471961
2023-10-19,S003-P0014,Groceries,82,80,67.58,93.75,93.93119487266321
2023-10-20,S003-P0014,Groceries,60,425,78.85,93.75,65.054893068979
2023-10-21,S003-P0014,Groceries,49,369,75.36,93.75,75.66555623561067
2023-10-22,S003-P0014,Groceries,65,330,80.12,93.75,94.13031689229769
2023-10-23,S003-P0014,Groceries,93,279,84.23,93.75,65.51005953083819
2023-10-24,S003-P0014,Groceries,51,222,80.37,93.75,65.37593383324645
2023-10-25,S003-P0014,Groceries,150,184,117.39,93.75,119.02679902653922
2023-10-26,S003-P0014,Groceries,100,292,90.58,93.75,129.98924479913106
2023-10-27,S003-P0014,Groceries,175,218,119.12,93.75,129.96495177323493
2023-10-28,S003-P0014,Groceries,115,459,90.49,93.75,108.81543802051121
2023-10-29,S003-P0014,Groceries,95,373,94.08,93.75,119.33133705523244
2023-10-30,S003-P0014,Groceries,67,291,85.25,93.75,119.34365436123157
2023-10-31,S003-P0014,Groceries,68,222,77.2,93.75,130.33488670374146
2023-11-01,S003-P0014,Groceries,107,164,88.05,93.75,108.81052493003608
2023-11-02,S003-P0014,Groceries,67,80,72.48,93.75,158.76877764765763
2023-11-03,S003-P0014,Groceries,59,225,65.51,93.75,147.94505702128103
2023-11-04,S003-P0014,Groceries,185,530,97.96,93.75,159.00715340889153
2023-11-05,S003-P0014,Groceries,120,369,86.76,93.75,148.16087762662298
2023-11-06,S003-P0014,Groceries,68,294,81.26,93.75,109.06448717627364
2023-11-07,S003-P0014,Groceries,122,795,102.54,93.75,119.34530805126275
2023-11-08,S003-P0014,Groceries,213,686,103.69,93.75,137.6936173107277
2023-11-09,S003-P0014,Groceries,157,464,107.48,93.75,108.76219224674645
2023-11-10,S003-P0014,Groceries,146,313,82.52,93.75,137.64285467045514
2023-11-11,S003-P0014,Groceries,200,688,107.99,93.75,159.01166365917646
2023-11-12,S003-P0014,Groceries,192,469,98.43,93.75,159.2905022721866
2023-11-13,S003-P0014,Groceries,103,321,91.83,93.75,109.0854067666013
2023-11-14,S003-P0014,Groceries,182,223,95.92,93.75,137.90940230637796
2023-11-15,S003-P0014,Groceries,171,630,105.7,93.75,158.9966670062111
2023-11-16,S003-P0014,Groceries,116,452,105.95,93.75,119.06616961240408
2023-11-17,S003-P0014,Groceries,109,360,98.67,93.75,119.09155178721151
2023-11-18,S003-P0014,Groceries,80,246,84.86,93.75,130.25972075613637
2023-11-19,S003-P0014,Groceries,96,181,89.34,93.75,130.4818452952369
2023-11-20,S003-P0014,Groceries,113,449,89.83,93.75,109.21802033357275
2023-11-21,S003-P0014,Groceries,101,332,96.14,93.75,119.38546160337367
2023-11-22,S003-P0014,Groceries,85,252,81.81,93.75,130.29199219631903
2023-11-23,S003-P0014,Groceries,129,161,104.9,93.75,108.79486468399773
2023-11-24,S003-P0014,Groceries,128,332,99.11,93.75,119.2364538890556
2023-11-25,S003-P0014,Groceries,80,181,80.6,93.75,109.02217754810113
2023-11-26,S003-P0014,Groceries,158,459,102.62,93.75,109.15262457144036
2023-11-27,S003-P0014,Groceries,107,304,97.74,93.75,109.13769775757336
2023-11-28,S003-P0014,Groceries,147,181,110.55,93.75,109.06950380460364
2023-11-29,S003-P0014,Groceries,127,467,93.8,93.75,130.3173969770739
2023-11-30,S003-P0014,Groceries,120,347,107.2,93.75,119.12674198597786
2023-12-01,S003-P0014,Groceries,149,219,110.99,93.75,121.75631231436566
2023-12-02,S003-P0014,Groceries,136,69,96.35,93.75,122.01301621881818
2023-12-03,S003-P0014,Groceries,185,376,103.1,93.75,161.93729198875585
2023-12-04,S003-P0014,Groceries,124,175,103.21,93.75,133.14171624023408
2023-12-05,S003-P0014,Groceries,121,377,102.25,93.75,111.6910048277615
2023-12-06,S003-P0014,Groceries,94,265,98.6,93.75,132.82719643139149
2023-12-07,S003-P0014,Groceries,42,153,69.79,93.75,121.85387849404192
2023-12-08,S003-P0014,Groceries,79,522,93.96,93.75,121.76362344836186
2023-12-09,S003-P0014,Groceries,137,449,80.56,93.75,140.47354920781478
2023-12-10,S003-P0014,Groceries,142,302,91.66,93.75,140.5800004446455
2023-12-11,S003-P0014,Groceries,198,155,99.82,93.75,140.69066797154562
2023-12-12,S003-P0014,Groceries,167,342,87.6,93.75,140.59846719924857
2023-12-13,S003-P0014,Groceries,104,177,91.72,93.75,132.93403262588257
2023-12-14,S003-P0014,Groceries,124,640,86.93,93.75,150.64759736201418
2023-12-15,S003-P0014,Groceries,97,499,99.77,93.75,111.35853480910208
2023-12-16,S003-P0014,Groceries,153,413,95.55,93.75,140.35493600756612
2023-12-17,S003-P0014,Groceries,108,258,103.54,93.75,122.05895165313206
2023-12-18,S003-P0014,Groceries,99,186,90.61,93.75,133.12995665950416
2023-12-19,S003-P0014,Groceries,168,578,111.0,93.75,111.73003570800378
2023-12-20,S003-P0014,Groceries,171,386,112.21,93.75,132.86218212005767
2023-12-21,S003-P0014,Groceries,211,235,111.06,93.75,161.5360976477536
2023-12-22,S003-P0014,Groceries,141,78,103.02,93.75,111.39235396040985
2023-12-23,S003-P0014,Groceries,220,549,112.21,93.75,140.38675869106507
2023-12-24,S003-P0014,Groceries,130,370,94.68,93.75,140.43435506980242
2023-12-25,S003-P0014,Groceries,70,274,81.86,93.75,111.79726470758877
2023-12-26,S003-P0014,Groceries,63,874,79.75,93.75,133.00677426953146
2023-12-27,S003-P0014,Groceries,66,804,85.07,93.75,78.34798648637661
2023-12-28,S003-P0014,Groceries,79,751,93.63,93.75,78.22135113247724
2023-12-29,S003-P0014,Groceries,69,676,90.43,93.75,67.83661407320463
2023-12-30,S003-P0014,Groceries,86,594,96.01,93.75,78.37383124526566
2023-12-31,S003-P0014,Groceries,73,510,78.44,93.75,89.6012224284236
2024-01-01,S003-P0014,Groceries,115,440,85.47,93.75,107.85556128379089
2024-01-02,S003-P0014,Groceries,128,341,110.01,93.75,68.50578176324885
2024-01-03,S003-P0014,Groceries,64,230,88.78,93.75,68.32830477568032
2024-01-04,S003-P0014,Groceries,101,157,91.35,93.75,68.25456812325842
2024-01-05,S003-P0014,Groceries,135,345,85.47,93.75,118.48006469206256
2024-01-06,S003-P0014,Groceries,62,200,75.29,93.75,78.85623225602275
2024-01-07,S003-P0014,Groceries,78,136,88.94,93.75,68.55666256438423
2024-01-08,S003-P0014,Groceries,25,485,72.11,93.75,68.60469049166812
2024-01-09,S003-P0014,Groceries,127,464,83.45,93.75,140.824232135565
2024-01-10,S003-P0014,Groceries,119,367,107.01,93.75,122.13488185663982
2024-01-11,S003-P0014,Groceries,66,236,80.59,93.75,133.07657980000923
2024-01-12,S003-P0014,Groceries,112,187,89.42,93.75,133.08635172624315
2024-01-13,S003-P0014,Groceries,92,480,93.2,93.75,122.2045441461833
2024-01-14,S003-P0014,Groceries,183,374,109.67,93.75,122.41112819987127
2024-01-15,S003-P0014,Groceries,154,181,112.79,93.75,133.36498349666167
2024-01-16,S003-P0014,Groceries,144,46,92.22,93.75,151.15442758339358
2024-01-17,S003-P0014,Groceries,75,618,83.31,93.75,111.72189874135694
2024-01-18,S003-P0014,Groceries,172,541,88.73,93.75,150.89638446984856
2024-01-19,S003-P0014,Groceries,160,380,103.09,93.75,161.70238454457706
2024-01-20,S003-P0014,Groceries,151,217,88.19,93.75,162.00070899536294
2024-01-21,S003-P0014,Groceries,218,590,119.49,93.75,140.6258226397943
2024-01-22,S003-P0014,Groceries,86,408,68.37,93.75,162.19567901117708
2024-01-23,S003-P0014,Groceries,115,337,100.38,93.75,122.22189252870423
2024-01-24,S003-P0014,Groceries,104,890,96.98,93.75,111.64130085340437
2024-01-25,S003-P0014,Groceries,115,816,100.44,93.75,132.8683970437514
2024-01-26,S003-P0014,Groceries,128,713,99.02,93.75,111.56940724877757
2024-01-27,S003-P0014,Groceries,65,598,76.13,93.75,140.39069973306368
2024-01-28,S003-P0014,Groceries,138,533,102.03,93.75,122.24874752268182
2024-01-29,S003-P0014,Groceries,96,410,94.39,93.75,111.78430194288157
2024-01-30,S003-P0014,Groceries,157,350,119.68,93.75,133.04034428495777
2023-10-03,S003-P0015,Groceries,58,116,85.02,96.225,108.53385115767418
2023-10-04,S003-P0015,Groceries,66,57,83.45,96.225,118.79698735123586
2023-10-05,S003-P0015,Groceries,70,707,93.8,96.225,108.23799318734464
2023-10-06,S003-P0015,Groceries,129,641,91.01,96.225,147.57870604298313
2023-10-07,S003-P0015,Groceries,25,534,58.75,96.225,93.96415627559165
2023-10-08,S003-P0015,Groceries,78,512,77.21,96.225,94.08574164125176
2023-10-09,S003-P0015,Groceries,114,438,82.67,96.225,94.15684902112244
2023-10-10,S003-P0015,Groceries,95,306,87.26,96.225,75.64477670479961
2023-10-11,S003-P0015,Groceries,125,244,96.09,96.225,65.09060914718665
2023-10-12,S003-P0015,Groceries,132,142,114.71,96.225,75.27213266150835
2023-10-13,S003-P0015,Groceries,102,491,104.76,96.225,86.26770660292763
2023-10-14,S003-P0015,Groceries,82,383,83.46,96.225,65.2106354316823
2023-10-15,S003-P0015,Groceries,197,325,123.21,96.225,104.43817701670363
2023-10-16,S003-P0015,Groceries,67,171,88.13,96.225,75.76440229217206
2023-10-17,S003-P0015,Groceries,145,115,113.39,96.225,75.6864662298329
2023-10-18,S003-P0015,Groceries,76,18,91.1,96.225,65.07627276952368
2023-10-19,S003-P0015,Groceries,44,722,84.73,96.225,64.96807954501006
2023-10-20,S003-P0015,Groceries,55,690,84.3,96.225,65.0000527381599
2023-10-21,S003-P0015,Groceries,67,641,87.98,96.225,75.5558755739725
2023-10-22,S003-P0015,Groceries,45,568,64.73,96.225,94.23999755393586
2023-10-23,S003-P0015,Groceries,45,520,76.96,96.225,65.45521920001912
2023-10-24,S003-P0015,Groceries,88,466,75.98,96.225,94.22936849926143
2023-10-25,S003-P0015,Groceries,83,371,88.23,96.225,119.13647968817739
2023-10-26,S003-P0015,Groceries,52,290,62.3,96.225,158.84267946514603
2023-10-27,S003-P0015,Groceries,89,248,100.26,96.225,129.91011144241583
2023-10-28,S003-P0015,Groceries,119,182,89.25,96.225,137.55919202488806
2023-10-29,S003-P0015,Groceries,112,92,102.57,96.225,119.27649672441335
2023-10-30,S003-P0015,Groceries,134,8,98.81,96.225,119.45333502286974
2023-10-31,S003-P0015,Groceries,109,333,101.6,96.225,130.22520604210328
2023-11-01,S003-P0015,Groceries,125,677,101.26,96.225,137.49943860359377
2023-11-02,S003-P0015,Groceries,170,550,108.57,96.225,158.76877764765763
2023-11-03,S003-P0015,Groceries,144,382,113.09,96.225,118.98194169362789
2023-11-04,S003-P0015,Groceries,114,218,92.79,96.225,130.20855907369565
2023-11-05,S003-P0015,Groceries,77,128,96.1,96.225,119.30744296060801
2023-11-06,S003-P0015,Groceries,77,691,91.31,96.225,109.00964684545457
2023-11-07,S003-P0015,Groceries,104,630,99.94,96.225,119.34530805126275
2023-11-08,S003-P0015,Groceries,116,550,98.68,96.225,108.78534231389364
2023-11-09,S003-P0015,Groceries,109,444,91.45,96.225,108.76219224674645
2023-11-10,S003-P0015,Groceries,27,336,75.18,96.225,108.67973934280201
2023-11-11,S003-P0015,Groceries,118,313,88.77,96.225,159.01166365917646
2023-11-12,S003-P0015,Groceries,117,214,98.6,96.225,130.43706760617164
2023-11-13,S003-P0015,Groceries,118,525,109.94,96.225,109.03056643578219
2023-11-14,S003-P0015,Groceries,144,414,119.06,96.225,108.94628697872483
2023-11-15,S003-P0015,Groceries,117,245,98.85,96.225,130.2529130018343
2023-11-16,S003-P0015,Groceries,101,158,99.14,96.225,119.06616961240408
2023-11-17,S003-P0015,Groceries,69,94,84.14,96.225,119.1463921180306
2023-11-18,S003-P0015,Groceries,149,597,114.63,96.225,130.2048804253173
2023-11-19,S003-P0015,Groceries,119,438,110.3,96.225,130.37216463359874
2023-11-20,S003-P0015,Groceries,200,352,110.28,96.225,138.01661466876865
2023-11-21,S003-P0015,Groceries,104,116,89.48,96.225,148.23889626938865
2023-11-22,S003-P0015,Groceries,193,546,115.2,96.225,159.03574620069585
2023-11-23,S003-P0015,Groceries,205,355,111.89,96.225,137.6482993500127
2023-11-24,S003-P0015,Groceries,75,224,90.52,96.225,119.18161355823652
2023-11-25,S003-P0015,Groceries,73,159,90.0,96.225,108.96733721728205
2023-11-26,S003-P0015,Groceries,111,873,80.69,96.225,138.0060592374553
2023-11-27,S003-P0015,Groceries,136,751,92.84,96.225,138.04597275440744
2023-11-28,S003-P0015,Groceries,156,642,93.37,96.225,137.92293847061862
2023-11-29,S003-P0015,Groceries,80,504,97.07,96.225,130.20771631543576
2023-11-30,S003-P0015,Groceries,144,416,112.84,96.225,119.18158231679695
2023-12-01,S003-P0015,Groceries,108,307,106.67,96.225,121.75631231436566
2023-12-02,S003-P0015,Groceries,110,919,80.56,96.225,150.86645088483314
2023-12-03,S003-P0015,Groceries,128,795,96.38,96.225,161.88245165793677
2023-12-04,S003-P0015,Groceries,160,665,118.11,96.225,133.08687590941497
2023-12-05,S003-P0015,Groceries,96,524,97.41,96.225,111.6910048277615
2023-12-06,S003-P0015,Groceries,144,445,95.02,96.225,161.73547142822554
2023-12-07,S003-P0015,Groceries,70,329,80.02,96.225,121.85387849404192
2023-12-08,S003-P0015,Groceries,49,859,82.19,96.225,121.76362344836186
2023-12-09,S003-P0015,Groceries,50,812,78.3,96.225,111.56527421098073
2023-12-10,S003-P0015,Groceries,93,767,101.4,96.225,111.67172544781141
2023-12-11,S003-P0015,Groceries,78,671,91.7,96.225,111.78239297471154
2023-12-12,S003-P0015,Groceries,87,593,89.74,96.225,111.69019220241455
2023-12-13,S003-P0015,Groceries,90,505,81.1,96.225,161.67778663025936
2023-12-14,S003-P0015,Groceries,73,451,67.46,96.225,150.70243769283326
2023-12-15,S003-P0015,Groceries,49,373,82.17,96.225,111.35853480910208
2023-12-16,S003-P0015,Groceries,189,335,114.84,96.225,140.30009567674702
2023-12-17,S003-P0015,Groceries,184,154,100.85,96.225,150.9672266499661
2023-12-18,S003-P0015,Groceries,124,1,106.6,96.225,133.12995665950416
2023-12-19,S003-P0015,Groceries,92,0,101.16,96.225,111.6203550463656
2023-12-20,S003-P0015,Groceries,138,860,111.04,96.225,132.80734178923856
2023-12-21,S003-P0015,Groceries,142,698,106.55,96.225,132.79234364337677
2023-12-22,S003-P0015,Groceries,91,554,90.87,96.225,111.39235396040985
2023-12-23,S003-P0015,Groceries,75,481,90.74,96.225,111.47848369423099
2023-12-24,S003-P0015,Groceries,167,428,120.48,96.225,111.63576073460655
2023-12-25,S003-P0015,Groceries,91,326,90.81,96.225,140.48617838114652
2023-12-26,S003-P0015,Groceries,105,223,94.99,96.225,133.06161460035054
2023-12-27,S003-P0015,Groceries,122,159,84.65,96.225,107.2562614832107
2023-12-28,S003-P0015,Groceries,78,640,86.63,96.225,107.01994546767315
2023-12-29,S003-P0015,Groceries,94,548,96.78,96.225,67.83661407320463
2023-12-30,S003-P0015,Groceries,118,474,104.41,96.225,78.42867157608475
2023-12-31,S003-P0015,Groceries,75,364,95.42,96.225,89.49154176678543
2024-01-01,S003-P0015,Groceries,58,297,68.08,96.225,107.91040161460998
2024-01-02,S003-P0015,Groceries,18,239,72.02,96.225,68.56062209406795
2024-01-03,S003-P0015,Groceries,78,755,77.75,96.225,97.1817394416953
2024-01-04,S003-P0015,Groceries,69,664,84.1,96.225,68.3094084540775
2024-01-05,S003-P0015,Groceries,61,599,81.78,96.225,89.62663002604756
2024-01-06,S003-P0015,Groceries,41,538,83.82,96.225,78.74655159438458
2024-01-07,S003-P0015,Groceries,88,502,75.95,96.225,97.41009723039923
2024-01-08,S003-P0015,Groceries,46,447,76.91,96.225,68.6595308224872
2024-01-09,S003-P0015,Groceries,150,408,91.81,96.225,140.824232135565
2024-01-10,S003-P0015,Groceries,100,279,98.85,96.225,122.13488185663982
2024-01-11,S003-P0015,Groceries,111,180,91.94,96.225,133.07657980000923
2024-01-12,S003-P0015,Groceries,142,101,100.44,96.225,161.83010573061998
2024-01-13,S003-P0015,Groceries,226,707,104.72,96.225,151.11281914301733
2024-01-14,S003-P0015,Groceries,115,571,98.39,96.225,122.3562878690522
2024-01-15,S003-P0015,Groceries,101,455,99.0,96.225,133.3101431658426
2024-01-16,S003-P0015,Groceries,88,356,99.68,96.225,122.24615258655955
2024-01-17,S003-P0015,Groceries,79,1305,96.61,96.225,111.66705841053783
2024-01-18,S003-P0015,Groceries,142,1236,101.21,96.225,122.0429498038336
2024-01-19,S003-P0015,Groceries,93,1082,91.38,96.225,133.01347087101936
2024-01-20,S003-P0015,Groceries,237,999,128.82,96.225,161.8361880029057
2024-01-21,S003-P0015,Groceries,68,820,83.85,96.225,111.93690896623662
2024-01-22,S003-P0015,Groceries,188,750,127.26,96.225,133.23256368352395
2024-01-23,S003-P0015,Groceries,112,589,97.09,96.225,122.2767328595233
2024-01-24,S003-P0015,Groceries,154,509,110.29,96.225,111.64130085340437
2024-01-25,S003-P0015,Groceries,188,330,127.18,96.225,132.8135567129323
2024-01-26,S003-P0015,Groceries,146,867,89.83,96.225,140.42284191479254
2024-01-27,S003-P0015,Groceries,183,728,100.6,96.225,140.50038039470186
2024-01-28,S003-P0015,Groceries,126,609,80.27,96.225,151.1021821886968
2024-01-29,S003-P0015,Groceries,81,464,87.74,96.225,111.89398260451975
2024-01-30,S003-P0015,Groceries,134,413,104.09,96.225,133.15002494659592
2023-10-03,S003-P0016,Electronics,41,293,78.07,95.545,84.08509663684785
2023-10-04,S003-P0016,Electronics,95,259,90.1,95.545,123.03714650396725
2023-10-05,S003-P0016,Electronics,93,178,89.5,95.545,112.53299267089514
2023-10-06,S003-P0016,Electronics,149,331,99.55,95.545,123.07511119133773
2023-10-07,S003-P0016,Electronics,35,179,71.54,95.545,69.35088076230807
2023-10-08,S003-P0016,Electronics,49,427,80.67,95.545,40.72871212359136
2023-10-09,S003-P0016,Electronics,24,380,60.33,95.545,69.70809450029611
2023-10-10,S003-P0016,Electronics,64,352,80.89,95.545,51.141181853154194
2023-10-11,S003-P0016,Electronics,55,275,78.21,95.545,40.587014295541245
2023-10-12,S003-P0016,Electronics,101,224,96.97,95.545,50.823378140682024
2023-10-13,S003-P0016,Electronics,70,119,72.52,95.545,90.72722707893539
2023-10-14,S003-P0016,Electronics,93,225,94.48,95.545,40.65220024921782
2023-10-15,S003-P0016,Electronics,67,140,81.59,95.545,51.24566849150047
2023-10-16,S003-P0016,Electronics,52,272,81.12,95.545,51.31564777134572
2023-10-17,S003-P0016,Electronics,52,220,85.78,95.545,51.128031047368395
2023-10-18,S003-P0016,Electronics,65,182,81.12,95.545,69.37127225307418
2023-10-19,S003-P0016,Electronics,51,134,81.12,95.545,40.51932502418372
2023-10-20,S003-P0016,Electronics,42,197,82.35,95.545,40.496457886514484
2023-10-21,S003-P0016,Electronics,85,167,96.91,95.545,51.10712105314617
2023-10-22,S003-P0016,Electronics,29,99,74.04,95.545,40.88296803627545
2023-10-23,S003-P0016,Electronics,59,263,83.43,95.545,69.69537835275054
2023-10-24,S003-P0016,Electronics,35,201,84.42,95.545,40.817498650781936
2023-10-25,S003-P0016,Electronics,111,176,105.51,95.545,94.5232041748938
2023-10-26,S003-P0016,Electronics,172,66,119.25,95.545,105.48564994748565
2023-10-27,S003-P0016,Electronics,147,250,105.69,95.545,105.51619725240859
2023-10-28,S003-P0016,Electronics,110,489,78.8,95.545,113.16527783488081
2023-10-29,S003-P0016,Electronics,61,406,88.91,95.545,94.77290187276793
2023-10-30,S003-P0016,Electronics,121,340,98.02,95.545,94.94974017122432
2023-10-31,S003-P0016,Electronics,127,218,110.81,95.545,105.72161119045788
2023-11-01,S003-P0016,Electronics,120,96,92.12,95.545,113.05068408276748
2023-11-02,S003-P0016,Electronics,112,263,105.89,95.545,105.46658846081634
2023-11-03,S003-P0016,Electronics,159,187,102.33,95.545,123.38662183881655
2023-11-04,S003-P0016,Electronics,90,254,93.59,95.545,105.65012389123116
2023-11-05,S003-P0016,Electronics,148,194,100.28,95.545,123.65728277497757
2023-11-06,S003-P0016,Electronics,116,234,101.69,95.545,84.56089232462824
2023-11-07,S003-P0016,Electronics,165,355,130.01,95.545,94.78687286879824
2023-11-08,S003-P0016,Electronics,95,196,90.04,95.545,84.33658779306728
2023-11-09,S003-P0016,Electronics,102,447,87.1,95.545,113.00235139947787
2023-11-10,S003-P0016,Electronics,100,367,101.76,95.545,84.17614449115658
2023-11-11,S003-P0016,Electronics,107,252,104.09,95.545,105.65463414151606
2023-11-12,S003-P0016,Electronics,120,125,91.34,95.545,134.7320670897221
2023-11-13,S003-P0016,Electronics,67,219,81.73,95.545,113.32556591933269
2023-11-14,S003-P0016,Electronics,85,148,87.02,95.545,84.55237278871758
2023-11-15,S003-P0016,Electronics,82,49,95.81,95.545,105.69447781936981
2023-11-16,S003-P0016,Electronics,88,182,97.89,95.545,94.61741509157775
2023-11-17,S003-P0016,Electronics,95,269,85.14,95.545,123.4413916015811
2023-11-18,S003-P0016,Electronics,137,182,114.06,95.545,105.70128557367188
2023-11-19,S003-P0016,Electronics,131,48,101.02,95.545,134.66716411714918
2023-11-20,S003-P0016,Electronics,149,227,124.56,95.545,84.60474482028917
2023-11-21,S003-P0016,Electronics,115,339,101.18,95.545,123.68046108692414
2023-11-22,S003-P0016,Electronics,96,227,95.19,95.545,105.78839734467363
2023-11-23,S003-P0016,Electronics,143,137,110.16,95.545,113.03502383672912
2023-11-24,S003-P0016,Electronics,93,224,99.42,95.545,94.62317837577201
2023-11-25,S003-P0016,Electronics,134,142,107.46,95.545,84.46374236563665
2023-11-26,S003-P0016,Electronics,120,196,102.93,95.545,84.64902971979492
2023-11-27,S003-P0016,Electronics,94,335,99.99,95.545,84.63410290592796
2023-11-28,S003-P0016,Electronics,97,258,95.93,95.545,84.56590895295824
2023-11-29,S003-P0016,Electronics,184,199,123.42,95.545,105.75896179460943
2023-11-30,S003-P0016,Electronics,93,199,104.9,95.545,94.62314713433244
2023-12-01,S003-P0016,Electronics,176,427,113.75,95.545,126.10615212873526
2023-12-02,S003-P0016,Electronics,173,258,119.99,95.545,97.45458103635369
2023-12-03,S003-P0016,Electronics,152,82,89.4,95.545,137.48853746792952
2023-12-04,S003-P0016,Electronics,129,347,83.63,95.545,137.54639638542272
2023-12-05,S003-P0016,Electronics,100,211,81.41,95.545,116.04084464213108
2023-12-06,S003-P0016,Electronics,109,110,99.7,95.545,108.37844191056517
2023-12-07,S003-P0016,Electronics,103,187,86.47,95.545,126.14887797759243
2023-12-08,S003-P0016,Electronics,156,92,114.24,95.545,126.05862293191234
2023-12-09,S003-P0016,Electronics,53,165,77.55,95.545,87.11651969015438
2023-12-10,S003-P0016,Electronics,97,454,106.0,95.545,87.16813059616601
2023-12-11,S003-P0016,Electronics,112,366,100.21,95.545,87.33363845388521
2023-12-12,S003-P0016,Electronics,165,266,123.63,95.545,87.13175701995004
2023-12-13,S003-P0016,Electronics,74,88,93.0,95.545,108.37559744341807
2023-12-14,S003-P0016,Electronics,86,333,102.19,95.545,97.23572751353468
2023-12-15,S003-P0016,Electronics,123,231,109.36,95.545,86.90978028827575
2023-12-16,S003-P0016,Electronics,105,91,103.34,95.545,87.05274682072479
2023-12-17,S003-P0016,Electronics,99,197,96.37,95.545,97.61019713230573
2023-12-18,S003-P0016,Electronics,221,87,128.01,95.545,137.37011581223555
2023-12-19,S003-P0016,Electronics,65,203,94.96,95.545,87.1167601947202
2023-12-20,S003-P0016,Electronics,54,602,77.71,95.545,108.41342759923133
2023-12-21,S003-P0016,Electronics,132,552,112.57,95.545,108.23390846091229
2023-12-22,S003-P0016,Electronics,158,415,108.36,95.545,115.68735344396035
2023-12-23,S003-P0016,Electronics,105,282,98.03,95.545,115.77348317778149
2023-12-24,S003-P0016,Electronics,82,191,91.0,95.545,87.18700621378022
2023-12-25,S003-P0016,Electronics,34,335,71.82,95.545,87.29366985594336
2023-12-26,S003-P0016,Electronics,246,308,120.44,95.545,137.35661408390104
2023-12-27,S003-P0016,Electronics,74,56,93.05,95.545,53.89923196555029
2023-12-28,S003-P0016,Electronics,39,468,73.3,95.545,53.827436942469994
2023-12-29,S003-P0016,Electronics,63,432,89.49,95.545,43.33301922155921
2023-12-30,S003-P0016,Electronics,40,358,85.96,95.545,53.87023639362025
2023-12-31,S003-P0016,Electronics,99,328,96.54,95.545,65.0427872459591
2024-01-01,S003-P0016,Electronics,49,214,76.26,95.545,54.608212427768656
2024-01-02,S003-P0016,Electronics,65,178,94.97,95.545,44.002186911603445
2024-01-03,S003-P0016,Electronics,38,121,72.92,95.545,43.93439058567307
2024-01-04,S003-P0016,Electronics,92,241,89.14,95.545,43.805813602432096
2024-01-05,S003-P0016,Electronics,75,179,88.9,95.545,65.12303517440215
2024-01-06,S003-P0016,Electronics,64,306,84.96,95.545,54.35263740437734
2024-01-07,S003-P0016,Electronics,19,257,55.99,95.545,72.9613427095729
2024-01-08,S003-P0016,Electronics,76,239,84.48,95.545,72.84484964439955
2024-01-09,S003-P0016,Electronics,73,175,83.55,95.545,116.21095662228143
2024-01-10,S003-P0016,Electronics,139,125,86.09,95.545,126.59440233264755
2024-01-11,S003-P0016,Electronics,59,190,79.43,95.545,108.57298494836381
2024-01-12,S003-P0016,Electronics,167,452,117.53,95.545,108.58275687459775
2024-01-13,S003-P0016,Electronics,119,331,81.25,95.545,126.60922429137193
2024-01-14,S003-P0016,Electronics,123,200,98.12,95.545,126.65128735260268
2024-01-15,S003-P0016,Electronics,100,61,91.55,95.545,137.60514264939306
2024-01-16,S003-P0016,Electronics,124,248,86.8,95.545,126.70567306256726
2024-01-17,S003-P0016,Electronics,105,136,98.08,95.545,87.27314422053058
2024-01-18,S003-P0016,Electronics,205,356,115.33,95.545,126.33794928738408
2024-01-19,S003-P0016,Electronics,57,227,91.96,95.545,108.40019535773578
2024-01-20,S003-P0016,Electronics,99,536,101.64,95.545,108.5339988160644
2024-01-21,S003-P0016,Electronics,135,445,113.65,95.545,87.32363345295303
2024-01-22,S003-P0016,Electronics,156,300,120.46,95.545,108.72896883187853
2024-01-23,S003-P0016,Electronics,111,195,79.17,95.545,126.62657267389287
2024-01-24,S003-P0016,Electronics,82,432,86.1,95.545,87.19254633257805
2024-01-25,S003-P0016,Electronics,151,356,112.47,95.545,108.41964252292506
2024-01-26,S003-P0016,Electronics,157,220,108.65,95.545,87.06581239713213
2024-01-27,S003-P0016,Electronics,88,403,97.8,95.545,87.08851054622235
2024-01-28,S003-P0016,Electronics,65,327,85.53,95.545,97.74515267103641
2024-01-29,S003-P0016,Electronics,111,267,100.15,95.545,87.33554742205524
2024-01-30,S003-P0016,Electronics,124,161,104.37,95.545,108.59158976413144
2023-10-03,S003-P0017,Furniture,91,112,135.62,112.87,59.91917224077937
2023-10-04,S003-P0017,Furniture,91,471,122.38,112.87,70.18230843434105
2023-10-05,S003-P0017,Furniture,67,368,118.2,112.87,59.623314270449846
2023-10-06,S003-P0017,Furniture,30,289,97.11,112.87,70.11059246007336
2023-10-07,S003-P0017,Furniture,30,262,107.41,112.87,16.38636203104368
2023-10-08,S003-P0017,Furniture,45,239,97.67,112.87,45.361382062718796
2023-10-09,S003-P0017,Furniture,32,202,97.84,112.87,16.68873543821264
2023-10-10,S003-P0017,Furniture,35,165,88.87,112.87,55.77385179228163
2023-10-11,S003-P0017,Furniture,21,125,93.11,112.87,16.47593023029186
2023-10-12,S003-P0017,Furniture,23,297,93.92,112.87,55.45604807980946
2023-10-13,S003-P0017,Furniture,38,271,105.8,112.87,37.70786801685192
2023-10-14,S003-P0017,Furniture,16,232,91.47,112.87,16.541116183968434
2023-10-15,S003-P0017,Furniture,38,220,111.31,112.87,27.024903764612915
2023-10-16,S003-P0017,Furniture,35,190,94.11,112.87,27.204563706096337
2023-10-17,S003-P0017,Furniture,64,168,110.98,112.87,55.815541317314924
2023-10-18,S003-P0017,Furniture,34,118,83.0,112.87,45.36986884946297
2023-10-19,S003-P0017,Furniture,71,228,90.09,112.87,45.316515955768416
2023-10-20,S003-P0017,Furniture,35,167,93.37,112.87,45.23880848728009
2023-10-21,S003-P0017,Furniture,21,425,98.35,112.87,26.996036987896787
2023-10-22,S003-P0017,Furniture,20,410,97.75,112.87,16.771883971026064
2023-10-23,S003-P0017,Furniture,46,390,103.75,112.87,16.84054028312432
2023-10-24,S003-P0017,Furniture,38,360,100.06,112.87,45.505008920728464
2023-10-25,S003-P0017,Furniture,71,337,119.92,112.87,70.46696044046351
2023-10-26,S003-P0017,Furniture,131,260,115.25,112.87,110.22800054825126
2023-10-27,S003-P0017,Furniture,53,122,106.72,112.87,81.35027285634013
2023-10-28,S003-P0017,Furniture,93,67,97.07,112.87,89.05419376963141
2023-10-29,S003-P0017,Furniture,88,303,114.86,112.87,70.77149846915671
2023-10-30,S003-P0017,Furniture,59,655,108.71,112.87,70.83865610597493
2023-10-31,S003-P0017,Furniture,65,589,111.65,112.87,81.66536745602758
2023-11-01,S003-P0017,Furniture,106,548,128.27,112.87,60.19584601314127
2023-11-02,S003-P0017,Furniture,86,437,95.06,112.87,110.263779392401
2023-11-03,S003-P0017,Furniture,75,377,115.56,112.87,70.42210310755218
2023-11-04,S003-P0017,Furniture,162,289,125.99,112.87,110.44731482281583
2023-11-05,S003-P0017,Furniture,93,114,129.51,112.87,70.69276404371321
2023-11-06,S003-P0017,Furniture,27,31,101.0,112.87,60.44980825937885
2023-11-07,S003-P0017,Furniture,100,267,125.66,112.87,99.47438313874473
2023-11-08,S003-P0017,Furniture,106,886,108.3,112.87,89.02409806301381
2023-11-09,S003-P0017,Furniture,81,779,104.68,112.87,88.94610766504758
2023-11-10,S003-P0017,Furniture,39,689,100.96,112.87,60.11990075672629
2023-11-11,S003-P0017,Furniture,67,644,118.48,112.87,81.59839040708576
2023-11-12,S003-P0017,Furniture,85,587,126.28,112.87,81.76754835845777
2023-11-13,S003-P0017,Furniture,74,502,121.38,112.87,60.470727849706485
2023-11-14,S003-P0017,Furniture,89,428,114.6,112.87,89.185042727845
2023-11-15,S003-P0017,Furniture,92,322,101.83,112.87,110.49166875095449
2023-11-16,S003-P0017,Furniture,82,231,131.18,112.87,70.45149069550928
2023-11-17,S003-P0017,Furniture,100,179,132.49,112.87,70.47687287031671
2023-11-18,S003-P0017,Furniture,61,418,115.79,112.87,81.5902015084225
2023-11-19,S003-P0017,Furniture,72,379,114.45,112.87,81.81232604752303
2023-11-20,S003-P0017,Furniture,82,305,112.46,112.87,60.60334141667796
2023-11-21,S003-P0017,Furniture,78,233,116.46,112.87,70.88046334811703
2023-11-22,S003-P0017,Furniture,131,164,109.65,112.87,110.53074794543923
2023-11-23,S003-P0017,Furniture,97,32,110.45,112.87,89.03362043311793
2023-11-24,S003-P0017,Furniture,96,277,117.76,112.87,70.6217749721608
2023-11-25,S003-P0017,Furniture,65,211,117.23,112.87,60.297817969568165
2023-11-26,S003-P0017,Furniture,98,735,111.89,112.87,89.28169965892235
2023-11-27,S003-P0017,Furniture,78,641,123.03,112.87,60.52301884067857
2023-11-28,S003-P0017,Furniture,74,589,115.38,112.87,60.454824887708845
2023-11-29,S003-P0017,Furniture,84,520,125.56,112.87,81.64787772936005
2023-11-30,S003-P0017,Furniture,60,466,109.46,112.87,70.56690339990215
2023-12-01,S003-P0017,Furniture,22,398,93.41,112.87,73.25131405910902
2023-12-02,S003-P0017,Furniture,51,379,111.52,112.87,73.3434969711043
2023-12-03,S003-P0017,Furniture,91,321,128.94,112.87,84.46917840584611
2023-12-04,S003-P0017,Furniture,77,235,116.5,112.87,84.52703732333927
2023-12-05,S003-P0017,Furniture,41,154,107.05,112.87,63.0763259108667
2023-12-06,S003-P0017,Furniture,142,113,119.31,112.87,113.17563284214984
2023-12-07,S003-P0017,Furniture,34,370,104.1,112.87,73.12951891550895
2023-12-08,S003-P0017,Furniture,110,332,109.73,112.87,102.05721952830113
2023-12-09,S003-P0017,Furniture,35,231,109.96,112.87,62.89575496326684
2023-12-10,S003-P0017,Furniture,74,859,121.19,112.87,63.05704653091662
2023-12-11,S003-P0017,Furniture,61,774,103.44,112.87,91.96630839301267
2023-12-12,S003-P0017,Furniture,117,702,118.99,112.87,91.87410762071562
2023-12-13,S003-P0017,Furniture,87,585,126.99,112.87,84.26451337816869
2023-12-14,S003-P0017,Furniture,88,481,127.63,112.87,73.17948377910439
2023-12-15,S003-P0017,Furniture,91,401,96.61,112.87,91.70697121986043
2023-12-16,S003-P0017,Furniture,68,341,106.93,112.87,91.68541675985222
2023-12-17,S003-P0017,Furniture,74,298,121.14,112.87,73.49911306705634
2023-12-18,S003-P0017,Furniture,82,246,118.5,112.87,84.51527774260936
2023-12-19,S003-P0017,Furniture,59,543,109.1,112.87,63.060516460289904
2023-12-20,S003-P0017,Furniture,130,494,138.0,112.87,112.99125720753966
2023-12-21,S003-P0017,Furniture,103,415,120.41,112.87,84.17766472648198
2023-12-22,S003-P0017,Furniture,109,305,122.29,112.87,91.57626937871095
2023-12-23,S003-P0017,Furniture,91,190,128.87,112.87,62.8638047773362
2023-12-24,S003-P0017,Furniture,87,545,100.11,112.87,91.98419714536487
2023-12-25,S003-P0017,Furniture,65,479,105.75,112.87,63.18258579069398
2023-12-26,S003-P0017,Furniture,67,418,106.39,112.87,84.44693568345575
2023-12-27,S003-P0017,Furniture,52,347,88.11,112.87,58.69642289713499
2023-12-28,S003-P0017,Furniture,36,302,105.01,112.87,29.60667221558244
2023-12-29,S003-P0017,Furniture,43,280,107.64,112.87,19.276775487128912
2023-12-30,S003-P0017,Furniture,10,231,93.66,112.87,29.813992659189953
2023-12-31,S003-P0017,Furniture,51,224,111.18,112.87,40.876862849890635
2024-01-01,S003-P0017,Furniture,16,167,86.46,112.87,30.497128362519266
2024-01-02,S003-P0017,Furniture,27,149,100.93,112.87,19.945943177173145
2024-01-03,S003-P0017,Furniture,27,131,101.06,112.87,19.768466189604606
2024-01-04,S003-P0017,Furniture,13,267,99.95,112.87,19.58504887554454
2024-01-05,S003-P0017,Furniture,15,256,71.62,112.87,69.92022610598684
2024-01-06,S003-P0017,Furniture,34,241,98.75,112.87,30.186713008308875
2024-01-07,S003-P0017,Furniture,20,209,102.81,112.87,19.887143316670343
2024-01-08,S003-P0017,Furniture,18,186,86.67,112.87,48.788605909969235
2024-01-09,S003-P0017,Furniture,50,168,116.72,112.87,63.30127822183614
2024-01-10,S003-P0017,Furniture,69,133,112.72,112.87,102.3187972749409
2024-01-11,S003-P0017,Furniture,120,61,141.34,112.87,84.40706055229535
2024-01-12,S003-P0017,Furniture,94,0,117.04,112.87,84.47167280934836
2024-01-13,S003-P0017,Furniture,109,167,102.6,112.87,102.49814022612254
2024-01-14,S003-P0017,Furniture,65,391,111.16,112.87,73.79644928297647
2024-01-15,S003-P0017,Furniture,68,888,118.65,112.87,84.69546424894779
2024-01-16,S003-P0017,Furniture,70,824,125.76,112.87,73.63147366966474
2024-01-17,S003-P0017,Furniture,95,752,130.71,112.87,63.107219824462135
2024-01-18,S003-P0017,Furniture,87,658,120.81,112.87,73.37343055611971
2024-01-19,S003-P0017,Furniture,79,569,117.18,112.87,84.34395162330549
2024-01-20,S003-P0017,Furniture,101,507,99.69,112.87,113.38603007846817
2024-01-21,S003-P0017,Furniture,61,387,109.51,112.87,92.0111437228995
2024-01-22,S003-P0017,Furniture,129,339,130.74,112.87,113.41647910182505
2024-01-23,S003-P0017,Furniture,101,248,140.33,112.87,73.55237328099034
2024-01-24,S003-P0017,Furniture,79,143,92.79,112.87,91.93489693334362
2024-01-25,S003-P0017,Furniture,64,72,105.14,112.87,84.30855845767567
2024-01-26,S003-P0017,Furniture,118,576,140.6,112.87,62.89988800106369
2024-01-27,S003-P0017,Furniture,117,488,110.74,112.87,91.94054180862614
2024-01-28,S003-P0017,Furniture,131,401,138.64,112.87,102.32298227934474
2024-01-29,S003-P0017,Furniture,77,317,129.08,112.87,63.16962302598678
2024-01-30,S003-P0017,Furniture,118,239,140.72,112.87,84.48050569888206
2023-10-03,S003-P0018,Furniture,71,619,119.58,124.805,60.02885290241753
2023-10-04,S003-P0018,Furniture,66,538,123.93,124.805,70.18230843434105
2023-10-05,S003-P0018,Furniture,72,483,100.07,124.805,88.586429598103
2023-10-06,S003-P0018,Furniture,104,428,133.9,124.805,70.16543279089244
2023-10-07,S003-P0018,Furniture,74,313,100.79,124.805,45.34947735869685
2023-10-08,S003-P0018,Furniture,43,237,100.57,124.805,45.47106272435696
2023-10-09,S003-P0018,Furniture,20,198,97.56,124.805,16.743575769031715
2023-10-10,S003-P0018,Furniture,65,572,123.39,124.805,26.975257457085732
2023-10-11,S003-P0018,Furniture,63,508,129.22,124.805,16.366249568653693
2023-10-12,S003-P0018,Furniture,73,459,113.76,124.805,55.51088841062854
2023-10-13,S003-P0018,Furniture,35,382,91.28,124.805,66.616143013686
2023-10-14,S003-P0018,Furniture,59,361,127.01,124.805,16.541116183968434
2023-10-15,S003-P0018,Furniture,34,321,86.48,124.805,55.988019092266086
2023-10-16,S003-P0018,Furniture,64,298,129.65,124.805,27.09488304445817
2023-10-17,S003-P0018,Furniture,56,241,125.94,124.805,27.0717873129381
2023-10-18,S003-P0018,Furniture,22,174,114.85,124.805,16.461593852628887
2023-10-19,S003-P0018,Furniture,69,157,112.28,124.805,45.20683529413024
2023-10-20,S003-P0018,Furniture,33,366,86.02,124.805,45.34848914891827
2023-10-21,S003-P0018,Furniture,29,341,106.7,124.805,27.050877318715862
2023-10-22,S003-P0018,Furniture,70,312,125.51,124.805,16.82672430184514
2023-10-23,S003-P0018,Furniture,25,241,99.7,124.805,16.895380613943395
2023-10-24,S003-P0018,Furniture,12,219,98.84,124.805,16.816095247170715
2023-10-25,S003-P0018,Furniture,89,210,134.45,124.805,70.46696044046351
2023-10-26,S003-P0018,Furniture,92,445,142.86,124.805,81.31972555141719
2023-10-27,S003-P0018,Furniture,95,367,130.24,124.805,81.4051131871592
2023-10-28,S003-P0018,Furniture,85,257,110.17,124.805,89.05419376963141
2023-10-29,S003-P0018,Furniture,48,161,115.96,124.805,70.71665813833764
2023-10-30,S003-P0018,Furniture,38,440,117.19,124.805,70.72897544433677
2023-10-31,S003-P0018,Furniture,44,397,126.16,124.805,81.61052712520849
2023-11-01,S003-P0018,Furniture,96,359,137.8,124.805,60.141005682322195
2023-11-02,S003-P0018,Furniture,127,284,128.16,124.805,110.20893906158193
2023-11-03,S003-P0018,Furniture,27,181,88.1,124.805,99.33037810438624
2023-11-04,S003-P0018,Furniture,54,165,112.37,124.805,81.59388015680085
2023-11-05,S003-P0018,Furniture,75,436,106.39,124.805,99.65587937136634
2023-11-06,S003-P0018,Furniture,52,382,117.52,124.805,60.44980825937885
2023-11-07,S003-P0018,Furniture,73,344,120.73,124.805,70.78546946518702
2023-11-08,S003-P0018,Furniture,108,296,120.72,124.805,89.02409806301381
2023-11-09,S003-P0018,Furniture,81,214,103.35,124.805,89.00094799586665
2023-11-10,S003-P0018,Furniture,100,149,139.2,124.805,60.174741087545364
2023-11-11,S003-P0018,Furniture,113,277,161.17,124.805,81.54355007626667
2023-11-12,S003-P0018,Furniture,149,151,144.96,124.805,110.56614269365366
2023-11-13,S003-P0018,Furniture,96,42,137.33,124.805,60.52556818052556
2023-11-14,S003-P0018,Furniture,58,359,114.12,124.805,60.4412887234682
2023-11-15,S003-P0018,Furniture,146,306,152.06,124.805,110.32714775849723
2023-11-16,S003-P0018,Furniture,82,727,138.04,124.805,70.45149069550928
2023-11-17,S003-P0018,Furniture,88,656,134.15,124.805,70.5317132011358
2023-11-18,S003-P0018,Furniture,40,563,106.33,124.805,81.69988217006066
2023-11-19,S003-P0018,Furniture,81,519,103.18,124.805,110.72060104435707
2023-11-20,S003-P0018,Furniture,93,433,151.34,124.805,60.49366075503979
2023-11-21,S003-P0018,Furniture,70,371,132.72,124.805,70.82562301729796
2023-11-22,S003-P0018,Furniture,120,323,123.73,124.805,110.53074794543923
2023-11-23,S003-P0018,Furniture,84,196,125.45,124.805,60.23502609792201
2023-11-24,S003-P0018,Furniture,132,500,154.02,124.805,70.6217749721608
2023-11-25,S003-P0018,Furniture,93,396,128.27,124.805,89.15125263558318
2023-11-26,S003-P0018,Furniture,73,306,133.84,124.805,60.42826499290738
2023-11-27,S003-P0018,Furniture,71,223,132.77,124.805,60.57785917149766
2023-11-28,S003-P0018,Furniture,67,765,138.17,124.805,60.399984556889756
2023-11-29,S003-P0018,Furniture,117,712,155.01,124.805,81.59303739854096
2023-11-30,S003-P0018,Furniture,62,598,128.76,124.805,70.56690339990215
2023-12-01,S003-P0018,Furniture,36,552,109.77,124.805,73.25131405910902
2023-12-02,S003-P0018,Furniture,90,526,127.32,124.805,102.1420913063002
2023-12-03,S003-P0018,Furniture,122,470,157.43,124.805,84.41433807502702
2023-12-04,S003-P0018,Furniture,54,327,118.28,124.805,84.58187765415835
2023-12-05,S003-P0018,Furniture,92,272,121.52,124.805,91.8749202460626
2023-12-06,S003-P0018,Furniture,97,199,131.07,124.805,84.32219817613486
2023-12-07,S003-P0018,Furniture,48,511,128.04,124.805,73.12951891550895
2023-12-08,S003-P0018,Furniture,70,477,119.19,124.805,73.25862519310522
2023-12-09,S003-P0018,Furniture,56,406,119.33,124.805,63.005435624905004
2023-12-10,S003-P0018,Furniture,104,359,133.08,124.805,91.91048119693161
2023-12-11,S003-P0018,Furniture,78,241,122.59,124.805,63.22255438863583
2023-12-12,S003-P0018,Furniture,77,149,143.26,124.805,63.02067295470066
2023-12-13,S003-P0018,Furniture,80,100,130.12,124.805,113.00826738254548
2023-12-14,S003-P0018,Furniture,58,487,133.25,124.805,73.1246434482853
2023-12-15,S003-P0018,Furniture,45,442,114.21,124.805,91.54245022740318
2023-12-16,S003-P0018,Furniture,18,396,102.25,124.805,62.94166275547542
2023-12-17,S003-P0018,Furniture,67,374,110.39,124.805,102.35254773307132
2023-12-18,S003-P0018,Furniture,114,329,153.92,124.805,84.51527774260936
2023-12-19,S003-P0018,Furniture,120,251,125.46,124.805,91.91395112630485
2023-12-20,S003-P0018,Furniture,117,172,155.07,124.805,84.19266287234377
2023-12-21,S003-P0018,Furniture,101,45,139.8,124.805,112.86657840003971
2023-12-22,S003-P0018,Furniture,82,442,138.26,124.805,62.722834712695956
2023-12-23,S003-P0018,Furniture,102,379,124.69,124.805,91.77207977417027
2023-12-24,S003-P0018,Furniture,54,315,118.45,124.805,63.07592214853085
2023-12-25,S003-P0018,Furniture,55,734,118.68,124.805,63.18258579069398
2023-12-26,S003-P0018,Furniture,103,692,156.06,124.805,84.33725502181758
2023-12-27,S003-P0018,Furniture,49,616,122.24,124.805,29.788147900300903
2023-12-28,S003-P0018,Furniture,40,584,94.4,124.805,58.51494721241652
2023-12-29,S003-P0018,Furniture,30,544,119.38,124.805,19.221935156309822
2023-12-30,S003-P0018,Furniture,42,510,112.55,124.805,29.86883299000903
2023-12-31,S003-P0018,Furniture,15,473,106.11,124.805,40.876862849890635
2024-01-01,S003-P0018,Furniture,26,462,88.03,124.805,59.350563028534275
2024-01-02,S003-P0018,Furniture,21,444,97.8,124.805,20.00078350799222
2024-01-03,S003-P0018,Furniture,50,424,116.45,124.805,19.82330652042368
2024-01-04,S003-P0018,Furniture,42,364,95.24,124.805,48.493323872378625
2024-01-05,S003-P0018,Furniture,71,318,106.5,124.805,69.86538577516775
2024-01-06,S003-P0018,Furniture,45,257,108.57,124.805,30.24155333912795
2024-01-07,S003-P0018,Furniture,21,216,103.27,124.805,19.941983647489433
2024-01-08,S003-P0018,Furniture,23,199,115.51,124.805,19.935171243954255
2024-01-09,S003-P0018,Furniture,53,486,124.42,124.805,63.35611855265523
2024-01-10,S003-P0018,Furniture,61,433,135.04,124.805,73.52020293974502
2024-01-11,S003-P0018,Furniture,69,385,118.61,124.805,113.15081455667215
2024-01-12,S003-P0018,Furniture,77,324,114.4,124.805,113.27026714454428
2024-01-13,S003-P0018,Furniture,58,238,120.07,124.805,73.64470556010757
2024-01-14,S003-P0018,Furniture,67,197,117.87,124.805,73.79644928297647
2024-01-15,S003-P0018,Furniture,92,148,143.12,124.805,84.69546424894779
2024-01-16,S003-P0018,Furniture,49,345,122.52,124.805,73.63147366966474
2024-01-17,S003-P0018,Furniture,40,296,111.96,124.805,63.107219824462135
2024-01-18,S003-P0018,Furniture,73,255,120.62,124.805,73.42827088693879
2024-01-19,S003-P0018,Furniture,92,618,120.3,124.805,113.19738628932046
2024-01-20,S003-P0018,Furniture,111,537,144.67,124.805,84.4777550816341
2024-01-21,S003-P0018,Furniture,68,404,138.66,124.805,63.212549387703646
2024-01-22,S003-P0018,Furniture,102,347,140.17,124.805,113.41647910182505
2024-01-23,S003-P0018,Furniture,100,284,139.33,124.805,73.6620539426285
2024-01-24,S003-P0018,Furniture,59,588,121.0,124.805,63.026621936509585
2024-01-25,S003-P0018,Furniture,102,544,140.65,124.805,84.2537181268566
2024-01-26,S003-P0018,Furniture,114,481,115.1,124.805,91.80816299789774
2024-01-27,S003-P0018,Furniture,16,392,95.39,124.805,91.83086114698798
2024-01-28,S003-P0018,Furniture,97,374,137.92,124.805,102.32298227934474
2024-01-29,S003-P0018,Furniture,79,313,136.75,124.805,63.22446335680587
2024-01-30,S003-P0018,Furniture,90,652,142.21,124.805,84.42566536806297
2023-10-03,S003-P0019,Groceries,113,171,60.96,55.07,108.53385115767418
2023-10-04,S003-P0019,Groceries,166,218,60.75,55.07,118.85182768205493
2023-10-05,S003-P0019,Groceries,82,255,52.32,55.07,108.23799318734464
2023-10-06,S003-P0019,Groceries,103,170,56.14,55.07,118.72527137696817
2023-10-07,S003-P0019,Groceries,134,51,58.43,55.07,93.79963528313439
2023-10-08,S003-P0019,Groceries,84,110,49.85,55.07,93.9760609796136
2023-10-09,S003-P0019,Groceries,103,98,44.83,55.07,94.15684902112244
2023-10-10,S003-P0019,Groceries,54,117,47.15,55.07,75.53509604316145
2023-10-11,S003-P0019,Groceries,111,142,57.53,55.07,64.9809284855485
2023-10-12,S003-P0019,Groceries,78,186,38.62,55.07,104.23524798916152
2023-10-13,S003-P0019,Groceries,171,113,51.38,55.07,115.2308219305808
2023-10-14,S003-P0019,Groceries,64,165,48.99,55.07,65.10095477004415
2023-10-15,S003-P0019,Groceries,57,113,50.22,55.07,75.63958268150772
2023-10-16,S003-P0019,Groceries,67,123,49.57,55.07,75.70956196135297
2023-10-17,S003-P0019,Groceries,103,144,42.02,55.07,104.59474122666698
2023-10-18,S003-P0019,Groceries,54,151,44.73,55.07,65.13111310034279
2023-10-19,S003-P0019,Groceries,62,101,43.68,55.07,93.76667388020596
2023-10-20,S003-P0019,Groceries,61,106,45.8,55.07,65.10973339979807
2023-10-21,S003-P0019,Groceries,83,120,47.12,55.07,104.35446990916842
2023-10-22,S003-P0019,Groceries,84,113,55.35,55.07,65.33172255710178
2023-10-23,S003-P0019,Groceries,87,122,53.08,55.07,65.45521920001912
2023-10-24,S003-P0019,Groceries,64,132,46.4,55.07,65.43077416406553
2023-10-25,S003-P0019,Groceries,176,67,69.35,55.07,119.02679902653922
2023-10-26,S003-P0019,Groceries,82,149,46.96,55.07,158.67815847268878
2023-10-27,S003-P0019,Groceries,81,52,52.13,55.07,129.96495177323493
2023-10-28,S003-P0019,Groceries,60,89,38.55,55.07,137.61403235570714
2023-10-29,S003-P0019,Groceries,123,121,62.93,55.07,119.27649672441335
2023-10-30,S003-P0019,Groceries,151,143,64.89,55.07,119.39849469205066
2023-10-31,S003-P0019,Groceries,68,167,47.27,55.07,130.28004637292238
2023-11-01,S003-P0019,Groceries,156,103,52.63,55.07,137.60911926523195
2023-11-02,S003-P0019,Groceries,126,152,57.02,55.07,158.71393731683852
2023-11-03,S003-P0019,Groceries,69,150,47.32,55.07,119.03678202444698
2023-11-04,S003-P0019,Groceries,186,100,63.68,55.07,158.95231307807245
2023-11-05,S003-P0019,Groceries,79,168,51.7,55.07,119.3622832914271
2023-11-06,S003-P0019,Groceries,137,89,65.49,55.07,109.00964684545457
2023-11-07,S003-P0019,Groceries,100,150,52.69,55.07,119.40014838208182
2023-11-08,S003-P0019,Groceries,137,176,62.27,55.07,108.73050198307453
2023-11-09,S003-P0019,Groceries,117,158,55.74,55.07,108.70735191592738
2023-11-10,S003-P0019,Groceries,158,158,52.24,55.07,137.64285467045514
2023-11-11,S003-P0019,Groceries,116,201,58.43,55.07,130.15822899316146
2023-11-12,S003-P0019,Groceries,132,101,64.52,55.07,130.3273869445335
2023-11-13,S003-P0019,Groceries,92,153,56.83,55.07,109.03056643578219
2023-11-14,S003-P0019,Groceries,59,136,48.13,55.07,109.00112730954393
2023-11-15,S003-P0019,Groceries,94,99,48.76,55.07,158.9966670062111
2023-11-16,S003-P0019,Groceries,131,76,58.02,55.07,119.17585027404225
2023-11-17,S003-P0019,Groceries,123,157,56.65,55.07,119.20123244884968
2023-11-18,S003-P0019,Groceries,146,186,51.06,55.07,159.11315542215135
2023-11-19,S003-P0019,Groceries,69,202,44.82,55.07,130.4818452952369
2023-11-20,S003-P0019,Groceries,85,136,55.64,55.07,109.1083396719346
2023-11-21,S003-P0019,Groceries,129,162,51.2,55.07,148.29373660020772
2023-11-22,S003-P0019,Groceries,172,165,58.3,55.07,159.03574620069585
2023-11-23,S003-P0019,Groceries,101,195,52.84,55.07,108.8497050148168
2023-11-24,S003-P0019,Groceries,95,93,57.56,55.07,119.12677322741743
2023-11-25,S003-P0019,Groceries,146,88,63.85,55.07,108.91249688646297
2023-11-26,S003-P0019,Groceries,158,120,55.73,55.07,137.95121890663623
2023-11-27,S003-P0019,Groceries,82,190,41.19,55.07,138.10081308522652
2023-11-28,S003-P0019,Groceries,176,113,65.66,55.07,109.12434413542272
2023-11-29,S003-P0019,Groceries,122,189,62.64,55.07,130.20771631543576
2023-11-30,S003-P0019,Groceries,80,95,46.74,55.07,119.23642264761602
2023-12-01,S003-P0019,Groceries,108,93,57.04,55.07,121.81115264518475
2023-12-02,S003-P0019,Groceries,221,128,69.5,55.07,150.756770223195
2023-12-03,S003-P0019,Groceries,166,181,56.92,55.07,161.93729198875585
2023-12-04,S003-P0019,Groceries,163,215,66.98,55.07,133.14171624023408
2023-12-05,S003-P0019,Groceries,121,293,62.52,55.07,111.6361644969424
2023-12-06,S003-P0019,Groceries,174,200,65.47,55.07,161.62579076658736
2023-12-07,S003-P0019,Groceries,143,231,66.66,55.07,121.74419783240376
2023-12-08,S003-P0019,Groceries,106,109,50.98,55.07,121.87330411000002
2023-12-09,S003-P0019,Groceries,67,163,49.43,55.07,111.51043388016163
2023-12-10,S003-P0019,Groceries,107,113,51.15,55.07,111.78140610944959
2023-12-11,S003-P0019,Groceries,122,111,53.65,55.07,111.83723330553062
2023-12-12,S003-P0019,Groceries,77,120,38.5,55.07,140.59846719924857
2023-12-13,S003-P0019,Groceries,153,135,61.82,55.07,161.62294629944026
2023-12-14,S003-P0019,Groceries,112,172,57.71,55.07,121.7393223651801
2023-12-15,S003-P0019,Groceries,54,176,47.06,55.07,111.35853480910208
2023-12-16,S003-P0019,Groceries,94,113,49.07,55.07,111.6111820031893
2023-12-17,S003-P0019,Groceries,127,95,51.43,55.07,150.91238631914703
2023-12-18,S003-P0019,Groceries,19,149,34.3,55.07,161.98339132551914
2023-12-19,S003-P0019,Groceries,93,131,54.22,55.07,111.6203550463656
2023-12-20,S003-P0019,Groceries,65,161,46.61,55.07,132.91702245087674
2023-12-21,S003-P0019,Groceries,190,102,60.55,55.07,161.59093797857267
2023-12-22,S003-P0019,Groceries,123,191,62.81,55.07,111.33751362959075
2023-12-23,S003-P0019,Groceries,196,105,65.4,55.07,140.331918360246
2023-12-24,S003-P0019,Groceries,83,185,55.29,55.07,111.63576073460655
2023-12-25,S003-P0019,Groceries,115,117,58.24,55.07,111.68758404595062
2023-12-26,S003-P0019,Groceries,126,96,57.29,55.07,133.00677426953146
2023-12-27,S003-P0019,Groceries,91,101,42.55,55.07,107.31110181402978
2023-12-28,S003-P0019,Groceries,88,110,53.43,55.07,78.22135113247724
2023-12-29,S003-P0019,Groceries,69,114,49.82,55.07,67.8914544040237
2023-12-30,S003-P0019,Groceries,53,123,44.63,55.07,78.42867157608475
2023-12-31,S003-P0019,Groceries,135,72,58.69,55.07,89.6012224284236
2024-01-01,S003-P0019,Groceries,99,143,55.31,55.07,79.0021266177759
2024-01-02,S003-P0019,Groceries,29,154,44.91,55.07,68.50578176324885
2024-01-03,S003-P0019,Groceries,93,121,57.18,55.07,68.32830477568032
2024-01-04,S003-P0019,Groceries,45,122,45.59,55.07,68.19972779243935
2024-01-05,S003-P0019,Groceries,94,78,51.59,55.07,118.37038403042439
2024-01-06,S003-P0019,Groceries,84,97,49.96,55.07,78.80139192520367
2024-01-07,S003-P0019,Groceries,86,80,42.36,55.07,97.41009723039923
2024-01-08,S003-P0019,Groceries,82,91,39.22,55.07,97.5129654885022
2024-01-09,S003-P0019,Groceries,140,102,49.61,55.07,140.8790724663841
2024-01-10,S003-P0019,Groceries,104,176,50.72,55.07,122.24456251827799
2024-01-11,S003-P0019,Groceries,185,77,63.98,55.07,133.07657980000923
2024-01-12,S003-P0019,Groceries,150,158,64.64,55.07,132.976671064605
2024-01-13,S003-P0019,Groceries,117,173,49.86,55.07,151.00313848137918
2024-01-14,S003-P0019,Groceries,85,196,52.83,55.07,122.3014475382331
2024-01-15,S003-P0019,Groceries,128,129,57.41,55.07,133.41982382748074
2024-01-16,S003-P0019,Groceries,114,148,55.19,55.07,122.30099291737864
2024-01-17,S003-P0019,Groceries,128,128,57.6,55.07,111.72189874135694
2024-01-18,S003-P0019,Groceries,156,128,62.35,55.07,150.7318634773913
2024-01-19,S003-P0019,Groceries,151,168,64.77,55.07,132.9586305402003
2024-01-20,S003-P0019,Groceries,147,206,67.43,55.07,133.0375936677098
2024-01-21,S003-P0019,Groceries,107,237,53.86,55.07,111.93690896623662
2024-01-22,S003-P0019,Groceries,184,135,55.86,55.07,162.19567901117708
2024-01-23,S003-P0019,Groceries,103,212,53.08,55.07,122.2767328595233
2024-01-24,S003-P0019,Groceries,128,99,54.65,55.07,140.38505485778117
2024-01-25,S003-P0019,Groceries,154,115,61.92,55.07,161.61215104812817
2024-01-26,S003-P0019,Groceries,114,128,43.58,55.07,140.42284191479254
2024-01-27,S003-P0019,Groceries,66,109,49.37,55.07,111.64694572868686
2024-01-28,S003-P0019,Groceries,188,121,68.01,55.07,122.19390719186275
2024-01-29,S003-P0019,Groceries,81,182,52.03,55.07,111.78430194288157
2024-01-30,S003-P0019,Groceries,132,108,61.45,55.07,133.09518461577684
2023-10-03,S003-P0020,Clothing,84,303,71.5,71.74,97.98639400497325
2023-10-04,S003-P0020,Clothing,103,888,76.3,71.74,108.24953019853494
2023-10-05,S003-P0020,Clothing,53,788,51.1,71.74,126.59881103147782
2023-10-06,S003-P0020,Clothing,67,744,60.22,71.74,136.97640855946315
2023-10-07,S003-P0020,Clothing,138,681,80.57,71.74,54.50842412605666
2023-10-08,S003-P0020,Clothing,79,543,70.37,71.74,54.68484982253586
2023-10-09,S003-P0020,Clothing,92,476,73.4,71.74,54.70111687158744
2023-10-10,S003-P0020,Clothing,73,421,65.12,71.74,65.0973195520987
2023-10-11,S003-P0020,Clothing,71,367,72.01,71.74,54.43347133284758
2023-10-12,S003-P0020,Clothing,112,297,74.57,71.74,64.77951583962653
2023-10-13,S003-P0020,Clothing,140,178,64.09,71.74,104.68336477787989
2023-10-14,S003-P0020,Clothing,68,38,67.63,71.74,54.60833794816232
2023-10-15,S003-P0020,Clothing,94,0,77.81,71.74,65.0921255288068
2023-10-16,S003-P0020,Clothing,194,372,77.96,71.74,94.12522013630523
2023-10-17,S003-P0020,Clothing,114,835,78.85,71.74,65.0841687463129
2023-10-18,S003-P0020,Clothing,69,762,50.8,71.74,83.49193094447594
2023-10-19,S003-P0020,Clothing,139,706,80.76,71.74,54.5303030539473
2023-10-20,S003-P0020,Clothing,64,570,59.88,71.74,54.56227624709715
2023-10-21,S003-P0020,Clothing,102,517,68.42,71.74,93.8070127564675
2023-10-22,S003-P0020,Clothing,57,447,58.41,71.74,54.89394606603903
2023-10-23,S003-P0020,Clothing,155,409,66.78,71.74,83.8160370441523
2023-10-24,S003-P0020,Clothing,109,226,73.53,71.74,54.8833170113646
2023-10-25,S003-P0020,Clothing,59,109,51.56,71.74,137.44245720149146
2023-10-26,S003-P0020,Clothing,159,43,75.81,71.74,148.24038198162606
2023-10-27,S003-P0020,Clothing,109,524,73.72,71.74,148.16124862491083
2023-10-28,S003-P0020,Clothing,78,404,66.32,71.74,98.26798086781031
2023-10-29,S003-P0020,Clothing,94,357,77.96,71.74,108.72903957171243
2023-10-30,S003-P0020,Clothing,117,910,83.88,71.74,108.79619720853066
2023-10-31,S003-P0020,Clothing,116,780,79.47,71.74,119.67774888940238
2023-11-01,S003-P0020,Clothing,128,653,74.21,71.74,98.26306777733515
2023-11-02,S003-P0020,Clothing,108,516,61.19,71.74,148.33100115659488
2023-11-03,S003-P0020,Clothing,121,410,76.41,71.74,137.23307887612287
2023-11-04,S003-P0020,Clothing,71,302,64.59,71.74,119.66110192099474
2023-11-05,S003-P0020,Clothing,110,226,77.89,71.74,108.7599858079071
2023-11-06,S003-P0020,Clothing,98,160,71.2,71.74,98.51703002357274
2023-11-07,S003-P0020,Clothing,122,473,76.88,71.74,108.79785089856183
2023-11-08,S003-P0020,Clothing,81,336,67.15,71.74,98.29272549201178
2023-11-09,S003-P0020,Clothing,94,247,69.99,71.74,98.21473509404552
2023-11-10,S003-P0020,Clothing,124,156,73.17,71.74,126.93087652529698
2023-11-11,S003-P0020,Clothing,96,478,74.37,71.74,119.66561217127965
2023-11-12,S003-P0020,Clothing,120,400,76.1,71.74,119.88961045347074
2023-11-13,S003-P0020,Clothing,103,302,80.25,71.74,98.48310928308129
2023-11-14,S003-P0020,Clothing,94,179,73.99,71.74,98.39882982602393
2023-11-15,S003-P0020,Clothing,142,102,81.35,71.74,148.3943695226911
2023-11-16,S003-P0020,Clothing,97,439,70.77,71.74,108.62839312134133
2023-11-17,S003-P0020,Clothing,174,353,88.81,71.74,137.3426889697065
2023-11-18,S003-P0020,Clothing,128,239,82.31,71.74,119.71226360343547
2023-11-19,S003-P0020,Clothing,67,693,63.94,71.74,119.87954781171692
2023-11-20,S003-P0020,Clothing,76,643,66.06,71.74,98.61572285005278
2023-11-21,S003-P0020,Clothing,76,568,59.15,71.74,137.69143911668775
2023-11-22,S003-P0020,Clothing,99,512,71.42,71.74,119.68969471279905
2023-11-23,S003-P0020,Clothing,62,412,62.48,71.74,98.3022478621159
2023-11-24,S003-P0020,Clothing,58,374,68.46,71.74,108.57931607471652
2023-11-25,S003-P0020,Clothing,91,320,62.21,71.74,127.21847439977705
2023-11-26,S003-P0020,Clothing,114,263,62.4,71.74,127.4586020847544
2023-11-27,S003-P0020,Clothing,84,185,56.44,71.74,127.55335593252562
2023-11-28,S003-P0020,Clothing,110,117,65.55,71.74,127.37548131791772
2023-11-29,S003-P0020,Clothing,95,372,74.32,71.74,119.66025916273485
2023-11-30,S003-P0020,Clothing,116,299,79.36,71.74,108.63412516409603
2023-12-01,S003-P0020,Clothing,144,176,86.4,71.74,111.26369549248383
2023-12-02,S003-P0020,Clothing,146,513,65.07,71.74,140.31899373213224
2023-12-03,S003-P0020,Clothing,121,357,72.69,71.74,122.59124050085907
2023-12-04,S003-P0020,Clothing,203,258,75.81,71.74,151.50253408436723
2023-12-05,S003-P0020,Clothing,128,754,78.06,71.74,129.8873016794374
2023-12-06,S003-P0020,Clothing,182,655,90.64,71.74,151.07833361388646
2023-12-07,S003-P0020,Clothing,175,536,84.69,71.74,111.30642134134101
2023-12-08,S003-P0020,Clothing,146,374,65.24,71.74,140.1792816233141
2023-12-09,S003-P0020,Clothing,106,214,69.18,71.74,129.76157106265663
2023-12-10,S003-P0020,Clothing,60,816,65.45,71.74,101.17910862592959
2023-12-11,S003-P0020,Clothing,106,762,60.83,71.74,130.14321081884472
2023-12-12,S003-P0020,Clothing,109,650,81.8,71.74,101.08789471889455
2023-12-13,S003-P0020,Clothing,199,544,100.08,71.74,122.27689481154349
2023-12-14,S003-P0020,Clothing,118,341,80.03,71.74,111.19186521247919
2023-12-15,S003-P0020,Clothing,172,205,83.87,71.74,100.92075831803933
2023-12-16,S003-P0020,Clothing,144,89,86.43,71.74,100.95404418885022
2023-12-17,S003-P0020,Clothing,142,753,77.26,71.74,111.6211751620693
2023-12-18,S003-P0020,Clothing,295,666,92.91,71.74,151.4907745036373
2023-12-19,S003-P0020,Clothing,119,411,75.97,71.74,101.18257855530285
2023-12-20,S003-P0020,Clothing,95,283,66.77,71.74,122.36956529817583
2023-12-21,S003-P0020,Clothing,148,185,82.96,71.74,122.19004615985679
2023-12-22,S003-P0020,Clothing,161,1300,71.5,71.74,129.753171804543
2023-12-23,S003-P0020,Clothing,223,1134,83.64,71.74,129.89414186918324
2023-12-24,S003-P0020,Clothing,147,938,91.68,71.74,101.08830358190565
2023-12-25,S003-P0020,Clothing,111,828,70.47,71.74,101.24980755488787
2023-12-26,S003-P0020,Clothing,119,735,72.24,71.74,122.51415744764964
2023-12-27,S003-P0020,Clothing,155,660,89.21,71.74,67.8005293336757
2023-12-28,S003-P0020,Clothing,172,474,93.34,71.74,67.67389397977632
2023-12-29,S003-P0020,Clothing,122,337,80.83,71.74,57.343997251322804
2023-12-30,S003-P0020,Clothing,204,232,101.19,71.74,67.88121442338384
2023-12-31,S003-P0020,Clothing,106,45,73.22,71.74,78.9989249449036
2024-01-01,S003-P0020,Clothing,56,554,61.32,71.74,68.50950979589408
2024-01-02,S003-P0020,Clothing,122,508,68.13,71.74,86.86659960738203
2024-01-03,S003-P0020,Clothing,58,1168,61.84,71.74,57.8356879537985
2024-01-04,S003-P0020,Clothing,116,1101,83.55,71.74,57.65227063973843
2024-01-05,S003-P0020,Clothing,248,1018,94.38,71.74,107.93260753936164
2024-01-06,S003-P0020,Clothing,98,748,63.08,71.74,97.10736943851775
2024-01-07,S003-P0020,Clothing,102,636,75.96,71.74,57.954365080864235
2024-01-08,S003-P0020,Clothing,119,534,75.95,71.74,86.80098734334405
2024-01-09,S003-P0020,Clothing,71,1407,68.28,71.74,101.4233403168491
2024-01-10,S003-P0020,Clothing,109,1354,73.76,71.74,111.642265034758
2024-01-11,S003-P0020,Clothing,181,1248,90.55,71.74,122.52912264730831
2024-01-12,S003-P0020,Clothing,127,1072,82.13,71.74,122.48405424272318
2024-01-13,S003-P0020,Clothing,125,963,81.62,71.74,111.60224666266329
2024-01-14,S003-P0020,Clothing,214,884,93.27,71.74,140.55258472072808
2024-01-15,S003-P0020,Clothing,126,684,77.52,71.74,122.87236667477984
2024-01-16,S003-P0020,Clothing,104,590,68.91,71.74,111.8083760954968
2024-01-17,S003-P0020,Clothing,77,488,69.88,71.74,101.11960125783693
2024-01-18,S003-P0020,Clothing,139,1397,76.63,71.74,140.1844063246904
2024-01-19,S003-P0020,Clothing,75,1237,72.84,71.74,122.35633305668028
2024-01-20,S003-P0020,Clothing,98,1176,74.93,71.74,122.54497684582799
2024-01-21,S003-P0020,Clothing,97,1105,56.01,71.74,130.24288647955066
2024-01-22,S003-P0020,Clothing,119,1034,71.83,71.74,151.53854119683803
2024-01-23,S003-P0020,Clothing,142,949,85.98,71.74,111.61959504518423
2024-01-24,S003-P0020,Clothing,115,849,62.55,71.74,130.00211869753753
2024-01-25,S003-P0020,Clothing,158,723,89.86,71.74,122.32093989105049
2024-01-26,S003-P0020,Clothing,69,593,60.98,71.74,101.02195009607664
2024-01-27,S003-P0020,Clothing,114,511,78.96,71.74,101.09948857598596
2024-01-28,S003-P0020,Clothing,161,384,81.08,71.74,140.44504437435774
2024-01-29,S003-P0020,Clothing,109,192,73.8,71.74,101.29168512099974
2024-01-30,S003-P0020,Clothing,96,113,70.6,71.74,122.60256779389502
2023-10-03,S004-P0001,Groceries,74,363,9.71,11.055,106.04663737033152
2023-10-04,S004-P0001,Groceries,106,305,11.39,11.055,105.92651469961794
2023-10-05,S004-P0001,Groceries,219,1204,15.54,11.055,127.09136433224381
2023-10-06,S004-P0001,Groceries,54,964,9.49,11.055,127.18045890717858
2023-10-07,S004-P0001,Groceries,70,900,10.62,11.055,62.493869370393035
2023-10-08,S004-P0001,Groceries,62,836,9.28,11.055,62.72513539769131
2023-10-09,S004-P0001,Groceries,83,785,8.33,11.055,113.03017795622439
2023-10-10,S004-P0001,Groceries,45,721,9.16,11.055,62.62974085092723
2023-10-11,S004-P0001,Groceries,108,690,12.06,11.055,62.50863944861934
2023-10-12,S004-P0001,Groceries,146,623,11.56,11.055,91.20025434508636
2023-10-13,S004-P0001,Groceries,86,493,10.11,11.055,72.85301624844541
2023-10-14,S004-P0001,Groceries,130,432,11.04,11.055,84.02912403596518
2023-10-15,S004-P0001,Groceries,56,346,9.57,11.055,84.09477021171811
2023-10-16,S004-P0001,Groceries,47,774,8.76,11.055,62.85904709993786
2023-10-17,S004-P0001,Groceries,90,737,9.65,11.055,101.97788898748335
2023-10-18,S004-P0001,Groceries,75,658,10.26,11.055,72.967284806667
2023-10-19,S004-P0001,Groceries,100,613,8.82,11.055,91.45890583573407
2023-10-20,S004-P0001,Groceries,108,500,9.07,11.055,91.45599648826763
2023-10-21,S004-P0001,Groceries,73,400,10.19,11.055,62.705360712557386
2023-10-22,S004-P0001,Groceries,114,328,11.08,11.055,62.93423164119448
2023-10-23,S004-P0001,Groceries,103,241,8.92,11.055,91.85632261930775
2023-10-24,S004-P0001,Groceries,51,621,9.39,11.055,62.81392192488189
2023-10-25,S004-P0001,Groceries,251,573,13.19,11.055,156.44510188440276
2023-10-26,S004-P0001,Groceries,214,315,13.74,11.055,156.22582722596243
2023-10-27,S004-P0001,Groceries,186,124,15.1,11.055,127.40293986487039
2023-10-28,S004-P0001,Groceries,67,0,8.97,11.055,106.30826644296576
2023-10-29,S004-P0001,Groceries,110,858,11.53,11.055,106.37114153217914
2023-10-30,S004-P0001,Groceries,154,785,13.84,11.055,106.43829916899736
2023-10-31,S004-P0001,Groceries,148,677,11.63,11.055,127.82771512619601
2023-11-01,S004-P0001,Groceries,134,568,9.31,11.055,135.15678801850558
2023-11-02,S004-P0001,Groceries,162,463,13.47,11.055,116.50065262716045
2023-11-03,S004-P0001,Groceries,92,351,8.6,11.055,135.0745843696631
2023-11-04,S004-P0001,Groceries,91,276,10.3,11.055,116.68418805757527
2023-11-05,S004-P0001,Groceries,131,692,11.09,11.055,116.90995204470073
2023-11-06,S004-P0001,Groceries,109,606,10.9,11.055,106.57727338893099
2023-11-07,S004-P0001,Groceries,231,523,14.38,11.055,156.5442495858499
2023-11-08,S004-P0001,Groceries,152,359,11.76,11.055,145.42010835541373
2023-11-09,S004-P0001,Groceries,165,206,12.22,11.055,116.61832174327346
2023-11-10,S004-P0001,Groceries,132,92,11.1,11.055,127.60790860872304
2023-11-11,S004-P0001,Groceries,150,915,13.0,11.055,127.65105741561602
2023-11-12,S004-P0001,Groceries,133,785,11.13,11.055,145.65645059442804
2023-11-13,S004-P0001,Groceries,159,680,10.01,11.055,135.4865101858899
2023-11-14,S004-P0001,Groceries,101,572,11.8,11.055,106.43911540117938
2023-11-15,S004-P0001,Groceries,150,467,13.01,11.055,127.63606076265069
2023-11-16,S004-P0001,Groceries,191,312,10.87,11.055,145.52211336251176
2023-11-17,S004-P0001,Groceries,133,709,13.04,11.055,127.54673931742192
2023-11-18,S004-P0001,Groceries,164,607,10.67,11.055,156.66082417542498
2023-11-19,S004-P0001,Groceries,157,486,11.93,11.055,117.0123146099356
2023-11-20,S004-P0001,Groceries,88,336,8.06,11.055,135.56428342204228
2023-11-21,S004-P0001,Groceries,82,275,9.97,11.055,106.62466961339393
2023-11-22,S004-P0001,Groceries,69,714,10.03,11.055,127.72998028795452
2023-11-23,S004-P0001,Groceries,89,661,10.77,11.055,116.65099418052475
2023-11-24,S004-P0001,Groceries,67,584,9.47,11.055,116.67444198069107
2023-11-25,S004-P0001,Groceries,124,529,11.41,11.055,106.51500597055568
2023-11-26,S004-P0001,Groceries,112,418,9.17,11.055,135.53377020052613
2023-11-27,S004-P0001,Groceries,106,311,10.24,11.055,117.10350791573855
2023-11-28,S004-P0001,Groceries,74,213,9.72,11.055,116.96051584174695
2023-11-29,S004-P0001,Groceries,58,691,9.64,11.055,127.70054473789031
2023-11-30,S004-P0001,Groceries,108,656,11.46,11.055,106.25626933435996
2023-12-01,S004-P0001,Groceries,69,569,9.51,11.055,108.96063778376961
2023-12-02,S004-P0001,Groceries,30,514,8.15,11.055,137.7965747001417
2023-12-03,S004-P0001,Groceries,106,489,10.24,11.055,109.27098335356993
2023-12-04,S004-P0001,Groceries,231,378,12.62,11.055,138.1822769370781
2023-12-05,S004-P0001,Groceries,117,141,11.2,11.055,130.54437597266067
2023-12-06,S004-P0001,Groceries,65,32,9.88,11.055,130.37486518466514
2023-12-07,S004-P0001,Groceries,131,465,11.67,11.055,130.30906602425233
2023-12-08,S004-P0001,Groceries,189,1366,11.56,11.055,137.76654325296172
2023-12-09,S004-P0001,Groceries,101,1163,11.22,11.055,130.3638050250608
2023-12-10,S004-P0001,Groceries,75,1082,8.21,11.055,138.07282886710004
2023-12-11,S004-P0001,Groceries,80,1001,9.4,11.055,109.33006172798517
2023-12-12,S004-P0001,Groceries,146,909,11.5,11.055,137.98161496006497
2023-12-13,S004-P0001,Groceries,125,774,10.89,11.055,119.46450194058126
2023-12-14,S004-P0001,Groceries,99,637,10.55,11.055,119.34183144927282
2023-12-15,S004-P0001,Groceries,203,542,12.7,11.055,137.70479789757164
2023-12-16,S004-P0001,Groceries,137,386,11.27,11.055,130.46455314808847
2023-12-17,S004-P0001,Groceries,53,286,8.95,11.055,119.66146073722477
2023-12-18,S004-P0001,Groceries,110,232,10.94,11.055,109.31708269033317
2023-12-19,S004-P0001,Groceries,144,1017,12.79,11.055,130.52856652208388
2023-12-20,S004-P0001,Groceries,99,865,10.02,11.055,109.04930815088667
2023-12-21,S004-P0001,Groceries,131,791,12.33,11.055,130.17549140419317
2023-12-22,S004-P0001,Groceries,135,671,12.44,11.055,108.8303420520453
2023-12-23,S004-P0001,Groceries,108,566,12.08,11.055,108.97131211668554
2023-12-24,S004-P0001,Groceries,193,476,11.52,11.055,148.48988809940298
2023-12-25,S004-P0001,Groceries,155,249,11.23,11.055,148.43203074910892
2023-12-26,S004-P0001,Groceries,191,82,12.99,11.055,148.33583791942607
2023-12-27,S004-P0001,Groceries,85,0,9.04,11.055,94.29606596015739
2023-12-28,S004-P0001,Groceries,90,892,11.38,11.055,65.31599594024304
2023-12-29,S004-P0001,Groceries,70,818,10.61,11.055,65.32944249565918
2023-12-30,S004-P0001,Groceries,80,773,9.88,11.055,86.93869943711424
2023-12-31,S004-P0001,Groceries,82,719,9.46,11.055,65.73350812843353
2024-01-01,S004-P0001,Groceries,31,621,9.09,11.055,87.45731414798631
2024-01-02,S004-P0001,Groceries,101,594,11.22,11.055,87.359152908148
2024-01-03,S004-P0001,Groceries,90,486,8.63,11.055,94.72940819496895
2024-01-04,S004-P0001,Groceries,124,379,10.25,11.055,104.94417449559764
2024-01-05,S004-P0001,Groceries,39,275,8.94,11.055,87.11945844850212
2024-01-06,S004-P0001,Groceries,80,251,7.84,11.055,116.16485445224816
2024-01-07,S004-P0001,Groceries,75,180,9.71,11.055,76.5025149323466
2024-01-08,S004-P0001,Groceries,106,567,9.11,11.055,116.3114963025823
2024-01-09,S004-P0001,Groceries,128,457,11.0,11.055,109.51846622282366
2024-01-10,S004-P0001,Groceries,128,347,12.18,11.055,119.62771027909437
2024-01-11,S004-P0001,Groceries,199,230,11.69,11.055,159.42284288847873
2024-01-12,S004-P0001,Groceries,85,7,10.06,11.055,109.21863742625311
2024-01-13,S004-P0001,Groceries,112,512,10.39,11.055,148.49596690383373
2024-01-14,S004-P0001,Groceries,4,393,8.07,11.055,119.79427596068766
2024-01-15,S004-P0001,Groceries,192,1209,13.83,11.055,119.89545281136037
2024-01-16,S004-P0001,Groceries,117,1085,11.19,11.055,109.45047805596352
2024-01-17,S004-P0001,Groceries,78,958,10.9,11.055,109.15988683299238
2024-01-18,S004-P0001,Groceries,95,886,11.58,11.055,109.02791394996123
2024-01-19,S004-P0001,Groceries,116,827,9.27,11.055,137.99919123704427
2024-01-20,S004-P0001,Groceries,115,756,11.72,11.055,130.53042209016436
2024-01-21,S004-P0001,Groceries,63,677,7.86,11.055,138.22833172388704
2024-01-22,S004-P0001,Groceries,152,610,10.33,11.055,148.72614832587578
2024-01-23,S004-P0001,Groceries,65,494,10.42,11.055,119.65988062033969
2024-01-24,S004-P0001,Groceries,115,432,10.5,11.055,137.93272361105483
2024-01-25,S004-P0001,Groceries,135,308,12.46,11.055,119.39886635845009
2024-01-26,S004-P0001,Groceries,86,875,9.59,11.055,130.42277839367674
2024-01-27,S004-P0001,Groceries,120,772,12.53,11.055,119.48311743501108
2024-01-28,S004-P0001,Groceries,175,649,13.93,11.055,130.64909472207316
2024-01-29,S004-P0001,Groceries,171,515,12.4,11.055,130.7473537494189
2024-01-30,S004-P0001,Groceries,123,342,11.43,11.055,109.2274703157868
2023-10-03,S004-P0002,Groceries,140,193,21.92,20.0,134.79039137470832
2023-10-04,S004-P0002,Groceries,76,105,17.83,20.0,134.67026870399474
2023-10-05,S004-P0002,Groceries,227,269,24.59,20.0,155.9447989982588
2023-10-06,S004-P0002,Groceries,138,104,21.81,20.0,127.18045890717858
2023-10-07,S004-P0002,Groceries,62,461,16.98,20.0,62.548709701212125
2023-10-08,S004-P0002,Groceries,192,394,21.03,20.0,91.63341039452541
2023-10-09,S004-P0002,Groceries,94,199,19.01,20.0,84.12190295939031
2023-10-10,S004-P0002,Groceries,42,539,14.91,20.0,62.73942151256539
2023-10-11,S004-P0002,Groceries,46,513,15.11,20.0,62.61832011025751
2023-10-12,S004-P0002,Groceries,91,477,20.88,20.0,62.40166000989044
2023-10-13,S004-P0002,Groceries,44,386,16.68,20.0,72.85301624844541
2023-10-14,S004-P0002,Groceries,108,333,18.89,20.0,112.71803770952293
2023-10-15,S004-P0002,Groceries,50,203,17.09,20.0,84.1496105425372
2023-10-16,S004-P0002,Groceries,56,172,16.61,20.0,62.85904709993786
2023-10-17,S004-P0002,Groceries,141,112,19.54,20.0,102.03272931830244
2023-10-18,S004-P0002,Groceries,154,25,19.02,20.0,101.93040013432017
2023-10-19,S004-P0002,Groceries,101,236,19.39,20.0,62.60547116971906
2023-10-20,S004-P0002,Groceries,66,470,17.23,20.0,62.54772149143354
2023-10-21,S004-P0002,Groceries,76,405,16.96,20.0,62.76020104337646
2023-10-22,S004-P0002,Groceries,57,333,17.57,20.0,62.879391310375404
2023-10-23,S004-P0002,Groceries,45,291,14.25,20.0,91.74664195766957
2023-10-24,S004-P0002,Groceries,38,243,14.67,20.0,62.923602586520055
2023-10-25,S004-P0002,Groceries,195,216,25.39,20.0,156.2805808919455
2023-10-26,S004-P0002,Groceries,203,2,24.48,20.0,156.22582722596243
2023-10-27,S004-P0002,Groceries,99,374,19.29,20.0,127.51262052650856
2023-10-28,S004-P0002,Groceries,96,698,20.19,20.0,106.25342611214668
2023-10-29,S004-P0002,Groceries,81,589,19.13,20.0,106.37114153217914
2023-10-30,S004-P0002,Groceries,108,496,20.97,20.0,106.49313949981646
2023-10-31,S004-P0002,Groceries,90,386,17.77,20.0,127.82771512619601
2023-11-01,S004-P0002,Groceries,124,284,19.86,20.0,106.30335335249063
2023-11-02,S004-P0002,Groceries,91,156,18.81,20.0,116.55549295797952
2023-11-03,S004-P0002,Groceries,139,311,20.63,20.0,134.96490370802496
2023-11-04,S004-P0002,Groceries,138,225,20.67,20.0,116.73902838839435
2023-11-05,S004-P0002,Groceries,119,350,22.85,20.0,116.80027138306257
2023-11-06,S004-P0002,Groceries,162,249,25.89,20.0,106.46759272729281
2023-11-07,S004-P0002,Groceries,32,132,13.52,20.0,156.59908991666902
2023-11-08,S004-P0002,Groceries,140,456,18.49,20.0,145.5297890170519
2023-11-09,S004-P0002,Groceries,65,308,17.19,20.0,116.56348141245438
2023-11-10,S004-P0002,Groceries,115,243,19.21,20.0,156.35166261309985
2023-11-11,S004-P0002,Groceries,83,134,16.38,20.0,156.504492081631
2023-11-12,S004-P0002,Groceries,89,315,15.54,20.0,145.8209715868853
2023-11-13,S004-P0002,Groceries,104,248,18.63,20.0,106.63307551987492
2023-11-14,S004-P0002,Groceries,106,184,19.71,20.0,106.54879606281756
2023-11-15,S004-P0002,Groceries,244,114,22.54,20.0,156.5991760903038
2023-11-16,S004-P0002,Groceries,80,246,19.11,20.0,116.55899803485863
2023-11-17,S004-P0002,Groceries,85,677,20.44,20.0,127.54673931742192
2023-11-18,S004-P0002,Groceries,199,576,21.64,20.0,156.6059838446059
2023-11-19,S004-P0002,Groceries,136,447,21.66,20.0,117.0123146099356
2023-11-20,S004-P0002,Groceries,118,300,18.41,20.0,135.45460276040413
2023-11-21,S004-P0002,Groceries,62,189,16.11,20.0,106.62466961339393
2023-11-22,S004-P0002,Groceries,166,117,23.55,20.0,127.7848206187736
2023-11-23,S004-P0002,Groceries,52,12,17.23,20.0,116.65099418052475
2023-11-24,S004-P0002,Groceries,147,293,23.62,20.0,116.67444198069107
2023-11-25,S004-P0002,Groceries,87,186,18.52,20.0,135.2039196441134
2023-11-26,S004-P0002,Groceries,53,435,15.55,20.0,106.68033553451119
2023-11-27,S004-P0002,Groceries,141,397,22.05,20.0,117.04866758491947
2023-11-28,S004-P0002,Groceries,90,281,17.78,20.0,117.01535617256603
2023-11-29,S004-P0002,Groceries,101,210,18.45,20.0,127.81022539952848
2023-11-30,S004-P0002,Groceries,123,116,19.76,20.0,106.36594999599811
2023-12-01,S004-P0002,Groceries,149,247,18.96,20.0,137.75923211896554
2023-12-02,S004-P0002,Groceries,85,86,17.47,20.0,109.10766102658397
2023-12-03,S004-P0002,Groceries,85,304,18.38,20.0,109.27098335356993
2023-12-04,S004-P0002,Groceries,109,224,16.63,20.0,138.1822769370781
2023-12-05,S004-P0002,Groceries,163,151,24.66,20.0,130.54437597266067
2023-12-06,S004-P0002,Groceries,97,202,19.17,20.0,130.42970551548422
2023-12-07,S004-P0002,Groceries,78,388,18.0,20.0,130.25422569343326
2023-12-08,S004-P0002,Groceries,93,335,19.99,20.0,108.85826825612764
2023-12-09,S004-P0002,Groceries,82,238,18.24,20.0,130.47348568669898
2023-12-10,S004-P0002,Groceries,128,164,23.48,20.0,109.16455387026596
2023-12-11,S004-P0002,Groceries,84,12,17.4,20.0,109.33006172798517
2023-12-12,S004-P0002,Groceries,99,234,16.28,20.0,138.03645529088405
2023-12-13,S004-P0002,Groceries,188,137,26.31,20.0,119.40966160976218
2023-12-14,S004-P0002,Groceries,143,236,23.32,20.0,119.28699111845374
2023-12-15,S004-P0002,Groceries,155,579,22.89,20.0,108.90620356237574
2023-12-16,S004-P0002,Groceries,194,446,26.73,20.0,130.3548724864503
2023-12-17,S004-P0002,Groceries,143,234,23.34,20.0,119.5517800755866
2023-12-18,S004-P0002,Groceries,44,63,15.04,20.0,109.31708269033317
2023-12-19,S004-P0002,Groceries,195,253,28.24,20.0,130.47372619126477
2023-12-20,S004-P0002,Groceries,238,27,25.23,20.0,137.7930621552635
2023-12-21,S004-P0002,Groceries,226,382,22.79,20.0,159.1386067318463
2023-12-22,S004-P0002,Groceries,107,677,19.83,20.0,137.6289363872412
2023-12-23,S004-P0002,Groceries,116,553,20.35,20.0,137.76990645188144
2023-12-24,S004-P0002,Groceries,126,440,17.76,20.0,148.4350477685839
2023-12-25,S004-P0002,Groceries,128,304,21.2,20.0,119.633436413913
2023-12-26,S004-P0002,Groceries,85,179,18.48,20.0,119.53724358423017
2023-12-27,S004-P0002,Groceries,103,95,17.38,20.0,94.3509062909765
2023-12-28,S004-P0002,Groceries,91,177,16.72,20.0,94.22427093707711
2023-12-29,S004-P0002,Groceries,46,308,16.82,20.0,65.32944249565918
2023-12-30,S004-P0002,Groceries,69,253,16.53,20.0,86.93869943711424
2023-12-31,S004-P0002,Groceries,50,176,17.07,20.0,65.67866779761445
2024-01-01,S004-P0002,Groceries,115,128,18.04,20.0,116.36558914482039
2024-01-02,S004-P0002,Groceries,94,23,20.0,20.0,87.359152908148
2024-01-03,S004-P0002,Groceries,104,211,16.58,20.0,94.72940819496895
2024-01-04,S004-P0002,Groceries,56,110,17.52,20.0,76.14558016040174
2024-01-05,S004-P0002,Groceries,54,284,16.46,20.0,87.11945844850212
2024-01-06,S004-P0002,Groceries,50,238,15.38,20.0,87.31141978623316
2024-01-07,S004-P0002,Groceries,86,200,16.56,20.0,105.24626893672344
2024-01-08,S004-P0002,Groceries,63,105,16.17,20.0,87.51290196738637
2024-01-09,S004-P0002,Groceries,80,242,19.07,20.0,109.40878556118548
2024-01-10,S004-P0002,Groceries,132,181,23.77,20.0,119.62771027909437
2024-01-11,S004-P0002,Groceries,83,96,17.39,20.0,130.56940822246378
2024-01-12,S004-P0002,Groceries,61,321,17.84,20.0,109.10895676461493
2024-01-13,S004-P0002,Groceries,102,262,20.55,20.0,119.64253223781876
2024-01-14,S004-P0002,Groceries,211,146,27.88,20.0,119.84911629150675
2024-01-15,S004-P0002,Groceries,197,0,21.27,20.0,148.80372780819442
2024-01-16,S004-P0002,Groceries,11,486,11.59,20.0,138.2490723911594
2024-01-17,S004-P0002,Groceries,107,476,20.92,20.0,109.21472716381149
2024-01-18,S004-P0002,Groceries,113,360,20.24,20.0,109.0827542807803
2024-01-19,S004-P0002,Groceries,41,268,15.61,20.0,109.1457565710293
2024-01-20,S004-P0002,Groceries,68,220,14.44,20.0,159.4935374178175
2024-01-21,S004-P0002,Groceries,42,162,16.56,20.0,109.32005672705299
2024-01-22,S004-P0002,Groceries,84,129,20.4,20.0,119.76303299822264
2024-01-23,S004-P0002,Groceries,79,35,19.04,20.0,119.65988062033969
2024-01-24,S004-P0002,Groceries,110,200,17.8,20.0,137.9875639418739
2024-01-25,S004-P0002,Groceries,105,103,16.62,20.0,148.25230102446505
2024-01-26,S004-P0002,Groceries,108,210,17.66,20.0,159.2213727288726
2024-01-27,S004-P0002,Groceries,170,112,21.15,20.0,148.39139243184516
2024-01-28,S004-P0002,Groceries,97,239,20.25,20.0,130.59425439125408
2024-01-29,S004-P0002,Groceries,137,436,21.77,20.0,130.69251341859982
2024-01-30,S004-P0002,Groceries,57,273,17.57,20.0,109.1726299849677
2023-10-03,S004-P0003,Furniture,78,169,149.07,129.36,57.377118122617624
2023-10-04,S004-P0003,Furniture,92,88,148.64,129.36,57.31183578272314
2023-10-05,S004-P0003,Furniture,91,311,116.72,129.36,107.43980074300217
2023-10-06,S004-P0003,Furniture,117,254,152.72,129.36,107.30953399466057
2023-10-07,S004-P0003,Furniture,36,155,120.59,129.36,13.879190453498232
2023-10-08,S004-P0003,Furniture,30,415,117.58,129.36,14.110456480796515
2023-10-09,S004-P0003,Furniture,39,384,109.98,129.36,64.25097804687233
2023-10-10,S004-P0003,Furniture,25,355,114.79,129.36,14.015061934032431
2023-10-11,S004-P0003,Furniture,30,329,105.76,129.36,42.69255486692045
2023-10-12,S004-P0003,Furniture,28,304,104.78,129.36,13.896661754633811
2023-10-13,S004-P0003,Furniture,31,282,117.98,129.36,24.238337331550618
2023-10-14,S004-P0003,Furniture,42,262,129.89,129.36,35.30476445743221
2023-10-15,S004-P0003,Furniture,34,229,113.29,129.36,35.5349316256424
2023-10-16,S004-P0003,Furniture,52,205,128.7,129.36,14.244368183043058
2023-10-17,S004-P0003,Furniture,38,172,108.57,129.36,53.36321007058855
2023-10-18,S004-P0003,Furniture,64,134,121.17,129.36,53.15120022496811
2023-10-19,S004-P0003,Furniture,66,244,101.48,129.36,42.84422691883926
2023-10-20,S004-P0003,Furniture,35,169,108.07,129.36,13.987882905357822
2023-10-21,S004-P0003,Furniture,40,130,122.37,129.36,14.090681795662583
2023-10-22,S004-P0003,Furniture,27,295,116.22,129.36,14.264712393480607
2023-10-23,S004-P0003,Furniture,56,276,116.85,129.36,43.13196304077477
2023-10-24,S004-P0003,Furniture,43,221,111.41,129.36,14.308923669625258
2023-10-25,S004-P0003,Furniture,160,173,144.28,129.36,107.83042296750799
2023-10-26,S004-P0003,Furniture,90,22,147.34,129.36,78.81255397387174
2023-10-27,S004-P0003,Furniture,91,134,155.99,129.36,78.78826094797559
2023-10-28,S004-P0003,Furniture,97,457,136.09,129.36,57.693587526070964
2023-10-29,S004-P0003,Furniture,40,383,122.4,129.36,57.81130294610343
2023-10-30,S004-P0003,Furniture,74,347,132.35,129.36,57.93330091374073
2023-10-31,S004-P0003,Furniture,100,271,152.75,129.36,79.10335554766304
2023-11-01,S004-P0003,Furniture,69,176,144.35,129.36,57.578993773957656
2023-11-02,S004-P0003,Furniture,52,116,121.91,129.36,67.94081404108472
2023-11-03,S004-P0003,Furniture,76,418,140.28,129.36,57.496790125115176
2023-11-04,S004-P0003,Furniture,57,345,117.67,129.36,68.12434947149954
2023-11-05,S004-P0003,Furniture,134,287,152.36,129.36,68.29527312780593
2023-11-06,S004-P0003,Furniture,98,148,121.35,129.36,86.76118880723209
2023-11-07,S004-P0003,Furniture,72,52,131.28,129.36,79.24065699539743
2023-11-08,S004-P0003,Furniture,112,438,133.36,129.36,96.91511010015712
2023-11-09,S004-P0003,Furniture,105,340,146.87,129.36,68.00364282637865
2023-11-10,S004-P0003,Furniture,53,223,129.06,129.36,78.93838936100916
2023-11-11,S004-P0003,Furniture,71,188,123.36,129.36,107.88981316473624
2023-11-12,S004-P0003,Furniture,21,501,84.76,129.36,97.2062926699905
2023-11-13,S004-P0003,Furniture,56,476,137.36,129.36,57.908715941341946
2023-11-14,S004-P0003,Furniture,163,434,138.06,129.36,86.7875518119377
2023-11-15,S004-P0003,Furniture,194,298,179.52,129.36,107.81997618095178
2023-11-16,S004-P0003,Furniture,57,66,131.0,129.36,67.94431911796383
2023-11-17,S004-P0003,Furniture,107,526,140.64,129.36,79.04174106216529
2023-11-18,S004-P0003,Furniture,97,428,143.17,129.36,107.88162426607295
2023-11-19,S004-P0003,Furniture,123,318,146.6,129.36,97.14138969741761
2023-11-20,S004-P0003,Furniture,52,209,121.92,129.36,58.09616983913251
2023-11-21,S004-P0003,Furniture,67,156,143.12,129.36,57.90031003486096
2023-11-22,S004-P0003,Furniture,65,477,142.13,129.36,79.06046104024063
2023-11-23,S004-P0003,Furniture,119,414,128.0,129.36,96.94459026046401
2023-11-24,S004-P0003,Furniture,78,301,127.31,129.36,68.11460339461534
2023-11-25,S004-P0003,Furniture,123,238,155.95,129.36,57.845486722841805
2023-11-26,S004-P0003,Furniture,67,519,122.29,129.36,58.06565661761639
2023-11-27,S004-P0003,Furniture,180,477,154.14,129.36,97.28742333403967
2023-11-28,S004-P0003,Furniture,61,272,132.82,129.36,68.29099659403306
2023-11-29,S004-P0003,Furniture,140,230,181.41,129.36,79.08586582099551
2023-11-30,S004-P0003,Furniture,82,700,143.45,129.36,57.696430748284236
2023-12-01,S004-P0003,Furniture,96,635,135.4,129.36,89.03487254043256
2023-12-02,S004-P0003,Furniture,34,561,107.11,129.36,89.23673611406599
2023-12-03,S004-P0003,Furniture,86,524,131.04,129.36,60.65630443667513
2023-12-04,S004-P0003,Furniture,52,425,115.74,129.36,60.71416335416829
2023-12-05,S004-P0003,Furniture,91,383,140.66,129.36,81.92969705576586
2023-12-06,S004-P0003,Furniture,168,274,157.17,129.36,110.61362093378531
2023-12-07,S004-P0003,Furniture,79,113,142.21,129.36,81.63954677653845
2023-12-08,S004-P0003,Furniture,68,48,122.74,129.36,60.35327000087102
2023-12-09,S004-P0003,Furniture,93,591,126.66,129.36,110.602560774181
2023-12-10,S004-P0003,Furniture,44,528,112.02,129.36,89.34846928856706
2023-12-11,S004-P0003,Furniture,79,485,142.12,129.36,60.60570214945221
2023-12-12,S004-P0003,Furniture,97,424,136.11,129.36,89.31209571235107
2023-12-13,S004-P0003,Furniture,110,318,141.62,129.36,70.84982302368645
2023-12-14,S004-P0003,Furniture,106,226,139.98,129.36,70.72715253237801
2023-12-15,S004-P0003,Furniture,145,108,157.73,129.36,60.34636497630001
2023-12-16,S004-P0003,Furniture,115,393,128.0,129.36,110.64846856638957
2023-12-17,S004-P0003,Furniture,76,304,133.24,129.36,71.04678182032997
2023-12-18,S004-P0003,Furniture,72,574,117.77,129.36,89.44615777781522
2023-12-19,S004-P0003,Furniture,142,521,138.94,129.36,110.76732227120402
2023-12-20,S004-P0003,Furniture,92,398,140.46,129.36,60.434629233991885
2023-12-21,S004-P0003,Furniture,108,331,141.04,129.36,81.67049314893653
2023-12-22,S004-P0003,Furniture,44,661,112.09,129.36,60.32534379678867
2023-12-23,S004-P0003,Furniture,56,632,137.42,129.36,60.35663319979075
2023-12-24,S004-P0003,Furniture,88,589,131.66,129.36,71.02177451649322
2023-12-25,S004-P0003,Furniture,75,504,140.05,129.36,70.96391716619911
2023-12-26,S004-P0003,Furniture,85,456,145.14,129.36,70.92256466733537
2023-12-27,S004-P0003,Furniture,55,397,116.48,129.36,45.6813870432626
2023-12-28,S004-P0003,Furniture,28,331,104.76,129.36,16.810997684986408
2023-12-29,S004-P0003,Furniture,20,300,112.46,129.36,16.71476357876438
2023-12-30,S004-P0003,Furniture,34,283,125.75,129.36,38.214339858581276
2023-12-31,S004-P0003,Furniture,6,249,94.77,129.36,17.118829211538728
2024-01-01,S004-P0003,Furniture,24,244,114.31,129.36,38.84263523109151
2024-01-02,S004-P0003,Furniture,58,228,138.53,129.36,38.74447399125321
2024-01-03,S004-P0003,Furniture,16,161,99.55,129.36,17.316134942878232
2024-01-04,S004-P0003,Furniture,30,149,117.47,129.36,27.530901243506943
2024-01-05,S004-P0003,Furniture,73,276,111.19,129.36,67.3582141976223
2024-01-06,S004-P0003,Furniture,32,217,94.95,129.36,67.49533520453427
2024-01-07,S004-P0003,Furniture,39,180,115.92,129.36,27.83299568463273
2024-01-08,S004-P0003,Furniture,50,369,95.65,129.36,67.75165771650657
2024-01-09,S004-P0003,Furniture,60,336,125.67,129.36,60.84894697510978
2024-01-10,S004-P0003,Furniture,96,275,113.03,129.36,99.97614668985271
2024-01-11,S004-P0003,Furniture,87,176,109.65,129.36,110.80816397158395
2024-01-12,S004-P0003,Furniture,39,91,122.08,129.36,60.54911817853923
2024-01-13,S004-P0003,Furniture,59,340,125.27,129.36,71.08269365174304
2024-01-14,S004-P0003,Furniture,72,278,124.55,129.36,71.28927770543102
2024-01-15,S004-P0003,Furniture,53,206,129.07,129.36,71.22593356364648
2024-01-16,S004-P0003,Furniture,51,151,121.49,129.36,89.5247128126264
2024-01-17,S004-P0003,Furniture,51,331,128.07,129.36,60.545207916097596
2024-01-18,S004-P0003,Furniture,52,281,128.35,129.36,60.41323503306643
2024-01-19,S004-P0003,Furniture,80,232,128.44,129.36,89.21999132769221
2024-01-20,S004-P0003,Furniture,70,180,130.48,129.36,82.02542383490773
2024-01-21,S004-P0003,Furniture,33,99,119.13,129.36,60.76021814097729
2024-01-22,S004-P0003,Furniture,75,348,110.47,129.36,100.111469408981
2024-01-23,S004-P0003,Furniture,77,266,127.07,129.36,71.15488236508305
2024-01-24,S004-P0003,Furniture,116,196,143.64,129.36,89.31804469416002
2024-01-25,S004-P0003,Furniture,68,96,136.36,129.36,70.7293471107362
2024-01-26,S004-P0003,Furniture,106,255,139.9,129.36,81.80809947678192
2024-01-27,S004-P0003,Furniture,73,423,138.81,129.36,70.92327884893537
2024-01-28,S004-P0003,Furniture,126,342,139.28,129.36,110.88785047119333
2024-01-29,S004-P0003,Furniture,74,204,139.28,129.36,82.02299417088594
2024-01-30,S004-P0003,Furniture,59,153,131.83,129.36,60.612791398892
2023-10-03,S004-P0004,Groceries,113,604,50.72,53.504999999999995,106.1014777011506
2023-10-04,S004-P0004,Groceries,129,525,44.44,53.504999999999995,134.834789696452
2023-10-05,S004-P0004,Groceries,101,421,57.17,53.504999999999995,127.09136433224381
2023-10-06,S004-P0004,Groceries,103,300,54.71,53.504999999999995,127.18045890717858
2023-10-07,S004-P0004,Groceries,63,181,40.42,53.504999999999995,91.34730403640802
2023-10-08,S004-P0004,Groceries,83,119,48.48,53.504999999999995,62.72513539769131
2023-10-09,S004-P0004,Groceries,59,319,46.75,53.504999999999995,84.06706262857122
2023-10-10,S004-P0004,Groceries,65,267,50.38,53.504999999999995,62.62974085092723
2023-10-11,S004-P0004,Groceries,124,209,55.37,53.504999999999995,91.30723378381526
2023-10-12,S004-P0004,Groceries,50,100,45.17,53.504999999999995,62.45650034070953
2023-10-13,S004-P0004,Groceries,92,251,44.78,53.504999999999995,101.65161058364131
2023-10-14,S004-P0004,Groceries,53,566,41.16,53.504999999999995,84.02912403596518
2023-10-15,S004-P0004,Groceries,84,522,46.21,53.504999999999995,84.20445087335628
2023-10-16,S004-P0004,Groceries,82,448,50.89,53.504999999999995,62.85904709993786
2023-10-17,S004-P0004,Groceries,81,397,48.02,53.504999999999995,101.92304865666428
2023-10-18,S004-P0004,Groceries,120,320,48.6,53.504999999999995,101.87555980350108
2023-10-19,S004-P0004,Groceries,60,202,39.64,53.504999999999995,91.40406550491497
2023-10-20,S004-P0004,Groceries,142,153,46.23,53.504999999999995,91.45599648826763
2023-10-21,S004-P0004,Groceries,81,400,48.04,53.504999999999995,62.76020104337646
2023-10-22,S004-P0004,Groceries,69,342,48.53,53.504999999999995,62.824550979556314
2023-10-23,S004-P0004,Groceries,39,763,41.08,53.504999999999995,62.94804762247367
2023-10-24,S004-P0004,Groceries,59,733,42.19,53.504999999999995,62.923602586520055
2023-10-25,S004-P0004,Groceries,132,665,59.76,53.504999999999995,127.53682688756872
2023-10-26,S004-P0004,Groceries,136,559,54.44,53.504999999999995,127.48207322158562
2023-10-27,S004-P0004,Groceries,175,466,67.34,53.504999999999995,127.40293986487039
2023-10-28,S004-P0004,Groceries,151,270,49.84,53.504999999999995,135.16170110898076
2023-10-29,S004-P0004,Groceries,116,147,57.01,53.504999999999995,106.42598186299824
2023-10-30,S004-P0004,Groceries,102,497,54.42,53.504999999999995,106.43829916899736
2023-10-31,S004-P0004,Groceries,108,402,55.45,53.504999999999995,127.71803446455785
2023-11-01,S004-P0004,Groceries,49,315,37.98,53.504999999999995,135.1019476876865
2023-11-02,S004-P0004,Groceries,83,262,48.57,53.504999999999995,116.50065262716045
2023-11-03,S004-P0004,Groceries,114,497,53.72,53.504999999999995,106.16630937282906
2023-11-04,S004-P0004,Groceries,180,407,51.24,53.504999999999995,145.5924630544093
2023-11-05,S004-P0004,Groceries,81,284,48.12,53.504999999999995,145.59886571825842
2023-11-06,S004-P0004,Groceries,122,188,52.27,53.504999999999995,106.57727338893099
2023-11-07,S004-P0004,Groceries,112,758,56.32,53.504999999999995,127.80049558147316
2023-11-08,S004-P0004,Groceries,157,655,54.57,53.504999999999995,145.47494868623284
2023-11-09,S004-P0004,Groceries,122,482,52.27,53.504999999999995,116.61832174327346
2023-11-10,S004-P0004,Groceries,80,345,50.48,53.504999999999995,127.49822794708487
2023-11-11,S004-P0004,Groceries,153,283,53.54,53.504999999999995,156.5593324124501
2023-11-12,S004-P0004,Groceries,85,157,48.68,53.504999999999995,116.96753692087034
2023-11-13,S004-P0004,Groceries,115,78,51.01,53.504999999999995,106.63307551987492
2023-11-14,S004-P0004,Groceries,133,451,56.96,53.504999999999995,106.49395573199848
2023-11-15,S004-P0004,Groceries,93,317,47.54,53.504999999999995,127.74574142428885
2023-11-16,S004-P0004,Groceries,118,227,57.27,53.504999999999995,116.55899803485863
2023-11-17,S004-P0004,Groceries,118,565,51.59,53.504999999999995,127.65641997906009
2023-11-18,S004-P0004,Groceries,126,447,46.33,53.504999999999995,156.66082417542498
2023-11-19,S004-P0004,Groceries,166,334,51.9,53.504999999999995,145.86574927595055
2023-11-20,S004-P0004,Groceries,116,155,53.88,53.504999999999995,106.7108487560273
2023-11-21,S004-P0004,Groceries,74,347,49.44,53.504999999999995,106.51498895175575
2023-11-22,S004-P0004,Groceries,169,296,66.32,53.504999999999995,127.72998028795452
2023-11-23,S004-P0004,Groceries,199,132,53.82,53.504999999999995,145.5592691773588
2023-11-24,S004-P0004,Groceries,107,0,44.26,53.504999999999995,145.52787664670603
2023-11-25,S004-P0004,Groceries,134,510,56.96,53.504999999999995,106.51500597055568
2023-11-26,S004-P0004,Groceries,124,1023,61.4,53.504999999999995,106.57065487287304
2023-11-27,S004-P0004,Groceries,53,932,43.41,53.504999999999995,117.10350791573855
2023-11-28,S004-P0004,Groceries,215,896,63.3,53.504999999999995,145.75911017694284
2023-11-29,S004-P0004,Groceries,134,641,54.18,53.504999999999995,127.81022539952848
2023-11-30,S004-P0004,Groceries,152,500,63.28,53.504999999999995,106.25626933435996
2023-12-01,S004-P0004,Groceries,143,330,52.02,53.504999999999995,137.75923211896554
2023-12-02,S004-P0004,Groceries,98,175,48.35,53.504999999999995,109.10766102658397
2023-12-03,S004-P0004,Groceries,116,527,59.93,53.504999999999995,109.16130269193175
2023-12-04,S004-P0004,Groceries,120,440,51.84,53.504999999999995,109.32884227106308
2023-12-05,S004-P0004,Groceries,4,342,27.83,53.504999999999995,159.4526509694947
2023-12-06,S004-P0004,Groceries,217,338,59.16,53.504999999999995,159.28314018149916
2023-12-07,S004-P0004,Groceries,208,536,77.11,53.504999999999995,130.19938536261418
2023-12-08,S004-P0004,Groceries,133,313,53.94,53.504999999999995,108.96794891776582
2023-12-09,S004-P0004,Groceries,160,181,68.23,53.504999999999995,130.3638050250608
2023-12-10,S004-P0004,Groceries,125,665,61.7,53.504999999999995,109.16455387026596
2023-12-11,S004-P0004,Groceries,69,552,43.72,53.504999999999995,138.01897540154292
2023-12-12,S004-P0004,Groceries,134,499,56.97,53.504999999999995,137.92677462924587
2023-12-13,S004-P0004,Groceries,64,374,42.96,53.504999999999995,119.46450194058126
2023-12-14,S004-P0004,Groceries,116,324,59.94,53.504999999999995,119.23215078763465
2023-12-15,S004-P0004,Groceries,88,251,49.43,53.504999999999995,108.90620356237574
2023-12-16,S004-P0004,Groceries,175,172,53.92,53.504999999999995,159.26314748328434
2023-12-17,S004-P0004,Groceries,133,403,56.9,53.504999999999995,119.6066204064057
2023-12-18,S004-P0004,Groceries,130,285,56.37,53.504999999999995,109.31708269033317
2023-12-19,S004-P0004,Groceries,102,580,51.77,53.504999999999995,130.52856652208388
2023-12-20,S004-P0004,Groceries,89,510,46.97,53.504999999999995,109.04930815088667
2023-12-21,S004-P0004,Groceries,92,456,49.94,53.504999999999995,130.28517206583135
2023-12-22,S004-P0004,Groceries,157,376,57.84,53.504999999999995,137.6289363872412
2023-12-23,S004-P0004,Groceries,86,269,46.47,53.504999999999995,109.08099277832372
2023-12-24,S004-P0004,Groceries,90,206,41.8,53.504999999999995,148.4350477685839
2023-12-25,S004-P0004,Groceries,209,612,55.03,53.504999999999995,148.54171141074707
2023-12-26,S004-P0004,Groceries,111,401,56.11,53.504999999999995,119.48240325341108
2023-12-27,S004-P0004,Groceries,65,329,50.35,53.504999999999995,65.44263129414242
2023-12-28,S004-P0004,Groceries,82,855,48.29,53.504999999999995,94.11459027543896
2023-12-29,S004-P0004,Groceries,56,798,44.03,53.504999999999995,65.38428282647827
2023-12-30,S004-P0004,Groceries,116,754,59.88,53.504999999999995,86.82901877547607
2023-12-31,S004-P0004,Groceries,59,634,49.27,53.504999999999995,65.62382746679536
2024-01-01,S004-P0004,Groceries,101,573,54.24,53.504999999999995,87.5121544788054
2024-01-02,S004-P0004,Groceries,33,461,42.21,53.504999999999995,87.4139932389671
2024-01-03,S004-P0004,Groceries,69,438,46.12,53.504999999999995,65.87597352895396
2024-01-04,S004-P0004,Groceries,76,384,52.39,53.504999999999995,76.09073982958265
2024-01-05,S004-P0004,Groceries,74,329,49.41,53.504999999999995,87.11945844850212
2024-01-06,S004-P0004,Groceries,82,245,48.26,53.504999999999995,87.31141978623316
2024-01-07,S004-P0004,Groceries,90,160,55.06,53.504999999999995,76.39283427070843
2024-01-08,S004-P0004,Groceries,100,64,46.01,53.504999999999995,116.2566559717632
2024-01-09,S004-P0004,Groceries,94,287,53.0,53.504999999999995,109.46362589200459
2024-01-10,S004-P0004,Groceries,164,186,62.09,53.504999999999995,119.73739094073254
2024-01-11,S004-P0004,Groceries,188,373,62.72,53.504999999999995,159.25832189602147
2024-01-12,S004-P0004,Groceries,147,236,56.14,53.504999999999995,137.90755109981083
2024-01-13,S004-P0004,Groceries,144,613,61.84,53.504999999999995,119.64253223781876
2024-01-14,S004-P0004,Groceries,143,475,49.46,53.504999999999995,148.7025509575217
2024-01-15,S004-P0004,Groceries,168,342,66.17,53.504999999999995,119.89545281136037
2024-01-16,S004-P0004,Groceries,121,216,45.63,53.504999999999995,138.30391272197846
2024-01-17,S004-P0004,Groceries,136,497,60.45,53.504999999999995,109.21472716381149
2024-01-18,S004-P0004,Groceries,178,368,53.65,53.504999999999995,137.99102927761436
2024-01-19,S004-P0004,Groceries,95,203,55.98,53.504999999999995,109.03607590939114
2024-01-20,S004-P0004,Groceries,201,479,60.62,53.504999999999995,159.43869708699842
2024-01-21,S004-P0004,Groceries,122,300,49.24,53.504999999999995,138.17349139306796
2024-01-22,S004-P0004,Groceries,120,220,54.77,53.504999999999995,119.81787332904173
2024-01-23,S004-P0004,Groceries,162,752,61.67,53.504999999999995,119.76956128197786
2024-01-24,S004-P0004,Groceries,140,591,55.03,53.504999999999995,109.188969606678
2024-01-25,S004-P0004,Groceries,95,480,53.29,53.504999999999995,119.39886635845009
2024-01-26,S004-P0004,Groceries,216,378,59.81,53.504999999999995,159.2213727288726
2024-01-27,S004-P0004,Groceries,158,222,67.8,53.504999999999995,119.48311743501108
2024-01-28,S004-P0004,Groceries,136,43,48.42,53.504999999999995,159.5025293880881
2024-01-29,S004-P0004,Groceries,132,522,56.55,53.504999999999995,130.7473537494189
2024-01-30,S004-P0004,Groceries,132,439,62.88,53.504999999999995,109.1726299849677
2023-10-03,S004-P0005,Clothing,77,107,57.76,70.665,124.3526148836456
2023-10-04,S004-P0005,Clothing,126,123,80.56,70.665,95.37905754691704
2023-10-05,S004-P0005,Clothing,98,139,73.6,70.665,116.59874751036199
2023-10-06,S004-P0005,Clothing,99,189,69.92,70.665,116.68784208529674
2023-10-07,S004-P0005,Clothing,121,84,79.23,70.665,52.00125254851121
2023-10-08,S004-P0005,Clothing,90,117,67.87,70.665,52.23251857580948
2023-10-09,S004-P0005,Clothing,133,136,69.09,70.665,102.42788047270439
2023-10-10,S004-P0005,Clothing,88,146,56.28,70.665,81.0453990258795
2023-10-11,S004-P0005,Clothing,75,139,67.93,70.665,51.96118229591843
2023-10-12,S004-P0005,Clothing,131,80,65.36,70.665,80.76247785402362
2023-10-13,S004-P0005,Clothing,114,140,65.31,70.665,91.15899376175949
2023-10-14,S004-P0005,Clothing,137,132,65.61,70.665,102.33510154927927
2023-10-15,S004-P0005,Clothing,131,151,85.94,70.665,73.5473130590172
2023-10-16,S004-P0005,Clothing,125,153,76.09,70.665,81.05534395161376
2023-10-17,S004-P0005,Clothing,116,191,74.14,70.665,62.63183749958653
2023-10-18,S004-P0005,Clothing,108,117,80.07,70.665,62.41982765396608
2023-10-19,S004-P0005,Clothing,126,154,76.14,70.665,52.05801401701815
2023-10-20,S004-P0005,Clothing,74,148,64.18,70.665,52.05510466955171
2023-10-21,S004-P0005,Clothing,76,104,64.78,70.665,52.21274389067555
2023-10-22,S004-P0005,Clothing,51,125,46.61,70.665,81.24020915450859
2023-10-23,S004-P0005,Clothing,94,74,61.85,70.665,81.19918480496867
2023-10-24,S004-P0005,Clothing,117,91,70.35,70.665,81.0650591073769
2023-10-25,S004-P0005,Clothing,127,135,80.77,70.665,116.98936973486781
2023-10-26,S004-P0005,Clothing,89,133,67.81,70.665,116.87977573806563
2023-10-27,S004-P0005,Clothing,117,142,78.19,70.665,116.85548271216948
2023-10-28,S004-P0005,Clothing,132,187,81.84,70.665,95.65112862862668
2023-10-29,S004-P0005,Clothing,117,174,70.49,70.665,95.93336504111639
2023-10-30,S004-P0005,Clothing,88,215,64.0,70.665,96.00052267793461
2023-10-31,S004-P0005,Clothing,119,116,78.74,70.665,117.22541764267602
2023-11-01,S004-P0005,Clothing,133,130,64.94,70.665,124.60933086580468
2023-11-02,S004-P0005,Clothing,151,158,91.09,70.665,105.89835514364044
2023-11-03,S004-P0005,Clothing,140,139,71.21,70.665,124.41744655532406
2023-11-04,S004-P0005,Clothing,65,192,58.63,70.665,134.93532524007026
2023-11-05,S004-P0005,Clothing,78,144,65.16,70.665,135.05140856555752
2023-11-06,S004-P0005,Clothing,90,53,67.96,70.665,96.02981623623006
2023-11-07,S004-P0005,Clothing,77,82,68.57,70.665,117.25303842877224
2023-11-08,S004-P0005,Clothing,73,99,60.84,70.665,106.1837375291551
2023-11-09,S004-P0005,Clothing,141,96,84.09,70.665,106.01602425975346
2023-11-10,S004-P0005,Clothing,96,163,65.88,70.665,117.06045145602212
2023-11-11,S004-P0005,Clothing,99,104,70.02,70.665,117.21328092455327
2023-11-12,S004-P0005,Clothing,104,112,71.27,70.665,106.36523943735035
2023-11-13,S004-P0005,Clothing,85,157,55.54,70.665,124.939053033189
2023-11-14,S004-P0005,Clothing,45,92,54.33,70.665,124.74509291449345
2023-11-15,S004-P0005,Clothing,139,103,75.18,70.665,117.19828427158794
2023-11-16,S004-P0005,Clothing,61,122,61.34,70.665,106.06638121297681
2023-11-17,S004-P0005,Clothing,96,81,73.15,70.665,116.99928216472101
2023-11-18,S004-P0005,Clothing,118,96,70.69,70.665,117.2599323567091
2023-11-19,S004-P0005,Clothing,123,150,59.74,70.665,135.31829212324965
2023-11-20,S004-P0005,Clothing,195,158,92.02,70.665,124.85230527688412
2023-11-21,S004-P0005,Clothing,55,203,56.77,70.665,96.077212460693
2023-11-22,S004-P0005,Clothing,89,167,67.77,70.665,117.23736346607268
2023-11-23,S004-P0005,Clothing,176,81,69.48,70.665,135.0118120246579
2023-11-24,S004-P0005,Clothing,149,184,77.35,70.665,106.18182515880923
2023-11-25,S004-P0005,Clothing,87,166,63.84,70.665,124.6564624914125
2023-11-26,S004-P0005,Clothing,66,109,62.28,70.665,96.13287838181029
2023-11-27,S004-P0005,Clothing,75,117,68.09,70.665,106.50121043221856
2023-11-28,S004-P0005,Clothing,108,149,72.19,70.665,106.41305868904604
2023-11-29,S004-P0005,Clothing,168,206,81.67,70.665,117.26276824682756
2023-11-30,S004-P0005,Clothing,110,248,76.59,70.665,95.70881218165903
2023-12-01,S004-P0005,Clothing,124,119,71.54,70.665,127.15693463544557
2023-12-02,S004-P0005,Clothing,92,157,72.22,70.665,98.45052321224489
2023-12-03,S004-P0005,Clothing,76,62,64.85,70.665,98.66868587004993
2023-12-04,S004-P0005,Clothing,30,89,57.11,70.665,98.671704456724
2023-12-05,S004-P0005,Clothing,185,105,79.75,70.665,148.85035348597472
2023-12-06,S004-P0005,Clothing,154,221,82.6,70.665,119.8822483627833
2023-12-07,S004-P0005,Clothing,100,83,70.47,70.665,119.70676854073234
2023-12-08,S004-P0005,Clothing,33,102,60.79,70.665,98.31081110342674
2023-12-09,S004-P0005,Clothing,104,71,75.1,70.665,119.81634787235988
2023-12-10,S004-P0005,Clothing,104,84,75.1,70.665,98.61709671756506
2023-12-11,S004-P0005,Clothing,150,120,90.91,70.665,98.67292391364609
2023-12-12,S004-P0005,Clothing,136,135,62.18,70.665,127.54383846900222
2023-12-13,S004-P0005,Clothing,116,131,77.95,70.665,108.86220445706127
2023-12-14,S004-P0005,Clothing,96,171,62.09,70.665,137.53812830094876
2023-12-15,S004-P0005,Clothing,179,97,78.6,70.665,127.21218107568981
2023-12-16,S004-P0005,Clothing,76,145,64.74,70.665,148.60600966894526
2023-12-17,S004-P0005,Clothing,206,78,84.89,70.665,137.85775758890068
2023-12-18,S004-P0005,Clothing,111,235,76.88,70.665,98.71478520681319
2023-12-19,S004-P0005,Clothing,167,108,67.88,70.665,148.88938436621697
2023-12-20,S004-P0005,Clothing,105,177,71.47,70.665,98.4470106673667
2023-12-21,S004-P0005,Clothing,129,72,77.03,70.665,119.68287458231134
2023-12-22,S004-P0005,Clothing,122,153,67.46,70.665,127.1363195653594
2023-12-23,S004-P0005,Clothing,88,204,74.92,70.665,98.42385496398464
2023-12-24,S004-P0005,Clothing,84,134,66.53,70.665,109.08899628068711
2023-12-25,S004-P0005,Clothing,162,139,80.3,70.665,109.14081959203116
2023-12-26,S004-P0005,Clothing,157,153,87.93,70.665,108.93494610071016
2023-12-27,S004-P0005,Clothing,116,193,70.31,70.665,55.00485480307967
2023-12-28,S004-P0005,Clothing,193,62,72.47,70.665,83.73165411519528
2023-12-29,S004-P0005,Clothing,82,205,69.75,70.665,54.78198534295827
2023-12-30,S004-P0005,Clothing,134,111,78.23,70.665,76.33640195359425
2023-12-31,S004-P0005,Clothing,71,159,67.13,70.665,55.076370314094454
2024-01-01,S004-P0005,Clothing,141,76,84.1,70.665,76.9098569952854
2024-01-02,S004-P0005,Clothing,204,152,84.44,70.665,105.6651304214621
2024-01-03,S004-P0005,Clothing,160,209,79.3,70.665,84.12711071144895
2024-01-04,S004-P0005,Clothing,81,157,66.01,70.665,65.59812300770083
2024-01-05,S004-P0005,Clothing,128,97,72.35,70.665,105.3705956309971
2024-01-06,S004-P0005,Clothing,113,153,77.27,70.665,76.70912230271317
2024-01-07,S004-P0005,Clothing,110,160,76.67,70.665,65.90021744882662
2024-01-08,S004-P0005,Clothing,127,144,80.76,70.665,76.8557641530473
2024-01-09,S004-P0005,Clothing,53,158,56.39,70.665,98.97100907012273
2024-01-10,S004-P0005,Clothing,85,106,66.92,70.665,109.13509345721255
2024-01-11,S004-P0005,Clothing,91,116,68.19,70.665,120.02195106976286
2024-01-12,S004-P0005,Clothing,93,109,76.22,70.665,98.56149961191403
2024-01-13,S004-P0005,Clothing,189,135,90.66,70.665,109.204755746756
2024-01-14,S004-P0005,Clothing,67,162,65.98,70.665,109.24681880798674
2024-01-15,S004-P0005,Clothing,105,119,71.46,70.665,109.40283598947853
2024-01-16,S004-P0005,Clothing,117,145,69.94,70.665,127.64677490763941
2024-01-17,S004-P0005,Clothing,103,120,70.89,70.665,98.72211034192964
2024-01-18,S004-P0005,Clothing,101,123,74.46,70.665,98.5352971280794
2024-01-19,S004-P0005,Clothing,148,100,68.56,70.665,127.3968937535243
2024-01-20,S004-P0005,Clothing,198,153,73.55,70.665,148.9460802651166
2024-01-21,S004-P0005,Clothing,106,220,59.65,70.665,127.73571490200521
2024-01-22,S004-P0005,Clothing,31,117,54.41,70.665,109.27041617634082
2024-01-23,S004-P0005,Clothing,80,95,62.4,70.665,109.22210412927694
2024-01-24,S004-P0005,Clothing,101,116,66.44,70.665,127.38526645835393
2024-01-25,S004-P0005,Clothing,105,132,67.77,70.665,108.90624953656825
2024-01-26,S004-P0005,Clothing,151,94,82.01,70.665,148.56423491453353
2024-01-27,S004-P0005,Clothing,222,128,88.12,70.665,137.7890949483252
2024-01-28,S004-P0005,Clothing,153,209,78.25,70.665,120.15647790019132
2024-01-29,S004-P0005,Clothing,56,232,63.33,70.665,120.14505626589892
2024-01-30,S004-P0005,Clothing,98,184,77.49,70.665,98.6251728322668
2023-10-03,S004-P0006,Groceries,96,259,34.41,36.345,106.1014777011506
2023-10-04,S004-P0006,Groceries,225,146,44.08,36.345,134.72510903481384
2023-10-05,S004-P0006,Groceries,71,0,33.26,36.345,127.09136433224381
2023-10-06,S004-P0006,Groceries,147,378,38.19,36.345,127.23529923799765
2023-10-07,S004-P0006,Groceries,61,256,33.81,36.345,62.493869370393035
2023-10-08,S004-P0006,Groceries,46,199,27.25,36.345,62.77997572851039
2023-10-09,S004-P0006,Groceries,82,165,32.91,36.345,84.12190295939031
2023-10-10,S004-P0006,Groceries,66,71,27.75,36.345,91.48317551694223
2023-10-11,S004-P0006,Groceries,107,190,35.62,36.345,91.30723378381526
2023-10-12,S004-P0006,Groceries,53,72,31.12,36.345,62.40166000989044
2023-10-13,S004-P0006,Groceries,90,219,37.49,36.345,72.79817591762632
2023-10-14,S004-P0006,Groceries,38,139,22.01,36.345,112.88255870198019
2023-10-15,S004-P0006,Groceries,56,259,29.93,36.345,84.1496105425372
2023-10-16,S004-P0006,Groceries,75,221,31.98,36.345,91.6028011043147
2023-10-17,S004-P0006,Groceries,80,159,36.25,36.345,73.12445432146835
2023-10-18,S004-P0006,Groceries,85,93,29.45,36.345,101.87555980350108
2023-10-19,S004-P0006,Groceries,29,193,22.26,36.345,91.45890583573407
2023-10-20,S004-P0006,Groceries,55,160,31.34,36.345,62.54772149143354
2023-10-21,S004-P0006,Groceries,79,110,34.22,36.345,62.705360712557386
2023-10-22,S004-P0006,Groceries,60,142,28.79,36.345,91.62314531475224
2023-10-23,S004-P0006,Groceries,103,254,35.26,36.345,91.69180162685049
2023-10-24,S004-P0006,Groceries,55,141,32.98,36.345,62.81392192488189
2023-10-25,S004-P0006,Groceries,124,345,33.77,36.345,156.3354212227646
2023-10-26,S004-P0006,Groceries,34,252,27.3,36.345,127.48207322158562
2023-10-27,S004-P0006,Groceries,149,218,40.64,36.345,127.45778019568948
2023-10-28,S004-P0006,Groceries,155,72,43.4,36.345,106.25342611214668
2023-10-29,S004-P0006,Groceries,141,323,39.7,36.345,106.42598186299824
2023-10-30,S004-P0006,Groceries,90,222,35.62,36.345,106.49313949981646
2023-10-31,S004-P0006,Groceries,142,456,37.71,36.345,127.82771512619601
2023-11-01,S004-P0006,Groceries,114,359,34.62,36.345,106.30335335249063
2023-11-02,S004-P0006,Groceries,115,237,34.79,36.345,116.55549295797952
2023-11-03,S004-P0006,Groceries,146,149,40.2,36.345,106.16630937282906
2023-11-04,S004-P0006,Groceries,109,219,37.9,36.345,116.68418805757527
2023-11-05,S004-P0006,Groceries,167,142,42.53,36.345,116.90995204470073
2023-11-06,S004-P0006,Groceries,135,247,41.07,36.345,106.46759272729281
2023-11-07,S004-P0006,Groceries,119,457,37.1,36.345,127.80049558147316
2023-11-08,S004-P0006,Groceries,160,347,46.33,36.345,116.62151402021784
2023-11-09,S004-P0006,Groceries,215,172,42.71,36.345,145.41691607846937
2023-11-10,S004-P0006,Groceries,145,273,38.07,36.345,156.29682228228074
2023-11-11,S004-P0006,Groceries,173,554,41.07,36.345,127.76073807725419
2023-11-12,S004-P0006,Groceries,128,356,32.18,36.345,145.76613125606622
2023-11-13,S004-P0006,Groceries,119,255,35.2,36.345,135.32198919343264
2023-11-14,S004-P0006,Groceries,126,135,35.96,36.345,106.54879606281756
2023-11-15,S004-P0006,Groceries,106,297,31.61,36.345,156.54433575948474
2023-11-16,S004-P0006,Groceries,155,202,41.23,36.345,116.61383836567772
2023-11-17,S004-P0006,Groceries,82,29,32.85,36.345,156.3453336526178
2023-11-18,S004-P0006,Groceries,144,364,35.8,36.345,156.55114351378683
2023-11-19,S004-P0006,Groceries,129,267,40.33,36.345,116.90263394829744
2023-11-20,S004-P0006,Groceries,109,146,36.04,36.345,106.65600842520823
2023-11-21,S004-P0006,Groceries,118,261,37.08,36.345,106.56982928257486
2023-11-22,S004-P0006,Groceries,85,189,29.71,36.345,156.5285746231504
2023-11-23,S004-P0006,Groceries,144,363,42.08,36.345,116.65099418052475
2023-11-24,S004-P0006,Groceries,98,232,34.73,36.345,116.67444198069107
2023-11-25,S004-P0006,Groceries,155,134,41.16,36.345,106.51500597055568
2023-11-26,S004-P0006,Groceries,111,256,38.1,36.345,106.62549520369211
2023-11-27,S004-P0006,Groceries,183,497,37.02,36.345,145.95694258175354
2023-11-28,S004-P0006,Groceries,188,374,42.49,36.345,145.75911017694284
2023-11-29,S004-P0006,Groceries,161,211,44.2,36.345,127.70054473789031
2023-11-30,S004-P0006,Groceries,121,495,37.34,36.345,106.31110966517903
2023-12-01,S004-P0006,Groceries,55,399,28.2,36.345,108.96063778376961
2023-12-02,S004-P0006,Groceries,154,357,43.28,36.345,108.99798036494582
2023-12-03,S004-P0006,Groceries,96,204,28.67,36.345,138.12441801958488
2023-12-04,S004-P0006,Groceries,129,430,38.26,36.345,109.274001940244
2023-12-05,S004-P0006,Groceries,81,320,36.29,36.345,130.48953564184157
2023-12-06,S004-P0006,Groceries,169,234,38.35,36.345,159.173459519861
2023-12-07,S004-P0006,Groceries,177,117,34.54,36.345,159.1625006902673
2023-12-08,S004-P0006,Groceries,125,347,37.73,36.345,137.65686259132355
2023-12-09,S004-P0006,Groceries,96,265,29.03,36.345,159.27208002189485
2023-12-10,S004-P0006,Groceries,145,162,40.08,36.345,109.27423453190414
2023-12-11,S004-P0006,Groceries,63,56,29.09,36.345,109.33006172798517
2023-12-12,S004-P0006,Groceries,100,321,27.6,36.345,138.09129562170313
2023-12-13,S004-P0006,Groceries,89,226,31.95,36.345,119.46450194058126
2023-12-14,S004-P0006,Groceries,95,148,32.59,36.345,119.34183144927282
2023-12-15,S004-P0006,Groceries,50,239,27.51,36.345,137.70479789757164
2023-12-16,S004-P0006,Groceries,129,206,42.42,36.345,130.3548724864503
2023-12-17,S004-P0006,Groceries,61,88,25.34,36.345,148.51489540323973
2023-12-18,S004-P0006,Groceries,105,292,33.69,36.345,138.00599636389092
2023-12-19,S004-P0006,Groceries,128,214,40.24,36.345,130.52856652208388
2023-12-20,S004-P0006,Groceries,141,124,41.8,36.345,108.9944678200676
2023-12-21,S004-P0006,Groceries,71,307,26.33,36.345,159.1386067318463
2023-12-22,S004-P0006,Groceries,73,241,30.23,36.345,108.94002271368348
2023-12-23,S004-P0006,Groceries,130,168,42.54,36.345,108.97131211668554
2023-12-24,S004-P0006,Groceries,122,38,41.55,36.345,119.52677277174986
2023-12-25,S004-P0006,Groceries,94,302,34.3,36.345,119.633436413913
2023-12-26,S004-P0006,Groceries,91,193,32.14,36.345,119.59208391504924
2023-12-27,S004-P0006,Groceries,43,123,26.93,36.345,65.55231195578058
2023-12-28,S004-P0006,Groceries,55,281,31.38,36.345,65.37083627106213
2023-12-29,S004-P0006,Groceries,63,221,32.35,36.345,65.32944249565918
2023-12-30,S004-P0006,Groceries,89,150,35.49,36.345,86.82901877547607
2023-12-31,S004-P0006,Groceries,56,95,31.5,36.345,65.67866779761445
2024-01-01,S004-P0006,Groceries,129,205,40.3,36.345,87.45731414798631
2024-01-02,S004-P0006,Groceries,63,120,25.83,36.345,116.2674279049821
2024-01-03,S004-P0006,Groceries,71,292,30.0,36.345,94.61972753333077
2024-01-04,S004-P0006,Groceries,113,237,32.66,36.345,104.94417449559764
2024-01-05,S004-P0006,Groceries,33,163,27.33,36.345,87.11945844850212
2024-01-06,S004-P0006,Groceries,103,363,33.48,36.345,87.31141978623316
2024-01-07,S004-P0006,Groceries,63,284,30.7,36.345,76.44767460152752
2024-01-08,S004-P0006,Groceries,149,237,36.01,36.345,116.3114963025823
2024-01-09,S004-P0006,Groceries,150,136,40.62,36.345,109.51846622282366
2024-01-10,S004-P0006,Groceries,154,337,43.36,36.345,119.68255060991346
2024-01-11,S004-P0006,Groceries,105,216,33.63,36.345,130.56940822246378
2024-01-12,S004-P0006,Groceries,100,491,27.61,36.345,138.0720720922681
2024-01-13,S004-P0006,Groceries,65,423,29.35,36.345,119.75221289945692
2024-01-14,S004-P0006,Groceries,73,350,30.15,36.345,119.90395662232582
2024-01-15,S004-P0006,Groceries,92,289,32.25,36.345,119.95029314217945
2024-01-16,S004-P0006,Groceries,55,204,33.03,36.345,109.34079739432534
2024-01-17,S004-P0006,Groceries,30,142,26.9,36.345,109.26956749463056
2024-01-18,S004-P0006,Groceries,101,110,35.1,36.345,109.0827542807803
2024-01-19,S004-P0006,Groceries,80,24,34.34,36.345,109.09091624021022
2024-01-20,S004-P0006,Groceries,89,236,37.32,36.345,130.53042209016436
2024-01-21,S004-P0006,Groceries,87,173,26.4,36.345,138.2831720547061
2024-01-22,S004-P0006,Groceries,157,264,41.36,36.345,119.8727136598608
2024-01-23,S004-P0006,Groceries,119,90,33.26,36.345,148.51331528635467
2024-01-24,S004-P0006,Groceries,121,329,35.16,36.345,137.93272361105483
2024-01-25,S004-P0006,Groceries,191,207,45.29,36.345,148.14262036282688
2024-01-26,S004-P0006,Groceries,140,10,41.58,36.345,130.36793806285766
2024-01-27,S004-P0006,Groceries,87,306,35.19,36.345,119.48311743501108
2024-01-28,S004-P0006,Groceries,223,518,38.72,36.345,159.55736971890718
2024-01-29,S004-P0006,Groceries,118,253,41.05,36.345,130.63767308778074
2024-01-30,S004-P0006,Groceries,98,134,36.62,36.345,109.2274703157868
2023-10-03,S004-P0007,Groceries,81,399,24.43,28.37,106.1014777011506
2023-10-04,S004-P0007,Groceries,75,319,27.91,28.37,105.87167436879886
2023-10-05,S004-P0007,Groceries,147,238,35.19,28.37,127.09136433224381
2023-10-06,S004-P0007,Groceries,190,753,35.45,28.37,155.92421291155534
2023-10-07,S004-P0007,Groceries,107,526,24.89,28.37,91.40214436722712
2023-10-08,S004-P0007,Groceries,33,421,23.77,28.37,62.67029506687222
2023-10-09,S004-P0007,Groceries,73,389,26.38,28.37,84.12190295939031
2023-10-10,S004-P0007,Groceries,106,1070,27.91,28.37,91.42833518612315
2023-10-11,S004-P0007,Groceries,27,981,16.52,28.37,91.47175477627252
2023-10-12,S004-P0007,Groceries,71,954,27.51,28.37,62.40166000989044
2023-10-13,S004-P0007,Groceries,88,875,27.82,28.37,72.85301624844541
2023-10-14,S004-P0007,Groceries,25,785,17.23,28.37,112.88255870198019
2023-10-15,S004-P0007,Groceries,86,758,26.18,28.37,84.20445087335628
2023-10-16,S004-P0007,Groceries,52,663,25.63,28.37,62.80420676911877
2023-10-17,S004-P0007,Groceries,93,626,25.4,28.37,73.23413498310651
2023-10-18,S004-P0007,Groceries,111,535,26.82,28.37,101.82071947268199
2023-10-19,S004-P0007,Groceries,62,442,25.35,28.37,62.495790508080894
2023-10-20,S004-P0007,Groceries,68,392,24.63,28.37,62.54772149143354
2023-10-21,S004-P0007,Groceries,64,327,22.85,28.37,91.5039550477533
2023-10-22,S004-P0007,Groceries,94,280,29.82,28.37,62.824550979556314
2023-10-23,S004-P0007,Groceries,107,183,28.02,28.37,63.00288795329275
2023-10-24,S004-P0007,Groceries,46,98,21.4,28.37,62.923602586520055
2023-10-25,S004-P0007,Groceries,156,43,28.8,28.37,156.39026155358368
2023-10-26,S004-P0007,Groceries,124,380,28.05,28.37,127.48207322158562
2023-10-27,S004-P0007,Groceries,154,245,34.01,28.37,127.45778019568948
2023-10-28,S004-P0007,Groceries,102,138,29.09,28.37,106.19858578132761
2023-10-29,S004-P0007,Groceries,70,657,23.51,28.37,106.48082219381732
2023-10-30,S004-P0007,Groceries,31,592,23.58,28.37,106.43829916899736
2023-10-31,S004-P0007,Groceries,141,573,31.06,28.37,127.82771512619601
2023-11-01,S004-P0007,Groceries,79,410,26.9,28.37,106.24851302167156
2023-11-02,S004-P0007,Groceries,75,317,25.25,28.37,116.50065262716045
2023-11-03,S004-P0007,Groceries,136,260,30.61,28.37,106.22114970364814
2023-11-04,S004-P0007,Groceries,134,753,30.42,28.37,116.73902838839435
2023-11-05,S004-P0007,Groceries,168,599,31.87,28.37,145.59886571825842
2023-11-06,S004-P0007,Groceries,133,415,32.07,28.37,106.46759272729281
2023-11-07,S004-P0007,Groceries,157,335,27.1,28.37,156.70877057830717
2023-11-08,S004-P0007,Groceries,169,164,31.95,28.37,116.73119468185601
2023-11-09,S004-P0007,Groceries,176,726,36.16,28.37,116.50864108163529
2023-11-10,S004-P0007,Groceries,115,597,28.77,28.37,127.60790860872304
2023-11-11,S004-P0007,Groceries,90,523,29.45,28.37,127.65105741561602
2023-11-12,S004-P0007,Groceries,132,418,28.76,28.37,116.96753692087034
2023-11-13,S004-P0007,Groceries,206,1025,31.17,28.37,135.43166985507082
2023-11-14,S004-P0007,Groceries,120,778,27.73,28.37,106.54879606281756
2023-11-15,S004-P0007,Groceries,109,674,31.31,28.37,127.63606076265069
2023-11-16,S004-P0007,Groceries,185,597,33.07,28.37,145.4124327008736
2023-11-17,S004-P0007,Groceries,193,400,32.07,28.37,156.4001739834369
2023-11-18,S004-P0007,Groceries,170,236,30.25,28.37,156.55114351378683
2023-11-19,S004-P0007,Groceries,160,81,36.44,28.37,116.90263394829744
2023-11-20,S004-P0007,Groceries,71,645,23.6,28.37,106.7108487560273
2023-11-21,S004-P0007,Groceries,162,574,31.14,28.37,135.36842361777073
2023-11-22,S004-P0007,Groceries,192,419,33.68,28.37,156.5285746231504
2023-11-23,S004-P0007,Groceries,115,281,25.8,28.37,145.44958851572065
2023-11-24,S004-P0007,Groceries,159,185,34.54,28.37,116.61960164987198
2023-11-25,S004-P0007,Groceries,103,751,27.67,28.37,106.51500597055568
2023-11-26,S004-P0007,Groceries,184,641,31.03,28.37,135.47892986970706
2023-11-27,S004-P0007,Groceries,105,435,29.39,28.37,116.99382725410038
2023-11-28,S004-P0007,Groceries,113,358,28.63,28.37,116.96051584174695
2023-11-29,S004-P0007,Groceries,204,239,38.82,28.37,127.70054473789031
2023-11-30,S004-P0007,Groceries,116,722,28.81,28.37,106.36594999599811
2023-12-01,S004-P0007,Groceries,41,633,23.31,28.37,108.90579745295054
2023-12-02,S004-P0007,Groceries,147,609,26.35,28.37,137.96109569259895
2023-12-03,S004-P0007,Groceries,70,468,24.8,28.37,109.21614302275086
2023-12-04,S004-P0007,Groceries,101,403,29.06,28.37,109.274001940244
2023-12-05,S004-P0007,Groceries,39,282,21.89,28.37,130.59921630347975
2023-12-06,S004-P0007,Groceries,201,725,32.76,28.37,159.173459519861
2023-12-07,S004-P0007,Groceries,160,512,31.15,28.37,158.99797969781005
2023-12-08,S004-P0007,Groceries,128,343,28.39,28.37,108.96794891776582
2023-12-09,S004-P0007,Groceries,198,222,34.39,28.37,130.47348568669898
2023-12-10,S004-P0007,Groceries,139,719,30.87,28.37,137.96314820546186
2023-12-11,S004-P0007,Groceries,89,581,22.31,28.37,138.1286560631811
2023-12-12,S004-P0007,Groceries,120,489,29.25,28.37,109.1830206248691
2023-12-13,S004-P0007,Groceries,61,358,25.27,28.37,119.40966160976218
2023-12-14,S004-P0007,Groceries,138,301,29.3,28.37,119.34183144927282
2023-12-15,S004-P0007,Groceries,15,183,19.76,28.37,137.64995756675253
2023-12-16,S004-P0007,Groceries,220,666,33.97,28.37,159.26314748328434
2023-12-17,S004-P0007,Groceries,110,517,29.85,28.37,119.6066204064057
2023-12-18,S004-P0007,Groceries,154,451,34.06,28.37,109.20740202869501
2023-12-19,S004-P0007,Groceries,124,353,26.28,28.37,159.3820011880988
2023-12-20,S004-P0007,Groceries,70,998,24.68,28.37,109.04930815088667
2023-12-21,S004-P0007,Groceries,101,929,26.13,28.37,130.28517206583135
2023-12-22,S004-P0007,Groceries,120,815,29.3,28.37,108.8851823828644
2023-12-23,S004-P0007,Groceries,128,714,28.42,28.37,137.76990645188144
2023-12-24,S004-P0007,Groceries,221,634,38.25,28.37,148.32536710694572
2023-12-25,S004-P0007,Groceries,58,396,22.46,28.37,119.68827674473208
2023-12-26,S004-P0007,Groceries,153,342,33.99,28.37,119.53724358423017
2023-12-27,S004-P0007,Groceries,105,216,29.42,28.37,65.44263129414242
2023-12-28,S004-P0007,Groceries,55,996,25.94,28.37,65.31599594024304
2023-12-29,S004-P0007,Groceries,26,940,23.06,28.37,65.32944249565918
2023-12-30,S004-P0007,Groceries,105,914,27.84,28.37,86.93869943711424
2023-12-31,S004-P0007,Groceries,116,792,28.84,28.37,65.73350812843353
2024-01-01,S004-P0007,Groceries,42,711,21.07,28.37,116.25590848318222
2024-01-02,S004-P0007,Groceries,46,670,22.56,28.37,87.46883356978617
2024-01-03,S004-P0007,Groceries,75,620,22.55,28.37,94.67456786414985
2024-01-04,S004-P0007,Groceries,88,542,23.59,28.37,104.94417449559764
2024-01-05,S004-P0007,Groceries,50,442,21.77,28.37,87.17429877932119
2024-01-06,S004-P0007,Groceries,72,405,26.29,28.37,87.201739124595
2024-01-07,S004-P0007,Groceries,77,351,28.18,28.37,76.39283427070843
2024-01-08,S004-P0007,Groceries,39,303,21.98,28.37,87.4580616365673
2024-01-09,S004-P0007,Groceries,116,262,28.93,28.37,109.46362589200459
2024-01-10,S004-P0007,Groceries,125,137,25.01,28.37,148.53598527592843
2024-01-11,S004-P0007,Groceries,98,357,28.74,28.37,130.5145678916447
2024-01-12,S004-P0007,Groceries,107,252,29.61,28.37,109.16379709543403
2024-01-13,S004-P0007,Groceries,210,148,29.5,28.37,148.60564756547188
2024-01-14,S004-P0007,Groceries,146,428,33.25,28.37,119.84911629150675
2024-01-15,S004-P0007,Groceries,157,304,30.93,28.37,119.95029314217945
2024-01-16,S004-P0007,Groceries,158,188,25.84,28.37,138.30391272197846
2024-01-17,S004-P0007,Groceries,81,867,21.72,28.37,138.06816182982647
2024-01-18,S004-P0007,Groceries,38,815,23.02,28.37,109.0827542807803
2024-01-19,S004-P0007,Groceries,103,773,29.19,28.37,109.09091624021022
2024-01-20,S004-P0007,Groceries,116,689,24.03,28.37,159.4935374178175
2024-01-21,S004-P0007,Groceries,52,583,21.95,28.37,109.42973738869117
2024-01-22,S004-P0007,Groceries,69,537,24.65,28.37,119.8727136598608
2024-01-23,S004-P0007,Groceries,86,474,27.55,28.37,119.65988062033969
2024-01-24,S004-P0007,Groceries,76,416,25.27,28.37,109.13412927585892
2024-01-25,S004-P0007,Groceries,152,356,27.08,28.37,148.25230102446505
2024-01-26,S004-P0007,Groceries,94,216,26.87,28.37,130.42277839367674
2024-01-27,S004-P0007,Groceries,218,115,36.14,28.37,148.28171177020698
2024-01-28,S004-P0007,Groceries,156,0,34.25,28.37,130.64909472207316
2024-01-29,S004-P0007,Groceries,89,641,26.37,28.37,130.7473537494189
2024-01-30,S004-P0007,Groceries,154,574,32.25,28.37,109.28231064660588
2023-10-03,S004-P0008,Furniture,60,197,88.77,91.49000000000001,57.431958453436714
2023-10-04,S004-P0008,Furniture,83,130,80.29,91.49000000000001,86.22011077955722
2023-10-05,S004-P0008,Furniture,33,119,84.14,91.49000000000001,78.47668541534901
2023-10-06,S004-P0008,Furniture,40,81,81.99,91.49000000000001,78.56577999028377
2023-10-07,S004-P0008,Furniture,26,86,77.37,91.49000000000001,13.934030784317322
2023-10-08,S004-P0008,Furniture,33,55,66.37,91.49000000000001,43.0187314776306
2023-10-09,S004-P0008,Furniture,37,72,76.86,91.49000000000001,35.562064373314584
2023-10-10,S004-P0008,Furniture,26,92,81.35,91.49000000000001,14.069902264851521
2023-10-11,S004-P0008,Furniture,28,67,82.14,91.49000000000001,13.948800862543628
2023-10-12,S004-P0008,Furniture,41,90,69.3,91.49000000000001,42.69525608982972
2023-10-13,S004-P0008,Furniture,37,113,76.7,91.49000000000001,24.293177662369693
2023-10-14,S004-P0008,Furniture,42,72,78.32,91.49000000000001,35.41444511907038
2023-10-15,S004-P0008,Furniture,34,83,84.16,91.49000000000001,35.48009129482331
2023-10-16,S004-P0008,Furniture,27,100,77.79,91.49000000000001,14.244368183043058
2023-10-17,S004-P0008,Furniture,39,73,77.43,91.49000000000001,24.61945606621172
2023-10-18,S004-P0008,Furniture,20,93,66.88,91.49000000000001,53.26088088660627
2023-10-19,S004-P0008,Furniture,51,78,85.51,91.49000000000001,42.679705926382006
2023-10-20,S004-P0008,Furniture,35,76,80.3,91.49000000000001,13.933042574538746
2023-10-21,S004-P0008,Furniture,83,102,91.58,91.49000000000001,42.83443580003941
2023-10-22,S004-P0008,Furniture,44,99,83.38,91.49000000000001,14.319552724299683
2023-10-23,S004-P0008,Furniture,28,98,65.7,91.49000000000001,43.18680337159386
2023-10-24,S004-P0008,Furniture,30,80,82.74,91.49000000000001,14.199243007987093
2023-10-25,S004-P0008,Furniture,90,97,104.1,91.49000000000001,78.86730763985483
2023-10-26,S004-P0008,Furniture,107,116,99.18,91.49000000000001,78.86739430469082
2023-10-27,S004-P0008,Furniture,46,119,70.0,91.49000000000001,107.75137627562876
2023-10-28,S004-P0008,Furniture,119,71,102.83,91.49000000000001,57.693587526070964
2023-10-29,S004-P0008,Furniture,60,111,98.34,91.49000000000001,57.75646261528434
2023-10-30,S004-P0008,Furniture,71,124,97.51,91.49000000000001,57.823620252102565
2023-10-31,S004-P0008,Furniture,108,116,110.46,91.49000000000001,79.15819587848213
2023-11-01,S004-P0008,Furniture,83,99,96.43,91.49000000000001,57.68867443559582
2023-11-02,S004-P0008,Furniture,77,75,94.54,91.49000000000001,67.88597371026565
2023-11-03,S004-P0008,Furniture,102,86,97.5,91.49000000000001,86.29538446031108
2023-11-04,S004-P0008,Furniture,56,119,96.81,91.49000000000001,68.01466880986138
2023-11-05,S004-P0008,Furniture,179,56,128.51,91.49000000000001,96.98418680136363
2023-11-06,S004-P0008,Furniture,46,204,88.46,91.49000000000001,57.907754141217104
2023-11-07,S004-P0008,Furniture,73,152,93.29,91.49000000000001,79.18581666457835
2023-11-08,S004-P0008,Furniture,46,78,88.63,91.49000000000001,68.00683510332304
2023-11-09,S004-P0008,Furniture,105,73,87.63,91.49000000000001,96.80223716157458
2023-11-10,S004-P0008,Furniture,110,109,88.97,91.49000000000001,107.79182402702415
2023-11-11,S004-P0008,Furniture,106,107,98.93,91.49000000000001,79.14605916035939
2023-11-12,S004-P0008,Furniture,66,109,85.94,91.49000000000001,97.04177167753325
2023-11-13,S004-P0008,Furniture,108,107,82.73,91.49000000000001,86.8718312689951
2023-11-14,S004-P0008,Furniture,76,153,94.31,91.49000000000001,57.87927681510367
2023-11-15,S004-P0008,Furniture,55,72,91.64,91.49000000000001,79.02138184575588
2023-11-16,S004-P0008,Furniture,63,89,94.54,91.49000000000001,67.94431911796383
2023-11-17,S004-P0008,Furniture,67,105,75.87,91.49000000000001,107.89517572818028
2023-11-18,S004-P0008,Furniture,144,111,110.38,91.49000000000001,107.93646459689205
2023-11-19,S004-P0008,Furniture,86,127,102.78,91.49000000000001,68.28795503140263
2023-11-20,S004-P0008,Furniture,45,150,74.25,91.49000000000001,86.89476417432843
2023-11-21,S004-P0008,Furniture,68,121,96.37,91.49000000000001,57.95515036568005
2023-11-22,S004-P0008,Furniture,110,123,100.07,91.49000000000001,79.17014170187879
2023-11-23,S004-P0008,Furniture,67,184,100.86,91.49000000000001,67.98147493281085
2023-11-24,S004-P0008,Furniture,172,104,99.71,91.49000000000001,96.96803806063032
2023-11-25,S004-P0008,Furniture,95,168,105.85,91.49000000000001,57.845486722841805
2023-11-26,S004-P0008,Furniture,49,78,85.07,91.49000000000001,58.010816286797315
2023-11-27,S004-P0008,Furniture,24,90,84.94,91.49000000000001,68.37914833720558
2023-11-28,S004-P0008,Furniture,49,65,85.01,91.49000000000001,68.34583692485215
2023-11-29,S004-P0008,Furniture,123,65,109.66,91.49000000000001,79.19554648263367
2023-11-30,S004-P0008,Furniture,65,127,100.38,91.49000000000001,57.641590417465146
2023-12-01,S004-P0008,Furniture,94,76,94.84,91.49000000000001,60.345958866874824
2023-12-02,S004-P0008,Furniture,72,79,97.72,91.49000000000001,60.383301448051014
2023-12-03,S004-P0008,Furniture,39,95,86.21,91.49000000000001,60.54662377503696
2023-12-04,S004-P0008,Furniture,101,107,97.11,91.49000000000001,89.40307702772603
2023-12-05,S004-P0008,Furniture,130,104,93.38,91.49000000000001,110.83797205259992
2023-12-06,S004-P0008,Furniture,58,155,92.95,91.49000000000001,81.76018626777034
2023-12-07,S004-P0008,Furniture,51,107,85.71,91.49000000000001,81.69438710735753
2023-12-08,S004-P0008,Furniture,42,123,87.12,91.49000000000001,60.243589339232855
2023-12-09,S004-P0008,Furniture,63,77,89.61,91.49000000000001,81.85880676980416
2023-12-10,S004-P0008,Furniture,57,77,92.28,91.49000000000001,60.54987495337117
2023-12-11,S004-P0008,Furniture,48,81,89.32,91.49000000000001,60.60570214945221
2023-12-12,S004-P0008,Furniture,117,100,89.76,91.49000000000001,89.47661670480832
2023-12-13,S004-P0008,Furniture,98,119,106.89,91.49000000000001,70.79498269286738
2023-12-14,S004-P0008,Furniture,111,150,99.66,91.49000000000001,99.47090653675487
2023-12-15,S004-P0008,Furniture,50,159,67.58,91.49000000000001,89.19979964231499
2023-12-16,S004-P0008,Furniture,51,125,95.13,91.49000000000001,81.74019356955549
2023-12-17,S004-P0008,Furniture,121,68,102.85,91.49000000000001,99.7905358247068
2023-12-18,S004-P0008,Furniture,93,129,105.12,91.49000000000001,60.6475634426193
2023-12-19,S004-P0008,Furniture,112,111,111.9,91.49000000000001,81.91388760518906
2023-12-20,S004-P0008,Furniture,105,116,103.81,91.49000000000001,89.12354290754959
2023-12-21,S004-P0008,Furniture,85,94,102.24,91.49000000000001,81.56081248729836
2023-12-22,S004-P0008,Furniture,72,124,78.33,91.49000000000001,89.12393813198457
2023-12-23,S004-P0008,Furniture,71,145,87.25,91.49000000000001,89.21006786580574
2023-12-24,S004-P0008,Furniture,35,64,89.05,91.49000000000001,70.91209385485506
2023-12-25,S004-P0008,Furniture,59,88,88.56,91.49000000000001,71.0187574970182
2023-12-26,S004-P0008,Furniture,106,119,98.65,91.49000000000001,99.66631867171218
2023-12-27,S004-P0008,Furniture,42,148,87.07,91.49000000000001,16.82795237724761
2023-12-28,S004-P0008,Furniture,52,116,81.62,91.49000000000001,16.810997684986408
2023-12-29,S004-P0008,Furniture,22,59,79.98,91.49000000000001,16.76960390958347
2023-12-30,S004-P0008,Furniture,38,95,85.6,91.49000000000001,38.214339858581276
2023-12-31,S004-P0008,Furniture,30,55,78.63,91.49000000000001,17.063988880719652
2024-01-01,S004-P0008,Furniture,49,71,84.75,91.49000000000001,38.95231589272968
2024-01-02,S004-P0008,Furniture,18,79,78.81,91.49000000000001,38.74447399125321
2024-01-03,S004-P0008,Furniture,51,66,76.08,91.49000000000001,46.11472927807415
2024-01-04,S004-P0008,Furniture,34,91,75.91,91.49000000000001,56.274655247883764
2024-01-05,S004-P0008,Furniture,37,65,72.7,91.49000000000001,67.30337386680321
2024-01-06,S004-P0008,Furniture,28,87,77.94,91.49000000000001,38.64190053851929
2024-01-07,S004-P0008,Furniture,46,59,79.56,91.49000000000001,27.887836015451807
2024-01-08,S004-P0008,Furniture,6,64,78.52,91.49000000000001,38.78854238885342
2024-01-09,S004-P0008,Furniture,49,57,80.81,91.49000000000001,89.59270097948658
2024-01-10,S004-P0008,Furniture,79,78,95.03,91.49000000000001,71.12271202383774
2024-01-11,S004-P0008,Furniture,103,87,87.1,91.49000000000001,110.75332364076488
2024-01-12,S004-P0008,Furniture,47,90,80.0,91.49000000000001,60.60395850935831
2024-01-13,S004-P0008,Furniture,66,100,100.55,91.49000000000001,71.02785332092395
2024-01-14,S004-P0008,Furniture,96,93,100.93,91.49000000000001,71.23443737461194
2024-01-15,S004-P0008,Furniture,71,109,87.58,91.49000000000001,71.33561422528464
2024-01-16,S004-P0008,Furniture,140,140,108.96,91.49000000000001,89.57955314344551
2024-01-17,S004-P0008,Furniture,120,141,96.74,91.49000000000001,89.45348291293166
2024-01-18,S004-P0008,Furniture,46,169,93.39,91.49000000000001,60.41323503306643
2024-01-19,S004-P0008,Furniture,76,116,89.39,91.49000000000001,60.531077654134506
2024-01-20,S004-P0008,Furniture,81,117,106.19,91.49000000000001,81.91574317326956
2024-01-21,S004-P0008,Furniture,101,118,113.84,91.49000000000001,60.7053778101582
2024-01-22,S004-P0008,Furniture,44,109,83.1,91.49000000000001,71.258034742966
2024-01-23,S004-P0008,Furniture,72,75,87.36,91.49000000000001,99.89863636945988
2024-01-24,S004-P0008,Furniture,78,74,78.78,91.49000000000001,89.42772535579817
2024-01-25,S004-P0008,Furniture,96,99,111.7,91.49000000000001,70.7293471107362
2024-01-26,S004-P0008,Furniture,109,118,116.52,91.49000000000001,81.69841881514375
2024-01-27,S004-P0008,Furniture,83,140,86.53,91.49000000000001,99.7218731841313
2024-01-28,S004-P0008,Furniture,73,148,88.42,91.49000000000001,82.08925613599743
2024-01-29,S004-P0008,Furniture,83,85,91.33,91.49000000000001,82.1326748325241
2024-01-30,S004-P0008,Furniture,69,92,86.87,91.49000000000001,60.667631729711076
2023-10-03,S004-P0009,Clothing,97,389,87.18,111.1,124.40745521446468
2023-10-04,S004-P0009,Clothing,52,284,93.72,111.1,95.37905754691704
2023-10-05,S004-P0009,Clothing,121,235,125.34,111.1,116.59874751036199
2023-10-06,S004-P0009,Clothing,91,97,119.85,111.1,116.57816142365857
2023-10-07,S004-P0009,Clothing,55,20,99.97,111.1,51.94641221769212
2023-10-08,S004-P0009,Clothing,99,330,104.63,111.1,80.9762725801863
2023-10-09,S004-P0009,Clothing,132,268,116.5,111.1,73.62928613750847
2023-10-10,S004-P0009,Clothing,98,120,110.67,111.1,52.13712402904541
2023-10-11,S004-P0009,Clothing,62,382,107.86,111.1,51.96118229591843
2023-10-12,S004-P0009,Clothing,60,343,91.76,111.1,51.9638835188277
2023-10-13,S004-P0009,Clothing,73,279,101.12,111.1,62.36039942656358
2023-10-14,S004-P0009,Clothing,115,216,110.11,111.1,102.22542088764109
2023-10-15,S004-P0009,Clothing,140,88,125.59,111.1,73.65699372065536
2023-10-16,S004-P0009,Clothing,43,236,95.42,111.1,52.311589947236946
2023-10-17,S004-P0009,Clothing,141,192,139.91,111.1,62.57699716876744
2023-10-18,S004-P0009,Clothing,86,445,100.66,111.1,91.218421989162
2023-10-19,S004-P0009,Clothing,105,379,113.13,111.1,52.00317368619908
2023-10-20,S004-P0009,Clothing,50,258,93.14,111.1,52.000264338732634
2023-10-21,S004-P0009,Clothing,104,206,95.16,111.1,81.01133822587147
2023-10-22,S004-P0009,Clothing,50,463,97.97,111.1,52.331934157674496
2023-10-23,S004-P0009,Clothing,134,404,97.65,111.1,81.30886546660685
2023-10-24,S004-P0009,Clothing,131,278,122.54,111.1,52.32130510300007
2023-10-25,S004-P0009,Clothing,133,145,116.99,111.1,117.04421006568688
2023-10-26,S004-P0009,Clothing,151,328,116.35,111.1,145.67837007326153
2023-10-27,S004-P0009,Clothing,133,166,109.33,111.1,145.76375770900356
2023-10-28,S004-P0009,Clothing,75,507,86.04,111.1,124.55940362546079
2023-10-29,S004-P0009,Clothing,73,420,101.54,111.1,95.87852471029731
2023-10-30,S004-P0009,Clothing,83,336,110.73,111.1,95.94568234711554
2023-10-31,S004-P0009,Clothing,174,280,138.52,111.1,117.22541764267602
2023-11-01,S004-P0009,Clothing,82,96,116.32,111.1,95.64621553815155
2023-11-02,S004-P0009,Clothing,134,0,97.75,111.1,134.8614704712936
2023-11-03,S004-P0009,Clothing,101,559,111.49,111.1,124.36260622450496
2023-11-04,S004-P0009,Clothing,82,455,104.36,111.1,134.88048490925115
2023-11-05,S004-P0009,Clothing,155,389,145.68,111.1,106.25281423036165
2023-11-06,S004-P0009,Clothing,76,245,102.58,111.1,95.97497590541099
2023-11-07,S004-P0009,Clothing,47,198,92.16,111.1,117.25303842877224
2023-11-08,S004-P0009,Clothing,91,714,89.95,111.1,135.0371721951701
2023-11-09,S004-P0009,Clothing,92,643,114.03,111.1,106.01602425975346
2023-11-10,S004-P0009,Clothing,75,538,113.3,111.1,116.95077079438396
2023-11-11,S004-P0009,Clothing,103,462,112.02,111.1,117.21328092455327
2023-11-12,S004-P0009,Clothing,94,396,121.07,111.1,106.31039910653126
2023-11-13,S004-P0009,Clothing,98,292,87.46,111.1,124.939053033189
2023-11-14,S004-P0009,Clothing,113,223,96.55,111.1,124.8547735761316
2023-11-15,S004-P0009,Clothing,121,152,125.23,111.1,117.08860360994977
2023-11-16,S004-P0009,Clothing,98,420,116.54,111.1,106.01154088215772
2023-11-17,S004-P0009,Clothing,95,329,121.33,111.1,116.99928216472101
2023-11-18,S004-P0009,Clothing,77,238,92.16,111.1,146.00368636108593
2023-11-19,S004-P0009,Clothing,75,171,101.8,111.1,106.46485745723469
2023-11-20,S004-P0009,Clothing,38,345,93.5,111.1,96.10855127250733
2023-11-21,S004-P0009,Clothing,118,306,117.47,111.1,124.76612613425073
2023-11-22,S004-P0009,Clothing,122,213,125.83,111.1,117.1825231352536
2023-11-23,S004-P0009,Clothing,88,120,112.45,111.1,106.04869669700474
2023-11-24,S004-P0009,Clothing,70,455,100.25,111.1,106.12698482799016
2023-11-25,S004-P0009,Clothing,91,382,91.01,111.1,124.76614315305068
2023-11-26,S004-P0009,Clothing,94,278,108.91,111.1,96.13287838181029
2023-11-27,S004-P0009,Clothing,63,208,108.4,111.1,106.44637010139947
2023-11-28,S004-P0009,Clothing,151,170,102.63,111.1,135.3213336858801
2023-11-29,S004-P0009,Clothing,55,235,99.83,111.1,117.20792791600849
2023-11-30,S004-P0009,Clothing,126,187,127.19,111.1,95.70881218165903
2023-12-01,S004-P0009,Clothing,52,511,83.94,111.1,127.15693463544557
2023-12-02,S004-P0009,Clothing,124,458,120.18,111.1,98.50536354306399
2023-12-03,S004-P0009,Clothing,118,318,93.19,111.1,127.57696086688398
2023-12-04,S004-P0009,Clothing,59,195,76.06,111.1,127.63481978437719
2023-12-05,S004-P0009,Clothing,175,141,146.2,111.1,119.94207848914066
2023-12-06,S004-P0009,Clothing,271,369,155.42,111.1,148.6260023671601
2023-12-07,S004-P0009,Clothing,187,142,150.61,111.1,119.70676854073234
2023-12-08,S004-P0009,Clothing,161,502,148.12,111.1,98.31081110342674
2023-12-09,S004-P0009,Clothing,123,1272,119.87,111.1,119.87118820317897
2023-12-10,S004-P0009,Clothing,137,1137,118.29,111.1,98.72677737920321
2023-12-11,S004-P0009,Clothing,192,1047,137.26,111.1,98.78260457528427
2023-12-12,S004-P0009,Clothing,142,930,113.45,111.1,127.43415780736407
2023-12-13,S004-P0009,Clothing,178,815,132.55,111.1,137.60595846143806
2023-12-14,S004-P0009,Clothing,93,664,103.04,111.1,108.7943742965719
2023-12-15,S004-P0009,Clothing,74,560,112.69,111.1,98.30390607885573
2023-12-16,S004-P0009,Clothing,77,511,108.48,111.1,119.80741533374938
2023-12-17,S004-P0009,Clothing,121,429,99.04,111.1,137.96743825053883
2023-12-18,S004-P0009,Clothing,112,320,115.51,111.1,127.45853921119001
2023-12-19,S004-P0009,Clothing,113,218,128.63,111.1,119.92626903856386
2023-12-20,S004-P0009,Clothing,88,455,112.51,111.1,98.3921703365476
2023-12-21,S004-P0009,Clothing,162,402,133.65,111.1,148.42662858668814
2023-12-22,S004-P0009,Clothing,90,215,107.45,111.1,98.39256556098255
2023-12-23,S004-P0009,Clothing,45,140,96.04,111.1,98.42385496398464
2023-12-24,S004-P0009,Clothing,89,520,101.69,111.1,109.08899628068711
2023-12-25,S004-P0009,Clothing,140,465,132.67,111.1,109.031138930393
2023-12-26,S004-P0009,Clothing,111,323,108.63,111.1,137.78838076672517
2023-12-27,S004-P0009,Clothing,131,238,129.21,111.1,54.95001447226059
2023-12-28,S004-P0009,Clothing,103,637,106.56,111.1,54.8782194491803
2023-12-29,S004-P0009,Clothing,107,568,113.79,111.1,54.89166600459644
2023-12-30,S004-P0009,Clothing,40,453,94.06,111.1,76.28156162277516
2023-12-31,S004-P0009,Clothing,143,428,120.46,111.1,55.18605097573262
2024-01-01,S004-P0009,Clothing,121,287,132.09,111.1,76.9098569952854
2024-01-02,S004-P0009,Clothing,166,186,114.09,111.1,105.71997075228118
2024-01-03,S004-P0009,Clothing,115,537,116.45,111.1,55.383356707072124
2024-01-04,S004-P0009,Clothing,116,450,111.15,111.1,65.65296333851991
2024-01-05,S004-P0009,Clothing,188,319,151.23,111.1,76.5720012958012
2024-01-06,S004-P0009,Clothing,195,122,123.04,111.1,105.56255696872816
2024-01-07,S004-P0009,Clothing,110,0,115.06,111.1,65.90021744882662
2024-01-08,S004-P0009,Clothing,132,565,116.66,111.1,76.96544481468545
2024-01-09,S004-P0009,Clothing,82,475,99.37,111.1,127.65992274368048
2024-01-10,S004-P0009,Clothing,125,385,127.0,111.1,109.08025312639346
2024-01-11,S004-P0009,Clothing,142,299,106.67,111.1,148.82054540495875
2024-01-12,S004-P0009,Clothing,101,165,123.8,111.1,98.56149961191403
2024-01-13,S004-P0009,Clothing,118,438,117.81,111.1,109.204755746756
2024-01-14,S004-P0009,Clothing,89,306,113.05,111.1,109.30165913880583
2024-01-15,S004-P0009,Clothing,88,211,112.59,111.1,109.29315532784037
2024-01-16,S004-P0009,Clothing,169,153,129.38,111.1,127.59193457682031
2024-01-17,S004-P0009,Clothing,99,353,87.7,111.1,127.57554500794464
2024-01-18,S004-P0009,Clothing,110,260,115.0,111.1,98.5352971280794
2024-01-19,S004-P0009,Clothing,60,749,102.02,111.1,98.54345908750932
2024-01-20,S004-P0009,Clothing,192,695,114.35,111.1,148.9460802651166
2024-01-21,S004-P0009,Clothing,84,528,94.27,111.1,127.62603424036706
2024-01-22,S004-P0009,Clothing,97,467,116.18,111.1,109.21557584552173
2024-01-23,S004-P0009,Clothing,99,352,110.95,111.1,109.16726379845787
2024-01-24,S004-P0009,Clothing,176,238,123.36,111.1,127.440106789173
2024-01-25,S004-P0009,Clothing,189,36,159.48,111.1,108.79656887493009
2024-01-26,S004-P0009,Clothing,168,328,143.4,111.1,119.76564057933764
2024-01-27,S004-P0009,Clothing,175,754,109.71,111.1,137.89877560996334
2024-01-28,S004-P0009,Clothing,82,581,116.31,111.1,120.04679723855315
2024-01-29,S004-P0009,Clothing,42,510,94.97,111.1,120.14505626589892
2024-01-30,S004-P0009,Clothing,127,472,120.79,111.1,98.73485349390495
2023-10-03,S004-P0010,Groceries,103,442,24.97,25.615000000000002,134.79039137470832
2023-10-04,S004-P0010,Groceries,99,324,24.69,25.615000000000002,134.67026870399474
2023-10-05,S004-P0010,Groceries,189,219,32.09,25.615000000000002,127.1462046630629
2023-10-06,S004-P0010,Groceries,136,610,29.17,25.615000000000002,127.18045890717858
2023-10-07,S004-P0010,Groceries,78,466,19.38,25.615000000000002,91.40214436722712
2023-10-08,S004-P0010,Groceries,69,402,22.3,25.615000000000002,62.72513539769131
2023-10-09,S004-P0010,Groceries,85,1224,23.54,25.615000000000002,84.17674329020939
2023-10-10,S004-P0010,Groceries,37,1130,20.72,25.615000000000002,62.68458118174632
2023-10-11,S004-P0010,Groceries,112,1107,27.11,25.615000000000002,62.56347977943843
2023-10-12,S004-P0010,Groceries,81,1026,19.32,25.615000000000002,91.36477533754362
2023-10-13,S004-P0010,Groceries,109,951,26.86,25.615000000000002,72.79817591762632
2023-10-14,S004-P0010,Groceries,85,847,20.92,25.615000000000002,112.8277183711611
2023-10-15,S004-P0010,Groceries,109,770,28.31,25.615000000000002,84.09477021171811
2023-10-16,S004-P0010,Groceries,77,678,21.75,25.615000000000002,62.91388743075694
2023-10-17,S004-P0010,Groceries,102,596,27.66,25.615000000000002,73.12445432146835
2023-10-18,S004-P0010,Groceries,49,490,22.86,25.615000000000002,72.967284806667
2023-10-19,S004-P0010,Groceries,112,439,25.7,25.615000000000002,91.29438484327682
2023-10-20,S004-P0010,Groceries,74,305,22.72,25.615000000000002,62.54772149143354
2023-10-21,S004-P0010,Groceries,50,218,17.5,25.615000000000002,91.55879537857237
2023-10-22,S004-P0010,Groceries,128,184,22.49,25.615000000000002,91.78766630720949
2023-10-23,S004-P0010,Groceries,68,401,22.18,25.615000000000002,62.94804762247367
2023-10-24,S004-P0010,Groceries,21,349,19.32,25.615000000000002,62.81392192488189
2023-10-25,S004-P0010,Groceries,177,325,31.13,25.615000000000002,127.53682688756872
2023-10-26,S004-P0010,Groceries,199,148,32.79,25.615000000000002,127.48207322158562
2023-10-27,S004-P0010,Groceries,63,26,24.16,25.615000000000002,127.40293986487039
2023-10-28,S004-P0010,Groceries,127,0,25.57,25.615000000000002,134.9971801165235
2023-10-29,S004-P0010,Groceries,107,847,25.34,25.615000000000002,106.48082219381732
2023-10-30,S004-P0010,Groceries,112,735,27.11,25.615000000000002,106.43829916899736
2023-10-31,S004-P0010,Groceries,132,651,27.41,25.615000000000002,127.77287479537694
2023-11-01,S004-P0010,Groceries,93,564,25.5,25.615000000000002,106.19367269085245
2023-11-02,S004-P0010,Groceries,163,508,26.83,25.615000000000002,145.29924696235634
2023-11-03,S004-P0010,Groceries,154,329,30.75,25.615000000000002,106.16630937282906
2023-11-04,S004-P0010,Groceries,116,148,23.37,25.615000000000002,145.48278239277116
2023-11-05,S004-P0010,Groceries,110,73,24.29,25.615000000000002,116.90995204470073
2023-11-06,S004-P0010,Groceries,52,632,20.88,25.615000000000002,106.57727338893099
2023-11-07,S004-P0010,Groceries,118,593,22.16,25.615000000000002,156.6539302474881
2023-11-08,S004-P0010,Groceries,125,498,21.19,25.615000000000002,145.584629347871
2023-11-09,S004-P0010,Groceries,140,363,23.62,25.615000000000002,145.41691607846937
2023-11-10,S004-P0010,Groceries,43,225,20.14,25.615000000000002,127.55306827790396
2023-11-11,S004-P0010,Groceries,148,176,31.88,25.615000000000002,127.65105741561602
2023-11-12,S004-P0010,Groceries,161,574,26.43,25.615000000000002,145.76613125606622
2023-11-13,S004-P0010,Groceries,80,440,22.0,25.615000000000002,106.63307551987492
2023-11-14,S004-P0010,Groceries,57,386,22.41,25.615000000000002,106.43911540117938
2023-11-15,S004-P0010,Groceries,193,325,30.66,25.615000000000002,156.43465509784656
2023-11-16,S004-P0010,Groceries,99,846,27.38,25.615000000000002,116.55899803485863
2023-11-17,S004-P0010,Groceries,82,734,25.87,25.615000000000002,127.54673931742192
2023-11-18,S004-P0010,Groceries,84,664,24.78,25.615000000000002,127.75254917859094
2023-11-19,S004-P0010,Groceries,189,589,25.29,25.615000000000002,145.86574927595055
2023-11-20,S004-P0010,Groceries,150,437,27.34,25.615000000000002,106.7108487560273
2023-11-21,S004-P0010,Groceries,52,285,19.79,25.615000000000002,106.62466961339393
2023-11-22,S004-P0010,Groceries,90,225,21.25,25.615000000000002,156.58341495396948
2023-11-23,S004-P0010,Groceries,157,932,23.27,25.615000000000002,145.5592691773588
2023-11-24,S004-P0010,Groceries,96,769,27.11,25.615000000000002,116.61960164987198
2023-11-25,S004-P0010,Groceries,50,681,19.64,25.615000000000002,106.51500597055568
2023-11-26,S004-P0010,Groceries,113,650,27.2,25.615000000000002,106.62549520369211
2023-11-27,S004-P0010,Groceries,116,516,27.48,25.615000000000002,117.04866758491947
2023-11-28,S004-P0010,Groceries,144,401,29.91,25.615000000000002,116.96051584174695
2023-11-29,S004-P0010,Groceries,133,261,27.41,25.615000000000002,127.81022539952848
2023-11-30,S004-P0010,Groceries,112,107,24.42,25.615000000000002,106.36594999599811
2023-12-01,S004-P0010,Groceries,46,2,20.45,25.615000000000002,108.90579745295054
2023-12-02,S004-P0010,Groceries,130,591,25.86,25.615000000000002,109.10766102658397
2023-12-03,S004-P0010,Groceries,130,438,27.23,25.615000000000002,109.27098335356993
2023-12-04,S004-P0010,Groceries,36,318,21.73,25.615000000000002,109.21916160942493
2023-12-05,S004-P0010,Groceries,55,282,22.3,25.615000000000002,130.54437597266067
2023-12-06,S004-P0010,Groceries,143,232,29.82,25.615000000000002,130.37486518466514
2023-12-07,S004-P0010,Groceries,180,663,31.33,25.615000000000002,130.25422569343326
2023-12-08,S004-P0010,Groceries,77,451,20.32,25.615000000000002,137.76654325296172
2023-12-09,S004-P0010,Groceries,250,387,33.16,25.615000000000002,159.21723969107578
2023-12-10,S004-P0010,Groceries,139,156,27.94,25.615000000000002,137.96314820546186
2023-12-11,S004-P0010,Groceries,59,746,17.88,25.615000000000002,138.18349639400017
2023-12-12,S004-P0010,Groceries,96,691,23.19,25.615000000000002,109.23786095568818
2023-12-13,S004-P0010,Groceries,118,582,27.71,25.615000000000002,119.40966160976218
2023-12-14,S004-P0010,Groceries,106,463,28.07,25.615000000000002,119.23215078763465
2023-12-15,S004-P0010,Groceries,129,369,28.64,25.615000000000002,108.85136323155663
2023-12-16,S004-P0010,Groceries,159,264,29.61,25.615000000000002,130.4097128172694
2023-12-17,S004-P0010,Groceries,162,79,28.15,25.615000000000002,148.40521474160158
2023-12-18,S004-P0010,Groceries,167,345,28.48,25.615000000000002,138.06083669471002
2023-12-19,S004-P0010,Groceries,82,159,24.54,25.615000000000002,130.47372619126477
2023-12-20,S004-P0010,Groceries,120,704,21.95,25.615000000000002,137.90274281690165
2023-12-21,S004-P0010,Groceries,209,573,31.94,25.615000000000002,130.28517206583135
2023-12-22,S004-P0010,Groceries,47,443,21.56,25.615000000000002,108.8851823828644
2023-12-23,S004-P0010,Groceries,103,389,27.76,25.615000000000002,108.97131211668554
2023-12-24,S004-P0010,Groceries,202,270,29.67,25.615000000000002,148.38020743776482
2023-12-25,S004-P0010,Groceries,148,1110,24.16,25.615000000000002,148.486871079928
2023-12-26,S004-P0010,Groceries,165,970,33.38,25.615000000000002,119.48240325341108
2023-12-27,S004-P0010,Groceries,133,793,21.69,25.615000000000002,94.40574662179557
2023-12-28,S004-P0010,Groceries,60,711,20.4,25.615000000000002,65.42567660188121
2023-12-29,S004-P0010,Groceries,34,646,20.44,25.615000000000002,65.32944249565918
2023-12-30,S004-P0010,Groceries,145,611,28.41,25.615000000000002,86.93869943711424
2023-12-31,S004-P0010,Groceries,31,448,19.13,25.615000000000002,65.73350812843353
2024-01-01,S004-P0010,Groceries,153,419,29.02,25.615000000000002,116.25590848318222
2024-01-02,S004-P0010,Groceries,89,293,26.52,25.615000000000002,87.359152908148
2024-01-03,S004-P0010,Groceries,77,866,24.14,25.615000000000002,65.82113319813487
2024-01-04,S004-P0010,Groceries,118,804,23.3,25.615000000000002,104.99901482641673
2024-01-05,S004-P0010,Groceries,123,678,22.46,25.615000000000002,115.9728931145171
2024-01-06,S004-P0010,Groceries,76,533,25.34,25.615000000000002,87.201739124595
2024-01-07,S004-P0010,Groceries,91,465,21.34,25.615000000000002,105.30110926754253
2024-01-08,S004-P0010,Groceries,127,387,27.04,25.615000000000002,87.4580616365673
2024-01-09,S004-P0010,Groceries,101,290,27.58,25.615000000000002,109.40878556118548
2024-01-10,S004-P0010,Groceries,215,222,32.2,25.615000000000002,148.48114494510935
2024-01-11,S004-P0010,Groceries,159,91,32.86,25.615000000000002,130.45972756082563
2024-01-12,S004-P0010,Groceries,106,540,26.62,25.615000000000002,109.10895676461493
2024-01-13,S004-P0010,Groceries,114,461,25.94,25.615000000000002,119.69737256863785
2024-01-14,S004-P0010,Groceries,51,1119,20.81,25.615000000000002,119.84911629150675
2024-01-15,S004-P0010,Groceries,155,1063,29.3,25.615000000000002,119.89545281136037
2024-01-16,S004-P0010,Groceries,64,879,18.21,25.615000000000002,138.30391272197846
2024-01-17,S004-P0010,Groceries,89,839,22.54,25.615000000000002,138.0133214990074
2024-01-18,S004-P0010,Groceries,161,760,29.74,25.615000000000002,109.13759461159938
2024-01-19,S004-P0010,Groceries,119,600,26.33,25.615000000000002,109.09091624021022
2024-01-20,S004-P0010,Groceries,119,468,26.26,25.615000000000002,130.64010275180254
2024-01-21,S004-P0010,Groceries,165,337,25.01,25.615000000000002,138.2831720547061
2024-01-22,S004-P0010,Groceries,86,218,26.23,25.615000000000002,119.76303299822264
2024-01-23,S004-P0010,Groceries,138,154,26.44,25.615000000000002,119.76956128197786
2024-01-24,S004-P0010,Groceries,129,440,22.58,25.615000000000002,138.04240427269298
2024-01-25,S004-P0010,Groceries,140,290,31.07,25.615000000000002,119.344026027631
2024-01-26,S004-P0010,Groceries,103,166,25.05,25.615000000000002,130.36793806285766
2024-01-27,S004-P0010,Groceries,131,598,25.76,25.615000000000002,148.3365521010261
2024-01-28,S004-P0010,Groceries,122,515,28.05,25.615000000000002,130.64909472207316
2024-01-29,S004-P0010,Groceries,115,383,24.64,25.615000000000002,130.7473537494189
2024-01-30,S004-P0010,Groceries,117,247,27.62,25.615000000000002,109.2274703157868
2023-10-03,S004-P0011,Clothing,112,330,59.72,58.195,95.55402054844967
2023-10-04,S004-P0011,Clothing,74,240,58.29,58.195,95.32421721609794
2023-10-05,S004-P0011,Clothing,127,194,65.89,58.195,116.5439071795429
2023-10-06,S004-P0011,Clothing,149,47,66.58,58.195,116.68784208529674
2023-10-07,S004-P0011,Clothing,127,447,55.5,58.195,80.8546872145262
2023-10-08,S004-P0011,Clothing,101,349,48.58,58.195,81.03111291100541
2023-10-09,S004-P0011,Clothing,146,240,62.72,58.195,73.62928613750847
2023-10-10,S004-P0011,Clothing,38,688,41.0,58.195,80.93571836424132
2023-10-11,S004-P0011,Clothing,102,653,54.83,58.195,52.07086295755659
2023-10-12,S004-P0011,Clothing,47,566,44.85,58.195,80.70763752320451
2023-10-13,S004-P0011,Clothing,95,511,59.57,58.195,62.305559095744506
2023-10-14,S004-P0011,Clothing,114,423,57.0,58.195,73.48166688326427
2023-10-15,S004-P0011,Clothing,71,349,52.06,58.195,73.60215338983629
2023-10-16,S004-P0011,Clothing,95,282,59.52,58.195,52.256749616417856
2023-10-17,S004-P0011,Clothing,90,202,43.9,58.195,91.54011249642062
2023-10-18,S004-P0011,Clothing,52,498,51.14,58.195,62.41982765396608
2023-10-19,S004-P0011,Clothing,95,453,56.48,58.195,80.74692769057589
2023-10-20,S004-P0011,Clothing,110,365,62.68,58.195,51.945424007913545
2023-10-21,S004-P0011,Clothing,111,261,50.19,58.195,81.01133822587147
2023-10-22,S004-P0011,Clothing,58,166,49.44,58.195,52.38677448849357
2023-10-23,S004-P0011,Clothing,147,569,55.95,58.195,81.25402513578774
2023-10-24,S004-P0011,Clothing,107,416,65.25,58.195,52.26646477218098
2023-10-25,S004-P0011,Clothing,58,341,49.73,58.195,116.98936973486781
2023-10-26,S004-P0011,Clothing,158,273,61.38,58.195,145.67837007326153
2023-10-27,S004-P0011,Clothing,103,664,61.12,58.195,116.85548271216948
2023-10-28,S004-P0011,Clothing,121,551,58.33,58.195,95.76080929026486
2023-10-29,S004-P0011,Clothing,80,477,56.59,58.195,95.82368437947824
2023-10-30,S004-P0011,Clothing,109,386,62.46,58.195,95.89084201629646
2023-10-31,S004-P0011,Clothing,74,291,55.39,58.195,117.22541764267602
2023-11-01,S004-P0011,Clothing,161,704,65.51,58.195,95.7558961997897
2023-11-02,S004-P0011,Clothing,66,559,53.94,58.195,105.89835514364044
2023-11-03,S004-P0011,Clothing,119,503,64.47,58.195,95.61885222012816
2023-11-04,S004-P0011,Clothing,120,422,48.38,58.195,135.0450059017084
2023-11-05,S004-P0011,Clothing,89,1010,61.44,58.195,106.25281423036165
2023-11-06,S004-P0011,Clothing,91,945,47.11,58.195,124.82841057142599
2023-11-07,S004-P0011,Clothing,143,864,69.16,58.195,117.25303842877224
2023-11-08,S004-P0011,Clothing,64,754,53.42,58.195,106.12889719833602
2023-11-09,S004-P0011,Clothing,108,714,62.28,58.195,106.01602425975346
2023-11-10,S004-P0011,Clothing,116,646,57.35,58.195,117.06045145602212
2023-11-11,S004-P0011,Clothing,199,518,67.69,58.195,146.0118752597492
2023-11-12,S004-P0011,Clothing,104,396,58.37,58.195,106.36523943735035
2023-11-13,S004-P0011,Clothing,77,331,56.1,58.195,96.03077803635492
2023-11-14,S004-P0011,Clothing,68,247,48.88,58.195,96.00133891011663
2023-11-15,S004-P0011,Clothing,124,1070,52.32,58.195,145.99687860678384
2023-11-16,S004-P0011,Clothing,125,996,62.19,58.195,106.12122154379588
2023-11-17,S004-P0011,Clothing,107,907,48.94,58.195,145.96239749237415
2023-11-18,S004-P0011,Clothing,77,781,53.04,58.195,145.94884603026682
2023-11-19,S004-P0011,Clothing,77,719,53.16,58.195,106.46485745723469
2023-11-20,S004-P0011,Clothing,121,627,64.79,58.195,96.05371094168822
2023-11-21,S004-P0011,Clothing,82,539,48.45,58.195,124.82096646506983
2023-11-22,S004-P0011,Clothing,43,453,46.77,58.195,117.1825231352536
2023-11-23,S004-P0011,Clothing,102,405,57.88,58.195,106.10353702782383
2023-11-24,S004-P0011,Clothing,121,341,55.01,58.195,134.92557916318606
2023-11-25,S004-P0011,Clothing,148,219,56.19,58.195,124.76614315305068
2023-11-26,S004-P0011,Clothing,112,75,49.8,58.195,124.98631304782523
2023-11-27,S004-P0011,Clothing,139,396,68.36,58.195,106.44637010139947
2023-11-28,S004-P0011,Clothing,118,245,57.74,58.195,106.46789901986511
2023-11-29,S004-P0011,Clothing,129,831,62.8,58.195,117.26276824682756
2023-11-30,S004-P0011,Clothing,62,702,53.05,58.195,95.76365251247813
2023-12-01,S004-P0011,Clothing,206,654,77.32,58.195,127.10209430462646
2023-12-02,S004-P0011,Clothing,60,466,52.66,58.195,98.45052321224489
2023-12-03,S004-P0011,Clothing,106,427,65.15,58.195,98.61384553923085
2023-12-04,S004-P0011,Clothing,102,346,48.8,58.195,127.57997945355811
2023-12-05,S004-P0011,Clothing,145,1238,69.5,58.195,119.99691881995975
2023-12-06,S004-P0011,Clothing,183,1090,69.41,58.195,148.571162036341
2023-12-07,S004-P0011,Clothing,190,930,66.8,58.195,148.50536287592826
2023-12-08,S004-P0011,Clothing,92,710,55.98,58.195,98.36565143424582
2023-12-09,S004-P0011,Clothing,124,628,55.05,58.195,148.72462286919395
2023-12-10,S004-P0011,Clothing,75,522,55.64,58.195,98.61709671756506
2023-12-11,S004-P0011,Clothing,113,450,56.58,58.195,127.52635857966112
2023-12-12,S004-P0011,Clothing,93,375,56.12,58.195,98.69040380298725
2023-12-13,S004-P0011,Clothing,122,273,65.05,58.195,108.80736412624218
2023-12-14,S004-P0011,Clothing,62,133,47.83,58.195,108.7943742965719
2023-12-15,S004-P0011,Clothing,108,524,58.92,58.195,98.41358674049388
2023-12-16,S004-P0011,Clothing,101,414,47.96,58.195,148.77053066140252
2023-12-17,S004-P0011,Clothing,175,327,75.46,58.195,109.05916325370478
2023-12-18,S004-P0011,Clothing,82,133,54.1,58.195,98.76962553763227
2023-12-19,S004-P0011,Clothing,133,34,60.36,58.195,148.72486337375972
2023-12-20,S004-P0011,Clothing,77,446,53.09,58.195,98.50185099818577
2023-12-21,S004-P0011,Clothing,91,364,55.84,58.195,119.68287458231134
2023-12-22,S004-P0011,Clothing,175,297,67.91,58.195,127.0814792345403
2023-12-23,S004-P0011,Clothing,108,709,62.19,58.195,98.47869529480371
2023-12-24,S004-P0011,Clothing,110,591,62.63,58.195,108.97931561904895
2023-12-25,S004-P0011,Clothing,115,469,67.01,58.195,109.031138930393
2023-12-26,S004-P0011,Clothing,153,371,53.42,58.195,137.89806142836332
2023-12-27,S004-P0011,Clothing,95,227,56.69,58.195,54.95001447226059
2023-12-28,S004-P0011,Clothing,59,143,55.24,58.195,54.768538787542134
2023-12-29,S004-P0011,Clothing,189,606,78.37,58.195,54.78198534295827
2023-12-30,S004-P0011,Clothing,102,429,61.04,58.195,76.28156162277516
2023-12-31,S004-P0011,Clothing,120,316,61.33,58.195,55.131210644913544
2024-01-01,S004-P0011,Clothing,110,196,47.0,58.195,105.87297232293857
2024-01-02,S004-P0011,Clothing,108,867,59.04,58.195,76.86653608626618
2024-01-03,S004-P0011,Clothing,151,775,55.88,58.195,84.23679137308713
2024-01-04,S004-P0011,Clothing,114,644,57.04,58.195,94.34187701207765
2024-01-05,S004-P0011,Clothing,206,563,68.78,58.195,105.42543596181619
2024-01-06,S004-P0011,Clothing,209,340,64.91,58.195,105.61739729954725
2024-01-07,S004-P0011,Clothing,122,127,61.68,58.195,65.90021744882662
2024-01-08,S004-P0011,Clothing,161,37,68.96,58.195,76.96544481468545
2024-01-09,S004-P0011,Clothing,99,908,63.57,58.195,98.86132840848458
2024-01-10,S004-P0011,Clothing,130,810,66.67,58.195,109.13509345721255
2024-01-11,S004-P0011,Clothing,262,671,78.11,58.195,148.82054540495875
2024-01-12,S004-P0011,Clothing,8,366,38.17,58.195,98.67118027355218
2024-01-13,S004-P0011,Clothing,215,357,70.91,58.195,137.94850975113283
2024-01-14,S004-P0011,Clothing,120,173,64.57,58.195,109.24681880798674
2024-01-15,S004-P0011,Clothing,158,1307,68.31,58.195,138.09174966303627
2024-01-16,S004-P0011,Clothing,80,1212,53.78,58.195,98.84818057244351
2024-01-17,S004-P0011,Clothing,104,1146,46.12,58.195,127.57554500794464
2024-01-18,S004-P0011,Clothing,181,1040,76.73,58.195,98.5352971280794
2024-01-19,S004-P0011,Clothing,101,850,63.91,58.195,98.48861875669022
2024-01-20,S004-P0011,Clothing,101,778,54.7,58.195,148.78155927265934
2024-01-21,S004-P0011,Clothing,116,683,63.84,58.195,98.82743990517116
2024-01-22,S004-P0011,Clothing,168,604,70.38,58.195,109.27041617634082
2024-01-23,S004-P0011,Clothing,131,426,66.86,58.195,109.11242346763878
2024-01-24,S004-P0011,Clothing,82,280,54.02,58.195,98.6415124539771
2024-01-25,S004-P0011,Clothing,153,221,74.85,58.195,108.79656887493009
2024-01-26,S004-P0011,Clothing,88,851,58.18,58.195,119.76564057933764
2024-01-27,S004-P0011,Clothing,55,767,46.54,58.195,109.04534094394833
2024-01-28,S004-P0011,Clothing,55,720,46.46,58.195,120.15647790019132
2024-01-29,S004-P0011,Clothing,97,680,63.24,58.195,120.09021593507983
2024-01-30,S004-P0011,Clothing,96,596,53.84,58.195,98.73485349390495
2023-10-03,S004-P0012,Electronics,137,125,118.11,106.785,110.28679652306292
2023-10-04,S004-P0012,Electronics,34,164,96.56,106.785,81.36807951715343
2023-10-05,S004-P0012,Electronics,103,140,118.25,106.785,102.5877694805984
2023-10-06,S004-P0012,Electronics,70,150,100.41,106.785,102.67686405553316
2023-10-07,S004-P0012,Electronics,46,90,86.56,106.785,38.099955180385784
2023-10-08,S004-P0012,Electronics,47,49,96.91,106.785,38.166700215226804
2023-10-09,S004-P0012,Electronics,47,68,96.82,106.785,59.618308107744895
2023-10-10,S004-P0012,Electronics,63,72,92.64,106.785,66.92474033447775
2023-10-11,S004-P0012,Electronics,49,89,92.33,106.785,38.11472525861209
2023-10-12,S004-P0012,Electronics,56,93,90.3,106.785,66.69665949344093
2023-10-13,S004-P0012,Electronics,36,88,69.25,106.785,77.25769639363408
2023-10-14,S004-P0012,Electronics,72,46,90.45,106.785,88.26928318869659
2023-10-15,S004-P0012,Electronics,61,81,96.89,106.785,59.64601569089179
2023-10-16,S004-P0012,Electronics,40,95,89.47,106.785,38.355452248292444
2023-10-17,S004-P0012,Electronics,33,69,86.47,106.785,48.7305401314611
2023-10-18,S004-P0012,Electronics,80,85,93.0,106.785,77.31712462103657
2023-10-19,S004-P0012,Electronics,88,108,118.58,106.785,37.99219565643548
2023-10-20,S004-P0012,Electronics,23,148,83.01,106.785,66.78788064416494
2023-10-21,S004-P0012,Electronics,52,131,79.06,106.785,67.05520052692697
2023-10-22,S004-P0012,Electronics,51,91,88.31,106.785,38.43063678954906
2023-10-23,S004-P0012,Electronics,70,111,105.52,106.785,38.38961244000917
2023-10-24,S004-P0012,Electronics,59,119,106.73,106.785,38.31032707323647
2023-10-25,S004-P0012,Electronics,108,73,108.02,106.785,131.7769860403001
2023-10-26,S004-P0012,Electronics,128,124,134.68,106.785,102.86879770830204
2023-10-27,S004-P0012,Electronics,119,147,124.58,106.785,102.89934501322497
2023-10-28,S004-P0012,Electronics,110,176,120.78,106.785,81.69499092968218
2023-10-29,S004-P0012,Electronics,49,60,92.2,106.785,81.97722734217189
2023-10-30,S004-P0012,Electronics,90,65,101.76,106.785,82.04438497899011
2023-10-31,S004-P0012,Electronics,65,74,109.1,106.785,103.21443961291243
2023-11-01,S004-P0012,Electronics,220,84,146.04,106.785,110.54351250522203
2023-11-02,S004-P0012,Electronics,115,189,129.31,106.785,91.94221744469594
2023-11-03,S004-P0012,Electronics,98,65,104.12,106.785,110.46130885637956
2023-11-04,S004-P0012,Electronics,153,109,137.63,106.785,92.18059320592985
2023-11-05,S004-P0012,Electronics,41,161,85.12,106.785,92.40635719305531
2023-11-06,S004-P0012,Electronics,92,116,108.15,106.785,82.07367853728556
2023-11-07,S004-P0012,Electronics,99,159,116.7,106.785,103.29690072982774
2023-11-08,S004-P0012,Electronics,92,59,102.48,106.785,92.2275998302106
2023-11-09,S004-P0012,Electronics,133,102,116.73,106.785,120.80364056518579
2023-11-10,S004-P0012,Electronics,145,158,127.14,106.785,131.79322743063534
2023-11-11,S004-P0012,Electronics,133,196,129.64,106.785,103.1474625639706
2023-11-12,S004-P0012,Electronics,115,104,110.42,106.785,92.46394206922493
2023-11-13,S004-P0012,Electronics,106,123,113.6,106.785,82.07464033741041
2023-11-14,S004-P0012,Electronics,169,162,128.41,106.785,110.78895521554895
2023-11-15,S004-P0012,Electronics,87,158,112.27,106.785,103.13246591100527
2023-11-16,S004-P0012,Electronics,113,102,128.54,106.785,92.05540318321322
2023-11-17,S004-P0012,Electronics,159,145,132.48,106.785,103.15282512741467
2023-11-18,S004-P0012,Electronics,202,214,123.47,106.785,132.15722932377957
2023-11-19,S004-P0012,Electronics,111,265,90.91,106.785,121.36215442430515
2023-11-20,S004-P0012,Electronics,74,174,101.29,106.785,82.2072539043819
2023-11-21,S004-P0012,Electronics,86,107,111.6,106.785,82.06623443092943
2023-11-22,S004-P0012,Electronics,162,147,133.75,106.785,103.2263854363091
2023-11-23,S004-P0012,Electronics,214,196,120.57,106.785,121.0556743257134
2023-11-24,S004-P0012,Electronics,174,206,137.74,106.785,120.91460113342245
2023-11-25,S004-P0012,Electronics,119,203,124.38,106.785,81.9017304572721
2023-11-26,S004-P0012,Electronics,108,109,102.05,106.785,110.92049468724258
2023-11-27,S004-P0012,Electronics,139,96,132.08,106.785,92.49023240245496
2023-11-28,S004-P0012,Electronics,108,113,113.7,106.785,92.51176132092061
2023-11-29,S004-P0012,Electronics,145,97,141.47,106.785,103.1969498862449
2023-11-30,S004-P0012,Electronics,110,121,114.58,106.785,81.8623551443527
2023-12-01,S004-P0012,Electronics,108,130,126.36,106.785,84.34736227048603
2023-12-02,S004-P0012,Electronics,99,171,104.32,106.785,113.34782017931539
2023-12-03,S004-P0012,Electronics,121,69,118.65,106.785,113.45630217548222
2023-12-04,S004-P0012,Electronics,109,128,114.3,106.785,84.82524741941768
2023-12-05,S004-P0012,Electronics,130,166,128.79,106.785,105.98594079019615
2023-12-06,S004-P0012,Electronics,137,151,138.13,106.785,105.81643000220063
2023-12-07,S004-P0012,Electronics,116,117,129.91,106.785,105.69579051096875
2023-12-08,S004-P0012,Electronics,97,153,115.8,106.785,84.40951373530132
2023-12-09,S004-P0012,Electronics,81,71,98.82,106.785,134.65880450861127
2023-12-10,S004-P0012,Electronics,88,92,94.62,106.785,113.56923401545464
2023-12-11,S004-P0012,Electronics,89,119,94.95,106.785,113.6250612115357
2023-12-12,S004-P0012,Electronics,138,106,131.62,106.785,84.67942577322367
2023-12-13,S004-P0012,Electronics,105,155,107.09,106.785,94.96090708893584
2023-12-14,S004-P0012,Electronics,97,50,104.26,106.785,94.8382365976274
2023-12-15,S004-P0012,Electronics,108,114,96.27,106.785,113.25604337674531
2023-12-16,S004-P0012,Electronics,64,143,92.79,106.785,105.96095829644304
2023-12-17,S004-P0012,Electronics,144,98,114.03,106.785,123.90161988995618
2023-12-18,S004-P0012,Electronics,96,152,109.8,106.785,84.75864750786869
2023-12-19,S004-P0012,Electronics,137,42,117.35,106.785,134.82356600563432
2023-12-20,S004-P0012,Electronics,80,158,115.33,106.785,84.43603263760309
2023-12-21,S004-P0012,Electronics,113,110,115.51,106.785,105.78157721418592
2023-12-22,S004-P0012,Electronics,173,126,114.74,106.785,113.28986252805305
2023-12-23,S004-P0012,Electronics,123,203,119.78,106.785,84.52255759585921
2023-12-24,S004-P0012,Electronics,51,127,98.38,106.785,95.07801825092353
2023-12-25,S004-P0012,Electronics,160,67,111.98,106.785,123.98327622828259
2023-12-26,S004-P0012,Electronics,141,174,132.8,106.785,95.03364873258475
2023-12-27,S004-P0012,Electronics,65,200,98.32,106.785,41.048717104135164
2023-12-28,S004-P0012,Electronics,44,126,90.92,106.785,40.867241419416715
2023-12-29,S004-P0012,Electronics,37,99,92.7,106.785,40.88068797483285
2023-12-30,S004-P0012,Electronics,56,65,105.34,106.785,62.32542392383066
2023-12-31,S004-P0012,Electronics,49,70,92.33,106.785,41.22991327678811
2024-01-01,S004-P0012,Electronics,74,86,107.12,106.785,63.00855962715999
2024-01-02,S004-P0012,Electronics,67,122,109.97,106.785,62.855558056502595
2024-01-03,S004-P0012,Electronics,80,69,103.79,106.785,41.42721900812762
2024-01-04,S004-P0012,Electronics,45,83,86.43,106.785,51.6968256395754
2024-01-05,S004-P0012,Electronics,65,92,98.16,106.785,62.67070392767578
2024-01-06,S004-P0012,Electronics,49,104,97.43,106.785,62.698144272949584
2024-01-07,S004-P0012,Electronics,75,67,101.68,106.785,80.68783375425895
2024-01-08,S004-P0012,Electronics,36,73,97.45,106.785,62.89962645410281
2024-01-09,S004-P0012,Electronics,147,91,115.01,106.785,113.75862537555508
2024-01-10,S004-P0012,Electronics,121,169,118.72,106.785,95.23379608908712
2024-01-11,S004-P0012,Electronics,190,27,121.34,106.785,134.86440770601425
2024-01-12,S004-P0012,Electronics,98,153,91.71,106.785,113.56847724062268
2024-01-13,S004-P0012,Electronics,189,49,135.28,106.785,123.99237205218833
2024-01-14,S004-P0012,Electronics,128,214,115.24,106.785,95.4003617706804
2024-01-15,S004-P0012,Electronics,90,70,113.39,106.785,95.39185795971495
2024-01-16,S004-P0012,Electronics,90,97,119.29,106.785,84.83720254267993
2024-01-17,S004-P0012,Electronics,109,127,107.92,106.785,113.50972664736199
2024-01-18,S004-P0012,Electronics,144,145,107.21,106.785,113.43259409514988
2024-01-19,S004-P0012,Electronics,66,133,93.75,106.785,84.64216171938389
2024-01-20,S004-P0012,Electronics,159,93,132.53,106.785,106.13650790015711
2024-01-21,S004-P0012,Electronics,79,173,108.98,106.785,84.87130220622666
2024-01-22,S004-P0012,Electronics,107,115,113.59,106.785,124.05803248177313
2024-01-23,S004-P0012,Electronics,99,135,105.2,106.785,123.95488010389016
2024-01-24,S004-P0012,Electronics,87,160,106.65,106.785,84.63053442421352
2024-01-25,S004-P0012,Electronics,120,93,99.94,106.785,123.74870617281965
2024-01-26,S004-P0012,Electronics,81,120,115.69,106.785,105.80950288039314
2024-01-27,S004-P0012,Electronics,51,123,88.58,106.785,95.08920324500383
2024-01-28,S004-P0012,Electronics,146,67,127.82,106.785,106.20034020124682
2024-01-29,S004-P0012,Electronics,166,159,142.51,106.785,106.13407823613532
2024-01-30,S004-P0012,Electronics,91,201,119.62,106.785,84.6690351333223
2023-10-03,S004-P0013,Groceries,200,185,24.76,20.34,134.79039137470832
2023-10-04,S004-P0013,Groceries,143,0,23.62,20.34,105.87167436879886
2023-10-05,S004-P0013,Groceries,127,409,21.33,20.34,127.20104499388198
2023-10-06,S004-P0013,Groceries,145,867,23.74,20.34,127.18045890717858
2023-10-07,S004-P0013,Groceries,78,765,17.3,20.34,62.6035500320312
2023-10-08,S004-P0013,Groceries,61,681,17.12,20.34,62.77997572851039
2023-10-09,S004-P0013,Groceries,110,633,20.23,20.34,84.17674329020939
2023-10-10,S004-P0013,Groceries,81,523,14.54,20.34,91.5928561785804
2023-10-11,S004-P0013,Groceries,78,469,18.21,20.34,62.61832011025751
2023-10-12,S004-P0013,Groceries,96,419,18.41,20.34,91.20025434508636
2023-10-13,S004-P0013,Groceries,54,338,16.65,20.34,72.90785657926449
2023-10-14,S004-P0013,Groceries,66,275,16.55,20.34,84.02912403596518
2023-10-15,S004-P0013,Groceries,117,206,21.84,20.34,84.1496105425372
2023-10-16,S004-P0013,Groceries,117,97,17.27,20.34,91.76732209677195
2023-10-17,S004-P0013,Groceries,51,219,13.05,20.34,102.08756964912153
2023-10-18,S004-P0013,Groceries,51,509,17.34,20.34,72.967284806667
2023-10-19,S004-P0013,Groceries,58,453,16.07,20.34,62.60547116971906
2023-10-20,S004-P0013,Groceries,82,383,18.47,20.34,91.29147549581037
2023-10-21,S004-P0013,Groceries,41,315,15.87,20.34,62.705360712557386
2023-10-22,S004-P0013,Groceries,84,280,14.68,20.34,91.78766630720949
2023-10-23,S004-P0013,Groceries,56,219,14.16,20.34,91.80148228848867
2023-10-24,S004-P0013,Groceries,35,163,16.3,20.34,62.86876225570098
2023-10-25,S004-P0013,Groceries,261,363,29.93,20.34,156.2805808919455
2023-10-26,S004-P0013,Groceries,117,75,21.87,20.34,127.42723289076655
2023-10-27,S004-P0013,Groceries,80,0,19.35,20.34,127.40293986487039
2023-10-28,S004-P0013,Groceries,57,711,17.8,20.34,106.25342611214668
2023-10-29,S004-P0013,Groceries,115,671,20.6,20.34,106.42598186299824
2023-10-30,S004-P0013,Groceries,83,576,19.54,20.34,106.49313949981646
2023-10-31,S004-P0013,Groceries,71,518,16.83,20.34,127.82771512619601
2023-11-01,S004-P0013,Groceries,209,446,22.19,20.34,135.15678801850558
2023-11-02,S004-P0013,Groceries,160,252,26.06,20.34,116.44581229634136
2023-11-03,S004-P0013,Groceries,109,147,22.42,20.34,106.11146904200999
2023-11-04,S004-P0013,Groceries,103,527,21.98,20.34,116.62934772675618
2023-11-05,S004-P0013,Groceries,161,414,22.35,20.34,145.59886571825842
2023-11-06,S004-P0013,Groceries,97,227,18.45,20.34,106.57727338893099
2023-11-07,S004-P0013,Groceries,102,125,19.75,20.34,127.85533591229223
2023-11-08,S004-P0013,Groceries,161,416,22.36,20.34,145.42010835541373
2023-11-09,S004-P0013,Groceries,136,286,24.39,20.34,116.50864108163529
2023-11-10,S004-P0013,Groceries,111,186,20.39,20.34,127.55306827790396
2023-11-11,S004-P0013,Groceries,126,526,22.45,20.34,127.70589774643511
2023-11-12,S004-P0013,Groceries,188,377,26.68,20.34,116.85785625923218
2023-11-13,S004-P0013,Groceries,121,160,19.93,20.34,106.63307551987492
2023-11-14,S004-P0013,Groceries,112,45,18.28,20.34,135.29255006719436
2023-11-15,S004-P0013,Groceries,134,643,24.23,20.34,127.63606076265069
2023-11-16,S004-P0013,Groceries,4,517,11.95,20.34,145.46727303169268
2023-11-17,S004-P0013,Groceries,91,513,20.11,20.34,127.60157964824101
2023-11-18,S004-P0013,Groceries,126,454,16.84,20.34,156.66082417542498
2023-11-19,S004-P0013,Groceries,93,335,20.23,20.34,116.95747427911652
2023-11-20,S004-P0013,Groceries,33,246,14.46,20.34,135.45460276040413
2023-11-21,S004-P0013,Groceries,104,610,17.82,20.34,135.36842361777073
2023-11-22,S004-P0013,Groceries,90,534,18.03,20.34,127.7848206187736
2023-11-23,S004-P0013,Groceries,122,468,21.02,20.34,145.39474818490154
2023-11-24,S004-P0013,Groceries,71,368,18.72,20.34,116.67444198069107
2023-11-25,S004-P0013,Groceries,82,292,14.61,20.34,135.36844063657065
2023-11-26,S004-P0013,Groceries,50,198,17.28,20.34,106.57065487287304
2023-11-27,S004-P0013,Groceries,133,161,21.79,20.34,117.04866758491947
2023-11-28,S004-P0013,Groceries,89,294,19.94,20.34,116.96051584174695
2023-11-29,S004-P0013,Groceries,155,239,24.46,20.34,127.7553850687094
2023-11-30,S004-P0013,Groceries,173,398,23.1,20.34,106.36594999599811
2023-12-01,S004-P0013,Groceries,112,209,17.19,20.34,137.75923211896554
2023-12-02,S004-P0013,Groceries,116,530,19.51,20.34,137.8514150309608
2023-12-03,S004-P0013,Groceries,110,414,21.4,20.34,109.16130269193175
2023-12-04,S004-P0013,Groceries,112,324,17.19,20.34,138.127436606259
2023-12-05,S004-P0013,Groceries,196,201,24.48,20.34,159.28812997703744
2023-12-06,S004-P0013,Groceries,120,429,18.76,20.34,159.173459519861
2023-12-07,S004-P0013,Groceries,165,307,23.86,20.34,130.25422569343326
2023-12-08,S004-P0013,Groceries,85,823,19.65,20.34,108.91310858694675
2023-12-09,S004-P0013,Groceries,127,722,22.53,20.34,130.4186453558799
2023-12-10,S004-P0013,Groceries,79,574,18.27,20.34,109.21939420108507
2023-12-11,S004-P0013,Groceries,128,489,21.37,20.34,109.33006172798517
2023-12-12,S004-P0013,Groceries,157,362,25.83,20.34,109.12818029405
2023-12-13,S004-P0013,Groceries,194,255,22.8,20.34,148.26309627577714
2023-12-14,S004-P0013,Groceries,186,68,26.55,20.34,119.28699111845374
2023-12-15,S004-P0013,Groceries,117,477,21.85,20.34,108.90620356237574
2023-12-16,S004-P0013,Groceries,4,338,14.94,20.34,130.3548724864503
2023-12-17,S004-P0013,Groceries,176,966,20.69,20.34,148.46005507242066
2023-12-18,S004-P0013,Groceries,131,756,22.81,20.34,109.20740202869501
2023-12-19,S004-P0013,Groceries,77,601,17.2,20.34,130.58340685290295
2023-12-20,S004-P0013,Groceries,148,548,18.93,20.34,137.90274281690165
2023-12-21,S004-P0013,Groceries,148,381,23.98,20.34,130.17549140419317
2023-12-22,S004-P0013,Groceries,118,255,19.61,20.34,137.6837767180603
2023-12-23,S004-P0013,Groceries,182,155,24.96,20.34,109.02615244750464
2023-12-24,S004-P0013,Groceries,130,510,20.47,20.34,119.63645343338803
2023-12-25,S004-P0013,Groceries,83,363,18.52,20.34,119.68827674473208
2023-12-26,S004-P0013,Groceries,96,963,18.39,20.34,119.59208391504924
2023-12-27,S004-P0013,Groceries,86,894,16.78,20.34,94.29606596015739
2023-12-28,S004-P0013,Groceries,48,823,16.33,20.34,65.37083627106213
2023-12-29,S004-P0013,Groceries,94,782,20.27,20.34,65.38428282647827
2023-12-30,S004-P0013,Groceries,62,707,16.28,20.34,86.93869943711424
2023-12-31,S004-P0013,Groceries,47,655,16.26,20.34,65.67866779761445
2024-01-01,S004-P0013,Groceries,116,621,19.62,20.34,87.56699480962448
2024-01-02,S004-P0013,Groceries,105,531,19.9,20.34,116.15774724334393
2024-01-03,S004-P0013,Groceries,87,424,17.86,20.34,65.93081385977304
2024-01-04,S004-P0013,Groceries,45,328,17.82,20.34,76.09073982958265
2024-01-05,S004-P0013,Groceries,114,301,18.41,20.34,115.91805278369802
2024-01-06,S004-P0013,Groceries,67,165,17.47,20.34,87.31141978623316
2024-01-07,S004-P0013,Groceries,89,90,17.94,20.34,105.19142860590436
2024-01-08,S004-P0013,Groceries,87,437,17.83,20.34,87.51290196738637
2024-01-09,S004-P0013,Groceries,111,373,19.32,20.34,138.20737989638138
2024-01-10,S004-P0013,Groceries,161,305,23.55,20.34,148.42630461429025
2024-01-11,S004-P0013,Groceries,144,174,22.51,20.34,130.5145678916447
2024-01-12,S004-P0013,Groceries,76,439,17.16,20.34,109.21863742625311
2024-01-13,S004-P0013,Groceries,85,374,19.7,20.34,119.64253223781876
2024-01-14,S004-P0013,Groceries,101,313,20.78,20.34,119.79427596068766
2024-01-15,S004-P0013,Groceries,59,218,17.88,20.34,119.89545281136037
2024-01-16,S004-P0013,Groceries,122,161,16.64,20.34,138.30391272197846
2024-01-17,S004-P0013,Groceries,173,285,19.23,20.34,138.12300216064554
2024-01-18,S004-P0013,Groceries,107,139,20.07,20.34,109.13759461159938
2024-01-19,S004-P0013,Groceries,55,412,17.6,20.34,109.09091624021022
2024-01-20,S004-P0013,Groceries,143,360,22.43,20.34,130.58526242098347
2024-01-21,S004-P0013,Groceries,51,262,16.45,20.34,109.42973738869117
2024-01-22,S004-P0013,Groceries,158,219,23.35,20.34,119.8727136598608
2024-01-23,S004-P0013,Groceries,153,545,22.99,20.34,148.45847495553556
2024-01-24,S004-P0013,Groceries,94,380,20.31,20.34,109.13412927585892
2024-01-25,S004-P0013,Groceries,212,319,21.21,20.34,148.30714135528413
2024-01-26,S004-P0013,Groceries,146,505,25.07,20.34,130.31309773203856
2024-01-27,S004-P0013,Groceries,151,390,18.11,20.34,148.44623276266424
2024-01-28,S004-P0013,Groceries,146,255,23.84,20.34,130.59425439125408
2024-01-29,S004-P0013,Groceries,120,464,19.83,20.34,130.7473537494189
2024-01-30,S004-P0013,Groceries,34,389,16.21,20.34,109.1726299849677
2023-10-03,S004-P0014,Furniture,108,112,178.33,155.89,57.431958453436714
2023-10-04,S004-P0014,Furniture,65,136,153.7,155.89,57.31183578272314
2023-10-05,S004-P0014,Furniture,145,304,209.9,155.89,78.47668541534901
2023-10-06,S004-P0014,Furniture,130,183,181.11,155.89,78.62062032110285
2023-10-07,S004-P0014,Furniture,29,353,133.29,155.89,13.934030784317322
2023-10-08,S004-P0014,Furniture,19,328,120.92,155.89,42.85421048517335
2023-10-09,S004-P0014,Furniture,87,317,138.31,155.89,64.41549903932959
2023-10-10,S004-P0014,Furniture,25,257,131.11,155.89,14.069902264851521
2023-10-11,S004-P0014,Furniture,53,229,122.44,155.89,42.85707585937771
2023-10-12,S004-P0014,Furniture,62,173,126.4,155.89,42.75009642064881
2023-10-13,S004-P0014,Furniture,32,101,142.01,155.89,24.238337331550618
2023-10-14,S004-P0014,Furniture,42,223,140.2,155.89,64.10335879262813
2023-10-15,S004-P0014,Furniture,57,197,133.77,155.89,64.33352596083832
2023-10-16,S004-P0014,Furniture,55,154,155.97,155.89,14.189527852223968
2023-10-17,S004-P0014,Furniture,29,105,132.77,155.89,53.308369739769475
2023-10-18,S004-P0014,Furniture,26,199,131.12,155.89,53.15120022496811
2023-10-19,S004-P0014,Furniture,45,171,126.49,155.89,42.78938658802017
2023-10-20,S004-P0014,Furniture,30,136,148.38,155.89,13.878202243719656
2023-10-21,S004-P0014,Furniture,40,117,139.37,155.89,14.145522126481659
2023-10-22,S004-P0014,Furniture,41,84,116.49,155.89,43.172987390314695
2023-10-23,S004-P0014,Furniture,43,134,148.97,155.89,14.27852837475978
2023-10-24,S004-P0014,Furniture,23,91,144.03,155.89,14.199243007987093
2023-10-25,S004-P0014,Furniture,121,180,195.69,155.89,78.86730763985483
2023-10-26,S004-P0014,Furniture,113,69,190.54,155.89,78.75771364305265
2023-10-27,S004-P0014,Furniture,85,268,165.5,155.89,78.84310127879468
2023-10-28,S004-P0014,Furniture,63,196,152.73,155.89,57.63874719525189
2023-10-29,S004-P0014,Furniture,65,155,153.48,155.89,57.86614327692251
2023-10-30,S004-P0014,Furniture,63,79,152.17,155.89,57.93330091374073
2023-10-31,S004-P0014,Furniture,90,165,168.27,155.89,79.15819587848213
2023-11-01,S004-P0014,Furniture,55,94,156.01,155.89,57.578993773957656
2023-11-02,S004-P0014,Furniture,85,215,148.0,155.89,96.68456804546155
2023-11-03,S004-P0014,Furniture,123,145,157.71,155.89,86.40506512194926
2023-11-04,S004-P0014,Furniture,144,257,176.24,155.89,96.92294380669544
2023-11-05,S004-P0014,Furniture,50,114,145.02,155.89,96.98418680136363
2023-11-06,S004-P0014,Furniture,70,304,148.31,155.89,57.96259447203618
2023-11-07,S004-P0014,Furniture,83,230,172.97,155.89,79.13097633375926
2023-11-08,S004-P0014,Furniture,94,165,152.38,155.89,96.86026976933805
2023-11-09,S004-P0014,Furniture,91,85,168.41,155.89,68.00364282637865
2023-11-10,S004-P0014,Furniture,133,244,162.16,155.89,107.79182402702415
2023-11-11,S004-P0014,Furniture,144,95,165.17,155.89,107.99949382637439
2023-11-12,S004-P0014,Furniture,58,278,118.18,155.89,97.2062926699905
2023-11-13,S004-P0014,Furniture,49,229,144.8,155.89,57.963556272161036
2023-11-14,S004-P0014,Furniture,95,195,142.0,155.89,86.7875518119377
2023-11-15,S004-P0014,Furniture,134,101,162.96,155.89,107.92965684258996
2023-11-16,S004-P0014,Furniture,51,205,138.24,155.89,68.053999779602
2023-11-17,S004-P0014,Furniture,105,373,185.83,155.89,78.98690073134621
2023-11-18,S004-P0014,Furniture,102,281,174.35,155.89,79.19271059251521
2023-11-19,S004-P0014,Furniture,62,219,168.45,155.89,68.28795503140263
2023-11-20,S004-P0014,Furniture,51,173,145.45,155.89,58.09616983913251
2023-11-21,S004-P0014,Furniture,108,125,178.15,155.89,58.00999069649912
2023-11-22,S004-P0014,Furniture,68,24,164.0,155.89,79.06046104024063
2023-11-23,S004-P0014,Furniture,55,229,148.39,155.89,68.03631526362994
2023-11-24,S004-P0014,Furniture,68,169,155.86,155.89,68.05976306379627
2023-11-25,S004-P0014,Furniture,57,126,148.7,155.89,57.90032705366088
2023-11-26,S004-P0014,Furniture,54,211,163.78,155.89,57.955975955978225
2023-11-27,S004-P0014,Furniture,68,147,155.05,155.89,68.48882899884374
2023-11-28,S004-P0014,Furniture,104,92,167.11,155.89,68.40067725567123
2023-11-29,S004-P0014,Furniture,25,137,138.28,155.89,79.08586582099551
2023-11-30,S004-P0014,Furniture,97,321,171.52,155.89,57.75127107910331
2023-12-01,S004-P0014,Furniture,62,210,144.15,155.89,60.345958866874824
2023-12-02,S004-P0014,Furniture,49,154,152.39,155.89,60.438141778870104
2023-12-03,S004-P0014,Furniture,69,106,147.83,155.89,89.34521811023282
2023-12-04,S004-P0014,Furniture,102,157,183.97,155.89,60.659323023349216
2023-12-05,S004-P0014,Furniture,59,58,142.82,155.89,81.98453738658493
2023-12-06,S004-P0014,Furniture,24,247,137.42,155.89,81.76018626777034
2023-12-07,S004-P0014,Furniture,54,232,155.36,155.89,81.63954677653845
2023-12-08,S004-P0014,Furniture,66,192,146.26,155.89,60.35327000087102
2023-12-09,S004-P0014,Furniture,137,142,184.89,155.89,110.5477204433619
2023-12-10,S004-P0014,Furniture,66,53,121.79,155.89,89.51299028102432
2023-12-11,S004-P0014,Furniture,82,312,145.04,155.89,89.5139771462863
2023-12-12,S004-P0014,Furniture,65,244,137.77,155.89,89.36693604317017
2023-12-13,S004-P0014,Furniture,87,199,157.79,155.89,70.84982302368645
2023-12-14,S004-P0014,Furniture,92,145,150.28,155.89,99.52574686757394
2023-12-15,S004-P0014,Furniture,41,276,139.69,155.89,60.34636497630001
2023-12-16,S004-P0014,Furniture,177,243,171.94,155.89,110.70330889720864
2023-12-17,S004-P0014,Furniture,43,55,148.57,155.89,70.99194148951089
2023-12-18,S004-P0014,Furniture,49,343,144.44,155.89,60.70240377343838
2023-12-19,S004-P0014,Furniture,53,296,162.78,155.89,81.85904727436997
2023-12-20,S004-P0014,Furniture,71,245,165.8,155.89,60.32494857235372
2023-12-21,S004-P0014,Furniture,107,166,177.1,155.89,110.35940682249426
2023-12-22,S004-P0014,Furniture,44,101,134.67,155.89,60.32534379678867
2023-12-23,S004-P0014,Furniture,89,260,140.98,155.89,89.26490819662482
2023-12-24,S004-P0014,Furniture,149,178,191.23,155.89,99.71068819005093
2023-12-25,S004-P0014,Furniture,72,15,149.78,155.89,71.07359782783728
2023-12-26,S004-P0014,Furniture,41,346,140.01,155.89,70.97740499815444
2023-12-27,S004-P0014,Furniture,17,300,133.19,155.89,16.82795237724761
2023-12-28,S004-P0014,Furniture,37,288,145.26,155.89,16.756157354167332
2023-12-29,S004-P0014,Furniture,29,260,147.73,155.89,16.71476357876438
2023-12-30,S004-P0014,Furniture,36,240,144.5,155.89,38.269180189400366
2023-12-31,S004-P0014,Furniture,27,217,125.11,155.89,17.118829211538728
2024-01-01,S004-P0014,Furniture,64,198,128.98,155.89,67.75091022792559
2024-01-02,S004-P0014,Furniture,15,136,118.99,155.89,38.854154652891374
2024-01-03,S004-P0014,Furniture,57,120,141.26,155.89,17.316134942878232
2024-01-04,S004-P0014,Furniture,42,53,148.36,155.89,27.530901243506943
2024-01-05,S004-P0014,Furniture,43,145,141.08,155.89,67.24853353598414
2024-01-06,S004-P0014,Furniture,51,100,153.46,155.89,38.64190053851929
2024-01-07,S004-P0014,Furniture,30,67,133.41,155.89,27.887836015451807
2024-01-08,S004-P0014,Furniture,32,149,134.85,155.89,38.8433827196725
2024-01-09,S004-P0014,Furniture,74,112,158.44,155.89,89.59270097948658
2024-01-10,S004-P0014,Furniture,69,57,164.17,155.89,71.06787169301866
2024-01-11,S004-P0014,Furniture,101,179,165.39,155.89,81.95472930556897
2024-01-12,S004-P0014,Furniture,86,68,174.64,155.89,60.54911817853923
2024-01-13,S004-P0014,Furniture,117,169,193.46,155.89,71.08269365174304
2024-01-14,S004-P0014,Furniture,104,237,195.33,155.89,71.17959704379285
2024-01-15,S004-P0014,Furniture,54,158,147.44,155.89,71.33561422528464
2024-01-16,S004-P0014,Furniture,108,326,159.54,155.89,89.57955314344551
2024-01-17,S004-P0014,Furniture,70,229,156.05,155.89,60.65488857773576
2024-01-18,S004-P0014,Furniture,82,157,144.86,155.89,89.32151002990048
2024-01-19,S004-P0014,Furniture,78,63,153.09,155.89,89.21999132769221
2024-01-20,S004-P0014,Furniture,110,199,170.12,155.89,110.71433750846546
2024-01-21,S004-P0014,Furniture,110,68,160.58,155.89,89.55881247617316
2024-01-22,S004-P0014,Furniture,103,218,147.67,155.89,100.05662907816192
2024-01-23,S004-P0014,Furniture,90,137,168.0,155.89,71.10004203426398
2024-01-24,S004-P0014,Furniture,65,238,170.31,155.89,60.464610028145046
2024-01-25,S004-P0014,Furniture,57,167,157.17,155.89,70.7293471107362
2024-01-26,S004-P0014,Furniture,85,111,173.79,155.89,81.75325914596284
2024-01-27,S004-P0014,Furniture,112,148,142.69,155.89,99.83155384576945
2024-01-28,S004-P0014,Furniture,126,45,188.25,155.89,82.08925613599743
2024-01-29,S004-P0014,Furniture,83,252,164.0,155.89,82.1326748325241
2024-01-30,S004-P0014,Furniture,39,379,138.93,155.89,60.667631729711076
2023-10-03,S004-P0015,Furniture,74,253,91.92,89.98,57.431958453436714
2023-10-04,S004-P0015,Furniture,50,167,88.54,89.98,57.31183578272314
2023-10-05,S004-P0015,Furniture,59,119,87.12,89.98,78.5315257461681
2023-10-06,S004-P0015,Furniture,137,274,106.88,89.98,107.30953399466057
2023-10-07,S004-P0015,Furniture,38,190,71.75,89.98,42.73262511951322
2023-10-08,S004-P0015,Furniture,12,147,67.83,89.98,42.85421048517335
2023-10-09,S004-P0015,Furniture,46,474,73.48,89.98,64.3606587085105
2023-10-10,S004-P0015,Furniture,53,432,89.43,89.98,14.069902264851521
2023-10-11,S004-P0015,Furniture,19,394,77.75,89.98,13.893960531724538
2023-10-12,S004-P0015,Furniture,31,379,73.71,89.98,13.896661754633811
2023-10-13,S004-P0015,Furniture,29,350,81.05,89.98,24.183497000731528
2023-10-14,S004-P0015,Furniture,74,319,96.8,89.98,35.3596047882513
2023-10-15,S004-P0015,Furniture,68,265,71.09,89.98,64.4432066224765
2023-10-16,S004-P0015,Furniture,72,219,101.2,89.98,14.189527852223968
2023-10-17,S004-P0015,Furniture,39,160,84.7,89.98,24.564615735392643
2023-10-18,S004-P0015,Furniture,75,320,97.09,89.98,24.407446220591282
2023-10-19,S004-P0015,Furniture,44,271,86.58,89.98,13.935951922005188
2023-10-20,S004-P0015,Furniture,40,225,80.56,89.98,13.987882905357822
2023-10-21,S004-P0015,Furniture,16,198,76.62,89.98,14.090681795662583
2023-10-22,S004-P0015,Furniture,46,187,73.49,89.98,43.118147059495605
2023-10-23,S004-P0015,Furniture,23,149,75.19,89.98,14.33336870557887
2023-10-24,S004-P0015,Furniture,42,135,76.61,89.98,43.05267767400209
2023-10-25,S004-P0015,Furniture,42,216,85.76,89.98,78.86730763985483
2023-10-26,S004-P0015,Furniture,79,174,83.06,89.98,107.66598863988673
2023-10-27,S004-P0015,Furniture,87,104,101.24,89.98,78.84310127879468
2023-10-28,S004-P0015,Furniture,6,199,58.46,89.98,86.49218186126689
2023-10-29,S004-P0015,Furniture,83,406,90.07,89.98,57.86614327692251
2023-10-30,S004-P0015,Furniture,55,322,90.22,89.98,57.823620252102565
2023-10-31,S004-P0015,Furniture,86,269,106.25,89.98,79.10335554766304
2023-11-01,S004-P0015,Furniture,80,215,93.69,89.98,86.37758810915355
2023-11-02,S004-P0015,Furniture,106,147,102.41,89.98,96.62972771464244
2023-11-03,S004-P0015,Furniture,69,301,95.21,89.98,57.551630455934266
2023-11-04,S004-P0015,Furniture,19,251,73.8,89.98,68.06950914068047
2023-11-05,S004-P0015,Furniture,94,524,93.55,89.98,68.29527312780593
2023-11-06,S004-P0015,Furniture,81,459,104.35,89.98,57.852913810398015
2023-11-07,S004-P0015,Furniture,49,404,92.95,89.98,79.13097633375926
2023-11-08,S004-P0015,Furniture,93,372,92.99,89.98,68.1165157649612
2023-11-09,S004-P0015,Furniture,67,299,89.84,89.98,67.94880249555958
2023-11-10,S004-P0015,Furniture,66,245,94.09,89.98,78.88354903019007
2023-11-11,S004-P0015,Furniture,107,517,96.83,89.98,107.88981316473624
2023-11-12,S004-P0015,Furniture,93,389,103.45,89.98,68.24317734233738
2023-11-13,S004-P0015,Furniture,76,333,92.78,89.98,57.963556272161036
2023-11-14,S004-P0015,Furniture,93,256,93.15,89.98,57.93411714592275
2023-11-15,S004-P0015,Furniture,94,176,109.44,89.98,79.02138184575588
2023-11-16,S004-P0015,Furniture,75,63,102.15,89.98,67.94431911796383
2023-11-17,S004-P0015,Furniture,29,294,85.47,89.98,78.93206040052712
2023-11-18,S004-P0015,Furniture,105,273,96.81,89.98,79.19271059251521
2023-11-19,S004-P0015,Furniture,97,182,99.48,89.98,68.3976356930408
2023-11-20,S004-P0015,Furniture,95,108,87.74,89.98,86.89476417432843
2023-11-21,S004-P0015,Furniture,81,275,89.24,89.98,86.69890437005685
2023-11-22,S004-P0015,Furniture,149,203,92.14,89.98,108.02357636789378
2023-11-23,S004-P0015,Furniture,69,80,76.18,89.98,96.88974992964494
2023-11-24,S004-P0015,Furniture,29,319,85.56,89.98,68.00492273297718
2023-11-25,S004-P0015,Furniture,60,661,82.85,89.98,57.90032705366088
2023-11-26,S004-P0015,Furniture,60,589,72.67,89.98,86.91909128363136
2023-11-27,S004-P0015,Furniture,47,525,78.71,89.98,97.1777426724015
2023-11-28,S004-P0015,Furniture,113,475,99.4,89.98,97.08959092922895
2023-11-29,S004-P0015,Furniture,85,384,100.67,89.98,79.1407061518146
2023-11-30,S004-P0015,Furniture,60,297,87.29,89.98,57.75127107910331
2023-12-01,S004-P0015,Furniture,61,244,87.48,89.98,60.345958866874824
2023-12-02,S004-P0015,Furniture,110,172,92.17,89.98,89.29157644488507
2023-12-03,S004-P0015,Furniture,112,57,82.52,89.98,89.50973910269008
2023-12-04,S004-P0015,Furniture,89,150,91.95,89.98,60.71416335416829
2023-12-05,S004-P0015,Furniture,98,345,105.06,89.98,81.87485672494677
2023-12-06,S004-P0015,Furniture,95,267,78.15,89.98,110.66846126460439
2023-12-07,S004-P0015,Furniture,34,181,74.71,89.98,81.69438710735753
2023-12-08,S004-P0015,Furniture,51,438,93.61,89.98,60.243589339232855
2023-12-09,S004-P0015,Furniture,87,388,101.42,89.98,81.80396643898509
2023-12-10,S004-P0015,Furniture,53,309,84.97,89.98,60.60471528419026
2023-12-11,S004-P0015,Furniture,30,248,73.51,89.98,60.71538281109038
2023-12-12,S004-P0015,Furniture,35,213,87.7,89.98,60.51350137715521
2023-12-13,S004-P0015,Furniture,68,190,84.67,89.98,99.59357702806328
2023-12-14,S004-P0015,Furniture,96,133,83.55,89.98,99.52574686757394
2023-12-15,S004-P0015,Furniture,50,72,84.14,89.98,60.29152464548093
2023-12-16,S004-P0015,Furniture,119,274,95.65,89.98,110.59362823557049
2023-12-17,S004-P0015,Furniture,66,373,70.49,89.98,99.90021648634495
2023-12-18,S004-P0015,Furniture,85,323,100.6,89.98,60.6475634426193
2023-12-19,S004-P0015,Furniture,100,259,95.29,89.98,81.96872793600814
2023-12-20,S004-P0015,Furniture,89,187,102.24,89.98,60.37978890317281
2023-12-21,S004-P0015,Furniture,68,304,89.98,89.98,81.61565281811745
2023-12-22,S004-P0015,Furniture,37,263,75.55,89.98,60.32534379678867
2023-12-23,S004-P0015,Furniture,74,232,91.78,89.98,60.466313861428915
2023-12-24,S004-P0015,Furniture,77,167,97.79,89.98,70.91209385485506
2023-12-25,S004-P0015,Furniture,120,107,101.43,89.98,99.76251150139502
2023-12-26,S004-P0015,Furniture,79,262,93.74,89.98,70.92256466733537
2023-12-27,S004-P0015,Furniture,51,175,79.48,89.98,45.6813870432626
2023-12-28,S004-P0015,Furniture,47,522,78.21,89.98,45.55475168936323
2023-12-29,S004-P0015,Furniture,26,471,84.33,89.98,16.71476357876438
2023-12-30,S004-P0015,Furniture,27,444,80.59,89.98,38.214339858581276
2023-12-31,S004-P0015,Furniture,25,424,75.74,89.98,17.063988880719652
2024-01-01,S004-P0015,Furniture,53,409,84.82,89.98,67.64122956628742
2024-01-02,S004-P0015,Furniture,21,375,82.51,89.98,38.74447399125321
2024-01-03,S004-P0015,Furniture,26,356,60.25,89.98,46.16956960889324
2024-01-04,S004-P0015,Furniture,23,339,71.34,89.98,27.58574157432602
2024-01-05,S004-P0015,Furniture,23,321,75.27,89.98,38.50477953160732
2024-01-06,S004-P0015,Furniture,42,295,85.91,89.98,38.5870602077002
2024-01-07,S004-P0015,Furniture,35,255,66.77,89.98,56.68643035064773
2024-01-08,S004-P0015,Furniture,46,217,87.22,89.98,38.8433827196725
2024-01-09,S004-P0015,Furniture,78,168,83.47,89.98,89.64754131030568
2024-01-10,S004-P0015,Furniture,32,91,82.1,89.98,71.06787169301866
2024-01-11,S004-P0015,Furniture,67,231,94.54,89.98,81.84504864393081
2024-01-12,S004-P0015,Furniture,21,393,74.46,89.98,89.29287218291603
2024-01-13,S004-P0015,Furniture,131,368,92.12,89.98,99.9909686485771
2024-01-14,S004-P0015,Furniture,144,275,121.1,89.98,71.23443737461194
2024-01-15,S004-P0015,Furniture,127,106,109.65,89.98,71.28077389446557
2024-01-16,S004-P0015,Furniture,69,322,94.95,89.98,60.726118477430546
2024-01-17,S004-P0015,Furniture,65,269,89.14,89.98,60.600048246916685
2024-01-18,S004-P0015,Furniture,71,622,100.82,89.98,60.41323503306643
2024-01-19,S004-P0015,Furniture,29,546,81.11,89.98,60.47623732331543
2024-01-20,S004-P0015,Furniture,55,514,85.39,89.98,110.71433750846546
2024-01-21,S004-P0015,Furniture,67,453,89.39,89.98,60.81505847179636
2024-01-22,S004-P0015,Furniture,71,375,95.97,89.98,71.14835408132784
2024-01-23,S004-P0015,Furniture,61,291,83.07,89.98,71.15488236508305
2024-01-24,S004-P0015,Furniture,69,247,99.96,89.98,60.464610028145046
2024-01-25,S004-P0015,Furniture,73,168,86.99,89.98,70.83902777237437
2024-01-26,S004-P0015,Furniture,89,111,91.45,89.98,110.55185348115876
2024-01-27,S004-P0015,Furniture,131,282,87.52,89.98,99.83155384576945
2024-01-28,S004-P0015,Furniture,88,126,76.2,89.98,110.94269080201241
2024-01-29,S004-P0015,Furniture,66,346,84.8,89.98,82.1326748325241
2024-01-30,S004-P0015,Furniture,40,292,80.54,89.98,60.667631729711076
2023-10-03,S004-P0016,Furniture,77,247,112.78,109.68,57.48679878425579
2023-10-04,S004-P0016,Furniture,109,552,119.27,109.68,86.05558978709996
2023-10-05,S004-P0016,Furniture,106,480,117.47,109.68,107.33012008136402
2023-10-06,S004-P0016,Furniture,106,370,118.28,109.68,107.30953399466057
2023-10-07,S004-P0016,Furniture,29,295,93.6,109.68,42.67778478869415
2023-10-08,S004-P0016,Furniture,22,272,100.79,109.68,14.055616149977425
2023-10-09,S004-P0016,Furniture,45,251,99.94,109.68,64.25097804687233
2023-10-10,S004-P0016,Furniture,34,204,95.54,109.68,14.124742595670597
2023-10-11,S004-P0016,Furniture,39,169,92.67,109.68,14.003641193362704
2023-10-12,S004-P0016,Furniture,42,129,109.68,109.68,13.786981092995646
2023-10-13,S004-P0016,Furniture,81,101,108.52,109.68,52.982091335927436
2023-10-14,S004-P0016,Furniture,43,39,94.3,109.68,35.41444511907038
2023-10-15,S004-P0016,Furniture,23,136,91.33,109.68,35.589771956461476
2023-10-16,S004-P0016,Furniture,21,340,95.31,109.68,14.189527852223968
2023-10-17,S004-P0016,Furniture,41,318,98.85,109.68,24.564615735392643
2023-10-18,S004-P0016,Furniture,17,272,83.97,109.68,53.20604055578718
2023-10-19,S004-P0016,Furniture,36,256,96.36,109.68,13.990792252824264
2023-10-20,S004-P0016,Furniture,22,231,91.14,109.68,13.933042574538746
2023-10-21,S004-P0016,Furniture,35,213,91.11,109.68,14.145522126481659
2023-10-22,S004-P0016,Furniture,20,189,94.89,109.68,14.209872062661518
2023-10-23,S004-P0016,Furniture,54,168,97.77,109.68,43.13196304077477
2023-10-24,S004-P0016,Furniture,28,105,93.09,109.68,14.308923669625258
2023-10-25,S004-P0016,Furniture,101,78,122.25,109.68,78.976988301493
2023-10-26,S004-P0016,Furniture,53,145,103.52,109.68,78.81255397387174
2023-10-27,S004-P0016,Furniture,68,92,115.31,109.68,78.84310127879468
2023-10-28,S004-P0016,Furniture,119,338,123.14,109.68,86.3825011996287
2023-10-29,S004-P0016,Furniture,29,211,98.82,109.68,57.81130294610343
2023-10-30,S004-P0016,Furniture,67,179,115.07,109.68,57.823620252102565
2023-10-31,S004-P0016,Furniture,85,406,122.61,109.68,79.10335554766304
2023-11-01,S004-P0016,Furniture,111,350,120.04,109.68,86.37758810915355
2023-11-02,S004-P0016,Furniture,59,244,111.65,109.68,67.83113337944656
2023-11-03,S004-P0016,Furniture,81,204,108.24,109.68,86.35022479113019
2023-11-04,S004-P0016,Furniture,93,412,126.07,109.68,68.01466880986138
2023-11-05,S004-P0016,Furniture,97,331,100.6,109.68,97.14870779382089
2023-11-06,S004-P0016,Furniture,58,254,105.21,109.68,57.96259447203618
2023-11-07,S004-P0016,Furniture,90,185,112.27,109.68,79.24065699539743
2023-11-08,S004-P0016,Furniture,99,359,121.64,109.68,68.1165157649612
2023-11-09,S004-P0016,Furniture,117,296,115.6,109.68,96.7473968307555
2023-11-10,S004-P0016,Furniture,90,210,112.08,109.68,78.99322969182823
2023-11-11,S004-P0016,Furniture,90,108,118.09,109.68,79.14605916035939
2023-11-12,S004-P0016,Furniture,117,450,107.49,109.68,97.2062926699905
2023-11-13,S004-P0016,Furniture,85,311,109.7,109.68,86.76215060735694
2023-11-14,S004-P0016,Furniture,48,214,106.96,109.68,57.82443648428458
2023-11-15,S004-P0016,Furniture,50,157,113.23,109.68,79.02138184575588
2023-11-16,S004-P0016,Furniture,89,98,130.79,109.68,67.94431911796383
2023-11-17,S004-P0016,Furniture,111,13,112.33,109.68,107.8403353973612
2023-11-18,S004-P0016,Furniture,82,155,127.41,109.68,79.08302993087705
2023-11-19,S004-P0016,Furniture,99,378,121.57,109.68,97.0865493665985
2023-11-20,S004-P0016,Furniture,88,277,123.56,109.68,58.04132950831343
2023-11-21,S004-P0016,Furniture,65,189,102.65,109.68,86.69890437005685
2023-11-22,S004-P0016,Furniture,83,149,115.09,109.68,79.17014170187879
2023-11-23,S004-P0016,Furniture,76,288,99.81,109.68,96.88974992964494
2023-11-24,S004-P0016,Furniture,36,198,107.0,109.68,68.00492273297718
2023-11-25,S004-P0016,Furniture,91,170,131.8,109.68,57.790646392022715
2023-11-26,S004-P0016,Furniture,91,83,118.34,109.68,58.06565661761639
2023-11-27,S004-P0016,Furniture,97,13,134.41,109.68,68.37914833720558
2023-11-28,S004-P0016,Furniture,61,234,118.09,109.68,68.29099659403306
2023-11-29,S004-P0016,Furniture,81,176,127.24,109.68,79.08586582099551
2023-11-30,S004-P0016,Furniture,42,455,104.5,109.68,57.696430748284236
2023-12-01,S004-P0016,Furniture,65,421,85.61,109.68,89.19939353288981
2023-12-02,S004-P0016,Furniture,76,361,112.73,109.68,60.438141778870104
2023-12-03,S004-P0016,Furniture,43,286,93.79,109.68,89.40005844105193
2023-12-04,S004-P0016,Furniture,94,256,112.99,109.68,89.45791735854513
2023-12-05,S004-P0016,Furniture,106,161,124.63,109.68,110.67345106014267
2023-12-06,S004-P0016,Furniture,57,56,110.44,109.68,81.76018626777034
2023-12-07,S004-P0016,Furniture,102,247,102.44,109.68,110.54782177337253
2023-12-08,S004-P0016,Furniture,138,134,129.69,109.68,89.09702400524785
2023-12-09,S004-P0016,Furniture,84,0,115.63,109.68,81.85880676980416
2023-12-10,S004-P0016,Furniture,71,309,110.76,109.68,60.60471528419026
2023-12-11,S004-P0016,Furniture,70,728,110.42,109.68,60.6605424802713
2023-12-12,S004-P0016,Furniture,86,654,116.32,109.68,60.623182038793374
2023-12-13,S004-P0016,Furniture,85,576,110.25,109.68,70.84982302368645
2023-12-14,S004-P0016,Furniture,47,478,100.81,109.68,70.72715253237801
2023-12-15,S004-P0016,Furniture,62,446,106.77,109.68,60.34636497630001
2023-12-16,S004-P0016,Furniture,96,396,120.47,109.68,81.84987423119365
2023-12-17,S004-P0016,Furniture,73,336,117.31,109.68,70.9371011586918
2023-12-18,S004-P0016,Furniture,76,249,89.04,109.68,89.55583843945337
2023-12-19,S004-P0016,Furniture,58,195,99.99,109.68,81.96872793600814
2023-12-20,S004-P0016,Furniture,33,147,95.1,109.68,60.434629233991885
2023-12-21,S004-P0016,Furniture,127,315,140.09,109.68,81.56081248729836
2023-12-22,S004-P0016,Furniture,113,185,127.23,109.68,89.0142574703464
2023-12-23,S004-P0016,Furniture,88,85,98.94,109.68,89.26490819662482
2023-12-24,S004-P0016,Furniture,41,354,109.51,109.68,70.91209385485506
2023-12-25,S004-P0016,Furniture,74,322,118.03,109.68,71.0187574970182
2023-12-26,S004-P0016,Furniture,100,254,109.49,109.68,99.72115900253128
2023-12-27,S004-P0016,Furniture,27,137,97.99,109.68,16.8827927080667
2023-12-28,S004-P0016,Furniture,27,120,102.99,109.68,16.701317023348242
2023-12-29,S004-P0016,Furniture,40,389,109.08,109.68,16.71476357876438
2023-12-30,S004-P0016,Furniture,51,343,97.28,109.68,38.32402052021944
2023-12-31,S004-P0016,Furniture,44,304,99.7,109.68,17.118829211538728
2024-01-01,S004-P0016,Furniture,30,265,94.04,109.68,38.95231589272968
2024-01-02,S004-P0016,Furniture,51,242,102.72,109.68,38.7993143220723
2024-01-03,S004-P0016,Furniture,26,188,92.59,109.68,17.261294612059157
2024-01-04,S004-P0016,Furniture,35,168,91.22,109.68,27.58574157432602
2024-01-05,S004-P0016,Furniture,29,137,89.08,109.68,38.559619862426395
2024-01-06,S004-P0016,Furniture,35,118,101.46,109.68,38.5870602077002
2024-01-07,S004-P0016,Furniture,88,84,97.6,109.68,56.74127068146682
2024-01-08,S004-P0016,Furniture,73,13,92.6,109.68,67.75165771650657
2024-01-09,S004-P0016,Furniture,54,109,82.07,109.68,89.75722197194384
2024-01-10,S004-P0016,Furniture,111,360,106.62,109.68,99.92130635903364
2024-01-11,S004-P0016,Furniture,94,293,126.2,109.68,81.8998889747499
2024-01-12,S004-P0016,Furniture,40,216,109.11,109.68,60.49427784772014
2024-01-13,S004-P0016,Furniture,132,498,119.81,109.68,99.93612831775802
2024-01-14,S004-P0016,Furniture,48,350,95.55,109.68,100.03303170980784
2024-01-15,S004-P0016,Furniture,51,306,96.79,109.68,100.07936822966148
2024-01-16,S004-P0016,Furniture,82,248,109.14,109.68,89.5247128126264
2024-01-17,S004-P0016,Furniture,69,155,104.08,109.68,60.65488857773576
2024-01-18,S004-P0016,Furniture,110,103,106.47,109.68,89.32151002990048
2024-01-19,S004-P0016,Furniture,44,309,110.73,109.68,60.42139699249634
2024-01-20,S004-P0016,Furniture,142,266,146.5,109.68,81.97058350408865
2024-01-21,S004-P0016,Furniture,76,135,118.55,109.68,60.76021814097729
2024-01-22,S004-P0016,Furniture,81,83,114.6,109.68,71.258034742966
2024-01-23,S004-P0016,Furniture,84,435,109.98,109.68,99.84379603864078
2024-01-24,S004-P0016,Furniture,65,351,108.22,109.68,60.519450358964136
2024-01-25,S004-P0016,Furniture,85,301,122.47,109.68,70.7293471107362
2024-01-26,S004-P0016,Furniture,91,241,124.94,109.68,81.75325914596284
2024-01-27,S004-P0016,Furniture,77,169,118.96,109.68,70.92327884893537
2024-01-28,S004-P0016,Furniture,87,78,111.03,109.68,82.08925613599743
2024-01-29,S004-P0016,Furniture,71,230,110.55,109.68,82.07783450170503
2024-01-30,S004-P0016,Furniture,43,153,110.44,109.68,60.55795106807291
2023-10-03,S004-P0017,Clothing,83,103,84.16,94.60499999999999,95.55402054844967
2023-10-04,S004-P0017,Clothing,114,113,93.29,94.60499999999999,95.43389787773611
2023-10-05,S004-P0017,Clothing,98,134,93.11,94.60499999999999,116.65358784118106
2023-10-06,S004-P0017,Clothing,114,171,108.82,94.60499999999999,116.57816142365857
2023-10-07,S004-P0017,Clothing,55,194,80.1,94.60499999999999,52.00125254851121
2023-10-08,S004-P0017,Clothing,97,146,88.09,94.60499999999999,80.92143224936723
2023-10-09,S004-P0017,Clothing,96,190,102.72,94.60499999999999,73.5196054758703
2023-10-10,S004-P0017,Clothing,162,111,89.24,94.60499999999999,81.0453990258795
2023-10-11,S004-P0017,Clothing,53,177,83.83,94.60499999999999,52.01602262673752
2023-10-12,S004-P0017,Clothing,147,114,96.22,94.60499999999999,80.76247785402362
2023-10-13,S004-P0017,Clothing,134,138,109.96,94.60499999999999,62.250718764925416
2023-10-14,S004-P0017,Clothing,88,135,94.98,94.60499999999999,73.3719862216261
2023-10-15,S004-P0017,Clothing,105,151,90.47,94.60499999999999,73.65699372065536
2023-10-16,S004-P0017,Clothing,85,189,84.8,94.60499999999999,52.36643027805602
2023-10-17,S004-P0017,Clothing,157,138,105.26,94.60499999999999,91.43043183478244
2023-10-18,S004-P0017,Clothing,153,158,110.03,94.60499999999999,91.218421989162
2023-10-19,S004-P0017,Clothing,152,175,86.89,94.60499999999999,80.91144868303314
2023-10-20,S004-P0017,Clothing,71,183,84.81,94.60499999999999,80.74401834310945
2023-10-21,S004-P0017,Clothing,40,130,75.64,94.60499999999999,52.15790355985647
2023-10-22,S004-P0017,Clothing,41,100,71.76,94.60499999999999,52.38677448849357
2023-10-23,S004-P0017,Clothing,107,110,101.36,94.60499999999999,52.34575013895367
2023-10-24,S004-P0017,Clothing,137,134,87.75,94.60499999999999,81.22958009983415
2023-10-25,S004-P0017,Clothing,139,153,105.74,94.60499999999999,117.04421006568688
2023-10-26,S004-P0017,Clothing,161,199,101.03,94.60499999999999,145.67837007326153
2023-10-27,S004-P0017,Clothing,115,189,98.4,94.60499999999999,116.96516337380764
2023-10-28,S004-P0017,Clothing,93,201,87.03,94.60499999999999,124.44972296382261
2023-10-29,S004-P0017,Clothing,101,102,99.23,94.60499999999999,95.87852471029731
2023-10-30,S004-P0017,Clothing,50,119,78.74,94.60499999999999,95.94568234711554
2023-10-31,S004-P0017,Clothing,121,124,105.73,94.60499999999999,117.17057731185693
2023-11-01,S004-P0017,Clothing,88,156,100.08,94.60499999999999,95.64621553815155
2023-11-02,S004-P0017,Clothing,96,155,87.26,94.60499999999999,134.75178980965543
2023-11-03,S004-P0017,Clothing,93,155,91.63,94.60499999999999,95.67369255094724
2023-11-04,S004-P0017,Clothing,137,174,105.03,94.60499999999999,134.88048490925115
2023-11-05,S004-P0017,Clothing,114,205,98.31,94.60499999999999,106.30765456118074
2023-11-06,S004-P0017,Clothing,83,113,88.81,94.60499999999999,95.97497590541099
2023-11-07,S004-P0017,Clothing,143,125,90.42,94.60499999999999,146.1064730947872
2023-11-08,S004-P0017,Clothing,169,156,103.04,94.60499999999999,134.92749153353193
2023-11-09,S004-P0017,Clothing,222,161,131.45,94.60499999999999,134.7597782641303
2023-11-10,S004-P0017,Clothing,142,231,106.97,94.60499999999999,117.00561112520305
2023-11-11,S004-P0017,Clothing,142,64,101.36,94.60499999999999,117.21328092455327
2023-11-12,S004-P0017,Clothing,137,152,116.79,94.60499999999999,106.31039910653126
2023-11-13,S004-P0017,Clothing,97,159,93.16,94.60499999999999,96.03077803635492
2023-11-14,S004-P0017,Clothing,81,180,74.13,94.60499999999999,124.79993324531253
2023-11-15,S004-P0017,Clothing,117,118,82.46,94.60499999999999,146.0517189376029
2023-11-16,S004-P0017,Clothing,70,137,84.44,94.60499999999999,106.12122154379588
2023-11-17,S004-P0017,Clothing,77,116,96.3,94.60499999999999,116.99928216472101
2023-11-18,S004-P0017,Clothing,128,109,102.28,94.60499999999999,117.2599323567091
2023-11-19,S004-P0017,Clothing,97,151,98.01,94.60499999999999,106.35517679559652
2023-11-20,S004-P0017,Clothing,114,173,108.86,94.60499999999999,96.05371094168822
2023-11-21,S004-P0017,Clothing,96,146,97.73,94.60499999999999,96.02237212987393
2023-11-22,S004-P0017,Clothing,154,192,99.1,94.60499999999999,145.9811174704495
2023-11-23,S004-P0017,Clothing,101,199,94.02,94.60499999999999,134.84729103220064
2023-11-24,S004-P0017,Clothing,110,108,107.52,94.60499999999999,106.07214449717107
2023-11-25,S004-P0017,Clothing,53,137,88.09,94.60499999999999,95.8578681562166
2023-11-26,S004-P0017,Clothing,142,105,106.65,94.60499999999999,124.82179205536798
2023-11-27,S004-P0017,Clothing,115,153,98.72,94.60499999999999,106.50121043221856
2023-11-28,S004-P0017,Clothing,133,174,115.31,94.60499999999999,106.35821835822695
2023-11-29,S004-P0017,Clothing,61,195,90.76,94.60499999999999,117.1530875851894
2023-11-30,S004-P0017,Clothing,71,129,89.57,94.60499999999999,95.70881218165903
2023-12-01,S004-P0017,Clothing,112,108,97.39,94.60499999999999,98.41318063106871
2023-12-02,S004-P0017,Clothing,112,127,97.83,94.60499999999999,98.50536354306399
2023-12-03,S004-P0017,Clothing,104,161,100.36,94.60499999999999,98.61384553923085
2023-12-04,S004-P0017,Clothing,78,206,91.97,94.60499999999999,98.671704456724
2023-12-05,S004-P0017,Clothing,148,127,108.4,94.60499999999999,120.05175915077882
2023-12-06,S004-P0017,Clothing,117,171,99.05,94.60499999999999,148.571162036341
2023-12-07,S004-P0017,Clothing,76,170,91.12,94.60499999999999,119.65192820991325
2023-12-08,S004-P0017,Clothing,88,98,79.95,94.60499999999999,127.21908610026082
2023-12-09,S004-P0017,Clothing,145,135,113.58,94.60499999999999,119.81634787235988
2023-12-10,S004-P0017,Clothing,77,170,91.59,94.60499999999999,98.67193704838414
2023-12-11,S004-P0017,Clothing,36,120,74.05,94.60499999999999,127.47151824884202
2023-12-12,S004-P0017,Clothing,49,97,65.04,94.60499999999999,127.54383846900222
2023-12-13,S004-P0017,Clothing,111,113,102.47,94.60499999999999,108.86220445706127
2023-12-14,S004-P0017,Clothing,173,132,116.08,94.60499999999999,108.7943742965719
2023-12-15,S004-P0017,Clothing,209,148,100.74,94.60499999999999,127.26702140650889
2023-12-16,S004-P0017,Clothing,68,242,70.01,94.60499999999999,148.77053066140252
2023-12-17,S004-P0017,Clothing,100,163,99.07,94.60499999999999,109.05916325370478
2023-12-18,S004-P0017,Clothing,75,154,81.64,94.60499999999999,98.76962553763227
2023-12-19,S004-P0017,Clothing,134,139,109.97,94.60499999999999,119.98110936938295
2023-12-20,S004-P0017,Clothing,92,162,86.59,94.60499999999999,127.1907646717435
2023-12-21,S004-P0017,Clothing,67,153,88.22,94.60499999999999,119.68287458231134
2023-12-22,S004-P0017,Clothing,145,103,95.53,94.60499999999999,127.19115989617848
2023-12-23,S004-P0017,Clothing,136,172,104.98,94.60499999999999,98.53353562562279
2023-12-24,S004-P0017,Clothing,162,187,95.4,94.60499999999999,137.887590615883
2023-12-25,S004-P0017,Clothing,101,200,89.27,94.60499999999999,109.14081959203116
2023-12-26,S004-P0017,Clothing,167,114,120.6,94.60499999999999,108.98978643152925
2023-12-27,S004-P0017,Clothing,165,176,108.18,94.60499999999999,83.69376847663742
2023-12-28,S004-P0017,Clothing,128,198,113.66,94.60499999999999,54.768538787542134
2023-12-29,S004-P0017,Clothing,108,224,91.35,94.60499999999999,54.89166600459644
2023-12-30,S004-P0017,Clothing,191,134,128.41,94.60499999999999,76.28156162277516
2023-12-31,S004-P0017,Clothing,143,203,112.88,94.60499999999999,55.076370314094454
2024-01-01,S004-P0017,Clothing,119,202,94.51,94.60499999999999,77.01953765692356
2024-01-02,S004-P0017,Clothing,123,85,106.42,94.60499999999999,76.86653608626618
2024-01-03,S004-P0017,Clothing,117,103,94.1,94.60499999999999,55.383356707072124
2024-01-04,S004-P0017,Clothing,150,132,115.36,94.60499999999999,65.54328267688174
2024-01-05,S004-P0017,Clothing,193,136,109.8,94.60499999999999,105.3705956309971
2024-01-06,S004-P0017,Clothing,102,231,89.65,94.60499999999999,76.76396263353224
2024-01-07,S004-P0017,Clothing,106,127,100.98,94.60499999999999,65.84537711800753
2024-01-08,S004-P0017,Clothing,234,127,134.88,94.60499999999999,105.6543584882432
2024-01-09,S004-P0017,Clothing,111,237,107.84,94.60499999999999,98.86132840848458
2024-01-10,S004-P0017,Clothing,168,136,96.92,94.60499999999999,137.98852812322752
2024-01-11,S004-P0017,Clothing,95,173,97.19,94.60499999999999,119.9122704081247
2024-01-12,S004-P0017,Clothing,74,161,90.5,94.60499999999999,98.6163399427331
2024-01-13,S004-P0017,Clothing,126,109,80.51,94.60499999999999,138.05819041277098
2024-01-14,S004-P0017,Clothing,80,149,87.94,94.60499999999999,109.30165913880583
2024-01-15,S004-P0017,Clothing,108,130,91.29,94.60499999999999,109.40283598947853
2024-01-16,S004-P0017,Clothing,116,164,104.08,94.60499999999999,98.84818057244351
2024-01-17,S004-P0017,Clothing,140,188,100.68,94.60499999999999,98.72211034192964
2024-01-18,S004-P0017,Clothing,79,172,92.09,94.60499999999999,98.4804567972603
2024-01-19,S004-P0017,Clothing,127,90,107.82,94.60499999999999,98.48861875669022
2024-01-20,S004-P0017,Clothing,206,102,112.45,94.60499999999999,148.89123993429752
2024-01-21,S004-P0017,Clothing,173,208,103.3,94.60499999999999,127.68087457118614
2024-01-22,S004-P0017,Clothing,177,249,111.67,94.60499999999999,138.01417018071763
2024-01-23,S004-P0017,Clothing,28,218,79.41,94.60499999999999,109.11242346763878
2024-01-24,S004-P0017,Clothing,169,199,91.04,94.60499999999999,127.49494711999208
2024-01-25,S004-P0017,Clothing,134,253,115.81,94.60499999999999,108.79656887493009
2024-01-26,S004-P0017,Clothing,135,155,110.35,94.60499999999999,119.76564057933764
2024-01-27,S004-P0017,Clothing,68,174,69.85,94.60499999999999,137.89877560996334
2024-01-28,S004-P0017,Clothing,116,120,78.13,94.60499999999999,149.00991256620628
2024-01-29,S004-P0017,Clothing,132,101,103.66,94.60499999999999,120.19989659671799
2024-01-30,S004-P0017,Clothing,121,166,105.91,94.60499999999999,98.6251728322668
2023-10-03,S004-P0018,Furniture,65,157,148.02,148.99,57.48679878425579
2023-10-04,S004-P0018,Furniture,60,111,153.29,148.99,57.31183578272314
2023-10-05,S004-P0018,Furniture,98,132,140.04,148.99,107.38496041218309
2023-10-06,S004-P0018,Furniture,77,158,163.22,148.99,78.56577999028377
2023-10-07,S004-P0018,Furniture,37,78,117.64,148.99,42.78746545033231
2023-10-08,S004-P0018,Furniture,41,85,106.72,148.99,43.0187314776306
2023-10-09,S004-P0018,Furniture,41,101,149.77,148.99,35.45238371167642
2023-10-10,S004-P0018,Furniture,36,118,139.16,148.99,14.015061934032431
2023-10-11,S004-P0018,Furniture,15,94,133.6,148.99,13.893960531724538
2023-10-12,S004-P0018,Furniture,75,81,137.73,148.99,42.64041575901063
2023-10-13,S004-P0018,Furniture,16,104,114.38,148.99,53.03693166674651
2023-10-14,S004-P0018,Furniture,49,93,154.61,148.99,35.30476445743221
2023-10-15,S004-P0018,Furniture,39,90,119.9,148.99,64.33352596083832
2023-10-16,S004-P0018,Furniture,56,105,143.21,148.99,14.244368183043058
2023-10-17,S004-P0018,Furniture,66,106,141.18,148.99,24.61945606621172
2023-10-18,S004-P0018,Furniture,53,88,141.4,148.99,24.462286551410358
2023-10-19,S004-P0018,Furniture,47,80,116.37,148.99,42.78938658802017
2023-10-20,S004-P0018,Furniture,29,86,121.86,148.99,42.676796578915564
2023-10-21,S004-P0018,Furniture,34,101,131.34,148.99,14.090681795662583
2023-10-22,S004-P0018,Furniture,14,119,126.46,148.99,14.209872062661518
2023-10-23,S004-P0018,Furniture,31,110,136.53,148.99,14.27852837475978
2023-10-24,S004-P0018,Furniture,36,85,132.45,148.99,14.254083338806183
2023-10-25,S004-P0018,Furniture,88,110,160.58,148.99,78.976988301493
2023-10-26,S004-P0018,Furniture,95,115,156.14,148.99,78.86739430469082
2023-10-27,S004-P0018,Furniture,82,153,166.0,148.99,78.84310127879468
2023-10-28,S004-P0018,Furniture,98,63,165.76,148.99,86.3825011996287
2023-10-29,S004-P0018,Furniture,78,113,163.82,148.99,57.81130294610343
2023-10-30,S004-P0018,Furniture,54,121,149.84,148.99,57.823620252102565
2023-10-31,S004-P0018,Furniture,41,145,134.91,148.99,79.15819587848213
2023-11-01,S004-P0018,Furniture,80,97,156.33,148.99,57.68867443559582
2023-11-02,S004-P0018,Furniture,86,122,126.21,148.99,96.7942487070997
2023-11-03,S004-P0018,Furniture,105,153,134.43,148.99,86.45990545276834
2023-11-04,S004-P0018,Furniture,41,162,149.53,148.99,68.01466880986138
2023-11-05,S004-P0018,Furniture,116,120,146.53,148.99,97.14870779382089
2023-11-06,S004-P0018,Furniture,73,111,152.25,148.99,57.96259447203618
2023-11-07,S004-P0018,Furniture,80,142,148.57,148.99,79.24065699539743
2023-11-08,S004-P0018,Furniture,77,155,137.16,148.99,96.91511010015712
2023-11-09,S004-P0018,Furniture,71,83,126.0,148.99,96.85707749239366
2023-11-10,S004-P0018,Furniture,86,67,159.55,148.99,78.99322969182823
2023-11-11,S004-P0018,Furniture,70,101,150.5,148.99,79.14605916035939
2023-11-12,S004-P0018,Furniture,77,121,137.54,148.99,97.15145233917143
2023-11-13,S004-P0018,Furniture,60,148,137.78,148.99,58.01839660298011
2023-11-14,S004-P0018,Furniture,75,83,161.88,148.99,57.82443648428458
2023-11-15,S004-P0018,Furniture,130,66,174.27,148.99,107.81997618095178
2023-11-16,S004-P0018,Furniture,118,113,168.35,148.99,68.053999779602
2023-11-17,S004-P0018,Furniture,64,138,155.71,148.99,78.93206040052712
2023-11-18,S004-P0018,Furniture,106,78,189.36,148.99,79.08302993087705
2023-11-19,S004-P0018,Furniture,77,106,146.15,148.99,97.14138969741761
2023-11-20,S004-P0018,Furniture,112,84,183.14,148.99,58.04132950831343
2023-11-21,S004-P0018,Furniture,65,121,147.86,148.99,58.00999069649912
2023-11-22,S004-P0018,Furniture,103,120,159.56,148.99,107.91389570625563
2023-11-23,S004-P0018,Furniture,91,137,170.89,148.99,67.98147493281085
2023-11-24,S004-P0018,Furniture,48,128,138.89,148.99,68.05976306379627
2023-11-25,S004-P0018,Furniture,125,71,171.98,148.99,86.58924072721862
2023-11-26,S004-P0018,Furniture,38,136,133.12,148.99,58.06565661761639
2023-11-27,S004-P0018,Furniture,80,106,173.61,148.99,68.37914833720558
2023-11-28,S004-P0018,Furniture,85,118,167.68,148.99,68.34583692485215
2023-11-29,S004-P0018,Furniture,25,103,126.13,148.99,79.19554648263367
2023-11-30,S004-P0018,Furniture,90,88,161.47,148.99,57.75127107910331
2023-12-01,S004-P0018,Furniture,70,138,142.88,148.99,60.345958866874824
2023-12-02,S004-P0018,Furniture,65,81,132.68,148.99,89.23673611406599
2023-12-03,S004-P0018,Furniture,63,87,147.42,148.99,60.60146410585605
2023-12-04,S004-P0018,Furniture,88,83,169.6,148.99,60.60448269253013
2023-12-05,S004-P0018,Furniture,62,83,139.14,148.99,110.67345106014267
2023-12-06,S004-P0018,Furniture,100,77,158.91,148.99,81.81502659858941
2023-12-07,S004-P0018,Furniture,85,112,167.6,148.99,81.58470644571936
2023-12-08,S004-P0018,Furniture,91,108,171.43,148.99,60.298429670051945
2023-12-09,S004-P0018,Furniture,88,125,161.07,148.99,81.80396643898509
2023-12-10,S004-P0018,Furniture,91,148,128.53,148.99,89.51299028102432
2023-12-11,S004-P0018,Furniture,98,197,165.79,148.99,60.71538281109038
2023-12-12,S004-P0018,Furniture,26,134,133.73,148.99,60.5683417079743
2023-12-13,S004-P0018,Furniture,72,112,128.35,148.99,99.64841735888236
2023-12-14,S004-P0018,Furniture,82,131,157.85,148.99,70.67231220155894
2023-12-15,S004-P0018,Furniture,51,169,118.43,148.99,89.14495931149591
2023-12-16,S004-P0018,Furniture,104,111,169.52,148.99,81.79503390037458
2023-12-17,S004-P0018,Furniture,118,118,158.69,148.99,99.7905358247068
2023-12-18,S004-P0018,Furniture,86,145,168.05,148.99,60.59272311180021
2023-12-19,S004-P0018,Furniture,26,152,120.12,148.99,110.65764160956584
2023-12-20,S004-P0018,Furniture,69,131,158.38,148.99,60.37978890317281
2023-12-21,S004-P0018,Furniture,120,124,169.18,148.99,110.35940682249426
2023-12-22,S004-P0018,Furniture,70,154,150.4,148.99,60.32534379678867
2023-12-23,S004-P0018,Furniture,59,83,129.62,148.99,89.21006786580574
2023-12-24,S004-P0018,Furniture,92,69,180.72,148.99,70.91209385485506
2023-12-25,S004-P0018,Furniture,113,94,165.69,148.99,71.07359782783728
2023-12-26,S004-P0018,Furniture,104,102,169.39,148.99,70.97740499815444
2023-12-27,S004-P0018,Furniture,28,123,127.46,148.99,16.937633038885775
2023-12-28,S004-P0018,Furniture,27,104,127.34,148.99,45.49991135854415
2023-12-29,S004-P0018,Furniture,32,82,129.73,148.99,16.824444240402546
2023-12-30,S004-P0018,Furniture,25,96,133.05,148.99,38.269180189400366
2023-12-31,S004-P0018,Furniture,40,73,134.78,148.99,17.063988880719652
2024-01-01,S004-P0018,Furniture,71,78,119.5,148.99,67.80575055874468
2024-01-02,S004-P0018,Furniture,34,98,124.58,148.99,38.854154652891374
2024-01-03,S004-P0018,Furniture,36,110,146.38,148.99,17.206454281240067
2024-01-04,S004-P0018,Furniture,32,86,109.55,148.99,56.38433590952193
2024-01-05,S004-P0018,Furniture,36,103,118.46,148.99,67.30337386680321
2024-01-06,S004-P0018,Furniture,24,126,139.64,148.99,38.5870602077002
2024-01-07,S004-P0018,Furniture,31,107,136.67,148.99,27.83299568463273
2024-01-08,S004-P0018,Furniture,16,74,121.27,148.99,38.89822305049157
2024-01-09,S004-P0018,Furniture,48,114,154.21,148.99,60.79410664429069
2024-01-10,S004-P0018,Furniture,62,140,138.72,148.99,71.12271202383774
2024-01-11,S004-P0018,Furniture,75,68,137.77,148.99,110.6984833099458
2024-01-12,S004-P0018,Furniture,71,64,151.38,148.99,89.29287218291603
2024-01-13,S004-P0018,Furniture,84,63,158.06,148.99,71.13753398256212
2024-01-14,S004-P0018,Furniture,59,92,152.73,148.99,71.17959704379285
2024-01-15,S004-P0018,Furniture,54,93,142.4,148.99,71.28077389446557
2024-01-16,S004-P0018,Furniture,77,100,155.15,148.99,60.780958808249636
2024-01-17,S004-P0018,Furniture,82,110,157.75,148.99,60.600048246916685
2024-01-18,S004-P0018,Furniture,51,117,140.47,148.99,60.522915694704594
2024-01-19,S004-P0018,Furniture,48,142,109.52,148.99,89.38451232014947
2024-01-20,S004-P0018,Furniture,38,113,133.56,148.99,81.97058350408865
2024-01-21,S004-P0018,Furniture,61,84,153.74,148.99,60.7053778101582
2024-01-22,S004-P0018,Furniture,159,96,177.34,148.99,100.05662907816192
2024-01-23,S004-P0018,Furniture,39,187,140.94,148.99,71.10004203426398
2024-01-24,S004-P0018,Furniture,52,160,140.92,148.99,60.519450358964136
2024-01-25,S004-P0018,Furniture,96,106,164.78,148.99,70.83902777237437
2024-01-26,S004-P0018,Furniture,69,110,149.85,148.99,110.49701315033965
2024-01-27,S004-P0018,Furniture,84,108,140.63,148.99,99.77671351495037
2024-01-28,S004-P0018,Furniture,89,103,135.83,148.99,110.88785047119333
2024-01-29,S004-P0018,Furniture,97,120,165.4,148.99,82.1326748325241
2024-01-30,S004-P0018,Furniture,66,97,156.83,148.99,60.612791398892
2023-10-03,S004-P0019,Clothing,124,131,69.12,58.855000000000004,95.44433988681152
2023-10-04,S004-P0019,Clothing,98,133,60.59,58.855000000000004,95.32421721609794
2023-10-05,S004-P0019,Clothing,103,121,58.4,58.855000000000004,116.59874751036199
2023-10-06,S004-P0019,Clothing,104,171,58.55,58.855000000000004,116.68784208529674
2023-10-07,S004-P0019,Clothing,131,198,63.61,58.855000000000004,80.74500655288804
2023-10-08,S004-P0019,Clothing,176,227,68.46,58.855000000000004,80.92143224936723
2023-10-09,S004-P0019,Clothing,163,224,55.17,58.855000000000004,102.48272080352348
2023-10-10,S004-P0019,Clothing,68,239,57.45,58.855000000000004,52.08228369822632
2023-10-11,S004-P0019,Clothing,68,159,54.64,58.855000000000004,52.01602262673752
2023-10-12,S004-P0019,Clothing,88,118,49.27,58.855000000000004,80.76247785402362
2023-10-13,S004-P0019,Clothing,131,153,60.06,58.855000000000004,91.1041534309404
2023-10-14,S004-P0019,Clothing,96,164,54.11,58.855000000000004,73.48166688326427
2023-10-15,S004-P0019,Clothing,114,165,60.57,58.855000000000004,73.60215338983629
2023-10-16,S004-P0019,Clothing,74,201,50.09,58.855000000000004,52.36643027805602
2023-10-17,S004-P0019,Clothing,87,130,49.18,58.855000000000004,91.48527216560153
2023-10-18,S004-P0019,Clothing,92,136,56.34,58.855000000000004,62.47466798478517
2023-10-19,S004-P0019,Clothing,87,121,46.06,58.855000000000004,80.91144868303314
2023-10-20,S004-P0019,Clothing,26,122,46.23,58.855000000000004,51.945424007913545
2023-10-21,S004-P0019,Clothing,156,106,56.97,58.855000000000004,81.06617855669055
2023-10-22,S004-P0019,Clothing,148,184,67.03,58.855000000000004,52.331934157674496
2023-10-23,S004-P0019,Clothing,84,256,57.8,58.855000000000004,52.34575013895367
2023-10-24,S004-P0019,Clothing,89,170,61.8,58.855000000000004,52.26646477218098
2023-10-25,S004-P0019,Clothing,126,81,62.69,58.855000000000004,117.04421006568688
2023-10-26,S004-P0019,Clothing,143,130,65.97,58.855000000000004,145.62352974244243
2023-10-27,S004-P0019,Clothing,107,170,56.06,58.855000000000004,116.96516337380764
2023-10-28,S004-P0019,Clothing,141,178,65.48,58.855000000000004,124.44972296382261
2023-10-29,S004-P0019,Clothing,29,208,46.74,58.855000000000004,95.82368437947824
2023-10-30,S004-P0019,Clothing,77,190,56.38,58.855000000000004,95.89084201629646
2023-10-31,S004-P0019,Clothing,144,125,62.71,58.855000000000004,117.2802579734951
2023-11-01,S004-P0019,Clothing,120,117,61.45,58.855000000000004,124.44480987334742
2023-11-02,S004-P0019,Clothing,186,143,65.88,58.855000000000004,134.8066301404745
2023-11-03,S004-P0019,Clothing,88,231,52.69,58.855000000000004,95.67369255094724
2023-11-04,S004-P0019,Clothing,77,154,50.68,58.855000000000004,134.88048490925115
2023-11-05,S004-P0019,Clothing,123,85,62.11,58.855000000000004,106.36249489199982
2023-11-06,S004-P0019,Clothing,104,106,55.52,58.855000000000004,96.02981623623006
2023-11-07,S004-P0019,Clothing,87,150,55.44,58.855000000000004,117.25303842877224
2023-11-08,S004-P0019,Clothing,75,182,56.0,58.855000000000004,106.07405686751693
2023-11-09,S004-P0019,Clothing,83,106,57.55,58.855000000000004,105.96118392893437
2023-11-10,S004-P0019,Clothing,173,150,56.66,58.855000000000004,145.9138861220371
2023-11-11,S004-P0019,Clothing,146,188,66.65,58.855000000000004,117.1584405937342
2023-11-12,S004-P0019,Clothing,95,204,54.04,58.855000000000004,106.42007976816943
2023-11-13,S004-P0019,Clothing,122,100,61.96,58.855000000000004,96.08561836717399
2023-11-14,S004-P0019,Clothing,126,131,59.61,58.855000000000004,96.00133891011663
2023-11-15,S004-P0019,Clothing,174,169,59.84,58.855000000000004,146.0517189376029
2023-11-16,S004-P0019,Clothing,124,249,65.83,58.855000000000004,106.01154088215772
2023-11-17,S004-P0019,Clothing,102,106,61.36,58.855000000000004,117.0541224955401
2023-11-18,S004-P0019,Clothing,163,111,55.22,58.855000000000004,146.11336702272408
2023-11-19,S004-P0019,Clothing,87,157,58.37,58.855000000000004,106.35517679559652
2023-11-20,S004-P0019,Clothing,88,157,55.38,58.855000000000004,96.1633916033264
2023-11-21,S004-P0019,Clothing,175,185,64.52,58.855000000000004,124.82096646506983
2023-11-22,S004-P0019,Clothing,117,183,50.83,58.855000000000004,146.09079813208766
2023-11-23,S004-P0019,Clothing,86,171,55.03,58.855000000000004,106.15837735864291
2023-11-24,S004-P0019,Clothing,143,69,73.3,58.855000000000004,106.07214449717107
2023-11-25,S004-P0019,Clothing,92,137,56.26,58.855000000000004,95.96754881785478
2023-11-26,S004-P0019,Clothing,147,106,63.25,58.855000000000004,124.82179205536798
2023-11-27,S004-P0019,Clothing,151,155,59.87,58.855000000000004,135.35464509823356
2023-11-28,S004-P0019,Clothing,94,122,56.78,58.855000000000004,106.41305868904604
2023-11-29,S004-P0019,Clothing,86,138,55.19,58.855000000000004,117.20792791600849
2023-11-30,S004-P0019,Clothing,91,132,59.09,58.855000000000004,95.70881218165903
2023-12-01,S004-P0019,Clothing,105,139,58.84,58.855000000000004,98.35834030024964
2023-12-02,S004-P0019,Clothing,171,169,71.1,58.855000000000004,127.24911754744079
2023-12-03,S004-P0019,Clothing,39,154,38.97,58.855000000000004,127.5221205360649
2023-12-04,S004-P0019,Clothing,136,125,68.23,58.855000000000004,98.671704456724
2023-12-05,S004-P0019,Clothing,170,154,78.82,58.855000000000004,119.94207848914066
2023-12-06,S004-P0019,Clothing,94,145,56.67,58.855000000000004,148.571162036341
2023-12-07,S004-P0019,Clothing,77,141,53.36,58.855000000000004,119.76160887155142
2023-12-08,S004-P0019,Clothing,90,143,59.02,58.855000000000004,98.31081110342674
2023-12-09,S004-P0019,Clothing,117,152,64.38,58.855000000000004,119.87118820317897
2023-12-10,S004-P0019,Clothing,121,159,61.7,58.855000000000004,98.72677737920321
2023-12-11,S004-P0019,Clothing,87,154,58.25,58.855000000000004,98.67292391364609
2023-12-12,S004-P0019,Clothing,132,155,56.8,58.855000000000004,127.48899813818315
2023-12-13,S004-P0019,Clothing,78,149,53.52,58.855000000000004,137.60595846143806
2023-12-14,S004-P0019,Clothing,131,69,67.12,58.855000000000004,108.73953396575283
2023-12-15,S004-P0019,Clothing,120,150,61.64,58.855000000000004,98.35874640967481
2023-12-16,S004-P0019,Clothing,138,165,64.99,58.855000000000004,119.91709599538754
2023-12-17,S004-P0019,Clothing,153,178,57.19,58.855000000000004,137.91259791971976
2023-12-18,S004-P0019,Clothing,114,215,60.39,58.855000000000004,127.45853921119001
2023-12-19,S004-P0019,Clothing,90,100,55.92,58.855000000000004,119.98110936938295
2023-12-20,S004-P0019,Clothing,105,132,58.69,58.855000000000004,98.50185099818577
2023-12-21,S004-P0019,Clothing,123,110,55.12,58.855000000000004,148.53630924832632
2023-12-22,S004-P0019,Clothing,81,134,57.08,58.855000000000004,98.2828848993444
2023-12-23,S004-P0019,Clothing,160,129,69.1,58.855000000000004,127.22244929918054
2023-12-24,S004-P0019,Clothing,107,170,62.29,58.855000000000004,108.97931561904895
2023-12-25,S004-P0019,Clothing,218,151,80.36,58.855000000000004,109.08597926121209
2023-12-26,S004-P0019,Clothing,138,261,64.89,58.855000000000004,109.04462676234833
2023-12-27,S004-P0019,Clothing,156,104,68.3,58.855000000000004,83.69376847663742
2023-12-28,S004-P0019,Clothing,145,164,69.85,58.855000000000004,54.768538787542134
2023-12-29,S004-P0019,Clothing,98,222,57.52,58.855000000000004,54.83682567377736
2023-12-30,S004-P0019,Clothing,147,125,74.0,58.855000000000004,76.28156162277516
2023-12-31,S004-P0019,Clothing,137,175,64.7,58.855000000000004,55.18605097573262
2024-01-01,S004-P0019,Clothing,161,163,73.14,58.855000000000004,76.96469732610448
2024-01-02,S004-P0019,Clothing,59,147,50.14,58.855000000000004,76.86653608626618
2024-01-03,S004-P0019,Clothing,155,102,68.31,58.855000000000004,55.32851637625305
2024-01-04,S004-P0019,Clothing,87,181,58.39,58.855000000000004,65.59812300770083
2024-01-05,S004-P0019,Clothing,121,86,51.37,58.855000000000004,105.48027629263528
2024-01-06,S004-P0019,Clothing,139,130,72.37,58.855000000000004,76.65428197189408
2024-01-07,S004-P0019,Clothing,161,178,61.55,58.855000000000004,94.75365211484161
2024-01-08,S004-P0019,Clothing,168,174,63.43,58.855000000000004,105.70919881906228
2024-01-09,S004-P0019,Clothing,116,200,57.34,58.855000000000004,127.71476307449959
2024-01-10,S004-P0019,Clothing,82,63,54.56,58.855000000000004,109.13509345721255
2024-01-11,S004-P0019,Clothing,102,97,58.17,58.855000000000004,120.02195106976286
2024-01-12,S004-P0019,Clothing,46,125,45.11,58.855000000000004,98.67118027355218
2024-01-13,S004-P0019,Clothing,141,96,55.36,58.855000000000004,138.0033500819519
2024-01-14,S004-P0019,Clothing,10,156,38.74,58.855000000000004,109.35649946962491
2024-01-15,S004-P0019,Clothing,121,144,68.55,58.855000000000004,109.29315532784037
2024-01-16,S004-P0019,Clothing,83,128,54.63,58.855000000000004,98.84818057244351
2024-01-17,S004-P0019,Clothing,101,136,61.21,58.855000000000004,98.66727001111056
2024-01-18,S004-P0019,Clothing,152,150,57.14,58.855000000000004,127.38873179409438
2024-01-19,S004-P0019,Clothing,91,205,62.34,58.855000000000004,98.48861875669022
2024-01-20,S004-P0019,Clothing,117,146,61.15,58.855000000000004,120.03780526828254
2024-01-21,S004-P0019,Clothing,82,146,60.45,58.855000000000004,98.77259957435209
2024-01-22,S004-P0019,Clothing,157,150,64.68,58.855000000000004,138.06901051153673
2024-01-23,S004-P0019,Clothing,90,148,58.99,58.855000000000004,109.11242346763878
2024-01-24,S004-P0019,Clothing,69,172,49.03,58.855000000000004,127.38526645835393
2024-01-25,S004-P0019,Clothing,112,110,50.01,58.855000000000004,137.75968420258323
2024-01-26,S004-P0019,Clothing,258,154,82.81,58.855000000000004,148.61907524535263
2024-01-27,S004-P0019,Clothing,59,298,47.41,58.855000000000004,109.04534094394833
2024-01-28,S004-P0019,Clothing,58,240,52.51,58.855000000000004,120.04679723855315
2024-01-29,S004-P0019,Clothing,120,182,61.62,58.855000000000004,120.19989659671799
2024-01-30,S004-P0019,Clothing,126,219,62.67,58.855000000000004,98.73485349390495
2023-10-03,S004-P0020,Furniture,70,156,128.89,121.03999999999999,57.377118122617624
2023-10-04,S004-P0020,Furniture,96,253,133.97,121.03999999999999,57.31183578272314
2023-10-05,S004-P0020,Furniture,101,177,115.02,121.03999999999999,107.38496041218309
2023-10-06,S004-P0020,Furniture,142,62,145.6,121.03999999999999,107.36437432547967
2023-10-07,S004-P0020,Furniture,21,163,105.85,121.03999999999999,13.934030784317322
2023-10-08,S004-P0020,Furniture,29,390,104.38,121.03999999999999,14.110456480796515
2023-10-09,S004-P0020,Furniture,23,362,112.47,121.03999999999999,35.45238371167642
2023-10-10,S004-P0020,Furniture,23,345,96.38,121.03999999999999,14.124742595670597
2023-10-11,S004-P0020,Furniture,42,320,116.0,121.03999999999999,13.893960531724538
2023-10-12,S004-P0020,Furniture,51,285,113.92,121.03999999999999,13.841821423814736
2023-10-13,S004-P0020,Furniture,50,241,101.59,121.03999999999999,53.03693166674651
2023-10-14,S004-P0020,Furniture,43,200,104.48,121.03999999999999,35.41444511907038
2023-10-15,S004-P0020,Furniture,24,159,107.45,121.03999999999999,35.5349316256424
2023-10-16,S004-P0020,Furniture,14,131,92.27,121.03999999999999,42.98812218741988
2023-10-17,S004-P0020,Furniture,38,115,114.02,121.03999999999999,24.564615735392643
2023-10-18,S004-P0020,Furniture,29,91,87.7,121.03999999999999,53.26088088660627
2023-10-19,S004-P0020,Furniture,20,134,110.94,121.03999999999999,13.881111591186098
2023-10-20,S004-P0020,Furniture,35,116,106.82,121.03999999999999,13.933042574538746
2023-10-21,S004-P0020,Furniture,43,92,104.77,121.03999999999999,42.83443580003941
2023-10-22,S004-P0020,Furniture,30,58,110.06,121.03999999999999,14.209872062661518
2023-10-23,S004-P0020,Furniture,62,121,98.79,121.03999999999999,43.24164370241295
2023-10-24,S004-P0020,Furniture,21,84,95.24,121.03999999999999,14.308923669625258
2023-10-25,S004-P0020,Furniture,108,197,124.67,121.03999999999999,107.72074230586983
2023-10-26,S004-P0020,Furniture,38,90,96.76,121.03999999999999,107.61114830906766
2023-10-27,S004-P0020,Furniture,78,267,106.06,121.03999999999999,107.69653594480968
2023-10-28,S004-P0020,Furniture,60,177,117.57,121.03999999999999,57.693587526070964
2023-10-29,S004-P0020,Furniture,54,118,121.52,121.03999999999999,57.75646261528434
2023-10-30,S004-P0020,Furniture,59,82,117.63,121.03999999999999,57.878460582921655
2023-10-31,S004-P0020,Furniture,111,119,140.77,121.03999999999999,79.15819587848213
2023-11-01,S004-P0020,Furniture,118,52,151.75,121.03999999999999,57.578993773957656
2023-11-02,S004-P0020,Furniture,129,192,141.16,121.03999999999999,96.62972771464244
2023-11-03,S004-P0020,Furniture,96,258,133.65,121.03999999999999,86.29538446031108
2023-11-04,S004-P0020,Furniture,38,189,114.0,121.03999999999999,68.01466880986138
2023-11-05,S004-P0020,Furniture,81,158,126.97,121.03999999999999,68.29527312780593
2023-11-06,S004-P0020,Furniture,76,92,131.75,121.03999999999999,57.907754141217104
2023-11-07,S004-P0020,Furniture,88,194,137.67,121.03999999999999,79.18581666457835
2023-11-08,S004-P0020,Furniture,55,111,115.75,121.03999999999999,68.1165157649612
2023-11-09,S004-P0020,Furniture,80,243,120.13,121.03999999999999,68.00364282637865
2023-11-10,S004-P0020,Furniture,139,160,144.25,121.03999999999999,107.73698369620507
2023-11-11,S004-P0020,Furniture,87,0,123.29,121.03999999999999,79.14605916035939
2023-11-12,S004-P0020,Furniture,102,283,129.59,121.03999999999999,68.35285800397554
2023-11-13,S004-P0020,Furniture,97,215,134.05,121.03999999999999,58.01839660298011
2023-11-14,S004-P0020,Furniture,80,130,127.02,121.03999999999999,57.87927681510367
2023-11-15,S004-P0020,Furniture,56,233,91.81,121.03999999999999,107.98449717340904
2023-11-16,S004-P0020,Furniture,105,182,138.35,121.03999999999999,67.99915944878292
2023-11-17,S004-P0020,Furniture,46,90,94.13,121.03999999999999,107.8403353973612
2023-11-18,S004-P0020,Furniture,82,242,121.0,121.03999999999999,79.19271059251521
2023-11-19,S004-P0020,Furniture,88,178,137.54,121.03999999999999,68.34279536222172
2023-11-20,S004-P0020,Furniture,47,98,118.32,121.03999999999999,57.98648917749434
2023-11-21,S004-P0020,Furniture,75,213,118.34,121.03999999999999,86.69890437005685
2023-11-22,S004-P0020,Furniture,48,143,118.45,121.03999999999999,79.11530137105972
2023-11-23,S004-P0020,Furniture,21,89,106.09,121.03999999999999,67.98147493281085
2023-11-24,S004-P0020,Furniture,39,73,114.29,121.03999999999999,68.05976306379627
2023-11-25,S004-P0020,Furniture,75,41,124.51,121.03999999999999,86.58924072721862
2023-11-26,S004-P0020,Furniture,84,74,128.37,121.03999999999999,86.7545702911741
2023-11-27,S004-P0020,Furniture,64,172,106.35,121.03999999999999,97.28742333403967
2023-11-28,S004-P0020,Furniture,59,132,99.0,121.03999999999999,97.19927159086713
2023-11-29,S004-P0020,Furniture,57,85,129.44,121.03999999999999,79.08586582099551
2023-11-30,S004-P0020,Furniture,76,161,125.07,121.03999999999999,57.75127107910331
2023-12-01,S004-P0020,Furniture,60,70,124.31,121.03999999999999,60.23627820523666
2023-12-02,S004-P0020,Furniture,74,184,117.64,121.03999999999999,89.18189578324689
2023-12-03,S004-P0020,Furniture,65,118,126.81,121.03999999999999,60.60146410585605
2023-12-04,S004-P0020,Furniture,4,220,73.59,121.03999999999999,89.56759802018328
2023-12-05,S004-P0020,Furniture,125,215,131.53,121.03999999999999,110.72829139096177
2023-12-06,S004-P0020,Furniture,79,137,105.01,121.03999999999999,110.66846126460439
2023-12-07,S004-P0020,Furniture,85,273,128.83,121.03999999999999,81.69438710735753
2023-12-08,S004-P0020,Furniture,122,202,138.01,121.03999999999999,89.04218367442874
2023-12-09,S004-P0020,Furniture,106,57,116.57,121.03999999999999,110.65740110500008
2023-12-10,S004-P0020,Furniture,22,196,101.0,121.03999999999999,60.65955561500934
2023-12-11,S004-P0020,Furniture,107,355,138.54,121.03999999999999,89.40429648464811
2023-12-12,S004-P0020,Furniture,64,235,119.35,121.03999999999999,60.623182038793374
2023-12-13,S004-P0020,Furniture,61,162,118.3,121.03999999999999,70.84982302368645
2023-12-14,S004-P0020,Furniture,47,118,112.25,121.03999999999999,70.67231220155894
2023-12-15,S004-P0020,Furniture,56,179,129.05,121.03999999999999,60.236684314661844
2023-12-16,S004-P0020,Furniture,86,127,129.35,121.03999999999999,81.84987423119365
2023-12-17,S004-P0020,Furniture,44,47,116.71,121.03999999999999,70.9371011586918
2023-12-18,S004-P0020,Furniture,97,187,126.88,121.03999999999999,89.44615777781522
2023-12-19,S004-P0020,Furniture,65,86,133.25,121.03999999999999,81.85904727436997
2023-12-20,S004-P0020,Furniture,88,223,144.76,121.03999999999999,60.32494857235372
2023-12-21,S004-P0020,Furniture,132,130,150.11,121.03999999999999,81.61565281811745
2023-12-22,S004-P0020,Furniture,146,28,147.24,121.03999999999999,89.0690978011655
2023-12-23,S004-P0020,Furniture,35,280,106.62,121.03999999999999,89.15522753498664
2023-12-24,S004-P0020,Furniture,49,573,107.14,121.03999999999999,71.02177451649322
2023-12-25,S004-P0020,Furniture,77,516,125.43,121.03999999999999,71.07359782783728
2023-12-26,S004-P0020,Furniture,52,440,127.08,121.03999999999999,70.86772433651628
2023-12-27,S004-P0020,Furniture,28,399,103.92,121.03999999999999,16.8827927080667
2023-12-28,S004-P0020,Furniture,23,370,101.3,121.03999999999999,16.810997684986408
2023-12-29,S004-P0020,Furniture,44,349,123.09,121.03999999999999,16.71476357876438
2023-12-30,S004-P0020,Furniture,50,302,125.81,121.03999999999999,38.214339858581276
2023-12-31,S004-P0020,Furniture,47,254,112.11,121.03999999999999,17.063988880719652
2024-01-01,S004-P0020,Furniture,66,206,126.95,121.03999999999999,38.84263523109151
2024-01-02,S004-P0020,Furniture,49,149,95.4,121.03999999999999,67.6527489880873
2024-01-03,S004-P0020,Furniture,33,100,111.54,121.03999999999999,17.206454281240067
2024-01-04,S004-P0020,Furniture,19,80,110.43,121.03999999999999,27.476060912687853
2024-01-05,S004-P0020,Furniture,38,138,91.03,121.03999999999999,67.3582141976223
2024-01-06,S004-P0020,Furniture,49,104,106.74,121.03999999999999,67.44049487371518
2024-01-07,S004-P0020,Furniture,22,62,106.26,121.03999999999999,27.77815535381364
2024-01-08,S004-P0020,Furniture,39,164,90.41,121.03999999999999,67.75165771650657
2024-01-09,S004-P0020,Furniture,48,124,118.67,121.03999999999999,60.79410664429069
2024-01-10,S004-P0020,Furniture,73,90,130.33,121.03999999999999,71.06787169301866
2024-01-11,S004-P0020,Furniture,73,108,123.81,121.03999999999999,81.8998889747499
2024-01-12,S004-P0020,Furniture,70,153,122.41,121.03999999999999,60.54911817853923
2024-01-13,S004-P0020,Furniture,66,86,127.0,121.03999999999999,71.02785332092395
2024-01-14,S004-P0020,Furniture,72,175,104.07,121.03999999999999,100.08787204062692
2024-01-15,S004-P0020,Furniture,64,128,119.77,121.03999999999999,71.28077389446557
2024-01-16,S004-P0020,Furniture,49,214,112.89,121.03999999999999,60.83579913906871
2024-01-17,S004-P0020,Furniture,71,173,122.86,121.03999999999999,60.600048246916685
2024-01-18,S004-P0020,Furniture,87,115,108.19,121.03999999999999,89.37635036071956
2024-01-19,S004-P0020,Furniture,61,178,112.44,121.03999999999999,60.531077654134506
2024-01-20,S004-P0020,Furniture,83,117,142.16,121.03999999999999,81.91574317326956
2024-01-21,S004-P0020,Furniture,89,46,109.0,121.03999999999999,89.66849313781131
2024-01-22,S004-P0020,Furniture,157,152,152.02,121.03999999999999,100.00178874734284
2024-01-23,S004-P0020,Furniture,59,151,124.06,121.03999999999999,71.04520170344489
2024-01-24,S004-P0020,Furniture,73,470,109.66,121.03999999999999,89.3728850249791
2024-01-25,S004-P0020,Furniture,44,384,116.9,121.03999999999999,70.78418744155529
2024-01-26,S004-P0020,Furniture,74,340,130.71,121.03999999999999,81.69841881514375
2024-01-27,S004-P0020,Furniture,68,255,121.73,121.03999999999999,70.92327884893537
2024-01-28,S004-P0020,Furniture,75,209,103.74,121.03999999999999,110.94269080201241
2024-01-29,S004-P0020,Furniture,63,149,132.36,121.03999999999999,82.02299417088594
2024-01-30,S004-P0020,Furniture,93,79,132.53,121.03999999999999,60.667631729711076
2023-10-03,S005-P0001,Groceries,57,213,10.94,11.795,117.81411292741568
2023-10-04,S005-P0001,Groceries,99,551,11.44,11.795,117.768788377724
2023-10-05,S005-P0001,Groceries,104,485,12.27,11.795,107.15495388301372
2023-10-06,S005-P0001,Groceries,185,383,14.72,11.795,117.64223207263723
2023-10-07,S005-P0001,Groceries,95,202,11.26,11.795,64.02768230524572
2023-10-08,S005-P0001,Groceries,71,566,10.97,11.795,74.51256874497828
2023-10-09,S005-P0001,Groceries,133,500,10.59,11.795,103.49195112168304
2023-10-10,S005-P0001,Groceries,81,416,11.33,11.795,64.08875566475803
2023-10-11,S005-P0001,Groceries,100,348,11.51,11.795,85.31327223448126
2023-10-12,S005-P0001,Groceries,59,252,9.37,11.795,92.67922694911994
2023-10-13,S005-P0001,Groceries,37,204,9.08,11.795,63.933805237790246
2023-10-14,S005-P0001,Groceries,47,174,9.01,11.795,64.12759612735138
2023-10-15,S005-P0001,Groceries,32,126,8.45,11.795,64.30292296474246
2023-10-16,S005-P0001,Groceries,81,91,11.33,11.795,64.26322158294957
2023-10-17,S005-P0001,Groceries,74,25,9.31,11.795,114.4192206992728
2023-10-18,S005-P0001,Groceries,70,176,9.83,11.795,64.13779666744722
2023-10-19,S005-P0001,Groceries,88,120,10.4,11.795,114.09901762913871
2023-10-20,S005-P0001,Groceries,158,201,12.88,11.795,114.13099082228857
2023-10-21,S005-P0001,Groceries,102,54,12.83,11.795,85.43519537739742
2023-10-22,S005-P0001,Groceries,61,271,10.0,11.795,74.75654752909774
2023-10-23,S005-P0001,Groceries,74,199,8.84,11.795,103.62379817639193
2023-10-24,S005-P0001,Groceries,19,148,8.87,11.795,64.2928945289155
2023-10-25,S005-P0001,Groceries,209,133,13.84,11.795,146.85203471904236
2023-10-26,S005-P0001,Groceries,82,0,10.19,11.795,146.68760039142114
2023-10-27,S005-P0001,Groceries,137,398,12.87,11.795,128.93675279972305
2023-10-28,S005-P0001,Groceries,176,248,13.59,11.795,129.09294143862488
2023-10-29,S005-P0001,Groceries,180,102,15.28,11.795,129.15581652783825
2023-10-30,S005-P0001,Groceries,137,419,12.89,11.795,107.95215431364727
2023-10-31,S005-P0001,Groceries,122,307,13.64,11.795,107.81650655594402
2023-11-01,S005-P0001,Groceries,223,232,14.45,11.795,136.47123963008195
2023-11-02,S005-P0001,Groceries,119,60,11.56,11.795,128.94198433894988
2023-11-03,S005-P0001,Groceries,185,378,13.86,11.795,136.38903598123952
2023-11-04,S005-P0001,Groceries,68,197,10.28,11.795,107.76497704692011
2023-11-05,S005-P0001,Groceries,60,515,9.98,11.795,107.8810603724074
2023-11-06,S005-P0001,Groceries,91,467,12.36,11.795,107.89172500050734
2023-11-07,S005-P0001,Groceries,97,375,9.47,11.795,136.77236012907713
2023-11-08,S005-P0001,Groceries,102,276,9.75,11.795,157.91628039802228
2023-11-09,S005-P0001,Groceries,70,203,11.49,11.795,107.56947228077735
2023-11-10,S005-P0001,Groceries,86,152,11.53,11.795,107.59670003847106
2023-11-11,S005-P0001,Groceries,112,64,11.3,11.795,107.85921016864037
2023-11-12,S005-P0001,Groceries,126,195,11.07,11.795,136.8269624552083
2023-11-13,S005-P0001,Groceries,127,294,12.49,11.795,147.14430508133592
2023-11-14,S005-P0001,Groceries,88,179,11.62,11.795,107.89813021501018
2023-11-15,S005-P0001,Groceries,78,401,10.65,11.795,107.80933097505874
2023-11-16,S005-P0001,Groceries,82,335,10.8,11.795,146.78172464326906
2023-11-17,S005-P0001,Groceries,76,240,10.58,11.795,107.6651691990109
2023-11-18,S005-P0001,Groceries,169,155,13.34,11.795,136.55989273373766
2023-11-19,S005-P0001,Groceries,130,10,13.98,11.795,129.2891253292678
2023-11-20,S005-P0001,Groceries,145,322,11.1,11.795,136.93357536443773
2023-11-21,S005-P0001,Groceries,66,227,9.68,11.795,129.37446206843674
2023-11-22,S005-P0001,Groceries,110,415,13.14,11.795,118.13691312259408
2023-11-23,S005-P0001,Groceries,133,333,12.07,11.795,107.76666571048588
2023-11-24,S005-P0001,Groceries,103,234,11.58,11.795,118.15341458472466
2023-11-25,S005-P0001,Groceries,103,150,10.99,11.795,107.9042557031539
2023-11-26,S005-P0001,Groceries,97,291,10.19,11.795,158.17388199393085
2023-11-27,S005-P0001,Groceries,181,219,13.8,11.795,129.4899992967089
2023-11-28,S005-P0001,Groceries,82,83,11.39,11.795,107.9665067100699
2023-11-29,S005-P0001,Groceries,125,376,12.39,11.795,129.234357672743
2023-11-30,S005-P0001,Groceries,101,251,12.14,11.795,118.04370268164692
2023-12-01,S005-P0001,Groceries,161,136,14.53,11.795,131.63563211779058
2023-12-02,S005-P0001,Groceries,105,0,11.08,11.795,149.61889058804496
2023-12-03,S005-P0001,Groceries,80,359,11.29,11.795,121.0384589106541
2023-12-04,S005-P0001,Groceries,186,268,11.65,11.795,150.00459282498136
2023-12-05,S005-P0001,Groceries,119,97,13.54,11.795,120.95130880730021
2023-12-06,S005-P0001,Groceries,126,395,12.42,11.795,131.8538377886987
2023-12-07,S005-P0001,Groceries,174,257,13.54,11.795,120.77083918971098
2023-12-08,S005-P0001,Groceries,163,110,12.31,11.795,149.58885914086503
2023-12-09,S005-P0001,Groceries,6,329,8.35,11.795,110.48223490664978
2023-12-10,S005-P0001,Groceries,206,325,13.85,11.795,139.44212080949552
2023-12-11,S005-P0001,Groceries,121,113,12.27,11.795,110.75419400119969
2023-12-12,S005-P0001,Groceries,125,363,11.11,11.795,160.76628995572412
2023-12-13,S005-P0001,Groceries,160,269,14.48,11.795,131.79615299073254
2023-12-14,S005-P0001,Groceries,72,87,10.41,11.795,131.72832283024317
2023-12-15,S005-P0001,Groceries,175,310,12.82,11.795,139.1289301707862
2023-12-16,S005-P0001,Groceries,87,145,11.57,11.795,120.87148598272803
2023-12-17,S005-P0001,Groceries,59,390,9.91,11.795,121.08559301043927
2023-12-18,S005-P0001,Groceries,94,354,11.88,11.795,121.08455824741736
2023-12-19,S005-P0001,Groceries,58,254,10.43,11.795,131.89785846447927
2023-12-20,S005-P0001,Groceries,95,186,11.9,11.795,110.36375976246302
2023-12-21,S005-P0001,Groceries,196,77,15.08,11.795,131.70930433904584
2023-12-22,S005-P0001,Groceries,155,176,13.54,11.795,131.7246977093426
2023-12-23,S005-P0001,Groceries,118,431,11.54,11.795,110.50512505153822
2023-12-24,S005-P0001,Groceries,206,301,13.72,11.795,160.8215391495543
2023-12-25,S005-P0001,Groceries,166,122,13.17,11.795,139.4579794076347
2023-12-26,S005-P0001,Groceries,140,342,12.96,11.795,139.30694624713277
2023-12-27,S005-P0001,Groceries,114,231,11.33,11.795,95.72019823337192
2023-12-28,S005-P0001,Groceries,84,114,11.48,11.795,88.10067093590216
2023-12-29,S005-P0001,Groceries,63,220,10.07,11.795,88.22379815295646
2023-12-30,S005-P0001,Groceries,37,181,9.58,11.795,66.94744865706505
2023-12-31,S005-P0001,Groceries,82,150,11.39,11.795,77.44614335469862
2024-01-01,S005-P0001,Groceries,106,83,11.1,11.795,78.02876797508313
2024-01-02,S005-P0001,Groceries,59,169,9.96,11.795,77.87576640442575
2024-01-03,S005-P0001,Groceries,71,353,9.3,11.795,106.49688375205312
2024-01-04,S005-P0001,Groceries,90,271,9.25,11.795,96.07980381576158
2024-01-05,S005-P0001,Groceries,110,202,13.14,11.795,88.48875039089754
2024-01-06,S005-P0001,Groceries,58,126,8.88,11.795,106.51694695606864
2024-01-07,S005-P0001,Groceries,82,258,10.82,11.795,67.47362326005327
2024-01-08,S005-P0001,Groceries,90,169,10.46,11.795,106.71842913722185
2024-01-09,S005-P0001,Groceries,169,100,13.34,11.795,110.94259849603816
2024-01-10,S005-P0001,Groceries,53,174,10.79,11.795,110.65365893762012
2024-01-11,S005-P0001,Groceries,141,459,10.83,11.795,139.4864324392487
2024-01-12,S005-P0001,Groceries,142,347,13.08,11.795,120.98611298333729
2024-01-13,S005-P0001,Groceries,149,198,13.3,11.795,160.827617953985
2024-01-14,S005-P0001,Groceries,123,56,11.7,11.795,110.92990528085156
2024-01-15,S005-P0001,Groceries,103,333,12.22,11.795,121.26474475375579
2024-01-16,S005-P0001,Groceries,104,234,12.26,11.795,110.81976999835894
2024-01-17,S005-P0001,Groceries,31,151,8.88,11.795,121.03704305171475
2024-01-18,S005-P0001,Groceries,132,296,12.66,11.795,131.9222696072585
2024-01-19,S005-P0001,Groceries,105,175,10.35,11.795,139.36848317943975
2024-01-20,S005-P0001,Groceries,95,394,11.91,11.795,131.95455436337886
2024-01-21,S005-P0001,Groceries,148,308,11.8,11.795,150.05064761179034
2024-01-22,S005-P0001,Groceries,177,209,13.55,11.795,161.002959045208
2024-01-23,S005-P0001,Groceries,49,379,10.59,11.795,110.68582927886544
2024-01-24,S005-P0001,Groceries,236,324,15.75,11.795,149.700199168139
2024-01-25,S005-P0001,Groceries,209,71,16.44,11.795,131.78535773942045
2024-01-26,S005-P0001,Groceries,152,392,12.74,11.795,120.88455155913537
2024-01-27,S005-P0001,Groceries,68,299,9.75,11.795,110.61874675517501
2024-01-28,S005-P0001,Groceries,128,243,12.51,11.795,121.16570821835087
2024-01-29,S005-P0001,Groceries,118,117,12.8,11.795,121.15428658405848
2024-01-30,S005-P0001,Groceries,99,267,12.04,11.795,110.6516025890013
2023-10-03,S005-P0002,Electronics,88,368,34.44,38.475,122.1639527417853
2023-10-04,S005-P0002,Electronics,120,293,35.99,38.475,122.06378786127448
2023-10-05,S005-P0002,Electronics,96,175,33.34,38.475,111.5596340282024
2023-10-06,S005-P0002,Electronics,81,102,37.53,38.475,93.19347755181089
2023-10-07,S005-P0002,Electronics,63,336,35.26,38.475,39.469247122781226
2023-10-08,S005-P0002,Electronics,91,298,32.36,38.475,78.91724889016695
2023-10-09,S005-P0002,Electronics,45,212,36.38,38.475,50.025240942384464
2023-10-10,S005-P0002,Electronics,25,173,31.82,38.475,39.64000114393171
2023-10-11,S005-P0002,Electronics,44,447,34.47,38.475,60.754837052016754
2023-10-12,S005-P0002,Electronics,66,400,39.51,38.475,39.32219743145954
2023-10-13,S005-P0002,Electronics,37,323,33.52,38.475,39.32052972450667
2023-10-14,S005-P0002,Electronics,70,295,34.25,38.475,68.3129149492637
2023-10-15,S005-P0002,Electronics,46,232,32.93,38.475,39.744487782277986
2023-10-16,S005-P0002,Electronics,26,201,30.2,38.475,39.86930739294233
2023-10-17,S005-P0002,Electronics,90,180,32.68,38.475,89.91562584762738
2023-10-18,S005-P0002,Electronics,47,118,27.57,38.475,68.48763648181679
2023-10-19,S005-P0002,Electronics,62,62,38.9,38.475,60.74198811147831
2023-10-20,S005-P0002,Electronics,58,249,36.36,38.475,60.77396130462816
2023-10-21,S005-P0002,Electronics,42,214,30.77,38.475,61.04128118739017
2023-10-22,S005-P0002,Electronics,30,164,30.85,38.475,50.252952677452335
2023-10-23,S005-P0002,Electronics,68,140,32.11,38.475,79.06536299392742
2023-10-24,S005-P0002,Electronics,21,86,31.32,38.475,39.78929967727008
2023-10-25,S005-P0002,Electronics,81,69,33.26,38.475,122.34843986739693
2023-10-26,S005-P0002,Electronics,58,235,27.32,38.475,122.29368620141386
2023-10-27,S005-P0002,Electronics,104,186,40.49,38.475,104.43315794807765
2023-10-28,S005-P0002,Electronics,127,116,43.65,38.475,104.5345062561604
2023-10-29,S005-P0002,Electronics,53,30,37.59,38.475,104.65222167619284
2023-10-30,S005-P0002,Electronics,81,281,39.49,38.475,83.44855946200184
2023-10-31,S005-P0002,Electronics,64,547,37.15,38.475,83.36775203511769
2023-11-01,S005-P0002,Electronics,61,498,34.93,38.475,83.16905044324065
2023-11-02,S005-P0002,Electronics,58,456,34.52,38.475,104.43838948730448
2023-11-03,S005-P0002,Electronics,121,407,35.64,38.475,111.99512179123224
2023-11-04,S005-P0002,Electronics,71,317,38.15,38.475,83.2065418644556
2023-11-05,S005-P0002,Electronics,88,249,36.49,38.475,83.43230585158105
2023-11-06,S005-P0002,Electronics,107,502,38.79,38.475,83.49781081050008
2023-11-07,S005-P0002,Electronics,89,394,32.11,38.475,112.2687652774317
2023-11-08,S005-P0002,Electronics,117,297,35.6,38.475,133.41268554637685
2023-11-09,S005-P0002,Electronics,65,189,33.61,38.475,83.1755580907701
2023-11-10,S005-P0002,Electronics,183,132,48.36,38.475,111.89169952202155
2023-11-11,S005-P0002,Electronics,131,421,39.49,38.475,112.0993693213718
2023-11-12,S005-P0002,Electronics,138,265,42.73,38.475,112.21368694192469
2023-11-13,S005-P0002,Electronics,117,705,42.33,38.475,93.89695622531369
2023-11-14,S005-P0002,Electronics,80,631,37.32,38.475,83.50421602500293
2023-11-15,S005-P0002,Electronics,140,569,38.17,38.475,112.10433045860924
2023-11-16,S005-P0002,Electronics,124,413,43.28,38.475,93.53437578724682
2023-11-17,S005-P0002,Electronics,70,297,39.98,38.475,83.1067340165464
2023-11-18,S005-P0002,Electronics,100,234,37.98,38.475,112.05629788209222
2023-11-19,S005-P0002,Electronics,147,464,48.75,38.475,104.78553047762237
2023-11-20,S005-P0002,Electronics,83,310,31.92,38.475,112.4299805127923
2023-11-21,S005-P0002,Electronics,132,242,41.94,38.475,104.87086721679132
2023-11-22,S005-P0002,Electronics,125,486,45.59,38.475,93.68815860176775
2023-11-23,S005-P0002,Electronics,68,339,35.82,38.475,83.26307085884045
2023-11-24,S005-P0002,Electronics,95,289,41.47,38.475,93.54013907144108
2023-11-25,S005-P0002,Electronics,108,177,36.77,38.475,112.14441485588532
2023-11-26,S005-P0002,Electronics,38,75,33.66,38.475,104.87169280708952
2023-11-27,S005-P0002,Electronics,117,293,42.25,38.475,104.9864044450635
2023-11-28,S005-P0002,Electronics,92,162,41.02,38.475,83.51775218924357
2023-11-29,S005-P0002,Electronics,86,93,36.28,38.475,104.73076282109757
2023-11-30,S005-P0002,Electronics,120,309,44.99,38.475,93.5401078300015
2023-12-01,S005-P0002,Electronics,142,214,38.36,38.475,136.04031226297926
2023-12-02,S005-P0002,Electronics,70,61,39.98,38.475,96.31670140120366
2023-12-03,S005-P0002,Electronics,121,427,47.52,38.475,96.4800237281896
2023-12-04,S005-P0002,Electronics,93,324,33.0,38.475,125.44615764251685
2023-12-05,S005-P0002,Electronics,88,218,38.49,38.475,96.50255428647388
2023-12-06,S005-P0002,Electronics,128,140,43.65,38.475,107.35024293705331
2023-12-07,S005-P0002,Electronics,34,351,33.09,38.475,96.1575636764274
2023-12-08,S005-P0002,Electronics,119,322,40.36,38.475,96.28666995402367
2023-12-09,S005-P0002,Electronics,88,238,38.44,38.475,85.97864005500438
2023-12-10,S005-P0002,Electronics,101,175,40.14,38.475,86.19477195347321
2023-12-11,S005-P0002,Electronics,77,510,39.0,38.475,86.14091848791611
2023-12-12,S005-P0002,Electronics,158,450,47.62,38.475,136.20785477325958
2023-12-13,S005-P0002,Electronics,65,264,37.37,38.475,107.23771780826804
2023-12-14,S005-P0002,Electronics,165,199,48.48,38.475,107.22472797859777
2023-12-15,S005-P0002,Electronics,119,554,42.45,38.475,85.8815813147639
2023-12-16,S005-P0002,Electronics,177,427,50.08,38.475,96.42273146190169
2023-12-17,S005-P0002,Electronics,140,251,45.2,38.475,96.58199815879385
2023-12-18,S005-P0002,Electronics,130,119,41.71,38.475,96.63580372659102
2023-12-19,S005-P0002,Electronics,92,454,43.25,38.475,107.39426361283385
2023-12-20,S005-P0002,Electronics,155,381,37.32,38.475,114.82328023847074
2023-12-21,S005-P0002,Electronics,143,204,37.97,38.475,136.05914415341542
2023-12-22,S005-P0002,Electronics,106,95,36.24,38.475,136.0196971928931
2023-12-23,S005-P0002,Electronics,133,528,39.79,38.475,114.74528420426964
2023-12-24,S005-P0002,Electronics,114,408,37.17,38.475,136.31794429790887
2023-12-25,S005-P0002,Electronics,92,295,38.9,38.475,86.21063055161241
2023-12-26,S005-P0002,Electronics,92,227,38.96,38.475,86.05959739111049
2023-12-27,S005-P0002,Electronics,38,162,31.86,38.475,71.16176305090741
2023-12-28,S005-P0002,Electronics,75,440,30.6,38.475,92.56019141190991
2023-12-29,S005-P0002,Electronics,38,362,31.98,38.475,63.66536297049198
2023-12-30,S005-P0002,Electronics,44,331,34.38,38.475,42.38901347460057
2023-12-31,S005-P0002,Electronics,66,304,35.51,38.475,53.05222916469138
2024-01-01,S005-P0002,Electronics,57,255,29.03,38.475,82.32376745863363
2024-01-02,S005-P0002,Electronics,86,208,40.23,38.475,53.372171552780344
2024-01-03,S005-P0002,Electronics,43,116,30.88,38.475,81.93844856958863
2024-01-04,S005-P0002,Electronics,59,66,32.9,38.475,42.722774298101164
2024-01-05,S005-P0002,Electronics,82,288,35.71,38.475,64.09483620089028
2024-01-06,S005-P0002,Electronics,42,224,35.96,38.475,53.15991743840824
2024-01-07,S005-P0002,Electronics,67,197,32.01,38.475,71.76862274360377
2024-01-08,S005-P0002,Electronics,65,387,33.58,38.475,53.47108028119962
2024-01-09,S005-P0002,Electronics,149,343,48.92,38.475,86.32932298275458
2024-01-10,S005-P0002,Electronics,67,175,39.54,38.475,86.15006408597472
2024-01-11,S005-P0002,Electronics,83,121,37.82,38.475,86.07456259076918
2024-01-12,S005-P0002,Electronics,83,458,35.82,38.475,96.53735846251095
2024-01-13,S005-P0002,Electronics,43,396,34.3,38.475,107.5802690979628
2024-01-14,S005-P0002,Electronics,72,350,38.35,38.475,86.37147009838708
2024-01-15,S005-P0002,Electronics,187,266,40.63,38.475,125.72426522976352
2024-01-16,S005-P0002,Electronics,95,144,31.1,38.475,115.22445014354759
2024-01-17,S005-P0002,Electronics,47,57,36.75,38.475,96.47860786925024
2024-01-18,S005-P0002,Electronics,106,567,45.22,38.475,107.30899409397493
2024-01-19,S005-P0002,Electronics,37,449,33.52,38.475,86.01145366177931
2024-01-20,S005-P0002,Electronics,78,423,29.33,38.475,136.4140748393866
2024-01-21,S005-P0002,Electronics,64,335,37.21,38.475,96.63877776331083
2024-01-22,S005-P0002,Electronics,109,289,41.1,38.475,107.75561018918576
2024-01-23,S005-P0002,Electronics,100,183,44.35,38.475,86.18223442722001
2024-01-24,S005-P0002,Electronics,70,107,32.36,38.475,125.25144464731267
2024-01-25,S005-P0002,Electronics,101,377,33.9,38.475,136.13519755379002
2024-01-26,S005-P0002,Electronics,84,256,31.54,38.475,125.23439137350496
2024-01-27,S005-P0002,Electronics,83,194,33.49,38.475,114.91374623872551
2024-01-28,S005-P0002,Electronics,115,97,46.61,38.475,96.55243270506729
2024-01-29,S005-P0002,Electronics,118,274,44.71,38.475,96.65069173241307
2024-01-30,S005-P0002,Electronics,136,156,49.68,38.475,86.0931674065368
2023-10-03,S005-P0003,Toys,79,198,27.22,27.84,89.47099925863199
2023-10-04,S005-P0003,Toys,118,123,30.91,27.84,89.31599404730213
2023-10-05,S005-P0003,Toys,103,126,27.79,27.84,107.61043454942593
2023-10-06,S005-P0003,Toys,101,144,29.28,27.84,117.98803207741125
2023-10-07,S005-P0003,Toys,34,144,24.06,27.84,35.574887974823845
2023-10-08,S005-P0003,Toys,24,114,23.13,27.84,46.11461474537549
2023-10-09,S005-P0003,Toys,57,149,23.82,27.84,74.929476129623
2023-10-10,S005-P0003,Toys,36,104,24.31,27.84,35.69080166515524
2023-10-11,S005-P0003,Toys,74,114,25.32,27.84,85.6590722392553
2023-10-12,S005-P0003,Toys,57,102,23.75,27.84,35.53751894514033
2023-10-13,S005-P0003,Toys,37,113,23.09,27.84,35.535851238187455
2023-10-14,S005-P0003,Toys,30,134,21.29,27.84,35.72964212774858
2023-10-15,S005-P0003,Toys,21,104,22.81,27.84,35.79528830350152
2023-10-16,S005-P0003,Toys,30,135,22.55,27.84,35.92010791416588
2023-10-17,S005-P0003,Toys,43,103,22.4,27.84,85.96642636885092
2023-10-18,S005-P0003,Toys,54,103,22.2,27.84,64.48359667222125
2023-10-19,S005-P0003,Toys,11,102,17.16,27.84,85.8107442911741
2023-10-20,S005-P0003,Toys,16,90,23.42,27.84,56.879602156670785
2023-10-21,S005-P0003,Toys,32,130,22.68,27.84,57.09208170861372
2023-10-22,S005-P0003,Toys,52,100,24.53,27.84,46.35859352949496
2023-10-23,S005-P0003,Toys,65,101,22.89,27.84,75.22584417678914
2023-10-24,S005-P0003,Toys,35,126,22.96,27.84,35.94978086013178
2023-10-25,S005-P0003,Toys,73,96,25.23,27.84,118.34440005780138
2023-10-26,S005-P0003,Toys,74,128,26.77,27.84,89.49105205662241
2023-10-27,S005-P0003,Toys,111,121,31.9,27.84,100.4839584693012
2023-10-28,S005-P0003,Toys,84,139,26.23,27.84,100.6949874390221
2023-10-29,S005-P0003,Toys,99,142,30.65,27.84,100.75786252823546
2023-10-30,S005-P0003,Toys,113,153,30.51,27.84,79.55420031404448
2023-10-31,S005-P0003,Toys,82,187,26.05,27.84,79.5282332179794
2023-11-01,S005-P0003,Toys,57,108,26.43,27.84,79.27469129528328
2023-11-02,S005-P0003,Toys,50,119,23.15,27.84,100.5440303393471
2023-11-03,S005-P0003,Toys,68,115,26.08,27.84,79.24732797725987
2023-11-04,S005-P0003,Toys,98,123,30.56,27.84,79.31218271649824
2023-11-05,S005-P0003,Toys,56,134,24.98,27.84,79.53794670362369
2023-11-06,S005-P0003,Toys,74,140,22.22,27.84,108.45688632855767
2023-11-07,S005-P0003,Toys,80,135,28.77,27.84,79.46613113264026
2023-11-08,S005-P0003,Toys,118,141,27.43,27.84,129.51832639841948
2023-11-09,S005-P0003,Toys,106,158,29.74,27.84,79.28119894281272
2023-11-10,S005-P0003,Toys,115,166,32.29,27.84,79.25358636968737
2023-11-11,S005-P0003,Toys,124,179,28.23,27.84,108.20501017341442
2023-11-12,S005-P0003,Toys,188,231,31.75,27.84,108.4290084556055
2023-11-13,S005-P0003,Toys,113,245,30.39,27.84,90.05743740817539
2023-11-14,S005-P0003,Toys,114,131,25.38,27.84,108.46329154306054
2023-11-15,S005-P0003,Toys,126,154,30.04,27.84,108.10029064901367
2023-11-16,S005-P0003,Toys,87,181,29.43,27.84,89.58517630847035
2023-11-17,S005-P0003,Toys,53,97,24.7,27.84,79.26721519940813
2023-11-18,S005-P0003,Toys,124,114,26.54,27.84,108.27161939577302
2023-11-19,S005-P0003,Toys,64,126,25.73,27.84,129.6897656648609
2023-11-20,S005-P0003,Toys,120,147,32.73,27.84,79.68218669881996
2023-11-21,S005-P0003,Toys,69,165,27.67,27.84,100.86682740719579
2023-11-22,S005-P0003,Toys,66,102,25.98,27.84,89.79379945381038
2023-11-23,S005-P0003,Toys,123,103,29.81,27.84,108.05762538444083
2023-11-24,S005-P0003,Toys,94,102,27.14,27.84,89.75546058512188
2023-11-25,S005-P0003,Toys,100,106,29.21,27.84,79.45146137273204
2023-11-26,S005-P0003,Toys,118,141,32.55,27.84,100.97733365913214
2023-11-27,S005-P0003,Toys,129,111,26.58,27.84,129.9454799631211
2023-11-28,S005-P0003,Toys,113,165,32.03,27.84,79.56855271046712
2023-11-29,S005-P0003,Toys,89,162,29.69,27.84,100.78156334232112
2023-11-30,S005-P0003,Toys,148,164,35.64,27.84,89.64574868204414
2023-12-01,S005-P0003,Toys,192,161,35.84,27.84,132.0911127842028
2023-12-02,S005-P0003,Toys,90,220,23.47,27.84,121.38545758089941
2023-12-03,S005-P0003,Toys,144,117,33.35,27.84,92.6953452418704
2023-12-04,S005-P0003,Toys,87,127,27.94,27.84,92.75320415936358
2023-12-05,S005-P0003,Toys,127,154,31.7,27.84,92.6630354693356
2023-12-06,S005-P0003,Toys,118,190,24.44,27.84,132.30931845511088
2023-12-07,S005-P0003,Toys,113,232,28.85,27.84,92.3728851901082
2023-12-08,S005-P0003,Toys,104,132,29.49,27.84,92.39231080606629
2023-12-09,S005-P0003,Toys,92,174,26.77,27.84,110.88287524224289
2023-12-10,S005-P0003,Toys,95,194,23.87,27.84,111.15384747153085
2023-12-11,S005-P0003,Toys,85,80,29.24,27.84,82.24655933995874
2023-12-12,S005-P0003,Toys,123,100,28.09,27.84,132.3683359561213
2023-12-13,S005-P0003,Toys,118,127,30.96,27.84,103.39819899112976
2023-12-14,S005-P0003,Toys,36,130,23.06,27.84,103.3303688306404
2023-12-15,S005-P0003,Toys,119,104,30.95,27.84,81.98722216680653
2023-12-16,S005-P0003,Toys,135,119,27.05,27.84,121.3818069799593
2023-12-17,S005-P0003,Toys,142,142,33.24,27.84,92.6327986800174
2023-12-18,S005-P0003,Toys,151,146,30.27,27.84,121.54003891382956
2023-12-19,S005-P0003,Toys,72,229,22.02,27.84,132.46301979252962
2023-12-20,S005-P0003,Toys,45,162,23.92,27.84,82.07548642449841
2023-12-21,S005-P0003,Toys,99,132,29.15,27.84,103.25651000862398
2023-12-22,S005-P0003,Toys,124,135,31.48,27.84,103.27190337892073
2023-12-23,S005-P0003,Toys,104,150,29.59,27.84,82.05233072111636
2023-12-24,S005-P0003,Toys,73,163,26.65,27.84,103.57015048393652
2023-12-25,S005-P0003,Toys,56,164,26.32,27.84,82.20659074201689
2023-12-26,S005-P0003,Toys,95,98,28.69,27.84,82.2200785739722
2023-12-27,S005-P0003,Toys,44,120,19.85,27.84,67.4319248954073
2023-12-28,S005-P0003,Toys,27,124,22.22,27.84,59.757557267118464
2023-12-29,S005-P0003,Toys,18,92,21.39,27.84,59.7710038225346
2023-12-30,S005-P0003,Toys,21,128,22.76,27.84,38.49465432664319
2023-12-31,S005-P0003,Toys,49,111,26.96,27.84,49.04818935509584
2024-01-01,S005-P0003,Toys,19,132,21.44,27.84,49.63081397548035
2024-01-02,S005-P0003,Toys,23,115,21.87,27.84,49.47781240482297
2024-01-03,S005-P0003,Toys,39,95,23.34,27.84,49.35517574807352
2024-01-04,S005-P0003,Toys,28,102,23.5,27.84,38.773574819324715
2024-01-05,S005-P0003,Toys,27,133,19.87,27.84,88.94423105730974
2024-01-06,S005-P0003,Toys,71,104,20.87,27.84,78.22867361810404
2024-01-07,S005-P0003,Toys,14,109,20.96,27.84,39.0756692604505
2024-01-08,S005-P0003,Toys,31,99,17.84,27.84,78.43015579925725
2024-01-09,S005-P0003,Toys,97,128,32.07,27.84,82.4349638347972
2024-01-10,S005-P0003,Toys,115,162,27.46,27.84,111.10913960403231
2024-01-11,S005-P0003,Toys,4,184,17.76,27.84,111.03363810882679
2024-01-12,S005-P0003,Toys,83,180,27.6,27.84,92.5881589837345
2024-01-13,S005-P0003,Toys,95,86,28.67,27.84,103.7407502808245
2024-01-14,S005-P0003,Toys,78,90,27.07,27.84,82.4771109504297
2024-01-15,S005-P0003,Toys,80,117,27.19,27.84,92.97647141579117
2024-01-16,S005-P0003,Toys,74,103,23.94,27.84,111.22041033395205
2024-01-17,S005-P0003,Toys,73,125,26.61,27.84,92.63908905211196
2024-01-18,S005-P0003,Toys,43,154,23.75,27.84,103.46947527683665
2024-01-19,S005-P0003,Toys,34,127,21.66,27.84,110.86084851819875
2024-01-20,S005-P0003,Toys,104,99,29.57,27.84,103.61144069459517
2024-01-21,S005-P0003,Toys,68,97,24.74,27.84,92.85409927699163
2024-01-22,S005-P0003,Toys,183,116,33.25,27.84,132.6050050456052
2024-01-23,S005-P0003,Toys,59,206,26.65,27.84,82.34271561008174
2024-01-24,S005-P0003,Toys,150,145,32.06,27.84,121.35708549935529
2024-01-25,S005-P0003,Toys,62,160,26.94,27.84,103.38740373981767
2024-01-26,S005-P0003,Toys,80,97,30.23,27.84,92.37691689789443
2024-01-27,S005-P0003,Toys,92,136,28.42,27.84,82.16595242475314
2024-01-28,S005-P0003,Toys,113,140,25.66,27.84,121.56634855394401
2024-01-29,S005-P0003,Toys,100,178,30.75,27.84,92.75633258445569
2024-01-30,S005-P0003,Toys,121,212,32.93,27.84,82.19880825857942
2023-10-03,S005-P0004,Groceries,93,194,7.98,7.68,117.81411292741568
2023-10-04,S005-P0004,Groceries,146,100,7.05,7.68,146.62222304373898
2023-10-05,S005-P0004,Groceries,121,152,7.46,7.68,107.26463454465187
2023-10-06,S005-P0004,Groceries,134,179,8.6,7.68,117.58739174181814
2023-10-07,S005-P0004,Groceries,152,146,6.81,7.68,92.88111697126072
2023-10-08,S005-P0004,Groceries,87,177,7.42,7.68,74.45772841415919
2023-10-09,S005-P0004,Groceries,49,115,6.11,7.68,74.63851645566804
2023-10-10,S005-P0004,Groceries,57,109,7.0,7.68,64.08875566475803
2023-10-11,S005-P0004,Groceries,164,115,7.97,7.68,114.11186656967716
2023-10-12,S005-P0004,Groceries,64,170,7.19,7.68,63.82579228310495
2023-10-13,S005-P0004,Groceries,65,99,6.14,7.68,92.67755924216706
2023-10-14,S005-P0004,Groceries,38,103,6.49,7.68,64.0179154657132
2023-10-15,S005-P0004,Groceries,78,120,6.83,7.68,64.24808263392339
2023-10-16,S005-P0004,Groceries,56,137,6.28,7.68,64.37290224458775
2023-10-17,S005-P0004,Groceries,80,79,6.86,7.68,114.30954003763463
2023-10-18,S005-P0004,Groceries,126,87,6.65,7.68,92.99123133346222
2023-10-19,S005-P0004,Groceries,177,106,8.25,7.68,114.09901762913871
2023-10-20,S005-P0004,Groceries,107,157,6.68,7.68,114.18583115310766
2023-10-21,S005-P0004,Groceries,99,169,7.33,7.68,85.49003570821651
2023-10-22,S005-P0004,Groceries,60,170,6.38,7.68,74.75654752909774
2023-10-23,S005-P0004,Groceries,66,102,6.89,7.68,74.77036351037694
2023-10-24,S005-P0004,Groceries,56,92,6.97,7.68,64.23805419809639
2023-10-25,S005-P0004,Groceries,92,108,7.94,7.68,117.94375972220828
2023-10-26,S005-P0004,Groceries,143,128,8.85,7.68,117.8890060562252
2023-10-27,S005-P0004,Groceries,125,169,8.38,7.68,128.8270721380849
2023-10-28,S005-P0004,Groceries,169,166,9.01,7.68,157.78185511218263
2023-10-29,S005-P0004,Groceries,87,185,6.67,7.68,129.2654971894764
2023-10-30,S005-P0004,Groceries,94,84,7.6,7.68,107.89731398282817
2023-10-31,S005-P0004,Groceries,145,133,9.37,7.68,107.81650655594402
2023-11-01,S005-P0004,Groceries,128,144,7.58,7.68,136.47123963008195
2023-11-02,S005-P0004,Groceries,73,136,7.42,7.68,128.83230367731173
2023-11-03,S005-P0004,Groceries,120,149,7.82,7.68,107.64528197686266
2023-11-04,S005-P0004,Groceries,112,143,6.35,7.68,136.61841171293509
2023-11-05,S005-P0004,Groceries,141,140,7.92,7.68,136.62481437678423
2023-11-06,S005-P0004,Groceries,62,197,6.44,7.68,107.94656533132641
2023-11-07,S005-P0004,Groceries,129,159,8.07,7.68,107.86408513224305
2023-11-08,S005-P0004,Groceries,141,183,7.48,7.68,157.8614400672032
2023-11-09,S005-P0004,Groceries,78,206,7.18,7.68,107.62431261159642
2023-11-10,S005-P0004,Groceries,132,144,8.55,7.68,107.59670003847106
2023-11-11,S005-P0004,Groceries,146,199,7.14,7.68,136.6578045038363
2023-11-12,S005-P0004,Groceries,92,183,7.14,7.68,108.02836812001237
2023-11-13,S005-P0004,Groceries,116,81,7.75,7.68,118.4005510769591
2023-11-14,S005-P0004,Groceries,115,129,8.13,7.68,107.89813021501018
2023-11-15,S005-P0004,Groceries,82,93,7.3,7.68,107.75449064423967
2023-11-16,S005-P0004,Groceries,140,92,8.75,7.68,117.98313030807314
2023-11-17,S005-P0004,Groceries,103,156,8.25,7.68,107.61032886819183
2023-11-18,S005-P0004,Groceries,142,151,7.06,7.68,136.66957339537583
2023-11-19,S005-P0004,Groceries,233,184,8.9,7.68,158.19740032610187
2023-11-20,S005-P0004,Groceries,72,230,6.7,7.68,108.08014069842275
2023-11-21,S005-P0004,Groceries,194,186,9.63,7.68,129.31962173761767
2023-11-22,S005-P0004,Groceries,65,156,6.52,7.68,118.19175345341317
2023-11-23,S005-P0004,Groceries,113,79,7.27,7.68,136.45557938404363
2023-11-24,S005-P0004,Groceries,177,114,8.24,7.68,146.8971685891015
2023-11-25,S005-P0004,Groceries,102,174,7.79,7.68,107.84941537233482
2023-11-26,S005-P0004,Groceries,183,183,9.86,7.68,129.37528765873492
2023-11-27,S005-P0004,Groceries,124,201,7.92,7.68,129.4899992967089
2023-11-28,S005-P0004,Groceries,157,237,7.26,7.68,136.92962203772308
2023-11-29,S005-P0004,Groceries,120,245,7.43,7.68,129.234357672743
2023-11-30,S005-P0004,Groceries,98,155,7.7,7.68,118.04370268164692
2023-12-01,S005-P0004,Groceries,115,187,6.42,7.68,160.59874744544376
2023-12-02,S005-P0004,Groceries,123,202,7.92,7.68,120.87513658366817
2023-12-03,S005-P0004,Groceries,137,219,8.68,7.68,121.0384589106541
2023-12-04,S005-P0004,Groceries,93,78,7.96,7.68,121.04147749732819
2023-12-05,S005-P0004,Groceries,117,120,6.95,7.68,149.80474347331526
2023-12-06,S005-P0004,Groceries,208,120,9.95,7.68,160.54275146225643
2023-12-07,S005-P0004,Groceries,100,236,7.35,7.68,120.71599885889191
2023-12-08,S005-P0004,Groceries,123,118,7.9,7.68,120.79026480566908
2023-12-09,S005-P0004,Groceries,60,148,7.09,7.68,110.4273945758307
2023-12-10,S005-P0004,Groceries,68,98,6.93,7.68,110.64352647429956
2023-12-11,S005-P0004,Groceries,140,83,7.85,7.68,139.49794800557655
2023-12-12,S005-P0004,Groceries,71,168,5.97,7.68,160.76628995572412
2023-12-13,S005-P0004,Groceries,149,119,8.09,7.68,131.8509933215516
2023-12-14,S005-P0004,Groceries,198,125,10.25,7.68,131.61864216860502
2023-12-15,S005-P0004,Groceries,105,178,7.46,7.68,110.38517616640931
2023-12-16,S005-P0004,Groceries,122,189,7.0,7.68,149.72492064874302
2023-12-17,S005-P0004,Groceries,34,196,6.06,7.68,120.9759123488011
2023-12-18,S005-P0004,Groceries,109,168,8.4,7.68,121.02971791659827
2023-12-19,S005-P0004,Groceries,134,189,8.62,7.68,131.89785846447927
2023-12-20,S005-P0004,Groceries,166,201,8.96,7.68,110.41860009328212
2023-12-21,S005-P0004,Groceries,148,217,8.96,7.68,131.59962367740766
2023-12-22,S005-P0004,Groceries,250,241,10.35,7.68,160.46845171371945
2023-12-23,S005-P0004,Groceries,93,360,7.96,7.68,110.39544438990006
2023-12-24,S005-P0004,Groceries,252,288,9.17,7.68,160.87637948037337
2023-12-25,S005-P0004,Groceries,113,341,6.87,7.68,139.4579794076347
2023-12-26,S005-P0004,Groceries,116,247,7.72,7.68,110.618032573575
2023-12-27,S005-P0004,Groceries,73,144,6.68,7.68,66.97644422899509
2023-12-28,S005-P0004,Groceries,140,123,7.02,7.68,117.00894593273624
2023-12-29,S005-P0004,Groceries,37,152,5.83,7.68,88.22379815295646
2023-12-30,S005-P0004,Groceries,51,129,6.5,7.68,66.89260832624598
2023-12-31,S005-P0004,Groceries,101,151,7.77,7.68,77.44614335469862
2024-01-01,S005-P0004,Groceries,67,142,6.22,7.68,78.02876797508313
2024-01-02,S005-P0004,Groceries,81,135,7.26,7.68,77.82092607360666
2024-01-03,S005-P0004,Groceries,100,163,8.17,7.68,77.64344908603813
2024-01-04,S005-P0004,Groceries,30,176,5.96,7.68,67.1166884881084
2024-01-05,S005-P0004,Groceries,116,154,8.16,7.68,88.54359072171663
2024-01-06,S005-P0004,Groceries,81,169,7.64,7.68,77.66351229005365
2024-01-07,S005-P0004,Groceries,73,88,7.05,7.68,67.4187829292342
2024-01-08,S005-P0004,Groceries,133,86,7.69,7.68,106.71842913722185
2024-01-09,S005-P0004,Groceries,38,150,6.51,7.68,110.83291783439998
2024-01-10,S005-P0004,Groceries,68,126,6.56,7.68,110.7633395992583
2024-01-11,S005-P0004,Groceries,152,142,7.27,7.68,139.4315921084296
2024-01-12,S005-P0004,Groceries,204,154,8.31,7.68,149.8395476493523
2024-01-13,S005-P0004,Groceries,141,233,8.32,7.68,132.13870428042728
2024-01-14,S005-P0004,Groceries,122,75,7.0,7.68,139.72849961604751
2024-01-15,S005-P0004,Groceries,156,140,9.66,7.68,121.26474475375579
2024-01-16,S005-P0004,Groceries,176,138,8.72,7.68,139.56352400273576
2024-01-17,S005-P0004,Groceries,125,145,8.84,7.68,120.98220272089566
2024-01-18,S005-P0004,Groceries,108,132,7.15,7.68,160.61118328081625
2024-01-19,S005-P0004,Groceries,86,119,7.38,7.68,110.51504851342474
2024-01-20,S005-P0004,Groceries,158,147,8.3,7.68,160.75314869857476
2024-01-21,S005-P0004,Groceries,139,178,7.86,7.68,149.94096695015216
2024-01-22,S005-P0004,Groceries,144,252,8.4,7.68,132.25920504083118
2024-01-23,S005-P0004,Groceries,146,80,8.03,7.68,110.79550994050359
2024-01-24,S005-P0004,Groceries,145,127,8.9,7.68,120.90160483294311
2024-01-25,S005-P0004,Groceries,143,154,7.97,7.68,131.84019807023952
2024-01-26,S005-P0004,Groceries,167,135,8.52,7.68,149.57346523269314
2024-01-27,S005-P0004,Groceries,69,173,6.97,7.68,110.50906609353683
2024-01-28,S005-P0004,Groceries,147,118,8.05,7.68,149.85462189190864
2024-01-29,S005-P0004,Groceries,87,140,6.69,7.68,121.20912691487756
2024-01-30,S005-P0004,Groceries,115,141,7.73,7.68,110.6516025890013
2023-10-03,S005-P0005,Groceries,187,0,18.89,16.05,146.66754759343073
2023-10-04,S005-P0005,Groceries,89,272,15.01,16.05,117.768788377724
2023-10-05,S005-P0005,Groceries,55,495,14.01,16.05,107.2097942138328
2023-10-06,S005-P0005,Groceries,128,434,17.95,16.05,117.58739174181814
2023-10-07,S005-P0005,Groceries,50,328,12.36,16.05,64.02768230524572
2023-10-08,S005-P0005,Groceries,75,283,14.34,16.05,74.51256874497828
2023-10-09,S005-P0005,Groceries,64,218,12.19,16.05,103.43711079086395
2023-10-10,S005-P0005,Groceries,61,145,12.89,16.05,92.88734999995395
2023-10-11,S005-P0005,Groceries,104,104,16.67,16.05,85.31327223448126
2023-10-12,S005-P0005,Groceries,87,153,14.07,16.05,92.67922694911994
2023-10-13,S005-P0005,Groceries,69,283,13.29,16.05,92.62271891134799
2023-10-14,S005-P0005,Groceries,51,241,10.35,16.05,92.98103079336639
2023-10-15,S005-P0005,Groceries,102,202,16.55,16.05,64.24808263392339
2023-10-16,S005-P0005,Groceries,41,122,9.94,16.05,93.22633691060275
2023-10-17,S005-P0005,Groceries,29,303,11.99,16.05,85.56578603325781
2023-10-18,S005-P0005,Groceries,78,269,16.05,16.05,64.02811600580904
2023-10-19,S005-P0005,Groceries,80,183,15.35,16.05,85.30042329394281
2023-10-20,S005-P0005,Groceries,71,135,13.36,16.05,85.38723681791174
2023-10-21,S005-P0005,Groceries,94,228,15.29,16.05,85.49003570821651
2023-10-22,S005-P0005,Groceries,108,160,14.32,16.05,103.50030153347457
2023-10-23,S005-P0005,Groceries,111,260,12.78,16.05,103.67863850721102
2023-10-24,S005-P0005,Groceries,55,132,10.51,16.05,93.20116952574958
2023-10-25,S005-P0005,Groceries,80,353,16.18,16.05,117.94375972220828
2023-10-26,S005-P0005,Groceries,90,287,15.07,16.05,117.94384638704427
2023-10-27,S005-P0005,Groceries,115,213,16.39,16.05,128.88191246890398
2023-10-28,S005-P0005,Groceries,143,137,18.78,16.05,128.98326077698673
2023-10-29,S005-P0005,Groceries,139,276,19.53,16.05,129.15581652783825
2023-10-30,S005-P0005,Groceries,108,172,16.04,16.05,107.95215431364727
2023-10-31,S005-P0005,Groceries,106,342,16.75,16.05,107.81650655594402
2023-11-01,S005-P0005,Groceries,115,274,14.66,16.05,136.47123963008195
2023-11-02,S005-P0005,Groceries,78,162,14.43,16.05,128.94198433894988
2023-11-03,S005-P0005,Groceries,95,352,12.13,16.05,136.49871664287767
2023-11-04,S005-P0005,Groceries,135,244,15.45,16.05,136.563571382116
2023-11-05,S005-P0005,Groceries,147,116,14.25,16.05,136.78933536924148
2023-11-06,S005-P0005,Groceries,103,242,14.94,16.05,108.00140566214549
2023-11-07,S005-P0005,Groceries,135,447,19.29,16.05,107.80924480142394
2023-11-08,S005-P0005,Groceries,102,296,16.52,16.05,129.0080054011882
2023-11-09,S005-P0005,Groceries,139,211,17.55,16.05,107.6791529424155
2023-11-10,S005-P0005,Groceries,88,87,15.01,16.05,107.65154036929016
2023-11-11,S005-P0005,Groceries,42,342,12.63,16.05,107.85921016864037
2023-11-12,S005-P0005,Groceries,102,314,15.68,16.05,108.02836812001237
2023-11-13,S005-P0005,Groceries,189,191,15.94,16.05,147.30882607379317
2023-11-14,S005-P0005,Groceries,165,0,17.96,16.05,136.69672455020608
2023-11-15,S005-P0005,Groceries,83,358,15.49,16.05,107.69965031342059
2023-11-16,S005-P0005,Groceries,117,621,17.38,16.05,118.03797063889223
2023-11-17,S005-P0005,Groceries,149,512,20.11,16.05,107.61032886819183
2023-11-18,S005-P0005,Groceries,93,333,15.21,16.05,107.8709790601799
2023-11-19,S005-P0005,Groceries,155,244,16.33,16.05,158.19740032610187
2023-11-20,S005-P0005,Groceries,136,98,13.79,16.05,136.9884156952568
2023-11-21,S005-P0005,Groceries,146,354,17.99,16.05,129.31962173761767
2023-11-22,S005-P0005,Groceries,79,258,16.11,16.05,118.13691312259408
2023-11-23,S005-P0005,Groceries,176,502,19.43,16.05,136.45557938404363
2023-11-24,S005-P0005,Groceries,160,295,19.69,16.05,118.09857425390558
2023-11-25,S005-P0005,Groceries,146,181,15.91,16.05,136.70285003834982
2023-11-26,S005-P0005,Groceries,158,426,18.56,16.05,129.430127989554
2023-11-27,S005-P0005,Groceries,236,280,23.76,16.05,129.38031863507075
2023-11-28,S005-P0005,Groceries,128,113,17.96,16.05,107.9665067100699
2023-11-29,S005-P0005,Groceries,96,478,15.39,16.05,129.234357672743
2023-11-30,S005-P0005,Groceries,115,399,16.37,16.05,118.09854301246601
2023-12-01,S005-P0005,Groceries,123,304,13.94,16.05,160.59874744544376
2023-12-02,S005-P0005,Groceries,140,169,17.59,16.05,120.92997691448724
2023-12-03,S005-P0005,Groceries,107,252,15.12,16.05,121.09329924147318
2023-12-04,S005-P0005,Groceries,61,168,13.58,16.05,121.15115815896635
2023-12-05,S005-P0005,Groceries,118,342,14.77,16.05,149.80474347331526
2023-12-06,S005-P0005,Groceries,186,208,22.21,16.05,131.74415712706056
2023-12-07,S005-P0005,Groceries,120,81,15.77,16.05,120.77083918971098
2023-12-08,S005-P0005,Groceries,178,433,20.63,16.05,120.73542447485
2023-12-09,S005-P0005,Groceries,55,295,14.0,16.05,110.48223490664978
2023-12-10,S005-P0005,Groceries,51,233,13.1,16.05,110.64352647429956
2023-12-11,S005-P0005,Groceries,58,188,14.92,16.05,110.64451333956151
2023-12-12,S005-P0005,Groceries,187,131,15.84,16.05,160.87597061736227
2023-12-13,S005-P0005,Groceries,112,0,16.23,16.05,131.79615299073254
2023-12-14,S005-P0005,Groceries,129,443,15.14,16.05,160.52691716543913
2023-12-15,S005-P0005,Groceries,93,365,13.66,16.05,139.1289301707862
2023-12-16,S005-P0005,Groceries,148,288,15.01,16.05,149.7797609795621
2023-12-17,S005-P0005,Groceries,116,158,14.71,16.05,149.82934701481614
2023-12-18,S005-P0005,Groceries,98,277,14.72,16.05,121.13939857823644
2023-12-19,S005-P0005,Groceries,109,165,13.54,16.05,160.80613346131335
2023-12-20,S005-P0005,Groceries,124,43,18.66,16.05,110.36375976246302
2023-12-21,S005-P0005,Groceries,135,235,17.34,16.05,131.70930433904584
2023-12-22,S005-P0005,Groceries,177,416,16.46,16.05,160.52329204453852
2023-12-23,S005-P0005,Groceries,107,288,15.92,16.05,110.50512505153822
2023-12-24,S005-P0005,Groceries,114,492,17.21,16.05,131.91326415272022
2023-12-25,S005-P0005,Groceries,71,359,14.11,16.05,110.71422540325784
2023-12-26,S005-P0005,Groceries,118,289,16.52,16.05,110.56319224275592
2023-12-27,S005-P0005,Groceries,60,171,12.84,16.05,66.97644422899509
2023-12-28,S005-P0005,Groceries,46,369,11.38,16.05,117.00894593273624
2023-12-29,S005-P0005,Groceries,87,336,14.97,16.05,88.16895782213739
2023-12-30,S005-P0005,Groceries,33,232,12.2,16.05,66.94744865706505
2023-12-31,S005-P0005,Groceries,59,194,13.51,16.05,77.50098368551771
2024-01-01,S005-P0005,Groceries,110,144,17.0,16.05,77.91908731344496
2024-01-02,S005-P0005,Groceries,75,34,14.31,16.05,106.61952040880257
2024-01-03,S005-P0005,Groceries,71,232,12.52,16.05,106.55172408287221
2024-01-04,S005-P0005,Groceries,99,169,16.37,16.05,67.1715288189275
2024-01-05,S005-P0005,Groceries,69,65,11.08,16.05,117.4518657185507
2024-01-06,S005-P0005,Groceries,45,203,13.47,16.05,77.71835262087274
2024-01-07,S005-P0005,Groceries,83,175,14.71,16.05,67.52846359087235
2024-01-08,S005-P0005,Groceries,113,120,16.3,16.05,77.91983480202595
2024-01-09,S005-P0005,Groceries,130,198,18.07,16.05,110.83291783439998
2024-01-10,S005-P0005,Groceries,163,82,19.81,16.05,110.70849926843923
2024-01-11,S005-P0005,Groceries,85,283,14.84,16.05,110.57815744241461
2024-01-12,S005-P0005,Groceries,123,549,15.91,16.05,121.04095331415637
2024-01-13,S005-P0005,Groceries,95,469,16.16,16.05,132.0838639496082
2024-01-14,S005-P0005,Groceries,149,373,18.07,16.05,110.92990528085156
2024-01-15,S005-P0005,Groceries,104,277,15.76,16.05,121.37442541539396
2024-01-16,S005-P0005,Groceries,149,192,17.05,16.05,139.61836433355487
2024-01-17,S005-P0005,Groceries,114,74,16.29,16.05,121.09188338253382
2024-01-18,S005-P0005,Groceries,115,321,17.26,16.05,131.86742927643942
2024-01-19,S005-P0005,Groceries,141,213,16.7,16.05,139.31364284862067
2024-01-20,S005-P0005,Groceries,192,57,16.91,16.05,160.91766969103202
2024-01-21,S005-P0005,Groceries,196,290,20.46,16.05,149.94096695015216
2024-01-22,S005-P0005,Groceries,133,537,17.25,16.05,132.25920504083118
2024-01-23,S005-P0005,Groceries,108,410,16.86,16.05,110.68582927886544
2024-01-24,S005-P0005,Groceries,64,310,11.46,16.05,149.86472016059625
2024-01-25,S005-P0005,Groceries,145,253,18.89,16.05,131.78535773942045
2024-01-26,S005-P0005,Groceries,248,104,19.54,16.05,149.68314589433132
2024-01-27,S005-P0005,Groceries,111,266,13.46,16.05,139.47218142119002
2024-01-28,S005-P0005,Groceries,98,581,16.33,16.05,121.1108678875318
2024-01-29,S005-P0005,Groceries,164,469,20.94,16.05,121.09944625323939
2024-01-30,S005-P0005,Groceries,113,288,17.12,16.05,110.6516025890013
2023-10-03,S005-P0006,Groceries,122,927,64.24,59.305,117.81411292741568
2023-10-04,S005-P0006,Groceries,123,832,54.86,59.305,146.51254238210083
2023-10-05,S005-P0006,Groceries,72,718,54.4,59.305,107.2097942138328
2023-10-06,S005-P0006,Groceries,169,658,69.89,59.305,117.64223207263723
2023-10-07,S005-P0006,Groceries,86,475,54.26,59.305,64.02768230524572
2023-10-08,S005-P0006,Groceries,44,387,46.32,59.305,74.56740907579736
2023-10-09,S005-P0006,Groceries,81,358,53.34,59.305,74.58367612484896
2023-10-10,S005-P0006,Groceries,99,848,53.53,59.305,92.94219033077303
2023-10-11,S005-P0006,Groceries,94,740,44.02,59.305,114.22154723131534
2023-10-12,S005-P0006,Groceries,88,652,54.62,59.305,63.88063261392404
2023-10-13,S005-P0006,Groceries,51,582,47.83,59.305,63.87896490697117
2023-10-14,S005-P0006,Groceries,107,549,51.64,59.305,92.92619046254728
2023-10-15,S005-P0006,Groceries,90,429,58.04,59.305,64.24808263392339
2023-10-16,S005-P0006,Groceries,61,365,49.45,59.305,93.0618159181455
2023-10-17,S005-P0006,Groceries,117,312,56.89,59.305,85.62062636407688
2023-10-18,S005-P0006,Groceries,80,199,44.79,59.305,92.93639100264312
2023-10-19,S005-P0006,Groceries,120,503,50.47,59.305,114.2086982907769
2023-10-20,S005-P0006,Groceries,102,363,60.34,59.305,85.27755615627358
2023-10-21,S005-P0006,Groceries,63,284,52.75,59.305,85.43519537739742
2023-10-22,S005-P0006,Groceries,66,216,42.62,59.305,103.55514186429366
2023-10-23,S005-P0006,Groceries,67,604,42.19,59.305,103.67863850721102
2023-10-24,S005-P0006,Groceries,47,530,46.93,59.305,64.34773485973457
2023-10-25,S005-P0006,Groceries,205,495,72.19,59.305,146.7971943882233
2023-10-26,S005-P0006,Groceries,142,286,68.29,59.305,117.83416572540611
2023-10-27,S005-P0006,Groceries,118,168,60.13,59.305,128.93675279972305
2023-10-28,S005-P0006,Groceries,145,73,65.17,59.305,129.09294143862488
2023-10-29,S005-P0006,Groceries,113,797,59.37,59.305,129.21065685865733
2023-10-30,S005-P0006,Groceries,143,694,68.32,59.305,107.95215431364727
2023-10-31,S005-P0006,Groceries,88,578,51.81,59.305,107.9261872175822
2023-11-01,S005-P0006,Groceries,95,497,56.01,59.305,107.67264529488605
2023-11-02,S005-P0006,Groceries,113,422,62.48,59.305,128.8871440081308
2023-11-03,S005-P0006,Groceries,90,333,58.06,59.305,107.59044164604359
2023-11-04,S005-P0006,Groceries,94,230,55.67,59.305,107.76497704692011
2023-11-05,S005-P0006,Groceries,50,155,50.03,59.305,107.8262200415883
2023-11-06,S005-P0006,Groceries,159,571,67.82,59.305,108.00140566214549
2023-11-07,S005-P0006,Groceries,46,445,46.84,59.305,107.86408513224305
2023-11-08,S005-P0006,Groceries,130,408,59.19,59.305,129.11768606282638
2023-11-09,S005-P0006,Groceries,172,301,66.28,59.305,136.42290694679238
2023-11-10,S005-P0006,Groceries,168,802,61.76,59.305,136.50497503530516
2023-11-11,S005-P0006,Groceries,112,691,56.15,59.305,107.85921016864037
2023-11-12,S005-P0006,Groceries,143,558,54.75,59.305,136.8269624552083
2023-11-13,S005-P0006,Groceries,140,461,54.23,59.305,147.2539857429741
2023-11-14,S005-P0006,Groceries,126,334,68.41,59.305,107.89813021501018
2023-11-15,S005-P0006,Groceries,174,228,62.77,59.305,136.60792531025467
2023-11-16,S005-P0006,Groceries,158,627,71.28,59.305,118.03797063889223
2023-11-17,S005-P0006,Groceries,168,519,58.67,59.305,136.51860386502594
2023-11-18,S005-P0006,Groceries,143,385,54.75,59.305,136.66957339537583
2023-11-19,S005-P0006,Groceries,100,226,63.04,59.305,129.2891253292678
2023-11-20,S005-P0006,Groceries,162,731,68.51,59.305,108.08014069842275
2023-11-21,S005-P0006,Groceries,106,555,57.99,59.305,129.31962173761767
2023-11-22,S005-P0006,Groceries,178,479,60.24,59.305,147.04518811942816
2023-11-23,S005-P0006,Groceries,129,367,62.19,59.305,107.76666571048588
2023-11-24,S005-P0006,Groceries,157,770,74.8,59.305,118.04373392308649
2023-11-25,S005-P0006,Groceries,133,675,62.97,59.305,107.9042557031539
2023-11-26,S005-P0006,Groceries,112,575,65.53,59.305,129.32044732791584
2023-11-27,S005-P0006,Groceries,255,474,85.75,59.305,158.17891297026665
2023-11-28,S005-P0006,Groceries,85,233,51.01,59.305,136.81994137608493
2023-11-29,S005-P0006,Groceries,223,131,80.01,59.305,129.1795173419239
2023-11-30,S005-P0006,Groceries,146,0,62.01,59.305,118.15338334328509
2023-12-01,S005-P0006,Groceries,174,1216,70.75,59.305,131.69047244860965
2023-12-02,S005-P0006,Groceries,123,1106,64.55,59.305,120.87513658366817
2023-12-03,S005-P0006,Groceries,218,995,74.45,59.305,149.83705324585003
2023-12-04,S005-P0006,Groceries,80,780,55.91,59.305,121.04147749732819
2023-12-05,S005-P0006,Groceries,173,731,74.39,59.305,120.95130880730021
2023-12-06,S005-P0006,Groceries,199,526,71.11,59.305,160.59759179307554
2023-12-07,S005-P0006,Groceries,230,401,72.6,59.305,149.51459319408787
2023-12-08,S005-P0006,Groceries,121,180,54.48,59.305,149.53401881004595
2023-12-09,S005-P0006,Groceries,95,903,44.27,59.305,139.39050990348386
2023-12-10,S005-P0006,Groceries,88,809,54.52,59.305,110.69836680511864
2023-12-11,S005-P0006,Groceries,85,735,57.02,59.305,110.64451333956151
2023-12-12,S005-P0006,Groceries,193,646,70.0,59.305,160.76628995572412
2023-12-13,S005-P0006,Groceries,175,424,67.14,59.305,131.8509933215516
2023-12-14,S005-P0006,Groceries,131,246,59.47,59.305,131.72832283024317
2023-12-15,S005-P0006,Groceries,48,120,44.75,59.305,139.0740898399671
2023-12-16,S005-P0006,Groceries,122,782,64.27,59.305,120.87148598272803
2023-12-17,S005-P0006,Groceries,151,675,55.25,59.305,149.9390276764543
2023-12-18,S005-P0006,Groceries,123,535,57.71,59.305,149.8831525826133
2023-12-19,S005-P0006,Groceries,97,448,53.41,59.305,132.00753912611742
2023-12-20,S005-P0006,Groceries,70,362,48.66,59.305,110.4734404241012
2023-12-21,S005-P0006,Groceries,222,900,62.94,59.305,160.56273900506085
2023-12-22,S005-P0006,Groceries,133,710,66.36,59.305,131.66985737852352
2023-12-23,S005-P0006,Groceries,119,561,57.33,59.305,110.50512505153822
2023-12-24,S005-P0006,Groceries,177,440,75.11,59.305,131.91326415272022
2023-12-25,S005-P0006,Groceries,177,1074,75.11,59.305,110.60454474161966
2023-12-26,S005-P0006,Groceries,157,866,71.1,59.305,110.50835191193681
2023-12-27,S005-P0006,Groceries,77,707,52.56,59.305,66.92160389817602
2023-12-28,S005-P0006,Groceries,112,656,65.51,59.305,88.10067093590216
2023-12-29,S005-P0006,Groceries,55,539,53.73,59.305,88.1141174913183
2023-12-30,S005-P0006,Groceries,49,482,44.94,59.305,67.00228898788413
2023-12-31,S005-P0006,Groceries,43,452,51.34,59.305,77.44614335469862
2024-01-01,S005-P0006,Groceries,74,426,57.77,59.305,77.91908731344496
2024-01-02,S005-P0006,Groceries,37,370,37.51,59.305,106.78404140125983
2024-01-03,S005-P0006,Groceries,149,336,55.73,59.305,106.55172408287221
2024-01-04,S005-P0006,Groceries,122,236,54.67,59.305,95.9701231541234
2024-01-05,S005-P0006,Groceries,80,137,55.93,59.305,88.48875039089754
2024-01-06,S005-P0006,Groceries,90,75,60.98,59.305,77.66351229005365
2024-01-07,S005-P0006,Groceries,115,720,62.97,59.305,67.47362326005327
2024-01-08,S005-P0006,Groceries,80,599,50.17,59.305,106.71842913722185
2024-01-09,S005-P0006,Groceries,93,509,55.46,59.305,110.94259849603816
2024-01-10,S005-P0006,Groceries,116,402,63.14,59.305,110.65365893762012
2024-01-11,S005-P0006,Groceries,96,279,56.19,59.305,110.57815744241461
2024-01-12,S005-P0006,Groceries,120,178,47.85,59.305,149.8943879801714
2024-01-13,S005-P0006,Groceries,87,91,54.57,59.305,132.0838639496082
2024-01-14,S005-P0006,Groceries,63,510,55.43,59.305,110.8202246192134
2024-01-15,S005-P0006,Groceries,118,459,66.85,59.305,121.26474475375579
2024-01-16,S005-P0006,Groceries,63,381,50.02,59.305,110.81976999835894
2024-01-17,S005-P0006,Groceries,108,313,61.43,59.305,121.03704305171475
2024-01-18,S005-P0006,Groceries,83,234,50.85,59.305,131.9222696072585
2024-01-19,S005-P0006,Groceries,73,663,54.61,59.305,110.51504851342474
2024-01-20,S005-P0006,Groceries,84,608,56.88,59.305,131.95455436337886
2024-01-21,S005-P0006,Groceries,148,552,55.53,59.305,150.05064761179034
2024-01-22,S005-P0006,Groceries,123,452,64.5,59.305,132.2043647100121
2024-01-23,S005-P0006,Groceries,134,378,56.68,59.305,139.53926394488047
2024-01-24,S005-P0006,Groceries,167,264,65.77,59.305,149.700199168139
2024-01-25,S005-P0006,Groceries,141,696,50.99,59.305,160.69363273625453
2024-01-26,S005-P0006,Groceries,76,604,55.26,59.305,120.77487089749721
2024-01-27,S005-P0006,Groceries,142,534,71.8,59.305,110.50906609353683
2024-01-28,S005-P0006,Groceries,112,408,46.74,59.305,150.0191428843659
2024-01-29,S005-P0006,Groceries,78,327,52.66,59.305,121.20912691487756
2024-01-30,S005-P0006,Groceries,163,266,72.4,59.305,110.5967622581822
2023-10-03,S005-P0007,Groceries,124,402,84.82,82.395,117.86895325823477
2023-10-04,S005-P0007,Groceries,69,683,78.09,82.395,117.65910771608583
2023-10-05,S005-P0007,Groceries,125,607,94.35,82.395,107.15495388301372
2023-10-06,S005-P0007,Groceries,118,496,73.78,82.395,146.49566673865223
2023-10-07,S005-P0007,Groceries,108,368,71.43,82.395,92.82627664044162
2023-10-08,S005-P0007,Groceries,50,269,72.8,82.395,74.45772841415919
2023-10-09,S005-P0007,Groceries,42,211,66.87,82.395,74.58367612484896
2023-10-10,S005-P0007,Groceries,82,180,66.21,82.395,92.94219033077303
2023-10-11,S005-P0007,Groceries,88,110,66.88,82.395,114.16670690049625
2023-10-12,S005-P0007,Groceries,48,240,68.71,82.395,63.82579228310495
2023-10-13,S005-P0007,Groceries,53,204,73.65,82.395,63.82412457615208
2023-10-14,S005-P0007,Groceries,45,162,57.01,82.395,92.92619046254728
2023-10-15,S005-P0007,Groceries,108,124,76.28,82.395,64.30292296474246
2023-10-16,S005-P0007,Groceries,112,120,86.05,82.395,64.31806191376867
2023-10-17,S005-P0007,Groceries,61,208,68.3,82.395,85.62062636407688
2023-10-18,S005-P0007,Groceries,110,149,64.03,82.395,92.99123133346222
2023-10-19,S005-P0007,Groceries,91,75,84.62,82.395,85.24558296312372
2023-10-20,S005-P0007,Groceries,88,258,75.47,82.395,85.33239648709267
2023-10-21,S005-P0007,Groceries,102,165,78.87,82.395,114.23378971259334
2023-10-22,S005-P0007,Groceries,57,51,67.58,82.395,74.70170719827867
2023-10-23,S005-P0007,Groceries,86,221,83.14,82.395,74.71552317955785
2023-10-24,S005-P0007,Groceries,55,118,66.83,82.395,64.34773485973457
2023-10-25,S005-P0007,Groceries,97,209,61.42,82.395,146.90687504986144
2023-10-26,S005-P0007,Groceries,108,134,76.39,82.395,117.94384638704427
2023-10-27,S005-P0007,Groceries,196,255,114.54,82.395,128.8270721380849
2023-10-28,S005-P0007,Groceries,167,58,95.97,82.395,129.0381011078058
2023-10-29,S005-P0007,Groceries,103,317,83.63,82.395,129.21065685865733
2023-10-30,S005-P0007,Groceries,111,581,81.14,82.395,108.00699464446635
2023-10-31,S005-P0007,Groceries,40,485,62.98,82.395,107.9261872175822
2023-11-01,S005-P0007,Groceries,84,452,70.44,82.395,107.72748562570513
2023-11-02,S005-P0007,Groceries,230,382,112.1,82.395,128.8871440081308
2023-11-03,S005-P0007,Groceries,155,127,92.65,82.395,107.59044164604359
2023-11-04,S005-P0007,Groceries,69,530,74.21,82.395,107.65529638528193
2023-11-05,S005-P0007,Groceries,118,464,70.04,82.395,136.7344950384224
2023-11-06,S005-P0007,Groceries,108,363,84.85,82.395,107.94656533132641
2023-11-07,S005-P0007,Groceries,235,266,89.48,82.395,136.77236012907713
2023-11-08,S005-P0007,Groceries,142,8,99.17,82.395,129.0080054011882
2023-11-09,S005-P0007,Groceries,151,472,91.44,82.395,107.6791529424155
2023-11-10,S005-P0007,Groceries,140,304,89.0,82.395,107.65154036929016
2023-11-11,S005-P0007,Groceries,139,144,88.41,82.395,107.85921016864037
2023-11-12,S005-P0007,Groceries,76,335,76.3,82.395,107.91868745837422
2023-11-13,S005-P0007,Groceries,114,261,72.81,82.395,147.2539857429741
2023-11-14,S005-P0007,Groceries,113,160,90.77,82.395,107.89813021501018
2023-11-15,S005-P0007,Groceries,156,232,102.97,82.395,107.69965031342059
2023-11-16,S005-P0007,Groceries,149,76,85.81,82.395,146.83656497408816
2023-11-17,S005-P0007,Groceries,148,350,90.74,82.395,136.40892320338776
2023-11-18,S005-P0007,Groceries,124,182,84.47,82.395,136.55989273373766
2023-11-19,S005-P0007,Groceries,154,382,87.71,82.395,129.39880599090594
2023-11-20,S005-P0007,Groceries,141,230,88.86,82.395,108.13498102924183
2023-11-21,S005-P0007,Groceries,59,426,64.1,82.395,158.1182160728136
2023-11-22,S005-P0007,Groceries,179,364,93.3,82.395,146.99034778860909
2023-11-23,S005-P0007,Groceries,115,235,65.11,82.395,136.6201003765009
2023-11-24,S005-P0007,Groceries,79,532,69.25,82.395,118.15341458472466
2023-11-25,S005-P0007,Groceries,124,451,80.32,82.395,107.9042557031539
2023-11-26,S005-P0007,Groceries,100,342,65.24,82.395,158.283562655569
2023-11-27,S005-P0007,Groceries,133,239,91.63,82.395,129.38031863507075
2023-11-28,S005-P0007,Groceries,86,139,74.65,82.395,108.07618737170807
2023-11-29,S005-P0007,Groceries,130,327,95.76,82.395,129.1246770111048
2023-11-30,S005-P0007,Groceries,62,176,68.8,82.395,118.09854301246601
2023-12-01,S005-P0007,Groceries,102,379,78.89,82.395,131.74531277942873
2023-12-02,S005-P0007,Groceries,95,273,65.12,82.395,149.72857124968314
2023-12-03,S005-P0007,Groceries,131,216,86.47,82.395,121.0384589106541
2023-12-04,S005-P0007,Groceries,100,75,82.73,82.395,121.04147749732819
2023-12-05,S005-P0007,Groceries,58,253,67.82,82.395,121.0061491381193
2023-12-06,S005-P0007,Groceries,205,195,88.94,82.395,160.6524321238946
2023-12-07,S005-P0007,Groceries,142,47,79.33,82.395,149.56943352490694
2023-12-08,S005-P0007,Groceries,151,344,96.46,82.395,120.73542447485
2023-12-09,S005-P0007,Groceries,74,240,71.73,82.395,110.53707523746885
2023-12-10,S005-P0007,Groceries,124,440,70.54,82.395,139.55180147113367
2023-12-11,S005-P0007,Groceries,46,343,53.73,82.395,139.6076286672147
2023-12-12,S005-P0007,Groceries,156,298,97.88,82.395,131.9676956205282
2023-12-13,S005-P0007,Groceries,158,178,93.32,82.395,131.8509933215516
2023-12-14,S005-P0007,Groceries,46,325,67.95,82.395,131.61864216860502
2023-12-15,S005-P0007,Groceries,73,276,60.28,82.395,139.18377050160527
2023-12-16,S005-P0007,Groceries,111,203,76.78,82.395,149.67008031792395
2023-12-17,S005-P0007,Groceries,126,84,94.45,82.395,120.9759123488011
2023-12-18,S005-P0007,Groceries,172,249,102.25,82.395,121.08455824741736
2023-12-19,S005-P0007,Groceries,144,145,70.98,82.395,160.86097379213243
2023-12-20,S005-P0007,Groceries,151,420,86.79,82.395,110.4734404241012
2023-12-21,S005-P0007,Groceries,101,241,83.02,82.395,131.65446400822677
2023-12-22,S005-P0007,Groceries,169,130,96.23,82.395,131.7246977093426
2023-12-23,S005-P0007,Groceries,130,215,72.7,82.395,139.30371938673414
2023-12-24,S005-P0007,Groceries,162,413,84.58,82.395,160.76669881873522
2023-12-25,S005-P0007,Groceries,42,292,67.08,82.395,110.65938507243877
2023-12-26,S005-P0007,Groceries,49,241,65.26,82.395,110.618032573575
2023-12-27,S005-P0007,Groceries,91,190,80.28,82.395,66.92160389817602
2023-12-28,S005-P0007,Groceries,65,93,73.2,82.395,88.10067093590216
2023-12-29,S005-P0007,Groceries,86,228,70.96,82.395,88.22379815295646
2023-12-30,S005-P0007,Groceries,62,150,68.84,82.395,66.94744865706505
2023-12-31,S005-P0007,Groceries,69,261,70.48,82.395,77.50098368551771
2024-01-01,S005-P0007,Groceries,116,216,82.38,82.395,106.71768164864088
2024-01-02,S005-P0007,Groceries,60,147,75.65,82.395,77.82092607360666
2024-01-03,S005-P0007,Groceries,88,365,67.53,82.395,106.49688375205312
2024-01-04,S005-P0007,Groceries,111,284,77.03,82.395,95.91528282330432
2024-01-05,S005-P0007,Groceries,70,165,74.51,82.395,88.48875039089754
2024-01-06,S005-P0007,Groceries,80,300,69.48,82.395,77.77319295169181
2024-01-07,S005-P0007,Groceries,53,232,69.89,82.395,67.4187829292342
2024-01-08,S005-P0007,Groceries,56,190,70.71,82.395,77.86499447120687
2024-01-09,S005-P0007,Groceries,111,127,81.23,82.395,110.94259849603816
2024-01-10,S005-P0007,Groceries,154,57,92.28,82.395,139.45225327281602
2024-01-11,S005-P0007,Groceries,126,257,89.75,82.395,110.57815744241461
2024-01-12,S005-P0007,Groceries,105,421,79.77,82.395,121.04095331415637
2024-01-13,S005-P0007,Groceries,196,303,85.82,82.395,160.99213894644225
2024-01-14,S005-P0007,Groceries,143,92,99.42,82.395,110.8202246192134
2024-01-15,S005-P0007,Groceries,95,458,77.3,82.395,121.31958508457488
2024-01-16,S005-P0007,Groceries,195,401,85.71,82.395,139.72804499519302
2024-01-17,S005-P0007,Groceries,90,236,72.0,82.395,149.78079705609156
2024-01-18,S005-P0007,Groceries,138,521,83.66,82.395,131.9222696072585
2024-01-19,S005-P0007,Groceries,51,420,73.07,82.395,110.46020818260564
2024-01-20,S005-P0007,Groceries,81,368,69.37,82.395,160.80798902939387
2024-01-21,S005-P0007,Groceries,142,287,89.46,82.395,121.19721294577533
2024-01-22,S005-P0007,Groceries,80,142,81.26,82.395,132.149524379193
2024-01-23,S005-P0007,Groceries,65,350,69.65,82.395,110.74066960968452
2024-01-24,S005-P0007,Groceries,56,299,67.05,82.395,121.01128549458127
2024-01-25,S005-P0007,Groceries,37,236,52.48,82.395,160.63879240543545
2024-01-26,S005-P0007,Groceries,99,206,78.25,82.395,120.8297112283163
2024-01-27,S005-P0007,Groceries,92,101,68.5,82.395,139.36250075955186
2024-01-28,S005-P0007,Groceries,96,211,77.49,82.395,121.1108678875318
2024-01-29,S005-P0007,Groceries,133,134,91.74,82.395,121.15428658405848
2024-01-30,S005-P0007,Groceries,56,261,74.58,82.395,110.5967622581822
2023-10-03,S005-P0008,Groceries,84,208,59.84,62.49,117.86895325823477
2023-10-04,S005-P0008,Groceries,183,109,71.95,62.49,146.51254238210083
2023-10-05,S005-P0008,Groceries,88,160,60.81,62.49,107.15495388301372
2023-10-06,S005-P0008,Groceries,104,105,60.7,62.49,117.6970724034563
2023-10-07,S005-P0008,Groceries,72,151,54.47,62.49,64.02768230524572
2023-10-08,S005-P0008,Groceries,126,85,64.95,62.49,103.2563227493551
2023-10-09,S005-P0008,Groceries,51,151,50.36,62.49,74.58367612484896
2023-10-10,S005-P0008,Groceries,84,106,53.88,62.49,64.1984363263962
2023-10-11,S005-P0008,Groceries,76,91,52.32,62.49,85.36811256530034
2023-10-12,S005-P0008,Groceries,39,96,39.96,62.49,92.78890761075812
2023-10-13,S005-P0008,Groceries,85,116,57.18,62.49,63.87896490697117
2023-10-14,S005-P0008,Groceries,82,106,56.47,62.49,64.0727557965323
2023-10-15,S005-P0008,Groceries,91,120,58.36,62.49,64.24808263392339
2023-10-16,S005-P0008,Groceries,62,142,55.34,62.49,64.26322158294957
2023-10-17,S005-P0008,Groceries,103,88,60.49,62.49,85.62062636407688
2023-10-18,S005-P0008,Groceries,90,108,54.74,62.49,92.88155067182404
2023-10-19,S005-P0008,Groceries,91,112,54.93,62.49,114.09901762913871
2023-10-20,S005-P0008,Groceries,104,123,64.09,62.49,85.33239648709267
2023-10-21,S005-P0008,Groceries,88,146,51.6,62.49,114.28863004341241
2023-10-22,S005-P0008,Groceries,72,156,54.29,62.49,74.75654752909774
2023-10-23,S005-P0008,Groceries,82,72,47.58,62.49,103.62379817639193
2023-10-24,S005-P0008,Groceries,51,83,50.47,62.49,64.2928945289155
2023-10-25,S005-P0008,Groceries,105,73,57.78,62.49,118.05344038384645
2023-10-26,S005-P0008,Groceries,106,115,64.55,62.49,117.8890060562252
2023-10-27,S005-P0008,Groceries,200,140,75.6,62.49,157.62566647328083
2023-10-28,S005-P0008,Groceries,179,164,79.67,62.49,128.98326077698673
2023-10-29,S005-P0008,Groceries,119,206,67.24,62.49,129.15581652783825
2023-10-30,S005-P0008,Groceries,96,133,59.2,62.49,107.95215431364727
2023-10-31,S005-P0008,Groceries,85,122,60.02,62.49,107.87134688676312
2023-11-01,S005-P0008,Groceries,113,154,65.95,62.49,107.67264529488605
2023-11-02,S005-P0008,Groceries,104,123,60.69,62.49,128.94198433894988
2023-11-03,S005-P0008,Groceries,188,141,65.24,62.49,136.4438763120586
2023-11-04,S005-P0008,Groceries,145,179,76.27,62.49,107.65529638528193
2023-11-05,S005-P0008,Groceries,90,197,51.46,62.49,136.7344950384224
2023-11-06,S005-P0008,Groceries,66,113,50.46,62.49,108.00140566214549
2023-11-07,S005-P0008,Groceries,130,132,69.42,62.49,107.86408513224305
2023-11-08,S005-P0008,Groceries,130,128,65.96,62.49,129.0628457320073
2023-11-09,S005-P0008,Groceries,198,126,75.1,62.49,136.36806661597328
2023-11-10,S005-P0008,Groceries,150,189,55.22,62.49,136.55981536612424
2023-11-11,S005-P0008,Groceries,67,212,53.33,62.49,107.85921016864037
2023-11-12,S005-P0008,Groceries,122,133,53.55,62.49,136.88180278602738
2023-11-13,S005-P0008,Groceries,146,168,57.44,62.49,147.30882607379317
2023-11-14,S005-P0008,Groceries,99,200,66.22,62.49,107.89813021501018
2023-11-15,S005-P0008,Groceries,114,90,62.86,62.49,107.75449064423967
2023-11-16,S005-P0008,Groceries,162,115,80.0,62.49,117.98313030807314
2023-11-17,S005-P0008,Groceries,143,144,56.9,62.49,136.573444195845
2023-11-18,S005-P0008,Groceries,112,163,52.56,62.49,136.66957339537583
2023-11-19,S005-P0008,Groceries,107,136,61.18,62.49,129.39880599090594
2023-11-20,S005-P0008,Groceries,88,182,47.98,62.49,136.9884156952568
2023-11-21,S005-P0008,Groceries,105,128,64.3,62.49,129.26478140679856
2023-11-22,S005-P0008,Groceries,57,121,54.36,62.49,118.19175345341317
2023-11-23,S005-P0008,Groceries,126,70,68.63,62.49,107.6569850488477
2023-11-24,S005-P0008,Groceries,218,107,83.12,62.49,146.8423282582824
2023-11-25,S005-P0008,Groceries,43,202,51.29,62.49,107.79457504151574
2023-11-26,S005-P0008,Groceries,97,165,62.64,62.49,129.37528765873492
2023-11-27,S005-P0008,Groceries,140,97,71.59,62.49,129.38031863507075
2023-11-28,S005-P0008,Groceries,88,132,60.81,62.49,107.9665067100699
2023-11-29,S005-P0008,Groceries,101,130,60.17,62.49,129.1795173419239
2023-11-30,S005-P0008,Groceries,79,185,52.95,62.49,118.15338334328509
2023-12-01,S005-P0008,Groceries,165,91,72.74,62.49,131.74531277942873
2023-12-02,S005-P0008,Groceries,110,188,61.82,62.49,120.92997691448724
2023-12-03,S005-P0008,Groceries,134,84,70.33,62.49,121.0384589106541
2023-12-04,S005-P0008,Groceries,115,151,62.75,62.49,149.8400718325241
2023-12-05,S005-P0008,Groceries,212,178,81.87,62.49,149.74990314249615
2023-12-06,S005-P0008,Groceries,172,252,82.14,62.49,131.74415712706056
2023-12-07,S005-P0008,Groceries,189,104,81.75,62.49,120.66115852807282
2023-12-08,S005-P0008,Groceries,54,205,48.35,62.49,120.79026480566908
2023-12-09,S005-P0008,Groceries,96,166,56.12,62.49,110.53707523746885
2023-12-10,S005-P0008,Groceries,110,98,61.76,62.49,110.69836680511864
2023-12-11,S005-P0008,Groceries,35,131,47.18,62.49,110.69935367038062
2023-12-12,S005-P0008,Groceries,237,93,86.77,62.49,160.71144962490501
2023-12-13,S005-P0008,Groceries,103,217,57.41,62.49,131.8509933215516
2023-12-14,S005-P0008,Groceries,182,119,64.2,62.49,160.52691716543913
2023-12-15,S005-P0008,Groceries,37,213,45.15,62.49,139.0740898399671
2023-12-16,S005-P0008,Groceries,159,177,75.36,62.49,120.81664565190894
2023-12-17,S005-P0008,Groceries,122,196,64.13,62.49,149.77450668399703
2023-12-18,S005-P0008,Groceries,180,122,79.89,62.49,121.02971791659827
2023-12-19,S005-P0008,Groceries,139,161,71.33,62.49,131.89785846447927
2023-12-20,S005-P0008,Groceries,119,176,60.46,62.49,139.16235409765892
2023-12-21,S005-P0008,Groceries,82,147,53.44,62.49,131.70930433904584
2023-12-22,S005-P0008,Groceries,179,60,71.58,62.49,160.41361138290034
2023-12-23,S005-P0008,Groceries,158,163,67.25,62.49,139.24887905591507
2023-12-24,S005-P0008,Groceries,127,230,68.72,62.49,131.91326415272022
2023-12-25,S005-P0008,Groceries,71,108,51.41,62.49,110.71422540325784
2023-12-26,S005-P0008,Groceries,210,145,72.39,62.49,139.41662690877095
2023-12-27,S005-P0008,Groceries,84,251,63.1,62.49,66.86676356735691
2023-12-28,S005-P0008,Groceries,66,159,50.5,62.49,88.21035159754032
2023-12-29,S005-P0008,Groceries,113,84,62.67,62.49,88.16895782213739
2023-12-30,S005-P0008,Groceries,54,95,51.02,62.49,66.94744865706505
2023-12-31,S005-P0008,Groceries,101,97,57.16,62.49,77.55582401633679
2024-01-01,S005-P0008,Groceries,28,94,43.45,62.49,78.02876797508313
2024-01-02,S005-P0008,Groceries,75,63,57.98,62.49,77.87576640442575
2024-01-03,S005-P0008,Groceries,172,84,61.69,62.49,106.6065644136913
2024-01-04,S005-P0008,Groceries,88,181,57.51,62.49,95.91528282330432
2024-01-05,S005-P0008,Groceries,81,101,49.88,62.49,117.39702538773162
2024-01-06,S005-P0008,Groceries,87,124,60.55,62.49,77.71835262087274
2024-01-07,S005-P0008,Groceries,90,152,64.3,62.49,67.4187829292342
2024-01-08,S005-P0008,Groceries,55,180,53.91,62.49,77.91983480202595
2024-01-09,S005-P0008,Groceries,129,127,62.28,62.49,139.63151216959594
2024-01-10,S005-P0008,Groceries,78,136,58.54,62.49,110.65365893762012
2024-01-11,S005-P0008,Groceries,236,168,86.67,62.49,139.32191144679143
2024-01-12,S005-P0008,Groceries,134,250,66.67,62.49,120.98611298333729
2024-01-13,S005-P0008,Groceries,132,151,66.2,62.49,132.13870428042728
2024-01-14,S005-P0008,Groceries,101,156,60.06,62.49,110.92990528085156
2024-01-15,S005-P0008,Groceries,131,171,69.59,62.49,121.26474475375579
2024-01-16,S005-P0008,Groceries,145,192,54.45,62.49,139.72804499519302
2024-01-17,S005-P0008,Groceries,133,192,55.34,62.49,149.9453180485488
2024-01-18,S005-P0008,Groceries,132,179,66.08,62.49,131.9222696072585
2024-01-19,S005-P0008,Groceries,168,203,69.53,62.49,110.56988884424382
2024-01-20,S005-P0008,Groceries,127,210,65.22,62.49,132.06423502501704
2024-01-21,S005-P0008,Groceries,162,78,72.32,62.49,121.19721294577533
2024-01-22,S005-P0008,Groceries,193,151,82.54,62.49,132.149524379193
2024-01-23,S005-P0008,Groceries,139,258,56.97,62.49,139.59410427569955
2024-01-24,S005-P0008,Groceries,146,128,61.75,62.49,149.7550394989581
2024-01-25,S005-P0008,Groceries,148,166,73.07,62.49,131.78535773942045
2024-01-26,S005-P0008,Groceries,122,220,67.79,62.49,120.8297112283163
2024-01-27,S005-P0008,Groceries,119,85,53.02,62.49,139.47218142119002
2024-01-28,S005-P0008,Groceries,133,121,66.56,62.49,121.1108678875318
2024-01-29,S005-P0008,Groceries,169,157,73.35,62.49,121.20912691487756
2024-01-30,S005-P0008,Groceries,81,154,59.36,62.49,110.6516025890013
2023-10-03,S005-P0009,Groceries,141,147,98.07,94.765,146.66754759343073
2023-10-04,S005-P0009,Groceries,170,328,112.52,94.765,117.768788377724
2023-10-05,S005-P0009,Groceries,52,815,81.26,94.765,107.15495388301372
2023-10-06,S005-P0009,Groceries,45,761,79.02,94.765,117.64223207263723
2023-10-07,S005-P0009,Groceries,64,726,85.28,94.765,63.918001643607546
2023-10-08,S005-P0009,Groceries,164,664,110.81,94.765,103.2563227493551
2023-10-09,S005-P0009,Groceries,91,521,98.59,94.765,74.52883579402987
2023-10-10,S005-P0009,Groceries,57,445,82.98,94.765,64.08875566475803
2023-10-11,S005-P0009,Groceries,89,409,97.98,94.765,85.25843190366217
2023-10-12,S005-P0009,Groceries,75,311,88.5,94.765,63.82579228310495
2023-10-13,S005-P0009,Groceries,38,246,72.97,94.765,63.933805237790246
2023-10-14,S005-P0009,Groceries,31,207,56.09,94.765,92.98103079336639
2023-10-15,S005-P0009,Groceries,86,180,92.03,94.765,64.24808263392339
2023-10-16,S005-P0009,Groceries,93,96,89.64,94.765,64.31806191376867
2023-10-17,S005-P0009,Groceries,75,6,79.63,94.765,85.62062636407688
2023-10-18,S005-P0009,Groceries,115,220,96.02,94.765,92.82671034100497
2023-10-19,S005-P0009,Groceries,109,417,94.43,94.765,85.30042329394281
2023-10-20,S005-P0009,Groceries,80,290,95.11,94.765,85.27755615627358
2023-10-21,S005-P0009,Groceries,139,240,97.37,94.765,114.28863004341241
2023-10-22,S005-P0009,Groceries,98,104,90.88,94.765,74.75654752909774
2023-10-23,S005-P0009,Groceries,78,0,71.77,94.765,103.62379817639193
2023-10-24,S005-P0009,Groceries,46,446,75.54,94.765,64.2928945289155
2023-10-25,S005-P0009,Groceries,190,408,118.32,94.765,118.05344038384645
2023-10-26,S005-P0009,Groceries,122,260,77.73,94.765,146.7972810530593
2023-10-27,S005-P0009,Groceries,133,124,91.07,94.765,157.68050680409993
2023-10-28,S005-P0009,Groceries,220,524,106.18,94.765,157.94637610463988
2023-10-29,S005-P0009,Groceries,171,302,113.03,94.765,129.21065685865733
2023-10-30,S005-P0009,Groceries,81,181,90.44,94.765,107.95215431364727
2023-10-31,S005-P0009,Groceries,118,740,92.1,94.765,107.9261872175822
2023-11-01,S005-P0009,Groceries,110,653,89.87,94.765,107.72748562570513
2023-11-02,S005-P0009,Groceries,161,561,97.5,94.765,157.7405786741458
2023-11-03,S005-P0009,Groceries,74,415,66.34,94.765,136.49871664287767
2023-11-04,S005-P0009,Groceries,58,354,65.63,94.765,136.61841171293509
2023-11-05,S005-P0009,Groceries,139,315,108.78,94.765,107.8810603724074
2023-11-06,S005-P0009,Groceries,98,189,91.16,94.765,107.94656533132641
2023-11-07,S005-P0009,Groceries,80,73,90.21,94.765,107.80924480142394
2023-11-08,S005-P0009,Groceries,125,430,83.56,94.765,157.91628039802228
2023-11-09,S005-P0009,Groceries,146,324,111.21,94.765,107.56947228077735
2023-11-10,S005-P0009,Groceries,103,163,102.61,94.765,107.59670003847106
2023-11-11,S005-P0009,Groceries,87,98,92.45,94.765,107.74952950700222
2023-11-12,S005-P0009,Groceries,50,506,80.8,94.765,107.9735277891933
2023-11-13,S005-P0009,Groceries,67,458,81.4,94.765,147.14430508133592
2023-11-14,S005-P0009,Groceries,186,380,111.33,94.765,136.69672455020608
2023-11-15,S005-P0009,Groceries,42,246,78.13,94.765,107.75449064423967
2023-11-16,S005-P0009,Groceries,129,215,100.32,94.765,118.03797063889223
2023-11-17,S005-P0009,Groceries,112,573,90.32,94.765,107.72000952982998
2023-11-18,S005-P0009,Groceries,158,440,103.41,94.765,136.55989273373766
2023-11-19,S005-P0009,Groceries,99,250,86.63,94.765,129.39880599090594
2023-11-20,S005-P0009,Groceries,103,161,97.52,94.765,108.08014069842275
2023-11-21,S005-P0009,Groceries,105,512,78.51,94.765,158.17305640363267
2023-11-22,S005-P0009,Groceries,121,413,108.6,94.765,118.13691312259408
2023-11-23,S005-P0009,Groceries,96,288,85.81,94.765,107.76666571048588
2023-11-24,S005-P0009,Groceries,135,217,96.78,94.765,118.15341458472466
2023-11-25,S005-P0009,Groceries,138,56,91.46,94.765,136.70285003834982
2023-11-26,S005-P0009,Groceries,122,266,103.6,94.765,129.32044732791584
2023-11-27,S005-P0009,Groceries,123,128,109.21,94.765,129.38031863507075
2023-11-28,S005-P0009,Groceries,119,443,82.02,94.765,136.874781706904
2023-11-29,S005-P0009,Groceries,129,372,100.55,94.765,129.1795173419239
2023-11-30,S005-P0009,Groceries,111,251,95.13,94.765,118.09854301246601
2023-12-01,S005-P0009,Groceries,275,124,127.86,94.765,160.5439071146247
2023-12-02,S005-P0009,Groceries,130,453,100.81,94.765,120.87513658366817
2023-12-03,S005-P0009,Groceries,154,323,89.69,94.765,149.94673390748818
2023-12-04,S005-P0009,Groceries,147,1009,93.79,94.765,149.94975249416228
2023-12-05,S005-P0009,Groceries,69,907,82.1,94.765,121.06098946893837
2023-12-06,S005-P0009,Groceries,199,829,115.16,94.765,160.54275146225643
2023-12-07,S005-P0009,Groceries,171,681,113.02,94.765,120.71599885889191
2023-12-08,S005-P0009,Groceries,175,482,120.22,94.765,120.68058414403092
2023-12-09,S005-P0009,Groceries,158,295,108.85,94.765,110.53707523746885
2023-12-10,S005-P0009,Groceries,124,142,103.99,94.765,110.64352647429956
2023-12-11,S005-P0009,Groceries,68,443,77.86,94.765,110.75419400119969
2023-12-12,S005-P0009,Groceries,160,390,109.33,94.765,160.71144962490501
2023-12-13,S005-P0009,Groceries,251,209,136.72,94.765,160.53990699510933
2023-12-14,S005-P0009,Groceries,124,0,104.1,94.765,131.6734824994241
2023-12-15,S005-P0009,Groceries,111,419,90.01,94.765,110.38517616640931
2023-12-16,S005-P0009,Groceries,83,1005,82.12,94.765,120.92632631354711
2023-12-17,S005-P0009,Groceries,179,907,102.49,94.765,149.8841873456352
2023-12-18,S005-P0009,Groceries,262,799,132.36,94.765,149.8831525826133
2023-12-19,S005-P0009,Groceries,151,598,118.73,94.765,131.89785846447927
2023-12-20,S005-P0009,Groceries,96,501,95.37,94.765,110.41860009328212
2023-12-21,S005-P0009,Groceries,148,1105,83.77,94.765,160.56273900506085
2023-12-22,S005-P0009,Groceries,118,967,97.08,94.765,131.66985737852352
2023-12-23,S005-P0009,Groceries,115,879,95.89,94.765,110.50512505153822
2023-12-24,S005-P0009,Groceries,117,743,96.56,94.765,132.02294481435837
2023-12-25,S005-P0009,Groceries,66,660,77.22,94.765,110.71422540325784
2023-12-26,S005-P0009,Groceries,86,596,72.74,94.765,139.47146723959003
2023-12-27,S005-P0009,Groceries,102,511,97.15,94.765,66.92160389817602
2023-12-28,S005-P0009,Groceries,92,394,84.65,94.765,88.21035159754032
2023-12-29,S005-P0009,Groceries,110,306,89.74,94.765,88.22379815295646
2023-12-30,S005-P0009,Groceries,49,233,76.15,94.765,67.00228898788413
2023-12-31,S005-P0009,Groceries,65,200,85.39,94.765,77.44614335469862
2024-01-01,S005-P0009,Groceries,90,437,93.27,94.765,77.97392764426405
2024-01-02,S005-P0009,Groceries,77,361,70.57,94.765,106.78404140125983
2024-01-03,S005-P0009,Groceries,26,278,76.87,94.765,77.64344908603813
2024-01-04,S005-P0009,Groceries,72,248,87.72,94.765,67.1166884881084
2024-01-05,S005-P0009,Groceries,62,168,84.6,94.765,88.54359072171663
2024-01-06,S005-P0009,Groceries,100,108,77.32,94.765,106.57178728688773
2024-01-07,S005-P0009,Groceries,62,180,76.1,94.765,67.52846359087235
2024-01-08,S005-P0009,Groceries,71,136,83.11,94.765,77.91983480202595
2024-01-09,S005-P0009,Groceries,75,405,74.61,94.765,139.74119283123412
2024-01-10,S005-P0009,Groceries,105,321,98.2,94.765,110.65365893762012
2024-01-11,S005-P0009,Groceries,115,235,81.11,94.765,139.4315921084296
2024-01-12,S005-P0009,Groceries,219,136,127.26,94.765,121.04095331415637
2024-01-13,S005-P0009,Groceries,170,331,106.76,94.765,132.13870428042728
2024-01-14,S005-P0009,Groceries,136,143,107.82,94.765,110.87506495003248
2024-01-15,S005-P0009,Groceries,103,803,92.54,94.765,121.31958508457488
2024-01-16,S005-P0009,Groceries,70,693,65.25,94.765,139.72804499519302
2024-01-17,S005-P0009,Groceries,128,639,99.81,94.765,149.78079705609156
2024-01-18,S005-P0009,Groceries,159,556,103.72,94.765,131.9222696072585
2024-01-19,S005-P0009,Groceries,90,427,93.45,94.765,110.46020818260564
2024-01-20,S005-P0009,Groceries,225,328,122.54,94.765,160.75314869857476
2024-01-21,S005-P0009,Groceries,148,116,88.3,94.765,150.10548794260941
2024-01-22,S005-P0009,Groceries,137,0,108.15,94.765,132.149524379193
2024-01-23,S005-P0009,Groceries,59,699,79.24,94.765,110.74066960968452
2024-01-24,S005-P0009,Groceries,140,633,87.44,94.765,149.80987982977717
2024-01-25,S005-P0009,Groceries,112,488,105.59,94.765,131.73051740860137
2024-01-26,S005-P0009,Groceries,62,369,84.42,94.765,120.77487089749721
2024-01-27,S005-P0009,Groceries,92,319,84.06,94.765,139.36250075955186
2024-01-28,S005-P0009,Groceries,98,256,91.25,94.765,121.1108678875318
2024-01-29,S005-P0009,Groceries,67,193,90.63,94.765,121.09944625323939
2024-01-30,S005-P0009,Groceries,94,136,99.52,94.765,110.5967622581822
2023-10-03,S005-P0010,Groceries,89,155,54.98,58.525000000000006,146.61270726261162
2023-10-04,S005-P0010,Groceries,167,600,61.73,58.525000000000006,146.5673827129199
2023-10-05,S005-P0010,Groceries,94,408,59.01,58.525000000000006,107.15495388301372
2023-10-06,S005-P0010,Groceries,52,342,48.03,58.525000000000006,117.6970724034563
2023-10-07,S005-P0010,Groceries,85,283,42.88,58.525000000000006,92.88111697126072
2023-10-08,S005-P0010,Groceries,72,201,57.5,58.525000000000006,74.45772841415919
2023-10-09,S005-P0010,Groceries,102,117,60.5,58.525000000000006,74.58367612484896
2023-10-10,S005-P0010,Groceries,81,242,59.32,58.525000000000006,64.08875566475803
2023-10-11,S005-P0010,Groceries,40,155,43.54,58.525000000000006,85.36811256530034
2023-10-12,S005-P0010,Groceries,88,124,49.18,58.525000000000006,92.67922694911994
2023-10-13,S005-P0010,Groceries,53,242,45.82,58.525000000000006,63.933805237790246
2023-10-14,S005-P0010,Groceries,87,197,51.78,58.525000000000006,92.81650980090913
2023-10-15,S005-P0010,Groceries,35,103,47.42,58.525000000000006,64.24808263392339
2023-10-16,S005-P0010,Groceries,87,63,54.6,58.525000000000006,64.37290224458775
2023-10-17,S005-P0010,Groceries,86,253,54.53,58.525000000000006,85.56578603325781
2023-10-18,S005-P0010,Groceries,128,173,59.11,58.525000000000006,64.13779666744722
2023-10-19,S005-P0010,Groceries,72,36,46.43,58.525000000000006,114.09901762913871
2023-10-20,S005-P0010,Groceries,71,234,49.07,58.525000000000006,85.38723681791174
2023-10-21,S005-P0010,Groceries,154,501,56.69,58.525000000000006,114.3434703742315
2023-10-22,S005-P0010,Groceries,87,324,45.48,58.525000000000006,103.60998219511275
2023-10-23,S005-P0010,Groceries,31,232,41.9,58.525000000000006,74.82520384119601
2023-10-24,S005-P0010,Groceries,80,610,56.29,58.525000000000006,64.23805419809639
2023-10-25,S005-P0010,Groceries,181,520,72.16,58.525000000000006,118.05344038384645
2023-10-26,S005-P0010,Groceries,108,384,55.49,58.525000000000006,117.94384638704427
2023-10-27,S005-P0010,Groceries,104,275,64.09,58.525000000000006,128.8270721380849
2023-10-28,S005-P0010,Groceries,207,799,73.18,58.525000000000006,157.78185511218263
2023-10-29,S005-P0010,Groceries,100,629,57.11,58.525000000000006,129.21065685865733
2023-10-30,S005-P0010,Groceries,61,510,52.37,58.525000000000006,107.89731398282817
2023-10-31,S005-P0010,Groceries,202,467,80.27,58.525000000000006,107.87134688676312
2023-11-01,S005-P0010,Groceries,135,245,63.71,58.525000000000006,107.67264529488605
2023-11-02,S005-P0010,Groceries,175,121,59.21,58.525000000000006,157.79541900496488
2023-11-03,S005-P0010,Groceries,124,510,61.5,58.525000000000006,107.64528197686266
2023-11-04,S005-P0010,Groceries,66,413,47.86,58.525000000000006,136.50873105129693
2023-11-05,S005-P0010,Groceries,139,339,71.35,58.525000000000006,107.8262200415883
2023-11-06,S005-P0010,Groceries,83,190,51.07,58.525000000000006,108.00140566214549
2023-11-07,S005-P0010,Groceries,135,133,53.7,58.525000000000006,136.71751979825805
2023-11-08,S005-P0010,Groceries,160,405,60.6,58.525000000000006,157.91628039802228
2023-11-09,S005-P0010,Groceries,100,242,50.64,58.525000000000006,136.47774727761146
2023-11-10,S005-P0010,Groceries,131,158,66.34,58.525000000000006,107.65154036929016
2023-11-11,S005-P0010,Groceries,92,511,58.65,58.525000000000006,107.8043698378213
2023-11-12,S005-P0010,Groceries,159,435,61.03,58.525000000000006,136.77212212438923
2023-11-13,S005-P0010,Groceries,106,332,58.33,58.525000000000006,118.4005510769591
2023-11-14,S005-P0010,Groceries,109,264,58.92,58.525000000000006,107.95297054582926
2023-11-15,S005-P0010,Groceries,142,746,51.28,58.525000000000006,136.66276564107375
2023-11-16,S005-P0010,Groceries,78,600,55.74,58.525000000000006,117.98313030807314
2023-11-17,S005-P0010,Groceries,103,518,63.97,58.525000000000006,107.61032886819183
2023-11-18,S005-P0010,Groceries,117,421,60.38,58.525000000000006,107.81613872936083
2023-11-19,S005-P0010,Groceries,297,320,84.23,58.525000000000006,158.1425599952828
2023-11-20,S005-P0010,Groceries,95,109,59.17,58.525000000000006,108.08014069842275
2023-11-21,S005-P0010,Groceries,133,47,63.13,58.525000000000006,129.37446206843674
2023-11-22,S005-P0010,Groceries,206,922,64.01,58.525000000000006,147.10002845024724
2023-11-23,S005-P0010,Groceries,99,689,54.02,58.525000000000006,136.45557938404363
2023-11-24,S005-P0010,Groceries,90,574,55.04,58.525000000000006,118.15341458472466
2023-11-25,S005-P0010,Groceries,89,494,55.08,58.525000000000006,107.84941537233482
2023-11-26,S005-P0010,Groceries,209,411,77.29,58.525000000000006,129.430127989554
2023-11-27,S005-P0010,Groceries,149,222,66.33,58.525000000000006,129.43515896588983
2023-11-28,S005-P0010,Groceries,52,89,47.93,58.525000000000006,108.07618737170807
2023-11-29,S005-P0010,Groceries,108,676,65.08,58.525000000000006,129.1246770111048
2023-11-30,S005-P0010,Groceries,78,595,53.03,58.525000000000006,118.09854301246601
2023-12-01,S005-P0010,Groceries,191,503,82.21,58.525000000000006,131.63563211779058
2023-12-02,S005-P0010,Groceries,30,297,46.24,58.525000000000006,120.82029625284908
2023-12-03,S005-P0010,Groceries,131,267,66.2,58.525000000000006,121.0384589106541
2023-12-04,S005-P0010,Groceries,111,747,59.04,58.525000000000006,121.15115815896635
2023-12-05,S005-P0010,Groceries,78,667,52.93,58.525000000000006,121.06098946893837
2023-12-06,S005-P0010,Groceries,61,606,52.46,58.525000000000006,131.74415712706056
2023-12-07,S005-P0010,Groceries,125,559,61.76,58.525000000000006,120.71599885889191
2023-12-08,S005-P0010,Groceries,124,411,58.09,58.525000000000006,149.53401881004595
2023-12-09,S005-P0010,Groceries,118,310,53.63,58.525000000000006,139.33566957266478
2023-12-10,S005-P0010,Groceries,134,221,53.54,58.525000000000006,139.4969611403146
2023-12-11,S005-P0010,Groceries,52,450,39.98,58.525000000000006,139.6076286672147
2023-12-12,S005-P0010,Groceries,175,408,74.88,58.525000000000006,131.9128552897091
2023-12-13,S005-P0010,Groceries,68,265,53.92,58.525000000000006,131.79615299073254
2023-12-14,S005-P0010,Groceries,201,183,72.03,58.525000000000006,131.72832283024317
2023-12-15,S005-P0010,Groceries,75,466,49.61,58.525000000000006,110.38517616640931
2023-12-16,S005-P0010,Groceries,56,399,51.55,58.525000000000006,120.87148598272803
2023-12-17,S005-P0010,Groceries,131,917,55.83,58.525000000000006,149.8841873456352
2023-12-18,S005-P0010,Groceries,104,791,48.78,58.525000000000006,149.93799291343237
2023-12-19,S005-P0010,Groceries,179,682,75.7,58.525000000000006,131.89785846447927
2023-12-20,S005-P0010,Groceries,113,549,56.37,58.525000000000006,139.16235409765892
2023-12-21,S005-P0010,Groceries,180,478,68.42,58.525000000000006,131.70930433904584
2023-12-22,S005-P0010,Groceries,152,284,70.46,58.525000000000006,131.66985737852352
2023-12-23,S005-P0010,Groceries,104,166,57.93,58.525000000000006,110.45028472071914
2023-12-24,S005-P0010,Groceries,199,649,75.44,58.525000000000006,160.71185848791612
2023-12-25,S005-P0010,Groceries,190,446,69.69,58.525000000000006,139.4579794076347
2023-12-26,S005-P0010,Groceries,111,261,62.24,58.525000000000006,110.50835191193681
2023-12-27,S005-P0010,Groceries,112,137,52.7,58.525000000000006,95.775038564191
2023-12-28,S005-P0010,Groceries,69,675,56.81,58.525000000000006,88.10067093590216
2023-12-29,S005-P0010,Groceries,51,605,47.9,58.525000000000006,88.22379815295646
2023-12-30,S005-P0010,Groceries,35,566,44.74,58.525000000000006,67.00228898788413
2023-12-31,S005-P0010,Groceries,44,529,51.62,58.525000000000006,77.44614335469862
2024-01-01,S005-P0010,Groceries,100,493,50.65,58.525000000000006,106.82736231027904
2024-01-02,S005-P0010,Groceries,30,426,46.38,58.525000000000006,77.87576640442575
2024-01-03,S005-P0010,Groceries,66,404,56.2,58.525000000000006,77.64344908603813
2024-01-04,S005-P0010,Groceries,113,330,56.4,58.525000000000006,95.91528282330432
2024-01-05,S005-P0010,Groceries,47,221,39.7,58.525000000000006,117.39702538773162
2024-01-06,S005-P0010,Groceries,124,178,64.87,58.525000000000006,77.71835262087274
2024-01-07,S005-P0010,Groceries,116,332,57.03,58.525000000000006,96.2173772644301
2024-01-08,S005-P0010,Groceries,59,194,54.87,58.525000000000006,77.86499447120687
2024-01-09,S005-P0010,Groceries,114,155,62.88,58.525000000000006,110.83291783439998
2024-01-10,S005-P0010,Groceries,84,437,48.48,58.525000000000006,139.50709360363513
2024-01-11,S005-P0010,Groceries,122,353,61.14,58.525000000000006,110.63299777323368
2024-01-12,S005-P0010,Groceries,152,234,70.32,58.525000000000006,120.98611298333729
2024-01-13,S005-P0010,Groceries,94,67,52.99,58.525000000000006,132.13870428042728
2024-01-14,S005-P0010,Groceries,121,335,57.92,58.525000000000006,110.92990528085156
2024-01-15,S005-P0010,Groceries,108,236,58.55,58.525000000000006,121.37442541539396
2024-01-16,S005-P0010,Groceries,126,162,51.6,58.525000000000006,139.72804499519302
2024-01-17,S005-P0010,Groceries,175,342,56.23,58.525000000000006,149.9453180485488
2024-01-18,S005-P0010,Groceries,106,176,64.63,58.525000000000006,131.81258894562035
2024-01-19,S005-P0010,Groceries,78,75,58.82,58.525000000000006,110.46020818260564
2024-01-20,S005-P0010,Groceries,162,574,72.44,58.525000000000006,131.95455436337886
2024-01-21,S005-P0010,Groceries,108,459,55.29,58.525000000000006,149.99580728097126
2024-01-22,S005-P0010,Groceries,160,337,64.86,58.525000000000006,132.25920504083118
2024-01-23,S005-P0010,Groceries,102,229,60.49,58.525000000000006,110.68582927886544
2024-01-24,S005-P0010,Groceries,153,155,52.9,58.525000000000006,149.86472016059625
2024-01-25,S005-P0010,Groceries,76,472,52.58,58.525000000000006,131.78535773942045
2024-01-26,S005-P0010,Groceries,29,412,48.64,58.525000000000006,120.77487089749721
2024-01-27,S005-P0010,Groceries,108,394,48.67,58.525000000000006,139.47218142119002
2024-01-28,S005-P0010,Groceries,87,277,57.6,58.525000000000006,121.1108678875318
2024-01-29,S005-P0010,Groceries,90,202,61.19,58.525000000000006,121.09944625323939
2024-01-30,S005-P0010,Groceries,78,115,52.94,58.525000000000006,110.6516025890013
2023-10-03,S005-P0011,Electronics,118,877,82.32,73.545,93.36535840658935
2023-10-04,S005-P0011,Electronics,90,741,75.1,73.545,93.2103531952595
2023-10-05,S005-P0011,Electronics,94,684,80.16,73.545,82.70619936218739
2023-10-06,S005-P0011,Electronics,71,610,66.48,73.545,93.19347755181089
2023-10-07,S005-P0011,Electronics,47,553,60.79,73.545,68.21300112715804
2023-10-08,S005-P0011,Electronics,18,508,53.37,73.545,78.80756822852877
2023-10-09,S005-P0011,Electronics,40,492,65.66,73.545,50.080081273203554
2023-10-10,S005-P0011,Electronics,43,447,53.23,73.545,68.4934358099467
2023-10-11,S005-P0011,Electronics,45,405,63.52,73.545,60.86451771365492
2023-10-12,S005-P0011,Electronics,45,374,56.91,73.545,68.17563209747453
2023-10-13,S005-P0011,Electronics,40,322,65.59,73.545,39.37537005532576
2023-10-14,S005-P0011,Electronics,44,294,66.76,73.545,39.56916094488689
2023-10-15,S005-P0011,Electronics,64,264,72.17,73.545,39.689647451458896
2023-10-16,S005-P0011,Electronics,58,196,66.89,73.545,39.86930739294233
2023-10-17,S005-P0011,Electronics,88,155,70.26,73.545,89.86078551680829
2023-10-18,S005-P0011,Electronics,43,74,66.47,73.545,39.52452115416364
2023-10-19,S005-P0011,Electronics,49,309,51.06,73.545,89.70510343913148
2023-10-20,S005-P0011,Electronics,46,256,67.36,73.545,60.82880163544725
2023-10-21,S005-P0011,Electronics,114,220,67.47,73.545,89.89471585340517
2023-10-22,S005-P0011,Electronics,80,112,68.64,73.545,50.252952677452335
2023-10-23,S005-P0011,Electronics,65,38,68.54,73.545,79.01052266310835
2023-10-24,S005-P0011,Electronics,40,0,58.99,73.545,39.844140008089155
2023-10-25,S005-P0011,Electronics,111,505,80.43,73.545,93.49500520138196
2023-10-26,S005-P0011,Electronics,66,404,61.26,73.545,122.23884587059479
2023-10-27,S005-P0011,Electronics,116,353,81.54,73.545,104.43315794807765
2023-10-28,S005-P0011,Electronics,85,281,77.8,73.545,104.47966592534131
2023-10-29,S005-P0011,Electronics,72,220,70.34,73.545,104.761902337831
2023-10-30,S005-P0011,Electronics,97,160,85.19,73.545,83.39371913118276
2023-10-31,S005-P0011,Electronics,69,461,69.79,73.545,83.36775203511769
2023-11-01,S005-P0011,Electronics,139,385,87.4,73.545,83.22389077405973
2023-11-02,S005-P0011,Electronics,151,230,95.39,73.545,104.32870882566631
2023-11-03,S005-P0011,Electronics,114,88,81.24,73.545,83.08684679439816
2023-11-04,S005-P0011,Electronics,110,0,75.53,73.545,112.0051361996515
2023-11-05,S005-P0011,Electronics,75,665,79.01,73.545,83.3226251899429
2023-11-06,S005-P0011,Electronics,121,585,78.54,73.545,112.1867244840578
2023-11-07,S005-P0011,Electronics,119,485,91.33,73.545,83.30564994977854
2023-11-08,S005-P0011,Electronics,143,362,98.15,73.545,104.5044105495428
2023-11-09,S005-P0011,Electronics,87,194,70.4,73.545,83.1755580907701
2023-11-10,S005-P0011,Electronics,53,136,69.24,73.545,83.09310518682565
2023-11-11,S005-P0011,Electronics,73,549,70.53,73.545,112.04452899055269
2023-11-12,S005-P0011,Electronics,78,502,71.79,73.545,83.52477326836697
2023-11-13,S005-P0011,Electronics,130,438,85.32,73.545,93.89695622531369
2023-11-14,S005-P0011,Electronics,59,334,70.87,73.545,83.39453536336475
2023-11-15,S005-P0011,Electronics,99,276,73.37,73.545,111.99464979697106
2023-11-16,S005-P0011,Electronics,71,176,70.17,73.545,93.53437578724682
2023-11-17,S005-P0011,Electronics,158,544,81.96,73.545,112.0150090133805
2023-11-18,S005-P0011,Electronics,131,374,71.19,73.545,112.22081887454948
2023-11-19,S005-P0011,Electronics,100,226,77.55,73.545,104.89521113926054
2023-11-20,S005-P0011,Electronics,77,129,68.09,73.545,83.6313861775964
2023-11-21,S005-P0011,Electronics,149,737,75.89,73.545,133.66946155198724
2023-11-22,S005-P0011,Electronics,78,603,72.07,73.545,93.68815860176775
2023-11-23,S005-P0011,Electronics,67,525,72.85,73.545,83.1533901972023
2023-11-24,S005-P0011,Electronics,136,472,81.68,73.545,122.39357373745608
2023-11-25,S005-P0011,Electronics,128,385,75.22,73.545,112.19925518670439
2023-11-26,S005-P0011,Electronics,170,266,79.33,73.545,133.77996780392357
2023-11-27,S005-P0011,Electronics,45,129,63.78,73.545,104.93156411424442
2023-11-28,S005-P0011,Electronics,73,586,74.48,73.545,83.51775218924357
2023-11-29,S005-P0011,Electronics,126,513,93.31,73.545,104.6210821594594
2023-11-30,S005-P0011,Electronics,124,435,88.33,73.545,93.59494816082059
2023-12-01,S005-P0011,Electronics,51,312,51.4,73.545,136.09515259379833
2023-12-02,S005-P0011,Electronics,67,274,72.95,73.545,96.37154173202275
2023-12-03,S005-P0011,Electronics,59,772,63.67,73.545,96.58970438982776
2023-12-04,S005-P0011,Electronics,120,704,82.42,73.545,125.33647698087867
2023-12-05,S005-P0011,Electronics,114,563,85.48,73.545,96.50255428647388
2023-12-06,S005-P0011,Electronics,151,438,76.27,73.545,136.14883727224918
2023-12-07,S005-P0011,Electronics,94,287,67.42,73.545,125.06583867326151
2023-12-08,S005-P0011,Electronics,117,184,81.89,73.545,96.28666995402367
2023-12-09,S005-P0011,Electronics,88,53,62.75,73.545,114.83207472101935
2023-12-10,S005-P0011,Electronics,44,576,60.05,73.545,86.19477195347321
2023-12-11,S005-P0011,Electronics,112,538,72.15,73.545,114.99435315393112
2023-12-12,S005-P0011,Electronics,81,459,72.55,73.545,107.51894109970186
2023-12-13,S005-P0011,Electronics,129,378,89.55,73.545,107.29255813908713
2023-12-14,S005-P0011,Electronics,92,272,83.75,73.545,107.1150473169596
2023-12-15,S005-P0011,Electronics,132,169,85.87,73.545,85.82674098394483
2023-12-16,S005-P0011,Electronics,130,90,71.82,73.545,125.22132579709759
2023-12-17,S005-P0011,Electronics,41,577,59.36,73.545,96.58199815879385
2023-12-18,S005-P0011,Electronics,101,533,73.89,73.545,96.63580372659102
2023-12-19,S005-P0011,Electronics,166,456,79.54,73.545,136.30253860966792
2023-12-20,S005-P0011,Electronics,81,333,80.57,73.545,85.86016491081762
2023-12-21,S005-P0011,Electronics,114,240,90.13,73.545,107.09602882576226
2023-12-22,S005-P0011,Electronics,33,156,47.88,73.545,136.07453752371217
2023-12-23,S005-P0011,Electronics,106,819,87.75,73.545,85.89184953825463
2023-12-24,S005-P0011,Electronics,63,715,67.97,73.545,107.51934996271297
2023-12-25,S005-P0011,Electronics,121,664,83.0,73.545,86.15579022079334
2023-12-26,S005-P0011,Electronics,134,532,71.72,73.545,114.9678723879446
2023-12-27,S005-P0011,Electronics,70,385,77.6,73.545,42.36316871571152
2023-12-28,S005-P0011,Electronics,50,318,61.58,73.545,63.706756745894914
2023-12-29,S005-P0011,Electronics,4,280,53.12,73.545,63.72020330131105
2023-12-30,S005-P0011,Electronics,40,803,65.73,73.545,42.44385380541966
2023-12-31,S005-P0011,Electronics,42,759,59.57,73.545,53.05222916469138
2024-01-01,S005-P0011,Electronics,40,731,59.05,73.545,82.21408679699546
2024-01-02,S005-P0011,Electronics,71,694,70.24,73.545,53.372171552780344
2024-01-03,S005-P0011,Electronics,43,617,53.11,73.545,82.0481292312268
2024-01-04,S005-P0011,Electronics,57,576,56.08,73.545,71.52136863329707
2024-01-05,S005-P0011,Electronics,74,517,58.94,73.545,92.94827086690529
2024-01-06,S005-P0011,Electronics,30,458,47.15,73.545,82.1230327660614
2024-01-07,S005-P0011,Electronics,33,424,63.76,73.545,42.97002840840788
2024-01-08,S005-P0011,Electronics,40,395,59.15,73.545,53.47108028119962
2024-01-09,S005-P0011,Electronics,95,355,72.38,73.545,86.43900364439273
2024-01-10,S005-P0011,Electronics,45,291,67.0,73.545,86.2049044167938
2024-01-11,S005-P0011,Electronics,111,244,72.0,73.545,114.8731569259651
2024-01-12,S005-P0011,Electronics,103,112,86.86,73.545,96.42767780087279
2024-01-13,S005-P0011,Electronics,177,445,86.22,73.545,136.43370376397775
2024-01-14,S005-P0011,Electronics,44,307,63.48,73.545,86.37147009838708
2024-01-15,S005-P0011,Electronics,194,256,84.55,73.545,125.72426522976352
2024-01-16,S005-P0011,Electronics,89,66,74.72,73.545,86.37101547753258
2024-01-17,S005-P0011,Electronics,171,578,75.6,73.545,125.44172319690338
2024-01-18,S005-P0011,Electronics,93,400,83.99,73.545,107.30899409397493
2024-01-19,S005-P0011,Electronics,111,340,76.26,73.545,86.06629399259839
2024-01-20,S005-P0011,Electronics,172,209,90.85,73.545,136.24955384692933
2024-01-21,S005-P0011,Electronics,81,689,76.64,73.545,96.63877776331083
2024-01-22,S005-P0011,Electronics,81,597,76.68,73.545,107.6459295275476
2024-01-23,S005-P0011,Electronics,104,532,74.44,73.545,86.29191508885819
2024-01-24,S005-P0011,Electronics,74,446,74.7,73.545,96.45285031211678
2024-01-25,S005-P0011,Electronics,85,364,73.62,73.545,107.33660321859412
2024-01-26,S005-P0011,Electronics,118,310,81.97,73.545,96.38095670748996
2024-01-27,S005-P0011,Electronics,89,189,74.94,73.545,86.0603115727105
2024-01-28,S005-P0011,Electronics,112,90,76.43,73.545,96.66211336670546
2024-01-29,S005-P0011,Electronics,51,320,72.1,73.545,96.59585140159398
2024-01-30,S005-P0011,Electronics,74,269,74.76,73.545,86.0931674065368
2023-10-03,S005-P0012,Furniture,54,901,90.03,120.705,98.16254933817407
2023-10-04,S005-P0012,Furniture,73,853,135.31,120.705,69.04442879919102
2023-10-05,S005-P0012,Furniture,22,783,105.25,120.705,58.54027496611891
2023-10-06,S005-P0012,Furniture,40,763,113.35,120.705,69.02755315574242
2023-10-07,S005-P0012,Furniture,56,734,127.25,120.705,15.30332272671275
2023-10-08,S005-P0012,Furniture,34,694,104.81,120.705,25.95273015890256
2023-10-09,S005-P0012,Furniture,22,659,99.47,120.705,26.023837538773243
2023-10-10,S005-P0012,Furniture,19,645,82.85,120.705,44.38235174469732
2023-10-11,S005-P0012,Furniture,35,631,111.14,120.705,36.64375298676737
2023-10-12,S005-P0012,Furniture,54,598,100.93,120.705,44.11938836304424
2023-10-13,S005-P0012,Furniture,57,550,114.66,120.705,44.0080399944532
2023-10-14,S005-P0012,Furniture,33,497,82.52,120.705,44.36635187647158
2023-10-15,S005-P0012,Furniture,37,474,111.9,120.705,15.57856338620951
2023-10-16,S005-P0012,Furniture,28,445,113.57,120.705,15.64854266605478
2023-10-17,S005-P0012,Furniture,46,413,116.07,120.705,36.951107116363005
2023-10-18,S005-P0012,Furniture,31,372,97.62,120.705,44.26687175492924
2023-10-19,S005-P0012,Furniture,43,353,108.94,120.705,36.68574437704801
2023-10-20,S005-P0012,Furniture,53,312,89.43,120.705,65.62599256703194
2023-10-21,S005-P0012,Furniture,60,260,116.15,120.705,65.61911079569853
2023-10-22,S005-P0012,Furniture,23,223,105.58,120.705,26.087028281383873
2023-10-23,S005-P0012,Furniture,10,207,94.34,120.705,26.210524924301218
2023-10-24,S005-P0012,Furniture,37,200,117.88,120.705,15.623375281201604
2023-10-25,S005-P0012,Furniture,64,452,111.53,120.705,98.18251547132849
2023-10-26,S005-P0012,Furniture,87,383,128.4,120.705,69.27432713933041
2023-10-27,S005-P0012,Furniture,98,284,132.87,120.705,80.32207388282826
2023-10-28,S005-P0012,Furniture,66,222,119.18,120.705,80.42342219091101
2023-10-29,S005-P0012,Furniture,102,175,141.97,120.705,80.54113761094347
2023-10-30,S005-P0012,Furniture,43,462,114.9,120.705,59.337475396752474
2023-10-31,S005-P0012,Furniture,35,426,110.85,120.705,59.20182763904922
2023-11-01,S005-P0012,Furniture,110,403,122.84,120.705,87.91140104400623
2023-11-02,S005-P0012,Furniture,77,318,123.79,120.705,80.27246509123601
2023-11-03,S005-P0012,Furniture,43,261,85.99,120.705,87.88403772598286
2023-11-04,S005-P0012,Furniture,114,230,139.77,120.705,59.1502981300253
2023-11-05,S005-P0012,Furniture,110,669,145.8,120.705,59.266381455512594
2023-11-06,S005-P0012,Furniture,101,589,141.7,120.705,59.277046083612525
2023-11-07,S005-P0012,Furniture,66,526,125.31,120.705,59.19456588452916
2023-11-08,S005-P0012,Furniture,62,451,117.25,120.705,80.50300714593159
2023-11-09,S005-P0012,Furniture,60,401,96.65,120.705,87.91790869153573
2023-11-10,S005-P0012,Furniture,78,352,124.12,120.705,87.78061545677218
2023-11-11,S005-P0012,Furniture,73,302,122.03,120.705,59.24453125174558
2023-11-12,S005-P0012,Furniture,42,228,108.45,120.705,59.41368920311758
2023-11-13,S005-P0012,Furniture,48,184,111.04,120.705,69.78587216006432
2023-11-14,S005-P0012,Furniture,100,409,111.55,120.705,88.24656662576854
2023-11-15,S005-P0012,Furniture,37,315,106.21,120.705,59.19465205816396
2023-11-16,S005-P0012,Furniture,75,292,122.8,120.705,69.4781320528165
2023-11-17,S005-P0012,Furniture,79,225,131.35,120.705,59.05049028211612
2023-11-18,S005-P0012,Furniture,134,499,140.6,120.705,88.00005414766196
2023-11-19,S005-P0012,Furniture,130,360,131.72,120.705,109.527881078388
2023-11-20,S005-P0012,Furniture,86,280,141.96,120.705,59.41062145070885
2023-11-21,S005-P0012,Furniture,148,198,155.23,120.705,80.70494282072288
2023-11-22,S005-P0012,Furniture,151,629,156.07,120.705,69.63191486733746
2023-11-23,S005-P0012,Furniture,133,526,117.28,120.705,88.00542145960608
2023-11-24,S005-P0012,Furniture,108,413,114.55,120.705,98.39217033384486
2023-11-25,S005-P0012,Furniture,90,319,129.79,120.705,59.234736455440036
2023-11-26,S005-P0012,Furniture,93,754,116.06,120.705,109.61404340785514
2023-11-27,S005-P0012,Furniture,98,672,133.07,120.705,80.87532037981411
2023-11-28,S005-P0012,Furniture,55,598,126.8,120.705,59.3518277931751
2023-11-29,S005-P0012,Furniture,111,542,153.72,120.705,80.50999809421002
2023-11-30,S005-P0012,Furniture,119,444,134.97,120.705,69.5387044263903
2023-12-01,S005-P0012,Furniture,72,302,134.9,120.705,83.02095320089579
2023-12-02,S005-P0012,Furniture,151,238,147.6,120.705,101.05905200196926
2023-12-03,S005-P0012,Furniture,103,62,112.39,120.705,101.33205499059338
2023-12-04,S005-P0012,Furniture,101,519,127.65,120.705,72.53647924207155
2023-12-05,S005-P0012,Furniture,57,437,121.08,120.705,72.33662989040542
2023-12-06,S005-P0012,Furniture,83,391,140.27,120.705,83.12947821016577
2023-12-07,S005-P0012,Furniture,92,323,123.76,120.705,72.15616027281618
2023-12-08,S005-P0012,Furniture,58,253,115.45,120.705,72.12074555795522
2023-12-09,S005-P0012,Furniture,82,200,106.25,120.705,90.72099065576998
2023-12-10,S005-P0012,Furniture,82,397,118.84,120.705,90.82744189260072
2023-12-11,S005-P0012,Furniture,140,311,134.52,120.705,90.93810941950082
2023-12-12,S005-P0012,Furniture,92,150,130.62,120.705,83.3530167036334
2023-12-13,S005-P0012,Furniture,95,80,131.88,120.705,83.18147407383775
2023-12-14,S005-P0012,Furniture,56,335,127.06,120.705,83.00396325171023
2023-12-15,S005-P0012,Furniture,77,861,98.0,120.705,90.62393191552954
2023-12-16,S005-P0012,Furniture,53,793,113.07,120.705,72.31164739665232
2023-12-17,S005-P0012,Furniture,121,749,135.86,120.705,101.15982776710223
2023-12-18,S005-P0012,Furniture,86,668,127.86,120.705,72.46987933052256
2023-12-19,S005-P0012,Furniture,94,597,116.72,120.705,112.19145454441856
2023-12-20,S005-P0012,Furniture,69,525,114.12,120.705,61.858761507206395
2023-12-21,S005-P0012,Furniture,65,467,131.37,120.705,82.98494476051287
2023-12-22,S005-P0012,Furniture,91,400,123.47,120.705,111.79893246600555
2023-12-23,S005-P0012,Furniture,96,298,132.0,120.705,61.89044613464344
2023-12-24,S005-P0012,Furniture,62,195,123.6,120.705,83.29858523582543
2023-12-25,S005-P0012,Furniture,67,140,94.29,120.705,90.95298115237804
2023-12-26,S005-P0012,Furniture,85,496,134.23,120.705,61.89367299504204
2023-12-27,S005-P0012,Furniture,44,417,121.06,120.705,18.252084650462127
2023-12-28,S005-P0012,Furniture,41,379,108.13,120.705,39.54083234982645
2023-12-29,S005-P0012,Furniture,51,350,112.15,120.705,39.609119236061666
2023-12-30,S005-P0012,Furniture,15,295,96.6,120.705,18.332769740170267
2023-12-31,S005-P0012,Furniture,32,286,104.09,120.705,28.941145099441993
2024-01-01,S005-P0012,Furniture,19,257,103.52,120.705,29.35924872736926
2024-01-02,S005-P0012,Furniture,22,236,110.76,120.705,29.206247156711864
2024-01-03,S005-P0012,Furniture,18,213,108.65,120.705,29.02877016914334
2024-01-04,S005-P0012,Furniture,38,194,101.39,120.705,18.611690232851775
2024-01-05,S005-P0012,Furniture,49,160,117.46,120.705,39.92891180482183
2024-01-06,S005-P0012,Furniture,46,117,109.86,120.705,29.15851403479702
2024-01-07,S005-P0012,Furniture,61,71,116.82,120.705,47.602698347535316
2024-01-08,S005-P0012,Furniture,54,180,119.9,120.705,29.305155885131153
2024-01-09,S005-P0012,Furniture,91,139,108.2,120.705,91.18135424515839
2024-01-10,S005-P0012,Furniture,96,30,146.4,120.705,62.03898002072535
2024-01-11,S005-P0012,Furniture,73,223,96.49,120.705,90.87175352235388
2024-01-12,S005-P0012,Furniture,83,139,106.58,120.705,101.22486873245751
2024-01-13,S005-P0012,Furniture,102,435,106.48,120.705,112.37746002954746
2024-01-14,S005-P0012,Furniture,57,325,115.16,120.705,62.260386033137706
2024-01-15,S005-P0012,Furniture,132,279,155.88,120.705,72.7049061676801
2024-01-16,S005-P0012,Furniture,72,150,121.94,120.705,62.20509108146413
2024-01-17,S005-P0012,Furniture,112,547,132.01,120.705,101.16611813919675
2024-01-18,S005-P0012,Furniture,123,444,129.11,120.705,112.05134469474056
2024-01-19,S005-P0012,Furniture,63,363,111.79,120.705,61.95520992734902
2024-01-20,S005-P0012,Furniture,105,299,129.15,120.705,83.44955610812225
2024-01-21,S005-P0012,Furniture,96,201,132.22,120.705,72.58253402888053
2024-01-22,S005-P0012,Furniture,123,514,136.53,120.705,112.33343979749411
2024-01-23,S005-P0012,Furniture,110,391,123.75,120.705,90.92458502798567
2024-01-24,S005-P0012,Furniture,60,262,110.28,120.705,72.39660657768647
2024-01-25,S005-P0012,Furniture,4,218,77.45,120.705,112.02411348854066
2024-01-26,S005-P0012,Furniture,65,623,125.1,120.705,72.1601919806024
2024-01-27,S005-P0012,Furniture,66,551,125.3,120.705,61.894387176642056
2024-01-28,S005-P0012,Furniture,96,495,146.74,120.705,72.4413486398179
2024-01-29,S005-P0012,Furniture,71,436,127.95,120.705,72.5396076671637
2024-01-30,S005-P0012,Furniture,54,375,107.91,120.705,62.09176400292557
2023-10-03,S005-P0013,Groceries,208,306,90.92,74.14500000000001,146.66754759343073
2023-10-04,S005-P0013,Groceries,131,80,78.54,74.14500000000001,117.71394804690492
2023-10-05,S005-P0013,Groceries,114,549,74.46,74.14500000000001,107.2097942138328
2023-10-06,S005-P0013,Groceries,126,450,81.26,74.14500000000001,117.64223207263723
2023-10-07,S005-P0013,Groceries,95,300,77.5,74.14500000000001,63.918001643607546
2023-10-08,S005-P0013,Groceries,75,219,72.4,74.14500000000001,74.45772841415919
2023-10-09,S005-P0013,Groceries,57,153,64.3,74.14500000000001,74.58367612484896
2023-10-10,S005-P0013,Groceries,38,433,53.39,74.14500000000001,92.94219033077303
2023-10-11,S005-P0013,Groceries,74,394,68.5,74.14500000000001,85.31327223448126
2023-10-12,S005-P0013,Groceries,129,321,69.84,74.14500000000001,92.67922694911994
2023-10-13,S005-P0013,Groceries,95,212,69.8,74.14500000000001,63.933805237790246
2023-10-14,S005-P0013,Groceries,79,150,69.82,74.14500000000001,64.0727557965323
2023-10-15,S005-P0013,Groceries,27,527,59.94,74.14500000000001,64.19324230310431
2023-10-16,S005-P0013,Groceries,112,505,69.75,74.14500000000001,93.11665624896457
2023-10-17,S005-P0013,Groceries,173,391,83.14,74.14500000000001,114.36438036845371
2023-10-18,S005-P0013,Groceries,73,217,68.31,74.14500000000001,64.02811600580904
2023-10-19,S005-P0013,Groceries,90,139,76.3,74.14500000000001,85.24558296312372
2023-10-20,S005-P0013,Groceries,102,621,60.36,74.14500000000001,114.18583115310766
2023-10-21,S005-P0013,Groceries,84,558,74.67,74.14500000000001,85.43519537739742
2023-10-22,S005-P0013,Groceries,81,489,52.81,74.14500000000001,103.60998219511275
2023-10-23,S005-P0013,Groceries,108,438,57.62,74.14500000000001,103.67863850721102
2023-10-24,S005-P0013,Groceries,65,343,69.81,74.14500000000001,64.23805419809639
2023-10-25,S005-P0013,Groceries,159,271,76.13,74.14500000000001,146.7971943882233
2023-10-26,S005-P0013,Groceries,43,173,64.24,74.14500000000001,117.83416572540611
2023-10-27,S005-P0013,Groceries,138,145,88.81,74.14500000000001,128.8270721380849
2023-10-28,S005-P0013,Groceries,71,435,61.11,74.14500000000001,129.09294143862488
2023-10-29,S005-P0013,Groceries,88,368,64.72,74.14500000000001,129.2654971894764
2023-10-30,S005-P0013,Groceries,138,299,75.93,74.14500000000001,108.00699464446635
2023-10-31,S005-P0013,Groceries,138,170,84.21,74.14500000000001,107.81650655594402
2023-11-01,S005-P0013,Groceries,140,86,72.17,74.14500000000001,136.47123963008195
2023-11-02,S005-P0013,Groceries,146,483,82.0,74.14500000000001,128.8871440081308
2023-11-03,S005-P0013,Groceries,120,339,80.01,74.14500000000001,107.59044164604359
2023-11-04,S005-P0013,Groceries,100,208,74.94,74.14500000000001,107.65529638528193
2023-11-05,S005-P0013,Groceries,167,610,81.72,74.14500000000001,136.67965470760333
2023-11-06,S005-P0013,Groceries,109,465,73.07,74.14500000000001,108.00140566214549
2023-11-07,S005-P0013,Groceries,81,395,66.49,74.14500000000001,107.91892546306212
2023-11-08,S005-P0013,Groceries,42,341,45.47,74.14500000000001,157.97112072884136
2023-11-09,S005-P0013,Groceries,101,312,71.53,74.14500000000001,107.62431261159642
2023-11-10,S005-P0013,Groceries,148,203,78.0,74.14500000000001,107.70638070010924
2023-11-11,S005-P0013,Groceries,140,37,80.26,74.14500000000001,107.85921016864037
2023-11-12,S005-P0013,Groceries,85,261,67.5,74.14500000000001,108.02836812001237
2023-11-13,S005-P0013,Groceries,89,573,76.07,74.14500000000001,118.34571074614001
2023-11-14,S005-P0013,Groceries,150,475,82.68,74.14500000000001,136.69672455020608
2023-11-15,S005-P0013,Groceries,96,303,73.93,74.14500000000001,107.69965031342059
2023-11-16,S005-P0013,Groceries,134,227,75.07,74.14500000000001,146.78172464326906
2023-11-17,S005-P0013,Groceries,30,551,57.77,74.14500000000001,107.61032886819183
2023-11-18,S005-P0013,Groceries,95,525,58.17,74.14500000000001,136.7244137261949
2023-11-19,S005-P0013,Groceries,39,437,59.98,74.14500000000001,129.2891253292678
2023-11-20,S005-P0013,Groceries,74,397,54.06,74.14500000000001,136.9884156952568
2023-11-21,S005-P0013,Groceries,102,337,60.37,74.14500000000001,158.17305640363267
2023-11-22,S005-P0013,Groceries,66,256,66.72,74.14500000000001,118.19175345341317
2023-11-23,S005-P0013,Groceries,116,193,71.07,74.14500000000001,136.45557938404363
2023-11-24,S005-P0013,Groceries,59,373,64.93,74.14500000000001,118.09857425390558
2023-11-25,S005-P0013,Groceries,72,322,53.83,74.14500000000001,136.7576903691689
2023-11-26,S005-P0013,Groceries,116,264,74.67,74.14500000000001,129.430127989554
2023-11-27,S005-P0013,Groceries,125,177,81.24,74.14500000000001,129.38031863507075
2023-11-28,S005-P0013,Groceries,122,84,80.36,74.14500000000001,108.021347040889
2023-11-29,S005-P0013,Groceries,118,388,79.36,74.14500000000001,129.1246770111048
2023-11-30,S005-P0013,Groceries,161,257,80.9,74.14500000000001,118.15338334328509
2023-12-01,S005-P0013,Groceries,160,70,76.26,74.14500000000001,160.4890667838056
2023-12-02,S005-P0013,Groceries,258,319,85.33,74.14500000000001,149.78341158050222
2023-12-03,S005-P0013,Groceries,104,97,79.87,74.14500000000001,120.98361857983501
2023-12-04,S005-P0013,Groceries,127,399,61.27,74.14500000000001,150.00459282498136
2023-12-05,S005-P0013,Groceries,161,1168,80.5,74.14500000000001,149.80474347331526
2023-12-06,S005-P0013,Groceries,122,1033,72.35,74.14500000000001,160.54275146225643
2023-12-07,S005-P0013,Groceries,96,908,70.08,74.14500000000001,120.77083918971098
2023-12-08,S005-P0013,Groceries,122,803,80.47,74.14500000000001,120.68058414403092
2023-12-09,S005-P0013,Groceries,123,693,80.67,74.14500000000001,110.4273945758307
2023-12-10,S005-P0013,Groceries,119,580,79.65,74.14500000000001,110.64352647429956
2023-12-11,S005-P0013,Groceries,134,477,78.84,74.14500000000001,110.75419400119969
2023-12-12,S005-P0013,Groceries,89,354,68.35,74.14500000000001,132.02253595134727
2023-12-13,S005-P0013,Groceries,128,270,64.71,74.14500000000001,160.7044279875666
2023-12-14,S005-P0013,Groceries,175,181,88.56,74.14500000000001,131.72832283024317
2023-12-15,S005-P0013,Groceries,104,28,68.4,74.14500000000001,110.38517616640931
2023-12-16,S005-P0013,Groceries,35,443,58.92,74.14500000000001,120.81664565190894
2023-12-17,S005-P0013,Groceries,208,403,90.77,74.14500000000001,149.82934701481614
2023-12-18,S005-P0013,Groceries,134,182,79.16,74.14500000000001,121.08455824741736
2023-12-19,S005-P0013,Groceries,199,34,104.52,74.14500000000001,131.89785846447927
2023-12-20,S005-P0013,Groceries,134,741,78.99,74.14500000000001,139.16235409765892
2023-12-21,S005-P0013,Groceries,129,587,77.88,74.14500000000001,131.70930433904584
2023-12-22,S005-P0013,Groceries,157,461,80.15,74.14500000000001,160.41361138290034
2023-12-23,S005-P0013,Groceries,133,307,87.51,74.14500000000001,110.39544438990006
2023-12-24,S005-P0013,Groceries,115,191,78.71,74.14500000000001,131.9681044835393
2023-12-25,S005-P0013,Groceries,103,641,75.75,74.14500000000001,110.65938507243877
2023-12-26,S005-P0013,Groceries,145,533,86.12,74.14500000000001,110.50835191193681
2023-12-27,S005-P0013,Groceries,47,401,52.17,74.14500000000001,95.775038564191
2023-12-28,S005-P0013,Groceries,49,358,59.34,74.14500000000001,88.15551126672125
2023-12-29,S005-P0013,Groceries,92,319,69.43,74.14500000000001,88.16895782213739
2023-12-30,S005-P0013,Groceries,36,220,53.33,74.14500000000001,67.00228898788413
2023-12-31,S005-P0013,Groceries,89,181,68.75,74.14500000000001,77.50098368551771
2024-01-01,S005-P0013,Groceries,38,393,59.78,74.14500000000001,77.91908731344496
2024-01-02,S005-P0013,Groceries,84,349,59.89,74.14500000000001,106.72920107044074
2024-01-03,S005-P0013,Groceries,100,292,74.94,74.14500000000001,77.64344908603813
2024-01-04,S005-P0013,Groceries,64,190,62.83,74.14500000000001,67.1715288189275
2024-01-05,S005-P0013,Groceries,92,141,62.1,74.14500000000001,117.34218505691253
2024-01-06,S005-P0013,Groceries,77,398,62.47,74.14500000000001,77.77319295169181
2024-01-07,S005-P0013,Groceries,63,320,59.0,74.14500000000001,96.27221759524917
2024-01-08,S005-P0013,Groceries,85,278,67.82,74.14500000000001,77.91983480202595
2024-01-09,S005-P0013,Groceries,59,189,58.49,74.14500000000001,139.63151216959594
2024-01-10,S005-P0013,Groceries,121,145,75.91,74.14500000000001,139.45225327281602
2024-01-11,S005-P0013,Groceries,121,315,80.11,74.14500000000001,110.57815744241461
2024-01-12,S005-P0013,Groceries,87,220,71.79,74.14500000000001,120.98611298333729
2024-01-13,S005-P0013,Groceries,49,152,56.14,74.14500000000001,132.13870428042728
2024-01-14,S005-P0013,Groceries,112,428,70.15,74.14500000000001,110.92990528085156
2024-01-15,S005-P0013,Groceries,97,315,66.79,74.14500000000001,121.37442541539396
2024-01-16,S005-P0013,Groceries,104,208,64.53,74.14500000000001,139.61836433355487
2024-01-17,S005-P0013,Groceries,229,124,85.41,74.14500000000001,149.89047771772974
2024-01-18,S005-P0013,Groceries,155,337,93.06,74.14500000000001,131.81258894562035
2024-01-19,S005-P0013,Groceries,92,164,72.88,74.14500000000001,110.46020818260564
2024-01-20,S005-P0013,Groceries,205,857,100.86,74.14500000000001,132.00939469419797
2024-01-21,S005-P0013,Groceries,107,634,72.69,74.14500000000001,121.25205327659441
2024-01-22,S005-P0013,Groceries,143,552,85.45,74.14500000000001,132.149524379193
2024-01-23,S005-P0013,Groceries,101,389,60.26,74.14500000000001,139.59410427569955
2024-01-24,S005-P0013,Groceries,163,282,85.81,74.14500000000001,121.01128549458127
2024-01-25,S005-P0013,Groceries,151,134,65.58,74.14500000000001,160.69363273625453
2024-01-26,S005-P0013,Groceries,127,0,81.68,74.14500000000001,120.8297112283163
2024-01-27,S005-P0013,Groceries,175,546,83.52,74.14500000000001,139.36250075955186
2024-01-28,S005-P0013,Groceries,116,407,83.01,74.14500000000001,121.0560275567127
2024-01-29,S005-P0013,Groceries,142,309,80.88,74.14500000000001,121.20912691487756
2024-01-30,S005-P0013,Groceries,97,792,78.12,74.14500000000001,110.5967622581822
2023-10-03,S005-P0014,Furniture,58,525,156.0,155.73000000000002,69.25427434133996
2023-10-04,S005-P0014,Furniture,99,468,161.99,155.73000000000002,69.1541094608292
2023-10-05,S005-P0014,Furniture,51,379,151.48,155.73000000000002,58.59511529693801
2023-10-06,S005-P0014,Furniture,103,329,172.93,155.73000000000002,69.0823934865615
2023-10-07,S005-P0014,Furniture,37,264,129.2,155.73000000000002,15.413003388350916
2023-10-08,S005-P0014,Furniture,62,221,126.72,155.73000000000002,54.751324494098476
2023-10-09,S005-P0014,Furniture,65,466,126.26,155.73000000000002,54.87727220478825
2023-10-10,S005-P0014,Furniture,46,423,141.24,155.73000000000002,15.528917078682326
2023-10-11,S005-P0014,Furniture,37,381,122.06,155.73000000000002,65.49718765278236
2023-10-12,S005-P0014,Furniture,45,357,125.67,155.73000000000002,44.06454803222515
2023-10-13,S005-P0014,Furniture,37,312,129.28,155.73000000000002,15.31912632089545
2023-10-14,S005-P0014,Furniture,36,286,114.01,155.73000000000002,44.31151154565249
2023-10-15,S005-P0014,Furniture,23,261,127.77,155.73000000000002,44.377157721405425
2023-10-16,S005-P0014,Furniture,28,237,138.18,155.73000000000002,15.70338299687387
2023-10-17,S005-P0014,Furniture,63,210,133.51,155.73000000000002,65.804541782378
2023-10-18,S005-P0014,Furniture,54,171,138.04,155.73000000000002,44.212031424110165
2023-10-19,S005-P0014,Furniture,82,111,143.44,155.73000000000002,65.539179043063
2023-10-20,S005-P0014,Furniture,38,179,144.27,155.73000000000002,36.71771757019786
2023-10-21,S005-P0014,Furniture,24,148,135.95,155.73000000000002,36.87535679132171
2023-10-22,S005-P0014,Furniture,55,423,129.74,155.73000000000002,54.94046294739886
2023-10-23,S005-P0014,Furniture,46,360,140.84,155.73000000000002,26.210524924301218
2023-10-24,S005-P0014,Furniture,25,326,136.52,155.73000000000002,15.678215612020693
2023-10-25,S005-P0014,Furniture,66,308,152.71,155.73000000000002,69.38392113613259
2023-10-26,S005-P0014,Furniture,72,244,147.9,155.73000000000002,69.32916747014949
2023-10-27,S005-P0014,Furniture,117,199,171.58,155.73000000000002,80.32207388282826
2023-10-28,S005-P0014,Furniture,104,112,164.76,155.73000000000002,80.47826252173009
2023-10-29,S005-P0014,Furniture,72,246,147.84,155.73000000000002,80.65081827258162
2023-10-30,S005-P0014,Furniture,76,571,175.36,155.73000000000002,59.28263506593337
2023-10-31,S005-P0014,Furniture,66,510,160.68,155.73000000000002,59.256667969868325
2023-11-01,S005-P0014,Furniture,54,451,145.18,155.73000000000002,59.11280670881033
2023-11-02,S005-P0014,Furniture,134,387,150.49,155.73000000000002,109.1807400880701
2023-11-03,S005-P0014,Furniture,57,295,130.96,155.73000000000002,87.82919739516379
2023-11-04,S005-P0014,Furniture,62,239,141.48,155.73000000000002,87.89405213440213
2023-11-05,S005-P0014,Furniture,99,596,170.83,155.73000000000002,88.01013545988943
2023-11-06,S005-P0014,Furniture,83,510,162.24,155.73000000000002,59.33188641443163
2023-11-07,S005-P0014,Furniture,59,456,148.86,155.73000000000002,59.24940621534824
2023-11-08,S005-P0014,Furniture,95,388,149.82,155.73000000000002,109.30160148112749
2023-11-09,S005-P0014,Furniture,73,304,173.7,155.73000000000002,58.95479336388255
2023-11-10,S005-P0014,Furniture,154,217,180.72,155.73000000000002,87.83545578759129
2023-11-11,S005-P0014,Furniture,112,50,158.13,155.73000000000002,88.0431255869415
2023-11-12,S005-P0014,Furniture,105,0,155.94,155.73000000000002,88.15744320749442
2023-11-13,S005-P0014,Furniture,50,386,151.34,155.73000000000002,69.73103182924521
2023-11-14,S005-P0014,Furniture,78,345,141.43,155.73000000000002,88.19172629494946
2023-11-15,S005-P0014,Furniture,91,504,157.97,155.73000000000002,87.88356573172169
2023-11-16,S005-P0014,Furniture,106,408,193.7,155.73000000000002,69.36845139117835
2023-11-17,S005-P0014,Furniture,80,286,159.89,155.73000000000002,59.1053306129352
2023-11-18,S005-P0014,Furniture,81,230,152.38,155.73000000000002,59.256300143285124
2023-11-19,S005-P0014,Furniture,82,168,169.8,155.73000000000002,80.72928674319208
2023-11-20,S005-P0014,Furniture,77,355,158.23,155.73000000000002,59.52030211234703
2023-11-21,S005-P0014,Furniture,94,307,186.63,155.73000000000002,80.65010248990377
2023-11-22,S005-P0014,Furniture,82,227,161.69,155.73000000000002,69.57707453651838
2023-11-23,S005-P0014,Furniture,72,168,164.33,155.73000000000002,59.042306131952905
2023-11-24,S005-P0014,Furniture,62,401,142.17,155.73000000000002,69.53873566782985
2023-11-25,S005-P0014,Furniture,30,335,139.11,155.73000000000002,59.17989612462093
2023-11-26,S005-P0014,Furniture,66,317,160.33,155.73000000000002,80.76060874184013
2023-11-27,S005-P0014,Furniture,116,267,190.39,155.73000000000002,80.82048004899504
2023-11-28,S005-P0014,Furniture,84,135,171.25,155.73000000000002,59.4066681239942
2023-11-29,S005-P0014,Furniture,76,81,175.48,155.73000000000002,80.50999809421002
2023-11-30,S005-P0014,Furniture,95,373,187.02,155.73000000000002,69.42902376475212
2023-12-01,S005-P0014,Furniture,35,295,149.63,155.73000000000002,83.02095320089579
2023-12-02,S005-P0014,Furniture,84,253,154.08,155.73000000000002,72.31529799759244
2023-12-03,S005-P0014,Furniture,52,187,137.0,155.73000000000002,101.16753399813612
2023-12-04,S005-P0014,Furniture,97,138,170.21,155.73000000000002,72.48163891125247
2023-12-05,S005-P0014,Furniture,99,254,171.41,155.73000000000002,72.3914702212245
2023-12-06,S005-P0014,Furniture,126,183,185.62,155.73000000000002,83.23915887180392
2023-12-07,S005-P0014,Furniture,92,53,166.58,155.73000000000002,72.15616027281618
2023-12-08,S005-P0014,Furniture,96,333,187.73,155.73000000000002,72.06590522713611
2023-12-09,S005-P0014,Furniture,117,270,152.75,155.73000000000002,90.72099065576998
2023-12-10,S005-P0014,Furniture,101,169,144.84,155.73000000000002,90.8822822234198
2023-12-11,S005-P0014,Furniture,119,432,153.59,155.73000000000002,90.93810941950082
2023-12-12,S005-P0014,Furniture,102,322,172.34,155.73000000000002,112.09677070801023
2023-12-13,S005-P0014,Furniture,94,232,159.3,155.73000000000002,83.23631440465682
2023-12-14,S005-P0014,Furniture,142,156,183.77,155.73000000000002,111.85739791772527
2023-12-15,S005-P0014,Furniture,52,279,144.86,155.73000000000002,61.71565691869546
2023-12-16,S005-P0014,Furniture,36,229,114.04,155.73000000000002,101.11024173184822
2023-12-17,S005-P0014,Furniture,71,712,154.69,155.73000000000002,72.47091409354448
2023-12-18,S005-P0014,Furniture,56,649,162.79,155.73000000000002,72.41503899970348
2023-12-19,S005-P0014,Furniture,68,614,145.42,155.73000000000002,83.39286020922263
2023-12-20,S005-P0014,Furniture,84,544,162.29,155.73000000000002,61.858761507206395
2023-12-21,S005-P0014,Furniture,117,448,142.98,155.73000000000002,111.94806008816606
2023-12-22,S005-P0014,Furniture,83,375,170.89,155.73000000000002,83.05517846162873
2023-12-23,S005-P0014,Furniture,40,310,108.67,155.73000000000002,90.74388080065842
2023-12-24,S005-P0014,Furniture,136,268,182.05,155.73000000000002,112.09717957102133
2023-12-25,S005-P0014,Furniture,77,119,167.02,155.73000000000002,62.04470615554396
2023-12-26,S005-P0014,Furniture,73,71,164.74,155.73000000000002,61.89367299504204
2023-12-27,S005-P0014,Furniture,16,430,118.1,155.73000000000002,18.361765312100292
2023-12-28,S005-P0014,Furniture,29,416,124.71,155.73000000000002,39.59567268064553
2023-12-29,S005-P0014,Furniture,34,390,134.15,155.73000000000002,39.609119236061666
2023-12-30,S005-P0014,Furniture,33,358,148.23,155.73000000000002,18.277929409351177
2023-12-31,S005-P0014,Furniture,59,325,156.48,155.73000000000002,28.886304768622917
2024-01-01,S005-P0014,Furniture,62,282,149.99,155.73000000000002,58.10300273174609
2024-01-02,S005-P0014,Furniture,34,234,141.36,155.73000000000002,29.206247156711864
2024-01-03,S005-P0014,Furniture,33,206,133.66,155.73000000000002,29.138450830781505
2024-01-04,S005-P0014,Furniture,33,170,133.9,155.73000000000002,18.5568499020327
2024-01-05,S005-P0014,Furniture,52,136,136.33,155.73000000000002,68.72750614001772
2024-01-06,S005-P0014,Furniture,28,77,131.09,155.73000000000002,29.103673703977943
2024-01-07,S005-P0014,Furniture,15,129,130.5,155.73000000000002,18.858944343158488
2024-01-08,S005-P0014,Furniture,36,294,135.65,155.73000000000002,29.305155885131153
2024-01-09,S005-P0014,Furniture,65,269,126.14,155.73000000000002,91.18135424515839
2024-01-10,S005-P0014,Furniture,95,204,168.2,155.73000000000002,62.1486606823635
2024-01-11,S005-P0014,Furniture,46,143,156.24,155.73000000000002,61.90863819470073
2024-01-12,S005-P0014,Furniture,124,97,184.46,155.73000000000002,72.42627439726158
2024-01-13,S005-P0014,Furniture,37,263,136.26,155.73000000000002,83.46918503271341
2024-01-14,S005-P0014,Furniture,66,228,160.78,155.73000000000002,62.2055457023186
2024-01-15,S005-P0014,Furniture,114,517,178.92,155.73000000000002,72.75974649849917
2024-01-16,S005-P0014,Furniture,86,423,163.59,155.73000000000002,90.94884508584096
2024-01-17,S005-P0014,Furniture,36,338,142.66,155.73000000000002,72.42236413481996
2024-01-18,S005-P0014,Furniture,107,298,156.95,155.73000000000002,112.05134469474056
2024-01-19,S005-P0014,Furniture,78,217,125.81,155.73000000000002,90.80864459336402
2024-01-20,S005-P0014,Furniture,112,149,178.17,155.73000000000002,112.13846978167997
2024-01-21,S005-P0014,Furniture,98,428,151.19,155.73000000000002,101.43596869489554
2024-01-22,S005-P0014,Furniture,63,323,142.85,155.73000000000002,112.33343979749411
2024-01-23,S005-P0014,Furniture,51,278,143.82,155.73000000000002,62.18083102360882
2024-01-24,S005-P0014,Furniture,111,228,168.3,155.73000000000002,72.39660657768647
2024-01-25,S005-P0014,Furniture,66,114,152.03,155.73000000000002,83.22551915334473
2024-01-26,S005-P0014,Furniture,65,61,152.02,155.73000000000002,72.21503231142151
2024-01-27,S005-P0014,Furniture,67,391,152.9,155.73000000000002,90.69298151183796
2024-01-28,S005-P0014,Furniture,85,327,172.03,155.73000000000002,72.4413486398179
2024-01-29,S005-P0014,Furniture,90,253,184.11,155.73000000000002,72.48476733634459
2024-01-30,S005-P0014,Furniture,120,161,182.88,155.73000000000002,62.0369236721065
2023-10-03,S005-P0015,Groceries,96,341,47.21,49.224999999999994,117.92379358905384
2023-10-04,S005-P0015,Groceries,109,236,49.28,49.224999999999994,117.71394804690492
2023-10-05,S005-P0015,Groceries,93,149,49.29,49.224999999999994,107.15495388301372
2023-10-06,S005-P0015,Groceries,249,247,71.21,49.224999999999994,146.38598607701405
2023-10-07,S005-P0015,Groceries,73,0,43.63,49.224999999999994,92.71659597880347
2023-10-08,S005-P0015,Groceries,130,558,49.89,49.224999999999994,103.2563227493551
2023-10-09,S005-P0015,Groceries,64,429,37.81,49.224999999999994,103.38227046004486
2023-10-10,S005-P0015,Groceries,73,363,43.54,49.224999999999994,64.1984363263962
2023-10-11,S005-P0015,Groceries,124,286,48.94,49.224999999999994,85.36811256530034
2023-10-12,S005-P0015,Groceries,124,159,49.0,49.224999999999994,63.93547294474312
2023-10-13,S005-P0015,Groceries,123,277,57.06,49.224999999999994,63.82412457615208
2023-10-14,S005-P0015,Groceries,100,203,45.41,49.224999999999994,64.12759612735138
2023-10-15,S005-P0015,Groceries,104,359,43.48,49.224999999999994,93.04667696911929
2023-10-16,S005-P0015,Groceries,69,271,42.89,49.224999999999994,64.37290224458775
2023-10-17,S005-P0015,Groceries,137,228,59.53,49.224999999999994,85.51094570243872
2023-10-18,S005-P0015,Groceries,43,101,38.87,49.224999999999994,64.13779666744722
2023-10-19,S005-P0015,Groceries,111,393,55.1,49.224999999999994,85.24558296312372
2023-10-20,S005-P0015,Groceries,79,306,44.49,49.224999999999994,85.38723681791174
2023-10-21,S005-P0015,Groceries,91,224,51.61,49.224999999999994,85.43519537739742
2023-10-22,S005-P0015,Groceries,83,116,40.18,49.224999999999994,103.55514186429366
2023-10-23,S005-P0015,Groceries,39,204,38.32,49.224999999999994,74.77036351037694
2023-10-24,S005-P0015,Groceries,48,170,37.41,49.224999999999994,93.0914888641114
2023-10-25,S005-P0015,Groceries,73,115,48.41,49.224999999999994,117.94375972220828
2023-10-26,S005-P0015,Groceries,237,58,57.76,49.224999999999994,146.7972810530593
2023-10-27,S005-P0015,Groceries,104,131,46.0,49.224999999999994,128.93675279972305
2023-10-28,S005-P0015,Groceries,208,440,51.24,49.224999999999994,157.94637610463988
2023-10-29,S005-P0015,Groceries,64,246,46.77,49.224999999999994,129.15581652783825
2023-10-30,S005-P0015,Groceries,82,689,47.41,49.224999999999994,107.95215431364727
2023-10-31,S005-P0015,Groceries,110,606,54.88,49.224999999999994,107.81650655594402
2023-11-01,S005-P0015,Groceries,156,520,53.7,49.224999999999994,136.41639929926285
2023-11-02,S005-P0015,Groceries,132,402,41.86,49.224999999999994,157.79541900496488
2023-11-03,S005-P0015,Groceries,111,260,55.08,49.224999999999994,107.53560131522448
2023-11-04,S005-P0015,Groceries,124,127,54.44,49.224999999999994,107.71013671610103
2023-11-05,S005-P0015,Groceries,127,273,52.17,49.224999999999994,107.8810603724074
2023-11-06,S005-P0015,Groceries,139,182,56.87,49.224999999999994,107.89172500050734
2023-11-07,S005-P0015,Groceries,125,338,51.66,49.224999999999994,107.91892546306212
2023-11-08,S005-P0015,Groceries,90,250,48.8,49.224999999999994,129.0080054011882
2023-11-09,S005-P0015,Groceries,76,193,44.09,49.224999999999994,107.62431261159642
2023-11-10,S005-P0015,Groceries,125,294,49.16,49.224999999999994,107.70638070010924
2023-11-11,S005-P0015,Groceries,126,191,49.02,49.224999999999994,136.60296417301723
2023-11-12,S005-P0015,Groceries,85,342,50.45,49.224999999999994,107.91868745837422
2023-11-13,S005-P0015,Groceries,91,257,46.5,49.224999999999994,118.4005510769591
2023-11-14,S005-P0015,Groceries,83,174,45.26,49.224999999999994,107.95297054582926
2023-11-15,S005-P0015,Groceries,115,110,50.21,49.224999999999994,107.80933097505874
2023-11-16,S005-P0015,Groceries,196,185,62.9,49.224999999999994,118.09281096971131
2023-11-17,S005-P0015,Groceries,99,199,47.59,49.224999999999994,107.72000952982998
2023-11-18,S005-P0015,Groceries,118,567,56.25,49.224999999999994,107.76129839854175
2023-11-19,S005-P0015,Groceries,93,455,49.35,49.224999999999994,129.2891253292678
2023-11-20,S005-P0015,Groceries,129,360,41.39,49.224999999999994,136.9884156952568
2023-11-21,S005-P0015,Groceries,203,214,60.82,49.224999999999994,158.0633757419945
2023-11-22,S005-P0015,Groceries,172,8,46.76,49.224999999999994,147.10002845024724
2023-11-23,S005-P0015,Groceries,167,362,51.88,49.224999999999994,136.5652600456818
2023-11-24,S005-P0015,Groceries,102,594,48.26,49.224999999999994,118.09857425390558
2023-11-25,S005-P0015,Groceries,50,494,38.02,49.224999999999994,107.9042557031539
2023-11-26,S005-P0015,Groceries,110,446,43.94,49.224999999999994,158.22872232474992
2023-11-27,S005-P0015,Groceries,237,353,54.87,49.224999999999994,158.3434339627239
2023-11-28,S005-P0015,Groceries,102,143,40.6,49.224999999999994,136.874781706904
2023-11-29,S005-P0015,Groceries,158,537,63.22,49.224999999999994,129.1246770111048
2023-11-30,S005-P0015,Groceries,95,411,47.09,49.224999999999994,118.15338334328509
2023-12-01,S005-P0015,Groceries,135,341,53.24,49.224999999999994,131.74531277942873
2023-12-02,S005-P0015,Groceries,180,247,57.06,49.224999999999994,149.67373091886407
2023-12-03,S005-P0015,Groceries,69,308,40.81,49.224999999999994,149.78221291503093
2023-12-04,S005-P0015,Groceries,105,256,46.15,49.224999999999994,121.15115815896635
2023-12-05,S005-P0015,Groceries,75,137,46.37,49.224999999999994,121.0061491381193
2023-12-06,S005-P0015,Groceries,132,255,49.89,49.224999999999994,160.59759179307554
2023-12-07,S005-P0015,Groceries,78,152,46.82,49.224999999999994,120.66115852807282
2023-12-08,S005-P0015,Groceries,77,290,41.98,49.224999999999994,120.79026480566908
2023-12-09,S005-P0015,Groceries,67,209,47.3,49.224999999999994,110.4273945758307
2023-12-10,S005-P0015,Groceries,57,161,43.32,49.224999999999994,110.58868614348046
2023-12-11,S005-P0015,Groceries,50,110,40.06,49.224999999999994,110.69935367038062
2023-12-12,S005-P0015,Groceries,99,163,47.65,49.224999999999994,132.02253595134727
2023-12-13,S005-P0015,Groceries,48,91,37.5,49.224999999999994,160.59474732592844
2023-12-14,S005-P0015,Groceries,121,241,51.08,49.224999999999994,160.41723650380095
2023-12-15,S005-P0015,Groceries,93,164,49.33,49.224999999999994,110.27549550477116
2023-12-16,S005-P0015,Groceries,137,364,47.61,49.224999999999994,149.72492064874302
2023-12-17,S005-P0015,Groceries,87,264,38.2,49.224999999999994,149.9390276764543
2023-12-18,S005-P0015,Groceries,100,201,47.77,49.224999999999994,121.13939857823644
2023-12-19,S005-P0015,Groceries,178,89,66.77,49.224999999999994,131.89785846447927
2023-12-20,S005-P0015,Groceries,44,177,41.21,49.224999999999994,110.41860009328212
2023-12-21,S005-P0015,Groceries,144,522,60.76,49.224999999999994,131.59962367740766
2023-12-22,S005-P0015,Groceries,179,435,63.59,49.224999999999994,131.6150170477044
2023-12-23,S005-P0015,Groceries,144,266,54.78,49.224999999999994,110.50512505153822
2023-12-24,S005-P0015,Groceries,86,115,48.19,49.224999999999994,131.9681044835393
2023-12-25,S005-P0015,Groceries,190,330,55.1,49.224999999999994,139.51281973845377
2023-12-26,S005-P0015,Groceries,103,205,53.59,49.224999999999994,110.50835191193681
2023-12-27,S005-P0015,Groceries,84,513,37.8,49.224999999999994,95.8298788950101
2023-12-28,S005-P0015,Groceries,106,443,46.33,49.224999999999994,116.89926527109807
2023-12-29,S005-P0015,Groceries,91,373,48.97,49.224999999999994,88.1141174913183
2023-12-30,S005-P0015,Groceries,65,275,42.43,49.224999999999994,66.94744865706505
2023-12-31,S005-P0015,Groceries,64,233,42.22,49.224999999999994,77.50098368551771
2024-01-01,S005-P0015,Groceries,164,167,57.85,49.224999999999994,106.71768164864088
2024-01-02,S005-P0015,Groceries,105,0,46.2,49.224999999999994,77.93060673524482
2024-01-03,S005-P0015,Groceries,69,331,40.57,49.224999999999994,106.49688375205312
2024-01-04,S005-P0015,Groceries,75,253,48.68,49.224999999999994,67.1166884881084
2024-01-05,S005-P0015,Groceries,103,165,50.91,49.224999999999994,88.48875039089754
2024-01-06,S005-P0015,Groceries,71,62,45.72,49.224999999999994,77.71835262087274
2024-01-07,S005-P0015,Groceries,66,219,35.92,49.224999999999994,96.32705792606828
2024-01-08,S005-P0015,Groceries,55,146,43.02,49.224999999999994,77.86499447120687
2024-01-09,S005-P0015,Groceries,101,103,40.47,49.224999999999994,139.74119283123412
2024-01-10,S005-P0015,Groceries,43,138,36.89,49.224999999999994,110.7633395992583
2024-01-11,S005-P0015,Groceries,109,307,49.35,49.224999999999994,110.57815744241461
2024-01-12,S005-P0015,Groceries,180,221,60.32,49.224999999999994,149.72986698771413
2024-01-13,S005-P0015,Groceries,111,32,44.02,49.224999999999994,160.93729861562318
2024-01-14,S005-P0015,Groceries,109,412,54.71,49.224999999999994,110.8202246192134
2024-01-15,S005-P0015,Groceries,94,340,46.85,49.224999999999994,121.37442541539396
2024-01-16,S005-P0015,Groceries,111,273,49.49,49.224999999999994,110.87461032917801
2024-01-17,S005-P0015,Groceries,76,201,44.11,49.224999999999994,121.09188338253382
2024-01-18,S005-P0015,Groceries,109,365,54.62,49.224999999999994,131.81258894562035
2024-01-19,S005-P0015,Groceries,126,237,49.29,49.224999999999994,110.56988884424382
2024-01-20,S005-P0015,Groceries,140,153,45.08,49.224999999999994,160.91766969103202
2024-01-21,S005-P0015,Groceries,159,352,60.26,49.224999999999994,121.14237261495624
2024-01-22,S005-P0015,Groceries,86,252,48.2,49.224999999999994,132.2043647100121
2024-01-23,S005-P0015,Groceries,104,478,48.54,49.224999999999994,110.74066960968452
2024-01-24,S005-P0015,Groceries,136,405,59.42,49.224999999999994,120.90160483294311
2024-01-25,S005-P0015,Groceries,103,270,48.27,49.224999999999994,131.84019807023952
2024-01-26,S005-P0015,Groceries,151,163,49.67,49.224999999999994,149.68314589433132
2024-01-27,S005-P0015,Groceries,120,245,48.4,49.224999999999994,139.30766042873276
2024-01-28,S005-P0015,Groceries,193,160,49.38,49.224999999999994,150.0191428843659
2024-01-29,S005-P0015,Groceries,94,225,52.13,49.224999999999994,121.09944625323939
2024-01-30,S005-P0015,Groceries,122,520,48.62,49.224999999999994,110.70644291982038
2023-10-03,S005-P0016,Toys,83,167,33.61,32.76,89.41615892781289
2023-10-04,S005-P0016,Toys,151,90,33.27,32.76,118.1694287133171
2023-10-05,S005-P0016,Toys,82,590,31.78,32.76,107.55559421860683
2023-10-06,S005-P0016,Toys,144,499,32.14,32.76,118.1525530698685
2023-10-07,S005-P0016,Toys,22,347,23.83,32.76,64.31864197920068
2023-10-08,S005-P0016,Toys,57,328,32.19,32.76,46.0597744145564
2023-10-09,S005-P0016,Toys,50,276,26.79,32.76,74.929476129623
2023-10-10,S005-P0016,Toys,23,229,23.99,32.76,35.800482326793414
2023-10-11,S005-P0016,Toys,21,209,25.04,32.76,56.91531823487847
2023-10-12,S005-P0016,Toys,19,194,26.11,32.76,35.42783828350216
2023-10-13,S005-P0016,Toys,17,178,23.16,32.76,64.27960524256429
2023-10-14,S005-P0016,Toys,25,160,26.84,32.76,35.61996146611042
2023-10-15,S005-P0016,Toys,27,145,25.68,32.76,35.85012863432061
2023-10-16,S005-P0016,Toys,17,129,24.56,32.76,35.92010791416588
2023-10-17,S005-P0016,Toys,11,114,26.52,32.76,57.11299170283593
2023-10-18,S005-P0016,Toys,54,104,28.64,32.76,64.42875634140218
2023-10-19,S005-P0016,Toys,20,60,27.67,32.76,56.84762896352093
2023-10-20,S005-P0016,Toys,9,48,23.69,32.76,56.98928281830895
2023-10-21,S005-P0016,Toys,23,224,26.59,32.76,57.03724137779463
2023-10-22,S005-P0016,Toys,32,202,26.26,32.76,46.35859352949496
2023-10-23,S005-P0016,Toys,30,170,21.69,32.76,75.28068450760824
2023-10-24,S005-P0016,Toys,21,140,26.35,32.76,35.840100198493616
2023-10-25,S005-P0016,Toys,93,127,32.99,32.76,89.65548638424366
2023-10-26,S005-P0016,Toys,77,66,31.22,32.76,89.54589238744148
2023-10-27,S005-P0016,Toys,81,0,31.74,32.76,100.4839584693012
2023-10-28,S005-P0016,Toys,248,298,47.61,32.76,129.38390111257982
2023-10-29,S005-P0016,Toys,75,46,31.07,32.76,100.81270285905455
2023-10-30,S005-P0016,Toys,83,0,31.91,32.76,79.55420031404448
2023-10-31,S005-P0016,Toys,72,762,34.0,32.76,79.41855255634124
2023-11-01,S005-P0016,Toys,160,704,33.67,32.76,108.1829662921173
2023-11-02,S005-P0016,Toys,115,553,35.38,32.76,100.5440303393471
2023-11-03,S005-P0016,Toys,69,433,25.62,32.76,108.04592231245579
2023-11-04,S005-P0016,Toys,128,370,38.85,32.76,79.25734238567915
2023-11-05,S005-P0016,Toys,151,263,33.26,32.76,108.33654103881959
2023-11-06,S005-P0016,Toys,51,117,29.83,32.76,79.49377100090454
2023-11-07,S005-P0016,Toys,90,481,32.76,32.76,79.46613113264026
2023-11-08,S005-P0016,Toys,65,407,33.18,32.76,100.61005140158542
2023-11-09,S005-P0016,Toys,67,344,28.4,32.76,108.02495294718958
2023-11-10,S005-P0016,Toys,80,289,34.98,32.76,79.19874603886828
2023-11-11,S005-P0016,Toys,112,216,35.04,32.76,79.4612561690376
2023-11-12,S005-P0016,Toys,128,99,34.78,32.76,108.37416812478642
2023-11-13,S005-P0016,Toys,121,9,34.26,32.76,118.74635108173311
2023-11-14,S005-P0016,Toys,124,373,38.35,32.76,79.55501654622648
2023-11-15,S005-P0016,Toys,56,246,28.87,32.76,79.41137697545597
2023-11-16,S005-P0016,Toys,124,586,38.45,32.76,89.64001663928946
2023-11-17,S005-P0016,Toys,98,473,27.9,32.76,108.1754901962422
2023-11-18,S005-P0016,Toys,128,397,40.98,32.76,79.36334439893896
2023-11-19,S005-P0016,Toys,108,310,28.84,32.76,129.85428665731814
2023-11-20,S005-P0016,Toys,75,196,31.04,32.76,79.68218669881996
2023-11-21,S005-P0016,Toys,151,471,31.2,32.76,129.82994273484894
2023-11-22,S005-P0016,Toys,98,371,33.6,32.76,89.79379945381038
2023-11-23,S005-P0016,Toys,128,285,34.83,32.76,108.11246571525993
2023-11-24,S005-P0016,Toys,84,624,31.92,32.76,89.75546058512188
2023-11-25,S005-P0016,Toys,162,552,42.82,32.76,79.45146137273204
2023-11-26,S005-P0016,Toys,140,366,40.25,32.76,100.92249332831305
2023-11-27,S005-P0016,Toys,142,214,38.52,32.76,101.03720496628705
2023-11-28,S005-P0016,Toys,79,95,31.42,32.76,79.67823337210528
2023-11-29,S005-P0016,Toys,66,361,28.45,32.76,100.8364036731402
2023-11-30,S005-P0016,Toys,74,292,29.33,32.76,89.7554293436823
2023-12-01,S005-P0016,Toys,156,223,33.31,32.76,132.20079344584096
2023-12-02,S005-P0016,Toys,118,115,37.74,32.76,92.42234225324628
2023-12-03,S005-P0016,Toys,145,0,36.57,32.76,121.43909924624722
2023-12-04,S005-P0016,Toys,83,453,30.11,32.76,121.4969581637404
2023-12-05,S005-P0016,Toys,87,389,25.58,32.76,121.5164701353506
2023-12-06,S005-P0016,Toys,76,747,29.53,32.76,103.45588378909594
2023-12-07,S005-P0016,Toys,96,680,29.85,32.76,121.11663919448506
2023-12-08,S005-P0016,Toys,133,621,29.63,32.76,121.2457454720813
2023-12-09,S005-P0016,Toys,59,469,27.74,32.76,82.13912123786608
2023-12-10,S005-P0016,Toys,88,398,36.02,32.76,82.19073214387768
2023-12-11,S005-P0016,Toys,78,336,31.39,32.76,82.30139967077783
2023-12-12,S005-P0016,Toys,122,260,36.24,32.76,103.56974162092541
2023-12-13,S005-P0016,Toys,118,149,39.69,32.76,103.34335866031067
2023-12-14,S005-P0016,Toys,159,28,44.77,32.76,103.22068816900223
2023-12-15,S005-P0016,Toys,25,423,26.83,32.76,81.87754150516837
2023-12-16,S005-P0016,Toys,154,402,39.8,32.76,92.47353198312524
2023-12-17,S005-P0016,Toys,111,697,36.9,32.76,92.57795834919833
2023-12-18,S005-P0016,Toys,115,588,29.88,32.76,121.54003891382956
2023-12-19,S005-P0016,Toys,185,463,40.97,32.76,103.60958512651465
2023-12-20,S005-P0016,Toys,97,335,35.25,32.76,82.02064609367933
2023-12-21,S005-P0016,Toys,115,259,33.58,32.76,103.31135033944305
2023-12-22,S005-P0016,Toys,151,614,35.03,32.76,132.12533804493572
2023-12-23,S005-P0016,Toys,131,454,33.04,32.76,110.90576538713132
2023-12-24,S005-P0016,Toys,62,339,31.19,32.76,103.51531015311743
2023-12-25,S005-P0016,Toys,96,279,35.14,32.76,82.20659074201689
2023-12-26,S005-P0016,Toys,159,181,31.85,32.76,111.07351323998721
2023-12-27,S005-P0016,Toys,18,71,26.07,32.76,38.46880956775414
2023-12-28,S005-P0016,Toys,8,385,24.84,32.76,59.757557267118464
2023-12-29,S005-P0016,Toys,11,838,23.91,32.76,59.7710038225346
2023-12-30,S005-P0016,Toys,35,829,26.65,32.76,38.54949465746228
2023-12-31,S005-P0016,Toys,25,796,26.84,32.76,49.10302968591493
2024-01-01,S005-P0016,Toys,22,775,25.06,32.76,49.63081397548035
2024-01-02,S005-P0016,Toys,14,762,26.87,32.76,49.42297207400388
2024-01-03,S005-P0016,Toys,37,746,28.22,32.76,49.245495086435355
2024-01-04,S005-P0016,Toys,40,703,28.57,32.76,38.718734488505625
2024-01-05,S005-P0016,Toys,14,657,25.57,32.76,60.14563672211384
2024-01-06,S005-P0016,Toys,30,644,25.98,32.76,49.375238952089035
2024-01-07,S005-P0016,Toys,33,615,24.88,32.76,67.8742635956464
2024-01-08,S005-P0016,Toys,18,583,22.15,32.76,78.32047513761907
2024-01-09,S005-P0016,Toys,106,570,29.05,32.76,111.3432388316313
2024-01-10,S005-P0016,Toys,154,482,37.74,32.76,111.0542992732132
2024-01-11,S005-P0016,Toys,97,353,33.43,32.76,82.23504377363089
2024-01-12,S005-P0016,Toys,111,270,35.01,32.76,92.5881589837345
2024-01-13,S005-P0016,Toys,164,695,32.34,32.76,132.59418494683945
2024-01-14,S005-P0016,Toys,106,551,30.53,32.76,111.3305456164447
2024-01-15,S005-P0016,Toys,103,469,28.4,32.76,121.82990608180614
2024-01-16,S005-P0016,Toys,148,372,30.9,32.76,111.3300909955902
2024-01-17,S005-P0016,Toys,101,264,33.87,32.76,92.69392938293103
2024-01-18,S005-P0016,Toys,138,150,31.59,32.76,132.3777502736707
2024-01-19,S005-P0016,Toys,33,520,26.3,32.76,82.17193484464103
2024-01-20,S005-P0016,Toys,122,492,40.23,32.76,103.55660036377608
2024-01-21,S005-P0016,Toys,112,409,33.36,32.76,92.85409927699163
2024-01-22,S005-P0016,Toys,126,293,34.76,32.76,103.86125104122839
2024-01-23,S005-P0016,Toys,149,190,32.62,32.76,111.2509906069158
2024-01-24,S005-P0016,Toys,83,57,35.45,32.76,92.50365083334032
2024-01-25,S005-P0016,Toys,98,323,35.42,32.76,103.33256340899858
2024-01-26,S005-P0016,Toys,69,223,33.65,32.76,92.37691689789443
2024-01-27,S005-P0016,Toys,48,158,31.04,32.76,82.11111209393405
2024-01-28,S005-P0016,Toys,65,368,31.57,32.76,92.712913887929
2024-01-29,S005-P0016,Toys,109,300,36.68,32.76,92.70149225363662
2024-01-30,S005-P0016,Toys,64,233,29.8,32.76,82.25364858939851
2023-10-03,S005-P0017,Toys,79,165,35.61,34.870000000000005,89.47099925863199
2023-10-04,S005-P0017,Toys,121,117,38.87,34.870000000000005,89.31599404730213
2023-10-05,S005-P0017,Toys,44,121,31.3,34.870000000000005,78.81184021423002
2023-10-06,S005-P0017,Toys,46,80,28.37,34.870000000000005,89.29911840385353
2023-10-07,S005-P0017,Toys,37,100,30.31,34.870000000000005,35.574887974823845
2023-10-08,S005-P0017,Toys,15,112,23.23,34.870000000000005,74.9680494113905
2023-10-09,S005-P0017,Toys,9,100,25.43,34.870000000000005,46.240562456065256
2023-10-10,S005-P0017,Toys,63,94,25.19,34.870000000000005,64.65391699280842
2023-10-11,S005-P0017,Toys,37,112,30.41,34.870000000000005,56.91531823487847
2023-10-12,S005-P0017,Toys,45,81,28.09,34.870000000000005,64.28127294951716
2023-10-13,S005-P0017,Toys,18,88,27.96,34.870000000000005,35.48101090736838
2023-10-14,S005-P0017,Toys,19,124,26.66,34.870000000000005,35.67480179692951
2023-10-15,S005-P0017,Toys,17,111,26.34,34.870000000000005,35.90496896513969
2023-10-16,S005-P0017,Toys,17,101,27.87,34.870000000000005,35.86526758334679
2023-10-17,S005-P0017,Toys,39,84,27.4,34.870000000000005,85.96642636885092
2023-10-18,S005-P0017,Toys,8,96,25.33,34.870000000000005,64.42875634140218
2023-10-19,S005-P0017,Toys,10,91,24.25,34.870000000000005,85.64622329871685
2023-10-20,S005-P0017,Toys,34,81,23.71,34.870000000000005,85.84271748432396
2023-10-21,S005-P0017,Toys,29,93,30.87,34.870000000000005,57.03724137779463
2023-10-22,S005-P0017,Toys,18,118,29.43,34.870000000000005,46.248912867856795
2023-10-23,S005-P0017,Toys,38,102,30.44,34.870000000000005,46.372409510774155
2023-10-24,S005-P0017,Toys,27,107,24.46,34.870000000000005,64.7483751953277
2023-10-25,S005-P0017,Toys,105,78,35.01,34.870000000000005,89.65548638424366
2023-10-26,S005-P0017,Toys,105,101,34.86,34.870000000000005,118.28964639181834
2023-10-27,S005-P0017,Toys,94,128,37.55,34.870000000000005,100.42911813848211
2023-10-28,S005-P0017,Toys,127,119,37.27,34.870000000000005,129.43874144339892
2023-10-29,S005-P0017,Toys,99,128,38.17,34.870000000000005,100.81270285905455
2023-10-30,S005-P0017,Toys,94,141,37.56,34.870000000000005,79.55420031404448
2023-10-31,S005-P0017,Toys,63,152,35.4,34.870000000000005,79.41855255634124
2023-11-01,S005-P0017,Toys,130,104,39.89,34.870000000000005,79.27469129528328
2023-11-02,S005-P0017,Toys,146,144,37.09,34.870000000000005,129.342624674543
2023-11-03,S005-P0017,Toys,77,140,33.6,34.870000000000005,79.1924876464408
2023-11-04,S005-P0017,Toys,81,152,32.33,34.870000000000005,108.05593672087501
2023-11-05,S005-P0017,Toys,97,143,35.9,34.870000000000005,79.53794670362369
2023-11-06,S005-P0017,Toys,76,162,35.3,34.870000000000005,79.49377100090454
2023-11-07,S005-P0017,Toys,131,101,37.96,34.870000000000005,108.20988513701705
2023-11-08,S005-P0017,Toys,72,131,26.06,34.870000000000005,129.57316672923855
2023-11-09,S005-P0017,Toys,87,112,28.92,34.870000000000005,108.13463360882773
2023-11-10,S005-P0017,Toys,104,149,34.88,34.870000000000005,79.30842670050644
2023-11-11,S005-P0017,Toys,72,168,36.54,34.870000000000005,79.35157550739943
2023-11-12,S005-P0017,Toys,71,89,31.19,34.870000000000005,79.6304141204096
2023-11-13,S005-P0017,Toys,121,82,36.87,34.870000000000005,90.05743740817539
2023-11-14,S005-P0017,Toys,71,99,29.4,34.870000000000005,108.35361088142238
2023-11-15,S005-P0017,Toys,67,123,30.55,34.870000000000005,108.15513097983278
2023-11-16,S005-P0017,Toys,152,131,40.37,34.870000000000005,89.69485697010853
2023-11-17,S005-P0017,Toys,42,154,32.61,34.870000000000005,79.21237486858904
2023-11-18,S005-P0017,Toys,129,125,39.76,34.870000000000005,79.47302506057713
2023-11-19,S005-P0017,Toys,84,156,36.21,34.870000000000005,100.891171329665
2023-11-20,S005-P0017,Toys,101,170,36.35,34.870000000000005,79.73702702963904
2023-11-21,S005-P0017,Toys,112,200,37.73,34.870000000000005,100.92166773801488
2023-11-22,S005-P0017,Toys,141,101,34.31,34.870000000000005,118.70207445064443
2023-11-23,S005-P0017,Toys,179,172,40.98,34.870000000000005,108.11246571525993
2023-11-24,S005-P0017,Toys,132,148,44.47,34.870000000000005,89.6457799234837
2023-11-25,S005-P0017,Toys,97,166,37.93,34.870000000000005,79.45146137273204
2023-11-26,S005-P0017,Toys,206,199,48.88,34.870000000000005,129.72108766350894
2023-11-27,S005-P0017,Toys,78,187,31.97,34.870000000000005,101.09204529710613
2023-11-28,S005-P0017,Toys,120,127,40.73,34.870000000000005,79.56855271046712
2023-11-29,S005-P0017,Toys,95,112,33.84,34.870000000000005,100.8364036731402
2023-11-30,S005-P0017,Toys,112,109,41.91,34.870000000000005,89.64574868204414
2023-12-01,S005-P0017,Toys,156,139,42.93,34.870000000000005,103.34735877982595
2023-12-02,S005-P0017,Toys,89,168,38.84,34.870000000000005,92.42234225324628
2023-12-03,S005-P0017,Toys,118,86,38.38,34.870000000000005,92.6953452418704
2023-12-04,S005-P0017,Toys,112,106,35.81,34.870000000000005,92.75320415936358
2023-12-05,S005-P0017,Toys,92,120,35.31,34.870000000000005,92.6630354693356
2023-12-06,S005-P0017,Toys,117,138,34.32,34.870000000000005,132.19963779347273
2023-12-07,S005-P0017,Toys,84,154,38.19,34.870000000000005,92.26320452847003
2023-12-08,S005-P0017,Toys,51,148,24.04,34.870000000000005,121.2457454720813
2023-12-09,S005-P0017,Toys,36,91,28.62,34.870000000000005,82.13912123786608
2023-12-10,S005-P0017,Toys,57,113,31.19,34.870000000000005,82.24557247469677
2023-12-11,S005-P0017,Toys,69,115,32.61,34.870000000000005,111.04515367515462
2023-12-12,S005-P0017,Toys,203,111,46.13,34.870000000000005,132.3134956253022
2023-12-13,S005-P0017,Toys,155,224,42.88,34.870000000000005,103.39819899112976
2023-12-14,S005-P0017,Toys,144,214,41.56,34.870000000000005,103.27552849982132
2023-12-15,S005-P0017,Toys,55,222,24.49,34.870000000000005,110.84065683282152
2023-12-16,S005-P0017,Toys,114,169,32.04,34.870000000000005,121.32696664914022
2023-12-17,S005-P0017,Toys,100,211,34.5,34.870000000000005,92.68763901083648
2023-12-18,S005-P0017,Toys,78,94,33.6,34.870000000000005,92.74144457863366
2023-12-19,S005-P0017,Toys,138,82,45.38,34.870000000000005,103.49990446487648
2023-12-20,S005-P0017,Toys,122,160,38.82,34.870000000000005,110.7644000980561
2023-12-21,S005-P0017,Toys,75,196,31.65,34.870000000000005,103.31135033944305
2023-12-22,S005-P0017,Toys,114,128,36.08,34.870000000000005,132.01565738329754
2023-12-23,S005-P0017,Toys,129,146,37.73,34.870000000000005,82.10717105193544
2023-12-24,S005-P0017,Toys,105,138,35.0,34.870000000000005,132.3139044883133
2023-12-25,S005-P0017,Toys,107,156,37.08,34.870000000000005,82.31627140365505
2023-12-26,S005-P0017,Toys,70,133,34.56,34.870000000000005,82.11039791233404
2023-12-27,S005-P0017,Toys,25,137,23.12,34.870000000000005,67.37708456458822
2023-12-28,S005-P0017,Toys,12,118,25.78,34.870000000000005,59.81239759793754
2023-12-29,S005-P0017,Toys,25,106,30.36,34.870000000000005,59.71616349171551
2023-12-30,S005-P0017,Toys,27,84,29.07,34.870000000000005,38.49465432664319
2023-12-31,S005-P0017,Toys,14,104,26.01,34.870000000000005,49.15787001673401
2024-01-01,S005-P0017,Toys,33,89,28.32,34.870000000000005,49.63081397548035
2024-01-02,S005-P0017,Toys,16,109,26.33,34.870000000000005,49.47781240482297
2024-01-03,S005-P0017,Toys,28,97,29.28,34.870000000000005,49.245495086435355
2024-01-04,S005-P0017,Toys,17,117,26.46,34.870000000000005,38.773574819324715
2024-01-05,S005-P0017,Toys,18,99,24.99,34.870000000000005,88.94423105730974
2024-01-06,S005-P0017,Toys,8,81,28.07,34.870000000000005,49.26555829045087
2024-01-07,S005-P0017,Toys,11,125,25.7,34.870000000000005,39.13050959126958
2024-01-08,S005-P0017,Toys,7,115,20.98,34.870000000000005,78.43015579925725
2024-01-09,S005-P0017,Toys,75,109,31.67,34.870000000000005,82.54464449643537
2024-01-10,S005-P0017,Toys,82,128,34.13,34.870000000000005,111.0542992732132
2024-01-11,S005-P0017,Toys,92,150,37.26,34.870000000000005,82.18020344281182
2024-01-12,S005-P0017,Toys,60,179,33.26,34.870000000000005,92.5881589837345
2024-01-13,S005-P0017,Toys,146,139,34.73,34.870000000000005,132.59418494683945
2024-01-14,S005-P0017,Toys,87,153,36.63,34.870000000000005,82.42227061961061
2024-01-15,S005-P0017,Toys,101,160,36.43,34.870000000000005,92.97647141579117
2024-01-16,S005-P0017,Toys,59,149,31.35,34.870000000000005,82.47665632957522
2024-01-17,S005-P0017,Toys,83,106,34.31,34.870000000000005,92.63908905211196
2024-01-18,S005-P0017,Toys,149,108,44.49,34.870000000000005,103.46947527683665
2024-01-19,S005-P0017,Toys,99,164,36.29,34.870000000000005,82.11709451382195
2024-01-20,S005-P0017,Toys,156,170,40.59,34.870000000000005,132.41003502979106
2024-01-21,S005-P0017,Toys,118,194,38.45,34.870000000000005,121.54301295054935
2024-01-22,S005-P0017,Toys,124,64,32.57,34.870000000000005,132.71468570724335
2024-01-23,S005-P0017,Toys,30,104,28.01,34.870000000000005,82.34271561008174
2024-01-24,S005-P0017,Toys,93,71,29.49,34.870000000000005,121.46676616099344
2024-01-25,S005-P0017,Toys,117,101,40.46,34.870000000000005,103.38740373981767
2024-01-26,S005-P0017,Toys,75,147,35.19,34.870000000000005,92.43175722871351
2024-01-27,S005-P0017,Toys,111,162,35.64,34.870000000000005,110.90970642912994
2024-01-28,S005-P0017,Toys,106,150,33.15,34.870000000000005,121.51150822312493
2024-01-29,S005-P0017,Toys,132,137,44.56,34.870000000000005,92.70149225363662
2024-01-30,S005-P0017,Toys,137,137,42.92,34.870000000000005,82.25364858939851
2023-10-03,S005-P0018,Clothing,214,166,30.39,21.98,107.32149610553387
2023-10-04,S005-P0018,Clothing,91,174,19.31,21.98,107.22133122502309
2023-10-05,S005-P0018,Clothing,30,100,13.49,21.98,125.57061205796597
2023-10-06,S005-P0018,Clothing,122,78,23.72,21.98,107.03993458911724
2023-10-07,S005-P0018,Clothing,109,112,18.24,21.98,82.27881948774072
2023-10-08,S005-P0018,Clothing,150,125,20.33,21.98,92.87338658911146
2023-10-09,S005-P0018,Clothing,160,157,25.15,21.98,64.03621897214806
2023-10-10,S005-P0018,Clothing,190,175,27.15,21.98,53.6509791736953
2023-10-11,S005-P0018,Clothing,139,153,24.98,21.98,74.76581508178035
2023-10-12,S005-P0018,Clothing,98,201,18.5,21.98,82.18661012723814
2023-10-13,S005-P0018,Clothing,192,103,27.33,21.98,82.07526175864709
2023-10-14,S005-P0018,Clothing,189,190,30.12,21.98,53.4704583130123
2023-10-15,S005-P0018,Clothing,209,185,27.03,21.98,82.44437948559931
2023-10-16,S005-P0018,Clothing,134,235,24.64,21.98,53.770604761067766
2023-10-17,S005-P0018,Clothing,72,114,18.09,21.98,75.07316921137598
2023-10-18,S005-P0018,Clothing,139,127,26.32,21.98,53.48065885310814
2023-10-19,S005-P0018,Clothing,260,151,31.99,21.98,103.49672014561874
2023-10-20,S005-P0018,Clothing,170,229,24.47,21.98,103.52869333876859
2023-10-21,S005-P0018,Clothing,75,31,19.31,21.98,74.9425785555156
2023-10-22,S005-P0018,Clothing,133,62,24.53,21.98,64.09940971475868
2023-10-23,S005-P0018,Clothing,88,158,20.23,21.98,64.22290635767604
2023-10-24,S005-P0018,Clothing,115,85,21.98,21.98,53.800277707033665
2023-10-25,S005-P0018,Clothing,73,101,21.24,21.98,107.39630256950738
2023-10-26,S005-P0018,Clothing,141,115,23.84,21.98,107.3415489035243
2023-10-27,S005-P0018,Clothing,79,138,19.56,21.98,118.33445531620309
2023-10-28,S005-P0018,Clothing,136,68,20.85,21.98,147.34407862111988
2023-10-29,S005-P0018,Clothing,146,155,24.15,21.98,118.71804003677552
2023-10-30,S005-P0018,Clothing,74,150,18.23,21.98,97.45953749176545
2023-10-31,S005-P0018,Clothing,109,98,22.77,21.98,97.32388973406222
2023-11-01,S005-P0018,Clothing,79,136,20.63,21.98,97.12518814218515
2023-11-02,S005-P0018,Clothing,142,83,21.19,21.98,147.19312152144488
2023-11-03,S005-P0018,Clothing,172,154,25.95,21.98,125.78673849771948
2023-11-04,S005-P0018,Clothing,79,204,19.54,21.98,97.21751989421921
2023-11-05,S005-P0018,Clothing,103,149,18.82,21.98,126.18703788572148
2023-11-06,S005-P0018,Clothing,91,157,21.52,21.98,97.39910817862551
2023-11-07,S005-P0018,Clothing,105,58,22.47,21.98,97.31662797954215
2023-11-08,S005-P0018,Clothing,191,104,22.72,21.98,147.42366357614043
2023-11-09,S005-P0018,Clothing,166,162,24.22,21.98,125.82060946327235
2023-11-10,S005-P0018,Clothing,110,220,24.09,21.98,97.04924288577016
2023-11-11,S005-P0018,Clothing,159,141,26.42,21.98,97.20207235430132
2023-11-12,S005-P0018,Clothing,74,130,15.97,21.98,126.33434563332645
2023-11-13,S005-P0018,Clothing,169,74,27.14,21.98,107.8530939242582
2023-11-14,S005-P0018,Clothing,62,186,17.43,21.98,97.46035372394743
2023-11-15,S005-P0018,Clothing,101,116,19.99,21.98,125.95078749591556
2023-11-16,S005-P0018,Clothing,101,156,22.19,21.98,107.43567315537224
2023-11-17,S005-P0018,Clothing,132,64,24.44,21.98,97.11771204631
2023-11-18,S005-P0018,Clothing,49,121,17.49,21.98,97.26868157665993
2023-11-19,S005-P0018,Clothing,152,71,23.34,21.98,147.54026251176276
2023-11-20,S005-P0018,Clothing,144,177,25.36,21.98,97.53268354572185
2023-11-21,S005-P0018,Clothing,140,186,25.05,21.98,118.71732425409768
2023-11-22,S005-P0018,Clothing,162,228,22.45,21.98,136.49773096672723
2023-11-23,S005-P0018,Clothing,146,43,26.78,21.98,97.1095278961468
2023-11-24,S005-P0018,Clothing,86,172,19.99,21.98,107.60595743202376
2023-11-25,S005-P0018,Clothing,89,106,17.07,21.98,126.1553928856489
2023-11-26,S005-P0018,Clothing,86,108,20.0,21.98,118.88267083685311
2023-11-27,S005-P0018,Clothing,103,130,21.27,21.98,118.88770181318894
2023-11-28,S005-P0018,Clothing,122,160,23.72,21.98,97.419049557369
2023-11-29,S005-P0018,Clothing,103,159,21.16,21.98,118.68690052004209
2023-11-30,S005-P0018,Clothing,87,38,21.16,21.98,107.49624552894602
2023-12-01,S005-P0018,Clothing,144,95,22.83,21.98,121.19785562672784
2023-12-02,S005-P0018,Clothing,193,135,25.85,21.98,139.12627376616314
2023-12-03,S005-P0018,Clothing,122,185,22.55,21.98,110.4910017579532
2023-12-04,S005-P0018,Clothing,68,55,20.83,21.98,110.49402034462729
2023-12-05,S005-P0018,Clothing,176,83,23.53,21.98,139.25728632061433
2023-12-06,S005-P0018,Clothing,118,158,23.42,21.98,121.19669997435966
2023-12-07,S005-P0018,Clothing,131,181,25.68,21.98,110.11370137537192
2023-12-08,S005-P0018,Clothing,176,102,27.69,21.98,110.13312699133002
2023-12-09,S005-P0018,Clothing,108,203,22.75,21.98,99.93477775394888
2023-12-10,S005-P0018,Clothing,106,85,18.98,21.98,128.94950398761367
2023-12-11,S005-P0018,Clothing,74,107,20.25,21.98,100.15189651767972
2023-12-12,S005-P0018,Clothing,82,105,21.91,21.98,121.36539813700821
2023-12-13,S005-P0018,Clothing,145,106,19.07,21.98,150.15697083486566
2023-12-14,S005-P0018,Clothing,175,157,26.17,21.98,121.18086567754229
2023-12-15,S005-P0018,Clothing,171,187,21.57,21.98,128.6911536797234
2023-12-16,S005-P0018,Clothing,121,200,21.31,21.98,110.37886916084621
2023-12-17,S005-P0018,Clothing,47,126,16.45,21.98,139.2270495312961
2023-12-18,S005-P0018,Clothing,77,95,20.48,21.98,110.48226076389737
2023-12-19,S005-P0018,Clothing,82,124,19.76,21.98,150.14899564697424
2023-12-20,S005-P0018,Clothing,150,121,24.39,21.98,99.9259832714003
2023-12-21,S005-P0018,Clothing,87,123,19.07,21.98,149.85076085990266
2023-12-22,S005-P0018,Clothing,197,128,27.71,21.98,121.12240022582262
2023-12-23,S005-P0018,Clothing,130,227,20.45,21.98,128.75626223403322
2023-12-24,S005-P0018,Clothing,174,98,26.11,21.98,121.4206473308384
2023-12-25,S005-P0018,Clothing,101,174,22.22,21.98,100.11192791973787
2023-12-26,S005-P0018,Clothing,68,79,17.86,21.98,100.07057542087409
2023-12-27,S005-P0018,Clothing,60,79,19.2,21.98,56.374146745475116
2023-12-28,S005-P0018,Clothing,193,70,24.54,21.98,106.40664844921625
2023-12-29,S005-P0018,Clothing,194,166,27.47,21.98,77.67634100025556
2023-12-30,S005-P0018,Clothing,138,175,24.91,21.98,56.399991504364166
2023-12-31,S005-P0018,Clothing,197,207,27.74,21.98,66.95352653281681
2024-01-01,S005-P0018,Clothing,172,188,25.91,21.98,96.17022449593998
2024-01-02,S005-P0018,Clothing,128,157,21.75,21.98,67.38314958254392
2024-01-03,S005-P0018,Clothing,83,168,18.83,21.98,67.2056725949754
2024-01-04,S005-P0018,Clothing,168,72,21.65,21.98,85.47750633224157
2024-01-05,S005-P0018,Clothing,217,141,29.03,21.98,106.73988757339255
2024-01-06,S005-P0018,Clothing,155,174,23.54,21.98,67.22573579899091
2024-01-07,S005-P0018,Clothing,86,172,21.13,21.98,56.92616610735239
2024-01-08,S005-P0018,Clothing,79,96,18.55,21.98,67.42721798014412
2024-01-09,S005-P0018,Clothing,61,95,18.34,21.98,100.34030101251818
2024-01-10,S005-P0018,Clothing,83,93,20.89,21.98,100.10620178491922
2024-01-11,S005-P0018,Clothing,78,94,17.32,21.98,128.88413495572868
2024-01-12,S005-P0018,Clothing,72,94,16.92,21.98,139.29209049665138
2024-01-13,S005-P0018,Clothing,123,78,21.45,21.98,121.59124712772639
2024-01-14,S005-P0018,Clothing,83,148,19.86,21.98,100.32760779733158
2024-01-15,S005-P0018,Clothing,96,78,21.88,21.98,110.71728760105489
2024-01-16,S005-P0018,Clothing,115,104,22.06,21.98,100.27231284565804
2024-01-17,S005-P0018,Clothing,184,116,28.23,21.98,110.43474556819476
2024-01-18,S005-P0018,Clothing,146,202,25.45,21.98,121.31997212373854
2024-01-19,S005-P0018,Clothing,151,92,23.09,21.98,128.76618569591975
2024-01-20,S005-P0018,Clothing,135,134,24.66,21.98,121.46193754149706
2024-01-21,S005-P0018,Clothing,121,176,21.33,21.98,110.70459612389351
2024-01-22,S005-P0018,Clothing,260,44,25.35,21.98,150.56518255414522
2024-01-23,S005-P0018,Clothing,144,280,25.31,21.98,100.13837212616454
2024-01-24,S005-P0018,Clothing,139,172,22.45,21.98,110.46382834188037
2024-01-25,S005-P0018,Clothing,175,165,26.18,21.98,121.23790058671956
2024-01-26,S005-P0018,Clothing,135,165,18.54,21.98,139.19052907244946
2024-01-27,S005-P0018,Clothing,136,214,22.13,21.98,128.81504360685094
2024-01-28,S005-P0018,Clothing,115,113,20.79,21.98,139.3620050700268
2024-01-29,S005-P0018,Clothing,202,143,27.99,21.98,110.66166976217666
2024-01-30,S005-P0018,Clothing,68,197,17.81,21.98,100.15898576711947
2023-10-03,S005-P0019,Furniture,82,140,143.38,128.62,69.19943401052089
2023-10-04,S005-P0019,Furniture,89,191,146.65,128.62,69.09926913001013
2023-10-05,S005-P0019,Furniture,48,107,132.69,128.62,58.54027496611891
2023-10-06,S005-P0019,Furniture,75,268,125.95,128.62,69.0823934865615
2023-10-07,S005-P0019,Furniture,31,208,100.03,128.62,44.15675739272774
2023-10-08,S005-P0019,Furniture,34,179,101.18,128.62,54.696484163279386
2023-10-09,S005-P0019,Furniture,48,151,112.93,128.62,54.76759154315007
2023-10-10,S005-P0019,Furniture,20,116,106.41,128.62,15.583757409501402
2023-10-11,S005-P0019,Furniture,48,183,119.93,128.62,36.69859331758646
2023-10-12,S005-P0019,Furniture,51,146,107.64,128.62,44.11938836304424
2023-10-13,S005-P0019,Furniture,31,94,111.71,128.62,44.0080399944532
2023-10-14,S005-P0019,Furniture,22,151,119.37,128.62,15.403236548818413
2023-10-15,S005-P0019,Furniture,9,134,112.59,128.62,15.57856338620951
2023-10-16,S005-P0019,Furniture,46,126,125.03,128.62,15.64854266605478
2023-10-17,S005-P0019,Furniture,53,86,115.81,128.62,65.69486112073983
2023-10-18,S005-P0019,Furniture,46,98,125.15,128.62,15.46827741973334
2023-10-19,S005-P0019,Furniture,32,163,106.6,128.62,65.42949838142484
2023-10-20,S005-P0019,Furniture,41,131,110.63,128.62,36.77255790101694
2023-10-21,S005-P0019,Furniture,59,94,118.4,128.62,65.61911079569853
2023-10-22,S005-P0019,Furniture,39,141,121.56,128.62,26.087028281383873
2023-10-23,S005-P0019,Furniture,26,110,121.37,128.62,26.100844262663053
2023-10-24,S005-P0019,Furniture,32,87,118.19,128.62,15.678215612020693
2023-10-25,S005-P0019,Furniture,70,52,137.11,128.62,69.38392113613259
2023-10-26,S005-P0019,Furniture,47,66,99.33,128.62,98.18260213616449
2023-10-27,S005-P0019,Furniture,132,131,168.18,128.62,80.26723355200919
2023-10-28,S005-P0019,Furniture,124,43,155.33,128.62,109.16717619528784
2023-10-29,S005-P0019,Furniture,75,214,132.33,128.62,80.65081827258162
2023-10-30,S005-P0019,Furniture,57,403,137.73,128.62,59.28263506593337
2023-10-31,S005-P0019,Furniture,59,362,131.91,128.62,59.20182763904922
2023-11-01,S005-P0019,Furniture,146,317,140.24,128.62,87.91140104400623
2023-11-02,S005-P0019,Furniture,61,163,112.85,128.62,109.07105942643194
2023-11-03,S005-P0019,Furniture,54,370,122.91,128.62,58.97576272914879
2023-11-04,S005-P0019,Furniture,74,315,111.22,128.62,87.9488924652212
2023-11-05,S005-P0019,Furniture,73,228,124.67,128.62,59.32122178633167
2023-11-06,S005-P0019,Furniture,77,173,148.3,128.62,59.277046083612525
2023-11-07,S005-P0019,Furniture,80,125,134.91,128.62,59.30424654616731
2023-11-08,S005-P0019,Furniture,73,223,138.49,128.62,80.39332648429341
2023-11-09,S005-P0019,Furniture,46,150,125.01,128.62,59.00963369470163
2023-11-10,S005-P0019,Furniture,70,102,115.62,128.62,87.89029611841036
2023-11-11,S005-P0019,Furniture,51,19,121.2,128.62,59.1896909209265
2023-11-12,S005-P0019,Furniture,93,160,148.69,128.62,59.3588488722985
2023-11-13,S005-P0019,Furniture,73,50,124.79,128.62,69.84071249088339
2023-11-14,S005-P0019,Furniture,41,193,116.58,128.62,59.33829162893446
2023-11-15,S005-P0019,Furniture,114,155,143.43,128.62,87.88356573172169
2023-11-16,S005-P0019,Furniture,72,39,131.09,128.62,69.4781320528165
2023-11-17,S005-P0019,Furniture,87,225,153.15,128.62,58.99564995129702
2023-11-18,S005-P0019,Furniture,90,127,139.5,128.62,87.94521381684285
2023-11-19,S005-P0019,Furniture,96,205,158.09,128.62,80.674446412373
2023-11-20,S005-P0019,Furniture,85,140,152.1,128.62,59.41062145070885
2023-11-21,S005-P0019,Furniture,95,236,112.26,128.62,109.61321781755696
2023-11-22,S005-P0019,Furniture,112,140,141.48,128.62,98.37566887171428
2023-11-23,S005-P0019,Furniture,84,218,144.18,128.62,59.042306131952905
2023-11-24,S005-P0019,Furniture,76,162,133.16,128.62,69.48389533701078
2023-11-25,S005-P0019,Furniture,85,274,130.39,128.62,59.28957678625911
2023-11-26,S005-P0019,Furniture,135,189,152.55,128.62,109.50436274621696
2023-11-27,S005-P0019,Furniture,101,83,129.87,128.62,109.61907438419097
2023-11-28,S005-P0019,Furniture,47,293,125.51,128.62,59.3518277931751
2023-11-29,S005-P0019,Furniture,70,255,123.61,128.62,80.6196787558482
2023-11-30,S005-P0019,Furniture,56,179,130.32,128.62,69.48386409557122
2023-12-01,S005-P0019,Furniture,83,120,136.22,128.62,83.13063386253394
2023-12-02,S005-P0019,Furniture,96,34,127.6,128.62,101.05905200196926
2023-12-03,S005-P0019,Furniture,41,155,92.19,128.62,101.33205499059338
2023-12-04,S005-P0019,Furniture,77,287,140.49,128.62,72.48163891125247
2023-12-05,S005-P0019,Furniture,86,207,145.38,128.62,72.33662989040542
2023-12-06,S005-P0019,Furniture,128,131,149.45,128.62,111.92807254536164
2023-12-07,S005-P0019,Furniture,51,170,127.71,128.62,72.04647961117803
2023-12-08,S005-P0019,Furniture,60,340,125.39,128.62,72.1755858887743
2023-12-09,S005-P0019,Furniture,44,285,130.79,128.62,61.8127156589359
2023-12-10,S005-P0019,Furniture,111,257,149.49,128.62,62.083687888223835
2023-12-11,S005-P0019,Furniture,94,146,157.03,128.62,62.02983442266674
2023-12-12,S005-P0019,Furniture,86,294,114.77,128.62,112.26129170046748
2023-12-13,S005-P0019,Furniture,126,201,132.21,128.62,112.03490873985272
2023-12-14,S005-P0019,Furniture,63,52,140.57,128.62,83.00396325171023
2023-12-15,S005-P0019,Furniture,112,310,150.06,128.62,61.71565691869546
2023-12-16,S005-P0019,Furniture,95,188,142.24,128.62,72.25680706583324
2023-12-17,S005-P0019,Furniture,135,112,143.03,128.62,101.26950842874041
2023-12-18,S005-P0019,Furniture,85,198,129.51,128.62,101.26847366571849
2023-12-19,S005-P0019,Furniture,86,424,137.54,128.62,83.39286020922263
2023-12-20,S005-P0019,Furniture,41,339,110.38,128.62,61.858761507206395
2023-12-21,S005-P0019,Furniture,103,301,115.41,128.62,111.94806008816606
2023-12-22,S005-P0019,Furniture,52,199,121.79,128.62,83.05517846162873
2023-12-23,S005-P0019,Furniture,80,163,120.75,128.62,90.63420013902027
2023-12-24,S005-P0019,Furniture,88,93,146.07,128.62,83.29858523582543
2023-12-25,S005-P0019,Furniture,66,189,134.99,128.62,61.98986582472489
2023-12-26,S005-P0019,Furniture,66,145,128.45,128.62,61.948513325861114
2023-12-27,S005-P0019,Furniture,32,69,100.29,128.62,47.10551931647712
2023-12-28,S005-P0019,Furniture,16,164,99.15,128.62,39.59567268064553
2023-12-29,S005-P0019,Furniture,37,145,120.71,128.62,39.55427890524259
2023-12-30,S005-P0019,Furniture,50,107,127.02,128.62,18.332769740170267
2023-12-31,S005-P0019,Furniture,37,63,114.49,128.62,28.941145099441993
2024-01-01,S005-P0019,Furniture,40,117,128.77,128.62,29.30440839655017
2024-01-02,S005-P0019,Furniture,32,84,112.15,128.62,29.261087487530954
2024-01-03,S005-P0019,Furniture,17,154,116.39,128.62,29.02877016914334
2024-01-04,S005-P0019,Furniture,7,136,111.11,128.62,18.50200957121361
2024-01-05,S005-P0019,Furniture,25,130,86.22,128.62,68.8371868016559
2024-01-06,S005-P0019,Furniture,42,114,123.1,128.62,29.103673703977943
2024-01-07,S005-P0019,Furniture,37,73,108.69,128.62,47.602698347535316
2024-01-08,S005-P0019,Furniture,52,106,114.69,128.62,58.10375022032706
2024-01-09,S005-P0019,Furniture,129,69,141.83,128.62,91.07167358352024
2024-01-10,S005-P0019,Furniture,39,111,121.62,128.62,62.09382035154442
2024-01-11,S005-P0019,Furniture,84,299,129.69,128.62,62.01831885633888
2024-01-12,S005-P0019,Furniture,82,200,150.83,128.62,72.3165937356234
2024-01-13,S005-P0019,Furniture,113,145,125.41,128.62,112.37746002954746
2024-01-14,S005-P0019,Furniture,71,233,144.92,128.62,62.2055457023186
2024-01-15,S005-P0019,Furniture,25,191,108.52,128.62,72.75974649849917
2024-01-16,S005-P0019,Furniture,64,169,134.18,128.62,62.15025075064506
2024-01-17,S005-P0019,Furniture,69,127,136.88,128.62,72.42236413481996
2024-01-18,S005-P0019,Furniture,143,216,156.16,128.62,111.99650436392146
2024-01-19,S005-P0019,Furniture,88,107,139.07,128.62,61.90036959652994
2024-01-20,S005-P0019,Furniture,72,338,138.09,128.62,83.33987544648407
2024-01-21,S005-P0019,Furniture,114,261,158.93,128.62,72.58253402888053
2024-01-22,S005-P0019,Furniture,149,188,139.5,128.62,112.49796078995136
2024-01-23,S005-P0019,Furniture,51,304,114.84,128.62,62.18083102360882
2024-01-24,S005-P0019,Furniture,89,252,123.5,128.62,101.19520091288237
2024-01-25,S005-P0019,Furniture,97,147,126.82,128.62,112.02411348854066
2024-01-26,S005-P0019,Furniture,89,83,139.19,128.62,100.95878631579833
2024-01-27,S005-P0019,Furniture,63,194,120.38,128.62,62.00406783828021
2024-01-28,S005-P0019,Furniture,77,133,140.55,128.62,72.4413486398179
2024-01-29,S005-P0019,Furniture,63,41,120.56,128.62,72.59444799798277
2024-01-30,S005-P0019,Furniture,84,125,151.72,128.62,61.98208334128742
2023-10-03,S005-P0020,Toys,114,131,31.2,28.615000000000002,89.47099925863199
2023-10-04,S005-P0020,Toys,120,178,30.13,28.615000000000002,89.3708343781212
2023-10-05,S005-P0020,Toys,96,181,27.96,28.615000000000002,107.55559421860683
2023-10-06,S005-P0020,Toys,66,116,26.47,28.615000000000002,117.98803207741125
2023-10-07,S005-P0020,Toys,37,110,23.6,28.615000000000002,35.62972830564292
2023-10-08,S005-P0020,Toys,22,127,23.39,28.615000000000002,46.0597744145564
2023-10-09,S005-P0020,Toys,47,105,24.59,28.615000000000002,46.240562456065256
2023-10-10,S005-P0020,Toys,25,129,22.48,28.615000000000002,35.74564199597433
2023-10-11,S005-P0020,Toys,26,102,21.45,28.615000000000002,56.970158565697545
2023-10-12,S005-P0020,Toys,42,82,24.12,28.615000000000002,35.53751894514033
2023-10-13,S005-P0020,Toys,49,104,20.71,28.615000000000002,64.38928590420247
2023-10-14,S005-P0020,Toys,10,100,23.31,28.615000000000002,35.61996146611042
2023-10-15,S005-P0020,Toys,32,89,25.72,28.615000000000002,35.79528830350152
2023-10-16,S005-P0020,Toys,37,117,23.61,28.615000000000002,64.66386191854271
2023-10-17,S005-P0020,Toys,52,93,25.14,28.615000000000002,57.22267236447409
2023-10-18,S005-P0020,Toys,18,85,18.11,28.615000000000002,64.59327733385943
2023-10-19,S005-P0020,Toys,35,118,24.69,28.615000000000002,56.84762896352093
2023-10-20,S005-P0020,Toys,15,88,21.5,28.615000000000002,56.934442487489875
2023-10-21,S005-P0020,Toys,43,127,20.19,28.615000000000002,86.0003567054478
2023-10-22,S005-P0020,Toys,32,101,23.22,28.615000000000002,46.303753198675885
2023-10-23,S005-P0020,Toys,40,132,21.43,28.615000000000002,75.17100384597006
2023-10-24,S005-P0020,Toys,14,87,21.39,28.615000000000002,35.894940529312706
2023-10-25,S005-P0020,Toys,156,128,33.34,28.615000000000002,118.39924038862048
2023-10-26,S005-P0020,Toys,141,136,28.13,28.615000000000002,118.39932705345649
2023-10-27,S005-P0020,Toys,116,145,31.35,28.615000000000002,129.22771247367803
2023-10-28,S005-P0020,Toys,107,171,30.51,28.615000000000002,100.6949874390221
2023-10-29,S005-P0020,Toys,31,193,24.35,28.615000000000002,100.81270285905455
2023-10-30,S005-P0020,Toys,67,173,28.05,28.615000000000002,79.49935998322539
2023-10-31,S005-P0020,Toys,36,101,23.61,28.615000000000002,79.47339288716033
2023-11-01,S005-P0020,Toys,36,115,22.38,28.615000000000002,79.32953162610235
2023-11-02,S005-P0020,Toys,72,74,24.25,28.615000000000002,129.28778434372393
2023-11-03,S005-P0020,Toys,111,73,27.72,28.615000000000002,107.99108198163671
2023-11-04,S005-P0020,Toys,101,112,31.55,28.615000000000002,79.25734238567915
2023-11-05,S005-P0020,Toys,88,108,28.66,28.615000000000002,79.48310637280461
2023-11-06,S005-P0020,Toys,75,127,27.32,28.615000000000002,79.60345166254271
2023-11-07,S005-P0020,Toys,136,101,31.6,28.615000000000002,79.52097146345933
2023-11-08,S005-P0020,Toys,110,150,30.88,28.615000000000002,100.66489173240451
2023-11-09,S005-P0020,Toys,91,189,27.5,28.615000000000002,79.28119894281272
2023-11-10,S005-P0020,Toys,86,82,28.46,28.615000000000002,107.99734037406418
2023-11-11,S005-P0020,Toys,83,108,29.68,28.615000000000002,79.40641583821852
2023-11-12,S005-P0020,Toys,98,130,28.08,28.615000000000002,79.6304141204096
2023-11-13,S005-P0020,Toys,85,126,29.85,28.615000000000002,90.00259707735631
2023-11-14,S005-P0020,Toys,76,138,27.52,28.615000000000002,79.55501654622648
2023-11-15,S005-P0020,Toys,59,142,21.8,28.615000000000002,108.20997131065185
2023-11-16,S005-P0020,Toys,98,91,31.19,28.615000000000002,89.64001663928946
2023-11-17,S005-P0020,Toys,134,121,27.99,28.615000000000002,108.12064986542312
2023-11-18,S005-P0020,Toys,47,120,25.96,28.615000000000002,79.41818472975805
2023-11-19,S005-P0020,Toys,39,123,23.85,28.615000000000002,101.00085199130316
2023-11-20,S005-P0020,Toys,68,80,28.09,28.615000000000002,79.68218669881996
2023-11-21,S005-P0020,Toys,80,77,26.32,28.615000000000002,129.7202620732108
2023-11-22,S005-P0020,Toys,68,116,29.57,28.615000000000002,89.7389591229913
2023-11-23,S005-P0020,Toys,83,132,28.15,28.615000000000002,79.36871171088309
2023-11-24,S005-P0020,Toys,124,130,35.69,28.615000000000002,89.6457799234837
2023-11-25,S005-P0020,Toys,76,123,27.45,28.615000000000002,108.19521537710882
2023-11-26,S005-P0020,Toys,95,123,27.85,28.615000000000002,129.72108766350894
2023-11-27,S005-P0020,Toys,40,128,19.94,28.615000000000002,129.9454799631211
2023-11-28,S005-P0020,Toys,75,89,24.29,28.615000000000002,108.4768277073012
2023-11-29,S005-P0020,Toys,65,84,27.86,28.615000000000002,100.72672301150203
2023-11-30,S005-P0020,Toys,70,83,28.35,28.615000000000002,89.64574868204414
2023-12-01,S005-P0020,Toys,35,93,23.41,28.615000000000002,103.34735877982595
2023-12-02,S005-P0020,Toys,103,111,26.74,28.615000000000002,121.33061725008034
2023-12-03,S005-P0020,Toys,80,90,26.4,28.615000000000002,92.6953452418704
2023-12-04,S005-P0020,Toys,85,77,23.57,28.615000000000002,121.60663882537855
2023-12-05,S005-P0020,Toys,151,89,30.9,28.615000000000002,121.46162980453153
2023-12-06,S005-P0020,Toys,48,178,23.32,28.615000000000002,132.19963779347273
2023-12-07,S005-P0020,Toys,69,129,28.21,28.615000000000002,92.26320452847003
2023-12-08,S005-P0020,Toys,116,152,26.1,28.615000000000002,121.2457454720813
2023-12-09,S005-P0020,Toys,48,175,20.62,28.615000000000002,110.99255590388104
2023-12-10,S005-P0020,Toys,77,125,29.04,28.615000000000002,82.24557247469677
2023-12-11,S005-P0020,Toys,67,156,22.47,28.615000000000002,111.1548343367928
2023-12-12,S005-P0020,Toys,62,76,26.11,28.615000000000002,103.56974162092541
2023-12-13,S005-P0020,Toys,96,89,29.43,28.615000000000002,103.39819899112976
2023-12-14,S005-P0020,Toys,85,105,29.85,28.615000000000002,103.22068816900223
2023-12-15,S005-P0020,Toys,116,82,31.32,28.615000000000002,81.98722216680653
2023-12-16,S005-P0020,Toys,149,95,32.87,28.615000000000002,92.52837231394432
2023-12-17,S005-P0020,Toys,93,164,32.3,28.615000000000002,92.57795834919833
2023-12-18,S005-P0020,Toys,157,157,33.58,28.615000000000002,121.43035825219138
2023-12-19,S005-P0020,Toys,91,183,29.02,28.615000000000002,103.55474479569557
2023-12-20,S005-P0020,Toys,117,109,31.55,28.615000000000002,82.02064609367933
2023-12-21,S005-P0020,Toys,77,159,29.12,28.615000000000002,103.25651000862398
2023-12-22,S005-P0020,Toys,115,80,26.07,28.615000000000002,132.1801783757548
2023-12-23,S005-P0020,Toys,129,137,32.59,28.615000000000002,110.79608472549315
2023-12-24,S005-P0020,Toys,84,147,31.34,28.615000000000002,103.51531015311743
2023-12-25,S005-P0020,Toys,95,123,32.6,28.615000000000002,82.20659074201689
2023-12-26,S005-P0020,Toys,93,134,30.71,28.615000000000002,82.16523824315313
2023-12-27,S005-P0020,Toys,40,158,25.25,28.615000000000002,38.46880956775414
2023-12-28,S005-P0020,Toys,28,126,23.97,28.615000000000002,59.702716936299375
2023-12-29,S005-P0020,Toys,10,107,22.15,28.615000000000002,59.7710038225346
2023-12-30,S005-P0020,Toys,35,99,23.45,28.615000000000002,38.54949465746228
2023-12-31,S005-P0020,Toys,18,127,21.83,28.615000000000002,49.10302968591493
2024-01-01,S005-P0020,Toys,16,107,22.74,28.615000000000002,49.575973644661275
2024-01-02,S005-P0020,Toys,53,93,23.94,28.615000000000002,78.2215664091998
2024-01-03,S005-P0020,Toys,25,87,22.55,28.615000000000002,49.300335417254445
2024-01-04,S005-P0020,Toys,10,111,22.14,28.615000000000002,38.773574819324715
2024-01-05,S005-P0020,Toys,39,102,18.9,28.615000000000002,89.05391171894792
2024-01-06,S005-P0020,Toys,59,106,24.53,28.615000000000002,78.06415262564678
2024-01-07,S005-P0020,Toys,34,111,23.29,28.615000000000002,39.13050959126958
2024-01-08,S005-P0020,Toys,14,76,20.32,28.615000000000002,78.2656348068
2024-01-09,S005-P0020,Toys,125,111,34.01,28.615000000000002,82.48980416561629
2024-01-10,S005-P0020,Toys,83,135,28.21,28.615000000000002,82.31054526883644
2024-01-11,S005-P0020,Toys,80,157,29.38,28.615000000000002,82.18020344281182
2024-01-12,S005-P0020,Toys,79,72,26.32,28.615000000000002,92.64299931455358
2024-01-13,S005-P0020,Toys,116,90,31.4,28.615000000000002,103.68590995000542
2024-01-14,S005-P0020,Toys,116,152,27.9,28.615000000000002,111.3305456164447
2024-01-15,S005-P0020,Toys,73,158,27.1,28.615000000000002,92.97647141579117
2024-01-16,S005-P0020,Toys,89,102,28.78,28.615000000000002,82.42181599875614
2024-01-17,S005-P0020,Toys,108,114,32.3,28.615000000000002,92.63908905211196
2024-01-18,S005-P0020,Toys,169,134,32.76,28.615000000000002,132.26806961203255
2024-01-19,S005-P0020,Toys,68,225,28.11,28.615000000000002,82.11709451382195
2024-01-20,S005-P0020,Toys,117,170,29.85,28.615000000000002,103.66628102541425
2024-01-21,S005-P0020,Toys,68,181,23.89,28.615000000000002,121.59785328136846
2024-01-22,S005-P0020,Toys,112,121,27.78,28.615000000000002,132.6050050456052
2024-01-23,S005-P0020,Toys,97,133,29.56,28.615000000000002,82.34271561008174
2024-01-24,S005-P0020,Toys,121,110,26.86,28.615000000000002,121.41192583017437
2024-01-25,S005-P0020,Toys,63,164,24.89,28.615000000000002,103.44224407063675
2024-01-26,S005-P0020,Toys,134,99,34.99,28.615000000000002,92.37691689789443
2024-01-27,S005-P0020,Toys,38,133,22.55,28.615000000000002,82.22079275557222
2024-01-28,S005-P0020,Toys,130,105,30.87,28.615000000000002,121.51150822312493
2024-01-29,S005-P0020,Toys,105,144,31.95,28.615000000000002,92.75633258445569
2024-01-30,S005-P0020,Toys,73,126,25.78,28.615000000000002,82.30848892021758
