data,sku,categoria,demanda,estoque,preco,pred
2023-10-03,S001-P0001,Electronics,72,100,69.78,94.87991016697462
2023-10-04,S001-P0001,Electronics,90,335,70.52,95.71147993893454
2023-10-05,S001-P0001,Electronics,78,236,64.25,85.34242165423898
2023-10-06,S001-P0001,Electronics,80,186,61.29,94.37607225413063
2023-10-07,S001-P0001,Electronics,58,289,56.62,50.49491989541236
2023-10-08,S001-P0001,Electronics,23,239,51.89,54.27325814639144
2023-10-09,S001-P0001,Electronics,44,220,50.11,71.82073553595126
2023-10-10,S001-P0001,Electronics,43,178,56.24,49.7523531171681
2023-10-11,S001-P0001,Electronics,82,126,68.63,60.40419206700286
2023-10-12,S001-P0001,Electronics,49,132,45.63,66.31568640128319
2023-10-13,S001-P0001,Electronics,38,279,55.13,49.260350301876315
2023-10-14,S001-P0001,Electronics,34,245,54.3,50.46468525986878
2023-10-15,S001-P0001,Electronics,28,220,52.8,50.166235611470626
2023-10-16,S001-P0001,Electronics,46,196,63.18,50.93043325058793
2023-10-17,S001-P0001,Electronics,66,168,61.48,75.7164200645457
2023-10-18,S001-P0001,Electronics,20,126,48.5,50.147749753707615
2023-10-19,S001-P0001,Electronics,53,229,46.32,77.76413667829263
2023-10-20,S001-P0001,Electronics,77,167,60.71,76.90967011555358
2023-10-21,S001-P0001,Electronics,36,78,51.79,59.97992337867039
2023-10-22,S001-P0001,Electronics,47,214,57.28,54.57213147537076
2023-10-23,S001-P0001,Electronics,101,171,61.6,70.21005750365426
2023-10-24,S001-P0001,Electronics,53,62,61.7,49.850266637475926
2023-10-25,S001-P0001,Electronics,152,182,76.92,117.35579249245485
2023-10-26,S001-P0001,Electronics,106,68,55.83,122.46163671608856
2023-10-27,S001-P0001,Electronics,143,288,78.95,106.86237418308498
2023-10-28,S001-P0001,Electronics,114,143,80.26,107.33666216665912
2023-10-29,S001-P0001,Electronics,162,285,87.76,107.47964909801081
2023-10-30,S001-P0001,Electronics,109,181,75.22,87.85206732841283
2023-10-31,S001-P0001,Electronics,66,393,68.12,86.17892307921453
2023-11-01,S001-P0001,Electronics,99,346,54.56,110.68241006354364
2023-11-02,S001-P0001,Electronics,128,245,83.79,106.95706552483797
2023-11-03,S001-P0001,Electronics,137,102,65.53,111.39168641206608
2023-11-04,S001-P0001,Electronics,120,269,73.56,88.22883632160148
2023-11-05,S001-P0001,Electronics,105,444,70.31,88.28183511068057
2023-11-06,S001-P0001,Electronics,97,354,76.05,88.89274203539767
2023-11-07,S001-P0001,Electronics,99,255,65.04,110.72866029672663
2023-11-08,S001-P0001,Electronics,144,187,71.06,136.8943788394589
2023-11-09,S001-P0001,Electronics,117,259,81.04,85.5563257920285
2023-11-10,S001-P0001,Electronics,77,450,70.95,86.15612269073183
2023-11-11,S001-P0001,Electronics,91,394,74.61,86.46863059926828
2023-11-12,S001-P0001,Electronics,95,308,64.26,111.1517726227412
2023-11-13,S001-P0001,Electronics,35,227,45.27,124.18562648325069
2023-11-14,S001-P0001,Electronics,122,196,74.19,85.5693381834246
2023-11-15,S001-P0001,Electronics,90,99,63.41,85.29369837963458
2023-11-16,S001-P0001,Electronics,164,276,66.28,124.70061970463578
2023-11-17,S001-P0001,Electronics,102,90,69.56,87.70825230678939
2023-11-18,S001-P0001,Electronics,106,269,62.72,111.8021942274495
2023-11-19,S001-P0001,Electronics,127,199,79.47,107.48454455761507
2023-11-20,S001-P0001,Electronics,132,314,72.66,111.25370038730618
2023-11-21,S001-P0001,Electronics,56,192,56.23,105.11373650716281
2023-11-22,S001-P0001,Electronics,100,430,65.68,91.5800680364599
2023-11-23,S001-P0001,Electronics,71,324,66.1,84.5885656823972
2023-11-24,S001-P0001,Electronics,56,244,62.5,93.31630620400738
2023-11-25,S001-P0001,Electronics,107,210,78.53,85.67288991775088
2023-11-26,S001-P0001,Electronics,148,94,71.06,132.02105143676766
2023-11-27,S001-P0001,Electronics,88,196,73.78,105.61851440361582
2023-11-28,S001-P0001,Electronics,139,347,82.38,84.6475493339567
2023-11-29,S001-P0001,Electronics,148,240,89.0,107.12495780586706
2023-11-30,S001-P0001,Electronics,99,443,72.7,91.76926627616348
2023-12-01,S001-P0001,Electronics,109,326,79.16,105.1055359190145
2023-12-02,S001-P0001,Electronics,160,202,74.29,124.6851698848213
2023-12-03,S001-P0001,Electronics,119,43,73.4,95.07817007553366
2023-12-04,S001-P0001,Electronics,73,275,59.94,125.42697858394914
2023-12-05,S001-P0001,Electronics,24,407,54.67,95.21173519380358
2023-12-06,S001-P0001,Electronics,142,385,74.73,108.09023200603426
2023-12-07,S001-P0001,Electronics,131,264,84.62,94.35889907960689
2023-12-08,S001-P0001,Electronics,147,165,79.68,125.76758988620982
2023-12-09,S001-P0001,Electronics,99,237,65.53,84.84418932153531
2023-12-10,S001-P0001,Electronics,127,129,62.63,110.5121153591093
2023-12-11,S001-P0001,Electronics,67,199,65.11,86.16041258815855
2023-12-12,S001-P0001,Electronics,161,422,78.41,132.1745874180834
2023-12-13,S001-P0001,Electronics,40,279,52.83,108.24283618511129
2023-12-14,S001-P0001,Electronics,75,232,63.56,106.19668135269322
2023-12-15,S001-P0001,Electronics,69,151,58.53,110.90777154657614
2023-12-16,S001-P0001,Electronics,70,267,59.21,95.12793336640449
2023-12-17,S001-P0001,Electronics,36,220,57.75,95.03275658927419
2023-12-18,S001-P0001,Electronics,109,194,71.38,95.25444679522585
2023-12-19,S001-P0001,Electronics,118,67,69.63,107.04736484387378
2023-12-20,S001-P0001,Electronics,104,235,74.02,85.81010401318596
2023-12-21,S001-P0001,Electronics,136,412,73.32,107.9409723498168
2023-12-22,S001-P0001,Electronics,64,255,67.67,106.57521758839097
2023-12-23,S001-P0001,Electronics,89,184,70.41,85.045616490605
2023-12-24,S001-P0001,Electronics,147,112,66.4,137.75308935776954
2023-12-25,S001-P0001,Electronics,72,206,55.88,112.83060426276619
2023-12-26,S001-P0001,Electronics,132,422,60.45,111.93391501718659
2023-12-27,S001-P0001,Electronics,51,303,51.49,65.43238878976695
2023-12-28,S001-P0001,Electronics,73,261,63.06,61.59062187568602
2023-12-29,S001-P0001,Electronics,90,183,70.67,56.82392302063521
2023-12-30,S001-P0001,Electronics,54,104,61.96,47.136948565712046
2023-12-31,S001-P0001,Electronics,60,259,63.43,50.11109634925343
2024-01-01,S001-P0001,Electronics,62,216,63.94,50.11109634925343
2024-01-02,S001-P0001,Electronics,31,150,56.35,49.97700568898824
2024-01-03,S001-P0001,Electronics,52,230,54.9,68.31536819212455
2024-01-04,S001-P0001,Electronics,47,173,50.78,60.77989625275814
2024-01-05,S001-P0001,Electronics,71,127,59.46,59.78877869505231
2024-01-06,S001-P0001,Electronics,52,186,46.04,64.92142364515402
2024-01-07,S001-P0001,Electronics,71,297,66.0,47.30825772104873
2024-01-08,S001-P0001,Electronics,28,224,46.91,66.00338460506106
2024-01-09,S001-P0001,Electronics,75,192,66.86,84.09021721277044
2024-01-10,S001-P0001,Electronics,98,117,65.22,85.22553707172682
2024-01-11,S001-P0001,Electronics,141,198,65.28,110.128568368307
2024-01-12,S001-P0001,Electronics,83,227,68.78,93.76241771697016
2024-01-13,S001-P0001,Electronics,111,466,64.28,132.963937126897
2024-01-14,S001-P0001,Electronics,74,337,63.17,85.02162266957163
2024-01-15,S001-P0001,Electronics,114,254,68.71,94.88780344618831
2024-01-16,S001-P0001,Electronics,31,164,53.71,84.30427912390093
2024-01-17,S001-P0001,Electronics,88,394,63.1,95.10753952218225
2024-01-18,S001-P0001,Electronics,86,327,69.59,105.65327098435358
2024-01-19,S001-P0001,Electronics,90,273,55.71,111.89825318504198
2024-01-20,S001-P0001,Electronics,141,196,78.34,106.46980186609483
2024-01-21,S001-P0001,Electronics,109,218,60.17,124.80361850051645
2024-01-22,S001-P0001,Electronics,218,372,90.63,131.5711167173629
2024-01-23,S001-P0001,Electronics,68,135,68.85,83.80872584044934
2024-01-24,S001-P0001,Electronics,98,441,58.06,125.78690464450573
2024-01-25,S001-P0001,Electronics,137,325,77.43,104.52239629372166
2024-01-26,S001-P0001,Electronics,72,237,69.69,93.23174992351467
2024-01-27,S001-P0001,Electronics,99,471,72.78,83.99839721452585
2024-01-28,S001-P0001,Electronics,139,371,82.25,94.01678432198929
2024-01-29,S001-P0001,Electronics,112,259,79.88,94.44906582090286
2024-01-30,S001-P0001,Electronics,111,383,71.56,84.35891912360943
2023-10-03,S001-P0002,Clothing,64,104,49.65,137.73591111271392
2023-10-04,S001-P0002,Clothing,242,92,86.92,137.78848885719637
2023-10-05,S001-P0002,Clothing,185,256,66.94,118.10224431382174
2023-10-06,S001-P0002,Clothing,97,82,65.62,104.28158905707575
2023-10-07,S001-P0002,Clothing,67,86,59.19,100.27579504848535
2023-10-08,S001-P0002,Clothing,191,99,81.63,147.14836034140046
2023-10-09,S001-P0002,Clothing,128,194,72.45,113.19800009664725
2023-10-10,S001-P0002,Clothing,161,180,79.66,98.95361193315928
2023-10-11,S001-P0002,Clothing,110,259,72.12,122.1819622520481
2023-10-12,S001-P0002,Clothing,141,174,75.24,101.34740619374067
2023-10-13,S001-P0002,Clothing,95,149,65.21,101.91807405080348
2023-10-14,S001-P0002,Clothing,184,200,80.23,125.70619648708161
2023-10-15,S001-P0002,Clothing,114,279,69.35,100.34236337706132
2023-10-16,S001-P0002,Clothing,54,156,59.31,102.6149495335332
2023-10-17,S001-P0002,Clothing,80,98,52.62,161.52216353751493
2023-10-18,S001-P0002,Clothing,156,141,66.15,126.57219790040872
2023-10-19,S001-P0002,Clothing,43,197,56.77,122.88157995471968
2023-10-20,S001-P0002,Clothing,154,164,78.06,121.68735647168826
2023-10-21,S001-P0002,Clothing,90,198,60.7,122.40119421191693
2023-10-22,S001-P0002,Clothing,106,138,67.62,111.96379672410558
2023-10-23,S001-P0002,Clothing,153,124,61.49,147.3728542825814
2023-10-24,S001-P0002,Clothing,89,184,63.95,101.34116889952874
2023-10-25,S001-P0002,Clothing,185,123,80.28,132.5113142884238
2023-10-26,S001-P0002,Clothing,144,201,56.96,133.92132704436005
2023-10-27,S001-P0002,Clothing,66,191,55.89,117.09032279207622
2023-10-28,S001-P0002,Clothing,192,123,82.05,117.38648337895287
2023-10-29,S001-P0002,Clothing,92,181,68.08,115.34661673783106
2023-10-30,S001-P0002,Clothing,91,85,60.99,96.15389819983312
2023-10-31,S001-P0002,Clothing,61,81,52.09,93.9276072798037
2023-11-01,S001-P0002,Clothing,87,75,63.54,94.02652334735842
2023-11-02,S001-P0002,Clothing,61,99,60.86,114.73729386592926
2023-11-03,S001-P0002,Clothing,95,116,55.51,122.92226541333474
2023-11-04,S001-P0002,Clothing,85,122,66.39,96.10974007075315
2023-11-05,S001-P0002,Clothing,94,168,65.12,96.03027725167661
2023-11-06,S001-P0002,Clothing,97,64,69.14,97.03644539150082
2023-11-07,S001-P0002,Clothing,153,114,58.47,120.80301543124155
2023-11-08,S001-P0002,Clothing,19,140,46.11,154.5749293644714
2023-11-09,S001-P0002,Clothing,99,120,66.07,94.84274354025085
2023-11-10,S001-P0002,Clothing,111,122,65.08,121.98367056079569
2023-11-11,S001-P0002,Clothing,115,108,55.64,121.51485966392691
2023-11-12,S001-P0002,Clothing,157,103,70.87,121.97215168920648
2023-11-13,S001-P0002,Clothing,147,184,76.66,103.98950399421432
2023-11-14,S001-P0002,Clothing,113,267,69.18,93.32427731099745
2023-11-15,S001-P0002,Clothing,104,158,52.99,121.70292537057105
2023-11-16,S001-P0002,Clothing,66,137,59.0,102.82007634706167
2023-11-17,S001-P0002,Clothing,139,92,74.88,96.77360237538717
2023-11-18,S001-P0002,Clothing,119,115,59.33,123.60144985190479
2023-11-19,S001-P0002,Clothing,92,151,64.59,116.04755735415293
2023-11-20,S001-P0002,Clothing,21,166,38.87,124.1424443541936
2023-11-21,S001-P0002,Clothing,180,149,79.31,115.4064091484899
2023-11-22,S001-P0002,Clothing,116,204,73.55,101.5515346414697
2023-11-23,S001-P0002,Clothing,54,71,59.28,94.13753306098377
2023-11-24,S001-P0002,Clothing,68,79,53.34,103.56484625250086
2023-11-25,S001-P0002,Clothing,75,100,57.6,119.64866906062174
2023-11-26,S001-P0002,Clothing,131,102,77.0,116.22970434009243
2023-11-27,S001-P0002,Clothing,121,131,70.87,115.60865658714496
2023-11-28,S001-P0002,Clothing,58,153,54.34,93.72379006761098
2023-11-29,S001-P0002,Clothing,62,87,55.26,117.35487513586668
2023-11-30,S001-P0002,Clothing,165,107,80.57,103.75248820198462
2023-12-01,S001-P0002,Clothing,156,189,58.96,165.06853837978747
2023-12-02,S001-P0002,Clothing,83,276,59.27,125.75990076377806
2023-12-03,S001-P0002,Clothing,78,213,58.57,125.6356526223725
2023-12-04,S001-P0002,Clothing,191,142,81.66,159.87994120596065
2023-12-05,S001-P0002,Clothing,127,161,72.28,126.13919157553401
2023-12-06,S001-P0002,Clothing,114,178,69.37,138.09573514125643
2023-12-07,S001-P0002,Clothing,154,161,74.11,129.6003692544272
2023-12-08,S001-P0002,Clothing,129,164,72.69,130.1827553746476
2023-12-09,S001-P0002,Clothing,95,190,61.96,111.54407623082666
2023-12-10,S001-P0002,Clothing,143,81,71.91,112.08748431448053
2023-12-11,S001-P0002,Clothing,43,166,56.75,120.36798725881985
2023-12-12,S001-P0002,Clothing,130,125,69.05,174.2278536977196
2023-12-13,S001-P0002,Clothing,177,152,78.71,140.66476718503398
2023-12-14,S001-P0002,Clothing,111,158,65.27,139.36855200191184
2023-12-15,S001-P0002,Clothing,188,175,85.49,117.36411487911033
2023-12-16,S001-P0002,Clothing,66,193,62.11,130.3361805369028
2023-12-17,S001-P0002,Clothing,107,129,67.87,130.26866107033388
2023-12-18,S001-P0002,Clothing,170,151,81.66,130.81091166725327
2023-12-19,S001-P0002,Clothing,133,213,77.44,138.6173414905062
2023-12-20,S001-P0002,Clothing,206,68,79.92,137.71657638116054
2023-12-21,S001-P0002,Clothing,184,213,80.27,172.7650211648143
2023-12-22,S001-P0002,Clothing,148,239,68.75,175.4497653094079
2023-12-23,S001-P0002,Clothing,131,100,62.11,136.15042368342574
2023-12-24,S001-P0002,Clothing,127,132,61.43,175.65433311106491
2023-12-25,S001-P0002,Clothing,64,113,61.52,112.14906381158286
2023-12-26,S001-P0002,Clothing,154,106,74.03,111.22424807643415
2023-12-27,S001-P0002,Clothing,96,170,51.68,141.21985424853554
2023-12-28,S001-P0002,Clothing,150,78,61.74,168.61801649758988
2023-12-29,S001-P0002,Clothing,253,177,99.66,133.97237942246454
2023-12-30,S001-P0002,Clothing,97,210,62.13,116.8387411195743
2023-12-31,S001-P0002,Clothing,141,121,75.21,126.4681345143972
2024-01-01,S001-P0002,Clothing,105,149,57.3,159.3805204822335
2024-01-02,S001-P0002,Clothing,172,145,77.85,128.5313936036751
2024-01-03,S001-P0002,Clothing,156,203,70.58,157.17129429574152
2024-01-04,S001-P0002,Clothing,115,165,66.2,119.13714112441167
2024-01-05,S001-P0002,Clothing,62,156,55.01,140.15522165012786
2024-01-06,S001-P0002,Clothing,157,110,74.57,128.2254457699344
2024-01-07,S001-P0002,Clothing,132,157,62.39,140.65539410589395
2024-01-08,S001-P0002,Clothing,172,131,77.67,130.6850005850912
2024-01-09,S001-P0002,Clothing,73,158,54.47,110.85080336331029
2024-01-10,S001-P0002,Clothing,147,86,76.49,110.96470438323352
2024-01-11,S001-P0002,Clothing,111,147,65.25,115.86450392418249
2024-01-12,S001-P0002,Clothing,131,169,73.1,128.81370819210943
2024-01-13,S001-P0002,Clothing,103,191,70.62,138.99884873818257
2024-01-14,S001-P0002,Clothing,119,102,67.02,113.79723908882873
2024-01-15,S001-P0002,Clothing,123,111,56.35,160.0505787808252
2024-01-16,S001-P0002,Clothing,153,104,65.64,138.9144777981286
2024-01-17,S001-P0002,Clothing,115,179,65.95,130.7635935510151
2024-01-18,S001-P0002,Clothing,134,200,73.82,138.11106212919765
2024-01-19,S001-P0002,Clothing,39,187,50.26,114.72733271006925
2024-01-20,S001-P0002,Clothing,120,145,60.02,173.30844739497147
2024-01-21,S001-P0002,Clothing,121,145,70.84,124.80921541377491
2024-01-22,S001-P0002,Clothing,147,198,76.48,138.96432402253606
2024-01-23,S001-P0002,Clothing,71,226,56.87,114.67471780099031
2024-01-24,S001-P0002,Clothing,150,142,65.73,164.95874195393122
2024-01-25,S001-P0002,Clothing,91,164,48.2,169.2184027970615
2024-01-26,S001-P0002,Clothing,144,67,71.85,160.03373857344272
2024-01-27,S001-P0002,Clothing,125,156,56.71,135.5739589622551
2024-01-28,S001-P0002,Clothing,114,210,73.11,121.89320382831717
2024-01-29,S001-P0002,Clothing,64,111,61.6,121.6365261817315
2024-01-30,S001-P0002,Clothing,119,136,70.55,109.35304054510692
2023-10-03,S001-P0003,Clothing,86,101,56.17,103.43005755649557
2023-10-04,S001-P0003,Clothing,99,399,55.75,104.19807800903804
2023-10-05,S001-P0003,Clothing,148,298,55.02,118.53954701699244
2023-10-06,S001-P0003,Clothing,174,889,65.82,137.58943747534087
2023-10-07,S001-P0003,Clothing,67,734,47.35,100.27579504848535
2023-10-08,S001-P0003,Clothing,114,662,58.43,111.45354215108652
2023-10-09,S001-P0003,Clothing,87,577,48.14,148.96082000600913
2023-10-10,S001-P0003,Clothing,145,513,67.48,98.95361193315928
2023-10-11,S001-P0003,Clothing,191,397,65.37,158.09427286659377
2023-10-12,S001-P0003,Clothing,76,242,54.17,101.44448781798278
2023-10-13,S001-P0003,Clothing,57,175,48.09,101.78561244264785
2023-10-14,S001-P0003,Clothing,67,784,49.95,100.40825665664099
2023-10-15,S001-P0003,Clothing,80,726,49.7,100.20990176890568
2023-10-16,S001-P0003,Clothing,76,663,51.49,102.6149495335332
2023-10-17,S001-P0003,Clothing,230,591,59.82,154.3487991022302
2023-10-18,S001-P0003,Clothing,108,320,45.26,126.28513747349878
2023-10-19,S001-P0003,Clothing,114,227,43.92,153.05688072984637
2023-10-20,S001-P0003,Clothing,150,101,61.81,121.61983700511935
2023-10-21,S001-P0003,Clothing,140,818,60.13,121.93441990476104
2023-10-22,S001-P0003,Clothing,105,681,56.78,111.96379672410558
2023-10-23,S001-P0003,Clothing,167,557,57.45,148.05027740127167
2023-10-24,S001-P0003,Clothing,80,374,55.02,101.34116889952874
2023-10-25,S001-P0003,Clothing,150,295,58.29,132.2614450101842
2023-10-26,S001-P0003,Clothing,87,140,56.38,104.07499499069438
2023-10-27,S001-P0003,Clothing,82,741,52.59,117.03359411723957
2023-10-28,S001-P0003,Clothing,131,686,61.65,117.38648337895287
2023-10-29,S001-P0003,Clothing,174,591,65.98,115.27909727126215
2023-10-30,S001-P0003,Clothing,86,455,53.36,96.25612517244518
2023-10-31,S001-P0003,Clothing,106,387,54.17,93.60016024651834
2023-11-01,S001-P0003,Clothing,119,285,53.39,94.25688875640166
2023-11-02,S001-P0003,Clothing,113,875,61.4,114.73729386592926
2023-11-03,S001-P0003,Clothing,70,746,45.31,95.53268097483641
2023-11-04,S001-P0003,Clothing,86,667,50.75,95.97727846259751
2023-11-05,S001-P0003,Clothing,102,595,53.49,96.03027725167661
2023-11-06,S001-P0003,Clothing,140,495,56.55,123.29024495788448
2023-11-07,S001-P0003,Clothing,105,409,53.85,94.21047576950417
2023-11-08,S001-P0003,Clothing,214,289,72.73,154.5749293644714
2023-11-09,S001-P0003,Clothing,96,49,52.35,94.87297817579443
2023-11-10,S001-P0003,Clothing,115,569,61.71,94.79854519830897
2023-11-11,S001-P0003,Clothing,128,437,54.56,121.88331760838427
2023-11-12,S001-P0003,Clothing,138,1242,49.68,121.69888072764873
2023-11-13,S001-P0003,Clothing,159,1092,63.29,104.11375213561988
2023-11-14,S001-P0003,Clothing,130,907,48.45,122.39843241049843
2023-11-15,S001-P0003,Clothing,149,816,58.45,123.29242952897592
2023-11-16,S001-P0003,Clothing,120,716,59.53,102.82007634706167
2023-11-17,S001-P0003,Clothing,107,576,51.44,96.67137540277511
2023-11-18,S001-P0003,Clothing,154,484,62.41,123.28434263399485
2023-11-19,S001-P0003,Clothing,130,318,52.15,157.01752270149655
2023-11-20,S001-P0003,Clothing,125,221,60.56,95.14178338408354
2023-11-21,S001-P0003,Clothing,107,82,54.17,115.4064091484899
2023-11-22,S001-P0003,Clothing,139,656,63.13,101.61647678305643
2023-11-23,S001-P0003,Clothing,125,507,57.24,123.15336052640573
2023-11-24,S001-P0003,Clothing,102,368,53.41,103.4405981110953
2023-11-25,S001-P0003,Clothing,90,275,48.7,95.03313715375037
2023-11-26,S001-P0003,Clothing,178,179,63.13,116.28643301492907
2023-11-27,S001-P0003,Clothing,144,524,50.59,150.27306080158982
2023-11-28,S001-P0003,Clothing,41,382,40.57,93.89063536934529
2023-11-29,S001-P0003,Clothing,103,341,53.58,117.67088320851626
2023-11-30,S001-P0003,Clothing,135,1032,56.13,103.9416784849769
2023-12-01,S001-P0003,Clothing,227,888,63.42,166.98561137414998
2023-12-02,S001-P0003,Clothing,209,704,67.89,159.36635083249948
2023-12-03,S001-P0003,Clothing,181,561,74.56,125.70317208894141
2023-12-04,S001-P0003,Clothing,134,390,65.38,125.5000969958079
2023-12-05,S001-P0003,Clothing,133,1069,55.85,126.26343971693957
2023-12-06,S001-P0003,Clothing,183,941,56.96,172.9620909256282
2023-12-07,S001-P0003,Clothing,123,722,60.14,129.53542711284047
2023-12-08,S001-P0003,Clothing,92,629,51.71,130.1827553746476
2023-12-09,S001-P0003,Clothing,162,534,57.15,134.18266589014337
2023-12-10,S001-P0003,Clothing,201,408,55.83,133.92530490082416
2023-12-11,S001-P0003,Clothing,203,195,67.3,120.2657602862078
2023-12-12,S001-P0003,Clothing,181,31,55.9,167.15765889119595
2023-12-13,S001-P0003,Clothing,130,586,61.44,140.2838169707977
2023-12-14,S001-P0003,Clothing,133,434,65.25,139.3036098603251
2023-12-15,S001-P0003,Clothing,71,1195,48.04,117.2316532709547
2023-12-16,S001-P0003,Clothing,187,1147,61.06,162.318674642536
2023-12-17,S001-P0003,Clothing,114,957,55.46,130.39290921173944
2023-12-18,S001-P0003,Clothing,176,866,55.19,159.01371180937699
2023-12-19,S001-P0003,Clothing,129,706,58.01,173.9683980344586
2023-12-20,S001-P0003,Clothing,179,588,66.9,113.27460253693998
2023-12-21,S001-P0003,Clothing,192,467,65.56,135.6336921725511
2023-12-22,S001-P0003,Clothing,162,328,67.27,135.0950251383969
2023-12-23,S001-P0003,Clothing,134,183,59.04,109.3942052464931
2023-12-24,S001-P0003,Clothing,135,903,59.02,137.66394682914262
2023-12-25,S001-P0003,Clothing,100,809,55.92,112.01660220342723
2023-12-26,S001-P0003,Clothing,91,701,48.83,111.22424807643415
2023-12-27,S001-P0003,Clothing,128,646,51.4,142.18092008832673
2023-12-28,S001-P0003,Clothing,183,554,67.36,142.6158749848876
2023-12-29,S001-P0003,Clothing,153,346,62.13,136.05291124414174
2023-12-30,S001-P0003,Clothing,80,233,49.5,116.8387411195743
2023-12-31,S001-P0003,Clothing,4,183,40.36,126.53565398096612
2024-01-01,S001-P0003,Clothing,104,914,59.56,128.7558375202026
2024-01-02,S001-P0003,Clothing,126,792,54.56,130.4201654941083
2024-01-03,S001-P0003,Clothing,175,646,69.7,129.05206769884927
2024-01-04,S001-P0003,Clothing,78,499,54.54,119.23422274865378
2024-01-05,S001-P0003,Clothing,161,438,53.02,163.80562599646714
2024-01-06,S001-P0003,Clothing,188,314,54.04,149.4737567382421
2024-01-07,S001-P0003,Clothing,108,948,57.4,116.31056175062953
2024-01-08,S001-P0003,Clothing,108,830,54.28,157.04143523537994
2024-01-09,S001-P0003,Clothing,54,757,45.1,110.37239591802937
2024-01-10,S001-P0003,Clothing,124,725,45.24,133.23909936809022
2024-01-11,S001-P0003,Clothing,168,598,54.7,139.2759084232801
2024-01-12,S001-P0003,Clothing,105,466,59.77,128.88122765867834
2024-01-13,S001-P0003,Clothing,125,356,63.7,138.99884873818257
2024-01-14,S001-P0003,Clothing,66,247,49.65,113.79723908882873
2024-01-15,S001-P0003,Clothing,107,827,51.47,131.09966118000793
2024-01-16,S001-P0003,Clothing,145,759,57.81,138.27795133204356
2024-01-17,S001-P0003,Clothing,88,643,50.95,130.7635935510151
2024-01-18,S001-P0003,Clothing,110,574,60.85,138.11106212919765
2024-01-19,S001-P0003,Clothing,136,480,59.3,139.5168907803874
2024-01-20,S001-P0003,Clothing,109,354,57.54,136.8433147019197
2024-01-21,S001-P0003,Clothing,96,287,52.34,124.80921541377491
2024-01-22,S001-P0003,Clothing,182,207,59.78,172.79316544769304
2024-01-23,S001-P0003,Clothing,101,574,59.03,114.22654499125296
2024-01-24,S001-P0003,Clothing,238,514,76.92,164.83292199343728
2024-01-25,S001-P0003,Clothing,215,343,81.12,133.64538495427723
2024-01-26,S001-P0003,Clothing,95,949,55.06,120.10577606934889
2024-01-27,S001-P0003,Clothing,69,874,50.23,110.2779307172361
2024-01-28,S001-P0003,Clothing,192,809,65.47,160.66308555857788
2024-01-29,S001-P0003,Clothing,198,656,73.87,121.56900671516259
2024-01-30,S001-P0003,Clothing,137,434,59.46,109.80121335484426
2023-10-03,S001-P0004,Electronics,68,61,103.45,94.87991016697462
2023-10-04,S001-P0004,Electronics,100,234,104.02,125.54361534752162
2023-10-05,S001-P0004,Electronics,44,124,89.55,85.43950327848108
2023-10-06,S001-P0004,Electronics,146,233,113.87,94.37607225413063
2023-10-07,S001-P0004,Electronics,75,127,95.74,63.640856772368764
2023-10-08,S001-P0004,Electronics,90,309,100.7,54.30349278193502
2023-10-09,S001-P0004,Electronics,47,240,81.68,54.312001389953714
2023-10-10,S001-P0004,Electronics,38,195,87.64,49.72211848162452
2023-10-11,S001-P0004,Electronics,72,155,74.82,79.70861603901324
2023-10-12,S001-P0004,Electronics,57,104,85.08,49.64691244296409
2023-10-13,S001-P0004,Electronics,44,220,76.25,64.56020984289741
2023-10-14,S001-P0004,Electronics,50,171,96.57,50.46468525986878
2023-10-15,S001-P0004,Electronics,48,123,90.99,50.13600097592705
2023-10-16,S001-P0004,Electronics,49,91,91.39,50.93043325058793
2023-10-17,S001-P0004,Electronics,69,129,83.14,77.53743036250069
2023-10-18,S001-P0004,Electronics,71,48,83.62,66.43786130371477
2023-10-19,S001-P0004,Electronics,113,135,97.43,77.77391297896385
2023-10-20,S001-P0004,Electronics,99,182,103.67,76.90967011555358
2023-10-21,S001-P0004,Electronics,66,328,102.79,59.88474660154007
2023-10-22,S001-P0004,Electronics,37,265,82.79,54.57213147537076
2023-10-23,S001-P0004,Electronics,45,221,90.02,54.42952877851942
2023-10-24,S001-P0004,Electronics,42,170,80.09,49.880501273019505
2023-10-25,S001-P0004,Electronics,96,130,102.87,95.40052273328423
2023-10-26,S001-P0004,Electronics,62,24,91.14,93.9487920848268
2023-10-27,S001-P0004,Electronics,131,176,114.96,106.8321395475414
2023-10-28,S001-P0004,Electronics,133,76,102.56,138.3569127545354
2023-10-29,S001-P0004,Electronics,90,248,100.59,107.50988373355439
2023-10-30,S001-P0004,Electronics,56,190,93.88,87.85206732841283
2023-10-31,S001-P0004,Electronics,88,144,105.69,86.17892307921453
2023-11-01,S001-P0004,Electronics,114,90,90.79,110.68241006354364
2023-11-02,S001-P0004,Electronics,66,174,97.79,107.0220076664247
2023-11-03,S001-P0004,Electronics,94,320,102.06,87.67791898437527
2023-11-04,S001-P0004,Electronics,104,249,93.62,110.95338214658796
2023-11-05,S001-P0004,Electronics,115,139,97.04,111.04822177607834
2023-11-06,S001-P0004,Electronics,94,313,102.19,88.92297667094125
2023-11-07,S001-P0004,Electronics,92,223,101.48,85.98573943594239
2023-11-08,S001-P0004,Electronics,118,167,97.98,137.20208072472914
2023-11-09,S001-P0004,Electronics,141,260,112.27,85.48947880332997
2023-11-10,S001-P0004,Electronics,88,92,100.09,86.18635732627541
2023-11-11,S001-P0004,Electronics,132,292,109.14,111.03474300951495
2023-11-12,S001-P0004,Electronics,108,167,107.04,87.01203868292215
2023-11-13,S001-P0004,Electronics,112,316,120.3,95.31875396380765
2023-11-14,S001-P0004,Electronics,95,184,108.07,85.40249288169029
2023-11-15,S001-P0004,Electronics,110,84,119.31,85.22393470214237
2023-11-16,S001-P0004,Electronics,48,161,82.13,93.47369493214781
2023-11-17,S001-P0004,Electronics,49,335,91.59,87.67801767124581
2023-11-18,S001-P0004,Electronics,103,283,99.95,111.8673344193491
2023-11-19,S001-P0004,Electronics,212,219,118.76,137.84543780711138
2023-11-20,S001-P0004,Electronics,63,59,91.63,85.87799154007782
2023-11-21,S001-P0004,Electronics,98,497,98.32,105.11373650716281
2023-11-22,S001-P0004,Electronics,109,429,113.18,90.98585518001804
2023-11-23,S001-P0004,Electronics,81,331,86.68,111.61287217467668
2023-11-24,S001-P0004,Electronics,94,251,85.05,119.89962206837617
2023-11-25,S001-P0004,Electronics,84,185,98.88,85.67288991775088
2023-11-26,S001-P0004,Electronics,116,121,103.97,106.5759436530536
2023-11-27,S001-P0004,Electronics,126,203,112.95,105.71369118074612
2023-11-28,S001-P0004,Electronics,98,82,92.82,105.92841941006306
2023-11-29,S001-P0004,Electronics,122,243,117.73,107.18989994745378
2023-11-30,S001-P0004,Electronics,125,143,112.49,91.86444305329378
2023-12-01,S001-P0004,Electronics,90,293,84.02,130.88163554838715
2023-12-02,S001-P0004,Electronics,114,235,115.05,94.98299329840336
2023-12-03,S001-P0004,Electronics,20,108,76.95,95.07817007553366
2023-12-04,S001-P0004,Electronics,82,277,98.33,95.5338194923558
2023-12-05,S001-P0004,Electronics,133,225,115.23,125.47008057751393
2023-12-06,S001-P0004,Electronics,152,131,102.98,136.7098119561263
2023-12-07,S001-P0004,Electronics,87,213,100.11,94.42384122119361
2023-12-08,S001-P0004,Electronics,99,432,109.44,94.21055125809308
2023-12-09,S001-P0004,Electronics,78,333,101.93,84.81395468599173
2023-12-10,S001-P0004,Electronics,93,252,107.4,85.3573627696456
2023-12-11,S001-P0004,Electronics,101,172,88.33,111.06886713177553
2023-12-12,S001-P0004,Electronics,151,68,121.63,132.6029230960545
2023-12-13,S001-P0004,Electronics,90,214,106.25,107.95589947673696
2023-12-14,S001-P0004,Electronics,85,468,104.43,106.13173921110649
2023-12-15,S001-P0004,Electronics,104,377,105.84,86.28590331341776
2023-12-16,S001-P0004,Electronics,109,261,84.82,124.18647449274623
2023-12-17,S001-P0004,Electronics,85,187,99.34,95.09769873086091
2023-12-18,S001-P0004,Electronics,155,341,136.43,95.18950465363912
2023-12-19,S001-P0004,Electronics,110,217,113.45,106.76042813549945
2023-12-20,S001-P0004,Electronics,64,458,96.82,85.81010401318596
2023-12-21,S001-P0004,Electronics,152,403,122.38,106.29698019975186
2023-12-22,S001-P0004,Electronics,99,284,82.23,137.59906152724116
2023-12-23,S001-P0004,Electronics,55,171,89.06,85.045616490605
2023-12-24,S001-P0004,Electronics,213,136,120.47,138.21091839644396
2023-12-25,S001-P0004,Electronics,119,0,104.93,112.89574445466579
2023-12-26,S001-P0004,Electronics,107,472,106.81,84.57745507217433
2023-12-27,S001-P0004,Electronics,36,398,91.28,46.90883827513395
2023-12-28,S001-P0004,Electronics,63,371,77.38,84.35794240152339
2023-12-29,S001-P0004,Electronics,39,305,87.74,56.302463821374026
2023-12-30,S001-P0004,Electronics,42,269,80.14,48.589180784532964
2023-12-31,S001-P0004,Electronics,48,228,86.21,51.56332856807435
2024-01-01,S001-P0004,Electronics,19,190,72.65,51.56332856807435
2024-01-02,S001-P0004,Electronics,46,169,81.27,51.42923790780916
2024-01-03,S001-P0004,Electronics,38,138,92.32,49.82324074252392
2024-01-04,S001-P0004,Electronics,13,106,74.63,47.32811943239653
2024-01-05,S001-P0004,Electronics,55,96,88.72,59.78877869505231
2024-01-06,S001-P0004,Electronics,19,33,76.51,50.40638974488179
2024-01-07,S001-P0004,Electronics,49,145,86.6,47.33849235659231
2024-01-08,S001-P0004,Electronics,79,101,86.31,66.00338460506106
2024-01-09,S001-P0004,Electronics,105,39,100.39,84.56862465805136
2024-01-10,S001-P0004,Electronics,100,145,115.57,84.844211250688
2024-01-11,S001-P0004,Electronics,149,217,101.97,109.7261907234335
2024-01-12,S001-P0004,Electronics,140,110,117.73,123.49191748684808
2024-01-13,S001-P0004,Electronics,151,259,128.34,106.56283349281132
2024-01-14,S001-P0004,Electronics,128,138,113.69,109.06655663010513
2024-01-15,S001-P0004,Electronics,89,354,105.91,94.85756881064474
2024-01-16,S001-P0004,Electronics,64,251,82.38,109.37575457065442
2024-01-17,S001-P0004,Electronics,84,205,109.74,95.01236274505195
2024-01-18,S001-P0004,Electronics,157,120,110.84,133.27674969021461
2024-01-19,S001-P0004,Electronics,101,200,104.68,85.76234868575628
2024-01-20,S001-P0004,Electronics,135,451,116.16,133.087564340141
2024-01-21,S001-P0004,Electronics,162,316,111.33,124.80361850051645
2024-01-22,S001-P0004,Electronics,91,154,95.96,105.53280504169746
2024-01-23,S001-P0004,Electronics,35,316,91.08,83.80872584044934
2024-01-24,S001-P0004,Electronics,126,291,125.56,93.94172969519076
2024-01-25,S001-P0004,Electronics,89,203,111.47,104.45745415213493
2024-01-26,S001-P0004,Electronics,67,380,73.5,125.12311688822321
2024-01-27,S001-P0004,Electronics,114,317,115.1,83.99839721452585
2024-01-28,S001-P0004,Electronics,108,214,101.63,124.80361850051645
2024-01-29,S001-P0004,Electronics,76,138,91.24,94.51400796248959
2024-01-30,S001-P0004,Electronics,84,241,93.82,84.35891912360943
2023-10-03,S001-P0005,Groceries,115,606,55.99,144.75215024224346
2023-10-04,S001-P0005,Groceries,113,519,62.26,118.38275510177402
2023-10-05,S001-P0005,Groceries,137,410,70.35,99.65215735691552
2023-10-06,S001-P0005,Groceries,88,256,54.36,121.25113470917465
2023-10-07,S001-P0005,Groceries,49,163,49.75,73.84119966901777
2023-10-08,S001-P0005,Groceries,66,589,53.03,81.59677211931003
2023-10-09,S001-P0005,Groceries,97,546,47.34,103.15681745302335
2023-10-10,S001-P0005,Groceries,53,476,40.34,93.52379642274785
2023-10-11,S001-P0005,Groceries,54,428,50.68,92.68653902694709
2023-10-12,S001-P0005,Groceries,102,386,53.7,94.53691083074149
2023-10-13,S001-P0005,Groceries,79,318,47.19,94.02904983584789
2023-10-14,S001-P0005,Groceries,153,251,52.49,93.01128413534255
2023-10-15,S001-P0005,Groceries,50,159,47.37,73.51251538507606
2023-10-16,S001-P0005,Groceries,114,446,55.9,94.49815413806232
2023-10-17,S001-P0005,Groceries,56,363,51.01,90.34987417158653
2023-10-18,S001-P0005,Groceries,37,964,42.69,73.0278351424638
2023-10-19,S001-P0005,Groceries,109,935,61.35,90.54624719865048
2023-10-20,S001-P0005,Groceries,66,854,53.01,90.87638970080494
2023-10-21,S001-P0005,Groceries,80,794,50.22,91.47127982667438
2023-10-22,S001-P0005,Groceries,128,709,52.11,102.51967005145184
2023-10-23,S001-P0005,Groceries,75,621,41.1,99.77838051995298
2023-10-24,S001-P0005,Groceries,44,541,43.82,93.18367590379759
2023-10-25,S001-P0005,Groceries,93,501,58.28,114.6086183175682
2023-10-26,S001-P0005,Groceries,79,403,55.55,112.9946506839594
2023-10-27,S001-P0005,Groceries,168,313,65.6,125.63551161640638
2023-10-28,S001-P0005,Groceries,136,207,70.26,127.55234647681915
2023-10-29,S001-P0005,Groceries,125,73,64.57,127.69533340817084
2023-10-30,S001-P0005,Groceries,178,350,74.97,101.48208533471579
2023-10-31,S001-P0005,Groceries,86,1042,53.94,99.39207182560932
2023-11-01,S001-P0005,Groceries,143,939,54.48,132.26299065998504
2023-11-02,S001-P0005,Groceries,102,797,60.15,126.41357322929856
2023-11-03,S001-P0005,Groceries,182,700,68.13,132.51069217474773
2023-11-04,S001-P0005,Groceries,59,578,43.44,132.68024247412012
2023-11-05,S001-P0005,Groceries,116,518,56.6,132.7750821036105
2023-11-06,S001-P0005,Groceries,101,381,59.82,100.38774987139503
2023-11-07,S001-P0005,Groceries,98,1113,56.24,97.84972654910742
2023-11-08,S001-P0005,Groceries,149,1023,69.2,127.3037760760599
2023-11-09,S001-P0005,Groceries,83,868,56.37,99.32286884633344
2023-11-10,S001-P0005,Groceries,139,792,63.68,99.95774216436544
2023-11-11,S001-P0005,Groceries,93,694,55.3,100.0601792636024
2023-11-12,S001-P0005,Groceries,135,592,66.45,100.57335271171269
2023-11-13,S001-P0005,Groceries,180,479,60.33,151.40459875499764
2023-11-14,S001-P0005,Groceries,185,297,60.32,134.0367670322363
2023-11-15,S001-P0005,Groceries,81,183,55.93,97.79476276880769
2023-11-16,S001-P0005,Groceries,116,550,62.71,114.03012594992292
2023-11-17,S001-P0005,Groceries,54,418,50.76,101.12655358909585
2023-11-18,S001-P0005,Groceries,57,1181,48.59,99.63810610136535
2023-11-19,S001-P0005,Groceries,155,1144,62.96,166.81563450084735
2023-11-20,S001-P0005,Groceries,180,962,71.44,133.36569261054376
2023-11-21,S001-P0005,Groceries,102,797,63.29,125.16451066989909
2023-11-22,S001-P0005,Groceries,184,677,80.1,112.63750555041759
2023-11-23,S001-P0005,Groceries,168,530,65.33,134.6251230850609
2023-11-24,S001-P0005,Groceries,70,413,53.74,116.15957078490963
2023-11-25,S001-P0005,Groceries,173,359,62.84,130.69945435189584
2023-11-26,S001-P0005,Groceries,95,902,61.69,127.33863816808903
2023-11-27,S001-P0005,Groceries,158,830,67.48,126.61898839263289
2023-11-28,S001-P0005,Groceries,113,694,62.21,99.00122733776871
2023-11-29,S001-P0005,Groceries,78,612,52.49,128.0472890482861
2023-11-30,S001-P0005,Groceries,146,547,72.24,112.54630155467834
2023-12-01,S001-P0005,Groceries,150,453,59.03,158.19827361913352
2023-12-02,S001-P0005,Groceries,118,306,56.79,112.55992429364785
2023-12-03,S001-P0005,Groceries,121,173,60.34,112.55992429364785
2023-12-04,S001-P0005,Groceries,101,591,59.9,113.1894548618358
2023-12-05,S001-P0005,Groceries,132,502,49.39,147.48789030392697
2023-12-06,S001-P0005,Groceries,111,381,58.52,127.17398806037639
2023-12-07,S001-P0005,Groceries,130,276,62.28,112.70050116673005
2023-12-08,S001-P0005,Groceries,125,184,64.52,112.70967222036798
2023-12-09,S001-P0005,Groceries,79,673,58.45,99.3577992755112
2023-12-10,S001-P0005,Groceries,100,615,53.66,99.93144199470865
2023-12-11,S001-P0005,Groceries,99,510,56.27,104.47503269378537
2023-12-12,S001-P0005,Groceries,198,432,63.05,162.6152447287457
2023-12-13,S001-P0005,Groceries,69,308,50.78,129.16121793083323
2023-12-14,S001-P0005,Groceries,181,257,59.58,163.97103518561593
2023-12-15,S001-P0005,Groceries,136,70,50.0,137.35445941010207
2023-12-16,S001-P0005,Groceries,103,905,45.21,150.625423716969
2023-12-17,S001-P0005,Groceries,158,791,67.33,150.91248414387894
2023-12-18,S001-P0005,Groceries,138,659,67.04,117.32823858783571
2023-12-19,S001-P0005,Groceries,159,568,63.69,165.18052082478206
2023-12-20,S001-P0005,Groceries,80,422,52.9,101.0720732556635
2023-12-21,S001-P0005,Groceries,100,357,62.82,127.93878667607967
2023-12-22,S001-P0005,Groceries,183,295,68.41,164.57491156043287
2023-12-23,S001-P0005,Groceries,43,825,43.62,99.92700395644954
2023-12-24,S001-P0005,Groceries,113,779,62.12,127.03351939752349
2023-12-25,S001-P0005,Groceries,59,661,54.4,103.5101300809497
2023-12-26,S001-P0005,Groceries,129,604,62.14,98.9849729453897
2023-12-27,S001-P0005,Groceries,57,504,48.64,70.4713654979356
2023-12-28,S001-P0005,Groceries,93,436,55.15,116.46354617496256
2023-12-29,S001-P0005,Groceries,56,365,48.52,86.89031902410683
2023-12-30,S001-P0005,Groceries,76,916,55.02,67.94791837051403
2023-12-31,S001-P0005,Groceries,38,839,45.15,72.65148215721996
2024-01-01,S001-P0005,Groceries,54,799,53.31,73.63714079247733
2024-01-02,S001-P0005,Groceries,126,754,57.89,96.99840681609396
2024-01-03,S001-P0005,Groceries,79,623,41.66,95.11571498889147
2024-01-04,S001-P0005,Groceries,56,558,53.7,68.29799970557706
2024-01-05,S001-P0005,Groceries,96,513,55.87,112.0975260930679
2024-01-06,S001-P0005,Groceries,145,423,64.93,72.22632944595316
2024-01-07,S001-P0005,Groceries,56,249,51.11,67.9802967342402
2024-01-08,S001-P0005,Groceries,74,205,49.04,73.56896795321772
2024-01-09,S001-P0005,Groceries,143,135,71.58,98.6896458306785
2024-01-10,S001-P0005,Groceries,135,576,59.82,100.31717889726005
2024-01-11,S001-P0005,Groceries,90,428,60.72,102.17606449726684
2024-01-12,S001-P0005,Groceries,91,351,52.09,112.44852539968379
2024-01-13,S001-P0005,Groceries,128,291,65.12,126.60242007777063
2024-01-14,S001-P0005,Groceries,118,755,66.44,101.05645350581504
2024-01-15,S001-P0005,Groceries,51,638,52.62,115.80402413153183
2024-01-16,S001-P0005,Groceries,132,590,59.02,133.8414308824901
2024-01-17,S001-P0005,Groceries,159,432,75.05,112.52710296164209
2024-01-18,S001-P0005,Groceries,163,265,72.03,125.09845019242425
2024-01-19,S001-P0005,Groceries,98,129,53.3,136.5717596751472
2024-01-20,S001-P0005,Groceries,174,495,63.06,159.35309119010117
2024-01-21,S001-P0005,Groceries,197,345,59.06,146.25801315810938
2024-01-22,S001-P0005,Groceries,68,736,56.27,123.15857205357567
2024-01-23,S001-P0005,Groceries,81,687,53.09,98.00594371231657
2024-01-24,S001-P0005,Groceries,127,602,48.68,146.91127682584892
2024-01-25,S001-P0005,Groceries,169,1466,73.28,122.65459866574729
2024-01-26,S001-P0005,Groceries,166,1359,61.21,146.41121401843816
2024-01-27,S001-P0005,Groceries,183,1208,64.51,132.89701691654813
2024-01-28,S001-P0005,Groceries,83,1094,53.51,107.92034483314393
2024-01-29,S001-P0005,Groceries,123,1024,64.26,108.4488469281587
2024-01-30,S001-P0005,Groceries,29,946,45.82,97.75539983061482
2023-10-03,S001-P0006,Toys,99,228,43.86,97.92393006664194
2023-10-04,S001-P0006,Toys,91,119,36.54,125.59089626630812
2023-10-05,S001-P0006,Toys,83,31,37.42,86.54498081412558
2023-10-06,S001-P0006,Toys,87,239,42.03,100.81810061420784
2023-10-07,S001-P0006,Toys,24,152,32.94,28.674555336732357
2023-10-08,S001-P0006,Toys,34,335,30.97,31.35126960196803
2023-10-09,S001-P0006,Toys,24,304,31.4,31.11132326803322
2023-10-10,S001-P0006,Toys,15,275,26.97,35.12040776253102
2023-10-11,S001-P0006,Toys,34,260,31.04,45.32404187432057
2023-10-12,S001-P0006,Toys,33,235,29.31,27.780139094200106
2023-10-13,S001-P0006,Toys,33,202,30.91,27.477540481097932
2023-10-14,S001-P0006,Toys,35,163,25.94,35.81162253612389
2023-10-15,S001-P0006,Toys,30,123,30.53,28.383425790692243
2023-10-16,S001-P0006,Toys,39,98,28.37,35.74659876674755
2023-10-17,S001-P0006,Toys,33,62,30.83,34.27614643839648
2023-10-18,S001-P0006,Toys,32,120,26.0,35.56758177017258
2023-10-19,S001-P0006,Toys,47,84,27.24,43.67563194618512
2023-10-20,S001-P0006,Toys,45,55,34.19,34.00266918907283
2023-10-21,S001-P0006,Toys,37,100,33.09,34.76496280718975
2023-10-22,S001-P0006,Toys,41,228,25.25,39.51790124106531
2023-10-23,S001-P0006,Toys,26,187,28.42,39.71085397341458
2023-10-24,S001-P0006,Toys,37,168,29.79,27.56689690704108
2023-10-25,S001-P0006,Toys,140,144,42.32,120.26912595096533
2023-10-26,S001-P0006,Toys,49,46,34.72,94.5823377924268
2023-10-27,S001-P0006,Toys,72,3,34.2,103.62338311508593
2023-10-28,S001-P0006,Toys,147,463,43.37,104.89934456609538
2023-10-29,S001-P0006,Toys,133,363,46.26,104.92164035726336
2023-10-30,S001-P0006,Toys,102,249,42.04,88.52786185131018
2023-10-31,S001-P0006,Toys,77,547,36.75,86.34243260550441
2023-11-01,S001-P0006,Toys,120,471,44.45,86.76879570634449
2023-11-02,S001-P0006,Toys,53,373,31.82,102.50909756039994
2023-11-03,S001-P0006,Toys,63,316,34.79,87.12390285756155
2023-11-04,S001-P0006,Toys,62,247,38.52,87.83918004154214
2023-11-05,S001-P0006,Toys,109,179,38.7,87.82754429571183
2023-11-06,S001-P0006,Toys,94,92,40.9,88.40063024201196
2023-11-07,S001-P0006,Toys,60,0,38.16,85.72900238676945
2023-11-08,S001-P0006,Toys,61,352,34.55,102.57031808404379
2023-11-09,S001-P0006,Toys,110,280,36.3,111.63894512357804
2023-11-10,S001-P0006,Toys,84,180,31.66,111.60068491379835
2023-11-11,S001-P0006,Toys,64,83,38.79,86.77301141619441
2023-11-12,S001-P0006,Toys,77,415,28.98,111.68394355531801
2023-11-13,S001-P0006,Toys,97,332,39.16,127.31436311815762
2023-11-14,S001-P0006,Toys,69,255,37.47,85.81659852685836
2023-11-15,S001-P0006,Toys,149,174,43.68,111.5114879239239
2023-11-16,S001-P0006,Toys,124,75,47.4,93.83895049374452
2023-11-17,S001-P0006,Toys,115,0,36.87,112.67795632574189
2023-11-18,S001-P0006,Toys,32,510,29.16,111.32105375705193
2023-11-19,S001-P0006,Toys,103,488,42.19,101.88142489890303
2023-11-20,S001-P0006,Toys,94,420,38.97,86.73918023307124
2023-11-21,S001-P0006,Toys,126,323,42.94,100.80309909585115
2023-11-22,S001-P0006,Toys,168,237,40.92,127.35080992534834
2023-11-23,S001-P0006,Toys,66,47,39.01,85.49572377362777
2023-11-24,S001-P0006,Toys,96,401,39.09,93.38475549006162
2023-11-25,S001-P0006,Toys,52,335,35.19,86.63360076390912
2023-11-26,S001-P0006,Toys,103,300,44.46,100.76494592671175
2023-11-27,S001-P0006,Toys,114,227,34.48,129.66305068085464
2023-11-28,S001-P0006,Toys,78,136,34.69,106.89320458987771
2023-11-29,S001-P0006,Toys,98,392,43.69,100.07443972241472
2023-11-30,S001-P0006,Toys,75,288,38.36,91.4115160036443
2023-12-01,S001-P0006,Toys,69,224,37.55,99.67799168422408
2023-12-02,S001-P0006,Toys,138,167,47.0,96.876367933161
2023-12-03,S001-P0006,Toys,134,18,44.02,128.18345120367448
2023-12-04,S001-P0006,Toys,99,209,39.42,97.5488116089792
2023-12-05,S001-P0006,Toys,112,577,39.03,96.78958932462649
2023-12-06,S001-P0006,Toys,190,471,48.44,134.4470400558415
2023-12-07,S001-P0006,Toys,85,271,37.62,128.92684729122976
2023-12-08,S001-P0006,Toys,195,218,48.99,128.46025140347896
2023-12-09,S001-P0006,Toys,116,685,37.02,110.98504264028381
2023-12-10,S001-P0006,Toys,110,595,40.97,86.91538430215684
2023-12-11,S001-P0006,Toys,88,495,36.14,87.81098023826027
2023-12-12,S001-P0006,Toys,151,419,36.53,131.07729572019983
2023-12-13,S001-P0006,Toys,113,322,43.62,102.86107483701839
2023-12-14,S001-P0006,Toys,162,248,47.67,101.3608746843249
2023-12-15,S001-P0006,Toys,157,583,44.34,112.19323542297006
2023-12-16,S001-P0006,Toys,85,402,37.69,97.11832624561109
2023-12-17,S001-P0006,Toys,102,320,39.86,127.34271646975188
2023-12-18,S001-P0006,Toys,130,242,36.26,130.91230990944044
2023-12-19,S001-P0006,Toys,84,118,39.51,102.54290372398646
2023-12-20,S001-P0006,Toys,78,274,38.73,87.30181644928241
2023-12-21,S001-P0006,Toys,127,204,36.35,135.63058633036857
2023-12-22,S001-P0006,Toys,96,61,37.1,102.70901642282438
2023-12-23,S001-P0006,Toys,52,269,36.98,87.24117783848777
2023-12-24,S001-P0006,Toys,72,208,37.94,104.25708947268487
2023-12-25,S001-P0006,Toys,107,149,38.44,88.87336771387808
2023-12-26,S001-P0006,Toys,38,82,33.21,85.9300668224125
2023-12-27,S001-P0006,Toys,41,218,33.71,26.719884720405698
2023-12-28,S001-P0006,Toys,35,535,31.18,32.80973532123039
2023-12-29,S001-P0006,Toys,13,498,31.4,30.38704171979363
2023-12-30,S001-P0006,Toys,21,487,29.33,27.335049975072106
2023-12-31,S001-P0006,Toys,44,467,34.06,29.55442165064979
2024-01-01,S001-P0006,Toys,16,424,31.89,29.55442165064979
2024-01-02,S001-P0006,Toys,79,406,32.71,37.406134588713996
2024-01-03,S001-P0006,Toys,22,315,26.47,38.816685515611745
2024-01-04,S001-P0006,Toys,26,289,28.34,33.761388941013735
2024-01-05,S001-P0006,Toys,15,264,30.12,33.06951351213452
2024-01-06,S001-P0006,Toys,24,248,29.69,29.676561325814756
2024-01-07,S001-P0006,Toys,48,220,36.41,27.685111160304082
2024-01-08,S001-P0006,Toys,26,186,28.42,38.72565898422181
2024-01-09,S001-P0006,Toys,83,164,37.41,85.98521161230889
2024-01-10,S001-P0006,Toys,53,92,35.32,86.57284306027736
2024-01-11,S001-P0006,Toys,85,42,39.76,87.93929575212778
2024-01-12,S001-P0006,Toys,110,240,38.89,128.1887327457651
2024-01-13,S001-P0006,Toys,81,170,37.27,103.74501907622746
2024-01-14,S001-P0006,Toys,72,376,35.92,87.74365002586882
2024-01-15,S001-P0006,Toys,75,303,34.46,99.69964525469703
2024-01-16,S001-P0006,Toys,60,230,38.26,86.61134017529655
2024-01-17,S001-P0006,Toys,58,173,34.21,97.8800416950554
2024-01-18,S001-P0006,Toys,51,113,35.02,102.07324977979653
2024-01-19,S001-P0006,Toys,44,71,34.08,88.54013878279639
2024-01-20,S001-P0006,Toys,103,168,44.35,102.93664849181106
2024-01-21,S001-P0006,Toys,75,73,30.27,128.43464462658477
2024-01-22,S001-P0006,Toys,116,17,43.9,102.28532075981352
2024-01-23,S001-P0006,Toys,125,255,38.43,111.4564740284938
2024-01-24,S001-P0006,Toys,28,128,23.95,129.0879082943243
2024-01-25,S001-P0006,Toys,147,376,36.19,130.9870142203118
2024-01-26,S001-P0006,Toys,67,225,37.22,94.89606478491328
2024-01-27,S001-P0006,Toys,80,165,36.98,85.98653950685622
2024-01-28,S001-P0006,Toys,127,613,40.88,127.97311253091742
2024-01-29,S001-P0006,Toys,113,506,41.34,96.79292919532777
2024-01-30,S001-P0006,Toys,96,436,37.13,85.65571718635482
2023-10-03,S001-P0007,Groceries,188,521,32.2,117.68765303033398
2023-10-04,S001-P0007,Groceries,68,305,22.39,118.3178129601873
2023-10-05,S001-P0007,Groceries,151,229,30.72,99.65215735691552
2023-10-06,S001-P0007,Groceries,206,978,25.25,147.66451106891756
2023-10-07,S001-P0007,Groceries,109,823,21.91,94.48737899099655
2023-10-08,S001-P0007,Groceries,113,712,24.73,81.66171426089676
2023-10-09,S001-P0007,Groceries,49,640,19.78,81.59344198808853
2023-10-10,S001-P0007,Groceries,63,585,19.78,93.51182561567325
2023-10-11,S001-P0007,Groceries,133,545,26.29,115.47891719238316
2023-10-12,S001-P0007,Groceries,77,447,21.94,73.13958569311788
2023-10-13,S001-P0007,Groceries,117,369,23.72,72.70691666650742
2023-10-14,S001-P0007,Groceries,118,271,23.81,94.37670953726096
2023-10-15,S001-P0007,Groceries,74,629,21.69,73.54275002061964
2023-10-16,S001-P0007,Groceries,80,569,21.01,74.07938683954951
2023-10-17,S001-P0007,Groceries,75,519,22.93,90.41481631317326
2023-10-18,S001-P0007,Groceries,75,436,19.5,93.91131524469702
2023-10-19,S001-P0007,Groceries,91,388,24.3,90.6111893402372
2023-10-20,S001-P0007,Groceries,108,300,24.33,90.97156647793524
2023-10-21,S001-P0007,Groceries,92,213,20.7,115.42614596351297
2023-10-22,S001-P0007,Groceries,103,137,25.23,81.43445689882341
2023-10-23,S001-P0007,Groceries,64,413,22.03,81.43445689882341
2023-10-24,S001-P0007,Groceries,88,373,21.63,72.50542156455492
2023-10-25,S001-P0007,Groceries,128,314,25.83,142.3609697714806
2023-10-26,S001-P0007,Groceries,84,171,23.69,112.92970854237268
2023-10-27,S001-P0007,Groceries,94,99,24.53,125.6052769808628
2023-10-28,S001-P0007,Groceries,140,410,26.82,127.64752325394946
2023-10-29,S001-P0007,Groceries,183,277,30.11,127.72556804371442
2023-10-30,S001-P0007,Groceries,89,122,24.09,101.48208533471579
2023-10-31,S001-P0007,Groceries,80,21,22.21,99.06462479232397
2023-11-01,S001-P0007,Groceries,68,654,22.35,99.39390626892194
2023-11-02,S001-P0007,Groceries,177,596,28.16,126.60440959639318
2023-11-03,S001-P0007,Groceries,103,446,25.27,100.32005179795283
2023-11-04,S001-P0007,Groceries,99,358,22.44,99.64820643923126
2023-11-05,S001-P0007,Groceries,203,297,29.91,132.7750821036105
2023-11-06,S001-P0007,Groceries,173,851,31.01,100.38774987139503
2023-11-07,S001-P0007,Groceries,236,729,34.25,132.3377161494146
2023-11-08,S001-P0007,Groceries,204,516,33.52,127.3037760760599
2023-11-09,S001-P0007,Groceries,116,310,23.7,99.2560218576349
2023-11-10,S001-P0007,Groceries,110,171,27.22,99.92750752882186
2023-11-11,S001-P0007,Groceries,114,1152,26.17,100.02994462805881
2023-11-12,S001-P0007,Groceries,92,1034,21.92,100.60358734725627
2023-11-13,S001-P0007,Groceries,152,961,21.98,151.11753832808768
2023-11-14,S001-P0007,Groceries,55,870,21.34,98.97400564120491
2023-11-15,S001-P0007,Groceries,77,835,20.8,97.86452644629989
2023-11-16,S001-P0007,Groceries,174,762,24.52,152.30060142407117
2023-11-17,S001-P0007,Groceries,134,597,24.83,135.658622589446
2023-11-18,S001-P0007,Groceries,139,491,23.75,134.42650767772975
2023-11-19,S001-P0007,Groceries,145,375,30.22,126.85939440036384
2023-11-20,S001-P0007,Groceries,90,1020,22.97,100.34147479701124
2023-11-21,S001-P0007,Groceries,96,940,19.47,165.1329976651539
2023-11-22,S001-P0007,Groceries,131,837,24.65,151.88982216208856
2023-11-23,S001-P0007,Groceries,141,755,21.28,134.93371263330616
2023-11-24,S001-P0007,Groceries,140,587,26.9,116.15957078490963
2023-11-25,S001-P0007,Groceries,106,432,25.54,99.39122724250215
2023-11-26,S001-P0007,Groceries,86,351,21.49,160.63731660048006
2023-11-27,S001-P0007,Groceries,80,291,22.12,126.64922302817646
2023-11-28,S001-P0007,Groceries,120,784,26.65,99.00122733776871
2023-11-29,S001-P0007,Groceries,113,673,23.48,128.0472890482861
2023-11-30,S001-P0007,Groceries,89,573,21.66,112.64147833180864
2023-12-01,S001-P0007,Groceries,141,514,25.54,125.00761233053335
2023-12-02,S001-P0007,Groceries,213,415,27.4,146.45545650731165
2023-12-03,S001-P0007,Groceries,129,209,25.98,112.55992429364785
2023-12-04,S001-P0007,Groceries,104,66,24.03,113.1894548618358
2023-12-05,S001-P0007,Groceries,66,568,20.02,113.30055496128739
2023-12-06,S001-P0007,Groceries,138,489,25.15,163.9426093290079
2023-12-07,S001-P0007,Groceries,127,366,24.33,147.8671953394781
2023-12-08,S001-P0007,Groceries,141,273,28.38,112.70967222036798
2023-12-09,S001-P0007,Groceries,113,115,23.49,99.38803391105478
2023-12-10,S001-P0007,Groceries,82,601,18.81,132.18002244460266
2023-12-11,S001-P0007,Groceries,79,519,17.48,135.9531830087501
2023-12-12,S001-P0007,Groceries,55,441,21.32,127.59643545259543
2023-12-13,S001-P0007,Groceries,168,390,28.96,129.16121793083323
2023-12-14,S001-P0007,Groceries,68,195,21.23,128.3110429761024
2023-12-15,S001-P0007,Groceries,100,140,18.73,137.35445941010207
2023-12-16,S001-P0007,Groceries,193,57,26.14,150.91248414387894
2023-12-17,S001-P0007,Groceries,174,798,32.67,116.29726511326926
2023-12-18,S001-P0007,Groceries,115,659,23.61,117.42341536496602
2023-12-19,S001-P0007,Groceries,250,584,35.38,165.18052082478206
2023-12-20,S001-P0007,Groceries,65,1042,22.12,101.0720732556635
2023-12-21,S001-P0007,Groceries,163,983,30.18,127.93878667607967
2023-12-22,S001-P0007,Groceries,135,849,27.86,126.6975202794174
2023-12-23,S001-P0007,Groceries,92,765,18.25,132.98483832882175
2023-12-24,S001-P0007,Groceries,220,680,29.34,164.0660932204494
2023-12-25,S001-P0007,Groceries,102,441,26.46,103.5101300809497
2023-12-26,S001-P0007,Groceries,126,380,27.15,98.9849729453897
2023-12-27,S001-P0007,Groceries,15,269,19.0,70.5684471221777
2023-12-28,S001-P0007,Groceries,90,1167,21.78,91.06320274232138
2023-12-29,S001-P0007,Groceries,91,1086,24.23,88.37186049533051
2023-12-30,S001-P0007,Groceries,69,993,21.37,67.94791837051403
2023-12-31,S001-P0007,Groceries,81,923,23.44,72.58654001563323
2024-01-01,S001-P0007,Groceries,98,851,19.89,94.01669323259092
2024-01-02,S001-P0007,Groceries,83,734,23.6,72.19125638815709
2024-01-03,S001-P0007,Groceries,61,648,17.22,95.11571498889147
2024-01-04,S001-P0007,Groceries,105,602,20.06,88.6719893032016
2024-01-05,S001-P0007,Groceries,79,497,22.1,83.7577393855397
2024-01-06,S001-P0007,Groceries,55,406,19.2,72.22632944595316
2024-01-07,S001-P0007,Groceries,46,371,20.61,67.9802967342402
2024-01-08,S001-P0007,Groceries,90,335,22.97,73.53873331767414
2024-01-09,S001-P0007,Groceries,75,278,24.12,98.6896458306785
2024-01-10,S001-P0007,Groceries,131,211,26.11,133.39038539793475
2024-01-11,S001-P0007,Groceries,81,85,23.41,102.07898287302473
2024-01-12,S001-P0007,Groceries,181,334,29.98,112.44852539968379
2024-01-13,S001-P0007,Groceries,60,152,17.12,161.58573851477902
2024-01-14,S001-P0007,Groceries,185,697,28.8,101.08668814135862
2024-01-15,S001-P0007,Groceries,78,500,22.06,115.86896627311856
2024-01-16,S001-P0007,Groceries,184,433,25.55,133.77629069059049
2024-01-17,S001-P0007,Groceries,122,316,21.17,147.76339482442037
2024-01-18,S001-P0007,Groceries,62,922,20.77,125.38538690079858
2024-01-19,S001-P0007,Groceries,21,876,18.53,102.45011111159126
2024-01-20,S001-P0007,Groceries,29,862,18.14,159.35309119010117
2024-01-21,S001-P0007,Groceries,93,838,21.97,111.72217726950952
2024-01-22,S001-P0007,Groceries,106,740,24.19,123.2235141951624
2024-01-23,S001-P0007,Groceries,11,649,17.69,98.00594371231657
2024-01-24,S001-P0007,Groceries,86,640,22.67,110.9168553636531
2024-01-25,S001-P0007,Groceries,105,552,22.89,156.81372480978263
2024-01-26,S001-P0007,Groceries,99,438,23.64,108.01925843859618
2024-01-27,S001-P0007,Groceries,157,332,26.57,132.89701691654813
2024-01-28,S001-P0007,Groceries,92,226,24.32,107.8554026915572
2024-01-29,S001-P0007,Groceries,173,136,29.47,108.4488469281587
2024-01-30,S001-P0007,Groceries,80,476,24.57,97.75539983061482
2023-10-03,S001-P0008,Electronics,47,146,37.74,94.94485230856135
2023-10-04,S001-P0008,Electronics,140,106,46.13,125.47971959951886
2023-10-05,S001-P0008,Electronics,121,158,46.29,85.37265628978255
2023-10-06,S001-P0008,Electronics,103,164,48.56,94.84118522487127
2023-10-07,S001-P0008,Electronics,45,73,37.34,50.46468525986878
2023-10-08,S001-P0008,Electronics,46,89,31.58,71.84786359586158
2023-10-09,S001-P0008,Electronics,25,48,32.64,54.281766754410135
2023-10-10,S001-P0008,Electronics,83,70,40.82,49.7523531171681
2023-10-11,S001-P0008,Electronics,63,84,38.03,60.40419206700286
2023-10-12,S001-P0008,Electronics,93,105,33.42,66.31568640128319
2023-10-13,S001-P0008,Electronics,24,136,32.54,49.230115666332736
2023-10-14,S001-P0008,Electronics,39,108,32.79,50.49491989541236
2023-10-15,S001-P0008,Electronics,65,84,42.58,50.13600097592705
2023-10-16,S001-P0008,Electronics,42,75,37.0,50.93043325058793
2023-10-17,S001-P0008,Electronics,47,79,35.72,58.99853536952256
2023-10-18,S001-P0008,Electronics,73,91,37.5,63.07585886996219
2023-10-19,S001-P0008,Electronics,101,97,36.69,79.03056024169065
2023-10-20,S001-P0008,Electronics,61,142,37.74,59.372314839123106
2023-10-21,S001-P0008,Electronics,116,72,43.18,77.34229287216243
2023-10-22,S001-P0008,Electronics,67,106,40.68,54.57213147537076
2023-10-23,S001-P0008,Electronics,57,34,33.03,70.21005750365426
2023-10-24,S001-P0008,Electronics,43,51,39.09,49.850266637475926
2023-10-25,S001-P0008,Electronics,69,63,38.83,95.43075736882781
2023-10-26,S001-P0008,Electronics,128,68,52.47,93.8536153076965
2023-10-27,S001-P0008,Electronics,47,141,32.11,137.57553168269695
2023-10-28,S001-P0008,Electronics,55,107,35.03,107.43183894378943
2023-10-29,S001-P0008,Electronics,137,41,48.59,107.47964909801081
2023-10-30,S001-P0008,Electronics,105,139,46.45,87.85206732841283
2023-10-31,S001-P0008,Electronics,42,155,35.06,86.17892307921453
2023-11-01,S001-P0008,Electronics,70,106,39.14,86.73039172863093
2023-11-02,S001-P0008,Electronics,128,83,49.82,106.95706552483797
2023-11-03,S001-P0008,Electronics,142,121,46.43,110.98541800262149
2023-11-04,S001-P0008,Electronics,81,156,38.52,88.22883632160148
2023-11-05,S001-P0008,Electronics,86,89,38.99,111.04822177607834
2023-11-06,S001-P0008,Electronics,113,79,45.16,88.89274203539767
2023-11-07,S001-P0008,Electronics,63,103,42.13,85.81889413420808
2023-11-08,S001-P0008,Electronics,133,63,48.11,107.18479955261172
2023-11-09,S001-P0008,Electronics,114,119,37.7,110.99357420395512
2023-11-10,S001-P0008,Electronics,74,91,35.18,111.09499775497247
2023-11-11,S001-P0008,Electronics,127,83,44.68,86.49886523481186
2023-11-12,S001-P0008,Electronics,129,152,44.74,111.1517726227412
2023-11-13,S001-P0008,Electronics,139,169,46.32,124.82827440206476
2023-11-14,S001-P0008,Electronics,95,182,42.69,85.40249288169029
2023-11-15,S001-P0008,Electronics,96,81,42.85,85.12685307790026
2023-11-16,S001-P0008,Electronics,114,121,42.91,93.47369493214781
2023-11-17,S001-P0008,Electronics,81,121,34.28,112.82423832986629
2023-11-18,S001-P0008,Electronics,40,38,31.12,111.8673344193491
2023-11-19,S001-P0008,Electronics,90,63,41.94,107.5494866992018
2023-11-20,S001-P0008,Electronics,65,80,34.32,110.75557801307424
2023-11-21,S001-P0008,Electronics,57,89,39.19,105.08350187161923
2023-11-22,S001-P0008,Electronics,81,107,42.73,91.05079732160476
2023-11-23,S001-P0008,Electronics,89,124,46.32,84.68564730663931
2023-11-24,S001-P0008,Electronics,163,107,52.21,120.55614475931618
2023-11-25,S001-P0008,Electronics,52,183,36.47,85.67288991775088
2023-11-26,S001-P0008,Electronics,63,151,42.19,106.4807668759233
2023-11-27,S001-P0008,Electronics,127,91,49.64,105.61851440361582
2023-11-28,S001-P0008,Electronics,149,117,50.29,84.6475493339567
2023-11-29,S001-P0008,Electronics,97,144,42.86,107.18989994745378
2023-11-30,S001-P0008,Electronics,113,63,45.08,91.86444305329378
2023-12-01,S001-P0008,Electronics,43,114,35.08,105.39247262738883
2023-12-02,S001-P0008,Electronics,89,72,43.95,94.98299329840336
2023-12-03,S001-P0008,Electronics,111,104,47.31,95.04793543999008
2023-12-04,S001-P0008,Electronics,37,115,28.98,124.99864290597807
2023-12-05,S001-P0008,Electronics,121,91,43.9,125.47008057751393
2023-12-06,S001-P0008,Electronics,61,131,41.96,107.80329529765993
2023-12-07,S001-P0008,Electronics,108,80,46.8,94.42384122119361
2023-12-08,S001-P0008,Electronics,103,124,43.7,94.30572803522338
2023-12-09,S001-P0008,Electronics,120,150,43.83,84.84418932153531
2023-12-10,S001-P0008,Electronics,74,171,37.62,85.38759740518918
2023-12-11,S001-P0008,Electronics,105,100,46.37,86.16041258815855
2023-12-12,S001-P0008,Electronics,165,134,46.65,131.76065459319304
2023-12-13,S001-P0008,Electronics,102,193,43.57,108.24283618511129
2023-12-14,S001-P0008,Electronics,86,90,36.99,133.31979839049689
2023-12-15,S001-P0008,Electronics,152,108,47.76,110.90777154657614
2023-12-16,S001-P0008,Electronics,99,149,43.06,95.12793336640449
2023-12-17,S001-P0008,Electronics,106,54,41.89,123.78409684787273
2023-12-18,S001-P0008,Electronics,47,85,39.7,95.18950465363912
2023-12-19,S001-P0008,Electronics,89,86,44.04,106.82537027708618
2023-12-20,S001-P0008,Electronics,141,99,46.33,110.32312970072167
2023-12-21,S001-P0008,Electronics,59,125,39.52,106.23203805816513
2023-12-22,S001-P0008,Electronics,111,85,42.37,137.9693269592814
2023-12-23,S001-P0008,Electronics,174,120,53.74,112.43967276821878
2023-12-24,S001-P0008,Electronics,190,202,55.97,109.58988962794926
2023-12-25,S001-P0008,Electronics,46,181,35.54,87.64748274358834
2023-12-26,S001-P0008,Electronics,142,138,43.76,112.07844056176873
2023-12-27,S001-P0008,Electronics,56,139,39.05,46.90883827513395
2023-12-28,S001-P0008,Electronics,34,99,33.95,61.59062187568602
2023-12-29,S001-P0008,Electronics,64,75,38.27,56.302463821374026
2023-12-30,S001-P0008,Electronics,26,66,36.41,47.136948565712046
2023-12-31,S001-P0008,Electronics,52,36,40.42,50.04615420766669
2024-01-01,S001-P0008,Electronics,27,60,32.87,51.56332856807435
2024-01-02,S001-P0008,Electronics,41,78,38.66,49.9120635474015
2024-01-03,S001-P0008,Electronics,69,87,38.86,64.71819915468159
2024-01-04,S001-P0008,Electronics,91,74,39.57,59.61081259666555
2024-01-05,S001-P0008,Electronics,69,91,36.65,77.95730536638344
2024-01-06,S001-P0008,Electronics,34,69,32.13,50.40638974488179
2024-01-07,S001-P0008,Electronics,56,87,41.11,47.30825772104873
2024-01-08,S001-P0008,Electronics,48,93,35.92,50.61552638525852
2024-01-09,S001-P0008,Electronics,134,63,42.74,109.1463044476122
2024-01-10,S001-P0008,Electronics,87,110,43.74,84.7471296264459
2024-01-11,S001-P0008,Electronics,165,117,47.08,109.7261907234335
2024-01-12,S001-P0008,Electronics,143,157,52.03,93.76241771697016
2024-01-13,S001-P0008,Electronics,80,154,40.55,106.62777563439805
2024-01-14,S001-P0008,Electronics,100,101,43.29,84.99138803402805
2024-01-15,S001-P0008,Electronics,96,88,40.53,94.88780344618831
2024-01-16,S001-P0008,Electronics,122,118,41.55,109.37575457065442
2024-01-17,S001-P0008,Electronics,88,148,39.19,125.54736759262168
2024-01-18,S001-P0008,Electronics,181,53,57.82,105.65327098435358
2024-01-19,S001-P0008,Electronics,83,168,45.36,85.76234868575628
2024-01-20,S001-P0008,Electronics,126,94,49.58,106.1828651577205
2024-01-21,S001-P0008,Electronics,141,150,49.14,94.51264640430803
2024-01-22,S001-P0008,Electronics,97,147,45.18,105.46786290011073
2024-01-23,S001-P0008,Electronics,83,73,38.73,111.38553702932587
2024-01-24,S001-P0008,Electronics,106,89,41.64,125.56676636586967
2024-01-25,S001-P0008,Electronics,110,122,49.6,104.45745415213493
2024-01-26,S001-P0008,Electronics,112,147,42.64,93.2966920651014
2024-01-27,S001-P0008,Electronics,102,145,36.72,110.9163592673866
2024-01-28,S001-P0008,Electronics,118,41,50.82,94.01678432198929
2024-01-29,S001-P0008,Electronics,109,118,47.02,94.44906582090286
2024-01-30,S001-P0008,Electronics,53,162,34.68,84.35891912360943
2023-10-03,S001-P0009,Clothing,79,231,67.6,132.3947427152047
2023-10-04,S001-P0009,Clothing,92,160,88.12,104.19807800903804
2023-10-05,S001-P0009,Clothing,95,141,84.56,94.18243894424107
2023-10-06,S001-P0009,Clothing,112,124,89.51,104.21406959050684
2023-10-07,S001-P0009,Clothing,156,178,101.76,100.64855584977926
2023-10-08,S001-P0009,Clothing,149,176,78.87,146.3577151876926
2023-10-09,S001-P0009,Clothing,99,178,81.32,113.66477440380314
2023-10-10,S001-P0009,Clothing,68,203,77.2,98.95361193315928
2023-10-11,S001-P0009,Clothing,119,161,96.26,122.1819622520481
2023-10-12,S001-P0009,Clothing,93,169,93.11,101.44448781798278
2023-10-13,S001-P0009,Clothing,92,194,92.85,101.91807405080348
2023-10-14,S001-P0009,Clothing,124,112,92.69,125.70619648708161
2023-10-15,S001-P0009,Clothing,127,136,93.39,100.58266257019959
2023-10-16,S001-P0009,Clothing,91,148,83.22,102.85524872667148
2023-10-17,S001-P0009,Clothing,163,144,115.04,122.00796836139459
2023-10-18,S001-P0009,Clothing,108,143,69.8,126.28513747349878
2023-10-19,S001-P0009,Clothing,61,182,75.14,122.94652209630641
2023-10-20,S001-P0009,Clothing,129,131,94.08,122.08661131227524
2023-10-21,S001-P0009,Clothing,166,153,93.77,158.45644644382014
2023-10-22,S001-P0009,Clothing,88,137,87.11,111.89627725753667
2023-10-23,S001-P0009,Clothing,176,145,107.18,148.91122531307164
2023-10-24,S001-P0009,Clothing,121,184,96.98,101.34116889952874
2023-10-25,S001-P0009,Clothing,118,241,96.13,103.96604043927181
2023-10-26,S001-P0009,Clothing,168,100,104.89,138.38202280948897
2023-10-27,S001-P0009,Clothing,146,168,87.78,151.52787753537194
2023-10-28,S001-P0009,Clothing,255,143,129.46,156.42965038905646
2023-10-29,S001-P0009,Clothing,126,223,93.31,115.4033454126677
2023-10-30,S001-P0009,Clothing,120,80,86.98,96.15389819983312
2023-10-31,S001-P0009,Clothing,124,110,87.93,93.9276072798037
2023-11-01,S001-P0009,Clothing,74,164,87.34,94.02652334735842
2023-11-02,S001-P0009,Clothing,183,170,92.26,149.57169214483457
2023-11-03,S001-P0009,Clothing,126,173,82.72,122.96007587832197
2023-11-04,S001-P0009,Clothing,94,138,70.99,122.48147807087142
2023-11-05,S001-P0009,Clothing,69,163,73.23,96.22111361877123
2023-11-06,S001-P0009,Clothing,165,117,115.86,97.03644539150082
2023-11-07,S001-P0009,Clothing,104,172,82.59,94.21047576950417
2023-11-08,S001-P0009,Clothing,126,225,73.82,148.76135840998833
2023-11-09,S001-P0009,Clothing,95,142,89.1,94.84274354025085
2023-11-10,S001-P0009,Clothing,87,172,86.8,94.66608359015333
2023-11-11,S001-P0009,Clothing,154,171,112.45,94.51843236833236
2023-11-12,S001-P0009,Clothing,150,178,105.42,95.06184045198623
2023-11-13,S001-P0009,Clothing,139,171,76.67,138.63933577492838
2023-11-14,S001-P0009,Clothing,204,143,115.12,123.84701720422555
2023-11-15,S001-P0009,Clothing,48,204,71.54,93.37629112770296
2023-11-16,S001-P0009,Clothing,55,170,73.28,102.82007634706167
2023-11-17,S001-P0009,Clothing,82,133,80.85,96.67137540277511
2023-11-18,S001-P0009,Clothing,137,121,90.85,123.66659004380439
2023-11-19,S001-P0009,Clothing,45,112,70.24,116.17180549555849
2023-11-20,S001-P0009,Clothing,110,109,93.65,95.0093217759279
2023-11-21,S001-P0009,Clothing,87,129,73.71,156.8437614881905
2023-11-22,S001-P0009,Clothing,142,117,103.21,101.5515346414697
2023-11-23,S001-P0009,Clothing,125,160,98.04,94.13753306098377
2023-11-24,S001-P0009,Clothing,130,184,104.95,103.50811757766421
2023-11-25,S001-P0009,Clothing,180,247,102.5,120.03091647043128
2023-11-26,S001-P0009,Clothing,117,267,91.04,116.16218487352351
2023-11-27,S001-P0009,Clothing,212,138,130.35,115.67617605371387
2023-11-28,S001-P0009,Clothing,180,223,103.11,117.09446257686133
2023-11-29,S001-P0009,Clothing,46,240,74.71,117.35487513586668
2023-11-30,S001-P0009,Clothing,154,210,101.23,103.81743034357135
2023-12-01,S001-P0009,Clothing,152,227,95.58,171.6356919059535
2023-12-02,S001-P0009,Clothing,204,186,115.61,125.6356526223725
2023-12-03,S001-P0009,Clothing,162,274,92.72,159.36635083249948
2023-12-04,S001-P0009,Clothing,188,132,87.67,154.85523664061301
2023-12-05,S001-P0009,Clothing,181,226,114.61,126.13919157553401
2023-12-06,S001-P0009,Clothing,37,228,57.48,172.9620909256282
2023-12-07,S001-P0009,Clothing,188,185,116.84,129.6003692544272
2023-12-08,S001-P0009,Clothing,330,198,167.34,130.2502748412165
2023-12-09,S001-P0009,Clothing,125,383,93.01,111.57431086637024
2023-12-10,S001-P0009,Clothing,220,285,119.63,112.11771895002411
2023-12-11,S001-P0009,Clothing,84,325,81.37,120.2657602862078
2023-12-12,S001-P0009,Clothing,285,256,116.51,169.07473188555846
2023-12-13,S001-P0009,Clothing,281,367,114.07,169.0620275419322
2023-12-14,S001-P0009,Clothing,102,406,86.69,139.36855200191184
2023-12-15,S001-P0009,Clothing,214,316,124.55,117.36411487911033
2023-12-16,S001-P0009,Clothing,177,123,102.22,130.39290921173944
2023-12-17,S001-P0009,Clothing,92,215,69.72,157.0483003422782
2023-12-18,S001-P0009,Clothing,136,139,91.24,163.58241945165014
2023-12-19,S001-P0009,Clothing,214,121,118.39,138.68228363209292
2023-12-20,S001-P0009,Clothing,174,218,112.73,113.37168416118209
2023-12-21,S001-P0009,Clothing,134,182,90.6,172.7650211648143
2023-12-22,S001-P0009,Clothing,143,213,103.56,135.0950251383969
2023-12-23,S001-P0009,Clothing,98,201,94.79,109.52666685464874
2023-12-24,S001-P0009,Clothing,113,101,84.97,137.66394682914262
2023-12-25,S001-P0009,Clothing,85,120,86.18,112.01660220342723
2023-12-26,S001-P0009,Clothing,189,141,87.8,135.74771501630354
2023-12-27,S001-P0009,Clothing,99,177,85.75,116.05208289300124
2023-12-28,S001-P0009,Clothing,85,188,86.08,140.47040102162367
2023-12-29,S001-P0009,Clothing,137,101,96.17,136.05291124414174
2023-12-30,S001-P0009,Clothing,89,160,91.98,115.17644434315868
2023-12-31,S001-P0009,Clothing,146,150,104.19,126.53565398096612
2024-01-01,S001-P0009,Clothing,76,175,79.29,128.68831805363368
2024-01-02,S001-P0009,Clothing,213,112,111.76,157.71582931960063
2024-01-03,S001-P0009,Clothing,93,237,88.49,129.05206769884927
2024-01-04,S001-P0009,Clothing,146,153,104.17,119.23422274865378
2024-01-05,S001-P0009,Clothing,50,130,75.68,139.59070091758994
2024-01-06,S001-P0009,Clothing,132,141,85.2,155.9432796490724
2024-01-07,S001-P0009,Clothing,153,166,101.11,116.1781001424739
2024-01-08,S001-P0009,Clothing,139,213,102.1,130.37975925036622
2024-01-09,S001-P0009,Clothing,140,287,82.05,134.81907031590524
2024-01-10,S001-P0009,Clothing,103,132,86.9,110.86762275899142
2024-01-11,S001-P0009,Clothing,201,131,107.98,139.2759084232801
2024-01-12,S001-P0009,Clothing,112,210,99.31,128.88122765867834
2024-01-13,S001-P0009,Clothing,145,98,103.92,138.93132927161366
2024-01-14,S001-P0009,Clothing,99,145,81.27,113.82747372437231
2024-01-15,S001-P0009,Clothing,97,125,85.19,131.06942654446436
2024-01-16,S001-P0009,Clothing,248,123,114.56,138.9796179900282
2024-01-17,S001-P0009,Clothing,184,278,109.46,163.67634825836316
2024-01-18,S001-P0009,Clothing,141,74,97.82,138.17600427078438
2024-01-19,S001-P0009,Clothing,100,138,95.41,114.8295596826813
2024-01-20,S001-P0009,Clothing,174,149,106.61,173.30844739497147
2024-01-21,S001-P0009,Clothing,169,233,88.94,155.11493004187318
2024-01-22,S001-P0009,Clothing,183,237,103.66,138.96432402253606
2024-01-23,S001-P0009,Clothing,95,330,80.16,114.67471780099031
2024-01-24,S001-P0009,Clothing,153,247,95.68,164.83292199343728
2024-01-25,S001-P0009,Clothing,210,102,116.84,133.71032709586396
2024-01-26,S001-P0009,Clothing,119,202,91.54,120.10577606934889
2024-01-27,S001-P0009,Clothing,198,204,94.59,135.5739589622551
2024-01-28,S001-P0009,Clothing,164,260,103.92,121.82568436174826
2024-01-29,S001-P0009,Clothing,133,93,95.56,121.56900671516259
2024-01-30,S001-P0009,Clothing,84,128,90.35,109.35304054510692
2023-10-03,S001-P0010,Furniture,66,325,93.39,97.19505799107472
2023-10-04,S001-P0010,Furniture,125,263,113.46,97.60669619972388
2023-10-05,S001-P0010,Furniture,97,119,131.66,67.8225270141733
2023-10-06,S001-P0010,Furniture,84,461,119.18,75.76248366410702
2023-10-07,S001-P0010,Furniture,49,401,93.31,38.47227025076426
2023-10-08,S001-P0010,Furniture,15,358,95.96,36.14299134440587
2023-10-09,S001-P0010,Furniture,27,341,106.23,35.997058516333034
2023-10-10,S001-P0010,Furniture,28,316,106.83,32.22904245077116
2023-10-11,S001-P0010,Furniture,50,288,117.19,39.3694777370526
2023-10-12,S001-P0010,Furniture,62,241,103.21,40.3018975888824
2023-10-13,S001-P0010,Furniture,32,191,103.25,31.758995004287645
2023-10-14,S001-P0010,Furniture,59,153,114.56,40.125158885965064
2023-10-15,S001-P0010,Furniture,27,85,106.66,32.57660516993523
2023-10-16,S001-P0010,Furniture,12,330,89.44,33.143476624408706
2023-10-17,S001-P0010,Furniture,16,318,95.97,38.56774010011832
2023-10-18,S001-P0010,Furniture,37,304,111.05,32.39072033877505
2023-10-19,S001-P0010,Furniture,42,267,95.27,50.735810996836825
2023-10-20,S001-P0010,Furniture,35,219,99.05,38.800300528137285
2023-10-21,S001-P0010,Furniture,60,182,109.39,51.01559351346426
2023-10-22,S001-P0010,Furniture,27,118,95.79,44.65888206412615
2023-10-23,S001-P0010,Furniture,29,98,107.4,36.12148753808237
2023-10-24,S001-P0010,Furniture,31,71,97.3,31.79515270561279
2023-10-25,S001-P0010,Furniture,62,276,122.74,75.58181343240098
2023-10-26,S001-P0010,Furniture,64,203,116.83,74.37731357533896
2023-10-27,S001-P0010,Furniture,96,154,124.14,84.10978807124346
2023-10-28,S001-P0010,Furniture,95,66,116.85,109.30509898698631
2023-10-29,S001-P0010,Furniture,72,233,126.92,84.45473848858116
2023-10-30,S001-P0010,Furniture,90,154,135.49,69.59732216914284
2023-10-31,S001-P0010,Furniture,62,383,122.75,67.73994115083084
2023-11-01,S001-P0010,Furniture,82,322,131.85,68.06922262742881
2023-11-02,S001-P0010,Furniture,107,225,121.56,108.654479375533
2023-11-03,S001-P0010,Furniture,82,133,118.35,68.67025781416191
2023-11-04,S001-P0010,Furniture,91,56,107.34,89.60841219062014
2023-11-05,S001-P0010,Furniture,67,340,125.0,69.04112988571818
2023-11-06,S001-P0010,Furniture,79,281,137.13,69.58407272801631
2023-11-07,S001-P0010,Furniture,90,203,114.92,88.98864220947458
2023-11-08,S001-P0010,Furniture,143,471,143.64,108.83622844445523
2023-11-09,S001-P0010,Furniture,98,330,111.15,90.57358526676136
2023-11-10,S001-P0010,Furniture,52,252,118.05,68.21933878609197
2023-11-11,S001-P0010,Furniture,100,213,133.19,68.44995205712316
2023-11-12,S001-P0010,Furniture,92,827,115.92,90.09353457317772
2023-11-13,S001-P0010,Furniture,49,758,116.6,75.75410011290188
2023-11-14,S001-P0010,Furniture,75,702,121.53,67.79768786146215
2023-11-15,S001-P0010,Furniture,114,613,123.22,90.38538802254948
2023-11-16,S001-P0010,Furniture,71,526,126.78,74.18830896757228
2023-11-17,S001-P0010,Furniture,64,454,116.82,69.89736369171199
2023-11-18,S001-P0010,Furniture,48,412,122.37,68.99649530094048
2023-11-19,S001-P0010,Furniture,118,355,124.71,110.49885905098552
2023-11-20,S001-P0010,Furniture,79,236,137.38,68.18164549932408
2023-11-21,S001-P0010,Furniture,82,160,138.79,81.91040215561489
2023-11-22,S001-P0010,Furniture,114,104,109.83,100.63599417136187
2023-11-23,S001-P0010,Furniture,108,522,128.41,90.56451057867255
2023-11-24,S001-P0010,Furniture,89,398,128.15,73.85031080296956
2023-11-25,S001-P0010,Furniture,42,321,119.13,67.78763641858451
2023-11-26,S001-P0010,Furniture,85,294,126.12,82.49431933404728
2023-11-27,S001-P0010,Furniture,112,219,145.42,82.43786110220867
2023-11-28,S001-P0010,Furniture,99,556,132.59,66.69199402190286
2023-11-29,S001-P0010,Furniture,113,468,153.59,81.91440134628968
2023-11-30,S001-P0010,Furniture,65,393,117.92,72.14324349757538
2023-12-01,S001-P0010,Furniture,88,316,134.51,79.87156425715065
2023-12-02,S001-P0010,Furniture,119,228,148.58,73.72295726343081
2023-12-03,S001-P0010,Furniture,111,512,152.63,73.79047672999972
2023-12-04,S001-P0010,Furniture,116,382,139.95,74.20884131579653
2023-12-05,S001-P0010,Furniture,95,281,123.96,73.83857196560105
2023-12-06,S001-P0010,Furniture,126,223,159.87,81.84066267932857
2023-12-07,S001-P0010,Furniture,47,82,115.53,72.79654556841207
2023-12-08,S001-P0010,Furniture,105,437,113.8,95.74234875218757
2023-12-09,S001-P0010,Furniture,61,314,96.32,87.46422538498994
2023-12-10,S001-P0010,Furniture,107,267,121.64,87.53143054807512
2023-12-11,S001-P0010,Furniture,103,200,111.61,87.30037483870566
2023-12-12,S001-P0010,Furniture,94,581,137.12,84.4917725739207
2023-12-13,S001-P0010,Furniture,92,496,122.79,84.83700027691992
2023-12-14,S001-P0010,Furniture,79,427,123.37,84.09908910448456
2023-12-15,S001-P0010,Furniture,111,358,152.57,69.73675432243918
2023-12-16,S001-P0010,Furniture,42,258,107.27,76.4362540375999
2023-12-17,S001-P0010,Furniture,105,230,127.2,97.63377606870901
2023-12-18,S001-P0010,Furniture,68,112,94.09,96.16884905441827
2023-12-19,S001-P0010,Furniture,85,600,126.34,83.97453683789551
2023-12-20,S001-P0010,Furniture,110,536,136.95,88.59110585148971
2023-12-21,S001-P0010,Furniture,104,404,142.03,82.6617178395008
2023-12-22,S001-P0010,Furniture,84,279,139.49,82.06145668884348
2023-12-23,S001-P0010,Furniture,60,199,121.83,67.50956222582752
2023-12-24,S001-P0010,Furniture,81,150,103.59,106.92091728439746
2023-12-25,S001-P0010,Furniture,82,471,110.94,88.34842989450806
2023-12-26,S001-P0010,Furniture,73,377,134.41,66.37060988491342
2023-12-27,S001-P0010,Furniture,45,315,86.13,38.32936126201962
2023-12-28,S001-P0010,Furniture,29,271,96.61,38.5435784601412
2023-12-29,S001-P0010,Furniture,20,248,103.41,35.9233333317848
2023-12-30,S001-P0010,Furniture,23,226,94.22,31.194377564921517
2023-12-31,S001-P0010,Furniture,58,199,120.8,34.070324522955715
2024-01-01,S001-P0010,Furniture,64,137,97.43,35.84742052840501
2024-01-02,S001-P0010,Furniture,34,67,98.63,33.97647530029555
2024-01-03,S001-P0010,Furniture,31,45,97.38,33.972128693166326
2024-01-04,S001-P0010,Furniture,37,220,100.08,37.01015815994687
2024-01-05,S001-P0010,Furniture,57,182,102.06,50.59130129472187
2024-01-06,S001-P0010,Furniture,24,118,104.84,34.20814258579897
2024-01-07,S001-P0010,Furniture,43,96,101.74,37.27959917692365
2024-01-08,S001-P0010,Furniture,24,47,99.95,34.17630966622469
2024-01-09,S001-P0010,Furniture,63,282,116.97,65.97758186507247
2024-01-10,S001-P0010,Furniture,59,213,96.92,88.0029308269675
2024-01-11,S001-P0010,Furniture,43,160,102.58,68.11202013629878
2024-01-12,S001-P0010,Furniture,76,111,128.89,73.93216053896997
2024-01-13,S001-P0010,Furniture,96,303,130.73,83.66440489131057
2024-01-14,S001-P0010,Furniture,46,230,109.5,68.19559508220189
2024-01-15,S001-P0010,Furniture,77,192,122.88,74.40392715982759
2024-01-16,S001-P0010,Furniture,66,443,98.06,88.47289140548733
2024-01-17,S001-P0010,Furniture,94,386,109.67,95.55848071465554
2024-01-18,S001-P0010,Furniture,71,313,120.44,82.69581322346856
2024-01-19,S001-P0010,Furniture,31,233,113.97,68.51046985626265
2024-01-20,S001-P0010,Furniture,92,199,136.09,82.20241519853363
2024-01-21,S001-P0010,Furniture,69,495,100.46,94.32064632401085
2024-01-22,S001-P0010,Furniture,89,451,127.99,82.18898661223875
2024-01-23,S001-P0010,Furniture,74,377,127.84,65.9373776294189
2024-01-24,S001-P0010,Furniture,149,311,121.76,95.52596458080274
2024-01-25,S001-P0010,Furniture,79,210,130.3,80.24948071352155
2024-01-26,S001-P0010,Furniture,91,128,143.16,72.55574768552647
2024-01-27,S001-P0010,Furniture,68,46,112.68,87.74454477875295
2024-01-28,S001-P0010,Furniture,82,640,118.39,73.4266312482672
2024-01-29,S001-P0010,Furniture,68,583,125.31,73.92643221374968
2024-01-30,S001-P0010,Furniture,69,518,125.82,66.03939810284164
2023-10-03,S001-P0011,Furniture,67,216,149.88,75.58651059308758
2023-10-04,S001-P0011,Furniture,104,141,169.91,76.32467750108182
2023-10-05,S001-P0011,Furniture,65,180,148.21,67.85276164971688
2023-10-06,S001-P0011,Furniture,86,322,168.7,75.70575498927037
2023-10-07,S001-P0011,Furniture,23,245,99.39,38.47227025076426
2023-10-08,S001-P0011,Furniture,25,217,126.63,44.051101999246335
2023-10-09,S001-P0011,Furniture,24,198,125.66,36.12130665773859
2023-10-10,S001-P0011,Furniture,48,176,110.29,39.43773462491403
2023-10-11,S001-P0011,Furniture,36,126,132.67,39.37409602439654
2023-10-12,S001-P0011,Furniture,36,186,125.32,40.0240267349934
2023-10-13,S001-P0011,Furniture,24,147,139.85,31.891456612443278
2023-10-14,S001-P0011,Furniture,18,132,136.24,33.21880086428409
2023-10-15,S001-P0011,Furniture,38,111,141.22,32.709066778090865
2023-10-16,S001-P0011,Furniture,34,69,138.77,33.11324198886513
2023-10-17,S001-P0011,Furniture,79,100,132.0,49.295685822974626
2023-10-18,S001-P0011,Furniture,17,102,128.94,32.48780196301716
2023-10-19,S001-P0011,Furniture,20,271,123.45,50.5829707568554
2023-10-20,S001-P0011,Furniture,32,254,137.56,38.74357185330062
2023-10-21,S001-P0011,Furniture,42,224,114.49,51.16843375344568
2023-10-22,S001-P0011,Furniture,67,184,157.99,36.26666755991587
2023-10-23,S001-P0011,Furniture,42,120,135.87,44.477583121884614
2023-10-24,S001-P0011,Furniture,22,206,131.56,31.764918070069214
2023-10-25,S001-P0011,Furniture,105,182,161.75,75.77100371539326
2023-10-26,S001-P0011,Furniture,110,110,146.15,97.98701422697924
2023-10-27,S001-P0011,Furniture,110,254,182.59,83.9855399298379
2023-10-28,S001-P0011,Furniture,117,187,187.05,84.40594865812011
2023-10-29,S001-P0011,Furniture,77,256,163.68,84.52225795515007
2023-10-30,S001-P0011,Furniture,86,169,160.4,69.4648605609872
2023-10-31,S001-P0011,Furniture,53,84,141.9,68.0673881841162
2023-11-01,S001-P0011,Furniture,39,242,149.25,68.16630425167092
2023-11-02,S001-P0011,Furniture,71,197,160.2,83.41248743253418
2023-11-03,S001-P0011,Furniture,64,136,156.17,68.61188305522293
2023-11-04,S001-P0011,Furniture,29,240,128.62,89.2133640593359
2023-11-05,S001-P0011,Furniture,71,216,151.59,69.2319662528128
2023-11-06,S001-P0011,Furniture,78,173,146.99,89.23325269940537
2023-11-07,S001-P0011,Furniture,78,247,156.09,67.54324641963893
2023-11-08,S001-P0011,Furniture,82,179,157.64,83.41375409981242
2023-11-09,S001-P0011,Furniture,77,293,163.4,67.51192132659723
2023-11-10,S001-P0011,Furniture,36,215,147.41,68.21933878609197
2023-11-11,S001-P0011,Furniture,108,186,154.49,90.95859152879973
2023-11-12,S001-P0011,Furniture,74,101,161.82,69.03304709062786
2023-11-13,S001-P0011,Furniture,96,253,183.83,75.82161957947079
2023-11-14,S001-P0011,Furniture,43,145,136.95,67.63084255972784
2023-11-15,S001-P0011,Furniture,69,272,142.35,90.05548008316484
2023-11-16,S001-P0011,Furniture,85,222,159.66,74.18830896757228
2023-11-17,S001-P0011,Furniture,119,167,158.42,91.45785463839131
2023-11-18,S001-P0011,Furniture,116,178,139.6,90.54387598952722
2023-11-19,S001-P0011,Furniture,83,311,158.58,83.38400640497427
2023-11-20,S001-P0011,Furniture,46,246,137.92,68.07941852671202
2023-11-21,S001-P0011,Furniture,88,209,152.42,109.8643706567514
2023-11-22,S001-P0011,Furniture,41,120,142.88,71.93122201656902
2023-11-23,S001-P0011,Furniture,43,232,136.57,66.60383825585676
2023-11-24,S001-P0011,Furniture,114,190,175.64,95.02754266301889
2023-11-25,S001-P0011,Furniture,65,86,125.44,86.11219886008239
2023-11-26,S001-P0011,Furniture,75,235,121.92,103.56125130602211
2023-11-27,S001-P0011,Furniture,103,186,169.73,82.37034163563976
2023-11-28,S001-P0011,Furniture,71,276,152.0,66.85883932363717
2023-11-29,S001-P0011,Furniture,105,215,180.18,81.9793434878764
2023-11-30,S001-P0011,Furniture,101,145,168.47,72.26749163898094
2023-12-01,S001-P0011,Furniture,151,245,186.15,100.59762269804665
2023-12-02,S001-P0011,Furniture,78,70,155.8,73.72295726343081
2023-12-03,S001-P0011,Furniture,75,326,162.27,73.72295726343081
2023-12-04,S001-P0011,Furniture,124,245,150.76,95.3506858955687
2023-12-05,S001-P0011,Furniture,61,125,162.63,73.64938168260876
2023-12-06,S001-P0011,Furniture,136,272,158.27,107.3435042649143
2023-12-07,S001-P0011,Furniture,120,181,169.96,96.21378642372342
2023-12-08,S001-P0011,Furniture,51,409,148.8,73.17311603408919
2023-12-09,S001-P0011,Furniture,82,358,157.64,87.95770125486061
2023-12-10,S001-P0011,Furniture,79,278,165.11,67.18376868949659
2023-12-11,S001-P0011,Furniture,92,217,137.77,87.30037483870566
2023-12-12,S001-P0011,Furniture,85,120,159.55,85.11384765751808
2023-12-13,S001-P0011,Furniture,75,245,146.12,84.83700027691992
2023-12-14,S001-P0011,Furniture,44,163,144.38,83.974840963079
2023-12-15,S001-P0011,Furniture,42,123,136.25,69.60429271428355
2023-12-16,S001-P0011,Furniture,66,168,140.95,97.63377606870901
2023-12-17,S001-P0011,Furniture,93,127,181.87,76.37952536276325
2023-12-18,S001-P0011,Furniture,85,183,168.18,74.76402918725826
2023-12-19,S001-P0011,Furniture,92,316,163.51,107.50219512139775
2023-12-20,S001-P0011,Furniture,71,232,160.24,67.84599363883886
2023-12-21,S001-P0011,Furniture,74,162,153.15,82.85090812249308
2023-12-22,S001-P0011,Furniture,116,246,156.94,106.82486631840904
2023-12-23,S001-P0011,Furniture,58,142,152.39,67.37710061767189
2023-12-24,S001-P0011,Furniture,75,304,154.47,83.13487054682733
2023-12-25,S001-P0011,Furniture,59,254,138.04,67.98602894846027
2023-12-26,S001-P0011,Furniture,71,202,134.99,88.26718259736936
2023-12-27,S001-P0011,Furniture,19,126,130.0,30.50960912481752
2023-12-28,S001-P0011,Furniture,66,259,157.22,38.41933031873564
2023-12-29,S001-P0011,Furniture,59,208,145.11,34.43357839381107
2023-12-30,S001-P0011,Furniture,28,155,127.97,31.194377564921517
2023-12-31,S001-P0011,Furniture,25,247,140.19,34.13784398952461
2024-01-01,S001-P0011,Furniture,31,227,123.26,36.10651447919643
2024-01-02,S001-P0011,Furniture,39,193,149.12,33.78728501730325
2024-01-03,S001-P0011,Furniture,23,160,125.44,41.015734649694956
2024-01-04,S001-P0011,Furniture,46,137,124.02,37.027489074636804
2024-01-05,S001-P0011,Furniture,63,103,124.58,50.744401171993175
2024-01-06,S001-P0011,Furniture,35,130,109.87,39.847058089817565
2024-01-07,S001-P0011,Furniture,18,222,129.5,31.1498945491307
2024-01-08,S001-P0011,Furniture,72,204,144.87,34.20654430176827
2024-01-09,S001-P0011,Furniture,84,154,159.29,65.97758186507247
2024-01-10,S001-P0011,Furniture,43,246,136.59,67.3947119438171
2024-01-11,S001-P0011,Furniture,128,210,152.51,88.78040229661332
2024-01-12,S001-P0011,Furniture,58,133,144.73,73.86464107240106
2024-01-13,S001-P0011,Furniture,183,337,191.71,104.52684348991566
2024-01-14,S001-P0011,Furniture,81,190,166.0,68.32805669035753
2024-01-15,S001-P0011,Furniture,76,391,138.8,94.41542361939658
2024-01-16,S001-P0011,Furniture,50,313,133.22,67.71385135207171
2024-01-17,S001-P0011,Furniture,94,277,130.22,95.69483211785824
2024-01-18,S001-P0011,Furniture,86,219,151.86,82.72604785901214
2024-01-19,S001-P0011,Furniture,69,339,159.24,68.37800824810701
2024-01-20,S001-P0011,Furniture,114,295,146.18,103.10676430765056
2024-01-21,S001-P0011,Furniture,68,201,166.55,73.86424351807202
2024-01-22,S001-P0011,Furniture,100,402,159.25,82.18898661223875
2024-01-23,S001-P0011,Furniture,145,324,192.51,66.38555043915625
2024-01-24,S001-P0011,Furniture,40,162,134.63,73.11420128683312
2024-01-25,S001-P0011,Furniture,92,430,172.65,80.18453857193482
2024-01-26,S001-P0011,Furniture,106,356,170.78,72.48822821895756
2024-01-27,S001-P0011,Furniture,79,243,156.51,66.64623455791921
2024-01-28,S001-P0011,Furniture,95,192,183.39,73.49415071483611
2024-01-29,S001-P0011,Furniture,65,249,148.68,73.85891274718077
2024-01-30,S001-P0011,Furniture,44,204,144.42,66.03939810284164
2023-10-03,S001-P0012,Groceries,215,197,90.7,144.07472712355317
2023-10-04,S001-P0012,Groceries,119,358,93.27,118.3178129601873
2023-10-05,S001-P0012,Groceries,101,278,79.29,99.585310368217
2023-10-06,S001-P0012,Groceries,104,170,80.28,121.22090007363107
2023-10-07,S001-P0012,Groceries,83,272,74.58,73.87143430456135
2023-10-08,S001-P0012,Groceries,49,222,69.28,81.66171426089676
2023-10-09,S001-P0012,Groceries,64,191,73.57,81.5284998465018
2023-10-10,S001-P0012,Groceries,94,151,72.97,93.66622578448181
2023-10-11,S001-P0012,Groceries,29,165,57.44,92.53220166684233
2023-10-12,S001-P0012,Groceries,103,353,67.38,94.61269713720412
2023-10-13,S001-P0012,Groceries,78,282,69.23,94.02904983584789
2023-10-14,S001-P0012,Groceries,98,229,65.32,93.01128413534255
2023-10-15,S001-P0012,Groceries,46,157,64.93,73.54275002061964
2023-10-16,S001-P0012,Groceries,94,306,81.82,74.04915220400594
2023-10-17,S001-P0012,Groceries,76,193,72.78,90.44505094871684
2023-10-18,S001-P0012,Groceries,80,127,61.49,92.39148967397004
2023-10-19,S001-P0012,Groceries,79,194,69.71,90.64142397578078
2023-10-20,S001-P0012,Groceries,77,112,68.8,115.07118376216872
2023-10-21,S001-P0012,Groceries,141,231,80.37,115.42614596351297
2023-10-22,S001-P0012,Groceries,77,82,77.1,81.49939904041014
2023-10-23,S001-P0012,Groceries,61,317,76.58,81.43445689882341
2023-10-24,S001-P0012,Groceries,83,247,82.74,72.47518692901134
2023-10-25,S001-P0012,Groceries,124,178,75.78,142.63798588525148
2023-10-26,S001-P0012,Groceries,120,242,88.78,112.92970854237268
2023-10-27,S001-P0012,Groceries,96,156,78.13,125.6052769808628
2023-10-28,S001-P0012,Groceries,106,298,84.87,127.55234647681915
2023-10-29,S001-P0012,Groceries,195,201,109.23,127.69533340817084
2023-10-30,S001-P0012,Groceries,144,64,85.88,101.51231997025937
2023-10-31,S001-P0012,Groceries,71,353,79.29,99.06462479232397
2023-11-01,S001-P0012,Groceries,164,293,90.25,132.26299065998504
2023-11-02,S001-P0012,Groceries,115,121,83.18,126.41357322929856
2023-11-03,S001-P0012,Groceries,103,406,75.31,132.9223491394531
2023-11-04,S001-P0012,Groceries,156,332,103.78,99.45737007213664
2023-11-05,S001-P0012,Groceries,107,159,85.15,99.51036886121574
2023-11-06,S001-P0012,Groceries,123,407,89.48,100.38774987139503
2023-11-07,S001-P0012,Groceries,133,290,92.22,97.6828812473731
2023-11-08,S001-P0012,Groceries,133,133,92.36,127.3037760760599
2023-11-09,S001-P0012,Groceries,148,291,91.28,132.25226372743379
2023-11-10,S001-P0012,Groceries,172,164,82.5,133.03192889180403
2023-11-11,S001-P0012,Groceries,100,351,74.9,100.0601792636024
2023-11-12,S001-P0012,Groceries,130,267,86.84,100.57335271171269
2023-11-13,S001-P0012,Groceries,85,148,71.18,115.71822795460005
2023-11-14,S001-P0012,Groceries,76,327,60.53,134.0367670322363
2023-11-15,S001-P0012,Groceries,129,259,91.33,97.79476276880769
2023-11-16,S001-P0012,Groceries,173,149,103.18,113.96518380833619
2023-11-17,S001-P0012,Groceries,148,232,91.25,101.15678822463943
2023-11-18,S001-P0012,Groceries,155,418,78.61,134.42650767772975
2023-11-19,S001-P0012,Groceries,193,308,92.43,166.81563450084735
2023-11-20,S001-P0012,Groceries,127,125,95.37,100.34147479701124
2023-11-21,S001-P0012,Groceries,97,450,78.3,125.22945281148581
2023-11-22,S001-P0012,Groceries,59,372,75.77,112.63750555041759
2023-11-23,S001-P0012,Groceries,142,313,80.56,134.6251230850609
2023-11-24,S001-P0012,Groceries,159,206,94.13,148.30204502980598
2023-11-25,S001-P0012,Groceries,169,410,96.7,99.42146187804573
2023-11-26,S001-P0012,Groceries,145,294,90.55,160.63731660048006
2023-11-27,S001-P0012,Groceries,92,555,81.05,126.61898839263289
2023-11-28,S001-P0012,Groceries,117,483,92.52,99.00122733776871
2023-11-29,S001-P0012,Groceries,137,379,93.47,127.76035233991185
2023-11-30,S001-P0012,Groceries,117,250,88.05,112.61124369626506
2023-12-01,S001-P0012,Groceries,67,140,70.7,124.78561776374575
2023-12-02,S001-P0012,Groceries,137,334,84.12,147.33482262184714
2023-12-03,S001-P0012,Groceries,162,212,85.21,146.90648694387605
2023-12-04,S001-P0012,Groceries,146,396,101.07,113.12451272024907
2023-12-05,S001-P0012,Groceries,34,225,61.93,113.27032032574381
2023-12-06,S001-P0012,Groceries,118,203,88.17,126.88705135200206
2023-12-07,S001-P0012,Groceries,176,78,104.12,112.70050116673005
2023-12-08,S001-P0012,Groceries,153,220,97.7,112.70967222036798
2023-12-09,S001-P0012,Groceries,159,522,94.16,132.578658684983
2023-12-10,S001-P0012,Groceries,169,346,92.05,132.67349831447336
2023-12-11,S001-P0012,Groceries,116,166,65.81,135.9531830087501
2023-12-12,S001-P0012,Groceries,89,344,72.29,128.31625696157485
2023-12-13,S001-P0012,Groceries,107,266,89.74,128.8742812224589
2023-12-14,S001-P0012,Groceries,94,173,77.48,128.3110429761024
2023-12-15,S001-P0012,Groceries,124,305,80.35,137.641519837012
2023-12-16,S001-P0012,Groceries,112,208,91.13,116.29726511326926
2023-12-17,S001-P0012,Groceries,170,355,96.94,150.91248414387894
2023-12-18,S001-P0012,Groceries,170,252,92.18,117.42341536496602
2023-12-19,S001-P0012,Groceries,239,440,108.5,165.18052082478206
2023-12-20,S001-P0012,Groceries,98,232,78.63,101.0720732556635
2023-12-21,S001-P0012,Groceries,49,713,65.6,128.225723384454
2023-12-22,S001-P0012,Groceries,141,669,89.66,164.57491156043287
2023-12-23,S001-P0012,Groceries,83,550,74.66,99.92700395644954
2023-12-24,S001-P0012,Groceries,140,486,94.34,126.96857725593676
2023-12-25,S001-P0012,Groceries,112,328,78.06,136.1642912423691
2023-12-26,S001-P0012,Groceries,109,199,81.53,98.9849729453897
2023-12-27,S001-P0012,Groceries,50,120,62.65,70.45363880402157
2023-12-28,S001-P0012,Groceries,111,255,86.22,90.77626603394705
2023-12-29,S001-P0012,Groceries,86,186,75.61,86.89031902410683
2023-12-30,S001-P0012,Groceries,28,282,57.28,67.97815300605761
2023-12-31,S001-P0012,Groceries,43,251,67.86,72.58654001563323
2024-01-01,S001-P0012,Groceries,15,212,63.12,73.63714079247733
2024-01-02,S001-P0012,Groceries,50,196,66.26,72.25619852974381
2024-01-03,S001-P0012,Groceries,113,144,82.56,72.01134452142404
2024-01-04,S001-P0012,Groceries,40,13,67.01,68.29799970557706
2024-01-05,S001-P0012,Groceries,63,260,69.53,83.7577393855397
2024-01-06,S001-P0012,Groceries,122,217,84.82,72.19609481040958
2024-01-07,S001-P0012,Groceries,108,127,81.01,90.42176513274819
2024-01-08,S001-P0012,Groceries,43,267,71.18,73.47379117608742
2024-01-09,S001-P0012,Groceries,185,239,80.01,132.68060835187467
2024-01-10,S001-P0012,Groceries,58,38,71.73,99.83877145197913
2024-01-11,S001-P0012,Groceries,133,304,72.86,134.74923934471389
2024-01-12,S001-P0012,Groceries,169,166,96.9,146.92283237802135
2024-01-13,S001-P0012,Groceries,117,359,69.37,161.58573851477902
2024-01-14,S001-P0012,Groceries,117,277,88.01,101.05645350581504
2024-01-15,S001-P0012,Groceries,54,149,67.16,115.86896627311856
2024-01-16,S001-P0012,Groceries,87,289,79.63,99.98850862486448
2024-01-17,S001-P0012,Groceries,127,197,81.25,148.3685333020174
2024-01-18,S001-P0012,Groceries,75,54,65.04,161.27909324674442
2024-01-19,S001-P0012,Groceries,100,286,83.37,102.45011111159126
2024-01-20,S001-P0012,Groceries,139,184,98.81,124.60573785232747
2024-01-21,S001-P0012,Groceries,154,80,103.34,111.62700049237921
2024-01-22,S001-P0012,Groceries,69,255,62.94,156.126241667684
2024-01-23,S001-P0012,Groceries,121,544,75.62,133.1832500117436
2024-01-24,S001-P0012,Groceries,126,415,95.33,110.85191322206637
2024-01-25,S001-P0012,Groceries,112,298,77.87,156.81372480978263
2024-01-26,S001-P0012,Groceries,125,228,90.14,108.01925843859618
2024-01-27,S001-P0012,Groceries,159,373,94.57,98.3368493931512
2024-01-28,S001-P0012,Groceries,65,199,69.97,107.92034483314393
2024-01-29,S001-P0012,Groceries,174,505,103.5,108.4488469281587
2024-01-30,S001-P0012,Groceries,86,396,83.66,97.75539983061482
2023-10-03,S001-P0013,Toys,106,136,27.24,125.18250624249197
2023-10-04,S001-P0013,Toys,84,100,30.46,98.69195051918442
2023-10-05,S001-P0013,Toys,86,115,30.62,86.54498081412558
2023-10-06,S001-P0013,Toys,71,148,30.54,100.75058114763893
2023-10-07,S001-P0013,Toys,31,90,23.49,28.542093728576724
2023-10-08,S001-P0013,Toys,21,120,23.75,31.35126960196803
2023-10-09,S001-P0013,Toys,41,97,28.64,31.178842734602117
2023-10-10,S001-P0013,Toys,47,111,24.93,35.12040776253102
2023-10-11,S001-P0013,Toys,14,62,22.95,35.20471697278212
2023-10-12,S001-P0013,Toys,28,102,23.21,35.35469809359739
2023-10-13,S001-P0013,Toys,23,71,22.69,27.477540481097932
2023-10-14,S001-P0013,Toys,12,103,22.86,28.542093728576724
2023-10-15,S001-P0013,Toys,33,95,23.72,28.383425790692243
2023-10-16,S001-P0013,Toys,48,108,26.58,35.74659876674755
2023-10-17,S001-P0013,Toys,35,111,22.4,43.28712117131745
2023-10-18,S001-P0013,Toys,51,75,28.35,28.238517020682192
2023-10-19,S001-P0013,Toys,70,76,28.86,33.86301660071469
2023-10-20,S001-P0013,Toys,18,76,22.09,44.24600321322743
2023-10-21,S001-P0013,Toys,44,114,29.01,34.83248227375864
2023-10-22,S001-P0013,Toys,69,75,27.21,39.70617938541929
2023-10-23,S001-P0013,Toys,15,98,21.96,39.71085397341458
2023-10-24,S001-P0013,Toys,10,84,23.85,27.56689690704108
2023-10-25,S001-P0013,Toys,102,74,27.24,120.69134877702776
2023-10-26,S001-P0013,Toys,118,114,37.72,94.5823377924268
2023-10-27,S001-P0013,Toys,91,121,31.19,103.52936960922395
2023-10-28,S001-P0013,Toys,56,117,28.86,104.8053310602334
2023-10-29,S001-P0013,Toys,25,111,24.11,104.94813439655643
2023-10-30,S001-P0013,Toys,131,86,37.27,88.52786185131018
2023-10-31,S001-P0013,Toys,92,147,31.21,86.63964500324619
2023-11-01,S001-P0013,Toys,121,173,30.73,111.05570182768997
2023-11-02,S001-P0013,Toys,93,177,31.23,102.50909756039994
2023-11-03,S001-P0013,Toys,104,85,32.56,86.9633011260105
2023-11-04,S001-P0013,Toys,110,124,33.12,87.7067184333865
2023-11-05,S001-P0013,Toys,103,118,30.66,110.42756367062266
2023-11-06,S001-P0013,Toys,76,143,32.76,88.5330918501676
2023-11-07,S001-P0013,Toys,85,83,32.16,85.72900238676945
2023-11-08,S001-P0013,Toys,153,109,31.3,136.80556764939334
2023-11-09,S001-P0013,Toys,60,138,26.41,85.45866266998624
2023-11-10,S001-P0013,Toys,69,77,30.33,86.26800353750818
2023-11-11,S001-P0013,Toys,86,65,33.95,86.77301141619441
2023-11-12,S001-P0013,Toys,49,81,26.76,87.09118323338784
2023-11-13,S001-P0013,Toys,61,102,27.92,97.04012798209935
2023-11-14,S001-P0013,Toys,114,124,30.07,112.19340275458097
2023-11-15,S001-P0013,Toys,79,105,31.44,85.74380228396193
2023-11-16,S001-P0013,Toys,115,93,33.62,128.1787131869324
2023-11-17,S001-P0013,Toys,46,105,26.3,88.08246764357855
2023-11-18,S001-P0013,Toys,59,113,23.36,111.65096169643657
2023-11-19,S001-P0013,Toys,39,113,25.7,101.88142489890303
2023-11-20,S001-P0013,Toys,91,76,29.52,111.22386832088652
2023-11-21,S001-P0013,Toys,61,99,25.06,136.66944544524475
2023-11-22,S001-P0013,Toys,101,112,35.67,92.4399686630603
2023-11-23,S001-P0013,Toys,102,128,26.82,112.70295485986776
2023-11-24,S001-P0013,Toys,53,124,28.54,93.29074198419964
2023-11-25,S001-P0013,Toys,33,75,22.18,107.47695740074911
2023-11-26,S001-P0013,Toys,68,96,28.69,100.79143996600482
2023-11-27,S001-P0013,Toys,133,99,39.43,100.45649218378087
2023-11-28,S001-P0013,Toys,126,125,36.62,85.36579969206629
2023-11-29,S001-P0013,Toys,94,147,33.11,100.07443972241472
2023-11-30,S001-P0013,Toys,73,163,30.84,91.34657386205757
2023-12-01,S001-P0013,Toys,65,76,23.94,129.62025297758075
2023-12-02,S001-P0013,Toys,161,72,34.19,127.30408508913905
2023-12-03,S001-P0013,Toys,115,169,33.73,96.876367933161
2023-12-04,S001-P0013,Toys,134,166,33.61,128.06858854686013
2023-12-05,S001-P0013,Toys,45,177,24.81,128.10684875663983
2023-12-06,S001-P0013,Toys,136,135,28.37,135.56091697246708
2023-12-07,S001-P0013,Toys,83,178,30.18,95.43559997926009
2023-12-08,S001-P0013,Toys,103,92,34.12,95.73283197931076
2023-12-09,S001-P0013,Toys,45,127,26.18,86.40261517285826
2023-12-10,S001-P0013,Toys,101,100,32.17,86.91538430215684
2023-12-11,S001-P0013,Toys,100,107,33.78,87.94344184641591
2023-12-12,S001-P0013,Toys,65,95,31.47,101.9762218345454
2023-12-13,S001-P0013,Toys,77,121,28.1,133.9442027994557
2023-12-14,S001-P0013,Toys,100,107,32.13,101.26686117846292
2023-12-15,S001-P0013,Toys,122,156,34.4,88.1127975365096
2023-12-16,S001-P0013,Toys,65,150,28.4,97.11832624561109
2023-12-17,S001-P0013,Toys,146,93,36.8,127.34271646975188
2023-12-18,S001-P0013,Toys,83,137,31.94,99.0582485666499
2023-12-19,S001-P0013,Toys,143,136,36.64,102.60784586557318
2023-12-20,S001-P0013,Toys,128,125,31.04,111.16506307211677
2023-12-21,S001-P0013,Toys,108,126,34.72,101.72340496977245
2023-12-22,S001-P0013,Toys,123,139,29.07,136.30081273889667
2023-12-23,S001-P0013,Toys,54,148,28.72,87.10871623033213
2023-12-24,S001-P0013,Toys,161,113,38.47,104.25708947268487
2023-12-25,S001-P0013,Toys,115,195,35.47,88.87336771387808
2023-12-26,S001-P0013,Toys,75,93,32.6,85.9300668224125
2023-12-27,S001-P0013,Toys,44,114,21.77,35.10417192901335
2023-12-28,S001-P0013,Toys,30,73,27.37,32.65077967378167
2023-12-29,S001-P0013,Toys,28,105,25.84,28.773038640414338
2023-12-30,S001-P0013,Toys,13,84,25.4,27.46751158322774
2023-12-31,S001-P0013,Toys,42,75,25.89,29.580915689942874
2024-01-01,S001-P0013,Toys,21,97,23.79,29.486902184080893
2024-01-02,S001-P0013,Toys,16,72,20.8,37.406134588713996
2024-01-03,S001-P0013,Toys,47,110,25.1,29.536063429629873
2024-01-04,S001-P0013,Toys,23,79,22.7,27.03273497017319
2024-01-05,S001-P0013,Toys,16,114,20.8,46.92257612782197
2024-01-06,S001-P0013,Toys,34,95,27.91,29.744080792383652
2024-01-07,S001-P0013,Toys,28,113,21.74,33.95320063518607
2024-01-08,S001-P0013,Toys,25,84,24.17,29.676561325814756
2024-01-09,S001-P0013,Toys,129,109,29.21,111.75750299672616
2024-01-10,S001-P0013,Toys,163,146,36.65,112.12433798888416
2024-01-11,S001-P0013,Toys,74,175,30.87,87.93929575212778
2024-01-12,S001-P0013,Toys,36,94,24.02,96.32016667317887
2024-01-13,S001-P0013,Toys,138,102,37.95,103.81253854279637
2024-01-14,S001-P0013,Toys,63,118,28.17,87.74365002586882
2024-01-15,S001-P0013,Toys,77,141,31.26,99.69964525469703
2024-01-16,S001-P0013,Toys,152,76,31.22,111.40472424153619
2024-01-17,S001-P0013,Toys,135,153,33.9,129.29341606369934
2024-01-18,S001-P0013,Toys,61,162,27.88,102.13819192138325
2024-01-19,S001-P0013,Toys,105,125,32.67,88.40767717464075
2024-01-20,S001-P0013,Toys,120,146,32.4,102.86912902524215
2024-01-21,S001-P0013,Toys,132,168,39.25,97.37678735626758
2024-01-22,S001-P0013,Toys,91,185,29.56,102.2178012932446
2024-01-23,S001-P0013,Toys,99,117,26.94,111.3913338365942
2024-01-24,S001-P0013,Toys,84,168,33.73,95.71857080064174
2024-01-25,S001-P0013,Toys,174,98,39.74,130.09419505204156
2024-01-26,S001-P0013,Toys,104,200,30.78,94.82854531834437
2024-01-27,S001-P0013,Toys,69,101,22.75,110.99213805033962
2024-01-28,S001-P0013,Toys,57,92,27.54,96.26810157882372
2024-01-29,S001-P0013,Toys,109,93,33.06,96.79292919532777
2024-01-30,S001-P0013,Toys,116,91,33.76,85.20754437661748
2023-10-03,S001-P0014,Groceries,126,676,83.86,117.62271088874725
2023-10-04,S001-P0014,Groceries,86,586,66.38,118.38275510177402
2023-10-05,S001-P0014,Groceries,28,490,53.07,99.585310368217
2023-10-06,S001-P0014,Groceries,39,460,55.71,121.22090007363107
2023-10-07,S001-P0014,Groceries,70,422,62.67,73.87143430456135
2023-10-08,S001-P0014,Groceries,82,370,51.75,100.92352608411467
2023-10-09,S001-P0014,Groceries,211,279,75.06,100.97405857946895
2023-10-10,S001-P0014,Groceries,42,57,56.31,72.93221947061797
2023-10-11,S001-P0014,Groceries,143,26,75.29,115.47891719238316
2023-10-12,S001-P0014,Groceries,75,532,60.3,94.53691083074149
2023-10-13,S001-P0014,Groceries,71,479,66.4,72.67668203096385
2023-10-14,S001-P0014,Groceries,69,425,58.92,94.53110970606953
2023-10-15,S001-P0014,Groceries,103,382,55.55,92.98478383370914
2023-10-16,S001-P0014,Groceries,56,276,62.86,74.04915220400594
2023-10-17,S001-P0014,Groceries,86,240,62.88,113.75716012802326
2023-10-18,S001-P0014,Groceries,116,492,61.03,92.39148967397004
2023-10-19,S001-P0014,Groceries,139,374,65.25,112.2739061605563
2023-10-20,S001-P0014,Groceries,93,228,71.7,90.87638970080494
2023-10-21,S001-P0014,Groceries,101,160,66.16,91.47127982667438
2023-10-22,S001-P0014,Groceries,70,480,59.17,102.6620994131858
2023-10-23,S001-P0014,Groceries,80,435,68.44,81.49939904041014
2023-10-24,S001-P0014,Groceries,27,383,50.13,72.50542156455492
2023-10-25,S001-P0014,Groceries,91,357,64.1,114.63885295311178
2023-10-26,S001-P0014,Groceries,144,279,75.51,113.02488531950299
2023-10-27,S001-P0014,Groceries,21,160,57.13,125.54033483927607
2023-10-28,S001-P0014,Groceries,165,146,80.06,127.64752325394946
2023-10-29,S001-P0014,Groceries,113,427,72.57,127.69533340817084
2023-10-30,S001-P0014,Groceries,113,356,76.38,101.48208533471579
2023-10-31,S001-P0014,Groceries,116,674,69.37,99.39207182560932
2023-11-01,S001-P0014,Groceries,138,546,78.12,99.72135330220729
2023-11-02,S001-P0014,Groceries,194,433,80.87,166.2047361904328
2023-11-03,S001-P0014,Groceries,83,218,55.46,133.32861754889768
2023-11-04,S001-P0014,Groceries,84,137,54.87,132.3931820472102
2023-11-05,S001-P0014,Groceries,84,701,54.94,132.48802167670055
2023-11-06,S001-P0014,Groceries,102,607,66.48,100.57858623848965
2023-11-07,S001-P0014,Groceries,98,513,72.75,97.6828812473731
2023-11-08,S001-P0014,Groceries,101,437,69.7,165.86732690766843
2023-11-09,S001-P0014,Groceries,71,362,62.82,99.2560218576349
2023-11-10,S001-P0014,Groceries,132,292,64.02,132.7448684648941
2023-11-11,S001-P0014,Groceries,173,171,76.46,133.6454990530998
2023-11-12,S001-P0014,Groceries,112,23,60.09,132.60834631260855
2023-11-13,S001-P0014,Groceries,140,348,78.64,115.71822795460005
2023-11-14,S001-P0014,Groceries,153,816,67.92,134.0367670322363
2023-11-15,S001-P0014,Groceries,145,700,67.33,133.62832041921882
2023-11-16,S001-P0014,Groceries,86,574,69.96,113.96518380833619
2023-11-17,S001-P0014,Groceries,75,495,70.82,101.12655358909585
2023-11-18,S001-P0014,Groceries,135,430,81.78,99.60787146582177
2023-11-19,S001-P0014,Groceries,112,279,72.34,126.92433654195057
2023-11-20,S001-P0014,Groceries,111,155,75.93,100.34147479701124
2023-11-21,S001-P0014,Groceries,94,390,64.73,125.25968744702939
2023-11-22,S001-P0014,Groceries,74,310,67.17,112.70244769200431
2023-11-23,S001-P0014,Groceries,127,239,84.06,99.20716535571479
2023-11-24,S001-P0014,Groceries,150,151,81.19,116.15957078490963
2023-11-25,S001-P0014,Groceries,176,19,87.14,99.39122724250215
2023-11-26,S001-P0014,Groceries,108,454,71.56,127.40358030967576
2023-11-27,S001-P0014,Groceries,169,338,89.97,126.55404625104616
2023-11-28,S001-P0014,Groceries,80,766,65.14,99.00122733776871
2023-11-29,S001-P0014,Groceries,65,697,64.93,127.76035233991185
2023-11-30,S001-P0014,Groceries,122,632,78.66,112.54630155467834
2023-12-01,S001-P0014,Groceries,105,509,74.56,124.72067562215902
2023-12-02,S001-P0014,Groceries,83,418,72.83,112.46474751651755
2023-12-03,S001-P0014,Groceries,113,331,61.22,146.45545650731165
2023-12-04,S001-P0014,Groceries,5,203,47.92,113.1894548618358
2023-12-05,S001-P0014,Groceries,85,199,66.32,113.27032032574381
2023-12-06,S001-P0014,Groceries,78,510,68.01,126.95199349358879
2023-12-07,S001-P0014,Groceries,59,446,57.21,112.73073580227363
2023-12-08,S001-P0014,Groceries,140,384,83.03,112.70967222036798
2023-12-09,S001-P0014,Groceries,123,262,59.08,131.79812238820236
2023-12-10,S001-P0014,Groceries,196,171,86.33,132.24516263650227
2023-12-11,S001-P0014,Groceries,91,475,56.24,135.9531830087501
2023-12-12,S001-P0014,Groceries,73,417,60.05,163.45751323160715
2023-12-13,S001-P0014,Groceries,139,956,78.55,128.93922336404563
2023-12-14,S001-P0014,Groceries,186,806,79.88,164.48383549998397
2023-12-15,S001-P0014,Groceries,100,593,69.52,104.88939758768385
2023-12-16,S001-P0014,Groceries,140,522,74.7,150.91248414387894
2023-12-17,S001-P0014,Groceries,104,425,70.29,116.39244189039957
2023-12-18,S001-P0014,Groceries,115,336,76.91,117.39318072942244
2023-12-19,S001-P0014,Groceries,148,202,80.71,128.00874723948533
2023-12-20,S001-P0014,Groceries,133,97,85.43,101.1691548799056
2023-12-21,S001-P0014,Groceries,175,395,77.63,166.2383441739314
2023-12-22,S001-P0014,Groceries,75,265,64.04,126.6975202794174
2023-12-23,S001-P0014,Groceries,133,214,73.12,133.3370389476313
2023-12-24,S001-P0014,Groceries,120,675,74.08,163.97852961381523
2023-12-25,S001-P0014,Groceries,77,533,67.76,103.5101300809497
2023-12-26,S001-P0014,Groceries,109,452,75.56,98.9849729453897
2023-12-27,S001-P0014,Groceries,45,368,54.11,70.45363880402157
2023-12-28,S001-P0014,Groceries,73,317,66.93,90.84120817553378
2023-12-29,S001-P0014,Groceries,127,248,79.78,86.89031902410683
2023-12-30,S001-P0014,Groceries,75,98,63.86,67.94791837051403
2023-12-31,S001-P0014,Groceries,78,35,67.93,72.58654001563323
2024-01-01,S001-P0014,Groceries,53,334,55.75,94.00472242551632
2024-01-02,S001-P0014,Groceries,104,290,78.28,72.19125638815709
2024-01-03,S001-P0014,Groceries,78,226,68.03,71.94640237983731
2024-01-04,S001-P0014,Groceries,39,173,55.71,68.20091808133495
2024-01-05,S001-P0014,Groceries,111,506,60.03,110.23529604582536
2024-01-06,S001-P0014,Groceries,65,421,61.53,72.22632944595316
2024-01-07,S001-P0014,Groceries,109,345,71.76,67.9802967342402
2024-01-08,S001-P0014,Groceries,98,247,72.92,73.53873331767414
2024-01-09,S001-P0014,Groceries,108,176,56.45,132.68060835187467
2024-01-10,S001-P0014,Groceries,134,415,73.44,100.31717889726005
2024-01-11,S001-P0014,Groceries,55,287,62.47,102.17606449726684
2024-01-12,S001-P0014,Groceries,171,240,81.38,112.44852539968379
2024-01-13,S001-P0014,Groceries,91,410,71.28,126.60242007777063
2024-01-14,S001-P0014,Groceries,119,313,77.97,101.05645350581504
2024-01-15,S001-P0014,Groceries,105,650,70.53,115.89920090866214
2024-01-16,S001-P0014,Groceries,76,533,56.99,133.77629069059049
2024-01-17,S001-P0014,Groceries,52,452,61.86,112.52710296164209
2024-01-18,S001-P0014,Groceries,169,398,70.92,160.90264433557908
2024-01-19,S001-P0014,Groceries,109,287,59.56,136.30203016292717
2024-01-20,S001-P0014,Groceries,186,219,74.22,158.97664227893583
2024-01-21,S001-P0014,Groceries,128,612,60.03,146.25801315810938
2024-01-22,S001-P0014,Groceries,193,524,86.07,157.16830711844153
2024-01-23,S001-P0014,Groceries,86,362,73.71,98.00594371231657
2024-01-24,S001-P0014,Groceries,172,290,86.18,110.9168553636531
2024-01-25,S001-P0014,Groceries,67,693,58.86,122.65459866574729
2024-01-26,S001-P0014,Groceries,116,636,77.16,107.95431629700946
2024-01-27,S001-P0014,Groceries,178,518,73.74,132.8318767246485
2024-01-28,S001-P0014,Groceries,59,342,63.59,107.92034483314393
2024-01-29,S001-P0014,Groceries,77,287,64.29,108.4488469281587
2024-01-30,S001-P0014,Groceries,86,660,69.99,97.75539983061482
2023-10-03,S001-P0015,Toys,129,143,16.93,98.35436128697997
2023-10-04,S001-P0015,Toys,100,153,15.5,98.7859640250464
2023-10-05,S001-P0015,Toys,87,156,15.62,86.54498081412558
2023-10-06,S001-P0015,Toys,104,101,14.91,124.64162006484831
2023-10-07,S001-P0015,Toys,76,117,14.25,33.89699416780431
2023-10-08,S001-P0015,Toys,9,156,8.59,39.689516174501534
2023-10-09,S001-P0015,Toys,87,149,14.8,39.76044866635203
2023-10-10,S001-P0015,Toys,61,173,12.84,27.942746143796356
2023-10-11,S001-P0015,Toys,41,107,11.86,35.20471697278212
2023-10-12,S001-P0015,Toys,29,69,11.28,27.780139094200106
2023-10-13,S001-P0015,Toys,39,100,13.74,27.610002089253566
2023-10-14,S001-P0015,Toys,27,117,11.76,28.542093728576724
2023-10-15,S001-P0015,Toys,39,87,11.01,35.95513858054771
2023-10-16,S001-P0015,Toys,9,96,12.05,29.05252421777777
2023-10-17,S001-P0015,Toys,67,88,14.56,34.11719079094776
2023-10-18,S001-P0015,Toys,29,107,12.55,28.335598644924303
2023-10-19,S001-P0015,Toys,29,76,12.51,33.704060953265966
2023-10-20,S001-P0015,Toys,33,106,11.49,34.02916322836592
2023-10-21,S001-P0015,Toys,4,72,11.79,34.83248227375864
2023-10-22,S001-P0015,Toys,17,68,8.93,39.51790124106531
2023-10-23,S001-P0015,Toys,26,107,11.77,31.467889211200045
2023-10-24,S001-P0015,Toys,37,84,9.71,34.21437170759762
2023-10-25,S001-P0015,Toys,38,105,12.34,97.07881144660375
2023-10-26,S001-P0015,Toys,119,74,13.69,126.2154646830632
2023-10-27,S001-P0015,Toys,66,139,13.07,103.62338311508593
2023-10-28,S001-P0015,Toys,195,79,18.22,136.76880293774275
2023-10-29,S001-P0015,Toys,102,170,16.46,104.85412089069445
2023-10-30,S001-P0015,Toys,141,53,18.53,88.52786185131018
2023-10-31,S001-P0015,Toys,38,132,13.01,86.34243260550441
2023-11-01,S001-P0015,Toys,59,99,12.01,111.05570182768997
2023-11-02,S001-P0015,Toys,72,114,12.48,137.08424726058433
2023-11-03,S001-P0015,Toys,33,106,12.1,86.9633011260105
2023-11-04,S001-P0015,Toys,112,71,15.29,87.86732016493754
2023-11-05,S001-P0015,Toys,92,101,15.11,87.66694256416079
2023-11-06,S001-P0015,Toys,89,109,14.94,88.40063024201196
2023-11-07,S001-P0015,Toys,143,138,19.65,85.72900238676945
2023-11-08,S001-P0015,Toys,159,143,18.52,102.57031808404379
2023-11-09,S001-P0015,Toys,94,129,16.01,85.55574429422835
2023-11-10,S001-P0015,Toys,77,146,15.9,86.26800353750818
2023-11-11,S001-P0015,Toys,129,95,14.11,111.68187858413243
2023-11-12,S001-P0015,Toys,104,123,16.56,87.22364484154348
2023-11-13,S001-P0015,Toys,66,119,15.29,97.01363394280628
2023-11-14,S001-P0015,Toys,126,140,16.85,85.81659852685836
2023-11-15,S001-P0015,Toys,84,157,14.68,85.74380228396193
2023-11-16,S001-P0015,Toys,107,74,15.87,93.90389263533125
2023-11-17,S001-P0015,Toys,64,96,15.19,88.21492925173419
2023-11-18,S001-P0015,Toys,93,74,15.13,86.96635629975376
2023-11-19,S001-P0015,Toys,166,99,20.94,101.94894436547195
2023-11-20,S001-P0015,Toys,71,187,13.24,110.72574594665458
2023-11-21,S001-P0015,Toys,142,143,15.67,137.39736859756076
2023-11-22,S001-P0015,Toys,59,149,11.16,128.58530391077514
2023-11-23,S001-P0015,Toys,144,102,16.82,111.78140153215627
2023-11-24,S001-P0015,Toys,127,143,16.89,93.29074198419964
2023-11-25,S001-P0015,Toys,59,164,13.37,86.50113915575348
2023-11-26,S001-P0015,Toys,166,104,17.77,129.62455062332066
2023-11-27,S001-P0015,Toys,137,163,13.75,129.66305068085464
2023-11-28,S001-P0015,Toys,70,168,11.64,106.37703396141373
2023-11-29,S001-P0015,Toys,128,112,16.07,100.23339536986343
2023-11-30,S001-P0015,Toys,47,170,12.12,91.50552950950627
2023-12-01,S001-P0015,Toys,82,137,14.56,99.70448572351715
2023-12-02,S001-P0015,Toys,155,148,15.44,127.30408508913905
2023-12-03,S001-P0015,Toys,96,171,14.52,128.18345120367448
2023-12-04,S001-P0015,Toys,131,70,16.22,97.5488116089792
2023-12-05,S001-P0015,Toys,52,130,14.48,96.63063367717778
2023-12-06,S001-P0015,Toys,73,76,11.9,135.50154978703387
2023-12-07,S001-P0015,Toys,54,59,13.88,95.34158647339811
2023-12-08,S001-P0015,Toys,73,68,15.65,95.80035144587967
2023-12-09,S001-P0015,Toys,65,70,13.72,86.40261517285826
2023-12-10,S001-P0015,Toys,69,86,13.93,86.91538430215684
2023-12-11,S001-P0015,Toys,86,108,14.03,87.81098023826027
2023-12-12,S001-P0015,Toys,95,106,16.07,101.9762218345454
2023-12-13,S001-P0015,Toys,31,112,9.96,133.45958088139793
2023-12-14,S001-P0015,Toys,99,77,13.72,132.419941987351
2023-12-15,S001-P0015,Toys,49,106,13.62,88.1127975365096
2023-12-16,S001-P0015,Toys,135,118,15.35,127.34271646975188
2023-12-17,S001-P0015,Toys,71,117,11.68,127.88961965920751
2023-12-18,S001-P0015,Toys,114,126,16.22,99.0582485666499
2023-12-19,S001-P0015,Toys,150,171,18.06,102.60784586557318
2023-12-20,S001-P0015,Toys,35,188,12.84,87.2047348250403
2023-12-21,S001-P0015,Toys,106,163,15.0,101.81741847563443
2023-12-22,S001-P0015,Toys,132,153,18.03,102.6150029169624
2023-12-23,S001-P0015,Toys,122,209,18.44,87.24117783848777
2023-12-24,S001-P0015,Toys,91,117,16.7,104.32460893925378
2023-12-25,S001-P0015,Toys,104,122,14.92,113.32043709917238
2023-12-26,S001-P0015,Toys,104,103,17.44,85.9300668224125
2023-12-27,S001-P0015,Toys,58,116,12.69,35.16931212091295
2023-12-28,S001-P0015,Toys,32,111,10.69,47.535419879780626
2023-12-29,S001-P0015,Toys,41,76,13.87,30.38704171979363
2023-12-30,S001-P0015,Toys,38,81,13.01,27.335049975072106
2023-12-31,S001-P0015,Toys,63,102,14.34,29.486902184080893
2024-01-01,S001-P0015,Toys,12,104,9.81,33.905250596541805
2024-01-02,S001-P0015,Toys,18,90,11.94,29.031704003267254
2024-01-03,S001-P0015,Toys,33,69,10.74,38.36225606172196
2024-01-04,S001-P0015,Toys,10,90,10.9,27.03273497017319
2024-01-05,S001-P0015,Toys,73,83,14.16,33.001994045565624
2024-01-06,S001-P0015,Toys,46,109,13.46,29.744080792383652
2024-01-07,S001-P0015,Toys,10,115,9.21,33.95320063518607
2024-01-08,S001-P0015,Toys,16,109,11.81,29.744080792383652
2024-01-09,S001-P0015,Toys,122,91,13.83,111.75750299672616
2024-01-10,S001-P0015,Toys,89,128,16.55,86.57284306027736
2024-01-11,S001-P0015,Toys,64,170,14.42,87.93929575212778
2024-01-12,S001-P0015,Toys,138,95,14.72,128.1887327457651
2024-01-13,S001-P0015,Toys,156,129,16.44,132.7821712441424
2024-01-14,S001-P0015,Toys,108,157,17.67,87.87611163402445
2024-01-15,S001-P0015,Toys,112,196,16.97,99.69964525469703
2024-01-16,S001-P0015,Toys,97,94,17.05,86.61134017529655
2024-01-17,S001-P0015,Toys,99,88,15.45,97.8800416950554
2024-01-18,S001-P0015,Toys,74,109,14.2,102.13819192138325
2024-01-19,S001-P0015,Toys,78,123,15.94,88.54013878279639
2024-01-20,S001-P0015,Toys,181,105,16.54,132.7169032585181
2024-01-21,S001-P0015,Toys,152,174,17.23,97.30926788969867
2024-01-22,S001-P0015,Toys,83,150,16.23,102.28532075981352
2024-01-23,S001-P0015,Toys,118,96,17.32,85.10552390319474
2024-01-24,S001-P0015,Toys,90,110,15.78,95.78351294222847
2024-01-25,S001-P0015,Toys,170,104,20.09,99.57665091004523
2024-01-26,S001-P0015,Toys,148,149,14.94,128.4881880175645
2024-01-27,S001-P0015,Toys,144,156,14.97,110.99213805033962
2024-01-28,S001-P0015,Toys,80,155,14.46,127.97311253091742
2024-01-29,S001-P0015,Toys,86,66,15.59,96.79292919532777
2024-01-30,S001-P0015,Toys,83,80,13.88,85.65571718635482
2023-10-03,S001-P0016,Groceries,108,402,40.07,117.62271088874725
2023-10-04,S001-P0016,Groceries,129,283,36.41,151.28838175211297
2023-10-05,S001-P0016,Groceries,160,687,44.26,128.74787125572612
2023-10-06,S001-P0016,Groceries,136,505,32.77,147.66451106891756
2023-10-07,S001-P0016,Groceries,129,390,40.56,94.33297882218798
2023-10-08,S001-P0016,Groceries,33,295,32.05,81.59677211931003
2023-10-09,S001-P0016,Groceries,102,257,31.09,100.97405857946895
2023-10-10,S001-P0016,Groceries,64,468,30.99,72.96245410616154
2023-10-11,S001-P0016,Groceries,102,416,39.35,92.62159688536036
2023-10-12,S001-P0016,Groceries,87,320,37.39,73.13958569311788
2023-10-13,S001-P0016,Groceries,78,235,32.4,94.02904983584789
2023-10-14,S001-P0016,Groceries,61,160,32.22,73.87143430456135
2023-10-15,S001-P0016,Groceries,95,119,38.39,73.51251538507606
2023-10-16,S001-P0016,Groceries,77,279,36.11,74.04915220400594
2023-10-17,S001-P0016,Groceries,31,201,28.66,90.41481631317326
2023-10-18,S001-P0016,Groceries,63,169,30.73,93.91131524469702
2023-10-19,S001-P0016,Groceries,110,315,38.3,90.6111893402372
2023-10-20,S001-P0016,Groceries,120,229,39.47,90.97156647793524
2023-10-21,S001-P0016,Groceries,94,86,40.29,91.37610304954407
2023-10-22,S001-P0016,Groceries,54,307,33.22,81.49939904041014
2023-10-23,S001-P0016,Groceries,84,273,31.17,101.54613942072635
2023-10-24,S001-P0016,Groceries,63,178,36.07,72.47518692901134
2023-10-25,S001-P0016,Groceries,155,109,46.14,114.54367617598147
2023-10-26,S001-P0016,Groceries,167,224,47.6,112.9946506839594
2023-10-27,S001-P0016,Groceries,146,91,47.36,125.54033483927607
2023-10-28,S001-P0016,Groceries,152,396,41.1,166.976447112442
2023-10-29,S001-P0016,Groceries,72,265,35.42,127.63039126658411
2023-10-30,S001-P0016,Groceries,83,710,36.87,101.48208533471579
2023-10-31,S001-P0016,Groceries,105,646,41.75,99.06462479232397
2023-11-01,S001-P0016,Groceries,144,570,38.03,132.26299065998504
2023-11-02,S001-P0016,Groceries,122,457,37.66,126.60440959639318
2023-11-03,S001-P0016,Groceries,137,367,41.44,132.51069217474773
2023-11-04,S001-P0016,Groceries,129,258,40.65,99.45737007213664
2023-11-05,S001-P0016,Groceries,172,110,38.59,132.7750821036105
2023-11-06,S001-P0016,Groceries,84,359,33.28,100.57858623848965
2023-11-07,S001-P0016,Groceries,123,269,39.81,97.84972654910742
2023-11-08,S001-P0016,Groceries,102,714,39.34,127.23883393447318
2023-11-09,S001-P0016,Groceries,91,640,28.42,132.7831286746738
2023-11-10,S001-P0016,Groceries,69,566,33.22,99.95774216436544
2023-11-11,S001-P0016,Groceries,65,517,32.82,100.02994462805881
2023-11-12,S001-P0016,Groceries,133,472,38.77,132.89540673951848
2023-11-13,S001-P0016,Groceries,114,351,34.45,151.40459875499764
2023-11-14,S001-P0016,Groceries,93,226,36.2,99.14085094293922
2023-11-15,S001-P0016,Groceries,92,116,40.1,97.79476276880769
2023-11-16,S001-P0016,Groceries,52,333,34.64,113.96518380833619
2023-11-17,S001-P0016,Groceries,173,299,45.86,135.6412916747561
2023-11-18,S001-P0016,Groceries,101,130,37.22,99.60787146582177
2023-11-19,S001-P0016,Groceries,179,40,44.29,166.81563450084735
2023-11-20,S001-P0016,Groceries,88,620,35.5,100.37170943255482
2023-11-21,S001-P0016,Groceries,249,558,55.1,166.5655262439897
2023-11-22,S001-P0016,Groceries,83,391,38.8,112.63750555041759
2023-11-23,S001-P0016,Groceries,121,300,35.2,134.6251230850609
2023-11-24,S001-P0016,Groceries,104,931,39.56,116.15957078490963
2023-11-25,S001-P0016,Groceries,125,816,40.0,99.42146187804573
2023-11-26,S001-P0016,Groceries,97,670,34.8,127.43381494521934
2023-11-27,S001-P0016,Groceries,108,595,36.03,126.64922302817646
2023-11-28,S001-P0016,Groceries,139,475,44.02,99.00122733776871
2023-11-29,S001-P0016,Groceries,117,386,39.19,127.82529448149857
2023-11-30,S001-P0016,Groceries,87,306,39.3,112.54630155467834
2023-12-01,S001-P0016,Groceries,145,228,35.38,157.68547330476548
2023-12-02,S001-P0016,Groceries,85,457,39.05,112.46474751651755
2023-12-03,S001-P0016,Groceries,205,358,46.98,146.90648694387605
2023-12-04,S001-P0016,Groceries,103,119,33.54,147.3012949988081
2023-12-05,S001-P0016,Groceries,225,18,49.26,147.7749507308369
2023-12-06,S001-P0016,Groceries,100,670,37.06,126.95199349358879
2023-12-07,S001-P0016,Groceries,235,552,47.48,147.8671953394781
2023-12-08,S001-P0016,Groceries,88,934,31.58,147.82893512969838
2023-12-09,S001-P0016,Groceries,132,867,40.97,99.3577992755112
2023-12-10,S001-P0016,Groceries,68,757,36.79,99.90120735916507
2023-12-11,S001-P0016,Groceries,89,701,39.62,104.44479805824179
2023-12-12,S001-P0016,Groceries,132,609,45.43,127.59643545259543
2023-12-13,S001-P0016,Groceries,145,501,44.86,128.8742812224589
2023-12-14,S001-P0016,Groceries,171,379,50.75,128.2461008345157
2023-12-15,S001-P0016,Groceries,49,218,32.52,104.85916295214027
2023-12-16,S001-P0016,Groceries,86,176,35.31,116.39244189039957
2023-12-17,S001-P0016,Groceries,135,629,45.86,116.29726511326926
2023-12-18,S001-P0016,Groceries,129,526,32.1,152.59379059086066
2023-12-19,S001-P0016,Groceries,110,403,38.3,128.00874723948533
2023-12-20,S001-P0016,Groceries,68,281,34.95,101.1691548799056
2023-12-21,S001-P0016,Groceries,83,236,33.25,128.225723384454
2023-12-22,S001-P0016,Groceries,157,175,39.46,164.57491156043287
2023-12-23,S001-P0016,Groceries,173,63,40.82,133.27189875573168
2023-12-24,S001-P0016,Groceries,126,201,42.35,126.96857725593676
2023-12-25,S001-P0016,Groceries,63,567,32.49,103.54036471649327
2023-12-26,S001-P0016,Groceries,114,504,36.72,132.9733061630336
2023-12-27,S001-P0016,Groceries,51,378,34.48,70.5684471221777
2023-12-28,S001-P0016,Groceries,99,345,41.05,90.77626603394705
2023-12-29,S001-P0016,Groceries,86,269,33.56,87.11231359089443
2023-12-30,S001-P0016,Groceries,56,181,30.13,67.97815300605761
2023-12-31,S001-P0016,Groceries,68,380,33.26,72.65148215721996
2024-01-01,S001-P0016,Groceries,79,334,38.28,73.63714079247733
2024-01-02,S001-P0016,Groceries,65,253,32.84,72.25619852974381
2024-01-03,S001-P0016,Groceries,85,179,35.26,72.01134452142404
2024-01-04,S001-P0016,Groceries,58,98,31.95,68.20091808133495
2024-01-05,S001-P0016,Groceries,57,57,31.89,83.7577393855397
2024-01-06,S001-P0016,Groceries,88,255,35.68,72.19609481040958
2024-01-07,S001-P0016,Groceries,112,168,32.01,88.99119953893018
2024-01-08,S001-P0016,Groceries,76,82,28.38,95.68684734301449
2024-01-09,S001-P0016,Groceries,96,275,32.43,132.9676687787846
2024-01-10,S001-P0016,Groceries,112,181,32.07,132.61499018127395
2024-01-11,S001-P0016,Groceries,88,66,35.58,102.1092175085683
2024-01-12,S001-P0016,Groceries,66,275,32.92,112.44852539968379
2024-01-13,S001-P0016,Groceries,166,235,40.44,161.96218742594436
2024-01-14,S001-P0016,Groceries,172,92,38.15,133.18487410691628
2024-01-15,S001-P0016,Groceries,236,0,48.07,150.2271957548437
2024-01-16,S001-P0016,Groceries,110,485,34.27,133.8414308824901
2024-01-17,S001-P0016,Groceries,110,358,40.4,112.52710296164209
2024-01-18,S001-P0016,Groceries,171,835,45.68,161.27909324674442
2024-01-19,S001-P0016,Groceries,115,724,41.02,102.45011111159126
2024-01-20,S001-P0016,Groceries,191,647,48.23,124.67067999391419
2024-01-21,S001-P0016,Groceries,130,473,42.92,111.69194263396594
2024-01-22,S001-P0016,Groceries,159,376,44.28,123.2235141951624
2024-01-23,S001-P0016,Groceries,115,220,34.5,133.118109819844
2024-01-24,S001-P0016,Groceries,146,98,44.96,110.9168553636531
2024-01-25,S001-P0016,Groceries,156,392,48.63,122.58965652416056
2024-01-26,S001-P0016,Groceries,113,206,42.88,107.95431629700946
2024-01-27,S001-P0016,Groceries,62,522,34.24,98.3368493931512
2024-01-28,S001-P0016,Groceries,140,466,46.54,107.8554026915572
2024-01-29,S001-P0016,Groceries,99,303,37.05,108.4488469281587
2024-01-30,S001-P0016,Groceries,90,225,35.9,97.75539983061482
2023-10-03,S001-P0017,Toys,85,130,21.97,97.98887220822867
2023-10-04,S001-P0017,Toys,77,31,19.22,98.7859640250464
2023-10-05,S001-P0017,Toys,77,78,20.31,86.54498081412558
2023-10-06,S001-P0017,Toys,72,109,22.09,100.81810061420784
2023-10-07,S001-P0017,Toys,24,62,17.34,28.674555336732357
2023-10-08,S001-P0017,Toys,41,38,15.83,39.78757672626235
2023-10-09,S001-P0017,Toys,13,50,15.69,31.2053367738952
2023-10-10,S001-P0017,Toys,38,39,15.65,35.12040776253102
2023-10-11,S001-P0017,Toys,17,66,16.86,35.11070346692014
2023-10-12,S001-P0017,Toys,59,45,16.99,35.7663550583028
2023-10-13,S001-P0017,Toys,51,57,18.46,27.477540481097932
2023-10-14,S001-P0017,Toys,14,76,16.6,28.542093728576724
2023-10-15,S001-P0017,Toys,34,65,19.11,28.515887398847877
2023-10-16,S001-P0017,Toys,8,87,16.18,28.920062609622136
2023-10-17,S001-P0017,Toys,45,78,15.16,43.28712117131745
2023-10-18,S001-P0017,Toys,42,98,15.01,35.56758177017258
2023-10-19,S001-P0017,Toys,4,72,15.03,44.43197674346426
2023-10-20,S001-P0017,Toys,18,67,14.36,44.24600321322743
2023-10-21,S001-P0017,Toys,49,47,20.24,34.83248227375864
2023-10-22,S001-P0017,Toys,60,50,18.07,31.639563272326626
2023-10-23,S001-P0017,Toys,35,59,19.13,31.53540867776894
2023-10-24,S001-P0017,Toys,69,70,19.66,34.01228716017125
2023-10-25,S001-P0017,Toys,89,77,20.05,97.07881144660375
2023-10-26,S001-P0017,Toys,116,95,19.46,126.2154646830632
2023-10-27,S001-P0017,Toys,124,98,26.3,103.59688907579286
2023-10-28,S001-P0017,Toys,111,129,21.6,136.76880293774275
2023-10-29,S001-P0017,Toys,62,132,20.26,104.85412089069445
2023-10-30,S001-P0017,Toys,86,68,22.09,88.39540024315454
2023-10-31,S001-P0017,Toys,100,84,21.88,86.63964500324619
2023-11-01,S001-P0017,Toys,42,89,19.76,86.76879570634449
2023-11-02,S001-P0017,Toys,110,63,20.31,136.0749854725385
2023-11-03,S001-P0017,Toys,71,119,20.91,86.9633011260105
2023-11-04,S001-P0017,Toys,102,67,19.59,110.82054683072133
2023-11-05,S001-P0017,Toys,83,95,19.66,87.82754429571183
2023-11-06,S001-P0017,Toys,85,119,21.96,88.5330918501676
2023-11-07,S001-P0017,Toys,97,143,17.2,110.5909831970749
2023-11-08,S001-P0017,Toys,141,55,20.98,137.16443229690336
2023-11-09,S001-P0017,Toys,53,156,16.47,111.63894512357804
2023-11-10,S001-P0017,Toys,46,96,19.04,86.13554192935254
2023-11-11,S001-P0017,Toys,103,64,23.34,86.77301141619441
2023-11-12,S001-P0017,Toys,93,90,23.8,87.22364484154348
2023-11-13,S001-P0017,Toys,104,113,23.4,96.94611447623737
2023-11-14,S001-P0017,Toys,126,100,22.58,112.69152512881291
2023-11-15,S001-P0017,Toys,160,101,22.15,111.26749431629845
2023-11-16,S001-P0017,Toys,40,172,16.74,93.99790614119323
2023-11-17,S001-P0017,Toys,87,143,22.17,88.08246764357855
2023-11-18,S001-P0017,Toys,77,66,20.26,86.96635629975376
2023-11-19,S001-P0017,Toys,85,75,23.13,101.94894436547195
2023-11-20,S001-P0017,Toys,60,85,19.07,86.73918023307124
2023-11-21,S001-P0017,Toys,122,94,22.34,100.80309909585115
2023-11-22,S001-P0017,Toys,84,129,18.66,126.73562351542806
2023-11-23,S001-P0017,Toys,71,74,15.71,112.70295485986776
2023-11-24,S001-P0017,Toys,144,80,26.49,93.29074198419964
2023-11-25,S001-P0017,Toys,90,167,23.56,86.63360076390912
2023-11-26,S001-P0017,Toys,120,74,22.05,129.62455062332066
2023-11-27,S001-P0017,Toys,37,134,17.4,100.38897271721196
2023-11-28,S001-P0017,Toys,124,100,26.24,85.36579969206629
2023-11-29,S001-P0017,Toys,99,172,20.76,100.23339536986343
2023-11-30,S001-P0017,Toys,144,107,23.83,91.50552950950627
2023-12-01,S001-P0017,Toys,101,177,21.97,99.70448572351715
2023-12-02,S001-P0017,Toys,48,97,20.22,96.94388739972992
2023-12-03,S001-P0017,Toys,126,51,26.47,96.94388739972992
2023-12-04,S001-P0017,Toys,20,102,15.38,97.5488116089792
2023-12-05,S001-P0017,Toys,86,88,20.92,96.78958932462649
2023-12-06,S001-P0017,Toys,161,114,22.2,135.50154978703387
2023-12-07,S001-P0017,Toys,73,174,18.96,95.43559997926009
2023-12-08,S001-P0017,Toys,123,98,18.64,128.46025140347896
2023-12-09,S001-P0017,Toys,77,128,20.31,86.40261517285826
2023-12-10,S001-P0017,Toys,133,53,23.11,86.91538430215684
2023-12-11,S001-P0017,Toys,136,151,23.3,111.89280970942414
2023-12-12,S001-P0017,Toys,194,216,27.25,131.48813787699316
2023-12-13,S001-P0017,Toys,96,314,24.06,102.79613269543167
2023-12-14,S001-P0017,Toys,107,226,23.68,101.26686117846292
2023-12-15,S001-P0017,Toys,111,117,18.0,112.7401386124257
2023-12-16,S001-P0017,Toys,130,139,19.08,127.88961965920751
2023-12-17,S001-P0017,Toys,114,152,24.19,97.18584571218
2023-12-18,S001-P0017,Toys,65,30,21.56,99.1257680332188
2023-12-19,S001-P0017,Toys,122,64,23.49,102.70185937143516
2023-12-20,S001-P0017,Toys,137,141,23.23,111.23020326401637
2023-12-21,S001-P0017,Toys,84,195,19.71,101.81741847563443
2023-12-22,S001-P0017,Toys,140,98,20.93,136.30081273889667
2023-12-23,S001-P0017,Toys,82,161,22.89,87.24117783848777
2023-12-24,S001-P0017,Toys,154,66,20.45,136.39686370488508
2023-12-25,S001-P0017,Toys,86,164,23.25,89.00582932203372
2023-12-26,S001-P0017,Toys,114,65,22.91,86.06667748860323
2023-12-27,S001-P0017,Toys,18,119,13.36,35.10417192901335
2023-12-28,S001-P0017,Toys,63,101,21.36,32.65077967378167
2023-12-29,S001-P0017,Toys,34,52,17.24,28.773038640414338
2023-12-30,S001-P0017,Toys,24,75,16.46,27.335049975072106
2023-12-31,S001-P0017,Toys,34,57,18.15,29.55442165064979
2024-01-01,S001-P0017,Toys,13,69,16.52,29.486902184080893
2024-01-02,S001-P0017,Toys,31,55,16.98,29.190659650715972
2024-01-03,S001-P0017,Toys,34,82,17.19,29.536063429629873
2024-01-04,S001-P0017,Toys,5,50,15.96,27.03273497017319
2024-01-05,S001-P0017,Toys,9,47,12.83,46.858420903498846
2024-01-06,S001-P0017,Toys,11,39,17.21,29.744080792383652
2024-01-07,S001-P0017,Toys,18,82,16.06,27.55264955214845
2024-01-08,S001-P0017,Toys,28,60,14.91,38.72565898422181
2024-01-09,S001-P0017,Toys,99,77,23.05,85.53703880257154
2024-01-10,S001-P0017,Toys,66,133,15.41,111.63600319913333
2024-01-11,S001-P0017,Toys,56,56,18.77,87.93929575212778
2024-01-12,S001-P0017,Toys,113,82,24.15,96.38768613974779
2024-01-13,S001-P0017,Toys,167,122,26.73,132.7821712441424
2024-01-14,S001-P0017,Toys,33,172,17.12,87.74365002586882
2024-01-15,S001-P0017,Toys,100,135,20.82,99.69964525469703
2024-01-16,S001-P0017,Toys,81,121,20.63,86.61134017529655
2024-01-17,S001-P0017,Toys,123,61,24.92,97.8800416950554
2024-01-18,S001-P0017,Toys,147,120,28.09,102.07324977979653
2024-01-19,S001-P0017,Toys,80,166,20.53,88.40767717464075
2024-01-20,S001-P0017,Toys,209,100,29.79,131.92120276049488
2024-01-21,S001-P0017,Toys,103,246,19.86,128.29829322338207
2024-01-22,S001-P0017,Toys,226,182,29.27,130.87080193130893
2024-01-23,S001-P0017,Toys,100,193,24.35,85.10552390319474
2024-01-24,S001-P0017,Toys,100,122,19.65,128.73141861248556
2024-01-25,S001-P0017,Toys,100,155,23.1,99.57665091004523
2024-01-26,S001-P0017,Toys,77,49,21.4,94.82854531834437
2024-01-27,S001-P0017,Toys,131,82,21.66,111.05727824223922
2024-01-28,S001-P0017,Toys,144,105,20.91,128.10946393412013
2024-01-29,S001-P0017,Toys,108,143,22.57,96.79292919532777
2024-01-30,S001-P0017,Toys,80,186,21.59,85.20754437661748
2023-10-03,S001-P0018,Groceries,158,205,76.64,117.62271088874725
2023-10-04,S001-P0018,Groceries,128,186,63.42,118.38275510177402
2023-10-05,S001-P0018,Groceries,78,165,51.16,128.74787125572612
2023-10-06,S001-P0018,Groceries,177,165,72.49,121.25113470917465
2023-10-07,S001-P0018,Groceries,81,209,51.34,94.48737899099655
2023-10-08,S001-P0018,Groceries,64,159,45.86,102.74349675402884
2023-10-09,S001-P0018,Groceries,101,146,58.29,81.59344198808853
2023-10-10,S001-P0018,Groceries,28,149,46.8,72.93221947061797
2023-10-11,S001-P0018,Groceries,80,126,57.1,92.68653902694709
2023-10-12,S001-P0018,Groceries,99,99,51.78,94.53691083074149
2023-10-13,S001-P0018,Groceries,163,97,62.73,94.02904983584789
2023-10-14,S001-P0018,Groceries,106,167,59.29,73.84119966901777
2023-10-15,S001-P0018,Groceries,83,139,51.93,94.35020923562756
2023-10-16,S001-P0018,Groceries,98,159,57.65,74.07938683954951
2023-10-17,S001-P0018,Groceries,141,209,65.79,90.44505094871684
2023-10-18,S001-P0018,Groceries,125,224,69.62,73.27925412681067
2023-10-19,S001-P0018,Groceries,148,112,63.3,114.82806614346498
2023-10-20,S001-P0018,Groceries,129,141,63.46,114.95041017903114
2023-10-21,S001-P0018,Groceries,33,154,47.79,91.4410451911308
2023-10-22,S001-P0018,Groceries,68,126,54.67,81.43445689882341
2023-10-23,S001-P0018,Groceries,40,125,46.61,81.52963367595372
2023-10-24,S001-P0018,Groceries,93,129,59.8,72.47518692901134
2023-10-25,S001-P0018,Groceries,117,144,58.06,114.63885295311178
2023-10-26,S001-P0018,Groceries,80,170,57.1,112.92970854237268
2023-10-27,S001-P0018,Groceries,62,153,56.4,125.54033483927607
2023-10-28,S001-P0018,Groceries,155,160,57.08,166.04541496513076
2023-10-29,S001-P0018,Groceries,103,198,64.94,127.63039126658411
2023-10-30,S001-P0018,Groceries,117,133,67.89,101.48208533471579
2023-10-31,S001-P0018,Groceries,100,109,55.12,99.39207182560932
2023-11-01,S001-P0018,Groceries,90,111,62.25,99.49098789316405
2023-11-02,S001-P0018,Groceries,167,105,63.38,166.11717258379863
2023-11-03,S001-P0018,Groceries,111,148,57.03,132.51069217474773
2023-11-04,S001-P0018,Groceries,37,147,45.96,99.64820643923126
2023-11-05,S001-P0018,Groceries,72,116,46.81,132.7750821036105
2023-11-06,S001-P0018,Groceries,75,137,59.18,100.38774987139503
2023-11-07,S001-P0018,Groceries,129,164,60.3,97.84972654910742
2023-11-08,S001-P0018,Groceries,210,158,70.81,165.80343115966565
2023-11-09,S001-P0018,Groceries,206,241,78.04,132.25226372743379
2023-11-10,S001-P0018,Groceries,85,306,58.12,99.92750752882186
2023-11-11,S001-P0018,Groceries,79,218,54.18,100.02994462805881
2023-11-12,S001-P0018,Groceries,150,124,60.02,132.89540673951848
2023-11-13,S001-P0018,Groceries,66,182,48.92,115.71822795460005
2023-11-14,S001-P0018,Groceries,95,106,60.23,98.97400564120491
2023-11-15,S001-P0018,Groceries,182,114,69.46,133.69346061111844
2023-11-16,S001-P0018,Groceries,88,174,61.75,113.96518380833619
2023-11-17,S001-P0018,Groceries,48,171,53.44,101.12655358909585
2023-11-18,S001-P0018,Groceries,112,116,63.63,99.60787146582177
2023-11-19,S001-P0018,Groceries,114,134,60.64,166.81563450084735
2023-11-20,S001-P0018,Groceries,117,114,67.93,100.34147479701124
2023-11-21,S001-P0018,Groceries,140,156,65.79,125.22945281148581
2023-11-22,S001-P0018,Groceries,195,166,71.73,151.88982216208856
2023-11-23,S001-P0018,Groceries,101,208,61.28,99.20716535571479
2023-11-24,S001-P0018,Groceries,135,120,64.59,116.18980542045321
2023-11-25,S001-P0018,Groceries,157,117,61.13,130.63431415999622
2023-11-26,S001-P0018,Groceries,102,183,55.37,127.43381494521934
2023-11-27,S001-P0018,Groceries,34,223,43.05,126.64922302817646
2023-11-28,S001-P0018,Groceries,118,194,58.38,99.16807263950302
2023-11-29,S001-P0018,Groceries,112,233,57.22,128.0472890482861
2023-11-30,S001-P0018,Groceries,89,131,58.94,112.54630155467834
2023-12-01,S001-P0018,Groceries,180,121,81.27,124.72067562215902
2023-12-02,S001-P0018,Groceries,115,146,54.02,146.45545650731165
2023-12-03,S001-P0018,Groceries,157,132,68.72,112.55992429364785
2023-12-04,S001-P0018,Groceries,108,152,62.81,113.12451272024907
2023-12-05,S001-P0018,Groceries,145,129,59.59,147.7749507308369
2023-12-06,S001-P0018,Groceries,100,129,61.13,126.95199349358879
2023-12-07,S001-P0018,Groceries,143,180,66.08,112.73073580227363
2023-12-08,S001-P0018,Groceries,86,169,55.29,112.80484899749828
2023-12-09,S001-P0018,Groceries,152,179,75.27,99.3577992755112
2023-12-10,S001-P0018,Groceries,177,154,72.66,132.67349831447336
2023-12-11,S001-P0018,Groceries,55,150,46.86,104.47503269378537
2023-12-12,S001-P0018,Groceries,161,100,66.12,128.31625696157485
2023-12-13,S001-P0018,Groceries,142,159,59.1,165.35778274806506
2023-12-14,S001-P0018,Groceries,140,169,65.5,128.53303754289004
2023-12-15,S001-P0018,Groceries,128,144,53.4,137.641519837012
2023-12-16,S001-P0018,Groceries,34,173,47.84,116.36220725485599
2023-12-17,S001-P0018,Groceries,94,138,54.04,150.91248414387894
2023-12-18,S001-P0018,Groceries,76,177,53.42,117.42341536496602
2023-12-19,S001-P0018,Groceries,134,115,60.76,165.18052082478206
2023-12-20,S001-P0018,Groceries,92,118,56.47,101.23891855739781
2023-12-21,S001-P0018,Groceries,112,148,60.28,166.2383441739314
2023-12-22,S001-P0018,Groceries,157,145,65.38,126.919514846205
2023-12-23,S001-P0018,Groceries,181,201,61.14,132.98483832882175
2023-12-24,S001-P0018,Groceries,132,202,67.51,127.03351939752349
2023-12-25,S001-P0018,Groceries,52,179,54.33,103.5101300809497
2023-12-26,S001-P0018,Groceries,120,148,61.95,98.9849729453897
2023-12-27,S001-P0018,Groceries,62,161,53.63,70.4713654979356
2023-12-28,S001-P0018,Groceries,121,89,58.89,116.46354617496256
2023-12-29,S001-P0018,Groceries,73,114,55.75,86.89031902410683
2023-12-30,S001-P0018,Groceries,56,115,55.07,67.94791837051403
2023-12-31,S001-P0018,Groceries,55,106,54.77,72.58654001563323
2024-01-01,S001-P0018,Groceries,101,108,52.08,94.15912259432488
2024-01-02,S001-P0018,Groceries,97,125,60.58,72.25619852974381
2024-01-03,S001-P0018,Groceries,78,112,53.79,71.85700716131927
2024-01-04,S001-P0018,Groceries,41,107,41.5,90.04938551219462
2024-01-05,S001-P0018,Groceries,105,114,55.55,112.0975260930679
2024-01-06,S001-P0018,Groceries,70,164,52.29,72.22632944595316
2024-01-07,S001-P0018,Groceries,56,173,52.39,67.9802967342402
2024-01-08,S001-P0018,Groceries,76,116,59.22,73.47379117608742
2024-01-09,S001-P0018,Groceries,103,113,58.69,98.6896458306785
2024-01-10,S001-P0018,Groceries,70,170,55.2,99.93585307622124
2024-01-11,S001-P0018,Groceries,125,114,52.89,135.03629977162382
2024-01-12,S001-P0018,Groceries,100,150,54.71,146.92283237802135
2024-01-13,S001-P0018,Groceries,87,164,58.51,126.60242007777063
2024-01-14,S001-P0018,Groceries,69,195,54.97,101.05645350581504
2024-01-15,S001-P0018,Groceries,80,153,60.13,115.80402413153183
2024-01-16,S001-P0018,Groceries,103,182,58.56,100.4669160701454
2024-01-17,S001-P0018,Groceries,148,210,67.19,112.59204510322881
2024-01-18,S001-P0018,Groceries,151,183,75.25,125.09845019242425
2024-01-19,S001-P0018,Groceries,120,237,55.32,136.5890905898371
2024-01-20,S001-P0018,Groceries,167,106,70.86,124.67067999391419
2024-01-21,S001-P0018,Groceries,132,157,64.26,111.69194263396594
2024-01-22,S001-P0018,Groceries,132,183,50.75,157.03597588222027
2024-01-23,S001-P0018,Groceries,123,173,65.81,98.00594371231657
2024-01-24,S001-P0018,Groceries,145,177,70.14,110.85191322206637
2024-01-25,S001-P0018,Groceries,189,143,83.27,122.58965652416056
2024-01-26,S001-P0018,Groceries,116,208,51.53,146.41121401843816
2024-01-27,S001-P0018,Groceries,156,230,57.94,132.8318767246485
2024-01-28,S001-P0018,Groceries,245,248,80.7,146.08354148935197
2024-01-29,S001-P0018,Groceries,103,209,58.58,108.4488469281587
2024-01-30,S001-P0018,Groceries,70,130,52.32,98.20357264035216
2023-10-03,S001-P0019,Furniture,108,125,133.05,75.52156845150085
2023-10-04,S001-P0019,Furniture,98,144,128.73,76.13548721808954
2023-10-05,S001-P0019,Furniture,78,135,108.53,67.8225270141733
2023-10-06,S001-P0019,Furniture,98,47,116.03,75.76248366410702
2023-10-07,S001-P0019,Furniture,38,80,77.32,38.47227025076426
2023-10-08,S001-P0019,Furniture,40,107,88.97,44.051101999246335
2023-10-09,S001-P0019,Furniture,51,80,86.9,44.58884669040261
2023-10-10,S001-P0019,Furniture,28,91,94.05,32.22904245077116
2023-10-11,S001-P0019,Furniture,36,71,92.18,39.37409602439654
2023-10-12,S001-P0019,Furniture,40,82,89.13,39.61236977028799
2023-10-13,S001-P0019,Furniture,23,102,77.55,39.885151321929776
2023-10-14,S001-P0019,Furniture,46,87,91.31,33.11657389167203
2023-10-15,S001-P0019,Furniture,46,108,106.84,32.709066778090865
2023-10-16,S001-P0019,Furniture,18,73,90.15,33.245703597020764
2023-10-17,S001-P0019,Furniture,28,51,79.04,49.295685822974626
2023-10-18,S001-P0019,Furniture,46,82,91.05,32.236382978670264
2023-10-19,S001-P0019,Furniture,60,81,96.21,50.5829707568554
2023-10-20,S001-P0019,Furniture,35,89,91.9,38.676052386731726
2023-10-21,S001-P0019,Furniture,48,98,91.47,50.82961998322743
2023-10-22,S001-P0019,Furniture,16,104,84.64,36.32339623475253
2023-10-23,S001-P0019,Furniture,46,89,101.12,36.12148753808237
2023-10-24,S001-P0019,Furniture,24,99,83.08,31.79515270561279
2023-10-25,S001-P0019,Furniture,90,80,107.27,75.77100371539326
2023-10-26,S001-P0019,Furniture,88,82,105.78,97.47008243879955
2023-10-27,S001-P0019,Furniture,79,100,103.23,84.10978807124346
2023-10-28,S001-P0019,Furniture,130,97,120.84,109.30509898698631
2023-10-29,S001-P0019,Furniture,83,144,104.74,84.57898662998672
2023-10-30,S001-P0019,Furniture,65,60,98.04,69.49509519653078
2023-10-31,S001-P0019,Furniture,42,63,99.52,67.73994115083084
2023-11-01,S001-P0019,Furniture,124,70,119.55,89.94266758413598
2023-11-02,S001-P0019,Furniture,131,103,101.82,109.00248945636471
2023-11-03,S001-P0019,Furniture,51,133,103.3,68.61188305522293
2023-11-04,S001-P0019,Furniture,69,87,83.03,89.60841219062014
2023-11-05,S001-P0019,Furniture,104,119,118.58,69.04112988571818
2023-11-06,S001-P0019,Furniture,75,161,113.01,69.45161111986067
2023-11-07,S001-P0019,Furniture,86,99,117.6,67.54324641963893
2023-11-08,S001-P0019,Furniture,85,107,105.22,83.41375409981242
2023-11-09,S001-P0019,Furniture,24,123,92.39,67.41483970235512
2023-11-10,S001-P0019,Furniture,83,107,98.73,89.72916673246773
2023-11-11,S001-P0019,Furniture,41,94,94.06,68.48018669266673
2023-11-12,S001-P0019,Furniture,71,110,105.43,68.9308201180158
2023-11-13,S001-P0019,Furniture,98,91,122.37,75.75410011290188
2023-11-14,S001-P0019,Furniture,79,115,109.08,67.63084255972784
2023-11-15,S001-P0019,Furniture,74,129,90.04,90.38538802254948
2023-11-16,S001-P0019,Furniture,30,50,99.86,74.12336682598556
2023-11-17,S001-P0019,Furniture,55,82,110.51,69.99959066432405
2023-11-18,S001-P0019,Furniture,85,86,98.58,90.54387598952722
2023-11-19,S001-P0019,Furniture,68,96,115.96,83.32727773013762
2023-11-20,S001-P0019,Furniture,88,122,111.99,68.07941852671202
2023-11-21,S001-P0019,Furniture,83,157,97.99,111.0062266339578
2023-11-22,S001-P0019,Furniture,133,105,122.84,99.92199652920614
2023-11-23,S001-P0019,Furniture,74,153,112.82,66.67068524455529
2023-11-24,S001-P0019,Furniture,60,108,112.77,73.91783026953847
2023-11-25,S001-P0019,Furniture,22,129,86.99,67.65517481042887
2023-11-26,S001-P0019,Furniture,126,109,119.46,103.38813156067997
2023-11-27,S001-P0019,Furniture,167,149,127.5,103.38840200367801
2023-11-28,S001-P0019,Furniture,66,187,98.28,66.85883932363717
2023-11-29,S001-P0019,Furniture,139,147,131.8,81.9793434878764
2023-11-30,S001-P0019,Furniture,71,174,111.32,72.14324349757538
2023-12-01,S001-P0019,Furniture,91,124,125.9,79.87156425715065
2023-12-02,S001-P0019,Furniture,106,119,118.86,95.465548552383
2023-12-03,S001-P0019,Furniture,161,95,132.28,95.03721287441194
2023-12-04,S001-P0019,Furniture,60,180,112.38,74.27636078236544
2023-12-05,S001-P0019,Furniture,71,111,111.38,73.71432382419549
2023-12-06,S001-P0019,Furniture,93,112,114.0,107.85301296488436
2023-12-07,S001-P0019,Furniture,107,113,126.02,72.8614877099988
2023-12-08,S001-P0019,Furniture,71,113,105.81,73.17311603408919
2023-12-09,S001-P0019,Furniture,59,135,106.71,66.73313526414752
2023-12-10,S001-P0019,Furniture,108,64,113.79,67.21400332504017
2023-12-11,S001-P0019,Furniture,45,100,90.95,67.29223947526805
2023-12-12,S001-P0019,Furniture,100,61,103.82,106.2613054343635
2023-12-13,S001-P0019,Furniture,172,118,129.52,106.85350464476097
2023-12-14,S001-P0019,Furniture,63,138,108.2,83.90989882149228
2023-12-15,S001-P0019,Furniture,84,92,110.38,69.63452734982712
2023-12-16,S001-P0019,Furniture,41,92,93.93,76.4362540375999
2023-12-17,S001-P0019,Furniture,64,97,91.59,97.63377606870901
2023-12-18,S001-P0019,Furniture,95,81,108.88,96.16884905441827
2023-12-19,S001-P0019,Furniture,108,113,132.96,83.90959469630879
2023-12-20,S001-P0019,Furniture,62,107,113.42,67.94307526308097
2023-12-21,S001-P0019,Furniture,108,121,106.38,107.99881985627206
2023-12-22,S001-P0019,Furniture,17,143,85.04,81.99393722227457
2023-12-23,S001-P0019,Furniture,98,123,104.08,88.38176681614715
2023-12-24,S001-P0019,Furniture,76,96,107.44,83.25911868823289
2023-12-25,S001-P0019,Furniture,74,103,118.6,68.08825592107233
2023-12-26,S001-P0019,Furniture,58,98,111.58,66.37060988491342
2023-12-27,S001-P0019,Furniture,47,87,91.36,38.536930815653186
2023-12-28,S001-P0019,Furniture,28,87,94.09,38.3543881771489
2023-12-29,S001-P0019,Furniture,28,65,93.94,35.9233333317848
2023-12-30,S001-P0019,Furniture,49,98,97.43,31.16414292937794
2023-12-31,S001-P0019,Furniture,47,104,91.36,34.194572664361274
2024-01-01,S001-P0019,Furniture,6,55,89.76,34.13784398952461
2024-01-02,S001-P0019,Furniture,30,99,85.26,33.97647530029555
2024-01-03,S001-P0019,Furniture,29,63,89.61,34.1264660532711
2024-01-04,S001-P0019,Furniture,38,92,88.41,30.699911669704562
2024-01-05,S001-P0019,Furniture,41,105,84.5,50.59130129472187
2024-01-06,S001-P0019,Furniture,28,80,98.97,34.20814258579897
2024-01-07,S001-P0019,Furniture,36,105,87.64,37.27959917692365
2024-01-08,S001-P0019,Furniture,33,75,86.52,40.92692286687643
2024-01-09,S001-P0019,Furniture,51,103,92.48,88.18957081645993
2024-01-10,S001-P0019,Furniture,34,120,96.51,67.01338612277829
2024-01-11,S001-P0019,Furniture,56,98,99.72,68.11202013629878
2024-01-12,S001-P0019,Furniture,123,94,125.45,73.89487570794464
2024-01-13,S001-P0019,Furniture,120,120,103.51,105.05075933008851
2024-01-14,S001-P0019,Furniture,60,149,112.38,68.32805669035753
2024-01-15,S001-P0019,Furniture,35,96,91.89,74.43416179537117
2024-01-16,S001-P0019,Furniture,54,59,94.06,67.71385135207171
2024-01-17,S001-P0019,Furniture,100,60,117.15,74.74037228331864
2024-01-18,S001-P0019,Furniture,96,102,95.96,103.94601315400678
2024-01-19,S001-P0019,Furniture,58,84,100.6,68.40824288365059
2024-01-20,S001-P0019,Furniture,72,83,111.87,82.20241519853363
2024-01-21,S001-P0019,Furniture,64,88,97.54,73.82695868704668
2024-01-22,S001-P0019,Furniture,71,90,94.76,102.00123632990311
2024-01-23,S001-P0019,Furniture,53,71,99.06,65.9373776294189
2024-01-24,S001-P0019,Furniture,153,93,108.33,95.52596458080274
2024-01-25,S001-P0019,Furniture,115,150,109.81,100.91590526470688
2024-01-26,S001-P0019,Furniture,153,146,122.74,94.69937040745523
2024-01-27,S001-P0019,Furniture,77,130,119.78,66.77869616607485
2024-01-28,S001-P0019,Furniture,80,114,109.37,73.4266312482672
2024-01-29,S001-P0019,Furniture,105,97,131.71,73.92643221374968
2024-01-30,S001-P0019,Furniture,61,110,96.8,66.48757091257899
2023-10-03,S001-P0020,Furniture,87,266,124.42,75.58651059308758
2023-10-04,S001-P0020,Furniture,52,195,109.4,76.13548721808954
2023-10-05,S001-P0020,Furniture,83,159,104.38,89.79957614731664
2023-10-06,S001-P0020,Furniture,140,71,124.9,96.64933002964597
2023-10-07,S001-P0020,Furniture,50,362,108.56,33.21880086428409
2023-10-08,S001-P0020,Furniture,25,316,92.88,36.26723948581143
2023-10-09,S001-P0020,Furniture,40,292,104.58,36.06457798290193
2023-10-10,S001-P0020,Furniture,33,898,101.55,32.22904245077116
2023-10-11,S001-P0020,Furniture,21,877,91.53,39.43441987863934
2023-10-12,S001-P0020,Furniture,36,859,102.91,32.0664354011749
2023-10-13,S001-P0020,Furniture,44,835,83.69,39.885151321929776
2023-10-14,S001-P0020,Furniture,32,802,100.96,33.21880086428409
2023-10-15,S001-P0020,Furniture,32,765,96.12,32.57660516993523
2023-10-16,S001-P0020,Furniture,25,734,77.48,39.970808701398774
2023-10-17,S001-P0020,Furniture,34,711,91.71,38.56774010011832
2023-10-18,S001-P0020,Furniture,28,672,78.43,39.59454894118252
2023-10-19,S001-P0020,Furniture,22,641,101.9,38.444963617493755
2023-10-20,S001-P0020,Furniture,23,617,87.38,38.800300528137285
2023-10-21,S001-P0020,Furniture,37,592,87.6,50.82961998322743
2023-10-22,S001-P0020,Furniture,35,557,92.0,36.32339623475253
2023-10-23,S001-P0020,Furniture,69,530,99.33,43.42171734789923
2023-10-24,S001-P0020,Furniture,24,455,102.68,31.764918070069214
2023-10-25,S001-P0020,Furniture,80,429,108.68,92.22868635415509
2023-10-26,S001-P0020,Furniture,139,338,131.42,97.47008243879955
2023-10-27,S001-P0020,Furniture,73,224,93.73,108.95929160261377
2023-10-28,S001-P0020,Furniture,60,176,118.72,84.47346812468902
2023-10-29,S001-P0020,Furniture,51,133,114.84,84.52225795515007
2023-10-30,S001-P0020,Furniture,65,598,108.95,69.49509519653078
2023-10-31,S001-P0020,Furniture,79,524,121.17,67.73994115083084
2023-11-01,S001-P0020,Furniture,79,459,109.01,68.39666966071417
2023-11-02,S001-P0020,Furniture,48,406,102.19,108.654479375533
2023-11-03,S001-P0020,Furniture,110,374,113.15,90.82717193029018
2023-11-04,S001-P0020,Furniture,59,283,107.04,69.08090575494388
2023-11-05,S001-P0020,Furniture,65,224,115.19,69.04112988571818
2023-11-06,S001-P0020,Furniture,71,173,123.92,69.58407272801631
2023-11-07,S001-P0020,Furniture,76,482,119.67,67.54324641963893
2023-11-08,S001-P0020,Furniture,42,414,105.16,83.28950595840686
2023-11-09,S001-P0020,Furniture,18,377,95.09,67.51192132659723
2023-11-10,S001-P0020,Furniture,100,365,109.45,90.53048327319657
2023-11-11,S001-P0020,Furniture,58,278,101.06,68.48018669266673
2023-11-12,S001-P0020,Furniture,58,242,118.19,69.03304709062786
2023-11-13,S001-P0020,Furniture,57,193,117.52,75.82161957947079
2023-11-14,S001-P0020,Furniture,103,473,131.17,67.63084255972784
2023-11-15,S001-P0020,Furniture,121,402,118.29,90.05548008316484
2023-11-16,S001-P0020,Furniture,75,302,113.02,74.31255710897784
2023-11-17,S001-P0020,Furniture,45,240,90.5,91.06280650710707
2023-11-18,S001-P0020,Furniture,52,672,98.73,68.89426832832842
2023-11-19,S001-P0020,Furniture,102,625,117.7,83.38400640497427
2023-11-20,S001-P0020,Furniture,35,542,102.3,68.04918389116844
2023-11-21,S001-P0020,Furniture,65,506,90.99,110.34497492674362
2023-11-22,S001-P0020,Furniture,85,462,130.25,71.8662798749823
2023-11-23,S001-P0020,Furniture,25,390,93.05,66.60383825585676
2023-11-24,S001-P0020,Furniture,54,366,104.66,73.97455894437512
2023-11-25,S001-P0020,Furniture,68,319,104.69,86.68933619833986
2023-11-26,S001-P0020,Furniture,119,238,124.45,103.38813156067997
2023-11-27,S001-P0020,Furniture,67,134,98.68,103.38840200367801
2023-11-28,S001-P0020,Furniture,67,53,86.92,85.0171172045321
2023-11-29,S001-P0020,Furniture,89,263,125.45,81.91440134628968
2023-11-30,S001-P0020,Furniture,56,673,111.29,72.14324349757538
2023-12-01,S001-P0020,Furniture,98,634,122.33,79.9282929319873
2023-12-02,S001-P0020,Furniture,140,519,116.16,94.58618243784755
2023-12-03,S001-P0020,Furniture,70,393,123.52,73.79047672999972
2023-12-04,S001-P0020,Furniture,72,317,88.5,95.3506858955687
2023-12-05,S001-P0020,Furniture,110,245,106.05,95.39378788913349
2023-12-06,S001-P0020,Furniture,68,726,110.24,107.85301296488436
2023-12-07,S001-P0020,Furniture,83,654,129.47,72.79654556841207
2023-12-08,S001-P0020,Furniture,68,592,99.01,95.74234875218757
2023-12-09,S001-P0020,Furniture,61,529,89.48,87.46422538498994
2023-12-10,S001-P0020,Furniture,52,487,115.12,67.31623029765223
2023-12-11,S001-P0020,Furniture,105,440,105.62,87.30037483870566
2023-12-12,S001-P0020,Furniture,65,325,108.99,85.11384765751808
2023-12-13,S001-P0020,Furniture,124,277,140.46,84.71275213551436
2023-12-14,S001-P0020,Furniture,72,146,117.89,83.90989882149228
2023-12-15,S001-P0020,Furniture,64,539,108.82,69.60429271428355
2023-12-16,S001-P0020,Furniture,123,483,132.79,76.31200589619434
2023-12-17,S001-P0020,Furniture,75,362,107.37,76.4362540375999
2023-12-18,S001-P0020,Furniture,67,275,98.74,96.16884905441827
2023-12-19,S001-P0020,Furniture,96,219,128.5,83.97453683789551
2023-12-20,S001-P0020,Furniture,79,629,121.14,67.94307526308097
2023-12-21,S001-P0020,Furniture,65,548,103.49,82.85090812249308
2023-12-22,S001-P0020,Furniture,110,505,120.89,106.19428200716796
2023-12-23,S001-P0020,Furniture,94,394,120.86,88.38176681614715
2023-12-24,S001-P0020,Furniture,61,329,119.42,83.20239001339624
2023-12-25,S001-P0020,Furniture,89,279,112.78,67.98602894846027
2023-12-26,S001-P0020,Furniture,74,173,125.32,66.37060988491342
2023-12-27,S001-P0020,Furniture,45,506,106.67,30.412527500575404
2023-12-28,S001-P0020,Furniture,26,460,93.51,38.41933031873564
2023-12-29,S001-P0020,Furniture,37,441,92.84,34.43357839381107
2023-12-30,S001-P0020,Furniture,15,408,93.79,31.16414292937794
2023-12-31,S001-P0020,Furniture,27,390,104.13,34.13784398952461
2024-01-01,S001-P0020,Furniture,25,372,88.2,34.194572664361274
2024-01-02,S001-P0020,Furniture,38,354,93.1,39.612240255153715
2024-01-03,S001-P0020,Furniture,28,330,89.49,33.972128693166326
2024-01-04,S001-P0020,Furniture,18,308,100.14,30.766758658403102
2024-01-05,S001-P0020,Furniture,65,287,109.22,50.59130129472187
2024-01-06,S001-P0020,Furniture,25,226,88.4,40.85429472493796
2024-01-07,S001-P0020,Furniture,15,199,88.76,31.04766757651864
2024-01-08,S001-P0020,Furniture,37,186,81.49,39.91968623175604
2024-01-09,S001-P0020,Furniture,59,412,112.55,65.97758186507247
2024-01-10,S001-P0020,Furniture,65,343,109.33,66.91630449853618
2024-01-11,S001-P0020,Furniture,109,271,127.09,68.0817855007552
2024-01-12,S001-P0020,Furniture,73,194,112.42,73.86464107240106
2024-01-13,S001-P0020,Furniture,47,112,112.99,83.7016897223359
2024-01-14,S001-P0020,Furniture,77,77,101.42,88.07091880663323
2024-01-15,S001-P0020,Furniture,64,484,114.76,74.4714466263965
2024-01-16,S001-P0020,Furniture,69,444,110.59,67.71385135207171
2024-01-17,S001-P0020,Furniture,71,364,111.29,74.77060691886221
2024-01-18,S001-P0020,Furniture,119,283,108.93,103.94601315400678
2024-01-19,S001-P0020,Furniture,65,147,115.18,68.51046985626265
2024-01-20,S001-P0020,Furniture,66,79,109.61,82.20241519853363
2024-01-21,S001-P0020,Furniture,104,10,118.6,94.32064632401085
2024-01-22,S001-P0020,Furniture,54,452,99.32,102.00123632990311
2024-01-23,S001-P0020,Furniture,83,388,110.35,66.38555043915625
2024-01-24,S001-P0020,Furniture,82,303,115.98,95.04365493847006
2024-01-25,S001-P0020,Furniture,48,724,102.4,80.24948071352155
2024-01-26,S001-P0020,Furniture,69,672,116.87,72.48822821895756
2024-01-27,S001-P0020,Furniture,79,624,120.96,66.64623455791921
2024-01-28,S001-P0020,Furniture,103,534,98.47,94.45699772721355
2024-01-29,S001-P0020,Furniture,72,416,118.04,73.85891274718077
2024-01-30,S001-P0020,Furniture,73,333,112.5,66.03939810284164
2023-10-03,S002-P0001,Groceries,76,187,79.05,101.06714466719976
2023-10-04,S002-P0001,Groceries,122,440,83.04,101.67958928864567
2023-10-05,S002-P0001,Groceries,97,295,76.56,138.0037026086064
2023-10-06,S002-P0001,Groceries,179,213,97.49,101.84288522058083
2023-10-07,S002-P0001,Groceries,55,392,62.51,74.10717721434662
2023-10-08,S002-P0001,Groceries,114,353,81.03,91.22272198111106
2023-10-09,S002-P0001,Groceries,53,720,62.03,101.9399042248599
2023-10-10,S002-P0001,Groceries,42,657,62.58,81.85409771908662
2023-10-11,S002-P0001,Groceries,46,631,63.54,73.10195872845476
2023-10-12,S002-P0001,Groceries,111,591,71.13,112.52510245905576
2023-10-13,S002-P0001,Groceries,65,478,76.06,73.3075273558524
2023-10-14,S002-P0001,Groceries,105,409,82.85,74.00244420879241
2023-10-15,S002-P0001,Groceries,53,333,72.65,81.54361601610367
2023-10-16,S002-P0001,Groceries,101,289,81.72,81.54361601610367
2023-10-17,S002-P0001,Groceries,132,213,67.52,92.32253905964026
2023-10-18,S002-P0001,Groceries,53,57,61.98,81.58561062727587
2023-10-19,S002-P0001,Groceries,118,370,77.73,93.71385034164973
2023-10-20,S002-P0001,Groceries,72,237,62.47,94.50548631309465
2023-10-21,S002-P0001,Groceries,102,172,86.33,81.7707204734711
2023-10-22,S002-P0001,Groceries,57,460,66.46,90.00084934933571
2023-10-23,S002-P0001,Groceries,138,414,72.36,108.89190513967344
2023-10-24,S002-P0001,Groceries,73,311,74.38,89.83876420379609
2023-10-25,S002-P0001,Groceries,86,260,69.68,131.9689338633882
2023-10-26,S002-P0001,Groceries,178,656,91.7,147.62824352135857
2023-10-27,S002-P0001,Groceries,131,467,85.21,113.5998435192286
2023-10-28,S002-P0001,Groceries,136,365,91.16,124.46793278079949
2023-10-29,S002-P0001,Groceries,90,212,79.03,114.08805266229521
2023-10-30,S002-P0001,Groceries,181,506,108.61,113.8888914838026
2023-10-31,S002-P0001,Groceries,164,309,98.77,99.47693738669508
2023-11-01,S002-P0001,Groceries,189,173,78.96,148.4063814453411
2023-11-02,S002-P0001,Groceries,220,468,113.83,123.5073350103959
2023-11-03,S002-P0001,Groceries,155,224,80.99,148.30018060454378
2023-11-04,S002-P0001,Groceries,127,557,84.35,98.75070765535978
2023-11-05,S002-P0001,Groceries,136,431,91.09,98.80370644443887
2023-11-06,S002-P0001,Groceries,73,276,70.43,99.87192382171278
2023-11-07,S002-P0001,Groceries,146,202,88.96,162.27648930327322
2023-11-08,S002-P0001,Groceries,115,462,72.65,131.8915717838508
2023-11-09,S002-P0001,Groceries,134,351,85.88,97.29603112739706
2023-11-10,S002-P0001,Groceries,174,243,101.33,112.59384712928386
2023-11-11,S002-P0001,Groceries,85,106,77.59,98.16967920966594
2023-11-12,S002-P0001,Groceries,213,397,106.06,162.62308780552814
2023-11-13,S002-P0001,Groceries,168,874,84.75,164.15434561494914
2023-11-14,S002-P0001,Groceries,109,744,75.55,113.28256903921711
2023-11-15,S002-P0001,Groceries,64,660,68.1,98.02611619913456
2023-11-16,S002-P0001,Groceries,147,614,89.15,134.25694821715734
2023-11-17,S002-P0001,Groceries,112,506,89.28,100.320165860474
2023-11-18,S002-P0001,Groceries,69,439,62.19,164.07441617637969
2023-11-19,S002-P0001,Groceries,123,386,78.94,113.31870455532514
2023-11-20,S002-P0001,Groceries,178,239,91.75,149.88439709538395
2023-11-21,S002-P0001,Groceries,104,54,74.48,95.41389184191738
2023-11-22,S002-P0001,Groceries,123,348,78.95,95.32656556701154
2023-11-23,S002-P0001,Groceries,141,654,87.91,111.51773086160674
2023-11-24,S002-P0001,Groceries,61,517,67.69,100.45738050478315
2023-11-25,S002-P0001,Groceries,78,457,71.63,98.85764618477886
2023-11-26,S002-P0001,Groceries,30,407,53.43,130.49268293063682
2023-11-27,S002-P0001,Groceries,74,387,74.69,124.09599438809173
2023-11-28,S002-P0001,Groceries,42,336,59.5,98.72310831900889
2023-11-29,S002-P0001,Groceries,112,310,84.83,98.57842391333745
2023-11-30,S002-P0001,Groceries,116,207,77.38,98.21824288487397
2023-12-01,S002-P0001,Groceries,121,135,91.79,110.50176525989846
2023-12-02,S002-P0001,Groceries,151,447,80.14,145.88687887152923
2023-12-03,S002-P0001,Groceries,116,301,81.29,99.05881477109561
2023-12-04,S002-P0001,Groceries,145,230,88.66,161.15691499948778
2023-12-05,S002-P0001,Groceries,113,628,85.0,124.76130068633465
2023-12-06,S002-P0001,Groceries,143,528,93.09,125.12650766669888
2023-12-07,S002-P0001,Groceries,161,425,97.93,124.53718802183111
2023-12-08,S002-P0001,Groceries,116,280,77.39,133.11590982235404
2023-12-09,S002-P0001,Groceries,113,180,89.56,124.72627426200548
2023-12-10,S002-P0001,Groceries,198,655,85.06,146.3195286787296
2023-12-11,S002-P0001,Groceries,69,497,65.89,104.28936985329966
2023-12-12,S002-P0001,Groceries,101,433,73.56,134.23491933926803
2023-12-13,S002-P0001,Groceries,158,907,92.37,124.98147148214488
2023-12-14,S002-P0001,Groceries,164,745,98.73,123.77234208253878
2023-12-15,S002-P0001,Groceries,182,636,97.96,160.0495953518185
2023-12-16,S002-P0001,Groceries,83,444,73.09,101.10983933488497
2023-12-17,S002-P0001,Groceries,53,347,62.1,101.79311308305978
2023-12-18,S002-P0001,Groceries,138,304,87.08,126.87356319788715
2023-12-19,S002-P0001,Groceries,67,176,76.61,112.79849130185933
2023-12-20,S002-P0001,Groceries,140,125,92.36,99.39444077964296
2023-12-21,S002-P0001,Groceries,145,352,93.51,112.31041157154485
2023-12-22,S002-P0001,Groceries,127,227,84.11,112.78750552286853
2023-12-23,S002-P0001,Groceries,77,637,71.53,113.05897543932583
2023-12-24,S002-P0001,Groceries,108,559,79.37,147.59960188901397
2023-12-25,S002-P0001,Groceries,203,441,103.45,136.10962892866021
2023-12-26,S002-P0001,Groceries,119,274,69.43,162.24280994506617
2023-12-27,S002-P0001,Groceries,72,132,58.58,110.12225936768114
2023-12-28,S002-P0001,Groceries,116,739,90.47,72.10091412776296
2023-12-29,S002-P0001,Groceries,63,606,71.68,88.91357826040027
2023-12-30,S002-P0001,Groceries,58,567,66.94,74.92987771722264
2023-12-31,S002-P0001,Groceries,137,523,86.96,82.6433403940672
2024-01-01,S002-P0001,Groceries,51,363,72.07,74.29933360679543
2024-01-02,S002-P0001,Groceries,75,323,78.88,82.61205415232185
2024-01-03,S002-P0001,Groceries,113,263,80.67,97.87608749920413
2024-01-04,S002-P0001,Groceries,67,184,61.34,109.18817854954487
2024-01-05,S002-P0001,Groceries,38,139,58.53,72.77363379182793
2024-01-06,S002-P0001,Groceries,104,406,66.07,97.2817608410791
2024-01-07,S002-P0001,Groceries,61,291,74.79,82.1826781213761
2024-01-08,S002-P0001,Groceries,94,234,59.93,104.00707293682557
2024-01-09,S002-P0001,Groceries,93,127,79.6,110.28330113420564
2024-01-10,S002-P0001,Groceries,78,17,71.6,100.81839218102186
2024-01-11,S002-P0001,Groceries,143,293,74.41,135.98140069374077
2024-01-12,S002-P0001,Groceries,63,192,71.74,112.217762332399
2024-01-13,S002-P0001,Groceries,211,362,105.56,146.9765573309238
2024-01-14,S002-P0001,Groceries,78,592,68.06,112.65501634844983
2024-01-15,S002-P0001,Groceries,120,502,87.01,115.25418273332315
2024-01-16,S002-P0001,Groceries,129,419,84.54,100.38835612553572
2024-01-17,S002-P0001,Groceries,154,267,90.89,111.50468469936558
2024-01-18,S002-P0001,Groceries,139,146,87.19,123.3465090955124
2024-01-19,S002-P0001,Groceries,232,461,99.29,136.39269996358126
2024-01-20,S002-P0001,Groceries,155,192,101.49,123.89967109121817
2024-01-21,S002-P0001,Groceries,99,58,64.23,133.85214673843146
2024-01-22,S002-P0001,Groceries,51,826,64.98,134.16873048967247
2024-01-23,S002-P0001,Groceries,87,786,78.22,98.86187171015145
2024-01-24,S002-P0001,Groceries,89,681,66.18,159.9735299023456
2024-01-25,S002-P0001,Groceries,49,607,67.98,121.75226785360911
2024-01-26,S002-P0001,Groceries,102,554,78.03,119.45528883274679
2024-01-27,S002-P0001,Groceries,150,447,99.84,119.27791749759163
2024-01-28,S002-P0001,Groceries,151,354,95.25,108.13474836676565
2024-01-29,S002-P0001,Groceries,57,177,63.0,100.35949539237254
2024-01-30,S002-P0001,Groceries,87,569,78.18,98.6113278284497
2023-10-03,S002-P0002,Toys,79,188,23.54,110.51883906984948
2023-10-04,S002-P0002,Toys,129,128,31.08,109.03439810048854
2023-10-05,S002-P0002,Toys,191,151,36.81,139.67206779094485
2023-10-06,S002-P0002,Toys,80,230,31.47,85.83142212929792
2023-10-07,S002-P0002,Toys,11,467,23.85,28.255841457429078
2023-10-08,S002-P0002,Toys,21,455,23.65,45.16999039150476
2023-10-09,S002-P0002,Toys,25,433,26.75,31.10838664743375
2023-10-10,S002-P0002,Toys,31,409,23.43,31.09609806240952
2023-10-11,S002-P0002,Toys,12,385,22.72,28.00441143209582
2023-10-12,S002-P0002,Toys,28,371,25.68,34.45968859092071
2023-10-13,S002-P0002,Toys,12,341,22.72,28.130489780178124
2023-10-14,S002-P0002,Toys,46,328,23.33,36.06800994821529
2023-10-15,S002-P0002,Toys,47,295,27.83,31.751390476866987
2023-10-16,S002-P0002,Toys,62,245,29.5,31.60621045503349
2023-10-17,S002-P0002,Toys,34,183,19.8,34.57439750666596
2023-10-18,S002-P0002,Toys,43,146,20.54,40.830798454000295
2023-10-19,S002-P0002,Toys,11,111,23.84,27.09645462003474
2023-10-20,S002-P0002,Toys,27,173,24.3,27.472836253816208
2023-10-21,S002-P0002,Toys,12,151,21.52,31.77788451616007
2023-10-22,S002-P0002,Toys,42,140,27.27,34.74544986064635
2023-10-23,S002-P0002,Toys,76,112,24.5,43.795591451469484
2023-10-24,S002-P0002,Toys,36,136,28.01,34.3918749095985
2023-10-25,S002-P0002,Toys,108,235,27.32,108.96556328368727
2023-10-26,S002-P0002,Toys,128,165,31.28,124.13879366406671
2023-10-27,S002-P0002,Toys,88,216,32.33,93.61917696878287
2023-10-28,S002-P0002,Toys,148,360,38.98,103.47551905446373
2023-10-29,S002-P0002,Toys,129,189,34.9,95.42695043763115
2023-10-30,S002-P0002,Toys,89,331,29.24,95.6591145417499
2023-10-31,S002-P0002,Toys,106,243,34.3,85.26772618392062
2023-11-01,S002-P0002,Toys,89,173,34.21,94.49454592810875
2023-11-02,S002-P0002,Toys,111,268,33.09,100.85715085064834
2023-11-03,S002-P0002,Toys,133,159,35.34,124.54472292539845
2023-11-04,S002-P0002,Toys,110,278,32.92,86.79261374335374
2023-11-05,S002-P0002,Toys,80,178,33.06,86.72469775073263
2023-11-06,S002-P0002,Toys,58,281,30.55,87.59590467557571
2023-11-07,S002-P0002,Toys,151,242,31.43,136.32520832226993
2023-11-08,S002-P0002,Toys,106,139,30.69,109.54211613014064
2023-11-09,S002-P0002,Toys,114,342,35.16,84.66848237176336
2023-11-10,S002-P0002,Toys,159,210,35.95,124.86333819371093
2023-11-11,S002-P0002,Toys,81,72,28.4,109.77324475529886
2023-11-12,S002-P0002,Toys,133,316,29.43,136.48749098051505
2023-11-13,S002-P0002,Toys,85,228,33.64,102.2576898195641
2023-11-14,S002-P0002,Toys,106,447,36.17,93.75307293068389
2023-11-15,S002-P0002,Toys,133,323,27.98,111.24081150159222
2023-11-16,S002-P0002,Toys,52,237,28.34,85.43432575154256
2023-11-17,S002-P0002,Toys,54,455,27.06,87.14528046898667
2023-11-18,S002-P0002,Toys,143,419,28.83,138.0937346283002
2023-11-19,S002-P0002,Toys,26,248,24.23,92.83617792516237
2023-11-20,S002-P0002,Toys,86,219,30.42,125.7655136254398
2023-11-21,S002-P0002,Toys,98,134,31.73,83.8231772207576
2023-11-22,S002-P0002,Toys,91,213,32.63,82.72961702777411
2023-11-23,S002-P0002,Toys,88,118,32.32,90.1055393414109
2023-11-24,S002-P0002,Toys,67,191,27.07,86.42344108658999
2023-11-25,S002-P0002,Toys,128,146,34.83,107.337660295668
2023-11-26,S002-P0002,Toys,77,109,31.07,86.09974702952614
2023-11-27,S002-P0002,Toys,110,273,34.82,99.30486509956772
2023-11-28,S002-P0002,Toys,30,185,24.65,84.36495446909589
2023-11-29,S002-P0002,Toys,133,354,39.32,84.38711536515876
2023-11-30,S002-P0002,Toys,72,201,30.61,84.07714319984552
2023-12-01,S002-P0002,Toys,107,409,27.23,121.83452790101015
2023-12-02,S002-P0002,Toys,143,297,36.38,95.77613018613837
2023-12-03,S002-P0002,Toys,90,161,32.59,86.03280773579026
2023-12-04,S002-P0002,Toys,194,312,37.11,130.91176631830737
2023-12-05,S002-P0002,Toys,102,136,33.93,100.79715983741762
2023-12-06,S002-P0002,Toys,85,363,32.01,100.52473800311898
2023-12-07,S002-P0002,Toys,69,271,30.26,99.66264681959169
2023-12-08,S002-P0002,Toys,80,202,29.77,86.31657358402539
2023-12-09,S002-P0002,Toys,106,148,32.54,102.48381760133547
2023-12-10,S002-P0002,Toys,96,250,33.21,95.4437011149408
2023-12-11,S002-P0002,Toys,115,151,35.37,87.16234942465003
2023-12-12,S002-P0002,Toys,65,224,23.8,109.90460487006146
2023-12-13,S002-P0002,Toys,99,361,31.79,101.0018039269372
2023-12-14,S002-P0002,Toys,168,268,41.13,99.18508953698078
2023-12-15,S002-P0002,Toys,147,126,34.97,99.91147331472602
2023-12-16,S002-P0002,Toys,108,356,36.37,85.27601925020582
2023-12-17,S002-P0002,Toys,122,242,36.07,85.83628370453225
2023-12-18,S002-P0002,Toys,139,146,37.93,103.10379512169693
2023-12-19,S002-P0002,Toys,115,226,33.55,95.74679668316092
2023-12-20,S002-P0002,Toys,130,433,31.4,111.7672792451676
2023-12-21,S002-P0002,Toys,108,349,27.67,126.6925642373355
2023-12-22,S002-P0002,Toys,200,250,40.01,127.98847159862169
2023-12-23,S002-P0002,Toys,155,103,31.37,128.42295533610815
2023-12-24,S002-P0002,Toys,142,437,30.21,128.42295533610815
2023-12-25,S002-P0002,Toys,78,293,29.54,88.30473407455376
2023-12-26,S002-P0002,Toys,75,209,30.92,105.62726590387756
2023-12-27,S002-P0002,Toys,58,148,21.8,46.73631272815247
2023-12-28,S002-P0002,Toys,29,232,19.37,34.41232753979233
2023-12-29,S002-P0002,Toys,33,202,26.24,32.69973412387393
2023-12-30,S002-P0002,Toys,41,172,28.55,30.920942764082863
2023-12-31,S002-P0002,Toys,39,135,26.93,33.41332270938851
2024-01-01,S002-P0002,Toys,48,193,24.97,34.9407689952012
2024-01-02,S002-P0002,Toys,52,152,26.95,31.107189606625187
2024-01-03,S002-P0002,Toys,7,99,18.43,39.053215140549824
2024-01-04,S002-P0002,Toys,29,200,23.24,31.09032541278186
2024-01-05,S002-P0002,Toys,30,172,25.92,29.167564117526993
2024-01-06,S002-P0002,Toys,38,137,26.87,30.08378630899734
2024-01-07,S002-P0002,Toys,25,106,20.07,44.32822011043068
2024-01-08,S002-P0002,Toys,20,162,24.78,31.411868550347666
2024-01-09,S002-P0002,Toys,69,140,27.21,95.56134005593688
2024-01-10,S002-P0002,Toys,134,77,35.46,85.58926656091003
2024-01-11,S002-P0002,Toys,110,117,32.93,87.90607097881092
2024-01-12,S002-P0002,Toys,117,329,33.71,96.05747043604178
2024-01-13,S002-P0002,Toys,115,236,33.58,97.49702669652113
2024-01-14,S002-P0002,Toys,145,166,40.71,97.56454616309004
2024-01-15,S002-P0002,Toys,98,244,28.12,129.6530888597639
2024-01-16,S002-P0002,Toys,127,178,32.98,111.93686025315853
2024-01-17,S002-P0002,Toys,52,255,26.92,97.6173454579183
2024-01-18,S002-P0002,Toys,73,194,32.34,102.88984913193191
2024-01-19,S002-P0002,Toys,26,142,24.18,88.29445522703797
2024-01-20,S002-P0002,Toys,60,282,26.16,131.50598708593267
2024-01-21,S002-P0002,Toys,47,228,26.32,86.5015385788094
2024-01-22,S002-P0002,Toys,56,189,28.76,86.62442475373582
2024-01-23,S002-P0002,Toys,57,146,27.45,84.76754665232993
2024-01-24,S002-P0002,Toys,80,231,28.29,133.36264139970712
2024-01-25,S002-P0002,Toys,54,178,22.91,133.18295802709753
2024-01-26,S002-P0002,Toys,111,287,31.25,130.66822602671087
2024-01-27,S002-P0002,Toys,196,217,35.45,131.78555007389346
2024-01-28,S002-P0002,Toys,104,290,30.74,95.00974295022674
2024-01-29,S002-P0002,Toys,69,583,27.26,86.47888354846273
2024-01-30,S002-P0002,Toys,78,515,28.08,84.86956712575267
2023-10-03,S002-P0003,Groceries,93,328,71.73,101.09737930274333
2023-10-04,S002-P0003,Groceries,107,239,87.84,101.77667091288778
2023-10-05,S002-P0003,Groceries,175,591,85.67,162.0423013060328
2023-10-06,S002-P0003,Groceries,142,397,78.79,134.08524783150432
2023-10-07,S002-P0003,Groceries,40,244,65.58,74.07694257880304
2023-10-08,S002-P0003,Groceries,157,220,96.81,91.22272198111106
2023-10-09,S002-P0003,Groceries,187,588,78.65,100.2743337237543
2023-10-10,S002-P0003,Groceries,123,462,83.44,81.82386308354305
2023-10-11,S002-P0003,Groceries,68,344,69.09,94.01611417343433
2023-10-12,S002-P0003,Groceries,83,785,80.95,90.62243330371213
2023-10-13,S002-P0003,Groceries,77,717,67.77,73.33776199139598
2023-10-14,S002-P0003,Groceries,18,670,59.6,74.00244420879241
2023-10-15,S002-P0003,Groceries,110,655,75.69,81.63879279323397
2023-10-16,S002-P0003,Groceries,62,573,67.49,81.63879279323397
2023-10-17,S002-P0003,Groceries,71,524,58.22,92.32253905964026
2023-10-18,S002-P0003,Groceries,60,474,63.8,102.05295728101017
2023-10-19,S002-P0003,Groceries,89,411,62.8,94.54374652287434
2023-10-20,S002-P0003,Groceries,49,342,64.5,72.55486893867258
2023-10-21,S002-P0003,Groceries,109,283,79.68,81.83566261505783
2023-10-22,S002-P0003,Groceries,98,178,77.0,89.97061471379213
2023-10-23,S002-P0003,Groceries,114,104,72.6,112.97313126213388
2023-10-24,S002-P0003,Groceries,114,337,80.97,89.83876420379609
2023-10-25,S002-P0003,Groceries,113,203,71.54,131.9689338633882
2023-10-26,S002-P0003,Groceries,45,129,66.83,112.94570091712951
2023-10-27,S002-P0003,Groceries,83,480,72.88,113.5998435192286
2023-10-28,S002-P0003,Groceries,68,425,65.62,124.74872070149095
2023-10-29,S002-P0003,Groceries,128,344,88.94,114.02311052070849
2023-10-30,S002-P0003,Groceries,69,254,73.18,113.95383362538932
2023-10-31,S002-P0003,Groceries,76,193,67.7,99.80438441998044
2023-11-01,S002-P0003,Groceries,99,579,81.32,113.20927906844781
2023-11-02,S002-P0003,Groceries,74,468,74.52,123.5073350103959
2023-11-03,S002-P0003,Groceries,48,394,60.87,113.3628389090706
2023-11-04,S002-P0003,Groceries,119,343,91.13,98.75070765535978
2023-11-05,S002-P0003,Groceries,4,218,55.92,98.80370644443887
2023-11-06,S002-P0003,Groceries,90,215,62.31,132.46574659214235
2023-11-07,S002-P0003,Groceries,117,507,81.76,123.55584372642471
2023-11-08,S002-P0003,Groceries,191,421,79.39,131.60451135694086
2023-11-09,S002-P0003,Groceries,61,259,74.89,97.36287811609559
2023-11-10,S002-P0003,Groceries,89,205,74.39,112.8096929083886
2023-11-11,S002-P0003,Groceries,115,673,77.06,133.27408017696555
2023-11-12,S002-P0003,Groceries,140,546,83.02,162.62308780552814
2023-11-13,S002-P0003,Groceries,91,421,79.17,123.91967110634451
2023-11-14,S002-P0003,Groceries,119,325,69.41,150.67666232828614
2023-11-15,S002-P0003,Groceries,159,187,87.15,133.24900283685906
2023-11-16,S002-P0003,Groceries,117,23,77.38,98.15895613141836
2023-11-17,S002-P0003,Groceries,137,338,86.82,100.320165860474
2023-11-18,S002-P0003,Groceries,103,692,61.68,163.27014009698843
2023-11-19,S002-P0003,Groceries,184,621,92.98,149.52097454346077
2023-11-20,S002-P0003,Groceries,84,468,77.29,113.50525590341921
2023-11-21,S002-P0003,Groceries,123,370,92.35,94.7480104608715
2023-11-22,S002-P0003,Groceries,76,227,75.01,94.75776581020777
2023-11-23,S002-P0003,Groceries,110,150,79.9,150.20890351443265
2023-11-24,S002-P0003,Groceries,93,345,71.81,100.48761514032672
2023-11-25,S002-P0003,Groceries,119,247,77.88,98.85764618477886
2023-11-26,S002-P0003,Groceries,91,145,71.21,99.40105426843273
2023-11-27,S002-P0003,Groceries,170,70,95.08,158.29222141646997
2023-11-28,S002-P0003,Groceries,82,424,72.57,98.72310831900889
2023-11-29,S002-P0003,Groceries,124,327,83.31,98.64818759082965
2023-11-30,S002-P0003,Groceries,91,691,75.23,98.1880082493304
2023-12-01,S002-P0003,Groceries,121,608,74.18,142.49929296076758
2023-12-02,S002-P0003,Groceries,179,471,86.57,145.88687887152923
2023-12-03,S002-P0003,Groceries,72,294,73.98,99.02858013555203
2023-12-04,S002-P0003,Groceries,135,234,90.8,124.51870195859979
2023-12-05,S002-P0003,Groceries,82,671,76.76,124.76130068633465
2023-12-06,S002-P0003,Groceries,193,610,95.17,161.65304183714684
2023-12-07,S002-P0003,Groceries,99,397,81.15,124.60213016341784
2023-12-08,S002-P0003,Groceries,117,289,86.03,99.82636983738045
2023-12-09,S002-P0003,Groceries,146,890,84.57,160.0877257909862
2023-12-10,S002-P0003,Groceries,154,800,90.85,147.03492478361062
2023-12-11,S002-P0003,Groceries,95,682,75.92,104.28936985329966
2023-12-12,S002-P0003,Groceries,104,618,70.14,133.80658366129694
2023-12-13,S002-P0003,Groceries,62,537,67.73,125.20346604893248
2023-12-14,S002-P0003,Groceries,102,471,86.4,123.77234208253878
2023-12-15,S002-P0003,Groceries,91,407,83.23,124.08844661765872
2023-12-16,S002-P0003,Groceries,145,319,84.17,134.45333634731992
2023-12-17,S002-P0003,Groceries,66,185,76.15,101.7628784475162
2023-12-18,S002-P0003,Groceries,154,136,76.82,164.71128064121922
2023-12-19,S002-P0003,Groceries,116,492,76.83,147.56772031205287
2023-12-20,S002-P0003,Groceries,118,379,86.46,99.39444077964296
2023-12-21,S002-P0003,Groceries,147,270,94.14,112.31041157154485
2023-12-22,S002-P0003,Groceries,91,134,74.9,112.78750552286853
2023-12-23,S002-P0003,Groceries,144,406,88.72,113.02874080378226
2023-12-24,S002-P0003,Groceries,69,240,69.64,113.02874080378226
2023-12-25,S002-P0003,Groceries,95,189,72.08,103.43469905029349
2023-12-26,S002-P0003,Groceries,50,537,71.63,123.30702178200728
2023-12-27,S002-P0003,Groceries,74,502,55.93,110.12225936768114
2023-12-28,S002-P0003,Groceries,69,437,65.9,72.03406713906443
2023-12-29,S002-P0003,Groceries,89,394,74.6,87.14459924853477
2023-12-30,S002-P0003,Groceries,14,309,55.7,74.92987771722264
2023-12-31,S002-P0003,Groceries,34,297,67.16,83.45223713397021
2024-01-01,S002-P0003,Groceries,91,261,75.17,74.36427574838216
2024-01-02,S002-P0003,Groceries,127,157,88.88,80.90058280198497
2024-01-03,S002-P0003,Groceries,119,30,91.08,72.60859519415541
2024-01-04,S002-P0003,Groceries,93,313,79.76,81.3465674409737
2024-01-05,S002-P0003,Groceries,89,202,66.27,97.13870497960791
2024-01-06,S002-P0003,Groceries,94,559,67.9,97.42419020281307
2024-01-07,S002-P0003,Groceries,72,496,66.71,82.46961482975043
2024-01-08,S002-P0003,Groceries,66,451,64.92,108.14451180794883
2024-01-09,S002-P0003,Groceries,50,403,71.81,110.28330113420564
2024-01-10,S002-P0003,Groceries,148,358,84.34,134.07892585952857
2024-01-11,S002-P0003,Groceries,193,236,79.87,135.69434026683084
2024-01-12,S002-P0003,Groceries,47,68,63.89,112.24799696794258
2024-01-13,S002-P0003,Groceries,72,402,73.95,112.62478171290626
2024-01-14,S002-P0003,Groceries,76,904,79.11,112.55983957131953
2024-01-15,S002-P0003,Groceries,62,838,71.34,115.25418273332315
2024-01-16,S002-P0003,Groceries,95,786,71.71,133.96919050878645
2024-01-17,S002-P0003,Groceries,77,716,71.66,111.474450063822
2024-01-18,S002-P0003,Groceries,101,641,81.94,123.05957238713808
2024-01-19,S002-P0003,Groceries,100,524,68.68,136.39269996358126
2024-01-20,S002-P0003,Groceries,38,442,58.51,124.1866077995925
2024-01-21,S002-P0003,Groceries,82,407,80.9,100.82415628752493
2024-01-22,S002-P0003,Groceries,168,328,79.69,134.10359029777285
2024-01-23,S002-P0003,Groceries,110,212,88.72,98.86187171015145
2024-01-24,S002-P0003,Groceries,60,144,56.59,159.9735299023456
2024-01-25,S002-P0003,Groceries,78,523,71.68,121.75226785360911
2024-01-26,S002-P0003,Groceries,159,431,87.6,119.45528883274679
2024-01-27,S002-P0003,Groceries,143,322,88.5,119.34285963917836
2024-01-28,S002-P0003,Groceries,170,168,79.16,146.12909196019388
2024-01-29,S002-P0003,Groceries,102,481,82.18,100.35949539237254
2024-01-30,S002-P0003,Groceries,79,388,72.2,98.6113278284497
2023-10-03,S002-P0004,Groceries,88,280,40.74,101.06714466719976
2023-10-04,S002-P0004,Groceries,216,189,46.91,136.39643039623903
2023-10-05,S002-P0004,Groceries,138,366,47.82,137.97346797306284
2023-10-06,S002-P0004,Groceries,44,223,31.19,101.8731198561244
2023-10-07,S002-P0004,Groceries,54,705,32.31,95.05753242260921
2023-10-08,S002-P0004,Groceries,103,657,42.96,91.22272198111106
2023-10-09,S002-P0004,Groceries,87,575,36.59,81.73283574091236
2023-10-10,S002-P0004,Groceries,62,514,35.34,81.82386308354305
2023-10-11,S002-P0004,Groceries,35,459,28.12,94.02808498050894
2023-10-12,S002-P0004,Groceries,80,436,35.77,90.71761008084243
2023-10-13,S002-P0004,Groceries,82,380,37.82,94.33324365823195
2023-10-14,S002-P0004,Groceries,54,324,34.17,74.03267884433599
2023-10-15,S002-P0004,Groceries,63,282,35.45,81.6085581576904
2023-10-16,S002-P0004,Groceries,78,218,39.38,81.54361601610367
2023-10-17,S002-P0004,Groceries,59,153,27.61,92.32253905964026
2023-10-18,S002-P0004,Groceries,13,88,24.32,102.41772337463377
2023-10-19,S002-P0004,Groceries,121,269,40.66,94.27990747516371
2023-10-20,S002-P0004,Groceries,93,142,37.29,93.67559013187004
2023-10-21,S002-P0004,Groceries,76,72,35.27,81.8658972506014
2023-10-22,S002-P0004,Groceries,127,319,43.98,89.97061471379213
2023-10-23,S002-P0004,Groceries,58,222,38.57,89.7948617223173
2023-10-24,S002-P0004,Groceries,114,186,46.76,89.77382206220936
2023-10-25,S002-P0004,Groceries,44,429,32.88,98.84033753392829
2023-10-26,S002-P0004,Groceries,123,381,43.25,113.16154669623425
2023-10-27,S002-P0004,Groceries,139,238,47.96,113.38399774012386
2023-10-28,S002-P0004,Groceries,174,133,44.42,162.88932638313116
2023-10-29,S002-P0004,Groceries,124,357,45.85,114.08805266229521
2023-10-30,S002-P0004,Groceries,123,229,45.65,113.95383362538932
2023-10-31,S002-P0004,Groceries,26,599,32.16,99.47693738669508
2023-11-01,S002-P0004,Groceries,149,571,39.41,148.69344187225107
2023-11-02,S002-P0004,Groceries,147,453,46.4,123.94872466263841
2023-11-03,S002-P0004,Groceries,73,357,38.65,112.9214492568281
2023-11-04,S002-P0004,Groceries,179,279,47.9,132.30882359798588
2023-11-05,S002-P0004,Groceries,87,560,34.25,132.40366322747624
2023-11-06,S002-P0004,Groceries,118,464,47.33,99.68108745461817
2023-11-07,S002-P0004,Groceries,102,362,40.65,123.55584372642471
2023-11-08,S002-P0004,Groceries,136,280,37.5,131.60451135694086
2023-11-09,S002-P0004,Groceries,59,171,36.74,97.26579649185348
2023-11-10,S002-P0004,Groceries,117,492,47.19,112.52890498769713
2023-11-11,S002-P0004,Groceries,165,360,41.2,133.27408017696555
2023-11-12,S002-P0004,Groceries,98,194,42.15,123.87664182534115
2023-11-13,S002-P0004,Groceries,106,95,45.65,123.85472896475778
2023-11-14,S002-P0004,Groceries,166,515,51.73,113.06672326011237
2023-11-15,S002-P0004,Groceries,110,375,46.22,97.95635252164236
2023-11-16,S002-P0004,Groceries,129,300,44.17,98.12872149587479
2023-11-17,S002-P0004,Groceries,149,654,46.8,100.320165860474
2023-11-18,S002-P0004,Groceries,123,516,34.28,163.27014009698843
2023-11-19,S002-P0004,Groceries,87,387,32.16,149.63528509092592
2023-11-20,S002-P0004,Groceries,97,314,44.2,113.44031376183248
2023-11-21,S002-P0004,Groceries,126,205,41.53,95.41389184191738
2023-11-22,S002-P0004,Groceries,133,105,47.13,94.66068418596566
2023-11-23,S002-P0004,Groceries,139,233,42.82,150.20890351443265
2023-11-24,S002-P0004,Groceries,164,478,48.75,132.13099359353058
2023-11-25,S002-P0004,Groceries,114,359,44.38,98.82741154923528
2023-11-26,S002-P0004,Groceries,73,256,36.8,99.37081963288915
2023-11-27,S002-P0004,Groceries,112,660,39.69,124.37678230878319
2023-11-28,S002-P0004,Groceries,134,571,35.41,127.14727063460866
2023-11-29,S002-P0004,Groceries,74,439,34.92,98.64818759082965
2023-11-30,S002-P0004,Groceries,39,374,33.93,98.2850898735725
2023-12-01,S002-P0004,Groceries,168,345,41.54,142.04826252420318
2023-12-02,S002-P0004,Groceries,54,212,34.18,112.51612146089212
2023-12-03,S002-P0004,Groceries,114,155,42.2,99.02858013555203
2023-12-04,S002-P0004,Groceries,102,622,38.49,124.99124981053528
2023-12-05,S002-P0004,Groceries,208,504,54.47,159.5684872300138
2023-12-06,S002-P0004,Groceries,125,320,34.5,161.11667426615097
2023-12-07,S002-P0004,Groceries,137,201,45.29,124.60213016341784
2023-12-08,S002-P0004,Groceries,74,754,36.79,99.85660447292403
2023-12-09,S002-P0004,Groceries,168,704,49.4,124.7912164035922
2023-12-10,S002-P0004,Groceries,154,505,52.61,112.24127996638566
2023-12-11,S002-P0004,Groceries,136,400,35.65,135.81852352075526
2023-12-12,S002-P0004,Groceries,131,265,36.92,133.4543830424874
2023-12-13,S002-P0004,Groceries,114,613,42.25,124.98147148214488
2023-12-14,S002-P0004,Groceries,110,492,43.88,123.77234208253878
2023-12-15,S002-P0004,Groceries,116,423,42.32,124.37538332603305
2023-12-16,S002-P0004,Groceries,141,302,40.63,134.3881961554203
2023-12-17,S002-P0004,Groceries,146,145,48.91,101.7628784475162
2023-12-18,S002-P0004,Groceries,92,400,39.18,127.09555776467475
2023-12-19,S002-P0004,Groceries,54,307,37.97,112.79849130185933
2023-12-20,S002-P0004,Groceries,93,612,43.7,99.39444077964296
2023-12-21,S002-P0004,Groceries,150,539,44.55,112.34064620708843
2023-12-22,S002-P0004,Groceries,178,422,42.08,147.70313531330171
2023-12-23,S002-P0004,Groceries,135,209,47.37,112.96379866219553
2023-12-24,S002-P0004,Groceries,205,59,45.68,147.59960188901397
2023-12-25,S002-P0004,Groceries,112,555,39.52,136.10962892866021
2023-12-26,S002-P0004,Groceries,99,474,38.12,123.59395849038161
2023-12-27,S002-P0004,Groceries,79,1033,41.56,87.90408949273794
2023-12-28,S002-P0004,Groceries,58,967,27.47,90.85344168772987
2023-12-29,S002-P0004,Groceries,73,899,38.69,87.14459924853477
2023-12-30,S002-P0004,Groceries,90,819,39.03,74.92987771722264
2023-12-31,S002-P0004,Groceries,69,763,38.15,83.45223713397021
2024-01-01,S002-P0004,Groceries,75,708,38.93,74.29933360679543
2024-01-02,S002-P0004,Groceries,94,659,41.64,80.90058280198497
2024-01-03,S002-P0004,Groceries,86,561,40.59,72.60859519415541
2024-01-04,S002-P0004,Groceries,52,507,37.6,81.3465674409737
2024-01-05,S002-P0004,Groceries,72,464,38.52,72.67845701469763
2024-01-06,S002-P0004,Groceries,32,382,33.01,72.79334548314095
2024-01-07,S002-P0004,Groceries,105,350,43.14,82.1826781213761
2024-01-08,S002-P0004,Groceries,45,254,29.37,105.33526085494638
2024-01-09,S002-P0004,Groceries,142,216,48.39,110.28330113420564
2024-01-10,S002-P0004,Groceries,150,424,46.84,100.81839218102186
2024-01-11,S002-P0004,Groceries,111,298,33.04,135.69434026683084
2024-01-12,S002-P0004,Groceries,98,227,35.51,147.4775002986951
2024-01-13,S002-P0004,Groceries,72,659,34.67,112.65501634844983
2024-01-14,S002-P0004,Groceries,111,597,34.72,146.82584830721657
2024-01-15,S002-P0004,Groceries,139,466,45.42,115.34935951045345
2024-01-16,S002-P0004,Groceries,208,367,54.52,133.96919050878645
2024-01-17,S002-P0004,Groceries,87,230,42.76,111.40950792223528
2024-01-18,S002-P0004,Groceries,188,618,41.02,160.36137340200668
2024-01-19,S002-P0004,Groceries,152,458,49.75,102.37918348892255
2024-01-20,S002-P0004,Groceries,235,291,48.36,158.40811982375334
2024-01-21,S002-P0004,Groceries,181,760,50.88,134.204347357241
2024-01-22,S002-P0004,Groceries,108,556,41.27,101.11238027980896
2024-01-23,S002-P0004,Groceries,123,427,45.63,98.86187171015145
2024-01-24,S002-P0004,Groceries,128,332,46.31,123.41351518394723
2024-01-25,S002-P0004,Groceries,109,236,41.51,121.75226785360911
2024-01-26,S002-P0004,Groceries,122,531,34.13,156.38418903894623
2024-01-27,S002-P0004,Groceries,111,454,41.75,119.34285963917836
2024-01-28,S002-P0004,Groceries,124,328,38.55,146.2798009839011
2024-01-29,S002-P0004,Groceries,139,250,45.5,100.35949539237254
2024-01-30,S002-P0004,Groceries,73,129,36.61,99.05950063818705
2023-10-03,S002-P0005,Electronics,106,227,76.81,113.43861808104221
2023-10-04,S002-P0005,Electronics,63,110,82.61,84.88311556654824
2023-10-05,S002-P0005,Electronics,81,376,92.82,101.25827715533917
2023-10-06,S002-P0005,Electronics,100,284,84.76,84.84874550327228
2023-10-07,S002-P0005,Electronics,39,217,71.5,50.173765984250224
2023-10-08,S002-P0005,Electronics,41,172,79.98,57.08342056850946
2023-10-09,S002-P0005,Electronics,51,519,70.59,71.96838868016653
2023-10-10,S002-P0005,Electronics,78,468,65.58,70.22720814696197
2023-10-11,S002-P0005,Electronics,30,388,68.77,49.96530120915618
2023-10-12,S002-P0005,Electronics,72,354,81.03,77.3711132575665
2023-10-13,S002-P0005,Electronics,66,283,75.23,64.26230122200518
2023-10-14,S002-P0005,Electronics,68,205,67.32,67.2136115807333
2023-10-15,S002-P0005,Electronics,45,132,77.26,54.635456260833934
2023-10-16,S002-P0005,Electronics,79,364,82.9,69.98111587394041
2023-10-17,S002-P0005,Electronics,44,278,76.67,49.79228262172642
2023-10-18,S002-P0005,Electronics,28,226,68.2,54.22784445830558
2023-10-19,S002-P0005,Electronics,47,201,73.66,48.81106475764027
2023-10-20,S002-P0005,Electronics,26,522,64.1,49.200564487678236
2023-10-21,S002-P0005,Electronics,38,497,74.84,54.77423271330786
2023-10-22,S002-P0005,Electronics,42,459,57.12,75.72841467799732
2023-10-23,S002-P0005,Electronics,88,428,76.72,77.96178234035922
2023-10-24,S002-P0005,Electronics,93,358,82.35,71.05073008751818
2023-10-25,S002-P0005,Electronics,70,299,76.47,84.7482490003008
2023-10-26,S002-P0005,Electronics,140,225,100.97,93.0501872893646
2023-10-27,S002-P0005,Electronics,90,385,90.99,93.20285440788238
2023-10-28,S002-P0005,Electronics,123,318,101.06,103.23112993098309
2023-10-29,S002-P0005,Electronics,114,176,103.49,94.59040642752704
2023-10-30,S002-P0005,Electronics,46,713,69.72,94.90499797432945
2023-10-31,S002-P0005,Electronics,101,668,94.4,85.34150974490424
2023-11-01,S002-P0005,Electronics,143,598,85.84,125.22586210493174
2023-11-02,S002-P0005,Electronics,83,427,84.34,103.09465090786567
2023-11-03,S002-P0005,Electronics,77,360,65.25,124.8802503256373
2023-11-04,S002-P0005,Electronics,149,287,91.91,112.44530296592934
2023-11-05,S002-P0005,Electronics,179,860,112.3,112.54014259541972
2023-11-06,S002-P0005,Electronics,99,668,84.32,88.22308258362288
2023-11-07,S002-P0005,Electronics,97,593,93.26,102.2858643801467
2023-11-08,S002-P0005,Electronics,94,505,92.28,84.6123443052037
2023-11-09,S002-P0005,Electronics,93,419,87.21,84.70955002074994
2023-11-10,S002-P0005,Electronics,18,341,61.94,93.51529651608814
2023-11-11,S002-P0005,Electronics,113,327,103.35,85.6811425170849
2023-11-12,S002-P0005,Electronics,158,249,106.51,102.8142073175012
2023-11-13,S002-P0005,Electronics,107,552,86.04,136.9524728993981
2023-11-14,S002-P0005,Electronics,180,477,88.99,126.93638727059765
2023-11-15,S002-P0005,Electronics,46,303,73.64,84.26034302039791
2023-11-16,S002-P0005,Electronics,116,852,99.14,85.66955664901336
2023-11-17,S002-P0005,Electronics,114,768,98.34,87.3034290057945
2023-11-18,S002-P0005,Electronics,83,646,80.08,103.1422742644405
2023-11-19,S002-P0005,Electronics,143,594,101.57,126.3064565751559
2023-11-20,S002-P0005,Electronics,124,457,81.17,126.29078767865171
2023-11-21,S002-P0005,Electronics,66,368,83.59,82.48852690370597
2023-11-22,S002-P0005,Electronics,112,314,88.04,82.33634089544795
2023-11-23,S002-P0005,Electronics,138,835,94.57,125.9233240622042
2023-11-24,S002-P0005,Electronics,85,735,80.49,86.073266747016
2023-11-25,S002-P0005,Electronics,54,653,63.87,108.7293066030937
2023-11-26,S002-P0005,Electronics,85,616,94.09,85.58687644625294
2023-11-27,S002-P0005,Electronics,142,526,112.69,101.04805005591993
2023-11-28,S002-P0005,Electronics,51,434,74.95,83.98374659238634
2023-11-29,S002-P0005,Electronics,85,397,84.9,83.96416773529123
2023-11-30,S002-P0005,Electronics,143,334,96.73,83.87428648806848
2023-12-01,S002-P0005,Electronics,119,813,84.12,121.58494730856893
2023-12-02,S002-P0005,Electronics,97,732,93.15,93.94431799042114
2023-12-03,S002-P0005,Electronics,61,620,82.09,84.30449179954023
2023-12-04,S002-P0005,Electronics,114,552,93.56,101.79944041293902
2023-12-05,S002-P0005,Electronics,163,425,102.2,131.4304826599682
2023-12-06,S002-P0005,Electronics,145,291,102.18,102.81485183138687
2023-12-07,S002-P0005,Electronics,63,151,87.15,101.46996737940069
2023-12-08,S002-P0005,Electronics,86,112,80.75,84.62089457384484
2023-12-09,S002-P0005,Electronics,75,724,77.67,103.00195996523638
2023-12-10,S002-P0005,Electronics,97,651,93.27,93.76426068865418
2023-12-11,S002-P0005,Electronics,63,554,78.51,85.2817539573859
2023-12-12,S002-P0005,Electronics,86,502,76.29,112.00083305090895
2023-12-13,S002-P0005,Electronics,103,445,100.14,101.9978121856619
2023-12-14,S002-P0005,Electronics,184,342,102.15,130.3529702603329
2023-12-15,S002-P0005,Electronics,147,192,91.55,130.76708160916382
2023-12-16,S002-P0005,Electronics,82,85,79.68,111.83198559815058
2023-12-17,S002-P0005,Electronics,84,381,66.75,112.26406268061486
2023-12-18,S002-P0005,Electronics,137,1075,100.23,102.45093863681493
2023-12-19,S002-P0005,Electronics,101,939,79.44,126.60245941122409
2023-12-20,S002-P0005,Electronics,122,859,95.86,84.52830694291043
2023-12-21,S002-P0005,Electronics,110,745,102.17,93.82841038193477
2023-12-22,S002-P0005,Electronics,157,675,94.87,128.9616349093806
2023-12-23,S002-P0005,Electronics,99,496,89.15,96.73797674535015
2023-12-24,S002-P0005,Electronics,139,400,111.77,96.67303460376343
2023-12-25,S002-P0005,Electronics,91,289,86.63,86.27864626641781
2023-12-26,S002-P0005,Electronics,63,773,82.68,111.156706141673
2023-12-27,S002-P0005,Electronics,54,725,71.78,62.73377715832862
2023-12-28,S002-P0005,Electronics,72,683,72.68,63.75572022213682
2023-12-29,S002-P0005,Electronics,71,604,85.19,57.23801251225124
2023-12-30,S002-P0005,Electronics,47,546,69.87,52.171066117927786
2023-12-31,S002-P0005,Electronics,44,516,69.12,55.54006635377739
2024-01-01,S002-P0005,Electronics,55,472,84.38,50.68428482914872
2024-01-02,S002-P0005,Electronics,54,437,72.03,68.16333298373654
2024-01-03,S002-P0005,Electronics,97,393,73.59,68.42391185628564
2024-01-04,S002-P0005,Electronics,39,284,71.36,60.030106627151795
2024-01-05,S002-P0005,Electronics,75,258,73.44,69.09509754082903
2024-01-06,S002-P0005,Electronics,42,191,72.45,51.85758293174904
2024-01-07,S002-P0005,Electronics,57,497,76.83,56.08671398308389
2024-01-08,S002-P0005,Electronics,93,442,91.85,55.01109447072403
2024-01-09,S002-P0005,Electronics,115,373,98.71,94.82709988421671
2024-01-10,S002-P0005,Electronics,74,271,81.41,84.03158583745576
2024-01-11,S002-P0005,Electronics,81,213,83.71,85.24354776760411
2024-01-12,S002-P0005,Electronics,103,586,85.54,94.1655972633678
2024-01-13,S002-P0005,Electronics,30,487,65.17,95.10400029267744
2024-01-14,S002-P0005,Electronics,99,462,88.91,95.10400029267744
2024-01-15,S002-P0005,Electronics,63,346,82.57,94.96083031173835
2024-01-16,S002-P0005,Electronics,115,286,77.99,113.40597895703469
2024-01-17,S002-P0005,Electronics,113,167,98.17,95.45024979749273
2024-01-18,S002-P0005,Electronics,37,374,70.61,102.72969922275881
2024-01-19,S002-P0005,Electronics,115,348,88.89,114.5527013320644
2024-01-20,S002-P0005,Electronics,199,224,98.39,131.73904238080794
2024-01-21,S002-P0005,Electronics,88,601,85.69,112.17202870011731
2024-01-22,S002-P0005,Electronics,79,517,87.7,84.12541177458816
2024-01-23,S002-P0005,Electronics,95,460,87.64,83.24072077242212
2024-01-24,S002-P0005,Electronics,77,1218,77.82,132.67434429311015
2024-01-25,S002-P0005,Electronics,133,1130,104.22,101.03814877944426
2024-01-26,S002-P0005,Electronics,175,992,98.74,130.50398325160197
2024-01-27,S002-P0005,Electronics,132,862,83.2,130.24232527041573
2024-01-28,S002-P0005,Electronics,101,728,94.35,93.02680976170993
2024-01-29,S002-P0005,Electronics,68,625,88.55,84.07406361717588
2024-01-30,S002-P0005,Electronics,138,552,105.91,82.89456843610752
2023-10-03,S002-P0006,Clothing,98,75,59.56,85.33473903394614
2023-10-04,S002-P0006,Clothing,129,105,57.62,110.29820946014821
2023-10-05,S002-P0006,Clothing,15,138,45.64,107.1683045247853
2023-10-06,S002-P0006,Clothing,58,127,57.54,86.21693456487257
2023-10-07,S002-P0006,Clothing,70,64,60.08,87.76421988972241
2023-10-08,S002-P0006,Clothing,84,70,66.57,107.31678381364564
2023-10-09,S002-P0006,Clothing,125,72,68.29,97.83761326258812
2023-10-10,S002-P0006,Clothing,114,146,58.73,125.50680221157377
2023-10-11,S002-P0006,Clothing,119,113,56.72,112.17901807026035
2023-10-12,S002-P0006,Clothing,152,146,70.31,106.6384937655682
2023-10-13,S002-P0006,Clothing,63,166,58.67,87.49360926064878
2023-10-14,S002-P0006,Clothing,118,115,52.89,110.31613297489315
2023-10-15,S002-P0006,Clothing,117,137,70.33,98.42388841718471
2023-10-16,S002-P0006,Clothing,147,174,64.83,126.09777982098639
2023-10-17,S002-P0006,Clothing,114,177,69.62,88.37528594887836
2023-10-18,S002-P0006,Clothing,96,98,56.0,127.59483863042213
2023-10-19,S002-P0006,Clothing,70,101,50.68,120.20111529545305
2023-10-20,S002-P0006,Clothing,62,111,55.37,89.50948151541435
2023-10-21,S002-P0006,Clothing,111,44,69.11,96.14317023062115
2023-10-22,S002-P0006,Clothing,77,104,58.43,138.0143368334989
2023-10-23,S002-P0006,Clothing,72,82,57.33,139.77665827358425
2023-10-24,S002-P0006,Clothing,114,97,69.83,108.54959703262128
2023-10-25,S002-P0006,Clothing,142,147,63.8,111.0272366810688
2023-10-26,S002-P0006,Clothing,93,134,65.13,92.92845269756567
2023-10-27,S002-P0006,Clothing,127,133,76.43,93.19550056066106
2023-10-28,S002-P0006,Clothing,142,153,72.1,103.78522551918343
2023-10-29,S002-P0006,Clothing,45,133,51.93,94.38072194241275
2023-10-30,S002-P0006,Clothing,78,86,61.76,94.61042745906582
2023-10-31,S002-P0006,Clothing,108,126,65.0,86.1352015796981
2023-11-01,S002-P0006,Clothing,145,116,76.43,94.17325794868962
2023-11-02,S002-P0006,Clothing,163,131,80.41,103.15470495081817
2023-11-03,S002-P0006,Clothing,99,200,66.44,93.78880404868345
2023-11-04,S002-P0006,Clothing,60,131,57.94,87.4845743440201
2023-11-05,S002-P0006,Clothing,141,93,71.78,87.5375731330992
2023-11-06,S002-P0006,Clothing,87,116,60.55,88.6021160318624
2023-11-07,S002-P0006,Clothing,137,132,67.23,103.46607933416816
2023-11-08,S002-P0006,Clothing,80,170,62.28,85.61906415839789
2023-11-09,S002-P0006,Clothing,98,114,56.3,116.27403303187943
2023-11-10,S002-P0006,Clothing,105,134,53.42,126.66897681137361
2023-11-11,S002-P0006,Clothing,127,134,65.27,86.30984444683982
2023-11-12,S002-P0006,Clothing,194,173,82.53,136.76980707134317
2023-11-13,S002-P0006,Clothing,176,223,62.51,137.40022042598684
2023-11-14,S002-P0006,Clothing,56,228,57.05,93.89163145295956
2023-11-15,S002-P0006,Clothing,70,167,47.42,117.11957809452943
2023-11-16,S002-P0006,Clothing,91,88,64.77,86.57627350164232
2023-11-17,S002-P0006,Clothing,85,107,57.02,118.90575324678605
2023-11-18,S002-P0006,Clothing,88,80,51.31,137.7971533910582
2023-11-19,S002-P0006,Clothing,100,82,63.22,93.7099892655388
2023-11-20,S002-P0006,Clothing,164,120,72.55,94.46626628648929
2023-11-21,S002-P0006,Clothing,84,171,63.21,84.4817943587451
2023-11-22,S002-P0006,Clothing,143,76,72.12,117.52910723749568
2023-11-23,S002-P0006,Clothing,65,119,55.95,92.9719041462315
2023-11-24,S002-P0006,Clothing,74,46,54.89,88.55393542472152
2023-11-25,S002-P0006,Clothing,133,81,77.68,87.65409904163472
2023-11-26,S002-P0006,Clothing,42,134,56.7,88.1975071252886
2023-11-27,S002-P0006,Clothing,140,84,59.62,135.56505560596813
2023-11-28,S002-P0006,Clothing,77,161,49.36,112.1313738556521
2023-11-29,S002-P0006,Clothing,69,79,53.89,86.38618560601408
2023-11-30,S002-P0006,Clothing,73,73,60.82,86.85951091267366
2023-12-01,S002-P0006,Clothing,124,96,71.9,109.84647017504048
2023-12-02,S002-P0006,Clothing,161,133,80.1,111.80647241463534
2023-12-03,S002-P0006,Clothing,137,187,67.19,129.62144478541111
2023-12-04,S002-P0006,Clothing,80,25,62.19,120.46543624392169
2023-12-05,S002-P0006,Clothing,158,85,71.34,121.03172082871579
2023-12-06,S002-P0006,Clothing,86,157,50.24,154.1801371590125
2023-12-07,S002-P0006,Clothing,161,65,71.66,153.5168726330974
2023-12-08,S002-P0006,Clothing,176,129,66.64,131.09032927331978
2023-12-09,S002-P0006,Clothing,146,221,60.53,148.68657587550354
2023-12-10,S002-P0006,Clothing,115,55,69.96,111.60306567753051
2023-12-11,S002-P0006,Clothing,125,100,65.0,106.04813015299251
2023-12-12,S002-P0006,Clothing,100,146,53.34,130.36844597786163
2023-12-13,S002-P0006,Clothing,140,128,75.41,120.69633566717229
2023-12-14,S002-P0006,Clothing,203,138,80.21,119.91985064535432
2023-12-15,S002-P0006,Clothing,255,199,95.18,150.70257289085947
2023-12-16,S002-P0006,Clothing,36,280,52.72,102.7673314065664
2023-12-17,S002-P0006,Clothing,148,250,61.67,131.63577771215083
2023-12-18,S002-P0006,Clothing,214,144,77.13,155.4437036246942
2023-12-19,S002-P0006,Clothing,121,232,75.1,115.94206685992062
2023-12-20,S002-P0006,Clothing,107,139,68.18,102.62571706429932
2023-12-21,S002-P0006,Clothing,106,176,54.39,148.57254262606318
2023-12-22,S002-P0006,Clothing,40,58,50.67,116.75665657967761
2023-12-23,S002-P0006,Clothing,94,69,65.38,117.9411364510988
2023-12-24,S002-P0006,Clothing,90,97,64.42,117.87361698452989
2023-12-25,S002-P0006,Clothing,142,143,75.94,104.78779667775551
2023-12-26,S002-P0006,Clothing,97,156,66.02,131.10515663840533
2023-12-27,S002-P0006,Clothing,139,65,71.23,127.45870342785383
2023-12-28,S002-P0006,Clothing,81,126,59.43,107.89317715918499
2023-12-29,S002-P0006,Clothing,76,150,58.2,123.8422435273762
2023-12-30,S002-P0006,Clothing,157,88,75.24,116.3308342526484
2023-12-31,S002-P0006,Clothing,121,172,75.0,124.67253233568613
2024-01-01,S002-P0006,Clothing,83,73,59.7,117.12042672467804
2024-01-02,S002-P0006,Clothing,201,80,84.08,145.5845478194362
2024-01-03,S002-P0006,Clothing,128,198,57.46,141.4734560396183
2024-01-04,S002-P0006,Clothing,205,100,80.26,155.30035366996353
2024-01-05,S002-P0006,Clothing,136,173,78.52,118.22502884249992
2024-01-06,S002-P0006,Clothing,102,160,60.32,117.55992789896187
2024-01-07,S002-P0006,Clothing,103,68,67.4,126.11069712019558
2024-01-08,S002-P0006,Clothing,195,116,82.8,150.63508868634847
2024-01-09,S002-P0006,Clothing,138,201,67.44,117.66812039549815
2024-01-10,S002-P0006,Clothing,113,52,65.99,102.34990322871465
2024-01-11,S002-P0006,Clothing,90,99,64.49,104.93766577737699
2024-01-12,S002-P0006,Clothing,117,90,52.81,148.15547995482189
2024-01-13,S002-P0006,Clothing,85,117,60.03,117.55265673737138
2024-01-14,S002-P0006,Clothing,113,123,69.41,117.58994156839671
2024-01-15,S002-P0006,Clothing,103,181,70.86,118.55794392497452
2024-01-16,S002-P0006,Clothing,91,75,68.14,102.19435760059459
2024-01-17,S002-P0006,Clothing,21,108,49.39,116.73035803668216
2024-01-18,S002-P0006,Clothing,72,95,54.45,121.83013261884169
2024-01-19,S002-P0006,Clothing,87,100,57.48,103.73967310713067
2024-01-20,S002-P0006,Clothing,96,96,62.42,122.20593049341093
2024-01-21,S002-P0006,Clothing,84,140,50.49,128.07342604054463
2024-01-22,S002-P0006,Clothing,88,61,64.09,102.99428166521295
2024-01-23,S002-P0006,Clothing,80,102,52.88,132.20434355161493
2024-01-24,S002-P0006,Clothing,165,91,60.63,156.4933531444286
2024-01-25,S002-P0006,Clothing,226,134,79.33,155.07842206236293
2024-01-26,S002-P0006,Clothing,121,252,64.21,120.35831104528155
2024-01-27,S002-P0006,Clothing,167,112,81.28,119.92040075854132
2024-01-28,S002-P0006,Clothing,167,181,72.83,145.85837569366967
2024-01-29,S002-P0006,Clothing,100,167,63.2,101.04663271395313
2024-01-30,S002-P0006,Clothing,118,98,63.58,100.2370216111702
2023-10-03,S002-P0007,Toys,86,244,26.23,85.32518622868317
2023-10-04,S002-P0007,Toys,79,168,28.45,85.64704250270569
2023-10-05,S002-P0007,Toys,138,436,29.31,110.77521400674578
2023-10-06,S002-P0007,Toys,64,349,20.16,109.39038794056339
2023-10-07,S002-P0007,Toys,46,274,21.43,33.82063669295531
2023-10-08,S002-P0007,Toys,30,571,21.21,34.58128077577727
2023-10-09,S002-P0007,Toys,13,552,18.61,31.134880686726834
2023-10-10,S002-P0007,Toys,38,539,18.2,39.556483910322555
2023-10-11,S002-P0007,Toys,37,514,19.57,35.48043356159936
2023-10-12,S002-P0007,Toys,17,490,21.1,34.45968859092071
2023-10-13,S002-P0007,Toys,15,475,21.96,28.262951388333757
2023-10-14,S002-P0007,Toys,26,461,19.63,35.86592540078892
2023-10-15,S002-P0007,Toys,47,431,25.22,31.751390476866987
2023-10-16,S002-P0007,Toys,13,378,20.69,31.673729921602387
2023-10-17,S002-P0007,Toys,41,370,22.13,27.56399447820793
2023-10-18,S002-P0007,Toys,77,336,22.82,40.79893831971824
2023-10-19,S002-P0007,Toys,7,277,21.19,27.09645462003474
2023-10-20,S002-P0007,Toys,12,273,21.66,27.60529786197184
2023-10-21,S002-P0007,Toys,43,266,18.85,40.59740513517171
2023-10-22,S002-P0007,Toys,39,222,23.15,34.74544986064635
2023-10-23,S002-P0007,Toys,31,177,21.24,34.721275581177
2023-10-24,S002-P0007,Toys,30,156,21.17,34.55083055704722
2023-10-25,S002-P0007,Toys,101,125,22.95,108.96556328368727
2023-10-26,S002-P0007,Toys,125,8,31.37,93.03423893501912
2023-10-27,S002-P0007,Toys,52,86,24.42,93.61917696878287
2023-10-28,S002-P0007,Toys,130,357,31.89,103.47551905446373
2023-10-29,S002-P0007,Toys,59,672,23.77,95.42695043763115
2023-10-30,S002-P0007,Toys,121,627,30.98,95.37948989232676
2023-10-31,S002-P0007,Toys,76,494,24.04,85.56493858166239
2023-11-01,S002-P0007,Toys,44,429,23.69,94.49454592810875
2023-11-02,S002-P0007,Toys,109,378,31.4,100.79220870906161
2023-11-03,S002-P0007,Toys,87,255,29.21,93.56532601030906
2023-11-04,S002-P0007,Toys,162,153,33.01,86.79261374335374
2023-11-05,S002-P0007,Toys,105,312,25.08,109.69394886355744
2023-11-06,S002-P0007,Toys,57,237,26.21,87.59590467557571
2023-11-07,S002-P0007,Toys,225,740,38.69,135.4379485767183
2023-11-08,S002-P0007,Toys,76,582,26.67,84.66405131452193
2023-11-09,S002-P0007,Toys,158,524,34.53,84.57140074752125
2023-11-10,S002-P0007,Toys,89,1151,25.14,92.94967199650533
2023-11-11,S002-P0007,Toys,75,1050,25.28,85.61576863858187
2023-11-12,S002-P0007,Toys,132,985,33.71,101.85176468806372
2023-11-13,S002-P0007,Toys,155,853,30.64,135.6703886895215
2023-11-14,S002-P0007,Toys,113,679,31.8,93.75307293068389
2023-11-15,S002-P0007,Toys,93,587,28.34,84.31205002971613
2023-11-16,S002-P0007,Toys,83,513,23.25,110.92084919123376
2023-11-17,S002-P0007,Toys,89,426,25.18,111.59644282156927
2023-11-18,S002-P0007,Toys,167,360,29.8,138.20944079286573
2023-11-19,S002-P0007,Toys,90,241,28.05,92.90369739173128
2023-11-20,S002-P0007,Toys,118,158,32.27,92.96653387082857
2023-11-21,S002-P0007,Toys,107,496,23.39,111.05352373415678
2023-11-22,S002-P0007,Toys,74,425,22.34,109.42460006059287
2023-11-23,S002-P0007,Toys,136,363,24.33,126.42682591462138
2023-11-24,S002-P0007,Toys,118,208,27.65,86.42344108658999
2023-11-25,S002-P0007,Toys,124,77,29.67,85.51665199602144
2023-11-26,S002-P0007,Toys,125,426,28.25,107.33972526685358
2023-11-27,S002-P0007,Toys,128,302,28.5,99.51697028242195
2023-11-28,S002-P0007,Toys,74,152,27.95,84.36495446909589
2023-11-29,S002-P0007,Toys,88,496,27.82,84.29003374091666
2023-11-30,S002-P0007,Toys,71,424,24.86,84.07714319984552
2023-12-01,S002-P0007,Toys,50,346,23.0,92.65273982117634
2023-12-02,S002-P0007,Toys,149,293,30.08,126.15078368580704
2023-12-03,S002-P0007,Toys,58,136,23.73,85.90034612763462
2023-12-04,S002-P0007,Toys,151,81,30.48,101.30916160493888
2023-12-05,S002-P0007,Toys,44,472,21.29,101.07678448684076
2023-12-06,S002-P0007,Toys,135,438,29.05,134.83503486829653
2023-12-07,S002-P0007,Toys,112,308,27.13,131.7197799758823
2023-12-08,S002-P0007,Toys,105,193,29.47,86.44903519218103
2023-12-09,S002-P0007,Toys,53,452,25.82,102.27171241848124
2023-12-10,S002-P0007,Toys,132,410,25.63,125.47431852355032
2023-12-11,S002-P0007,Toys,131,328,26.88,111.0187557423367
2023-12-12,S002-P0007,Toys,59,233,22.55,84.45948341786169
2023-12-13,S002-P0007,Toys,113,562,27.22,101.0018039269372
2023-12-14,S002-P0007,Toys,38,436,23.08,99.18508953698078
2023-12-15,S002-P0007,Toys,105,413,22.06,132.79276433721589
2023-12-16,S002-P0007,Toys,105,347,23.26,110.97877523981867
2023-12-17,S002-P0007,Toys,100,241,28.96,85.83628370453225
2023-12-18,S002-P0007,Toys,173,158,34.13,103.10379512169693
2023-12-19,S002-P0007,Toys,75,371,21.03,127.35013925569082
2023-12-20,S002-P0007,Toys,57,314,23.68,86.15296557192718
2023-12-21,S002-P0007,Toys,63,864,22.91,93.98448615813795
2023-12-22,S002-P0007,Toys,42,817,23.49,95.25147272691855
2023-12-23,S002-P0007,Toys,133,775,28.87,128.42295533610815
2023-12-24,S002-P0007,Toys,126,621,24.86,128.42295533610815
2023-12-25,S002-P0007,Toys,92,494,26.82,88.30473407455376
2023-12-26,S002-P0007,Toys,76,422,24.02,105.72127940973954
2023-12-27,S002-P0007,Toys,20,343,22.47,31.760868242625946
2023-12-28,S002-P0007,Toys,19,331,20.18,27.622387472437122
2023-12-29,S002-P0007,Toys,16,315,22.07,32.69973412387393
2023-12-30,S002-P0007,Toys,9,304,18.28,30.947436803375943
2023-12-31,S002-P0007,Toys,30,299,20.07,32.56597786719185
2024-01-01,S002-P0007,Toys,36,269,20.49,34.9407689952012
2024-01-02,S002-P0007,Toys,32,239,21.33,31.201203112487168
2024-01-03,S002-P0007,Toys,61,204,21.46,39.62430918349706
2024-01-04,S002-P0007,Toys,62,150,21.36,47.093785666614046
2024-01-05,S002-P0007,Toys,9,81,19.35,29.167564117526993
2024-01-06,S002-P0007,Toys,67,237,23.28,30.016266842428443
2024-01-07,S002-P0007,Toys,49,191,21.71,33.44201249381576
2024-01-08,S002-P0007,Toys,30,152,21.14,31.411868550347666
2024-01-09,S002-P0007,Toys,67,326,25.87,95.56134005593688
2024-01-10,S002-P0007,Toys,137,266,27.4,111.19790302921055
2024-01-11,S002-P0007,Toys,50,131,24.24,87.90607097881092
2024-01-12,S002-P0007,Toys,43,94,22.31,96.05747043604178
2024-01-13,S002-P0007,Toys,56,526,23.54,127.71832718309233
2024-01-14,S002-P0007,Toys,120,485,32.56,97.56454616309004
2024-01-15,S002-P0007,Toys,115,412,30.43,98.26100576583278
2024-01-16,S002-P0007,Toys,134,313,28.81,111.93686025315853
2024-01-17,S002-P0007,Toys,99,161,21.65,129.17071280323486
2024-01-18,S002-P0007,Toys,49,454,24.1,102.88984913193191
2024-01-19,S002-P0007,Toys,61,415,25.25,88.29445522703797
2024-01-20,S002-P0007,Toys,101,355,22.92,133.12005904456663
2024-01-21,S002-P0007,Toys,47,262,23.9,86.5015385788094
2024-01-22,S002-P0007,Toys,68,231,25.96,86.75688636189146
2024-01-23,S002-P0007,Toys,104,425,26.47,84.76754665232993
2024-01-24,S002-P0007,Toys,99,307,28.91,101.23060091512754
2024-01-25,S002-P0007,Toys,155,196,28.8,133.18295802709753
2024-01-26,S002-P0007,Toys,75,24,25.23,99.55030462092908
2024-01-27,S002-P0007,Toys,174,271,28.81,131.78555007389346
2024-01-28,S002-P0007,Toys,60,550,25.23,95.07726241679565
2024-01-29,S002-P0007,Toys,129,491,30.06,86.47888354846273
2024-01-30,S002-P0007,Toys,109,414,26.84,84.86956712575267
2023-10-03,S002-P0008,Groceries,74,169,22.51,101.09737930274333
2023-10-04,S002-P0008,Groceries,106,102,23.67,136.39643039623903
2023-10-05,S002-P0008,Groceries,97,108,27.03,137.9085258314761
2023-10-06,S002-P0008,Groceries,154,110,27.53,101.8731198561244
2023-10-07,S002-P0008,Groceries,65,156,21.75,74.10717721434662
2023-10-08,S002-P0008,Groceries,172,92,25.69,112.93089606108374
2023-10-09,S002-P0008,Groceries,119,164,26.23,81.70260110536879
2023-10-10,S002-P0008,Groceries,59,166,21.27,81.85409771908662
2023-10-11,S002-P0008,Groceries,75,125,22.64,73.25629608855952
2023-10-12,S002-P0008,Groceries,122,122,25.05,113.1523685366938
2023-10-13,S002-P0008,Groceries,75,170,22.65,73.3075273558524
2023-10-14,S002-P0008,Groceries,97,105,23.12,74.03267884433599
2023-10-15,S002-P0008,Groceries,99,130,25.88,81.6085581576904
2023-10-16,S002-P0008,Groceries,63,151,20.54,81.63879279323397
2023-10-17,S002-P0008,Groceries,108,90,24.01,72.79692672433258
2023-10-18,S002-P0008,Groceries,117,118,20.57,100.6499644738604
2023-10-19,S002-P0008,Groceries,93,140,19.04,93.16635031388132
2023-10-20,S002-P0008,Groceries,59,143,21.26,72.58510357421616
2023-10-21,S002-P0008,Groceries,125,101,25.15,102.12152717485624
2023-10-22,S002-P0008,Groceries,94,110,24.2,89.97061471379213
2023-10-23,S002-P0008,Groceries,148,112,28.47,113.72224992274484
2023-10-24,S002-P0008,Groceries,66,170,20.78,89.86899883933967
2023-10-25,S002-P0008,Groceries,117,121,27.44,98.9374191581704
2023-10-26,S002-P0008,Groceries,31,107,20.08,112.94570091712951
2023-10-27,S002-P0008,Groceries,122,77,22.28,147.7118669684743
2023-10-28,S002-P0008,Groceries,118,107,26.16,124.53287492238621
2023-10-29,S002-P0008,Groceries,85,129,25.95,114.02311052070849
2023-10-30,S002-P0008,Groceries,133,103,27.3,114.16967940449406
2023-10-31,S002-P0008,Groceries,101,142,23.44,99.80438441998044
2023-11-01,S002-P0008,Groceries,93,167,24.01,113.58572657910359
2023-11-02,S002-P0008,Groceries,81,83,24.33,123.57227715198263
2023-11-03,S002-P0008,Groceries,154,96,28.97,148.17829694764833
2023-11-04,S002-P0008,Groceries,69,149,23.32,98.75070765535978
2023-11-05,S002-P0008,Groceries,156,99,29.15,132.40366322747624
2023-11-06,S002-P0008,Groceries,129,148,26.97,99.87192382171278
2023-11-07,S002-P0008,Groceries,103,174,23.59,123.77168950552945
2023-11-08,S002-P0008,Groceries,79,51,25.46,97.00982066188735
2023-11-09,S002-P0008,Groceries,144,79,25.02,132.5990449136045
2023-11-10,S002-P0008,Groceries,131,170,21.43,148.3317354459463
2023-11-11,S002-P0008,Groceries,75,191,23.87,98.16967920966594
2023-11-12,S002-P0008,Groceries,157,108,25.99,162.79555169418254
2023-11-13,S002-P0008,Groceries,149,136,25.35,162.26559821137673
2023-11-14,S002-P0008,Groceries,33,208,21.33,113.00178111852564
2023-11-15,S002-P0008,Groceries,98,183,25.82,97.85927089740025
2023-11-16,S002-P0008,Groceries,146,83,28.29,98.15895613141836
2023-11-17,S002-P0008,Groceries,118,171,20.65,134.8273790764317
2023-11-18,S002-P0008,Groceries,154,81,25.95,164.07441617637969
2023-11-19,S002-P0008,Groceries,86,151,23.52,113.1028587762204
2023-11-20,S002-P0008,Groceries,26,77,14.74,150.672301374412
2023-11-21,S002-P0008,Groceries,50,59,21.68,94.7480104608715
2023-11-22,S002-P0008,Groceries,65,65,24.24,94.75776581020777
2023-11-23,S002-P0008,Groceries,118,78,26.15,111.51773086160674
2023-11-24,S002-P0008,Groceries,85,103,19.51,131.86126408131054
2023-11-25,S002-P0008,Groceries,142,88,29.55,98.82741154923528
2023-11-26,S002-P0008,Groceries,150,145,28.67,99.40105426843273
2023-11-27,S002-P0008,Groceries,198,220,36.15,124.09599438809173
2023-11-28,S002-P0008,Groceries,112,235,28.4,98.55626301727457
2023-11-29,S002-P0008,Groceries,113,147,27.03,98.57842391333745
2023-11-30,S002-P0008,Groceries,163,140,31.35,98.1880082493304
2023-12-01,S002-P0008,Groceries,85,173,23.42,110.78255318058993
2023-12-02,S002-P0008,Groceries,127,95,26.84,112.30027568178738
2023-12-03,S002-P0008,Groceries,119,102,29.06,99.02858013555203
2023-12-04,S002-P0008,Groceries,97,124,24.37,161.15691499948778
2023-12-05,S002-P0008,Groceries,235,126,33.54,159.1401515520427
2023-12-06,S002-P0008,Groceries,181,247,31.21,125.19144980828561
2023-12-07,S002-P0008,Groceries,153,88,27.43,125.0097358737666
2023-12-08,S002-P0008,Groceries,95,173,24.19,99.85660447292403
2023-12-09,S002-P0008,Groceries,76,76,22.64,125.19882211394096
2023-12-10,S002-P0008,Groceries,106,64,26.48,112.73910690857748
2023-12-11,S002-P0008,Groceries,71,110,22.27,104.28936985329966
2023-12-12,S002-P0008,Groceries,64,111,18.06,133.4543830424874
2023-12-13,S002-P0008,Groceries,159,136,31.03,124.98147148214488
2023-12-14,S002-P0008,Groceries,215,189,32.0,159.30425813489316
2023-12-15,S002-P0008,Groceries,211,241,29.8,159.71836948372408
2023-12-16,S002-P0008,Groceries,104,340,26.28,101.10983933488497
2023-12-17,S002-P0008,Groceries,105,276,23.59,134.54817597681028
2023-12-18,S002-P0008,Groceries,119,178,24.84,127.09555776467475
2023-12-19,S002-P0008,Groceries,73,36,22.49,112.86343344344606
2023-12-20,S002-P0008,Groceries,68,87,18.36,132.4252084413548
2023-12-21,S002-P0008,Groceries,126,89,25.33,112.34064620708843
2023-12-22,S002-P0008,Groceries,178,137,24.45,147.70313531330171
2023-12-23,S002-P0008,Groceries,127,171,23.82,147.59960188901397
2023-12-24,S002-P0008,Groceries,146,176,28.32,113.05897543932583
2023-12-25,S002-P0008,Groceries,122,144,26.42,103.40446441474991
2023-12-26,S002-P0008,Groceries,223,149,31.0,162.57184248793632
2023-12-27,S002-P0008,Groceries,97,234,25.69,87.96903163432466
2023-12-28,S002-P0008,Groceries,105,135,26.38,72.10091412776296
2023-12-29,S002-P0008,Groceries,115,109,25.83,87.36659381532237
2023-12-30,S002-P0008,Groceries,76,132,23.89,74.86493557563591
2023-12-31,S002-P0008,Groceries,47,67,20.36,82.6433403940672
2024-01-01,S002-P0008,Groceries,52,63,21.88,74.29933360679543
2024-01-02,S002-P0008,Groceries,58,62,21.22,81.12257736877257
2024-01-03,S002-P0008,Groceries,81,66,18.26,95.62011037601097
2024-01-04,S002-P0008,Groceries,64,95,17.14,107.92635980005076
2024-01-05,S002-P0008,Groceries,114,97,21.73,97.13870497960791
2024-01-06,S002-P0008,Groceries,68,120,23.25,72.85828762472768
2024-01-07,S002-P0008,Groceries,104,58,27.69,82.1826781213761
2024-01-08,S002-P0008,Groceries,73,116,23.69,80.92729461509046
2024-01-09,S002-P0008,Groceries,145,127,25.1,145.940751046917
2024-01-10,S002-P0008,Groceries,73,134,24.91,100.43706635998305
2024-01-11,S002-P0008,Groceries,189,79,30.18,135.96406977905087
2024-01-12,S002-P0008,Groceries,106,219,27.88,112.15282019081228
2024-01-13,S002-P0008,Groceries,85,122,23.39,112.65501634844983
2024-01-14,S002-P0008,Groceries,142,122,31.06,112.55983957131953
2024-01-15,S002-P0008,Groceries,72,116,22.43,115.31912487490987
2024-01-16,S002-P0008,Groceries,110,147,20.14,133.6169898899769
2024-01-17,S002-P0008,Groceries,92,156,21.31,147.61568425076533
2024-01-18,S002-P0008,Groceries,127,48,28.27,123.05957238713808
2024-01-19,S002-P0008,Groceries,105,112,23.74,102.40941812446613
2024-01-20,S002-P0008,Groceries,118,89,26.02,124.1866077995925
2024-01-21,S002-P0008,Groceries,132,124,30.21,100.82415628752493
2024-01-22,S002-P0008,Groceries,66,114,20.74,101.11238027980896
2024-01-23,S002-P0008,Groceries,157,107,24.67,133.8116170283945
2024-01-24,S002-P0008,Groceries,130,128,22.49,160.0794176333508
2024-01-25,S002-P0008,Groceries,120,126,27.68,121.68732571202239
2024-01-26,S002-P0008,Groceries,104,108,26.32,119.45528883274679
2024-01-27,S002-P0008,Groceries,173,92,24.13,156.12253105776
2024-01-28,S002-P0008,Groceries,124,158,28.05,108.13474836676565
2024-01-29,S002-P0008,Groceries,111,186,25.52,100.35949539237254
2024-01-30,S002-P0008,Groceries,96,85,26.98,98.6113278284497
2023-10-03,S002-P0009,Groceries,192,105,73.52,135.10676923760872
2023-10-04,S002-P0009,Groceries,45,403,51.49,101.67958928864567
2023-10-05,S002-P0009,Groceries,112,351,58.79,138.0037026086064
2023-10-06,S002-P0009,Groceries,67,252,53.07,101.8731198561244
2023-10-07,S002-P0009,Groceries,87,183,54.0,74.10717721434662
2023-10-08,S002-P0009,Groceries,66,110,50.22,113.17371815648517
2023-10-09,S002-P0009,Groceries,75,246,60.59,81.63765896378206
2023-10-10,S002-P0009,Groceries,64,199,49.9,81.85409771908662
2023-10-11,S002-P0009,Groceries,73,140,57.24,73.35337771280163
2023-10-12,S002-P0009,Groceries,64,162,58.27,90.62243330371213
2023-10-13,S002-P0009,Groceries,51,98,52.65,73.3075273558524
2023-10-14,S002-P0009,Groceries,78,201,49.46,94.93175987685366
2023-10-15,S002-P0009,Groceries,77,121,55.11,81.6085581576904
2023-10-16,S002-P0009,Groceries,94,188,58.35,81.63879279323397
2023-10-17,S002-P0009,Groceries,107,112,57.78,72.79692672433258
2023-10-18,S002-P0009,Groceries,107,237,51.3,102.41772337463377
2023-10-19,S002-P0009,Groceries,64,131,58.28,72.25760904909163
2023-10-20,S002-P0009,Groceries,45,282,48.87,72.55486893867258
2023-10-21,S002-P0009,Groceries,105,230,57.01,102.12152717485624
2023-10-22,S002-P0009,Groceries,96,130,55.7,90.00084934933571
2023-10-23,S002-P0009,Groceries,142,284,64.24,113.72224992274484
2023-10-24,S002-P0009,Groceries,72,168,57.07,89.83876420379609
2023-10-25,S002-P0009,Groceries,76,431,57.78,98.84033753392829
2023-10-26,S002-P0009,Groceries,181,379,75.3,147.62824352135857
2023-10-27,S002-P0009,Groceries,169,252,57.81,147.42480654156435
2023-10-28,S002-P0009,Groceries,178,412,62.2,162.41627617183434
2023-10-29,S002-P0009,Groceries,108,254,61.27,114.08805266229521
2023-10-30,S002-P0009,Groceries,99,488,62.65,113.95383362538932
2023-10-31,S002-P0009,Groceries,76,425,60.97,99.47693738669508
2023-11-01,S002-P0009,Groceries,74,339,60.39,113.14433692686109
2023-11-02,S002-P0009,Groceries,177,294,58.98,161.80011926189468
2023-11-03,S002-P0009,Groceries,162,144,63.58,148.30018060454378
2023-11-04,S002-P0009,Groceries,144,297,57.51,132.30882359798588
2023-11-05,S002-P0009,Groceries,107,204,57.87,98.99454281153349
2023-11-06,S002-P0009,Groceries,74,419,57.47,99.68108745461817
2023-11-07,S002-P0009,Groceries,113,348,65.5,123.55584372642471
2023-11-08,S002-P0009,Groceries,139,256,53.13,131.60451135694086
2023-11-09,S002-P0009,Groceries,125,132,68.01,97.36287811609559
2023-11-10,S002-P0009,Groceries,91,256,57.89,112.59384712928386
2023-11-11,S002-P0009,Groceries,131,196,65.75,98.16967920966594
2023-11-12,S002-P0009,Groceries,66,233,52.87,124.15742974603262
2023-11-13,S002-P0009,Groceries,136,161,55.45,162.47432151578218
2023-11-14,S002-P0009,Groceries,147,72,61.56,150.67666232828614
2023-11-15,S002-P0009,Groceries,64,310,58.24,97.95635252164236
2023-11-16,S002-P0009,Groceries,75,247,57.72,98.12872149587479
2023-11-17,S002-P0009,Groceries,138,167,63.6,100.35040049601758
2023-11-18,S002-P0009,Groceries,169,26,57.76,163.27014009698843
2023-11-19,S002-P0009,Groceries,178,329,78.85,113.1028587762204
2023-11-20,S002-P0009,Groceries,139,518,70.78,113.44031376183248
2023-11-21,S002-P0009,Groceries,142,418,57.21,132.69657314342604
2023-11-22,S002-P0009,Groceries,90,255,60.65,94.75776581020777
2023-11-23,S002-P0009,Groceries,107,172,57.75,111.73357664071148
2023-11-24,S002-P0009,Groceries,129,271,72.44,100.45738050478315
2023-11-25,S002-P0009,Groceries,206,167,71.26,130.33270310924684
2023-11-26,S002-P0009,Groceries,61,235,54.69,99.37081963288915
2023-11-27,S002-P0009,Groceries,35,586,49.42,124.09599438809173
2023-11-28,S002-P0009,Groceries,199,551,62.36,127.14727063460866
2023-11-29,S002-P0009,Groceries,84,334,59.43,98.48134228909534
2023-11-30,S002-P0009,Groceries,61,242,52.09,98.1880082493304
2023-12-01,S002-P0009,Groceries,118,185,52.5,141.76120209729325
2023-12-02,S002-P0009,Groceries,143,51,71.7,112.30027568178738
2023-12-03,S002-P0009,Groceries,67,227,44.81,131.10310971262584
2023-12-04,S002-P0009,Groceries,181,466,71.07,160.7285793215167
2023-12-05,S002-P0009,Groceries,89,279,57.31,125.23384853827014
2023-12-06,S002-P0009,Groceries,91,193,54.54,161.65304183714684
2023-12-07,S002-P0009,Groceries,186,135,80.53,124.60213016341784
2023-12-08,S002-P0009,Groceries,166,164,76.34,99.82636983738045
2023-12-09,S002-P0009,Groceries,159,411,75.01,124.72627426200548
2023-12-10,S002-P0009,Groceries,92,312,58.15,112.73910690857748
2023-12-11,S002-P0009,Groceries,152,209,73.47,104.25913521775608
2023-12-12,S002-P0009,Groceries,244,31,87.57,134.23491933926803
2023-12-13,S002-P0009,Groceries,182,348,63.78,161.3023106771048
2023-12-14,S002-P0009,Groceries,193,612,77.83,123.83728422412551
2023-12-15,S002-P0009,Groceries,130,453,65.32,124.37538332603305
2023-12-16,S002-P0009,Groceries,88,352,63.42,101.10983933488497
2023-12-17,S002-P0009,Groceries,127,268,58.06,134.54817597681028
2023-12-18,S002-P0009,Groceries,194,159,61.53,165.33823577856793
2023-12-19,S002-P0009,Groceries,83,290,53.27,112.89366807898963
2023-12-20,S002-P0009,Groceries,124,578,67.71,99.39444077964296
2023-12-21,S002-P0009,Groceries,174,492,65.76,147.6767622078067
2023-12-22,S002-P0009,Groceries,81,383,58.95,112.75727088732495
2023-12-23,S002-P0009,Groceries,160,317,71.08,113.05897543932583
2023-12-24,S002-P0009,Groceries,85,215,56.78,113.02874080378226
2023-12-25,S002-P0009,Groceries,110,411,64.93,103.40446441474991
2023-12-26,S002-P0009,Groceries,249,317,83.59,162.57184248793632
2023-12-27,S002-P0009,Groceries,105,142,60.68,87.96903163432466
2023-12-28,S002-P0009,Groceries,66,505,52.74,72.03406713906443
2023-12-29,S002-P0009,Groceries,128,459,65.16,87.14459924853477
2023-12-30,S002-P0009,Groceries,74,307,54.42,74.96011235276622
2023-12-31,S002-P0009,Groceries,35,224,46.72,82.8653349608548
2024-01-01,S002-P0009,Groceries,89,196,60.54,74.29933360679543
2024-01-02,S002-P0009,Groceries,116,92,49.57,100.73960988305868
2024-01-03,S002-P0009,Groceries,80,200,55.61,72.51919997563738
2024-01-04,S002-P0009,Groceries,44,310,48.62,81.63350414934803
2024-01-05,S002-P0009,Groceries,66,260,52.91,72.77363379182793
2024-01-06,S002-P0009,Groceries,92,203,51.44,97.2817608410791
2024-01-07,S002-P0009,Groceries,120,124,66.94,82.1826781213761
2024-01-08,S002-P0009,Groceries,91,236,60.94,80.92729461509046
2024-01-09,S002-P0009,Groceries,150,353,65.76,145.940751046917
2024-01-10,S002-P0009,Groceries,106,213,57.54,100.81839218102186
2024-01-11,S002-P0009,Groceries,109,388,54.39,135.98140069374077
2024-01-12,S002-P0009,Groceries,116,270,59.42,112.24799696794258
2024-01-13,S002-P0009,Groceries,138,178,70.5,112.62478171290626
2024-01-14,S002-P0009,Groceries,111,221,58.58,112.65501634844983
2024-01-15,S002-P0009,Groceries,71,104,59.85,115.25418273332315
2024-01-16,S002-P0009,Groceries,123,265,56.78,133.90405031688684
2024-01-17,S002-P0009,Groceries,184,120,60.05,147.4649752270581
2024-01-18,S002-P0009,Groceries,150,242,69.23,123.3465090955124
2024-01-19,S002-P0009,Groceries,80,520,52.73,102.40941812446613
2024-01-20,S002-P0009,Groceries,139,435,56.61,158.3265867989042
2024-01-21,S002-P0009,Groceries,157,341,55.92,133.85214673843146
2024-01-22,S002-P0009,Groceries,116,174,59.52,101.11238027980896
2024-01-23,S002-P0009,Groceries,61,385,52.02,98.86187171015145
2024-01-24,S002-P0009,Groceries,284,320,80.61,159.9735299023456
2024-01-25,S002-P0009,Groceries,135,0,73.74,121.68732571202239
2024-01-26,S002-P0009,Groceries,135,603,70.03,119.45528883274679
2024-01-27,S002-P0009,Groceries,148,447,64.97,156.3722239010053
2024-01-28,S002-P0009,Groceries,131,348,69.17,108.13474836676565
2024-01-29,S002-P0009,Groceries,85,210,59.69,100.35949539237254
2024-01-30,S002-P0009,Groceries,108,153,58.06,99.05950063818705
2023-10-03,S002-P0010,Groceries,191,210,98.64,135.10676923760872
2023-10-04,S002-P0010,Groceries,134,294,78.44,136.1093699693291
2023-10-05,S002-P0010,Groceries,117,194,94.5,137.9085258314761
2023-10-06,S002-P0010,Groceries,79,111,87.55,101.84288522058083
2023-10-07,S002-P0010,Groceries,126,103,72.67,93.53770685188223
2023-10-08,S002-P0010,Groceries,87,139,76.99,91.25295661665464
2023-10-09,S002-P0010,Groceries,33,158,66.02,81.73283574091236
2023-10-10,S002-P0010,Groceries,47,133,66.58,81.85409771908662
2023-10-11,S002-P0010,Groceries,104,80,85.98,73.25629608855952
2023-10-12,S002-P0010,Groceries,122,100,90.91,113.1523685366938
2023-10-13,S002-P0010,Groceries,52,109,75.18,73.3075273558524
2023-10-14,S002-P0010,Groceries,66,115,67.56,94.93175987685366
2023-10-15,S002-P0010,Groceries,94,96,78.99,81.63879279323397
2023-10-16,S002-P0010,Groceries,80,99,79.21,81.63879279323397
2023-10-17,S002-P0010,Groceries,47,105,70.03,72.79692672433258
2023-10-18,S002-P0010,Groceries,57,115,76.82,81.73994798738063
2023-10-19,S002-P0010,Groceries,61,138,73.87,93.71385034164973
2023-10-20,S002-P0010,Groceries,71,100,85.17,72.55486893867258
2023-10-21,S002-P0010,Groceries,113,101,88.24,101.8463534229101
2023-10-22,S002-P0010,Groceries,102,151,75.89,111.5637260356858
2023-10-23,S002-P0010,Groceries,93,194,83.0,89.85980386390402
2023-10-24,S002-P0010,Groceries,88,84,85.91,89.83876420379609
2023-10-25,S002-P0010,Groceries,124,100,91.32,98.87057216947187
2023-10-26,S002-P0010,Groceries,46,110,69.69,113.16154669623425
2023-10-27,S002-P0010,Groceries,87,62,85.52,113.38399774012386
2023-10-28,S002-P0010,Groceries,161,98,84.72,162.41627617183434
2023-10-29,S002-P0010,Groceries,102,183,81.01,114.30389844139995
2023-10-30,S002-P0010,Groceries,126,78,91.96,114.16967940449406
2023-10-31,S002-P0010,Groceries,138,148,100.62,99.47693738669508
2023-11-01,S002-P0010,Groceries,119,197,94.96,113.14433692686109
2023-11-02,S002-P0010,Groceries,259,107,115.65,162.60439534128594
2023-11-03,S002-P0010,Groceries,71,299,72.73,113.3628389090706
2023-11-04,S002-P0010,Groceries,145,225,92.44,132.30882359798588
2023-11-05,S002-P0010,Groceries,121,76,95.45,98.80370644443887
2023-11-06,S002-P0010,Groceries,94,132,83.18,99.68108745461817
2023-11-07,S002-P0010,Groceries,71,138,76.6,162.27648930327322
2023-11-08,S002-P0010,Groceries,120,87,85.87,131.96735095662893
2023-11-09,S002-P0010,Groceries,206,134,114.27,131.78111953945455
2023-11-10,S002-P0010,Groceries,44,187,72.89,112.59384712928386
2023-11-11,S002-P0010,Groceries,100,142,85.01,98.16967920966594
2023-11-12,S002-P0010,Groceries,173,158,83.06,161.69150860589744
2023-11-13,S002-P0010,Groceries,155,170,95.09,124.13551688544925
2023-11-14,S002-P0010,Groceries,98,192,93.47,113.00178111852564
2023-11-15,S002-P0010,Groceries,188,88,98.05,133.24900283685906
2023-11-16,S002-P0010,Groceries,91,185,82.31,98.12872149587479
2023-11-17,S002-P0010,Groceries,126,111,97.07,100.320165860474
2023-11-18,S002-P0010,Groceries,41,124,76.0,123.98886299317572
2023-11-19,S002-P0010,Groceries,113,81,74.5,149.52097454346077
2023-11-20,S002-P0010,Groceries,194,94,116.93,113.50525590341921
2023-11-21,S002-P0010,Groceries,106,172,95.87,94.7480104608715
2023-11-22,S002-P0010,Groceries,148,54,81.81,133.46564282553643
2023-11-23,S002-P0010,Groceries,168,166,98.55,150.20890351443265
2023-11-24,S002-P0010,Groceries,85,181,85.04,100.45738050478315
2023-11-25,S002-P0010,Groceries,128,102,92.59,98.85764618477886
2023-11-26,S002-P0010,Groceries,60,140,73.48,99.40105426843273
2023-11-27,S002-P0010,Groceries,63,80,74.51,124.37678230878319
2023-11-28,S002-P0010,Groceries,101,82,85.21,98.55626301727457
2023-11-29,S002-P0010,Groceries,61,93,73.75,98.64818759082965
2023-11-30,S002-P0010,Groceries,99,75,89.05,98.1880082493304
2023-12-01,S002-P0010,Groceries,124,105,101.59,110.50176525989846
2023-12-02,S002-P0010,Groceries,164,126,102.9,112.30027568178738
2023-12-03,S002-P0010,Groceries,133,149,94.27,99.02858013555203
2023-12-04,S002-P0010,Groceries,201,174,125.28,124.51870195859979
2023-12-05,S002-P0010,Groceries,67,197,79.73,124.82624282792138
2023-12-06,S002-P0010,Groceries,110,125,87.83,125.19144980828561
2023-12-07,S002-P0010,Groceries,133,148,99.14,124.53718802183111
2023-12-08,S002-P0010,Groceries,122,152,86.25,133.11590982235404
2023-12-09,S002-P0010,Groceries,193,163,87.52,159.27334586656713
2023-12-10,S002-P0010,Groceries,188,232,92.25,146.60658910563953
2023-12-11,S002-P0010,Groceries,135,245,89.59,136.5990598175359
2023-12-12,S002-P0010,Groceries,140,140,101.13,99.57733911522872
2023-12-13,S002-P0010,Groceries,167,150,109.15,124.98147148214488
2023-12-14,S002-P0010,Groceries,149,172,103.84,123.77234208253878
2023-12-15,S002-P0010,Groceries,94,203,92.14,124.08844661765872
2023-12-16,S002-P0010,Groceries,53,147,75.57,101.10983933488497
2023-12-17,S002-P0010,Groceries,150,103,83.24,134.48303578491067
2023-12-18,S002-P0010,Groceries,143,174,91.94,166.60002804479166
2023-12-19,S002-P0010,Groceries,162,173,102.27,112.86343344344606
2023-12-20,S002-P0010,Groceries,178,137,89.82,132.71226886826474
2023-12-21,S002-P0010,Groceries,143,188,96.96,112.31041157154485
2023-12-22,S002-P0010,Groceries,98,176,84.48,112.75727088732495
2023-12-23,S002-P0010,Groceries,95,81,87.82,113.02874080378226
2023-12-24,S002-P0010,Groceries,99,106,70.46,147.31254146210404
2023-12-25,S002-P0010,Groceries,102,118,80.98,136.10962892866021
2023-12-26,S002-P0010,Groceries,109,160,92.14,123.30702178200728
2023-12-27,S002-P0010,Groceries,167,200,97.58,113.34403400271596
2023-12-28,S002-P0010,Groceries,83,255,84.37,72.10091412776296
2023-12-29,S002-P0010,Groceries,116,167,93.99,88.91357826040027
2023-12-30,S002-P0010,Groceries,74,158,81.77,74.86493557563591
2023-12-31,S002-P0010,Groceries,94,90,79.0,82.8653349608548
2024-01-01,S002-P0010,Groceries,90,76,72.86,94.74898335048451
2024-01-02,S002-P0010,Groceries,93,88,78.72,81.12257736877257
2024-01-03,S002-P0010,Groceries,62,103,82.49,72.60859519415541
2024-01-04,S002-P0010,Groceries,89,112,73.2,109.93621821032049
2024-01-05,S002-P0010,Groceries,130,92,83.46,97.28113434134187
2024-01-06,S002-P0010,Groceries,81,156,88.31,72.79334548314095
2024-01-07,S002-P0010,Groceries,189,84,103.35,106.54944854096905
2024-01-08,S002-P0010,Groceries,134,189,104.49,80.92729461509046
2024-01-09,S002-P0010,Groceries,147,170,92.87,110.37847791133595
2024-01-10,S002-P0010,Groceries,74,147,69.51,134.07892585952857
2024-01-11,S002-P0010,Groceries,118,99,85.34,103.03535366785113
2024-01-12,S002-P0010,Groceries,174,135,105.17,112.24799696794258
2024-01-13,S002-P0010,Groceries,124,178,96.4,112.55983957131953
2024-01-14,S002-P0010,Groceries,152,183,104.68,112.62478171290626
2024-01-15,S002-P0010,Groceries,140,188,101.1,115.31912487490987
2024-01-16,S002-P0010,Groceries,103,188,67.66,133.6169898899769
2024-01-17,S002-P0010,Groceries,182,122,102.02,148.35648866444512
2024-01-18,S002-P0010,Groceries,164,179,102.61,123.3465090955124
2024-01-19,S002-P0010,Groceries,86,180,89.83,102.37918348892255
2024-01-20,S002-P0010,Groceries,86,108,80.91,123.9646132328049
2024-01-21,S002-P0010,Groceries,156,132,89.19,134.1392071653414
2024-01-22,S002-P0010,Groceries,180,131,107.26,101.11238027980896
2024-01-23,S002-P0010,Groceries,98,179,88.93,98.86187171015145
2024-01-24,S002-P0010,Groceries,169,82,92.35,159.9735299023456
2024-01-25,S002-P0010,Groceries,115,150,93.83,121.75226785360911
2024-01-26,S002-P0010,Groceries,120,200,100.15,119.39034669116006
2024-01-27,S002-P0010,Groceries,159,101,80.08,156.12253105776
2024-01-28,S002-P0010,Groceries,112,142,92.96,108.13474836676565
2024-01-29,S002-P0010,Groceries,120,108,95.18,100.35949539237254
2024-01-30,S002-P0010,Groceries,107,143,86.77,99.05950063818705
2023-10-03,S002-P0011,Groceries,48,190,83.6,101.06714466719976
2023-10-04,S002-P0011,Groceries,116,528,95.91,101.67958928864567
2023-10-05,S002-P0011,Groceries,158,441,120.22,137.9085258314761
2023-10-06,S002-P0011,Groceries,101,283,86.52,101.8731198561244
2023-10-07,S002-P0011,Groceries,106,167,87.59,95.05753242260921
2023-10-08,S002-P0011,Groceries,114,642,85.28,113.17371815648517
2023-10-09,S002-P0011,Groceries,37,543,76.23,81.63765896378206
2023-10-10,S002-P0011,Groceries,90,499,74.27,101.14340883095602
2023-10-11,S002-P0011,Groceries,66,432,85.25,73.25629608855952
2023-10-12,S002-P0011,Groceries,113,377,94.69,113.1523685366938
2023-10-13,S002-P0011,Groceries,87,299,91.78,73.3075273558524
2023-10-14,S002-P0011,Groceries,79,219,89.29,74.00244420879241
2023-10-15,S002-P0011,Groceries,63,490,88.7,81.54361601610367
2023-10-16,S002-P0011,Groceries,112,414,94.75,81.6085581576904
2023-10-17,S002-P0011,Groceries,73,330,68.93,92.32253905964026
2023-10-18,S002-P0011,Groceries,92,243,98.35,81.6750058457939
2023-10-19,S002-P0011,Groceries,97,160,89.88,93.71385034164973
2023-10-20,S002-P0011,Groceries,40,58,73.15,72.55486893867258
2023-10-21,S002-P0011,Groceries,33,255,59.85,101.97909781312228
2023-10-22,S002-P0011,Groceries,70,232,86.38,89.97061471379213
2023-10-23,S002-P0011,Groceries,89,150,83.22,113.72224992274484
2023-10-24,S002-P0011,Groceries,76,78,92.95,89.77382206220936
2023-10-25,S002-P0011,Groceries,96,250,94.74,98.9374191581704
2023-10-26,S002-P0011,Groceries,181,158,102.33,147.75012717825402
2023-10-27,S002-P0011,Groceries,110,0,89.25,113.5998435192286
2023-10-28,S002-P0011,Groceries,114,343,95.25,124.53287492238621
2023-10-29,S002-P0011,Groceries,105,715,87.7,114.30389844139995
2023-10-30,S002-P0011,Groceries,104,634,92.23,113.95383362538932
2023-10-31,S002-P0011,Groceries,57,534,82.31,99.47693738669508
2023-11-01,S002-P0011,Groceries,101,475,101.44,113.14433692686109
2023-11-02,S002-P0011,Groceries,141,367,108.67,123.57227715198263
2023-11-03,S002-P0011,Groceries,150,265,105.96,112.98639139841482
2023-11-04,S002-P0011,Groceries,169,146,88.31,132.02176317107595
2023-11-05,S002-P0011,Groceries,35,464,71.43,98.99454281153349
2023-11-06,S002-P0011,Groceries,100,425,85.83,132.75280701905228
2023-11-07,S002-P0011,Groceries,119,321,96.75,123.55584372642471
2023-11-08,S002-P0011,Groceries,111,200,99.27,96.91273903764524
2023-11-09,S002-P0011,Groceries,134,107,95.82,97.29603112739706
2023-11-10,S002-P0011,Groceries,90,423,92.62,112.59384712928386
2023-11-11,S002-P0011,Groceries,131,348,89.69,133.27408017696555
2023-11-12,S002-P0011,Groceries,150,219,105.72,124.15742974603262
2023-11-13,S002-P0011,Groceries,38,101,76.24,123.91967110634451
2023-11-14,S002-P0011,Groceries,78,438,88.87,113.00178111852564
2023-11-15,S002-P0011,Groceries,34,352,63.22,133.18386264495945
2023-11-16,S002-P0011,Groceries,32,320,74.42,98.2258031201169
2023-11-17,S002-P0011,Groceries,138,300,96.95,135.09710858865174
2023-11-18,S002-P0011,Groceries,214,136,117.93,164.07441617637969
2023-11-19,S002-P0011,Groceries,139,0,108.26,113.03791663463367
2023-11-20,S002-P0011,Groceries,74,381,83.1,113.72110168252395
2023-11-21,S002-P0011,Groceries,165,1073,91.8,133.64400670194294
2023-11-22,S002-P0011,Groceries,86,952,91.55,94.66068418596566
2023-11-23,S002-P0011,Groceries,130,853,100.07,111.51773086160674
2023-11-24,S002-P0011,Groceries,93,713,84.4,132.13099359353058
2023-11-25,S002-P0011,Groceries,67,608,64.17,130.0456426823369
2023-11-26,S002-P0011,Groceries,91,561,88.07,130.49268293063682
2023-11-27,S002-P0011,Groceries,82,492,90.16,124.09599438809173
2023-11-28,S002-P0011,Groceries,95,396,89.66,98.55626301727457
2023-11-29,S002-P0011,Groceries,113,328,94.76,98.64818759082965
2023-11-30,S002-P0011,Groceries,64,219,84.59,98.2850898735725
2023-12-01,S002-P0011,Groceries,130,162,89.56,142.49929296076758
2023-12-02,S002-P0011,Groceries,141,410,103.34,112.30027568178738
2023-12-03,S002-P0011,Groceries,94,304,99.01,99.02858013555203
2023-12-04,S002-P0011,Groceries,164,195,92.89,158.83983191794425
2023-12-05,S002-P0011,Groceries,135,493,112.45,124.76130068633465
2023-12-06,S002-P0011,Groceries,47,340,67.37,161.65304183714684
2023-12-07,S002-P0011,Groceries,159,297,97.31,159.84841995226287
2023-12-08,S002-P0011,Groceries,139,113,97.37,99.85660447292403
2023-12-09,S002-P0011,Groceries,163,0,97.49,159.32816424492069
2023-12-10,S002-P0011,Groceries,124,399,103.47,112.73910690857748
2023-12-11,S002-P0011,Groceries,82,252,75.88,136.1055839476652
2023-12-12,S002-P0011,Groceries,108,727,103.76,99.57733911522872
2023-12-13,S002-P0011,Groceries,141,606,114.61,124.91652934055816
2023-12-14,S002-P0011,Groceries,123,453,103.2,123.83728422412551
2023-12-15,S002-P0011,Groceries,135,320,101.61,124.15338875924544
2023-12-16,S002-P0011,Groceries,159,187,108.53,134.45333634731992
2023-12-17,S002-P0011,Groceries,79,67,89.37,101.7628784475162
2023-12-18,S002-P0011,Groceries,205,459,128.91,126.80862105630042
2023-12-19,S002-P0011,Groceries,130,257,94.93,147.56772031205287
2023-12-20,S002-P0011,Groceries,119,141,101.75,99.29735915540086
2023-12-21,S002-P0011,Groceries,63,721,80.15,112.31041157154485
2023-12-22,S002-P0011,Groceries,25,647,68.58,147.99019574021165
2023-12-23,S002-P0011,Groceries,98,626,90.41,113.02874080378226
2023-12-24,S002-P0011,Groceries,124,548,103.46,112.96379866219553
2023-12-25,S002-P0011,Groceries,42,406,77.71,103.40446441474991
2023-12-26,S002-P0011,Groceries,192,372,112.46,162.57184248793632
2023-12-27,S002-P0011,Groceries,108,147,93.37,88.00645420546392
2023-12-28,S002-P0011,Groceries,82,60,90.36,72.10091412776296
2023-12-29,S002-P0011,Groceries,84,594,90.91,88.91357826040027
2023-12-30,S002-P0011,Groceries,65,538,89.4,74.86493557563591
2023-12-31,S002-P0011,Groceries,75,481,83.25,82.8653349608548
2024-01-01,S002-P0011,Groceries,129,410,78.88,93.25492255243404
2024-01-02,S002-P0011,Groceries,77,258,88.76,80.90058280198497
2024-01-03,S002-P0011,Groceries,135,204,96.14,97.87608749920413
2024-01-04,S002-P0011,Groceries,44,501,62.62,109.18817854954487
2024-01-05,S002-P0011,Groceries,106,469,92.49,97.1267341725333
2024-01-06,S002-P0011,Groceries,99,369,90.56,97.2697900340045
2024-01-07,S002-P0011,Groceries,99,265,95.43,82.24762026296283
2024-01-08,S002-P0011,Groceries,79,161,89.36,80.92729461509046
2024-01-09,S002-P0011,Groceries,165,85,110.48,110.34824327579237
2024-01-10,S002-P0011,Groceries,123,283,103.12,100.43706635998305
2024-01-11,S002-P0011,Groceries,201,178,108.59,135.98140069374077
2024-01-12,S002-P0011,Groceries,61,582,79.31,112.217762332399
2024-01-13,S002-P0011,Groceries,155,542,107.21,146.9765573309238
2024-01-14,S002-P0011,Groceries,97,405,90.06,112.62478171290626
2024-01-15,S002-P0011,Groceries,225,344,101.31,150.69097407658018
2024-01-16,S002-P0011,Groceries,105,111,97.5,99.9099486802548
2024-01-17,S002-P0011,Groceries,96,30,74.62,147.4649752270581
2024-01-18,S002-P0011,Groceries,130,596,105.32,123.05957238713808
2024-01-19,S002-P0011,Groceries,103,490,87.15,102.40941812446613
2024-01-20,S002-P0011,Groceries,136,383,84.66,158.40811982375334
2024-01-21,S002-P0011,Groceries,118,284,91.5,100.85439092306851
2024-01-22,S002-P0011,Groceries,146,150,99.21,101.11238027980896
2024-01-23,S002-P0011,Groceries,69,506,90.65,98.86187171015145
2024-01-24,S002-P0011,Groceries,119,447,101.76,123.41351518394723
2024-01-25,S002-P0011,Groceries,80,330,94.44,121.68732571202239
2024-01-26,S002-P0011,Groceries,78,266,88.91,119.39034669116006
2024-01-27,S002-P0011,Groceries,66,177,80.91,119.34285963917836
2024-01-28,S002-P0011,Groceries,121,125,107.83,108.13474836676565
2024-01-29,S002-P0011,Groceries,152,239,101.16,100.35949539237254
2024-01-30,S002-P0011,Groceries,62,73,83.8,98.6113278284497
2023-10-03,S002-P0012,Electronics,87,328,53.65,113.43861808104221
2023-10-04,S002-P0012,Electronics,88,255,67.15,84.88311556654824
2023-10-05,S002-P0012,Electronics,119,192,66.9,100.79316418459854
2023-10-06,S002-P0012,Electronics,50,660,58.47,84.8185108677287
2023-10-07,S002-P0012,Electronics,27,608,53.22,50.173765984250224
2023-10-08,S002-P0012,Electronics,29,591,50.89,57.1483627100962
2023-10-09,S002-P0012,Electronics,47,572,60.83,54.34509153987331
2023-10-10,S002-P0012,Electronics,31,534,45.64,71.02233490123918
2023-10-11,S002-P0012,Electronics,51,507,55.66,49.96530120915618
2023-10-12,S002-P0012,Electronics,51,448,49.5,78.8118570304669
2023-10-13,S002-P0012,Electronics,104,398,55.92,66.87413756339778
2023-10-14,S002-P0012,Electronics,70,323,53.68,67.35604094246726
2023-10-15,S002-P0012,Electronics,63,248,58.12,54.73063303796425
2023-10-16,S002-P0012,Electronics,78,181,61.75,54.622737847156074
2023-10-17,S002-P0012,Electronics,27,556,55.98,49.79228262172642
2023-10-18,S002-P0012,Electronics,62,538,52.12,71.85921819007709
2023-10-19,S002-P0012,Electronics,30,467,56.81,48.8779117463388
2023-10-20,S002-P0012,Electronics,90,440,53.39,65.81691970957203
2023-10-21,S002-P0012,Electronics,38,339,41.86,70.85875193225606
2023-10-22,S002-P0012,Electronics,72,307,63.43,58.14090705228709
2023-10-23,S002-P0012,Electronics,68,254,62.7,57.88749350554766
2023-10-24,S002-P0012,Electronics,43,622,59.74,57.86645384543973
2023-10-25,S002-P0012,Electronics,127,576,64.67,111.00352880509105
2023-10-26,S002-P0012,Electronics,76,499,61.07,93.0501872893646
2023-10-27,S002-P0012,Electronics,99,448,69.75,93.20285440788238
2023-10-28,S002-P0012,Electronics,66,374,59.04,103.23112993098309
2023-10-29,S002-P0012,Electronics,91,849,71.36,94.59040642752704
2023-10-30,S002-P0012,Electronics,93,767,68.41,94.62421005363798
2023-10-31,S002-P0012,Electronics,56,656,62.96,85.34150974490424
2023-11-01,S002-P0012,Electronics,133,608,69.8,125.06961957429846
2023-11-02,S002-P0012,Electronics,89,507,67.51,103.02970876627894
2023-11-03,S002-P0012,Electronics,115,430,58.7,125.02477587021944
2023-11-04,S002-P0012,Electronics,112,331,72.8,87.36118835174761
2023-11-05,S002-P0012,Electronics,38,835,52.98,87.41418714082671
2023-11-06,S002-P0012,Electronics,104,803,67.41,88.1928479480793
2023-11-07,S002-P0012,Electronics,82,715,62.53,102.35080652173343
2023-11-08,S002-P0012,Electronics,70,650,59.82,84.6123443052037
2023-11-09,S002-P0012,Electronics,70,580,59.84,111.84988912887557
2023-11-10,S002-P0012,Electronics,88,503,56.66,125.34339113853193
2023-11-11,S002-P0012,Electronics,129,426,76.62,85.6811425170849
2023-11-12,S002-P0012,Electronics,140,292,75.13,102.8142073175012
2023-11-13,S002-P0012,Electronics,71,182,63.33,102.6496917600665
2023-11-14,S002-P0012,Electronics,91,119,57.61,127.08091281517979
2023-11-15,S002-P0012,Electronics,148,553,72.97,84.42718832213222
2023-11-16,S002-P0012,Electronics,108,422,68.01,85.60270966031483
2023-11-17,S002-P0012,Electronics,99,314,65.95,87.33366364133808
2023-11-18,S002-P0012,Electronics,203,212,78.82,137.38632194261257
2023-11-19,S002-P0012,Electronics,107,632,67.71,126.3064565751559
2023-11-20,S002-P0012,Electronics,43,540,51.28,93.3545451935877
2023-11-21,S002-P0012,Electronics,74,504,63.88,82.48852690370597
2023-11-22,S002-P0012,Electronics,124,1278,75.46,81.67045951440207
2023-11-23,S002-P0012,Electronics,139,1168,70.98,126.42144643643614
2023-11-24,S002-P0012,Electronics,159,1001,70.94,110.98437358611771
2023-11-25,S002-P0012,Electronics,140,862,71.19,85.07370299814265
2023-11-26,S002-P0012,Electronics,91,710,61.1,109.40128357084156
2023-11-27,S002-P0012,Electronics,107,609,71.48,101.11299219750666
2023-11-28,S002-P0012,Electronics,92,509,64.7,83.81690129065203
2023-11-29,S002-P0012,Electronics,124,450,75.5,84.06124935953333
2023-11-30,S002-P0012,Electronics,51,337,58.74,83.8440518525249
2023-12-01,S002-P0012,Electronics,110,280,68.74,91.66664764763868
2023-12-02,S002-P0012,Electronics,107,201,60.87,125.95225464772399
2023-12-03,S002-P0012,Electronics,102,699,55.51,111.24904949364911
2023-12-04,S002-P0012,Electronics,114,610,73.28,101.79944041293902
2023-12-05,S002-P0012,Electronics,75,494,60.99,102.04203914067388
2023-12-06,S002-P0012,Electronics,85,435,59.84,102.81485183138687
2023-12-07,S002-P0012,Electronics,110,333,72.23,101.53490952098741
2023-12-08,S002-P0012,Electronics,71,254,63.35,84.59065993830126
2023-12-09,S002-P0012,Electronics,109,190,56.81,131.60390342773337
2023-12-10,S002-P0012,Electronics,128,107,57.25,125.13126394088512
2023-12-11,S002-P0012,Electronics,142,383,75.37,112.9399796264001
2023-12-12,S002-P0012,Electronics,96,217,72.71,83.1091825483071
2023-12-13,S002-P0012,Electronics,98,137,65.79,102.28474889403623
2023-12-14,S002-P0012,Electronics,130,485,76.9,99.96709202388973
2023-12-15,S002-P0012,Electronics,110,398,57.8,130.76708160916382
2023-12-16,S002-P0012,Electronics,104,284,67.28,83.26273363407174
2023-12-17,S002-P0012,Electronics,122,172,71.12,111.92682522764096
2023-12-18,S002-P0012,Electronics,106,575,64.17,102.67293320360253
2023-12-19,S002-P0012,Electronics,119,471,62.52,126.60245941122409
2023-12-20,S002-P0012,Electronics,108,348,68.05,84.69515224464475
2023-12-21,S002-P0012,Electronics,118,252,70.32,93.8933525235215
2023-12-22,S002-P0012,Electronics,108,138,68.03,128.9616349093806
2023-12-23,S002-P0012,Electronics,89,608,67.31,96.73797674535015
2023-12-24,S002-P0012,Electronics,79,518,61.62,96.76821138089373
2023-12-25,S002-P0012,Electronics,32,466,45.74,114.20673702211926
2023-12-26,S002-P0012,Electronics,76,431,64.39,111.156706141673
2023-12-27,S002-P0012,Electronics,47,368,54.65,62.73377715832862
2023-12-28,S002-P0012,Electronics,51,320,55.85,48.40591856110552
2023-12-29,S002-P0012,Electronics,46,274,57.51,57.23801251225124
2023-12-30,S002-P0012,Electronics,50,228,55.61,52.14083148238421
2023-12-31,S002-P0012,Electronics,30,197,56.83,56.062109989442725
2024-01-01,S002-P0012,Electronics,31,165,51.48,50.749226970735464
2024-01-02,S002-P0012,Electronics,76,337,61.22,55.21606806781379
2024-01-03,S002-P0012,Electronics,59,275,60.63,51.84207090828021
2024-01-04,S002-P0012,Electronics,26,229,47.73,60.030106627151795
2024-01-05,S002-P0012,Electronics,51,203,55.77,51.556730416810346
2024-01-06,S002-P0012,Electronics,75,491,60.86,51.88781756729262
2024-01-07,S002-P0012,Electronics,18,418,40.9,73.9788441844706
2024-01-08,S002-P0012,Electronics,58,401,63.49,54.94615232913729
2024-01-09,S002-P0012,Electronics,93,335,64.82,127.99531483416044
2024-01-10,S002-P0012,Electronics,118,248,70.41,83.55317839217484
2024-01-11,S002-P0012,Electronics,65,160,52.56,113.45697159198681
2024-01-12,S002-P0012,Electronics,122,95,67.17,127.64020239977292
2024-01-13,S002-P0012,Electronics,162,337,70.92,127.14634883271479
2024-01-14,S002-P0012,Electronics,79,179,68.57,95.00882351554714
2024-01-15,S002-P0012,Electronics,124,103,71.42,94.99106494728193
2024-01-16,S002-P0012,Electronics,89,455,63.87,84.81411395297093
2024-01-17,S002-P0012,Electronics,72,400,50.19,129.28037507836115
2024-01-18,S002-P0012,Electronics,105,356,56.9,134.65605993856158
2024-01-19,S002-P0012,Electronics,68,793,65.89,85.31937360914611
2024-01-20,S002-P0012,Electronics,115,745,77.15,102.62641298058972
2024-01-21,S002-P0012,Electronics,45,660,54.29,83.79613139302207
2024-01-22,S002-P0012,Electronics,94,613,54.9,112.2351087830653
2024-01-23,S002-P0012,Electronics,91,546,57.77,112.4812266406666
2024-01-24,S002-P0012,Electronics,119,439,66.81,102.90021556094983
2024-01-25,S002-P0012,Electronics,86,318,49.97,131.86380113079673
2024-01-26,S002-P0012,Electronics,49,243,58.16,100.93761743079283
2024-01-27,S002-P0012,Electronics,81,195,65.62,101.70913624115127
2024-01-28,S002-P0012,Electronics,87,606,66.91,92.9618676201232
2024-01-29,S002-P0012,Electronics,77,502,61.35,84.07406361717588
2024-01-30,S002-P0012,Electronics,96,423,72.63,82.89456843610752
2023-10-03,S002-P0013,Groceries,102,301,20.25,135.10676923760872
2023-10-04,S002-P0013,Groceries,87,219,22.52,101.77667091288778
2023-10-05,S002-P0013,Groceries,96,501,20.89,138.0037026086064
2023-10-06,S002-P0013,Groceries,51,398,18.77,101.84288522058083
2023-10-07,S002-P0013,Groceries,52,350,17.82,74.10717721434662
2023-10-08,S002-P0013,Groceries,95,291,20.82,91.25295661665464
2023-10-09,S002-P0013,Groceries,56,224,19.1,81.70260110536879
2023-10-10,S002-P0013,Groceries,92,183,17.4,101.14340883095602
2023-10-11,S002-P0013,Groceries,47,414,18.44,73.25629608855952
2023-10-12,S002-P0013,Groceries,60,382,15.52,112.52510245905576
2023-10-13,S002-P0013,Groceries,103,315,23.71,73.3075273558524
2023-10-14,S002-P0013,Groceries,73,235,20.33,74.00244420879241
2023-10-15,S002-P0013,Groceries,65,166,18.81,81.6085581576904
2023-10-16,S002-P0013,Groceries,67,493,16.94,101.58032294617838
2023-10-17,S002-P0013,Groceries,93,449,19.67,93.68796446155868
2023-10-18,S002-P0013,Groceries,62,366,20.6,81.6750058457939
2023-10-19,S002-P0013,Groceries,35,322,15.83,72.1907620603931
2023-10-20,S002-P0013,Groceries,86,289,17.06,94.50548631309465
2023-10-21,S002-P0013,Groceries,73,214,18.34,81.8658972506014
2023-10-22,S002-P0013,Groceries,89,146,17.23,111.5637260356858
2023-10-23,S002-P0013,Groceries,75,357,16.21,108.89190513967344
2023-10-24,S002-P0013,Groceries,92,269,20.63,89.83876420379609
2023-10-25,S002-P0013,Groceries,125,183,22.92,132.04471303616634
2023-10-26,S002-P0013,Groceries,141,44,24.03,113.16154669623425
2023-10-27,S002-P0013,Groceries,137,304,23.72,113.5998435192286
2023-10-28,S002-P0013,Groceries,132,163,23.42,124.53287492238621
2023-10-29,S002-P0013,Groceries,114,494,23.35,114.08805266229521
2023-10-30,S002-P0013,Groceries,95,388,20.86,113.95383362538932
2023-10-31,S002-P0013,Groceries,138,317,23.88,99.47693738669508
2023-11-01,S002-P0013,Groceries,186,213,22.91,148.69344187225107
2023-11-02,S002-P0013,Groceries,110,89,24.32,123.5073350103959
2023-11-03,S002-P0013,Groceries,88,428,21.49,112.9214492568281
2023-11-04,S002-P0013,Groceries,147,331,24.49,98.75070765535978
2023-11-05,S002-P0013,Groceries,128,221,19.24,132.1166028005663
2023-11-06,S002-P0013,Groceries,130,82,25.85,99.68108745461817
2023-11-07,S002-P0013,Groceries,98,378,22.16,123.55584372642471
2023-11-08,S002-P0013,Groceries,113,296,22.04,131.96735095662893
2023-11-09,S002-P0013,Groceries,86,224,20.22,97.26579649185348
2023-11-10,S002-P0013,Groceries,140,157,23.91,112.8096929083886
2023-11-11,S002-P0013,Groceries,123,404,25.32,98.16967920966594
2023-11-12,S002-P0013,Groceries,157,290,27.88,123.87664182534115
2023-11-13,S002-P0013,Groceries,224,153,33.1,123.85472896475778
2023-11-14,S002-P0013,Groceries,207,383,24.16,150.67666232828614
2023-11-15,S002-P0013,Groceries,86,192,20.2,98.02611619913456
2023-11-16,S002-P0013,Groceries,70,879,18.15,134.25694821715734
2023-11-17,S002-P0013,Groceries,43,832,18.15,100.320165860474
2023-11-18,S002-P0013,Groceries,81,790,17.8,164.07441617637969
2023-11-19,S002-P0013,Groceries,69,706,20.09,113.1028587762204
2023-11-20,S002-P0013,Groceries,103,624,19.01,149.88439709538395
2023-11-21,S002-P0013,Groceries,107,547,17.14,133.64400670194294
2023-11-22,S002-P0013,Groceries,91,471,20.52,95.32656556701154
2023-11-23,S002-P0013,Groceries,133,413,21.06,150.20890351443265
2023-11-24,S002-P0013,Groceries,57,323,18.24,100.45738050478315
2023-11-25,S002-P0013,Groceries,135,277,22.39,130.39784330114645
2023-11-26,S002-P0013,Groceries,80,523,20.84,99.37081963288915
2023-11-27,S002-P0013,Groceries,146,440,24.39,124.37678230878319
2023-11-28,S002-P0013,Groceries,94,299,20.73,98.72310831900889
2023-11-29,S002-P0013,Groceries,64,215,20.71,98.57842391333745
2023-11-30,S002-P0013,Groceries,154,553,23.63,98.21824288487397
2023-12-01,S002-P0013,Groceries,177,422,23.53,142.04826252420318
2023-12-02,S002-P0013,Groceries,74,241,18.41,146.76624498606472
2023-12-03,S002-P0013,Groceries,82,167,22.1,99.02858013555203
2023-12-04,S002-P0013,Groceries,227,663,24.97,159.46678705529297
2023-12-05,S002-P0013,Groceries,91,416,19.42,159.1401515520427
2023-12-06,S002-P0013,Groceries,111,333,18.49,162.0456440044373
2023-12-07,S002-P0013,Groceries,96,855,20.9,125.0097358737666
2023-12-08,S002-P0013,Groceries,61,750,17.54,99.85660447292403
2023-12-09,S002-P0013,Groceries,94,700,20.73,125.19882211394096
2023-12-10,S002-P0013,Groceries,68,608,20.03,112.24127996638566
2023-12-11,S002-P0013,Groceries,144,529,23.04,104.28936985329966
2023-12-12,S002-P0013,Groceries,61,356,18.46,99.74418441696304
2023-12-13,S002-P0013,Groceries,183,291,25.6,162.08069646396422
2023-12-14,S002-P0013,Groceries,73,153,18.3,124.05927879091311
2023-12-15,S002-P0013,Groceries,173,97,26.26,124.37538332603305
2023-12-16,S002-P0013,Groceries,123,547,24.03,101.10983933488497
2023-12-17,S002-P0013,Groceries,92,435,16.29,134.19597535800074
2023-12-18,S002-P0013,Groceries,207,348,30.18,126.80862105630042
2023-12-19,S002-P0013,Groceries,125,223,22.93,112.89366807898963
2023-12-20,S002-P0013,Groceries,150,107,22.13,132.77740906016436
2023-12-21,S002-P0013,Groceries,71,602,19.19,112.31041157154485
2023-12-22,S002-P0013,Groceries,40,559,14.18,147.70313531330171
2023-12-23,S002-P0013,Groceries,138,516,25.11,113.02874080378226
2023-12-24,S002-P0013,Groceries,111,407,22.01,113.02874080378226
2023-12-25,S002-P0013,Groceries,87,316,21.39,103.40446441474991
2023-12-26,S002-P0013,Groceries,100,246,21.22,123.37196392359401
2023-12-27,S002-P0013,Groceries,80,171,19.75,113.66349168104347
2023-12-28,S002-P0013,Groceries,64,318,18.64,72.03406713906443
2023-12-29,S002-P0013,Groceries,124,274,25.4,88.91357826040027
2023-12-30,S002-P0013,Groceries,50,191,17.66,74.96011235276622
2023-12-31,S002-P0013,Groceries,39,153,18.83,83.45223713397021
2024-01-01,S002-P0013,Groceries,99,471,21.12,74.39451038392573
2024-01-02,S002-P0013,Groceries,63,408,17.68,103.25096472485295
2024-01-03,S002-P0013,Groceries,72,349,19.25,72.67353733574214
2024-01-04,S002-P0013,Groceries,109,306,21.78,81.63350414934803
2024-01-05,S002-P0013,Groceries,84,206,16.94,97.13870497960791
2024-01-06,S002-P0013,Groceries,80,149,19.8,72.88852226027126
2024-01-07,S002-P0013,Groceries,123,379,20.44,106.54944854096905
2024-01-08,S002-P0013,Groceries,34,236,16.63,80.99223675667719
2024-01-09,S002-P0013,Groceries,151,212,22.18,145.940751046917
2024-01-10,S002-P0013,Groceries,63,454,17.67,134.50212045737982
2024-01-11,S002-P0013,Groceries,4,385,16.13,103.10220065654966
2024-01-12,S002-P0013,Groceries,152,381,23.52,112.24799696794258
2024-01-13,S002-P0013,Groceries,146,260,23.11,112.65501634844983
2024-01-14,S002-P0013,Groceries,146,162,25.73,112.55983957131953
2024-01-15,S002-P0013,Groceries,111,399,21.96,115.31912487490987
2024-01-16,S002-P0013,Groceries,128,280,18.3,133.6169898899769
2024-01-17,S002-P0013,Groceries,118,136,20.13,148.0701137046551
2024-01-18,S002-P0013,Groceries,107,2,24.09,123.05957238713808
2024-01-19,S002-P0013,Groceries,168,406,27.33,102.37918348892255
2024-01-20,S002-P0013,Groceries,131,295,24.58,123.9646132328049
2024-01-21,S002-P0013,Groceries,82,179,20.0,100.82415628752493
2024-01-22,S002-P0013,Groceries,114,548,22.11,101.11238027980896
2024-01-23,S002-P0013,Groceries,138,425,18.83,133.52455660148456
2024-01-24,S002-P0013,Groceries,134,320,22.33,123.41351518394723
2024-01-25,S002-P0013,Groceries,114,201,21.02,157.76963185420936
2024-01-26,S002-P0013,Groceries,120,536,23.82,119.39034669116006
2024-01-27,S002-P0013,Groceries,117,433,17.7,156.12253105776
2024-01-28,S002-P0013,Groceries,130,302,24.54,108.19969050835238
2024-01-29,S002-P0013,Groceries,80,186,18.76,100.35949539237254
2024-01-30,S002-P0013,Groceries,129,125,24.46,98.6113278284497
2023-10-03,S002-P0014,Electronics,74,703,109.78,84.36930675525086
2023-10-04,S002-P0014,Electronics,28,623,92.05,84.78603394230613
2023-10-05,S002-P0014,Electronics,122,597,128.66,100.79316418459854
2023-10-06,S002-P0014,Electronics,149,453,139.51,84.84874550327228
2023-10-07,S002-P0014,Electronics,82,316,119.33,50.173765984250224
2023-10-08,S002-P0014,Electronics,57,232,103.04,76.52427227330561
2023-10-09,S002-P0014,Electronics,44,185,77.65,71.12105015674852
2023-10-10,S002-P0014,Electronics,57,630,108.99,54.45521458512833
2023-10-11,S002-P0014,Electronics,65,582,89.84,66.51975593852136
2023-10-12,S002-P0014,Electronics,99,538,113.82,77.3711132575665
2023-10-13,S002-P0014,Electronics,47,458,99.12,49.85821801404015
2023-10-14,S002-P0014,Electronics,87,402,90.93,67.06908603615116
2023-10-15,S002-P0014,Electronics,110,307,98.32,71.46440391567842
2023-10-16,S002-P0014,Electronics,39,200,91.18,54.65297248269965
2023-10-17,S002-P0014,Electronics,44,173,81.59,65.19922509543701
2023-10-18,S002-P0014,Electronics,33,490,89.19,69.50415116281714
2023-10-19,S002-P0014,Electronics,57,458,87.12,66.26478576563368
2023-10-20,S002-P0014,Electronics,78,413,105.76,49.200564487678236
2023-10-21,S002-P0014,Electronics,40,345,107.26,54.70929057172112
2023-10-22,S002-P0014,Electronics,56,314,86.77,77.3405240936497
2023-10-23,S002-P0014,Electronics,89,252,115.78,57.98267028267798
2023-10-24,S002-P0014,Electronics,22,164,94.41,57.86645384543973
2023-10-25,S002-P0014,Electronics,67,141,113.19,84.71801436475722
2023-10-26,S002-P0014,Electronics,49,86,105.53,92.83434151025986
2023-10-27,S002-P0014,Electronics,132,421,133.33,93.26779654946911
2023-10-28,S002-P0014,Electronics,65,337,112.38,103.23112993098309
2023-10-29,S002-P0014,Electronics,52,296,96.23,94.87119434821851
2023-10-30,S002-P0014,Electronics,86,244,127.55,94.62421005363798
2023-10-31,S002-P0014,Electronics,46,786,99.35,85.34150974490424
2023-11-01,S002-P0014,Electronics,100,754,126.92,94.49899345058176
2023-11-02,S002-P0014,Electronics,126,686,116.0,135.87389378148336
2023-11-03,S002-P0014,Electronics,150,546,132.91,124.902892213324
2023-11-04,S002-P0014,Electronics,145,445,115.08,112.3007774213472
2023-11-05,S002-P0014,Electronics,140,278,121.93,112.54014259541972
2023-11-06,S002-P0014,Electronics,83,160,126.11,88.1928479480793
2023-11-07,S002-P0014,Electronics,78,639,117.85,102.2858643801467
2023-11-08,S002-P0014,Electronics,162,590,128.6,112.30037698748322
2023-11-09,S002-P0014,Electronics,99,413,133.06,84.80663164499205
2023-11-10,S002-P0014,Electronics,54,296,85.02,125.19886559394979
2023-11-11,S002-P0014,Electronics,123,240,102.28,112.3821382842742
2023-11-12,S002-P0014,Electronics,86,843,101.99,136.43868332850985
2023-11-13,S002-P0014,Electronics,46,783,104.42,102.71463390165323
2023-11-14,S002-P0014,Electronics,121,749,115.24,127.08091281517979
2023-11-15,S002-P0014,Electronics,69,624,102.65,113.90652302493447
2023-11-16,S002-P0014,Electronics,99,568,126.6,85.66955664901336
2023-11-17,S002-P0014,Electronics,72,482,115.02,87.3034290057945
2023-11-18,S002-P0014,Electronics,88,398,115.61,102.92642848533576
2023-11-19,S002-P0014,Electronics,102,311,127.88,93.77958088342868
2023-11-20,S002-P0014,Electronics,57,231,103.03,93.3545451935877
2023-11-21,S002-P0014,Electronics,39,174,101.43,82.48852690370597
2023-11-22,S002-P0014,Electronics,40,565,96.84,81.67045951440207
2023-11-23,S002-P0014,Electronics,88,541,115.32,91.06075155122085
2023-11-24,S002-P0014,Electronics,30,482,97.54,86.04303211147243
2023-11-25,S002-P0014,Electronics,101,448,114.43,85.07370299814265
2023-11-26,S002-P0014,Electronics,68,383,107.76,85.58687644625294
2023-11-27,S002-P0014,Electronics,47,326,104.86,101.11299219750666
2023-11-28,S002-P0014,Electronics,69,292,119.93,83.81690129065203
2023-11-29,S002-P0014,Electronics,65,550,106.42,84.13101303702554
2023-11-30,S002-P0014,Electronics,70,472,114.39,83.8440518525249
2023-12-01,S002-P0014,Electronics,99,420,126.57,91.60170550605196
2023-12-02,S002-P0014,Electronics,42,350,97.33,94.2251059111126
2023-12-03,S002-P0014,Electronics,97,323,105.62,111.39357503823125
2023-12-04,S002-P0014,Electronics,118,265,127.42,102.20704612328778
2023-12-05,S002-P0014,Electronics,97,604,118.81,102.44964485102264
2023-12-06,S002-P0014,Electronics,109,498,124.23,102.40724612103811
2023-12-07,S002-P0014,Electronics,46,386,99.11,101.53490952098741
2023-12-08,S002-P0014,Electronics,106,353,116.23,84.62089457384484
2023-12-09,S002-P0014,Electronics,117,266,113.68,131.84741279185357
2023-12-10,S002-P0014,Electronics,135,608,105.94,125.13126394088512
2023-12-11,S002-P0014,Electronics,80,468,106.73,112.9399796264001
2023-12-12,S002-P0014,Electronics,93,394,105.47,112.00083305090895
2023-12-13,S002-P0014,Electronics,86,338,115.06,102.06275432724863
2023-12-14,S002-P0014,Electronics,129,892,109.72,130.65636408566837
2023-12-15,S002-P0014,Electronics,97,748,125.52,100.3481387005964
2023-12-16,S002-P0014,Electronics,113,684,111.51,111.76684540625098
2023-12-17,S002-P0014,Electronics,86,555,120.99,83.91577274670297
2023-12-18,S002-P0014,Electronics,102,497,134.32,102.3859964952282
2023-12-19,S002-P0014,Electronics,133,407,126.52,94.35375627137958
2023-12-20,S002-P0014,Electronics,99,271,133.25,84.62538856715254
2023-12-21,S002-P0014,Electronics,103,170,95.94,127.22121217078481
2023-12-22,S002-P0014,Electronics,74,109,110.03,95.2657340046896
2023-12-23,S002-P0014,Electronics,96,577,100.19,129.5827196652752
2023-12-24,S002-P0014,Electronics,130,492,110.0,129.43819412069305
2023-12-25,S002-P0014,Electronics,54,350,107.87,86.24841163087423
2023-12-26,S002-P0014,Electronics,168,300,155.33,111.09176400008627
2023-12-27,S002-P0014,Electronics,58,98,98.59,62.73377715832862
2023-12-28,S002-P0014,Electronics,11,533,94.75,48.50300018534764
2023-12-29,S002-P0014,Electronics,57,521,103.68,56.493974309798304
2023-12-30,S002-P0014,Electronics,29,480,92.01,52.171066117927786
2023-12-31,S002-P0014,Electronics,80,452,112.34,55.54006635377739
2024-01-01,S002-P0014,Electronics,61,384,94.1,63.307447504778615
2024-01-02,S002-P0014,Electronics,43,317,102.93,55.21606806781379
2024-01-03,S002-P0014,Electronics,47,273,104.85,51.907013049866954
2024-01-04,S002-P0014,Electronics,51,244,95.85,60.030106627151795
2024-01-05,S002-P0014,Electronics,38,197,80.91,68.95266817909507
2024-01-06,S002-P0014,Electronics,49,154,105.44,51.85758293174904
2024-01-07,S002-P0014,Electronics,53,102,101.64,56.30870854987149
2024-01-08,S002-P0014,Electronics,37,248,95.65,55.01109447072403
2024-01-09,S002-P0014,Electronics,81,210,101.2,127.99531483416044
2024-01-10,S002-P0014,Electronics,51,140,106.49,83.65026001641695
2024-01-11,S002-P0014,Electronics,117,83,126.79,85.27378240314769
2024-01-12,S002-P0014,Electronics,98,0,113.37,94.1655972633678
2024-01-13,S002-P0014,Electronics,122,359,143.25,95.00882351554714
2024-01-14,S002-P0014,Electronics,72,218,115.05,95.00882351554714
2024-01-15,S002-P0014,Electronics,72,678,115.28,94.89588817015162
2024-01-16,S002-P0014,Electronics,90,630,109.67,113.0687415040608
2024-01-17,S002-P0014,Electronics,77,531,105.58,95.48048443303631
2024-01-18,S002-P0014,Electronics,184,455,153.45,134.98728580665602
2024-01-19,S002-P0014,Electronics,108,268,116.47,114.57003224675435
2024-01-20,S002-P0014,Electronics,161,161,137.03,131.84620034172545
2024-01-21,S002-P0014,Electronics,135,1,105.94,111.96236296363557
2024-01-22,S002-P0014,Electronics,80,808,99.88,112.2351087830653
2024-01-23,S002-P0014,Electronics,95,752,118.38,83.24072077242212
2024-01-24,S002-P0014,Electronics,87,647,114.91,102.90021556094983
2024-01-25,S002-P0014,Electronics,87,592,121.62,100.97320663785753
2024-01-26,S002-P0014,Electronics,121,502,142.81,100.93761743079283
2024-01-27,S002-P0014,Electronics,148,427,124.7,130.57355113851017
2024-01-28,S002-P0014,Electronics,37,328,105.76,92.9618676201232
2024-01-29,S002-P0014,Electronics,90,305,129.18,84.07406361717588
2024-01-30,S002-P0014,Electronics,101,676,127.18,82.89456843610752
2023-10-03,S002-P0015,Clothing,69,212,59.4,85.30450439840256
2023-10-04,S002-P0015,Clothing,60,135,57.28,85.55951368372655
2023-10-05,S002-P0015,Clothing,147,575,76.18,106.73226291831992
2023-10-06,S002-P0015,Clothing,131,400,69.05,110.61825207312191
2023-10-07,S002-P0015,Clothing,130,303,60.5,115.48112892263285
2023-10-08,S002-P0015,Clothing,131,180,69.03,138.0512117173434
2023-10-09,S002-P0015,Clothing,170,620,68.53,127.11697883385067
2023-10-10,S002-P0015,Clothing,127,471,72.15,97.37808964094104
2023-10-11,S002-P0015,Clothing,127,344,79.72,86.41880368842145
2023-10-12,S002-P0015,Clothing,240,207,91.5,106.6384937655682
2023-10-13,S002-P0015,Clothing,131,596,76.84,87.49360926064878
2023-10-14,S002-P0015,Clothing,121,509,74.4,85.56029489370884
2023-10-15,S002-P0015,Clothing,217,407,86.21,129.34368684898584
2023-10-16,S002-P0015,Clothing,147,944,72.36,98.40295653675676
2023-10-17,S002-P0015,Clothing,127,843,68.32,88.40552058442194
2023-10-18,S002-P0015,Clothing,155,744,74.0,95.54759942150899
2023-10-19,S002-P0015,Clothing,129,617,80.24,89.137941665418
2023-10-20,S002-P0015,Clothing,96,504,61.81,89.53971615095793
2023-10-21,S002-P0015,Clothing,69,394,56.29,96.26741837202671
2023-10-22,S002-P0015,Clothing,60,347,54.41,138.0143368334989
2023-10-23,S002-P0015,Clothing,105,278,70.75,108.71470057851643
2023-10-24,S002-P0015,Clothing,157,173,62.01,126.91782726498461
2023-10-25,S002-P0015,Clothing,63,77,58.11,85.586069530236
2023-10-26,S002-P0015,Clothing,99,7,52.01,121.71226787341077
2023-10-27,S002-P0015,Clothing,82,371,65.64,93.19550056066106
2023-10-28,S002-P0015,Clothing,128,825,60.93,135.6805471265079
2023-10-29,S002-P0015,Clothing,137,706,78.08,94.38072194241275
2023-10-30,S002-P0015,Clothing,112,595,76.29,94.67794692563473
2023-10-31,S002-P0015,Clothing,102,512,73.92,86.1352015796981
2023-11-01,S002-P0015,Clothing,163,404,71.46,126.60357955101921
2023-11-02,S002-P0015,Clothing,95,284,64.91,135.31549694193237
2023-11-03,S002-P0015,Clothing,125,208,75.29,93.85632351525236
2023-11-04,S002-P0015,Clothing,103,95,63.27,87.67541071111472
2023-11-05,S002-P0015,Clothing,109,685,64.64,87.72840950019382
2023-11-06,S002-P0015,Clothing,23,575,54.92,88.54374127292341
2023-11-07,S002-P0015,Clothing,99,551,62.57,103.46607933416816
2023-11-08,S002-P0015,Clothing,77,460,58.02,85.7859094601322
2023-11-09,S002-P0015,Clothing,114,410,69.18,86.05406783619355
2023-11-10,S002-P0015,Clothing,84,315,66.05,93.03586429492555
2023-11-11,S002-P0015,Clothing,100,246,58.61,115.54828156935636
2023-11-12,S002-P0015,Clothing,118,138,66.38,103.40719373713974
2023-11-13,S002-P0015,Clothing,78,514,58.12,104.05155943474769
2023-11-14,S002-P0015,Clothing,75,458,60.5,94.266432879513
2023-11-15,S002-P0015,Clothing,99,392,65.9,85.12037695622143
2023-11-16,S002-P0015,Clothing,55,321,56.35,86.6065081371859
2023-11-17,S002-P0015,Clothing,121,255,78.29,88.49250611477785
2023-11-18,S002-P0015,Clothing,119,114,73.96,103.15084491960673
2023-11-19,S002-P0015,Clothing,50,450,52.5,93.7099892655388
2023-11-20,S002-P0015,Clothing,81,392,58.75,130.94175705400832
2023-11-21,S002-P0015,Clothing,122,325,56.0,118.01586293350934
2023-11-22,S002-P0015,Clothing,112,209,60.99,116.890065498586
2023-11-23,S002-P0015,Clothing,152,104,73.01,130.5251019579387
2023-11-24,S002-P0015,Clothing,72,0,60.16,88.52370078917794
2023-11-25,S002-P0015,Clothing,93,434,68.07,87.52163743347909
2023-11-26,S002-P0015,Clothing,105,348,63.65,115.18488394098526
2023-11-27,S002-P0015,Clothing,175,744,77.67,137.28775657367035
2023-11-28,S002-P0015,Clothing,27,564,44.67,112.1313738556521
2023-11-29,S002-P0015,Clothing,114,547,72.95,86.31642192852188
2023-11-30,S002-P0015,Clothing,69,478,59.45,86.85951091267366
2023-12-01,S002-P0015,Clothing,149,1044,80.89,109.77895070847157
2023-12-02,S002-P0015,Clothing,147,951,76.12,145.21564693589622
2023-12-03,S002-P0015,Clothing,172,825,77.01,129.19310910744002
2023-12-04,S002-P0015,Clothing,123,684,74.88,120.5329557104906
2023-12-05,S002-P0015,Clothing,118,571,77.62,120.46515947091832
2023-12-06,S002-P0015,Clothing,132,449,64.8,156.42581597065913
2023-12-07,S002-P0015,Clothing,101,300,70.02,119.58898995910089
2023-12-08,S002-P0015,Clothing,96,217,68.81,102.91005062439994
2023-12-09,S002-P0015,Clothing,106,126,70.96,119.73225820496425
2023-12-10,S002-P0015,Clothing,70,458,62.79,111.60306567753051
2023-12-11,S002-P0015,Clothing,62,406,64.29,106.15035712560457
2023-12-12,S002-P0015,Clothing,116,355,65.91,101.7922552820862
2023-12-13,S002-P0015,Clothing,97,284,58.71,151.3612621142639
2023-12-14,S002-P0015,Clothing,118,204,59.12,150.679370206009
2023-12-15,S002-P0015,Clothing,83,91,62.59,119.59281809395651
2023-12-16,S002-P0015,Clothing,149,403,76.57,130.90441161657543
2023-12-17,S002-P0015,Clothing,127,225,60.7,131.63577771215083
2023-12-18,S002-P0015,Clothing,162,133,75.55,122.54757991364042
2023-12-19,S002-P0015,Clothing,78,0,68.03,115.94206685992062
2023-12-20,S002-P0015,Clothing,64,692,64.66,102.62571706429932
2023-12-21,S002-P0015,Clothing,93,653,71.69,115.78266302661775
2023-12-22,S002-P0015,Clothing,117,547,73.66,116.63240843827205
2023-12-23,S002-P0015,Clothing,61,441,54.64,117.99786512593545
2023-12-24,S002-P0015,Clothing,80,370,61.91,117.87361698452989
2023-12-25,S002-P0015,Clothing,133,274,65.63,133.26126040971087
2023-12-26,S002-P0015,Clothing,82,141,65.63,131.17009877999206
2023-12-27,S002-P0015,Clothing,221,78,87.68,154.06761129395332
2023-12-28,S002-P0015,Clothing,106,313,60.48,131.0698089822035
2023-12-29,S002-P0015,Clothing,153,228,81.69,123.5262354547266
2023-12-30,S002-P0015,Clothing,125,62,75.42,116.39835371921731
2023-12-31,S002-P0015,Clothing,165,1052,76.13,124.69844193857504
2024-01-01,S002-P0015,Clothing,121,876,58.8,137.99276947045124
2024-01-02,S002-P0015,Clothing,185,779,89.0,124.80264943215465
2024-01-03,S002-P0015,Clothing,139,563,74.54,142.60171157648207
2024-01-04,S002-P0015,Clothing,154,421,86.24,128.05768182024713
2024-01-05,S002-P0015,Clothing,133,320,69.4,118.18774401147459
2024-01-06,S002-P0015,Clothing,31,844,48.57,117.55992789896187
2024-01-07,S002-P0015,Clothing,230,815,89.41,150.15880832503834
2024-01-08,S002-P0015,Clothing,100,567,62.77,124.47346884305375
2024-01-09,S002-P0015,Clothing,135,493,62.06,150.33487329336432
2024-01-10,S002-P0015,Clothing,96,349,65.26,102.34990322871465
2024-01-11,S002-P0015,Clothing,90,1086,63.79,104.96790041292057
2024-01-12,S002-P0015,Clothing,130,1012,60.34,148.15547995482189
2024-01-13,S002-P0015,Clothing,162,928,71.37,147.25107125728337
2024-01-14,S002-P0015,Clothing,137,761,82.3,117.58994156839671
2024-01-15,S002-P0015,Clothing,170,638,77.01,118.52065909394919
2024-01-16,S002-P0015,Clothing,92,482,64.49,102.19435760059459
2024-01-17,S002-P0015,Clothing,99,401,69.46,116.73035803668216
2024-01-18,S002-P0015,Clothing,125,306,75.42,121.54319591046736
2024-01-19,S002-P0015,Clothing,123,810,78.82,103.84190007974273
2024-01-20,S002-P0015,Clothing,202,678,83.63,152.4395207998275
2024-01-21,S002-P0015,Clothing,139,503,70.67,99.48176792065092
2024-01-22,S002-P0015,Clothing,111,390,68.63,102.99428166521295
2024-01-23,S002-P0015,Clothing,108,260,71.59,101.96456524637017
2024-01-24,S002-P0015,Clothing,79,1017,61.49,122.31029414746983
2024-01-25,S002-P0015,Clothing,121,934,78.3,120.31641201479597
2024-01-26,S002-P0015,Clothing,206,802,70.48,153.38663632042613
2024-01-27,S002-P0015,Clothing,179,616,78.91,153.8931870059001
2024-01-28,S002-P0015,Clothing,58,409,53.97,145.85837569366967
2024-01-29,S002-P0015,Clothing,122,348,74.65,101.17909432210877
2024-01-30,S002-P0015,Clothing,67,1039,62.11,99.78884880143286
2023-10-03,S002-P0016,Clothing,70,0,76.95,85.30450439840256
2023-10-04,S002-P0016,Clothing,156,357,100.8,110.6610490598363
2023-10-05,S002-P0016,Clothing,117,261,80.72,138.60360464980573
2023-10-06,S002-P0016,Clothing,130,128,77.95,110.96106427911397
2023-10-07,S002-P0016,Clothing,121,303,81.07,115.7681893495428
2023-10-08,S002-P0016,Clothing,81,229,80.08,107.24926434707673
2023-10-09,S002-P0016,Clothing,72,160,64.6,125.7643172244646
2023-10-10,S002-P0016,Clothing,144,80,97.72,97.37808964094104
2023-10-11,S002-P0016,Clothing,144,124,97.61,86.16738470407458
2023-10-12,S002-P0016,Clothing,77,314,74.88,106.6384937655682
2023-10-13,S002-P0016,Clothing,157,248,90.01,113.54964281292754
2023-10-14,S002-P0016,Clothing,92,89,78.74,85.45806792109678
2023-10-15,S002-P0016,Clothing,133,290,99.65,98.3563689506158
2023-10-16,S002-P0016,Clothing,92,190,87.69,98.2787083953512
2023-10-17,S002-P0016,Clothing,114,355,94.05,88.37528594887836
2023-10-18,S002-P0016,Clothing,54,268,57.28,124.57896104346702
2023-10-19,S002-P0016,Clothing,44,226,77.2,89.137941665418
2023-10-20,S002-P0016,Clothing,90,196,91.74,89.64194312356999
2023-10-21,S002-P0016,Clothing,94,137,88.22,96.21068969719006
2023-10-22,S002-P0016,Clothing,95,223,83.89,108.71869593914577
2023-10-23,S002-P0016,Clothing,172,160,105.25,139.77665827358425
2023-10-24,S002-P0016,Clothing,98,211,80.58,108.73878731561356
2023-10-25,S002-P0016,Clothing,62,440,70.92,85.61630416577958
2023-10-26,S002-P0016,Clothing,95,379,84.08,92.9933948391524
2023-10-27,S002-P0016,Clothing,101,275,85.7,93.12798109409215
2023-10-28,S002-P0016,Clothing,151,195,83.0,134.75088722178546
2023-10-29,S002-P0016,Clothing,54,38,80.42,94.44824140898166
2023-10-30,S002-P0016,Clothing,111,295,93.19,94.67794692563473
2023-10-31,S002-P0016,Clothing,157,181,106.69,86.1352015796981
2023-11-01,S002-P0016,Clothing,149,44,94.0,126.66747529902197
2023-11-02,S002-P0016,Clothing,95,274,88.56,103.15470495081817
2023-11-03,S002-P0016,Clothing,104,456,76.65,126.63012199363992
2023-11-04,S002-P0016,Clothing,93,386,83.53,87.4845743440201
2023-11-05,S002-P0016,Clothing,120,310,71.86,116.11107132091321
2023-11-06,S002-P0016,Clothing,88,237,81.95,88.6021160318624
2023-11-07,S002-P0016,Clothing,108,170,83.19,103.46607933416816
2023-11-08,S002-P0016,Clothing,74,96,74.2,85.7859094601322
2023-11-09,S002-P0016,Clothing,147,260,81.9,116.39324101441407
2023-11-10,S002-P0016,Clothing,104,145,91.14,93.03586429492555
2023-11-11,S002-P0016,Clothing,62,323,78.76,86.27960981129624
2023-11-12,S002-P0016,Clothing,142,254,97.07,136.76980707134317
2023-11-13,S002-P0016,Clothing,137,129,79.71,137.40022042598684
2023-11-14,S002-P0016,Clothing,93,380,79.05,94.266432879513
2023-11-15,S002-P0016,Clothing,102,274,81.62,85.12037695622143
2023-11-16,S002-P0016,Clothing,80,202,79.93,86.57627350164232
2023-11-17,S002-P0016,Clothing,126,150,92.54,118.90575324678605
2023-11-18,S002-P0016,Clothing,78,35,83.6,103.08332545303782
2023-11-19,S002-P0016,Clothing,136,240,90.67,129.57075427936792
2023-11-20,S002-P0016,Clothing,124,135,91.9,94.46626628648929
2023-11-21,S002-P0016,Clothing,146,283,92.66,117.13356956689208
2023-11-22,S002-P0016,Clothing,120,133,90.83,84.7785392450969
2023-11-23,S002-P0016,Clothing,107,329,72.76,131.245338186998
2023-11-24,S002-P0016,Clothing,64,251,83.44,88.65616239733357
2023-11-25,S002-P0016,Clothing,46,189,66.7,87.55187206902266
2023-11-26,S002-P0016,Clothing,88,149,77.69,88.09528015267654
2023-11-27,S002-P0016,Clothing,100,66,90.11,104.13204592820142
2023-11-28,S002-P0016,Clothing,82,194,89.17,86.294261032459
2023-11-29,S002-P0016,Clothing,74,123,73.99,86.38618560601408
2023-11-30,S002-P0016,Clothing,107,227,92.13,86.95659253691576
2023-12-01,S002-P0016,Clothing,149,127,93.51,140.61434690351572
2023-12-02,S002-P0016,Clothing,94,184,88.08,111.80647241463534
2023-12-03,S002-P0016,Clothing,205,454,109.01,129.62144478541111
2023-12-04,S002-P0016,Clothing,144,209,92.6,156.02468950047344
2023-12-05,S002-P0016,Clothing,189,102,93.02,154.09282633504858
2023-12-06,S002-P0016,Clothing,81,283,80.14,120.7769691185493
2023-12-07,S002-P0016,Clothing,187,647,103.37,153.5168726330974
2023-12-08,S002-P0016,Clothing,131,451,88.61,131.09032927331978
2023-12-09,S002-P0016,Clothing,143,347,102.62,119.66473873839534
2023-12-10,S002-P0016,Clothing,105,208,82.24,111.72731381893607
2023-12-11,S002-P0016,Clothing,67,97,76.15,106.04813015299251
2023-12-12,S002-P0016,Clothing,98,257,89.45,101.62540998035189
2023-12-13,S002-P0016,Clothing,84,150,80.93,120.69633566717229
2023-12-14,S002-P0016,Clothing,86,71,81.34,119.91985064535432
2023-12-15,S002-P0016,Clothing,182,181,114.28,119.59281809395651
2023-12-16,S002-P0016,Clothing,82,37,80.24,102.79756604210998
2023-12-17,S002-P0016,Clothing,102,329,85.98,103.42037051919763
2023-12-18,S002-P0016,Clothing,101,228,81.17,156.21685154539162
2023-12-19,S002-P0016,Clothing,118,139,90.47,116.00700900150734
2023-12-20,S002-P0016,Clothing,95,305,79.58,102.69548074179153
2023-12-21,S002-P0016,Clothing,159,243,107.47,115.84760516820448
2023-12-22,S002-P0016,Clothing,119,76,81.23,149.81674607789216
2023-12-23,S002-P0016,Clothing,128,322,87.91,150.35207625497208
2023-12-24,S002-P0016,Clothing,150,171,99.46,117.87361698452989
2023-12-25,S002-P0016,Clothing,132,40,94.17,104.68556970514345
2023-12-26,S002-P0016,Clothing,154,340,83.65,164.41241223712458
2023-12-27,S002-P0016,Clothing,130,225,93.91,127.3272673508526
2023-12-28,S002-P0016,Clothing,116,360,94.65,107.9902587834271
2023-12-29,S002-P0016,Clothing,114,237,84.71,123.8422435273762
2023-12-30,S002-P0016,Clothing,125,153,92.56,116.3308342526484
2023-12-31,S002-P0016,Clothing,62,274,74.52,124.69844193857504
2024-01-01,S002-P0016,Clothing,134,222,105.19,117.18794619124695
2024-01-02,S002-P0016,Clothing,127,130,88.26,124.9610206431992
2024-01-03,S002-P0016,Clothing,92,229,78.91,116.76353075693626
2024-01-04,S002-P0016,Clothing,107,122,82.87,128.34461852862145
2024-01-05,S002-P0016,Clothing,117,0,90.05,118.18774401147459
2024-01-06,S002-P0016,Clothing,129,247,88.7,117.55992789896187
2024-01-07,S002-P0016,Clothing,134,424,94.68,150.15880832503834
2024-01-08,S002-P0016,Clothing,184,291,90.63,147.1704996127354
2024-01-09,S002-P0016,Clothing,237,174,109.75,150.33487329336432
2024-01-10,S002-P0016,Clothing,102,409,85.9,130.78178054703585
2024-01-11,S002-P0016,Clothing,132,301,104.71,105.0347474016191
2024-01-12,S002-P0016,Clothing,113,194,89.07,116.58401907251816
2024-01-13,S002-P0016,Clothing,173,424,100.44,146.54940459929873
2024-01-14,S002-P0016,Clothing,155,305,95.72,146.54940459929873
2024-01-15,S002-P0016,Clothing,88,127,68.28,149.1184287220558
2024-01-16,S002-P0016,Clothing,159,397,84.8,130.4702783697372
2024-01-17,S002-P0016,Clothing,88,233,77.72,116.76059267222574
2024-01-18,S002-P0016,Clothing,173,174,99.92,152.7770378798187
2024-01-19,S002-P0016,Clothing,32,60,66.38,103.70943847158709
2024-01-20,S002-P0016,Clothing,224,404,114.02,122.20593049341093
2024-01-21,S002-P0016,Clothing,103,223,95.75,99.58399489326298
2024-01-22,S002-P0016,Clothing,49,588,78.88,103.12674327336859
2024-01-23,S002-P0016,Clothing,106,540,68.86,131.85214293280532
2024-01-24,S002-P0016,Clothing,72,425,77.42,122.31029414746983
2024-01-25,S002-P0016,Clothing,132,344,89.47,120.3813541563827
2024-01-26,S002-P0016,Clothing,101,204,85.82,120.35831104528155
2024-01-27,S002-P0016,Clothing,110,127,88.42,119.85288129197241
2024-01-28,S002-P0016,Clothing,61,246,74.48,111.73247402215965
2024-01-29,S002-P0016,Clothing,137,197,95.49,101.04663271395313
2024-01-30,S002-P0016,Clothing,105,88,91.5,99.78884880143286
2023-10-03,S002-P0017,Toys,110,145,23.17,85.32518622868317
2023-10-04,S002-P0017,Toys,73,398,19.4,85.64704250270569
2023-10-05,S002-P0017,Toys,167,333,26.0,110.6812005008838
2023-10-06,S002-P0017,Toys,69,221,19.12,85.96388373745356
2023-10-07,S002-P0017,Toys,19,141,14.81,28.255841457429078
2023-10-08,S002-P0017,Toys,63,545,14.03,44.98388377174633
2023-10-09,S002-P0017,Toys,11,472,15.12,31.040867180864854
2023-10-10,S002-P0017,Toys,41,461,14.59,39.744762054676535
2023-10-11,S002-P0017,Toys,23,426,15.96,28.101493056337933
2023-10-12,S002-P0017,Toys,28,401,13.71,46.21551776645674
2023-10-13,S002-P0017,Toys,8,383,14.91,28.130489780178124
2023-10-14,S002-P0017,Toys,27,374,14.62,28.725442242542996
2023-10-15,S002-P0017,Toys,25,355,16.04,31.68387101029809
2023-10-16,S002-P0017,Toys,44,337,18.33,31.673729921602387
2023-10-17,S002-P0017,Toys,49,293,16.83,34.372312959239586
2023-10-18,S002-P0017,Toys,16,250,13.01,41.22116114578065
2023-10-19,S002-P0017,Toys,42,233,14.56,35.339869953099274
2023-10-20,S002-P0017,Toys,30,193,14.76,34.28159982174321
2023-10-21,S002-P0017,Toys,27,160,14.61,31.77788451616007
2023-10-22,S002-P0017,Toys,16,137,16.25,34.81296932721525
2023-10-23,S002-P0017,Toys,8,120,14.88,34.627262075315016
2023-10-24,S002-P0017,Toys,17,198,12.4,38.268549399974304
2023-10-25,S002-P0017,Toys,78,187,18.76,85.48194130091467
2023-10-26,S002-P0017,Toys,104,109,19.33,124.13879366406671
2023-10-27,S002-P0017,Toys,119,24,23.85,93.61917696878287
2023-10-28,S002-P0017,Toys,164,272,19.37,137.25664449239127
2023-10-29,S002-P0017,Toys,69,461,17.24,95.42695043763115
2023-10-30,S002-P0017,Toys,71,397,18.27,95.6591145417499
2023-10-31,S002-P0017,Toys,39,319,16.22,85.26772618392062
2023-11-01,S002-P0017,Toys,90,295,20.6,94.49454592810875
2023-11-02,S002-P0017,Toys,144,231,20.72,135.28977701467636
2023-11-03,S002-P0017,Toys,117,71,23.66,93.56532601030906
2023-11-04,S002-P0017,Toys,158,295,20.29,110.0869320236561
2023-11-05,S002-P0017,Toys,59,148,16.6,86.75283787412803
2023-11-06,S002-P0017,Toys,69,415,17.26,87.62404479897111
2023-11-07,S002-P0017,Toys,156,364,22.57,135.4379485767183
2023-11-08,S002-P0017,Toys,72,250,16.29,109.93716426142488
2023-11-09,S002-P0017,Toys,103,183,20.41,109.19630411026651
2023-11-10,S002-P0017,Toys,92,574,19.65,92.94967199650533
2023-11-11,S002-P0017,Toys,129,481,20.99,85.61576863858187
2023-11-12,S002-P0017,Toys,98,341,19.07,102.06386987091796
2023-11-13,S002-P0017,Toys,101,241,20.3,102.1901703529952
2023-11-14,S002-P0017,Toys,94,149,18.71,126.22342224025262
2023-11-15,S002-P0017,Toys,110,389,16.53,111.24081150159222
2023-11-16,S002-P0017,Toys,73,283,19.45,85.43432575154256
2023-11-17,S002-P0017,Toys,97,204,20.01,87.14528046898667
2023-11-18,S002-P0017,Toys,58,417,17.38,101.00685532412305
2023-11-19,S002-P0017,Toys,73,353,18.42,93.11580257458552
2023-11-20,S002-P0017,Toys,87,275,21.5,92.96653387082857
2023-11-21,S002-P0017,Toys,115,208,21.21,83.1875304752553
2023-11-22,S002-P0017,Toys,140,93,19.04,110.65909404601967
2023-11-23,S002-P0017,Toys,143,308,19.22,126.42682591462138
2023-11-24,S002-P0017,Toys,134,216,21.34,86.42344108658999
2023-11-25,S002-P0017,Toys,31,470,16.5,85.64911360417707
2023-11-26,S002-P0017,Toys,153,446,19.99,106.7625879285961
2023-11-27,S002-P0017,Toys,113,286,21.14,99.23734563299881
2023-11-28,S002-P0017,Toys,75,181,18.62,84.36495446909589
2023-11-29,S002-P0017,Toys,82,561,21.11,84.38711536515876
2023-11-30,S002-P0017,Toys,84,485,20.22,84.17422482408763
2023-12-01,S002-P0017,Toys,108,423,23.05,92.72025928774525
2023-12-02,S002-P0017,Toys,55,348,16.34,95.77613018613837
2023-12-03,S002-P0017,Toys,108,297,21.89,86.03280773579026
2023-12-04,S002-P0017,Toys,110,188,19.84,101.30916160493888
2023-12-05,S002-P0017,Toys,39,120,17.08,100.79715983741762
2023-12-06,S002-P0017,Toys,120,468,21.5,134.83503486829653
2023-12-07,S002-P0017,Toys,108,362,23.03,99.59770467800496
2023-12-08,S002-P0017,Toys,69,292,17.26,111.66445606773762
2023-12-09,S002-P0017,Toys,66,223,18.01,102.20419295191233
2023-12-10,S002-P0017,Toys,113,468,22.22,95.07833578090461
2023-12-11,S002-P0017,Toys,132,373,19.82,111.0187557423367
2023-12-12,S002-P0017,Toys,103,286,19.4,110.81355841365556
2023-12-13,S002-P0017,Toys,132,217,22.31,101.0018039269372
2023-12-14,S002-P0017,Toys,65,532,18.84,99.25003167856751
2023-12-15,S002-P0017,Toys,129,476,19.63,131.9433354793825
2023-12-16,S002-P0017,Toys,54,333,15.35,110.49701224226264
2023-12-17,S002-P0017,Toys,101,298,22.53,85.83628370453225
2023-12-18,S002-P0017,Toys,93,192,21.94,103.17131458826584
2023-12-19,S002-P0017,Toys,56,133,18.25,95.74679668316092
2023-12-20,S002-P0017,Toys,129,412,17.5,111.89389298777323
2023-12-21,S002-P0017,Toys,92,298,19.64,93.98448615813795
2023-12-22,S002-P0017,Toys,209,238,23.13,127.98847159862169
2023-12-23,S002-P0017,Toys,118,452,23.77,97.11955387024244
2023-12-24,S002-P0017,Toys,51,353,13.43,128.42295533610815
2023-12-25,S002-P0017,Toys,97,979,19.99,88.30473407455376
2023-12-26,S002-P0017,Toys,144,903,23.2,105.62726590387756
2023-12-27,S002-P0017,Toys,39,786,13.61,47.30793841970751
2023-12-28,S002-P0017,Toys,26,756,14.5,27.622387472437122
2023-12-29,S002-P0017,Toys,22,729,15.05,30.798293503852825
2023-12-30,S002-P0017,Toys,22,708,15.05,30.947436803375943
2023-12-31,S002-P0017,Toys,27,690,16.2,33.41332270938851
2024-01-01,S002-P0017,Toys,13,670,15.26,30.18154949526697
2024-01-02,S002-P0017,Toys,17,662,14.71,31.201203112487168
2024-01-03,S002-P0017,Toys,12,649,14.38,29.875768946243557
2024-01-04,S002-P0017,Toys,15,636,15.35,31.025383271195118
2024-01-05,S002-P0017,Toys,17,626,12.26,39.4798803447723
2024-01-06,S002-P0017,Toys,26,610,14.51,30.016266842428443
2024-01-07,S002-P0017,Toys,21,591,16.63,33.509531960384656
2024-01-08,S002-P0017,Toys,66,567,15.15,42.671593639435386
2024-01-09,S002-P0017,Toys,50,525,16.92,95.56134005593688
2024-01-10,S002-P0017,Toys,43,482,14.61,111.19790302921055
2024-01-11,S002-P0017,Toys,79,430,17.86,87.90607097881092
2024-01-12,S002-P0017,Toys,132,374,22.37,96.05747043604178
2024-01-13,S002-P0017,Toys,99,253,20.15,127.71832718309233
2024-01-14,S002-P0017,Toys,90,159,21.68,97.56454616309004
2024-01-15,S002-P0017,Toys,100,462,21.32,98.32852523240169
2024-01-16,S002-P0017,Toys,100,360,21.33,86.44059615498777
2024-01-17,S002-P0017,Toys,108,248,23.01,97.55240331633158
2024-01-18,S002-P0017,Toys,96,142,21.01,102.95479127351864
2024-01-19,S002-P0017,Toys,76,337,17.69,88.29445522703797
2024-01-20,S002-P0017,Toys,156,254,18.93,133.12005904456663
2024-01-21,S002-P0017,Toys,148,77,20.99,110.86642656168075
2024-01-22,S002-P0017,Toys,136,0,21.31,110.66946614406369
2024-01-23,S002-P0017,Toys,68,560,18.07,84.76754665232993
2024-01-24,S002-P0017,Toys,99,508,15.91,135.70046874970944
2024-01-25,S002-P0017,Toys,98,428,20.09,99.33457023281719
2024-01-26,S002-P0017,Toys,81,325,19.01,99.55030462092908
2024-01-27,S002-P0017,Toys,99,267,18.04,130.40656804552464
2024-01-28,S002-P0017,Toys,124,164,20.59,126.51561573627389
2024-01-29,S002-P0017,Toys,79,270,20.9,86.61134515661837
2024-01-30,S002-P0017,Toys,72,204,20.36,84.42139431601532
2023-10-03,S002-P0018,Clothing,60,222,24.56,85.30450439840256
2023-10-04,S002-P0018,Clothing,62,172,24.78,85.52927904818297
2023-10-05,S002-P0018,Clothing,187,123,30.87,138.60360464980573
2023-10-06,S002-P0018,Clothing,111,195,26.33,86.11470759226052
2023-10-07,S002-P0018,Clothing,113,112,25.07,118.06654357852898
2023-10-08,S002-P0018,Clothing,162,155,28.64,135.65246475468973
2023-10-09,S002-P0018,Clothing,80,235,27.8,97.78088458775147
2023-10-10,S002-P0018,Clothing,170,149,36.61,97.31314749935432
2023-10-11,S002-P0018,Clothing,116,181,28.28,86.32172206417934
2023-10-12,S002-P0018,Clothing,157,103,30.03,137.378202557478
2023-10-13,S002-P0018,Clothing,83,133,25.26,115.06372424020316
2023-10-14,S002-P0018,Clothing,131,123,28.01,85.45806792109678
2023-10-15,S002-P0018,Clothing,89,123,21.79,127.04533261999953
2023-10-16,S002-P0018,Clothing,77,158,24.74,98.40295653675676
2023-10-17,S002-P0018,Clothing,122,75,30.28,88.37528594887836
2023-10-18,S002-P0018,Clothing,134,121,29.89,95.60792327575177
2023-10-19,S002-P0018,Clothing,64,146,23.61,121.52714398148066
2023-10-20,S002-P0018,Clothing,142,95,28.93,121.48404198791587
2023-10-21,S002-P0018,Clothing,76,121,27.44,96.21068969719006
2023-10-22,S002-P0018,Clothing,83,144,26.69,108.59444779774022
2023-10-23,S002-P0018,Clothing,118,63,28.37,108.83894871992199
2023-10-24,S002-P0018,Clothing,62,129,26.08,108.54959703262128
2023-10-25,S002-P0018,Clothing,58,63,24.34,85.68315115447811
2023-10-26,S002-P0018,Clothing,89,55,24.49,93.30325412411912
2023-10-27,S002-P0018,Clothing,79,92,23.65,93.43784037905887
2023-10-28,S002-P0018,Clothing,166,96,29.21,136.01177299460232
2023-10-29,S002-P0018,Clothing,122,162,28.79,94.38072194241275
2023-10-30,S002-P0018,Clothing,51,175,22.54,94.61042745906582
2023-10-31,S002-P0018,Clothing,75,144,24.68,86.1352015796981
2023-11-01,S002-P0018,Clothing,97,81,27.97,94.17325794868962
2023-11-02,S002-P0018,Clothing,135,123,29.82,135.31549694193237
2023-11-03,S002-P0018,Clothing,39,163,19.19,126.50823833674447
2023-11-04,S002-P0018,Clothing,99,134,26.66,87.67541071111472
2023-11-05,S002-P0018,Clothing,68,177,21.27,116.39813174782316
2023-11-06,S002-P0018,Clothing,72,136,26.99,88.54374127292341
2023-11-07,S002-P0018,Clothing,76,76,24.75,103.15622004920144
2023-11-08,S002-P0018,Clothing,114,79,22.2,115.60382166107281
2023-11-09,S002-P0018,Clothing,126,118,29.1,115.86237606717401
2023-11-10,S002-P0018,Clothing,66,149,23.82,93.27820411332335
2023-11-11,S002-P0018,Clothing,142,99,30.57,86.27960981129624
2023-11-12,S002-P0018,Clothing,108,164,24.39,136.94227095999756
2023-11-13,S002-P0018,Clothing,83,57,28.12,103.80921961634988
2023-11-14,S002-P0018,Clothing,75,90,23.37,94.266432879513
2023-11-15,S002-P0018,Clothing,143,90,24.2,117.11957809452943
2023-11-16,S002-P0018,Clothing,74,165,25.86,86.57627350164232
2023-11-17,S002-P0018,Clothing,115,78,29.7,88.36004450662222
2023-11-18,S002-P0018,Clothing,90,108,25.97,103.08332545303782
2023-11-19,S002-P0018,Clothing,103,151,24.27,129.57075427936792
2023-11-20,S002-P0018,Clothing,59,194,24.46,94.15640700152257
2023-11-21,S002-P0018,Clothing,100,129,28.22,84.4817943587451
2023-11-22,S002-P0018,Clothing,83,158,22.45,116.890065498586
2023-11-23,S002-P0018,Clothing,113,100,26.49,93.28176343119821
2023-11-24,S002-P0018,Clothing,55,107,25.37,88.65616239733357
2023-11-25,S002-P0018,Clothing,122,95,25.79,115.09004431149488
2023-11-26,S002-P0018,Clothing,99,115,29.63,88.1975071252886
2023-11-27,S002-P0018,Clothing,52,120,22.54,104.44190521316814
2023-11-28,S002-P0018,Clothing,87,65,25.75,86.294261032459
2023-11-29,S002-P0018,Clothing,59,94,25.78,86.31642192852188
2023-11-30,S002-P0018,Clothing,98,91,26.68,86.85951091267366
2023-12-01,S002-P0018,Clothing,68,105,26.64,109.84647017504048
2023-12-02,S002-P0018,Clothing,161,120,32.16,145.21564693589622
2023-12-03,S002-P0018,Clothing,84,188,26.74,101.27851985437812
2023-12-04,S002-P0018,Clothing,61,116,24.63,120.46543624392169
2023-12-05,S002-P0018,Clothing,107,135,22.82,152.2646891899091
2023-12-06,S002-P0018,Clothing,163,154,32.38,120.7769691185493
2023-12-07,S002-P0018,Clothing,102,146,28.43,119.58898995910089
2023-12-08,S002-P0018,Clothing,70,142,22.9,102.94028525994352
2023-12-09,S002-P0018,Clothing,120,88,30.12,119.73225820496425
2023-12-10,S002-P0018,Clothing,130,120,24.84,142.64393154575282
2023-12-11,S002-P0018,Clothing,103,142,28.55,106.15035712560457
2023-12-12,S002-P0018,Clothing,76,145,26.06,101.62540998035189
2023-12-13,S002-P0018,Clothing,148,84,30.96,152.53553282185325
2023-12-14,S002-P0018,Clothing,175,139,37.1,119.53890043111801
2023-12-15,S002-P0018,Clothing,213,153,36.67,150.70257289085947
2023-12-16,S002-P0018,Clothing,102,208,29.9,102.89979301472204
2023-12-17,S002-P0018,Clothing,74,138,21.8,131.63577771215083
2023-12-18,S002-P0018,Clothing,78,74,26.2,122.29909130755975
2023-12-19,S002-P0018,Clothing,102,93,26.95,147.5656335734787
2023-12-20,S002-P0018,Clothing,152,130,31.38,102.69548074179153
2023-12-21,S002-P0018,Clothing,141,162,30.36,147.87087596807854
2023-12-22,S002-P0018,Clothing,140,218,30.35,116.63240843827205
2023-12-23,S002-P0018,Clothing,159,99,28.71,150.35207625497208
2023-12-24,S002-P0018,Clothing,45,129,24.41,117.9411364510988
2023-12-25,S002-P0018,Clothing,129,89,30.91,104.78779667775551
2023-12-26,S002-P0018,Clothing,125,126,32.21,131.10515663840533
2023-12-27,S002-P0018,Clothing,136,190,28.43,127.45870342785383
2023-12-28,S002-P0018,Clothing,119,173,25.3,131.0159297707135
2023-12-29,S002-P0018,Clothing,126,189,30.71,123.81633392448728
2023-12-30,S002-P0018,Clothing,136,101,29.92,116.45508239405396
2023-12-31,S002-P0018,Clothing,48,150,23.47,124.38243386592545
2024-01-01,S002-P0018,Clothing,138,109,27.0,139.61539962217486
2024-01-02,S002-P0018,Clothing,205,155,37.99,124.64501257054964
2024-01-03,S002-P0018,Clothing,150,177,32.89,116.91786811704102
2024-01-04,S002-P0018,Clothing,47,253,18.69,154.64086415943186
2024-01-05,S002-P0018,Clothing,99,223,22.24,143.4963112411767
2024-01-06,S002-P0018,Clothing,180,155,32.08,117.55992789896187
2024-01-07,S002-P0018,Clothing,100,188,29.73,126.11069712019558
2024-01-08,S002-P0018,Clothing,107,88,28.92,124.31899374283506
2024-01-09,S002-P0018,Clothing,86,102,26.92,117.57294361836784
2024-01-10,S002-P0018,Clothing,82,118,25.26,102.34990322871465
2024-01-11,S002-P0018,Clothing,98,140,25.23,131.99084386967098
2024-01-12,S002-P0018,Clothing,175,105,29.96,148.98019439141038
2024-01-13,S002-P0018,Clothing,84,166,24.1,117.55265673737138
2024-01-14,S002-P0018,Clothing,113,92,31.07,117.58994156839671
2024-01-15,S002-P0018,Clothing,67,148,22.72,118.52065909394919
2024-01-16,S002-P0018,Clothing,23,104,21.16,102.19435760059459
2024-01-17,S002-P0018,Clothing,95,76,26.4,116.73035803668216
2024-01-18,S002-P0018,Clothing,65,81,25.05,121.54319591046736
2024-01-19,S002-P0018,Clothing,112,91,23.16,131.2041222394225
2024-01-20,S002-P0018,Clothing,73,121,23.21,122.20593049341093
2024-01-21,S002-P0018,Clothing,99,118,28.2,99.58399489326298
2024-01-22,S002-P0018,Clothing,16,100,18.32,131.91076069012038
2024-01-23,S002-P0018,Clothing,67,83,23.94,101.96456524637017
2024-01-24,S002-P0018,Clothing,103,86,28.51,122.2453520058831
2024-01-25,S002-P0018,Clothing,120,94,28.6,120.3813541563827
2024-01-26,S002-P0018,Clothing,179,139,31.86,155.40964793045737
2024-01-27,S002-P0018,Clothing,218,173,35.26,153.8931870059001
2024-01-28,S002-P0018,Clothing,147,255,24.49,145.70766666996244
2024-01-29,S002-P0018,Clothing,85,153,28.27,101.17909432210877
2024-01-30,S002-P0018,Clothing,149,61,31.17,99.78884880143286
2023-10-03,S002-P0019,Clothing,138,217,94.98,85.30450439840256
2023-10-04,S002-P0019,Clothing,62,422,74.01,85.52927904818297
2023-10-05,S002-P0019,Clothing,129,380,87.63,106.73226291831992
2023-10-06,S002-P0019,Clothing,63,249,70.34,86.11470759226052
2023-10-07,S002-P0019,Clothing,148,774,77.27,115.48112892263285
2023-10-08,S002-P0019,Clothing,148,626,77.22,133.02621079050292
2023-10-09,S002-P0019,Clothing,90,467,72.46,127.11697883385067
2023-10-10,S002-P0019,Clothing,47,397,66.02,97.5023377823466
2023-10-11,S002-P0019,Clothing,133,353,98.47,86.32172206417934
2023-10-12,S002-P0019,Clothing,192,816,98.28,137.378202557478
2023-10-13,S002-P0019,Clothing,130,634,73.23,113.00234386810288
2023-10-14,S002-P0019,Clothing,117,511,88.98,85.45806792109678
2023-10-15,S002-P0019,Clothing,70,421,76.28,98.3563689506158
2023-10-16,S002-P0019,Clothing,123,1008,95.58,98.34622786192011
2023-10-17,S002-P0019,Clothing,211,905,108.57,120.48977926583841
2023-10-18,S002-P0019,Clothing,115,655,88.31,95.54759942150899
2023-10-19,S002-P0019,Clothing,144,529,90.99,122.09320111499464
2023-10-20,S002-P0019,Clothing,64,432,78.53,89.50948151541435
2023-10-21,S002-P0019,Clothing,159,1252,94.9,127.11885037052988
2023-10-22,S002-P0019,Clothing,90,1133,77.27,108.71869593914577
2023-10-23,S002-P0019,Clothing,44,1041,68.97,108.71470057851643
2023-10-24,S002-P0019,Clothing,143,1015,106.8,108.54959703262128
2023-10-25,S002-P0019,Clothing,61,868,69.66,85.61630416577958
2023-10-26,S002-P0019,Clothing,137,815,74.72,121.71226787341077
2023-10-27,S002-P0019,Clothing,70,682,80.15,93.12798109409215
2023-10-28,S002-P0019,Clothing,101,613,75.77,136.01177299460232
2023-10-29,S002-P0019,Clothing,69,539,71.95,94.69058122737947
2023-10-30,S002-P0019,Clothing,137,470,104.82,94.67794692563473
2023-10-31,S002-P0019,Clothing,71,343,76.54,86.1352015796981
2023-11-01,S002-P0019,Clothing,127,284,91.72,126.66747529902197
2023-11-02,S002-P0019,Clothing,205,172,113.24,135.31549694193237
2023-11-03,S002-P0019,Clothing,73,565,76.76,94.2592650652012
2023-11-04,S002-P0019,Clothing,123,492,90.45,116.30329211833278
2023-11-05,S002-P0019,Clothing,74,382,73.13,87.72840950019382
2023-11-06,S002-P0019,Clothing,97,1071,79.3,88.6021160318624
2023-11-07,S002-P0019,Clothing,120,994,85.25,103.46607933416816
2023-11-08,S002-P0019,Clothing,75,895,81.49,85.71614578264
2023-11-09,S002-P0019,Clothing,68,846,83.61,86.15114946043566
2023-11-10,S002-P0019,Clothing,107,766,72.77,126.95603723828354
2023-11-11,S002-P0019,Clothing,60,682,77.2,86.27960981129624
2023-11-12,S002-P0019,Clothing,81,629,87.78,103.16485391874193
2023-11-13,S002-P0019,Clothing,108,546,91.24,103.80921961634988
2023-11-14,S002-P0019,Clothing,114,450,92.9,93.95657359454628
2023-11-15,S002-P0019,Clothing,73,374,60.75,117.11957809452943
2023-11-16,S002-P0019,Clothing,81,325,83.4,86.57627350164232
2023-11-17,S002-P0019,Clothing,117,235,88.95,88.3902791421658
2023-11-18,S002-P0019,Clothing,90,661,67.89,136.86749348633577
2023-11-19,S002-P0019,Clothing,133,579,98.54,93.46764944714099
2023-11-20,S002-P0019,Clothing,95,477,78.59,94.46626628648929
2023-11-21,S002-P0019,Clothing,121,370,76.01,117.06842937499248
2023-11-22,S002-P0019,Clothing,103,288,80.75,117.52910723749568
2023-11-23,S002-P0019,Clothing,95,823,91.96,92.90696200464477
2023-11-24,S002-P0019,Clothing,81,764,79.07,88.55393542472152
2023-11-25,S002-P0019,Clothing,66,682,71.12,87.55187206902266
2023-11-26,S002-P0019,Clothing,105,603,80.88,115.18488394098526
2023-11-27,S002-P0019,Clothing,133,501,73.89,135.56505560596813
2023-11-28,S002-P0019,Clothing,79,391,87.13,86.294261032459
2023-11-29,S002-P0019,Clothing,52,312,71.09,86.21934030427977
2023-11-30,S002-P0019,Clothing,95,267,87.56,86.85951091267366
2023-12-01,S002-P0019,Clothing,145,595,102.11,109.77895070847157
2023-12-02,S002-P0019,Clothing,119,457,89.38,145.21564693589622
2023-12-03,S002-P0019,Clothing,104,315,81.13,129.62144478541111
2023-12-04,S002-P0019,Clothing,117,224,98.7,120.5329557104906
2023-12-05,S002-P0019,Clothing,170,738,103.79,120.53010161250505
2023-12-06,S002-P0019,Clothing,155,607,88.34,156.42581597065913
2023-12-07,S002-P0019,Clothing,110,432,91.76,119.58898995910089
2023-12-08,S002-P0019,Clothing,142,317,95.77,102.94028525994352
2023-12-09,S002-P0019,Clothing,161,894,101.08,120.16635795460608
2023-12-10,S002-P0019,Clothing,120,781,99.86,111.23770034349432
2023-12-11,S002-P0019,Clothing,84,652,79.91,106.01789551744893
2023-12-12,S002-P0019,Clothing,174,565,82.84,130.0813855509517
2023-12-13,S002-P0019,Clothing,205,459,106.99,151.3612621142639
2023-12-14,S002-P0019,Clothing,43,331,72.32,119.53890043111801
2023-12-15,S002-P0019,Clothing,129,290,97.28,119.66033756052542
2023-12-16,S002-P0019,Clothing,79,951,78.64,102.7673314065664
2023-12-17,S002-P0019,Clothing,119,881,84.45,131.70091790405044
2023-12-18,S002-P0019,Clothing,153,786,88.83,156.91851820337627
2023-12-19,S002-P0019,Clothing,81,680,79.0,116.1312571429129
2023-12-20,S002-P0019,Clothing,43,631,65.09,102.69548074179153
2023-12-21,S002-P0019,Clothing,129,601,87.53,147.87087596807854
2023-12-22,S002-P0019,Clothing,117,459,98.8,116.69992790484096
2023-12-23,S002-P0019,Clothing,143,377,85.33,150.35207625497208
2023-12-24,S002-P0019,Clothing,87,279,89.45,117.9411364510988
2023-12-25,S002-P0019,Clothing,126,197,96.63,104.78779667775551
2023-12-26,S002-P0019,Clothing,120,557,94.7,131.17009877999206
2023-12-27,S002-P0019,Clothing,243,420,123.7,154.06761129395332
2023-12-28,S002-P0019,Clothing,96,244,83.23,107.89317715918499
2023-12-29,S002-P0019,Clothing,149,137,98.03,123.5262354547266
2023-12-30,S002-P0019,Clothing,97,19,83.33,116.45508239405396
2023-12-31,S002-P0019,Clothing,109,861,86.76,124.69844193857504
2024-01-01,S002-P0019,Clothing,151,746,98.69,117.12042672467804
2024-01-02,S002-P0019,Clothing,127,628,87.22,124.9610206431992
2024-01-03,S002-P0019,Clothing,105,504,85.94,116.91786811704102
2024-01-04,S002-P0019,Clothing,164,412,107.45,128.12262396183385
2024-01-05,S002-P0019,Clothing,130,239,87.78,144.26287456610712
2024-01-06,S002-P0019,Clothing,88,108,85.5,117.5972127299872
2024-01-07,S002-P0019,Clothing,75,24,73.01,150.86047498302298
2024-01-08,S002-P0019,Clothing,92,784,73.6,151.3367553443331
2024-01-09,S002-P0019,Clothing,110,724,78.05,150.33487329336432
2024-01-10,S002-P0019,Clothing,121,595,95.02,102.44698485295676
2024-01-11,S002-P0019,Clothing,88,480,85.54,105.0347474016191
2024-01-12,S002-P0019,Clothing,182,420,107.24,116.58401907251816
2024-01-13,S002-P0019,Clothing,172,278,82.49,146.42635682069488
2024-01-14,S002-P0019,Clothing,110,77,96.67,117.58994156839671
2024-01-15,S002-P0019,Clothing,98,0,88.36,118.55794392497452
2024-01-16,S002-P0019,Clothing,82,641,87.95,102.19435760059459
2024-01-17,S002-P0019,Clothing,89,562,90.2,116.66541589509544
2024-01-18,S002-P0019,Clothing,137,491,79.68,152.44581201172426
2024-01-19,S002-P0019,Clothing,57,388,72.31,103.73967310713067
2024-01-20,S002-P0019,Clothing,158,337,111.27,122.05145539319224
2024-01-21,S002-P0019,Clothing,57,218,72.37,99.48176792065092
2024-01-22,S002-P0019,Clothing,173,645,86.91,131.5585600713108
2024-01-23,S002-P0019,Clothing,125,468,96.2,101.96456524637017
2024-01-24,S002-P0019,Clothing,176,380,99.42,156.74972209444226
2024-01-25,S002-P0019,Clothing,131,244,88.24,155.40964793045737
2024-01-26,S002-P0019,Clothing,146,820,86.18,155.07842206236293
2024-01-27,S002-P0019,Clothing,79,671,78.58,119.85288129197241
2024-01-28,S002-P0019,Clothing,117,578,88.79,111.73247402215965
2024-01-29,S002-P0019,Clothing,118,447,89.3,101.04663271395313
2024-01-30,S002-P0019,Clothing,118,339,89.18,100.2370216111702
2023-10-03,S002-P0020,Furniture,83,83,126.82,67.399901097528
2023-10-04,S002-P0020,Furniture,33,234,116.37,67.72175737155052
2023-10-05,S002-P0020,Furniture,142,198,144.88,111.62182262661008
2023-10-06,S002-P0020,Furniture,100,28,120.17,88.63494709205855
2023-10-07,S002-P0020,Furniture,46,0,122.32,32.76555814240852
2023-10-08,S002-P0020,Furniture,23,411,111.45,39.14083519640195
2023-10-09,S002-P0020,Furniture,25,386,106.7,36.013416579571384
2023-10-10,S002-P0020,Furniture,32,364,110.04,35.91453359745243
2023-10-11,S002-P0020,Furniture,42,340,114.38,32.07789944340745
2023-10-12,S002-P0020,Furniture,31,315,109.56,38.86598185804916
2023-10-13,S002-P0020,Furniture,47,282,110.73,39.65866473808668
2023-10-14,S002-P0020,Furniture,31,242,115.24,33.23515892752244
2023-10-15,S002-P0020,Furniture,32,220,98.88,36.33975429799088
2023-10-16,S002-P0020,Furniture,17,188,92.0,43.41288202847352
2023-10-17,S002-P0020,Furniture,23,170,100.07,31.625259826051725
2023-10-18,S002-P0020,Furniture,56,153,102.85,44.44059385313973
2023-10-19,S002-P0020,Furniture,43,113,121.08,31.215760476281645
2023-10-20,S002-P0020,Furniture,46,76,104.59,31.61753496182157
2023-10-21,S002-P0020,Furniture,53,186,100.83,44.68288101754112
2023-10-22,S002-P0020,Furniture,54,124,120.11,38.952365172798416
2023-10-23,S002-P0020,Furniture,85,72,114.34,48.974328530255896
2023-10-24,S002-P0020,Furniture,56,167,114.79,39.02918522410289
2023-10-25,S002-P0020,Furniture,92,120,116.05,88.49333143509111
2023-10-26,S002-P0020,Furniture,70,291,107.57,98.13294475143617
2023-10-27,S002-P0020,Furniture,127,246,130.87,97.57291096969169
2023-10-28,S002-P0020,Furniture,27,145,107.79,83.82890006542948
2023-10-29,S002-P0020,Furniture,75,114,136.95,75.49907606186234
2023-10-30,S002-P0020,Furniture,34,482,105.21,75.92423172053935
2023-10-31,S002-P0020,Furniture,56,448,115.1,67.7957441865253
2023-11-01,S002-P0020,Furniture,78,383,124.3,75.3622195308347
2023-11-02,S002-P0020,Furniture,99,317,118.59,109.53871266308617
2023-11-03,S002-P0020,Furniture,57,209,103.27,98.54019927852572
2023-11-04,S002-P0020,Furniture,54,144,126.25,69.26917039879397
2023-11-05,S002-P0020,Furniture,83,359,133.43,69.22939452956827
2023-11-06,S002-P0020,Furniture,108,287,137.54,69.83576976964166
2023-11-07,S002-P0020,Furniture,91,171,137.16,83.06141880487559
2023-11-08,S002-P0020,Furniture,81,93,119.58,67.67856848216186
2023-11-09,S002-P0020,Furniture,59,328,122.49,67.7551688614105
2023-11-10,S002-P0020,Furniture,101,273,111.95,99.05089762561913
2023-11-11,S002-P0020,Furniture,57,159,121.36,68.68814195310014
2023-11-12,S002-P0020,Furniture,28,109,97.18,83.56605579390364
2023-11-13,S002-P0020,Furniture,105,337,143.64,83.60315036540814
2023-11-14,S002-P0020,Furniture,89,253,136.28,74.56702100443512
2023-11-15,S002-P0020,Furniture,102,156,134.82,91.36273628667927
2023-11-16,S002-P0020,Furniture,75,363,122.92,68.38457304073934
2023-11-17,S002-P0020,Furniture,42,303,108.46,91.63450097966121
2023-11-18,S002-P0020,Furniture,115,270,140.45,83.16818673741135
2023-11-19,S002-P0020,Furniture,14,158,101.55,74.73940938860513
2023-11-20,S002-P0020,Furniture,66,144,125.85,74.46559576300865
2023-11-21,S002-P0020,Furniture,52,397,113.1,89.71255146047334
2023-11-22,S002-P0020,Furniture,50,338,112.17,64.73645725560708
2023-11-23,S002-P0020,Furniture,73,306,116.2,72.5173267084383
2023-11-24,S002-P0020,Furniture,33,261,99.33,68.62520485364598
2023-11-25,S002-P0020,Furniture,104,239,120.67,86.65392426218632
2023-11-26,S002-P0020,Furniture,77,150,111.02,87.23312657162937
2023-11-27,S002-P0020,Furniture,66,71,106.96,103.42969807759131
2023-11-28,S002-P0020,Furniture,38,299,90.06,85.54248454339768
2023-11-29,S002-P0020,Furniture,71,258,115.06,66.91358282976579
2023-11-30,S002-P0020,Furniture,71,205,128.14,66.51791263076122
2023-12-01,S002-P0020,Furniture,58,140,122.1,71.14489921719618
2023-12-02,S002-P0020,Furniture,90,297,115.24,94.70320265413629
2023-12-03,S002-P0020,Furniture,43,214,109.44,66.83726497224897
2023-12-04,S002-P0020,Furniture,62,186,117.34,104.24438544331106
2023-12-05,S002-P0020,Furniture,54,397,108.25,104.22774271332484
2023-12-06,S002-P0020,Furniture,52,351,100.48,107.25500105549136
2023-12-07,S002-P0020,Furniture,36,302,111.6,80.77629969697337
2023-12-08,S002-P0020,Furniture,92,271,115.91,88.35366721021077
2023-12-09,S002-P0020,Furniture,88,184,114.47,105.07373690081334
2023-12-10,S002-P0020,Furniture,48,124,117.4,73.71170749276718
2023-12-11,S002-P0020,Furniture,140,313,126.28,87.65384588297825
2023-12-12,S002-P0020,Furniture,71,179,121.64,65.7546834682334
2023-12-13,S002-P0020,Furniture,73,102,128.89,82.12743311849891
2023-12-14,S002-P0020,Furniture,76,444,130.19,81.32597686211132
2023-12-15,S002-P0020,Furniture,76,384,137.43,81.85854970918741
2023-12-16,S002-P0020,Furniture,34,297,105.2,67.32027629111705
2023-12-17,S002-P0020,Furniture,51,259,118.95,68.01300235359912
2023-12-18,S002-P0020,Furniture,129,208,124.13,107.4724747853622
2023-12-19,S002-P0020,Furniture,47,115,116.82,74.28156179117302
2023-12-20,S002-P0020,Furniture,87,81,135.5,66.57399285379115
2023-12-21,S002-P0020,Furniture,82,416,126.25,73.32140441187498
2023-12-22,S002-P0020,Furniture,134,318,141.43,96.59765547103788
2023-12-23,S002-P0020,Furniture,110,163,109.58,97.03213920852433
2023-12-24,S002-P0020,Furniture,82,35,119.78,75.19769449931863
2023-12-25,S002-P0020,Furniture,110,329,146.23,68.12602103507311
2023-12-26,S002-P0020,Furniture,130,225,155.56,82.25191719463739
2023-12-27,S002-P0020,Furniture,34,87,116.84,36.47969908580152
2023-12-28,S002-P0020,Furniture,33,389,104.67,31.193857646814163
2023-12-29,S002-P0020,Furniture,44,353,121.35,37.714093490564785
2023-12-30,S002-P0020,Furniture,50,316,112.41,35.39036473885808
2023-12-31,S002-P0020,Furniture,26,282,112.54,37.38848958461383
2024-01-01,S002-P0020,Furniture,55,258,126.93,34.21784116381054
2024-01-02,S002-P0020,Furniture,44,219,91.19,44.03140114260489
2024-01-03,S002-P0020,Furniture,40,184,107.75,34.052125867452254
2024-01-04,S002-P0020,Furniture,37,145,112.31,36.202204684954275
2024-01-05,S002-P0020,Furniture,33,115,98.82,41.6221264024733
2024-01-06,S002-P0020,Furniture,49,85,88.4,40.70689407446589
2024-01-07,S002-P0020,Furniture,31,137,104.09,36.663639114218995
2024-01-08,S002-P0020,Furniture,42,111,108.6,46.92796600760922
2024-01-09,S002-P0020,Furniture,90,226,136.97,73.08492298723934
2024-01-10,S002-P0020,Furniture,49,130,111.73,66.1880355669987
2024-01-11,S002-P0020,Furniture,90,98,129.57,67.85856383104733
2024-01-12,S002-P0020,Furniture,77,292,137.46,73.84950568942085
2024-01-13,S002-P0020,Furniture,88,236,128.96,74.72038925216158
2024-01-14,S002-P0020,Furniture,89,163,115.74,95.82428895632522
2024-01-15,S002-P0020,Furniture,59,107,110.15,74.90845382132129
2024-01-16,S002-P0020,Furniture,66,269,125.62,65.92740174688183
2024-01-17,S002-P0020,Furniture,63,209,124.09,73.67570868451719
2024-01-18,S002-P0020,Furniture,85,167,120.31,105.01370028905298
2024-01-19,S002-P0020,Furniture,44,87,115.32,67.25994976905967
2024-01-20,S002-P0020,Furniture,92,195,130.42,82.83035863308837
2024-01-21,S002-P0020,Furniture,20,106,78.34,87.8974213553196
2024-01-22,S002-P0020,Furniture,106,82,129.83,88.00679341867972
2024-01-23,S002-P0020,Furniture,39,235,107.17,66.20579913187919
2024-01-24,S002-P0020,Furniture,49,189,88.4,107.94890758765968
2024-01-25,S002-P0020,Furniture,56,396,121.1,80.55747614605315
2024-01-26,S002-P0020,Furniture,119,344,150.44,80.6708357843757
2024-01-27,S002-P0020,Furniture,72,256,121.95,81.59572322556916
2024-01-28,S002-P0020,Furniture,134,177,125.79,95.21752348098308
2024-01-29,S002-P0020,Furniture,43,383,114.95,67.42177090914215
2024-01-30,S002-P0020,Furniture,82,332,140.31,65.85964679556459
2023-10-03,S003-P0001,Toys,117,139,17.13,87.8969086674688
2023-10-04,S003-P0001,Toys,92,65,15.78,101.00370055196284
2023-10-05,S003-P0001,Toys,61,291,14.19,88.17951607831932
2023-10-06,S003-P0001,Toys,102,221,17.21,102.84808944729201
2023-10-07,S003-P0001,Toys,19,154,13.25,29.34157019072552
2023-10-08,S003-P0001,Toys,32,309,14.01,29.04145117960279
2023-10-09,S003-P0001,Toys,13,274,11.58,36.54627974408031
2023-10-10,S003-P0001,Toys,15,265,12.31,31.85491246322557
2023-10-11,S003-P0001,Toys,33,252,14.06,28.881037719104434
2023-10-12,S003-P0001,Toys,36,219,11.38,41.39177996349476
2023-10-13,S003-P0001,Toys,39,176,13.02,34.15507158811804
2023-10-14,S003-P0001,Toys,18,137,13.13,29.34157019072552
2023-10-15,S003-P0001,Toys,35,124,13.43,32.2999989584806
2023-10-16,S003-P0001,Toys,18,92,12.51,32.15739626162926
2023-10-17,S003-P0001,Toys,66,72,12.92,39.72166947765348
2023-10-18,S003-P0001,Toys,27,32,12.37,28.92540716810057
2023-10-19,S003-P0001,Toys,49,146,12.01,36.23640610738463
2023-10-20,S003-P0001,Toys,38,98,12.21,35.58979294073397
2023-10-21,S003-P0001,Toys,27,55,12.33,32.39401246434258
2023-10-22,S003-P0001,Toys,34,115,12.69,29.27636101571591
2023-10-23,S003-P0001,Toys,27,93,10.97,35.9556735919296
2023-10-24,S003-P0001,Toys,11,65,12.73,28.72338783957337
2023-10-25,S003-P0001,Toys,180,112,17.29,120.78865542648371
2023-10-26,S003-P0001,Toys,180,0,19.42,136.881795746643
2023-10-27,S003-P0001,Toys,112,342,15.98,105.89757415949438
2023-10-28,S003-P0001,Toys,71,611,14.66,89.74054522355064
2023-10-29,S003-P0001,Toys,88,529,15.57,99.22560806530602
2023-10-30,S003-P0001,Toys,117,438,16.26,99.45777216942477
2023-10-31,S003-P0001,Toys,111,306,17.71,105.68331295151667
2023-11-01,S003-P0001,Toys,93,208,15.04,112.03921941620679
2023-11-02,S003-P0001,Toys,103,146,17.28,104.583959453072
2023-11-03,S003-P0001,Toys,161,218,16.22,126.41729791683741
2023-11-04,S003-P0001,Toys,40,100,13.73,106.13119782071439
2023-11-05,S003-P0001,Toys,113,328,16.94,99.08689930617456
2023-11-06,S003-P0001,Toys,96,239,16.02,89.92995416840218
2023-11-07,S003-P0001,Toys,108,170,16.61,126.53824593030777
2023-11-08,S003-P0001,Toys,117,50,15.34,111.18346935294454
2023-11-09,S003-P0001,Toys,83,193,16.98,87.33443167658379
2023-11-10,S003-P0001,Toys,76,301,15.77,87.71479110786966
2023-11-11,S003-P0001,Toys,47,235,13.4,105.60536374206833
2023-11-12,S003-P0001,Toys,150,202,16.91,137.79132353752055
2023-11-13,S003-P0001,Toys,100,75,12.83,112.0978234166726
2023-11-14,S003-P0001,Toys,80,310,15.98,87.52009746107538
2023-11-15,S003-P0001,Toys,129,241,18.73,104.75640508040112
2023-11-16,S003-P0001,Toys,108,156,14.03,127.92038767519749
2023-11-17,S003-P0001,Toys,73,340,15.57,97.16746894254291
2023-11-18,S003-P0001,Toys,135,279,17.14,137.83216484196575
2023-11-19,S003-P0001,Toys,116,188,17.99,104.33503914509018
2023-11-20,S003-P0001,Toys,119,277,14.53,112.17071937415469
2023-11-21,S003-P0001,Toys,132,160,18.9,95.4844465579377
2023-11-22,S003-P0001,Toys,34,322,12.7,102.56405287739814
2023-11-23,S003-P0001,Toys,64,288,13.58,87.32676510842427
2023-11-24,S003-P0001,Toys,135,235,18.05,95.60064197906044
2023-11-25,S003-P0001,Toys,91,84,17.45,88.04237941183494
2023-11-26,S003-P0001,Toys,104,231,16.41,109.94487942978246
2023-11-27,S003-P0001,Toys,64,109,14.3,88.81608577846258
2023-11-28,S003-P0001,Toys,66,280,15.98,87.20237613972812
2023-11-29,S003-P0001,Toys,80,227,15.98,102.87110264100872
2023-11-30,S003-P0001,Toys,122,134,17.35,93.76164941559507
2023-12-01,S003-P0001,Toys,156,0,19.24,95.99402745282087
2023-12-02,S003-P0001,Toys,177,261,16.91,126.5667548707227
2023-12-03,S003-P0001,Toys,131,456,18.87,105.251647287908
2023-12-04,S003-P0001,Toys,126,373,15.62,132.04860775817198
2023-12-05,S003-P0001,Toys,88,290,16.41,87.1985655034864
2023-12-06,S003-P0001,Toys,64,212,14.28,104.79369828872835
2023-12-07,S003-P0001,Toys,51,166,13.63,97.5024499124352
2023-12-08,S003-P0001,Toys,127,126,14.91,127.72292118506266
2023-12-09,S003-P0001,Toys,95,0,16.85,87.73931942726657
2023-12-10,S003-P0001,Toys,105,278,13.91,111.58048227602569
2023-12-11,S003-P0001,Toys,103,168,17.25,89.28520373966049
2023-12-12,S003-P0001,Toys,147,45,15.81,111.01607687882647
2023-12-13,S003-P0001,Toys,57,242,13.25,104.7959252103273
2023-12-14,S003-P0001,Toys,74,505,14.85,96.13556310723726
2023-12-15,S003-P0001,Toys,137,434,14.37,113.44149798004517
2023-12-16,S003-P0001,Toys,108,320,15.82,87.49072455082977
2023-12-17,S003-P0001,Toys,53,195,15.21,98.15669790002946
2023-12-18,S003-P0001,Toys,68,157,14.49,105.89786133552785
2023-12-19,S003-P0001,Toys,112,93,16.91,88.43174770450052
2023-12-20,S003-P0001,Toys,117,127,19.03,105.89755104494384
2023-12-21,S003-P0001,Toys,151,313,17.99,104.21742362916667
2023-12-22,S003-P0001,Toys,55,134,14.56,89.73626168768418
2023-12-23,S003-P0001,Toys,115,406,17.95,88.62379600569413
2023-12-24,S003-P0001,Toys,163,328,18.58,113.02850078105799
2023-12-25,S003-P0001,Toys,103,171,13.62,114.20248716904727
2023-12-26,S003-P0001,Toys,175,428,18.1,138.06560065312615
2023-12-27,S003-P0001,Toys,11,219,10.85,40.01249969505065
2023-12-28,S003-P0001,Toys,41,208,13.79,29.20216350897039
2023-12-29,S003-P0001,Toys,30,183,12.48,28.740278388246672
2023-12-30,S003-P0001,Toys,47,163,14.89,30.47954744462185
2023-12-31,S003-P0001,Toys,11,130,12.13,33.56844177091722
2024-01-01,S003-P0001,Toys,31,121,12.55,29.966629289823565
2024-01-02,S003-P0001,Toys,42,98,13.85,26.979302948414254
2024-01-03,S003-P0001,Toys,22,59,11.4,34.68842795875653
2024-01-04,S003-P0001,Toys,36,141,10.14,34.774841487933536
2024-01-05,S003-P0001,Toys,34,107,13.38,31.018443072171607
2024-01-06,S003-P0001,Toys,95,70,13.29,38.10210804472957
2024-01-07,S003-P0001,Toys,8,56,12.56,28.097208710489735
2024-01-08,S003-P0001,Toys,23,238,11.52,34.39070031625113
2024-01-09,S003-P0001,Toys,109,224,15.87,87.82485887735172
2024-01-10,S003-P0001,Toys,88,148,14.79,99.85660707948809
2024-01-11,S003-P0001,Toys,164,255,18.52,137.19403299438554
2024-01-12,S003-P0001,Toys,161,146,19.43,106.03798712125631
2024-01-13,S003-P0001,Toys,151,371,17.85,128.92348051795761
2024-01-14,S003-P0001,Toys,126,228,18.57,100.63366982306543
2024-01-15,S003-P0001,Toys,101,89,16.29,106.67592491065344
2024-01-16,S003-P0001,Toys,91,229,15.73,100.36152487467885
2024-01-17,S003-P0001,Toys,94,125,15.91,90.35715740520682
2024-01-18,S003-P0001,Toys,66,62,14.41,98.99050944748298
2024-01-19,S003-P0001,Toys,115,197,17.0,134.0818357482031
2024-01-20,S003-P0001,Toys,45,122,14.04,105.33101052210354
2024-01-21,S003-P0001,Toys,52,349,11.39,112.04905755448651
2024-01-22,S003-P0001,Toys,119,289,14.55,132.36504229754985
2024-01-23,S003-P0001,Toys,89,169,17.35,98.30790178494247
2024-01-24,S003-P0001,Toys,64,105,13.56,112.23808452620685
2024-01-25,S003-P0001,Toys,73,192,14.02,102.52022070394058
2024-01-26,S003-P0001,Toys,81,115,14.43,88.36223903262088
2024-01-27,S003-P0001,Toys,125,208,19.45,87.4752521983432
2024-01-28,S003-P0001,Toys,103,116,16.41,98.51928041283382
2024-01-29,S003-P0001,Toys,55,244,14.6,88.75374630055187
2024-01-30,S003-P0001,Toys,58,207,13.26,104.17935715113641
2023-10-03,S003-P0002,Groceries,114,520,56.14,134.32807620971272
2023-10-04,S003-P0002,Groceries,143,436,61.26,150.83194967135796
2023-10-05,S003-P0002,Groceries,175,312,59.95,130.06282083681947
2023-10-06,S003-P0002,Groceries,112,202,58.88,121.87276783633601
2023-10-07,S003-P0002,Groceries,62,548,46.96,74.80532573978991
2023-10-08,S003-P0002,Groceries,113,497,47.27,95.6694725528547
2023-10-09,S003-P0002,Groceries,88,387,57.21,74.73472864700977
2023-10-10,S003-P0002,Groceries,82,308,47.92,82.87568177392646
2023-10-11,S003-P0002,Groceries,65,258,45.15,73.85477085206047
2023-10-12,S003-P0002,Groceries,78,215,55.37,83.0055078429409
2023-10-13,S003-P0002,Groceries,91,358,54.89,91.72293711966286
2023-10-14,S003-P0002,Groceries,100,285,50.61,95.07795823915583
2023-10-15,S003-P0002,Groceries,92,191,58.06,82.4341222968006
2023-10-16,S003-P0002,Groceries,75,89,52.05,82.4341222968006
2023-10-17,S003-P0002,Groceries,132,294,56.07,101.26386761369382
2023-10-18,S003-P0002,Groceries,89,161,43.08,94.7419574243331
2023-10-19,S003-P0002,Groceries,57,95,51.13,73.31730554234032
2023-10-20,S003-P0002,Groceries,97,403,53.12,73.28316581279653
2023-10-21,S003-P0002,Groceries,44,312,43.73,82.37833428667358
2023-10-22,S003-P0002,Groceries,59,264,46.51,74.09878228632476
2023-10-23,S003-P0002,Groceries,79,229,50.01,95.25703189367906
2023-10-24,S003-P0002,Groceries,58,157,46.42,73.49157622982516
2023-10-25,S003-P0002,Groceries,172,106,63.08,141.20153789678034
2023-10-26,S003-P0002,Groceries,131,280,46.83,164.3468205006485
2023-10-27,S003-P0002,Groceries,94,135,52.66,126.43426098562536
2023-10-28,S003-P0002,Groceries,104,525,51.64,100.2861139692334
2023-10-29,S003-P0002,Groceries,149,434,65.69,114.54691569470066
2023-10-30,S003-P0002,Groceries,103,317,54.32,114.41269665779477
2023-10-31,S003-P0002,Groceries,157,253,67.2,125.39200287114811
2023-11-01,S003-P0002,Groceries,78,499,49.89,99.74780771085726
2023-11-02,S003-P0002,Groceries,131,413,62.39,125.69993728842392
2023-11-03,S003-P0002,Groceries,100,286,42.46,147.85651957361145
2023-11-04,S003-P0002,Groceries,112,225,62.01,126.39629339302155
2023-11-05,S003-P0002,Groceries,141,560,67.59,114.09352291660922
2023-11-06,S003-P0002,Groceries,100,459,53.64,101.68985115060256
2023-11-07,S003-P0002,Groceries,98,393,50.7,148.49824122390564
2023-11-08,S003-P0002,Groceries,65,292,47.57,132.5684049620875
2023-11-09,S003-P0002,Groceries,156,215,63.46,99.25811057444854
2023-11-10,S003-P0002,Groceries,198,69,63.69,132.51746434473577
2023-11-11,S003-P0002,Groceries,132,0,53.29,165.5669134937162
2023-11-12,S003-P0002,Groceries,212,417,69.29,164.42798892358874
2023-11-13,S003-P0002,Groceries,87,959,51.53,101.12276302958746
2023-11-14,S003-P0002,Groceries,131,861,56.25,98.14327179890452
2023-11-15,S003-P0002,Groceries,230,725,67.99,166.48732614351715
2023-11-16,S003-P0002,Groceries,67,450,50.44,112.89158564171711
2023-11-17,S003-P0002,Groceries,137,401,63.62,114.8443593375699
2023-11-18,S003-P0002,Groceries,28,1112,38.91,165.1650656238833
2023-11-19,S003-P0002,Groceries,94,1091,52.54,126.20540127348735
2023-11-20,S003-P0002,Groceries,156,1035,60.35,133.5521728741938
2023-11-21,S003-P0002,Groceries,75,876,49.24,112.13375206627127
2023-11-22,S003-P0002,Groceries,183,829,75.92,125.51404776636409
2023-11-23,S003-P0002,Groceries,98,686,56.3,99.37029741205902
2023-11-24,S003-P0002,Groceries,75,598,49.38,114.51085336003187
2023-11-25,S003-P0002,Groceries,152,553,52.41,131.30512773995514
2023-11-26,S003-P0002,Groceries,89,453,57.49,99.58469668776057
2023-11-27,S003-P0002,Groceries,62,395,49.52,101.25611241140304
2023-11-28,S003-P0002,Groceries,100,358,56.66,98.26177315750671
2023-11-29,S003-P0002,Groceries,148,274,65.5,126.78087245148643
2023-11-30,S003-P0002,Groceries,77,185,52.4,111.36961014629945
2023-12-01,S003-P0002,Groceries,133,428,56.19,142.22986874872305
2023-12-02,S003-P0002,Groceries,126,329,58.5,112.65604547243302
2023-12-03,S003-P0002,Groceries,129,246,61.99,126.78967932662567
2023-12-04,S003-P0002,Groceries,162,579,57.47,158.48700998916158
2023-12-05,S003-P0002,Groceries,120,458,57.21,99.56547393207829
2023-12-06,S003-P0002,Groceries,128,376,55.7,127.19182261780358
2023-12-07,S003-P0002,Groceries,105,240,57.58,112.90606695763377
2023-12-08,S003-P0002,Groceries,20,150,39.65,112.81592657156432
2023-12-09,S003-P0002,Groceries,102,456,54.09,99.64553282171737
2023-12-10,S003-P0002,Groceries,125,362,55.23,100.10389730065211
2023-12-11,S003-P0002,Groceries,96,234,50.34,104.85868928975553
2023-12-12,S003-P0002,Groceries,242,151,66.39,133.61188800253802
2023-12-13,S003-P0002,Groceries,210,423,73.0,127.0462172880588
2023-12-14,S003-P0002,Groceries,79,284,52.66,113.14364623858522
2023-12-15,S003-P0002,Groceries,118,963,60.03,102.36694945481442
2023-12-16,S003-P0002,Groceries,138,855,63.67,101.61474086935159
2023-12-17,S003-P0002,Groceries,154,737,63.1,114.83317178643854
2023-12-18,S003-P0002,Groceries,184,565,68.64,127.74417262792416
2023-12-19,S003-P0002,Groceries,107,366,61.07,100.03373908293501
2023-12-20,S003-P0002,Groceries,167,276,51.8,165.6136004478723
2023-12-21,S003-P0002,Groceries,221,534,66.6,164.66543809812075
2023-12-22,S003-P0002,Groceries,119,366,51.15,135.46478956747038
2023-12-23,S003-P0002,Groceries,74,272,44.12,134.0709323556391
2023-12-24,S003-P0002,Groceries,138,761,50.94,134.10063179322984
2023-12-25,S003-P0002,Groceries,26,615,45.06,104.36872211883662
2023-12-26,S003-P0002,Groceries,48,595,44.55,125.09028492451718
2023-12-27,S003-P0002,Groceries,157,539,57.14,101.47961492901604
2023-12-28,S003-P0002,Groceries,88,439,43.48,100.9767503905009
2023-12-29,S003-P0002,Groceries,69,380,48.27,73.17259394552275
2023-12-30,S003-P0002,Groceries,101,817,56.81,75.53899076961775
2023-12-31,S003-P0002,Groceries,53,745,43.08,84.76710916178827
2024-01-01,S003-P0002,Groceries,115,701,44.62,95.84235129646564
2024-01-02,S003-P0002,Groceries,68,608,53.3,69.05419465669534
2024-01-03,S003-P0002,Groceries,141,540,48.15,92.93649097784521
2024-01-04,S003-P0002,Groceries,69,449,48.13,70.21094582502366
2024-01-05,S003-P0002,Groceries,60,387,51.87,82.82611230788912
2024-01-06,S003-P0002,Groceries,83,323,53.55,73.94599186873236
2024-01-07,S003-P0002,Groceries,39,261,40.73,93.0667572208845
2024-01-08,S003-P0002,Groceries,96,227,58.89,71.2381679247563
2024-01-09,S003-P0002,Groceries,90,384,54.72,99.92766009685981
2024-01-10,S003-P0002,Groceries,92,315,52.31,112.93274546858964
2024-01-11,S003-P0002,Groceries,130,251,65.54,127.25019438116668
2024-01-12,S003-P0002,Groceries,140,95,67.42,127.13885635609925
2024-01-13,S003-P0002,Groceries,108,274,58.2,113.27044497574853
2024-01-14,S003-P0002,Groceries,153,182,62.96,113.1854013710294
2024-01-15,S003-P0002,Groceries,75,442,39.04,162.81032762416535
2024-01-16,S003-P0002,Groceries,151,382,59.21,146.06115156816628
2024-01-17,S003-P0002,Groceries,63,262,47.2,100.23888382939747
2024-01-18,S003-P0002,Groceries,80,202,55.76,111.50919084103137
2024-01-19,S003-P0002,Groceries,61,619,49.41,126.07357289006006
2024-01-20,S003-P0002,Groceries,118,558,56.82,160.0418295520301
2024-01-21,S003-P0002,Groceries,62,417,47.18,100.50863032586827
2024-01-22,S003-P0002,Groceries,100,370,56.66,122.87375389556588
2024-01-23,S003-P0002,Groceries,94,267,49.96,111.05159265543755
2024-01-24,S003-P0002,Groceries,126,200,51.81,133.26570654108966
2024-01-25,S003-P0002,Groceries,73,380,46.52,158.48781481806986
2024-01-26,S003-P0002,Groceries,57,299,38.41,134.04078641937687
2024-01-27,S003-P0002,Groceries,112,253,49.99,133.35359068856397
2024-01-28,S003-P0002,Groceries,111,186,55.55,108.24902999289601
2024-01-29,S003-P0002,Groceries,116,93,62.81,99.92869119045316
2024-01-30,S003-P0002,Groceries,112,327,55.7,120.06665995299876
2023-10-03,S003-P0003,Electronics,80,144,89.44,94.80644149774585
2023-10-04,S003-P0003,Electronics,146,159,99.57,106.40394111873518
2023-10-05,S003-P0003,Electronics,122,171,87.2,123.4640804171853
2023-10-06,S003-P0003,Electronics,177,194,96.12,133.94996408342888
2023-10-07,S003-P0003,Electronics,44,176,74.34,51.50837176294029
2023-10-08,S003-P0003,Electronics,53,147,77.05,51.30102741012236
2023-10-09,S003-P0003,Electronics,94,103,71.44,69.58072091645883
2023-10-10,S003-P0003,Electronics,41,127,77.36,56.12164612024814
2023-10-11,S003-P0003,Electronics,58,90,70.55,65.49187479487703
2023-10-12,S003-P0003,Electronics,43,109,69.97,55.28325779489988
2023-10-13,S003-P0003,Electronics,33,109,74.83,60.503061841768144
2023-10-14,S003-P0003,Electronics,60,122,75.01,51.42332815822115
2023-10-15,S003-P0003,Electronics,65,110,80.6,56.1854160647216
2023-10-16,S003-P0003,Electronics,44,118,70.53,56.43114219288583
2023-10-17,S003-P0003,Electronics,48,129,60.41,74.25968743899271
2023-10-18,S003-P0003,Electronics,98,81,67.78,68.99532830186787
2023-10-19,S003-P0003,Electronics,75,80,79.25,65.83741586355184
2023-10-20,S003-P0003,Electronics,57,79,78.08,50.81814121763222
2023-10-21,S003-P0003,Electronics,40,83,72.99,55.881102647214554
2023-10-22,S003-P0003,Electronics,58,109,78.35,51.96160510237352
2023-10-23,S003-P0003,Electronics,117,106,85.84,69.71043046909982
2023-10-24,S003-P0003,Electronics,50,115,72.29,51.6263449300234
2023-10-25,S003-P0003,Electronics,191,113,111.93,128.02610843352556
2023-10-26,S003-P0003,Electronics,151,180,100.82,115.50737460133794
2023-10-27,S003-P0003,Electronics,143,139,93.47,115.74012916526561
2023-10-28,S003-P0003,Electronics,122,162,87.9,97.86971542613144
2023-10-29,S003-P0003,Electronics,132,198,95.58,106.31759614909323
2023-10-30,S003-P0003,Electronics,80,209,76.57,106.75535829747926
2023-10-31,S003-P0003,Electronics,122,121,97.58,116.70089731470559
2023-11-01,S003-P0003,Electronics,137,133,96.64,97.72750136014946
2023-11-02,S003-P0003,Electronics,164,123,99.0,116.96538804143141
2023-11-03,S003-P0003,Electronics,126,159,89.03,107.16786071817144
2023-11-04,S003-P0003,Electronics,166,145,105.31,118.78921060620763
2023-11-05,S003-P0003,Electronics,127,185,98.94,107.93723344977498
2023-11-06,S003-P0003,Electronics,141,166,92.39,125.21065010103946
2023-11-07,S003-P0003,Electronics,167,175,100.02,105.56025360944707
2023-11-08,S003-P0003,Electronics,167,239,99.2,124.62791478686313
2023-11-09,S003-P0003,Electronics,91,248,88.29,96.30391588776772
2023-11-10,S003-P0003,Electronics,138,173,91.99,96.67451706359022
2023-11-11,S003-P0003,Electronics,133,203,90.74,150.93906347174564
2023-11-12,S003-P0003,Electronics,100,223,72.78,150.7548244350599
2023-11-13,S003-P0003,Electronics,52,125,80.82,99.25396583410199
2023-11-14,S003-P0003,Electronics,88,115,78.77,126.6341271387193
2023-11-15,S003-P0003,Electronics,188,121,93.78,153.21652532215037
2023-11-16,S003-P0003,Electronics,121,157,92.16,105.03856983518294
2023-11-17,S003-P0003,Electronics,67,170,81.12,106.48601246900543
2023-11-18,S003-P0003,Electronics,245,102,113.17,152.58339799450124
2023-11-19,S003-P0003,Electronics,59,217,71.0,152.07495138946064
2023-11-20,S003-P0003,Electronics,84,163,81.83,97.90783134678736
2023-11-21,S003-P0003,Electronics,105,99,92.55,102.91090574774248
2023-11-22,S003-P0003,Electronics,134,117,91.07,118.57434825942278
2023-11-23,S003-P0003,Electronics,117,148,86.08,126.57906917873865
2023-11-24,S003-P0003,Electronics,117,179,96.08,105.69625200762114
2023-11-25,S003-P0003,Electronics,98,150,81.35,97.41069171569816
2023-11-26,S003-P0003,Electronics,117,161,101.26,98.08906865619807
2023-11-27,S003-P0003,Electronics,130,134,84.21,123.05607343351456
2023-11-28,S003-P0003,Electronics,101,150,82.27,97.08114087169064
2023-11-29,S003-P0003,Electronics,137,181,91.89,119.84117294454512
2023-11-30,S003-P0003,Electronics,74,152,79.03,103.94929098627608
2023-12-01,S003-P0003,Electronics,155,86,96.05,133.65890885504695
2023-12-02,S003-P0003,Electronics,209,162,110.45,137.70032902168145
2023-12-03,S003-P0003,Electronics,100,240,95.83,121.07007851179648
2023-12-04,S003-P0003,Electronics,103,138,87.11,120.35609209115967
2023-12-05,S003-P0003,Electronics,90,152,83.52,97.03595073061118
2023-12-06,S003-P0003,Electronics,148,164,83.08,152.74018015943383
2023-12-07,S003-P0003,Electronics,178,148,108.63,107.00685885345055
2023-12-08,S003-P0003,Electronics,66,181,85.09,106.64941677218832
2023-12-09,S003-P0003,Electronics,124,129,82.63,125.54683534590457
2023-12-10,S003-P0003,Electronics,134,111,80.87,125.64167497539495
2023-12-11,S003-P0003,Electronics,126,140,88.8,98.20952073729285
2023-12-12,S003-P0003,Electronics,100,121,68.24,125.87507498566808
2023-12-13,S003-P0003,Electronics,153,118,96.12,120.73418609914974
2023-12-14,S003-P0003,Electronics,146,165,110.16,105.22946625425162
2023-12-15,S003-P0003,Electronics,50,164,72.02,97.37717471151342
2023-12-16,S003-P0003,Electronics,161,122,103.42,125.71320146803245
2023-12-17,S003-P0003,Electronics,118,156,96.46,106.61351066417576
2023-12-18,S003-P0003,Electronics,144,210,98.54,151.75642794629653
2023-12-19,S003-P0003,Electronics,119,228,91.73,126.65198118366852
2023-12-20,S003-P0003,Electronics,108,102,93.51,123.21754145702701
2023-12-21,S003-P0003,Electronics,144,151,93.68,121.12604030417667
2023-12-22,S003-P0003,Electronics,71,216,78.11,98.3413407335728
2023-12-23,S003-P0003,Electronics,100,155,91.03,97.64024785975349
2023-12-24,S003-P0003,Electronics,111,143,84.94,98.20824336766559
2023-12-25,S003-P0003,Electronics,82,166,81.4,99.48472964801059
2023-12-26,S003-P0003,Electronics,123,68,103.17,126.57440770520601
2023-12-27,S003-P0003,Electronics,68,107,61.13,76.977458828042
2023-12-28,S003-P0003,Electronics,76,136,83.89,56.93539129278622
2023-12-29,S003-P0003,Electronics,82,113,85.54,52.17032302518676
2023-12-30,S003-P0003,Electronics,59,110,74.79,55.40187934388688
2023-12-31,S003-P0003,Electronics,66,131,80.88,60.9249801097001
2024-01-01,S003-P0003,Electronics,62,137,75.55,55.08573645447526
2024-01-02,S003-P0003,Electronics,34,157,71.26,51.3539722825841
2024-01-03,S003-P0003,Electronics,82,124,81.25,51.577825386102035
2024-01-04,S003-P0003,Electronics,28,116,69.41,52.04754619528374
2024-01-05,S003-P0003,Electronics,56,96,70.11,86.54447620398379
2024-01-06,S003-P0003,Electronics,93,115,84.36,72.9822464593304
2024-01-07,S003-P0003,Electronics,34,99,67.48,51.798488761055104
2024-01-08,S003-P0003,Electronics,79,125,80.29,66.29552328593923
2024-01-09,S003-P0003,Electronics,94,135,84.49,97.84366825176454
2024-01-10,S003-P0003,Electronics,131,155,84.42,140.6211286734981
2024-01-11,S003-P0003,Electronics,136,154,85.72,154.54008381724037
2024-01-12,S003-P0003,Electronics,102,216,96.35,121.52926690260439
2024-01-13,S003-P0003,Electronics,25,116,65.01,108.98336562686
2024-01-14,S003-P0003,Electronics,23,100,64.69,109.06840923157914
2024-01-15,S003-P0003,Electronics,75,127,83.53,121.23841498021612
2024-01-16,S003-P0003,Electronics,127,121,89.29,139.65267241470366
2024-01-17,S003-P0003,Electronics,44,142,70.27,99.29537205174321
2024-01-18,S003-P0003,Electronics,68,111,77.3,107.49202714278988
2024-01-19,S003-P0003,Electronics,71,122,74.07,152.73487001714227
2024-01-20,S003-P0003,Electronics,60,135,79.0,121.87166081777673
2024-01-21,S003-P0003,Electronics,30,117,63.08,97.26895167178799
2024-01-22,S003-P0003,Electronics,105,95,82.73,149.59756192074198
2024-01-23,S003-P0003,Electronics,150,106,100.29,106.8769578434552
2024-01-24,S003-P0003,Electronics,167,124,87.59,127.34576509748133
2024-01-25,S003-P0003,Electronics,100,206,91.1,117.75631777844607
2024-01-26,S003-P0003,Electronics,110,94,93.99,97.40129137643632
2024-01-27,S003-P0003,Electronics,84,95,82.05,96.45503961552721
2024-01-28,S003-P0003,Electronics,164,116,88.0,139.09763729459965
2024-01-29,S003-P0003,Electronics,87,184,87.23,97.5468838959418
2024-01-30,S003-P0003,Electronics,103,95,91.96,119.05189861181661
2023-10-03,S003-P0004,Groceries,101,507,22.1,100.77953779188313
2023-10-04,S003-P0004,Groceries,157,446,23.5,150.76805392335518
2023-10-05,S003-P0004,Groceries,40,297,16.79,100.386945735746
2023-10-06,S003-P0004,Groceries,87,267,20.06,121.78772423161688
2023-10-07,S003-P0004,Groceries,55,723,16.7,95.53090220829134
2023-10-08,S003-P0004,Groceries,42,671,17.82,74.59798138697198
2023-10-09,S003-P0004,Groceries,55,633,19.83,74.73472864700977
2023-10-10,S003-P0004,Groceries,99,580,24.39,82.89578323705886
2023-10-11,S003-P0004,Groceries,64,474,18.47,94.53806623115771
2023-10-12,S003-P0004,Groceries,47,408,18.2,82.9854063798085
2023-10-13,S003-P0004,Groceries,114,377,19.5,114.96353512693092
2023-10-14,S003-P0004,Groceries,68,290,21.92,74.2512652985666
2023-10-15,S003-P0004,Groceries,98,214,20.78,82.41402083366819
2023-10-16,S003-P0004,Groceries,55,485,20.92,82.4341222968006
2023-10-17,S003-P0004,Groceries,125,420,19.87,100.78154487304202
2023-10-18,S003-P0004,Groceries,127,281,20.26,94.69148811147058
2023-10-19,S003-P0004,Groceries,42,140,14.13,95.72728611845044
2023-10-20,S003-P0004,Groceries,82,453,19.62,95.37471754809759
2023-10-21,S003-P0004,Groceries,44,356,18.99,82.39843574980598
2023-10-22,S003-P0004,Groceries,103,321,22.33,74.1838258910439
2023-10-23,S003-P0004,Groceries,89,198,21.34,74.28100901164704
2023-10-24,S003-P0004,Groceries,85,125,19.93,73.40653262510602
2023-10-25,S003-P0004,Groceries,103,335,24.76,114.55643989274397
2023-10-26,S003-P0004,Groceries,231,260,29.94,126.11646281697855
2023-10-27,S003-P0004,Groceries,95,35,21.69,126.43426098562536
2023-10-28,S003-P0004,Groceries,136,271,19.49,131.87944719419897
2023-10-29,S003-P0004,Groceries,123,974,23.72,114.46187208998153
2023-10-30,S003-P0004,Groceries,81,838,20.71,114.41269665779477
2023-10-31,S003-P0004,Groceries,106,755,21.34,125.53250313956674
2023-11-01,S003-P0004,Groceries,89,688,17.72,132.54309510217186
2023-11-02,S003-P0004,Groceries,143,602,25.25,125.69993728842392
2023-11-03,S003-P0004,Groceries,121,435,23.57,113.52081255765218
2023-11-04,S003-P0004,Groceries,170,292,25.59,164.3112016987292
2023-11-05,S003-P0004,Groceries,63,111,18.32,148.65127490415577
2023-11-06,S003-P0004,Groceries,138,60,27.53,101.61429302377066
2023-11-07,S003-P0004,Groceries,127,532,24.03,113.43476786701798
2023-11-08,S003-P0004,Groceries,105,403,21.3,132.5684049620875
2023-11-09,S003-P0004,Groceries,49,330,17.41,99.25811057444854
2023-11-10,S003-P0004,Groceries,131,280,25.67,99.9007223677365
2023-11-11,S003-P0004,Groceries,182,169,26.58,165.5669134937162
2023-11-12,S003-P0004,Groceries,131,11,23.07,126.35448162857386
2023-11-13,S003-P0004,Groceries,116,375,24.51,101.12276302958746
2023-11-14,S003-P0004,Groceries,53,723,20.76,98.09170473743292
2023-11-15,S003-P0004,Groceries,150,675,25.73,126.51335962478655
2023-11-16,S003-P0004,Groceries,118,528,23.36,112.87148417858471
2023-11-17,S003-P0004,Groceries,131,441,26.98,114.77941719598317
2023-11-18,S003-P0004,Groceries,233,332,26.75,165.25262923051747
2023-11-19,S003-P0004,Groceries,110,78,20.23,164.83174623211104
2023-11-20,S003-P0004,Groceries,91,462,22.59,101.31606073134589
2023-11-21,S003-P0004,Groceries,142,368,26.51,111.65481745009211
2023-11-22,S003-P0004,Groceries,149,250,25.58,125.49394630323168
2023-11-23,S003-P0004,Groceries,122,132,22.34,134.58673477282207
2023-11-24,S003-P0004,Groceries,226,404,24.66,146.50522416942772
2023-11-25,S003-P0004,Groceries,112,148,21.78,100.20485289182147
2023-11-26,S003-P0004,Groceries,108,45,23.88,99.58469668776057
2023-11-27,S003-P0004,Groceries,152,771,25.84,101.1710688066839
2023-11-28,S003-P0004,Groceries,121,648,19.65,128.5766104199059
2023-11-29,S003-P0004,Groceries,128,563,24.12,126.84581459307316
2023-11-30,S003-P0004,Groceries,19,434,17.09,111.36961014629945
2023-12-01,S003-P0004,Groceries,181,417,24.81,141.77883831215865
2023-12-02,S003-P0004,Groceries,141,226,26.38,112.65604547243302
2023-12-03,S003-P0004,Groceries,171,118,25.83,126.9871493728732
2023-12-04,S003-P0004,Groceries,78,601,20.43,126.15335346125346
2023-12-05,S003-P0004,Groceries,159,549,26.32,132.51828521004578
2023-12-06,S003-P0004,Groceries,222,437,27.67,162.97556718186664
2023-12-07,S003-P0004,Groceries,102,239,22.2,112.88596549450136
2023-12-08,S003-P0004,Groceries,73,171,21.24,112.90097017628345
2023-12-09,S003-P0004,Groceries,141,652,27.79,99.64553282171737
2023-12-10,S003-P0004,Groceries,71,486,20.01,100.18894090537124
2023-12-11,S003-P0004,Groceries,157,423,22.08,136.73247497356542
2023-12-12,S003-P0004,Groceries,91,253,20.32,133.67702819443764
2023-12-13,S003-P0004,Groceries,170,195,30.13,127.0663187511912
2023-12-14,S003-P0004,Groceries,127,600,25.32,113.0787040969985
2023-12-15,S003-P0004,Groceries,143,457,25.2,102.36694945481442
2023-12-16,S003-P0004,Groceries,107,291,21.32,134.8125178131394
2023-12-17,S003-P0004,Groceries,122,224,22.48,114.83317178643854
2023-12-18,S003-P0004,Groceries,114,526,25.64,127.67923048633743
2023-12-19,S003-P0004,Groceries,148,414,25.59,100.03373908293501
2023-12-20,S003-P0004,Groceries,87,255,20.06,129.53815361631408
2023-12-21,S003-P0004,Groceries,150,188,27.07,127.78409402667909
2023-12-22,S003-P0004,Groceries,198,562,23.06,135.11146949553765
2023-12-23,S003-P0004,Groceries,130,367,26.89,100.32078509901596
2023-12-24,S003-P0004,Groceries,176,246,24.7,134.16577198512945
2023-12-25,S003-P0004,Groceries,134,793,20.4,136.9143006463215
2023-12-26,S003-P0004,Groceries,160,656,29.36,125.02534278293045
2023-12-27,S003-P0004,Groceries,48,559,17.37,80.01483805547537
2023-12-28,S003-P0004,Groceries,86,514,19.87,101.11917975223486
2023-12-29,S003-P0004,Groceries,57,416,19.95,73.17259394552275
2023-12-30,S003-P0004,Groceries,72,349,20.05,75.51888930648535
2023-12-31,S003-P0004,Groceries,67,292,21.85,85.8823759442557
2024-01-01,S003-P0004,Groceries,59,251,20.13,75.38703785080011
2024-01-02,S003-P0004,Groceries,112,193,24.19,69.05419465669534
2024-01-03,S003-P0004,Groceries,85,85,19.92,69.24767597508794
2024-01-04,S003-P0004,Groceries,31,13,18.01,70.3930710539849
2024-01-05,S003-P0004,Groceries,96,382,22.93,82.89105444947585
2024-01-06,S003-P0004,Groceries,110,312,22.83,73.94599186873236
2024-01-07,S003-P0004,Groceries,114,213,25.63,69.93121596448634
2024-01-08,S003-P0004,Groceries,90,101,19.12,94.60073749190148
2024-01-09,S003-P0004,Groceries,63,440,21.54,99.92766009685981
2024-01-10,S003-P0004,Groceries,68,376,19.78,113.01778907330878
2024-01-11,S003-P0004,Groceries,224,327,27.59,164.51711788709233
2024-01-12,S003-P0004,Groceries,173,98,25.79,162.82005106925445
2024-01-13,S003-P0004,Groceries,217,0,30.49,113.1854013710294
2024-01-14,S003-P0004,Groceries,187,792,23.62,147.40658829691733
2024-01-15,S003-P0004,Groceries,168,585,28.49,125.70903693245985
2024-01-16,S003-P0004,Groceries,96,466,20.52,146.06115156816628
2024-01-17,S003-P0004,Groceries,85,364,23.27,99.97283624862136
2024-01-18,S003-P0004,Groceries,185,288,23.8,148.11893229707314
2024-01-19,S003-P0004,Groceries,91,168,21.37,125.98852928534093
2024-01-20,S003-P0004,Groceries,174,79,23.13,160.12939315866427
2024-01-21,S003-P0004,Groceries,88,528,19.99,133.96741392070632
2024-01-22,S003-P0004,Groceries,162,432,25.22,122.87375389556588
2024-01-23,S003-P0004,Groceries,93,292,20.47,111.05159265543755
2024-01-24,S003-P0004,Groceries,92,220,22.69,99.10213987156642
2024-01-25,S003-P0004,Groceries,162,591,28.02,122.23989622456405
2024-01-26,S003-P0004,Groceries,189,452,24.06,133.99031710651437
2024-01-27,S003-P0004,Groceries,134,320,24.5,98.73812670711187
2024-01-28,S003-P0004,Groceries,175,239,23.19,146.52301123382944
2024-01-29,S003-P0004,Groceries,100,634,23.24,99.92869119045316
2024-01-30,S003-P0004,Groceries,84,552,20.93,120.06665995299876
2023-10-03,S003-P0005,Toys,92,482,17.97,112.16019229265338
2023-10-04,S003-P0005,Toys,92,379,22.41,100.90968704610086
2023-10-05,S003-P0005,Toys,125,272,24.95,88.27659770256143
2023-10-06,S003-P0005,Toys,62,161,20.16,102.84808944729201
2023-10-07,S003-P0005,Toys,25,91,17.4,29.34157019072552
2023-10-08,S003-P0005,Toys,46,476,19.96,29.04145117960279
2023-10-09,S003-P0005,Toys,27,439,14.03,36.74836429150668
2023-10-10,S003-P0005,Toys,22,409,14.57,40.171697423847974
2023-10-11,S003-P0005,Toys,29,391,17.71,28.881037719104434
2023-10-12,S003-P0005,Toys,14,356,14.78,41.25586450042094
2023-10-13,S003-P0005,Toys,79,345,16.92,46.05625102499114
2023-10-14,S003-P0005,Toys,26,274,13.8,36.49494531738673
2023-10-15,S003-P0005,Toys,28,248,16.67,32.39401246434258
2023-10-16,S003-P0005,Toys,23,223,13.79,40.66826672476274
2023-10-17,S003-P0005,Toys,29,555,18.63,32.20514086746563
2023-10-18,S003-P0005,Toys,15,521,17.49,29.02248879234268
2023-10-19,S003-P0005,Toys,46,512,19.95,28.315953053006385
2023-10-20,S003-P0005,Toys,27,473,16.63,28.390692586705587
2023-10-21,S003-P0005,Toys,53,440,17.51,32.39401246434258
2023-10-22,S003-P0005,Toys,13,394,13.17,35.85849047132645
2023-10-23,S003-P0005,Toys,32,382,15.05,35.9556735919296
2023-10-24,S003-P0005,Toys,13,349,13.03,35.47093366095132
2023-10-25,S003-P0005,Toys,98,334,22.93,99.41131179866002
2023-10-26,S003-P0005,Toys,191,263,26.91,105.79905795102745
2023-10-27,S003-P0005,Toys,63,106,18.22,105.89757415949438
2023-10-28,S003-P0005,Toys,55,43,18.66,89.74054522355064
2023-10-29,S003-P0005,Toys,149,461,26.76,99.13159455944404
2023-10-30,S003-P0005,Toys,51,985,18.35,99.45777216942477
2023-10-31,S003-P0005,Toys,117,931,23.03,106.00287033051642
2023-11-01,S003-P0005,Toys,165,807,22.09,112.35848837471289
2023-11-02,S003-P0005,Toys,96,623,20.48,104.83857469048502
2023-11-03,S003-P0005,Toys,135,562,20.56,126.41729791683741
2023-11-04,S003-P0005,Toys,127,441,21.14,138.22449428989736
2023-11-05,S003-P0005,Toys,165,322,22.08,127.16398829710675
2023-11-06,S003-P0005,Toys,117,136,24.31,89.92995416840218
2023-11-07,S003-P0005,Toys,95,600,20.4,98.10951087582697
2023-11-08,S003-P0005,Toys,82,520,21.71,87.78412807624646
2023-11-09,S003-P0005,Toys,45,453,19.91,87.33443167658379
2023-11-10,S003-P0005,Toys,64,413,20.29,87.71479110786966
2023-11-11,S003-P0005,Toys,148,351,25.34,105.60536374206833
2023-11-12,S003-P0005,Toys,41,213,16.76,105.90365220466504
2023-11-13,S003-P0005,Toys,61,172,16.9,112.0978234166726
2023-11-14,S003-P0005,Toys,43,133,14.07,112.64317951299466
2023-11-15,S003-P0005,Toys,74,619,18.98,104.91536072784983
2023-11-16,S003-P0005,Toys,73,553,19.94,96.4745586114112
2023-11-17,S003-P0005,Toys,67,487,18.52,97.26148244840489
2023-11-18,S003-P0005,Toys,118,437,25.7,104.27984454344197
2023-11-19,S003-P0005,Toys,122,344,19.76,139.11677902745453
2023-11-20,S003-P0005,Toys,112,232,22.66,112.33893380900199
2023-11-21,S003-P0005,Toys,71,146,20.86,95.41950441635097
2023-11-22,S003-P0005,Toys,69,614,19.63,102.56405287739814
2023-11-23,S003-P0005,Toys,130,559,20.26,112.81731254518715
2023-11-24,S003-P0005,Toys,89,456,19.99,95.60064197906044
2023-11-25,S003-P0005,Toys,100,359,17.27,110.14564801082352
2023-11-26,S003-P0005,Toys,82,260,22.79,88.54293808931091
2023-11-27,S003-P0005,Toys,111,763,23.89,88.81608577846258
2023-11-28,S003-P0005,Toys,95,649,23.84,87.20237613972812
2023-11-29,S003-P0005,Toys,98,588,20.6,103.03005828845743
2023-11-30,S003-P0005,Toys,133,516,24.25,93.6676359097331
2023-12-01,S003-P0005,Toys,162,375,24.85,123.15255995905453
2023-12-02,S003-P0005,Toys,162,244,27.7,98.77285102677304
2023-12-03,S003-P0005,Toys,125,73,22.42,105.34566079376998
2023-12-04,S003-P0005,Toys,153,530,25.68,104.89398955040025
2023-12-05,S003-P0005,Toys,163,350,23.44,111.806585726707
2023-12-06,S003-P0005,Toys,68,247,21.69,104.63474264127964
2023-12-07,S003-P0005,Toys,83,171,19.57,97.59646341829718
2023-12-08,S003-P0005,Toys,132,612,25.44,97.69425721450952
2023-12-09,S003-P0005,Toys,89,465,21.11,87.73931942726657
2023-12-10,S003-P0005,Toys,99,379,21.85,88.25208855656514
2023-12-11,S003-P0005,Toys,74,314,20.04,89.28520373966049
2023-12-12,S003-P0005,Toys,119,256,18.37,111.5629800682821
2023-12-13,S003-P0005,Toys,63,151,20.21,104.63696956287859
2023-12-14,S003-P0005,Toys,115,545,21.66,126.28734937819584
2023-12-15,S003-P0005,Toys,110,434,20.22,112.89459479058954
2023-12-16,S003-P0005,Toys,52,352,18.42,111.744783426968
2023-12-17,S003-P0005,Toys,123,290,20.89,126.57585170740677
2023-12-18,S003-P0005,Toys,68,207,20.61,105.80384782966587
2023-12-19,S003-P0005,Toys,110,657,19.07,112.9660189236578
2023-12-20,S003-P0005,Toys,55,588,18.58,106.05650669239255
2023-12-21,S003-P0005,Toys,68,549,20.61,104.05846798171797
2023-12-22,S003-P0005,Toys,98,496,19.46,114.0505278075976
2023-12-23,S003-P0005,Toys,84,411,20.77,88.62379600569413
2023-12-24,S003-P0005,Toys,87,312,22.08,89.18406046002056
2023-12-25,S003-P0005,Toys,93,211,21.36,90.6510960220745
2023-12-26,S003-P0005,Toys,163,134,26.45,105.30301044841674
2023-12-27,S003-P0005,Toys,17,0,15.09,30.447685256682018
2023-12-28,S003-P0005,Toys,21,322,15.28,39.525453819723374
2023-12-29,S003-P0005,Toys,29,300,16.74,28.740278388246672
2023-12-30,S003-P0005,Toys,28,1058,16.75,30.544489586208588
2023-12-31,S003-P0005,Toys,17,1034,17.64,33.56844177091722
2024-01-01,S003-P0005,Toys,26,1024,16.56,29.872615783961585
2024-01-02,S003-P0005,Toys,19,1006,16.05,34.43866981571452
2024-01-03,S003-P0005,Toys,57,984,16.8,34.68842795875653
2024-01-04,S003-P0005,Toys,50,934,19.28,27.873813956594933
2024-01-05,S003-P0005,Toys,30,901,14.98,45.71839863167118
2024-01-06,S003-P0005,Toys,38,882,17.43,29.707333131123054
2024-01-07,S003-P0005,Toys,7,841,15.24,28.097208710489735
2024-01-08,S003-P0005,Toys,35,836,16.29,28.097208710489735
2024-01-09,S003-P0005,Toys,12,815,16.37,87.37668606761437
2024-01-10,S003-P0005,Toys,130,803,22.81,99.85660707948809
2024-01-11,S003-P0005,Toys,141,667,27.56,105.88834549523703
2024-01-12,S003-P0005,Toys,140,564,24.8,106.03798712125631
2024-01-13,S003-P0005,Toys,107,449,23.58,100.69861196465216
2024-01-14,S003-P0005,Toys,122,380,22.25,100.69861196465216
2024-01-15,S003-P0005,Toys,140,301,26.07,106.61098276906671
2024-01-16,S003-P0005,Toys,124,703,21.12,129.0343688696758
2024-01-17,S003-P0005,Toys,84,627,21.84,89.90898459546948
2024-01-18,S003-P0005,Toys,113,573,24.01,98.99050944748298
2024-01-19,S003-P0005,Toys,145,486,22.26,134.29694238572068
2024-01-20,S003-P0005,Toys,111,322,20.3,132.62174159077443
2024-01-21,S003-P0005,Toys,42,232,15.72,112.04905755448651
2024-01-22,S003-P0005,Toys,128,191,25.18,105.0411428598766
2024-01-23,S003-P0005,Toys,74,726,19.97,98.3728439265292
2024-01-24,S003-P0005,Toys,85,656,19.73,112.23808452620685
2024-01-25,S003-P0005,Toys,147,555,27.97,102.45527856235385
2024-01-26,S003-P0005,Toys,86,396,16.47,112.76782440366453
2024-01-27,S003-P0005,Toys,109,337,21.24,111.78695208273588
2024-01-28,S003-P0005,Toys,29,256,15.89,98.51928041283382
2024-01-29,S003-P0005,Toys,66,822,20.48,88.75374630055187
2024-01-30,S003-P0005,Toys,130,782,25.32,104.17935715113641
2023-10-03,S003-P0006,Toys,48,114,31.31,87.8969086674688
2023-10-04,S003-P0006,Toys,109,108,32.88,126.04652999382374
2023-10-05,S003-P0006,Toys,69,99,34.05,88.17951607831932
2023-10-06,S003-P0006,Toys,123,99,42.84,102.91303158887874
2023-10-07,S003-P0006,Toys,25,143,28.55,29.34157019072552
2023-10-08,S003-P0006,Toys,15,128,30.33,29.04145117960279
2023-10-09,S003-P0006,Toys,25,117,30.05,29.732258880863913
2023-10-10,S003-P0006,Toys,32,97,27.75,40.171697423847974
2023-10-11,S003-P0006,Toys,54,117,28.75,35.856926499816765
2023-10-12,S003-P0006,Toys,17,114,29.04,32.050378756034945
2023-10-13,S003-P0006,Toys,36,95,29.89,34.15507158811804
2023-10-14,S003-P0006,Toys,19,116,22.0,36.49494531738673
2023-10-15,S003-P0006,Toys,52,97,31.77,32.39401246434258
2023-10-16,S003-P0006,Toys,31,113,27.56,40.466182177336364
2023-10-17,S003-P0006,Toys,34,91,28.14,32.36409651491435
2023-10-18,S003-P0006,Toys,10,114,22.47,35.47093366095132
2023-10-19,S003-P0006,Toys,39,107,28.56,35.62805315051367
2023-10-20,S003-P0006,Toys,18,129,29.09,28.390692586705587
2023-10-21,S003-P0006,Toys,24,114,29.96,32.23505681689386
2023-10-22,S003-P0006,Toys,21,94,24.83,35.85849047132645
2023-10-23,S003-P0006,Toys,49,123,24.89,35.9556735919296
2023-10-24,S003-P0006,Toys,42,143,30.56,28.72338783957337
2023-10-25,S003-P0006,Toys,155,101,39.65,120.78865542648371
2023-10-26,S003-P0006,Toys,96,166,41.4,105.64010230357874
2023-10-27,S003-P0006,Toys,141,181,47.55,105.73861851204568
2023-10-28,S003-P0006,Toys,104,187,38.38,89.74054522355064
2023-10-29,S003-P0006,Toys,78,80,33.29,99.22560806530602
2023-10-30,S003-P0006,Toys,113,106,41.59,99.36375866356279
2023-10-31,S003-P0006,Toys,77,102,35.08,105.7482550931034
2023-11-01,S003-P0006,Toys,110,103,37.12,88.61009461520769
2023-11-02,S003-P0006,Toys,56,115,32.28,104.83857469048502
2023-11-03,S003-P0006,Toys,89,141,36.53,97.48207531497619
2023-11-04,S003-P0006,Toys,138,139,42.6,106.13119782071439
2023-11-05,S003-P0006,Toys,108,191,43.13,99.02195716458783
2023-11-06,S003-P0006,Toys,82,86,39.46,89.92995416840218
2023-11-07,S003-P0006,Toys,88,85,40.39,97.95055522837826
2023-11-08,S003-P0006,Toys,60,100,32.81,87.82365711819509
2023-11-09,S003-P0006,Toys,138,123,33.62,112.68420278630863
2023-11-10,S003-P0006,Toys,84,184,28.38,112.64594257652894
2023-11-11,S003-P0006,Toys,154,120,49.38,105.32285009110167
2023-11-12,S003-P0006,Toys,116,129,33.1,139.26734864645798
2023-11-13,S003-P0006,Toys,134,189,41.93,112.2008976596203
2023-11-14,S003-P0006,Toys,104,152,36.32,87.65670812726611
2023-11-15,S003-P0006,Toys,156,116,40.07,139.0330410745362
2023-11-16,S003-P0006,Toys,108,159,40.89,96.40961646982447
2023-11-17,S003-P0006,Toys,167,152,40.98,128.4914285633275
2023-11-18,S003-P0006,Toys,183,173,40.58,139.0615844258063
2023-11-19,S003-P0006,Toys,103,212,38.15,104.71156630191882
2023-11-20,S003-P0006,Toys,60,94,32.84,88.78593697261685
2023-11-21,S003-P0006,Toys,135,95,44.5,95.4844465579377
2023-11-22,S003-P0006,Toys,161,152,40.67,137.4710491955553
2023-11-23,S003-P0006,Toys,70,200,35.9,87.32676510842427
2023-11-24,S003-P0006,Toys,67,142,32.04,95.60064197906044
2023-11-25,S003-P0006,Toys,96,141,37.23,88.04237941183494
2023-11-26,S003-P0006,Toys,84,173,37.73,88.54293808931091
2023-11-27,S003-P0006,Toys,95,116,29.45,110.04838292506182
2023-11-28,S003-P0006,Toys,115,111,31.42,107.05559614205423
2023-11-29,S003-P0006,Toys,126,128,43.33,102.93604478259545
2023-11-30,S003-P0006,Toys,102,102,40.14,93.6676359097331
2023-12-01,S003-P0006,Toys,118,108,37.99,96.08804095868285
2023-12-02,S003-P0006,Toys,60,123,31.18,98.93180667422175
2023-12-03,S003-P0006,Toys,110,136,34.98,132.70152310051515
2023-12-04,S003-P0006,Toys,128,180,43.58,104.82904740881352
2023-12-05,S003-P0006,Toys,59,189,32.78,87.1985655034864
2023-12-06,S003-P0006,Toys,191,126,41.44,136.3509643671336
2023-12-07,S003-P0006,Toys,111,203,32.62,127.76118139484237
2023-12-08,S003-P0006,Toys,116,118,31.51,127.72292118506266
2023-12-09,S003-P0006,Toys,155,157,42.31,111.64355749673972
2023-12-10,S003-P0006,Toys,110,221,43.31,88.25208855656514
2023-12-11,S003-P0006,Toys,119,108,42.4,89.28520373966049
2023-12-12,S003-P0006,Toys,136,146,37.54,111.01607687882647
2023-12-13,S003-P0006,Toys,123,155,40.73,104.70191170446532
2023-12-14,S003-P0006,Toys,65,189,33.56,96.13556310723726
2023-12-15,S003-P0006,Toys,97,142,35.38,112.89459479058954
2023-12-16,S003-P0006,Toys,87,156,34.39,87.49072455082977
2023-12-17,S003-P0006,Toys,138,171,40.38,126.57585170740677
2023-12-18,S003-P0006,Toys,94,181,32.9,136.90435404495176
2023-12-19,S003-P0006,Toys,55,71,33.95,88.43174770450052
2023-12-20,S003-P0006,Toys,132,64,41.76,106.05650669239255
2023-12-21,S003-P0006,Toys,173,118,39.51,135.83524577649337
2023-12-22,S003-P0006,Toys,90,183,36.68,89.73626168768418
2023-12-23,S003-P0006,Toys,57,93,34.31,88.62379600569413
2023-12-24,S003-P0006,Toys,127,109,43.42,89.18406046002056
2023-12-25,S003-P0006,Toys,75,104,32.97,90.6510960220745
2023-12-26,S003-P0006,Toys,102,129,36.13,105.39702395427872
2023-12-27,S003-P0006,Toys,5,170,26.06,30.353671750820038
2023-12-28,S003-P0006,Toys,30,165,30.76,29.20216350897039
2023-12-29,S003-P0006,Toys,33,143,29.58,28.740278388246672
2023-12-30,S003-P0006,Toys,26,104,28.72,30.544489586208588
2023-12-31,S003-P0006,Toys,49,75,33.23,33.56844177091722
2024-01-01,S003-P0006,Toys,57,100,32.42,29.966629289823565
2024-01-02,S003-P0006,Toys,41,103,25.42,34.37352962381492
2024-01-03,S003-P0006,Toys,27,115,23.9,34.623287766856926
2024-01-04,S003-P0006,Toys,42,86,28.9,34.774841487933536
2024-01-05,S003-P0006,Toys,26,91,28.73,31.018443072171607
2024-01-06,S003-P0006,Toys,7,119,29.23,29.642390989536317
2024-01-07,S003-P0006,Toys,34,111,29.54,28.097208710489735
2024-01-08,S003-P0006,Toys,10,79,22.51,34.325560124351526
2024-01-09,S003-P0006,Toys,91,121,36.61,87.82485887735172
2024-01-10,S003-P0006,Toys,100,132,39.81,99.79166493790136
2024-01-11,S003-P0006,Toys,140,106,42.84,105.95328763682376
2024-01-12,S003-P0006,Toys,85,117,35.92,135.58452978318184
2024-01-13,S003-P0006,Toys,90,128,36.63,100.69861196465216
2024-01-14,S003-P0006,Toys,46,121,31.21,100.69861196465216
2024-01-15,S003-P0006,Toys,80,142,35.45,106.67592491065344
2024-01-16,S003-P0006,Toys,66,123,35.47,100.29658273309212
2024-01-17,S003-P0006,Toys,84,147,35.81,90.35715740520682
2024-01-18,S003-P0006,Toys,85,153,34.07,98.99050944748298
2024-01-19,S003-P0006,Toys,72,167,38.18,105.62949577255138
2024-01-20,S003-P0006,Toys,79,87,37.14,105.33101052210354
2024-01-21,S003-P0006,Toys,63,82,29.52,112.04905755448651
2024-01-22,S003-P0006,Toys,114,97,43.89,105.0411428598766
2024-01-23,S003-P0006,Toys,179,119,47.58,127.83165742285738
2024-01-24,S003-P0006,Toys,105,181,31.96,112.20602705284476
2024-01-25,S003-P0006,Toys,103,193,32.21,133.75561313994726
2024-01-26,S003-P0006,Toys,120,75,38.21,88.36223903262088
2024-01-27,S003-P0006,Toys,122,126,42.74,87.4752521983432
2024-01-28,S003-P0006,Toys,111,137,35.1,127.7207690711392
2024-01-29,S003-P0006,Toys,88,151,38.3,88.75374630055187
2024-01-30,S003-P0006,Toys,147,156,48.42,104.11441500954969
2023-10-03,S003-P0007,Groceries,132,0,17.19,100.77953779188313
2023-10-04,S003-P0007,Groceries,116,868,18.15,119.27616738970637
2023-10-05,S003-P0007,Groceries,111,751,17.87,100.56907096470724
2023-10-06,S003-P0007,Groceries,187,653,15.8,147.5206968541037
2023-10-07,S003-P0007,Groceries,58,507,12.66,95.6733315700253
2023-10-08,S003-P0007,Groceries,78,462,14.47,74.68302499169111
2023-10-09,S003-P0007,Groceries,105,402,17.53,74.73472864700977
2023-10-10,S003-P0007,Groceries,65,1116,13.74,102.30861405169068
2023-10-11,S003-P0007,Groceries,102,1070,13.2,94.55003703823232
2023-10-12,S003-P0007,Groceries,62,969,14.38,83.0055078429409
2023-10-13,S003-P0007,Groceries,82,899,15.41,91.72293711966286
2023-10-14,S003-P0007,Groceries,59,838,12.77,94.92355807034727
2023-10-15,S003-P0007,Groceries,71,802,13.36,82.41402083366819
2023-10-16,S003-P0007,Groceries,64,754,14.46,82.49906443838732
2023-10-17,S003-P0007,Groceries,56,700,14.75,82.89337253282632
2023-10-18,S003-P0007,Groceries,78,646,13.71,94.67951730439597
2023-10-19,S003-P0007,Groceries,42,561,12.56,73.13518031337908
2023-10-20,S003-P0007,Groceries,30,530,12.63,73.36820941751566
2023-10-21,S003-P0007,Groceries,109,508,16.02,102.01161978574636
2023-10-22,S003-P0007,Groceries,65,440,13.06,74.09878228632476
2023-10-23,S003-P0007,Groceries,34,390,13.53,74.28100901164704
2023-10-24,S003-P0007,Groceries,79,369,15.26,73.49157622982516
2023-10-25,S003-P0007,Groceries,187,789,18.88,141.25841573191516
2023-10-26,S003-P0007,Groceries,118,648,17.36,126.20150642169769
2023-10-27,S003-P0007,Groceries,131,535,18.07,126.51930459034449
2023-10-28,S003-P0007,Groceries,111,383,17.88,100.37115757395253
2023-10-29,S003-P0007,Groceries,197,864,20.47,114.46187208998153
2023-10-30,S003-P0007,Groceries,87,737,15.68,114.34775451620804
2023-10-31,S003-P0007,Groceries,112,675,15.36,125.53250313956674
2023-11-01,S003-P0007,Groceries,147,606,17.91,99.9599765038799
2023-11-02,S003-P0007,Groceries,196,1343,22.71,125.6349951468372
2023-11-03,S003-P0007,Groceries,155,1164,18.34,113.52081255765218
2023-11-04,S003-P0007,Groceries,202,1039,20.73,126.75436517082012
2023-11-05,S003-P0007,Groceries,218,811,17.95,148.70174421701827
2023-11-06,S003-P0007,Groceries,133,676,18.19,101.61429302377066
2023-11-07,S003-P0007,Groceries,167,581,18.95,148.49824122390564
2023-11-08,S003-P0007,Groceries,148,468,18.98,98.355735352604
2023-11-09,S003-P0007,Groceries,171,1269,19.14,99.25811057444854
2023-11-10,S003-P0007,Groceries,160,1072,20.69,99.9007223677365
2023-11-11,S003-P0007,Groceries,197,946,21.64,126.3056742419025
2023-11-12,S003-P0007,Groceries,167,764,18.0,126.35448162857386
2023-11-13,S003-P0007,Groceries,112,572,15.36,133.78246093448215
2023-11-14,S003-P0007,Groceries,91,493,15.94,98.09170473743292
2023-11-15,S003-P0007,Groceries,138,402,18.47,126.51335962478655
2023-11-16,S003-P0007,Groceries,153,314,17.31,149.95587087363901
2023-11-17,S003-P0007,Groceries,109,212,15.12,150.7960312451334
2023-11-18,S003-P0007,Groceries,125,112,16.82,165.1650656238833
2023-11-19,S003-P0007,Groceries,157,542,20.47,126.00793122723982
2023-11-20,S003-P0007,Groceries,74,394,14.25,101.31606073134589
2023-11-21,S003-P0007,Groceries,209,329,17.83,149.64202187059524
2023-11-22,S003-P0007,Groceries,248,99,23.09,167.16622665635177
2023-11-23,S003-P0007,Groceries,157,552,15.35,135.23285406083977
2023-11-24,S003-P0007,Groceries,118,430,16.48,114.42580975531274
2023-11-25,S003-P0007,Groceries,121,1057,17.54,100.2898964965406
2023-11-26,S003-P0007,Groceries,75,950,11.31,131.3999673694455
2023-11-27,S003-P0007,Groceries,146,878,18.87,101.25611241140304
2023-11-28,S003-P0007,Groceries,108,769,16.01,98.26177315750671
2023-11-29,S003-P0007,Groceries,149,688,18.11,126.84581459307316
2023-11-30,S003-P0007,Groceries,137,556,18.41,111.43455228788618
2023-12-01,S003-P0007,Groceries,72,449,15.67,110.8575350505441
2023-12-02,S003-P0007,Groceries,102,396,15.64,146.19362836009296
2023-12-03,S003-P0007,Groceries,142,784,18.67,127.07219297759234
2023-12-04,S003-P0007,Groceries,75,683,13.54,126.15335346125346
2023-12-05,S003-P0007,Groceries,102,638,15.69,99.51390687060669
2023-12-06,S003-P0007,Groceries,98,575,12.23,163.48705959812511
2023-12-07,S003-P0007,Groceries,152,475,16.32,146.6767557349127
2023-12-08,S003-P0007,Groceries,143,375,19.69,112.83602803469672
2023-12-09,S003-P0007,Groceries,110,232,16.02,99.56048921699823
2023-12-10,S003-P0007,Groceries,174,136,15.27,132.72272329537054
2023-12-11,S003-P0007,Groceries,167,503,17.89,136.79761516546503
2023-12-12,S003-P0007,Groceries,121,356,17.55,100.22639276785705
2023-12-13,S003-P0007,Groceries,115,277,17.22,127.13126089277793
2023-12-14,S003-P0007,Groceries,109,804,15.22,113.05860263386609
2023-12-15,S003-P0007,Groceries,164,704,16.85,135.15375895325514
2023-12-16,S003-P0007,Groceries,20,584,10.17,134.7473776212398
2023-12-17,S003-P0007,Groceries,106,571,16.73,114.85327324957095
2023-12-18,S003-P0007,Groceries,141,495,18.61,127.74417262792416
2023-12-19,S003-P0007,Groceries,53,1052,11.08,133.64858126362063
2023-12-20,S003-P0007,Groceries,71,994,13.36,129.53815361631408
2023-12-21,S003-P0007,Groceries,166,938,21.0,127.78409402667909
2023-12-22,S003-P0007,Groceries,114,820,16.29,102.12560975619434
2023-12-23,S003-P0007,Groceries,109,729,14.24,134.00579216373947
2023-12-24,S003-P0007,Groceries,199,633,17.37,134.10063179322984
2023-12-25,S003-P0007,Groceries,130,397,18.04,104.36872211883662
2023-12-26,S003-P0007,Groceries,91,288,15.93,125.02534278293045
2023-12-27,S003-P0007,Groceries,74,194,15.02,80.0998816601945
2023-12-28,S003-P0007,Groceries,86,809,15.63,79.92005105016445
2023-12-29,S003-P0007,Groceries,76,723,15.11,73.17259394552275
2023-12-30,S003-P0007,Groceries,59,652,12.75,75.51888930648535
2023-12-31,S003-P0007,Groceries,25,589,12.39,85.8823759442557
2024-01-01,S003-P0007,Groceries,78,565,12.03,95.84235129646564
2024-01-02,S003-P0007,Groceries,80,513,16.16,69.05419465669534
2024-01-03,S003-P0007,Groceries,48,454,12.89,93.34298043460291
2024-01-04,S003-P0007,Groceries,28,419,10.53,92.93051777924144
2024-01-05,S003-P0007,Groceries,64,396,13.73,82.89105444947585
2024-01-06,S003-P0007,Groceries,92,354,14.37,73.86094826401323
2024-01-07,S003-P0007,Groceries,79,249,16.1,69.93121596448634
2024-01-08,S003-P0007,Groceries,67,184,14.64,71.2381679247563
2024-01-09,S003-P0007,Groceries,105,105,17.55,99.92766009685981
2024-01-10,S003-P0007,Groceries,166,353,17.98,148.33258277030308
2024-01-11,S003-P0007,Groceries,76,243,14.37,127.3151365227534
2024-01-12,S003-P0007,Groceries,152,158,17.29,127.11875489296685
2024-01-13,S003-P0007,Groceries,158,400,18.5,147.62355696564737
2024-01-14,S003-P0007,Groceries,128,1036,17.9,113.27044497574853
2024-01-15,S003-P0007,Groceries,143,900,18.73,125.70903693245985
2024-01-16,S003-P0007,Groceries,131,777,14.47,146.06115156816628
2024-01-17,S003-P0007,Groceries,75,622,14.24,134.11427439687367
2024-01-18,S003-P0007,Groceries,99,561,14.73,111.48908937789896
2024-01-19,S003-P0007,Groceries,81,456,14.59,125.98852928534093
2024-01-20,S003-P0007,Groceries,162,372,16.8,160.0418295520301
2024-01-21,S003-P0007,Groceries,87,215,14.9,100.50863032586827
2024-01-22,S003-P0007,Groceries,65,121,14.53,122.80881175397916
2024-01-23,S003-P0007,Groceries,65,54,14.5,111.05159265543755
2024-01-24,S003-P0007,Groceries,56,755,13.34,99.00505824732431
2024-01-25,S003-P0007,Groceries,145,715,16.83,158.48781481806986
2024-01-26,S003-P0007,Groceries,83,592,14.67,100.10949438545305
2024-01-27,S003-P0007,Groceries,162,533,16.6,133.28845049666435
2024-01-28,S003-P0007,Groceries,123,435,18.55,108.18408785130929
2024-01-29,S003-P0007,Groceries,113,322,16.25,99.92869119045316
2024-01-30,S003-P0007,Groceries,114,187,17.13,120.00171781141204
2023-10-03,S003-P0008,Clothing,37,476,83.96,86.4382000317542
2023-10-04,S003-P0008,Clothing,120,442,111.84,122.26997358902626
2023-10-05,S003-P0008,Clothing,116,353,123.43,86.9378704322552
2023-10-06,S003-P0008,Clothing,138,231,138.92,96.61187283258901
2023-10-07,S003-P0008,Clothing,85,136,100.6,88.10199024390701
2023-10-08,S003-P0008,Clothing,96,308,91.55,120.43426911858903
2023-10-09,S003-P0008,Clothing,66,198,98.91,88.34004234136373
2023-10-10,S003-P0008,Clothing,88,153,107.22,98.595020838965
2023-10-11,S003-P0008,Clothing,72,200,106.43,87.54359612898311
2023-10-12,S003-P0008,Clothing,88,154,101.61,130.60489621807653
2023-10-13,S003-P0008,Clothing,88,247,101.67,109.93001575449819
2023-10-14,S003-P0008,Clothing,70,186,106.0,87.93154979928786
2023-10-15,S003-P0008,Clothing,94,268,115.14,100.04556827810454
2023-10-16,S003-P0008,Clothing,63,192,97.62,100.22233300854047
2023-10-17,S003-P0008,Clothing,55,124,95.0,98.94524924320507
2023-10-18,S003-P0008,Clothing,133,201,103.98,122.53427529397106
2023-10-19,S003-P0008,Clothing,114,68,110.69,121.78173022941955
2023-10-20,S003-P0008,Clothing,92,234,102.83,89.61568469461253
2023-10-21,S003-P0008,Clothing,151,132,123.45,130.36137480400618
2023-10-22,S003-P0008,Clothing,91,219,108.24,90.3309126790037
2023-10-23,S003-P0008,Clothing,148,451,121.55,126.85104787144795
2023-10-24,S003-P0008,Clothing,123,287,126.15,88.7612923519914
2023-10-25,S003-P0008,Clothing,77,198,108.64,96.05456092670597
2023-10-26,S003-P0008,Clothing,128,372,121.45,108.67680857752988
2023-10-27,S003-P0008,Clothing,144,239,113.27,138.6820552016836
2023-10-28,S003-P0008,Clothing,126,106,114.83,88.88786893275103
2023-10-29,S003-P0008,Clothing,110,338,109.27,96.3323403478981
2023-10-30,S003-P0008,Clothing,98,254,116.76,96.29759191407004
2023-10-31,S003-P0008,Clothing,118,173,111.89,109.15817037552301
2023-11-01,S003-P0008,Clothing,86,307,106.26,88.03143473826394
2023-11-02,S003-P0008,Clothing,94,215,109.31,108.35604508110927
2023-11-03,S003-P0008,Clothing,169,148,122.39,126.42547334588677
2023-11-04,S003-P0008,Clothing,122,208,119.13,109.77571303949897
2023-11-05,S003-P0008,Clothing,110,401,102.18,127.32554399871525
2023-11-06,S003-P0008,Clothing,135,328,130.92,89.16759441591009
2023-11-07,S003-P0008,Clothing,91,205,113.85,95.18287768571754
2023-11-08,S003-P0008,Clothing,58,372,101.37,87.12256520278204
2023-11-09,S003-P0008,Clothing,87,310,94.72,117.469683268185
2023-11-10,S003-P0008,Clothing,76,243,91.2,117.4265812746202
2023-11-11,S003-P0008,Clothing,118,176,130.94,108.35358846835105
2023-11-12,S003-P0008,Clothing,160,85,119.51,140.40021409755576
2023-11-13,S003-P0008,Clothing,77,275,103.01,118.78951068557329
2023-11-14,S003-P0008,Clothing,40,572,84.89,87.35575638294817
2023-11-15,S003-P0008,Clothing,190,529,151.97,110.19855961607803
2023-11-16,S003-P0008,Clothing,131,346,122.48,95.29186737250173
2023-11-17,S003-P0008,Clothing,79,206,86.17,131.4925514173031
2023-11-18,S003-P0008,Clothing,100,151,92.64,142.2139344010963
2023-11-19,S003-P0008,Clothing,108,204,114.11,110.1963278856804
2023-11-20,S003-P0008,Clothing,113,125,109.6,118.18185534233801
2023-11-21,S003-P0008,Clothing,90,257,107.4,95.44690506285488
2023-11-22,S003-P0008,Clothing,97,161,110.22,110.46301356655916
2023-11-23,S003-P0008,Clothing,95,82,121.64,87.17189722759511
2023-11-24,S003-P0008,Clothing,113,185,103.98,128.45857471477106
2023-11-25,S003-P0008,Clothing,128,250,128.19,87.80723156277423
2023-11-26,S003-P0008,Clothing,81,161,109.94,88.52537495815695
2023-11-27,S003-P0008,Clothing,57,332,95.94,88.76977299912595
2023-11-28,S003-P0008,Clothing,77,264,114.44,87.86251095030964
2023-11-29,S003-P0008,Clothing,89,197,113.35,111.10980970087547
2023-11-30,S003-P0008,Clothing,115,133,129.62,95.25454567862062
2023-12-01,S003-P0008,Clothing,71,209,106.2,111.15828960821293
2023-12-02,S003-P0008,Clothing,128,133,121.46,113.45026526485782
2023-12-03,S003-P0008,Clothing,106,177,119.79,125.18738735576409
2023-12-04,S003-P0008,Clothing,197,356,146.5,159.4167360125814
2023-12-05,S003-P0008,Clothing,83,222,87.39,129.5813202592868
2023-12-06,S003-P0008,Clothing,108,568,108.44,127.35942227951433
2023-12-07,S003-P0008,Clothing,124,497,126.82,114.31329200584567
2023-12-08,S003-P0008,Clothing,54,371,104.96,115.63169505033524
2023-12-09,S003-P0008,Clothing,102,309,124.32,100.05052916692706
2023-12-10,S003-P0008,Clothing,114,226,110.41,100.5363102015226
2023-12-11,S003-P0008,Clothing,72,94,112.38,105.52316166587636
2023-12-12,S003-P0008,Clothing,151,252,109.6,129.23954037306402
2023-12-13,S003-P0008,Clothing,85,109,105.86,126.73859287959763
2023-12-14,S003-P0008,Clothing,166,384,107.25,143.35679238291954
2023-12-15,S003-P0008,Clothing,192,230,128.81,131.0615845359432
2023-12-16,S003-P0008,Clothing,64,472,108.83,101.86858881897274
2023-12-17,S003-P0008,Clothing,104,427,100.0,145.93729810491237
2023-12-18,S003-P0008,Clothing,106,356,126.02,126.60996689507566
2023-12-19,S003-P0008,Clothing,135,273,124.51,102.05431543283427
2023-12-20,S003-P0008,Clothing,224,171,123.78,159.57239872150487
2023-12-21,S003-P0008,Clothing,150,322,136.5,127.12770170978378
2023-12-22,S003-P0008,Clothing,135,565,111.3,132.10820836538238
2023-12-23,S003-P0008,Clothing,159,447,110.68,130.00300114750118
2023-12-24,S003-P0008,Clothing,133,340,137.13,101.83855958266456
2023-12-25,S003-P0008,Clothing,103,203,106.71,103.9783578715866
2023-12-26,S003-P0008,Clothing,112,133,109.08,168.93055964944432
2023-12-27,S003-P0008,Clothing,53,253,89.46,116.51046325656677
2023-12-28,S003-P0008,Clothing,77,191,108.73,116.91743476068518
2023-12-29,S003-P0008,Clothing,103,102,118.64,106.10842657183835
2023-12-30,S003-P0008,Clothing,128,191,121.68,116.32689457967298
2023-12-31,S003-P0008,Clothing,178,234,139.54,127.5158040787728
2024-01-01,S003-P0008,Clothing,38,49,88.45,117.17719463841358
2024-01-02,S003-P0008,Clothing,120,430,125.01,104.47113366935109
2024-01-03,S003-P0008,Clothing,115,315,97.25,130.99106145611026
2024-01-04,S003-P0008,Clothing,121,228,100.32,131.79233196533667
2024-01-05,S003-P0008,Clothing,212,135,136.49,159.0719582391693
2024-01-06,S003-P0008,Clothing,189,276,151.72,117.52575359044287
2024-01-07,S003-P0008,Clothing,93,443,108.6,106.33474123429504
2024-01-08,S003-P0008,Clothing,191,385,152.28,106.57356418500301
2024-01-09,S003-P0008,Clothing,93,196,108.51,130.84883514402526
2024-01-10,S003-P0008,Clothing,118,507,130.93,118.3844268606566
2024-01-11,S003-P0008,Clothing,107,428,95.93,162.4699345075531
2024-01-12,S003-P0008,Clothing,75,305,102.46,127.3484004919269
2024-01-13,S003-P0008,Clothing,168,239,136.34,117.37207220177886
2024-01-14,S003-P0008,Clothing,111,59,115.33,117.54251264639801
2024-01-15,S003-P0008,Clothing,129,275,122.23,127.56238533571187
2024-01-16,S003-P0008,Clothing,120,168,105.36,146.0901462416198
2024-01-17,S003-P0008,Clothing,155,326,116.7,131.05699737916694
2024-01-18,S003-P0008,Clothing,50,171,98.21,115.59862939646565
2024-01-19,S003-P0008,Clothing,106,424,125.9,126.35996738063014
2024-01-20,S003-P0008,Clothing,116,337,123.62,127.4710834504177
2024-01-21,S003-P0008,Clothing,107,214,113.92,100.29291372066157
2024-01-22,S003-P0008,Clothing,122,140,119.74,126.84996642639415
2024-01-23,S003-P0008,Clothing,88,207,84.54,148.46324349951487
2024-01-24,S003-P0008,Clothing,187,374,120.7,132.206453277932
2024-01-25,S003-P0008,Clothing,109,156,114.87,124.19157282596115
2024-01-26,S003-P0008,Clothing,135,379,130.97,101.46627124603279
2024-01-27,S003-P0008,Clothing,149,233,115.85,130.7932639863509
2024-01-28,S003-P0008,Clothing,74,102,107.28,112.66716249676239
2024-01-29,S003-P0008,Clothing,166,322,150.24,101.85777851396378
2024-01-30,S003-P0008,Clothing,114,170,116.51,124.96521503815595
2023-10-03,S003-P0009,Groceries,42,198,37.63,134.32807620971272
2023-10-04,S003-P0009,Groceries,144,158,62.44,119.3411095312931
2023-10-05,S003-P0009,Groceries,81,163,53.93,100.56907096470724
2023-10-06,S003-P0009,Groceries,147,104,63.05,121.80782569474928
2023-10-07,S003-P0009,Groceries,92,161,47.85,74.80532573978991
2023-10-08,S003-P0009,Groceries,87,54,49.49,95.6575017457801
2023-10-09,S003-P0009,Groceries,51,71,43.54,74.73472864700977
2023-10-10,S003-P0009,Groceries,96,68,56.78,82.89578323705886
2023-10-11,S003-P0009,Groceries,61,113,47.64,74.03689608102171
2023-10-12,S003-P0009,Groceries,97,44,51.32,83.07044998452763
2023-10-13,S003-P0009,Groceries,30,88,39.9,91.72293711966286
2023-10-14,S003-P0009,Groceries,67,52,41.43,95.07795823915583
2023-10-15,S003-P0009,Groceries,77,64,47.79,82.41402083366819
2023-10-16,S003-P0009,Groceries,70,71,46.63,82.41402083366819
2023-10-17,S003-P0009,Groceries,59,97,42.51,82.87327106969391
2023-10-18,S003-P0009,Groceries,82,106,38.53,94.7419574243331
2023-10-19,S003-P0009,Groceries,46,120,47.26,73.31730554234032
2023-10-20,S003-P0009,Groceries,61,75,50.19,73.36820941751566
2023-10-21,S003-P0009,Groceries,111,102,42.36,101.80447079704071
2023-10-22,S003-P0009,Groceries,92,136,50.38,74.09878228632476
2023-10-23,S003-P0009,Groceries,129,39,50.4,95.26900270075366
2023-10-24,S003-P0009,Groceries,82,153,46.19,73.40653262510602
2023-10-25,S003-P0009,Groceries,163,68,65.84,114.55643989274397
2023-10-26,S003-P0009,Groceries,185,133,59.39,163.8123078800816
2023-10-27,S003-P0009,Groceries,169,195,56.41,164.14298910541947
2023-10-28,S003-P0009,Groceries,147,201,53.57,131.82897788133647
2023-10-29,S003-P0009,Groceries,171,25,70.87,114.48197355311393
2023-10-30,S003-P0009,Groceries,107,148,52.84,114.32765305307564
2023-10-31,S003-P0009,Groceries,120,78,55.33,125.45694501273483
2023-11-01,S003-P0009,Groceries,95,127,51.05,99.74780771085726
2023-11-02,S003-P0009,Groceries,148,141,53.28,163.89987148671577
2023-11-03,S003-P0009,Groceries,158,203,48.68,147.85651957361145
2023-11-04,S003-P0009,Groceries,115,78,51.31,164.3112016987292
2023-11-05,S003-P0009,Groceries,133,124,54.46,114.23402318502785
2023-11-06,S003-P0009,Groceries,119,154,61.08,101.61429302377066
2023-11-07,S003-P0009,Groceries,141,195,62.02,113.51981147173711
2023-11-08,S003-P0009,Groceries,111,40,42.43,132.54309510217186
2023-11-09,S003-P0009,Groceries,172,94,63.99,99.25811057444854
2023-11-10,S003-P0009,Groceries,121,160,58.29,99.9007223677365
2023-11-11,S003-P0009,Groceries,185,148,73.53,126.3056742419025
2023-11-12,S003-P0009,Groceries,101,207,49.24,126.35448162857386
2023-11-13,S003-P0009,Groceries,108,129,50.5,133.78246093448215
2023-11-14,S003-P0009,Groceries,188,131,55.57,134.53089300320792
2023-11-15,S003-P0009,Groceries,190,191,67.03,126.42831602006741
2023-11-16,S003-P0009,Groceries,126,224,59.26,112.89158564171711
2023-11-17,S003-P0009,Groceries,39,143,43.7,114.77941719598317
2023-11-18,S003-P0009,Groceries,155,102,50.89,165.6995782444502
2023-11-19,S003-P0009,Groceries,181,149,72.81,126.00793122723982
2023-11-20,S003-P0009,Groceries,133,195,60.57,101.31606073134589
2023-11-21,S003-P0009,Groceries,108,63,47.62,149.64202187059524
2023-11-22,S003-P0009,Groceries,100,87,49.17,125.49394630323168
2023-11-23,S003-P0009,Groceries,138,115,55.21,99.28525380733988
2023-11-24,S003-P0009,Groceries,90,179,47.53,114.42580975531274
2023-11-25,S003-P0009,Groceries,144,115,46.85,131.30512773995514
2023-11-26,S003-P0009,Groceries,89,161,52.58,99.58469668776057
2023-11-27,S003-P0009,Groceries,109,87,56.21,101.25611241140304
2023-11-28,S003-P0009,Groceries,172,112,63.95,129.0423117355074
2023-11-29,S003-P0009,Groceries,204,183,65.95,126.76077098835403
2023-11-30,S003-P0009,Groceries,91,185,55.76,111.36961014629945
2023-12-01,S003-P0009,Groceries,83,80,43.76,142.22986874872305
2023-12-02,S003-P0009,Groceries,94,95,50.63,112.57100186771389
2023-12-03,S003-P0009,Groceries,169,142,50.15,161.0278446783503
2023-12-04,S003-P0009,Groceries,162,215,51.83,159.6157325187966
2023-12-05,S003-P0009,Groceries,118,117,57.84,99.51390687060669
2023-12-06,S003-P0009,Groceries,265,129,75.3,162.97556718186664
2023-12-07,S003-P0009,Groceries,179,301,72.37,112.90606695763377
2023-12-08,S003-P0009,Groceries,183,129,62.52,112.81592657156432
2023-12-09,S003-P0009,Groceries,140,195,55.5,99.56048921699823
2023-12-10,S003-P0009,Groceries,165,92,66.18,100.18894090537124
2023-12-11,S003-P0009,Groceries,167,175,63.08,104.85868928975553
2023-12-12,S003-P0009,Groceries,150,189,47.72,133.66235731540053
2023-12-13,S003-P0009,Groceries,239,208,75.36,163.0005576769009
2023-12-14,S003-P0009,Groceries,130,198,63.15,113.0787040969985
2023-12-15,S003-P0009,Groceries,97,58,48.6,102.28190585009528
2023-12-16,S003-P0009,Groceries,69,108,48.96,101.61474086935159
2023-12-17,S003-P0009,Groceries,172,117,50.61,148.81604637087162
2023-12-18,S003-P0009,Groceries,152,161,47.93,165.6491519641999
2023-12-19,S003-P0009,Groceries,106,217,52.87,100.03373908293501
2023-12-20,S003-P0009,Groceries,113,96,59.83,129.5582550794465
2023-12-21,S003-P0009,Groceries,116,103,48.43,164.66543809812075
2023-12-22,S003-P0009,Groceries,70,127,49.24,102.12560975619434
2023-12-23,S003-P0009,Groceries,126,76,56.31,100.32078509901596
2023-12-24,S003-P0009,Groceries,125,134,55.94,100.88878060692807
2023-12-25,S003-P0009,Groceries,60,153,47.45,104.36872211883662
2023-12-26,S003-P0009,Groceries,203,90,58.39,163.16623454768103
2023-12-27,S003-P0009,Groceries,39,165,39.27,80.01483805547537
2023-12-28,S003-P0009,Groceries,59,129,44.82,79.89994958703204
2023-12-29,S003-P0009,Groceries,92,77,53.2,73.17259394552275
2023-12-30,S003-P0009,Groceries,76,98,50.27,75.53899076961775
2023-12-31,S003-P0009,Groceries,68,121,48.85,84.8521527665074
2024-01-01,S003-P0009,Groceries,86,50,54.8,75.38703785080011
2024-01-02,S003-P0009,Groceries,59,83,35.45,92.93649097784521
2024-01-03,S003-P0009,Groceries,73,106,49.75,69.19610891361634
2024-01-04,S003-P0009,Groceries,49,96,45.54,70.3930710539849
2024-01-05,S003-P0009,Groceries,69,62,44.11,82.80601084475671
2024-01-06,S003-P0009,Groceries,57,66,42.24,98.83314264097578
2024-01-07,S003-P0009,Groceries,40,66,41.48,69.84617235976721
2024-01-08,S003-P0009,Groceries,47,88,47.4,71.2381679247563
2024-01-09,S003-P0009,Groceries,138,47,58.2,134.0151146165092
2024-01-10,S003-P0009,Groceries,88,164,49.63,112.93274546858964
2024-01-11,S003-P0009,Groceries,175,107,64.37,164.03154985927503
2024-01-12,S003-P0009,Groceries,106,155,50.16,127.11875489296685
2024-01-13,S003-P0009,Groceries,102,45,54.94,113.27044497574853
2024-01-14,S003-P0009,Groceries,81,105,46.0,113.1854013710294
2024-01-15,S003-P0009,Groceries,131,85,63.32,125.70903693245985
2024-01-16,S003-P0009,Groceries,110,143,53.49,146.06115156816628
2024-01-17,S003-P0009,Groceries,161,156,55.18,134.08221692351157
2024-01-18,S003-P0009,Groceries,24,197,43.07,111.50919084103137
2024-01-19,S003-P0009,Groceries,128,176,59.61,126.00863074847334
2024-01-20,S003-P0009,Groceries,106,72,49.75,160.0418295520301
2024-01-21,S003-P0009,Groceries,133,98,54.39,133.96741392070632
2024-01-22,S003-P0009,Groceries,106,124,55.7,122.87375389556588
2024-01-23,S003-P0009,Groceries,121,98,52.59,111.05159265543755
2024-01-24,S003-P0009,Groceries,193,127,59.98,133.26570654108966
2024-01-25,S003-P0009,Groceries,180,159,68.95,122.30483836615078
2024-01-26,S003-P0009,Groceries,94,201,50.76,100.10949438545305
2024-01-27,S003-P0009,Groceries,164,97,59.53,133.35359068856397
2024-01-28,S003-P0009,Groceries,103,146,55.11,108.24902999289601
2024-01-29,S003-P0009,Groceries,138,40,61.48,99.92869119045316
2024-01-30,S003-P0009,Groceries,151,123,63.68,120.00171781141204
2023-10-03,S003-P0010,Groceries,103,112,37.67,134.32807620971272
2023-10-04,S003-P0010,Groceries,153,157,39.0,150.98819220199124
2023-10-05,S003-P0010,Groceries,91,187,40.28,100.56907096470724
2023-10-06,S003-P0010,Groceries,180,89,47.32,121.87276783633601
2023-10-07,S003-P0010,Groceries,67,209,31.64,95.51893140121673
2023-10-08,S003-P0010,Groceries,57,140,35.59,74.68302499169111
2023-10-09,S003-P0010,Groceries,53,85,31.64,74.73472864700977
2023-10-10,S003-P0010,Groceries,61,100,32.63,82.87568177392646
2023-10-11,S003-P0010,Groceries,70,106,37.36,74.03689608102171
2023-10-12,S003-P0010,Groceries,85,134,35.49,102.72631746109236
2023-10-13,S003-P0010,Groceries,101,149,39.57,91.72293711966286
2023-10-14,S003-P0010,Groceries,80,165,31.04,94.93552887742187
2023-10-15,S003-P0010,Groceries,62,103,36.38,82.4341222968006
2023-10-16,S003-P0010,Groceries,105,103,38.1,82.49906443838732
2023-10-17,S003-P0010,Groceries,31,118,27.48,82.87327106969391
2023-10-18,S003-P0010,Groceries,78,86,34.72,74.08126553001786
2023-10-19,S003-P0010,Groceries,113,104,34.94,95.41297775787729
2023-10-20,S003-P0010,Groceries,97,121,41.1,73.36820941751566
2023-10-21,S003-P0010,Groceries,92,134,36.36,102.01161978574636
2023-10-22,S003-P0010,Groceries,125,127,31.99,95.22228889301303
2023-10-23,S003-P0010,Groceries,63,181,32.95,74.28100901164704
2023-10-24,S003-P0010,Groceries,58,126,34.02,73.49157622982516
2023-10-25,S003-P0010,Groceries,111,79,40.84,114.55643989274397
2023-10-26,S003-P0010,Groceries,137,130,39.76,126.11646281697855
2023-10-27,S003-P0010,Groceries,134,151,46.15,126.45436244875776
2023-10-28,S003-P0010,Groceries,121,117,39.94,131.82897788133647
2023-10-29,S003-P0010,Groceries,160,138,47.21,114.54691569470066
2023-10-30,S003-P0010,Groceries,157,145,42.09,114.32765305307564
2023-10-31,S003-P0010,Groceries,116,164,41.55,125.39200287114811
2023-11-01,S003-P0010,Groceries,99,185,37.24,99.9599765038799
2023-11-02,S003-P0010,Groceries,111,93,32.72,163.89987148671577
2023-11-03,S003-P0010,Groceries,153,134,48.68,113.38031228923354
2023-11-04,S003-P0010,Groceries,270,142,54.98,164.3112016987292
2023-11-05,S003-P0010,Groceries,78,304,36.62,114.09352291660922
2023-11-06,S003-P0010,Groceries,70,210,35.54,101.61429302377066
2023-11-07,S003-P0010,Groceries,90,161,34.33,148.49824122390564
2023-11-08,S003-P0010,Groceries,204,62,41.74,132.54309510217186
2023-11-09,S003-P0010,Groceries,133,219,39.07,132.55572455451548
2023-11-10,S003-P0010,Groceries,131,107,43.41,99.9007223677365
2023-11-11,S003-P0010,Groceries,219,138,51.95,126.50314428815003
2023-11-12,S003-P0010,Groceries,130,206,36.83,164.42798892358874
2023-11-13,S003-P0010,Groceries,136,105,41.72,101.03771942486833
2023-11-14,S003-P0010,Groceries,69,121,31.82,98.14327179890452
2023-11-15,S003-P0010,Groceries,174,114,39.21,166.48732614351715
2023-11-16,S003-P0010,Groceries,125,141,40.37,112.87148417858471
2023-11-17,S003-P0010,Groceries,100,101,37.49,114.8443593375699
2023-11-18,S003-P0010,Groceries,171,105,48.58,126.58818789286916
2023-11-19,S003-P0010,Groceries,200,199,49.59,164.74418262547687
2023-11-20,S003-P0010,Groceries,76,186,38.19,101.31606073134589
2023-11-21,S003-P0010,Groceries,139,121,40.06,112.13375206627127
2023-11-22,S003-P0010,Groceries,204,149,44.53,166.33824578843064
2023-11-23,S003-P0010,Groceries,69,185,33.51,134.56940385813218
2023-11-24,S003-P0010,Groceries,116,111,41.51,114.44591121844515
2023-11-25,S003-P0010,Groceries,125,97,40.58,100.2898964965406
2023-11-26,S003-P0010,Groceries,48,131,32.64,99.58469668776057
2023-11-27,S003-P0010,Groceries,152,84,43.72,101.1710688066839
2023-11-28,S003-P0010,Groceries,131,180,41.15,98.31334021897831
2023-11-29,S003-P0010,Groceries,125,206,40.38,126.76077098835403
2023-11-30,S003-P0010,Groceries,85,124,33.74,111.34950868316704
2023-12-01,S003-P0010,Groceries,161,137,44.89,110.92247719213083
2023-12-02,S003-P0010,Groceries,100,178,37.46,112.65604547243302
2023-12-03,S003-P0010,Groceries,118,110,41.75,127.07219297759234
2023-12-04,S003-P0010,Groceries,131,124,41.25,126.23839706597259
2023-12-05,S003-P0010,Groceries,97,169,38.99,99.51390687060669
2023-12-06,S003-P0010,Groceries,182,100,52.7,127.21192408093599
2023-12-07,S003-P0010,Groceries,109,189,42.68,112.90606695763377
2023-12-08,S003-P0010,Groceries,176,68,38.86,147.04140259473394
2023-12-09,S003-P0010,Groceries,108,152,32.33,132.57741435301767
2023-12-10,S003-P0010,Groceries,146,152,34.04,132.72272329537054
2023-12-11,S003-P0010,Groceries,77,128,27.32,136.78294428642792
2023-12-12,S003-P0010,Groceries,129,137,41.01,100.22639276785705
2023-12-13,S003-P0010,Groceries,144,178,40.58,127.0462172880588
2023-12-14,S003-P0010,Groceries,79,191,33.05,113.05860263386609
2023-12-15,S003-P0010,Groceries,51,113,33.03,102.36694945481442
2023-12-16,S003-P0010,Groceries,52,131,29.87,101.52969726463246
2023-12-17,S003-P0010,Groceries,106,88,34.17,149.16936644280435
2023-12-18,S003-P0010,Groceries,100,130,31.58,164.9242188193601
2023-12-19,S003-P0010,Groceries,38,164,33.01,100.03373908293501
2023-12-20,S003-P0010,Groceries,224,135,47.14,166.1804651489349
2023-12-21,S003-P0010,Groceries,181,200,52.57,127.78409402667909
2023-12-22,S003-P0010,Groceries,104,160,37.83,102.0405661514752
2023-12-23,S003-P0010,Groceries,84,160,35.38,100.23574149429683
2023-12-24,S003-P0010,Groceries,207,90,39.94,133.7473117212971
2023-12-25,S003-P0010,Groceries,4,197,24.33,137.33276091015384
2023-12-26,S003-P0010,Groceries,172,193,48.68,125.09028492451718
2023-12-27,S003-P0010,Groceries,96,236,32.75,100.88275611339229
2023-12-28,S003-P0010,Groceries,123,162,40.29,79.98499319175117
2023-12-29,S003-P0010,Groceries,66,188,33.18,73.08755034080362
2023-12-30,S003-P0010,Groceries,86,113,39.66,75.53899076961775
2023-12-31,S003-P0010,Groceries,95,155,38.83,84.8521527665074
2024-01-01,S003-P0010,Groceries,94,168,30.53,95.84235129646564
2024-01-02,S003-P0010,Groceries,52,81,33.26,69.05419465669534
2024-01-03,S003-P0010,Groceries,58,78,32.32,69.19610891361634
2024-01-04,S003-P0010,Groceries,45,97,30.61,92.90121605747689
2024-01-05,S003-P0010,Groceries,193,109,48.76,111.02598506380536
2024-01-06,S003-P0010,Groceries,75,209,38.05,73.88104972714564
2024-01-07,S003-P0010,Groceries,68,123,30.04,93.22115738969306
2024-01-08,S003-P0010,Groceries,56,133,33.67,71.2381679247563
2024-01-09,S003-P0010,Groceries,161,71,44.78,100.29078930187802
2024-01-10,S003-P0010,Groceries,186,181,39.92,146.84278355350173
2024-01-11,S003-P0010,Groceries,124,257,40.35,127.23009291803427
2024-01-12,S003-P0010,Groceries,116,122,39.43,127.20379849768598
2024-01-13,S003-P0010,Groceries,107,127,40.35,113.2055028341618
2024-01-14,S003-P0010,Groceries,114,126,41.18,113.2055028341618
2024-01-15,S003-P0010,Groceries,119,129,39.73,125.77397907404658
2024-01-16,S003-P0010,Groceries,142,184,35.41,146.24797228423148
2024-01-17,S003-P0010,Groceries,98,252,35.31,134.11427439687367
2024-01-18,S003-P0010,Groceries,122,180,40.08,111.48908937789896
2024-01-19,S003-P0010,Groceries,116,192,43.73,126.00863074847334
2024-01-20,S003-P0010,Groceries,58,95,34.03,126.65692438022353
2024-01-21,S003-P0010,Groceries,77,87,32.77,133.96741392070632
2024-01-22,S003-P0010,Groceries,94,99,36.78,122.87375389556588
2024-01-23,S003-P0010,Groceries,96,148,36.99,111.05159265543755
2024-01-24,S003-P0010,Groceries,228,159,44.21,133.31617585395216
2024-01-25,S003-P0010,Groceries,90,195,40.17,122.23989622456405
2024-01-26,S003-P0010,Groceries,18,132,28.88,100.10949438545305
2024-01-27,S003-P0010,Groceries,137,120,37.63,133.35359068856397
2024-01-28,S003-P0010,Groceries,104,151,35.91,108.24902999289601
2024-01-29,S003-P0010,Groceries,94,135,34.81,99.92869119045316
2024-01-30,S003-P0010,Groceries,132,111,45.8,120.00171781141204
2023-10-03,S003-P0011,Electronics,107,356,128.63,94.80644149774585
2023-10-04,S003-P0011,Electronics,65,239,100.22,106.31889751401604
2023-10-05,S003-P0011,Electronics,204,193,168.65,95.24329690823075
2023-10-06,S003-P0011,Electronics,51,60,105.59,106.53302189112556
2023-10-07,S003-P0011,Electronics,49,399,99.08,65.93553276615981
2023-10-08,S003-P0011,Electronics,72,355,96.25,69.32936691352445
2023-10-09,S003-P0011,Electronics,38,280,100.23,52.573017250543295
2023-10-10,S003-P0011,Electronics,158,255,112.16,73.51314536322973
2023-10-11,S003-P0011,Electronics,35,102,88.95,51.21332072985367
2023-10-12,S003-P0011,Electronics,51,336,79.25,74.09612596647814
2023-10-13,S003-P0011,Electronics,64,283,116.5,60.503061841768144
2023-10-14,S003-P0011,Electronics,54,208,96.2,51.42332815822115
2023-10-15,S003-P0011,Electronics,49,159,104.55,56.12047392313486
2023-10-16,S003-P0011,Electronics,62,115,104.13,56.34609858816669
2023-10-17,S003-P0011,Electronics,148,148,137.69,72.06028941017681
2023-10-18,S003-P0011,Electronics,75,47,121.24,51.53689703205317
2023-10-19,S003-P0011,Electronics,78,268,92.21,69.27215907495388
2023-10-20,S003-P0011,Electronics,56,213,101.87,50.73309761291308
2023-10-21,S003-P0011,Electronics,99,150,118.52,72.28614186190646
2023-10-22,S003-P0011,Electronics,78,72,110.56,51.87656149765438
2023-10-23,S003-P0011,Electronics,64,237,99.28,69.71043046909982
2023-10-24,S003-P0011,Electronics,57,181,113.73,51.6263449300234
2023-10-25,S003-P0011,Electronics,177,115,149.43,105.71184867688049
2023-10-26,S003-P0011,Electronics,99,0,106.59,149.31534247147255
2023-10-27,S003-P0011,Electronics,77,376,109.88,115.74012916526561
2023-10-28,S003-P0011,Electronics,114,314,131.65,97.95475903085057
2023-10-29,S003-P0011,Electronics,41,190,106.62,106.25265400750651
2023-10-30,S003-P0011,Electronics,84,147,112.65,106.75535829747926
2023-10-31,S003-P0011,Electronics,134,77,132.88,116.76583945629231
2023-11-01,S003-P0011,Electronics,93,156,116.36,97.72750136014946
2023-11-02,S003-P0011,Electronics,142,383,135.38,116.96538804143141
2023-11-03,S003-P0011,Electronics,108,222,128.84,107.18796218130385
2023-11-04,S003-P0011,Electronics,151,110,115.72,151.05129070051575
2023-11-05,S003-P0011,Electronics,145,215,144.13,107.93723344977498
2023-11-06,S003-P0011,Electronics,181,316,142.3,125.21065010103946
2023-11-07,S003-P0011,Electronics,104,190,127.19,105.6452972141662
2023-11-08,S003-P0011,Electronics,113,418,117.83,96.61532306635507
2023-11-09,S003-P0011,Electronics,76,318,115.58,96.20683426352561
2023-11-10,S003-P0011,Electronics,139,254,141.86,96.75956066830935
2023-11-11,S003-P0011,Electronics,190,164,130.25,151.02662707837982
2023-11-12,S003-P0011,Electronics,48,305,104.14,116.90452277625525
2023-11-13,S003-P0011,Electronics,104,275,127.13,99.25396583410199
2023-11-14,S003-P0011,Electronics,150,161,146.2,96.67861723374276
2023-11-15,S003-P0011,Electronics,98,42,105.27,153.21652532215037
2023-11-16,S003-P0011,Electronics,100,258,132.43,105.05867129831535
2023-11-17,S003-P0011,Electronics,188,139,129.48,137.40187018873428
2023-11-18,S003-P0011,Electronics,56,168,90.7,152.58339799450124
2023-11-19,S003-P0011,Electronics,122,463,134.75,117.84693928031558
2023-11-20,S003-P0011,Electronics,109,346,116.59,97.82278774206823
2023-11-21,S003-P0011,Electronics,84,227,106.49,136.15903937993784
2023-11-22,S003-P0011,Electronics,138,166,127.13,118.57434825942278
2023-11-23,S003-P0011,Electronics,77,211,110.32,96.64328239049915
2023-11-24,S003-P0011,Electronics,136,453,110.79,133.10105304214645
2023-11-25,S003-P0011,Electronics,127,353,122.41,123.63770119922893
2023-11-26,S003-P0011,Electronics,123,209,127.98,123.73254082871931
2023-11-27,S003-P0011,Electronics,96,129,117.92,98.26967022775925
2023-11-28,S003-P0011,Electronics,92,289,122.38,97.02957381021903
2023-11-29,S003-P0011,Electronics,142,201,128.74,119.84117294454512
2023-11-30,S003-P0011,Electronics,140,108,134.88,103.94929098627608
2023-12-01,S003-P0011,Electronics,199,341,141.57,133.65890885504695
2023-12-02,S003-P0011,Electronics,105,214,127.71,107.4218588124986
2023-12-03,S003-P0011,Electronics,156,569,148.73,121.07007851179648
2023-12-04,S003-P0011,Electronics,94,423,103.68,148.00609612009677
2023-12-05,S003-P0011,Electronics,59,351,108.75,97.03595073061118
2023-12-06,S003-P0011,Electronics,215,292,147.23,152.27915705603786
2023-12-07,S003-P0011,Electronics,169,58,121.71,137.1137269877042
2023-12-08,S003-P0011,Electronics,120,413,140.97,106.64941677218832
2023-12-09,S003-P0011,Electronics,69,313,84.68,125.54683534590457
2023-12-10,S003-P0011,Electronics,67,265,112.06,97.35399527650712
2023-12-11,S003-P0011,Electronics,146,196,123.03,126.25656064237056
2023-12-12,S003-P0011,Electronics,97,69,124.25,96.49045764486401
2023-12-13,S003-P0011,Electronics,103,269,133.52,120.75428756228214
2023-12-14,S003-P0011,Electronics,138,151,141.5,105.22946625425162
2023-12-15,S003-P0011,Electronics,104,0,127.39,97.46221831623255
2023-12-16,S003-P0011,Electronics,66,229,88.21,126.19496446558848
2023-12-17,S003-P0011,Electronics,144,351,136.14,106.59340920104336
2023-12-18,S003-P0011,Electronics,121,214,127.36,120.69170696026501
2023-12-19,S003-P0011,Electronics,124,81,115.17,126.65198118366852
2023-12-20,S003-P0011,Electronics,141,248,135.34,123.21754145702701
2023-12-21,S003-P0011,Electronics,131,97,131.31,121.12604030417667
2023-12-22,S003-P0011,Electronics,73,249,108.51,127.27496815714136
2023-12-23,S003-P0011,Electronics,111,175,123.66,97.64024785975349
2023-12-24,S003-P0011,Electronics,65,49,100.28,98.20824336766559
2023-12-25,S003-P0011,Electronics,131,230,145.58,99.48472964801059
2023-12-26,S003-P0011,Electronics,122,120,106.42,160.77311458371054
2023-12-27,S003-P0011,Electronics,37,253,94.49,57.361794648143984
2023-12-28,S003-P0011,Electronics,64,219,110.85,56.93539129278622
2023-12-29,S003-P0011,Electronics,96,153,124.1,52.17032302518676
2023-12-30,S003-P0011,Electronics,18,78,87.03,55.31683573916774
2023-12-31,S003-P0011,Electronics,31,292,91.94,60.83993650498096
2024-01-01,S003-P0011,Electronics,53,263,95.58,66.91599109775885
2024-01-02,S003-P0011,Electronics,57,214,107.89,51.3539722825841
2024-01-03,S003-P0011,Electronics,40,147,75.82,69.34300390808816
2024-01-04,S003-P0011,Electronics,67,102,100.76,65.85659434484621
2024-01-05,S003-P0011,Electronics,48,60,82.21,89.37427259107419
2024-01-06,S003-P0011,Electronics,108,126,101.8,74.56649565856814
2024-01-07,S003-P0011,Electronics,54,0,112.13,51.88353236577424
2024-01-08,S003-P0011,Electronics,53,240,100.56,52.12187544448393
2024-01-09,S003-P0011,Electronics,56,197,102.02,97.48053904674633
2024-01-10,S003-P0011,Electronics,46,141,103.39,109.79519698681881
2024-01-11,S003-P0011,Electronics,157,99,141.16,154.05451578942308
2024-01-12,S003-P0011,Electronics,72,77,107.99,121.50916543947199
2024-01-13,S003-P0011,Electronics,64,393,88.73,139.88938003593884
2024-01-14,S003-P0011,Electronics,116,350,139.35,109.00346708999241
2024-01-15,S003-P0011,Electronics,87,278,95.15,151.52471659145542
2024-01-16,S003-P0011,Electronics,66,198,100.59,108.84715783017177
2024-01-17,S003-P0011,Electronics,194,140,147.29,129.84437607177742
2024-01-18,S003-P0011,Electronics,108,0,135.74,107.51212860592229
2024-01-19,S003-P0011,Electronics,133,417,131.93,121.85971396076899
2024-01-20,S003-P0011,Electronics,166,324,136.86,150.7686165099322
2024-01-21,S003-P0011,Electronics,75,211,103.82,97.26895167178799
2024-01-22,S003-P0011,Electronics,141,427,142.74,118.76672652642188
2024-01-23,S003-P0011,Electronics,102,309,119.84,106.8769578434552
2024-01-24,S003-P0011,Electronics,81,194,105.93,96.89275887943286
2024-01-25,S003-P0011,Electronics,106,103,128.25,117.75631777844607
2024-01-26,S003-P0011,Electronics,91,130,115.73,97.40129137643632
2024-01-27,S003-P0011,Electronics,101,226,132.62,96.45503961552721
2024-01-28,S003-P0011,Electronics,106,165,121.83,106.66914640563974
2024-01-29,S003-P0011,Electronics,114,250,118.4,97.5468838959418
2024-01-30,S003-P0011,Electronics,134,143,147.24,118.98695647022988
2023-10-03,S003-P0012,Furniture,144,135,110.23,91.11341782288548
2023-10-04,S003-P0012,Furniture,68,159,91.51,77.64273350543442
2023-10-05,S003-P0012,Furniture,70,429,92.03,68.88487380804008
2023-10-06,S003-P0012,Furniture,76,367,94.16,78.02462906923665
2023-10-07,S003-P0012,Furniture,50,321,89.99,32.35682020779144
2023-10-08,S003-P0012,Furniture,38,280,77.22,31.97165759194958
2023-10-09,S003-P0012,Furniture,42,243,87.31,32.747508897929826
2023-10-10,S003-P0012,Furniture,67,193,85.81,43.23829673491893
2023-10-11,S003-P0012,Furniture,28,131,78.06,31.80404789571339
2023-10-12,S003-P0012,Furniture,50,229,76.7,44.3224638114919
2023-10-13,S003-P0012,Furniture,70,169,72.96,49.760902730698916
2023-10-14,S003-P0012,Furniture,45,88,79.53,40.085137925725576
2023-10-15,S003-P0012,Furniture,30,184,79.02,35.732420049372
2023-10-16,S003-P0012,Furniture,16,163,82.21,35.58981735252066
2023-10-17,S003-P0012,Furniture,35,148,84.68,35.64240374214213
2023-10-18,S003-P0012,Furniture,47,115,80.0,38.97769290912857
2023-10-19,S003-P0012,Furniture,38,76,81.22,31.153919624896194
2023-10-20,S003-P0012,Furniture,39,126,64.61,39.847993691636184
2023-10-21,S003-P0012,Furniture,35,80,66.89,44.056509853600744
2023-10-22,S003-P0012,Furniture,25,109,76.83,32.118292284115995
2023-10-23,S003-P0012,Furniture,35,79,80.4,32.30051900943829
2023-10-24,S003-P0012,Furniture,25,102,73.16,31.5701608917586
2023-10-25,S003-P0012,Furniture,98,130,96.35,93.28367609343273
2023-10-26,S003-P0012,Furniture,99,60,96.78,83.83562035674683
2023-10-27,S003-P0012,Furniture,68,178,91.31,83.93413656521376
2023-10-28,S003-P0012,Furniture,82,355,91.27,70.2991281699869
2023-10-29,S003-P0012,Furniture,79,272,95.22,76.64206295156758
2023-10-30,S003-P0012,Furniture,83,182,101.62,76.70661153586082
2023-10-31,S003-P0012,Furniture,107,124,110.34,83.84165795810421
2023-11-01,S003-P0012,Furniture,72,184,88.06,91.24988243871071
2023-11-02,S003-P0012,Furniture,56,356,92.09,83.28913299645785
2023-11-03,S003-P0012,Furniture,29,294,78.21,98.55804297686718
2023-11-04,S003-P0012,Furniture,116,262,113.3,83.52233592134665
2023-11-05,S003-P0012,Furniture,32,158,75.25,76.51590085969727
2023-11-06,S003-P0012,Furniture,81,373,95.72,70.29359142241326
2023-11-07,S003-P0012,Furniture,32,281,79.43,75.72395390324876
2023-11-08,S003-P0012,Furniture,51,245,85.74,68.7899557956759
2023-11-09,S003-P0012,Furniture,105,189,98.64,90.64785623381802
2023-11-10,S003-P0012,Furniture,91,81,82.48,91.81772774568748
2023-11-11,S003-P0012,Furniture,81,193,90.89,83.7232003223371
2023-11-12,S003-P0012,Furniture,71,102,92.64,83.91850537792898
2023-11-13,S003-P0012,Furniture,74,171,93.61,70.59089822341244
2023-11-14,S003-P0012,Furniture,58,117,78.29,92.00306002900601
2023-11-15,S003-P0012,Furniture,71,231,92.21,82.93918380225662
2023-11-16,S003-P0012,Furniture,74,184,103.89,75.05293096863933
2023-11-17,S003-P0012,Furniture,73,99,98.06,76.46508714787528
2023-11-18,S003-P0012,Furniture,152,166,119.45,108.7627611800933
2023-11-19,S003-P0012,Furniture,85,0,76.91,110.51413868647364
2023-11-20,S003-P0012,Furniture,116,335,113.55,69.33303888004451
2023-11-21,S003-P0012,Furniture,100,254,96.91,73.77766191688794
2023-11-22,S003-P0012,Furniture,91,192,99.4,81.18228847457567
2023-11-23,S003-P0012,Furniture,158,273,96.1,92.91884983616096
2023-11-24,S003-P0012,Furniture,146,158,105.44,96.23311068292088
2023-11-25,S003-P0012,Furniture,108,376,116.42,68.4335133158408
2023-11-26,S003-P0012,Furniture,126,253,93.51,88.24497036061858
2023-11-27,S003-P0012,Furniture,70,131,87.35,68.79896963404063
2023-11-28,S003-P0012,Furniture,52,311,81.71,67.81723578036674
2023-11-29,S003-P0012,Furniture,102,264,102.88,82.1746551123761
2023-11-30,S003-P0012,Furniture,84,173,96.67,72.76723147138085
2023-12-01,S003-P0012,Furniture,95,325,105.92,71.31225576786262
2023-12-02,S003-P0012,Furniture,165,265,110.12,94.21120751598922
2023-12-03,S003-P0012,Furniture,100,165,90.77,104.08686262724893
2023-12-04,S003-P0012,Furniture,92,423,99.69,81.80791720820305
2023-12-05,S003-P0012,Furniture,57,325,83.35,66.6014971677673
2023-12-06,S003-P0012,Furniture,72,267,97.76,81.4072630045296
2023-12-07,S003-P0012,Furniture,93,205,100.1,72.99283690263812
2023-12-08,S003-P0012,Furniture,78,107,100.11,73.10502702289018
2023-12-09,S003-P0012,Furniture,85,196,76.73,88.01438897258024
2023-12-10,S003-P0012,Furniture,73,134,87.94,88.08159413566541
2023-12-11,S003-P0012,Furniture,54,261,73.16,87.98805767328787
2023-12-12,S003-P0012,Furniture,79,224,95.04,66.59514272535668
2023-12-13,S003-P0012,Furniture,89,138,103.82,82.14651726051372
2023-12-14,S003-P0012,Furniture,82,200,101.47,72.58824240360231
2023-12-15,S003-P0012,Furniture,113,125,101.08,88.77718045201799
2023-12-16,S003-P0012,Furniture,77,184,89.51,67.82468667821128
2023-12-17,S003-P0012,Furniture,122,289,92.45,96.13419961869837
2023-12-18,S003-P0012,Furniture,55,180,82.74,83.43325917065229
2023-12-19,S003-P0012,Furniture,79,366,80.37,88.69675708668005
2023-12-20,S003-P0012,Furniture,49,283,89.55,82.68652242124418
2023-12-21,S003-P0012,Furniture,37,252,81.29,82.03944926473679
2023-12-22,S003-P0012,Furniture,102,220,102.88,89.54824456828963
2023-12-23,S003-P0012,Furniture,81,116,101.1,67.74086622939275
2023-12-24,S003-P0012,Furniture,53,256,86.42,68.30113068371918
2023-12-25,S003-P0012,Furniture,76,207,74.55,89.25240907931654
2023-12-26,S003-P0012,Furniture,113,144,112.35,82.41466078698502
2023-12-27,S003-P0012,Furniture,30,223,78.92,34.2390373433794
2023-12-28,S003-P0012,Furniture,43,455,87.49,33.82134335798789
2023-12-29,S003-P0012,Furniture,29,423,82.8,31.578646367878665
2023-12-30,S003-P0012,Furniture,44,398,88.09,34.25769650360678
2023-12-31,S003-P0012,Furniture,37,367,81.32,36.12057582583717
2024-01-01,S003-P0012,Furniture,23,325,80.5,33.43130251201319
2024-01-02,S003-P0012,Furniture,28,299,82.13,29.989829603207415
2024-01-03,S003-P0012,Furniture,35,277,76.26,30.43306906464202
2024-01-04,S003-P0012,Furniture,22,256,75.95,30.702215382426843
2024-01-05,S003-P0012,Furniture,46,232,88.59,35.505337272960794
2024-01-06,S003-P0012,Furniture,35,180,80.18,33.416557503568406
2024-01-07,S003-P0012,Furniture,41,146,82.46,37.86178141018473
2024-01-08,S003-P0012,Furniture,22,111,84.27,30.935576690121728
2024-01-09,S003-P0012,Furniture,139,163,108.9,88.9560307542765
2024-01-10,S003-P0012,Furniture,67,33,91.24,74.77060633012161
2024-01-11,S003-P0012,Furniture,87,307,86.75,107.52034783197385
2024-01-12,S003-P0012,Furniture,102,221,86.83,105.91084462077013
2024-01-13,S003-P0012,Furniture,69,119,86.49,95.71978501610717
2024-01-14,S003-P0012,Furniture,58,267,88.05,74.71233931913902
2024-01-15,S003-P0012,Furniture,98,219,101.57,83.12141835311104
2024-01-16,S003-P0012,Furniture,106,135,115.54,73.65044575979368
2024-01-17,S003-P0012,Furniture,66,227,75.48,88.79438130689613
2024-01-18,S003-P0012,Furniture,91,185,83.58,94.87760764501078
2024-01-19,S003-P0012,Furniture,87,121,108.4,81.10048174326332
2024-01-20,S003-P0012,Furniture,133,201,107.45,81.68614519457054
2024-01-21,S003-P0012,Furniture,92,72,94.5,67.28411517554463
2024-01-22,S003-P0012,Furniture,94,298,100.2,103.3064609413839
2024-01-23,S003-P0012,Furniture,109,220,83.13,95.36510107947097
2024-01-24,S003-P0012,Furniture,111,152,111.65,66.52380361363306
2024-01-25,S003-P0012,Furniture,85,300,86.23,104.05437903848399
2024-01-26,S003-P0012,Furniture,93,204,105.19,67.49031726226012
2024-01-27,S003-P0012,Furniture,107,117,99.1,66.71634640842368
2024-01-28,S003-P0012,Furniture,112,222,117.96,73.22766133976239
2024-01-29,S003-P0012,Furniture,43,121,92.1,67.67163406692367
2024-01-30,S003-P0012,Furniture,49,286,84.97,81.21684968495855
2023-10-03,S003-P0013,Groceries,96,306,65.2,134.32807620971272
2023-10-04,S003-P0013,Groceries,125,207,75.29,119.3411095312931
2023-10-05,S003-P0013,Groceries,83,716,62.4,100.386945735746
2023-10-06,S003-P0013,Groceries,116,637,73.13,121.78772423161688
2023-10-07,S003-P0013,Groceries,17,517,53.45,74.89036934450904
2023-10-08,S003-P0013,Groceries,92,503,67.64,74.59798138697198
2023-10-09,S003-P0013,Groceries,70,407,62.56,74.64968504229064
2023-10-10,S003-P0013,Groceries,87,334,62.84,101.71389555988829
2023-10-11,S003-P0013,Groceries,80,251,65.14,73.9398144567796
2023-10-12,S003-P0013,Groceries,119,175,62.38,102.792892766952
2023-10-13,S003-P0013,Groceries,76,96,71.13,91.65799497807613
2023-10-14,S003-P0013,Groceries,107,464,71.12,74.16622169384746
2023-10-15,S003-P0013,Groceries,94,348,68.4,82.49906443838732
2023-10-16,S003-P0013,Groceries,90,264,59.69,101.86595095164273
2023-10-17,S003-P0013,Groceries,97,180,54.37,100.78154487304202
2023-10-18,S003-P0013,Groceries,98,495,72.89,74.08126553001786
2023-10-19,S003-P0013,Groceries,61,383,63.93,73.31730554234032
2023-10-20,S003-P0013,Groceries,143,322,62.78,95.68902590867074
2023-10-21,S003-P0013,Groceries,26,192,58.55,82.39843574980598
2023-10-22,S003-P0013,Groceries,122,174,70.43,95.31424894188447
2023-10-23,S003-P0013,Groceries,89,40,63.18,95.41143206248762
2023-10-24,S003-P0013,Groceries,76,488,67.62,73.49157622982516
2023-10-25,S003-P0013,Groceries,158,435,73.51,141.47855401055122
2023-10-26,S003-P0013,Groceries,84,269,69.56,126.20150642169769
2023-10-27,S003-P0013,Groceries,167,187,94.18,126.45436244875776
2023-10-28,S003-P0013,Groceries,198,79,87.26,100.2861139692334
2023-10-29,S003-P0013,Groceries,110,638,68.18,114.46187208998153
2023-10-30,S003-P0013,Groceries,132,510,76.81,114.32765305307564
2023-10-31,S003-P0013,Groceries,107,384,75.01,125.45694501273483
2023-11-01,S003-P0013,Groceries,118,940,69.55,132.49262578930936
2023-11-02,S003-P0013,Groceries,181,815,97.82,125.6349951468372
2023-11-03,S003-P0013,Groceries,103,631,70.18,113.52081255765218
2023-11-04,S003-P0013,Groceries,95,558,72.15,126.67880704398821
2023-11-05,S003-P0013,Groceries,88,492,56.38,148.65127490415577
2023-11-06,S003-P0013,Groceries,133,431,77.25,101.61429302377066
2023-11-07,S003-P0013,Groceries,84,329,62.58,113.43476786701798
2023-11-08,S003-P0013,Groceries,128,274,67.98,132.49262578930936
2023-11-09,S003-P0013,Groceries,32,154,56.88,99.44023580340978
2023-11-10,S003-P0013,Groceries,75,706,70.78,99.9007223677365
2023-11-11,S003-P0013,Groceries,94,624,75.66,126.3056742419025
2023-11-12,S003-P0013,Groceries,94,520,71.83,126.439525233293
2023-11-13,S003-P0013,Groceries,82,417,68.89,101.12276302958746
2023-11-14,S003-P0013,Groceries,92,332,64.35,134.48042369034542
2023-11-15,S003-P0013,Groceries,101,262,77.41,126.44841748319982
2023-11-16,S003-P0013,Groceries,264,173,100.9,149.95587087363901
2023-11-17,S003-P0013,Groceries,54,0,62.29,114.8443593375699
2023-11-18,S003-P0013,Groceries,169,378,80.92,165.1650656238833
2023-11-19,S003-P0013,Groceries,125,243,79.25,126.29044487820649
2023-11-20,S003-P0013,Groceries,118,1040,58.33,134.61246670109463
2023-11-21,S003-P0013,Groceries,152,951,67.79,150.92698516888458
2023-11-22,S003-P0013,Groceries,111,801,68.4,125.49394630323168
2023-11-23,S003-P0013,Groceries,107,733,59.93,134.58673477282207
2023-11-24,S003-P0013,Groceries,105,614,74.42,114.44591121844515
2023-11-25,S003-P0013,Groceries,102,540,62.64,131.31979861899225
2023-11-26,S003-P0013,Groceries,87,477,70.11,99.58469668776057
2023-11-27,S003-P0013,Groceries,149,377,85.21,101.25611241140304
2023-11-28,S003-P0013,Groceries,117,232,77.32,98.26177315750671
2023-11-29,S003-P0013,Groceries,126,104,79.53,126.78087245148643
2023-11-30,S003-P0013,Groceries,134,19,77.42,111.43455228788618
2023-12-01,S003-P0013,Groceries,160,584,73.89,141.77883831215865
2023-12-02,S003-P0013,Groceries,114,473,57.59,145.79306723639107
2023-12-03,S003-P0013,Groceries,113,352,80.49,126.78967932662567
2023-12-04,S003-P0013,Groceries,141,858,74.45,159.5290754399191
2023-12-05,S003-P0013,Groceries,138,726,69.4,132.45314501814616
2023-12-06,S003-P0013,Groceries,80,612,61.64,164.111249935058
2023-12-07,S003-P0013,Groceries,132,553,85.22,112.90606695763377
2023-12-08,S003-P0013,Groceries,140,445,78.62,112.81592657156432
2023-12-09,S003-P0013,Groceries,93,296,75.31,99.64553282171737
2023-12-10,S003-P0013,Groceries,149,215,85.08,100.18894090537124
2023-12-11,S003-P0013,Groceries,94,607,75.77,104.94373289447466
2023-12-12,S003-P0013,Groceries,137,543,82.3,100.22639276785705
2023-12-13,S003-P0013,Groceries,117,442,61.15,162.76939781698061
2023-12-14,S003-P0013,Groceries,102,370,66.33,113.05860263386609
2023-12-15,S003-P0013,Groceries,105,260,67.14,102.28190585009528
2023-12-16,S003-P0013,Groceries,152,787,85.77,101.61474086935159
2023-12-17,S003-P0013,Groceries,152,693,68.59,149.16936644280435
2023-12-18,S003-P0013,Groceries,106,525,74.7,127.74417262792416
2023-12-19,S003-P0013,Groceries,116,417,69.44,100.08530614440662
2023-12-20,S003-P0013,Groceries,15,334,44.48,165.8135993016793
2023-12-21,S003-P0013,Groceries,153,322,81.74,127.84903616826581
2023-12-22,S003-P0013,Groceries,125,216,75.15,135.44745865278048
2023-12-23,S003-P0013,Groceries,141,657,78.99,100.32078509901596
2023-12-24,S003-P0013,Groceries,157,529,82.72,100.9738242116472
2023-12-25,S003-P0013,Groceries,129,396,84.44,104.36872211883662
2023-12-26,S003-P0013,Groceries,55,256,56.35,125.00524131979805
2023-12-27,S003-P0013,Groceries,85,214,62.38,101.47961492901604
2023-12-28,S003-P0013,Groceries,92,804,71.4,79.92005105016445
2023-12-29,S003-P0013,Groceries,45,732,63.28,73.17259394552275
2023-12-30,S003-P0013,Groceries,72,689,63.3,75.60393291120448
2023-12-31,S003-P0013,Groceries,105,603,74.56,84.8521527665074
2024-01-01,S003-P0013,Groceries,67,492,61.97,75.3669363876677
2024-01-02,S003-P0013,Groceries,82,448,54.54,92.93649097784521
2024-01-03,S003-P0013,Groceries,36,391,54.93,69.19610891361634
2024-01-04,S003-P0013,Groceries,85,366,62.84,70.21094582502366
2024-01-05,S003-P0013,Groceries,95,270,57.69,110.97111930870558
2024-01-06,S003-P0013,Groceries,90,195,70.85,73.94599186873236
2024-01-07,S003-P0013,Groceries,140,92,62.13,92.6602677641268
2024-01-08,S003-P0013,Groceries,69,350,62.29,71.15312432003716
2024-01-09,S003-P0013,Groceries,162,292,79.4,134.0151146165092
2024-01-10,S003-P0013,Groceries,117,193,65.29,147.53350546141763
2024-01-11,S003-P0013,Groceries,83,734,65.69,127.23009291803427
2024-01-12,S003-P0013,Groceries,88,671,66.81,127.11875489296685
2024-01-13,S003-P0013,Groceries,124,603,79.21,113.27044497574853
2024-01-14,S003-P0013,Groceries,151,507,81.32,113.27044497574853
2024-01-15,S003-P0013,Groceries,87,387,66.75,125.77397907404658
2024-01-16,S003-P0013,Groceries,148,308,72.09,146.06115156816628
2024-01-17,S003-P0013,Groceries,144,135,66.28,134.13268623637407
2024-01-18,S003-P0013,Groceries,111,539,68.43,111.48908937789896
2024-01-19,S003-P0013,Groceries,137,428,86.66,126.00863074847334
2024-01-20,S003-P0013,Groceries,206,286,98.76,126.93943803119019
2024-01-21,S003-P0013,Groceries,112,54,72.44,100.50863032586827
2024-01-22,S003-P0013,Groceries,174,0,86.66,122.87375389556588
2024-01-23,S003-P0013,Groceries,57,558,50.48,146.2814618288092
2024-01-24,S003-P0013,Groceries,70,1308,59.52,99.45323105706166
2024-01-25,S003-P0013,Groceries,220,1262,92.02,158.48781481806986
2024-01-26,S003-P0013,Groceries,52,1116,58.44,100.10949438545305
2024-01-27,S003-P0013,Groceries,152,1066,77.3,133.35359068856397
2024-01-28,S003-P0013,Groceries,121,969,74.15,108.24902999289601
2024-01-29,S003-P0013,Groceries,109,852,71.63,99.92869119045316
2024-01-30,S003-P0013,Groceries,121,781,74.45,120.06665995299876
2023-10-03,S003-P0014,Groceries,90,599,97.54,100.86458139660226
2023-10-04,S003-P0014,Groceries,134,499,95.78,119.25606592657397
2023-10-05,S003-P0014,Groceries,86,360,91.2,100.56907096470724
2023-10-06,S003-P0014,Groceries,84,295,90.73,121.87276783633601
2023-10-07,S003-P0014,Groceries,86,198,91.21,74.89036934450904
2023-10-08,S003-P0014,Groceries,86,106,77.7,95.81190191458866
2023-10-09,S003-P0014,Groceries,48,210,75.05,95.26975170277203
2023-10-10,S003-P0014,Groceries,71,172,77.83,82.87568177392646
2023-10-11,S003-P0014,Groceries,59,417,62.06,94.60050635109484
2023-10-12,S003-P0014,Groceries,96,358,89.55,102.72631746109236
2023-10-13,S003-P0014,Groceries,130,244,94.73,91.63789351494373
2023-10-14,S003-P0014,Groceries,92,123,78.59,94.93552887742187
2023-10-15,S003-P0014,Groceries,100,50,75.65,102.39594981647343
2023-10-16,S003-P0014,Groceries,48,345,75.37,82.49906443838732
2023-10-17,S003-P0014,Groceries,136,304,85.67,101.12143825195986
2023-10-18,S003-P0014,Groceries,62,149,79.44,94.67951730439597
2023-10-19,S003-P0014,Groceries,82,80,67.58,95.72728611845044
2023-10-20,S003-P0014,Groceries,60,425,78.85,73.36820941751566
2023-10-21,S003-P0014,Groceries,49,369,75.36,82.37833428667358
2023-10-22,S003-P0014,Groceries,65,330,80.12,95.15984877307591
2023-10-23,S003-P0014,Groceries,93,279,84.23,74.19596540692791
2023-10-24,S003-P0014,Groceries,51,222,80.37,73.49157622982516
2023-10-25,S003-P0014,Groceries,150,184,117.39,114.55643989274397
2023-10-26,S003-P0014,Groceries,100,292,90.58,126.11646281697855
2023-10-27,S003-P0014,Groceries,175,218,119.12,126.51930459034449
2023-10-28,S003-P0014,Groceries,115,459,90.49,100.2861139692334
2023-10-29,S003-P0014,Groceries,95,373,94.08,114.54691569470066
2023-10-30,S003-P0014,Groceries,67,291,85.25,114.34775451620804
2023-10-31,S003-P0014,Groceries,68,222,77.2,125.53250313956674
2023-11-01,S003-P0014,Groceries,107,164,88.05,99.9599765038799
2023-11-02,S003-P0014,Groceries,67,80,72.48,163.8123078800816
2023-11-03,S003-P0014,Groceries,59,225,65.51,147.85651957361145
2023-11-04,S003-P0014,Groceries,185,530,97.96,164.39876530536338
2023-11-05,S003-P0014,Groceries,120,369,86.76,148.65127490415577
2023-11-06,S003-P0014,Groceries,68,294,81.26,101.61429302377066
2023-11-07,S003-P0014,Groceries,122,795,102.54,113.51981147173711
2023-11-08,S003-P0014,Groceries,213,686,103.69,132.54309510217186
2023-11-09,S003-P0014,Groceries,157,464,107.48,99.25811057444854
2023-11-10,S003-P0014,Groceries,146,313,82.52,132.97420206704285
2023-11-11,S003-P0014,Groceries,200,688,107.99,165.5669134937162
2023-11-12,S003-P0014,Groceries,192,469,98.43,164.96250154415566
2023-11-13,S003-P0014,Groceries,103,321,91.83,101.12276302958746
2023-11-14,S003-P0014,Groceries,182,223,95.92,134.53089300320792
2023-11-15,S003-P0014,Groceries,171,630,105.7,166.17962425824692
2023-11-16,S003-P0014,Groceries,116,452,105.95,112.89158564171711
2023-11-17,S003-P0014,Groceries,109,360,98.67,114.77941719598317
2023-11-18,S003-P0014,Groceries,80,246,84.86,126.58818789286916
2023-11-19,S003-P0014,Groceries,96,181,89.34,126.20540127348735
2023-11-20,S003-P0014,Groceries,113,449,89.83,101.23101712662675
2023-11-21,S003-P0014,Groceries,101,332,96.14,111.65481745009211
2023-11-22,S003-P0014,Groceries,85,252,81.81,125.49394630323168
2023-11-23,S003-P0014,Groceries,129,161,104.9,99.37029741205902
2023-11-24,S003-P0014,Groceries,128,332,99.11,114.42580975531274
2023-11-25,S003-P0014,Groceries,80,181,80.6,100.20485289182147
2023-11-26,S003-P0014,Groceries,158,459,102.62,99.49965308304144
2023-11-27,S003-P0014,Groceries,107,304,97.74,101.25611241140304
2023-11-28,S003-P0014,Groceries,147,181,110.55,98.26177315750671
2023-11-29,S003-P0014,Groceries,127,467,93.8,126.76077098835403
2023-11-30,S003-P0014,Groceries,120,347,107.2,111.36961014629945
2023-12-01,S003-P0014,Groceries,149,219,110.99,110.8575350505441
2023-12-02,S003-P0014,Groceries,136,69,96.35,112.57100186771389
2023-12-03,S003-P0014,Groceries,185,376,103.1,160.58089566441757
2023-12-04,S003-P0014,Groceries,124,175,103.21,126.23839706597259
2023-12-05,S003-P0014,Groceries,121,377,102.25,99.51390687060669
2023-12-06,S003-P0014,Groceries,94,265,98.6,127.21192408093599
2023-12-07,S003-P0014,Groceries,42,153,69.79,112.88596549450136
2023-12-08,S003-P0014,Groceries,79,522,93.96,112.83602803469672
2023-12-09,S003-P0014,Groceries,137,449,80.56,132.62788366588018
2023-12-10,S003-P0014,Groceries,142,302,91.66,132.67225398250804
2023-12-11,S003-P0014,Groceries,198,155,99.82,136.78294428642792
2023-12-12,S003-P0014,Groceries,167,342,87.6,133.66235731540053
2023-12-13,S003-P0014,Groceries,104,177,91.72,127.0462172880588
2023-12-14,S003-P0014,Groceries,124,640,86.93,147.0313755459921
2023-12-15,S003-P0014,Groceries,97,499,99.77,102.36694945481442
2023-12-16,S003-P0014,Groceries,153,413,95.55,134.8125178131394
2023-12-17,S003-P0014,Groceries,108,258,103.54,114.85327324957095
2023-12-18,S003-P0014,Groceries,99,186,90.61,127.74417262792416
2023-12-19,S003-P0014,Groceries,168,578,111.0,100.08530614440662
2023-12-20,S003-P0014,Groceries,171,386,112.21,129.62319722103322
2023-12-21,S003-P0014,Groceries,211,235,111.06,164.57787449148657
2023-12-22,S003-P0014,Groceries,141,78,103.02,102.12560975619434
2023-12-23,S003-P0014,Groceries,220,549,112.21,134.00579216373947
2023-12-24,S003-P0014,Groceries,130,370,94.68,134.16577198512945
2023-12-25,S003-P0014,Groceries,70,274,81.86,104.28367851411748
2023-12-26,S003-P0014,Groceries,63,874,79.75,125.09028492451718
2023-12-27,S003-P0014,Groceries,66,804,85.07,80.03493951860777
2023-12-28,S003-P0014,Groceries,79,751,93.63,79.92005105016445
2023-12-29,S003-P0014,Groceries,69,676,90.43,73.17259394552275
2023-12-30,S003-P0014,Groceries,86,594,96.01,75.53899076961775
2023-12-31,S003-P0014,Groceries,73,510,78.44,84.76710916178827
2024-01-01,S003-P0014,Groceries,115,440,85.47,96.45476531918975
2024-01-02,S003-P0014,Groceries,128,341,110.01,69.05419465669534
2024-01-03,S003-P0014,Groceries,64,230,88.78,69.29319053785845
2024-01-04,S003-P0014,Groceries,101,157,91.35,70.29598942974279
2024-01-05,S003-P0014,Groceries,135,345,85.47,110.97111930870558
2024-01-06,S003-P0014,Groceries,62,200,75.29,73.86094826401323
2024-01-07,S003-P0014,Groceries,78,136,88.94,69.93121596448634
2024-01-08,S003-P0014,Groceries,25,485,72.11,71.2381679247563
2024-01-09,S003-P0014,Groceries,127,464,83.45,133.9499744246096
2024-01-10,S003-P0014,Groceries,119,367,107.01,112.95284693172205
2024-01-11,S003-P0014,Groceries,66,236,80.59,127.23009291803427
2024-01-12,S003-P0014,Groceries,112,187,89.42,127.11875489296685
2024-01-13,S003-P0014,Groceries,92,480,93.2,113.27044497574853
2024-01-14,S003-P0014,Groceries,183,374,109.67,113.1854013710294
2024-01-15,S003-P0014,Groceries,154,181,112.79,125.77397907404658
2024-01-16,S003-P0014,Groceries,144,46,92.22,146.06115156816628
2024-01-17,S003-P0014,Groceries,75,618,83.31,99.87575462437925
2024-01-18,S003-P0014,Groceries,172,541,88.73,148.30575301313834
2024-01-19,S003-P0014,Groceries,160,380,103.09,160.82025117256293
2024-01-20,S003-P0014,Groceries,151,217,88.19,160.7126935757997
2024-01-21,S003-P0014,Groceries,218,590,119.49,133.96741392070632
2024-01-22,S003-P0014,Groceries,86,408,68.37,158.23164408585117
2024-01-23,S003-P0014,Groceries,115,337,100.38,111.05159265543755
2024-01-24,S003-P0014,Groceries,104,890,96.98,99.00505824732431
2024-01-25,S003-P0014,Groceries,115,816,100.44,122.30483836615078
2024-01-26,S003-P0014,Groceries,128,713,99.02,100.10949438545305
2024-01-27,S003-P0014,Groceries,65,598,76.13,133.35359068856397
2024-01-28,S003-P0014,Groceries,138,533,102.03,108.24902999289601
2024-01-29,S003-P0014,Groceries,96,410,94.39,99.92869119045316
2024-01-30,S003-P0014,Groceries,157,350,119.68,120.00171781141204
2023-10-03,S003-P0015,Groceries,58,116,85.02,100.86458139660226
2023-10-04,S003-P0015,Groceries,66,57,83.45,119.3411095312931
2023-10-05,S003-P0015,Groceries,70,707,93.8,100.56907096470724
2023-10-06,S003-P0015,Groceries,129,641,91.01,147.86059023302155
2023-10-07,S003-P0015,Groceries,25,534,58.75,95.58137152115386
2023-10-08,S003-P0015,Groceries,78,512,77.21,95.6694725528547
2023-10-09,S003-P0015,Groceries,114,438,82.67,95.28172250984663
2023-10-10,S003-P0015,Groceries,95,306,87.26,82.87568177392646
2023-10-11,S003-P0015,Groceries,125,244,96.09,73.85477085206047
2023-10-12,S003-P0015,Groceries,132,142,114.71,83.0055078429409
2023-10-13,S003-P0015,Groceries,102,491,104.76,91.65799497807613
2023-10-14,S003-P0015,Groceries,82,383,83.46,74.16622169384746
2023-10-15,S003-P0015,Groceries,197,325,123.21,102.60309880517909
2023-10-16,S003-P0015,Groceries,67,171,88.13,82.49906443838732
2023-10-17,S003-P0015,Groceries,145,115,113.39,82.95831467441305
2023-10-18,S003-P0015,Groceries,76,18,91.1,74.17834715425997
2023-10-19,S003-P0015,Groceries,44,722,84.73,73.31730554234032
2023-10-20,S003-P0015,Groceries,55,690,84.3,73.36820941751566
2023-10-21,S003-P0015,Groceries,67,641,87.98,82.39843574980598
2023-10-22,S003-P0015,Groceries,45,568,64.73,95.17181958015051
2023-10-23,S003-P0015,Groceries,45,520,76.96,74.28100901164704
2023-10-24,S003-P0015,Groceries,88,466,75.98,94.69148811147058
2023-10-25,S003-P0015,Groceries,83,371,88.23,114.53633842961156
2023-10-26,S003-P0015,Groceries,52,290,62.3,164.3468205006485
2023-10-27,S003-P0015,Groceries,89,248,100.26,126.45436244875776
2023-10-28,S003-P0015,Groceries,119,182,89.25,131.82897788133647
2023-10-29,S003-P0015,Groceries,112,92,102.57,114.48197355311393
2023-10-30,S003-P0015,Groceries,134,8,98.81,114.32765305307564
2023-10-31,S003-P0015,Groceries,109,333,101.6,125.39200287114811
2023-11-01,S003-P0015,Groceries,125,677,101.26,132.5684049620875
2023-11-02,S003-P0015,Groceries,170,550,108.57,163.8123078800816
2023-11-03,S003-P0015,Groceries,144,382,113.09,113.38031228923354
2023-11-04,S003-P0015,Groceries,114,218,92.79,126.75436517082012
2023-11-05,S003-P0015,Groceries,77,128,96.1,114.09352291660922
2023-11-06,S003-P0015,Groceries,77,691,91.31,101.61429302377066
2023-11-07,S003-P0015,Groceries,104,630,99.94,113.51981147173711
2023-11-08,S003-P0015,Groceries,116,550,98.68,98.25865372836189
2023-11-09,S003-P0015,Groceries,109,444,91.45,99.25811057444854
2023-11-10,S003-P0015,Groceries,27,336,75.18,99.9007223677365
2023-11-11,S003-P0015,Groceries,118,313,88.77,165.5669134937162
2023-11-12,S003-P0015,Groceries,117,214,98.6,126.35448162857386
2023-11-13,S003-P0015,Groceries,118,525,109.94,101.12276302958746
2023-11-14,S003-P0015,Groceries,144,414,119.06,98.09170473743292
2023-11-15,S003-P0015,Groceries,117,245,98.85,126.42831602006741
2023-11-16,S003-P0015,Groceries,101,158,99.14,112.89158564171711
2023-11-17,S003-P0015,Groceries,69,94,84.14,114.8443593375699
2023-11-18,S003-P0015,Groceries,149,597,114.63,126.3056742419025
2023-11-19,S003-P0015,Groceries,119,438,110.3,126.00793122723982
2023-11-20,S003-P0015,Groceries,200,352,110.28,133.48703268229417
2023-11-21,S003-P0015,Groceries,104,116,89.48,149.64202187059524
2023-11-22,S003-P0015,Groceries,193,546,115.2,166.0305439031604
2023-11-23,S003-P0015,Groceries,205,355,111.89,134.58673477282207
2023-11-24,S003-P0015,Groceries,75,224,90.52,114.51085336003187
2023-11-25,S003-P0015,Groceries,73,159,90.0,100.2898964965406
2023-11-26,S003-P0015,Groceries,111,873,80.69,131.3999673694455
2023-11-27,S003-P0015,Groceries,136,751,92.84,130.83790574320784
2023-11-28,S003-P0015,Groceries,156,642,93.37,128.5261411070434
2023-11-29,S003-P0015,Groceries,80,504,97.07,126.78087245148643
2023-11-30,S003-P0015,Groceries,144,416,112.84,111.43455228788618
2023-12-01,S003-P0015,Groceries,108,307,106.67,110.8575350505441
2023-12-02,S003-P0015,Groceries,110,919,80.56,145.79306723639107
2023-12-03,S003-P0015,Groceries,128,795,96.38,160.4933320577834
2023-12-04,S003-P0015,Groceries,160,665,118.11,126.17345492438587
2023-12-05,S003-P0015,Groceries,96,524,97.41,99.51390687060669
2023-12-06,S003-P0015,Groceries,144,445,95.02,163.28326906713687
2023-12-07,S003-P0015,Groceries,70,329,80.02,112.88596549450136
2023-12-08,S003-P0015,Groceries,49,859,82.19,112.83602803469672
2023-12-09,S003-P0015,Groceries,50,812,78.3,99.64553282171737
2023-12-10,S003-P0015,Groceries,93,767,101.4,100.18894090537124
2023-12-11,S003-P0015,Groceries,78,671,91.7,104.94373289447466
2023-12-12,S003-P0015,Groceries,87,593,89.74,100.22639276785705
2023-12-13,S003-P0015,Groceries,90,505,81.1,162.25790540072214
2023-12-14,S003-P0015,Groceries,73,451,67.46,147.0818448588546
2023-12-15,S003-P0015,Groceries,49,373,82.17,102.36694945481442
2023-12-16,S003-P0015,Groceries,189,335,114.84,134.8125178131394
2023-12-17,S003-P0015,Groceries,184,154,100.85,149.16936644280435
2023-12-18,S003-P0015,Groceries,124,1,106.6,127.74417262792416
2023-12-19,S003-P0015,Groceries,92,0,101.16,100.03373908293501
2023-12-20,S003-P0015,Groceries,138,860,111.04,129.5582550794465
2023-12-21,S003-P0015,Groceries,142,698,106.55,127.76399256354668
2023-12-22,S003-P0015,Groceries,91,554,90.87,102.12560975619434
2023-12-23,S003-P0015,Groceries,75,481,90.74,100.32078509901596
2023-12-24,S003-P0015,Groceries,167,428,120.48,100.9738242116472
2023-12-25,S003-P0015,Groceries,91,326,90.81,137.33276091015384
2023-12-26,S003-P0015,Groceries,105,223,94.99,125.00524131979805
2023-12-27,S003-P0015,Groceries,122,159,84.65,100.88275611339229
2023-12-28,S003-P0015,Groceries,78,640,86.63,100.96477958342629
2023-12-29,S003-P0015,Groceries,94,548,96.78,73.17259394552275
2023-12-30,S003-P0015,Groceries,118,474,104.41,75.60393291120448
2023-12-31,S003-P0015,Groceries,75,364,95.42,85.8823759442557
2024-01-01,S003-P0015,Groceries,58,297,68.08,96.31233595745579
2024-01-02,S003-P0015,Groceries,18,239,72.02,69.05419465669534
2024-01-03,S003-P0015,Groceries,78,755,77.75,93.49738060341147
2024-01-04,S003-P0015,Groceries,69,664,84.1,70.21094582502366
2024-01-05,S003-P0015,Groceries,61,599,81.78,82.89105444947585
2024-01-06,S003-P0015,Groceries,41,538,83.82,73.88104972714564
2024-01-07,S003-P0015,Groceries,88,502,75.95,93.0135878360595
2024-01-08,S003-P0015,Groceries,46,447,76.91,71.15312432003716
2024-01-09,S003-P0015,Groceries,150,408,91.81,133.9499744246096
2024-01-10,S003-P0015,Groceries,100,279,98.85,112.95284693172205
2024-01-11,S003-P0015,Groceries,111,180,91.94,127.23009291803427
2024-01-12,S003-P0015,Groceries,142,101,100.44,162.82005106925445
2024-01-13,S003-P0015,Groceries,226,707,104.72,147.40658829691733
2024-01-14,S003-P0015,Groceries,115,571,98.39,113.27044497574853
2024-01-15,S003-P0015,Groceries,101,455,99.0,125.70903693245985
2024-01-16,S003-P0015,Groceries,88,356,99.68,112.14738664602287
2024-01-17,S003-P0015,Groceries,79,1305,96.61,99.97283624862136
2024-01-18,S003-P0015,Groceries,142,1236,101.21,111.48908937789896
2024-01-19,S003-P0015,Groceries,93,1082,91.38,125.98852928534093
2024-01-20,S003-P0015,Groceries,237,999,128.82,160.0418295520301
2024-01-21,S003-P0015,Groceries,68,820,83.85,100.42358672114914
2024-01-22,S003-P0015,Groceries,188,750,127.26,122.80881175397916
2024-01-23,S003-P0015,Groceries,112,589,97.09,111.05159265543755
2024-01-24,S003-P0015,Groceries,154,509,110.29,99.00505824732431
2024-01-25,S003-P0015,Groceries,188,330,127.18,122.23989622456405
2024-01-26,S003-P0015,Groceries,146,867,89.83,134.04078641937687
2024-01-27,S003-P0015,Groceries,183,728,100.6,133.28845049666435
2024-01-28,S003-P0015,Groceries,126,609,80.27,146.70983194989464
2024-01-29,S003-P0015,Groceries,81,464,87.74,99.92869119045316
2024-01-30,S003-P0015,Groceries,134,413,104.09,120.06665995299876
2023-10-03,S003-P0016,Electronics,41,293,78.07,94.80644149774585
2023-10-04,S003-P0016,Electronics,95,259,90.1,136.21393128859245
2023-10-05,S003-P0016,Electronics,93,178,89.5,123.05242345247989
2023-10-06,S003-P0016,Electronics,149,331,99.55,133.94996408342888
2023-10-07,S003-P0016,Electronics,35,179,71.54,69.33322593069505
2023-10-08,S003-P0016,Electronics,49,427,80.67,51.30102741012236
2023-10-09,S003-P0016,Electronics,24,380,60.33,69.58072091645883
2023-10-10,S003-P0016,Electronics,64,352,80.89,56.10154465711574
2023-10-11,S003-P0016,Electronics,55,275,78.21,51.21332072985367
2023-10-12,S003-P0016,Electronics,101,224,96.97,55.92859114748996
2023-10-13,S003-P0016,Electronics,70,119,72.52,84.51769926140078
2023-10-14,S003-P0016,Electronics,93,225,94.48,51.50837176294029
2023-10-15,S003-P0016,Electronics,67,140,81.59,56.10037246000246
2023-10-16,S003-P0016,Electronics,52,272,81.12,56.34609858816669
2023-10-17,S003-P0016,Electronics,52,220,85.78,56.11923541601558
2023-10-18,S003-P0016,Electronics,65,182,81.12,65.63332586811529
2023-10-19,S003-P0016,Electronics,51,134,81.12,50.67499750199987
2023-10-20,S003-P0016,Electronics,42,197,82.35,50.81814121763222
2023-10-21,S003-P0016,Electronics,85,167,96.91,55.946044788801295
2023-10-22,S003-P0016,Electronics,29,99,74.04,51.96160510237352
2023-10-23,S003-P0016,Electronics,59,263,83.43,66.31273730456458
2023-10-24,S003-P0016,Electronics,35,201,84.42,51.6263449300234
2023-10-25,S003-P0016,Electronics,111,176,105.51,105.64690653529377
2023-10-26,S003-P0016,Electronics,172,66,119.25,115.42233099661881
2023-10-27,S003-P0016,Electronics,147,250,105.69,115.74012916526561
2023-10-28,S003-P0016,Electronics,110,489,78.8,122.91085569580666
2023-10-29,S003-P0016,Electronics,61,406,88.91,106.25265400750651
2023-10-30,S003-P0016,Electronics,121,340,98.02,106.75535829747926
2023-10-31,S003-P0016,Electronics,127,218,110.81,116.70089731470559
2023-11-01,S003-P0016,Electronics,120,96,92.12,124.33575200601345
2023-11-02,S003-P0016,Electronics,112,263,105.89,117.05043164615054
2023-11-03,S003-P0016,Electronics,159,187,102.33,134.88431159338586
2023-11-04,S003-P0016,Electronics,90,254,93.59,118.78921060620763
2023-11-05,S003-P0016,Electronics,148,194,100.28,135.80719679205725
2023-11-06,S003-P0016,Electronics,116,234,101.69,100.09236870298155
2023-11-07,S003-P0016,Electronics,165,355,130.01,105.58035507257948
2023-11-08,S003-P0016,Electronics,95,196,90.04,96.61532306635507
2023-11-09,S003-P0016,Electronics,102,447,87.1,124.46394062891702
2023-11-10,S003-P0016,Electronics,100,367,101.76,96.75956066830935
2023-11-11,S003-P0016,Electronics,107,252,104.09,116.77067178486475
2023-11-12,S003-P0016,Electronics,120,125,91.34,150.7548244350599
2023-11-13,S003-P0016,Electronics,67,219,81.73,126.17670391691694
2023-11-14,S003-P0016,Electronics,85,148,87.02,96.73018429521436
2023-11-15,S003-P0016,Electronics,82,49,95.81,117.99219347163104
2023-11-16,S003-P0016,Electronics,88,182,97.89,105.12361343990207
2023-11-17,S003-P0016,Electronics,95,269,85.14,137.40187018873428
2023-11-18,S003-P0016,Electronics,137,182,114.06,117.86216864401159
2023-11-19,S003-P0016,Electronics,131,48,101.02,152.07495138946064
2023-11-20,S003-P0016,Electronics,149,227,124.56,97.90783134678736
2023-11-21,S003-P0016,Electronics,115,339,101.18,136.6571617541698
2023-11-22,S003-P0016,Electronics,96,227,95.19,118.57434825942278
2023-11-23,S003-P0016,Electronics,143,137,110.16,127.05986063828064
2023-11-24,S003-P0016,Electronics,93,224,99.42,105.63130986603441
2023-11-25,S003-P0016,Electronics,134,142,107.46,97.4957353204173
2023-11-26,S003-P0016,Electronics,120,196,102.93,98.00402505147893
2023-11-27,S003-P0016,Electronics,94,335,99.99,98.26967022775925
2023-11-28,S003-P0016,Electronics,97,258,95.93,97.02957381021903
2023-11-29,S003-P0016,Electronics,184,199,123.42,119.92621654926425
2023-11-30,S003-P0016,Electronics,93,199,104.9,103.88434884468936
2023-12-01,S003-P0016,Electronics,176,427,113.75,133.65890885504695
2023-12-02,S003-P0016,Electronics,173,258,119.99,107.48680095408533
2023-12-03,S003-P0016,Electronics,152,82,89.4,150.5741220516876
2023-12-04,S003-P0016,Electronics,129,347,83.63,149.08434933686928
2023-12-05,S003-P0016,Electronics,100,211,81.41,125.42740779481812
2023-12-06,S003-P0016,Electronics,109,110,99.7,121.47960485242892
2023-12-07,S003-P0016,Electronics,103,187,86.47,137.9199343178813
2023-12-08,S003-P0016,Electronics,156,92,114.24,138.22927008105498
2023-12-09,S003-P0016,Electronics,53,165,77.55,96.72554358813412
2023-12-10,S003-P0016,Electronics,97,454,106.0,97.35399527650712
2023-12-11,S003-P0016,Electronics,112,366,100.21,98.20952073729285
2023-12-12,S003-P0016,Electronics,165,266,123.63,96.49045764486401
2023-12-13,S003-P0016,Electronics,74,88,93.0,120.81922970386887
2023-12-14,S003-P0016,Electronics,86,333,102.19,105.22946625425162
2023-12-15,S003-P0016,Electronics,123,231,109.36,97.46221831623255
2023-12-16,S003-P0016,Electronics,105,91,103.34,96.49985661246694
2023-12-17,S003-P0016,Electronics,99,197,96.37,106.67845280576249
2023-12-18,S003-P0016,Electronics,221,87,128.01,151.75642794629653
2023-12-19,S003-P0016,Electronics,65,203,94.96,97.92356927921102
2023-12-20,S003-P0016,Electronics,54,602,77.71,123.13249785230788
2023-12-21,S003-P0016,Electronics,132,552,112.57,121.2110839088958
2023-12-22,S003-P0016,Electronics,158,415,108.36,127.29229907183131
2023-12-23,S003-P0016,Electronics,105,282,98.03,127.00217364335904
2023-12-24,S003-P0016,Electronics,82,191,91.0,98.29328697238472
2023-12-25,S003-P0016,Electronics,34,335,71.82,99.39968604329145
2023-12-26,S003-P0016,Electronics,246,308,120.44,160.3766348826403
2023-12-27,S003-P0016,Electronics,74,56,93.05,57.446838252863124
2023-12-28,S003-P0016,Electronics,39,468,73.3,56.91528982965382
2023-12-29,S003-P0016,Electronics,63,432,89.49,52.17032302518676
2023-12-30,S003-P0016,Electronics,40,358,85.96,55.33693720230014
2023-12-31,S003-P0016,Electronics,99,328,96.54,60.9249801097001
2024-01-01,S003-P0016,Electronics,49,214,76.26,55.00069284975612
2024-01-02,S003-P0016,Electronics,65,178,94.97,51.3539722825841
2024-01-03,S003-P0016,Electronics,38,121,72.92,51.62939244757363
2024-01-04,S003-P0016,Electronics,92,241,89.14,51.962502590564604
2024-01-05,S003-P0016,Electronics,75,179,88.9,64.68575287754969
2024-01-06,S003-P0016,Electronics,64,306,84.96,55.73524754489542
2024-01-07,S003-P0016,Electronics,19,257,55.99,69.41301875490244
2024-01-08,S003-P0016,Electronics,76,239,84.48,66.29552328593923
2024-01-09,S003-P0016,Electronics,73,175,83.55,126.62781030957343
2024-01-10,S003-P0016,Electronics,139,125,86.09,139.47751950733783
2024-01-11,S003-P0016,Electronics,59,190,79.43,121.62050346453941
2024-01-12,S003-P0016,Electronics,167,452,117.53,121.50916543947199
2024-01-13,S003-P0016,Electronics,119,331,81.25,139.7664272984201
2024-01-14,S003-P0016,Electronics,123,200,98.12,139.88938003593884
2024-01-15,S003-P0016,Electronics,100,61,91.55,151.35217742223773
2024-01-16,S003-P0016,Electronics,124,248,86.8,139.52971967718491
2024-01-17,S003-P0016,Electronics,105,136,98.08,99.29537205174321
2024-01-18,S003-P0016,Electronics,205,356,115.33,141.52490191002252
2024-01-19,S003-P0016,Electronics,57,227,91.96,121.87981542390139
2024-01-20,S003-P0016,Electronics,99,536,101.64,121.87166081777673
2024-01-21,S003-P0016,Electronics,135,445,113.65,97.35399527650712
2024-01-22,S003-P0016,Electronics,156,300,120.46,118.76672652642188
2024-01-23,S003-P0016,Electronics,111,195,79.17,138.19107374639006
2024-01-24,S003-P0016,Electronics,82,432,86.1,96.89275887943286
2024-01-25,S003-P0016,Electronics,151,356,112.47,117.8212599200328
2024-01-26,S003-P0016,Electronics,157,220,108.65,97.40129137643632
2024-01-27,S003-P0016,Electronics,88,403,97.8,96.45503961552721
2024-01-28,S003-P0016,Electronics,65,327,85.53,106.66914640563974
2024-01-29,S003-P0016,Electronics,111,267,100.15,97.5468838959418
2024-01-30,S003-P0016,Electronics,124,161,104.37,119.05189861181661
2023-10-03,S003-P0017,Furniture,91,112,135.62,68.63365214635598
2023-10-04,S003-P0017,Furniture,91,471,122.38,77.64273350543442
2023-10-05,S003-P0017,Furniture,67,368,118.2,69.06699903700132
2023-10-06,S003-P0017,Furniture,30,289,97.11,78.02462906923665
2023-10-07,S003-P0017,Furniture,30,262,107.41,32.35682020779144
2023-10-08,S003-P0017,Furniture,45,239,97.67,40.08720289691115
2023-10-09,S003-P0017,Furniture,32,202,97.84,32.747508897929826
2023-10-10,S003-P0017,Furniture,35,165,88.87,43.23829673491893
2023-10-11,S003-P0017,Furniture,21,125,93.11,31.71900429099425
2023-10-12,S003-P0017,Furniture,23,297,93.92,44.50843734172873
2023-10-13,S003-P0017,Furniture,38,271,105.8,37.83199312904462
2023-10-14,S003-P0017,Furniture,16,232,91.47,32.35682020779144
2023-10-15,S003-P0017,Furniture,38,220,111.31,35.66747790778526
2023-10-16,S003-P0017,Furniture,35,190,94.11,35.66372939525024
2023-10-17,S003-P0017,Furniture,64,168,110.98,44.34733843819587
2023-10-18,S003-P0017,Furniture,34,118,83.0,39.03734809482098
2023-10-19,S003-P0017,Furniture,71,228,90.09,39.89109568520098
2023-10-20,S003-P0017,Furniture,35,167,93.37,39.38207009649919
2023-10-21,S003-P0017,Furniture,21,425,98.35,35.696733502377384
2023-10-22,S003-P0017,Furniture,20,410,97.75,32.203335888835134
2023-10-23,S003-P0017,Furniture,46,390,103.75,32.30051900943829
2023-10-24,S003-P0017,Furniture,38,360,100.06,38.97769290912857
2023-10-25,S003-P0017,Furniture,71,337,119.92,76.70792448354149
2023-10-26,S003-P0017,Furniture,131,260,115.25,109.52268187575756
2023-10-27,S003-P0017,Furniture,53,122,106.72,83.92516666407091
2023-10-28,S003-P0017,Furniture,93,67,97.07,90.34628892527526
2023-10-29,S003-P0017,Furniture,88,303,114.86,76.65103285271043
2023-10-30,S003-P0017,Furniture,59,655,108.71,76.71558143700366
2023-10-31,S003-P0017,Furniture,65,589,111.65,83.90660009969093
2023-11-01,S003-P0017,Furniture,106,548,128.27,69.31714743422118
2023-11-02,S003-P0017,Furniture,86,437,95.06,109.44761247352253
2023-11-03,S003-P0017,Furniture,75,377,115.56,75.68533310247895
2023-11-04,S003-P0017,Furniture,162,289,125.99,109.60508015967133
2023-11-05,S003-P0017,Furniture,93,114,129.51,76.28138708541665
2023-11-06,S003-P0017,Furniture,27,31,101.0,70.21803329558135
2023-11-07,S003-P0017,Furniture,100,267,125.66,98.78764070895686
2023-11-08,S003-P0017,Furniture,106,886,108.3,90.61321143767302
2023-11-09,S003-P0017,Furniture,81,779,104.68,91.86082973925227
2023-11-10,S003-P0017,Furniture,39,689,100.96,68.9032246057839
2023-11-11,S003-P0017,Furniture,67,644,118.48,83.71423042119426
2023-11-12,S003-P0017,Furniture,85,587,126.28,83.91850537792898
2023-11-13,S003-P0017,Furniture,74,502,121.38,70.59089822341244
2023-11-14,S003-P0017,Furniture,89,428,114.6,91.60801189772177
2023-11-15,S003-P0017,Furniture,92,322,101.83,112.00600263286586
2023-11-16,S003-P0017,Furniture,82,231,131.18,75.05293096863933
2023-11-17,S003-P0017,Furniture,100,179,132.49,76.40014500628855
2023-11-18,S003-P0017,Furniture,61,418,115.79,83.0478567128705
2023-11-19,S003-P0017,Furniture,72,379,114.45,83.38556496548537
2023-11-20,S003-P0017,Furniture,82,305,112.46,69.24799527532538
2023-11-21,S003-P0017,Furniture,78,233,116.46,73.77766191688794
2023-11-22,S003-P0017,Furniture,131,164,109.65,110.91294671225563
2023-11-23,S003-P0017,Furniture,97,32,110.45,92.32319986100575
2023-11-24,S003-P0017,Furniture,96,277,117.76,74.43406535968505
2023-11-25,S003-P0017,Furniture,65,211,117.23,68.4335133158408
2023-11-26,S003-P0017,Furniture,98,735,111.89,88.82210769887605
2023-11-27,S003-P0017,Furniture,78,641,123.03,68.88401323875976
2023-11-28,S003-P0017,Furniture,74,589,115.38,67.76566871889514
2023-11-29,S003-P0017,Furniture,84,520,125.56,82.16568521123325
2023-11-30,S003-P0017,Furniture,60,466,109.46,72.758261570238
2023-12-01,S003-P0017,Furniture,22,398,93.41,71.32122566900547
2023-12-02,S003-P0017,Furniture,51,379,111.52,73.65486825223181
2023-12-03,S003-P0017,Furniture,91,321,128.94,81.85685075978188
2023-12-04,S003-P0017,Furniture,77,235,116.5,81.80791720820305
2023-12-05,S003-P0017,Furniture,41,154,107.05,66.5499301062957
2023-12-06,S003-P0017,Furniture,142,113,119.31,106.99572173209413
2023-12-07,S003-P0017,Furniture,34,370,104.1,72.92789476105139
2023-12-08,S003-P0017,Furniture,110,332,109.73,95.36737383032923
2023-12-09,S003-P0017,Furniture,35,231,109.96,66.91852535491469
2023-12-10,S003-P0017,Furniture,74,859,121.19,67.36915878026376
2023-12-11,S003-P0017,Furniture,61,774,103.44,88.05319786518747
2023-12-12,S003-P0017,Furniture,117,702,118.99,87.46758941349638
2023-12-13,S003-P0017,Furniture,87,585,126.99,82.14651726051372
2023-12-14,S003-P0017,Furniture,88,481,127.63,72.65318454518903
2023-12-15,S003-P0017,Furniture,91,401,96.61,88.79451136670794
2023-12-16,S003-P0017,Furniture,68,341,106.93,89.04338059361882
2023-12-17,S003-P0017,Furniture,74,298,121.14,74.98301618090268
2023-12-18,S003-P0017,Furniture,82,246,118.5,83.42428926950944
2023-12-19,S003-P0017,Furniture,59,543,109.1,67.45021132434867
2023-12-20,S003-P0017,Furniture,130,494,138.0,107.21326896376662
2023-12-21,S003-P0017,Furniture,103,415,120.41,82.04841916587964
2023-12-22,S003-P0017,Furniture,109,305,122.29,89.56557548297958
2023-12-23,S003-P0017,Furniture,91,190,128.87,67.74086622939275
2023-12-24,S003-P0017,Furniture,87,545,100.11,88.96002224740718
2023-12-25,S003-P0017,Furniture,65,479,105.75,68.49716485275285
2023-12-26,S003-P0017,Furniture,67,418,106.39,82.42363068812787
2023-12-27,S003-P0017,Furniture,52,347,88.11,42.34203657931936
2023-12-28,S003-P0017,Furniture,36,302,105.01,33.75640121640115
2023-12-29,S003-P0017,Furniture,43,280,107.64,31.578646367878665
2023-12-30,S003-P0017,Furniture,10,231,93.66,34.25769650360678
2023-12-31,S003-P0017,Furniture,51,224,111.18,37.085940466135376
2024-01-01,S003-P0017,Furniture,16,167,86.46,33.44027241315603
2024-01-02,S003-P0017,Furniture,27,149,100.93,29.989829603207415
2024-01-03,S003-P0017,Furniture,27,131,101.06,30.38150200317042
2024-01-04,S003-P0017,Furniture,13,267,99.95,30.884340611388094
2024-01-05,S003-P0017,Furniture,15,256,71.62,49.763718319324674
2024-01-06,S003-P0017,Furniture,34,241,98.75,33.501601108287545
2024-01-07,S003-P0017,Furniture,20,209,102.81,30.935576690121728
2024-01-08,S003-P0017,Furniture,18,186,86.67,37.934409552123206
2024-01-09,S003-P0017,Furniture,50,168,116.72,66.66591496647416
2024-01-10,S003-P0017,Furniture,69,133,112.72,96.4867486361672
2024-01-11,S003-P0017,Furniture,120,61,141.34,82.50865710657737
2024-01-12,S003-P0017,Furniture,94,0,117.04,82.34099609491471
2024-01-13,S003-P0017,Furniture,109,167,102.6,95.85613641930986
2024-01-14,S003-P0017,Furniture,65,391,111.16,74.71233931913902
2024-01-15,S003-P0017,Furniture,68,888,118.65,83.14151981624345
2024-01-16,S003-P0017,Furniture,70,824,125.76,73.65044575979368
2024-01-17,S003-P0017,Furniture,95,752,130.71,67.2829280154469
2024-01-18,S003-P0017,Furniture,87,658,120.81,72.84552570535425
2024-01-19,S003-P0017,Furniture,79,569,117.18,81.16542388485004
2024-01-20,S003-P0017,Furniture,101,507,99.69,103.99414201896401
2024-01-21,S003-P0017,Furniture,61,387,109.51,88.43307251346917
2024-01-22,S003-P0017,Furniture,129,339,130.74,103.3064609413839
2024-01-23,S003-P0017,Furniture,101,248,140.33,73.34592502195785
2024-01-24,S003-P0017,Furniture,79,143,92.79,88.85492429617757
2024-01-25,S003-P0017,Furniture,64,72,105.14,79.7501422830035
2024-01-26,S003-P0017,Furniture,118,576,140.6,67.49031726226012
2024-01-27,S003-P0017,Furniture,117,488,110.74,88.365867350384
2024-01-28,S003-P0017,Furniture,131,401,138.64,95.11301954076502
2024-01-29,S003-P0017,Furniture,77,317,129.08,67.67163406692367
2024-01-30,S003-P0017,Furniture,118,239,140.72,81.21684968495855
2023-10-03,S003-P0018,Furniture,71,619,119.58,68.54860854163685
2023-10-04,S003-P0018,Furniture,66,538,123.93,77.64273350543442
2023-10-05,S003-P0018,Furniture,72,483,100.07,91.78287772049224
2023-10-06,S003-P0018,Furniture,104,428,133.9,78.0335989703795
2023-10-07,S003-P0018,Furniture,74,313,100.79,38.43224929052477
2023-10-08,S003-P0018,Furniture,43,237,100.57,40.14685808260356
2023-10-09,S003-P0018,Furniture,20,198,97.56,32.66246529321069
2023-10-10,S003-P0018,Furniture,65,572,123.39,35.79803173190812
2023-10-11,S003-P0018,Furniture,63,508,129.22,31.9011295199555
2023-10-12,S003-P0018,Furniture,73,459,113.76,44.3224638114919
2023-10-13,S003-P0018,Furniture,35,382,91.28,49.760902730698916
2023-10-14,S003-P0018,Furniture,59,361,127.01,32.35682020779144
2023-10-15,S003-P0018,Furniture,34,321,86.48,44.056509853600744
2023-10-16,S003-P0018,Furniture,64,298,129.65,35.58981735252066
2023-10-17,S003-P0018,Furniture,56,241,125.94,35.70734588372887
2023-10-18,S003-P0018,Furniture,22,174,114.85,31.954305449247048
2023-10-19,S003-P0018,Furniture,69,157,112.28,39.42517209006399
2023-10-20,S003-P0018,Furniture,33,366,86.02,39.847993691636184
2023-10-21,S003-P0018,Furniture,29,341,106.7,35.705703403520225
2023-10-22,S003-P0018,Furniture,70,312,125.51,32.118292284115995
2023-10-23,S003-P0018,Furniture,25,241,99.7,32.21547540471915
2023-10-24,S003-P0018,Furniture,12,219,98.84,31.5701608917586
2023-10-25,S003-P0018,Furniture,89,210,134.45,76.70792448354149
2023-10-26,S003-P0018,Furniture,92,445,142.86,83.82665045560398
2023-10-27,S003-P0018,Furniture,95,367,130.24,83.93413656521376
2023-10-28,S003-P0018,Furniture,85,257,110.17,90.34628892527526
2023-10-29,S003-P0018,Furniture,48,161,115.96,76.64206295156758
2023-10-30,S003-P0018,Furniture,38,440,117.19,76.64166939427409
2023-10-31,S003-P0018,Furniture,44,397,126.16,83.84165795810421
2023-11-01,S003-P0018,Furniture,96,359,137.8,69.10497864119854
2023-11-02,S003-P0018,Furniture,127,284,128.16,108.98084915263097
2023-11-03,S003-P0018,Furniture,27,181,88.1,99.07497476504687
2023-11-04,S003-P0018,Furniture,54,165,112.37,83.9744212050072
2023-11-05,S003-P0018,Furniture,75,436,106.39,99.40854129197075
2023-11-06,S003-P0018,Furniture,52,382,117.52,70.21803329558135
2023-11-07,S003-P0018,Furniture,73,344,120.73,75.72395390324876
2023-11-08,S003-P0018,Furniture,108,296,120.72,90.61321143767302
2023-11-09,S003-P0018,Furniture,81,214,103.35,91.86082973925227
2023-11-10,S003-P0018,Furniture,100,149,139.2,68.81818100106477
2023-11-11,S003-P0018,Furniture,113,277,161.17,83.4317167702276
2023-11-12,S003-P0018,Furniture,149,151,144.96,108.72191987564807
2023-11-13,S003-P0018,Furniture,96,42,137.33,70.5058546186933
2023-11-14,S003-P0018,Furniture,58,359,114.12,68.62300680474692
2023-11-15,S003-P0018,Furniture,146,306,152.06,111.46852268563352
2023-11-16,S003-P0018,Furniture,82,727,138.04,75.05293096863933
2023-11-17,S003-P0018,Furniture,88,656,134.15,76.46508714787528
2023-11-18,S003-P0018,Furniture,40,563,106.33,83.33934026498001
2023-11-19,S003-P0018,Furniture,81,519,103.18,110.51413868647364
2023-11-20,S003-P0018,Furniture,93,433,151.34,69.33303888004451
2023-11-21,S003-P0018,Furniture,70,371,132.72,73.26965593643352
2023-11-22,S003-P0018,Furniture,120,323,123.73,110.91294671225563
2023-11-23,S003-P0018,Furniture,84,196,125.45,67.65378122396311
2023-11-24,S003-P0018,Furniture,132,500,154.02,74.43406535968505
2023-11-25,S003-P0018,Furniture,93,396,128.27,89.60001361817459
2023-11-26,S003-P0018,Furniture,73,306,133.84,68.93407199331676
2023-11-27,S003-P0018,Furniture,71,223,132.77,68.88401323875976
2023-11-28,S003-P0018,Furniture,67,765,138.17,67.76566871889514
2023-11-29,S003-P0018,Furniture,117,712,155.01,82.10074306964653
2023-11-30,S003-P0018,Furniture,62,598,128.76,72.758261570238
2023-12-01,S003-P0018,Furniture,36,552,109.77,71.32122566900547
2023-12-02,S003-P0018,Furniture,90,526,127.32,94.6622379525536
2023-12-03,S003-P0018,Furniture,122,470,157.43,81.57433710881521
2023-12-04,S003-P0018,Furniture,54,327,118.28,81.8168871093459
2023-12-05,S003-P0018,Furniture,92,272,121.52,88.31253937013182
2023-12-06,S003-P0018,Furniture,97,199,131.07,81.48117504725917
2023-12-07,S003-P0018,Furniture,48,511,128.04,72.92789476105139
2023-12-08,S003-P0018,Furniture,70,477,119.19,73.11399692403303
2023-12-09,S003-P0018,Furniture,56,406,119.33,66.83348175019556
2023-12-10,S003-P0018,Furniture,104,359,133.08,88.08159413566541
2023-12-11,S003-P0018,Furniture,78,241,122.59,67.49987057276442
2023-12-12,S003-P0018,Furniture,77,149,143.26,66.54357566388508
2023-12-13,S003-P0018,Furniture,80,100,130.12,104.89521710341027
2023-12-14,S003-P0018,Furniture,58,487,133.25,72.58824240360231
2023-12-15,S003-P0018,Furniture,45,442,114.21,88.77718045201799
2023-12-16,S003-P0018,Furniture,18,396,102.25,67.90973028293041
2023-12-17,S003-P0018,Furniture,67,374,110.39,96.13419961869837
2023-12-18,S003-P0018,Furniture,114,329,153.92,83.42428926950944
2023-12-19,S003-P0018,Furniture,120,251,125.46,88.69675708668005
2023-12-20,S003-P0018,Furniture,117,172,155.07,82.68652242124418
2023-12-21,S003-P0018,Furniture,101,45,139.8,106.36049989633962
2023-12-22,S003-P0018,Furniture,82,442,138.26,68.37171792851598
2023-12-23,S003-P0018,Furniture,102,379,124.69,88.9579572762216
2023-12-24,S003-P0018,Furniture,54,315,118.45,68.30113068371918
2023-12-25,S003-P0018,Furniture,55,734,118.68,68.49716485275285
2023-12-26,S003-P0018,Furniture,103,692,156.06,82.3497186453983
2023-12-27,S003-P0018,Furniture,49,616,122.24,34.2390373433794
2023-12-28,S003-P0018,Furniture,40,584,94.4,41.995844717507865
2023-12-29,S003-P0018,Furniture,30,544,119.38,31.578646367878665
2023-12-30,S003-P0018,Furniture,42,510,112.55,34.26666640474962
2023-12-31,S003-P0018,Furniture,15,473,106.11,37.085940466135376
2024-01-01,S003-P0018,Furniture,26,462,88.03,36.377812860975205
2024-01-02,S003-P0018,Furniture,21,444,97.8,30.041396664679013
2024-01-03,S003-P0018,Furniture,50,424,116.45,30.43306906464202
2024-01-04,S003-P0018,Furniture,42,364,95.24,38.180963145856744
2024-01-05,S003-P0018,Furniture,71,318,106.5,49.41361958749056
2024-01-06,S003-P0018,Furniture,45,257,108.57,33.416557503568406
2024-01-07,S003-P0018,Furniture,21,216,103.27,30.935576690121728
2024-01-08,S003-P0018,Furniture,23,199,115.51,30.935576690121728
2024-01-09,S003-P0018,Furniture,53,486,124.42,66.66591496647416
2024-01-10,S003-P0018,Furniture,61,433,135.04,74.70566418853488
2024-01-11,S003-P0018,Furniture,69,385,118.61,106.49175909954963
2024-01-12,S003-P0018,Furniture,77,324,114.4,105.91084462077013
2024-01-13,S003-P0018,Furniture,58,238,120.07,74.71233931913902
2024-01-14,S003-P0018,Furniture,67,197,117.87,74.71233931913902
2024-01-15,S003-P0018,Furniture,92,148,143.12,83.14151981624345
2024-01-16,S003-P0018,Furniture,49,345,122.52,73.65044575979368
2024-01-17,S003-P0018,Furniture,40,296,111.96,67.2829280154469
2024-01-18,S003-P0018,Furniture,73,255,120.62,72.76048210063512
2024-01-19,S003-P0018,Furniture,92,618,120.3,103.08269570511558
2024-01-20,S003-P0018,Furniture,111,537,144.67,81.77118879928967
2024-01-21,S003-P0018,Furniture,68,404,138.66,67.36915878026376
2024-01-22,S003-P0018,Furniture,102,347,140.17,103.3064609413839
2024-01-23,S003-P0018,Furniture,100,284,139.33,73.41086716354458
2024-01-24,S003-P0018,Furniture,59,588,121.0,66.52380361363306
2024-01-25,S003-P0018,Furniture,102,544,140.65,79.7501422830035
2024-01-26,S003-P0018,Furniture,114,481,115.1,89.29886388277102
2024-01-27,S003-P0018,Furniture,16,392,95.39,88.4310075422836
2024-01-28,S003-P0018,Furniture,97,374,137.92,95.11301954076502
2024-01-29,S003-P0018,Furniture,79,313,136.75,67.67163406692367
2024-01-30,S003-P0018,Furniture,90,652,142.21,81.15190754337182
2023-10-03,S003-P0019,Groceries,113,171,60.96,100.86458139660226
2023-10-04,S003-P0019,Groceries,166,218,60.75,119.25606592657397
2023-10-05,S003-P0019,Groceries,82,255,52.32,100.56907096470724
2023-10-06,S003-P0019,Groceries,103,170,56.14,121.87276783633601
2023-10-07,S003-P0019,Groceries,134,51,58.43,95.51893140121673
2023-10-08,S003-P0019,Groceries,84,110,49.85,95.6575017457801
2023-10-09,S003-P0019,Groceries,103,98,44.83,95.28172250984663
2023-10-10,S003-P0019,Groceries,54,117,47.15,82.89578323705886
2023-10-11,S003-P0019,Groceries,111,142,57.53,74.03689608102171
2023-10-12,S003-P0019,Groceries,78,186,38.62,102.45299938803416
2023-10-13,S003-P0019,Groceries,171,113,51.38,115.02012144908329
2023-10-14,S003-P0019,Groceries,64,165,48.99,74.2512652985666
2023-10-15,S003-P0019,Groceries,57,113,50.22,82.4341222968006
2023-10-16,S003-P0019,Groceries,67,123,49.57,82.4341222968006
2023-10-17,S003-P0019,Groceries,103,144,42.02,100.78154487304202
2023-10-18,S003-P0019,Groceries,54,151,44.73,74.08126553001786
2023-10-19,S003-P0019,Groceries,62,101,43.68,94.8469206243633
2023-10-20,S003-P0019,Groceries,61,106,45.8,73.28316581279653
2023-10-21,S003-P0019,Groceries,83,120,47.12,102.01161978574636
2023-10-22,S003-P0019,Groceries,84,113,55.35,74.1838258910439
2023-10-23,S003-P0019,Groceries,87,122,53.08,74.28100901164704
2023-10-24,S003-P0019,Groceries,64,132,46.4,73.40653262510602
2023-10-25,S003-P0019,Groceries,176,67,69.35,114.55643989274397
2023-10-26,S003-P0019,Groceries,82,149,46.96,163.8123078800816
2023-10-27,S003-P0019,Groceries,81,52,52.13,126.51930459034449
2023-10-28,S003-P0019,Groceries,60,89,38.55,131.82897788133647
2023-10-29,S003-P0019,Groceries,123,121,62.93,114.48197355311393
2023-10-30,S003-P0019,Groceries,151,143,64.89,114.41269665779477
2023-10-31,S003-P0019,Groceries,68,167,47.27,125.45694501273483
2023-11-01,S003-P0019,Groceries,156,103,52.63,132.49262578930936
2023-11-02,S003-P0019,Groceries,126,152,57.02,163.8123078800816
2023-11-03,S003-P0019,Groceries,69,150,47.32,113.44525443082027
2023-11-04,S003-P0019,Groceries,186,100,63.68,164.3112016987292
2023-11-05,S003-P0019,Groceries,79,168,51.7,114.15846505819594
2023-11-06,S003-P0019,Groceries,137,89,65.49,101.61429302377066
2023-11-07,S003-P0019,Groceries,100,150,52.69,113.43476786701798
2023-11-08,S003-P0019,Groceries,137,176,62.27,98.355735352604
2023-11-09,S003-P0019,Groceries,117,158,55.74,99.34315417916767
2023-11-10,S003-P0019,Groceries,158,158,52.24,132.97420206704285
2023-11-11,S003-P0019,Groceries,116,201,58.43,126.3056742419025
2023-11-12,S003-P0019,Groceries,132,101,64.52,126.15701158232633
2023-11-13,S003-P0019,Groceries,92,153,56.83,101.12276302958746
2023-11-14,S003-P0019,Groceries,59,136,48.13,98.09170473743292
2023-11-15,S003-P0019,Groceries,94,99,48.76,166.17962425824692
2023-11-16,S003-P0019,Groceries,131,76,58.02,112.87148417858471
2023-11-17,S003-P0019,Groceries,123,157,56.65,114.75931573285077
2023-11-18,S003-P0019,Groceries,146,186,51.06,165.25262923051747
2023-11-19,S003-P0019,Groceries,69,202,44.82,126.20540127348735
2023-11-20,S003-P0019,Groceries,85,136,55.64,101.31606073134589
2023-11-21,S003-P0019,Groceries,129,162,51.2,149.64202187059524
2023-11-22,S003-P0019,Groceries,172,165,58.3,166.0305439031604
2023-11-23,S003-P0019,Groceries,101,195,52.84,99.28525380733988
2023-11-24,S003-P0019,Groceries,95,93,57.56,114.44591121844515
2023-11-25,S003-P0019,Groceries,146,88,63.85,100.2898964965406
2023-11-26,S003-P0019,Groceries,158,120,55.73,131.349498056583
2023-11-27,S003-P0019,Groceries,82,190,41.19,130.88837505607034
2023-11-28,S003-P0019,Groceries,176,113,65.66,98.31334021897831
2023-11-29,S003-P0019,Groceries,122,189,62.64,126.78087245148643
2023-11-30,S003-P0019,Groceries,80,95,46.74,111.34950868316704
2023-12-01,S003-P0019,Groceries,108,93,57.04,110.92247719213083
2023-12-02,S003-P0019,Groceries,221,128,69.5,146.19362836009296
2023-12-03,S003-P0019,Groceries,166,181,56.92,160.58089566441757
2023-12-04,S003-P0019,Groceries,163,215,66.98,126.23839706597259
2023-12-05,S003-P0019,Groceries,121,293,62.52,99.51390687060669
2023-12-06,S003-P0019,Groceries,174,200,65.47,164.111249935058
2023-12-07,S003-P0019,Groceries,143,231,66.66,112.90606695763377
2023-12-08,S003-P0019,Groceries,106,109,50.98,112.81592657156432
2023-12-09,S003-P0019,Groceries,67,163,49.43,99.64553282171737
2023-12-10,S003-P0019,Groceries,107,113,51.15,100.10389730065211
2023-12-11,S003-P0019,Groceries,122,111,53.65,104.85868928975553
2023-12-12,S003-P0019,Groceries,77,120,38.5,133.66235731540053
2023-12-13,S003-P0019,Groceries,153,135,61.82,163.0005576769009
2023-12-14,S003-P0019,Groceries,112,172,57.71,113.0787040969985
2023-12-15,S003-P0019,Groceries,54,176,47.06,102.36694945481442
2023-12-16,S003-P0019,Groceries,94,113,49.07,101.52969726463246
2023-12-17,S003-P0019,Groceries,127,95,51.43,149.16936644280435
2023-12-18,S003-P0019,Groceries,19,149,34.3,164.9242188193601
2023-12-19,S003-P0019,Groceries,93,131,54.22,100.03373908293501
2023-12-20,S003-P0019,Groceries,65,161,46.61,129.53815361631408
2023-12-21,S003-P0019,Groceries,190,102,60.55,164.66543809812075
2023-12-22,S003-P0019,Groceries,123,191,62.81,102.12560975619434
2023-12-23,S003-P0019,Groceries,196,105,65.4,134.0709323556391
2023-12-24,S003-P0019,Groceries,83,185,55.29,100.9738242116472
2023-12-25,S003-P0019,Groceries,115,117,58.24,104.36872211883662
2023-12-26,S003-P0019,Groceries,126,96,57.29,125.09028492451718
2023-12-27,S003-P0019,Groceries,91,101,42.55,100.52943604145959
2023-12-28,S003-P0019,Groceries,88,110,53.43,79.92005105016445
2023-12-29,S003-P0019,Groceries,69,114,49.82,73.17259394552275
2023-12-30,S003-P0019,Groceries,53,123,44.63,75.60393291120448
2023-12-31,S003-P0019,Groceries,135,72,58.69,84.76710916178827
2024-01-01,S003-P0019,Groceries,99,143,55.31,75.38703785080011
2024-01-02,S003-P0019,Groceries,29,154,44.91,69.05419465669534
2024-01-03,S003-P0019,Groceries,93,121,57.18,69.29319053785845
2024-01-04,S003-P0019,Groceries,45,122,45.59,70.3930710539849
2024-01-05,S003-P0019,Groceries,94,78,51.59,111.02598506380536
2024-01-06,S003-P0019,Groceries,84,97,49.96,73.94599186873236
2024-01-07,S003-P0019,Groceries,86,80,42.36,93.0135878360595
2024-01-08,S003-P0019,Groceries,82,91,39.22,94.03984786633522
2024-01-09,S003-P0019,Groceries,140,102,49.61,133.59665435267686
2024-01-10,S003-P0019,Groceries,104,176,50.72,112.93274546858964
2024-01-11,S003-P0019,Groceries,185,77,63.98,127.23009291803427
2024-01-12,S003-P0019,Groceries,150,158,64.64,127.13885635609925
2024-01-13,S003-P0019,Groceries,117,173,49.86,147.62355696564737
2024-01-14,S003-P0019,Groceries,85,196,52.83,113.2055028341618
2024-01-15,S003-P0019,Groceries,128,129,57.41,125.68893546932745
2024-01-16,S003-P0019,Groceries,114,148,55.19,112.2123287876096
2024-01-17,S003-P0019,Groceries,128,128,57.6,99.87575462437925
2024-01-18,S003-P0019,Groceries,156,128,62.35,148.11893229707314
2024-01-19,S003-P0019,Groceries,151,168,64.77,126.07357289006006
2024-01-20,S003-P0019,Groceries,147,206,67.43,126.65692438022353
2024-01-21,S003-P0019,Groceries,107,237,53.86,100.42358672114914
2024-01-22,S003-P0019,Groceries,184,135,55.86,158.23164408585117
2024-01-23,S003-P0019,Groceries,103,212,53.08,111.05159265543755
2024-01-24,S003-P0019,Groceries,128,99,54.65,133.29776401445176
2024-01-25,S003-P0019,Groceries,154,115,61.92,158.48781481806986
2024-01-26,S003-P0019,Groceries,114,128,43.58,134.04078641937687
2024-01-27,S003-P0019,Groceries,66,109,49.37,98.73812670711187
2024-01-28,S003-P0019,Groceries,188,121,68.01,108.24902999289601
2024-01-29,S003-P0019,Groceries,81,182,52.03,99.92869119045316
2024-01-30,S003-P0019,Groceries,132,108,61.45,120.06665995299876
2023-10-03,S003-P0020,Clothing,84,303,71.5,86.26775958713506
2023-10-04,S003-P0020,Clothing,103,888,76.3,96.45895640167477
2023-10-05,S003-P0020,Clothing,53,788,51.1,113.16521844885567
2023-10-06,S003-P0020,Clothing,67,744,60.22,121.3676836715974
2023-10-07,S003-P0020,Clothing,138,681,80.57,87.93154979928786
2023-10-08,S003-P0020,Clothing,79,543,70.37,87.72420544646994
2023-10-09,S003-P0020,Clothing,92,476,73.4,88.34004234136373
2023-10-10,S003-P0020,Clothing,73,421,65.12,98.85947478944612
2023-10-11,S003-P0020,Clothing,71,367,72.01,87.64067775322522
2023-10-12,S003-P0020,Clothing,112,297,74.57,99.09102236908832
2023-10-13,S003-P0020,Clothing,140,178,64.09,140.81976475125245
2023-10-14,S003-P0020,Clothing,68,38,67.63,87.93154979928786
2023-10-15,S003-P0020,Clothing,94,0,77.81,100.04556827810454
2023-10-16,S003-P0020,Clothing,194,372,77.96,134.05482944357132
2023-10-17,S003-P0020,Clothing,114,835,78.85,98.88030710161834
2023-10-18,S003-P0020,Clothing,69,762,50.8,122.58474460683358
2023-10-19,S003-P0020,Clothing,139,706,80.76,89.05034783066016
2023-10-20,S003-P0020,Clothing,64,570,59.88,89.61568469461253
2023-10-21,S003-P0020,Clothing,102,517,68.42,130.36137480400618
2023-10-22,S003-P0020,Clothing,57,447,58.41,90.50135312362285
2023-10-23,S003-P0020,Clothing,155,409,66.78,127.28127380139115
2023-10-24,S003-P0020,Clothing,109,226,73.53,88.93173279661055
2023-10-25,S003-P0020,Clothing,59,109,51.56,117.0135373335126
2023-10-26,S003-P0020,Clothing,159,43,75.81,138.43893758297986
2023-10-27,S003-P0020,Clothing,109,524,73.72,138.59449159504942
2023-10-28,S003-P0020,Clothing,78,404,66.32,88.88786893275103
2023-10-29,S003-P0020,Clothing,94,357,77.96,96.00294425583024
2023-10-30,S003-P0020,Clothing,117,910,83.88,96.23264977248331
2023-10-31,S003-P0020,Clothing,116,780,79.47,108.66817255190412
2023-11-01,S003-P0020,Clothing,128,653,74.21,88.03143473826394
2023-11-02,S003-P0020,Clothing,108,516,61.19,138.42681831602127
2023-11-03,S003-P0020,Clothing,121,410,76.41,126.42547334588677
2023-11-04,S003-P0020,Clothing,71,302,64.59,109.77571303949897
2023-11-05,S003-P0020,Clothing,110,226,77.89,96.01559942783372
2023-11-06,S003-P0020,Clothing,98,160,71.2,89.16759441591009
2023-11-07,S003-P0020,Clothing,122,473,76.88,95.24781982730427
2023-11-08,S003-P0020,Clothing,81,336,67.15,87.42961631359192
2023-11-09,S003-P0020,Clothing,94,247,69.99,87.03610911763164
2023-11-10,S003-P0020,Clothing,124,156,73.17,116.6086559004702
2023-11-11,S003-P0020,Clothing,96,478,74.37,108.63610211931771
2023-11-12,S003-P0020,Clothing,120,400,76.1,109.10483102653356
2023-11-13,S003-P0020,Clothing,103,302,80.25,89.91068646638661
2023-11-14,S003-P0020,Clothing,94,179,73.99,87.04870527213829
2023-11-15,S003-P0020,Clothing,142,102,81.35,146.15357804268544
2023-11-16,S003-P0020,Clothing,97,439,70.77,95.29186737250173
2023-11-17,S003-P0020,Clothing,174,353,88.81,131.4420821044406
2023-11-18,S003-P0020,Clothing,128,239,82.31,109.72759897846456
2023-11-19,S003-P0020,Clothing,67,693,63.94,109.93187393519928
2023-11-20,S003-P0020,Clothing,76,643,66.06,88.41807463825477
2023-11-21,S003-P0020,Clothing,76,568,59.15,130.78123234785244
2023-11-22,S003-P0020,Clothing,99,512,71.42,110.19855961607803
2023-11-23,S003-P0020,Clothing,62,412,62.48,87.24525604797215
2023-11-24,S003-P0020,Clothing,58,374,68.46,96.22443116827424
2023-11-25,S003-P0020,Clothing,91,320,62.21,116.43843340584615
2023-11-26,S003-P0020,Clothing,114,263,62.4,116.51860215629945
2023-11-27,S003-P0020,Clothing,84,185,56.44,116.00333536441357
2023-11-28,S003-P0020,Clothing,110,117,65.55,113.64961767768237
2023-11-29,S003-P0020,Clothing,95,372,74.32,111.10980970087547
2023-11-30,S003-P0020,Clothing,116,299,79.36,95.31948782020734
2023-12-01,S003-P0020,Clothing,144,176,86.4,111.15828960821293
2023-12-02,S003-P0020,Clothing,146,513,65.07,144.65383453915967
2023-12-03,S003-P0020,Clothing,121,357,72.69,125.73435495721188
2023-12-04,S003-P0020,Clothing,203,258,75.81,158.14400714956332
2023-12-05,S003-P0020,Clothing,128,754,78.06,129.59599113832388
2023-12-06,S003-P0020,Clothing,182,655,90.64,163.51130797295647
2023-12-07,S003-P0020,Clothing,175,536,84.69,114.5777459563268
2023-12-08,S003-P0020,Clothing,146,374,65.24,146.95452343923628
2023-12-09,S003-P0020,Clothing,106,214,69.18,128.70478995883892
2023-12-10,S003-P0020,Clothing,60,816,65.45,100.36586975690345
2023-12-11,S003-P0020,Clothing,106,762,60.83,133.57289906396463
2023-12-12,S003-P0020,Clothing,109,650,81.8,100.78195347843486
2023-12-13,S003-P0020,Clothing,199,544,100.08,126.40919678752978
2023-12-14,S003-P0020,Clothing,118,341,80.03,113.99153340857306
2023-12-15,S003-P0020,Clothing,172,205,83.87,102.72118589357262
2023-12-16,S003-P0020,Clothing,144,89,86.43,101.86858881897274
2023-12-17,S003-P0020,Clothing,142,753,77.26,116.00578700837758
2023-12-18,S003-P0020,Clothing,295,666,92.91,158.9541368396843
2023-12-19,S003-P0020,Clothing,119,411,75.97,102.36136654364415
2023-12-20,S003-P0020,Clothing,95,283,66.77,129.08246320547747
2023-12-21,S003-P0020,Clothing,148,185,82.96,127.1926438513705
2023-12-22,S003-P0020,Clothing,161,1300,71.5,131.0808828805684
2023-12-23,S003-P0020,Clothing,223,1134,83.64,130.00300114750118
2023-12-24,S003-P0020,Clothing,147,938,91.68,101.83855958266456
2023-12-25,S003-P0020,Clothing,111,828,70.47,103.9783578715866
2023-12-26,S003-P0020,Clothing,119,735,72.24,132.85438672397385
2023-12-27,S003-P0020,Clothing,155,660,89.21,116.18106716449891
2023-12-28,S003-P0020,Clothing,172,474,93.34,116.85249261909846
2023-12-29,S003-P0020,Clothing,122,337,80.83,106.10842657183835
2023-12-30,S003-P0020,Clothing,204,232,101.19,116.32689457967298
2023-12-31,S003-P0020,Clothing,106,45,73.22,127.25135012829169
2024-01-01,S003-P0020,Clothing,56,554,61.32,116.91274068793244
2024-01-02,S003-P0020,Clothing,122,508,68.13,135.65985119788826
2024-01-03,S003-P0020,Clothing,58,1168,61.84,104.06912787778418
2024-01-04,S003-P0020,Clothing,116,1101,83.55,106.28515750266172
2024-01-05,S003-P0020,Clothing,248,1018,94.38,160.47103486363005
2024-01-06,S003-P0020,Clothing,98,748,63.08,146.47219258766467
2024-01-07,S003-P0020,Clothing,102,636,75.96,106.16430078967589
2024-01-08,S003-P0020,Clothing,119,534,75.95,131.06398966896114
2024-01-09,S003-P0020,Clothing,71,1407,68.28,101.87558322149171
2024-01-10,S003-P0020,Clothing,109,1354,73.76,118.44936900224333
2024-01-11,S003-P0020,Clothing,181,1248,90.55,127.66090031897362
2024-01-12,S003-P0020,Clothing,127,1072,82.13,127.3484004919269
2024-01-13,S003-P0020,Clothing,125,963,81.62,117.30713006019214
2024-01-14,S003-P0020,Clothing,214,884,93.27,146.39275625990805
2024-01-15,S003-P0020,Clothing,126,684,77.52,127.73282578033101
2024-01-16,S003-P0020,Clothing,104,590,68.91,116.75379800971261
2024-01-17,S003-P0020,Clothing,77,488,69.88,101.48304843300278
2024-01-18,S003-P0020,Clothing,139,1397,76.63,146.20948719362693
2024-01-19,S003-P0020,Clothing,75,1237,72.84,126.35996738063014
2024-01-20,S003-P0020,Clothing,98,1176,74.93,127.75359710138433
2024-01-21,S003-P0020,Clothing,97,1105,56.01,129.05340925981702
2024-01-22,S003-P0020,Clothing,119,1034,71.83,160.6176133558734
2024-01-23,S003-P0020,Clothing,142,949,85.98,116.35252157113376
2024-01-24,S003-P0020,Clothing,115,849,62.55,132.25692259079452
2024-01-25,S003-P0020,Clothing,158,723,89.86,124.19157282596115
2024-01-26,S003-P0020,Clothing,69,593,60.98,101.46627124603279
2024-01-27,S003-P0020,Clothing,114,511,78.96,101.45239377222293
2024-01-28,S003-P0020,Clothing,161,384,81.08,146.46361181199148
2024-01-29,S003-P0020,Clothing,109,192,73.8,101.85777851396378
2024-01-30,S003-P0020,Clothing,96,113,70.6,124.96521503815595
2023-10-03,S004-P0001,Groceries,74,363,9.71,99.41920612010716
2023-10-04,S004-P0001,Groceries,106,305,11.39,101.54385611657479
2023-10-05,S004-P0001,Groceries,219,1204,15.54,139.0456815549507
2023-10-06,S004-P0001,Groceries,54,964,9.49,138.73752920320882
2023-10-07,S004-P0001,Groceries,70,900,10.62,75.0093497958284
2023-10-08,S004-P0001,Groceries,62,836,9.28,74.53921443864843
2023-10-09,S004-P0001,Groceries,83,785,8.33,114.11950314370601
2023-10-10,S004-P0001,Groceries,45,721,9.16,73.2393985710499
2023-10-11,S004-P0001,Groceries,108,690,12.06,73.99718228320957
2023-10-12,S004-P0001,Groceries,146,623,11.56,94.62962589674028
2023-10-13,S004-P0001,Groceries,86,493,10.11,82.08849500889852
2023-10-14,S004-P0001,Groceries,130,432,11.04,91.96820863640276
2023-10-15,S004-P0001,Groceries,56,346,9.57,91.07741935121099
2023-10-16,S004-P0001,Groceries,47,774,8.76,74.0135926089423
2023-10-17,S004-P0001,Groceries,90,737,9.65,101.05167405695232
2023-10-18,S004-P0001,Groceries,75,658,10.26,82.28916340129307
2023-10-19,S004-P0001,Groceries,100,613,8.82,94.98440890980694
2023-10-20,S004-P0001,Groceries,108,500,9.07,94.18158713353114
2023-10-21,S004-P0001,Groceries,73,400,10.19,73.9470911471924
2023-10-22,S004-P0001,Groceries,114,328,11.08,73.85429583797392
2023-10-23,S004-P0001,Groceries,103,241,8.92,94.1500486116358
2023-10-24,S004-P0001,Groceries,51,621,9.39,72.93307460101646
2023-10-25,S004-P0001,Groceries,251,573,13.19,156.76703857617233
2023-10-26,S004-P0001,Groceries,214,315,13.74,162.21563317573813
2023-10-27,S004-P0001,Groceries,186,124,15.1,125.09054050191037
2023-10-28,S004-P0001,Groceries,67,0,8.97,100.39095621890347
2023-10-29,S004-P0001,Groceries,110,858,11.53,99.78054451793355
2023-10-30,S004-P0001,Groceries,154,785,13.84,100.21020735331288
2023-10-31,S004-P0001,Groceries,148,677,11.63,124.59644113145916
2023-11-01,S004-P0001,Groceries,134,568,9.31,131.79627912913634
2023-11-02,S004-P0001,Groceries,162,463,13.47,112.57204250813358
2023-11-03,S004-P0001,Groceries,92,351,8.6,132.73905454318788
2023-11-04,S004-P0001,Groceries,91,276,10.3,113.68336063190662
2023-11-05,S004-P0001,Groceries,131,692,11.09,113.95997124813722
2023-11-06,S004-P0001,Groceries,109,606,10.9,100.54608550783873
2023-11-07,S004-P0001,Groceries,231,523,14.38,161.41323055365243
2023-11-08,S004-P0001,Groceries,152,359,11.76,147.08586691234106
2023-11-09,S004-P0001,Groceries,165,206,12.22,112.29550712368217
2023-11-10,S004-P0001,Groceries,132,92,11.1,124.48134091733665
2023-11-11,S004-P0001,Groceries,150,915,13.0,124.9418522950551
2023-11-12,S004-P0001,Groceries,133,785,11.13,148.37493605247155
2023-11-13,S004-P0001,Groceries,159,680,10.01,133.09543857839134
2023-11-14,S004-P0001,Groceries,101,572,11.8,97.88253180664513
2023-11-15,S004-P0001,Groceries,150,467,13.01,125.31130298569354
2023-11-16,S004-P0001,Groceries,191,312,10.87,149.8488997521926
2023-11-17,S004-P0001,Groceries,133,709,13.04,124.60231500908228
2023-11-18,S004-P0001,Groceries,164,607,10.67,165.03191466462977
2023-11-19,S004-P0001,Groceries,157,486,11.93,113.20262626701609
2023-11-20,S004-P0001,Groceries,88,336,8.06,134.16688990811866
2023-11-21,S004-P0001,Groceries,82,275,9.97,97.46840799191233
2023-11-22,S004-P0001,Groceries,69,714,10.03,124.44187541044454
2023-11-23,S004-P0001,Groceries,89,661,10.77,111.64564158588456
2023-11-24,S004-P0001,Groceries,67,584,9.47,114.13884217550236
2023-11-25,S004-P0001,Groceries,124,529,11.41,100.30969514149155
2023-11-26,S004-P0001,Groceries,112,418,9.17,129.93456836030072
2023-11-27,S004-P0001,Groceries,106,311,10.24,114.23383416250456
2023-11-28,S004-P0001,Groceries,74,213,9.72,113.55647095152521
2023-11-29,S004-P0001,Groceries,58,691,9.64,125.8257411756998
2023-11-30,S004-P0001,Groceries,108,656,11.46,99.01762942872416
2023-12-01,S004-P0001,Groceries,69,569,9.51,98.7284541661544
2023-12-02,S004-P0001,Groceries,30,514,8.15,131.65294820597975
2023-12-03,S004-P0001,Groceries,106,489,10.24,99.73297645722155
2023-12-04,S004-P0001,Groceries,231,378,12.62,132.16645936223708
2023-12-05,S004-P0001,Groceries,117,141,11.2,125.52586451792082
2023-12-06,S004-P0001,Groceries,65,32,9.88,126.32173494673609
2023-12-07,S004-P0001,Groceries,131,465,11.67,125.84991816019237
2023-12-08,S004-P0001,Groceries,189,1366,11.56,132.93946730604594
2023-12-09,S004-P0001,Groceries,101,1163,11.22,125.85544455514191
2023-12-10,S004-P0001,Groceries,75,1082,8.21,132.1738704509881
2023-12-11,S004-P0001,Groceries,80,1001,9.4,103.8798765072198
2023-12-12,S004-P0001,Groceries,146,909,11.5,136.06792635587888
2023-12-13,S004-P0001,Groceries,125,774,10.89,116.03430278981217
2023-12-14,S004-P0001,Groceries,99,637,10.55,115.72675196661257
2023-12-15,S004-P0001,Groceries,203,542,12.7,137.7779964600856
2023-12-16,S004-P0001,Groceries,137,386,11.27,128.7531904521651
2023-12-17,S004-P0001,Groceries,53,286,8.95,116.23256076933478
2023-12-18,S004-P0001,Groceries,110,232,10.94,104.91476681140512
2023-12-19,S004-P0001,Groceries,144,1017,12.79,127.37848869263263
2023-12-20,S004-P0001,Groceries,99,865,10.02,101.68421471312787
2023-12-21,S004-P0001,Groceries,131,791,12.33,127.30852812922697
2023-12-22,S004-P0001,Groceries,135,671,12.44,102.56447970546752
2023-12-23,S004-P0001,Groceries,108,566,12.08,100.29949391741022
2023-12-24,S004-P0001,Groceries,193,476,11.52,146.45001511027334
2023-12-25,S004-P0001,Groceries,155,249,11.23,146.97940286277168
2023-12-26,S004-P0001,Groceries,191,82,12.99,145.6808740259552
2023-12-27,S004-P0001,Groceries,85,0,9.04,93.55523994822909
2023-12-28,S004-P0001,Groceries,90,892,11.38,72.53287061273228
2023-12-29,S004-P0001,Groceries,70,818,10.61,72.44147227922268
2023-12-30,S004-P0001,Groceries,80,773,9.88,85.45272087952829
2023-12-31,S004-P0001,Groceries,82,719,9.46,69.21458462174867
2024-01-01,S004-P0001,Groceries,31,621,9.09,84.1444572106426
2024-01-02,S004-P0001,Groceries,101,594,11.22,83.60438087498832
2024-01-03,S004-P0001,Groceries,90,486,8.63,91.76492710503739
2024-01-04,S004-P0001,Groceries,124,379,10.25,97.77532553245699
2024-01-05,S004-P0001,Groceries,39,275,8.94,84.54000928397363
2024-01-06,S004-P0001,Groceries,80,251,7.84,106.57964039359851
2024-01-07,S004-P0001,Groceries,75,180,9.71,73.34712690775311
2024-01-08,S004-P0001,Groceries,106,567,9.11,104.73746877188225
2024-01-09,S004-P0001,Groceries,128,457,11.0,100.03597434989405
2024-01-10,S004-P0001,Groceries,128,347,12.18,112.50083857290662
2024-01-11,S004-P0001,Groceries,199,230,11.69,162.50925819223676
2024-01-12,S004-P0001,Groceries,85,7,10.06,103.01404798570061
2024-01-13,S004-P0001,Groceries,112,512,10.39,146.5335463114831
2024-01-14,S004-P0001,Groceries,4,393,8.07,112.82040330082947
2024-01-15,S004-P0001,Groceries,192,1209,13.83,114.08599275385325
2024-01-16,S004-P0001,Groceries,117,1085,11.19,101.33483714408003
2024-01-17,S004-P0001,Groceries,78,958,10.9,101.1846130037766
2024-01-18,S004-P0001,Groceries,95,886,11.58,102.54343120242004
2024-01-19,S004-P0001,Groceries,116,827,9.27,136.60478052077949
2024-01-20,S004-P0001,Groceries,115,756,11.72,124.22720346702602
2024-01-21,S004-P0001,Groceries,63,677,7.86,133.548317963708
2024-01-22,S004-P0001,Groceries,152,610,10.33,146.00209151247662
2024-01-23,S004-P0001,Groceries,65,494,10.42,110.67332136194486
2024-01-24,S004-P0001,Groceries,115,432,10.5,132.94958549472042
2024-01-25,S004-P0001,Groceries,135,308,12.46,110.2015032928231
2024-01-26,S004-P0001,Groceries,86,875,9.59,119.69453019338249
2024-01-27,S004-P0001,Groceries,120,772,12.53,107.91730731245984
2024-01-28,S004-P0001,Groceries,175,649,13.93,120.43485568650726
2024-01-29,S004-P0001,Groceries,171,515,12.4,119.55728068641446
2024-01-30,S004-P0001,Groceries,123,342,11.43,98.07696320637667
2023-10-03,S004-P0002,Groceries,140,193,21.92,129.7075218163893
2023-10-04,S004-P0002,Groceries,76,105,17.83,135.8133605332997
2023-10-05,S004-P0002,Groceries,227,269,24.59,163.94374005658656
2023-10-06,S004-P0002,Groceries,138,104,21.81,138.73752920320882
2023-10-07,S004-P0002,Groceries,62,461,16.98,75.0093497958284
2023-10-08,S004-P0002,Groceries,192,394,21.03,95.1237576358277
2023-10-09,S004-P0002,Groceries,94,199,19.01,93.09669568496213
2023-10-10,S004-P0002,Groceries,42,539,14.91,73.35540745572946
2023-10-11,S004-P0002,Groceries,46,513,15.11,73.83153754799868
2023-10-12,S004-P0002,Groceries,91,477,20.88,74.07220006504231
2023-10-13,S004-P0002,Groceries,44,386,16.68,82.08849500889852
2023-10-14,S004-P0002,Groceries,108,333,18.89,115.40742803662536
2023-10-15,S004-P0002,Groceries,50,203,17.09,91.35993300217766
2023-10-16,S004-P0002,Groceries,56,172,16.61,74.0135926089423
2023-10-17,S004-P0002,Groceries,141,112,19.54,100.90924469521836
2023-10-18,S004-P0002,Groceries,154,25,19.02,102.05980245337723
2023-10-19,S004-P0002,Groceries,101,236,19.39,73.45529954096006
2023-10-20,S004-P0002,Groceries,66,470,17.23,72.92267047976613
2023-10-21,S004-P0002,Groceries,76,405,16.96,74.06310003187195
2023-10-22,S004-P0002,Groceries,57,333,17.57,73.73828695329436
2023-10-23,S004-P0002,Groceries,45,291,14.25,94.5795384002797
2023-10-24,S004-P0002,Groceries,38,243,14.67,73.04908348569602
2023-10-25,S004-P0002,Groceries,195,216,25.39,157.11866755000855
2023-10-26,S004-P0002,Groceries,203,2,24.48,162.21563317573813
2023-10-27,S004-P0002,Groceries,99,374,19.29,125.27149152817665
2023-10-28,S004-P0002,Groceries,96,698,20.19,100.27494733422391
2023-10-29,S004-P0002,Groceries,81,589,19.13,99.78054451793355
2023-10-30,S004-P0002,Groceries,108,496,20.97,100.21020735331288
2023-10-31,S004-P0002,Groceries,90,386,17.77,124.59644113145916
2023-11-01,S004-P0002,Groceries,124,284,19.86,99.9518560624908
2023-11-02,S004-P0002,Groceries,91,156,18.81,112.84865312436418
2023-11-03,S004-P0002,Groceries,139,311,20.63,132.61984656065323
2023-11-04,S004-P0002,Groceries,138,225,20.67,113.95997124813722
2023-11-05,S004-P0002,Groceries,119,350,22.85,113.6184184903199
2023-11-06,S004-P0002,Groceries,162,249,25.89,100.26947489160813
2023-11-07,S004-P0002,Groceries,32,132,13.52,161.41323055365243
2023-11-08,S004-P0002,Groceries,140,456,18.49,147.24210944297434
2023-11-09,S004-P0002,Groceries,65,308,17.19,112.17949823900261
2023-11-10,S004-P0002,Groceries,115,243,19.21,162.45251735335555
2023-11-11,S004-P0002,Groceries,83,134,16.38,165.27122457671243
2023-11-12,S004-P0002,Groceries,89,315,15.54,148.08787562556162
2023-11-13,S004-P0002,Groceries,104,248,18.63,100.82914596811082
2023-11-14,S004-P0002,Groceries,106,184,19.71,98.13515135751543
2023-11-15,S004-P0002,Groceries,244,114,22.54,166.1232413487868
2023-11-16,S004-P0002,Groceries,80,246,19.11,112.4164812154278
2023-11-17,S004-P0002,Groceries,85,677,20.44,124.60231500908228
2023-11-18,S004-P0002,Groceries,199,576,21.64,165.50496487592656
2023-11-19,S004-P0002,Groceries,136,447,21.66,113.20262626701609
2023-11-20,S004-P0002,Groceries,118,300,18.41,133.44412582099025
2023-11-21,S004-P0002,Groceries,62,189,16.11,97.46840799191233
2023-11-22,S004-P0002,Groceries,166,117,23.55,124.5578842951241
2023-11-23,S004-P0002,Groceries,52,12,17.23,111.64564158588456
2023-11-24,S004-P0002,Groceries,147,293,23.62,114.13884217550236
2023-11-25,S004-P0002,Groceries,87,186,18.52,130.1919293496199
2023-11-26,S004-P0002,Groceries,53,435,15.55,100.85310322514542
2023-11-27,S004-P0002,Groceries,141,397,22.05,114.117825277825
2023-11-28,S004-P0002,Groceries,90,281,17.78,113.67247983620477
2023-11-29,S004-P0002,Groceries,101,210,18.45,126.19845213321011
2023-11-30,S004-P0002,Groceries,123,116,19.76,99.03655668916161
2023-12-01,S004-P0002,Groceries,149,247,18.96,127.47941163059906
2023-12-02,S004-P0002,Groceries,85,86,17.47,99.18956837356768
2023-12-03,S004-P0002,Groceries,85,304,18.38,99.73297645722155
2023-12-04,S004-P0002,Groceries,109,224,16.63,132.16645936223708
2023-12-05,S004-P0002,Groceries,163,151,24.66,125.52586451792082
2023-12-06,S004-P0002,Groceries,97,202,19.17,126.62950376265967
2023-12-07,S004-P0002,Groceries,78,388,18.0,125.5421493442688
2023-12-08,S004-P0002,Groceries,93,335,19.99,100.41475727437042
2023-12-09,S004-P0002,Groceries,82,238,18.24,126.44572702203216
2023-12-10,S004-P0002,Groceries,128,164,23.48,100.09273066564262
2023-12-11,S004-P0002,Groceries,84,12,17.4,103.8798765072198
2023-12-12,S004-P0002,Groceries,99,234,16.28,136.00278616397927
2023-12-13,S004-P0002,Groceries,188,137,26.31,115.91829390513261
2023-12-14,S004-P0002,Groceries,143,236,23.32,115.61074308193301
2023-12-15,S004-P0002,Groceries,155,579,22.89,105.16216223679955
2023-12-16,S004-P0002,Groceries,194,446,26.73,128.16290798527484
2023-12-17,S004-P0002,Groceries,143,234,23.34,116.0516097430685
2023-12-18,S004-P0002,Groceries,44,63,15.04,104.91476681140512
2023-12-19,S004-P0002,Groceries,195,253,28.24,127.3135465510459
2023-12-20,S004-P0002,Groceries,238,27,25.23,133.81539738364376
2023-12-21,S004-P0002,Groceries,226,382,22.79,165.13632149966523
2023-12-22,S004-P0002,Groceries,107,677,19.83,135.53507157461405
2023-12-23,S004-P0002,Groceries,116,553,20.35,133.46718612995707
2023-12-24,S004-P0002,Groceries,126,440,17.76,146.73707553718327
2023-12-25,S004-P0002,Groceries,128,304,21.2,113.63514363780683
2023-12-26,S004-P0002,Groceries,85,179,18.48,112.19006874605056
2023-12-27,S004-P0002,Groceries,103,95,17.38,93.34767039459553
2023-12-28,S004-P0002,Groceries,91,177,16.72,93.32490376459248
2023-12-29,S004-P0002,Groceries,46,308,16.82,72.44147227922268
2023-12-30,S004-P0002,Groceries,69,253,16.53,85.45272087952829
2023-12-31,S004-P0002,Groceries,50,176,17.07,69.09857573706911
2024-01-01,S004-P0002,Groceries,115,128,18.04,98.34755974654529
2024-01-02,S004-P0002,Groceries,94,23,20.0,83.60438087498832
2024-01-03,S004-P0002,Groceries,104,211,16.58,91.76492710503739
2024-01-04,S004-P0002,Groceries,56,110,17.52,73.08576268174703
2024-01-05,S004-P0002,Groceries,54,284,16.46,84.54000928397363
2024-01-06,S004-P0002,Groceries,50,238,15.38,83.04223601972106
2024-01-07,S004-P0002,Groceries,86,200,16.56,97.4612248992309
2024-01-08,S004-P0002,Groceries,63,105,16.17,81.85343434804203
2024-01-09,S004-P0002,Groceries,80,242,19.07,99.47179265547715
2024-01-10,S004-P0002,Groceries,132,181,23.77,112.50083857290662
2024-01-11,S004-P0002,Groceries,83,96,17.39,126.42797826474641
2024-01-12,S004-P0002,Groceries,61,321,17.84,102.89803910102106
2024-01-13,S004-P0002,Groceries,102,262,20.55,112.82040330082947
2024-01-14,S004-P0002,Groceries,211,146,27.88,112.8853454424162
2024-01-15,S004-P0002,Groceries,197,0,21.27,149.60278373871787
2024-01-16,S004-P0002,Groceries,11,486,11.59,134.07271160769497
2024-01-17,S004-P0002,Groceries,107,476,20.92,101.0875313795345
2024-01-18,S004-P0002,Groceries,113,360,20.24,102.44634957817793
2024-01-19,S004-P0002,Groceries,41,268,15.61,103.29174419913465
2024-01-20,S004-P0002,Groceries,68,220,14.44,159.50431552222489
2024-01-21,S004-P0002,Groceries,42,162,16.56,100.41242008613965
2024-01-22,S004-P0002,Groceries,84,129,20.4,111.43197494462801
2024-01-23,S004-P0002,Groceries,79,35,19.04,110.67332136194486
2024-01-24,S004-P0002,Groceries,110,200,17.8,132.8844453028208
2024-01-25,S004-P0002,Groceries,105,103,16.62,146.19951303229374
2024-01-26,S004-P0002,Groceries,108,210,17.66,156.25922766505872
2024-01-27,S004-P0002,Groceries,170,112,21.15,145.72752554083502
2024-01-28,S004-P0002,Groceries,97,239,20.25,120.1523420355406
2024-01-29,S004-P0002,Groceries,137,436,21.77,119.55728068641446
2024-01-30,S004-P0002,Groceries,57,273,17.57,98.07696320637667
2023-10-03,S004-P0003,Furniture,78,169,149.07,67.6857285441168
2023-10-04,S004-P0003,Furniture,92,88,148.64,68.12417542435811
2023-10-05,S004-P0003,Furniture,91,311,116.72,112.55180576518546
2023-10-06,S004-P0003,Furniture,117,254,152.72,110.74962180318707
2023-10-07,S004-P0003,Furniture,36,155,120.59,33.140955508405234
2023-10-08,S004-P0003,Furniture,30,415,117.58,32.57804549292045
2023-10-09,S004-P0003,Furniture,39,384,109.98,49.97026072300976
2023-10-10,S004-P0003,Furniture,25,355,114.79,31.881749550337297
2023-10-11,S004-P0003,Furniture,30,329,105.76,39.59162016415198
2023-10-12,S004-P0003,Furniture,28,304,104.78,32.29234662380787
2023-10-13,S004-P0003,Furniture,31,282,117.98,36.376514244420434
2023-10-14,S004-P0003,Furniture,42,262,129.89,39.00494637198752
2023-10-15,S004-P0003,Furniture,34,229,113.29,38.92142344037843
2023-10-16,S004-P0003,Furniture,52,205,128.7,32.69825745602799
2023-10-17,S004-P0003,Furniture,38,172,108.57,43.2825227578262
2023-10-18,S004-P0003,Furniture,64,134,121.17,44.73615497139585
2023-10-19,S004-P0003,Furniture,66,244,101.48,40.519587079017285
2023-10-20,S004-P0003,Furniture,35,169,108.07,31.74156739999599
2023-10-21,S004-P0003,Furniture,40,130,122.37,32.72453065258287
2023-10-22,S004-P0003,Furniture,27,295,116.22,32.42295180038002
2023-10-23,S004-P0003,Furniture,56,276,116.85,38.77148417806177
2023-10-24,S004-P0003,Furniture,43,221,111.41,31.990829292702195
2023-10-25,S004-P0003,Furniture,160,173,144.28,103.51268778217226
2023-10-26,S004-P0003,Furniture,90,22,147.34,83.11830072089269
2023-10-27,S004-P0003,Furniture,91,134,155.99,83.1518747877729
2023-10-28,S004-P0003,Furniture,97,457,136.09,69.48992625829291
2023-10-29,S004-P0003,Furniture,40,383,122.4,69.00543739004536
2023-10-30,S004-P0003,Furniture,74,347,132.35,69.57512536261835
2023-10-31,S004-P0003,Furniture,100,271,152.75,83.25157547937889
2023-11-01,S004-P0003,Furniture,69,176,144.35,68.31007312033394
2023-11-02,S004-P0003,Furniture,52,116,121.91,74.69883484901798
2023-11-03,S004-P0003,Furniture,76,418,140.28,68.42375211189199
2023-11-04,S004-P0003,Furniture,57,345,117.67,75.65449011312988
2023-11-05,S004-P0003,Furniture,134,287,152.36,75.65449011312988
2023-11-06,S004-P0003,Furniture,98,148,121.35,89.59288874590091
2023-11-07,S004-P0003,Furniture,72,52,131.28,83.26751448146175
2023-11-08,S004-P0003,Furniture,112,438,133.36,98.51675495413369
2023-11-09,S004-P0003,Furniture,105,340,146.87,74.12720940835203
2023-11-10,S004-P0003,Furniture,53,223,129.06,82.38654301708455
2023-11-11,S004-P0003,Furniture,71,188,123.36,110.39999343420905
2023-11-12,S004-P0003,Furniture,21,501,84.76,99.63942060491813
2023-11-13,S004-P0003,Furniture,56,476,137.36,69.40546575396198
2023-11-14,S004-P0003,Furniture,163,434,138.06,91.46573553523301
2023-11-15,S004-P0003,Furniture,194,298,179.52,113.13156209063634
2023-11-16,S004-P0003,Furniture,57,66,131.0,73.99046773267325
2023-11-17,S004-P0003,Furniture,107,526,140.64,82.5146304682809
2023-11-18,S004-P0003,Furniture,97,428,143.17,110.32601233099426
2023-11-19,S004-P0003,Furniture,123,318,146.6,99.83982213851702
2023-11-20,S004-P0003,Furniture,52,209,121.92,68.26361529527361
2023-11-21,S004-P0003,Furniture,67,156,143.12,65.22000573720334
2023-11-22,S004-P0003,Furniture,65,477,142.13,80.51589954461411
2023-11-23,S004-P0003,Furniture,119,414,128.0,100.91012984670168
2023-11-24,S004-P0003,Furniture,78,301,127.31,73.87084261987046
2023-11-25,S004-P0003,Furniture,123,238,155.95,67.69242694663666
2023-11-26,S004-P0003,Furniture,67,519,122.29,68.25906925666528
2023-11-27,S004-P0003,Furniture,180,477,154.14,94.41632255086724
2023-11-28,S004-P0003,Furniture,61,272,132.82,73.52116870619501
2023-11-29,S004-P0003,Furniture,140,230,181.41,81.4992962812717
2023-11-30,S004-P0003,Furniture,82,700,143.45,66.42390505415399
2023-12-01,S004-P0003,Furniture,96,635,135.4,83.33089544175088
2023-12-02,S004-P0003,Furniture,34,561,107.11,87.28914344626433
2023-12-03,S004-P0003,Furniture,86,524,131.04,67.06099776579192
2023-12-04,S004-P0003,Furniture,52,425,115.74,67.35418650118412
2023-12-05,S004-P0003,Furniture,91,383,140.66,81.8783232669317
2023-12-06,S004-P0003,Furniture,168,274,157.17,107.32360395044965
2023-12-07,S004-P0003,Furniture,79,113,142.21,80.93623929434655
2023-12-08,S004-P0003,Furniture,68,48,122.74,67.22668999474955
2023-12-09,S004-P0003,Furniture,93,591,126.66,104.16625811758003
2023-12-10,S004-P0003,Furniture,44,528,112.02,87.34336122410771
2023-12-11,S004-P0003,Furniture,79,485,142.12,67.1899774413108
2023-12-12,S004-P0003,Furniture,97,424,136.11,89.27766937586378
2023-12-13,S004-P0003,Furniture,110,318,141.62,76.71647354522482
2023-12-14,S004-P0003,Furniture,106,226,139.98,75.69725030515305
2023-12-15,S004-P0003,Furniture,145,108,157.73,69.64827420054944
2023-12-16,S004-P0003,Furniture,115,393,128.0,107.4939739056872
2023-12-17,S004-P0003,Furniture,76,304,133.24,76.75832159101645
2023-12-18,S004-P0003,Furniture,72,574,117.77,87.99711837029291
2023-12-19,S004-P0003,Furniture,142,521,138.94,107.84277827516766
2023-12-20,S004-P0003,Furniture,92,398,140.46,68.22602399513381
2023-12-21,S004-P0003,Furniture,108,331,141.04,83.10673405996012
2023-12-22,S004-P0003,Furniture,44,661,112.09,67.91441455606909
2023-12-23,S004-P0003,Furniture,56,632,137.42,67.30507321925822
2023-12-24,S004-P0003,Furniture,88,589,131.66,75.43632476887458
2023-12-25,S004-P0003,Furniture,75,504,140.05,75.21411681393161
2023-12-26,S004-P0003,Furniture,85,456,145.14,74.98397966775562
2023-12-27,S004-P0003,Furniture,55,397,116.48,38.63047509036826
2023-12-28,S004-P0003,Furniture,28,331,104.76,31.46756575008457
2023-12-29,S004-P0003,Furniture,20,300,112.46,31.800279368887598
2023-12-30,S004-P0003,Furniture,34,283,125.75,38.59179373960598
2023-12-31,S004-P0003,Furniture,6,249,94.77,31.171700014693062
2024-01-01,S004-P0003,Furniture,24,244,114.31,37.781427582735745
2024-01-02,S004-P0003,Furniture,58,228,138.53,37.77165344169033
2024-01-03,S004-P0003,Furniture,16,161,99.55,30.523846153348902
2024-01-04,S004-P0003,Furniture,30,149,117.47,34.094673164141454
2024-01-05,S004-P0003,Furniture,73,276,111.19,51.28092105818573
2024-01-06,S004-P0003,Furniture,32,217,94.95,46.18791716207902
2024-01-07,S004-P0003,Furniture,39,180,115.92,34.26390733980676
2024-01-08,S004-P0003,Furniture,50,369,95.65,44.526266948667775
2024-01-09,S004-P0003,Furniture,60,336,125.67,66.10499267049713
2024-01-10,S004-P0003,Furniture,96,275,113.03,95.3180359790805
2024-01-11,S004-P0003,Furniture,87,176,109.65,106.69786420525026
2024-01-12,S004-P0003,Furniture,39,91,122.08,68.18235504748945
2024-01-13,S004-P0003,Furniture,59,340,125.27,75.08867689053491
2024-01-14,S004-P0003,Furniture,72,278,124.55,75.20468577521447
2024-01-15,S004-P0003,Furniture,53,206,129.07,74.62461780706508
2024-01-16,S004-P0003,Furniture,51,151,121.49,88.48626144935987
2024-01-17,S004-P0003,Furniture,51,331,128.07,68.02657040937095
2024-01-18,S004-P0003,Furniture,52,281,128.35,68.10358557231736
2024-01-19,S004-P0003,Furniture,80,232,128.44,89.10210767307323
2024-01-20,S004-P0003,Furniture,70,180,130.48,83.07379128405304
2024-01-21,S004-P0003,Furniture,33,99,119.13,67.11174129108292
2024-01-22,S004-P0003,Furniture,75,348,110.47,94.95756782769003
2024-01-23,S004-P0003,Furniture,77,266,127.07,73.65067588431177
2024-01-24,S004-P0003,Furniture,116,196,143.64,88.18183157651947
2024-01-25,S004-P0003,Furniture,68,96,136.36,72.1637341002164
2024-01-26,S004-P0003,Furniture,106,255,139.9,80.6648891832427
2024-01-27,S004-P0003,Furniture,73,423,138.81,73.3320076859249
2024-01-28,S004-P0003,Furniture,126,342,139.28,102.39357794647373
2024-01-29,S004-P0003,Furniture,74,204,139.28,82.08329717359724
2024-01-30,S004-P0003,Furniture,59,153,131.83,66.1668089082663
2023-10-03,S004-P0004,Groceries,113,604,50.72,99.53521500478672
2023-10-04,S004-P0004,Groceries,129,525,44.44,135.4505209336116
2023-10-05,S004-P0004,Groceries,101,421,57.17,139.0456815549507
2023-10-06,S004-P0004,Groceries,103,300,54.71,138.73752920320882
2023-10-07,S004-P0004,Groceries,63,181,40.42,95.67746808427029
2023-10-08,S004-P0004,Groceries,83,119,48.48,74.53921443864843
2023-10-09,S004-P0004,Groceries,59,319,46.75,93.0317535433754
2023-10-10,S004-P0004,Groceries,65,267,50.38,73.2393985710499
2023-10-11,S004-P0004,Groceries,124,209,55.37,94.1664490499815
2023-10-12,S004-P0004,Groceries,50,100,45.17,73.9751184408002
2023-10-13,S004-P0004,Groceries,92,251,44.78,102.41302207335809
2023-10-14,S004-P0004,Groceries,53,566,41.16,91.96820863640276
2023-10-15,S004-P0004,Groceries,84,522,46.21,91.47594188685721
2023-10-16,S004-P0004,Groceries,82,448,50.89,74.0135926089423
2023-10-17,S004-P0004,Groceries,81,397,48.02,101.64639254875472
2023-10-18,S004-P0004,Groceries,120,320,48.6,102.73722557206753
2023-10-19,S004-P0004,Groceries,60,202,39.64,95.27146933671689
2023-10-20,S004-P0004,Groceries,142,153,46.23,94.18158713353114
2023-10-21,S004-P0004,Groceries,81,400,48.04,74.06310003187195
2023-10-22,S004-P0004,Groceries,69,342,48.53,73.73828695329436
2023-10-23,S004-P0004,Groceries,39,763,41.08,73.83547007389751
2023-10-24,S004-P0004,Groceries,59,733,42.19,73.04908348569602
2023-10-25,S004-P0004,Groceries,132,665,59.76,125.99463009915168
2023-10-26,S004-P0004,Groceries,136,559,54.44,124.95369335952985
2023-10-27,S004-P0004,Groceries,175,466,67.34,125.09054050191037
2023-10-28,S004-P0004,Groceries,151,270,49.84,132.21353094327142
2023-10-29,S004-P0004,Groceries,116,147,57.01,99.78054451793355
2023-10-30,S004-P0004,Groceries,102,497,54.42,100.21020735331288
2023-10-31,S004-P0004,Groceries,108,402,55.45,124.25488837364183
2023-11-01,S004-P0004,Groceries,49,315,37.98,132.08333955604627
2023-11-02,S004-P0004,Groceries,83,262,48.57,112.57204250813358
2023-11-03,S004-P0004,Groceries,114,497,53.72,100.19705639713885
2023-11-04,S004-P0004,Groceries,180,407,51.24,146.37610998630666
2023-11-05,S004-P0004,Groceries,81,284,48.12,146.95362562922392
2023-11-06,S004-P0004,Groceries,122,188,52.27,100.54608550783873
2023-11-07,S004-P0004,Groceries,112,758,56.32,124.0792844251671
2023-11-08,S004-P0004,Groceries,157,655,54.57,147.02197116433828
2023-11-09,S004-P0004,Groceries,122,482,52.27,112.29550712368217
2023-11-10,S004-P0004,Groceries,80,345,50.48,124.30038989107037
2023-11-11,S004-P0004,Groceries,153,283,53.54,165.3587881833466
2023-11-12,S004-P0004,Groceries,85,157,48.68,113.70875036546713
2023-11-13,S004-P0004,Groceries,115,78,51.01,100.82914596811082
2023-11-14,S004-P0004,Groceries,133,451,56.96,97.88253180664513
2023-11-15,S004-P0004,Groceries,93,317,47.54,125.49225401195983
2023-11-16,S004-P0004,Groceries,118,227,57.27,112.4164812154278
2023-11-17,S004-P0004,Groceries,118,565,51.59,124.78326603534856
2023-11-18,S004-P0004,Groceries,126,447,46.33,165.03191466462977
2023-11-19,S004-P0004,Groceries,166,334,51.9,149.4176590859956
2023-11-20,S004-P0004,Groceries,116,155,53.88,101.02244366986925
2023-11-21,S004-P0004,Groceries,74,347,49.44,96.71675236173047
2023-11-22,S004-P0004,Groceries,169,296,66.32,124.44187541044454
2023-11-23,S004-P0004,Groceries,199,132,53.82,150.08156836745115
2023-11-24,S004-P0004,Groceries,107,0,44.26,144.95919251779213
2023-11-25,S004-P0004,Groceries,134,510,56.96,100.30969514149155
2023-11-26,S004-P0004,Groceries,124,1023,61.4,100.73709434046586
2023-11-27,S004-P0004,Groceries,53,932,43.41,114.23383416250456
2023-11-28,S004-P0004,Groceries,215,896,63.3,142.26042312891383
2023-11-29,S004-P0004,Groceries,134,641,54.18,126.19845213321011
2023-11-30,S004-P0004,Groceries,152,500,63.28,99.01762942872416
2023-12-01,S004-P0004,Groceries,143,330,52.02,127.47941163059906
2023-12-02,S004-P0004,Groceries,98,175,48.35,99.18956837356768
2023-12-03,S004-P0004,Groceries,116,527,59.93,99.616967572542
2023-12-04,S004-P0004,Groceries,120,440,51.84,100.98721831081743
2023-12-05,S004-P0004,Groceries,4,342,27.83,159.3371834635279
2023-12-06,S004-P0004,Groceries,217,338,59.16,163.20851054285643
2023-12-07,S004-P0004,Groceries,208,536,77.11,125.47720720268207
2023-12-08,S004-P0004,Groceries,133,313,53.94,100.53076615904997
2023-12-09,S004-P0004,Groceries,160,181,68.23,125.85544455514191
2023-12-10,S004-P0004,Groceries,125,665,61.7,100.09273066564262
2023-12-11,S004-P0004,Groceries,69,552,43.72,135.2155766017393
2023-12-12,S004-P0004,Groceries,134,499,56.97,136.06792635587888
2023-12-13,S004-P0004,Groceries,64,374,42.96,116.03430278981217
2023-12-14,S004-P0004,Groceries,116,324,59.94,115.54580094034628
2023-12-15,S004-P0004,Groceries,88,251,49.43,105.16216223679955
2023-12-16,S004-P0004,Groceries,175,172,53.92,164.04087806051655
2023-12-17,S004-P0004,Groceries,133,403,56.9,116.11655188465522
2023-12-18,S004-P0004,Groceries,130,285,56.37,104.91476681140512
2023-12-19,S004-P0004,Groceries,102,580,51.77,127.37848869263263
2023-12-20,S004-P0004,Groceries,89,510,46.97,101.68421471312787
2023-12-21,S004-P0004,Groceries,92,456,49.94,127.68123908673728
2023-12-22,S004-P0004,Groceries,157,376,57.84,135.53507157461405
2023-12-23,S004-P0004,Groceries,86,269,46.47,100.41550280208978
2023-12-24,S004-P0004,Groceries,90,206,41.8,146.73707553718327
2023-12-25,S004-P0004,Groceries,209,612,55.03,146.69234243586175
2023-12-26,S004-P0004,Groceries,111,401,56.11,112.12512660446383
2023-12-27,S004-P0004,Groceries,65,329,50.35,71.38717225167058
2023-12-28,S004-P0004,Groceries,82,855,48.29,93.29560204282792
2023-12-29,S004-P0004,Groceries,56,798,44.03,72.44147227922268
2023-12-30,S004-P0004,Groceries,116,754,59.88,87.13525751331548
2023-12-31,S004-P0004,Groceries,59,634,49.27,69.09857573706911
2024-01-01,S004-P0004,Groceries,101,573,54.24,81.9940879130805
2024-01-02,S004-P0004,Groceries,33,461,42.21,81.45401157742623
2024-01-03,S004-P0004,Groceries,69,438,46.12,68.31765084126386
2024-01-04,S004-P0004,Groceries,76,384,52.39,73.0208205401603
2024-01-05,S004-P0004,Groceries,74,329,49.41,84.54000928397363
2024-01-06,S004-P0004,Groceries,82,245,48.26,83.04223601972106
2024-01-07,S004-P0004,Groceries,90,160,55.06,73.16617588148682
2024-01-08,S004-P0004,Groceries,100,64,46.01,105.92196358437371
2024-01-09,S004-P0004,Groceries,94,287,53.0,99.47179265547715
2024-01-10,S004-P0004,Groceries,164,186,62.09,112.6817895991729
2024-01-11,S004-P0004,Groceries,188,373,62.72,162.4159103787562
2024-01-12,S004-P0004,Groceries,147,236,56.14,135.28345900500653
2024-01-13,S004-P0004,Groceries,144,613,61.84,112.82040330082947
2024-01-14,S004-P0004,Groceries,143,475,49.46,146.5335463114831
2024-01-15,S004-P0004,Groceries,168,342,66.17,114.08599275385325
2024-01-16,S004-P0004,Groceries,121,216,45.63,133.78565118078504
2024-01-17,S004-P0004,Groceries,136,497,60.45,101.0875313795345
2024-01-18,S004-P0004,Groceries,178,368,53.65,137.4085221270214
2024-01-19,S004-P0004,Groceries,95,203,55.98,103.1757353144551
2024-01-20,S004-P0004,Groceries,201,479,60.62,159.42278249737575
2024-01-21,S004-P0004,Groceries,122,300,49.24,133.61345815560762
2024-01-22,S004-P0004,Groceries,120,220,54.77,111.49691708621474
2024-01-23,S004-P0004,Groceries,162,752,61.67,110.73826350353158
2024-01-24,S004-P0004,Groceries,140,591,55.03,99.09255582768714
2024-01-25,S004-P0004,Groceries,95,480,53.29,110.2015032928231
2024-01-26,S004-P0004,Groceries,216,378,59.81,156.25922766505872
2024-01-27,S004-P0004,Groceries,158,222,67.8,107.91730731245984
2024-01-28,S004-P0004,Groceries,136,43,48.42,156.60937558787157
2024-01-29,S004-P0004,Groceries,132,522,56.55,119.55728068641446
2024-01-30,S004-P0004,Groceries,132,439,62.88,98.07696320637667
2023-10-03,S004-P0005,Clothing,77,107,57.76,111.1444731050343
2023-10-04,S004-P0005,Clothing,126,123,80.56,86.0849650104258
2023-10-05,S004-P0005,Clothing,98,139,73.6,108.30546024825983
2023-10-06,S004-P0005,Clothing,99,189,69.92,106.46679256244543
2023-10-07,S004-P0005,Clothing,121,84,79.23,89.04434978896028
2023-10-08,S004-P0005,Clothing,90,117,67.87,88.95301432082191
2023-10-09,S004-P0005,Clothing,133,136,69.09,147.6656705577511
2023-10-10,S004-P0005,Clothing,88,146,56.28,127.77086290006314
2023-10-11,S004-P0005,Clothing,75,139,67.93,87.78766084571141
2023-10-12,S004-P0005,Clothing,131,80,65.36,119.2026329145585
2023-10-13,S004-P0005,Clothing,114,140,65.31,133.15067226328375
2023-10-14,S004-P0005,Clothing,137,132,65.61,142.3118707907794
2023-10-15,S004-P0005,Clothing,131,151,85.94,110.52327388315388
2023-10-16,S004-P0005,Clothing,125,153,76.09,124.21259171838145
2023-10-17,S004-P0005,Clothing,116,191,74.14,99.1742668185136
2023-10-18,S004-P0005,Clothing,108,117,80.07,96.88219127654624
2023-10-19,S004-P0005,Clothing,126,154,76.14,87.90479126437941
2023-10-20,S004-P0005,Clothing,74,148,64.18,90.67405312434535
2023-10-21,S004-P0005,Clothing,76,104,64.78,91.50573474289166
2023-10-22,S004-P0005,Clothing,51,125,46.61,128.80210098896475
2023-10-23,S004-P0005,Clothing,94,74,61.85,128.80658791939715
2023-10-24,S004-P0005,Clothing,117,91,70.35,122.7851267007774
2023-10-25,S004-P0005,Clothing,127,135,80.77,105.71356038843692
2023-10-26,S004-P0005,Clothing,89,133,67.81,103.97485268635155
2023-10-27,S004-P0005,Clothing,117,142,78.19,104.2515443719355
2023-10-28,S004-P0005,Clothing,132,187,81.84,87.73109233958411
2023-10-29,S004-P0005,Clothing,117,174,70.49,87.58564076009866
2023-10-30,S004-P0005,Clothing,88,215,64.0,88.45688870430155
2023-10-31,S004-P0005,Clothing,119,116,78.74,104.29561275279364
2023-11-01,S004-P0005,Clothing,133,130,64.94,115.3645560466229
2023-11-02,S004-P0005,Clothing,151,158,91.09,93.3685270427961
2023-11-03,S004-P0005,Clothing,140,139,71.21,116.3177369543497
2023-11-04,S004-P0005,Clothing,65,192,58.63,125.68750182008876
2023-11-05,S004-P0005,Clothing,78,144,65.16,125.97795703609609
2023-11-06,S004-P0005,Clothing,90,53,67.96,88.63260419532175
2023-11-07,S004-P0005,Clothing,77,82,68.57,103.67966074794383
2023-11-08,S004-P0005,Clothing,73,99,60.84,93.75108694049747
2023-11-09,S004-P0005,Clothing,141,96,84.09,92.81751717953301
2023-11-10,S004-P0005,Clothing,96,163,65.88,103.85424735327446
2023-11-11,S004-P0005,Clothing,99,104,70.02,104.40862256916205
2023-11-12,S004-P0005,Clothing,104,112,71.27,94.09729292519013
2023-11-13,S004-P0005,Clothing,85,157,55.54,116.91034619181526
2023-11-14,S004-P0005,Clothing,45,92,54.33,118.49746287804506
2023-11-15,S004-P0005,Clothing,139,103,75.18,104.87958320677552
2023-11-16,S004-P0005,Clothing,61,122,61.34,93.26872148745588
2023-11-17,S004-P0005,Clothing,96,81,73.15,103.54048860058556
2023-11-18,S004-P0005,Clothing,118,96,70.69,104.40862256916205
2023-11-19,S004-P0005,Clothing,123,150,59.74,130.56747426984148
2023-11-20,S004-P0005,Clothing,195,158,92.02,117.70123361482906
2023-11-21,S004-P0005,Clothing,55,203,56.77,84.76449891068327
2023-11-22,S004-P0005,Clothing,89,167,67.77,104.87958320677552
2023-11-23,S004-P0005,Clothing,176,81,69.48,131.49780225889592
2023-11-24,S004-P0005,Clothing,149,184,77.35,94.84379700759759
2023-11-25,S004-P0005,Clothing,87,166,63.84,114.43986708793643
2023-11-26,S004-P0005,Clothing,66,109,62.28,87.48031238255989
2023-11-27,S004-P0005,Clothing,75,117,68.09,95.12533697106576
2023-11-28,S004-P0005,Clothing,108,149,72.19,94.94590642589499
2023-11-29,S004-P0005,Clothing,168,206,81.67,106.52965589950891
2023-11-30,S004-P0005,Clothing,110,248,76.59,86.95659253691576
2023-12-01,S004-P0005,Clothing,124,119,71.54,124.73326815418089
2023-12-02,S004-P0005,Clothing,92,157,72.22,100.67982568504762
2023-12-03,S004-P0005,Clothing,76,62,64.85,101.22323376870149
2023-12-04,S004-P0005,Clothing,30,89,57.11,101.69229588069692
2023-12-05,S004-P0005,Clothing,185,105,79.75,156.7311616647233
2023-12-06,S004-P0005,Clothing,154,221,82.6,122.30903657878534
2023-12-07,S004-P0005,Clothing,100,83,70.47,122.63022815626839
2023-12-08,S004-P0005,Clothing,33,102,60.79,104.89104141345314
2023-12-09,S004-P0005,Clothing,104,71,75.1,120.67368080426843
2023-12-10,S004-P0005,Clothing,104,84,75.1,99.63964368029174
2023-12-11,S004-P0005,Clothing,150,120,90.91,105.74955743178867
2023-12-12,S004-P0005,Clothing,136,135,62.18,130.73279113099403
2023-12-13,S004-P0005,Clothing,116,131,77.95,116.06271526943397
2023-12-14,S004-P0005,Clothing,96,171,62.09,145.0185820658297
2023-12-15,S004-P0005,Clothing,179,97,78.6,132.72065598068147
2023-12-16,S004-P0005,Clothing,76,145,64.74,156.4846796555297
2023-12-17,S004-P0005,Clothing,206,78,84.89,145.07105992196782
2023-12-18,S004-P0005,Clothing,111,235,76.88,103.51176860975661
2023-12-19,S004-P0005,Clothing,167,108,67.88,154.9686683517612
2023-12-20,S004-P0005,Clothing,105,177,71.47,101.83407262780986
2023-12-21,S004-P0005,Clothing,129,72,77.03,120.9123314301418
2023-12-22,S004-P0005,Clothing,122,153,67.46,132.23302946706778
2023-12-23,S004-P0005,Clothing,88,204,74.92,100.39235484314818
2023-12-24,S004-P0005,Clothing,84,134,66.53,116.40298614388502
2023-12-25,S004-P0005,Clothing,162,139,80.3,116.32920638235865
2023-12-26,S004-P0005,Clothing,157,153,87.93,114.87663615771798
2023-12-27,S004-P0005,Clothing,116,193,70.31,105.9201378364865
2023-12-28,S004-P0005,Clothing,193,62,72.47,133.45035153845254
2023-12-29,S004-P0005,Clothing,82,205,69.75,106.9661803796141
2023-12-30,S004-P0005,Clothing,134,111,78.23,126.18324160283777
2023-12-31,S004-P0005,Clothing,71,159,67.13,106.80132504315718
2024-01-01,S004-P0005,Clothing,141,76,84.1,125.53948012987945
2024-01-02,S004-P0005,Clothing,204,152,84.44,156.80302515343894
2024-01-03,S004-P0005,Clothing,160,209,79.3,133.89945850030125
2024-01-04,S004-P0005,Clothing,81,157,66.01,116.4854727866265
2024-01-05,S004-P0005,Clothing,128,97,72.35,158.16142677539472
2024-01-06,S004-P0005,Clothing,113,153,77.27,125.70012519041299
2024-01-07,S004-P0005,Clothing,110,160,76.67,117.44592926296063
2024-01-08,S004-P0005,Clothing,127,144,80.76,124.19514558250424
2024-01-09,S004-P0005,Clothing,53,158,56.39,101.7188413979454
2024-01-10,S004-P0005,Clothing,85,106,66.92,116.38698256858582
2024-01-11,S004-P0005,Clothing,91,116,68.19,123.78383684403747
2024-01-12,S004-P0005,Clothing,93,109,76.22,103.51877911586968
2024-01-13,S004-P0005,Clothing,189,135,90.66,116.48437988380617
2024-01-14,S004-P0005,Clothing,67,162,65.98,116.30342885753988
2024-01-15,S004-P0005,Clothing,105,119,71.46,115.95868638981742
2024-01-16,S004-P0005,Clothing,117,145,69.94,131.13532939035775
2024-01-17,S004-P0005,Clothing,103,120,70.89,102.61190659573565
2024-01-18,S004-P0005,Clothing,101,123,74.46,103.44134525536025
2024-01-19,S004-P0005,Clothing,148,100,68.56,131.38051017427625
2024-01-20,S004-P0005,Clothing,198,153,73.55,153.4131681846204
2024-01-21,S004-P0005,Clothing,106,220,59.65,127.75133677834465
2024-01-22,S004-P0005,Clothing,31,117,54.41,117.18179493061632
2024-01-23,S004-P0005,Clothing,80,95,62.4,117.27325724647457
2024-01-24,S004-P0005,Clothing,101,116,66.44,133.5828026685408
2024-01-25,S004-P0005,Clothing,105,132,67.77,110.09765024741678
2024-01-26,S004-P0005,Clothing,151,94,82.01,157.9484354648502
2024-01-27,S004-P0005,Clothing,222,128,88.12,145.6676654698675
2024-01-28,S004-P0005,Clothing,153,209,78.25,120.95623210422134
2024-01-29,S004-P0005,Clothing,56,232,63.33,121.81769848456007
2024-01-30,S004-P0005,Clothing,98,184,77.49,99.78884880143286
2023-10-03,S004-P0006,Groceries,96,259,34.41,99.53521500478672
2023-10-04,S004-P0006,Groceries,225,146,44.08,135.73758136052155
2023-10-05,S004-P0006,Groceries,71,0,33.26,139.0456815549507
2023-10-06,S004-P0006,Groceries,147,378,38.19,138.85353808788838
2023-10-07,S004-P0006,Groceries,61,256,33.81,75.0093497958284
2023-10-08,S004-P0006,Groceries,46,199,27.25,74.65522332332799
2023-10-09,S004-P0006,Groceries,82,165,32.91,93.09669568496213
2023-10-10,S004-P0006,Groceries,66,71,27.75,93.7476100466992
2023-10-11,S004-P0006,Groceries,107,190,35.62,94.1664490499815
2023-10-12,S004-P0006,Groceries,53,72,31.12,74.07220006504231
2023-10-13,S004-P0006,Groceries,90,219,37.49,82.02355286731179
2023-10-14,S004-P0006,Groceries,38,139,22.01,114.60992296158597
2023-10-15,S004-P0006,Groceries,56,259,29.93,91.35993300217766
2023-10-16,S004-P0006,Groceries,75,221,31.98,94.42513823147114
2023-10-17,S004-P0006,Groceries,80,159,36.25,82.37066779322294
2023-10-18,S004-P0006,Groceries,85,93,29.45,102.73722557206753
2023-10-19,S004-P0006,Groceries,29,193,22.26,94.98440890980694
2023-10-20,S004-P0006,Groceries,55,160,31.34,72.92267047976613
2023-10-21,S004-P0006,Groceries,79,110,34.22,73.9470911471924
2023-10-22,S004-P0006,Groceries,60,142,28.79,94.43159349784494
2023-10-23,S004-P0006,Groceries,103,254,35.26,94.42513823147114
2023-10-24,S004-P0006,Groceries,55,141,32.98,72.93307460101646
2023-10-25,S004-P0006,Groceries,124,345,33.77,157.17554538514338
2023-10-26,S004-P0006,Groceries,34,252,27.3,124.95369335952985
2023-10-27,S004-P0006,Groceries,149,218,40.64,125.1554826434971
2023-10-28,S004-P0006,Groceries,155,72,43.4,100.27494733422391
2023-10-29,S004-P0006,Groceries,141,323,39.7,99.78054451793355
2023-10-30,S004-P0006,Groceries,90,222,35.62,100.21020735331288
2023-10-31,S004-P0006,Groceries,142,456,37.71,124.59644113145916
2023-11-01,S004-P0006,Groceries,114,359,34.62,99.9518560624908
2023-11-02,S004-P0006,Groceries,115,237,34.79,112.84865312436418
2023-11-03,S004-P0006,Groceries,146,149,40.2,100.19705639713885
2023-11-04,S004-P0006,Groceries,109,219,37.9,113.68336063190662
2023-11-05,S004-P0006,Groceries,167,142,42.53,113.95997124813722
2023-11-06,S004-P0006,Groceries,135,247,41.07,100.26947489160813
2023-11-07,S004-P0006,Groceries,119,457,37.1,124.0792844251671
2023-11-08,S004-P0006,Groceries,160,347,46.33,113.03170156107745
2023-11-09,S004-P0006,Groceries,215,172,42.71,146.27233278355482
2023-11-10,S004-P0006,Groceries,145,273,38.07,162.45251735335555
2023-11-11,S004-P0006,Groceries,173,554,41.07,125.34037483070132
2023-11-12,S004-P0006,Groceries,128,356,32.18,148.37493605247155
2023-11-13,S004-P0006,Groceries,119,255,35.2,133.38249900530127
2023-11-14,S004-P0006,Groceries,126,135,35.96,98.13515135751543
2023-11-15,S004-P0006,Groceries,106,297,31.61,166.83945004302808
2023-11-16,S004-P0006,Groceries,155,202,41.23,112.48142335701452
2023-11-17,S004-P0006,Groceries,82,29,32.85,165.16162506934847
2023-11-18,S004-P0006,Groceries,144,364,35.8,165.41740126929238
2023-11-19,S004-P0006,Groceries,129,267,40.33,113.0216752407498
2023-11-20,S004-P0006,Groceries,109,146,36.04,100.90643478518969
2023-11-21,S004-P0006,Groceries,118,261,37.08,96.71675236173047
2023-11-22,S004-P0006,Groceries,85,189,29.71,166.38266780267134
2023-11-23,S004-P0006,Groceries,144,363,42.08,111.64564158588456
2023-11-24,S004-P0006,Groceries,98,232,34.73,114.13884217550236
2023-11-25,S004-P0006,Groceries,155,134,41.16,100.30969514149155
2023-11-26,S004-P0006,Groceries,111,256,38.1,100.73709434046586
2023-11-27,S004-P0006,Groceries,183,497,37.02,143.29444538073233
2023-11-28,S004-P0006,Groceries,188,374,42.49,142.26042312891383
2023-11-29,S004-P0006,Groceries,161,211,44.2,125.8257411756998
2023-11-30,S004-P0006,Groceries,121,495,37.34,98.92054780448206
2023-12-01,S004-P0006,Groceries,55,399,28.2,98.7284541661544
2023-12-02,S004-P0006,Groceries,154,357,43.28,99.07355948888812
2023-12-03,S004-P0006,Groceries,96,204,28.67,130.94455678009618
2023-12-04,S004-P0006,Groceries,129,430,38.26,100.87120942613787
2023-12-05,S004-P0006,Groceries,81,320,36.29,125.4609223763341
2023-12-06,S004-P0006,Groceries,169,234,38.35,163.19878551888425
2023-12-07,S004-P0006,Groceries,177,117,34.54,160.91780649236867
2023-12-08,S004-P0006,Groceries,125,347,37.73,132.92213639135605
2023-12-09,S004-P0006,Groceries,96,265,29.03,161.1903176531399
2023-12-10,S004-P0006,Groceries,145,162,40.08,100.20873955032218
2023-12-11,S004-P0006,Groceries,63,56,29.09,103.8798765072198
2023-12-12,S004-P0006,Groceries,100,321,27.6,135.71572573706933
2023-12-13,S004-P0006,Groceries,89,226,31.95,116.03430278981217
2023-12-14,S004-P0006,Groceries,95,148,32.59,115.72675196661257
2023-12-15,S004-P0006,Groceries,50,239,27.51,137.7779964600856
2023-12-16,S004-P0006,Groceries,129,206,42.42,128.16290798527484
2023-12-17,S004-P0006,Groceries,61,88,25.34,148.63788810641987
2023-12-18,S004-P0006,Groceries,105,292,33.69,139.01988125978207
2023-12-19,S004-P0006,Groceries,128,214,40.24,127.37848869263263
2023-12-20,S004-P0006,Groceries,141,124,41.8,101.43159516225758
2023-12-21,S004-P0006,Groceries,71,307,26.33,165.13632149966523
2023-12-22,S004-P0006,Groceries,73,241,30.23,102.68048859014708
2023-12-23,S004-P0006,Groceries,130,168,42.54,100.29949391741022
2023-12-24,S004-P0006,Groceries,122,38,41.55,113.31837774768653
2023-12-25,S004-P0006,Groceries,94,302,34.3,113.63514363780683
2023-12-26,S004-P0006,Groceries,91,193,32.14,112.30607763073012
2023-12-27,S004-P0006,Groceries,43,123,26.93,71.35813818265042
2023-12-28,S004-P0006,Groceries,55,281,31.38,72.43578898849017
2023-12-29,S004-P0006,Groceries,63,221,32.35,72.44147227922268
2023-12-30,S004-P0006,Groceries,89,150,35.49,87.13525751331548
2023-12-31,S004-P0006,Groceries,56,95,31.5,69.09857573706911
2024-01-01,S004-P0006,Groceries,129,205,40.3,84.1444572106426
2024-01-02,S004-P0006,Groceries,63,120,25.83,102.50800280195278
2024-01-03,S004-P0006,Groceries,71,292,30.0,91.81809648986238
2024-01-04,S004-P0006,Groceries,113,237,32.66,97.77532553245699
2024-01-05,S004-P0006,Groceries,33,163,27.33,84.54000928397363
2024-01-06,S004-P0006,Groceries,103,363,33.48,83.04223601972106
2024-01-07,S004-P0006,Groceries,63,284,30.7,73.23111802307355
2024-01-08,S004-P0006,Groceries,149,237,36.01,104.73746877188225
2024-01-09,S004-P0006,Groceries,150,136,40.62,100.03597434989405
2024-01-10,S004-P0006,Groceries,154,337,43.36,112.56578071449334
2024-01-11,S004-P0006,Groceries,105,216,33.63,126.42797826474641
2024-01-12,S004-P0006,Groceries,100,491,27.61,135.0137294927865
2024-01-13,S004-P0006,Groceries,65,423,29.35,113.00135432709575
2024-01-14,S004-P0006,Groceries,73,350,30.15,113.00135432709575
2024-01-15,S004-P0006,Groceries,92,289,32.25,114.2020016385328
2024-01-16,S004-P0006,Groceries,55,204,33.03,100.77065544966312
2024-01-17,S004-P0006,Groceries,30,142,26.9,101.6517130739514
2024-01-18,S004-P0006,Groceries,101,110,35.1,102.44634957817793
2024-01-19,S004-P0006,Groceries,80,24,34.34,103.1757353144551
2024-01-20,S004-P0006,Groceries,89,236,37.32,124.22720346702602
2024-01-21,S004-P0006,Groceries,87,173,26.4,133.26125753679807
2024-01-22,S004-P0006,Groceries,157,264,41.36,111.49691708621474
2024-01-23,S004-P0006,Groceries,119,90,33.26,145.8384138925532
2024-01-24,S004-P0006,Groceries,121,329,35.16,132.94958549472042
2024-01-25,S004-P0006,Groceries,191,207,45.29,146.19951303229374
2024-01-26,S004-P0006,Groceries,140,10,41.58,119.69453019338249
2024-01-27,S004-P0006,Groceries,87,306,35.19,107.91730731245984
2024-01-28,S004-P0006,Groceries,223,518,38.72,156.95842180182126
2024-01-29,S004-P0006,Groceries,118,253,41.05,119.49233854482773
2024-01-30,S004-P0006,Groceries,98,134,36.62,98.07696320637667
2023-10-03,S004-P0007,Groceries,81,399,24.43,99.53521500478672
2023-10-04,S004-P0007,Groceries,75,319,27.91,101.6409377408169
2023-10-05,S004-P0007,Groceries,147,238,35.19,139.0456815549507
2023-10-06,S004-P0007,Groceries,190,753,35.45,167.64652343416222
2023-10-07,S004-P0007,Groceries,107,526,24.89,95.53503872253633
2023-10-08,S004-P0007,Groceries,33,421,23.77,74.53921443864843
2023-10-09,S004-P0007,Groceries,73,389,26.38,93.09669568496213
2023-10-10,S004-P0007,Groceries,106,1070,27.91,93.59320987789063
2023-10-11,S004-P0007,Groceries,27,981,16.52,93.89135943014615
2023-10-12,S004-P0007,Groceries,71,954,27.51,74.07220006504231
2023-10-13,S004-P0007,Groceries,88,875,27.82,82.08849500889852
2023-10-14,S004-P0007,Groceries,25,785,17.23,114.60992296158597
2023-10-15,S004-P0007,Groceries,86,758,26.18,91.47594188685721
2023-10-16,S004-P0007,Groceries,52,663,25.63,74.0135926089423
2023-10-17,S004-P0007,Groceries,93,626,25.4,82.55161881948922
2023-10-18,S004-P0007,Groceries,111,535,26.82,102.65951665516545
2023-10-19,S004-P0007,Groceries,62,442,25.35,73.4363722805226
2023-10-20,S004-P0007,Groceries,68,392,24.63,72.92267047976613
2023-10-21,S004-P0007,Groceries,64,327,22.85,94.75394504152517
2023-10-22,S004-P0007,Groceries,94,280,29.82,73.73828695329436
2023-10-23,S004-P0007,Groceries,107,183,28.02,73.95147895857707
2023-10-24,S004-P0007,Groceries,46,98,21.4,73.04908348569602
2023-10-25,S004-P0007,Groceries,156,43,28.8,157.4832472704136
2023-10-26,S004-P0007,Groceries,124,380,28.05,124.95369335952985
2023-10-27,S004-P0007,Groceries,154,245,34.01,125.1554826434971
2023-10-28,S004-P0007,Groceries,102,138,29.09,100.27494733422391
2023-10-29,S004-P0007,Groceries,70,657,23.51,99.89655340261311
2023-10-30,S004-P0007,Groceries,31,592,23.58,100.21020735331288
2023-10-31,S004-P0007,Groceries,141,573,31.06,124.59644113145916
2023-11-01,S004-P0007,Groceries,79,410,26.9,99.53863478006947
2023-11-02,S004-P0007,Groceries,75,317,25.25,112.57204250813358
2023-11-03,S004-P0007,Groceries,136,260,30.61,100.47366701336945
2023-11-04,S004-P0007,Groceries,134,753,30.42,113.95997124813722
2023-11-05,S004-P0007,Groceries,168,599,31.87,146.95362562922392
2023-11-06,S004-P0007,Groceries,133,415,32.07,100.26947489160813
2023-11-07,S004-P0007,Groceries,157,335,27.1,160.52624751746526
2023-11-08,S004-P0007,Groceries,169,164,31.95,113.21265258734374
2023-11-09,S004-P0007,Groceries,176,726,36.16,112.11455609741589
2023-11-10,S004-P0007,Groceries,115,597,28.77,124.48134091733665
2023-11-11,S004-P0007,Groceries,90,523,29.45,124.9418522950551
2023-11-12,S004-P0007,Groceries,132,418,28.76,113.70875036546713
2023-11-13,S004-P0007,Groceries,206,1025,31.17,133.38249900530127
2023-11-14,S004-P0007,Groceries,120,778,27.73,98.13515135751543
2023-11-15,S004-P0007,Groceries,109,674,31.31,125.31130298569354
2023-11-16,S004-P0007,Groceries,185,597,33.07,150.0140765222071
2023-11-17,S004-P0007,Groceries,193,400,32.07,165.16162506934847
2023-11-18,S004-P0007,Groceries,170,236,30.25,165.41740126929238
2023-11-19,S004-P0007,Groceries,160,81,36.44,113.0216752407498
2023-11-20,S004-P0007,Groceries,71,645,23.6,101.02244366986925
2023-11-21,S004-P0007,Groceries,162,574,31.14,133.60129392403584
2023-11-22,S004-P0007,Groceries,192,419,33.68,166.38266780267134
2023-11-23,S004-P0007,Groceries,115,281,25.8,149.7729788192059
2023-11-24,S004-P0007,Groceries,159,185,34.54,114.07390003391563
2023-11-25,S004-P0007,Groceries,103,751,27.67,100.30969514149155
2023-11-26,S004-P0007,Groceries,184,641,31.03,130.22162878721065
2023-11-27,S004-P0007,Groceries,105,435,29.39,114.05288313623828
2023-11-28,S004-P0007,Groceries,113,358,28.63,113.55647095152521
2023-11-29,S004-P0007,Groceries,204,239,38.82,125.8257411756998
2023-11-30,S004-P0007,Groceries,116,722,28.81,99.03655668916161
2023-12-01,S004-P0007,Groceries,41,633,23.31,98.61244528147485
2023-12-02,S004-P0007,Groceries,147,609,26.35,130.8497171506058
2023-12-03,S004-P0007,Groceries,70,468,24.8,99.616967572542
2023-12-04,S004-P0007,Groceries,101,403,29.06,100.87120942613787
2023-12-05,S004-P0007,Groceries,39,282,21.89,125.8336333338444
2023-12-06,S004-P0007,Groceries,201,725,32.76,163.19878551888425
2023-12-07,S004-P0007,Groceries,160,512,31.15,160.88506126408805
2023-12-08,S004-P0007,Groceries,128,343,28.39,100.53076615904997
2023-12-09,S004-P0007,Groceries,198,222,34.39,126.44572702203216
2023-12-10,S004-P0007,Groceries,139,719,30.87,132.2390106428877
2023-12-11,S004-P0007,Groceries,89,581,22.31,135.15043640983967
2023-12-12,S004-P0007,Groceries,120,489,29.25,102.66702646435118
2023-12-13,S004-P0007,Groceries,61,358,25.27,115.91829390513261
2023-12-14,S004-P0007,Groceries,138,301,29.3,115.72675196661257
2023-12-15,S004-P0007,Groceries,15,183,19.76,137.7606655453957
2023-12-16,S004-P0007,Groceries,220,666,33.97,164.04087806051655
2023-12-17,S004-P0007,Groceries,110,517,29.85,116.11655188465522
2023-12-18,S004-P0007,Groceries,154,451,34.06,104.79875792672556
2023-12-19,S004-P0007,Groceries,124,353,26.28,163.6318200973449
2023-12-20,S004-P0007,Groceries,70,998,24.68,101.68421471312787
2023-12-21,S004-P0007,Groceries,101,929,26.13,127.68123908673728
2023-12-22,S004-P0007,Groceries,120,815,29.3,102.56447970546752
2023-12-23,S004-P0007,Groceries,128,714,28.42,133.46718612995707
2023-12-24,S004-P0007,Groceries,221,634,38.25,146.73707553718327
2023-12-25,S004-P0007,Groceries,58,396,22.46,113.7511525224864
2023-12-26,S004-P0007,Groceries,153,342,33.99,112.19006874605056
2023-12-27,S004-P0007,Groceries,105,216,29.42,71.38717225167058
2023-12-28,S004-P0007,Groceries,55,996,25.94,72.53287061273228
2023-12-29,S004-P0007,Groceries,26,940,23.06,72.44147227922268
2023-12-30,S004-P0007,Groceries,105,914,27.84,85.45272087952829
2023-12-31,S004-P0007,Groceries,116,792,28.84,69.21458462174867
2024-01-01,S004-P0007,Groceries,42,711,21.07,99.53205455903675
2024-01-02,S004-P0007,Groceries,46,670,22.56,81.76178039334981
2024-01-03,S004-P0007,Groceries,75,620,22.55,91.97249665867095
2024-01-04,S004-P0007,Groceries,88,542,23.59,97.77532553245699
2024-01-05,S004-P0007,Groceries,50,442,21.77,84.84777809989721
2024-01-06,S004-P0007,Groceries,72,405,26.29,82.45195355283082
2024-01-07,S004-P0007,Groceries,77,351,28.18,73.16617588148682
2024-01-08,S004-P0007,Groceries,39,303,21.98,81.54566553211845
2024-01-09,S004-P0007,Groceries,116,262,28.93,99.47179265547715
2024-01-10,S004-P0007,Groceries,125,137,25.01,146.7290237385087
2024-01-11,S004-P0007,Groceries,98,357,28.74,126.12020944882283
2024-01-12,S004-P0007,Groceries,107,252,29.61,102.89803910102106
2024-01-13,S004-P0007,Groceries,210,148,29.5,146.38283728777586
2024-01-14,S004-P0007,Groceries,146,428,33.25,112.8853454424162
2024-01-15,S004-P0007,Groceries,157,304,30.93,114.2020016385328
2024-01-16,S004-P0007,Groceries,158,188,25.84,133.78565118078504
2024-01-17,S004-P0007,Groceries,81,867,21.72,135.38868591003515
2024-01-18,S004-P0007,Groceries,38,815,23.02,102.44634957817793
2024-01-19,S004-P0007,Groceries,103,773,29.19,103.1757353144551
2024-01-20,S004-P0007,Groceries,116,689,24.03,159.50431552222489
2024-01-21,S004-P0007,Groceries,52,583,21.95,100.5284289708192
2024-01-22,S004-P0007,Groceries,69,537,24.65,111.49691708621474
2024-01-23,S004-P0007,Groceries,86,474,27.55,110.67332136194486
2024-01-24,S004-P0007,Groceries,76,416,25.27,98.64438301794979
2024-01-25,S004-P0007,Groceries,152,356,27.08,146.19951303229374
2024-01-26,S004-P0007,Groceries,94,216,26.87,119.69453019338249
2024-01-27,S004-P0007,Groceries,218,115,36.14,145.72752554083502
2024-01-28,S004-P0007,Groceries,156,0,34.25,120.43485568650726
2024-01-29,S004-P0007,Groceries,89,641,26.37,119.55728068641446
2024-01-30,S004-P0007,Groceries,154,574,32.25,98.52513601611402
2023-10-03,S004-P0008,Furniture,60,197,88.77,67.6857285441168
2023-10-04,S004-P0008,Furniture,83,130,80.29,88.3755498711057
2023-10-05,S004-P0008,Furniture,33,119,84.14,88.63857675316322
2023-10-06,S004-P0008,Furniture,40,81,81.99,87.74255454515702
2023-10-07,S004-P0008,Furniture,26,86,77.37,33.140955508405234
2023-10-08,S004-P0008,Furniture,33,55,66.37,40.033990376434424
2023-10-09,S004-P0008,Furniture,37,72,76.86,39.12369077473114
2023-10-10,S004-P0008,Furniture,26,92,81.35,31.881749550337297
2023-10-11,S004-P0008,Furniture,28,67,82.14,32.44744674743691
2023-10-12,S004-P0008,Furniture,41,90,69.3,40.519587079017285
2023-10-13,S004-P0008,Furniture,37,113,76.7,36.58653663496198
2023-10-14,S004-P0008,Furniture,42,72,78.32,39.49748241349575
2023-10-15,S004-P0008,Furniture,34,83,84.16,38.63890978941175
2023-10-16,S004-P0008,Furniture,27,100,77.79,32.69825745602799
2023-10-17,S004-P0008,Furniture,39,73,77.43,36.43871257052216
2023-10-18,S004-P0008,Furniture,20,93,66.88,44.841858330262845
2023-10-19,S004-P0008,Furniture,51,78,85.51,39.642006519174885
2023-10-20,S004-P0008,Furniture,35,76,80.3,31.625558515316428
2023-10-21,S004-P0008,Furniture,83,102,91.58,39.03866547761202
2023-10-22,S004-P0008,Furniture,44,99,83.38,32.538960685059585
2023-10-23,S004-P0008,Furniture,28,98,65.7,38.831139363754176
2023-10-24,S004-P0008,Furniture,30,80,82.74,31.874820408022643
2023-10-25,S004-P0008,Furniture,90,97,104.1,83.67783156235073
2023-10-26,S004-P0008,Furniture,107,116,99.18,83.32832311143423
2023-10-27,S004-P0008,Furniture,46,119,70.0,108.37869630638723
2023-10-28,S004-P0008,Furniture,119,71,102.83,69.48992625829291
2023-10-29,S004-P0008,Furniture,60,111,98.34,69.00543739004536
2023-10-30,S004-P0008,Furniture,71,124,97.51,69.45911647793879
2023-10-31,S004-P0008,Furniture,108,116,110.46,83.31651762096561
2023-11-01,S004-P0008,Furniture,83,99,96.43,68.62621277851316
2023-11-02,S004-P0008,Furniture,77,75,94.54,74.3282107269254
2023-11-03,S004-P0008,Furniture,102,86,97.5,89.55566017705111
2023-11-04,S004-P0008,Furniture,56,119,96.81,75.21892384945058
2023-11-05,S004-P0008,Furniture,179,56,128.51,97.84525203412211
2023-11-06,S004-P0008,Furniture,46,204,88.46,69.39594178468536
2023-11-07,S004-P0008,Furniture,73,152,93.29,83.0574920909202
2023-11-08,S004-P0008,Furniture,46,78,88.63,74.63951528176949
2023-11-09,S004-P0008,Furniture,105,73,87.63,97.62551524656267
2023-11-10,S004-P0008,Furniture,110,109,88.97,108.51288744363347
2023-11-11,S004-P0008,Furniture,106,107,98.93,83.49165996208622
2023-11-12,S004-P0008,Furniture,66,109,85.94,99.24437247363389
2023-11-13,S004-P0008,Furniture,108,107,82.73,89.69102339807304
2023-11-14,S004-P0008,Furniture,76,153,94.31,67.83694222724435
2023-11-15,S004-P0008,Furniture,55,72,91.64,82.43267890987747
2023-11-16,S004-P0008,Furniture,63,89,94.54,73.99046773267325
2023-11-17,S004-P0008,Furniture,67,105,75.87,111.1062889950608
2023-11-18,S004-P0008,Furniture,144,111,110.38,110.32601233099426
2023-11-19,S004-P0008,Furniture,86,127,102.78,74.54675348226476
2023-11-20,S004-P0008,Furniture,45,150,74.25,90.31485701178094
2023-11-21,S004-P0008,Furniture,68,121,96.37,65.22000573720334
2023-11-22,S004-P0008,Furniture,110,123,100.07,80.79086407674238
2023-11-23,S004-P0008,Furniture,67,184,100.86,72.26687718262778
2023-11-24,S004-P0008,Furniture,172,104,99.71,94.38373948669965
2023-11-25,S004-P0008,Furniture,95,168,105.85,67.69242694663666
2023-11-26,S004-P0008,Furniture,49,78,85.07,68.14306037198573
2023-11-27,S004-P0008,Furniture,24,90,84.94,73.90133351956764
2023-11-28,S004-P0008,Furniture,49,65,85.01,73.58611084778174
2023-11-29,S004-P0008,Furniture,123,65,109.66,81.77426081339996
2023-11-30,S004-P0008,Furniture,65,127,100.38,66.5209866783961
2023-12-01,S004-P0008,Furniture,94,76,94.84,65.73338868498405
2023-12-02,S004-P0008,Furniture,72,79,97.72,66.4943554557633
2023-12-03,S004-P0008,Furniture,39,95,86.21,66.94498888111237
2023-12-04,S004-P0008,Furniture,101,107,97.11,87.34024548514437
2023-12-05,S004-P0008,Furniture,130,104,93.38,104.78773546373004
2023-12-06,S004-P0008,Furniture,58,155,92.95,81.55238534589039
2023-12-07,S004-P0008,Furniture,51,107,85.71,81.14626168488809
2023-12-08,S004-P0008,Furniture,42,123,87.12,67.11068111006999
2023-12-09,S004-P0008,Furniture,63,77,89.61,83.22019810528693
2023-12-10,S004-P0008,Furniture,57,77,92.28,67.11174129108292
2023-12-11,S004-P0008,Furniture,48,81,89.32,67.1899774413108
2023-12-12,S004-P0008,Furniture,117,100,89.76,88.79705151024075
2023-12-13,S004-P0008,Furniture,98,119,106.89,76.50645115468328
2023-12-14,S004-P0008,Furniture,111,150,99.66,97.83494014574924
2023-12-15,S004-P0008,Furniture,50,159,67.58,90.20278127250938
2023-12-16,S004-P0008,Furniture,51,125,95.13,84.94400285565774
2023-12-17,S004-P0008,Furniture,121,68,102.85,97.66085219639761
2023-12-18,S004-P0008,Furniture,93,129,105.12,67.89117390696566
2023-12-19,S004-P0008,Furniture,112,111,111.9,84.00157371403711
2023-12-20,S004-P0008,Furniture,105,116,103.81,88.53933570346265
2023-12-21,S004-P0008,Furniture,85,94,102.24,82.83176952783185
2023-12-22,S004-P0008,Furniture,72,124,78.33,88.84101018857936
2023-12-23,S004-P0008,Furniture,71,145,87.25,88.32999666812009
2023-12-24,S004-P0008,Furniture,35,64,89.05,75.16136023674632
2023-12-25,S004-P0008,Furniture,59,88,88.56,75.27905895551834
2023-12-26,S004-P0008,Furniture,106,119,98.65,97.11262730846694
2023-12-27,S004-P0008,Furniture,42,148,87.07,30.747305517694297
2023-12-28,S004-P0008,Furniture,52,116,81.62,31.46756575008457
2023-12-29,S004-P0008,Furniture,22,59,79.98,31.800279368887598
2023-12-30,S004-P0008,Furniture,38,95,85.6,38.59179373960598
2023-12-31,S004-P0008,Furniture,30,55,78.63,31.0556911300135
2024-01-01,S004-P0008,Furniture,49,71,84.75,37.082139910556066
2024-01-02,S004-P0008,Furniture,18,79,78.81,37.77165344169033
2024-01-03,S004-P0008,Furniture,51,66,76.08,37.54077146623412
2024-01-04,S004-P0008,Furniture,34,91,75.91,41.61779377031045
2024-01-05,S004-P0008,Furniture,37,65,72.7,51.12782118091443
2024-01-06,S004-P0008,Furniture,28,87,77.94,37.00673177363154
2024-01-07,S004-P0008,Furniture,46,59,79.56,34.37991622448632
2024-01-08,S004-P0008,Furniture,6,64,78.52,35.90968576531881
2024-01-09,S004-P0008,Furniture,49,57,80.81,88.13780066843287
2024-01-10,S004-P0008,Furniture,79,78,95.03,75.11100035599483
2024-01-11,S004-P0008,Furniture,103,87,87.1,106.73274037285572
2024-01-12,S004-P0008,Furniture,47,90,80.0,68.29836393216901
2024-01-13,S004-P0008,Furniture,66,100,100.55,75.02373474894819
2024-01-14,S004-P0008,Furniture,96,93,100.93,75.08867689053491
2024-01-15,S004-P0008,Furniture,71,109,87.58,74.80556883333136
2024-01-16,S004-P0008,Furniture,140,140,108.96,88.48626144935987
2024-01-17,S004-P0008,Furniture,120,141,96.74,88.9601266542012
2024-01-18,S004-P0008,Furniture,46,169,93.39,68.10358557231736
2024-01-19,S004-P0008,Furniture,76,116,89.39,68.4219897343729
2024-01-20,S004-P0008,Furniture,81,117,106.19,82.67526874840682
2024-01-21,S004-P0008,Furniture,101,118,113.84,67.11174129108292
2024-01-22,S004-P0008,Furniture,44,109,83.1,73.98801533033286
2024-01-23,S004-P0008,Furniture,72,75,87.36,94.86431841805212
2024-01-24,S004-P0008,Furniture,78,74,78.78,88.11669138461987
2024-01-25,S004-P0008,Furniture,96,99,111.7,72.1637341002164
2024-01-26,S004-P0008,Furniture,109,118,116.52,80.59994704165598
2024-01-27,S004-P0008,Furniture,83,140,86.53,94.74858828254887
2024-01-28,S004-P0008,Furniture,73,148,88.42,81.79891414688525
2024-01-29,S004-P0008,Furniture,83,85,91.33,82.14823931518397
2024-01-30,S004-P0008,Furniture,69,92,86.87,66.61498171800365
2023-10-03,S004-P0009,Clothing,97,389,87.18,110.85741267812435
2023-10-04,S004-P0009,Clothing,52,284,93.72,86.0849650104258
2023-10-05,S004-P0009,Clothing,121,235,125.34,108.30546024825983
2023-10-06,S004-P0009,Clothing,91,97,119.85,106.75211777818811
2023-10-07,S004-P0009,Clothing,55,20,99.97,89.04434978896028
2023-10-08,S004-P0009,Clothing,99,330,104.63,121.95958323659498
2023-10-09,S004-P0009,Clothing,132,268,116.5,110.53432927805194
2023-10-10,S004-P0009,Clothing,98,120,110.67,89.67978364897259
2023-10-11,S004-P0009,Clothing,62,382,107.86,87.78766084571141
2023-10-12,S004-P0009,Clothing,60,343,91.76,88.15294907723361
2023-10-13,S004-P0009,Clothing,73,279,101.12,99.31554368724215
2023-10-14,S004-P0009,Clothing,115,216,110.11,143.544329780648
2023-10-15,S004-P0009,Clothing,140,88,125.59,111.01580992466208
2023-10-16,S004-P0009,Clothing,43,236,95.42,91.3206608345279
2023-10-17,S004-P0009,Clothing,141,192,139.91,99.10932467692687
2023-10-18,S004-P0009,Clothing,86,445,100.66,130.12670486075797
2023-10-19,S004-P0009,Clothing,105,379,113.13,87.78878237969985
2023-10-20,S004-P0009,Clothing,50,258,93.14,90.55804423966579
2023-10-21,S004-P0009,Clothing,104,206,95.16,126.06151566459165
2023-10-22,S004-P0009,Clothing,50,463,97.97,91.44371266867611
2023-10-23,S004-P0009,Clothing,134,404,97.65,128.8992841095679
2023-10-24,S004-P0009,Clothing,131,278,122.54,89.76112965060464
2023-10-25,S004-P0009,Clothing,133,145,116.99,105.92358277897846
2023-10-26,S004-P0009,Clothing,151,328,116.35,136.18933357282106
2023-10-27,S004-P0009,Clothing,133,166,109.33,136.52001479815897
2023-10-28,S004-P0009,Clothing,75,507,86.04,112.31851043651572
2023-10-29,S004-P0009,Clothing,73,420,101.54,87.4696318754191
2023-10-30,S004-P0009,Clothing,83,336,110.73,88.34087981962199
2023-10-31,S004-P0009,Clothing,174,280,138.52,104.29561275279364
2023-11-01,S004-P0009,Clothing,82,96,116.32,86.56156468053818
2023-11-02,S004-P0009,Clothing,134,0,97.75,124.88320942038521
2023-11-03,S004-P0009,Clothing,101,559,111.49,115.90607998964428
2023-11-04,S004-P0009,Clothing,82,455,104.36,125.68750182008876
2023-11-05,S004-P0009,Clothing,155,389,145.68,94.256907493269
2023-11-06,S004-P0009,Clothing,76,245,102.58,88.35599357909115
2023-11-07,S004-P0009,Clothing,47,198,92.16,103.67966074794383
2023-11-08,S004-P0009,Clothing,91,714,89.95,125.90656165145704
2023-11-09,S004-P0009,Clothing,92,643,114.03,92.81751717953301
2023-11-10,S004-P0009,Clothing,75,538,113.3,103.5792828211462
2023-11-11,S004-P0009,Clothing,103,462,112.02,104.40862256916205
2023-11-12,S004-P0009,Clothing,94,396,121.07,94.0323507836034
2023-11-13,S004-P0009,Clothing,98,292,87.46,116.91034619181526
2023-11-14,S004-P0009,Clothing,113,223,96.55,118.21040245113511
2023-11-15,S004-P0009,Clothing,121,152,125.23,104.60461867464726
2023-11-16,S004-P0009,Clothing,98,420,116.54,93.20377934586915
2023-11-17,S004-P0009,Clothing,95,329,121.33,103.54048860058556
2023-11-18,S004-P0009,Clothing,77,238,92.16,140.658465662911
2023-11-19,S004-P0009,Clothing,75,171,101.8,93.53862489155311
2023-11-20,S004-P0009,Clothing,38,345,93.5,87.11832278327941
2023-11-21,S004-P0009,Clothing,118,306,117.47,118.02700925780232
2023-11-22,S004-P0009,Clothing,122,213,125.83,104.66956081623398
2023-11-23,S004-P0009,Clothing,88,120,112.45,92.8907206107609
2023-11-24,S004-P0009,Clothing,70,455,100.25,94.63377461705605
2023-11-25,S004-P0009,Clothing,91,382,91.01,114.37472689603683
2023-11-26,S004-P0009,Clothing,94,278,108.91,87.48031238255989
2023-11-27,S004-P0009,Clothing,63,208,108.4,95.06039482947904
2023-11-28,S004-P0009,Clothing,151,170,102.63,123.26375271945132
2023-11-29,S004-P0009,Clothing,55,235,99.83,106.12787357772335
2023-11-30,S004-P0009,Clothing,126,187,127.19,86.95659253691576
2023-12-01,S004-P0009,Clothing,52,511,83.94,124.73326815418089
2023-12-02,S004-P0009,Clothing,124,458,120.18,100.67982568504762
2023-12-03,S004-P0009,Clothing,118,318,93.19,128.0741222744144
2023-12-04,S004-P0009,Clothing,59,195,76.06,129.06413205237797
2023-12-05,S004-P0009,Clothing,175,141,146.2,121.16478116091777
2023-12-06,S004-P0009,Clothing,271,369,155.42,159.63640998207188
2023-12-07,S004-P0009,Clothing,187,142,150.61,122.63022815626839
2023-12-08,S004-P0009,Clothing,161,502,148.12,104.89104141345314
2023-12-09,S004-P0009,Clothing,123,1272,119.87,120.95619445523509
2023-12-10,S004-P0009,Clothing,137,1137,118.29,99.7556525649713
2023-12-11,S004-P0009,Clothing,192,1047,137.26,105.86556631646823
2023-12-12,S004-P0009,Clothing,142,930,113.45,131.0849917498036
2023-12-13,S004-P0009,Clothing,178,815,132.55,145.57034799004654
2023-12-14,S004-P0009,Clothing,93,664,103.04,115.32872311276765
2023-12-15,S004-P0009,Clothing,74,560,112.69,104.36136330856452
2023-12-16,S004-P0009,Clothing,77,511,108.48,123.49954320385154
2023-12-17,S004-P0009,Clothing,121,429,99.04,144.10999408217663
2023-12-18,S004-P0009,Clothing,112,320,115.51,133.5034849222141
2023-12-19,S004-P0009,Clothing,113,218,128.63,122.06809878657299
2023-12-20,S004-P0009,Clothing,88,455,112.51,101.93115425205197
2023-12-21,S004-P0009,Clothing,162,402,133.65,157.48600913518783
2023-12-22,S004-P0009,Clothing,90,215,107.45,103.98974567963036
2023-12-23,S004-P0009,Clothing,45,140,96.04,100.39235484314818
2023-12-24,S004-P0009,Clothing,89,520,101.69,116.40298614388502
2023-12-25,S004-P0009,Clothing,140,465,132.67,114.63224426695304
2023-12-26,S004-P0009,Clothing,111,323,108.63,148.25011676808654
2023-12-27,S004-P0009,Clothing,131,238,129.21,104.4300926979872
2023-12-28,S004-P0009,Clothing,103,637,106.56,108.3631065998578
2023-12-29,S004-P0009,Clothing,107,568,113.79,108.504186847571
2023-12-30,S004-P0009,Clothing,40,453,94.06,126.12330695506286
2023-12-31,S004-P0009,Clothing,143,428,120.46,108.33933151111408
2024-01-01,S004-P0009,Clothing,121,287,132.09,125.53948012987945
2024-01-02,S004-P0009,Clothing,166,186,114.09,156.80302515343894
2024-01-03,S004-P0009,Clothing,115,537,116.45,105.9201378364865
2024-01-04,S004-P0009,Clothing,116,450,111.15,116.60148167130606
2024-01-05,S004-P0009,Clothing,188,319,151.23,128.7058753611865
2024-01-06,S004-P0009,Clothing,195,122,123.04,154.47591078756545
2024-01-07,S004-P0009,Clothing,110,0,115.06,117.44592926296063
2024-01-08,S004-P0009,Clothing,132,565,116.66,124.56785654001455
2024-01-09,S004-P0009,Clothing,82,475,99.37,128.56104894477895
2024-01-10,S004-P0009,Clothing,125,385,127.0,116.3220404269991
2024-01-11,S004-P0009,Clothing,142,299,106.67,159.7261159317008
2024-01-12,S004-P0009,Clothing,101,165,123.8,103.51877911586968
2024-01-13,S004-P0009,Clothing,118,438,117.81,116.48437988380617
2024-01-14,S004-P0009,Clothing,89,306,113.05,116.36837099912661
2024-01-15,S004-P0009,Clothing,88,211,112.59,115.77773536355113
2024-01-16,S004-P0009,Clothing,169,153,129.38,130.4336627323731
2024-01-17,S004-P0009,Clothing,99,353,87.7,130.87181072358405
2024-01-18,S004-P0009,Clothing,110,260,115.0,103.44134525536025
2024-01-19,S004-P0009,Clothing,60,749,102.02,103.4724539765515
2024-01-20,S004-P0009,Clothing,192,695,114.35,153.4131681846204
2024-01-21,S004-P0009,Clothing,84,528,94.27,128.1035373971542
2024-01-22,S004-P0009,Clothing,97,467,116.18,117.1168527890296
2024-01-23,S004-P0009,Clothing,99,352,110.95,117.27325724647457
2024-01-24,S004-P0009,Clothing,176,238,123.36,133.5176624766412
2024-01-25,S004-P0009,Clothing,189,36,159.48,110.03270810583005
2024-01-26,S004-P0009,Clothing,168,328,143.4,120.69476523295971
2024-01-27,S004-P0009,Clothing,175,754,109.71,145.51695644616026
2024-01-28,S004-P0009,Clothing,82,581,116.31,120.67371845325468
2024-01-29,S004-P0009,Clothing,42,510,94.97,121.81769848456007
2024-01-30,S004-P0009,Clothing,127,472,120.79,100.2370216111702
2023-10-03,S004-P0010,Groceries,103,442,24.97,129.7075218163893
2023-10-04,S004-P0010,Groceries,99,324,24.69,135.8133605332997
2023-10-05,S004-P0010,Groceries,189,219,32.09,139.11062369653743
2023-10-06,S004-P0010,Groceries,136,610,29.17,138.73752920320882
2023-10-07,S004-P0010,Groceries,78,466,19.38,95.53503872253633
2023-10-08,S004-P0010,Groceries,69,402,22.3,74.53921443864843
2023-10-09,S004-P0010,Groceries,85,1224,23.54,93.21270456964169
2023-10-10,S004-P0010,Groceries,37,1130,20.72,73.2393985710499
2023-10-11,S004-P0010,Groceries,112,1107,27.11,73.90010065896746
2023-10-12,S004-P0010,Groceries,81,1026,19.32,94.98440890980694
2023-10-13,S004-P0010,Groceries,109,951,26.86,82.02355286731179
2023-10-14,S004-P0010,Groceries,85,847,20.92,115.47333586466316
2023-10-15,S004-P0010,Groceries,109,770,28.31,91.07741935121099
2023-10-16,S004-P0010,Groceries,77,678,21.75,74.12960149362186
2023-10-17,S004-P0010,Groceries,102,596,27.66,82.37066779322294
2023-10-18,S004-P0010,Groceries,49,490,22.86,82.28916340129307
2023-10-19,S004-P0010,Groceries,112,439,25.7,94.44157315549228
2023-10-20,S004-P0010,Groceries,74,305,22.72,72.92267047976613
2023-10-21,S004-P0010,Groceries,50,218,17.5,94.61151567979121
2023-10-22,S004-P0010,Groceries,128,184,22.49,94.1565038780096
2023-10-23,S004-P0010,Groceries,68,401,22.18,73.83547007389751
2023-10-24,S004-P0010,Groceries,21,349,19.32,72.93307460101646
2023-10-25,S004-P0010,Groceries,177,325,31.13,125.99463009915168
2023-10-26,S004-P0010,Groceries,199,148,32.79,124.95369335952985
2023-10-27,S004-P0010,Groceries,63,26,24.16,125.09054050191037
2023-10-28,S004-P0010,Groceries,127,0,25.57,132.50059137018135
2023-10-29,S004-P0010,Groceries,107,847,25.34,99.89655340261311
2023-10-30,S004-P0010,Groceries,112,735,27.11,100.21020735331288
2023-10-31,S004-P0010,Groceries,132,651,27.41,124.31983051522856
2023-11-01,S004-P0010,Groceries,93,564,25.5,99.63571640431158
2023-11-02,S004-P0010,Groceries,163,508,26.83,146.1566825677457
2023-11-03,S004-P0010,Groceries,154,329,30.75,100.19705639713885
2023-11-04,S004-P0010,Groceries,116,148,23.37,146.6631704132166
2023-11-05,S004-P0010,Groceries,110,73,24.29,113.95997124813722
2023-11-06,S004-P0010,Groceries,52,632,20.88,100.54608550783873
2023-11-07,S004-P0010,Groceries,118,593,22.16,160.99929772876206
2023-11-08,S004-P0010,Groceries,125,498,21.19,146.9550490160644
2023-11-09,S004-P0010,Groceries,140,363,23.62,146.27233278355482
2023-11-10,S004-P0010,Groceries,43,225,20.14,124.3653320326571
2023-11-11,S004-P0010,Groceries,148,176,31.88,124.9418522950551
2023-11-12,S004-P0010,Groceries,161,574,26.43,148.37493605247155
2023-11-13,S004-P0010,Groceries,80,440,22.0,100.82914596811082
2023-11-14,S004-P0010,Groceries,57,386,22.41,97.88253180664513
2023-11-15,S004-P0010,Groceries,193,325,30.66,167.6674309109492
2023-11-16,S004-P0010,Groceries,99,846,27.38,112.4164812154278
2023-11-17,S004-P0010,Groceries,82,734,25.87,124.60231500908228
2023-11-18,S004-P0010,Groceries,84,664,24.78,125.22436594602176
2023-11-19,S004-P0010,Groceries,189,589,25.29,149.4176590859956
2023-11-20,S004-P0010,Groceries,150,437,27.34,101.02244366986925
2023-11-21,S004-P0010,Groceries,52,285,19.79,97.46840799191233
2023-11-22,S004-P0010,Groceries,90,225,21.25,166.69036968794157
2023-11-23,S004-P0010,Groceries,157,932,23.27,150.08156836745115
2023-11-24,S004-P0010,Groceries,96,769,27.11,114.07390003391563
2023-11-25,S004-P0010,Groceries,50,681,19.64,100.30969514149155
2023-11-26,S004-P0010,Groceries,113,650,27.2,100.73709434046586
2023-11-27,S004-P0010,Groceries,116,516,27.48,114.117825277825
2023-11-28,S004-P0010,Groceries,144,401,29.91,113.55647095152521
2023-11-29,S004-P0010,Groceries,133,261,27.41,126.19845213321011
2023-11-30,S004-P0010,Groceries,112,107,24.42,99.03655668916161
2023-12-01,S004-P0010,Groceries,46,2,20.45,98.61244528147485
2023-12-02,S004-P0010,Groceries,130,591,25.86,99.18956837356768
2023-12-03,S004-P0010,Groceries,130,438,27.23,99.73297645722155
2023-12-04,S004-P0010,Groceries,36,318,21.73,100.87120942613787
2023-12-05,S004-P0010,Groceries,55,282,22.3,125.52586451792082
2023-12-06,S004-P0010,Groceries,143,232,29.82,126.32173494673609
2023-12-07,S004-P0010,Groceries,180,663,31.33,125.5421493442688
2023-12-08,S004-P0010,Groceries,77,451,20.32,132.93946730604594
2023-12-09,S004-P0010,Groceries,250,387,33.16,161.10275404650574
2023-12-10,S004-P0010,Groceries,139,156,27.94,132.2390106428877
2023-12-11,S004-P0010,Groceries,59,746,17.88,134.86337598292974
2023-12-12,S004-P0010,Groceries,96,691,23.19,102.91964601522147
2023-12-13,S004-P0010,Groceries,118,582,27.71,115.91829390513261
2023-12-14,S004-P0010,Groceries,106,463,28.07,115.54580094034628
2023-12-15,S004-P0010,Groceries,129,369,28.64,105.16216223679955
2023-12-16,S004-P0010,Groceries,159,264,29.61,128.44542163624152
2023-12-17,S004-P0010,Groceries,162,79,28.15,148.9249485333298
2023-12-18,S004-P0010,Groceries,167,345,28.48,139.01988125978207
2023-12-19,S004-P0010,Groceries,82,159,24.54,127.3135465510459
2023-12-20,S004-P0010,Groceries,120,704,21.95,133.4631967648342
2023-12-21,S004-P0010,Groceries,209,573,31.94,127.68123908673728
2023-12-22,S004-P0010,Groceries,47,443,21.56,102.56447970546752
2023-12-23,S004-P0010,Groceries,103,389,27.76,100.29949391741022
2023-12-24,S004-P0010,Groceries,202,270,29.67,146.73707553718327
2023-12-25,S004-P0010,Groceries,148,1110,24.16,146.97940286277168
2023-12-26,S004-P0010,Groceries,165,970,33.38,112.12512660446383
2023-12-27,S004-P0010,Groceries,133,793,21.69,93.06060996768558
2023-12-28,S004-P0010,Groceries,60,711,20.4,72.55179787316973
2023-12-29,S004-P0010,Groceries,34,646,20.44,72.44147227922268
2023-12-30,S004-P0010,Groceries,145,611,28.41,85.45272087952829
2023-12-31,S004-P0010,Groceries,31,448,19.13,69.21458462174867
2024-01-01,S004-P0010,Groceries,153,419,29.02,99.53205455903675
2024-01-02,S004-P0010,Groceries,89,293,26.52,83.60438087498832
2024-01-03,S004-P0010,Groceries,77,866,24.14,68.41473246550596
2024-01-04,S004-P0010,Groceries,118,804,23.3,97.63289617072303
2024-01-05,S004-P0010,Groceries,123,678,22.46,112.9676665407917
2024-01-06,S004-P0010,Groceries,76,533,25.34,82.45195355283082
2024-01-07,S004-P0010,Groceries,91,465,21.34,97.31879553749694
2024-01-08,S004-P0010,Groceries,127,387,27.04,81.54566553211845
2024-01-09,S004-P0010,Groceries,101,290,27.58,99.47179265547715
2024-01-10,S004-P0010,Groceries,215,222,32.2,147.18345319239847
2024-01-11,S004-P0010,Groceries,159,91,32.86,126.05526730723611
2024-01-12,S004-P0010,Groceries,106,540,26.62,102.89803910102106
2024-01-13,S004-P0010,Groceries,114,461,25.94,112.8853454424162
2024-01-14,S004-P0010,Groceries,51,1119,20.81,112.8853454424162
2024-01-15,S004-P0010,Groceries,155,1063,29.3,114.08599275385325
2024-01-16,S004-P0010,Groceries,64,879,18.21,133.78565118078504
2024-01-17,S004-P0010,Groceries,89,839,22.54,135.45382610193477
2024-01-18,S004-P0010,Groceries,161,760,29.74,102.56235846285749
2024-01-19,S004-P0010,Groceries,119,600,26.33,103.1757353144551
2024-01-20,S004-P0010,Groceries,119,468,26.26,124.81748593391626
2024-01-21,S004-P0010,Groceries,165,337,25.01,133.26125753679807
2024-01-22,S004-P0010,Groceries,86,218,26.23,111.43197494462801
2024-01-23,S004-P0010,Groceries,138,154,26.44,110.73826350353158
2024-01-24,S004-P0010,Groceries,129,440,22.58,132.59738487591088
2024-01-25,S004-P0010,Groceries,140,290,31.07,110.13656115123638
2024-01-26,S004-P0010,Groceries,103,166,25.05,119.69453019338249
2024-01-27,S004-P0010,Groceries,131,598,25.76,145.72752554083502
2024-01-28,S004-P0010,Groceries,122,515,28.05,120.43485568650726
2024-01-29,S004-P0010,Groceries,115,383,24.64,119.55728068641446
2024-01-30,S004-P0010,Groceries,117,247,27.62,98.07696320637667
2023-10-03,S004-P0011,Clothing,112,330,59.72,86.16914729425424
2023-10-04,S004-P0011,Clothing,74,240,58.29,86.18204663466791
2023-10-05,S004-P0011,Clothing,127,194,65.89,108.24051810667311
2023-10-06,S004-P0011,Clothing,149,47,66.58,106.46679256244543
2023-10-07,S004-P0011,Clothing,127,447,55.5,117.86831956117166
2023-10-08,S004-P0011,Clothing,101,349,48.58,122.33933985367567
2023-10-09,S004-P0011,Clothing,146,240,62.72,110.53432927805194
2023-10-10,S004-P0011,Clothing,38,688,41.0,127.6781667098924
2023-10-11,S004-P0011,Clothing,102,653,54.83,87.62201611050052
2023-10-12,S004-P0011,Clothing,47,566,44.85,117.29314761145464
2023-10-13,S004-P0011,Clothing,95,511,59.57,99.66581104457156
2023-10-14,S004-P0011,Clothing,114,423,57.0,109.71710177506408
2023-10-15,S004-P0011,Clothing,71,349,52.06,110.80578753412054
2023-10-16,S004-P0011,Clothing,95,282,59.52,91.3206608345279
2023-10-17,S004-P0011,Clothing,90,202,43.9,134.55646783093485
2023-10-18,S004-P0011,Clothing,52,498,51.14,96.88219127654624
2023-10-19,S004-P0011,Clothing,95,453,56.48,116.98220680965402
2023-10-20,S004-P0011,Clothing,110,365,62.68,90.55804423966579
2023-10-21,S004-P0011,Clothing,111,261,50.19,126.06151566459165
2023-10-22,S004-P0011,Clothing,58,166,49.44,91.55972155335567
2023-10-23,S004-P0011,Clothing,147,569,55.95,129.18634453647783
2023-10-24,S004-P0011,Clothing,107,416,65.25,89.76112965060464
2023-10-25,S004-P0011,Clothing,58,341,49.73,105.71356038843692
2023-10-26,S004-P0011,Clothing,158,273,61.38,136.18933357282106
2023-10-27,S004-P0011,Clothing,103,664,61.12,104.2515443719355
2023-10-28,S004-P0011,Clothing,121,551,58.33,87.84710122426367
2023-10-29,S004-P0011,Clothing,80,477,56.59,87.4696318754191
2023-10-30,S004-P0011,Clothing,109,386,62.46,88.34087981962199
2023-10-31,S004-P0011,Clothing,74,291,55.39,104.29561275279364
2023-11-01,S004-P0011,Clothing,161,704,65.51,86.87770433871741
2023-11-02,S004-P0011,Clothing,66,559,53.94,93.3685270427961
2023-11-03,S004-P0011,Clothing,119,503,64.47,86.93855260622611
2023-11-04,S004-P0011,Clothing,120,422,48.38,125.40044139317881
2023-11-05,S004-P0011,Clothing,89,1010,61.44,94.256907493269
2023-11-06,S004-P0011,Clothing,91,945,47.11,116.5641444591772
2023-11-07,S004-P0011,Clothing,143,864,69.16,103.67966074794383
2023-11-08,S004-P0011,Clothing,64,754,53.42,93.54106454995593
2023-11-09,S004-P0011,Clothing,108,714,62.28,92.81751717953301
2023-11-10,S004-P0011,Clothing,116,646,57.35,103.85424735327446
2023-11-11,S004-P0011,Clothing,199,518,67.69,139.42244813127022
2023-11-12,S004-P0011,Clothing,104,396,58.37,94.09729292519013
2023-11-13,S004-P0011,Clothing,77,331,56.1,88.61093461141125
2023-11-14,S004-P0011,Clothing,68,247,48.88,86.20202598340164
2023-11-15,S004-P0011,Clothing,124,1070,52.32,143.44969724359015
2023-11-16,S004-P0011,Clothing,125,996,62.19,93.47874387799742
2023-11-17,S004-P0011,Clothing,107,907,48.94,139.48293260961424
2023-11-18,S004-P0011,Clothing,77,781,53.04,140.658465662911
2023-11-19,S004-P0011,Clothing,77,719,53.16,93.53862489155311
2023-11-20,S004-P0011,Clothing,121,627,64.79,87.11832278327941
2023-11-21,S004-P0011,Clothing,82,539,48.45,117.52888688357038
2023-11-22,S004-P0011,Clothing,43,453,46.77,104.66956081623398
2023-11-23,S004-P0011,Clothing,102,405,57.88,92.95566275234762
2023-11-24,S004-P0011,Clothing,121,341,55.01,126.69577118801894
2023-11-25,S004-P0011,Clothing,148,219,56.19,114.37472689603683
2023-11-26,S004-P0011,Clothing,112,75,49.8,114.18250609861727
2023-11-27,S004-P0011,Clothing,139,396,68.36,95.06039482947904
2023-11-28,S004-P0011,Clothing,118,245,57.74,95.15592881643653
2023-11-29,S004-P0011,Clothing,129,831,62.8,106.52965589950891
2023-11-30,S004-P0011,Clothing,62,702,53.05,86.85951091267366
2023-12-01,S004-P0011,Clothing,206,654,77.32,124.71593723949094
2023-12-02,S004-P0011,Clothing,60,466,52.66,100.67982568504762
2023-12-03,S004-P0011,Clothing,106,427,65.15,101.22323376870149
2023-12-04,S004-P0011,Clothing,102,346,48.8,129.3511924792879
2023-12-05,S004-P0011,Clothing,145,1238,69.5,121.2297233025045
2023-12-06,S004-P0011,Clothing,183,1090,69.41,160.77209273526324
2023-12-07,S004-P0011,Clothing,190,930,66.8,158.64724331661824
2023-12-08,S004-P0011,Clothing,92,710,55.98,104.89104141345314
2023-12-09,S004-P0011,Clothing,124,628,55.05,154.43431892582805
2023-12-10,S004-P0011,Clothing,75,522,55.64,99.63964368029174
2023-12-11,S004-P0011,Clothing,113,450,56.58,133.43122127740463
2023-12-12,S004-P0011,Clothing,93,375,56.12,102.84519088891619
2023-12-13,S004-P0011,Clothing,122,273,65.05,115.99777312784724
2023-12-14,S004-P0011,Clothing,62,133,47.83,115.32872311276765
2023-12-15,S004-P0011,Clothing,108,524,58.92,104.47737219324408
2023-12-16,S004-P0011,Clothing,101,414,47.96,154.77176736212778
2023-12-17,S004-P0011,Clothing,175,327,75.46,115.88649162229717
2023-12-18,S004-P0011,Clothing,82,133,54.1,103.62777749443617
2023-12-19,S004-P0011,Clothing,133,34,60.36,156.76914425179731
2023-12-20,S004-P0011,Clothing,77,446,53.09,102.08669217868015
2023-12-21,S004-P0011,Clothing,91,364,55.84,120.9123314301418
2023-12-22,S004-P0011,Clothing,175,297,67.91,131.51403189439324
2023-12-23,S004-P0011,Clothing,108,709,62.19,100.39235484314818
2023-12-24,S004-P0011,Clothing,110,591,62.63,114.7060240284794
2023-12-25,S004-P0011,Clothing,115,469,67.01,114.63224426695304
2023-12-26,S004-P0011,Clothing,153,371,53.42,147.28905092829535
2023-12-27,S004-P0011,Clothing,95,227,56.69,104.4300926979872
2023-12-28,S004-P0011,Clothing,59,143,55.24,106.922181756143
2023-12-29,S004-P0011,Clothing,189,606,78.37,106.9661803796141
2023-12-30,S004-P0011,Clothing,102,429,61.04,126.12330695506286
2023-12-31,S004-P0011,Clothing,120,316,61.33,106.80132504315718
2024-01-01,S004-P0011,Clothing,110,196,47.0,151.16216911399138
2024-01-02,S004-P0011,Clothing,108,867,59.04,125.06129984119681
2024-01-03,S004-P0011,Clothing,151,775,55.88,133.25300908569116
2024-01-04,S004-P0011,Clothing,114,644,57.04,143.04634958770822
2024-01-05,S004-P0011,Clothing,206,563,68.78,159.56050339985546
2024-01-06,S004-P0011,Clothing,209,340,64.91,152.19488803604833
2024-01-07,S004-P0011,Clothing,122,127,61.68,117.44592926296063
2024-01-08,S004-P0011,Clothing,161,37,68.96,124.56785654001455
2024-01-09,S004-P0011,Clothing,99,908,63.57,101.1546597035285
2024-01-10,S004-P0011,Clothing,130,810,66.67,116.38698256858582
2024-01-11,S004-P0011,Clothing,262,671,78.11,159.7261159317008
2024-01-12,S004-P0011,Clothing,8,366,38.17,103.63478800054924
2024-01-13,S004-P0011,Clothing,215,357,70.91,145.81716825003537
2024-01-14,S004-P0011,Clothing,120,173,64.57,116.30342885753988
2024-01-15,S004-P0011,Clothing,158,1307,68.31,147.16239417499006
2024-01-16,S004-P0011,Clothing,80,1212,53.78,102.01265919123563
2024-01-17,S004-P0011,Clothing,104,1146,46.12,130.87181072358405
2024-01-18,S004-P0011,Clothing,181,1040,76.73,103.44134525536025
2024-01-19,S004-P0011,Clothing,101,850,63.91,103.4724539765515
2024-01-20,S004-P0011,Clothing,101,778,54.7,155.017390319923
2024-01-21,S004-P0011,Clothing,116,683,63.84,99.39624719943072
2024-01-22,S004-P0011,Clothing,168,604,70.38,117.18179493061632
2024-01-23,S004-P0011,Clothing,131,426,66.86,117.20831510488784
2024-01-24,S004-P0011,Clothing,82,280,54.02,104.48408064092045
2024-01-25,S004-P0011,Clothing,153,221,74.85,110.03270810583005
2024-01-26,S004-P0011,Clothing,88,851,58.18,120.69476523295971
2024-01-27,S004-P0011,Clothing,55,767,46.54,111.67718793648302
2024-01-28,S004-P0011,Clothing,55,720,46.46,120.95623210422134
2024-01-29,S004-P0011,Clothing,97,680,63.24,121.75275634297334
2024-01-30,S004-P0011,Clothing,96,596,53.84,100.2370216111702
2023-10-03,S004-P0012,Electronics,137,125,118.11,110.28582890493576
2023-10-04,S004-P0012,Electronics,34,164,96.56,85.36416339609362
2023-10-05,S004-P0012,Electronics,103,140,118.25,102.4605779344622
2023-10-06,S004-P0012,Electronics,70,150,100.41,101.01328408904006
2023-10-07,S004-P0012,Electronics,46,90,86.56,50.781920632701215
2023-10-08,S004-P0012,Electronics,47,49,96.91,50.19577639084167
2023-10-09,S004-P0012,Electronics,47,68,96.82,59.50489931234065
2023-10-10,S004-P0012,Electronics,63,72,92.64,63.41528189199965
2023-10-11,S004-P0012,Electronics,49,89,92.33,50.29329941775823
2023-10-12,S004-P0012,Electronics,56,93,90.3,64.26868326430802
2023-10-13,S004-P0012,Electronics,36,88,69.25,71.23716348738519
2023-10-14,S004-P0012,Electronics,72,46,90.45,81.84259748484682
2023-10-15,S004-P0012,Electronics,61,81,96.89,59.23538336068206
2023-10-16,S004-P0012,Electronics,40,95,89.47,50.66205895362688
2023-10-17,S004-P0012,Electronics,33,69,86.47,54.88812834108391
2023-10-18,S004-P0012,Electronics,80,85,93.0,72.51071016303814
2023-10-19,S004-P0012,Electronics,88,108,118.58,49.6668281069613
2023-10-20,S004-P0012,Electronics,23,148,83.01,62.68534989428727
2023-10-21,S004-P0012,Electronics,52,131,79.06,66.97145914607079
2023-10-22,S004-P0012,Electronics,51,91,88.31,50.50276218265848
2023-10-23,S004-P0012,Electronics,70,111,105.52,50.48393641858207
2023-10-24,S004-P0012,Electronics,59,119,106.73,50.051493125628795
2023-10-25,S004-P0012,Electronics,108,73,108.02,130.63247018448516
2023-10-26,S004-P0012,Electronics,128,124,134.68,103.35102572399123
2023-10-27,S004-P0012,Electronics,119,147,124.58,103.66882389263803
2023-10-28,S004-P0012,Electronics,110,176,120.78,86.73031923895182
2023-10-29,S004-P0012,Electronics,49,60,92.2,86.57062279836819
2023-10-30,S004-P0012,Electronics,90,65,101.76,87.10594999821154
2023-10-31,S004-P0012,Electronics,65,74,109.1,103.80080727100422
2023-11-01,S004-P0012,Electronics,220,84,146.04,110.02588398389783
2023-11-02,S004-P0012,Electronics,115,189,129.31,93.82871867173921
2023-11-03,S004-P0012,Electronics,98,65,104.12,110.06151490353244
2023-11-04,S004-P0012,Electronics,153,109,137.63,95.44940413697306
2023-11-05,S004-P0012,Electronics,41,161,85.12,95.56541302165262
2023-11-06,S004-P0012,Electronics,92,116,108.15,88.09669945306949
2023-11-07,S004-P0012,Electronics,99,159,116.7,102.93939227612431
2023-11-08,S004-P0012,Electronics,92,59,102.48,93.80685993196178
2023-11-09,S004-P0012,Electronics,133,102,116.73,122.61670047975775
2023-11-10,S004-P0012,Electronics,145,158,127.14,135.75077533082037
2023-11-11,S004-P0012,Electronics,133,196,129.64,103.8796207012769
2023-11-12,S004-P0012,Electronics,115,104,110.42,94.37577648156467
2023-11-13,S004-P0012,Electronics,106,123,113.6,87.32533537124418
2023-11-14,S004-P0012,Electronics,169,162,128.41,112.1633073380528
2023-11-15,S004-P0012,Electronics,87,158,112.27,103.74638010293872
2023-11-16,S004-P0012,Electronics,113,102,128.54,92.62725774050294
2023-11-17,S004-P0012,Electronics,159,145,132.48,103.25994306676287
2023-11-18,S004-P0012,Electronics,202,214,123.47,138.10856355672982
2023-11-19,S004-P0012,Electronics,111,265,90.91,125.65745956994407
2023-11-20,S004-P0012,Electronics,74,174,101.29,85.67017903489707
2023-11-21,S004-P0012,Electronics,86,107,111.6,81.566681963998
2023-11-22,S004-P0012,Electronics,162,147,133.75,101.39393107827274
2023-11-23,S004-P0012,Electronics,214,196,120.57,125.61019304553962
2023-11-24,S004-P0012,Electronics,174,206,137.74,120.5982989255653
2023-11-25,S004-P0012,Electronics,119,203,124.38,84.85375992212623
2023-11-26,S004-P0012,Electronics,108,109,102.05,107.11620496974885
2023-11-27,S004-P0012,Electronics,139,96,132.08,92.86919582666656
2023-11-28,S004-P0012,Electronics,108,113,113.7,92.58985490651935
2023-11-29,S004-P0012,Electronics,145,97,141.47,103.07793415691356
2023-11-30,S004-P0012,Electronics,110,121,114.58,83.8269104200283
2023-12-01,S004-P0012,Electronics,108,130,126.36,83.25290869371361
2023-12-02,S004-P0012,Electronics,99,171,104.32,109.69632144305776
2023-12-03,S004-P0012,Electronics,121,69,118.65,109.79116107254814
2023-12-04,S004-P0012,Electronics,109,128,114.3,85.60151308243707
2023-12-05,S004-P0012,Electronics,130,166,128.79,102.6767186890866
2023-12-06,S004-P0012,Electronics,137,151,138.13,103.47258911790186
2023-12-07,S004-P0012,Electronics,116,117,129.91,102.40998656025164
2023-12-08,S004-P0012,Electronics,97,153,115.8,84.61615068584936
2023-12-09,S004-P0012,Electronics,81,71,98.82,132.66706341192906
2023-12-10,S004-P0012,Electronics,88,92,94.62,109.77817368730634
2023-12-11,S004-P0012,Electronics,89,119,94.95,110.19039991539043
2023-12-12,S004-P0012,Electronics,138,106,131.62,84.45363658241503
2023-12-13,S004-P0012,Electronics,105,155,107.09,95.17323729252821
2023-12-14,S004-P0012,Electronics,97,50,104.26,93.6697065916414
2023-12-15,S004-P0012,Electronics,108,114,96.27,110.66060692787627
2023-12-16,S004-P0012,Electronics,64,143,92.79,103.85002119581942
2023-12-17,S004-P0012,Electronics,144,98,114.03,123.55109544571418
2023-12-18,S004-P0012,Electronics,96,152,109.8,86.00844117058887
2023-12-19,S004-P0012,Electronics,137,42,117.35,132.5416827799308
2023-12-20,S004-P0012,Electronics,80,158,115.33,85.19816987236523
2023-12-21,S004-P0012,Electronics,113,110,115.51,104.07629677036122
2023-12-22,S004-P0012,Electronics,173,126,114.74,112.42545736230599
2023-12-23,S004-P0012,Electronics,123,203,119.78,84.19244860738046
2023-12-24,S004-P0012,Electronics,51,127,98.38,95.47326415108498
2023-12-25,S004-P0012,Electronics,160,67,111.98,127.67924533529245
2023-12-26,S004-P0012,Electronics,141,174,132.8,95.01301407095919
2023-12-27,S004-P0012,Electronics,65,200,98.32,48.63052590320118
2023-12-28,S004-P0012,Electronics,44,126,90.92,47.69121050349072
2023-12-29,S004-P0012,Electronics,37,99,92.7,47.69205201043813
2023-12-30,S004-P0012,Electronics,56,65,105.34,58.134462299447115
2023-12-31,S004-P0012,Electronics,49,70,92.33,48.62101970357088
2024-01-01,S004-P0012,Electronics,74,86,107.12,55.671649496959645
2024-01-02,S004-P0012,Electronics,67,122,109.97,55.76562584461717
2024-01-03,S004-P0012,Electronics,80,69,103.79,48.18026679847108
2024-01-04,S004-P0012,Electronics,45,83,86.43,50.58913831030468
2024-01-05,S004-P0012,Electronics,65,92,98.16,59.634919703792995
2024-01-06,S004-P0012,Electronics,49,104,97.43,54.83632023751894
2024-01-07,S004-P0012,Electronics,75,67,101.68,63.44612009977813
2024-01-08,S004-P0012,Electronics,36,73,97.45,54.068774804145534
2024-01-09,S004-P0012,Electronics,147,91,115.01,108.9579505800641
2024-01-10,S004-P0012,Electronics,121,169,118.72,95.20220501676425
2024-01-11,S004-P0012,Electronics,190,27,121.34,132.8728420735991
2024-01-12,S004-P0012,Electronics,98,153,91.71,109.83830175604234
2024-01-13,S004-P0012,Electronics,189,49,135.28,123.84025659065523
2024-01-14,S004-P0012,Electronics,128,214,115.24,94.64253006568343
2024-01-15,S004-P0012,Electronics,90,70,113.39,94.6832692453688
2024-01-16,S004-P0012,Electronics,90,97,119.29,83.59526335883808
2024-01-17,S004-P0012,Electronics,109,127,107.92,111.19766357238412
2024-01-18,S004-P0012,Electronics,144,145,107.21,112.08220651686113
2024-01-19,S004-P0012,Electronics,66,133,93.75,84.92546437536632
2024-01-20,S004-P0012,Electronics,159,93,132.53,103.83223912962781
2024-01-21,S004-P0012,Electronics,79,173,108.98,83.9289067520185
2024-01-22,S004-P0012,Electronics,107,115,113.59,125.22976533232308
2024-01-23,S004-P0012,Electronics,99,135,105.2,125.27286732588787
2024-01-24,S004-P0012,Electronics,87,160,106.65,83.13477578546961
2024-01-25,S004-P0012,Electronics,120,93,99.94,125.63396646562842
2024-01-26,S004-P0012,Electronics,81,120,115.69,101.73165063661797
2024-01-27,S004-P0012,Electronics,51,123,88.58,93.52717054713358
2024-01-28,S004-P0012,Electronics,146,67,127.82,103.09030207762142
2024-01-29,S004-P0012,Electronics,166,159,142.51,102.75527980773163
2024-01-30,S004-P0012,Electronics,91,201,119.62,83.20173054880924
2023-10-03,S004-P0013,Groceries,200,185,24.76,129.7075218163893
2023-10-04,S004-P0013,Groceries,143,0,23.62,101.6409377408169
2023-10-05,S004-P0013,Groceries,127,409,21.33,139.226632581217
2023-10-06,S004-P0013,Groceries,145,867,23.74,138.73752920320882
2023-10-07,S004-P0013,Groceries,78,765,17.3,75.12535868050796
2023-10-08,S004-P0013,Groceries,61,681,17.12,74.65522332332799
2023-10-09,S004-P0013,Groceries,110,633,20.23,93.21270456964169
2023-10-10,S004-P0013,Groceries,81,523,14.54,93.31812025805529
2023-10-11,S004-P0013,Groceries,78,469,18.21,73.83153754799868
2023-10-12,S004-P0013,Groceries,96,419,18.41,94.62962589674028
2023-10-13,S004-P0013,Groceries,54,338,16.65,82.20450389357808
2023-10-14,S004-P0013,Groceries,66,275,16.55,91.96820863640276
2023-10-15,S004-P0013,Groceries,117,206,21.84,91.35993300217766
2023-10-16,S004-P0013,Groceries,117,97,17.27,94.1500486116358
2023-10-17,S004-P0013,Groceries,51,219,13.05,100.23182157652806
2023-10-18,S004-P0013,Groceries,51,509,17.34,82.28916340129307
2023-10-19,S004-P0013,Groceries,58,453,16.07,73.45529954096006
2023-10-20,S004-P0013,Groceries,82,383,18.47,93.63875137921647
2023-10-21,S004-P0013,Groceries,41,315,15.87,73.9470911471924
2023-10-22,S004-P0013,Groceries,84,280,14.68,94.1565038780096
2023-10-23,S004-P0013,Groceries,56,219,14.16,94.43710903854574
2023-10-24,S004-P0013,Groceries,35,163,16.3,72.93307460101646
2023-10-25,S004-P0013,Groceries,261,363,29.93,157.11866755000855
2023-10-26,S004-P0013,Groceries,117,75,21.87,124.83768447485029
2023-10-27,S004-P0013,Groceries,80,0,19.35,125.09054050191037
2023-10-28,S004-P0013,Groceries,57,711,17.8,100.27494733422391
2023-10-29,S004-P0013,Groceries,115,671,20.6,99.78054451793355
2023-10-30,S004-P0013,Groceries,83,576,19.54,100.21020735331288
2023-10-31,S004-P0013,Groceries,71,518,16.83,124.59644113145916
2023-11-01,S004-P0013,Groceries,209,446,22.19,131.79627912913634
2023-11-02,S004-P0013,Groceries,160,252,26.06,112.50710036654685
2023-11-03,S004-P0013,Groceries,109,147,22.42,100.19705639713885
2023-11-04,S004-P0013,Groceries,103,527,21.98,113.6184184903199
2023-11-05,S004-P0013,Groceries,161,414,22.35,146.95362562922392
2023-11-06,S004-P0013,Groceries,97,227,18.45,100.54608550783873
2023-11-07,S004-P0013,Groceries,102,125,19.75,124.19529330984666
2023-11-08,S004-P0013,Groceries,161,416,22.36,147.08586691234106
2023-11-09,S004-P0013,Groceries,136,286,24.39,112.11455609741589
2023-11-10,S004-P0013,Groceries,111,186,20.39,124.3653320326571
2023-11-11,S004-P0013,Groceries,126,526,22.45,125.22436594602176
2023-11-12,S004-P0013,Groceries,188,377,26.68,113.52779933920084
2023-11-13,S004-P0013,Groceries,121,160,19.93,100.82914596811082
2023-11-14,S004-P0013,Groceries,112,45,18.28,134.71895027359704
2023-11-15,S004-P0013,Groceries,134,643,24.23,125.31130298569354
2023-11-16,S004-P0013,Groceries,4,517,11.95,150.13596017910254
2023-11-17,S004-P0013,Groceries,91,513,20.11,124.667257150669
2023-11-18,S004-P0013,Groceries,126,454,16.84,165.03191466462977
2023-11-19,S004-P0013,Groceries,93,335,20.23,113.08661738233653
2023-11-20,S004-P0013,Groceries,33,246,14.46,133.44412582099025
2023-11-21,S004-P0013,Groceries,104,610,17.82,133.60129392403584
2023-11-22,S004-P0013,Groceries,90,534,18.03,124.5578842951241
2023-11-23,S004-P0013,Groceries,122,468,21.02,149.7729788192059
2023-11-24,S004-P0013,Groceries,71,368,18.72,114.13884217550236
2023-11-25,S004-P0013,Groceries,82,292,14.61,129.83972873081035
2023-11-26,S004-P0013,Groceries,50,198,17.28,100.73709434046586
2023-11-27,S004-P0013,Groceries,133,161,21.79,114.117825277825
2023-11-28,S004-P0013,Groceries,89,294,19.94,113.55647095152521
2023-11-29,S004-P0013,Groceries,155,239,24.46,125.89068331728653
2023-11-30,S004-P0013,Groceries,173,398,23.1,99.03655668916161
2023-12-01,S004-P0013,Groceries,112,209,17.19,127.47941163059906
2023-12-02,S004-P0013,Groceries,116,530,19.51,131.65294820597975
2023-12-03,S004-P0013,Groceries,110,414,21.4,99.616967572542
2023-12-04,S004-P0013,Groceries,112,324,17.19,132.453519789147
2023-12-05,S004-P0013,Groceries,196,201,24.48,159.80593466677183
2023-12-06,S004-P0013,Groceries,120,429,18.76,163.19878551888425
2023-12-07,S004-P0013,Groceries,165,307,23.86,125.5421493442688
2023-12-08,S004-P0013,Groceries,85,823,19.65,100.41475727437042
2023-12-09,S004-P0013,Groceries,127,722,22.53,126.13795820610858
2023-12-10,S004-P0013,Groceries,79,574,18.27,100.09273066564262
2023-12-11,S004-P0013,Groceries,128,489,21.37,103.8798765072198
2023-12-12,S004-P0013,Groceries,157,362,25.83,102.66702646435118
2023-12-13,S004-P0013,Groceries,194,255,22.8,150.16961007503758
2023-12-14,S004-P0013,Groceries,186,68,26.55,115.61074308193301
2023-12-15,S004-P0013,Groceries,117,477,21.85,105.16216223679955
2023-12-16,S004-P0013,Groceries,4,338,14.94,128.16290798527484
2023-12-17,S004-P0013,Groceries,176,966,20.69,148.9249485333298
2023-12-18,S004-P0013,Groceries,131,756,22.81,104.79875792672556
2023-12-19,S004-P0013,Groceries,77,601,17.2,127.68625750855621
2023-12-20,S004-P0013,Groceries,148,548,18.93,133.4631967648342
2023-12-21,S004-P0013,Groceries,148,381,23.98,127.30852812922697
2023-12-22,S004-P0013,Groceries,118,255,19.61,135.55240248930394
2023-12-23,S004-P0013,Groceries,182,155,24.96,100.29949391741022
2023-12-24,S004-P0013,Groceries,130,510,20.47,113.49932877395281
2023-12-25,S004-P0013,Groceries,83,363,18.52,113.7511525224864
2023-12-26,S004-P0013,Groceries,96,963,18.39,112.30607763073012
2023-12-27,S004-P0013,Groceries,86,894,16.78,93.55523994822909
2023-12-28,S004-P0013,Groceries,48,823,16.33,72.43578898849017
2023-12-29,S004-P0013,Groceries,94,782,20.27,72.44147227922268
2023-12-30,S004-P0013,Groceries,62,707,16.28,85.45272087952829
2023-12-31,S004-P0013,Groceries,47,655,16.26,69.09857573706911
2024-01-01,S004-P0013,Groceries,116,621,19.62,82.30185672900409
2024-01-02,S004-P0013,Groceries,105,531,19.9,103.06436498857711
2024-01-03,S004-P0013,Groceries,87,424,17.86,68.38569839648581
2024-01-04,S004-P0013,Groceries,45,328,17.82,73.0208205401603
2024-01-05,S004-P0013,Groceries,114,301,18.41,113.02253229589148
2024-01-06,S004-P0013,Groceries,67,165,17.47,83.04223601972106
2024-01-07,S004-P0013,Groceries,89,90,17.94,97.30682473042233
2024-01-08,S004-P0013,Groceries,87,437,17.83,81.85343434804203
2024-01-09,S004-P0013,Groceries,111,373,19.32,133.3292298877887
2024-01-10,S004-P0013,Groceries,161,305,23.55,147.52810104739413
2024-01-11,S004-P0013,Groceries,144,174,22.51,126.12020944882283
2024-01-12,S004-P0013,Groceries,76,439,17.16,103.01404798570061
2024-01-13,S004-P0013,Groceries,85,374,19.7,112.82040330082947
2024-01-14,S004-P0013,Groceries,101,313,20.78,112.82040330082947
2024-01-15,S004-P0013,Groceries,59,218,17.88,114.08599275385325
2024-01-16,S004-P0013,Groceries,122,161,16.64,133.78565118078504
2024-01-17,S004-P0013,Groceries,173,285,19.23,135.10162548312522
2024-01-18,S004-P0013,Groceries,107,139,20.07,102.56235846285749
2024-01-19,S004-P0013,Groceries,55,412,17.6,103.1757353144551
2024-01-20,S004-P0013,Groceries,143,360,22.43,124.50971711799268
2024-01-21,S004-P0013,Groceries,51,262,16.45,100.5284289708192
2024-01-22,S004-P0013,Groceries,158,219,23.35,111.49691708621474
2024-01-23,S004-P0013,Groceries,153,545,22.99,145.8384138925532
2024-01-24,S004-P0013,Groceries,94,380,20.31,98.64438301794979
2024-01-25,S004-P0013,Groceries,212,319,21.21,146.0488040085865
2024-01-26,S004-P0013,Groceries,146,505,25.07,119.62958805179576
2024-01-27,S004-P0013,Groceries,151,390,18.11,145.57681651712778
2024-01-28,S004-P0013,Groceries,146,255,23.84,120.1523420355406
2024-01-29,S004-P0013,Groceries,120,464,19.83,119.55728068641446
2024-01-30,S004-P0013,Groceries,34,389,16.21,98.07696320637667
2023-10-03,S004-P0014,Furniture,108,112,178.33,67.6857285441168
2023-10-04,S004-P0014,Furniture,65,136,153.7,68.12417542435811
2023-10-05,S004-P0014,Furniture,145,304,209.9,88.63857675316322
2023-10-06,S004-P0014,Furniture,130,183,181.11,87.95257693569856
2023-10-07,S004-P0014,Furniture,29,353,133.29,33.140955508405234
2023-10-08,S004-P0014,Furniture,19,328,120.92,39.97433519074202
2023-10-09,S004-P0014,Furniture,87,317,138.31,49.84909526160171
2023-10-10,S004-P0014,Furniture,25,257,131.11,31.881749550337297
2023-10-11,S004-P0014,Furniture,53,229,122.44,39.65127534984439
2023-10-12,S004-P0014,Furniture,62,173,126.4,40.519587079017285
2023-10-13,S004-P0014,Furniture,32,101,142.01,36.376514244420434
2023-10-14,S004-P0014,Furniture,42,223,140.2,51.01635263330594
2023-10-15,S004-P0014,Furniture,57,197,133.77,50.7718630554418
2023-10-16,S004-P0014,Furniture,55,154,155.97,32.69825745602799
2023-10-17,S004-P0014,Furniture,29,105,132.77,44.33838853181158
2023-10-18,S004-P0014,Furniture,26,199,131.12,44.73615497139585
2023-10-19,S004-P0014,Furniture,45,171,126.49,40.519587079017285
2023-10-20,S004-P0014,Furniture,30,136,148.38,31.625558515316428
2023-10-21,S004-P0014,Furniture,40,117,139.37,32.84053953726244
2023-10-22,S004-P0014,Furniture,41,84,116.49,38.83759463012796
2023-10-23,S004-P0014,Furniture,43,134,148.97,32.520134920983175
2023-10-24,S004-P0014,Furniture,23,91,144.03,31.874820408022643
2023-10-25,S004-P0014,Furniture,121,180,195.69,83.67783156235073
2023-10-26,S004-P0014,Furniture,113,69,190.54,83.05335857930596
2023-10-27,S004-P0014,Furniture,85,268,165.5,83.21681692935962
2023-10-28,S004-P0014,Furniture,63,196,152.73,69.37391737361335
2023-10-29,S004-P0014,Furniture,65,155,153.48,69.12144627472492
2023-10-30,S004-P0014,Furniture,63,79,152.17,69.57512536261835
2023-10-31,S004-P0014,Furniture,90,165,168.27,83.31651762096561
2023-11-01,S004-P0014,Furniture,55,94,156.01,68.31007312033394
2023-11-02,S004-P0014,Furniture,85,215,148.0,97.13329633945321
2023-11-03,S004-P0014,Furniture,123,145,157.71,90.76863368248536
2023-11-04,S004-P0014,Furniture,144,257,176.24,97.94984494939902
2023-11-05,S004-P0014,Furniture,50,114,145.02,97.84525203412211
2023-11-06,S004-P0014,Furniture,70,304,148.31,69.67255240091596
2023-11-07,S004-P0014,Furniture,83,230,172.97,82.99254994933348
2023-11-08,S004-P0014,Furniture,94,165,152.38,97.9015685442134
2023-11-09,S004-P0014,Furniture,91,85,168.41,74.12720940835203
2023-11-10,S004-P0014,Furniture,133,244,162.16,108.51288744363347
2023-11-11,S004-P0014,Furniture,144,95,165.17,111.2935490576894
2023-11-12,S004-P0014,Furniture,58,278,118.18,99.63942060491813
2023-11-13,S004-P0014,Furniture,49,229,144.8,69.40546575396198
2023-11-14,S004-P0014,Furniture,95,195,142.0,91.46573553523301
2023-11-15,S004-P0014,Furniture,134,101,162.96,113.44543719992159
2023-11-16,S004-P0014,Furniture,51,205,138.24,74.26543226480152
2023-11-17,S004-P0014,Furniture,105,373,185.83,82.30460807773936
2023-11-18,S004-P0014,Furniture,102,281,174.35,83.10779990472912
2023-11-19,S004-P0014,Furniture,62,219,168.45,74.54675348226476
2023-11-20,S004-P0014,Furniture,51,173,145.45,68.26361529527361
2023-11-21,S004-P0014,Furniture,108,125,178.15,65.9716613673852
2023-11-22,S004-P0014,Furniture,68,24,164.0,80.51589954461411
2023-11-23,S004-P0014,Furniture,55,229,148.39,72.3318193242145
2023-11-24,S004-P0014,Furniture,68,169,155.86,73.66082022932892
2023-11-25,S004-P0014,Furniture,57,126,148.7,67.80843583131622
2023-11-26,S004-P0014,Furniture,54,211,163.78,68.14306037198573
2023-11-27,S004-P0014,Furniture,68,147,155.05,74.17629805169591
2023-11-28,S004-P0014,Furniture,104,92,167.11,73.79613323832328
2023-11-29,S004-P0014,Furniture,25,137,138.28,81.4992962812717
2023-11-30,S004-P0014,Furniture,97,321,171.52,66.53991393883355
2023-12-01,S004-P0014,Furniture,62,210,144.15,65.73338868498405
2023-12-02,S004-P0014,Furniture,49,154,152.39,66.4943554557633
2023-12-03,S004-P0014,Furniture,69,106,147.83,87.29120841744991
2023-12-04,S004-P0014,Furniture,102,157,183.97,67.23817761650456
2023-12-05,S004-P0014,Furniture,59,58,142.82,82.08834565747324
2023-12-06,S004-P0014,Furniture,24,247,137.42,81.55238534589039
2023-12-07,S004-P0014,Furniture,54,232,155.36,80.93623929434655
2023-12-08,S004-P0014,Furniture,66,192,146.26,67.22668999474955
2023-12-09,S004-P0014,Furniture,137,142,184.89,104.16625811758003
2023-12-10,S004-P0014,Furniture,66,53,121.79,87.27822103220811
2023-12-11,S004-P0014,Furniture,82,312,145.04,87.11230551473825
2023-12-12,S004-P0014,Furniture,65,244,137.77,88.86219170214035
2023-12-13,S004-P0014,Furniture,87,199,157.79,76.71647354522482
2023-12-14,S004-P0014,Furniture,92,145,150.28,97.83494014574924
2023-12-15,S004-P0014,Furniture,41,276,139.69,69.64827420054944
2023-12-16,S004-P0014,Furniture,177,243,171.94,107.79649957406491
2023-12-17,S004-P0014,Furniture,43,55,148.57,76.54829920047491
2023-12-18,S004-P0014,Furniture,49,343,144.44,68.00718279164522
2023-12-19,S004-P0014,Furniture,53,296,162.78,83.93663157245038
2023-12-20,S004-P0014,Furniture,71,245,165.8,68.07048606850563
2023-12-21,S004-P0014,Furniture,107,166,177.1,107.30881280638346
2023-12-22,S004-P0014,Furniture,44,101,134.67,67.91441455606909
2023-12-23,S004-P0014,Furniture,89,260,140.98,88.26485647622049
2023-12-24,S004-P0014,Furniture,149,178,191.23,97.18917976892581
2023-12-25,S004-P0014,Furniture,72,15,149.78,75.48908134605988
2023-12-26,S004-P0014,Furniture,41,346,140.01,75.19400205829716
2023-12-27,S004-P0014,Furniture,17,300,133.19,30.747305517694297
2023-12-28,S004-P0014,Furniture,37,288,145.26,31.35155686540501
2023-12-29,S004-P0014,Furniture,29,260,147.73,31.800279368887598
2023-12-30,S004-P0014,Furniture,36,240,144.5,36.666346827345315
2023-12-31,S004-P0014,Furniture,27,217,125.11,31.171700014693062
2024-01-01,S004-P0014,Furniture,64,198,128.98,37.897500829387404
2024-01-02,S004-P0014,Furniture,15,136,118.99,37.072365769510654
2024-01-03,S004-P0014,Furniture,57,120,141.26,30.523846153348902
2024-01-04,S004-P0014,Furniture,42,53,148.36,34.094673164141454
2024-01-05,S004-P0014,Furniture,43,145,141.08,51.12782118091443
2024-01-06,S004-P0014,Furniture,51,100,153.46,37.00673177363154
2024-01-07,S004-P0014,Furniture,30,67,133.41,34.37991622448632
2024-01-08,S004-P0014,Furniture,32,149,134.85,35.97462790690555
2024-01-09,S004-P0014,Furniture,74,112,158.44,88.13780066843287
2024-01-10,S004-P0014,Furniture,69,57,164.17,74.99499147131527
2024-01-11,S004-P0014,Furniture,101,179,165.39,83.79817124253792
2024-01-12,S004-P0014,Furniture,86,68,174.64,68.18235504748945
2024-01-13,S004-P0014,Furniture,117,169,193.46,75.08867689053491
2024-01-14,S004-P0014,Furniture,104,237,195.33,75.02373474894819
2024-01-15,S004-P0014,Furniture,54,158,147.44,74.80556883333136
2024-01-16,S004-P0014,Furniture,108,326,159.54,88.48626144935987
2024-01-17,S004-P0014,Furniture,70,229,156.05,68.49367047954574
2024-01-18,S004-P0014,Furniture,82,157,144.86,88.77197511297005
2024-01-19,S004-P0014,Furniture,78,63,153.09,89.10210767307323
2024-01-20,S004-P0014,Furniture,110,199,170.12,102.95655765854903
2024-01-21,S004-P0014,Furniture,110,68,160.58,87.69483960191147
2024-01-22,S004-P0014,Furniture,103,218,147.67,94.82121642448733
2024-01-23,S004-P0014,Furniture,90,137,168.0,73.65067588431177
2024-01-24,S004-P0014,Furniture,65,238,170.31,66.47874598895704
2024-01-25,S004-P0014,Furniture,57,167,157.17,72.1637341002164
2024-01-26,S004-P0014,Furniture,85,111,173.79,80.6648891832427
2024-01-27,S004-P0014,Furniture,112,148,142.69,94.88493968575156
2024-01-28,S004-P0014,Furniture,126,45,188.25,81.79891414688525
2024-01-29,S004-P0014,Furniture,83,252,164.0,82.14823931518397
2024-01-30,S004-P0014,Furniture,39,379,138.93,66.61498171800365
2023-10-03,S004-P0015,Furniture,74,253,91.92,67.6857285441168
2023-10-04,S004-P0015,Furniture,50,167,88.54,68.12417542435811
2023-10-05,S004-P0015,Furniture,59,119,87.12,88.70351889474995
2023-10-06,S004-P0015,Furniture,137,274,106.88,110.74962180318707
2023-10-07,S004-P0015,Furniture,38,190,71.75,38.522517403025276
2023-10-08,S004-P0015,Furniture,12,147,67.83,39.97433519074202
2023-10-09,S004-P0015,Furniture,46,474,73.48,49.87460826404852
2023-10-10,S004-P0015,Furniture,53,432,89.43,31.881749550337297
2023-10-11,S004-P0015,Furniture,19,394,77.75,32.54452837167903
2023-10-12,S004-P0015,Furniture,31,379,73.71,32.29234662380787
2023-10-13,S004-P0015,Furniture,29,350,81.05,36.31157210283369
2023-10-14,S004-P0015,Furniture,74,319,96.8,39.28746002295421
2023-10-15,S004-P0015,Furniture,68,265,71.09,50.60460796931417
2023-10-16,S004-P0015,Furniture,72,219,101.2,32.69825745602799
2023-10-17,S004-P0015,Furniture,39,160,84.7,36.22869017998062
2023-10-18,S004-P0015,Furniture,75,320,97.09,36.14718578805075
2023-10-19,S004-P0015,Furniture,44,271,86.58,31.928179926274105
2023-10-20,S004-P0015,Furniture,40,225,80.56,31.74156739999599
2023-10-21,S004-P0015,Furniture,16,198,76.62,32.72453065258287
2023-10-22,S004-P0015,Furniture,46,187,73.49,38.83759463012796
2023-10-23,S004-P0015,Furniture,23,149,75.19,32.520134920983175
2023-10-24,S004-P0015,Furniture,42,135,76.61,38.29158603086858
2023-10-25,S004-P0015,Furniture,42,216,85.76,83.67783156235073
2023-10-26,S004-P0015,Furniture,79,174,83.06,108.49440247095276
2023-10-27,S004-P0015,Furniture,87,104,101.24,83.21681692935962
2023-10-28,S004-P0015,Furniture,6,199,58.46,89.32958420103728
2023-10-29,S004-P0015,Furniture,83,406,90.07,69.12144627472492
2023-10-30,S004-P0015,Furniture,55,322,90.22,69.45911647793879
2023-10-31,S004-P0015,Furniture,86,269,106.25,83.25157547937889
2023-11-01,S004-P0015,Furniture,80,215,93.69,89.90725549934727
2023-11-02,S004-P0015,Furniture,106,147,102.41,97.13329633945321
2023-11-03,S004-P0015,Furniture,69,301,95.21,68.42375211189199
2023-11-04,S004-P0015,Furniture,19,251,73.8,75.2838659910373
2023-11-05,S004-P0015,Furniture,94,524,93.55,75.65449011312988
2023-11-06,S004-P0015,Furniture,81,459,104.35,69.39594178468536
2023-11-07,S004-P0015,Furniture,49,404,92.95,82.99254994933348
2023-11-08,S004-P0015,Furniture,93,372,92.99,74.91447981389776
2023-11-09,S004-P0015,Furniture,67,299,89.84,73.91718701781049
2023-11-10,S004-P0015,Furniture,66,245,94.09,82.32160087549782
2023-11-11,S004-P0015,Furniture,107,517,96.83,110.39999343420905
2023-11-12,S004-P0015,Furniture,93,389,103.45,75.12830469833152
2023-11-13,S004-P0015,Furniture,76,333,92.78,69.40546575396198
2023-11-14,S004-P0015,Furniture,93,256,93.15,68.08956177811464
2023-11-15,S004-P0015,Furniture,94,176,109.44,82.43267890987747
2023-11-16,S004-P0015,Furniture,75,63,102.15,73.99046773267325
2023-11-17,S004-P0015,Furniture,29,294,85.47,82.23966593615263
2023-11-18,S004-P0015,Furniture,105,273,96.81,83.10779990472912
2023-11-19,S004-P0015,Furniture,97,182,99.48,74.82171801439303
2023-11-20,S004-P0015,Furniture,95,108,87.74,90.31485701178094
2023-11-21,S004-P0015,Furniture,81,275,89.24,90.58037804430614
2023-11-22,S004-P0015,Furniture,149,203,92.14,112.09434592831911
2023-11-23,S004-P0015,Furniture,69,80,76.18,100.31447987154647
2023-11-24,S004-P0015,Furniture,29,319,85.56,73.5958780877422
2023-11-25,S004-P0015,Furniture,60,661,82.85,67.80843583131622
2023-11-26,S004-P0015,Furniture,60,589,72.67,87.00166936047336
2023-11-27,S004-P0015,Furniture,47,525,78.71,94.86735298743162
2023-11-28,S004-P0015,Furniture,113,475,99.4,93.10375613443459
2023-11-29,S004-P0015,Furniture,85,384,100.67,81.56423842285842
2023-11-30,S004-P0015,Furniture,60,297,87.29,66.53991393883355
2023-12-01,S004-P0015,Furniture,61,244,87.48,65.73338868498405
2023-12-02,S004-P0015,Furniture,110,172,92.17,86.77297281780035
2023-12-03,S004-P0015,Furniture,112,57,82.52,86.77503778898593
2023-12-04,S004-P0015,Furniture,89,150,91.95,67.35418650118412
2023-12-05,S004-P0015,Furniture,98,345,105.06,81.81338112534497
2023-12-06,S004-P0015,Furniture,95,267,78.15,107.3829711358829
2023-12-07,S004-P0015,Furniture,34,181,74.71,81.14626168488809
2023-12-08,S004-P0015,Furniture,51,438,93.61,67.11068111006999
2023-12-09,S004-P0015,Furniture,87,388,101.42,83.01017571474539
2023-12-10,S004-P0015,Furniture,53,309,84.97,67.11174129108292
2023-12-11,S004-P0015,Furniture,30,248,73.51,67.30598632599036
2023-12-12,S004-P0015,Furniture,35,213,87.7,68.41899337490591
2023-12-13,S004-P0015,Furniture,68,190,84.67,97.63185286684666
2023-12-14,S004-P0015,Furniture,96,133,83.55,97.83494014574924
2023-12-15,S004-P0015,Furniture,50,72,84.14,69.53226531586988
2023-12-16,S004-P0015,Furniture,119,274,95.65,106.86338959444612
2023-12-17,S004-P0015,Furniture,66,373,70.49,97.66085219639761
2023-12-18,S004-P0015,Furniture,85,323,100.6,67.89117390696566
2023-12-19,S004-P0015,Furniture,100,259,95.29,84.21159610457865
2023-12-20,S004-P0015,Furniture,89,187,102.24,67.97340444426352
2023-12-21,S004-P0015,Furniture,68,304,89.98,82.89671166941858
2023-12-22,S004-P0015,Furniture,37,263,75.55,67.91441455606909
2023-12-23,S004-P0015,Furniture,74,232,91.78,67.42108210393778
2023-12-24,S004-P0015,Furniture,77,167,97.79,75.16136023674632
2023-12-25,S004-P0015,Furniture,120,107,101.43,97.32498604075644
2023-12-26,S004-P0015,Furniture,79,262,93.74,74.98397966775562
2023-12-27,S004-P0015,Furniture,51,175,79.48,38.63047509036826
2023-12-28,S004-P0015,Furniture,47,522,78.21,38.57719215171701
2023-12-29,S004-P0015,Furniture,26,471,84.33,31.800279368887598
2023-12-30,S004-P0015,Furniture,27,444,80.59,38.59179373960598
2023-12-31,S004-P0015,Furniture,25,424,75.74,31.0556911300135
2024-01-01,S004-P0015,Furniture,53,409,84.82,38.460097184617425
2024-01-02,S004-P0015,Furniture,21,375,82.51,37.77165344169033
2024-01-03,S004-P0015,Furniture,26,356,60.25,37.54077146623412
2024-01-04,S004-P0015,Furniture,23,339,71.34,34.21068204882102
2024-01-05,S004-P0015,Furniture,23,321,75.27,38.43687725446125
2024-01-06,S004-P0015,Furniture,42,295,85.91,36.72421812266486
2024-01-07,S004-P0015,Furniture,35,255,66.77,41.105370437207085
2024-01-08,S004-P0015,Furniture,46,217,87.22,35.97462790690555
2024-01-09,S004-P0015,Furniture,78,168,83.47,88.13780066843287
2024-01-10,S004-P0015,Furniture,32,91,82.1,74.99499147131527
2024-01-11,S004-P0015,Furniture,67,231,94.54,83.61722021627163
2024-01-12,S004-P0015,Furniture,21,393,74.46,88.77425399292433
2024-01-13,S004-P0015,Furniture,131,368,92.12,95.47861681229088
2024-01-14,S004-P0015,Furniture,144,275,121.1,75.08867689053491
2024-01-15,S004-P0015,Furniture,127,106,109.65,74.6895599486518
2024-01-16,S004-P0015,Furniture,69,322,94.95,67.36285471221545
2024-01-17,S004-P0015,Furniture,65,269,89.14,67.92948878512884
2024-01-18,S004-P0015,Furniture,71,622,100.82,68.10358557231736
2024-01-19,S004-P0015,Furniture,29,546,81.11,68.30598084969334
2024-01-20,S004-P0015,Furniture,55,514,85.39,102.95655765854903
2024-01-21,S004-P0015,Furniture,67,453,89.39,67.22775017576248
2024-01-22,S004-P0015,Furniture,71,375,95.97,73.92307318874613
2024-01-23,S004-P0015,Furniture,61,291,83.07,73.65067588431177
2024-01-24,S004-P0015,Furniture,69,247,99.96,66.47874598895704
2024-01-25,S004-P0015,Furniture,73,168,86.99,72.22867624180313
2024-01-26,S004-P0015,Furniture,89,111,91.45,101.44661076587236
2024-01-27,S004-P0015,Furniture,131,282,87.52,94.88493968575156
2024-01-28,S004-P0015,Furniture,88,126,76.2,103.27973220108046
2024-01-29,S004-P0015,Furniture,66,346,84.8,82.14823931518397
2024-01-30,S004-P0015,Furniture,40,292,80.54,66.61498171800365
2023-10-03,S004-P0016,Furniture,77,247,112.78,67.80173742879636
2023-10-04,S004-P0016,Furniture,109,552,119.27,88.24924449645746
2023-10-05,S004-P0016,Furniture,106,480,117.47,111.9702753764675
2023-10-06,S004-P0016,Furniture,106,370,118.28,110.74962180318707
2023-10-07,S004-P0016,Furniture,29,295,93.6,38.522517403025276
2023-10-08,S004-P0016,Furniture,22,272,100.79,32.57804549292045
2023-10-09,S004-P0016,Furniture,45,251,99.94,49.97026072300976
2023-10-10,S004-P0016,Furniture,34,204,95.54,31.99775843501686
2023-10-11,S004-P0016,Furniture,39,169,92.67,32.378883636468125
2023-10-12,S004-P0016,Furniture,42,129,109.68,32.27341936337042
2023-10-13,S004-P0016,Furniture,81,101,108.52,44.37285019955585
2023-10-14,S004-P0016,Furniture,43,39,94.3,39.49748241349575
2023-10-15,S004-P0016,Furniture,23,136,91.33,39.13144583091998
2023-10-16,S004-P0016,Furniture,21,340,95.31,32.69825745602799
2023-10-17,S004-P0016,Furniture,41,318,98.85,36.22869017998062
2023-10-18,S004-P0016,Furniture,17,272,83.97,44.5620648659344
2023-10-19,S004-P0016,Furniture,36,256,96.36,32.044188810953685
2023-10-20,S004-P0016,Furniture,22,231,91.14,31.625558515316428
2023-10-21,S004-P0016,Furniture,35,213,91.11,32.84053953726244
2023-10-22,S004-P0016,Furniture,20,189,94.89,32.42295180038002
2023-10-23,S004-P0016,Furniture,54,168,97.77,38.77148417806177
2023-10-24,S004-P0016,Furniture,28,105,93.09,31.990829292702195
2023-10-25,S004-P0016,Furniture,101,78,122.25,83.952796094479
2023-10-26,S004-P0016,Furniture,53,145,103.52,83.11830072089269
2023-10-27,S004-P0016,Furniture,68,92,115.31,83.21681692935962
2023-10-28,S004-P0016,Furniture,119,338,123.14,88.93453606975304
2023-10-29,S004-P0016,Furniture,29,211,98.82,69.00543739004536
2023-10-30,S004-P0016,Furniture,67,179,115.07,69.45911647793879
2023-10-31,S004-P0016,Furniture,85,406,122.61,83.25157547937889
2023-11-01,S004-P0016,Furniture,111,350,120.04,89.90725549934727
2023-11-02,S004-P0016,Furniture,59,244,111.65,74.26326858533868
2023-11-03,S004-P0016,Furniture,81,204,108.24,89.96731714175652
2023-11-04,S004-P0016,Furniture,93,412,126.07,75.21892384945058
2023-11-05,S004-P0016,Furniture,97,331,100.6,98.24030016540635
2023-11-06,S004-P0016,Furniture,58,254,105.21,69.67255240091596
2023-11-07,S004-P0016,Furniture,90,185,112.27,83.26751448146175
2023-11-08,S004-P0016,Furniture,99,359,121.64,74.91447981389776
2023-11-09,S004-P0016,Furniture,117,296,115.6,97.10858345838298
2023-11-10,S004-P0016,Furniture,90,210,112.08,82.59656540762609
2023-11-11,S004-P0016,Furniture,90,108,118.09,83.49165996208622
2023-11-12,S004-P0016,Furniture,117,450,107.49,99.63942060491813
2023-11-13,S004-P0016,Furniture,85,311,109.7,89.2959752667888
2023-11-14,S004-P0016,Furniture,48,214,106.96,67.83694222724435
2023-11-15,S004-P0016,Furniture,50,157,113.23,82.43267890987747
2023-11-16,S004-P0016,Furniture,89,98,130.79,73.99046773267325
2023-11-17,S004-P0016,Furniture,111,13,112.33,111.22199515962633
2023-11-18,S004-P0016,Furniture,82,155,127.41,82.61526386322092
2023-11-19,S004-P0016,Furniture,99,378,121.57,99.83982213851702
2023-11-20,S004-P0016,Furniture,88,277,123.56,68.14760641059405
2023-11-21,S004-P0016,Furniture,65,189,102.65,90.58037804430614
2023-11-22,S004-P0016,Furniture,83,149,115.09,80.79086407674238
2023-11-23,S004-P0016,Furniture,76,288,99.81,100.31447987154647
2023-11-24,S004-P0016,Furniture,36,198,107.0,73.5958780877422
2023-11-25,S004-P0016,Furniture,91,170,131.8,67.69242694663666
2023-11-26,S004-P0016,Furniture,91,83,118.34,68.25906925666528
2023-11-27,S004-P0016,Furniture,97,13,134.41,73.90133351956764
2023-11-28,S004-P0016,Furniture,61,234,118.09,73.52116870619501
2023-11-29,S004-P0016,Furniture,81,176,127.24,81.4992962812717
2023-11-30,S004-P0016,Furniture,42,455,104.5,66.42390505415399
2023-12-01,S004-P0016,Furniture,65,421,85.61,82.89719591987645
2023-12-02,S004-P0016,Furniture,76,361,112.73,66.4943554557633
2023-12-03,S004-P0016,Furniture,43,286,93.79,87.29120841744991
2023-12-04,S004-P0016,Furniture,94,256,112.99,87.34024548514437
2023-12-05,S004-P0016,Furniture,106,161,124.63,103.73840194943018
2023-12-06,S004-P0016,Furniture,57,56,110.44,81.55238534589039
2023-12-07,S004-P0016,Furniture,102,247,102.44,105.0471323782203
2023-12-08,S004-P0016,Furniture,138,134,129.69,87.91818159456359
2023-12-09,S004-P0016,Furniture,84,0,115.63,83.22019810528693
2023-12-10,S004-P0016,Furniture,71,309,110.76,67.11174129108292
2023-12-11,S004-P0016,Furniture,70,728,110.42,67.1899774413108
2023-12-12,S004-P0016,Furniture,86,654,116.32,68.6716129257762
2023-12-13,S004-P0016,Furniture,85,576,110.25,76.71647354522482
2023-12-14,S004-P0016,Furniture,47,478,100.81,75.69725030515305
2023-12-15,S004-P0016,Furniture,62,446,106.77,69.64827420054944
2023-12-16,S004-P0016,Furniture,96,396,120.47,85.43653889716595
2023-12-17,S004-P0016,Furniture,73,336,117.31,76.48335705888819
2023-12-18,S004-P0016,Furniture,76,249,89.04,87.93197817839331
2023-12-19,S004-P0016,Furniture,58,195,99.99,84.21159610457865
2023-12-20,S004-P0016,Furniture,33,147,95.1,68.22602399513381
2023-12-21,S004-P0016,Furniture,127,315,140.09,82.83176952783185
2023-12-22,S004-P0016,Furniture,113,185,127.23,88.82367927388941
2023-12-23,S004-P0016,Furniture,88,85,98.94,88.26485647622049
2023-12-24,S004-P0016,Furniture,41,354,109.51,75.16136023674632
2023-12-25,S004-P0016,Furniture,74,322,118.03,75.27905895551834
2023-12-26,S004-P0016,Furniture,100,254,109.49,97.11262730846694
2023-12-27,S004-P0016,Furniture,27,137,97.99,30.650223893452182
2023-12-28,S004-P0016,Furniture,27,120,102.99,31.448638489647127
2023-12-29,S004-P0016,Furniture,40,389,109.08,31.800279368887598
2023-12-30,S004-P0016,Furniture,51,343,97.28,36.87636921788686
2023-12-31,S004-P0016,Furniture,44,304,99.7,31.171700014693062
2024-01-01,S004-P0016,Furniture,30,265,94.04,37.082139910556066
2024-01-02,S004-P0016,Furniture,51,242,102.72,36.86234337896911
2024-01-03,S004-P0016,Furniture,26,188,92.59,30.45579859812695
2024-01-04,S004-P0016,Furniture,35,168,91.22,34.21068204882102
2024-01-05,S004-P0016,Furniture,29,137,89.08,38.55288613914082
2024-01-06,S004-P0016,Furniture,35,118,101.46,36.72421812266486
2024-01-07,S004-P0016,Furniture,88,84,97.6,40.24056316382066
2024-01-08,S004-P0016,Furniture,73,13,92.6,44.526266948667775
2024-01-09,S004-P0016,Furniture,54,109,82.07,88.07266047653327
2024-01-10,S004-P0016,Furniture,111,360,106.62,95.65543781506368
2024-01-11,S004-P0016,Furniture,94,293,126.2,83.68216235785836
2024-01-12,S004-P0016,Furniture,40,216,109.11,68.18235504748945
2024-01-13,S004-P0016,Furniture,132,498,119.81,95.34226540908818
2024-01-14,S004-P0016,Furniture,48,350,95.55,95.34226540908818
2024-01-15,S004-P0016,Furniture,51,306,96.79,94.84336557793459
2024-01-16,S004-P0016,Furniture,82,248,109.14,88.48626144935987
2024-01-17,S004-P0016,Furniture,69,155,104.08,68.49367047954574
2024-01-18,S004-P0016,Furniture,110,103,106.47,88.77197511297005
2024-01-19,S004-P0016,Furniture,44,309,110.73,68.30598084969334
2024-01-20,S004-P0016,Furniture,142,266,146.5,82.95778239937349
2024-01-21,S004-P0016,Furniture,76,135,118.55,67.11174129108292
2024-01-22,S004-P0016,Furniture,81,83,114.6,73.98801533033286
2024-01-23,S004-P0016,Furniture,84,435,109.98,94.86431841805212
2024-01-24,S004-P0016,Furniture,65,351,108.22,66.38166436471494
2024-01-25,S004-P0016,Furniture,85,301,122.47,72.1637341002164
2024-01-26,S004-P0016,Furniture,91,241,124.94,80.6648891832427
2024-01-27,S004-P0016,Furniture,77,169,118.96,73.3320076859249
2024-01-28,S004-P0016,Furniture,87,78,111.03,81.79891414688525
2024-01-29,S004-P0016,Furniture,71,230,110.55,82.14823931518397
2024-01-30,S004-P0016,Furniture,43,153,110.44,66.1668089082663
2023-10-03,S004-P0017,Clothing,83,103,84.16,86.16914729425424
2023-10-04,S004-P0017,Clothing,114,113,93.29,86.20097389510536
2023-10-05,S004-P0017,Clothing,98,134,93.11,107.95519289093043
2023-10-06,S004-P0017,Clothing,114,171,108.82,106.75211777818811
2023-10-07,S004-P0017,Clothing,55,194,80.1,89.04434978896028
2023-10-08,S004-P0017,Clothing,97,146,88.09,117.76394452537548
2023-10-09,S004-P0017,Clothing,96,190,102.72,110.25936474592368
2023-10-10,S004-P0017,Clothing,162,111,89.24,127.77086290006314
2023-10-11,S004-P0017,Clothing,53,177,83.83,87.6905792214693
2023-10-12,S004-P0017,Clothing,147,114,96.22,119.2026329145585
2023-10-13,S004-P0017,Clothing,134,138,109.96,99.60086890298483
2023-10-14,S004-P0017,Clothing,88,135,94.98,109.22456573355588
2023-10-15,S004-P0017,Clothing,105,151,90.47,111.01580992466208
2023-10-16,S004-P0017,Clothing,85,189,84.8,91.43666971920746
2023-10-17,S004-P0017,Clothing,157,138,105.26,134.85413433254445
2023-10-18,S004-P0017,Clothing,153,158,110.03,130.12670486075797
2023-10-19,S004-P0017,Clothing,152,175,86.89,118.91557248764856
2023-10-20,S004-P0017,Clothing,71,183,84.81,123.6508720134639
2023-10-21,S004-P0017,Clothing,40,130,75.64,91.3897258582121
2023-10-22,S004-P0017,Clothing,41,100,71.76,91.55972155335567
2023-10-23,S004-P0017,Clothing,107,110,101.36,91.1425382994831
2023-10-24,S004-P0017,Clothing,137,134,87.75,127.9123139733014
2023-10-25,S004-P0017,Clothing,139,153,105.74,105.92358277897846
2023-10-26,S004-P0017,Clothing,161,199,101.03,136.18933357282106
2023-10-27,S004-P0017,Clothing,115,189,98.4,104.52650890406376
2023-10-28,S004-P0017,Clothing,93,201,87.03,112.31851043651572
2023-10-29,S004-P0017,Clothing,101,102,99.23,87.4696318754191
2023-10-30,S004-P0017,Clothing,50,119,78.74,88.34087981962199
2023-10-31,S004-P0017,Clothing,121,124,105.73,104.23067061120692
2023-11-01,S004-P0017,Clothing,88,156,100.08,86.56156468053818
2023-11-02,S004-P0017,Clothing,96,155,87.26,125.04838619039971
2023-11-03,S004-P0017,Clothing,93,155,91.63,87.21516322245671
2023-11-04,S004-P0017,Clothing,137,174,105.03,125.68750182008876
2023-11-05,S004-P0017,Clothing,114,205,98.31,94.32184963485572
2023-11-06,S004-P0017,Clothing,83,113,88.81,88.35599357909115
2023-11-07,S004-P0017,Clothing,143,125,90.42,136.33272154896878
2023-11-08,S004-P0017,Clothing,169,156,103.04,125.97348379973094
2023-11-09,S004-P0017,Clothing,222,161,131.45,125.25395994112158
2023-11-10,S004-P0017,Clothing,142,231,106.97,103.64422496273292
2023-11-11,S004-P0017,Clothing,142,64,101.36,104.40862256916205
2023-11-12,S004-P0017,Clothing,137,152,116.79,94.0323507836034
2023-11-13,S004-P0017,Clothing,97,159,93.16,88.61093461141125
2023-11-14,S004-P0017,Clothing,81,180,74.13,118.49746287804506
2023-11-15,S004-P0017,Clothing,117,118,82.46,142.73348854934886
2023-11-16,S004-P0017,Clothing,70,137,84.44,93.47874387799742
2023-11-17,S004-P0017,Clothing,77,116,96.3,103.54048860058556
2023-11-18,S004-P0017,Clothing,128,109,102.28,104.40862256916205
2023-11-19,S004-P0017,Clothing,97,151,98.01,93.26366035942485
2023-11-20,S004-P0017,Clothing,114,173,108.86,87.11832278327941
2023-11-21,S004-P0017,Clothing,96,146,97.73,84.01284328050141
2023-11-22,S004-P0017,Clothing,154,192,99.1,143.14199535831992
2023-11-23,S004-P0017,Clothing,101,199,94.02,131.27568840406857
2023-11-24,S004-P0017,Clothing,110,108,107.52,94.56883247546932
2023-11-25,S004-P0017,Clothing,53,137,88.09,86.82089541422646
2023-11-26,S004-P0017,Clothing,142,105,106.65,114.53470671742681
2023-11-27,S004-P0017,Clothing,115,153,98.72,95.12533697106576
2023-11-28,S004-P0017,Clothing,133,174,115.31,94.88096428430826
2023-11-29,S004-P0017,Clothing,61,195,90.76,106.06293143613662
2023-11-30,S004-P0017,Clothing,71,129,89.57,86.95659253691576
2023-12-01,S004-P0017,Clothing,112,108,97.39,100.57975918503723
2023-12-02,S004-P0017,Clothing,112,127,97.83,100.67982568504762
2023-12-03,S004-P0017,Clothing,104,161,100.36,101.22323376870149
2023-12-04,S004-P0017,Clothing,78,206,91.97,101.69229588069692
2023-12-05,S004-P0017,Clothing,148,127,108.4,121.63150562429006
2023-12-06,S004-P0017,Clothing,117,171,99.05,160.77209273526324
2023-12-07,S004-P0017,Clothing,76,170,91.12,122.56528601468166
2023-12-08,S004-P0017,Clothing,88,98,79.95,132.91690512299084
2023-12-09,S004-P0017,Clothing,145,135,113.58,120.67368080426843
2023-12-10,S004-P0017,Clothing,77,170,91.59,99.63964368029174
2023-12-11,S004-P0017,Clothing,36,120,74.05,133.43122127740463
2023-12-12,S004-P0017,Clothing,49,97,65.04,130.73279113099403
2023-12-13,S004-P0017,Clothing,111,113,102.47,116.06271526943397
2023-12-14,S004-P0017,Clothing,173,132,116.08,115.32872311276765
2023-12-15,S004-P0017,Clothing,209,148,100.74,131.75959014089028
2023-12-16,S004-P0017,Clothing,68,242,70.01,154.77176736212778
2023-12-17,S004-P0017,Clothing,100,163,99.07,115.88649162229717
2023-12-18,S004-P0017,Clothing,75,154,81.64,103.62777749443617
2023-12-19,S004-P0017,Clothing,134,139,109.97,122.13304092815972
2023-12-20,S004-P0017,Clothing,92,162,86.59,129.59381572135666
2023-12-21,S004-P0017,Clothing,67,153,88.22,120.9123314301418
2023-12-22,S004-P0017,Clothing,145,103,95.53,132.23302946706778
2023-12-23,S004-P0017,Clothing,136,172,104.98,101.93036131110509
2023-12-24,S004-P0017,Clothing,162,187,95.4,147.65372783709864
2023-12-25,S004-P0017,Clothing,101,200,89.27,116.32920638235865
2023-12-26,S004-P0017,Clothing,167,114,120.6,114.94157829930471
2023-12-27,S004-P0017,Clothing,165,176,108.18,131.537495872823
2023-12-28,S004-P0017,Clothing,128,198,113.66,106.922181756143
2023-12-29,S004-P0017,Clothing,108,224,91.35,108.504186847571
2023-12-30,S004-P0017,Clothing,191,134,128.41,126.12330695506286
2023-12-31,S004-P0017,Clothing,143,203,112.88,106.80132504315718
2024-01-01,S004-P0017,Clothing,119,202,94.51,127.20562317333733
2024-01-02,S004-P0017,Clothing,123,85,106.42,125.06129984119681
2024-01-03,S004-P0017,Clothing,117,103,94.1,105.9201378364865
2024-01-04,S004-P0017,Clothing,150,132,115.36,116.42053064503978
2024-01-05,S004-P0017,Clothing,193,136,109.8,158.16142677539472
2024-01-06,S004-P0017,Clothing,102,231,89.65,126.00789400633657
2024-01-07,S004-P0017,Clothing,106,127,100.98,117.3809871213739
2024-01-08,S004-P0017,Clothing,234,127,134.88,151.27037996327275
2024-01-09,S004-P0017,Clothing,111,237,107.84,101.1546597035285
2024-01-10,S004-P0017,Clothing,168,136,96.92,145.70054090724986
2024-01-11,S004-P0017,Clothing,95,173,97.19,123.41112588652716
2024-01-12,S004-P0017,Clothing,74,161,90.5,103.51877911586968
2024-01-13,S004-P0017,Clothing,126,109,80.51,144.99245381344687
2024-01-14,S004-P0017,Clothing,80,149,87.94,116.36837099912661
2024-01-15,S004-P0017,Clothing,108,130,91.29,115.95868638981742
2024-01-16,S004-P0017,Clothing,116,164,104.08,102.01265919123563
2024-01-17,S004-P0017,Clothing,140,188,100.68,102.61190659573565
2024-01-18,S004-P0017,Clothing,79,172,92.09,103.53842687960235
2024-01-19,S004-P0017,Clothing,127,90,107.82,103.4724539765515
2024-01-20,S004-P0017,Clothing,206,102,112.45,155.1049539265572
2024-01-21,S004-P0017,Clothing,173,208,103.3,128.0383972052546
2024-01-22,S004-P0017,Clothing,177,249,111.67,149.59802158555175
2024-01-23,S004-P0017,Clothing,28,218,79.41,117.20831510488784
2024-01-24,S004-P0017,Clothing,169,199,91.04,133.23060204973123
2024-01-25,S004-P0017,Clothing,134,253,115.81,110.03270810583005
2024-01-26,S004-P0017,Clothing,135,155,110.35,120.69476523295971
2024-01-27,S004-P0017,Clothing,68,174,69.85,145.51695644616026
2024-01-28,S004-P0017,Clothing,116,120,78.13,155.5562712943808
2024-01-29,S004-P0017,Clothing,132,101,103.66,121.81769848456007
2024-01-30,S004-P0017,Clothing,121,166,105.91,99.78884880143286
2023-10-03,S004-P0018,Furniture,65,157,148.02,67.80173742879636
2023-10-04,S004-P0018,Furniture,60,111,153.29,68.12417542435811
2023-10-05,S004-P0018,Furniture,98,132,140.04,112.69900997402135
2023-10-06,S004-P0018,Furniture,77,158,163.22,87.74255454515702
2023-10-07,S004-P0018,Furniture,37,78,117.64,38.58217258871768
2023-10-08,S004-P0018,Furniture,41,85,106.72,40.033990376434424
2023-10-09,S004-P0018,Furniture,41,101,149.77,38.84872624260285
2023-10-10,S004-P0018,Furniture,36,118,139.16,31.881749550337297
2023-10-11,S004-P0018,Furniture,15,94,133.6,32.54452837167903
2023-10-12,S004-P0018,Furniture,75,81,137.73,40.241716225128286
2023-10-13,S004-P0018,Furniture,16,104,114.38,44.18687666931902
2023-10-14,S004-P0018,Furniture,49,93,154.61,39.00494637198752
2023-10-15,S004-P0018,Furniture,39,90,119.9,50.7718630554418
2023-10-16,S004-P0018,Furniture,56,105,143.21,32.69825745602799
2023-10-17,S004-P0018,Furniture,66,106,141.18,36.43871257052216
2023-10-18,S004-P0018,Furniture,53,88,141.4,36.17263618294394
2023-10-19,S004-P0018,Furniture,47,80,116.37,40.519587079017285
2023-10-20,S004-P0018,Furniture,29,86,121.86,38.200771011309996
2023-10-21,S004-P0018,Furniture,34,101,131.34,32.72453065258287
2023-10-22,S004-P0018,Furniture,14,119,126.46,32.42295180038002
2023-10-23,S004-P0018,Furniture,31,110,136.53,32.520134920983175
2023-10-24,S004-P0018,Furniture,36,85,132.45,31.874820408022643
2023-10-25,S004-P0018,Furniture,88,110,160.58,83.952796094479
2023-10-26,S004-P0018,Furniture,95,115,156.14,83.32832311143423
2023-10-27,S004-P0018,Furniture,82,153,166.0,83.21681692935962
2023-10-28,S004-P0018,Furniture,98,63,165.76,88.93453606975304
2023-10-29,S004-P0018,Furniture,78,113,163.82,69.00543739004536
2023-10-30,S004-P0018,Furniture,54,121,149.84,69.45911647793879
2023-10-31,S004-P0018,Furniture,41,145,134.91,83.31651762096561
2023-11-01,S004-P0018,Furniture,80,97,156.33,68.62621277851316
2023-11-02,S004-P0018,Furniture,86,122,126.21,97.6502281276329
2023-11-03,S004-P0018,Furniture,105,153,134.43,90.76863368248536
2023-11-04,S004-P0018,Furniture,41,162,149.53,75.21892384945058
2023-11-05,S004-P0018,Furniture,116,120,146.53,98.24030016540635
2023-11-06,S004-P0018,Furniture,73,111,152.25,69.67255240091596
2023-11-07,S004-P0018,Furniture,80,142,148.57,83.26751448146175
2023-11-08,S004-P0018,Furniture,77,155,137.16,98.51675495413369
2023-11-09,S004-P0018,Furniture,71,83,126.0,97.62551524656267
2023-11-10,S004-P0018,Furniture,86,67,159.55,82.59656540762609
2023-11-11,S004-P0018,Furniture,70,101,150.5,83.49165996208622
2023-11-12,S004-P0018,Furniture,77,121,137.54,99.63942060491813
2023-11-13,S004-P0018,Furniture,60,148,137.78,69.52147463864154
2023-11-14,S004-P0018,Furniture,75,83,161.88,67.83694222724435
2023-11-15,S004-P0018,Furniture,130,66,174.27,113.13156209063634
2023-11-16,S004-P0018,Furniture,118,113,168.35,74.26543226480152
2023-11-17,S004-P0018,Furniture,64,138,155.71,82.23966593615263
2023-11-18,S004-P0018,Furniture,106,78,189.36,82.61526386322092
2023-11-19,S004-P0018,Furniture,77,106,146.15,99.83982213851702
2023-11-20,S004-P0018,Furniture,112,84,183.14,68.14760641059405
2023-11-21,S004-P0018,Furniture,65,121,147.86,65.9716613673852
2023-11-22,S004-P0018,Furniture,103,120,159.56,111.00365271335251
2023-11-23,S004-P0018,Furniture,91,137,170.89,72.26687718262778
2023-11-24,S004-P0018,Furniture,48,128,138.89,73.66082022932892
2023-11-25,S004-P0018,Furniture,125,71,171.98,87.57674172754525
2023-11-26,S004-P0018,Furniture,38,136,133.12,68.25906925666528
2023-11-27,S004-P0018,Furniture,80,106,173.61,73.90133351956764
2023-11-28,S004-P0018,Furniture,85,118,167.68,73.58611084778174
2023-11-29,S004-P0018,Furniture,25,103,126.13,81.77426081339996
2023-11-30,S004-P0018,Furniture,90,88,161.47,66.53991393883355
2023-12-01,S004-P0018,Furniture,70,138,142.88,65.73338868498405
2023-12-02,S004-P0018,Furniture,65,81,132.68,87.28914344626433
2023-12-03,S004-P0018,Furniture,63,87,147.42,66.94498888111237
2023-12-04,S004-P0018,Furniture,88,83,169.6,67.23817761650456
2023-12-05,S004-P0018,Furniture,62,83,139.14,103.73840194943018
2023-12-06,S004-P0018,Furniture,100,77,158.91,81.76240773643192
2023-12-07,S004-P0018,Furniture,85,112,167.6,80.87129715275982
2023-12-08,S004-P0018,Furniture,91,108,171.43,67.11068111006999
2023-12-09,S004-P0018,Furniture,88,125,161.07,83.01017571474539
2023-12-10,S004-P0018,Furniture,91,148,128.53,87.27822103220811
2023-12-11,S004-P0018,Furniture,98,197,165.79,67.30598632599036
2023-12-12,S004-P0018,Furniture,26,134,133.73,68.41899337490591
2023-12-13,S004-P0018,Furniture,72,112,128.35,97.8519911454827
2023-12-14,S004-P0018,Furniture,82,131,157.85,75.48722791461151
2023-12-15,S004-P0018,Furniture,51,169,118.43,90.20278127250938
2023-12-16,S004-P0018,Furniture,104,111,169.52,85.2265165066244
2023-12-17,S004-P0018,Furniture,118,118,158.69,97.66085219639761
2023-12-18,S004-P0018,Furniture,86,145,168.05,67.89117390696566
2023-12-19,S004-P0018,Furniture,26,152,120.12,107.29975757056076
2023-12-20,S004-P0018,Furniture,69,131,158.38,67.97340444426352
2023-12-21,S004-P0018,Furniture,120,124,169.18,107.30881280638346
2023-12-22,S004-P0018,Furniture,70,154,150.4,67.91441455606909
2023-12-23,S004-P0018,Furniture,59,83,129.62,88.32999666812009
2023-12-24,S004-P0018,Furniture,92,69,180.72,75.16136023674632
2023-12-25,S004-P0018,Furniture,113,94,165.69,75.48908134605988
2023-12-26,S004-P0018,Furniture,104,102,169.39,75.19400205829716
2023-12-27,S004-P0018,Furniture,28,123,127.46,30.718271448674134
2023-12-28,S004-P0018,Furniture,27,104,127.34,38.55986123702707
2023-12-29,S004-P0018,Furniture,32,82,129.73,31.916288253567156
2023-12-30,S004-P0018,Furniture,25,96,133.05,36.666346827345315
2023-12-31,S004-P0018,Furniture,40,73,134.78,31.0556911300135
2024-01-01,S004-P0018,Furniture,71,78,119.5,38.694851804588595
2024-01-02,S004-P0018,Furniture,34,98,124.58,37.072365769510654
2024-01-03,S004-P0018,Furniture,36,110,146.38,30.552880222369065
2024-01-04,S004-P0018,Furniture,32,86,109.55,41.47536440857648
2024-01-05,S004-P0018,Furniture,36,103,118.46,51.12782118091443
2024-01-06,S004-P0018,Furniture,24,126,139.64,36.72421812266486
2024-01-07,S004-P0018,Furniture,31,107,136.67,34.26390733980676
2024-01-08,S004-P0018,Furniture,16,74,121.27,36.09063679158512
2024-01-09,S004-P0018,Furniture,48,114,154.21,66.10499267049713
2024-01-10,S004-P0018,Furniture,62,140,138.72,75.11100035599483
2024-01-11,S004-P0018,Furniture,75,68,137.77,106.10215606161464
2024-01-12,S004-P0018,Furniture,71,64,151.38,88.77425399292433
2024-01-13,S004-P0018,Furniture,84,63,158.06,75.20468577521447
2024-01-14,S004-P0018,Furniture,59,92,152.73,75.02373474894819
2024-01-15,S004-P0018,Furniture,54,93,142.4,74.6895599486518
2024-01-16,S004-P0018,Furniture,77,100,155.15,67.36285471221545
2024-01-17,S004-P0018,Furniture,82,110,157.75,67.92948878512884
2024-01-18,S004-P0018,Furniture,51,117,140.47,68.12251283275481
2024-01-19,S004-P0018,Furniture,48,142,109.52,88.70396091403975
2024-01-20,S004-P0018,Furniture,38,113,133.56,82.95778239937349
2024-01-21,S004-P0018,Furniture,61,84,153.74,67.11174129108292
2024-01-22,S004-P0018,Furniture,159,96,177.34,94.82121642448733
2024-01-23,S004-P0018,Furniture,39,187,140.94,73.65067588431177
2024-01-24,S004-P0018,Furniture,52,160,140.92,66.38166436471494
2024-01-25,S004-P0018,Furniture,96,106,164.78,72.22867624180313
2024-01-26,S004-P0018,Furniture,69,110,149.85,101.44661076587236
2024-01-27,S004-P0018,Furniture,84,108,140.63,94.74858828254887
2024-01-28,S004-P0018,Furniture,89,103,135.83,102.39357794647373
2024-01-29,S004-P0018,Furniture,97,120,165.4,82.14823931518397
2024-01-30,S004-P0018,Furniture,66,97,156.83,66.1668089082663
2023-10-03,S004-P0019,Clothing,124,131,69.12,86.05313840957469
2023-10-04,S004-P0019,Clothing,98,133,60.59,86.18204663466791
2023-10-05,S004-P0019,Clothing,103,121,58.4,108.30546024825983
2023-10-06,S004-P0019,Clothing,104,171,58.55,106.46679256244543
2023-10-07,S004-P0019,Clothing,131,198,63.61,116.22573035466408
2023-10-08,S004-P0019,Clothing,176,227,68.46,117.76394452537548
2023-10-09,S004-P0019,Clothing,163,224,55.17,146.89648743496872
2023-10-10,S004-P0019,Clothing,68,239,57.45,89.67978364897259
2023-10-11,S004-P0019,Clothing,68,159,54.64,87.6905792214693
2023-10-12,S004-P0019,Clothing,88,118,49.27,119.2026329145585
2023-10-13,S004-P0019,Clothing,131,153,60.06,131.52557171272903
2023-10-14,S004-P0019,Clothing,96,164,54.11,109.71710177506408
2023-10-15,S004-P0019,Clothing,114,165,60.57,110.80578753412054
2023-10-16,S004-P0019,Clothing,74,201,50.09,91.43666971920746
2023-10-17,S004-P0019,Clothing,87,130,49.18,135.23389094962513
2023-10-18,S004-P0019,Clothing,92,136,56.34,96.94713341813296
2023-10-19,S004-P0019,Clothing,87,121,46.06,118.91557248764856
2023-10-20,S004-P0019,Clothing,26,122,46.23,90.55804423966579
2023-10-21,S004-P0019,Clothing,156,106,56.97,125.7744552376817
2023-10-22,S004-P0019,Clothing,148,184,67.03,91.44371266867611
2023-10-23,S004-P0019,Clothing,84,256,57.8,91.1425382994831
2023-10-24,S004-P0019,Clothing,89,170,61.8,89.76112965060464
2023-10-25,S004-P0019,Clothing,126,81,62.69,105.92358277897846
2023-10-26,S004-P0019,Clothing,143,130,65.97,136.18933357282106
2023-10-27,S004-P0019,Clothing,107,170,56.06,104.52650890406376
2023-10-28,S004-P0019,Clothing,141,178,65.48,112.31851043651572
2023-10-29,S004-P0019,Clothing,29,208,46.74,87.4696318754191
2023-10-30,S004-P0019,Clothing,77,190,56.38,88.34087981962199
2023-10-31,S004-P0019,Clothing,144,125,62.71,104.66623687488622
2023-11-01,S004-P0019,Clothing,120,117,61.45,115.72739564631098
2023-11-02,S004-P0019,Clothing,186,143,65.88,125.17026984729516
2023-11-03,S004-P0019,Clothing,88,231,52.69,87.21516322245671
2023-11-04,S004-P0019,Clothing,77,154,50.68,125.68750182008876
2023-11-05,S004-P0019,Clothing,123,85,62.11,94.6924737569483
2023-11-06,S004-P0019,Clothing,104,106,55.52,88.63260419532175
2023-11-07,S004-P0019,Clothing,87,150,55.44,103.67966074794383
2023-11-08,S004-P0019,Clothing,75,182,56.0,93.4761224083692
2023-11-09,S004-P0019,Clothing,83,106,57.55,92.75257503794629
2023-11-10,S004-P0019,Clothing,173,150,56.66,135.79347005669266
2023-11-11,S004-P0019,Clothing,146,188,66.65,104.19860017862051
2023-11-12,S004-P0019,Clothing,95,204,54.04,94.30731531573167
2023-11-13,S004-P0019,Clothing,122,100,61.96,88.72694349609081
2023-11-14,S004-P0019,Clothing,126,131,59.61,86.20202598340164
2023-11-15,S004-P0019,Clothing,174,169,59.84,142.73348854934886
2023-11-16,S004-P0019,Clothing,124,249,65.83,93.20377934586915
2023-11-17,S004-P0019,Clothing,102,106,61.36,103.60543074217229
2023-11-18,S004-P0019,Clothing,163,111,55.22,139.81636936482275
2023-11-19,S004-P0019,Clothing,87,157,58.37,93.26366035942485
2023-11-20,S004-P0019,Clothing,88,157,55.38,87.23433166795897
2023-11-21,S004-P0019,Clothing,175,185,64.52,117.52888688357038
2023-11-22,S004-P0019,Clothing,117,183,50.83,142.73348854934886
2023-11-23,S004-P0019,Clothing,86,171,55.03,93.16568514288916
2023-11-24,S004-P0019,Clothing,143,69,73.3,94.56883247546932
2023-11-25,S004-P0019,Clothing,92,137,56.26,86.93690429890601
2023-11-26,S004-P0019,Clothing,147,106,63.25,114.53470671742681
2023-11-27,S004-P0019,Clothing,151,155,59.87,125.31440999935829
2023-11-28,S004-P0019,Clothing,94,122,56.78,94.94590642589499
2023-11-29,S004-P0019,Clothing,86,138,55.19,106.12787357772335
2023-11-30,S004-P0019,Clothing,91,132,59.09,86.95659253691576
2023-12-01,S004-P0019,Clothing,105,139,58.84,100.46375030035767
2023-12-02,S004-P0019,Clothing,171,169,71.1,128.782513700298
2023-12-03,S004-P0019,Clothing,39,154,38.97,128.36118270132437
2023-12-04,S004-P0019,Clothing,136,125,68.23,101.69229588069692
2023-12-05,S004-P0019,Clothing,170,154,78.82,121.16478116091777
2023-12-06,S004-P0019,Clothing,94,145,56.67,160.77209273526324
2023-12-07,S004-P0019,Clothing,77,141,53.36,123.03201047805395
2023-12-08,S004-P0019,Clothing,90,143,59.02,104.89104141345314
2023-12-09,S004-P0019,Clothing,117,152,64.38,120.95619445523509
2023-12-10,S004-P0019,Clothing,121,159,61.7,99.7556525649713
2023-12-11,S004-P0019,Clothing,87,154,58.25,105.74955743178867
2023-12-12,S004-P0019,Clothing,132,155,56.8,131.019851557904
2023-12-13,S004-P0019,Clothing,78,149,53.52,145.57034799004654
2023-12-14,S004-P0019,Clothing,131,69,67.12,115.11870072222611
2023-12-15,S004-P0019,Clothing,120,150,61.64,104.36136330856452
2023-12-16,S004-P0019,Clothing,138,165,64.99,124.18383917660377
2023-12-17,S004-P0019,Clothing,153,178,57.19,145.07105992196782
2023-12-18,S004-P0019,Clothing,114,215,60.39,133.5034849222141
2023-12-19,S004-P0019,Clothing,90,100,55.92,122.13304092815972
2023-12-20,S004-P0019,Clothing,105,132,58.69,102.08669217868015
2023-12-21,S004-P0019,Clothing,123,110,55.12,158.27523939980665
2023-12-22,S004-P0019,Clothing,81,134,57.08,102.45173921167346
2023-12-23,S004-P0019,Clothing,160,129,69.1,129.8272621203999
2023-12-24,S004-P0019,Clothing,107,170,62.29,114.7060240284794
2023-12-25,S004-P0019,Clothing,218,151,80.36,114.69718640853976
2023-12-26,S004-P0019,Clothing,138,261,64.89,116.5735982731236
2023-12-27,S004-P0019,Clothing,156,104,68.3,131.537495872823
2023-12-28,S004-P0019,Clothing,145,164,69.85,106.922181756143
2023-12-29,S004-P0019,Clothing,98,222,57.52,106.9661803796141
2023-12-30,S004-P0019,Clothing,147,125,74.0,126.12330695506286
2023-12-31,S004-P0019,Clothing,137,175,64.7,108.33933151111408
2024-01-01,S004-P0019,Clothing,161,163,73.14,125.38184326827442
2024-01-02,S004-P0019,Clothing,59,147,50.14,125.06129984119681
2024-01-03,S004-P0019,Clothing,155,102,68.31,104.4300926979872
2024-01-04,S004-P0019,Clothing,87,181,58.39,116.4854727866265
2024-01-05,S004-P0019,Clothing,121,86,51.37,158.0276233326673
2024-01-06,S004-P0019,Clothing,139,130,72.37,125.41761153944633
2024-01-07,S004-P0019,Clothing,161,178,61.55,147.77726898834695
2024-01-08,S004-P0019,Clothing,168,174,63.43,156.46997070957448
2024-01-09,S004-P0019,Clothing,116,200,57.34,129.2627156027636
2024-01-10,S004-P0019,Clothing,82,63,54.56,116.38698256858582
2024-01-11,S004-P0019,Clothing,102,97,58.17,123.78383684403747
2024-01-12,S004-P0019,Clothing,46,125,45.11,103.63478800054924
2024-01-13,S004-P0019,Clothing,141,96,55.36,145.81716825003537
2024-01-14,S004-P0019,Clothing,10,156,38.74,116.48437988380617
2024-01-15,S004-P0019,Clothing,121,144,68.55,115.77773536355113
2024-01-16,S004-P0019,Clothing,83,128,54.63,102.01265919123563
2024-01-17,S004-P0019,Clothing,101,136,61.21,102.04772490131874
2024-01-18,S004-P0019,Clothing,152,150,57.14,132.18909356430325
2024-01-19,S004-P0019,Clothing,91,205,62.34,103.4724539765515
2024-01-20,S004-P0019,Clothing,117,146,61.15,122.42441424159085
2024-01-21,S004-P0019,Clothing,82,146,60.45,99.39624719943072
2024-01-22,S004-P0019,Clothing,157,150,64.68,149.59802158555175
2024-01-23,S004-P0019,Clothing,90,148,58.99,117.20831510488784
2024-01-24,S004-P0019,Clothing,69,172,49.03,133.5828026685408
2024-01-25,S004-P0019,Clothing,112,110,50.01,145.03676620718272
2024-01-26,S004-P0019,Clothing,258,154,82.81,157.9484354648502
2024-01-27,S004-P0019,Clothing,59,298,47.41,111.67718793648302
2024-01-28,S004-P0019,Clothing,58,240,52.51,120.67371845325468
2024-01-29,S004-P0019,Clothing,120,182,61.62,121.81769848456007
2024-01-30,S004-P0019,Clothing,126,219,62.67,100.2370216111702
2023-10-03,S004-P0020,Furniture,70,156,128.89,67.6857285441168
2023-10-04,S004-P0020,Furniture,96,253,133.97,68.12417542435811
2023-10-05,S004-P0020,Furniture,101,177,115.02,112.69900997402135
2023-10-06,S004-P0020,Furniture,142,62,145.6,110.74962180318707
2023-10-07,S004-P0020,Furniture,21,163,105.85,33.140955508405234
2023-10-08,S004-P0020,Furniture,29,390,104.38,32.57804549292045
2023-10-09,S004-P0020,Furniture,23,362,112.47,38.84872624260285
2023-10-10,S004-P0020,Furniture,23,345,96.38,31.99775843501686
2023-10-11,S004-P0020,Furniture,42,320,116.0,32.54452837167903
2023-10-12,S004-P0020,Furniture,51,285,113.92,32.176337739128314
2023-10-13,S004-P0020,Furniture,50,241,101.59,44.18687666931902
2023-10-14,S004-P0020,Furniture,43,200,104.48,39.49748241349575
2023-10-15,S004-P0020,Furniture,24,159,107.45,38.92142344037843
2023-10-16,S004-P0020,Furniture,14,131,92.27,38.77148417806177
2023-10-17,S004-P0020,Furniture,38,115,114.02,36.22869017998062
2023-10-18,S004-P0020,Furniture,29,91,87.7,44.841858330262845
2023-10-19,S004-P0020,Furniture,20,134,110.94,32.02526155051623
2023-10-20,S004-P0020,Furniture,35,116,106.82,31.625558515316428
2023-10-21,S004-P0020,Furniture,43,92,104.77,39.03866547761202
2023-10-22,S004-P0020,Furniture,30,58,110.06,32.42295180038002
2023-10-23,S004-P0020,Furniture,62,121,98.79,38.831139363754176
2023-10-24,S004-P0020,Furniture,21,84,95.24,31.990829292702195
2023-10-25,S004-P0020,Furniture,108,197,124.67,102.8351159468582
2023-10-26,S004-P0020,Furniture,38,90,96.76,107.48514068290687
2023-10-27,S004-P0020,Furniture,78,267,106.06,108.49440247095276
2023-10-28,S004-P0020,Furniture,60,177,117.57,69.48992625829291
2023-10-29,S004-P0020,Furniture,54,118,121.52,69.00543739004536
2023-10-30,S004-P0020,Furniture,59,82,117.63,69.45911647793879
2023-10-31,S004-P0020,Furniture,111,119,140.77,83.31651762096561
2023-11-01,S004-P0020,Furniture,118,52,151.75,68.31007312033394
2023-11-02,S004-P0020,Furniture,129,192,141.16,97.13329633945321
2023-11-03,S004-P0020,Furniture,96,258,133.65,89.55566017705111
2023-11-04,S004-P0020,Furniture,38,189,114.0,75.21892384945058
2023-11-05,S004-P0020,Furniture,81,158,126.97,75.65449011312988
2023-11-06,S004-P0020,Furniture,76,92,131.75,69.39594178468536
2023-11-07,S004-P0020,Furniture,88,194,137.67,83.0574920909202
2023-11-08,S004-P0020,Furniture,55,111,115.75,74.91447981389776
2023-11-09,S004-P0020,Furniture,80,243,120.13,74.12720940835203
2023-11-10,S004-P0020,Furniture,139,160,144.25,107.50362565558758
2023-11-11,S004-P0020,Furniture,87,0,123.29,83.49165996208622
2023-11-12,S004-P0020,Furniture,102,283,129.59,75.40326923045978
2023-11-13,S004-P0020,Furniture,97,215,134.05,69.52147463864154
2023-11-14,S004-P0020,Furniture,80,130,127.02,67.83694222724435
2023-11-15,S004-P0020,Furniture,56,233,91.81,113.08657255241158
2023-11-16,S004-P0020,Furniture,105,182,138.35,74.05540987425998
2023-11-17,S004-P0020,Furniture,46,90,94.13,111.22199515962633
2023-11-18,S004-P0020,Furniture,82,242,121.0,83.10779990472912
2023-11-19,S004-P0020,Furniture,88,178,137.54,74.61169562385149
2023-11-20,S004-P0020,Furniture,47,98,118.32,68.14760641059405
2023-11-21,S004-P0020,Furniture,75,213,118.34,90.58037804430614
2023-11-22,S004-P0020,Furniture,48,143,118.45,80.58084168620084
2023-11-23,S004-P0020,Furniture,21,89,106.09,72.26687718262778
2023-11-24,S004-P0020,Furniture,39,73,114.29,73.66082022932892
2023-11-25,S004-P0020,Furniture,75,41,124.51,87.57674172754525
2023-11-26,S004-P0020,Furniture,84,74,128.37,87.57880669873083
2023-11-27,S004-P0020,Furniture,64,172,106.35,94.41632255086724
2023-11-28,S004-P0020,Furniture,59,132,99.0,92.65272569787021
2023-11-29,S004-P0020,Furniture,57,85,129.44,81.4992962812717
2023-11-30,S004-P0020,Furniture,76,161,125.07,66.53991393883355
2023-12-01,S004-P0020,Furniture,60,70,124.31,65.61737980030449
2023-12-02,S004-P0020,Furniture,74,184,117.64,87.28914344626433
2023-12-03,S004-P0020,Furniture,65,118,126.81,66.94498888111237
2023-12-04,S004-P0020,Furniture,4,220,73.59,87.27510529324476
2023-12-05,S004-P0020,Furniture,125,215,131.53,103.73840194943018
2023-12-06,S004-P0020,Furniture,79,137,105.01,107.3829711358829
2023-12-07,S004-P0020,Furniture,85,273,128.83,81.14626168488809
2023-12-08,S004-P0020,Furniture,122,202,138.01,87.90085067987364
2023-12-09,S004-P0020,Furniture,106,57,116.57,104.79684242882111
2023-12-10,S004-P0020,Furniture,22,196,101.0,67.22775017576248
2023-12-11,S004-P0020,Furniture,107,355,138.54,87.17744570663785
2023-12-12,S004-P0020,Furniture,64,235,119.35,68.6716129257762
2023-12-13,S004-P0020,Furniture,61,162,118.3,76.71647354522482
2023-12-14,S004-P0020,Furniture,47,118,112.25,75.48722791461151
2023-12-15,S004-P0020,Furniture,56,179,129.05,69.53226531586988
2023-12-16,S004-P0020,Furniture,86,127,129.35,85.43653889716595
2023-12-17,S004-P0020,Furniture,44,47,116.71,76.48335705888819
2023-12-18,S004-P0020,Furniture,97,187,126.88,87.99711837029291
2023-12-19,S004-P0020,Furniture,65,86,133.25,83.93663157245038
2023-12-20,S004-P0020,Furniture,88,223,144.76,68.07048606850563
2023-12-21,S004-P0020,Furniture,132,130,150.11,82.89671166941858
2023-12-22,S004-P0020,Furniture,146,28,147.24,88.84101018857936
2023-12-23,S004-P0020,Furniture,35,280,106.62,88.32999666812009
2023-12-24,S004-P0020,Furniture,49,573,107.14,75.43632476887458
2023-12-25,S004-P0020,Furniture,77,516,125.43,75.48908134605988
2023-12-26,S004-P0020,Furniture,52,440,127.08,74.91903752616889
2023-12-27,S004-P0020,Furniture,28,399,103.92,30.650223893452182
2023-12-28,S004-P0020,Furniture,23,370,101.3,31.46756575008457
2023-12-29,S004-P0020,Furniture,44,349,123.09,31.800279368887598
2023-12-30,S004-P0020,Furniture,50,302,125.81,38.59179373960598
2023-12-31,S004-P0020,Furniture,47,254,112.11,31.0556911300135
2024-01-01,S004-P0020,Furniture,66,206,126.95,37.781427582735745
2024-01-02,S004-P0020,Furniture,49,149,95.4,41.971614507660824
2024-01-03,S004-P0020,Furniture,33,100,111.54,30.552880222369065
2024-01-04,S004-P0020,Furniture,19,80,110.43,34.029731022554714
2024-01-05,S004-P0020,Furniture,38,138,91.03,51.28092105818573
2024-01-06,S004-P0020,Furniture,49,104,106.74,46.034817284807716
2024-01-07,S004-P0020,Furniture,22,62,106.26,34.198965198220016
2024-01-08,S004-P0020,Furniture,39,164,90.41,44.526266948667775
2024-01-09,S004-P0020,Furniture,48,124,118.67,66.10499267049713
2024-01-10,S004-P0020,Furniture,73,90,130.33,74.99499147131527
2024-01-11,S004-P0020,Furniture,73,108,123.81,83.68216235785836
2024-01-12,S004-P0020,Furniture,70,153,122.41,68.18235504748945
2024-01-13,S004-P0020,Furniture,66,86,127.0,75.02373474894819
2024-01-14,S004-P0020,Furniture,72,175,104.07,95.34226540908818
2024-01-15,S004-P0020,Furniture,64,128,119.77,74.6895599486518
2024-01-16,S004-P0020,Furniture,49,214,112.89,67.92703640663235
2024-01-17,S004-P0020,Furniture,71,173,122.86,67.92948878512884
2024-01-18,S004-P0020,Furniture,87,115,108.19,88.77197511297005
2024-01-19,S004-P0020,Furniture,61,178,112.44,68.4219897343729
2024-01-20,S004-P0020,Furniture,83,117,142.16,82.67526874840682
2024-01-21,S004-P0020,Furniture,89,46,109.0,87.62969941001187
2024-01-22,S004-P0020,Furniture,157,152,152.02,94.82121642448733
2024-01-23,S004-P0020,Furniture,59,151,124.06,73.58573374272504
2024-01-24,S004-P0020,Furniture,73,470,109.66,88.11669138461987
2024-01-25,S004-P0020,Furniture,44,384,116.9,72.22867624180313
2024-01-26,S004-P0020,Furniture,74,340,130.71,80.59994704165598
2024-01-27,S004-P0020,Furniture,68,255,121.73,73.3320076859249
2024-01-28,S004-P0020,Furniture,75,209,103.74,103.27973220108046
2024-01-29,S004-P0020,Furniture,63,149,132.36,82.08329717359724
2024-01-30,S004-P0020,Furniture,93,79,132.53,66.61498171800365
2023-10-03,S005-P0001,Groceries,57,213,10.94,117.93598846171734
2023-10-04,S005-P0001,Groceries,99,551,11.44,118.81204155942368
2023-10-05,S005-P0001,Groceries,104,485,12.27,99.62831087496069
2023-10-06,S005-P0001,Groceries,185,383,14.72,121.53417764660117
2023-10-07,S005-P0001,Groceries,95,202,11.26,74.86353324464757
2023-10-08,S005-P0001,Groceries,71,566,10.97,82.90516300677193
2023-10-09,S005-P0001,Groceries,133,500,10.59,103.6850694727576
2023-10-10,S005-P0001,Groceries,81,416,11.33,73.86239064352304
2023-10-11,S005-P0001,Groceries,100,348,11.51,93.44077197013671
2023-10-12,S005-P0001,Groceries,59,252,9.37,96.1922419734255
2023-10-13,S005-P0001,Groceries,37,204,9.08,74.16861639170756
2023-10-14,S005-P0001,Groceries,47,174,9.01,74.86353324464757
2023-10-15,S005-P0001,Groceries,32,126,8.45,74.53484896070586
2023-10-16,S005-P0001,Groceries,81,91,11.33,74.95547689495618
2023-10-17,S005-P0001,Groceries,74,25,9.31,113.83717306627508
2023-10-18,S005-P0001,Groceries,70,176,9.83,74.04378056450486
2023-10-19,S005-P0001,Groceries,88,120,10.4,116.02361466611409
2023-10-20,S005-P0001,Groceries,158,201,12.88,116.26673228481782
2023-10-21,S005-P0001,Groceries,102,54,12.83,92.34614336749355
2023-10-22,S005-P0001,Groceries,61,271,10.0,82.85885667096487
2023-10-23,S005-P0001,Groceries,74,199,8.84,103.16681453193193
2023-10-24,S005-P0001,Groceries,19,148,8.87,73.87495888703033
2023-10-25,S005-P0001,Groceries,209,133,13.84,142.8063653340555
2023-10-26,S005-P0001,Groceries,82,0,10.19,148.098053779014
2023-10-27,S005-P0001,Groceries,137,398,12.87,126.77636417075692
2023-10-28,S005-P0001,Groceries,176,248,13.59,128.95198081126165
2023-10-29,S005-P0001,Groceries,180,102,15.28,128.44589192181922
2023-10-30,S005-P0001,Groceries,137,419,12.89,101.45823885276096
2023-10-31,S005-P0001,Groceries,122,307,13.64,99.06462479232397
2023-11-01,S005-P0001,Groceries,223,232,14.45,132.08383765973693
2023-11-02,S005-P0001,Groceries,119,60,11.56,127.74526215074373
2023-11-03,S005-P0001,Groceries,185,378,13.86,133.468356108984
2023-11-04,S005-P0001,Groceries,68,197,10.28,99.7101342064124
2023-11-05,S005-P0001,Groceries,60,515,9.98,99.4865223792609
2023-11-06,S005-P0001,Groceries,91,467,12.36,100.3639033894402
2023-11-07,S005-P0001,Groceries,97,375,9.47,131.87150272225657
2023-11-08,S005-P0001,Groceries,102,276,9.75,166.4064679231139
2023-11-09,S005-P0001,Groceries,70,203,11.49,99.2990223643786
2023-11-10,S005-P0001,Groceries,86,152,11.53,99.90366104686703
2023-11-11,S005-P0001,Groceries,112,64,11.3,100.12210703078354
2023-11-12,S005-P0001,Groceries,126,195,11.07,132.71625373927037
2023-11-13,S005-P0001,Groceries,127,294,12.49,150.64617213901442
2023-11-14,S005-P0001,Groceries,88,179,11.62,98.97400564120491
2023-11-15,S005-P0001,Groceries,78,401,10.65,97.95030069543587
2023-11-16,S005-P0001,Groceries,82,335,10.8,152.28212549649206
2023-11-17,S005-P0001,Groceries,76,240,10.58,101.10270710714101
2023-11-18,S005-P0001,Groceries,169,155,13.34,134.787480533669
2023-11-19,S005-P0001,Groceries,130,10,13.98,127.81774177910899
2023-11-20,S005-P0001,Groceries,145,322,11.1,133.3794837327813
2023-11-21,S005-P0001,Groceries,66,227,9.68,126.54338672488993
2023-11-22,S005-P0001,Groceries,110,415,13.14,113.10987124078154
2023-11-23,S005-P0001,Groceries,133,333,12.07,99.3450928577074
2023-11-24,S005-P0001,Groceries,103,234,11.58,116.35974263990734
2023-11-25,S005-P0001,Groceries,103,150,10.99,99.1555157468897
2023-11-26,S005-P0001,Groceries,97,291,10.19,161.50523903463795
2023-11-27,S005-P0001,Groceries,181,219,13.8,127.82982906427719
2023-11-28,S005-P0001,Groceries,82,83,11.39,99.1440740612787
2023-11-29,S005-P0001,Groceries,125,376,12.39,128.957245173183
2023-11-30,S005-P0001,Groceries,101,251,12.14,112.7727272797725
2023-12-01,S005-P0001,Groceries,161,136,14.53,125.64103795692867
2023-12-02,S005-P0001,Groceries,105,0,11.08,145.26862022897384
2023-12-03,S005-P0001,Groceries,80,359,11.29,112.98899377803433
2023-12-04,S005-P0001,Groceries,186,268,11.65,145.2001868657389
2023-12-05,S005-P0001,Groceries,119,97,13.54,113.48850131283008
2023-12-06,S005-P0001,Groceries,126,395,12.42,127.997794865342
2023-12-07,S005-P0001,Groceries,174,257,13.54,113.28524432364377
2023-12-08,S005-P0001,Groceries,163,110,12.31,146.25306345921356
2023-12-09,S005-P0001,Groceries,6,329,8.35,99.56683118839226
2023-12-10,S005-P0001,Groceries,206,325,13.85,131.92441281947532
2023-12-11,S005-P0001,Groceries,121,113,12.27,104.98104014582911
2023-12-12,S005-P0001,Groceries,125,363,11.11,162.24528902127196
2023-12-13,S005-P0001,Groceries,160,269,14.48,129.8433443049314
2023-12-14,S005-P0001,Groceries,72,87,10.41,129.33117280166775
2023-12-15,S005-P0001,Groceries,175,310,12.82,138.42040520137883
2023-12-16,S005-P0001,Groceries,87,145,11.57,116.80526998090217
2023-12-17,S005-P0001,Groceries,59,390,9.91,116.92127886558173
2023-12-18,S005-P0001,Groceries,94,354,11.88,117.83624345546862
2023-12-19,S005-P0001,Groceries,58,254,10.43,128.84792603878438
2023-12-20,S005-P0001,Groceries,95,186,11.9,101.4020332747415
2023-12-21,S005-P0001,Groceries,196,77,15.08,129.0238586432318
2023-12-22,S005-P0001,Groceries,155,176,13.54,127.71765010498274
2023-12-23,S005-P0001,Groceries,118,431,11.54,100.43301140849329
2023-12-24,S005-P0001,Groceries,206,301,13.72,163.58210886698734
2023-12-25,S005-P0001,Groceries,166,122,13.17,135.9798406012825
2023-12-26,S005-P0001,Groceries,140,342,12.96,132.788855521947
2023-12-27,S005-P0001,Groceries,114,231,11.33,94.10796940564867
2023-12-28,S005-P0001,Groceries,84,114,11.48,89.96151562632194
2023-12-29,S005-P0001,Groceries,63,220,10.07,90.33669221287505
2023-12-30,S005-P0001,Groceries,37,181,9.58,69.69384905833728
2023-12-31,S005-P0001,Groceries,82,150,11.39,73.88569944148098
2024-01-01,S005-P0001,Groceries,106,83,11.1,75.11725124459136
2024-01-02,S005-P0001,Groceries,59,169,9.96,73.55535795559156
2024-01-03,S005-P0001,Groceries,71,353,9.3,98.19519415965638
2024-01-04,S005-P0001,Groceries,90,271,9.25,92.04606093481497
2024-01-05,S005-P0001,Groceries,110,202,13.14,82.87804683632785
2024-01-06,S005-P0001,Groceries,58,126,8.88,97.90835437278426
2024-01-07,S005-P0001,Groceries,82,258,10.82,69.72622742206345
2024-01-08,S005-P0001,Groceries,90,169,10.46,99.28793447499268
2024-01-09,S005-P0001,Groceries,169,100,13.34,99.4867059199313
2024-01-10,S005-P0001,Groceries,53,174,10.79,100.16873147105713
2024-01-11,S005-P0001,Groceries,141,459,10.83,135.5281247090807
2024-01-12,S005-P0001,Groceries,142,347,13.08,112.86135349018639
2024-01-13,S005-P0001,Groceries,149,198,13.3,161.08432324449214
2024-01-14,S005-P0001,Groceries,123,56,11.7,101.59269559340237
2024-01-15,S005-P0001,Groceries,103,333,12.22,116.24708685757801
2024-01-16,S005-P0001,Groceries,104,234,12.26,100.22138701970037
2024-01-17,S005-P0001,Groceries,31,151,8.88,113.03510782927499
2024-01-18,S005-P0001,Groceries,132,296,12.66,126.18352215957631
2024-01-19,S005-P0001,Groceries,105,175,10.35,137.36797595420393
2024-01-20,S005-P0001,Groceries,95,394,11.91,126.70377447486476
2024-01-21,S005-P0001,Groceries,148,308,11.8,145.4431453875499
2024-01-22,S005-P0001,Groceries,177,209,13.55,155.6831014359081
2024-01-23,S005-P0001,Groceries,49,379,10.59,97.77823865811567
2024-01-24,S005-P0001,Groceries,236,324,15.75,145.91755854417056
2024-01-25,S005-P0001,Groceries,209,71,16.44,122.42689361154639
2024-01-26,S005-P0001,Groceries,152,392,12.74,107.79155338439529
2024-01-27,S005-P0001,Groceries,68,299,9.75,98.08529785699547
2024-01-28,S005-P0001,Groceries,128,243,12.51,107.69263977894303
2024-01-29,S005-P0001,Groceries,118,117,12.8,108.2211418739578
2024-01-30,S005-P0001,Groceries,99,267,12.04,97.52769477641392
2023-10-03,S005-P0002,Electronics,88,368,34.44,122.31144318180323
2023-10-04,S005-P0002,Electronics,120,293,35.99,126.04060551740854
2023-10-05,S005-P0002,Electronics,96,175,33.34,111.64155257266518
2023-10-06,S005-P0002,Electronics,81,102,37.53,97.10166540209129
2023-10-07,S005-P0002,Electronics,63,336,35.26,51.038745950447755
2023-10-08,S005-P0002,Electronics,91,298,32.36,70.46201426600963
2023-10-09,S005-P0002,Electronics,45,212,36.38,55.23653641036686
2023-10-10,S005-P0002,Electronics,25,173,31.82,50.245764589758046
2023-10-11,S005-P0002,Electronics,44,447,34.47,61.07539537645801
2023-10-12,S005-P0002,Electronics,66,400,39.51,50.37413919506886
2023-10-13,S005-P0002,Electronics,37,323,33.52,50.36009621485289
2023-10-14,S005-P0002,Electronics,70,295,34.25,64.25864817802069
2023-10-15,S005-P0002,Electronics,46,232,32.93,50.65964708406057
2023-10-16,S005-P0002,Electronics,26,201,30.2,51.570088243401024
2023-10-17,S005-P0002,Electronics,90,180,32.68,77.03549199638317
2023-10-18,S005-P0002,Electronics,47,118,27.57,65.6882073175376
2023-10-19,S005-P0002,Electronics,62,62,38.9,59.87641089665061
2023-10-20,S005-P0002,Electronics,58,249,36.36,60.206553398805084
2023-10-21,S005-P0002,Electronics,42,214,30.77,61.17889791448224
2023-10-22,S005-P0002,Electronics,30,164,30.85,55.70785215759379
2023-10-23,S005-P0002,Electronics,68,140,32.11,70.1767642625945
2023-10-24,S005-P0002,Electronics,21,86,31.32,50.84351353072337
2023-10-25,S005-P0002,Electronics,81,69,33.26,118.10561593771217
2023-10-26,S005-P0002,Electronics,58,235,27.32,123.44304369839448
2023-10-27,S005-P0002,Electronics,104,186,40.49,108.48615216726093
2023-10-28,S005-P0002,Electronics,127,116,43.65,108.91760190268634
2023-10-29,S005-P0002,Electronics,53,30,37.59,108.71313304148464
2023-10-30,S005-P0002,Electronics,81,281,39.49,88.75282906216144
2023-10-31,S005-P0002,Electronics,64,547,37.15,86.94216556597122
2023-11-01,S005-P0002,Electronics,61,498,34.93,87.49363421538763
2023-11-02,S005-P0002,Electronics,58,456,34.52,108.67602028614422
2023-11-03,S005-P0002,Electronics,121,407,35.64,112.26864722743225
2023-11-04,S005-P0002,Electronics,71,317,38.15,88.9618441728146
2023-11-05,S005-P0002,Electronics,88,249,36.49,89.13085184657325
2023-11-06,S005-P0002,Electronics,107,502,38.79,89.90951265382584
2023-11-07,S005-P0002,Electronics,89,394,32.11,110.60620824004926
2023-11-08,S005-P0002,Electronics,117,297,35.6,138.47718465943976
2023-11-09,S005-P0002,Electronics,65,189,33.61,86.61274844148727
2023-11-10,S005-P0002,Electronics,183,132,48.36,110.57339877099184
2023-11-11,S005-P0002,Electronics,131,421,39.49,111.05681649741972
2023-11-12,S005-P0002,Electronics,138,265,42.73,111.17384611064597
2023-11-13,S005-P0002,Electronics,117,705,42.33,97.41804473550992
2023-11-14,S005-P0002,Electronics,80,631,37.32,86.41835491931728
2023-11-15,S005-P0002,Electronics,140,569,38.17,112.02041603739083
2023-11-16,S005-P0002,Electronics,124,413,43.28,94.71900986665474
2023-11-17,S005-P0002,Electronics,70,297,39.98,88.71551306026713
2023-11-18,S005-P0002,Electronics,100,234,37.98,112.36439357154158
2023-11-19,S005-P0002,Electronics,147,464,48.75,108.92581736618561
2023-11-20,S005-P0002,Electronics,83,310,31.92,111.10811487045656
2023-11-21,S005-P0002,Electronics,132,242,41.94,106.88036121484875
2023-11-22,S005-P0002,Electronics,125,486,45.59,92.46919361516527
2023-11-23,S005-P0002,Electronics,68,339,35.82,85.88491667960807
2023-11-24,S005-P0002,Electronics,95,289,41.47,94.63160925580807
2023-11-25,S005-P0002,Electronics,108,177,36.77,108.74907507768476
2023-11-26,S005-P0002,Electronics,38,75,33.66,108.1014600937007
2023-11-27,S005-P0002,Electronics,117,293,42.25,107.37722264667225
2023-11-28,S005-P0002,Electronics,92,162,41.02,85.35241205607052
2023-11-29,S005-P0002,Electronics,86,93,36.28,108.5046387555781
2023-11-30,S005-P0002,Electronics,120,309,44.99,92.74049611630132
2023-12-01,S005-P0002,Electronics,142,214,38.36,131.38817099764896
2023-12-02,S005-P0002,Electronics,70,61,39.98,95.9542231385412
2023-12-03,S005-P0002,Electronics,121,427,47.52,95.9542231385412
2023-12-04,S005-P0002,Electronics,93,324,33.0,123.57716156965083
2023-12-05,S005-P0002,Electronics,88,218,38.49,96.07172618427109
2023-12-06,S005-P0002,Electronics,128,140,43.65,108.86394853260393
2023-12-07,S005-P0002,Electronics,34,351,33.09,95.15394792848767
2023-12-08,S005-P0002,Electronics,119,322,40.36,95.3721622768013
2023-12-09,S005-P0002,Electronics,88,238,38.44,85.37597068459556
2023-12-10,S005-P0002,Electronics,101,175,40.14,86.03538765292899
2023-12-11,S005-P0002,Electronics,77,510,39.0,86.85994783375429
2023-12-12,S005-P0002,Electronics,158,450,47.62,131.78326525555133
2023-12-13,S005-P0002,Electronics,65,264,37.37,108.8099301392267
2023-12-14,S005-P0002,Electronics,165,199,48.48,107.16672089986251
2023-12-15,S005-P0002,Electronics,119,554,42.45,87.23818109896577
2023-12-16,S005-P0002,Electronics,177,427,50.08,96.16869606179444
2023-12-17,S005-P0002,Electronics,140,251,45.2,96.16869606179444
2023-12-18,S005-P0002,Electronics,130,119,41.71,96.81548217617551
2023-12-19,S005-P0002,Electronics,92,454,43.25,107.61445879798919
2023-12-20,S005-P0002,Electronics,155,381,37.32,109.88788886282262
2023-12-21,S005-P0002,Electronics,143,204,37.97,137.91886618474584
2023-12-22,S005-P0002,Electronics,106,95,36.24,138.04004361499827
2023-12-23,S005-P0002,Electronics,133,528,39.79,112.02234373229625
2023-12-24,S005-P0002,Electronics,114,408,37.17,138.11950041281392
2023-12-25,S005-P0002,Electronics,92,295,38.9,88.43279223832006
2023-12-26,S005-P0002,Electronics,92,227,38.96,85.13947107077816
2023-12-27,S005-P0002,Electronics,38,162,31.86,62.72203507518196
2023-12-28,S005-P0002,Electronics,75,440,30.6,83.95475269495452
2023-12-29,S005-P0002,Electronics,38,362,31.98,59.039844831592305
2023-12-30,S005-P0002,Electronics,44,331,34.38,47.90530908014858
2023-12-31,S005-P0002,Electronics,66,304,35.51,52.29042041173764
2024-01-01,S005-P0002,Electronics,57,255,29.03,62.19809961590518
2024-01-02,S005-P0002,Electronics,86,208,40.23,50.61832328351555
2024-01-03,S005-P0002,Electronics,43,116,30.88,64.67942550832343
2024-01-04,S005-P0002,Electronics,59,66,32.9,48.29880790433988
2024-01-05,S005-P0002,Electronics,82,288,35.71,60.388855347473694
2024-01-06,S005-P0002,Electronics,42,224,35.96,51.00294514472423
2024-01-07,S005-P0002,Electronics,67,197,32.01,61.75711550791928
2024-01-08,S005-P0002,Electronics,65,387,33.58,51.37285286446539
2024-01-09,S005-P0002,Electronics,149,343,48.92,84.65223321137427
2024-01-10,S005-P0002,Electronics,67,175,39.54,85.40622724929183
2024-01-11,S005-P0002,Electronics,83,121,37.82,86.01059534953654
2024-01-12,S005-P0002,Electronics,83,458,35.82,94.83341504790369
2024-01-13,S005-P0002,Electronics,43,396,34.3,107.64541129984947
2024-01-14,S005-P0002,Electronics,72,350,38.35,85.55340403263187
2024-01-15,S005-P0002,Electronics,187,266,40.63,123.65616029841097
2024-01-16,S005-P0002,Electronics,95,144,31.1,109.29566298770578
2024-01-17,S005-P0002,Electronics,47,57,36.75,95.96735119130591
2024-01-18,S005-P0002,Electronics,106,567,45.22,106.44235950525659
2024-01-19,S005-P0002,Electronics,37,449,33.52,86.59861758662473
2024-01-20,S005-P0002,Electronics,78,423,29.33,133.72173458123135
2024-01-21,S005-P0002,Electronics,64,335,37.21,95.00972026132513
2024-01-22,S005-P0002,Electronics,109,289,41.1,105.53280504169746
2024-01-23,S005-P0002,Electronics,100,183,44.35,84.37074183905317
2024-01-24,S005-P0002,Electronics,70,107,32.36,124.99375594143498
2024-01-25,S005-P0002,Electronics,101,377,33.9,131.0610183910572
2024-01-26,S005-P0002,Electronics,84,256,31.54,124.78828249946294
2024-01-27,S005-P0002,Electronics,83,194,33.49,110.49903023146406
2024-01-28,S005-P0002,Electronics,115,97,46.61,94.57880032059312
2024-01-29,S005-P0002,Electronics,118,274,44.71,95.07602396109341
2024-01-30,S005-P0002,Electronics,136,156,49.68,84.47276231247591
2023-10-03,S005-P0003,Toys,79,198,27.22,98.56724627007085
2023-10-04,S005-P0003,Toys,118,123,30.91,99.2703245810266
2023-10-05,S005-P0003,Toys,103,126,27.79,112.09447667442356
2023-10-06,S005-P0003,Toys,101,144,29.28,124.17205451451949
2023-10-07,S005-P0003,Toys,34,144,24.06,28.8199746111618
2023-10-08,S005-P0003,Toys,24,114,23.13,31.535136978691117
2023-10-09,S005-P0003,Toys,57,149,23.82,40.72883348723761
2023-10-10,S005-P0003,Toys,36,104,24.31,28.220627026381433
2023-10-11,S005-P0003,Toys,74,114,25.32,45.1323867828308
2023-10-12,S005-P0003,Toys,57,102,23.75,28.19475363205789
2023-10-13,S005-P0003,Toys,37,113,23.09,28.361755804069634
2023-10-14,S005-P0003,Toys,30,134,21.29,28.8199746111618
2023-10-15,S005-P0003,Toys,21,104,22.81,28.793768281432953
2023-10-16,S005-P0003,Toys,30,135,22.55,29.197943492207212
2023-10-17,S005-P0003,Toys,43,103,22.4,43.740229415016245
2023-10-18,S005-P0003,Toys,54,103,22.2,35.64337810533128
2023-10-19,S005-P0003,Toys,11,102,17.16,45.42644718125534
2023-10-20,S005-P0003,Toys,16,90,23.42,33.681180239601964
2023-10-21,S005-P0003,Toys,32,130,22.68,34.60707886068057
2023-10-22,S005-P0003,Toys,52,100,24.53,31.91744415491168
2023-10-23,S005-P0003,Toys,65,101,22.89,39.82545756774115
2023-10-24,S005-P0003,Toys,35,126,22.96,28.314378574740072
2023-10-25,S005-P0003,Toys,73,96,25.23,120.70373274124734
2023-10-26,S005-P0003,Toys,74,128,26.77,95.24189538973958
2023-10-27,S005-P0003,Toys,111,121,31.9,103.54561100310782
2023-10-28,S005-P0003,Toys,84,139,26.23,105.2648021065021
2023-10-29,S005-P0003,Toys,99,142,30.65,104.88391524472898
2023-10-30,S005-P0003,Toys,113,153,30.51,89.11129355198864
2023-10-31,S005-P0003,Toys,82,187,26.05,87.21801906508837
2023-11-01,S005-P0003,Toys,57,108,26.43,87.25008814394457
2023-11-02,S005-P0003,Toys,50,119,23.15,102.71095009784497
2023-11-03,S005-P0003,Toys,68,115,26.08,87.97652982166835
2023-11-04,S005-P0003,Toys,98,123,30.56,88.28509249522868
2023-11-05,S005-P0003,Toys,56,134,24.98,88.40591835755401
2023-11-06,S005-P0003,Toys,74,140,22.22,111.04327234911811
2023-11-07,S005-P0003,Toys,80,135,28.77,86.30737644861163
2023-11-08,S005-P0003,Toys,118,141,27.43,137.64897210070887
2023-11-09,S005-P0003,Toys,106,158,29.74,86.31128963409304
2023-11-10,S005-P0003,Toys,115,166,32.29,86.98816889345935
2023-11-11,S005-P0003,Toys,124,179,28.23,111.26815968079653
2023-11-12,S005-P0003,Toys,188,231,31.75,111.66527278326635
2023-11-13,S005-P0003,Toys,113,245,30.39,98.14501541890507
2023-11-14,S005-P0003,Toys,114,131,25.38,113.14455403220313
2023-11-15,S005-P0003,Toys,126,154,30.04,112.06759107026181
2023-11-16,S005-P0003,Toys,87,181,29.43,94.43356594947058
2023-11-17,S005-P0003,Toys,53,97,24.7,88.93509460768536
2023-11-18,S005-P0003,Toys,124,114,26.54,112.10727658867262
2023-11-19,S005-P0003,Toys,64,126,25.73,137.74213215269017
2023-11-20,S005-P0003,Toys,120,147,32.73,87.92258110293383
2023-11-21,S005-P0003,Toys,69,165,27.67,100.80323156579631
2023-11-22,S005-P0003,Toys,66,102,25.98,93.24237298388307
2023-11-23,S005-P0003,Toys,123,103,29.81,112.7546043042688
2023-11-24,S005-P0003,Toys,94,102,27.14,94.30782881285883
2023-11-25,S005-P0003,Toys,100,106,29.21,87.22235994110565
2023-11-26,S005-P0003,Toys,118,141,32.55,101.02011958049839
2023-11-27,S005-P0003,Toys,129,111,26.58,130.72293161390752
2023-11-28,S005-P0003,Toys,113,165,32.03,86.0706624141801
2023-11-29,S005-P0003,Toys,89,162,29.69,100.29846998139531
2023-11-30,S005-P0003,Toys,148,164,35.64,91.92483125454527
2023-12-01,S005-P0003,Toys,192,161,35.84,128.2259901218612
2023-12-02,S005-P0003,Toys,90,220,23.47,125.57746414435896
2023-12-03,S005-P0003,Toys,144,117,33.35,97.73424997507185
2023-12-04,S005-P0003,Toys,87,127,27.94,98.136499153771
2023-12-05,S005-P0003,Toys,127,154,31.7,97.3772768694183
2023-12-06,S005-P0003,Toys,118,190,24.44,135.2852388639629
2023-12-07,S005-P0003,Toys,113,232,28.85,96.0232875240519
2023-12-08,S005-P0003,Toys,104,132,29.49,96.41453302996455
2023-12-09,S005-P0003,Toys,92,174,26.77,110.64067878527861
2023-12-10,S005-P0003,Toys,95,194,23.87,110.57760356456458
2023-12-11,S005-P0003,Toys,85,80,29.24,88.64297709201165
2023-12-12,S005-P0003,Toys,123,100,28.09,129.64440454901592
2023-12-13,S005-P0003,Toys,118,127,30.96,102.86107483701839
2023-12-14,S005-P0003,Toys,36,130,23.06,101.3608746843249
2023-12-15,S005-P0003,Toys,119,104,30.95,88.94906643737805
2023-12-16,S005-P0003,Toys,135,119,27.05,126.09744535292276
2023-12-17,S005-P0003,Toys,142,142,33.24,97.68034224421491
2023-12-18,S005-P0003,Toys,151,146,30.27,129.1201356031557
2023-12-19,S005-P0003,Toys,72,229,22.02,133.85622827371407
2023-12-20,S005-P0003,Toys,45,162,23.92,87.90336148983486
2023-12-21,S005-P0003,Toys,99,132,29.15,101.72340496977245
2023-12-22,S005-P0003,Toys,124,135,31.48,102.6150029169624
2023-12-23,S005-P0003,Toys,104,150,29.59,87.67073222893596
2023-12-24,S005-P0003,Toys,73,163,26.65,104.42069447564656
2023-12-25,S005-P0003,Toys,56,164,26.32,89.70536456762946
2023-12-26,S005-P0003,Toys,95,98,28.69,86.62869348720706
2023-12-27,S005-P0003,Toys,44,120,19.85,35.05882548261362
2023-12-28,S005-P0003,Toys,27,124,22.22,30.215578292422528
2023-12-29,S005-P0003,Toys,18,92,21.39,30.41800982918226
2023-12-30,S005-P0003,Toys,21,128,22.76,27.66034117250243
2023-12-31,S005-P0003,Toys,49,111,26.96,29.277650454810555
2024-01-01,S005-P0003,Toys,19,132,21.44,29.30414449410364
2024-01-02,S005-P0003,Toys,23,115,21.87,28.819874949014757
2024-01-03,S005-P0003,Toys,39,95,23.34,29.25929223379064
2024-01-04,S005-P0003,Toys,28,102,23.5,27.36229821472059
2024-01-05,S005-P0003,Toys,27,133,19.87,44.943769222290015
2024-01-06,S005-P0003,Toys,71,104,20.87,37.63893156628501
2024-01-07,S005-P0003,Toys,14,109,20.96,27.74547914142314
2024-01-08,S005-P0003,Toys,31,99,17.84,37.71155970822348
2024-01-09,S005-P0003,Toys,97,128,32.07,86.09905480117537
2024-01-10,S005-P0003,Toys,115,162,27.46,111.42793852006848
2024-01-11,S005-P0003,Toys,4,184,17.76,112.61132996282689
2024-01-12,S005-P0003,Toys,83,180,27.6,96.8821826717827
2024-01-13,S005-P0003,Toys,95,86,28.67,103.90862407918915
2024-01-14,S005-P0003,Toys,78,90,27.07,88.30566602447264
2024-01-15,S005-P0003,Toys,80,117,27.19,100.26166125330086
2024-01-16,S005-P0003,Toys,74,103,23.94,110.6497563730157
2024-01-17,S005-P0003,Toys,73,125,26.61,98.44205769365922
2024-01-18,S005-P0003,Toys,43,154,23.75,102.13819192138325
2024-01-19,S005-P0003,Toys,34,127,21.66,112.15843254872722
2024-01-20,S005-P0003,Toys,104,99,29.57,103.03273402820383
2024-01-21,S005-P0003,Toys,68,97,24.74,97.8712838883025
2024-01-22,S005-P0003,Toys,183,116,33.25,129.34652076412695
2024-01-23,S005-P0003,Toys,59,206,26.65,85.40075936294912
2024-01-24,S005-P0003,Toys,150,145,32.06,127.6258033062556
2024-01-25,S005-P0003,Toys,62,160,26.94,99.30987037119579
2024-01-26,S005-P0003,Toys,80,97,30.23,95.19130024466766
2024-01-27,S005-P0003,Toys,92,136,28.42,86.2817749666106
2024-01-28,S005-P0003,Toys,113,140,25.66,126.65200096792354
2024-01-29,S005-P0003,Toys,100,178,30.75,97.08816465508215
2024-01-30,S005-P0003,Toys,121,212,32.93,85.50277983637186
2023-10-03,S005-P0004,Groceries,93,194,7.98,117.93598846171734
2023-10-04,S005-P0004,Groceries,146,100,7.05,150.56066955525554
2023-10-05,S005-P0004,Groceries,121,152,7.46,99.64723813539814
2023-10-06,S005-P0004,Groceries,134,179,8.6,121.46923550501444
2023-10-07,S005-P0004,Groceries,152,146,6.81,94.98806037525772
2023-10-08,S005-P0004,Groceries,87,177,7.42,82.8402208651852
2023-10-09,S005-P0004,Groceries,49,115,6.11,82.95289961864326
2023-10-10,S005-P0004,Groceries,57,109,7.0,73.86239064352304
2023-10-11,S005-P0004,Groceries,164,115,7.97,116.30945411099303
2023-10-12,S005-P0004,Groceries,64,170,7.19,74.14299200831023
2023-10-13,S005-P0004,Groceries,65,99,6.14,96.1539817636458
2023-10-14,S005-P0004,Groceries,38,103,6.49,74.74752435996801
2023-10-15,S005-P0004,Groceries,78,120,6.83,74.4188400760263
2023-10-16,S005-P0004,Groceries,56,137,6.28,75.07148577963574
2023-10-17,S005-P0004,Groceries,80,79,6.86,114.95270865067236
2023-10-18,S005-P0004,Groceries,126,87,6.65,94.41199662895819
2023-10-19,S005-P0004,Groceries,177,106,8.25,116.02361466611409
2023-10-20,S005-P0004,Groceries,107,157,6.68,116.21186652971804
2023-10-21,S005-P0004,Groceries,99,169,7.33,92.62865701846022
2023-10-22,S005-P0004,Groceries,60,170,6.38,82.85885667096487
2023-10-23,S005-P0004,Groceries,66,102,6.89,82.74284778628531
2023-10-24,S005-P0004,Groceries,56,92,6.97,73.87495888703033
2023-10-25,S005-P0004,Groceries,92,108,7.94,114.85695374895157
2023-10-26,S005-P0004,Groceries,143,128,8.85,113.32416965081337
2023-10-27,S005-P0004,Groceries,125,169,8.38,126.40980200092947
2023-10-28,S005-P0004,Groceries,169,166,9.01,167.2198907368178
2023-10-29,S005-P0004,Groceries,87,185,6.67,129.0300256010266
2023-10-30,S005-P0004,Groceries,94,84,7.6,101.45823885276096
2023-10-31,S005-P0004,Groceries,145,133,9.37,99.06462479232397
2023-11-01,S005-P0004,Groceries,128,144,7.58,132.08383765973693
2023-11-02,S005-P0004,Groceries,73,136,7.42,127.21809824936524
2023-11-03,S005-P0004,Groceries,120,149,7.82,100.5728159322286
2023-11-04,S005-P0004,Groceries,112,143,6.35,132.21402904696208
2023-11-05,S005-P0004,Groceries,141,140,7.92,132.59592910336238
2023-11-06,S005-P0004,Groceries,62,197,6.44,100.3639033894402
2023-11-07,S005-P0004,Groceries,129,159,8.07,97.6828812473731
2023-11-08,S005-P0004,Groceries,141,183,7.48,166.09876603784366
2023-11-09,S005-P0004,Groceries,78,206,7.18,99.2019407401365
2023-11-10,S005-P0004,Groceries,132,144,8.55,99.90366104686703
2023-11-11,S005-P0004,Groceries,146,199,7.14,133.4663460528517
2023-11-12,S005-P0004,Groceries,92,183,7.14,100.66551511443741
2023-11-13,S005-P0004,Groceries,116,81,7.75,116.77631134597547
2023-11-14,S005-P0004,Groceries,115,129,8.13,98.97400564120491
2023-11-15,S005-P0004,Groceries,82,93,7.3,97.69768114456558
2023-11-16,S005-P0004,Groceries,140,92,8.75,114.29470277519016
2023-11-17,S005-P0004,Groceries,103,156,8.25,101.10270710714101
2023-11-18,S005-P0004,Groceries,142,151,7.06,134.72234034176938
2023-11-19,S005-P0004,Groceries,233,184,8.9,167.76447411965506
2023-11-20,S005-P0004,Groceries,72,230,6.7,101.21927409863143
2023-11-21,S005-P0004,Groceries,194,186,9.63,126.24176669664921
2023-11-22,S005-P0004,Groceries,65,156,6.52,113.17481338236827
2023-11-23,S005-P0004,Groceries,113,79,7.27,135.14625981202246
2023-11-24,S005-P0004,Groceries,177,114,8.24,148.12032914077918
2023-11-25,S005-P0004,Groceries,102,174,7.79,99.03950686221015
2023-11-26,S005-P0004,Groceries,183,183,9.86,128.476405956041
2023-11-27,S005-P0004,Groceries,124,201,7.92,127.82982906427719
2023-11-28,S005-P0004,Groceries,157,237,7.26,127.90333144868619
2023-11-29,S005-P0004,Groceries,120,245,7.43,128.957245173183
2023-11-30,S005-P0004,Groceries,98,155,7.7,112.7727272797725
2023-12-01,S005-P0004,Groceries,115,187,6.42,158.05139654068336
2023-12-02,S005-P0004,Groceries,123,202,7.92,112.98899377803433
2023-12-03,S005-P0004,Groceries,137,219,8.68,112.98899377803433
2023-12-04,S005-P0004,Groceries,93,78,7.96,113.40763584892207
2023-12-05,S005-P0004,Groceries,117,120,6.95,145.96090302467766
2023-12-06,S005-P0004,Groceries,208,120,9.95,164.8544077650998
2023-12-07,S005-P0004,Groceries,100,236,7.35,112.98362429540305
2023-12-08,S005-P0004,Groceries,123,118,7.9,113.35935751886842
2023-12-09,S005-P0004,Groceries,60,148,7.09,99.56683118839226
2023-12-10,S005-P0004,Groceries,68,98,6.93,100.11023927204613
2023-12-11,S005-P0004,Groceries,140,83,7.85,135.9846338105327
2023-12-12,S005-P0004,Groceries,71,168,5.97,162.24528902127196
2023-12-13,S005-P0004,Groceries,149,119,8.09,129.95935318961097
2023-12-14,S005-P0004,Groceries,198,125,10.25,129.15022177540146
2023-12-15,S005-P0004,Groceries,105,178,7.46,105.39540503972759
2023-12-16,S005-P0004,Groceries,122,189,7.0,149.20906406747204
2023-12-17,S005-P0004,Groceries,34,196,6.06,116.74032783931544
2023-12-18,S005-P0004,Groceries,109,168,8.4,117.77130131388189
2023-12-19,S005-P0004,Groceries,134,189,8.62,128.84792603878438
2023-12-20,S005-P0004,Groceries,166,201,8.96,101.30495165049939
2023-12-21,S005-P0004,Groceries,148,217,8.96,128.84290761696548
2023-12-22,S005-P0004,Groceries,250,241,10.35,164.16549823968353
2023-12-23,S005-P0004,Groceries,93,360,7.96,100.31700252381373
2023-12-24,S005-P0004,Groceries,252,288,9.17,163.69152814114764
2023-12-25,S005-P0004,Groceries,113,341,6.87,135.9798406012825
2023-12-26,S005-P0004,Groceries,116,247,7.72,99.47047089109589
2023-12-27,S005-P0004,Groceries,73,144,6.68,72.09798893290892
2023-12-28,S005-P0004,Groceries,140,123,7.02,115.42717713268438
2023-12-29,S005-P0004,Groceries,37,152,5.83,90.33669221287505
2023-12-30,S005-P0004,Groceries,51,129,6.5,69.69384905833728
2023-12-31,S005-P0004,Groceries,101,151,7.77,73.88569944148098
2024-01-01,S005-P0004,Groceries,67,142,6.22,75.11725124459136
2024-01-02,S005-P0004,Groceries,81,135,7.26,73.49041581400483
2024-01-03,S005-P0004,Groceries,100,163,8.17,73.24556180568506
2024-01-04,S005-P0004,Groceries,30,176,5.96,70.0439303934003
2024-01-05,S005-P0004,Groceries,116,154,8.16,82.94298897791458
2024-01-06,S005-P0004,Groceries,81,169,7.64,73.4303120946706
2024-01-07,S005-P0004,Groceries,73,88,7.05,69.72622742206345
2024-01-08,S005-P0004,Groceries,133,86,7.69,99.28793447499268
2024-01-09,S005-P0004,Groceries,38,150,6.51,98.9225242255144
2024-01-10,S005-P0004,Groceries,68,126,6.56,100.63583154123192
2024-01-11,S005-P0004,Groceries,152,142,7.27,135.81518513599065
2024-01-12,S005-P0004,Groceries,204,154,8.31,146.19543161942906
2024-01-13,S005-P0004,Groceries,141,233,8.32,127.78615490629765
2024-01-14,S005-P0004,Groceries,122,75,7.0,133.2874838927396
2024-01-15,S005-P0004,Groceries,156,140,9.66,116.24708685757801
2024-01-16,S005-P0004,Groceries,176,138,8.72,133.6569802414035
2024-01-17,S005-P0004,Groceries,125,145,8.84,112.97016568768827
2024-01-18,S005-P0004,Groceries,108,132,7.15,160.47580009800492
2024-01-19,S005-P0004,Groceries,86,119,7.38,102.87034431449902
2024-01-20,S005-P0004,Groceries,158,147,8.3,159.11882589503452
2024-01-21,S005-P0004,Groceries,139,178,7.86,145.4431453875499
2024-01-22,S005-P0004,Groceries,144,252,8.4,122.9958091409615
2024-01-23,S005-P0004,Groceries,146,80,8.03,98.22641146785301
2024-01-24,S005-P0004,Groceries,145,127,8.9,110.62420816786548
2024-01-25,S005-P0004,Groceries,143,154,7.97,122.42689361154639
2024-01-26,S005-P0004,Groceries,167,135,8.52,145.22322981080904
2024-01-27,S005-P0004,Groceries,69,173,6.97,98.08529785699547
2024-01-28,S005-P0004,Groceries,147,118,8.05,144.65738124604843
2024-01-29,S005-P0004,Groceries,87,140,6.69,108.2211418739578
2024-01-30,S005-P0004,Groceries,115,141,7.73,97.52769477641392
2023-10-03,S005-P0005,Groceries,187,0,18.89,144.2662266286763
2023-10-04,S005-P0005,Groceries,89,272,15.01,118.81204155942368
2023-10-05,S005-P0005,Groceries,55,495,14.01,99.53122925071858
2023-10-06,S005-P0005,Groceries,128,434,17.95,121.46923550501444
2023-10-07,S005-P0005,Groceries,50,328,12.36,74.86353324464757
2023-10-08,S005-P0005,Groceries,75,283,14.34,82.90516300677193
2023-10-09,S005-P0005,Groceries,64,218,12.19,104.77749256422894
2023-10-10,S005-P0005,Groceries,61,145,12.89,94.44199678857832
2023-10-11,S005-P0005,Groceries,104,104,16.67,93.44077197013671
2023-10-12,S005-P0005,Groceries,87,153,14.07,96.1922419734255
2023-10-13,S005-P0005,Groceries,69,283,13.29,94.8627646603529
2023-10-14,S005-P0005,Groceries,51,241,10.35,95.0317910903307
2023-10-15,S005-P0005,Groceries,102,202,16.55,74.4188400760263
2023-10-16,S005-P0005,Groceries,41,122,9.94,94.99883552232349
2023-10-17,S005-P0005,Groceries,29,303,11.99,91.438823137541
2023-10-18,S005-P0005,Groceries,78,269,16.05,74.20942529971575
2023-10-19,S005-P0005,Groceries,80,183,15.35,91.63519616460493
2023-10-20,S005-P0005,Groceries,71,135,13.36,92.08134755143895
2023-10-21,S005-P0005,Groceries,94,228,15.29,92.62865701846022
2023-10-22,S005-P0005,Groceries,108,160,14.32,104.28277452439139
2023-10-23,S005-P0005,Groceries,111,260,12.78,102.48939141324163
2023-10-24,S005-P0005,Groceries,55,132,10.51,94.30835824198124
2023-10-25,S005-P0005,Groceries,80,353,16.18,114.85695374895157
2023-10-26,S005-P0005,Groceries,90,287,15.07,113.6257896790541
2023-10-27,S005-P0005,Groceries,115,213,16.39,126.4747441425162
2023-10-28,S005-P0005,Groceries,143,137,18.78,128.36784713205427
2023-10-29,S005-P0005,Groceries,139,276,19.53,128.44589192181922
2023-10-30,S005-P0005,Groceries,108,172,16.04,101.45823885276096
2023-10-31,S005-P0005,Groceries,106,342,16.75,99.06462479232397
2023-11-01,S005-P0005,Groceries,115,274,14.66,132.08383765973693
2023-11-02,S005-P0005,Groceries,78,162,14.43,127.74526215074373
2023-11-03,S005-P0005,Groceries,95,352,12.13,133.58756409151866
2023-11-04,S005-P0005,Groceries,135,244,15.45,132.501089473872
2023-11-05,S005-P0005,Groceries,147,116,14.25,132.30886867645245
2023-11-06,S005-P0005,Groceries,103,242,14.94,100.6405140056708
2023-11-07,S005-P0005,Groceries,135,447,19.29,97.6828812473731
2023-11-08,S005-P0005,Groceries,102,296,16.52,128.10830109612655
2023-11-09,S005-P0005,Groceries,139,211,17.55,99.31794962481605
2023-11-10,S005-P0005,Groceries,88,87,15.01,99.90366104686703
2023-11-11,S005-P0005,Groceries,42,342,12.63,100.12210703078354
2023-11-12,S005-P0005,Groceries,102,314,15.68,100.66551511443741
2023-11-13,S005-P0005,Groceries,189,191,15.94,150.35911171210452
2023-11-14,S005-P0005,Groceries,165,0,17.96,134.7194483772877
2023-11-15,S005-P0005,Groceries,83,358,15.49,97.79476276880769
2023-11-16,S005-P0005,Groceries,117,621,17.38,114.35964491677689
2023-11-17,S005-P0005,Groceries,149,512,20.11,101.10270710714101
2023-11-18,S005-P0005,Groceries,93,333,15.21,99.7000338685465
2023-11-19,S005-P0005,Groceries,155,244,16.33,167.76447411965506
2023-11-20,S005-P0005,Groceries,136,98,13.79,134.16738801180932
2023-11-21,S005-P0005,Groceries,146,354,17.99,126.24176669664921
2023-11-22,S005-P0005,Groceries,79,258,16.11,113.10987124078154
2023-11-23,S005-P0005,Groceries,176,502,19.43,135.14625981202246
2023-11-24,S005-P0005,Groceries,160,295,19.69,116.05812261166662
2023-11-25,S005-P0005,Groceries,146,181,15.91,131.0318718867045
2023-11-26,S005-P0005,Groceries,158,426,18.56,128.77802598428173
2023-11-27,S005-P0005,Groceries,236,280,23.76,127.46326689444975
2023-11-28,S005-P0005,Groceries,128,113,17.96,99.1440740612787
2023-11-29,S005-P0005,Groceries,96,478,15.39,128.957245173183
2023-11-30,S005-P0005,Groceries,115,399,16.37,112.83766942135922
2023-12-01,S005-P0005,Groceries,123,304,13.94,158.05139654068336
2023-12-02,S005-P0005,Groceries,140,169,17.59,113.29061380627505
2023-12-03,S005-P0005,Groceries,107,252,15.12,113.29061380627505
2023-12-04,S005-P0005,Groceries,61,168,13.58,113.77419801874952
2023-12-05,S005-P0005,Groceries,118,342,14.77,145.96090302467766
2023-12-06,S005-P0005,Groceries,186,208,22.21,127.63123269551467
2023-12-07,S005-P0005,Groceries,120,81,15.77,113.28524432364377
2023-12-08,S005-P0005,Groceries,178,433,20.63,113.0577374906277
2023-12-09,S005-P0005,Groceries,55,295,14.0,99.56683118839226
2023-12-10,S005-P0005,Groceries,51,233,13.1,100.11023927204613
2023-12-11,S005-P0005,Groceries,58,188,14.92,104.86503126114955
2023-12-12,S005-P0005,Groceries,187,131,15.84,161.9407754705419
2023-12-13,S005-P0005,Groceries,112,0,16.23,129.8433443049314
2023-12-14,S005-P0005,Groceries,129,443,15.14,164.02568660992847
2023-12-15,S005-P0005,Groceries,93,365,13.66,138.42040520137883
2023-12-16,S005-P0005,Groceries,148,288,15.01,148.9220036405621
2023-12-17,S005-P0005,Groceries,116,158,14.71,149.20906406747204
2023-12-18,S005-P0005,Groceries,98,277,14.72,117.95225234014818
2023-12-19,S005-P0005,Groceries,109,165,13.54,164.11899864346793
2023-12-20,S005-P0005,Groceries,124,43,18.66,101.4020332747415
2023-12-21,S005-P0005,Groceries,135,235,17.34,129.0238586432318
2023-12-22,S005-P0005,Groceries,177,416,16.46,164.2530618463177
2023-12-23,S005-P0005,Groceries,107,288,15.92,100.43301140849329
2023-12-24,S005-P0005,Groceries,114,492,17.21,127.81873169040433
2023-12-25,S005-P0005,Groceries,71,359,14.11,104.04637216853702
2023-12-26,S005-P0005,Groceries,118,289,16.52,99.2178513402256
2023-12-27,S005-P0005,Groceries,60,171,12.84,72.09798893290892
2023-12-28,S005-P0005,Groceries,46,369,11.38,115.42717713268438
2023-12-29,S005-P0005,Groceries,87,336,14.97,90.22068332819549
2023-12-30,S005-P0005,Groceries,33,232,12.2,69.69384905833728
2023-12-31,S005-P0005,Groceries,59,194,13.51,73.9506415830677
2024-01-01,S005-P0005,Groceries,110,144,17.0,74.93630021832507
2024-01-02,S005-P0005,Groceries,75,34,14.31,98.06046093515018
2024-01-03,S005-P0005,Groceries,71,232,12.52,97.59833534403263
2024-01-04,S005-P0005,Groceries,99,169,16.37,69.9468487691582
2024-01-05,S005-P0005,Groceries,69,65,11.08,111.05391173589253
2024-01-06,S005-P0005,Groceries,45,203,13.47,73.49525423625732
2024-01-07,S005-P0005,Groceries,83,175,14.71,69.842236306743
2024-01-08,S005-P0005,Groceries,113,120,16.3,74.83789274352189
2024-01-09,S005-P0005,Groceries,130,198,18.07,98.9225242255144
2024-01-10,S005-P0005,Groceries,163,82,19.81,100.07164984681502
2024-01-11,S005-P0005,Groceries,85,283,14.84,102.4992160759325
2024-01-12,S005-P0005,Groceries,123,549,15.91,112.97736237486595
2024-01-13,S005-P0005,Groceries,95,469,16.16,127.6701460216181
2024-01-14,S005-P0005,Groceries,149,373,18.07,101.59269559340237
2024-01-15,S005-P0005,Groceries,104,277,15.76,116.4280378838443
2024-01-16,S005-P0005,Groceries,149,192,17.05,133.6569802414035
2024-01-17,S005-P0005,Groceries,114,74,16.29,113.15111671395455
2024-01-18,S005-P0005,Groceries,115,321,17.26,126.06751327489675
2024-01-19,S005-P0005,Groceries,141,213,16.7,137.36797595420393
2024-01-20,S005-P0005,Groceries,192,57,16.91,159.4521601790317
2024-01-21,S005-P0005,Groceries,196,290,20.46,145.4431453875499
2024-01-22,S005-P0005,Groceries,133,537,17.25,122.9958091409615
2024-01-23,S005-P0005,Groceries,108,410,16.86,97.77823865811567
2024-01-24,S005-P0005,Groceries,64,310,11.46,145.70061283930937
2024-01-25,S005-P0005,Groceries,145,253,18.89,122.42689361154639
2024-01-26,S005-P0005,Groceries,248,104,19.54,145.22322981080904
2024-01-27,S005-P0005,Groceries,111,266,13.46,131.89978220761517
2024-01-28,S005-P0005,Groceries,98,581,16.33,107.69263977894303
2024-01-29,S005-P0005,Groceries,164,469,20.94,108.15619973237108
2024-01-30,S005-P0005,Groceries,113,288,17.12,97.52769477641392
2023-10-03,S005-P0006,Groceries,122,927,64.24,117.93598846171734
2023-10-04,S005-P0006,Groceries,123,832,54.86,151.01795439530977
2023-10-05,S005-P0006,Groceries,72,718,54.4,99.53122925071858
2023-10-06,S005-P0006,Groceries,169,658,69.89,121.53417764660117
2023-10-07,S005-P0006,Groceries,86,475,54.26,74.86353324464757
2023-10-08,S005-P0006,Groceries,44,387,46.32,83.02117189145149
2023-10-09,S005-P0006,Groceries,81,358,53.34,82.8368907339637
2023-10-10,S005-P0006,Groceries,99,848,53.53,94.59639695738689
2023-10-11,S005-P0006,Groceries,94,740,44.02,115.95062473396473
2023-10-12,S005-P0006,Groceries,88,652,54.62,74.04591038406812
2023-10-13,S005-P0006,Groceries,51,582,47.83,74.052607507028
2023-10-14,S005-P0006,Groceries,107,549,51.64,95.31885151724065
2023-10-15,S005-P0006,Groceries,90,429,58.04,74.4188400760263
2023-10-16,S005-P0006,Groceries,61,365,49.45,95.27392514215883
2023-10-17,S005-P0006,Groceries,117,312,56.89,91.55483202222055
2023-10-18,S005-P0006,Groceries,80,199,44.79,94.69905705586814
2023-10-19,S005-P0006,Groceries,120,503,50.47,115.68780549339421
2023-10-20,S005-P0006,Groceries,102,363,60.34,91.90039652517267
2023-10-21,S005-P0006,Groceries,63,284,52.75,92.34614336749355
2023-10-22,S005-P0006,Groceries,66,216,42.62,104.14034516265743
2023-10-23,S005-P0006,Groceries,67,604,42.19,102.48939141324163
2023-10-24,S005-P0006,Groceries,47,530,46.93,73.99096777170989
2023-10-25,S005-P0006,Groceries,205,495,72.19,142.58622705541944
2023-10-26,S005-P0006,Groceries,142,286,68.29,113.25922750922665
2023-10-27,S005-P0006,Groceries,118,168,60.13,126.77636417075692
2023-10-28,S005-P0006,Groceries,145,73,65.17,128.95198081126165
2023-10-29,S005-P0006,Groceries,113,797,59.37,128.72840557278587
2023-10-30,S005-P0006,Groceries,143,694,68.32,101.45823885276096
2023-10-31,S005-P0006,Groceries,88,578,51.81,99.4778460747453
2023-11-01,S005-P0006,Groceries,95,497,56.01,99.39390626892194
2023-11-02,S005-P0006,Groceries,113,422,62.48,127.28304039095197
2023-11-03,S005-P0006,Groceries,90,333,58.06,100.296205315998
2023-11-04,S005-P0006,Groceries,94,230,55.67,99.7101342064124
2023-11-05,S005-P0006,Groceries,50,155,50.03,99.4865223792609
2023-11-06,S005-P0006,Groceries,159,571,67.82,100.6405140056708
2023-11-07,S005-P0006,Groceries,46,445,46.84,97.6828812473731
2023-11-08,S005-P0006,Groceries,130,408,59.19,128.474863265954
2023-11-09,S005-P0006,Groceries,172,301,66.28,133.20992766167006
2023-11-10,S005-P0006,Groceries,168,802,61.76,133.57793586133494
2023-11-11,S005-P0006,Groceries,112,691,56.15,100.12210703078354
2023-11-12,S005-P0006,Groceries,143,558,54.75,132.71625373927037
2023-11-13,S005-P0006,Groceries,140,461,54.23,150.64617213901442
2023-11-14,S005-P0006,Groceries,126,334,68.41,98.97400564120491
2023-11-15,S005-P0006,Groceries,174,228,62.77,134.0239413373603
2023-11-16,S005-P0006,Groceries,158,627,71.28,114.35964491677689
2023-11-17,S005-P0006,Groceries,168,519,58.67,136.67961522326465
2023-11-18,S005-P0006,Groceries,143,385,54.75,134.72234034176938
2023-11-19,S005-P0006,Groceries,100,226,63.04,127.81774177910899
2023-11-20,S005-P0006,Groceries,162,731,68.51,101.21927409863143
2023-11-21,S005-P0006,Groceries,106,555,57.99,126.24176669664921
2023-11-22,S005-P0006,Groceries,178,479,60.24,152.284650723405
2023-11-23,S005-P0006,Groceries,129,367,62.19,99.3450928577074
2023-11-24,S005-P0006,Groceries,157,770,74.8,115.99318047007989
2023-11-25,S005-P0006,Groceries,133,675,62.97,99.1555157468897
2023-11-26,S005-P0006,Groceries,112,575,65.53,128.1938923050743
2023-11-27,S005-P0006,Groceries,255,474,85.75,160.42658140838884
2023-11-28,S005-P0006,Groceries,85,233,51.01,128.70656250406012
2023-11-29,S005-P0006,Groceries,223,131,80.01,128.65562514494226
2023-11-30,S005-P0006,Groceries,146,0,62.01,113.13928944959994
2023-12-01,S005-P0006,Groceries,174,1216,70.75,125.7059800985154
2023-12-02,S005-P0006,Groceries,123,1106,64.55,112.98899377803433
2023-12-03,S005-P0006,Groceries,218,995,74.45,145.26862022897384
2023-12-04,S005-P0006,Groceries,80,780,55.91,113.40763584892207
2023-12-05,S005-P0006,Groceries,173,731,74.39,113.48850131283008
2023-12-06,S005-P0006,Groceries,199,526,71.11,163.71872501190845
2023-12-07,S005-P0006,Groceries,230,401,72.6,146.29132366899327
2023-12-08,S005-P0006,Groceries,121,180,54.48,146.25306345921356
2023-12-09,S005-P0006,Groceries,95,903,44.27,131.4773725711754
2023-12-10,S005-P0006,Groceries,88,809,54.52,100.22624815672569
2023-12-11,S005-P0006,Groceries,85,735,57.02,104.86503126114955
2023-12-12,S005-P0006,Groceries,193,646,70.0,162.24528902127196
2023-12-13,S005-P0006,Groceries,175,424,67.14,129.95935318961097
2023-12-14,S005-P0006,Groceries,131,246,59.47,129.33117280166775
2023-12-15,S005-P0006,Groceries,48,120,44.75,137.67791431690992
2023-12-16,S005-P0006,Groceries,122,782,64.27,116.80526998090217
2023-12-17,S005-P0006,Groceries,151,675,55.25,148.9220036405621
2023-12-18,S005-P0006,Groceries,123,535,57.71,151.1774309413637
2023-12-19,S005-P0006,Groceries,97,448,53.41,129.02887706505066
2023-12-20,S005-P0006,Groceries,70,362,48.66,101.55757120136968
2023-12-21,S005-P0006,Groceries,222,900,62.94,166.02591373397655
2023-12-22,S005-P0006,Groceries,133,710,66.36,127.60164122030318
2023-12-23,S005-P0006,Groceries,119,561,57.33,100.43301140849329
2023-12-24,S005-P0006,Groceries,177,440,75.11,127.81873169040433
2023-12-25,S005-P0006,Groceries,177,1074,75.11,103.93036328385746
2023-12-26,S005-P0006,Groceries,157,866,71.1,99.2178513402256
2023-12-27,S005-P0006,Groceries,77,707,52.56,72.02994137768697
2023-12-28,S005-P0006,Groceries,112,656,65.51,89.96151562632194
2023-12-29,S005-P0006,Groceries,55,539,53.73,91.30351283348499
2023-12-30,S005-P0006,Groceries,49,482,44.94,69.80985794301684
2023-12-31,S005-P0006,Groceries,43,452,51.34,73.88569944148098
2024-01-01,S005-P0006,Groceries,74,426,57.77,74.93630021832507
2024-01-02,S005-P0006,Groceries,37,370,37.51,97.66870672625738
2024-01-03,S005-P0006,Groceries,149,336,55.73,97.59833534403263
2024-01-04,S005-P0006,Groceries,122,236,54.67,92.47555072345888
2024-01-05,S005-P0006,Groceries,80,137,55.93,82.87804683632785
2024-01-06,S005-P0006,Groceries,90,75,60.98,73.4303120946706
2024-01-07,S005-P0006,Groceries,115,720,62.97,69.72622742206345
2024-01-08,S005-P0006,Groceries,80,599,50.17,99.28793447499268
2024-01-09,S005-P0006,Groceries,93,509,55.46,99.4867059199313
2024-01-10,S005-P0006,Groceries,116,402,63.14,100.16873147105713
2024-01-11,S005-P0006,Groceries,96,279,56.19,102.4992160759325
2024-01-12,S005-P0006,Groceries,120,178,47.85,146.04472259572182
2024-01-13,S005-P0006,Groceries,87,91,54.57,127.6701460216181
2024-01-14,S005-P0006,Groceries,63,510,55.43,101.47668670872281
2024-01-15,S005-P0006,Groceries,118,459,66.85,116.24708685757801
2024-01-16,S005-P0006,Groceries,63,381,50.02,100.22138701970037
2024-01-17,S005-P0006,Groceries,108,313,61.43,113.03510782927499
2024-01-18,S005-P0006,Groceries,83,234,50.85,126.18352215957631
2024-01-19,S005-P0006,Groceries,73,663,54.61,102.87034431449902
2024-01-20,S005-P0006,Groceries,84,608,56.88,126.70377447486476
2024-01-21,S005-P0006,Groceries,148,552,55.53,145.4431453875499
2024-01-22,S005-P0006,Groceries,123,452,64.5,122.9958091409615
2024-01-23,S005-P0006,Groceries,134,378,56.68,132.53821592162018
2024-01-24,S005-P0006,Groceries,167,264,65.77,145.91755854417056
2024-01-25,S005-P0006,Groceries,141,696,50.99,155.9000294469208
2024-01-26,S005-P0006,Groceries,76,604,55.26,107.72661124280856
2024-01-27,S005-P0006,Groceries,142,534,71.8,98.08529785699547
2024-01-28,S005-P0006,Groceries,112,408,46.74,144.5066722223412
2024-01-29,S005-P0006,Groceries,78,327,52.66,108.2211418739578
2024-01-30,S005-P0006,Groceries,163,266,72.4,97.52769477641392
2023-10-03,S005-P0007,Groceries,124,402,84.82,118.00093060330407
2023-10-04,S005-P0007,Groceries,69,683,78.09,118.63109053315739
2023-10-05,S005-P0007,Groceries,125,607,94.35,99.62831087496069
2023-10-06,S005-P0007,Groceries,118,496,73.78,147.85601057404068
2023-10-07,S005-P0007,Groceries,108,368,71.43,95.27512080216766
2023-10-08,S005-P0007,Groceries,50,269,72.8,82.8402208651852
2023-10-09,S005-P0007,Groceries,42,211,66.87,82.8368907339637
2023-10-10,S005-P0007,Groceries,82,180,66.21,94.59639695738689
2023-10-11,S005-P0007,Groceries,88,110,66.88,116.47472663452929
2023-10-12,S005-P0007,Groceries,48,240,68.71,74.14299200831023
2023-10-13,S005-P0007,Groceries,53,204,73.65,74.052607507028
2023-10-14,S005-P0007,Groceries,45,162,57.01,95.31885151724065
2023-10-15,S005-P0007,Groceries,108,124,76.28,74.53484896070586
2023-10-16,S005-P0007,Groceries,112,120,86.05,74.95547689495618
2023-10-17,S005-P0007,Groceries,61,208,68.3,91.55483202222055
2023-10-18,S005-P0007,Groceries,110,149,64.03,94.41199662895819
2023-10-19,S005-P0007,Groceries,91,75,84.62,91.57025402301821
2023-10-20,S005-P0007,Groceries,88,258,75.47,91.9653386667594
2023-10-21,S005-P0007,Groceries,102,165,78.87,116.66452590598618
2023-10-22,S005-P0007,Groceries,57,51,67.58,82.74284778628531
2023-10-23,S005-P0007,Groceries,86,221,83.14,82.67790564469858
2023-10-24,S005-P0007,Groceries,55,118,66.83,73.99096777170989
2023-10-25,S005-P0007,Groceries,97,209,61.42,142.51930490714557
2023-10-26,S005-P0007,Groceries,108,134,76.39,113.6257896790541
2023-10-27,S005-P0007,Groceries,196,255,114.54,126.40980200092947
2023-10-28,S005-P0007,Groceries,167,58,95.97,128.65036078302091
2023-10-29,S005-P0007,Groceries,103,317,83.63,128.72840557278587
2023-10-30,S005-P0007,Groceries,111,581,81.14,101.57424773744052
2023-10-31,S005-P0007,Groceries,40,485,62.98,99.4778460747453
2023-11-01,S005-P0007,Groceries,84,452,70.44,99.80712755134327
2023-11-02,S005-P0007,Groceries,230,382,112.1,127.28304039095197
2023-11-03,S005-P0007,Groceries,155,127,92.65,100.296205315998
2023-11-04,S005-P0007,Groceries,69,530,74.21,99.4335235901818
2023-11-05,S005-P0007,Groceries,118,464,70.04,132.59592910336238
2023-11-06,S005-P0007,Groceries,108,363,84.85,100.3639033894402
2023-11-07,S005-P0007,Groceries,235,266,89.48,131.87150272225657
2023-11-08,S005-P0007,Groceries,142,8,99.17,128.10830109612655
2023-11-09,S005-P0007,Groceries,151,472,91.44,99.31794962481605
2023-11-10,S005-P0007,Groceries,140,304,89.0,99.90366104686703
2023-11-11,S005-P0007,Groceries,139,144,88.41,100.12210703078354
2023-11-12,S005-P0007,Groceries,76,335,76.3,100.54950622975785
2023-11-13,S005-P0007,Groceries,114,261,72.81,150.64617213901442
2023-11-14,S005-P0007,Groceries,113,160,90.77,98.97400564120491
2023-11-15,S005-P0007,Groceries,156,232,102.97,97.79476276880769
2023-11-16,S005-P0007,Groceries,149,76,85.81,152.28212549649206
2023-11-17,S005-P0007,Groceries,148,350,90.74,135.93712433879574
2023-11-18,S005-P0007,Groceries,124,182,84.47,134.787480533669
2023-11-19,S005-P0007,Groceries,154,382,87.71,128.40187545831637
2023-11-20,S005-P0007,Groceries,141,230,88.86,101.33528298331099
2023-11-21,S005-P0007,Groceries,59,426,64.1,167.36298550730336
2023-11-22,S005-P0007,Groceries,179,364,93.3,152.06451244476895
2023-11-23,S005-P0007,Groceries,115,235,65.11,136.19734024473664
2023-11-24,S005-P0007,Groceries,79,532,69.25,116.35974263990734
2023-11-25,S005-P0007,Groceries,124,451,80.32,99.1555157468897
2023-11-26,S005-P0007,Groceries,100,342,65.24,161.70222191543243
2023-11-27,S005-P0007,Groceries,133,239,91.63,127.46326689444975
2023-11-28,S005-P0007,Groceries,86,139,74.65,99.396693612149
2023-11-29,S005-P0007,Groceries,130,327,95.76,128.59068300335554
2023-11-30,S005-P0007,Groceries,62,176,68.8,112.83766942135922
2023-12-01,S005-P0007,Groceries,102,379,78.89,126.00760012675612
2023-12-02,S005-P0007,Groceries,95,273,65.12,144.81758979240945
2023-12-03,S005-P0007,Groceries,131,216,86.47,112.98899377803433
2023-12-04,S005-P0007,Groceries,100,75,82.73,113.40763584892207
2023-12-05,S005-P0007,Groceries,58,253,67.82,113.55344345441681
2023-12-06,S005-P0007,Groceries,205,195,88.94,164.02642689717868
2023-12-07,S005-P0007,Groceries,142,47,79.33,146.29132366899327
2023-12-08,S005-P0007,Groceries,151,344,96.46,113.0577374906277
2023-12-09,S005-P0007,Groceries,74,240,71.73,99.68284007307182
2023-12-10,S005-P0007,Groceries,124,440,70.54,131.57221220066577
2023-12-11,S005-P0007,Groceries,46,343,53.73,135.63243319172315
2023-12-12,S005-P0007,Groceries,156,298,97.88,128.998383335673
2023-12-13,S005-P0007,Groceries,158,178,93.32,129.95935318961097
2023-12-14,S005-P0007,Groceries,46,325,67.95,129.15022177540146
2023-12-15,S005-P0007,Groceries,73,276,60.28,138.42040520137883
2023-12-16,S005-P0007,Groceries,111,203,76.78,149.20906406747204
2023-12-17,S005-P0007,Groceries,126,84,94.45,116.74032783931544
2023-12-18,S005-P0007,Groceries,172,249,102.25,117.83624345546862
2023-12-19,S005-P0007,Groceries,144,145,70.98,164.22841791762824
2023-12-20,S005-P0007,Groceries,151,420,86.79,101.55757120136968
2023-12-21,S005-P0007,Groceries,101,241,83.02,128.9078497585522
2023-12-22,S005-P0007,Groceries,169,130,96.23,127.71765010498274
2023-12-23,S005-P0007,Groceries,130,215,72.7,133.08744811464507
2023-12-24,S005-P0007,Groceries,162,413,84.58,163.49454526035316
2023-12-25,S005-P0007,Groceries,42,292,67.08,103.93036328385746
2023-12-26,S005-P0007,Groceries,49,241,65.26,99.47047089109589
2023-12-27,S005-P0007,Groceries,91,190,80.28,72.02994137768697
2023-12-28,S005-P0007,Groceries,65,93,73.2,89.96151562632194
2023-12-29,S005-P0007,Groceries,86,228,70.96,90.33669221287505
2023-12-30,S005-P0007,Groceries,62,150,68.84,69.69384905833728
2023-12-31,S005-P0007,Groceries,69,261,70.48,73.9506415830677
2024-01-01,S005-P0007,Groceries,116,216,82.38,95.2211767133811
2024-01-02,S005-P0007,Groceries,60,147,75.65,73.49041581400483
2024-01-03,S005-P0007,Groceries,88,365,67.53,98.19519415965638
2024-01-04,S005-P0007,Groceries,111,284,77.03,91.57865967018144
2024-01-05,S005-P0007,Groceries,70,165,74.51,82.87804683632785
2024-01-06,S005-P0007,Groceries,80,300,69.48,73.61126312093688
2024-01-07,S005-P0007,Groceries,53,232,69.89,69.72622742206345
2024-01-08,S005-P0007,Groceries,56,190,70.71,74.77295060193516
2024-01-09,S005-P0007,Groceries,111,127,81.23,99.4867059199313
2024-01-10,S005-P0007,Groceries,154,57,92.28,133.20593475684814
2024-01-11,S005-P0007,Groceries,126,257,89.75,102.4992160759325
2024-01-12,S005-P0007,Groceries,105,421,79.77,112.97736237486595
2024-01-13,S005-P0007,Groceries,196,303,85.82,161.41765752848931
2024-01-14,S005-P0007,Groceries,143,92,99.42,101.47668670872281
2024-01-15,S005-P0007,Groceries,95,458,77.3,116.31202899916474
2024-01-16,S005-P0007,Groceries,195,401,85.71,133.30477962259394
2024-01-17,S005-P0007,Groceries,90,236,72.0,147.90482772430465
2024-01-18,S005-P0007,Groceries,138,521,83.66,126.18352215957631
2024-01-19,S005-P0007,Groceries,51,420,73.07,102.87034431449902
2024-01-20,S005-P0007,Groceries,81,368,69.37,159.11882589503452
2024-01-21,S005-P0007,Groceries,142,287,89.46,111.92482102880183
2024-01-22,S005-P0007,Groceries,80,142,81.26,122.93086699937477
2024-01-23,S005-P0007,Groceries,65,350,69.65,97.77823865811567
2024-01-24,S005-P0007,Groceries,56,299,67.05,110.6891503094522
2024-01-25,S005-P0007,Groceries,37,236,52.48,155.6542587695578
2024-01-26,S005-P0007,Groceries,99,206,78.25,107.79155338439529
2024-01-27,S005-P0007,Groceries,92,101,68.5,132.25198282642472
2024-01-28,S005-P0007,Groceries,96,211,77.49,107.69263977894303
2024-01-29,S005-P0007,Groceries,133,134,91.74,108.2211418739578
2024-01-30,S005-P0007,Groceries,56,261,74.58,97.52769477641392
2023-10-03,S005-P0008,Groceries,84,208,59.84,118.00093060330407
2023-10-04,S005-P0008,Groceries,183,109,71.95,151.01795439530977
2023-10-05,S005-P0008,Groceries,88,160,60.81,99.62831087496069
2023-10-06,S005-P0008,Groceries,104,105,60.7,121.65018653128072
2023-10-07,S005-P0008,Groceries,72,151,54.47,74.86353324464757
2023-10-08,S005-P0008,Groceries,126,85,64.95,104.20977169642586
2023-10-09,S005-P0008,Groceries,51,151,50.36,82.8368907339637
2023-10-10,S005-P0008,Groceries,84,106,53.88,73.9783995282026
2023-10-11,S005-P0008,Groceries,76,91,52.32,93.37220885916793
2023-10-12,S005-P0008,Groceries,39,96,39.96,95.98096785297818
2023-10-13,S005-P0008,Groceries,85,116,57.18,74.052607507028
2023-10-14,S005-P0008,Groceries,82,106,56.47,74.74752435996801
2023-10-15,S005-P0008,Groceries,91,120,58.36,74.4188400760263
2023-10-16,S005-P0008,Groceries,62,142,55.34,74.95547689495618
2023-10-17,S005-P0008,Groceries,103,88,60.49,91.55483202222055
2023-10-18,S005-P0008,Groceries,90,108,54.74,94.8414864176021
2023-10-19,S005-P0008,Groceries,91,112,54.93,116.02361466611409
2023-10-20,S005-P0008,Groceries,104,123,64.09,91.9653386667594
2023-10-21,S005-P0008,Groceries,88,146,51.6,116.78529948912376
2023-10-22,S005-P0008,Groceries,72,156,54.29,82.85885667096487
2023-10-23,S005-P0008,Groceries,82,72,47.58,103.16681453193193
2023-10-24,S005-P0008,Groceries,51,83,50.47,73.87495888703033
2023-10-25,S005-P0008,Groceries,105,73,57.78,115.03790477521785
2023-10-26,S005-P0008,Groceries,106,115,64.55,113.32416965081337
2023-10-27,S005-P0008,Groceries,200,140,75.6,164.81246527356012
2023-10-28,S005-P0008,Groceries,179,164,79.67,128.36784713205427
2023-10-29,S005-P0008,Groceries,119,206,67.24,128.44589192181922
2023-10-30,S005-P0008,Groceries,96,133,59.2,101.45823885276096
2023-10-31,S005-P0008,Groceries,85,122,60.02,99.06462479232397
2023-11-01,S005-P0008,Groceries,113,154,65.95,99.39390626892194
2023-11-02,S005-P0008,Groceries,104,123,60.69,127.74526215074373
2023-11-03,S005-P0008,Groceries,188,141,65.24,133.8746245184286
2023-11-04,S005-P0008,Groceries,145,179,76.27,99.4335235901818
2023-11-05,S005-P0008,Groceries,90,197,51.46,132.59592910336238
2023-11-06,S005-P0008,Groceries,66,113,50.46,100.6405140056708
2023-11-07,S005-P0008,Groceries,130,132,69.42,97.6828812473731
2023-11-08,S005-P0008,Groceries,130,128,65.96,128.17324323771328
2023-11-09,S005-P0008,Groceries,198,126,75.1,132.07311072718568
2023-11-10,S005-P0008,Groceries,150,189,55.22,133.290875434425
2023-11-11,S005-P0008,Groceries,67,212,53.33,100.12210703078354
2023-11-12,S005-P0008,Groceries,122,133,53.55,132.42919331236044
2023-11-13,S005-P0008,Groceries,146,168,57.44,150.35911171210452
2023-11-14,S005-P0008,Groceries,99,200,66.22,98.97400564120491
2023-11-15,S005-P0008,Groceries,114,90,62.86,97.69768114456558
2023-11-16,S005-P0008,Groceries,162,115,80.0,114.29470277519016
2023-11-17,S005-P0008,Groceries,143,144,56.9,136.39255479635472
2023-11-18,S005-P0008,Groceries,112,163,52.56,134.72234034176938
2023-11-19,S005-P0008,Groceries,107,136,61.18,128.40187545831637
2023-11-20,S005-P0008,Groceries,88,182,47.98,134.16738801180932
2023-11-21,S005-P0008,Groceries,105,128,64.3,126.17682455506248
2023-11-22,S005-P0008,Groceries,57,121,54.36,113.17481338236827
2023-11-23,S005-P0008,Groceries,126,70,68.63,99.32616559726995
2023-11-24,S005-P0008,Groceries,218,107,83.12,148.12032914077918
2023-11-25,S005-P0008,Groceries,43,202,51.29,99.03950686221015
2023-11-26,S005-P0008,Groceries,97,165,62.64,128.476405956041
2023-11-27,S005-P0008,Groceries,140,97,71.59,127.46326689444975
2023-11-28,S005-P0008,Groceries,88,132,60.81,99.1440740612787
2023-11-29,S005-P0008,Groceries,101,130,60.17,128.65562514494226
2023-11-30,S005-P0008,Groceries,79,185,52.95,113.13928944959994
2023-12-01,S005-P0008,Groceries,165,91,72.74,126.00760012675612
2023-12-02,S005-P0008,Groceries,110,188,61.82,113.29061380627505
2023-12-03,S005-P0008,Groceries,134,84,70.33,112.98899377803433
2023-12-04,S005-P0008,Groceries,115,151,62.75,145.48724729264885
2023-12-05,S005-P0008,Groceries,212,178,81.87,145.96090302467766
2023-12-06,S005-P0008,Groceries,172,252,82.14,127.63123269551467
2023-12-07,S005-P0008,Groceries,189,104,81.75,112.91868215381632
2023-12-08,S005-P0008,Groceries,54,205,48.35,113.35935751886842
2023-12-09,S005-P0008,Groceries,96,166,56.12,99.68284007307182
2023-12-10,S005-P0008,Groceries,110,98,61.76,100.22624815672569
2023-12-11,S005-P0008,Groceries,35,131,47.18,104.86503126114955
2023-12-12,S005-P0008,Groceries,237,93,86.77,162.24528902127196
2023-12-13,S005-P0008,Groceries,103,217,57.41,129.95935318961097
2023-12-14,S005-P0008,Groceries,182,119,64.2,164.02568660992847
2023-12-15,S005-P0008,Groceries,37,213,45.15,137.67791431690992
2023-12-16,S005-P0008,Groceries,159,177,75.36,116.74032783931544
2023-12-17,S005-P0008,Groceries,122,196,64.13,149.20906406747204
2023-12-18,S005-P0008,Groceries,180,122,79.89,117.77130131388189
2023-12-19,S005-P0008,Groceries,139,161,71.33,128.84792603878438
2023-12-20,S005-P0008,Groceries,119,176,60.46,133.92399415808262
2023-12-21,S005-P0008,Groceries,82,147,53.44,129.0238586432318
2023-12-22,S005-P0008,Groceries,179,60,71.58,164.16549823968353
2023-12-23,S005-P0008,Groceries,158,163,67.25,133.1525883065447
2023-12-24,S005-P0008,Groceries,127,230,68.72,127.81873169040433
2023-12-25,S005-P0008,Groceries,71,108,51.41,104.04637216853702
2023-12-26,S005-P0008,Groceries,210,145,72.39,132.72371533004738
2023-12-27,S005-P0008,Groceries,84,251,63.1,72.12702300192908
2023-12-28,S005-P0008,Groceries,66,159,50.5,90.14246665258823
2023-12-29,S005-P0008,Groceries,113,84,62.67,90.22068332819549
2023-12-30,S005-P0008,Groceries,54,95,51.02,69.69384905833728
2023-12-31,S005-P0008,Groceries,101,97,57.16,74.06665046774727
2024-01-01,S005-P0008,Groceries,28,94,43.45,75.11725124459136
2024-01-02,S005-P0008,Groceries,75,63,57.98,73.55535795559156
2024-01-03,S005-P0008,Groceries,172,84,61.69,97.19461032806524
2024-01-04,S005-P0008,Groceries,88,181,57.51,91.57865967018144
2024-01-05,S005-P0008,Groceries,81,101,49.88,111.06115705078972
2024-01-06,S005-P0008,Groceries,87,124,60.55,73.49525423625732
2024-01-07,S005-P0008,Groceries,90,152,64.3,69.72622742206345
2024-01-08,S005-P0008,Groceries,55,180,53.91,74.83789274352189
2024-01-09,S005-P0008,Groceries,129,127,62.28,132.8483583295976
2024-01-10,S005-P0008,Groceries,78,136,58.54,100.16873147105713
2024-01-11,S005-P0008,Groceries,236,168,86.67,135.07269425152174
2024-01-12,S005-P0008,Groceries,134,250,66.67,112.86135349018639
2024-01-13,S005-P0008,Groceries,132,151,66.2,127.78615490629765
2024-01-14,S005-P0008,Groceries,101,156,60.06,101.59269559340237
2024-01-15,S005-P0008,Groceries,131,171,69.59,116.24708685757801
2024-01-16,S005-P0008,Groceries,145,192,54.45,133.30477962259394
2024-01-17,S005-P0008,Groceries,133,192,55.34,147.01331428691762
2024-01-18,S005-P0008,Groceries,132,179,66.08,126.18352215957631
2024-01-19,S005-P0008,Groceries,168,203,69.53,102.98635319917858
2024-01-20,S005-P0008,Groceries,127,210,65.22,127.10229701051098
2024-01-21,S005-P0008,Groceries,162,78,72.32,111.92482102880183
2024-01-22,S005-P0008,Groceries,193,151,82.54,122.93086699937477
2024-01-23,S005-P0008,Groceries,139,258,56.97,132.47307572972056
2024-01-24,S005-P0008,Groceries,146,128,61.75,145.63118358438055
2024-01-25,S005-P0008,Groceries,148,166,73.07,122.42689361154639
2024-01-26,S005-P0008,Groceries,122,220,67.79,107.79155338439529
2024-01-27,S005-P0008,Groceries,119,85,53.02,131.89978220761517
2024-01-28,S005-P0008,Groceries,133,121,66.56,107.69263977894303
2024-01-29,S005-P0008,Groceries,169,157,73.35,108.2211418739578
2024-01-30,S005-P0008,Groceries,81,154,59.36,97.52769477641392
2023-10-03,S005-P0009,Groceries,141,147,98.07,144.2662266286763
2023-10-04,S005-P0009,Groceries,170,328,112.52,118.81204155942368
2023-10-05,S005-P0009,Groceries,52,815,81.26,99.62831087496069
2023-10-06,S005-P0009,Groceries,45,761,79.02,121.53417764660117
2023-10-07,S005-P0009,Groceries,64,726,85.28,74.74752435996801
2023-10-08,S005-P0009,Groceries,164,664,110.81,104.20977169642586
2023-10-09,S005-P0009,Groceries,91,521,98.59,82.77194859237697
2023-10-10,S005-P0009,Groceries,57,445,82.98,73.86239064352304
2023-10-11,S005-P0009,Groceries,89,409,97.98,93.37582982854998
2023-10-12,S005-P0009,Groceries,75,311,88.5,74.14299200831023
2023-10-13,S005-P0009,Groceries,38,246,72.97,74.16861639170756
2023-10-14,S005-P0009,Groceries,31,207,56.09,95.0317910903307
2023-10-15,S005-P0009,Groceries,86,180,92.03,74.4188400760263
2023-10-16,S005-P0009,Groceries,93,96,89.64,74.95547689495618
2023-10-17,S005-P0009,Groceries,75,6,79.63,91.55483202222055
2023-10-18,S005-P0009,Groceries,115,220,96.02,94.68708624879353
2023-10-19,S005-P0009,Groceries,109,417,94.43,91.63519616460493
2023-10-20,S005-P0009,Groceries,80,290,95.11,91.90039652517267
2023-10-21,S005-P0009,Groceries,139,240,97.37,116.78529948912376
2023-10-22,S005-P0009,Groceries,98,104,90.88,82.85885667096487
2023-10-23,S005-P0009,Groceries,78,0,71.77,103.16681453193193
2023-10-24,S005-P0009,Groceries,46,446,75.54,73.87495888703033
2023-10-25,S005-P0009,Groceries,190,408,118.32,115.03790477521785
2023-10-26,S005-P0009,Groceries,122,260,77.73,147.9328770089995
2023-10-27,S005-P0009,Groceries,133,124,91.07,164.81246527356012
2023-10-28,S005-P0009,Groceries,220,524,106.18,167.41687361761225
2023-10-29,S005-P0009,Groceries,171,302,113.03,128.72840557278587
2023-10-30,S005-P0009,Groceries,81,181,90.44,101.45823885276096
2023-10-31,S005-P0009,Groceries,118,740,92.1,99.4778460747453
2023-11-01,S005-P0009,Groceries,110,653,89.87,99.80712755134327
2023-11-02,S005-P0009,Groceries,161,561,97.5,166.28457481184685
2023-11-03,S005-P0009,Groceries,74,415,66.34,133.58756409151866
2023-11-04,S005-P0009,Groceries,58,354,65.63,132.21402904696208
2023-11-05,S005-P0009,Groceries,139,315,108.78,99.4865223792609
2023-11-06,S005-P0009,Groceries,98,189,91.16,100.3639033894402
2023-11-07,S005-P0009,Groceries,80,73,90.21,97.6828812473731
2023-11-08,S005-P0009,Groceries,125,430,83.56,166.4064679231139
2023-11-09,S005-P0009,Groceries,146,324,111.21,99.2990223643786
2023-11-10,S005-P0009,Groceries,103,163,102.61,99.90366104686703
2023-11-11,S005-P0009,Groceries,87,98,92.45,100.00609814610398
2023-11-12,S005-P0009,Groceries,50,506,80.8,100.54950622975785
2023-11-13,S005-P0009,Groceries,67,458,81.4,150.64617213901442
2023-11-14,S005-P0009,Groceries,186,380,111.33,134.7194483772877
2023-11-15,S005-P0009,Groceries,42,246,78.13,97.69768114456558
2023-11-16,S005-P0009,Groceries,129,215,100.32,114.35964491677689
2023-11-17,S005-P0009,Groceries,112,573,90.32,101.21871599182057
2023-11-18,S005-P0009,Groceries,158,440,103.41,134.787480533669
2023-11-19,S005-P0009,Groceries,99,250,86.63,128.40187545831637
2023-11-20,S005-P0009,Groceries,103,161,97.52,101.21927409863143
2023-11-21,S005-P0009,Groceries,105,512,78.51,166.949052682413
2023-11-22,S005-P0009,Groceries,121,413,108.6,113.10987124078154
2023-11-23,S005-P0009,Groceries,96,288,85.81,99.3450928577074
2023-11-24,S005-P0009,Groceries,135,217,96.78,116.35974263990734
2023-11-25,S005-P0009,Groceries,138,56,91.46,131.0318718867045
2023-11-26,S005-P0009,Groceries,122,266,103.6,128.1938923050743
2023-11-27,S005-P0009,Groceries,123,128,109.21,127.46326689444975
2023-11-28,S005-P0009,Groceries,119,443,82.02,128.1903918755961
2023-11-29,S005-P0009,Groceries,129,372,100.55,128.65562514494226
2023-11-30,S005-P0009,Groceries,111,251,95.13,112.83766942135922
2023-12-01,S005-P0009,Groceries,275,124,127.86,157.94197726652305
2023-12-02,S005-P0009,Groceries,130,453,100.81,112.98899377803433
2023-12-03,S005-P0009,Groceries,154,323,89.69,144.53052936549952
2023-12-04,S005-P0009,Groceries,147,1009,93.79,145.48724729264885
2023-12-05,S005-P0009,Groceries,69,907,82.1,113.85506348265753
2023-12-06,S005-P0009,Groceries,199,829,115.16,164.8544077650998
2023-12-07,S005-P0009,Groceries,171,681,113.02,112.98362429540305
2023-12-08,S005-P0009,Groceries,175,482,120.22,112.99279534904097
2023-12-09,S005-P0009,Groceries,158,295,108.85,99.68284007307182
2023-12-10,S005-P0009,Groceries,124,142,103.99,100.11023927204613
2023-12-11,S005-P0009,Groceries,68,443,77.86,104.98104014582911
2023-12-12,S005-P0009,Groceries,160,390,109.33,162.24528902127196
2023-12-13,S005-P0009,Groceries,251,209,136.72,165.8508791609564
2023-12-14,S005-P0009,Groceries,124,0,104.1,129.2151639169882
2023-12-15,S005-P0009,Groceries,111,419,90.01,105.39540503972759
2023-12-16,S005-P0009,Groceries,83,1005,82.12,116.92127886558173
2023-12-17,S005-P0009,Groceries,179,907,102.49,149.20906406747204
2023-12-18,S005-P0009,Groceries,262,799,132.36,151.1774309413637
2023-12-19,S005-P0009,Groceries,151,598,118.73,128.84792603878438
2023-12-20,S005-P0009,Groceries,96,501,95.37,101.30495165049939
2023-12-21,S005-P0009,Groceries,148,1105,83.77,166.02591373397655
2023-12-22,S005-P0009,Groceries,118,967,97.08,127.60164122030318
2023-12-23,S005-P0009,Groceries,115,879,95.89,100.43301140849329
2023-12-24,S005-P0009,Groceries,117,743,96.56,128.21725422605053
2023-12-25,S005-P0009,Groceries,66,660,77.22,104.04637216853702
2023-12-26,S005-P0009,Groceries,86,596,72.74,132.43665490313745
2023-12-27,S005-P0009,Groceries,102,511,97.15,72.02994137768697
2023-12-28,S005-P0009,Groceries,92,394,84.65,90.14246665258823
2023-12-29,S005-P0009,Groceries,110,306,89.74,90.33669221287505
2023-12-30,S005-P0009,Groceries,49,233,76.15,69.80985794301684
2023-12-31,S005-P0009,Groceries,65,200,85.39,73.88569944148098
2024-01-01,S005-P0009,Groceries,90,437,93.27,75.0012423599118
2024-01-02,S005-P0009,Groceries,77,361,70.57,97.66870672625738
2024-01-03,S005-P0009,Groceries,26,278,76.87,73.24556180568506
2024-01-04,S005-P0009,Groceries,72,248,87.72,70.0439303934003
2024-01-05,S005-P0009,Groceries,62,168,84.6,82.94298897791458
2024-01-06,S005-P0009,Groceries,100,108,77.32,97.7659250110503
2024-01-07,S005-P0009,Groceries,62,180,76.1,69.842236306743
2024-01-08,S005-P0009,Groceries,71,136,83.11,74.83789274352189
2024-01-09,S005-P0009,Groceries,75,405,74.61,132.783218137698
2024-01-10,S005-P0009,Groceries,105,321,98.2,100.16873147105713
2024-01-11,S005-P0009,Groceries,115,235,81.11,135.81518513599065
2024-01-12,S005-P0009,Groceries,219,136,127.26,112.97736237486595
2024-01-13,S005-P0009,Groceries,170,331,106.76,127.78615490629765
2024-01-14,S005-P0009,Groceries,136,143,107.82,101.47668670872281
2024-01-15,S005-P0009,Groceries,103,803,92.54,116.31202899916474
2024-01-16,S005-P0009,Groceries,70,693,65.25,133.30477962259394
2024-01-17,S005-P0009,Groceries,128,639,99.81,147.90482772430465
2024-01-18,S005-P0009,Groceries,159,556,103.72,126.18352215957631
2024-01-19,S005-P0009,Groceries,90,427,93.45,102.87034431449902
2024-01-20,S005-P0009,Groceries,225,328,122.54,159.11882589503452
2024-01-21,S005-P0009,Groceries,148,116,88.3,145.29243636384265
2024-01-22,S005-P0009,Groceries,137,0,108.15,122.93086699937477
2024-01-23,S005-P0009,Groceries,59,699,79.24,97.77823865811567
2024-01-24,S005-P0009,Groceries,140,633,87.44,145.8513218630166
2024-01-25,S005-P0009,Groceries,112,488,105.59,122.36195146995966
2024-01-26,S005-P0009,Groceries,62,369,84.42,107.72661124280856
2024-01-27,S005-P0009,Groceries,92,319,84.06,132.25198282642472
2024-01-28,S005-P0009,Groceries,98,256,91.25,107.69263977894303
2024-01-29,S005-P0009,Groceries,67,193,90.63,108.15619973237108
2024-01-30,S005-P0009,Groceries,94,136,99.52,97.52769477641392
2023-10-03,S005-P0010,Groceries,89,155,54.98,144.2662266286763
2023-10-04,S005-P0010,Groceries,167,600,61.73,151.23809267394583
2023-10-05,S005-P0010,Groceries,94,408,59.01,99.62831087496069
2023-10-06,S005-P0010,Groceries,52,342,48.03,121.65018653128072
2023-10-07,S005-P0010,Groceries,85,283,42.88,94.98806037525772
2023-10-08,S005-P0010,Groceries,72,201,57.5,82.8402208651852
2023-10-09,S005-P0010,Groceries,102,117,60.5,82.8368907339637
2023-10-10,S005-P0010,Groceries,81,242,59.32,73.86239064352304
2023-10-11,S005-P0010,Groceries,40,155,43.54,93.37220885916793
2023-10-12,S005-P0010,Groceries,88,124,49.18,96.1922419734255
2023-10-13,S005-P0010,Groceries,53,242,45.82,74.16861639170756
2023-10-14,S005-P0010,Groceries,87,197,51.78,95.30688071016604
2023-10-15,S005-P0010,Groceries,35,103,47.42,74.4188400760263
2023-10-16,S005-P0010,Groceries,87,63,54.6,75.07148577963574
2023-10-17,S005-P0010,Groceries,86,253,54.53,91.438823137541
2023-10-18,S005-P0010,Groceries,128,173,59.11,74.04378056450486
2023-10-19,S005-P0010,Groceries,72,36,46.43,116.02361466611409
2023-10-20,S005-P0010,Groceries,71,234,49.07,92.08134755143895
2023-10-21,S005-P0010,Groceries,154,501,56.69,116.73043373402398
2023-10-22,S005-P0010,Groceries,87,324,45.48,103.46292204396713
2023-10-23,S005-P0010,Groceries,31,232,41.9,82.85885667096487
2023-10-24,S005-P0010,Groceries,80,610,56.29,73.87495888703033
2023-10-25,S005-P0010,Groceries,181,520,72.16,115.03790477521785
2023-10-26,S005-P0010,Groceries,108,384,55.49,113.6257896790541
2023-10-27,S005-P0010,Groceries,104,275,64.09,126.40980200092947
2023-10-28,S005-P0010,Groceries,207,799,73.18,167.2198907368178
2023-10-29,S005-P0010,Groceries,100,629,57.11,128.72840557278587
2023-10-30,S005-P0010,Groceries,61,510,52.37,101.45823885276096
2023-10-31,S005-P0010,Groceries,202,467,80.27,99.06462479232397
2023-11-01,S005-P0010,Groceries,135,245,63.71,99.39390626892194
2023-11-02,S005-P0010,Groceries,175,121,59.21,166.39399408600718
2023-11-03,S005-P0010,Groceries,124,510,61.5,100.5728159322286
2023-11-04,S005-P0010,Groceries,66,413,47.86,132.501089473872
2023-11-05,S005-P0010,Groceries,139,339,71.35,99.4865223792609
2023-11-06,S005-P0010,Groceries,83,190,51.07,100.6405140056708
2023-11-07,S005-P0010,Groceries,135,133,53.7,132.1585631491665
2023-11-08,S005-P0010,Groceries,160,405,60.6,166.4064679231139
2023-11-09,S005-P0010,Groceries,100,242,50.64,133.61619607111464
2023-11-10,S005-P0010,Groceries,131,158,66.34,99.90366104686703
2023-11-11,S005-P0010,Groceries,92,511,58.65,100.00609814610398
2023-11-12,S005-P0010,Groceries,159,435,61.03,132.71625373927037
2023-11-13,S005-P0010,Groceries,106,332,58.33,116.77631134597547
2023-11-14,S005-P0010,Groceries,109,264,58.92,98.97400564120491
2023-11-15,S005-P0010,Groceries,142,746,51.28,133.73688091045037
2023-11-16,S005-P0010,Groceries,78,600,55.74,114.29470277519016
2023-11-17,S005-P0010,Groceries,103,518,63.97,101.10270710714101
2023-11-18,S005-P0010,Groceries,117,421,60.38,99.58402498386694
2023-11-19,S005-P0010,Groceries,297,320,84.23,167.67691051302089
2023-11-20,S005-P0010,Groceries,95,109,59.17,101.21927409863143
2023-11-21,S005-P0010,Groceries,133,47,63.13,126.54338672488993
2023-11-22,S005-P0010,Groceries,206,922,64.01,153.23208428192189
2023-11-23,S005-P0010,Groceries,99,689,54.02,135.14625981202246
2023-11-24,S005-P0010,Groceries,90,574,55.04,116.35974263990734
2023-11-25,S005-P0010,Groceries,89,494,55.08,99.03950686221015
2023-11-26,S005-P0010,Groceries,209,411,77.29,128.77802598428173
2023-11-27,S005-P0010,Groceries,149,222,66.33,127.52820903603647
2023-11-28,S005-P0010,Groceries,52,89,47.93,99.396693612149
2023-11-29,S005-P0010,Groceries,108,676,65.08,128.59068300335554
2023-11-30,S005-P0010,Groceries,78,595,53.03,112.83766942135922
2023-12-01,S005-P0010,Groceries,191,503,82.21,125.64103795692867
2023-12-02,S005-P0010,Groceries,30,297,46.24,112.9240516364476
2023-12-03,S005-P0010,Groceries,131,267,66.2,112.98899377803433
2023-12-04,S005-P0010,Groceries,111,747,59.04,113.77419801874952
2023-12-05,S005-P0010,Groceries,78,667,52.93,113.85506348265753
2023-12-06,S005-P0010,Groceries,61,606,52.46,127.63123269551467
2023-12-07,S005-P0010,Groceries,125,559,61.76,112.98362429540305
2023-12-08,S005-P0010,Groceries,124,411,58.09,146.25306345921356
2023-12-09,S005-P0010,Groceries,118,310,53.63,131.76443299808534
2023-12-10,S005-P0010,Groceries,134,221,53.54,131.8592726275757
2023-12-11,S005-P0010,Groceries,52,450,39.98,135.63243319172315
2023-12-12,S005-P0010,Groceries,175,408,74.88,128.5005563934812
2023-12-13,S005-P0010,Groceries,68,265,53.92,129.8433443049314
2023-12-14,S005-P0010,Groceries,201,183,72.03,129.33117280166775
2023-12-15,S005-P0010,Groceries,75,466,49.61,105.39540503972759
2023-12-16,S005-P0010,Groceries,56,399,51.55,116.80526998090217
2023-12-17,S005-P0010,Groceries,131,917,55.83,149.20906406747204
2023-12-18,S005-P0010,Groceries,104,791,48.78,151.1774309413637
2023-12-19,S005-P0010,Groceries,179,682,75.7,128.84792603878438
2023-12-20,S005-P0010,Groceries,113,549,56.37,133.92399415808262
2023-12-21,S005-P0010,Groceries,180,478,68.42,129.0238586432318
2023-12-22,S005-P0010,Groceries,152,284,70.46,127.60164122030318
2023-12-23,S005-P0010,Groceries,104,166,57.93,100.31700252381373
2023-12-24,S005-P0010,Groceries,199,649,75.44,163.49454526035316
2023-12-25,S005-P0010,Groceries,190,446,69.69,135.9798406012825
2023-12-26,S005-P0010,Groceries,111,261,62.24,99.2178513402256
2023-12-27,S005-P0010,Groceries,112,137,52.7,93.90039985201511
2023-12-28,S005-P0010,Groceries,69,675,56.81,89.96151562632194
2023-12-29,S005-P0010,Groceries,51,605,47.9,90.33669221287505
2023-12-30,S005-P0010,Groceries,35,566,44.74,69.80985794301684
2023-12-31,S005-P0010,Groceries,44,529,51.62,73.88569944148098
2024-01-01,S005-P0010,Groceries,100,493,50.65,95.2331475204557
2024-01-02,S005-P0010,Groceries,30,426,46.38,73.55535795559156
2024-01-03,S005-P0010,Groceries,66,404,56.2,73.24556180568506
2024-01-04,S005-P0010,Groceries,113,330,56.4,91.57865967018144
2024-01-05,S005-P0010,Groceries,47,221,39.7,111.06115705078972
2024-01-06,S005-P0010,Groceries,124,178,64.87,73.49525423625732
2024-01-07,S005-P0010,Groceries,116,332,57.03,91.74216497682514
2024-01-08,S005-P0010,Groceries,59,194,54.87,74.77295060193516
2024-01-09,S005-P0010,Groceries,114,155,62.88,98.9225242255144
2024-01-10,S005-P0010,Groceries,84,437,48.48,132.7827401589969
2024-01-11,S005-P0010,Groceries,122,353,61.14,102.61522496061205
2024-01-12,S005-P0010,Groceries,152,234,70.32,112.86135349018639
2024-01-13,S005-P0010,Groceries,94,67,52.99,127.78615490629765
2024-01-14,S005-P0010,Groceries,121,335,57.92,101.59269559340237
2024-01-15,S005-P0010,Groceries,108,236,58.55,116.4280378838443
2024-01-16,S005-P0010,Groceries,126,162,51.6,133.30477962259394
2024-01-17,S005-P0010,Groceries,175,342,56.23,147.01331428691762
2024-01-18,S005-P0010,Groceries,106,176,64.63,126.00257113331003
2024-01-19,S005-P0010,Groceries,78,75,58.82,102.87034431449902
2024-01-20,S005-P0010,Groceries,162,574,72.44,126.70377447486476
2024-01-21,S005-P0010,Groceries,108,459,55.29,145.4431453875499
2024-01-22,S005-P0010,Groceries,160,337,64.86,122.9958091409615
2024-01-23,S005-P0010,Groceries,102,229,60.49,97.77823865811567
2024-01-24,S005-P0010,Groceries,153,155,52.9,145.70061283930937
2024-01-25,S005-P0010,Groceries,76,472,52.58,122.42689361154639
2024-01-26,S005-P0010,Groceries,29,412,48.64,107.72661124280856
2024-01-27,S005-P0010,Groceries,108,394,48.67,131.89978220761517
2024-01-28,S005-P0010,Groceries,87,277,57.6,107.69263977894303
2024-01-29,S005-P0010,Groceries,90,202,61.19,108.15619973237108
2024-01-30,S005-P0010,Groceries,78,115,52.94,97.52769477641392
2023-10-03,S005-P0011,Electronics,118,877,82.32,96.58529572093236
2023-10-04,S005-P0011,Electronics,90,741,75.1,97.35192335130556
2023-10-05,S005-P0011,Electronics,94,684,80.16,86.37991704326029
2023-10-06,S005-P0011,Electronics,71,610,66.48,97.10166540209129
2023-10-07,S005-P0011,Electronics,47,553,60.79,64.21491746294772
2023-10-08,S005-P0011,Electronics,18,508,53.37,71.30935278942763
2023-10-09,S005-P0011,Electronics,40,492,65.66,55.3014785519536
2023-10-10,S005-P0011,Electronics,43,447,53.23,65.84788191981924
2023-10-11,S005-P0011,Electronics,45,405,63.52,61.25634640272432
2023-10-12,S005-P0011,Electronics,45,374,56.91,67.53987530632327
2023-10-13,S005-P0011,Electronics,40,322,65.59,50.36009621485289
2023-10-14,S005-P0011,Electronics,44,294,66.76,51.038745950447755
2023-10-15,S005-P0011,Electronics,64,264,72.17,50.65964708406057
2023-10-16,S005-P0011,Electronics,58,196,66.89,51.570088243401024
2023-10-17,S005-P0011,Electronics,88,155,70.26,77.40190892016949
2023-10-18,S005-P0011,Electronics,43,74,66.47,50.84498148149097
2023-10-19,S005-P0011,Electronics,49,309,51.06,78.76842078791539
2023-10-20,S005-P0011,Electronics,46,256,67.36,60.271495540391825
2023-10-21,S005-P0011,Electronics,114,220,67.47,79.91841926654982
2023-10-22,S005-P0011,Electronics,80,112,68.64,55.70785215759379
2023-10-23,S005-P0011,Electronics,65,38,68.54,68.70347290385847
2023-10-24,S005-P0011,Electronics,40,0,58.99,50.95952241540294
2023-10-25,S005-P0011,Electronics,111,505,80.43,96.65983090945087
2023-10-26,S005-P0011,Electronics,66,404,61.26,123.58756924297661
2023-10-27,S005-P0011,Electronics,116,353,81.54,108.48615216726093
2023-10-28,S005-P0011,Electronics,85,281,77.8,108.63508825171968
2023-10-29,S005-P0011,Electronics,72,220,70.34,109.29726672069202
2023-10-30,S005-P0011,Electronics,97,160,85.19,88.75282906216144
2023-10-31,S005-P0011,Electronics,69,461,69.79,86.94216556597122
2023-11-01,S005-P0011,Electronics,139,385,87.4,87.74625376625792
2023-11-02,S005-P0011,Electronics,151,230,95.39,108.30945811631678
2023-11-03,S005-P0011,Electronics,114,88,81.24,88.685179737853
2023-11-04,S005-P0011,Electronics,110,0,75.53,110.97545563449272
2023-11-05,S005-P0011,Electronics,75,665,79.01,89.01484296189369
2023-11-06,S005-P0011,Electronics,121,585,78.54,111.30962658324597
2023-11-07,S005-P0011,Electronics,119,485,91.33,86.58213662096477
2023-11-08,S005-P0011,Electronics,143,362,98.15,108.4722500025038
2023-11-09,S005-P0011,Electronics,87,194,70.4,86.61274844148727
2023-11-10,S005-P0011,Electronics,53,136,69.24,87.19361807975315
2023-11-11,S005-P0011,Electronics,73,549,70.53,111.05681649741972
2023-11-12,S005-P0011,Electronics,78,502,71.79,87.89129005435841
2023-11-13,S005-P0011,Electronics,130,438,85.32,97.41804473550992
2023-11-14,S005-P0011,Electronics,59,334,70.87,86.16573536844699
2023-11-15,S005-P0011,Electronics,99,276,73.37,112.65945777630051
2023-11-16,S005-P0011,Electronics,71,176,70.17,94.71900986665474
2023-11-17,S005-P0011,Electronics,158,544,81.96,114.32071035410232
2023-11-18,S005-P0011,Electronics,131,374,71.19,112.15472783505984
2023-11-19,S005-P0011,Electronics,100,226,77.55,109.509951045393
2023-11-20,S005-P0011,Electronics,77,129,68.09,87.796407942081
2023-11-21,S005-P0011,Electronics,149,737,75.89,139.57654523837044
2023-11-22,S005-P0011,Electronics,78,603,72.07,92.46919361516527
2023-11-23,S005-P0011,Electronics,67,525,72.85,85.86598941917062
2023-11-24,S005-P0011,Electronics,136,472,81.68,121.67182074495739
2023-11-25,S005-P0011,Electronics,128,385,75.22,108.17193773942729
2023-11-26,S005-P0011,Electronics,170,266,79.33,134.06651010546716
2023-11-27,S005-P0011,Electronics,45,129,63.78,107.07560261843153
2023-11-28,S005-P0011,Electronics,73,586,74.48,85.35241205607052
2023-11-29,S005-P0011,Electronics,126,513,93.31,108.13807658575065
2023-11-30,S005-P0011,Electronics,124,435,88.33,92.80543825788804
2023-12-01,S005-P0011,Electronics,51,312,51.4,131.64012515413705
2023-12-02,S005-P0011,Electronics,67,274,72.95,96.01916528012792
2023-12-03,S005-P0011,Electronics,59,772,63.67,96.32078530836864
2023-12-04,S005-P0011,Electronics,120,704,82.42,123.57716156965083
2023-12-05,S005-P0011,Electronics,114,563,85.48,96.07172618427109
2023-12-06,S005-P0011,Electronics,151,438,76.27,136.6629977520949
2023-12-07,S005-P0011,Electronics,94,287,67.42,124.19905090115073
2023-12-08,S005-P0011,Electronics,117,184,81.89,95.3721622768013
2023-12-09,S005-P0011,Electronics,88,53,62.75,110.00817306233817
2023-12-10,S005-P0011,Electronics,44,576,60.05,86.03538765292899
2023-12-11,S005-P0011,Electronics,112,538,72.15,110.71789835880416
2023-12-12,S005-P0011,Electronics,81,459,72.55,107.79077094128415
2023-12-13,S005-P0011,Electronics,129,378,89.55,108.87487228081342
2023-12-14,S005-P0011,Electronics,92,272,83.75,106.98576987359623
2023-12-15,S005-P0011,Electronics,132,169,85.87,87.12217221428621
2023-12-16,S005-P0011,Electronics,130,90,71.82,122.47324314129786
2023-12-17,S005-P0011,Electronics,41,577,59.36,96.16869606179444
2023-12-18,S005-P0011,Electronics,101,533,73.89,96.81548217617551
2023-12-19,S005-P0011,Electronics,166,456,79.54,133.74712891602053
2023-12-20,S005-P0011,Electronics,81,333,80.57,86.4692016360319
2023-12-21,S005-P0011,Electronics,114,240,90.13,107.08606872065486
2023-12-22,S005-P0011,Electronics,33,156,47.88,138.29199777148636
2023-12-23,S005-P0011,Electronics,106,819,87.75,85.60763248920883
2023-12-24,S005-P0011,Electronics,63,715,67.97,110.50153961129264
2023-12-25,S005-P0011,Electronics,121,664,83.0,86.89478577036316
2023-12-26,S005-P0011,Electronics,134,532,71.72,111.51658598126406
2023-12-27,S005-P0011,Electronics,70,385,77.6,47.733522838076325
2023-12-28,S005-P0011,Electronics,50,318,61.58,63.83469067817234
2023-12-29,S005-P0011,Electronics,4,280,53.12,60.57785129954921
2023-12-30,S005-P0011,Electronics,40,803,65.73,47.90530908014858
2023-12-31,S005-P0011,Electronics,42,759,59.57,52.29042041173764
2024-01-01,S005-P0011,Electronics,40,731,59.05,59.811371844917716
2024-01-02,S005-P0011,Electronics,71,694,70.24,50.61832328351555
2024-01-03,S005-P0011,Electronics,43,617,53.11,66.70446106737752
2024-01-04,S005-P0011,Electronics,57,576,56.08,62.129645743536294
2024-01-05,S005-P0011,Electronics,74,517,58.94,78.69409833348392
2024-01-06,S005-P0011,Electronics,30,458,47.15,63.95778991847618
2024-01-07,S005-P0011,Electronics,33,424,63.76,48.026203653039815
2024-01-08,S005-P0011,Electronics,40,395,59.15,51.37285286446539
2024-01-09,S005-P0011,Electronics,95,355,72.38,85.21641490579117
2024-01-10,S005-P0011,Electronics,45,291,67.0,85.30914562504972
2024-01-11,S005-P0011,Electronics,111,244,72.0,110.54645059522895
2024-01-12,S005-P0011,Electronics,103,112,86.86,94.6524640216374
2024-01-13,S005-P0011,Electronics,177,445,86.22,132.56620292191099
2024-01-14,S005-P0011,Electronics,44,307,63.48,85.55340403263187
2024-01-15,S005-P0011,Electronics,194,256,84.55,123.65616029841097
2024-01-16,S005-P0011,Electronics,89,66,74.72,85.43047681692165
2024-01-17,S005-P0011,Electronics,171,578,75.6,124.703507507423
2024-01-18,S005-P0011,Electronics,93,400,83.99,106.44235950525659
2024-01-19,S005-P0011,Electronics,111,340,76.26,86.71462647130429
2024-01-20,S005-P0011,Electronics,172,209,90.85,133.24586541490638
2024-01-21,S005-P0011,Electronics,81,689,76.64,95.00972026132513
2024-01-22,S005-P0011,Electronics,81,597,76.68,105.46786290011073
2024-01-23,S005-P0011,Electronics,104,532,74.44,84.81891464879051
2024-01-24,S005-P0011,Electronics,74,446,74.7,94.56868783538131
2024-01-25,S005-P0011,Electronics,85,364,73.62,104.52239629372166
2024-01-26,S005-P0011,Electronics,118,310,81.97,93.85870806370522
2024-01-27,S005-P0011,Electronics,89,189,74.94,84.56041321312968
2024-01-28,S005-P0011,Electronics,112,90,76.43,94.64374246217984
2024-01-29,S005-P0011,Electronics,51,320,72.1,95.01108181950669
2024-01-30,S005-P0011,Electronics,74,269,74.76,84.47276231247591
2023-10-03,S005-P0012,Furniture,54,901,90.03,97.18176988452724
2023-10-04,S005-P0012,Furniture,73,853,135.31,76.53298051753227
2023-10-05,S005-P0012,Furniture,22,783,105.25,68.21021960391839
2023-10-06,S005-P0012,Furniture,40,763,113.35,77.03510430859785
2023-10-07,S005-P0012,Furniture,56,734,127.25,33.252481299617386
2023-10-08,S005-P0012,Furniture,34,694,104.81,36.38669417028071
2023-10-09,S005-P0012,Furniture,22,659,99.47,36.240761342207875
2023-10-10,S005-P0012,Furniture,19,645,82.85,39.471415060247324
2023-10-11,S005-P0012,Furniture,35,631,111.14,38.82923719536629
2023-10-12,S005-P0012,Furniture,54,598,100.93,41.197471649267364
2023-10-13,S005-P0012,Furniture,57,550,114.66,39.83563837905529
2023-10-14,S005-P0012,Furniture,33,497,82.52,40.218494506990766
2023-10-15,S005-P0012,Furniture,37,474,111.9,32.74274721342416
2023-10-16,S005-P0012,Furniture,28,445,113.57,33.27938403235406
2023-10-17,S005-P0012,Furniture,46,413,116.07,38.17302529820457
2023-10-18,S005-P0012,Furniture,31,372,97.62,39.56857419082341
2023-10-19,S005-P0012,Furniture,43,353,108.94,38.239439098572305
2023-10-20,S005-P0012,Furniture,53,312,89.43,50.79196784471455
2023-10-21,S005-P0012,Furniture,60,260,116.15,51.15895473519247
2023-10-22,S005-P0012,Furniture,23,223,105.58,36.232828528680265
2023-10-23,S005-P0012,Furniture,10,207,94.34,36.36519036395721
2023-10-24,S005-P0012,Furniture,37,200,117.88,32.2681992905164
2023-10-25,S005-P0012,Furniture,64,452,111.53,92.65420505321485
2023-10-26,S005-P0012,Furniture,87,383,128.4,74.28566489105563
2023-10-27,S005-P0012,Furniture,98,284,132.87,84.39741485782447
2023-10-28,S005-P0012,Furniture,66,222,119.18,84.58579505496567
2023-10-29,S005-P0012,Furniture,102,175,141.97,84.48453284261569
2023-10-30,S005-P0012,Furniture,43,462,114.9,69.61873787121748
2023-10-31,S005-P0012,Furniture,35,426,110.85,67.7562992140692
2023-11-01,S005-P0012,Furniture,110,403,122.84,90.24326577059041
2023-11-02,S005-P0012,Furniture,77,318,123.79,83.42872882641805
2023-11-03,S005-P0012,Furniture,43,261,85.99,91.80791403028206
2023-11-04,S005-P0012,Furniture,114,230,139.77,69.37387443441284
2023-11-05,S005-P0012,Furniture,110,669,145.8,69.05748794895653
2023-11-06,S005-P0012,Furniture,101,589,141.7,69.73795003824658
2023-11-07,S005-P0012,Furniture,66,526,125.31,67.55960448287729
2023-11-08,S005-P0012,Furniture,62,451,117.25,83.70138088639344
2023-11-09,S005-P0012,Furniture,60,401,96.65,91.55432736675324
2023-11-10,S005-P0012,Furniture,78,352,124.12,89.57309189797527
2023-11-11,S005-P0012,Furniture,73,302,122.03,68.58231900504107
2023-11-12,S005-P0012,Furniture,42,228,108.45,69.03295243039014
2023-11-13,S005-P0012,Furniture,48,184,111.04,76.11136040754262
2023-11-14,S005-P0012,Furniture,100,409,111.55,92.26244773845416
2023-11-15,S005-P0012,Furniture,37,315,106.21,67.82702393094006
2023-11-16,S005-P0012,Furniture,75,292,122.8,74.61654195879721
2023-11-17,S005-P0012,Furniture,79,225,131.35,70.15774002167139
2023-11-18,S005-P0012,Furniture,134,499,140.6,90.67028294237863
2023-11-19,S005-P0012,Furniture,130,360,131.72,110.77263550986709
2023-11-20,S005-P0012,Furniture,86,280,141.96,68.80303037058285
2023-11-21,S005-P0012,Furniture,148,198,155.23,82.13443241459548
2023-11-22,S005-P0012,Furniture,151,629,156.07,73.00133781061551
2023-11-23,S005-P0012,Furniture,133,526,117.28,93.25357142700346
2023-11-24,S005-P0012,Furniture,108,413,114.55,95.74615863085796
2023-11-25,S005-P0012,Furniture,90,319,129.79,67.81437959717722
2023-11-26,S005-P0012,Furniture,93,754,116.06,105.63539190244659
2023-11-27,S005-P0012,Furniture,98,672,133.07,82.92506328713633
2023-11-28,S005-P0012,Furniture,55,598,126.8,66.83484074541285
2023-11-29,S005-P0012,Furniture,111,542,153.72,82.07348946368354
2023-11-30,S005-P0012,Furniture,119,444,134.97,72.55511842556196
2023-12-01,S005-P0012,Furniture,72,302,134.9,79.88780565103453
2023-12-02,S005-P0012,Furniture,151,238,147.6,94.82956136495217
2023-12-03,S005-P0012,Furniture,103,62,112.39,94.37853092838779
2023-12-04,S005-P0012,Furniture,101,519,127.65,74.44453525252605
2023-12-05,S005-P0012,Furniture,57,437,121.08,73.48944208523558
2023-12-06,S005-P0012,Furniture,83,391,140.27,81.68072308195539
2023-12-07,S005-P0012,Furniture,92,323,123.76,73.09718164672832
2023-12-08,S005-P0012,Furniture,58,253,115.45,73.01317643671601
2023-12-09,S005-P0012,Furniture,82,200,106.25,87.05472133808514
2023-12-10,S005-P0012,Furniture,82,397,118.84,87.12192650117032
2023-12-11,S005-P0012,Furniture,140,311,134.52,87.02839003879278
2023-12-12,S005-P0012,Furniture,92,150,130.62,84.98959951611252
2023-12-13,S005-P0012,Furniture,95,80,131.88,84.71275213551436
2023-12-14,S005-P0012,Furniture,56,335,127.06,83.90989882149228
2023-12-15,S005-P0012,Furniture,77,861,98.0,91.11288070469716
2023-12-16,S005-P0012,Furniture,53,793,113.07,76.52202828673587
2023-12-17,S005-P0012,Furniture,121,749,135.86,97.36057119774456
2023-12-18,S005-P0012,Furniture,86,668,127.86,75.2540672372744
2023-12-19,S005-P0012,Furniture,94,597,116.72,107.80703979033022
2023-12-20,S005-P0012,Furniture,69,525,114.12,68.09861318970916
2023-12-21,S005-P0012,Furniture,65,467,131.37,82.6617178395008
2023-12-22,S005-P0012,Furniture,91,400,123.47,106.19428200716796
2023-12-23,S005-P0012,Furniture,96,298,132.0,67.49310950235144
2023-12-24,S005-P0012,Furniture,62,195,123.6,83.14842350697799
2023-12-25,S005-P0012,Furniture,67,140,94.29,88.21274427053552
2023-12-26,S005-P0012,Furniture,85,496,134.23,66.37060988491342
2023-12-27,S005-P0012,Furniture,44,417,121.06,30.747240435206336
2023-12-28,S005-P0012,Furniture,41,379,108.13,36.259211253118345
2023-12-29,S005-P0012,Furniture,51,350,112.15,36.56920682649362
2023-12-30,S005-P0012,Furniture,15,295,96.6,31.401774239766745
2023-12-31,S005-P0012,Furniture,32,286,104.09,34.04837743877216
2024-01-01,S005-P0012,Furniture,19,257,103.52,33.83835504823061
2024-01-02,S005-P0012,Furniture,22,236,110.76,33.55531554257814
2024-01-03,S005-P0012,Furniture,18,213,108.65,33.829554436959256
2024-01-04,S005-P0012,Furniture,38,194,101.39,31.16005088450207
2024-01-05,S005-P0012,Furniture,49,160,117.46,36.046145703072426
2024-01-06,S005-P0012,Furniture,46,117,109.86,34.02466252918453
2024-01-07,S005-P0012,Furniture,61,71,116.82,37.27905445163804
2024-01-08,S005-P0012,Furniture,54,180,119.9,33.944340191499585
2024-01-09,S005-P0012,Furniture,91,139,108.2,87.85122575359588
2024-01-10,S005-P0012,Furniture,96,30,146.4,67.01338612277829
2024-01-11,S005-P0012,Furniture,73,223,96.49,89.74478633336685
2024-01-12,S005-P0012,Furniture,83,139,106.58,95.42419973667646
2024-01-13,S005-P0012,Furniture,102,435,106.48,105.29209166454808
2024-01-14,S005-P0012,Furniture,57,325,115.16,68.19559508220189
2024-01-15,S005-P0012,Furniture,132,279,155.88,74.89396520984373
2024-01-16,S005-P0012,Furniture,72,150,121.94,67.23544390679079
2024-01-17,S005-P0012,Furniture,112,547,132.01,95.61388533708694
2024-01-18,S005-P0012,Furniture,123,444,129.11,103.02821748584375
2024-01-19,S005-P0012,Furniture,63,363,111.79,68.76827003505119
2024-01-20,S005-P0012,Furniture,105,299,129.15,82.48202908617488
2024-01-21,S005-P0012,Furniture,96,201,132.22,73.7967240515031
2024-01-22,S005-P0012,Furniture,123,514,136.53,101.3691804662385
2024-01-23,S005-P0012,Furniture,110,391,123.75,87.87537747782818
2024-01-24,S005-P0012,Furniture,60,262,110.28,73.11420128683312
2024-01-25,S005-P0012,Furniture,4,218,77.45,101.52151307605521
2024-01-26,S005-P0012,Furniture,65,623,125.1,72.55574768552647
2024-01-27,S005-P0012,Furniture,66,551,125.3,66.77869616607485
2024-01-28,S005-P0012,Furniture,96,495,146.74,73.49415071483611
2024-01-29,S005-P0012,Furniture,71,436,127.95,73.85891274718077
2024-01-30,S005-P0012,Furniture,54,375,107.91,66.48757091257899
2023-10-03,S005-P0013,Groceries,208,306,90.92,144.2662266286763
2023-10-04,S005-P0013,Groceries,131,80,78.54,118.69603267474412
2023-10-05,S005-P0013,Groceries,114,549,74.46,99.53122925071858
2023-10-06,S005-P0013,Groceries,126,450,81.26,121.53417764660117
2023-10-07,S005-P0013,Groceries,95,300,77.5,74.74752435996801
2023-10-08,S005-P0013,Groceries,75,219,72.4,82.8402208651852
2023-10-09,S005-P0013,Groceries,57,153,64.3,82.8368907339637
2023-10-10,S005-P0013,Groceries,38,433,53.39,94.59639695738689
2023-10-11,S005-P0013,Groceries,74,394,68.5,93.44077197013671
2023-10-12,S005-P0013,Groceries,129,321,69.84,96.1922419734255
2023-10-13,S005-P0013,Groceries,95,212,69.8,74.16861639170756
2023-10-14,S005-P0013,Groceries,79,150,69.82,74.74752435996801
2023-10-15,S005-P0013,Groceries,27,527,59.94,74.4188400760263
2023-10-16,S005-P0013,Groceries,112,505,69.75,95.4283253109674
2023-10-17,S005-P0013,Groceries,173,391,83.14,114.2035899900614
2023-10-18,S005-P0013,Groceries,73,217,68.31,74.20942529971575
2023-10-19,S005-P0013,Groceries,90,139,76.3,91.57025402301821
2023-10-20,S005-P0013,Groceries,102,621,60.36,116.21186652971804
2023-10-21,S005-P0013,Groceries,84,558,74.67,92.34614336749355
2023-10-22,S005-P0013,Groceries,81,489,52.81,103.46292204396713
2023-10-23,S005-P0013,Groceries,108,438,57.62,102.48939141324163
2023-10-24,S005-P0013,Groceries,65,343,69.81,73.87495888703033
2023-10-25,S005-P0013,Groceries,159,271,76.13,142.58622705541944
2023-10-26,S005-P0013,Groceries,43,173,64.24,113.25922750922665
2023-10-27,S005-P0013,Groceries,138,145,88.81,126.40980200092947
2023-10-28,S005-P0013,Groceries,71,435,61.11,128.95198081126165
2023-10-29,S005-P0013,Groceries,88,368,64.72,129.0300256010266
2023-10-30,S005-P0013,Groceries,138,299,75.93,101.57424773744052
2023-10-31,S005-P0013,Groceries,138,170,84.21,99.06462479232397
2023-11-01,S005-P0013,Groceries,140,86,72.17,132.08383765973693
2023-11-02,S005-P0013,Groceries,146,483,82.0,127.28304039095197
2023-11-03,S005-P0013,Groceries,120,339,80.01,100.296205315998
2023-11-04,S005-P0013,Groceries,100,208,74.94,99.4335235901818
2023-11-05,S005-P0013,Groceries,167,610,81.72,132.59592910336238
2023-11-06,S005-P0013,Groceries,109,465,73.07,100.6405140056708
2023-11-07,S005-P0013,Groceries,81,395,66.49,97.9355007982434
2023-11-08,S005-P0013,Groceries,42,341,45.47,166.27272871432973
2023-11-09,S005-P0013,Groceries,101,312,71.53,99.2019407401365
2023-11-10,S005-P0013,Groceries,148,203,78.0,100.01966993154659
2023-11-11,S005-P0013,Groceries,140,37,80.26,100.12210703078354
2023-11-12,S005-P0013,Groceries,85,261,67.5,100.66551511443741
2023-11-13,S005-P0013,Groceries,89,573,76.07,116.71136920438875
2023-11-14,S005-P0013,Groceries,150,475,82.68,134.7194483772877
2023-11-15,S005-P0013,Groceries,96,303,73.93,97.79476276880769
2023-11-16,S005-P0013,Groceries,134,227,75.07,152.28212549649206
2023-11-17,S005-P0013,Groceries,30,551,57.77,101.10270710714101
2023-11-18,S005-P0013,Groceries,95,525,58.17,134.43527991485945
2023-11-19,S005-P0013,Groceries,39,437,59.98,127.81774177910899
2023-11-20,S005-P0013,Groceries,74,397,54.06,134.16738801180932
2023-11-21,S005-P0013,Groceries,102,337,60.37,166.949052682413
2023-11-22,S005-P0013,Groceries,66,256,66.72,113.17481338236827
2023-11-23,S005-P0013,Groceries,116,193,71.07,135.14625981202246
2023-11-24,S005-P0013,Groceries,59,373,64.93,116.05812261166662
2023-11-25,S005-P0013,Groceries,72,322,53.83,130.74481145979456
2023-11-26,S005-P0013,Groceries,116,264,74.67,128.77802598428173
2023-11-27,S005-P0013,Groceries,125,177,81.24,127.46326689444975
2023-11-28,S005-P0013,Groceries,122,84,80.36,99.1440740612787
2023-11-29,S005-P0013,Groceries,118,388,79.36,128.59068300335554
2023-11-30,S005-P0013,Groceries,161,257,80.9,113.13928944959994
2023-12-01,S005-P0013,Groceries,160,70,76.26,157.85441365988888
2023-12-02,S005-P0013,Groceries,258,319,85.33,144.53052936549952
2023-12-03,S005-P0013,Groceries,104,97,79.87,112.9240516364476
2023-12-04,S005-P0013,Groceries,127,399,61.27,145.2001868657389
2023-12-05,S005-P0013,Groceries,161,1168,80.5,145.96090302467766
2023-12-06,S005-P0013,Groceries,122,1033,72.35,164.8544077650998
2023-12-07,S005-P0013,Groceries,96,908,70.08,113.28524432364377
2023-12-08,S005-P0013,Groceries,122,803,80.47,112.99279534904097
2023-12-09,S005-P0013,Groceries,123,693,80.67,99.56683118839226
2023-12-10,S005-P0013,Groceries,119,580,79.65,100.11023927204613
2023-12-11,S005-P0013,Groceries,134,477,78.84,104.98104014582911
2023-12-12,S005-P0013,Groceries,89,354,68.35,129.11439222035258
2023-12-13,S005-P0013,Groceries,128,270,64.71,165.28218956126366
2023-12-14,S005-P0013,Groceries,175,181,88.56,129.33117280166775
2023-12-15,S005-P0013,Groceries,104,28,68.4,105.39540503972759
2023-12-16,S005-P0013,Groceries,35,443,58.92,116.74032783931544
2023-12-17,S005-P0013,Groceries,208,403,90.77,149.20906406747204
2023-12-18,S005-P0013,Groceries,134,182,79.16,117.83624345546862
2023-12-19,S005-P0013,Groceries,199,34,104.52,128.84792603878438
2023-12-20,S005-P0013,Groceries,134,741,78.99,133.92399415808262
2023-12-21,S005-P0013,Groceries,129,587,77.88,129.0238586432318
2023-12-22,S005-P0013,Groceries,157,461,80.15,164.16549823968353
2023-12-23,S005-P0013,Groceries,133,307,87.51,100.31700252381373
2023-12-24,S005-P0013,Groceries,115,191,78.71,128.10124534137094
2023-12-25,S005-P0013,Groceries,103,641,75.75,103.93036328385746
2023-12-26,S005-P0013,Groceries,145,533,86.12,99.2178513402256
2023-12-27,S005-P0013,Groceries,47,401,52.17,93.90039985201511
2023-12-28,S005-P0013,Groceries,49,358,59.34,90.02645776790867
2023-12-29,S005-P0013,Groceries,92,319,69.43,90.22068332819549
2023-12-30,S005-P0013,Groceries,36,220,53.33,69.80985794301684
2023-12-31,S005-P0013,Groceries,89,181,68.75,73.9506415830677
2024-01-01,S005-P0013,Groceries,38,393,59.78,74.93630021832507
2024-01-02,S005-P0013,Groceries,84,349,59.89,98.07243174222478
2024-01-03,S005-P0013,Groceries,100,292,74.94,73.24556180568506
2024-01-04,S005-P0013,Groceries,64,190,62.83,69.9468487691582
2024-01-05,S005-P0013,Groceries,92,141,62.1,111.1160228058895
2024-01-06,S005-P0013,Groceries,77,398,62.47,73.61126312093688
2024-01-07,S005-P0013,Groceries,63,320,59.0,91.8965651456337
2024-01-08,S005-P0013,Groceries,85,278,67.82,74.83789274352189
2024-01-09,S005-P0013,Groceries,59,189,58.49,132.8483583295976
2024-01-10,S005-P0013,Groceries,121,145,75.91,133.20593475684814
2024-01-11,S005-P0013,Groceries,121,315,80.11,102.4992160759325
2024-01-12,S005-P0013,Groceries,87,220,71.79,112.86135349018639
2024-01-13,S005-P0013,Groceries,49,152,56.14,127.78615490629765
2024-01-14,S005-P0013,Groceries,112,428,70.15,101.59269559340237
2024-01-15,S005-P0013,Groceries,97,315,66.79,116.4280378838443
2024-01-16,S005-P0013,Groceries,104,208,64.53,133.6569802414035
2024-01-17,S005-P0013,Groceries,229,124,85.41,147.16402331062486
2024-01-18,S005-P0013,Groceries,155,337,93.06,126.00257113331003
2024-01-19,S005-P0013,Groceries,92,164,72.88,102.87034431449902
2024-01-20,S005-P0013,Groceries,205,857,100.86,126.98628812583142
2024-01-21,S005-P0013,Groceries,107,634,72.69,112.04082991348139
2024-01-22,S005-P0013,Groceries,143,552,85.45,122.93086699937477
2024-01-23,S005-P0013,Groceries,101,389,60.26,132.47307572972056
2024-01-24,S005-P0013,Groceries,163,282,85.81,110.6891503094522
2024-01-25,S005-P0013,Groceries,151,134,65.58,155.9000294469208
2024-01-26,S005-P0013,Groceries,127,0,81.68,107.79155338439529
2024-01-27,S005-P0013,Groceries,175,546,83.52,132.25198282642472
2024-01-28,S005-P0013,Groceries,116,407,83.01,107.6276976373563
2024-01-29,S005-P0013,Groceries,142,309,80.88,108.2211418739578
2024-01-30,S005-P0013,Groceries,97,792,78.12,97.52769477641392
2023-10-03,S005-P0014,Furniture,58,525,156.0,75.98400389253031
2023-10-04,S005-P0014,Furniture,99,468,161.99,76.80794504966053
2023-10-05,S005-P0014,Furniture,51,379,151.48,68.11313797967628
2023-10-06,S005-P0014,Furniture,103,329,172.93,77.24512669913939
2023-10-07,S005-P0014,Furniture,37,264,129.2,33.236028576141315
2023-10-08,S005-P0014,Furniture,62,221,126.72,44.649655185646225
2023-10-09,S005-P0014,Furniture,65,466,126.26,43.81716446117453
2023-10-10,S005-P0014,Furniture,46,423,141.24,32.26272288610445
2023-10-11,S005-P0014,Furniture,37,381,122.06,50.45473289895964
2023-10-12,S005-P0014,Furniture,45,357,125.67,40.919600795378365
2023-10-13,S005-P0014,Furniture,37,312,129.28,32.51501876468709
2023-10-14,S005-P0014,Furniture,36,286,114.01,40.218494506990766
2023-10-15,S005-P0014,Furniture,23,261,127.77,39.951289217413446
2023-10-16,S005-P0014,Furniture,28,237,138.18,33.14692242419842
2023-10-17,S005-P0014,Furniture,63,210,133.51,49.27544204174114
2023-10-18,S005-P0014,Furniture,54,171,138.04,39.56857419082341
2023-10-19,S005-P0014,Furniture,82,111,143.44,50.715567215603336
2023-10-20,S005-P0014,Furniture,38,179,144.27,38.405585726223535
2023-10-21,S005-P0014,Furniture,24,148,135.95,39.14656463318894
2023-10-22,S005-P0014,Furniture,55,423,129.74,44.566244154915026
2023-10-23,S005-P0014,Furniture,46,360,140.84,36.36519036395721
2023-10-24,S005-P0014,Furniture,25,326,136.52,32.2681992905164
2023-10-25,S005-P0014,Furniture,66,308,152.71,75.66311363722606
2023-10-26,S005-P0014,Furniture,72,244,147.9,74.68129842515833
2023-10-27,S005-P0014,Furniture,117,199,171.58,84.39741485782447
2023-10-28,S005-P0014,Furniture,104,112,164.76,84.98142858906837
2023-10-29,S005-P0014,Furniture,72,246,147.84,85.03021841952942
2023-10-30,S005-P0014,Furniture,76,571,175.36,69.75119947937311
2023-10-31,S005-P0014,Furniture,66,510,160.68,67.7562992140692
2023-11-01,S005-P0014,Furniture,54,451,145.18,68.4988019730885
2023-11-02,S005-P0014,Furniture,134,387,150.49,110.8522631364332
2023-11-03,S005-P0014,Furniture,57,295,130.96,91.80791403028206
2023-11-04,S005-P0014,Furniture,62,239,141.48,89.19469328728424
2023-11-05,S005-P0014,Furniture,99,596,170.83,89.19675825846981
2023-11-06,S005-P0014,Furniture,83,510,162.24,69.60548843009094
2023-11-07,S005-P0014,Furniture,59,456,148.86,67.55960448287729
2023-11-08,S005-P0014,Furniture,95,388,149.82,110.72349141509714
2023-11-09,S005-P0014,Furniture,73,304,173.7,67.80253229210021
2023-11-10,S005-P0014,Furniture,154,217,180.72,90.70990883245962
2023-11-11,S005-P0014,Furniture,112,50,158.13,91.33496888803231
2023-11-12,S005-P0014,Furniture,105,0,155.94,90.07486380112606
2023-11-13,S005-P0014,Furniture,50,386,151.34,76.17887987411153
2023-11-14,S005-P0014,Furniture,78,345,141.43,92.26244773845416
2023-11-15,S005-P0014,Furniture,91,504,157.97,90.6873624022809
2023-11-16,S005-P0014,Furniture,106,408,193.7,74.15596628310779
2023-11-17,S005-P0014,Furniture,80,286,159.89,70.27374890635095
2023-11-18,S005-P0014,Furniture,81,230,152.38,68.99640064070276
2023-11-19,S005-P0014,Furniture,82,168,169.8,83.58245138392427
2023-11-20,S005-P0014,Furniture,77,355,158.23,68.78657764710677
2023-11-21,S005-P0014,Furniture,94,307,186.63,82.06949027300875
2023-11-22,S005-P0014,Furniture,82,227,161.69,72.10666819720124
2023-11-23,S005-P0014,Furniture,72,168,164.33,67.10414293356826
2023-11-24,S005-P0014,Furniture,62,401,142.17,74.42139051770448
2023-11-25,S005-P0014,Furniture,30,335,139.11,67.94684120533286
2023-11-26,S005-P0014,Furniture,66,317,160.33,82.69276431299727
2023-11-27,S005-P0014,Furniture,116,267,190.39,82.52942975303363
2023-11-28,S005-P0014,Furniture,84,135,171.25,66.83484074541285
2023-11-29,S005-P0014,Furniture,76,81,175.48,82.07348946368354
2023-11-30,S005-P0014,Furniture,95,373,187.02,72.09454274987253
2023-12-01,S005-P0014,Furniture,35,295,149.63,79.88780565103453
2023-12-02,S005-P0014,Furniture,84,253,154.08,74.13483219141739
2023-12-03,S005-P0014,Furniture,52,187,137.0,94.82956136495217
2023-12-04,S005-P0014,Furniture,97,138,170.21,74.04890171842335
2023-12-05,S005-P0014,Furniture,99,254,171.41,73.55438422682231
2023-12-06,S005-P0014,Furniture,126,183,185.62,82.14129875764482
2023-12-07,S005-P0014,Furniture,92,53,166.58,73.09718164672832
2023-12-08,S005-P0014,Furniture,96,333,187.73,73.08069590328492
2023-12-09,S005-P0014,Furniture,117,270,152.75,87.05472133808514
2023-12-10,S005-P0014,Furniture,101,169,144.84,87.05678630927072
2023-12-11,S005-P0014,Furniture,119,432,153.59,87.02839003879278
2023-12-12,S005-P0014,Furniture,102,322,172.34,105.75928719186525
2023-12-13,S005-P0014,Furniture,94,232,159.3,84.9227745260559
2023-12-14,S005-P0014,Furniture,142,156,183.77,106.41829451869869
2023-12-15,S005-P0014,Furniture,52,279,144.86,69.87854561654817
2023-12-16,S005-P0014,Furniture,36,229,114.04,97.36057119774456
2023-12-17,S005-P0014,Furniture,71,712,154.69,76.52202828673587
2023-12-18,S005-P0014,Furniture,56,649,162.79,75.32158670384331
2023-12-19,S005-P0014,Furniture,68,614,145.42,84.18455922843705
2023-12-20,S005-P0014,Furniture,84,544,162.29,68.09861318970916
2023-12-21,S005-P0014,Furniture,117,448,142.98,108.46558317716362
2023-12-22,S005-P0014,Furniture,83,375,170.89,81.99393722227457
2023-12-23,S005-P0014,Furniture,40,310,108.67,88.0434217532831
2023-12-24,S005-P0014,Furniture,136,268,182.05,106.45878181471457
2023-12-25,S005-P0014,Furniture,77,119,167.02,68.09331355990861
2023-12-26,S005-P0014,Furniture,73,71,164.74,66.37060988491342
2023-12-27,S005-P0014,Furniture,16,430,118.1,30.718206366186166
2023-12-28,S005-P0014,Furniture,29,416,124.71,36.46923364365989
2023-12-29,S005-P0014,Furniture,34,390,134.15,36.56920682649362
2023-12-30,S005-P0014,Furniture,33,358,148.23,31.53423584792238
2023-12-31,S005-P0014,Furniture,59,325,156.48,33.83835504823061
2024-01-01,S005-P0014,Furniture,62,282,149.99,35.6363689687969
2024-01-02,S005-P0014,Furniture,34,234,141.36,33.55531554257814
2024-01-03,S005-P0014,Furniture,33,206,133.66,33.82593346757721
2024-01-04,S005-P0014,Furniture,33,170,133.9,31.044041999822507
2024-01-05,S005-P0014,Furniture,52,136,136.33,48.43118222910458
2024-01-06,S005-P0014,Furniture,28,77,131.09,33.908653644504966
2024-01-07,S005-P0014,Furniture,15,129,130.5,31.255064251363873
2024-01-08,S005-P0014,Furniture,36,294,135.65,33.944340191499585
2024-01-09,S005-P0014,Furniture,65,269,126.14,87.85122575359588
2024-01-10,S005-P0014,Furniture,95,204,168.2,67.48048619295308
2024-01-11,S005-P0014,Furniture,46,143,156.24,68.45312002726193
2024-01-12,S005-P0014,Furniture,124,97,184.46,73.98064995708062
2024-01-13,S005-P0014,Furniture,37,263,136.26,83.79777525872868
2024-01-14,S005-P0014,Furniture,66,228,160.78,68.32805669035753
2024-01-15,S005-P0014,Furniture,114,517,178.92,75.00997409452329
2024-01-16,S005-P0014,Furniture,86,423,163.59,88.26482672642248
2024-01-17,S005-P0014,Furniture,36,338,142.66,74.74037228331864
2024-01-18,S005-P0014,Furniture,107,298,156.95,103.02821748584375
2024-01-19,S005-P0014,Furniture,78,217,125.81,89.61406034622753
2024-01-20,S005-P0014,Furniture,112,149,178.17,101.94928141999262
2024-01-21,S005-P0014,Furniture,98,428,151.19,94.0474414530464
2024-01-22,S005-P0014,Furniture,63,323,142.85,101.3691804662385
2024-01-23,S005-P0014,Furniture,51,278,143.82,66.38555043915625
2024-01-24,S005-P0014,Furniture,111,228,168.3,73.11420128683312
2024-01-25,S005-P0014,Furniture,66,114,152.03,80.24948071352155
2024-01-26,S005-P0014,Furniture,65,61,152.02,72.48822821895756
2024-01-27,S005-P0014,Furniture,67,391,152.9,87.4713399077885
2024-01-28,S005-P0014,Furniture,85,327,172.03,73.49415071483611
2024-01-29,S005-P0014,Furniture,90,253,184.11,73.92643221374968
2024-01-30,S005-P0014,Furniture,120,161,182.88,66.03939810284164
2023-10-03,S005-P0015,Groceries,96,341,47.21,118.38841506087294
2023-10-04,S005-P0015,Groceries,109,236,49.28,118.69603267474412
2023-10-05,S005-P0015,Groceries,93,149,49.29,99.62831087496069
2023-10-06,S005-P0015,Groceries,249,247,71.21,147.92217965839322
2023-10-07,S005-P0015,Groceries,73,0,43.63,95.26314999509306
2023-10-08,S005-P0015,Groceries,130,558,49.89,104.20977169642586
2023-10-09,S005-P0015,Groceries,64,429,37.81,104.4147043605887
2023-10-10,S005-P0015,Groceries,73,363,43.54,73.9783995282026
2023-10-11,S005-P0015,Groceries,124,286,48.94,93.37220885916793
2023-10-12,S005-P0015,Groceries,124,159,49.0,74.16191926874768
2023-10-13,S005-P0015,Groceries,123,277,57.06,74.052607507028
2023-10-14,S005-P0015,Groceries,100,203,45.41,74.86353324464757
2023-10-15,S005-P0015,Groceries,104,359,43.48,95.4347805773412
2023-10-16,S005-P0015,Groceries,69,271,42.89,75.07148577963574
2023-10-17,S005-P0015,Groceries,137,228,59.53,91.37388099595427
2023-10-18,S005-P0015,Groceries,43,101,38.87,74.04378056450486
2023-10-19,S005-P0015,Groceries,111,393,55.1,91.57025402301821
2023-10-20,S005-P0015,Groceries,79,306,44.49,92.08134755143895
2023-10-21,S005-P0015,Groceries,91,224,51.61,92.34614336749355
2023-10-22,S005-P0015,Groceries,83,116,40.18,104.14034516265743
2023-10-23,S005-P0015,Groceries,39,204,38.32,82.74284778628531
2023-10-24,S005-P0015,Groceries,48,170,37.41,94.73784803062514
2023-10-25,S005-P0015,Groceries,73,115,48.41,114.85695374895157
2023-10-26,S005-P0015,Groceries,237,58,57.76,147.9328770089995
2023-10-27,S005-P0015,Groceries,104,131,46.0,126.77636417075692
2023-10-28,S005-P0015,Groceries,208,440,51.24,167.41687361761225
2023-10-29,S005-P0015,Groceries,64,246,46.77,128.44589192181922
2023-10-30,S005-P0015,Groceries,82,689,47.41,101.45823885276096
2023-10-31,S005-P0015,Groceries,110,606,54.88,99.06462479232397
2023-11-01,S005-P0015,Groceries,156,520,53.7,132.15961683251507
2023-11-02,S005-P0015,Groceries,132,402,41.86,166.39399408600718
2023-11-03,S005-P0015,Groceries,111,260,55.08,100.296205315998
2023-11-04,S005-P0015,Groceries,124,127,54.44,99.4335235901818
2023-11-05,S005-P0015,Groceries,127,273,52.17,99.4865223792609
2023-11-06,S005-P0015,Groceries,139,182,56.87,100.3639033894402
2023-11-07,S005-P0015,Groceries,125,338,51.66,97.9355007982434
2023-11-08,S005-P0015,Groceries,90,250,48.8,128.10830109612655
2023-11-09,S005-P0015,Groceries,76,193,44.09,99.2019407401365
2023-11-10,S005-P0015,Groceries,125,294,49.16,100.01966993154659
2023-11-11,S005-P0015,Groceries,126,191,49.02,133.4663460528517
2023-11-12,S005-P0015,Groceries,85,342,50.45,100.54950622975785
2023-11-13,S005-P0015,Groceries,91,257,46.5,116.77631134597547
2023-11-14,S005-P0015,Groceries,83,174,45.26,98.97400564120491
2023-11-15,S005-P0015,Groceries,115,110,50.21,97.95030069543587
2023-11-16,S005-P0015,Groceries,196,185,62.9,114.6612649450176
2023-11-17,S005-P0015,Groceries,99,199,47.59,101.21871599182057
2023-11-18,S005-P0015,Groceries,118,567,56.25,99.58402498386694
2023-11-19,S005-P0015,Groceries,93,455,49.35,127.81774177910899
2023-11-20,S005-P0015,Groceries,129,360,41.39,134.16738801180932
2023-11-21,S005-P0015,Groceries,203,214,60.82,167.36298550730336
2023-11-22,S005-P0015,Groceries,172,8,46.76,153.23208428192189
2023-11-23,S005-P0015,Groceries,167,362,51.88,135.88875069649137
2023-11-24,S005-P0015,Groceries,102,594,48.26,116.05812261166662
2023-11-25,S005-P0015,Groceries,50,494,38.02,99.1555157468897
2023-11-26,S005-P0015,Groceries,110,446,43.94,161.59280264127213
2023-11-27,S005-P0015,Groceries,237,353,54.87,160.1757087474939
2023-11-28,S005-P0015,Groceries,102,143,40.6,128.1903918755961
2023-11-29,S005-P0015,Groceries,158,537,63.22,128.59068300335554
2023-11-30,S005-P0015,Groceries,95,411,47.09,113.13928944959994
2023-12-01,S005-P0015,Groceries,135,341,53.24,126.00760012675612
2023-12-02,S005-P0015,Groceries,180,247,57.06,145.26862022897384
2023-12-03,S005-P0015,Groceries,69,308,40.81,145.26862022897384
2023-12-04,S005-P0015,Groceries,105,256,46.15,113.77419801874952
2023-12-05,S005-P0015,Groceries,75,137,46.37,113.55344345441681
2023-12-06,S005-P0015,Groceries,132,255,49.89,163.71872501190845
2023-12-07,S005-P0015,Groceries,78,152,46.82,112.91868215381632
2023-12-08,S005-P0015,Groceries,77,290,41.98,113.35935751886842
2023-12-09,S005-P0015,Groceries,67,209,47.3,99.56683118839226
2023-12-10,S005-P0015,Groceries,57,161,43.32,100.11023927204613
2023-12-11,S005-P0015,Groceries,50,110,40.06,104.86503126114955
2023-12-12,S005-P0015,Groceries,99,163,47.65,129.11439222035258
2023-12-13,S005-P0015,Groceries,48,91,37.5,165.10822688477762
2023-12-14,S005-P0015,Groceries,121,241,51.08,163.9381230032943
2023-12-15,S005-P0015,Groceries,93,164,49.33,105.27939615504803
2023-12-16,S005-P0015,Groceries,137,364,47.61,149.20906406747204
2023-12-17,S005-P0015,Groceries,87,264,38.2,148.9220036405621
2023-12-18,S005-P0015,Groceries,100,201,47.77,117.95225234014818
2023-12-19,S005-P0015,Groceries,178,89,66.77,128.84792603878438
2023-12-20,S005-P0015,Groceries,44,177,41.21,101.30495165049939
2023-12-21,S005-P0015,Groceries,144,522,60.76,128.84290761696548
2023-12-22,S005-P0015,Groceries,179,435,63.59,127.53669907871645
2023-12-23,S005-P0015,Groceries,144,266,54.78,100.43301140849329
2023-12-24,S005-P0015,Groceries,86,115,48.19,128.10124534137094
2023-12-25,S005-P0015,Groceries,190,330,55.1,135.91470040938287
2023-12-26,S005-P0015,Groceries,103,205,53.59,99.2178513402256
2023-12-27,S005-P0015,Groceries,84,513,37.8,93.61333942510517
2023-12-28,S005-P0015,Groceries,106,443,46.33,115.48204288778416
2023-12-29,S005-P0015,Groceries,91,373,48.97,91.30351283348499
2023-12-30,S005-P0015,Groceries,65,275,42.43,69.69384905833728
2023-12-31,S005-P0015,Groceries,64,233,42.22,73.9506415830677
2024-01-01,S005-P0015,Groceries,164,167,57.85,95.2211767133811
2024-01-02,S005-P0015,Groceries,105,0,46.2,73.67136684027112
2024-01-03,S005-P0015,Groceries,69,331,40.57,98.19519415965638
2024-01-04,S005-P0015,Groceries,75,253,48.68,70.0439303934003
2024-01-05,S005-P0015,Groceries,103,165,50.91,82.87804683632785
2024-01-06,S005-P0015,Groceries,71,62,45.72,73.49525423625732
2024-01-07,S005-P0015,Groceries,66,219,35.92,91.68899559200014
2024-01-08,S005-P0015,Groceries,55,146,43.02,74.77295060193516
2024-01-09,S005-P0015,Groceries,101,103,40.47,132.783218137698
2024-01-10,S005-P0015,Groceries,43,138,36.89,100.63583154123192
2024-01-11,S005-P0015,Groceries,109,307,49.35,102.4992160759325
2024-01-12,S005-P0015,Groceries,180,221,60.32,146.19543161942906
2024-01-13,S005-P0015,Groceries,111,32,44.02,161.17188685112632
2024-01-14,S005-P0015,Groceries,109,412,54.71,101.47668670872281
2024-01-15,S005-P0015,Groceries,94,340,46.85,116.4280378838443
2024-01-16,S005-P0015,Groceries,111,273,49.49,100.78556871411728
2024-01-17,S005-P0015,Groceries,76,201,44.11,113.15111671395455
2024-01-18,S005-P0015,Groceries,109,365,54.62,126.00257113331003
2024-01-19,S005-P0015,Groceries,126,237,49.29,102.98635319917858
2024-01-20,S005-P0015,Groceries,140,153,45.08,159.4521601790317
2024-01-21,S005-P0015,Groceries,159,352,60.26,111.8598788872151
2024-01-22,S005-P0015,Groceries,86,252,48.2,122.9958091409615
2024-01-23,S005-P0015,Groceries,104,478,48.54,97.77823865811567
2024-01-24,S005-P0015,Groceries,136,405,59.42,110.62420816786548
2024-01-25,S005-P0015,Groceries,103,270,48.27,122.42689361154639
2024-01-26,S005-P0015,Groceries,151,163,49.67,145.22322981080904
2024-01-27,S005-P0015,Groceries,120,245,48.4,132.25198282642472
2024-01-28,S005-P0015,Groceries,193,160,49.38,144.5066722223412
2024-01-29,S005-P0015,Groceries,94,225,52.13,108.15619973237108
2024-01-30,S005-P0015,Groceries,122,520,48.62,97.97586758615127
2023-10-03,S005-P0016,Toys,83,167,33.61,98.50230412848413
2023-10-04,S005-P0016,Toys,151,90,33.27,125.69515405080294
2023-10-05,S005-P0016,Toys,82,590,31.78,110.95765973993922
2023-10-06,S005-P0016,Toys,144,499,32.14,123.91760728581296
2023-10-07,S005-P0016,Toys,22,347,23.83,34.17487505038938
2023-10-08,S005-P0016,Toys,57,328,32.19,31.60265644526001
2023-10-09,S005-P0016,Toys,50,276,26.79,40.72883348723761
2023-10-10,S005-P0016,Toys,23,229,23.99,28.220627026381433
2023-10-11,S005-P0016,Toys,21,209,25.04,34.20265394976911
2023-10-12,S005-P0016,Toys,19,194,26.11,28.2918352563
2023-10-13,S005-P0016,Toys,17,178,23.16,36.96382586788594
2023-10-14,S005-P0016,Toys,25,160,26.84,28.952436219317434
2023-10-15,S005-P0016,Toys,27,145,25.68,28.66130667327732
2023-10-16,S005-P0016,Toys,17,129,24.56,29.197943492207212
2023-10-17,S005-P0016,Toys,11,114,26.52,33.79570184147689
2023-10-18,S005-P0016,Toys,54,104,28.64,35.64337810533128
2023-10-19,S005-P0016,Toys,20,60,27.67,33.3825720037951
2023-10-20,S005-P0016,Toys,9,48,23.69,33.70767427889505
2023-10-21,S005-P0016,Toys,23,224,26.59,34.457026817869526
2023-10-22,S005-P0016,Toys,32,202,26.26,31.91744415491168
2023-10-23,S005-P0016,Toys,30,170,21.69,39.43509487596079
2023-10-24,S005-P0016,Toys,21,140,26.35,28.314378574740072
2023-10-25,S005-P0016,Toys,93,127,32.99,97.65718550844593
2023-10-26,S005-P0016,Toys,77,66,31.22,95.52152003916272
2023-10-27,S005-P0016,Toys,81,0,31.74,103.54561100310782
2023-10-28,S005-P0016,Toys,248,298,47.61,137.201451487746
2023-10-29,S005-P0016,Toys,75,46,31.07,105.03396728754001
2023-10-30,S005-P0016,Toys,83,0,31.91,89.11129355198864
2023-10-31,S005-P0016,Toys,72,762,34.0,86.9208066673466
2023-11-01,S005-P0016,Toys,160,704,33.67,111.43207918692255
2023-11-02,S005-P0016,Toys,115,553,35.38,102.71095009784497
2023-11-03,S005-P0016,Toys,69,433,25.62,112.87811567088384
2023-11-04,S005-P0016,Toys,128,370,38.85,88.41755410338432
2023-11-05,S005-P0016,Toys,151,263,33.26,110.80394102985524
2023-11-06,S005-P0016,Toys,51,117,29.83,89.24898515900169
2023-11-07,S005-P0016,Toys,90,481,32.76,86.30737644861163
2023-11-08,S005-P0016,Toys,65,407,33.18,102.52161733634094
2023-11-09,S005-P0016,Toys,67,344,28.4,111.81837068284109
2023-11-10,S005-P0016,Toys,80,289,34.98,87.12063050161498
2023-11-11,S005-P0016,Toys,112,216,35.04,87.21892386988095
2023-11-12,S005-P0016,Toys,128,99,34.78,111.2702246519821
2023-11-13,S005-P0016,Toys,121,9,34.26,126.71641873037088
2023-11-14,S005-P0016,Toys,124,373,38.35,86.39497258870054
2023-11-15,S005-P0016,Toys,56,246,28.87,86.45878701199484
2023-11-16,S005-P0016,Toys,124,586,38.45,94.4985080910573
2023-11-17,S005-P0016,Toys,98,473,27.9,114.13368409002149
2023-11-18,S005-P0016,Toys,128,397,40.98,87.67719196975158
2023-11-19,S005-P0016,Toys,108,310,28.84,139.4383150574223
2023-11-20,S005-P0016,Toys,75,196,31.04,87.92258110293383
2023-11-21,S005-P0016,Toys,151,471,31.2,138.85079610739345
2023-11-22,S005-P0016,Toys,98,371,33.6,93.24237298388307
2023-11-23,S005-P0016,Toys,128,285,34.83,112.99897281450573
2023-11-24,S005-P0016,Toys,84,624,31.92,94.30782881285883
2023-11-25,S005-P0016,Toys,162,552,42.82,87.22235994110565
2023-11-26,S005-P0016,Toys,140,366,40.25,100.87006753768736
2023-11-27,S005-P0016,Toys,142,214,38.52,100.54806083460582
2023-11-28,S005-P0016,Toys,79,95,31.42,86.20727308037084
2023-11-29,S005-P0016,Toys,66,361,28.45,100.57809463081846
2023-11-30,S005-P0016,Toys,74,292,29.33,92.26939804555514
2023-12-01,S005-P0016,Toys,156,223,33.31,129.52712489530907
2023-12-02,S005-P0016,Toys,118,115,37.74,97.52214479221762
2023-12-03,S005-P0016,Toys,145,0,36.57,126.02849458092334
2023-12-04,S005-P0016,Toys,83,453,30.11,126.16578661082305
2023-12-05,S005-P0016,Toys,87,389,25.58,126.20404682060274
2023-12-06,S005-P0016,Toys,76,747,29.53,102.16555363983232
2023-12-07,S005-P0016,Toys,96,680,29.85,126.83388571289603
2023-12-08,S005-P0016,Toys,133,621,29.63,126.79562550311634
2023-12-09,S005-P0016,Toys,59,469,27.74,86.96463117146209
2023-12-10,S005-P0016,Toys,88,398,36.02,87.6098619089163
2023-12-11,S005-P0016,Toys,78,336,31.39,88.51051548385601
2023-12-12,S005-P0016,Toys,122,260,36.24,102.47404877673722
2023-12-13,S005-P0016,Toys,118,149,39.69,102.79613269543167
2023-12-14,S005-P0016,Toys,159,28,44.77,101.20191903687619
2023-12-15,S005-P0016,Toys,25,423,26.83,89.08152804553369
2023-12-16,S005-P0016,Toys,154,402,39.8,97.68034224421491
2023-12-17,S005-P0016,Toys,111,697,36.9,97.74786171078382
2023-12-18,S005-P0016,Toys,115,588,29.88,129.1201356031557
2023-12-19,S005-P0016,Toys,185,463,40.97,102.70185937143516
2023-12-20,S005-P0016,Toys,97,335,35.25,87.76675082364413
2023-12-21,S005-P0016,Toys,115,259,33.58,101.81741847563443
2023-12-22,S005-P0016,Toys,151,614,35.03,135.67536797422872
2023-12-23,S005-P0016,Toys,131,454,33.04,112.00354901806828
2023-12-24,S005-P0016,Toys,62,339,31.19,104.27064243283553
2023-12-25,S005-P0016,Toys,96,279,35.14,89.70536456762946
2023-12-26,S005-P0016,Toys,159,181,31.85,111.949263207405
2023-12-27,S005-P0016,Toys,18,71,26.07,27.0097959339225
2023-12-28,S005-P0016,Toys,8,385,24.84,30.215578292422528
2023-12-29,S005-P0016,Toys,11,838,23.91,30.41800982918226
2023-12-30,S005-P0016,Toys,35,829,26.65,27.527879564346797
2023-12-31,S005-P0016,Toys,25,796,26.84,29.21013098824166
2024-01-01,S005-P0016,Toys,22,775,25.06,29.30414449410364
2024-01-02,S005-P0016,Toys,14,762,26.87,28.75493280742802
2024-01-03,S005-P0016,Toys,37,746,28.22,29.1943500922039
2024-01-04,S005-P0016,Toys,40,703,28.57,27.4593798389627
2024-01-05,S005-P0016,Toys,14,657,25.57,30.50185052261974
2024-01-06,S005-P0016,Toys,30,644,25.98,29.39979012997553
2024-01-07,S005-P0016,Toys,33,615,24.88,33.97299438068595
2024-01-08,S005-P0016,Toys,18,583,22.15,38.57636698160991
2024-01-09,S005-P0016,Toys,106,570,29.05,111.48429812576171
2024-01-10,S005-P0016,Toys,154,482,37.74,111.85113311791972
2024-01-11,S005-P0016,Toys,97,353,33.43,88.77556465299622
2024-01-12,S005-P0016,Toys,111,270,35.01,96.8821826717827
2024-01-13,S005-P0016,Toys,164,695,32.34,133.46887784356252
2024-01-14,S005-P0016,Toys,106,551,30.53,110.1874853660471
2024-01-15,S005-P0016,Toys,103,469,28.4,130.11260885917972
2024-01-16,S005-P0016,Toys,148,372,30.9,111.13151937057174
2024-01-17,S005-P0016,Toys,101,264,33.87,98.44205769365922
2024-01-18,S005-P0016,Toys,138,150,31.59,132.43870270019352
2024-01-19,S005-P0016,Toys,33,520,26.3,89.2439460755092
2024-01-20,S005-P0016,Toys,122,492,40.23,102.88268198539281
2024-01-21,S005-P0016,Toys,112,409,33.36,97.8712838883025
2024-01-22,S005-P0016,Toys,126,293,34.76,101.95102075439516
2024-01-23,S005-P0016,Toys,149,190,32.62,110.8513484267803
2024-01-24,S005-P0016,Toys,83,57,35.45,96.01380626039612
2024-01-25,S005-P0016,Toys,98,323,35.42,99.24492822960906
2024-01-26,S005-P0016,Toys,69,223,33.65,95.19130024466766
2024-01-27,S005-P0016,Toys,48,158,31.04,86.41423657476624
2024-01-28,S005-P0016,Toys,65,368,31.57,96.5633370385781
2024-01-29,S005-P0016,Toys,109,300,36.68,97.15568412165106
2024-01-30,S005-P0016,Toys,64,233,29.8,85.50277983637186
2023-10-03,S005-P0017,Toys,79,165,35.61,98.56724627007085
2023-10-04,S005-P0017,Toys,121,117,38.87,99.2703245810266
2023-10-05,S005-P0017,Toys,44,121,31.3,87.39760777823238
2023-10-06,S005-P0017,Toys,46,80,28.37,101.42296871534309
2023-10-07,S005-P0017,Toys,37,100,30.31,28.8199746111618
2023-10-08,S005-P0017,Toys,15,112,23.23,41.46326365994849
2023-10-09,S005-P0017,Toys,9,100,25.43,31.483217656480267
2023-10-10,S005-P0017,Toys,63,94,25.19,35.60037319254247
2023-10-11,S005-P0017,Toys,37,112,30.41,34.20265394976911
2023-10-12,S005-P0017,Toys,45,81,28.09,36.906129565939544
2023-10-13,S005-P0017,Toys,18,88,27.96,28.361755804069634
2023-10-14,S005-P0017,Toys,19,124,26.66,28.8199746111618
2023-10-15,S005-P0017,Toys,17,111,26.34,28.66130667327732
2023-10-16,S005-P0017,Toys,17,101,27.87,29.330405100362846
2023-10-17,S005-P0017,Toys,39,84,27.4,43.740229415016245
2023-10-18,S005-P0017,Toys,8,96,25.33,35.64337810533128
2023-10-19,S005-P0017,Toys,10,91,24.25,45.05477695042874
2023-10-20,S005-P0017,Toys,34,81,23.71,45.42644718125534
2023-10-21,S005-P0017,Toys,29,93,30.87,34.457026817869526
2023-10-22,S005-P0017,Toys,18,118,29.43,31.890950115618605
2023-10-23,S005-P0017,Toys,38,102,30.44,31.745770093785115
2023-10-24,S005-P0017,Toys,27,107,24.46,34.96185337529661
2023-10-25,S005-P0017,Toys,105,78,35.01,97.65718550844593
2023-10-26,S005-P0017,Toys,105,101,34.86,125.86962668760697
2023-10-27,S005-P0017,Toys,94,128,37.55,103.61313046967673
2023-10-28,S005-P0017,Toys,127,119,37.27,137.201451487746
2023-10-29,S005-P0017,Toys,99,128,38.17,105.03396728754001
2023-10-30,S005-P0017,Toys,94,141,37.56,89.11129355198864
2023-10-31,S005-P0017,Toys,63,152,35.4,86.9208066673466
2023-11-01,S005-P0017,Toys,130,104,39.89,87.25008814394457
2023-11-02,S005-P0017,Toys,146,144,37.09,137.35329080762588
2023-11-03,S005-P0017,Toys,77,140,33.6,87.81592809011731
2023-11-04,S005-P0017,Toys,81,152,32.33,110.40682792738542
2023-11-05,S005-P0017,Toys,97,143,35.9,88.40591835755401
2023-11-06,S005-P0017,Toys,76,162,35.3,89.24898515900169
2023-11-07,S005-P0017,Toys,131,101,37.96,110.177264293739
2023-11-08,S005-P0017,Toys,72,131,26.06,137.87257693865595
2023-11-09,S005-P0017,Toys,87,112,28.92,112.61968722356993
2023-11-10,S005-P0017,Toys,104,149,34.88,86.98816889345935
2023-11-11,S005-P0017,Toys,72,168,36.54,87.35138547803659
2023-11-12,S005-P0017,Toys,71,89,31.19,87.66955729523002
2023-11-13,S005-P0017,Toys,121,82,36.87,98.14501541890507
2023-11-14,S005-P0017,Toys,71,99,29.4,112.74950590091889
2023-11-15,S005-P0017,Toys,67,123,30.55,111.49368952325173
2023-11-16,S005-P0017,Toys,152,131,40.37,94.77813274048044
2023-11-17,S005-P0017,Toys,42,154,32.61,89.067556215841
2023-11-18,S005-P0017,Toys,129,125,39.76,87.54473036159594
2023-11-19,S005-P0017,Toys,84,156,36.21,102.05406597644756
2023-11-20,S005-P0017,Toys,101,170,36.35,87.92258110293383
2023-11-21,S005-P0017,Toys,112,200,37.73,100.86817370738304
2023-11-22,S005-P0017,Toys,141,101,34.31,128.92047642165195
2023-11-23,S005-P0017,Toys,179,172,40.98,112.99897281450573
2023-11-24,S005-P0017,Toys,132,148,44.47,94.0957236300046
2023-11-25,S005-P0017,Toys,97,166,37.93,87.22235994110565
2023-11-26,S005-P0017,Toys,206,199,48.88,130.411994747863
2023-11-27,S005-P0017,Toys,78,187,31.97,100.82768548402896
2023-11-28,S005-P0017,Toys,120,127,40.73,86.0706624141801
2023-11-29,S005-P0017,Toys,95,112,33.84,100.57809463081846
2023-11-30,S005-P0017,Toys,112,109,41.91,91.92483125454527
2023-12-01,S005-P0017,Toys,156,139,42.93,99.90633826096219
2023-12-02,S005-P0017,Toys,89,168,38.84,97.52214479221762
2023-12-03,S005-P0017,Toys,118,86,38.38,97.73424997507185
2023-12-04,S005-P0017,Toys,112,106,35.81,98.136499153771
2023-12-05,S005-P0017,Toys,92,120,35.31,97.3772768694183
2023-12-06,S005-P0017,Toys,117,138,34.32,134.00712429482346
2023-12-07,S005-P0017,Toys,84,154,38.19,95.67872073304203
2023-12-08,S005-P0017,Toys,51,148,24.04,126.79562550311634
2023-12-09,S005-P0017,Toys,36,91,28.62,86.96463117146209
2023-12-10,S005-P0017,Toys,57,113,31.19,87.47740030076066
2023-12-11,S005-P0017,Toys,69,115,32.61,111.1924892315402
2023-12-12,S005-P0017,Toys,203,111,46.13,130.05988222273936
2023-12-13,S005-P0017,Toys,155,224,42.88,102.86107483701839
2023-12-14,S005-P0017,Toys,144,214,41.56,101.26686117846292
2023-12-15,S005-P0017,Toys,55,222,24.49,113.70452264917922
2023-12-16,S005-P0017,Toys,114,169,32.04,125.55054216346713
2023-12-17,S005-P0017,Toys,100,211,34.5,97.7743557500769
2023-12-18,S005-P0017,Toys,78,94,33.6,99.7142780711157
2023-12-19,S005-P0017,Toys,138,82,45.38,102.54290372398646
2023-12-20,S005-P0017,Toys,122,160,38.82,111.38019299090315
2023-12-21,S005-P0017,Toys,75,196,31.65,101.81741847563443
2023-12-22,S005-P0017,Toys,114,128,36.08,135.0447836629877
2023-12-23,S005-P0017,Toys,129,146,37.73,87.67073222893596
2023-12-24,S005-P0017,Toys,105,138,35.0,135.30928347053433
2023-12-25,S005-P0017,Toys,107,156,37.08,89.57290295947382
2023-12-26,S005-P0017,Toys,70,133,34.56,86.49208282101633
2023-12-27,S005-P0017,Toys,25,137,23.12,35.05882548261362
2023-12-28,S005-P0017,Toys,12,118,25.78,30.30959179828451
2023-12-29,S005-P0017,Toys,25,106,30.36,31.633300942627358
2023-12-30,S005-P0017,Toys,27,84,29.07,27.66034117250243
2023-12-31,S005-P0017,Toys,14,104,26.01,29.30414449410364
2024-01-01,S005-P0017,Toys,33,89,28.32,29.30414449410364
2024-01-02,S005-P0017,Toys,16,109,26.33,28.819874949014757
2024-01-03,S005-P0017,Toys,28,97,29.28,29.1943500922039
2024-01-04,S005-P0017,Toys,17,117,26.46,27.36229821472059
2024-01-05,S005-P0017,Toys,18,99,24.99,44.943769222290015
2024-01-06,S005-P0017,Toys,8,81,28.07,29.467309596544425
2024-01-07,S005-P0017,Toys,11,125,25.7,27.74547914142314
2024-01-08,S005-P0017,Toys,7,115,20.98,37.71155970822348
2024-01-09,S005-P0017,Toys,75,109,31.67,86.54722761091271
2024-01-10,S005-P0017,Toys,82,128,34.13,111.85113311791972
2024-01-11,S005-P0017,Toys,92,150,37.26,88.77556465299622
2024-01-12,S005-P0017,Toys,60,179,33.26,96.8821826717827
2024-01-13,S005-P0017,Toys,146,139,34.73,133.46887784356252
2024-01-14,S005-P0017,Toys,87,153,36.63,88.43812763262828
2024-01-15,S005-P0017,Toys,101,160,36.43,100.26166125330086
2024-01-16,S005-P0017,Toys,59,149,31.35,87.62152898363772
2024-01-17,S005-P0017,Toys,83,106,34.31,98.44205769365922
2024-01-18,S005-P0017,Toys,149,108,44.49,102.13819192138325
2024-01-19,S005-P0017,Toys,99,164,36.29,89.2439460755092
2024-01-20,S005-P0017,Toys,156,170,40.59,130.82730713512404
2024-01-21,S005-P0017,Toys,118,194,38.45,127.2439621992376
2024-01-22,S005-P0017,Toys,124,64,32.57,130.22719682473368
2024-01-23,S005-P0017,Toys,30,104,28.01,85.40075936294912
2024-01-24,S005-P0017,Toys,93,71,29.49,127.98229298809429
2024-01-25,S005-P0017,Toys,117,101,40.46,99.30987037119579
2024-01-26,S005-P0017,Toys,75,147,35.19,95.12378077809875
2024-01-27,S005-P0017,Toys,111,162,35.64,110.51729283242533
2024-01-28,S005-P0017,Toys,106,150,33.15,126.65200096792354
2024-01-29,S005-P0017,Toys,132,137,44.56,97.15568412165106
2024-01-30,S005-P0017,Toys,137,137,42.92,85.50277983637186
2023-10-03,S005-P0018,Clothing,214,166,30.39,104.18941250725676
2023-10-04,S005-P0018,Clothing,91,174,19.31,105.10251320875405
2023-10-05,S005-P0018,Clothing,30,100,13.49,118.93449176908754
2023-10-06,S005-P0018,Clothing,122,78,23.72,105.97537735270387
2023-10-07,S005-P0018,Clothing,109,112,18.24,123.97417483324641
2023-10-08,S005-P0018,Clothing,150,125,20.33,144.55539696648154
2023-10-09,S005-P0018,Clothing,160,157,25.15,111.30009071338299
2023-10-10,S005-P0018,Clothing,190,175,27.15,96.63425178194197
2023-10-11,S005-P0018,Clothing,139,153,24.98,119.44476450664718
2023-10-12,S005-P0018,Clothing,98,201,18.5,126.65062604260723
2023-10-13,S005-P0018,Clothing,192,103,27.33,131.5563352560728
2023-10-14,S005-P0018,Clothing,189,190,30.12,99.01880832005075
2023-10-15,S005-P0018,Clothing,209,185,27.03,125.29889881550123
2023-10-16,S005-P0018,Clothing,134,235,24.64,98.90831817900373
2023-10-17,S005-P0018,Clothing,72,114,18.09,121.5676351841939
2023-10-18,S005-P0018,Clothing,139,127,26.32,97.02992439496889
2023-10-19,S005-P0018,Clothing,260,151,31.99,155.0879931594308
2023-10-20,S005-P0018,Clothing,170,229,24.47,155.72946826793066
2023-10-21,S005-P0018,Clothing,75,31,19.31,123.22492244242706
2023-10-22,S005-P0018,Clothing,133,62,24.53,112.20019416817948
2023-10-23,S005-P0018,Clothing,88,158,20.23,111.65665665654981
2023-10-24,S005-P0018,Clothing,115,85,21.98,99.21373854610245
2023-10-25,S005-P0018,Clothing,73,101,21.24,104.2793180122419
2023-10-26,S005-P0018,Clothing,141,115,23.84,103.99874920192634
2023-10-27,S005-P0018,Clothing,79,138,19.56,118.13567912570961
2023-10-28,S005-P0018,Clothing,136,68,20.85,152.74989014088035
2023-10-29,S005-P0018,Clothing,146,155,24.15,117.00794028336549
2023-10-30,S005-P0018,Clothing,74,150,18.23,95.44339790424246
2023-10-31,S005-P0018,Clothing,109,98,22.77,93.12945334930961
2023-11-01,S005-P0018,Clothing,79,136,20.63,93.45873482590758
2023-11-02,S005-P0018,Clothing,142,83,21.19,149.93628228217702
2023-11-03,S005-P0018,Clothing,172,154,25.95,122.23006585880246
2023-11-04,S005-P0018,Clothing,79,204,19.54,95.45761453410147
2023-11-05,S005-P0018,Clothing,103,149,18.82,122.54128886507178
2023-11-06,S005-P0018,Clothing,91,157,21.52,96.10770923861854
2023-11-07,S005-P0018,Clothing,105,58,22.47,93.57292357056113
2023-11-08,S005-P0018,Clothing,191,104,22.72,149.92391428955185
2023-11-09,S005-P0018,Clothing,166,162,24.22,122.12847737434315
2023-11-10,S005-P0018,Clothing,110,220,24.09,94.13900430885504
2023-11-11,S005-P0018,Clothing,159,141,26.42,93.72215782360571
2023-11-12,S005-P0018,Clothing,74,130,15.97,121.66385189235871
2023-11-13,S005-P0018,Clothing,169,74,27.14,105.07782202113331
2023-11-14,S005-P0018,Clothing,62,186,17.43,93.10618996465901
2023-11-15,S005-P0018,Clothing,101,116,19.99,123.83217461207548
2023-11-16,S005-P0018,Clothing,101,156,22.19,102.61394627512018
2023-11-17,S005-P0018,Clothing,132,64,24.44,95.9815998777776
2023-11-18,S005-P0018,Clothing,49,121,17.49,94.49596136655788
2023-11-19,S005-P0018,Clothing,152,71,23.34,154.90558009101255
2023-11-20,S005-P0018,Clothing,144,177,25.36,94.97184629126629
2023-11-21,S005-P0018,Clothing,140,186,25.05,116.38682334053657
2023-11-22,S005-P0018,Clothing,162,228,22.45,137.86480988944675
2023-11-23,S005-P0018,Clothing,146,43,26.78,93.0072852743211
2023-11-24,S005-P0018,Clothing,86,172,19.99,103.591936748445
2023-11-25,S005-P0018,Clothing,89,106,17.07,120.36461144668807
2023-11-26,S005-P0018,Clothing,86,108,20.0,117.78793464386705
2023-11-27,S005-P0018,Clothing,103,130,21.27,116.67516782042411
2023-11-28,S005-P0018,Clothing,122,160,23.72,93.25308317040225
2023-11-29,S005-P0018,Clothing,103,159,21.16,118.43799260990313
2023-11-30,S005-P0018,Clothing,87,38,21.16,103.50820702987005
2023-12-01,S005-P0018,Clothing,144,95,22.83,135.75495113435272
2023-12-02,S005-P0018,Clothing,193,135,25.85,153.51746293642748
2023-12-03,S005-P0018,Clothing,122,185,22.55,124.24989716322376
2023-12-04,S005-P0018,Clothing,68,55,20.83,123.9381605454021
2023-12-05,S005-P0018,Clothing,176,83,23.53,153.4696386342253
2023-12-06,S005-P0018,Clothing,118,158,23.42,136.92991476410347
2023-12-07,S005-P0018,Clothing,131,181,25.68,125.46650689049613
2023-12-08,S005-P0018,Clothing,176,102,27.69,126.6520615160809
2023-12-09,S005-P0018,Clothing,108,203,22.75,109.13562050185712
2023-12-10,S005-P0018,Clothing,106,85,18.98,132.42885613226085
2023-12-11,S005-P0018,Clothing,74,107,20.25,114.8363204944839
2023-12-12,S005-P0018,Clothing,82,105,21.91,138.18337203706122
2023-12-13,S005-P0018,Clothing,145,106,19.07,165.83486127813575
2023-12-14,S005-P0018,Clothing,175,157,26.17,138.63763575426037
2023-12-15,S005-P0018,Clothing,171,187,21.57,137.546833750979
2023-12-16,S005-P0018,Clothing,121,200,21.31,127.91101276533517
2023-12-17,S005-P0018,Clothing,47,126,16.45,154.53689288446694
2023-12-18,S005-P0018,Clothing,77,95,20.48,128.24324097171302
2023-12-19,S005-P0018,Clothing,82,124,19.76,168.96566333190694
2023-12-20,S005-P0018,Clothing,150,121,24.39,110.27866016385099
2023-12-21,S005-P0018,Clothing,87,123,19.07,167.76228646226264
2023-12-22,S005-P0018,Clothing,197,128,27.71,134.15408650020387
2023-12-23,S005-P0018,Clothing,130,227,20.45,133.27239962948553
2023-12-24,S005-P0018,Clothing,174,98,26.11,135.14860753798442
2023-12-25,S005-P0018,Clothing,101,174,22.22,108.24483773605904
2023-12-26,S005-P0018,Clothing,68,79,17.86,107.65262421569315
2023-12-27,S005-P0018,Clothing,60,79,19.2,110.36621757512971
2023-12-28,S005-P0018,Clothing,193,70,24.54,166.20614715515177
2023-12-29,S005-P0018,Clothing,194,166,27.47,136.72635783338868
2023-12-30,S005-P0018,Clothing,138,175,24.91,111.69783459051543
2023-12-31,S005-P0018,Clothing,197,207,27.74,123.86682937337437
2024-01-01,S005-P0018,Clothing,172,188,25.91,145.9459299006133
2024-01-02,S005-P0018,Clothing,128,157,21.75,125.29962087767457
2024-01-03,S005-P0018,Clothing,83,168,18.83,125.27234735024686
2024-01-04,S005-P0018,Clothing,168,72,21.65,134.51563698629323
2024-01-05,S005-P0018,Clothing,217,141,29.03,164.42487256611025
2024-01-06,S005-P0018,Clothing,155,174,23.54,125.76032946049301
2024-01-07,S005-P0018,Clothing,86,172,21.13,112.78153741554084
2024-01-08,S005-P0018,Clothing,79,96,18.55,126.03516286586614
2024-01-09,S005-P0018,Clothing,61,95,18.34,107.12383399407008
2024-01-10,S005-P0018,Clothing,83,93,20.89,107.71614245927424
2024-01-11,S005-P0018,Clothing,78,94,17.32,137.32491818629123
2024-01-12,S005-P0018,Clothing,72,94,16.92,154.09614402791848
2024-01-13,S005-P0018,Clothing,123,78,21.45,138.2700045210619
2024-01-14,S005-P0018,Clothing,83,148,19.86,110.43431080737824
2024-01-15,S005-P0018,Clothing,96,78,21.88,128.56927531549303
2024-01-16,S005-P0018,Clothing,115,104,22.06,110.20462717640646
2024-01-17,S005-P0018,Clothing,184,116,28.23,127.63003918113584
2024-01-18,S005-P0018,Clothing,146,202,25.45,137.23506563259136
2024-01-19,S005-P0018,Clothing,151,92,23.09,137.16775378436498
2024-01-20,S005-P0018,Clothing,135,134,24.66,137.3138632547582
2024-01-21,S005-P0018,Clothing,121,176,21.33,123.31304311421157
2024-01-22,S005-P0018,Clothing,260,44,25.35,166.09775263979458
2024-01-23,S005-P0018,Clothing,144,280,25.31,110.46048896214309
2024-01-24,S005-P0018,Clothing,139,172,22.45,124.98607629826053
2024-01-25,S005-P0018,Clothing,175,165,26.18,132.45125483869268
2024-01-26,S005-P0018,Clothing,135,165,18.54,151.96352933400894
2024-01-27,S005-P0018,Clothing,136,214,22.13,134.63205848860332
2024-01-28,S005-P0018,Clothing,115,113,20.79,155.8395965102129
2024-01-29,S005-P0018,Clothing,202,143,27.99,120.30993445799126
2024-01-30,S005-P0018,Clothing,68,197,17.81,108.07143420046421
2023-10-03,S005-P0019,Furniture,82,140,143.38,75.91906175094358
2023-10-04,S005-P0019,Furniture,89,191,146.65,76.59792265911899
2023-10-05,S005-P0019,Furniture,48,107,132.69,68.21021960391839
2023-10-06,S005-P0019,Furniture,75,268,125.95,77.24512669913939
2023-10-07,S005-P0019,Furniture,31,208,100.03,38.44629550040515
2023-10-08,S005-P0019,Furniture,34,179,101.18,44.08478243457963
2023-10-09,S005-P0019,Furniture,48,151,112.93,44.05765437466931
2023-10-10,S005-P0019,Furniture,20,116,106.41,32.378731770784015
2023-10-11,S005-P0019,Furniture,48,183,119.93,38.89417933695303
2023-10-12,S005-P0019,Furniture,51,146,107.64,41.197471649267364
2023-10-13,S005-P0019,Furniture,31,94,111.71,39.83563837905529
2023-10-14,S005-P0019,Furniture,22,151,119.37,33.252481299617386
2023-10-15,S005-P0019,Furniture,9,134,112.59,32.74274721342416
2023-10-16,S005-P0019,Furniture,46,126,125.03,33.27938403235406
2023-10-17,S005-P0019,Furniture,53,86,115.81,50.3040452141948
2023-10-18,S005-P0019,Furniture,46,98,125.15,32.42440077410834
2023-10-19,S005-P0019,Furniture,32,163,106.6,50.56272697562191
2023-10-20,S005-P0019,Furniture,41,131,110.63,38.61560811676508
2023-10-21,S005-P0019,Furniture,59,94,118.4,51.15895473519247
2023-10-22,S005-P0019,Furniture,39,141,121.56,36.232828528680265
2023-10-23,S005-P0019,Furniture,26,110,121.37,36.22268743998456
2023-10-24,S005-P0019,Furniture,32,87,118.19,32.2681992905164
2023-10-25,S005-P0019,Furniture,70,52,137.11,75.66311363722606
2023-10-26,S005-P0019,Furniture,47,66,99.33,98.61438546348404
2023-10-27,S005-P0019,Furniture,132,131,168.18,84.00178132372177
2023-10-28,S005-P0019,Furniture,124,43,155.33,110.19046264191074
2023-10-29,S005-P0019,Furniture,75,214,132.33,85.03021841952942
2023-10-30,S005-P0019,Furniture,57,403,137.73,69.75119947937311
2023-10-31,S005-P0019,Furniture,59,362,131.91,67.7562992140692
2023-11-01,S005-P0019,Furniture,146,317,140.24,90.24326577059041
2023-11-02,S005-P0019,Furniture,61,163,112.85,109.37623802749575
2023-11-03,S005-P0019,Furniture,54,370,122.91,68.77003241257027
2023-11-04,S005-P0019,Furniture,74,315,111.22,89.58974141856848
2023-11-05,S005-P0019,Furniture,73,228,124.67,69.33409856518713
2023-11-06,S005-P0019,Furniture,77,173,148.3,69.73795003824658
2023-11-07,S005-P0019,Furniture,80,125,134.91,67.81222403374758
2023-11-08,S005-P0019,Furniture,73,223,138.49,83.24080521070401
2023-11-09,S005-P0019,Furniture,46,150,125.01,67.7054506678581
2023-11-10,S005-P0019,Furniture,70,102,115.62,91.51122537318845
2023-11-11,S005-P0019,Furniture,51,19,121.2,68.46631012036151
2023-11-12,S005-P0019,Furniture,93,160,148.69,68.91694354571058
2023-11-13,S005-P0019,Furniture,73,50,124.79,76.50699394164532
2023-11-14,S005-P0019,Furniture,41,193,116.58,67.6472006229662
2023-11-15,S005-P0019,Furniture,114,155,143.43,90.6873624022809
2023-11-16,S005-P0019,Furniture,72,39,131.09,74.61654195879721
2023-11-17,S005-P0019,Furniture,87,225,153.15,70.29020162982702
2023-11-18,S005-P0019,Furniture,90,127,139.5,90.67028294237863
2023-11-19,S005-P0019,Furniture,96,205,158.09,83.43239934111324
2023-11-20,S005-P0019,Furniture,85,140,152.1,68.80303037058285
2023-11-21,S005-P0019,Furniture,95,236,112.26,112.91236924871167
2023-11-22,S005-P0019,Furniture,112,140,141.48,99.68711618330772
2023-11-23,S005-P0019,Furniture,84,218,144.18,67.10414293356826
2023-11-24,S005-P0019,Furniture,76,162,133.16,74.02575698360178
2023-11-25,S005-P0019,Furniture,85,274,130.39,67.93038848185678
2023-11-26,S005-P0019,Furniture,135,189,152.55,104.80102044989026
2023-11-27,S005-P0019,Furniture,101,83,129.87,104.63768588992662
2023-11-28,S005-P0019,Furniture,47,293,125.51,66.83484074541285
2023-11-29,S005-P0019,Furniture,70,255,123.61,82.53406513937297
2023-11-30,S005-P0019,Furniture,56,179,130.32,72.15948489145926
2023-12-01,S005-P0019,Furniture,83,120,136.22,80.21591971856832
2023-12-02,S005-P0019,Furniture,96,34,127.6,94.82956136495217
2023-12-03,S005-P0019,Furniture,41,155,92.19,94.37853092838779
2023-12-04,S005-P0019,Furniture,77,287,140.49,74.04890171842335
2023-12-05,S005-P0019,Furniture,86,207,145.38,73.48944208523558
2023-12-06,S005-P0019,Furniture,128,131,149.45,107.39471003379919
2023-12-07,S005-P0019,Furniture,51,170,127.71,72.63660597103889
2023-12-08,S005-P0019,Furniture,60,340,125.39,73.40880997081871
2023-12-09,S005-P0019,Furniture,44,285,130.79,66.86559687230316
2023-12-10,S005-P0019,Furniture,111,257,149.49,67.29977757417615
2023-12-11,S005-P0019,Furniture,94,146,157.03,67.53198569487202
2023-12-12,S005-P0019,Furniture,86,294,114.77,106.35359354364029
2023-12-13,S005-P0019,Furniture,126,201,132.21,107.64858843533601
2023-12-14,S005-P0019,Furniture,63,52,140.57,83.90989882149228
2023-12-15,S005-P0019,Furniture,112,310,150.06,69.87854561654817
2023-12-16,S005-P0019,Furniture,95,188,142.24,76.31200589619434
2023-12-17,S005-P0019,Furniture,135,112,143.03,97.36057119774456
2023-12-18,S005-P0019,Furniture,85,198,129.51,96.38568223346996
2023-12-19,S005-P0019,Furniture,86,424,137.54,84.18455922843705
2023-12-20,S005-P0019,Furniture,41,339,110.38,68.09861318970916
2023-12-21,S005-P0019,Furniture,103,301,115.41,108.46558317716362
2023-12-22,S005-P0019,Furniture,52,199,121.79,81.99393722227457
2023-12-23,S005-P0019,Furniture,80,163,120.75,88.1085619451827
2023-12-24,S005-P0019,Furniture,88,93,146.07,83.14842350697799
2023-12-25,S005-P0019,Furniture,66,189,134.99,68.22577516806425
2023-12-26,S005-P0019,Furniture,66,145,128.45,66.37060988491342
2023-12-27,S005-P0019,Furniture,32,69,100.29,38.53638609036758
2023-12-28,S005-P0019,Furniture,16,164,99.15,36.46923364365989
2023-12-29,S005-P0019,Furniture,37,145,120.71,36.35918443595207
2023-12-30,S005-P0019,Furniture,50,107,127.02,31.401774239766745
2023-12-31,S005-P0019,Furniture,37,63,114.49,34.04837743877216
2024-01-01,S005-P0019,Furniture,40,117,128.77,33.90587451479951
2024-01-02,S005-P0019,Furniture,32,84,112.15,33.62025768416488
2024-01-03,S005-P0019,Furniture,17,154,116.39,33.829554436959256
2024-01-04,S005-P0019,Furniture,7,136,111.11,31.141123624064626
2024-01-05,S005-P0019,Furniture,25,130,86.22,48.93438083821
2024-01-06,S005-P0019,Furniture,42,114,123.1,33.908653644504966
2024-01-07,S005-P0019,Furniture,37,73,108.69,37.27905445163804
2024-01-08,S005-P0019,Furniture,52,106,114.69,40.456777356476906
2024-01-09,S005-P0019,Furniture,129,69,141.83,87.91636594549549
2024-01-10,S005-P0019,Furniture,39,111,121.62,66.91630449853618
2024-01-11,S005-P0019,Furniture,84,299,129.69,68.47204728769938
2024-01-12,S005-P0019,Furniture,82,200,150.83,73.93216053896997
2024-01-13,S005-P0019,Furniture,113,145,125.41,105.29209166454808
2024-01-14,S005-P0019,Furniture,71,233,144.92,68.32805669035753
2024-01-15,S005-P0019,Furniture,25,191,108.52,75.00997409452329
2024-01-16,S005-P0019,Furniture,64,169,134.18,67.23544390679079
2024-01-17,S005-P0019,Furniture,69,127,136.88,74.74037228331864
2024-01-18,S005-P0019,Furniture,143,216,156.16,103.44369515956718
2024-01-19,S005-P0019,Furniture,88,107,139.07,68.65226115037163
2024-01-20,S005-P0019,Furniture,72,338,138.09,82.21596815868429
2024-01-21,S005-P0019,Furniture,114,261,158.93,73.7967240515031
2024-01-22,S005-P0019,Furniture,149,188,139.5,102.66378935173563
2024-01-23,S005-P0019,Furniture,51,304,114.84,66.38555043915625
2024-01-24,S005-P0019,Furniture,89,252,123.5,95.11640830663559
2024-01-25,S005-P0019,Furniture,97,147,126.82,101.52151307605521
2024-01-26,S005-P0019,Furniture,89,83,139.19,94.66434157216521
2024-01-27,S005-P0019,Furniture,63,194,120.38,66.64623455791921
2024-01-28,S005-P0019,Furniture,77,133,140.55,73.49415071483611
2024-01-29,S005-P0019,Furniture,63,41,120.56,73.85891274718077
2024-01-30,S005-P0019,Furniture,84,125,151.72,66.03939810284164
2023-10-03,S005-P0020,Toys,114,131,31.2,98.56724627007085
2023-10-04,S005-P0020,Toys,120,178,30.13,99.36433808688858
2023-10-05,S005-P0020,Toys,96,181,27.96,110.95765973993922
2023-10-06,S005-P0020,Toys,66,116,26.47,124.17205451451949
2023-10-07,S005-P0020,Toys,37,110,23.6,28.8199746111618
2023-10-08,S005-P0020,Toys,22,127,23.39,31.60265644526001
2023-10-09,S005-P0020,Toys,47,105,24.59,31.483217656480267
2023-10-10,S005-P0020,Toys,25,129,22.48,28.220627026381433
2023-10-11,S005-P0020,Toys,26,102,21.45,34.29666745563109
2023-10-12,S005-P0020,Toys,42,82,24.12,28.19475363205789
2023-10-13,S005-P0020,Toys,49,104,20.71,37.3841260835089
2023-10-14,S005-P0020,Toys,10,100,23.31,28.952436219317434
2023-10-15,S005-P0020,Toys,32,89,25.72,28.793768281432953
2023-10-16,S005-P0020,Toys,37,117,23.61,36.024479649332626
2023-10-17,S005-P0020,Toys,52,93,25.14,33.95465748892561
2023-10-18,S005-P0020,Toys,18,85,18.11,35.845462652757654
2023-10-19,S005-P0020,Toys,35,118,24.69,33.3825720037951
2023-10-20,S005-P0020,Toys,15,88,21.5,33.61366077303307
2023-10-21,S005-P0020,Toys,43,127,20.19,45.75988393646385
2023-10-22,S005-P0020,Toys,32,101,23.22,31.823430649049712
2023-10-23,S005-P0020,Toys,40,132,21.43,39.62337302031477
2023-10-24,S005-P0020,Toys,14,87,21.39,28.314378574740072
2023-10-25,S005-P0020,Toys,156,128,33.34,120.45386346300774
2023-10-26,S005-P0020,Toys,141,136,28.13,126.38655847578666
2023-10-27,S005-P0020,Toys,116,145,31.35,136.34402901958003
2023-10-28,S005-P0020,Toys,107,171,30.51,105.2648021065021
2023-10-29,S005-P0020,Toys,31,193,24.35,105.03396728754001
2023-10-30,S005-P0020,Toys,67,173,28.05,89.24375516014427
2023-10-31,S005-P0020,Toys,36,101,23.61,86.9208066673466
2023-11-01,S005-P0020,Toys,36,115,22.38,87.54730054168634
2023-11-02,S005-P0020,Toys,72,74,24.25,136.34402901958003
2023-11-03,S005-P0020,Toys,111,73,27.72,112.07679913015501
2023-11-04,S005-P0020,Toys,101,112,31.55,88.41755410338432
2023-11-05,S005-P0020,Toys,88,108,28.66,88.24531662600297
2023-11-06,S005-P0020,Toys,75,127,27.32,89.2771252823971
2023-11-07,S005-P0020,Toys,136,101,31.6,86.44398711480237
2023-11-08,S005-P0020,Toys,110,150,30.88,102.58655947792766
2023-11-09,S005-P0020,Toys,91,189,27.5,86.31128963409304
2023-11-10,S005-P0020,Toys,86,82,28.46,110.64329353857705
2023-11-11,S005-P0020,Toys,83,108,29.68,87.21892386988095
2023-11-12,S005-P0020,Toys,98,130,28.08,87.66955729523002
2023-11-13,S005-P0020,Toys,85,126,29.85,97.86539076948193
2023-11-14,S005-P0020,Toys,76,138,27.52,86.39497258870054
2023-11-15,S005-P0020,Toys,59,142,21.8,111.82359746263637
2023-11-16,S005-P0020,Toys,98,91,31.19,94.4985080910573
2023-11-17,S005-P0020,Toys,134,121,27.99,114.13368409002149
2023-11-18,S005-P0020,Toys,47,120,25.96,87.54473036159594
2023-11-19,S005-P0020,Toys,39,123,23.85,102.48374266868173
2023-11-20,S005-P0020,Toys,68,80,28.09,87.92258110293383
2023-11-21,S005-P0020,Toys,80,77,26.32,137.65610963418587
2023-11-22,S005-P0020,Toys,68,116,29.57,93.17743084229635
2023-11-23,S005-P0020,Toys,83,132,28.15,86.39411583700246
2023-11-24,S005-P0020,Toys,124,130,35.69,94.0957236300046
2023-11-25,S005-P0020,Toys,76,123,27.45,109.0828553157585
2023-11-26,S005-P0020,Toys,95,123,27.85,130.411994747863
2023-11-27,S005-P0020,Toys,40,128,19.94,130.72293161390752
2023-11-28,S005-P0020,Toys,75,89,24.29,106.97560788969994
2023-11-29,S005-P0020,Toys,65,84,27.86,100.23352783980859
2023-11-30,S005-P0020,Toys,70,83,28.35,91.92483125454527
2023-12-01,S005-P0020,Toys,35,93,23.41,99.90633826096219
2023-12-02,S005-P0020,Toys,103,111,26.74,125.57746414435896
2023-12-03,S005-P0020,Toys,80,90,26.4,97.73424997507185
2023-12-04,S005-P0020,Toys,85,77,23.57,126.16578661082305
2023-12-05,S005-P0020,Toys,151,89,30.9,126.20404682060274
2023-12-06,S005-P0020,Toys,48,178,23.32,134.00712429482346
2023-12-07,S005-P0020,Toys,69,129,28.21,95.67872073304203
2023-12-08,S005-P0020,Toys,116,152,26.1,126.79562550311634
2023-12-09,S005-P0020,Toys,48,175,20.62,110.57553859337901
2023-12-10,S005-P0020,Toys,77,125,29.04,87.47740030076066
2023-12-11,S005-P0020,Toys,67,156,22.47,111.12734903964059
2023-12-12,S005-P0020,Toys,62,76,26.11,102.47404877673722
2023-12-13,S005-P0020,Toys,96,89,29.43,102.86107483701839
2023-12-14,S005-P0020,Toys,85,105,29.85,101.20191903687619
2023-12-15,S005-P0020,Toys,116,82,31.32,88.94906643737805
2023-12-16,S005-P0020,Toys,149,95,32.87,97.7743557500769
2023-12-17,S005-P0020,Toys,93,164,32.3,97.74786171078382
2023-12-18,S005-P0020,Toys,157,157,33.58,129.1201356031557
2023-12-19,S005-P0020,Toys,91,183,29.02,102.60784586557318
2023-12-20,S005-P0020,Toys,117,109,31.55,87.76675082364413
2023-12-21,S005-P0020,Toys,77,159,29.12,101.72340496977245
2023-12-22,S005-P0020,Toys,115,80,26.07,136.1421312951203
2023-12-23,S005-P0020,Toys,129,137,32.59,112.06868920996789
2023-12-24,S005-P0020,Toys,84,147,31.34,104.27064243283553
2023-12-25,S005-P0020,Toys,95,123,32.6,89.70536456762946
2023-12-26,S005-P0020,Toys,93,134,30.71,86.49208282101633
2023-12-27,S005-P0020,Toys,40,158,25.25,27.0097959339225
2023-12-28,S005-P0020,Toys,28,126,23.97,30.15063615083579
2023-12-29,S005-P0020,Toys,10,107,22.15,30.41800982918226
2023-12-30,S005-P0020,Toys,35,99,23.45,27.527879564346797
2023-12-31,S005-P0020,Toys,18,127,21.83,29.21013098824166
2024-01-01,S005-P0020,Toys,16,107,22.74,29.21013098824166
2024-01-02,S005-P0020,Toys,53,93,23.94,37.256842586102096
2024-01-03,S005-P0020,Toys,25,87,22.55,29.25929223379064
2024-01-04,S005-P0020,Toys,10,111,22.14,27.36229821472059
2024-01-05,S005-P0020,Toys,39,102,18.9,45.5893971931294
2024-01-06,S005-P0020,Toys,59,106,24.53,38.503738839671435
2024-01-07,S005-P0020,Toys,34,111,23.29,27.74547914142314
2024-01-08,S005-P0020,Toys,14,76,20.32,38.57636698160991
2024-01-09,S005-P0020,Toys,125,111,34.01,86.09905480117537
2024-01-10,S005-P0020,Toys,83,135,28.21,87.03777743463908
2024-01-11,S005-P0020,Toys,80,157,29.38,88.77556465299622
2024-01-12,S005-P0020,Toys,79,72,26.32,96.8821826717827
2024-01-13,S005-P0020,Toys,116,90,31.4,103.90862407918915
2024-01-14,S005-P0020,Toys,116,152,27.9,110.1874853660471
2024-01-15,S005-P0020,Toys,73,158,27.1,100.26166125330086
2024-01-16,S005-P0020,Toys,89,102,28.78,87.17335617390037
2024-01-17,S005-P0020,Toys,108,114,32.3,98.44205769365922
2024-01-18,S005-P0020,Toys,169,134,32.76,130.65810047540256
2024-01-19,S005-P0020,Toys,68,225,28.11,89.2439460755092
2024-01-20,S005-P0020,Toys,117,170,29.85,103.03273402820383
2024-01-21,S005-P0020,Toys,68,181,23.89,127.2439621992376
2024-01-22,S005-P0020,Toys,112,121,27.78,129.34652076412695
2024-01-23,S005-P0020,Toys,97,133,29.56,85.40075936294912
2024-01-24,S005-P0020,Toys,121,110,26.86,127.84594158489162
2024-01-25,S005-P0020,Toys,63,164,24.89,99.30987037119579
2024-01-26,S005-P0020,Toys,134,99,34.99,95.19130024466766
2024-01-27,S005-P0020,Toys,38,133,22.55,86.2817749666106
2024-01-28,S005-P0020,Toys,130,105,30.87,126.65200096792354
2024-01-29,S005-P0020,Toys,105,144,31.95,97.08816465508215
2024-01-30,S005-P0020,Toys,73,126,25.78,85.9509526461092
