data,sku,categoria,demanda,estoque,preco,preco_ref,pred
2023-10-03,S001-P0001,Electronics,72,100,69.78,66.465,97.33001
2023-10-04,S001-P0001,Electronics,90,335,70.52,66.465,98.364525
2023-10-05,S001-P0001,Electronics,78,236,64.25,66.465,87.16139
2023-10-06,S001-P0001,Electronics,80,186,61.29,66.465,97.64133
2023-10-07,S001-P0001,Electronics,58,289,56.62,66.465,45.660652
2023-10-08,S001-P0001,Electronics,23,239,51.89,66.465,52.905205
2023-10-09,S001-P0001,Electronics,44,220,50.11,66.465,67.0731
2023-10-10,S001-P0001,Electronics,43,178,56.24,66.465,45.55475
2023-10-11,S001-P0001,Electronics,82,126,68.63,66.465,56.463226
2023-10-12,S001-P0001,Electronics,49,132,45.63,66.465,61.855972
2023-10-13,S001-P0001,Electronics,38,279,55.13,66.465,46.564983
2023-10-14,S001-P0001,Electronics,34,245,54.3,66.465,45.88898
2023-10-15,S001-P0001,Electronics,28,220,52.8,66.465,48.250484
2023-10-16,S001-P0001,Electronics,46,196,63.18,66.465,45.42917
2023-10-17,S001-P0001,Electronics,66,168,61.48,66.465,76.136345
2023-10-18,S001-P0001,Electronics,20,126,48.5,66.465,46.06651
2023-10-19,S001-P0001,Electronics,53,229,46.32,66.465,78.10859
2023-10-20,S001-P0001,Electronics,77,167,60.71,66.465,74.7683
2023-10-21,S001-P0001,Electronics,36,78,51.79,66.465,56.364815
2023-10-22,S001-P0001,Electronics,47,214,57.28,66.465,52.905205
2023-10-23,S001-P0001,Electronics,101,171,61.6,66.465,67.0731
2023-10-24,S001-P0001,Electronics,53,62,61.7,66.465,45.486465
2023-10-25,S001-P0001,Electronics,152,182,76.92,66.465,123.136955
2023-10-26,S001-P0001,Electronics,106,68,55.83,66.465,123.81367
2023-10-27,S001-P0001,Electronics,143,288,78.95,66.465,106.509186
2023-10-28,S001-P0001,Electronics,114,143,80.26,66.465,107.32717
2023-10-29,S001-P0001,Electronics,162,285,87.76,66.465,105.65727
2023-10-30,S001-P0001,Electronics,109,181,75.22,66.465,87.905365
2023-10-31,S001-P0001,Electronics,66,393,68.12,66.465,87.580956
2023-11-01,S001-P0001,Electronics,99,346,54.56,66.465,117.052216
2023-11-02,S001-P0001,Electronics,128,245,83.79,66.465,104.29269
2023-11-03,S001-P0001,Electronics,137,102,65.53,66.465,111.16189
2023-11-04,S001-P0001,Electronics,120,269,73.56,66.465,84.10677
2023-11-05,S001-P0001,Electronics,105,444,70.31,66.465,84.96704
2023-11-06,S001-P0001,Electronics,97,354,76.05,66.465,84.527084
2023-11-07,S001-P0001,Electronics,99,255,65.04,66.465,110.39448
2023-11-08,S001-P0001,Electronics,144,187,71.06,66.465,141.73315
2023-11-09,S001-P0001,Electronics,117,259,81.04,66.465,84.28996
2023-11-10,S001-P0001,Electronics,77,450,70.95,66.465,87.19993
2023-11-11,S001-P0001,Electronics,91,394,74.61,66.465,86.09078
2023-11-12,S001-P0001,Electronics,95,308,64.26,66.465,110.593864
2023-11-13,S001-P0001,Electronics,35,227,45.27,66.465,128.08028
2023-11-14,S001-P0001,Electronics,122,196,74.19,66.465,85.34214
2023-11-15,S001-P0001,Electronics,90,99,63.41,66.465,84.9672
2023-11-16,S001-P0001,Electronics,164,276,66.28,66.465,129.69565
2023-11-17,S001-P0001,Electronics,102,90,69.56,66.465,84.4962
2023-11-18,S001-P0001,Electronics,106,269,62.72,66.465,111.27541
2023-11-19,S001-P0001,Electronics,127,199,79.47,66.465,106.61886
2023-11-20,S001-P0001,Electronics,132,314,72.66,66.465,112.48322
2023-11-21,S001-P0001,Electronics,56,192,56.23,66.465,105.73592
2023-11-22,S001-P0001,Electronics,100,430,65.68,66.465,96.80251
2023-11-23,S001-P0001,Electronics,71,324,66.1,66.465,83.63819
2023-11-24,S001-P0001,Electronics,56,244,62.5,66.465,96.78553
2023-11-25,S001-P0001,Electronics,107,210,78.53,66.465,84.79531
2023-11-26,S001-P0001,Electronics,148,94,71.06,66.465,137.9725
2023-11-27,S001-P0001,Electronics,88,196,73.78,66.465,103.10456
2023-11-28,S001-P0001,Electronics,139,347,82.38,66.465,85.41917
2023-11-29,S001-P0001,Electronics,148,240,89.0,66.465,106.66295
2023-11-30,S001-P0001,Electronics,99,443,72.7,66.465,94.46194
2023-12-01,S001-P0001,Electronics,109,326,79.16,66.465,103.80459
2023-12-02,S001-P0001,Electronics,160,202,74.29,66.465,124.247826
2023-12-03,S001-P0001,Electronics,119,43,73.4,66.465,95.87158
2023-12-04,S001-P0001,Electronics,73,275,59.94,66.465,122.63523
2023-12-05,S001-P0001,Electronics,24,407,54.67,66.465,97.65623
2023-12-06,S001-P0001,Electronics,142,385,74.73,66.465,108.426506
2023-12-07,S001-P0001,Electronics,131,264,84.62,66.465,95.44421
2023-12-08,S001-P0001,Electronics,147,165,79.68,66.465,123.3339
2023-12-09,S001-P0001,Electronics,99,237,65.53,66.465,86.213326
2023-12-10,S001-P0001,Electronics,127,129,62.63,66.465,107.22805
2023-12-11,S001-P0001,Electronics,67,199,65.11,66.465,85.95652
2023-12-12,S001-P0001,Electronics,161,422,78.41,66.465,134.78514
2023-12-13,S001-P0001,Electronics,40,279,52.83,66.465,108.426506
2023-12-14,S001-P0001,Electronics,75,232,63.56,66.465,104.60033
2023-12-15,S001-P0001,Electronics,69,151,58.53,66.465,108.803444
2023-12-16,S001-P0001,Electronics,70,267,59.21,66.465,99.275856
2023-12-17,S001-P0001,Electronics,36,220,57.75,66.465,94.724434
2023-12-18,S001-P0001,Electronics,109,194,71.38,66.465,96.8257
2023-12-19,S001-P0001,Electronics,118,67,69.63,66.465,107.63137
2023-12-20,S001-P0001,Electronics,104,235,74.02,66.465,86.3652
2023-12-21,S001-P0001,Electronics,136,412,73.32,66.465,105.24898
2023-12-22,S001-P0001,Electronics,64,255,67.67,66.465,103.80459
2023-12-23,S001-P0001,Electronics,89,184,70.41,66.465,85.83953
2023-12-24,S001-P0001,Electronics,147,112,66.4,66.465,132.22787
2023-12-25,S001-P0001,Electronics,72,206,55.88,66.465,110.065056
2023-12-26,S001-P0001,Electronics,132,422,60.45,66.465,111.04966
2023-12-27,S001-P0001,Electronics,51,303,51.49,66.465,64.58306
2023-12-28,S001-P0001,Electronics,73,261,63.06,66.465,58.44353
2023-12-29,S001-P0001,Electronics,90,183,70.67,66.465,59.151913
2023-12-30,S001-P0001,Electronics,54,104,61.96,66.465,47.084877
2023-12-31,S001-P0001,Electronics,60,259,63.43,66.465,53.20763
2024-01-01,S001-P0001,Electronics,62,216,63.94,66.465,51.333008
2024-01-02,S001-P0001,Electronics,31,150,56.35,66.465,52.615208
2024-01-03,S001-P0001,Electronics,52,230,54.9,66.465,72.66298
2024-01-04,S001-P0001,Electronics,47,173,50.78,66.465,62.55969
2024-01-05,S001-P0001,Electronics,71,127,59.46,66.465,56.521313
2024-01-06,S001-P0001,Electronics,52,186,46.04,66.465,72.07084
2024-01-07,S001-P0001,Electronics,71,297,66.0,66.465,46.547718
2024-01-08,S001-P0001,Electronics,28,224,46.91,66.465,68.987946
2024-01-09,S001-P0001,Electronics,75,192,66.86,66.465,82.83121
2024-01-10,S001-P0001,Electronics,98,117,65.22,66.465,83.699745
2024-01-11,S001-P0001,Electronics,141,198,65.28,66.465,110.12094
2024-01-12,S001-P0001,Electronics,83,227,68.78,66.465,94.35511
2024-01-13,S001-P0001,Electronics,111,466,64.28,66.465,134.68127
2024-01-14,S001-P0001,Electronics,74,337,63.17,66.465,83.40812
2024-01-15,S001-P0001,Electronics,114,254,68.71,66.465,94.38362
2024-01-16,S001-P0001,Electronics,31,164,53.71,66.465,82.66809
2024-01-17,S001-P0001,Electronics,88,394,63.1,66.465,96.39792
2024-01-18,S001-P0001,Electronics,86,327,69.59,66.465,101.6262
2024-01-19,S001-P0001,Electronics,90,273,55.71,66.465,107.92179
2024-01-20,S001-P0001,Electronics,141,196,78.34,66.465,104.28472
2024-01-21,S001-P0001,Electronics,109,218,60.17,66.465,120.57102
2024-01-22,S001-P0001,Electronics,218,372,90.63,66.465,133.99124
2024-01-23,S001-P0001,Electronics,68,135,68.85,66.465,82.83121
2024-01-24,S001-P0001,Electronics,98,441,58.06,66.465,123.302895
2024-01-25,S001-P0001,Electronics,137,325,77.43,66.465,101.897514
2024-01-26,S001-P0001,Electronics,72,237,69.69,66.465,94.24331
2024-01-27,S001-P0001,Electronics,99,471,72.78,66.465,83.549904
2024-01-28,S001-P0001,Electronics,139,371,82.25,66.465,93.58363
2024-01-29,S001-P0001,Electronics,112,259,79.88,66.465,94.06997
2024-01-30,S001-P0001,Electronics,111,383,71.56,66.465,82.751564
2023-10-03,S001-P0002,Clothing,64,104,49.65,66.89500000000001,133.68513
2023-10-04,S001-P0002,Clothing,242,92,86.92,66.89500000000001,134.43411
2023-10-05,S001-P0002,Clothing,185,256,66.94,66.89500000000001,121.09045
2023-10-06,S001-P0002,Clothing,97,82,65.62,66.89500000000001,101.46627
2023-10-07,S001-P0002,Clothing,67,86,59.19,66.89500000000001,88.385124
2023-10-08,S001-P0002,Clothing,191,99,81.63,66.89500000000001,124.92359
2023-10-09,S001-P0002,Clothing,128,194,72.45,66.89500000000001,96.8014
2023-10-10,S001-P0002,Clothing,161,180,79.66,66.89500000000001,88.786995
2023-10-11,S001-P0002,Clothing,110,259,72.12,66.89500000000001,105.36824
2023-10-12,S001-P0002,Clothing,141,174,75.24,66.89500000000001,89.57211
2023-10-13,S001-P0002,Clothing,95,149,65.21,66.89500000000001,89.24317
2023-10-14,S001-P0002,Clothing,184,200,80.23,66.89500000000001,112.76379
2023-10-15,S001-P0002,Clothing,114,279,69.35,66.89500000000001,90.53113
2023-10-16,S001-P0002,Clothing,54,156,59.31,66.89500000000001,88.83003
2023-10-17,S001-P0002,Clothing,80,98,52.62,66.89500000000001,133.19473
2023-10-18,S001-P0002,Clothing,156,141,66.15,66.89500000000001,111.81969
2023-10-19,S001-P0002,Clothing,43,197,56.77,66.89500000000001,106.65075
2023-10-20,S001-P0002,Clothing,154,164,78.06,66.89500000000001,107.31913
2023-10-21,S001-P0002,Clothing,90,198,60.7,66.89500000000001,105.0339
2023-10-22,S001-P0002,Clothing,106,138,67.62,66.89500000000001,99.30819
2023-10-23,S001-P0002,Clothing,153,124,61.49,66.89500000000001,121.75155
2023-10-24,S001-P0002,Clothing,89,184,63.95,66.89500000000001,88.23284
2023-10-25,S001-P0002,Clothing,185,123,80.28,66.89500000000001,135.143
2023-10-26,S001-P0002,Clothing,144,201,56.96,66.89500000000001,131.20523
2023-10-27,S001-P0002,Clothing,66,191,55.89,66.89500000000001,110.71179
2023-10-28,S001-P0002,Clothing,192,123,82.05,66.89500000000001,113.51935
2023-10-29,S001-P0002,Clothing,92,181,68.08,66.89500000000001,112.654686
2023-10-30,S001-P0002,Clothing,91,85,60.99,66.89500000000001,91.30206
2023-10-31,S001-P0002,Clothing,61,81,52.09,66.89500000000001,91.34495
2023-11-01,S001-P0002,Clothing,87,75,63.54,66.89500000000001,91.363625
2023-11-02,S001-P0002,Clothing,61,99,60.86,66.89500000000001,114.05961
2023-11-03,S001-P0002,Clothing,95,116,55.51,66.89500000000001,120.154655
2023-11-04,S001-P0002,Clothing,85,122,66.39,66.89500000000001,91.84461
2023-11-05,S001-P0002,Clothing,94,168,65.12,66.89500000000001,93.17094
2023-11-06,S001-P0002,Clothing,97,64,69.14,66.89500000000001,92.68098
2023-11-07,S001-P0002,Clothing,153,114,58.47,66.89500000000001,120.3056
2023-11-08,S001-P0002,Clothing,19,140,46.11,66.89500000000001,148.4395
2023-11-09,S001-P0002,Clothing,99,120,66.07,66.89500000000001,91.4736
2023-11-10,S001-P0002,Clothing,111,122,65.08,66.89500000000001,121.18876
2023-11-11,S001-P0002,Clothing,115,108,55.64,66.89500000000001,120.43026
2023-11-12,S001-P0002,Clothing,157,103,70.87,66.89500000000001,121.58268
2023-11-13,S001-P0002,Clothing,147,184,76.66,66.89500000000001,102.02871
2023-11-14,S001-P0002,Clothing,113,267,69.18,66.89500000000001,91.294014
2023-11-15,S001-P0002,Clothing,104,158,52.99,66.89500000000001,120.4958
2023-11-16,S001-P0002,Clothing,66,137,59.0,66.89500000000001,102.24031
2023-11-17,S001-P0002,Clothing,139,92,74.88,66.89500000000001,92.98631
2023-11-18,S001-P0002,Clothing,119,115,59.33,66.89500000000001,120.56402
2023-11-19,S001-P0002,Clothing,92,151,64.59,66.89500000000001,114.2185
2023-11-20,S001-P0002,Clothing,21,166,38.87,66.89500000000001,119.183754
2023-11-21,S001-P0002,Clothing,180,149,79.31,66.89500000000001,113.628654
2023-11-22,S001-P0002,Clothing,116,204,73.55,66.89500000000001,103.63744
2023-11-23,S001-P0002,Clothing,54,71,59.28,66.89500000000001,92.23481
2023-11-24,S001-P0002,Clothing,68,79,53.34,66.89500000000001,101.90572
2023-11-25,S001-P0002,Clothing,75,100,57.6,66.89500000000001,121.84882
2023-11-26,S001-P0002,Clothing,131,102,77.0,66.89500000000001,115.339485
2023-11-27,S001-P0002,Clothing,121,131,70.87,66.89500000000001,113.19547
2023-11-28,S001-P0002,Clothing,58,153,54.34,66.89500000000001,90.57967
2023-11-29,S001-P0002,Clothing,62,87,55.26,66.89500000000001,114.629234
2023-11-30,S001-P0002,Clothing,165,107,80.57,66.89500000000001,102.94973
2023-12-01,S001-P0002,Clothing,156,189,58.96,66.89500000000001,164.12047
2023-12-02,S001-P0002,Clothing,83,276,59.27,66.89500000000001,121.92217
2023-12-03,S001-P0002,Clothing,78,213,58.57,66.89500000000001,122.102196
2023-12-04,S001-P0002,Clothing,191,142,81.66,66.89500000000001,151.72032
2023-12-05,S001-P0002,Clothing,127,161,72.28,66.89500000000001,121.874596
2023-12-06,S001-P0002,Clothing,114,178,69.37,66.89500000000001,133.32787
2023-12-07,S001-P0002,Clothing,154,161,74.11,66.89500000000001,121.661095
2023-12-08,S001-P0002,Clothing,129,164,72.69,66.89500000000001,122.43225
2023-12-09,S001-P0002,Clothing,95,190,61.96,66.89500000000001,110.22751
2023-12-10,S001-P0002,Clothing,143,81,71.91,66.89500000000001,109.64792
2023-12-11,S001-P0002,Clothing,43,166,56.75,66.89500000000001,109.99076
2023-12-12,S001-P0002,Clothing,130,125,69.05,66.89500000000001,168.02716
2023-12-13,S001-P0002,Clothing,177,152,78.71,66.89500000000001,132.88203
2023-12-14,S001-P0002,Clothing,111,158,65.27,66.89500000000001,133.08502
2023-12-15,S001-P0002,Clothing,188,175,85.49,66.89500000000001,109.82956
2023-12-16,S001-P0002,Clothing,66,193,62.11,66.89500000000001,123.2586
2023-12-17,S001-P0002,Clothing,107,129,67.87,66.89500000000001,122.102196
2023-12-18,S001-P0002,Clothing,170,151,81.66,66.89500000000001,121.514366
2023-12-19,S001-P0002,Clothing,133,213,77.44,66.89500000000001,133.83139
2023-12-20,S001-P0002,Clothing,206,68,79.92,66.89500000000001,140.01965
2023-12-21,S001-P0002,Clothing,184,213,80.27,66.89500000000001,164.44583
2023-12-22,S001-P0002,Clothing,148,239,68.75,66.89500000000001,165.3453
2023-12-23,S001-P0002,Clothing,131,100,62.11,66.89500000000001,140.22542
2023-12-24,S001-P0002,Clothing,127,132,61.43,66.89500000000001,164.54492
2023-12-25,S001-P0002,Clothing,64,113,61.52,66.89500000000001,109.99076
2023-12-26,S001-P0002,Clothing,154,106,74.03,66.89500000000001,109.60862
2023-12-27,S001-P0002,Clothing,96,170,51.68,66.89500000000001,127.140724
2023-12-28,S001-P0002,Clothing,150,78,61.74,66.89500000000001,149.06917
2023-12-29,S001-P0002,Clothing,253,177,99.66,66.89500000000001,121.517624
2023-12-30,S001-P0002,Clothing,97,210,62.13,66.89500000000001,102.71404
2023-12-31,S001-P0002,Clothing,141,121,75.21,66.89500000000001,112.41101
2024-01-01,S001-P0002,Clothing,105,149,57.3,66.89500000000001,137.89796
2024-01-02,S001-P0002,Clothing,172,145,77.85,66.89500000000001,112.28771
2024-01-03,S001-P0002,Clothing,156,203,70.58,66.89500000000001,138.37639
2024-01-04,S001-P0002,Clothing,115,165,66.2,66.89500000000001,105.646645
2024-01-05,S001-P0002,Clothing,62,156,55.01,66.89500000000001,122.45258
2024-01-06,S001-P0002,Clothing,157,110,74.57,66.89500000000001,111.67947
2024-01-07,S001-P0002,Clothing,132,157,62.39,66.89500000000001,129.78175
2024-01-08,S001-P0002,Clothing,172,131,77.67,66.89500000000001,112.04596
2024-01-09,S001-P0002,Clothing,73,158,54.47,66.89500000000001,109.823235
2024-01-10,S001-P0002,Clothing,147,86,76.49,66.89500000000001,111.09264
2024-01-11,S001-P0002,Clothing,111,147,65.25,66.89500000000001,110.612206
2024-01-12,S001-P0002,Clothing,131,169,73.1,66.89500000000001,125.10779
2024-01-13,S001-P0002,Clothing,103,191,70.62,66.89500000000001,137.54245
2024-01-14,S001-P0002,Clothing,119,102,67.02,66.89500000000001,110.41674
2024-01-15,S001-P0002,Clothing,123,111,56.35,66.89500000000001,154.12836
2024-01-16,S001-P0002,Clothing,153,104,65.64,66.89500000000001,139.99487
2024-01-17,S001-P0002,Clothing,115,179,65.95,66.89500000000001,124.17996
2024-01-18,S001-P0002,Clothing,134,200,73.82,66.89500000000001,135.79187
2024-01-19,S001-P0002,Clothing,39,187,50.26,66.89500000000001,109.69458
2024-01-20,S001-P0002,Clothing,120,145,60.02,66.89500000000001,169.82468
2024-01-21,S001-P0002,Clothing,121,145,70.84,66.89500000000001,124.867455
2024-01-22,S001-P0002,Clothing,147,198,76.48,66.89500000000001,134.46518
2024-01-23,S001-P0002,Clothing,71,226,56.87,66.89500000000001,109.823235
2024-01-24,S001-P0002,Clothing,150,142,65.73,66.89500000000001,157.43488
2024-01-25,S001-P0002,Clothing,91,164,48.2,66.89500000000001,166.35478
2024-01-26,S001-P0002,Clothing,144,67,71.85,66.89500000000001,157.16411
2024-01-27,S001-P0002,Clothing,125,156,56.71,66.89500000000001,140.14763
2024-01-28,S001-P0002,Clothing,114,210,73.11,66.89500000000001,125.45561
2024-01-29,S001-P0002,Clothing,64,111,61.6,66.89500000000001,123.55295
2024-01-30,S001-P0002,Clothing,119,136,70.55,66.89500000000001,110.9967
2023-10-03,S001-P0003,Clothing,86,101,56.17,55.055,102.25966
2023-10-04,S001-P0003,Clothing,99,399,55.75,55.055,102.35234
2023-10-05,S001-P0003,Clothing,148,298,55.02,55.055,120.701035
2023-10-06,S001-P0003,Clothing,174,889,65.82,55.055,132.27698
2023-10-07,S001-P0003,Clothing,67,734,47.35,55.055,88.385124
2023-10-08,S001-P0003,Clothing,114,662,58.43,55.055,98.79313
2023-10-09,S001-P0003,Clothing,87,577,48.14,55.055,122.41331
2023-10-10,S001-P0003,Clothing,145,513,67.48,55.055,88.786995
2023-10-11,S001-P0003,Clothing,191,397,65.37,55.055,133.61134
2023-10-12,S001-P0003,Clothing,76,242,54.17,55.055,89.66546
2023-10-13,S001-P0003,Clothing,57,175,48.09,55.055,89.35211
2023-10-14,S001-P0003,Clothing,67,784,49.95,55.055,88.704384
2023-10-15,S001-P0003,Clothing,80,726,49.7,55.055,90.33041
2023-10-16,S001-P0003,Clothing,76,663,51.49,55.055,88.83003
2023-10-17,S001-P0003,Clothing,230,591,59.82,55.055,132.26312
2023-10-18,S001-P0003,Clothing,108,320,45.26,55.055,111.918724
2023-10-19,S001-P0003,Clothing,114,227,43.92,55.055,132.36365
2023-10-20,S001-P0003,Clothing,150,101,61.81,55.055,106.82198
2023-10-21,S001-P0003,Clothing,140,818,60.13,55.055,105.34286
2023-10-22,S001-P0003,Clothing,105,681,56.78,55.055,99.30819
2023-10-23,S001-P0003,Clothing,167,557,57.45,55.055,121.76566
2023-10-24,S001-P0003,Clothing,80,374,55.02,55.055,88.23284
2023-10-25,S001-P0003,Clothing,150,295,58.29,55.055,134.43411
2023-10-26,S001-P0003,Clothing,87,140,56.38,55.055,102.31124
2023-10-27,S001-P0003,Clothing,82,741,52.59,55.055,111.91045
2023-10-28,S001-P0003,Clothing,131,686,61.65,55.055,113.51935
2023-10-29,S001-P0003,Clothing,174,591,65.98,55.055,111.96763
2023-10-30,S001-P0003,Clothing,86,455,53.36,55.055,91.94159
2023-10-31,S001-P0003,Clothing,106,387,54.17,55.055,91.58192
2023-11-01,S001-P0003,Clothing,119,285,53.39,55.055,90.0644
2023-11-02,S001-P0003,Clothing,113,875,61.4,55.055,114.05961
2023-11-03,S001-P0003,Clothing,70,746,45.31,55.055,90.68438
2023-11-04,S001-P0003,Clothing,86,667,50.75,55.055,91.034615
2023-11-05,S001-P0003,Clothing,102,595,53.49,55.055,93.17094
2023-11-06,S001-P0003,Clothing,140,495,56.55,55.055,119.495575
2023-11-07,S001-P0003,Clothing,105,409,53.85,55.055,90.953514
2023-11-08,S001-P0003,Clothing,214,289,72.73,55.055,148.4395
2023-11-09,S001-P0003,Clothing,96,49,52.35,55.055,91.149574
2023-11-10,S001-P0003,Clothing,115,569,61.71,55.055,92.69665
2023-11-11,S001-P0003,Clothing,128,437,54.56,55.055,121.05541
2023-11-12,S001-P0003,Clothing,138,1242,49.68,55.055,118.805214
2023-11-13,S001-P0003,Clothing,159,1092,63.29,55.055,101.62679
2023-11-14,S001-P0003,Clothing,130,907,48.45,55.055,119.39495
2023-11-15,S001-P0003,Clothing,149,816,58.45,55.055,121.57624
2023-11-16,S001-P0003,Clothing,120,716,59.53,55.055,102.24031
2023-11-17,S001-P0003,Clothing,107,576,51.44,55.055,91.53968
2023-11-18,S001-P0003,Clothing,154,484,62.41,55.055,121.84882
2023-11-19,S001-P0003,Clothing,130,318,52.15,55.055,145.42984
2023-11-20,S001-P0003,Clothing,125,221,60.56,55.055,91.99865
2023-11-21,S001-P0003,Clothing,107,82,54.17,55.055,113.628654
2023-11-22,S001-P0003,Clothing,139,656,63.13,55.055,102.84063
2023-11-23,S001-P0003,Clothing,125,507,57.24,55.055,121.32226
2023-11-24,S001-P0003,Clothing,102,368,53.41,55.055,102.78394
2023-11-25,S001-P0003,Clothing,90,275,48.7,55.055,90.63842
2023-11-26,S001-P0003,Clothing,178,179,63.13,55.055,113.21453
2023-11-27,S001-P0003,Clothing,144,524,50.59,55.055,142.80547
2023-11-28,S001-P0003,Clothing,41,382,40.57,55.055,89.99116
2023-11-29,S001-P0003,Clothing,103,341,53.58,55.055,113.81571
2023-11-30,S001-P0003,Clothing,135,1032,56.13,55.055,101.81373
2023-12-01,S001-P0003,Clothing,227,888,63.42,55.055,164.71161
2023-12-02,S001-P0003,Clothing,209,704,67.89,55.055,155.94807
2023-12-03,S001-P0003,Clothing,181,561,74.56,55.055,122.711205
2023-12-04,S001-P0003,Clothing,134,390,65.38,55.055,121.514366
2023-12-05,S001-P0003,Clothing,133,1069,55.85,55.055,121.43374
2023-12-06,S001-P0003,Clothing,183,941,56.96,55.055,167.1305
2023-12-07,S001-P0003,Clothing,123,722,60.14,55.055,122.18035
2023-12-08,S001-P0003,Clothing,92,629,51.71,55.055,122.43225
2023-12-09,S001-P0003,Clothing,162,534,57.15,55.055,140.22542
2023-12-10,S001-P0003,Clothing,201,408,55.83,55.055,137.29909
2023-12-11,S001-P0003,Clothing,203,195,67.3,55.055,109.94055
2023-12-12,S001-P0003,Clothing,181,31,55.9,55.055,165.89014
2023-12-13,S001-P0003,Clothing,130,586,61.44,55.055,133.94276
2023-12-14,S001-P0003,Clothing,133,434,65.25,55.055,133.53145
2023-12-15,S001-P0003,Clothing,71,1195,48.04,55.055,109.182816
2023-12-16,S001-P0003,Clothing,187,1147,61.06,55.055,155.94807
2023-12-17,S001-P0003,Clothing,114,957,55.46,55.055,121.49321
2023-12-18,S001-P0003,Clothing,176,866,55.19,55.055,150.53342
2023-12-19,S001-P0003,Clothing,129,706,58.01,55.055,168.02716
2023-12-20,S001-P0003,Clothing,179,588,66.9,55.055,110.3455
2023-12-21,S001-P0003,Clothing,192,467,65.56,55.055,132.63858
2023-12-22,S001-P0003,Clothing,162,328,67.27,55.055,133.68536
2023-12-23,S001-P0003,Clothing,134,183,59.04,55.055,110.22751
2023-12-24,S001-P0003,Clothing,135,903,59.02,55.055,132.74634
2023-12-25,S001-P0003,Clothing,100,809,55.92,55.055,109.77647
2023-12-26,S001-P0003,Clothing,91,701,48.83,55.055,109.60862
2023-12-27,S001-P0003,Clothing,128,646,51.4,55.055,127.37411
2023-12-28,S001-P0003,Clothing,183,554,67.36,55.055,122.23387
2023-12-29,S001-P0003,Clothing,153,346,62.13,55.055,121.18047
2023-12-30,S001-P0003,Clothing,80,233,49.5,55.055,102.71404
2023-12-31,S001-P0003,Clothing,4,183,40.36,55.055,112.964
2024-01-01,S001-P0003,Clothing,104,914,59.56,55.055,112.66736
2024-01-02,S001-P0003,Clothing,126,792,54.56,55.055,111.77175
2024-01-03,S001-P0003,Clothing,175,646,69.7,55.055,111.91494
2024-01-04,S001-P0003,Clothing,78,499,54.54,55.055,106.127235
2024-01-05,S001-P0003,Clothing,161,438,53.02,55.055,147.82869
2024-01-06,S001-P0003,Clothing,188,314,54.04,55.055,137.2919
2024-01-07,S001-P0003,Clothing,108,948,57.4,55.055,106.90785
2024-01-08,S001-P0003,Clothing,108,830,54.28,55.055,138.38773
2024-01-09,S001-P0003,Clothing,54,757,45.1,55.055,110.25979
2024-01-10,S001-P0003,Clothing,124,725,45.24,55.055,140.03131
2024-01-11,S001-P0003,Clothing,168,598,54.7,55.055,139.89117
2024-01-12,S001-P0003,Clothing,105,466,59.77,55.055,125.69593
2024-01-13,S001-P0003,Clothing,125,356,63.7,55.055,137.54245
2024-01-14,S001-P0003,Clothing,66,247,49.65,55.055,110.41674
2024-01-15,S001-P0003,Clothing,107,827,51.47,55.055,122.68813
2024-01-16,S001-P0003,Clothing,145,759,57.81,55.055,141.39607
2024-01-17,S001-P0003,Clothing,88,643,50.95,55.055,124.17996
2024-01-18,S001-P0003,Clothing,110,574,60.85,55.055,135.79187
2024-01-19,S001-P0003,Clothing,136,480,59.3,55.055,140.92146
2024-01-20,S001-P0003,Clothing,109,354,57.54,55.055,136.86368
2024-01-21,S001-P0003,Clothing,96,287,52.34,55.055,124.867455
2024-01-22,S001-P0003,Clothing,182,207,59.78,55.055,165.96252
2024-01-23,S001-P0003,Clothing,101,574,59.03,55.055,110.9967
2024-01-24,S001-P0003,Clothing,238,514,76.92,55.055,158.04344
2024-01-25,S001-P0003,Clothing,215,343,81.12,55.055,135.79187
2024-01-26,S001-P0003,Clothing,95,949,55.06,55.055,125.10779
2024-01-27,S001-P0003,Clothing,69,874,50.23,55.055,111.41801
2024-01-28,S001-P0003,Clothing,192,809,65.47,55.055,156.33919
2024-01-29,S001-P0003,Clothing,198,656,73.87,55.055,123.109695
2024-01-30,S001-P0003,Clothing,137,434,59.46,55.055,109.823235
2023-10-03,S001-P0004,Electronics,68,61,103.45,100.08500000000001,97.33001
2023-10-04,S001-P0004,Electronics,100,234,104.02,100.08500000000001,123.136955
2023-10-05,S001-P0004,Electronics,44,124,89.55,100.08500000000001,86.929405
2023-10-06,S001-P0004,Electronics,146,233,113.87,100.08500000000001,97.64133
2023-10-07,S001-P0004,Electronics,75,127,95.74,100.08500000000001,60.436157
2023-10-08,S001-P0004,Electronics,90,309,100.7,100.08500000000001,53.058994
2023-10-09,S001-P0004,Electronics,47,240,81.68,100.08500000000001,50.645954
2023-10-10,S001-P0004,Electronics,38,195,87.64,100.08500000000001,46.331547
2023-10-11,S001-P0004,Electronics,72,155,74.82,100.08500000000001,76.8036
2023-10-12,S001-P0004,Electronics,57,104,85.08,100.08500000000001,47.72961
2023-10-13,S001-P0004,Electronics,44,220,76.25,100.08500000000001,60.57781
2023-10-14,S001-P0004,Electronics,50,171,96.57,100.08500000000001,46.33961
2023-10-15,S001-P0004,Electronics,48,123,90.99,100.08500000000001,48.0273
2023-10-16,S001-P0004,Electronics,49,91,91.39,100.08500000000001,45.42917
2023-10-17,S001-P0004,Electronics,69,129,83.14,100.08500000000001,76.05726
2023-10-18,S001-P0004,Electronics,71,48,83.62,100.08500000000001,60.159664
2023-10-19,S001-P0004,Electronics,113,135,97.43,100.08500000000001,76.758896
2023-10-20,S001-P0004,Electronics,99,182,103.67,100.08500000000001,74.7683
2023-10-21,S001-P0004,Electronics,66,328,102.79,100.08500000000001,56.460957
2023-10-22,S001-P0004,Electronics,37,265,82.79,100.08500000000001,52.905205
2023-10-23,S001-P0004,Electronics,45,221,90.02,100.08500000000001,50.217754
2023-10-24,S001-P0004,Electronics,42,170,80.09,100.08500000000001,45.407574
2023-10-25,S001-P0004,Electronics,96,130,102.87,100.08500000000001,98.364525
2023-10-26,S001-P0004,Electronics,62,24,91.14,100.08500000000001,96.77628
2023-10-27,S001-P0004,Electronics,131,176,114.96,100.08500000000001,105.83729
2023-10-28,S001-P0004,Electronics,133,76,102.56,100.08500000000001,135.48619
2023-10-29,S001-P0004,Electronics,90,248,100.59,100.08500000000001,106.0799
2023-10-30,S001-P0004,Electronics,56,190,93.88,100.08500000000001,87.905365
2023-10-31,S001-P0004,Electronics,88,144,105.69,100.08500000000001,87.76652
2023-11-01,S001-P0004,Electronics,114,90,90.79,100.08500000000001,117.052216
2023-11-02,S001-P0004,Electronics,66,174,97.79,100.08500000000001,104.569695
2023-11-03,S001-P0004,Electronics,94,320,102.06,100.08500000000001,86.11613
2023-11-04,S001-P0004,Electronics,104,249,93.62,100.08500000000001,111.27541
2023-11-05,S001-P0004,Electronics,115,139,97.04,100.08500000000001,109.94797
2023-11-06,S001-P0004,Electronics,94,313,102.19,100.08500000000001,84.34844
2023-11-07,S001-P0004,Electronics,92,223,101.48,100.08500000000001,83.92388
2023-11-08,S001-P0004,Electronics,118,167,97.98,100.08500000000001,142.19542
2023-11-09,S001-P0004,Electronics,141,260,112.27,100.08500000000001,83.58572
2023-11-10,S001-P0004,Electronics,88,92,100.09,100.08500000000001,86.11613
2023-11-11,S001-P0004,Electronics,132,292,109.14,100.08500000000001,114.09446
2023-11-12,S001-P0004,Electronics,108,167,107.04,100.08500000000001,87.07492
2023-11-13,S001-P0004,Electronics,112,316,120.3,100.08500000000001,93.35392
2023-11-14,S001-P0004,Electronics,95,184,108.07,100.08500000000001,85.41917
2023-11-15,S001-P0004,Electronics,110,84,119.31,100.08500000000001,85.19483
2023-11-16,S001-P0004,Electronics,48,161,82.13,100.08500000000001,94.732414
2023-11-17,S001-P0004,Electronics,49,335,91.59,100.08500000000001,85.31141
2023-11-18,S001-P0004,Electronics,103,283,99.95,100.08500000000001,109.275795
2023-11-19,S001-P0004,Electronics,212,219,118.76,100.08500000000001,137.96072
2023-11-20,S001-P0004,Electronics,63,59,91.63,100.08500000000001,83.74355
2023-11-21,S001-P0004,Electronics,98,497,98.32,100.08500000000001,105.73592
2023-11-22,S001-P0004,Electronics,109,429,113.18,100.08500000000001,96.51884
2023-11-23,S001-P0004,Electronics,81,331,86.68,100.08500000000001,115.13263
2023-11-24,S001-P0004,Electronics,94,251,85.05,100.08500000000001,125.09574
2023-11-25,S001-P0004,Electronics,84,185,98.88,100.08500000000001,84.28493
2023-11-26,S001-P0004,Electronics,116,121,103.97,100.08500000000001,105.38114
2023-11-27,S001-P0004,Electronics,126,203,112.95,100.08500000000001,102.31333
2023-11-28,S001-P0004,Electronics,98,82,92.82,100.08500000000001,114.53716
2023-11-29,S001-P0004,Electronics,122,243,117.73,100.08500000000001,106.466225
2023-11-30,S001-P0004,Electronics,125,143,112.49,100.08500000000001,94.732414
2023-12-01,S001-P0004,Electronics,90,293,84.02,100.08500000000001,133.64899
2023-12-02,S001-P0004,Electronics,114,235,115.05,100.08500000000001,98.09687
2023-12-03,S001-P0004,Electronics,20,108,76.95,100.08500000000001,95.87158
2023-12-04,S001-P0004,Electronics,82,277,98.33,100.08500000000001,96.8257
2023-12-05,S001-P0004,Electronics,133,225,115.23,100.08500000000001,123.45623
2023-12-06,S001-P0004,Electronics,152,131,102.98,100.08500000000001,135.97282
2023-12-07,S001-P0004,Electronics,87,213,100.11,100.08500000000001,96.005196
2023-12-08,S001-P0004,Electronics,99,432,109.44,100.08500000000001,95.82899
2023-12-09,S001-P0004,Electronics,78,333,101.93,100.08500000000001,85.70118
2023-12-10,S001-P0004,Electronics,93,252,107.4,100.08500000000001,84.05987
2023-12-11,S001-P0004,Electronics,101,172,88.33,100.08500000000001,110.065056
2023-12-12,S001-P0004,Electronics,151,68,121.63,100.08500000000001,134.49615
2023-12-13,S001-P0004,Electronics,90,214,106.25,100.08500000000001,107.26084
2023-12-14,S001-P0004,Electronics,85,468,104.43,100.08500000000001,104.154274
2023-12-15,S001-P0004,Electronics,104,377,105.84,100.08500000000001,84.46239
2023-12-16,S001-P0004,Electronics,109,261,84.82,100.08500000000001,125.08404
2023-12-17,S001-P0004,Electronics,85,187,99.34,100.08500000000001,95.14779
2023-12-18,S001-P0004,Electronics,155,341,136.43,100.08500000000001,96.02999
2023-12-19,S001-P0004,Electronics,110,217,113.45,100.08500000000001,106.38025
2023-12-20,S001-P0004,Electronics,64,458,96.82,100.08500000000001,86.3652
2023-12-21,S001-P0004,Electronics,152,403,122.38,100.08500000000001,104.60033
2023-12-22,S001-P0004,Electronics,99,284,82.23,100.08500000000001,133.64899
2023-12-23,S001-P0004,Electronics,55,171,89.06,100.08500000000001,85.83953
2023-12-24,S001-P0004,Electronics,213,136,120.47,100.08500000000001,132.26196
2023-12-25,S001-P0004,Electronics,119,0,104.93,100.08500000000001,109.90119
2023-12-26,S001-P0004,Electronics,107,472,106.81,100.08500000000001,85.25851
2023-12-27,S001-P0004,Electronics,36,398,91.28,100.08500000000001,47.55514
2023-12-28,S001-P0004,Electronics,63,371,77.38,100.08500000000001,81.33877
2023-12-29,S001-P0004,Electronics,39,305,87.74,100.08500000000001,58.691235
2023-12-30,S001-P0004,Electronics,42,269,80.14,100.08500000000001,47.409313
2023-12-31,S001-P0004,Electronics,48,228,86.21,100.08500000000001,53.038982
2024-01-01,S001-P0004,Electronics,19,190,72.65,100.08500000000001,50.509274
2024-01-02,S001-P0004,Electronics,46,169,81.27,100.08500000000001,51.72629
2024-01-03,S001-P0004,Electronics,38,138,92.32,100.08500000000001,54.07459
2024-01-04,S001-P0004,Electronics,13,106,74.63,100.08500000000001,44.54095
2024-01-05,S001-P0004,Electronics,55,96,88.72,100.08500000000001,56.521313
2024-01-06,S001-P0004,Electronics,19,33,76.51,100.08500000000001,52.03112
2024-01-07,S001-P0004,Electronics,49,145,86.6,100.08500000000001,46.070927
2024-01-08,S001-P0004,Electronics,79,101,86.31,100.08500000000001,68.987946
2024-01-09,S001-P0004,Electronics,105,39,100.39,100.08500000000001,82.751564
2024-01-10,S001-P0004,Electronics,100,145,115.57,100.08500000000001,83.6789
2024-01-11,S001-P0004,Electronics,149,217,101.97,100.08500000000001,109.29301
2024-01-12,S001-P0004,Electronics,140,110,117.73,100.08500000000001,122.15943
2024-01-13,S001-P0004,Electronics,151,259,128.34,100.08500000000001,104.19432
2024-01-14,S001-P0004,Electronics,128,138,113.69,100.08500000000001,107.847466
2024-01-15,S001-P0004,Electronics,89,354,105.91,100.08500000000001,94.06402
2024-01-16,S001-P0004,Electronics,64,251,82.38,100.08500000000001,109.69263
2024-01-17,S001-P0004,Electronics,84,205,109.74,100.08500000000001,96.33602
2024-01-18,S001-P0004,Electronics,157,120,110.84,100.08500000000001,132.07477
2024-01-19,S001-P0004,Electronics,101,200,104.68,100.08500000000001,83.15829
2024-01-20,S001-P0004,Electronics,135,451,116.16,100.08500000000001,135.31079
2024-01-21,S001-P0004,Electronics,162,316,111.33,100.08500000000001,120.57102
2024-01-22,S001-P0004,Electronics,91,154,95.96,100.08500000000001,102.51965
2024-01-23,S001-P0004,Electronics,35,316,91.08,100.08500000000001,82.83121
2024-01-24,S001-P0004,Electronics,126,291,125.56,100.08500000000001,96.33602
2024-01-25,S001-P0004,Electronics,89,203,111.47,100.08500000000001,101.87289
2024-01-26,S001-P0004,Electronics,67,380,73.5,100.08500000000001,121.153
2024-01-27,S001-P0004,Electronics,114,317,115.1,100.08500000000001,83.549904
2024-01-28,S001-P0004,Electronics,108,214,101.63,100.08500000000001,121.55961
2024-01-29,S001-P0004,Electronics,76,138,91.24,100.08500000000001,94.38362
2024-01-30,S001-P0004,Electronics,84,241,93.82,100.08500000000001,82.751564
2023-10-03,S001-P0005,Groceries,115,606,55.99,58.88,148.4295
2023-10-04,S001-P0005,Groceries,113,519,62.26,58.88,116.75449
2023-10-05,S001-P0005,Groceries,137,410,70.35,58.88,98.580734
2023-10-06,S001-P0005,Groceries,88,256,54.36,58.88,115.3838
2023-10-07,S001-P0005,Groceries,49,163,49.75,58.88,66.53095
2023-10-08,S001-P0005,Groceries,66,589,53.03,58.88,77.44999
2023-10-09,S001-P0005,Groceries,97,546,47.34,58.88,96.49395
2023-10-10,S001-P0005,Groceries,53,476,40.34,58.88,87.18244
2023-10-11,S001-P0005,Groceries,54,428,50.68,58.88,81.90746
2023-10-12,S001-P0005,Groceries,102,386,53.7,58.88,87.5528
2023-10-13,S001-P0005,Groceries,79,318,47.19,58.88,86.41371
2023-10-14,S001-P0005,Groceries,153,251,52.49,58.88,87.72381
2023-10-15,S001-P0005,Groceries,50,159,47.37,58.88,70.44336
2023-10-16,S001-P0005,Groceries,114,446,55.9,58.88,87.258125
2023-10-17,S001-P0005,Groceries,56,363,51.01,58.88,81.56572
2023-10-18,S001-P0005,Groceries,37,964,42.69,58.88,67.12856
2023-10-19,S001-P0005,Groceries,109,935,61.35,58.88,82.46043
2023-10-20,S001-P0005,Groceries,66,854,53.01,58.88,83.51425
2023-10-21,S001-P0005,Groceries,80,794,50.22,58.88,81.85404
2023-10-22,S001-P0005,Groceries,128,709,52.11,58.88,97.522026
2023-10-23,S001-P0005,Groceries,75,621,41.1,58.88,96.51745
2023-10-24,S001-P0005,Groceries,44,541,43.82,58.88,86.1379
2023-10-25,S001-P0005,Groceries,93,501,58.28,58.88,116.75449
2023-10-26,S001-P0005,Groceries,79,403,55.55,58.88,114.32566
2023-10-27,S001-P0005,Groceries,168,313,65.6,58.88,126.42507
2023-10-28,S001-P0005,Groceries,136,207,70.26,58.88,127.58831
2023-10-29,S001-P0005,Groceries,125,73,64.57,58.88,126.85177
2023-10-30,S001-P0005,Groceries,178,350,74.97,58.88,103.40693
2023-10-31,S001-P0005,Groceries,86,1042,53.94,58.88,104.00095
2023-11-01,S001-P0005,Groceries,143,939,54.48,58.88,137.7861
2023-11-02,S001-P0005,Groceries,102,797,60.15,58.88,126.74511
2023-11-03,S001-P0005,Groceries,182,700,68.13,58.88,137.18118
2023-11-04,S001-P0005,Groceries,59,578,43.44,58.88,133.55206
2023-11-05,S001-P0005,Groceries,116,518,56.6,58.88,135.12143
2023-11-06,S001-P0005,Groceries,101,381,59.82,58.88,95.706924
2023-11-07,S001-P0005,Groceries,98,1113,56.24,58.88,94.573204
2023-11-08,S001-P0005,Groceries,149,1023,69.2,58.88,125.739395
2023-11-09,S001-P0005,Groceries,83,868,56.37,58.88,97.27298
2023-11-10,S001-P0005,Groceries,139,792,63.68,58.88,99.668724
2023-11-11,S001-P0005,Groceries,93,694,55.3,58.88,97.38857
2023-11-12,S001-P0005,Groceries,135,592,66.45,58.88,101.17533
2023-11-13,S001-P0005,Groceries,180,479,60.33,58.88,152.94687
2023-11-14,S001-P0005,Groceries,185,297,60.32,58.88,137.3647
2023-11-15,S001-P0005,Groceries,81,183,55.93,58.88,96.73912
2023-11-16,S001-P0005,Groceries,116,550,62.71,58.88,111.007744
2023-11-17,S001-P0005,Groceries,54,418,50.76,58.88,98.049126
2023-11-18,S001-P0005,Groceries,57,1181,48.59,58.88,94.94858
2023-11-19,S001-P0005,Groceries,155,1144,62.96,58.88,168.27266
2023-11-20,S001-P0005,Groceries,180,962,71.44,58.88,136.86493
2023-11-21,S001-P0005,Groceries,102,797,63.29,58.88,126.052025
2023-11-22,S001-P0005,Groceries,184,677,80.1,58.88,112.99091
2023-11-23,S001-P0005,Groceries,168,530,65.33,58.88,137.76218
2023-11-24,S001-P0005,Groceries,70,413,53.74,58.88,114.42533
2023-11-25,S001-P0005,Groceries,173,359,62.84,58.88,133.79695
2023-11-26,S001-P0005,Groceries,95,902,61.69,58.88,129.9973
2023-11-27,S001-P0005,Groceries,158,830,67.48,58.88,124.91797
2023-11-28,S001-P0005,Groceries,113,694,62.21,58.88,98.76793
2023-11-29,S001-P0005,Groceries,78,612,52.49,58.88,125.51304
2023-11-30,S001-P0005,Groceries,146,547,72.24,58.88,111.58967
2023-12-01,S001-P0005,Groceries,150,453,59.03,58.88,166.66486
2023-12-02,S001-P0005,Groceries,118,306,56.79,58.88,118.42686
2023-12-03,S001-P0005,Groceries,121,173,60.34,58.88,113.95844
2023-12-04,S001-P0005,Groceries,101,591,59.9,58.88,115.58485
2023-12-05,S001-P0005,Groceries,132,502,49.39,58.88,150.75626
2023-12-06,S001-P0005,Groceries,111,381,58.52,58.88,129.80334
2023-12-07,S001-P0005,Groceries,130,276,62.28,58.88,114.89143
2023-12-08,S001-P0005,Groceries,125,184,64.52,58.88,116.72318
2023-12-09,S001-P0005,Groceries,79,673,58.45,58.88,101.93389
2023-12-10,S001-P0005,Groceries,100,615,53.66,58.88,97.56505
2023-12-11,S001-P0005,Groceries,99,510,56.27,58.88,101.84316
2023-12-12,S001-P0005,Groceries,198,432,63.05,58.88,164.12961
2023-12-13,S001-P0005,Groceries,69,308,50.78,58.88,129.80334
2023-12-14,S001-P0005,Groceries,181,257,59.58,58.88,161.14452
2023-12-15,S001-P0005,Groceries,136,70,50.0,58.88,129.40065
2023-12-16,S001-P0005,Groceries,103,905,45.21,58.88,151.58037
2023-12-17,S001-P0005,Groceries,158,791,67.33,58.88,153.70685
2023-12-18,S001-P0005,Groceries,138,659,67.04,58.88,116.01506
2023-12-19,S001-P0005,Groceries,159,568,63.69,58.88,165.22873
2023-12-20,S001-P0005,Groceries,80,422,52.9,58.88,102.37238
2023-12-21,S001-P0005,Groceries,100,357,62.82,58.88,126.63215
2023-12-22,S001-P0005,Groceries,183,295,68.41,58.88,168.15154
2023-12-23,S001-P0005,Groceries,43,825,43.62,58.88,101.65456
2023-12-24,S001-P0005,Groceries,113,779,62.12,58.88,126.53229
2023-12-25,S001-P0005,Groceries,59,661,54.4,58.88,102.44405
2023-12-26,S001-P0005,Groceries,129,604,62.14,58.88,101.342155
2023-12-27,S001-P0005,Groceries,57,504,48.64,58.88,70.36332
2023-12-28,S001-P0005,Groceries,93,436,55.15,58.88,117.299
2023-12-29,S001-P0005,Groceries,56,365,48.52,58.88,88.306755
2023-12-30,S001-P0005,Groceries,76,916,55.02,58.88,70.71995
2023-12-31,S001-P0005,Groceries,38,839,45.15,58.88,80.093575
2024-01-01,S001-P0005,Groceries,54,799,53.31,58.88,80.38616
2024-01-02,S001-P0005,Groceries,126,754,57.89,58.88,105.11076
2024-01-03,S001-P0005,Groceries,79,623,41.66,58.88,103.76345
2024-01-04,S001-P0005,Groceries,56,558,53.7,58.88,72.60325
2024-01-05,S001-P0005,Groceries,96,513,55.87,58.88,117.30196
2024-01-06,S001-P0005,Groceries,145,423,64.93,58.88,79.211586
2024-01-07,S001-P0005,Groceries,56,249,51.11,58.88,73.89259
2024-01-08,S001-P0005,Groceries,74,205,49.04,58.88,78.4335
2024-01-09,S001-P0005,Groceries,143,135,71.58,58.88,100.09882
2024-01-10,S001-P0005,Groceries,135,576,59.82,58.88,100.15665
2024-01-11,S001-P0005,Groceries,90,428,60.72,58.88,99.39626
2024-01-12,S001-P0005,Groceries,91,351,52.09,58.88,114.75655
2024-01-13,S001-P0005,Groceries,128,291,65.12,58.88,127.096016
2024-01-14,S001-P0005,Groceries,118,755,66.44,58.88,101.34939
2024-01-15,S001-P0005,Groceries,51,638,52.62,58.88,114.06609
2024-01-16,S001-P0005,Groceries,132,590,59.02,58.88,134.0119
2024-01-17,S001-P0005,Groceries,159,432,75.05,58.88,115.24621
2024-01-18,S001-P0005,Groceries,163,265,72.03,58.88,123.88346
2024-01-19,S001-P0005,Groceries,98,129,53.3,58.88,135.70848
2024-01-20,S001-P0005,Groceries,174,495,63.06,58.88,165.90283
2024-01-21,S001-P0005,Groceries,197,345,59.06,58.88,150.48882
2024-01-22,S001-P0005,Groceries,68,736,56.27,58.88,124.922005
2024-01-23,S001-P0005,Groceries,81,687,53.09,58.88,99.555534
2024-01-24,S001-P0005,Groceries,127,602,48.68,58.88,150.52368
2024-01-25,S001-P0005,Groceries,169,1466,73.28,58.88,122.81367
2024-01-26,S001-P0005,Groceries,166,1359,61.21,58.88,151.67859
2024-01-27,S001-P0005,Groceries,183,1208,64.51,58.88,134.93045
2024-01-28,S001-P0005,Groceries,83,1094,53.51,58.88,115.07959
2024-01-29,S001-P0005,Groceries,123,1024,64.26,58.88,113.35612
2024-01-30,S001-P0005,Groceries,29,946,45.82,58.88,100.09882
2023-10-03,S001-P0006,Toys,99,228,43.86,37.775000000000006,94.48367
2023-10-04,S001-P0006,Toys,91,119,36.54,37.775000000000006,125.00165
2023-10-05,S001-P0006,Toys,83,31,37.42,37.775000000000006,81.582794
2023-10-06,S001-P0006,Toys,87,239,42.03,37.775000000000006,96.507
2023-10-07,S001-P0006,Toys,24,152,32.94,37.775000000000006,30.269463
2023-10-08,S001-P0006,Toys,34,335,30.97,37.775000000000006,36.854527
2023-10-09,S001-P0006,Toys,24,304,31.4,37.775000000000006,34.12994
2023-10-10,S001-P0006,Toys,15,275,26.97,37.775000000000006,40.73258
2023-10-11,S001-P0006,Toys,34,260,31.04,37.775000000000006,57.830868
2023-10-12,S001-P0006,Toys,33,235,29.31,37.775000000000006,30.33499
2023-10-13,S001-P0006,Toys,33,202,30.91,37.775000000000006,29.152369
2023-10-14,S001-P0006,Toys,35,163,25.94,37.775000000000006,42.07591
2023-10-15,S001-P0006,Toys,30,123,30.53,37.775000000000006,33.490993
2023-10-16,S001-P0006,Toys,39,98,28.37,37.775000000000006,41.767315
2023-10-17,S001-P0006,Toys,33,62,30.83,37.775000000000006,36.949833
2023-10-18,S001-P0006,Toys,32,120,26.0,37.775000000000006,41.8756
2023-10-19,S001-P0006,Toys,47,84,27.24,37.775000000000006,59.87992
2023-10-20,S001-P0006,Toys,45,55,34.19,37.775000000000006,39.23791
2023-10-21,S001-P0006,Toys,37,100,33.09,37.775000000000006,38.25851
2023-10-22,S001-P0006,Toys,41,228,25.25,37.775000000000006,52.824276
2023-10-23,S001-P0006,Toys,26,187,28.42,37.775000000000006,48.61729
2023-10-24,S001-P0006,Toys,37,168,29.79,37.775000000000006,26.397089
2023-10-25,S001-P0006,Toys,140,144,42.32,37.775000000000006,124.62671
2023-10-26,S001-P0006,Toys,49,46,34.72,37.775000000000006,93.00103
2023-10-27,S001-P0006,Toys,72,3,34.2,37.775000000000006,106.41425
2023-10-28,S001-P0006,Toys,147,463,43.37,37.775000000000006,103.52317
2023-10-29,S001-P0006,Toys,133,363,46.26,37.775000000000006,106.001564
2023-10-30,S001-P0006,Toys,102,249,42.04,37.775000000000006,85.33462
2023-10-31,S001-P0006,Toys,77,547,36.75,37.775000000000006,84.372696
2023-11-01,S001-P0006,Toys,120,471,44.45,37.775000000000006,88.25446
2023-11-02,S001-P0006,Toys,53,373,31.82,37.775000000000006,104.05473
2023-11-03,S001-P0006,Toys,63,316,34.79,37.775000000000006,89.101494
2023-11-04,S001-P0006,Toys,62,247,38.52,37.775000000000006,82.54125
2023-11-05,S001-P0006,Toys,109,179,38.7,37.775000000000006,83.85931
2023-11-06,S001-P0006,Toys,94,92,40.9,37.775000000000006,81.36379
2023-11-07,S001-P0006,Toys,60,0,38.16,37.775000000000006,81.95902
2023-11-08,S001-P0006,Toys,61,352,34.55,37.775000000000006,108.58355
2023-11-09,S001-P0006,Toys,110,280,36.3,37.775000000000006,117.48124
2023-11-10,S001-P0006,Toys,84,180,31.66,37.775000000000006,117.25343
2023-11-11,S001-P0006,Toys,64,83,38.79,37.775000000000006,88.109215
2023-11-12,S001-P0006,Toys,77,415,28.98,37.775000000000006,116.680824
2023-11-13,S001-P0006,Toys,97,332,39.16,37.775000000000006,130.43347
2023-11-14,S001-P0006,Toys,69,255,37.47,37.775000000000006,87.39936
2023-11-15,S001-P0006,Toys,149,174,43.68,37.775000000000006,111.986534
2023-11-16,S001-P0006,Toys,124,75,47.4,37.775000000000006,96.31742
2023-11-17,S001-P0006,Toys,115,0,36.87,37.775000000000006,111.37617
2023-11-18,S001-P0006,Toys,32,510,29.16,37.775000000000006,111.248116
2023-11-19,S001-P0006,Toys,103,488,42.19,37.775000000000006,106.92054
2023-11-20,S001-P0006,Toys,94,420,38.97,37.775000000000006,86.41067
2023-11-21,S001-P0006,Toys,126,323,42.94,37.775000000000006,106.659904
2023-11-22,S001-P0006,Toys,168,237,40.92,37.775000000000006,131.63144
2023-11-23,S001-P0006,Toys,66,47,39.01,37.775000000000006,85.17245
2023-11-24,S001-P0006,Toys,96,401,39.09,37.775000000000006,98.54893
2023-11-25,S001-P0006,Toys,52,335,35.19,37.775000000000006,82.54125
2023-11-26,S001-P0006,Toys,103,300,44.46,37.775000000000006,107.91334
2023-11-27,S001-P0006,Toys,114,227,34.48,37.775000000000006,142.28345
2023-11-28,S001-P0006,Toys,78,136,34.69,37.775000000000006,118.11677
2023-11-29,S001-P0006,Toys,98,392,43.69,37.775000000000006,109.55331
2023-11-30,S001-P0006,Toys,75,288,38.36,37.775000000000006,95.48185
2023-12-01,S001-P0006,Toys,69,224,37.55,37.775000000000006,106.08526
2023-12-02,S001-P0006,Toys,138,167,47.0,37.775000000000006,94.65142
2023-12-03,S001-P0006,Toys,134,18,44.02,37.775000000000006,128.33223
2023-12-04,S001-P0006,Toys,99,209,39.42,37.775000000000006,95.734825
2023-12-05,S001-P0006,Toys,112,577,39.03,37.775000000000006,93.62801
2023-12-06,S001-P0006,Toys,190,471,48.44,37.775000000000006,136.26508
2023-12-07,S001-P0006,Toys,85,271,37.62,37.775000000000006,125.50253
2023-12-08,S001-P0006,Toys,195,218,48.99,37.775000000000006,127.19271
2023-12-09,S001-P0006,Toys,116,685,37.02,37.775000000000006,111.066444
2023-12-10,S001-P0006,Toys,110,595,40.97,37.775000000000006,84.77203
2023-12-11,S001-P0006,Toys,88,495,36.14,37.775000000000006,84.7457
2023-12-12,S001-P0006,Toys,151,419,36.53,37.775000000000006,135.77562
2023-12-13,S001-P0006,Toys,113,322,43.62,37.775000000000006,103.479095
2023-12-14,S001-P0006,Toys,162,248,47.67,37.775000000000006,101.616844
2023-12-15,S001-P0006,Toys,157,583,44.34,37.775000000000006,113.892006
2023-12-16,S001-P0006,Toys,85,402,37.69,37.775000000000006,94.65142
2023-12-17,S001-P0006,Toys,102,320,39.86,37.775000000000006,128.33223
2023-12-18,S001-P0006,Toys,130,242,36.26,37.775000000000006,127.42062
2023-12-19,S001-P0006,Toys,84,118,39.51,37.775000000000006,103.74581
2023-12-20,S001-P0006,Toys,78,274,38.73,37.775000000000006,83.747795
2023-12-21,S001-P0006,Toys,127,204,36.35,37.775000000000006,135.75702
2023-12-22,S001-P0006,Toys,96,61,37.1,37.775000000000006,105.2306
2023-12-23,S001-P0006,Toys,52,269,36.98,37.775000000000006,83.54592
2023-12-24,S001-P0006,Toys,72,208,37.94,37.775000000000006,105.471504
2023-12-25,S001-P0006,Toys,107,149,38.44,37.775000000000006,84.7457
2023-12-26,S001-P0006,Toys,38,82,33.21,37.775000000000006,82.97297
2023-12-27,S001-P0006,Toys,41,218,33.71,37.775000000000006,28.493761
2023-12-28,S001-P0006,Toys,35,535,31.18,37.775000000000006,35.459614
2023-12-29,S001-P0006,Toys,13,498,31.4,37.775000000000006,37.910793
2023-12-30,S001-P0006,Toys,21,487,29.33,37.775000000000006,27.656942
2023-12-31,S001-P0006,Toys,44,467,34.06,37.775000000000006,36.015427
2024-01-01,S001-P0006,Toys,16,424,31.89,37.775000000000006,33.949104
2024-01-02,S001-P0006,Toys,79,406,32.71,37.775000000000006,48.46983
2024-01-03,S001-P0006,Toys,22,315,26.47,37.775000000000006,49.55213
2024-01-04,S001-P0006,Toys,26,289,28.34,37.775000000000006,40.321716
2024-01-05,S001-P0006,Toys,15,264,30.12,37.775000000000006,36.030617
2024-01-06,S001-P0006,Toys,24,248,29.69,37.775000000000006,32.482983
2024-01-07,S001-P0006,Toys,48,220,36.41,37.775000000000006,28.241613
2024-01-08,S001-P0006,Toys,26,186,28.42,37.775000000000006,49.202576
2024-01-09,S001-P0006,Toys,83,164,37.41,37.775000000000006,82.14409
2024-01-10,S001-P0006,Toys,53,92,35.32,37.775000000000006,83.69927
2024-01-11,S001-P0006,Toys,85,42,39.76,37.775000000000006,80.99589
2024-01-12,S001-P0006,Toys,110,240,38.89,37.775000000000006,125.71107
2024-01-13,S001-P0006,Toys,81,170,37.27,37.775000000000006,101.8726
2024-01-14,S001-P0006,Toys,72,376,35.92,37.775000000000006,84.78707
2024-01-15,S001-P0006,Toys,75,303,34.46,37.775000000000006,92.99639
2024-01-16,S001-P0006,Toys,60,230,38.26,37.775000000000006,82.78263
2024-01-17,S001-P0006,Toys,58,173,34.21,37.775000000000006,93.31336
2024-01-18,S001-P0006,Toys,51,113,35.02,37.775000000000006,101.198006
2024-01-19,S001-P0006,Toys,44,71,34.08,37.775000000000006,85.85134
2024-01-20,S001-P0006,Toys,103,168,44.35,37.775000000000006,103.22488
2024-01-21,S001-P0006,Toys,75,73,30.27,37.775000000000006,123.04033
2024-01-22,S001-P0006,Toys,116,17,43.9,37.775000000000006,103.597855
2024-01-23,S001-P0006,Toys,125,255,38.43,37.775000000000006,109.41898
2024-01-24,S001-P0006,Toys,28,128,23.95,37.775000000000006,125.277306
2024-01-25,S001-P0006,Toys,147,376,36.19,37.775000000000006,136.95111
2024-01-26,S001-P0006,Toys,67,225,37.22,37.775000000000006,95.67258
2024-01-27,S001-P0006,Toys,80,165,36.98,37.775000000000006,82.85262
2024-01-28,S001-P0006,Toys,127,613,40.88,37.775000000000006,125.80953
2024-01-29,S001-P0006,Toys,113,506,41.34,37.775000000000006,93.44512
2024-01-30,S001-P0006,Toys,96,436,37.13,37.775000000000006,82.14409
2023-10-03,S001-P0007,Groceries,188,521,32.2,24.380000000000003,115.868645
2023-10-04,S001-P0007,Groceries,68,305,22.39,24.380000000000003,116.96319
2023-10-05,S001-P0007,Groceries,151,229,30.72,24.380000000000003,98.580734
2023-10-06,S001-P0007,Groceries,206,978,25.25,24.380000000000003,149.85246
2023-10-07,S001-P0007,Groceries,109,823,21.91,24.380000000000003,87.28748
2023-10-08,S001-P0007,Groceries,113,712,24.73,24.380000000000003,77.35314
2023-10-09,S001-P0007,Groceries,49,640,19.78,24.380000000000003,74.14537
2023-10-10,S001-P0007,Groceries,63,585,19.78,24.380000000000003,87.12905
2023-10-11,S001-P0007,Groceries,133,545,26.29,24.380000000000003,107.67489
2023-10-12,S001-P0007,Groceries,77,447,21.94,24.380000000000003,68.134674
2023-10-13,S001-P0007,Groceries,117,369,23.72,24.380000000000003,68.426315
2023-10-14,S001-P0007,Groceries,118,271,23.81,24.380000000000003,87.41006
2023-10-15,S001-P0007,Groceries,74,629,21.69,24.380000000000003,70.5238
2023-10-16,S001-P0007,Groceries,80,569,21.01,24.380000000000003,67.48768
2023-10-17,S001-P0007,Groceries,75,519,22.93,24.380000000000003,81.68652
2023-10-18,S001-P0007,Groceries,75,436,19.5,24.380000000000003,87.23824
2023-10-19,S001-P0007,Groceries,91,388,24.3,24.380000000000003,82.688324
2023-10-20,S001-P0007,Groceries,108,300,24.33,24.380000000000003,83.19619
2023-10-21,S001-P0007,Groceries,92,213,20.7,24.380000000000003,107.16847
2023-10-22,S001-P0007,Groceries,103,137,25.23,24.380000000000003,77.44999
2023-10-23,S001-P0007,Groceries,64,413,22.03,24.380000000000003,74.06897
2023-10-24,S001-P0007,Groceries,88,373,21.63,24.380000000000003,66.43104
2023-10-25,S001-P0007,Groceries,128,314,25.83,24.380000000000003,149.5305
2023-10-26,S001-P0007,Groceries,84,171,23.69,24.380000000000003,114.07285
2023-10-27,S001-P0007,Groceries,94,99,24.53,24.380000000000003,126.88249
2023-10-28,S001-P0007,Groceries,140,410,26.82,24.380000000000003,127.44107
2023-10-29,S001-P0007,Groceries,183,277,30.11,24.380000000000003,126.36946
2023-10-30,S001-P0007,Groceries,89,122,24.09,24.380000000000003,103.21999
2023-10-31,S001-P0007,Groceries,80,21,22.21,24.380000000000003,104.05402
2023-11-01,S001-P0007,Groceries,68,654,22.35,24.380000000000003,98.58259
2023-11-02,S001-P0007,Groceries,177,596,28.16,24.380000000000003,126.436356
2023-11-03,S001-P0007,Groceries,103,446,25.27,24.380000000000003,102.516396
2023-11-04,S001-P0007,Groceries,99,358,22.44,24.380000000000003,94.94858
2023-11-05,S001-P0007,Groceries,203,297,29.91,24.380000000000003,133.89502
2023-11-06,S001-P0007,Groceries,173,851,31.01,24.380000000000003,95.706924
2023-11-07,S001-P0007,Groceries,236,729,34.25,24.380000000000003,134.1563
2023-11-08,S001-P0007,Groceries,204,516,33.52,24.380000000000003,125.739395
2023-11-09,S001-P0007,Groceries,116,310,23.7,24.380000000000003,96.58895
2023-11-10,S001-P0007,Groceries,110,171,27.22,24.380000000000003,102.516396
2023-11-11,S001-P0007,Groceries,114,1152,26.17,24.380000000000003,99.28628
2023-11-12,S001-P0007,Groceries,92,1034,21.92,24.380000000000003,99.8813
2023-11-13,S001-P0007,Groceries,152,961,21.98,24.380000000000003,153.2778
2023-11-14,S001-P0007,Groceries,55,870,21.34,24.380000000000003,98.76793
2023-11-15,S001-P0007,Groceries,77,835,20.8,24.380000000000003,95.67471
2023-11-16,S001-P0007,Groceries,174,762,24.52,24.380000000000003,155.67807
2023-11-17,S001-P0007,Groceries,134,597,24.83,24.380000000000003,133.40729
2023-11-18,S001-P0007,Groceries,139,491,23.75,24.380000000000003,133.55206
2023-11-19,S001-P0007,Groceries,145,375,30.22,24.380000000000003,129.9973
2023-11-20,S001-P0007,Groceries,90,1020,22.97,24.380000000000003,96.45335
2023-11-21,S001-P0007,Groceries,96,940,19.47,24.380000000000003,170.43007
2023-11-22,S001-P0007,Groceries,131,837,24.65,24.380000000000003,154.64224
2023-11-23,S001-P0007,Groceries,141,755,21.28,24.380000000000003,138.31992
2023-11-24,S001-P0007,Groceries,140,587,26.9,24.380000000000003,114.42533
2023-11-25,S001-P0007,Groceries,106,432,25.54,24.380000000000003,96.09876
2023-11-26,S001-P0007,Groceries,86,351,21.49,24.380000000000003,169.42603
2023-11-27,S001-P0007,Groceries,80,291,22.12,24.380000000000003,124.67493
2023-11-28,S001-P0007,Groceries,120,784,26.65,24.380000000000003,98.76793
2023-11-29,S001-P0007,Groceries,113,673,23.48,24.380000000000003,125.51304
2023-11-30,S001-P0007,Groceries,89,573,21.66,24.380000000000003,111.10173
2023-12-01,S001-P0007,Groceries,141,514,25.54,24.380000000000003,126.63372
2023-12-02,S001-P0007,Groceries,213,415,27.4,24.380000000000003,152.04741
2023-12-03,S001-P0007,Groceries,129,209,25.98,24.380000000000003,113.95844
2023-12-04,S001-P0007,Groceries,104,66,24.03,24.380000000000003,115.58485
2023-12-05,S001-P0007,Groceries,66,568,20.02,24.380000000000003,117.83822
2023-12-06,S001-P0007,Groceries,138,489,25.15,24.380000000000003,165.82727
2023-12-07,S001-P0007,Groceries,127,366,24.33,24.380000000000003,148.67049
2023-12-08,S001-P0007,Groceries,141,273,28.38,24.380000000000003,116.72318
2023-12-09,S001-P0007,Groceries,113,115,23.49,24.380000000000003,101.65456
2023-12-10,S001-P0007,Groceries,82,601,18.81,24.380000000000003,129.33179
2023-12-11,S001-P0007,Groceries,79,519,17.48,24.380000000000003,129.47266
2023-12-12,S001-P0007,Groceries,55,441,21.32,24.380000000000003,129.78497
2023-12-13,S001-P0007,Groceries,168,390,28.96,24.380000000000003,129.80334
2023-12-14,S001-P0007,Groceries,68,195,21.23,24.380000000000003,125.77936
2023-12-15,S001-P0007,Groceries,100,140,18.73,24.380000000000003,129.40065
2023-12-16,S001-P0007,Groceries,193,57,26.14,24.380000000000003,152.04741
2023-12-17,S001-P0007,Groceries,174,798,32.67,24.380000000000003,115.6757
2023-12-18,S001-P0007,Groceries,115,659,23.61,24.380000000000003,115.24291
2023-12-19,S001-P0007,Groceries,250,584,35.38,24.380000000000003,166.58563
2023-12-20,S001-P0007,Groceries,65,1042,22.12,24.380000000000003,102.37238
2023-12-21,S001-P0007,Groceries,163,983,30.18,24.380000000000003,126.63215
2023-12-22,S001-P0007,Groceries,135,849,27.86,24.380000000000003,127.73158
2023-12-23,S001-P0007,Groceries,92,765,18.25,24.380000000000003,133.37129
2023-12-24,S001-P0007,Groceries,220,680,29.34,24.380000000000003,164.27005
2023-12-25,S001-P0007,Groceries,102,441,26.46,24.380000000000003,102.44405
2023-12-26,S001-P0007,Groceries,126,380,27.15,24.380000000000003,101.342155
2023-12-27,S001-P0007,Groceries,15,269,19.0,24.380000000000003,70.819374
2023-12-28,S001-P0007,Groceries,90,1167,21.78,24.380000000000003,88.37902
2023-12-29,S001-P0007,Groceries,91,1086,24.23,24.380000000000003,89.32531
2023-12-30,S001-P0007,Groceries,69,993,21.37,24.380000000000003,70.40169
2023-12-31,S001-P0007,Groceries,81,923,23.44,24.380000000000003,81.083244
2024-01-01,S001-P0007,Groceries,98,851,19.89,24.380000000000003,103.556
2024-01-02,S001-P0007,Groceries,83,734,23.6,24.380000000000003,80.60441
2024-01-03,S001-P0007,Groceries,61,648,17.22,24.380000000000003,103.76345
2024-01-04,S001-P0007,Groceries,105,602,20.06,24.380000000000003,93.22129
2024-01-05,S001-P0007,Groceries,79,497,22.1,24.380000000000003,89.758156
2024-01-06,S001-P0007,Groceries,55,406,19.2,24.380000000000003,79.211586
2024-01-07,S001-P0007,Groceries,46,371,20.61,24.380000000000003,72.96379
2024-01-08,S001-P0007,Groceries,90,335,22.97,24.380000000000003,79.268486
2024-01-09,S001-P0007,Groceries,75,278,24.12,24.380000000000003,100.09882
2024-01-10,S001-P0007,Groceries,131,211,26.11,24.380000000000003,135.69759
2024-01-11,S001-P0007,Groceries,81,85,23.41,24.380000000000003,98.66328
2024-01-12,S001-P0007,Groceries,181,334,29.98,24.380000000000003,114.75655
2024-01-13,S001-P0007,Groceries,60,152,17.12,24.380000000000003,163.31009
2024-01-14,S001-P0007,Groceries,185,697,28.8,24.380000000000003,99.47562
2024-01-15,S001-P0007,Groceries,78,500,22.06,24.380000000000003,113.35612
2024-01-16,S001-P0007,Groceries,184,433,25.55,24.380000000000003,133.06555
2024-01-17,S001-P0007,Groceries,122,316,21.17,24.380000000000003,150.52368
2024-01-18,S001-P0007,Groceries,62,922,20.77,24.380000000000003,122.03487
2024-01-19,S001-P0007,Groceries,21,876,18.53,24.380000000000003,99.95129
2024-01-20,S001-P0007,Groceries,29,862,18.14,24.380000000000003,167.39806
2024-01-21,S001-P0007,Groceries,93,838,21.97,24.380000000000003,114.13834
2024-01-22,S001-P0007,Groceries,106,740,24.19,24.380000000000003,123.20066
2024-01-23,S001-P0007,Groceries,11,649,17.69,24.380000000000003,99.555534
2024-01-24,S001-P0007,Groceries,86,640,22.67,24.380000000000003,114.704445
2024-01-25,S001-P0007,Groceries,105,552,22.89,24.380000000000003,163.62225
2024-01-26,S001-P0007,Groceries,99,438,23.64,24.380000000000003,114.75655
2024-01-27,S001-P0007,Groceries,157,332,26.57,24.380000000000003,134.93045
2024-01-28,S001-P0007,Groceries,92,226,24.32,24.380000000000003,116.420944
2024-01-29,S001-P0007,Groceries,173,136,29.47,24.380000000000003,113.35612
2024-01-30,S001-P0007,Groceries,80,476,24.57,24.380000000000003,100.09882
2023-10-03,S001-P0008,Electronics,47,146,37.74,41.72,97.63741
2023-10-04,S001-P0008,Electronics,140,106,46.13,41.72,123.300095
2023-10-05,S001-P0008,Electronics,121,158,46.29,41.72,87.59088
2023-10-06,S001-P0008,Electronics,103,164,48.56,41.72,95.940674
2023-10-07,S001-P0008,Electronics,45,73,37.34,41.72,45.88898
2023-10-08,S001-P0008,Electronics,46,89,31.58,41.72,68.66503
2023-10-09,S001-P0008,Electronics,25,48,32.64,41.72,50.21253
2023-10-10,S001-P0008,Electronics,83,70,40.82,41.72,45.55475
2023-10-11,S001-P0008,Electronics,63,84,38.03,41.72,56.463226
2023-10-12,S001-P0008,Electronics,93,105,33.42,41.72,61.855972
2023-10-13,S001-P0008,Electronics,24,136,32.54,41.72,46.44652
2023-10-14,S001-P0008,Electronics,39,108,32.79,41.72,45.660652
2023-10-15,S001-P0008,Electronics,65,84,42.58,41.72,48.0273
2023-10-16,S001-P0008,Electronics,42,75,37.0,41.72,45.42917
2023-10-17,S001-P0008,Electronics,47,79,35.72,41.72,56.58813
2023-10-18,S001-P0008,Electronics,73,91,37.5,41.72,60.385002
2023-10-19,S001-P0008,Electronics,101,97,36.69,41.72,77.226906
2023-10-20,S001-P0008,Electronics,61,142,37.74,41.72,56.701084
2023-10-21,S001-P0008,Electronics,116,72,43.18,41.72,76.533394
2023-10-22,S001-P0008,Electronics,67,106,40.68,41.72,52.905205
2023-10-23,S001-P0008,Electronics,57,34,33.03,41.72,67.0731
2023-10-24,S001-P0008,Electronics,43,51,39.09,41.72,45.852516
2023-10-25,S001-P0008,Electronics,69,63,38.83,41.72,98.79287
2023-10-26,S001-P0008,Electronics,128,68,52.47,41.72,96.27293
2023-10-27,S001-P0008,Electronics,47,141,32.11,41.72,135.35315
2023-10-28,S001-P0008,Electronics,55,107,35.03,41.72,108.226364
2023-10-29,S001-P0008,Electronics,137,41,48.59,41.72,105.65727
2023-10-30,S001-P0008,Electronics,105,139,46.45,41.72,87.905365
2023-10-31,S001-P0008,Electronics,42,155,35.06,41.72,87.76652
2023-11-01,S001-P0008,Electronics,70,106,39.14,41.72,86.59519
2023-11-02,S001-P0008,Electronics,128,83,49.82,41.72,104.29269
2023-11-03,S001-P0008,Electronics,142,121,46.43,41.72,111.26941
2023-11-04,S001-P0008,Electronics,81,156,38.52,41.72,84.10677
2023-11-05,S001-P0008,Electronics,86,89,38.99,41.72,110.235344
2023-11-06,S001-P0008,Electronics,113,79,45.16,41.72,84.003174
2023-11-07,S001-P0008,Electronics,63,103,42.13,41.72,84.40537
2023-11-08,S001-P0008,Electronics,133,63,48.11,41.72,106.466225
2023-11-09,S001-P0008,Electronics,114,119,37.7,41.72,116.217575
2023-11-10,S001-P0008,Electronics,74,91,35.18,41.72,111.16189
2023-11-11,S001-P0008,Electronics,127,83,44.68,41.72,85.61436
2023-11-12,S001-P0008,Electronics,129,152,44.74,41.72,110.593864
2023-11-13,S001-P0008,Electronics,139,169,46.32,41.72,126.54968
2023-11-14,S001-P0008,Electronics,95,182,42.69,41.72,85.29623
2023-11-15,S001-P0008,Electronics,96,81,42.85,41.72,85.026375
2023-11-16,S001-P0008,Electronics,114,121,42.91,41.72,94.732414
2023-11-17,S001-P0008,Electronics,81,121,34.28,41.72,109.71905
2023-11-18,S001-P0008,Electronics,40,38,31.12,41.72,110.04075
2023-11-19,S001-P0008,Electronics,90,63,41.94,41.72,105.83856
2023-11-20,S001-P0008,Electronics,65,80,34.32,41.72,112.88946
2023-11-21,S001-P0008,Electronics,57,89,39.19,41.72,105.39506
2023-11-22,S001-P0008,Electronics,81,107,42.73,41.72,96.47672
2023-11-23,S001-P0008,Electronics,89,124,46.32,41.72,84.28996
2023-11-24,S001-P0008,Electronics,163,107,52.21,41.72,125.39906
2023-11-25,S001-P0008,Electronics,52,183,36.47,41.72,84.28493
2023-11-26,S001-P0008,Electronics,63,151,42.19,41.72,106.61886
2023-11-27,S001-P0008,Electronics,127,91,49.64,41.72,103.10456
2023-11-28,S001-P0008,Electronics,149,117,50.29,41.72,85.29623
2023-11-29,S001-P0008,Electronics,97,144,42.86,41.72,106.466225
2023-11-30,S001-P0008,Electronics,113,63,45.08,41.72,94.732414
2023-12-01,S001-P0008,Electronics,43,114,35.08,41.72,104.436
2023-12-02,S001-P0008,Electronics,89,72,43.95,41.72,98.09687
2023-12-03,S001-P0008,Electronics,111,104,47.31,41.72,95.14779
2023-12-04,S001-P0008,Electronics,37,115,28.98,41.72,123.35783
2023-12-05,S001-P0008,Electronics,121,91,43.9,41.72,123.45623
2023-12-06,S001-P0008,Electronics,61,131,41.96,41.72,107.26084
2023-12-07,S001-P0008,Electronics,108,80,46.8,41.72,96.005196
2023-12-08,S001-P0008,Electronics,103,124,43.7,41.72,96.63268
2023-12-09,S001-P0008,Electronics,120,150,43.83,41.72,86.213326
2023-12-10,S001-P0008,Electronics,74,171,37.62,41.72,84.62098
2023-12-11,S001-P0008,Electronics,105,100,46.37,41.72,85.95652
2023-12-12,S001-P0008,Electronics,165,134,46.65,41.72,135.12846
2023-12-13,S001-P0008,Electronics,102,193,43.57,41.72,108.426506
2023-12-14,S001-P0008,Electronics,86,90,36.99,41.72,132.6013
2023-12-15,S001-P0008,Electronics,152,108,47.76,41.72,108.803444
2023-12-16,S001-P0008,Electronics,99,149,43.06,41.72,99.275856
2023-12-17,S001-P0008,Electronics,106,54,41.89,41.72,121.9944
2023-12-18,S001-P0008,Electronics,47,85,39.7,41.72,96.02999
2023-12-19,S001-P0008,Electronics,89,86,44.04,41.72,107.00018
2023-12-20,S001-P0008,Electronics,141,99,46.33,41.72,111.11918
2023-12-21,S001-P0008,Electronics,59,125,39.52,41.72,104.154274
2023-12-22,S001-P0008,Electronics,111,85,42.37,41.72,133.95251
2023-12-23,S001-P0008,Electronics,174,120,53.74,41.72,110.48724
2023-12-24,S001-P0008,Electronics,190,202,55.97,41.72,103.604935
2023-12-25,S001-P0008,Electronics,46,181,35.54,41.72,87.11132
2023-12-26,S001-P0008,Electronics,142,138,43.76,41.72,110.55915
2023-12-27,S001-P0008,Electronics,56,139,39.05,41.72,47.55514
2023-12-28,S001-P0008,Electronics,34,99,33.95,41.72,58.44353
2023-12-29,S001-P0008,Electronics,64,75,38.27,41.72,58.691235
2023-12-30,S001-P0008,Electronics,26,66,36.41,41.72,47.39175
2023-12-31,S001-P0008,Electronics,52,36,40.42,41.72,53.417347
2024-01-01,S001-P0008,Electronics,27,60,32.87,41.72,50.509274
2024-01-02,S001-P0008,Electronics,41,78,38.66,41.72,53.68658
2024-01-03,S001-P0008,Electronics,69,87,38.86,41.72,73.48758
2024-01-04,S001-P0008,Electronics,91,74,39.57,41.72,62.70541
2024-01-05,S001-P0008,Electronics,69,91,36.65,41.72,80.43763
2024-01-06,S001-P0008,Electronics,34,69,32.13,41.72,52.03112
2024-01-07,S001-P0008,Electronics,56,87,41.11,41.72,46.547718
2024-01-08,S001-P0008,Electronics,48,93,35.92,41.72,51.333008
2024-01-09,S001-P0008,Electronics,134,63,42.74,41.72,109.753685
2024-01-10,S001-P0008,Electronics,87,110,43.74,41.72,83.54368
2024-01-11,S001-P0008,Electronics,165,117,47.08,41.72,109.06288
2024-01-12,S001-P0008,Electronics,143,157,52.03,41.72,94.35511
2024-01-13,S001-P0008,Electronics,80,154,40.55,41.72,104.08361
2024-01-14,S001-P0008,Electronics,100,101,43.29,41.72,82.977684
2024-01-15,S001-P0008,Electronics,96,88,40.53,41.72,94.38362
2024-01-16,S001-P0008,Electronics,122,118,41.55,41.72,109.69263
2024-01-17,S001-P0008,Electronics,88,148,39.19,41.72,123.1711
2024-01-18,S001-P0008,Electronics,181,53,57.82,41.72,101.6262
2024-01-19,S001-P0008,Electronics,83,168,45.36,41.72,83.49515
2024-01-20,S001-P0008,Electronics,126,94,49.58,41.72,104.19432
2024-01-21,S001-P0008,Electronics,141,150,49.14,41.72,93.78734
2024-01-22,S001-P0008,Electronics,97,147,45.18,41.72,102.47055
2024-01-23,S001-P0008,Electronics,83,73,38.73,41.72,110.082405
2024-01-24,S001-P0008,Electronics,106,89,41.64,41.72,123.1711
2024-01-25,S001-P0008,Electronics,110,122,49.6,41.72,101.87289
2024-01-26,S001-P0008,Electronics,112,147,42.64,41.72,94.59222
2024-01-27,S001-P0008,Electronics,102,145,36.72,41.72,109.76009
2024-01-28,S001-P0008,Electronics,118,41,50.82,41.72,93.58363
2024-01-29,S001-P0008,Electronics,109,118,47.02,41.72,94.06997
2024-01-30,S001-P0008,Electronics,53,162,34.68,41.72,82.751564
2023-10-03,S001-P0009,Clothing,79,231,67.6,89.34,132.97626
2023-10-04,S001-P0009,Clothing,92,160,88.12,89.34,102.35234
2023-10-05,S001-P0009,Clothing,95,141,84.56,89.34,92.79658
2023-10-06,S001-P0009,Clothing,112,124,89.51,89.34,101.00669
2023-10-07,S001-P0009,Clothing,156,178,101.76,89.34,88.47419
2023-10-08,S001-P0009,Clothing,149,176,78.87,89.34,124.15972
2023-10-09,S001-P0009,Clothing,99,178,81.32,89.34,96.66126
2023-10-10,S001-P0009,Clothing,68,203,77.2,89.34,88.48816
2023-10-11,S001-P0009,Clothing,119,161,96.26,89.34,105.36824
2023-10-12,S001-P0009,Clothing,93,169,93.11,89.34,89.66546
2023-10-13,S001-P0009,Clothing,92,194,92.85,89.34,89.24317
2023-10-14,S001-P0009,Clothing,124,112,92.69,89.34,112.76379
2023-10-15,S001-P0009,Clothing,127,136,93.39,89.34,90.50832
2023-10-16,S001-P0009,Clothing,91,148,83.22,89.34,88.51797
2023-10-17,S001-P0009,Clothing,163,144,115.04,89.34,105.59365
2023-10-18,S001-P0009,Clothing,108,143,69.8,89.34,111.918724
2023-10-19,S001-P0009,Clothing,61,182,75.14,89.34,106.11926
2023-10-20,S001-P0009,Clothing,129,131,94.08,89.34,106.496544
2023-10-21,S001-P0009,Clothing,166,153,93.77,89.34,133.45267
2023-10-22,S001-P0009,Clothing,88,137,87.11,89.34,98.79313
2023-10-23,S001-P0009,Clothing,176,145,107.18,89.34,122.41331
2023-10-24,S001-P0009,Clothing,121,184,96.98,89.34,88.23284
2023-10-25,S001-P0009,Clothing,118,241,96.13,89.34,102.937126
2023-10-26,S001-P0009,Clothing,168,100,104.89,89.34,132.3548
2023-10-27,S001-P0009,Clothing,146,168,87.78,89.34,143.37735
2023-10-28,S001-P0009,Clothing,255,143,129.46,89.34,148.67288
2023-10-29,S001-P0009,Clothing,126,223,93.31,89.34,111.29284
2023-10-30,S001-P0009,Clothing,120,80,86.98,89.34,91.30206
2023-10-31,S001-P0009,Clothing,124,110,87.93,89.34,91.34495
2023-11-01,S001-P0009,Clothing,74,164,87.34,89.34,91.363625
2023-11-02,S001-P0009,Clothing,183,170,92.26,89.34,144.49205
2023-11-03,S001-P0009,Clothing,126,173,82.72,89.34,119.26611
2023-11-04,S001-P0009,Clothing,94,138,70.99,89.34,120.56402
2023-11-05,S001-P0009,Clothing,69,163,73.23,89.34,92.640915
2023-11-06,S001-P0009,Clothing,165,117,115.86,89.34,92.68098
2023-11-07,S001-P0009,Clothing,104,172,82.59,89.34,90.953514
2023-11-08,S001-P0009,Clothing,126,225,73.82,89.34,146.58493
2023-11-09,S001-P0009,Clothing,95,142,89.1,89.34,91.4736
2023-11-10,S001-P0009,Clothing,87,172,86.8,89.34,91.67605
2023-11-11,S001-P0009,Clothing,154,171,112.45,89.34,91.643394
2023-11-12,S001-P0009,Clothing,150,178,105.42,89.34,93.829
2023-11-13,S001-P0009,Clothing,139,171,76.67,89.34,130.96603
2023-11-14,S001-P0009,Clothing,204,143,115.12,89.34,121.10465
2023-11-15,S001-P0009,Clothing,48,204,71.54,89.34,91.32549
2023-11-16,S001-P0009,Clothing,55,170,73.28,89.34,102.24031
2023-11-17,S001-P0009,Clothing,82,133,80.85,89.34,91.53968
2023-11-18,S001-P0009,Clothing,137,121,90.85,89.34,121.03312
2023-11-19,S001-P0009,Clothing,45,112,70.24,89.34,113.21453
2023-11-20,S001-P0009,Clothing,110,109,93.65,89.34,91.278275
2023-11-21,S001-P0009,Clothing,87,129,73.71,89.34,147.19594
2023-11-22,S001-P0009,Clothing,142,117,103.21,89.34,103.63744
2023-11-23,S001-P0009,Clothing,125,160,98.04,89.34,92.23481
2023-11-24,S001-P0009,Clothing,130,184,104.95,89.34,103.745476
2023-11-25,S001-P0009,Clothing,180,247,102.5,89.34,121.03312
2023-11-26,S001-P0009,Clothing,117,267,91.04,89.34,114.2185
2023-11-27,S001-P0009,Clothing,212,138,130.35,89.34,113.84399
2023-11-28,S001-P0009,Clothing,180,223,103.11,89.34,121.10465
2023-11-29,S001-P0009,Clothing,46,240,74.71,89.34,114.629234
2023-11-30,S001-P0009,Clothing,154,210,101.23,89.34,102.24031
2023-12-01,S001-P0009,Clothing,152,227,95.58,89.34,166.0632
2023-12-02,S001-P0009,Clothing,204,186,115.61,89.34,122.49171
2023-12-03,S001-P0009,Clothing,162,274,92.72,89.34,153.24765
2023-12-04,S001-P0009,Clothing,188,132,87.67,89.34,150.53342
2023-12-05,S001-P0009,Clothing,181,226,114.61,89.34,121.874596
2023-12-06,S001-P0009,Clothing,37,228,57.48,89.34,167.1305
2023-12-07,S001-P0009,Clothing,188,185,116.84,89.34,121.661095
2023-12-08,S001-P0009,Clothing,330,198,167.34,89.34,123.107414
2023-12-09,S001-P0009,Clothing,125,383,93.01,89.34,109.69964
2023-12-10,S001-P0009,Clothing,220,285,119.63,89.34,108.98736
2023-12-11,S001-P0009,Clothing,84,325,81.37,89.34,109.94055
2023-12-12,S001-P0009,Clothing,285,256,116.51,89.34,166.60246
2023-12-13,S001-P0009,Clothing,281,367,114.07,89.34,166.41815
2023-12-14,S001-P0009,Clothing,102,406,86.69,89.34,133.08502
2023-12-15,S001-P0009,Clothing,214,316,124.55,89.34,109.82956
2023-12-16,S001-P0009,Clothing,177,123,102.22,89.34,121.92217
2023-12-17,S001-P0009,Clothing,92,215,69.72,89.34,152.04446
2023-12-18,S001-P0009,Clothing,136,139,91.24,89.34,151.72032
2023-12-19,S001-P0009,Clothing,214,121,118.39,89.34,133.17436
2023-12-20,S001-P0009,Clothing,174,218,112.73,89.34,110.873375
2023-12-21,S001-P0009,Clothing,134,182,90.6,89.34,164.44583
2023-12-22,S001-P0009,Clothing,143,213,103.56,89.34,133.68536
2023-12-23,S001-P0009,Clothing,98,201,94.79,89.34,110.75537
2023-12-24,S001-P0009,Clothing,113,101,84.97,89.34,132.74634
2023-12-25,S001-P0009,Clothing,85,120,86.18,89.34,109.77647
2023-12-26,S001-P0009,Clothing,189,141,87.8,89.34,138.39566
2023-12-27,S001-P0009,Clothing,99,177,85.75,89.34,102.751564
2023-12-28,S001-P0009,Clothing,85,188,86.08,89.34,123.02036
2023-12-29,S001-P0009,Clothing,137,101,96.17,89.34,121.18047
2023-12-30,S001-P0009,Clothing,89,160,91.98,89.34,103.53474
2023-12-31,S001-P0009,Clothing,146,150,104.19,89.34,112.964
2024-01-01,S001-P0009,Clothing,76,175,79.29,89.34,112.32671
2024-01-02,S001-P0009,Clothing,213,112,111.76,89.34,138.57529
2024-01-03,S001-P0009,Clothing,93,237,88.49,89.34,111.91494
2024-01-04,S001-P0009,Clothing,146,153,104.17,89.34,106.127235
2024-01-05,S001-P0009,Clothing,50,130,75.68,89.34,123.00866
2024-01-06,S001-P0009,Clothing,132,141,85.2,89.34,138.13431
2024-01-07,S001-P0009,Clothing,153,166,101.11,89.34,106.56275
2024-01-08,S001-P0009,Clothing,139,213,102.1,89.34,112.66736
2024-01-09,S001-P0009,Clothing,140,287,82.05,89.34,139.99487
2024-01-10,S001-P0009,Clothing,103,132,86.9,89.34,110.44444
2024-01-11,S001-P0009,Clothing,201,131,107.98,89.34,140.29514
2024-01-12,S001-P0009,Clothing,112,210,99.31,89.34,125.69593
2024-01-13,S001-P0009,Clothing,145,98,103.92,89.34,136.86368
2024-01-14,S001-P0009,Clothing,99,145,81.27,89.34,109.81687
2024-01-15,S001-P0009,Clothing,97,125,85.19,89.34,123.109695
2024-01-16,S001-P0009,Clothing,248,123,114.56,89.34,140.65033
2024-01-17,S001-P0009,Clothing,184,278,109.46,89.34,158.04344
2024-01-18,S001-P0009,Clothing,141,74,97.82,89.34,135.25612
2024-01-19,S001-P0009,Clothing,100,138,95.41,89.34,110.986404
2024-01-20,S001-P0009,Clothing,174,149,106.61,89.34,170.54837
2024-01-21,S001-P0009,Clothing,169,233,88.94,89.34,155.14597
2024-01-22,S001-P0009,Clothing,183,237,103.66,89.34,134.1034
2024-01-23,S001-P0009,Clothing,95,330,80.16,89.34,109.823235
2024-01-24,S001-P0009,Clothing,153,247,95.68,89.34,158.04344
2024-01-25,S001-P0009,Clothing,210,102,116.84,89.34,134.72034
2024-01-26,S001-P0009,Clothing,119,202,91.54,89.34,125.10779
2024-01-27,S001-P0009,Clothing,198,204,94.59,89.34,140.14763
2024-01-28,S001-P0009,Clothing,164,260,103.92,89.34,124.2793
2024-01-29,S001-P0009,Clothing,133,93,95.56,89.34,123.109695
2024-01-30,S001-P0009,Clothing,84,128,90.35,89.34,110.9967
2023-10-03,S001-P0010,Furniture,66,325,93.39,118.37,97.87127
2023-10-04,S001-P0010,Furniture,125,263,113.46,118.37,98.67454
2023-10-05,S001-P0010,Furniture,97,119,131.66,118.37,66.47563
2023-10-06,S001-P0010,Furniture,84,461,119.18,118.37,74.71412
2023-10-07,S001-P0010,Furniture,49,401,93.31,118.37,41.7899
2023-10-08,S001-P0010,Furniture,15,358,95.96,118.37,36.701237
2023-10-09,S001-P0010,Furniture,27,341,106.23,118.37,34.19071
2023-10-10,S001-P0010,Furniture,28,316,106.83,118.37,32.89614
2023-10-11,S001-P0010,Furniture,50,288,117.19,118.37,39.935406
2023-10-12,S001-P0010,Furniture,62,241,103.21,118.37,41.60531
2023-10-13,S001-P0010,Furniture,32,191,103.25,118.37,32.483547
2023-10-14,S001-P0010,Furniture,59,153,114.56,118.37,42.533085
2023-10-15,S001-P0010,Furniture,27,85,106.66,118.37,33.531742
2023-10-16,S001-P0010,Furniture,12,330,89.44,118.37,31.645117
2023-10-17,S001-P0010,Furniture,16,318,95.97,118.37,38.54644
2023-10-18,S001-P0010,Furniture,37,304,111.05,118.37,33.422832
2023-10-19,S001-P0010,Furniture,42,267,95.27,118.37,54.249798
2023-10-20,S001-P0010,Furniture,35,219,99.05,118.37,39.05649
2023-10-21,S001-P0010,Furniture,60,182,109.39,118.37,54.388676
2023-10-22,S001-P0010,Furniture,27,118,95.79,118.37,47.65135
2023-10-23,S001-P0010,Furniture,29,98,107.4,118.37,34.19071
2023-10-24,S001-P0010,Furniture,31,71,97.3,118.37,31.068125
2023-10-25,S001-P0010,Furniture,62,276,122.74,118.37,75.957756
2023-10-26,S001-P0010,Furniture,64,203,116.83,118.37,74.491875
2023-10-27,S001-P0010,Furniture,96,154,124.14,118.37,82.64661
2023-10-28,S001-P0010,Furniture,95,66,116.85,118.37,106.92055
2023-10-29,S001-P0010,Furniture,72,233,126.92,118.37,81.40746
2023-10-30,S001-P0010,Furniture,90,154,135.49,118.37,66.43763
2023-10-31,S001-P0010,Furniture,62,383,122.75,118.37,66.344444
2023-11-01,S001-P0010,Furniture,82,322,131.85,118.37,63.05849
2023-11-02,S001-P0010,Furniture,107,225,121.56,118.37,109.63802
2023-11-03,S001-P0010,Furniture,82,133,118.35,118.37,64.54646
2023-11-04,S001-P0010,Furniture,91,56,107.34,118.37,84.39178
2023-11-05,S001-P0010,Furniture,67,340,125.0,118.37,63.8317
2023-11-06,S001-P0010,Furniture,79,281,137.13,118.37,64.85065
2023-11-07,S001-P0010,Furniture,90,203,114.92,118.37,82.452255
2023-11-08,S001-P0010,Furniture,143,471,143.64,118.37,109.365654
2023-11-09,S001-P0010,Furniture,98,330,111.15,118.37,87.42894
2023-11-10,S001-P0010,Furniture,52,252,118.05,118.37,64.92212
2023-11-11,S001-P0010,Furniture,100,213,133.19,118.37,63.152573
2023-11-12,S001-P0010,Furniture,92,827,115.92,118.37,84.7456
2023-11-13,S001-P0010,Furniture,49,758,116.6,118.37,70.53701
2023-11-14,S001-P0010,Furniture,75,702,121.53,118.37,62.84196
2023-11-15,S001-P0010,Furniture,114,613,123.22,118.37,84.45909
2023-11-16,S001-P0010,Furniture,71,526,126.78,118.37,70.31755
2023-11-17,S001-P0010,Furniture,64,454,116.82,118.37,63.177814
2023-11-18,S001-P0010,Furniture,48,412,122.37,118.37,63.363613
2023-11-19,S001-P0010,Furniture,118,355,124.71,118.37,107.761696
2023-11-20,S001-P0010,Furniture,79,236,137.38,118.37,62.47788
2023-11-21,S001-P0010,Furniture,82,160,138.79,118.37,79.98049
2023-11-22,S001-P0010,Furniture,114,104,109.83,118.37,100.0563
2023-11-23,S001-P0010,Furniture,108,522,128.41,118.37,86.678055
2023-11-24,S001-P0010,Furniture,89,398,128.15,118.37,72.581215
2023-11-25,S001-P0010,Furniture,42,321,119.13,118.37,63.363613
2023-11-26,S001-P0010,Furniture,85,294,126.12,118.37,80.553215
2023-11-27,S001-P0010,Furniture,112,219,145.42,118.37,79.34899
2023-11-28,S001-P0010,Furniture,99,556,132.59,118.37,62.28633
2023-11-29,S001-P0010,Furniture,113,468,153.59,118.37,80.7855
2023-11-30,S001-P0010,Furniture,65,393,117.92,118.37,70.31755
2023-12-01,S001-P0010,Furniture,88,316,134.51,118.37,83.724495
2023-12-02,S001-P0010,Furniture,119,228,148.58,118.37,77.465904
2023-12-03,S001-P0010,Furniture,111,512,152.63,118.37,75.55865
2023-12-04,S001-P0010,Furniture,116,382,139.95,118.37,75.50576
2023-12-05,S001-P0010,Furniture,95,281,123.96,118.37,76.82215
2023-12-06,S001-P0010,Furniture,126,223,159.87,118.37,85.94938
2023-12-07,S001-P0010,Furniture,47,82,115.53,118.37,74.34567
2023-12-08,S001-P0010,Furniture,105,437,113.8,118.37,99.50923
2023-12-09,S001-P0010,Furniture,61,314,96.32,118.37,88.815926
2023-12-10,S001-P0010,Furniture,107,267,121.64,118.37,87.08761
2023-12-11,S001-P0010,Furniture,103,200,111.61,118.37,89.07554
2023-12-12,S001-P0010,Furniture,94,581,137.12,118.37,84.84206
2023-12-13,S001-P0010,Furniture,92,496,122.79,118.37,85.29351
2023-12-14,S001-P0010,Furniture,79,427,123.37,118.37,81.48518
2023-12-15,S001-P0010,Furniture,111,358,152.57,118.37,66.66914
2023-12-16,S001-P0010,Furniture,42,258,107.27,118.37,77.64321
2023-12-17,S001-P0010,Furniture,105,230,127.2,118.37,98.08281
2023-12-18,S001-P0010,Furniture,68,112,94.09,118.37,99.426865
2023-12-19,S001-P0010,Furniture,85,600,126.34,118.37,84.42497
2023-12-20,S001-P0010,Furniture,110,536,136.95,118.37,89.01075
2023-12-21,S001-P0010,Furniture,104,404,142.03,118.37,82.11654
2023-12-22,S001-P0010,Furniture,84,279,139.49,118.37,83.724495
2023-12-23,S001-P0010,Furniture,60,199,121.83,118.37,66.62289
2023-12-24,S001-P0010,Furniture,81,150,103.59,118.37,108.14948
2023-12-25,S001-P0010,Furniture,82,471,110.94,118.37,88.972786
2023-12-26,S001-P0010,Furniture,73,377,134.41,118.37,66.020485
2023-12-27,S001-P0010,Furniture,45,315,86.13,118.37,45.76865
2023-12-28,S001-P0010,Furniture,29,271,96.61,118.37,39.84643
2023-12-29,S001-P0010,Furniture,20,248,103.41,118.37,40.698757
2023-12-30,S001-P0010,Furniture,23,226,94.22,118.37,32.195942
2023-12-31,S001-P0010,Furniture,58,199,120.8,118.37,37.568386
2024-01-01,S001-P0010,Furniture,64,137,97.43,118.37,50.261654
2024-01-02,S001-P0010,Furniture,34,67,98.63,118.37,36.585957
2024-01-03,S001-P0010,Furniture,31,45,97.38,118.37,37.22305
2024-01-04,S001-P0010,Furniture,37,220,100.08,118.37,46.534283
2024-01-05,S001-P0010,Furniture,57,182,102.06,118.37,59.298138
2024-01-06,S001-P0010,Furniture,24,118,104.84,118.37,38.081898
2024-01-07,S001-P0010,Furniture,43,96,101.74,118.37,45.292755
2024-01-08,S001-P0010,Furniture,24,47,99.95,118.37,35.769955
2024-01-09,S001-P0010,Furniture,63,282,116.97,118.37,64.243164
2024-01-10,S001-P0010,Furniture,59,213,96.92,118.37,87.38494
2024-01-11,S001-P0010,Furniture,43,160,102.58,118.37,63.31541
2024-01-12,S001-P0010,Furniture,76,111,128.89,118.37,75.62473
2024-01-13,S001-P0010,Furniture,96,303,130.73,118.37,82.310875
2024-01-14,S001-P0010,Furniture,46,230,109.5,118.37,66.9714
2024-01-15,S001-P0010,Furniture,77,192,122.88,118.37,72.917175
2024-01-16,S001-P0010,Furniture,66,443,98.06,118.37,86.559296
2024-01-17,S001-P0010,Furniture,94,386,109.67,118.37,99.42979
2024-01-18,S001-P0010,Furniture,71,313,120.44,118.37,80.12838
2024-01-19,S001-P0010,Furniture,31,233,113.97,118.37,66.54003
2024-01-20,S001-P0010,Furniture,92,199,136.09,118.37,82.9726
2024-01-21,S001-P0010,Furniture,69,495,100.46,118.37,96.11874
2024-01-22,S001-P0010,Furniture,89,451,127.99,118.37,79.807365
2024-01-23,S001-P0010,Furniture,74,377,127.84,118.37,64.243164
2024-01-24,S001-P0010,Furniture,149,311,121.76,118.37,99.323875
2024-01-25,S001-P0010,Furniture,79,210,130.3,118.37,80.12838
2024-01-26,S001-P0010,Furniture,91,128,143.16,118.37,75.62473
2024-01-27,S001-P0010,Furniture,68,46,112.68,118.37,87.866005
2024-01-28,S001-P0010,Furniture,82,640,118.39,118.37,75.131905
2024-01-29,S001-P0010,Furniture,68,583,125.31,118.37,73.4544
2024-01-30,S001-P0010,Furniture,69,518,125.82,118.37,64.243164
2023-10-03,S001-P0011,Furniture,67,216,149.88,150.84,75.335945
2023-10-04,S001-P0011,Furniture,104,141,169.91,150.84,76.72658
2023-10-05,S001-P0011,Furniture,65,180,148.21,150.84,66.764915
2023-10-06,S001-P0011,Furniture,86,322,168.7,150.84,73.33429
2023-10-07,S001-P0011,Furniture,23,245,99.39,150.84,41.973812
2023-10-08,S001-P0011,Furniture,25,217,126.63,150.84,47.65135
2023-10-09,S001-P0011,Furniture,24,198,125.66,150.84,34.190975
2023-10-10,S001-P0011,Furniture,48,176,110.29,150.84,41.500813
2023-10-11,S001-P0011,Furniture,36,126,132.67,150.84,38.99703
2023-10-12,S001-P0011,Furniture,36,186,125.32,150.84,41.645397
2023-10-13,S001-P0011,Furniture,24,147,139.85,150.84,32.990276
2023-10-14,S001-P0011,Furniture,18,132,136.24,150.84,33.667656
2023-10-15,S001-P0011,Furniture,38,111,141.22,150.84,33.96097
2023-10-16,S001-P0011,Furniture,34,69,138.77,150.84,31.869373
2023-10-17,S001-P0011,Furniture,79,100,132.0,150.84,53.07959
2023-10-18,S001-P0011,Furniture,17,102,128.94,150.84,33.91947
2023-10-19,S001-P0011,Furniture,20,271,123.45,150.84,54.720768
2023-10-20,S001-P0011,Furniture,32,254,137.56,150.84,39.654457
2023-10-21,S001-P0011,Furniture,42,224,114.49,150.84,53.503323
2023-10-22,S001-P0011,Furniture,67,184,157.99,150.84,37.147755
2023-10-23,S001-P0011,Furniture,42,120,135.87,150.84,45.76031
2023-10-24,S001-P0011,Furniture,22,206,131.56,150.84,31.429
2023-10-25,S001-P0011,Furniture,105,182,161.75,150.84,76.72658
2023-10-26,S001-P0011,Furniture,110,110,146.15,150.84,96.69597
2023-10-27,S001-P0011,Furniture,110,254,182.59,150.84,81.96722
2023-10-28,S001-P0011,Furniture,117,187,187.05,150.84,83.85871
2023-10-29,S001-P0011,Furniture,77,256,163.68,150.84,80.814964
2023-10-30,S001-P0011,Furniture,86,169,160.4,150.84,66.64608
2023-10-31,S001-P0011,Furniture,53,84,141.9,150.84,67.25308
2023-11-01,S001-P0011,Furniture,39,242,149.25,150.84,63.543346
2023-11-02,S001-P0011,Furniture,71,197,160.2,150.84,79.01957
2023-11-03,S001-P0011,Furniture,64,136,156.17,150.84,64.92212
2023-11-04,S001-P0011,Furniture,29,240,128.62,150.84,81.28936
2023-11-05,S001-P0011,Furniture,71,216,151.59,150.84,63.918095
2023-11-06,S001-P0011,Furniture,78,173,146.99,150.84,84.85233
2023-11-07,S001-P0011,Furniture,78,247,156.09,150.84,62.951305
2023-11-08,S001-P0011,Furniture,82,179,157.64,150.84,81.49156
2023-11-09,S001-P0011,Furniture,77,293,163.4,150.84,61.769608
2023-11-10,S001-P0011,Furniture,36,215,147.41,150.84,64.92212
2023-11-11,S001-P0011,Furniture,108,186,154.49,150.84,85.05195
2023-11-12,S001-P0011,Furniture,74,101,161.82,150.84,65.43288
2023-11-13,S001-P0011,Furniture,96,253,183.83,150.84,70.541115
2023-11-14,S001-P0011,Furniture,43,145,136.95,150.84,62.28633
2023-11-15,S001-P0011,Furniture,69,272,142.35,150.84,83.52926
2023-11-16,S001-P0011,Furniture,85,222,159.66,150.84,70.31755
2023-11-17,S001-P0011,Furniture,119,167,158.42,150.84,83.505745
2023-11-18,S001-P0011,Furniture,116,178,139.6,150.84,84.39178
2023-11-19,S001-P0011,Furniture,83,311,158.58,150.84,80.553215
2023-11-20,S001-P0011,Furniture,46,246,137.92,150.84,63.613052
2023-11-21,S001-P0011,Furniture,88,209,152.42,150.84,108.772606
2023-11-22,S001-P0011,Furniture,41,120,142.88,150.84,71.92747
2023-11-23,S001-P0011,Furniture,43,232,136.57,150.84,62.66678
2023-11-24,S001-P0011,Furniture,114,190,175.64,150.84,97.3592
2023-11-25,S001-P0011,Furniture,65,86,125.44,150.84,82.916985
2023-11-26,S001-P0011,Furniture,75,235,121.92,150.84,107.87531
2023-11-27,S001-P0011,Furniture,103,186,169.73,150.84,79.13976
2023-11-28,S001-P0011,Furniture,71,276,152.0,150.84,62.84196
2023-11-29,S001-P0011,Furniture,105,215,180.18,150.84,80.57818
2023-11-30,S001-P0011,Furniture,101,145,168.47,150.84,71.21455
2023-12-01,S001-P0011,Furniture,151,245,186.15,150.84,109.53443
2023-12-02,S001-P0011,Furniture,78,70,155.8,150.84,77.465904
2023-12-03,S001-P0011,Furniture,75,326,162.27,150.84,75.76115
2023-12-04,S001-P0011,Furniture,124,245,150.76,150.84,99.426865
2023-12-05,S001-P0011,Furniture,61,125,162.63,150.84,76.93372
2023-12-06,S001-P0011,Furniture,136,272,158.27,150.84,111.11294
2023-12-07,S001-P0011,Furniture,120,181,169.96,150.84,98.20363
2023-12-08,S001-P0011,Furniture,51,409,148.8,150.84,76.40263
2023-12-09,S001-P0011,Furniture,82,358,157.64,150.84,88.24578
2023-12-10,S001-P0011,Furniture,79,278,165.11,150.84,66.846565
2023-12-11,S001-P0011,Furniture,92,217,137.77,150.84,88.972786
2023-12-12,S001-P0011,Furniture,85,120,159.55,150.84,84.29388
2023-12-13,S001-P0011,Furniture,75,245,146.12,150.84,85.29351
2023-12-14,S001-P0011,Furniture,44,163,144.38,150.84,81.47516
2023-12-15,S001-P0011,Furniture,42,123,136.25,150.84,66.846306
2023-12-16,S001-P0011,Furniture,66,168,140.95,150.84,100.5521
2023-12-17,S001-P0011,Furniture,93,127,181.87,150.84,75.55865
2023-12-18,S001-P0011,Furniture,85,183,168.18,150.84,75.50576
2023-12-19,S001-P0011,Furniture,92,316,163.51,150.84,109.84341
2023-12-20,S001-P0011,Furniture,71,232,160.24,150.84,66.70421
2023-12-21,S001-P0011,Furniture,74,162,153.15,150.84,81.48518
2023-12-22,S001-P0011,Furniture,116,246,156.94,150.84,109.057365
2023-12-23,S001-P0011,Furniture,58,142,152.39,150.84,66.33485
2023-12-24,S001-P0011,Furniture,75,304,154.47,150.84,82.86703
2023-12-25,S001-P0011,Furniture,59,254,138.04,150.84,67.94958
2023-12-26,S001-P0011,Furniture,71,202,134.99,150.84,88.33526
2023-12-27,S001-P0011,Furniture,19,126,130.0,150.84,32.989933
2023-12-28,S001-P0011,Furniture,66,259,157.22,150.84,40.176567
2023-12-29,S001-P0011,Furniture,59,208,145.11,150.84,40.574226
2023-12-30,S001-P0011,Furniture,28,155,127.97,150.84,32.195942
2023-12-31,S001-P0011,Furniture,25,247,140.19,150.84,37.96977
2024-01-01,S001-P0011,Furniture,31,227,123.26,150.84,51.818592
2024-01-02,S001-P0011,Furniture,39,193,149.12,150.84,37.67013
2024-01-03,S001-P0011,Furniture,23,160,125.44,150.84,54.249138
2024-01-04,S001-P0011,Furniture,46,137,124.02,150.84,46.021545
2024-01-05,S001-P0011,Furniture,63,103,124.58,150.84,58.578068
2024-01-06,S001-P0011,Furniture,35,130,109.87,150.84,52.96137
2024-01-07,S001-P0011,Furniture,18,222,129.5,150.84,33.285122
2024-01-08,S001-P0011,Furniture,72,204,144.87,150.84,35.47844
2024-01-09,S001-P0011,Furniture,84,154,159.29,150.84,64.243164
2024-01-10,S001-P0011,Furniture,43,246,136.59,150.84,64.75313
2024-01-11,S001-P0011,Furniture,128,210,152.51,150.84,85.81852
2024-01-12,S001-P0011,Furniture,58,133,144.73,150.84,75.494255
2024-01-13,S001-P0011,Furniture,183,337,191.71,150.84,109.3198
2024-01-14,S001-P0011,Furniture,81,190,166.0,150.84,67.263435
2024-01-15,S001-P0011,Furniture,76,391,138.8,150.84,97.22395
2024-01-16,S001-P0011,Furniture,50,313,133.22,150.84,64.180855
2024-01-17,S001-P0011,Furniture,94,277,130.22,150.84,99.323875
2024-01-18,S001-P0011,Furniture,86,219,151.86,150.84,79.88215
2024-01-19,S001-P0011,Furniture,69,339,159.24,150.84,66.38624
2024-01-20,S001-P0011,Furniture,114,295,146.18,150.84,109.08703
2024-01-21,S001-P0011,Furniture,68,201,166.55,150.84,75.119316
2024-01-22,S001-P0011,Furniture,100,402,159.25,150.84,79.807365
2024-01-23,S001-P0011,Furniture,145,324,192.51,150.84,64.180855
2024-01-24,S001-P0011,Furniture,40,162,134.63,150.84,75.14257
2024-01-25,S001-P0011,Furniture,92,430,172.65,150.84,80.55112
2024-01-26,S001-P0011,Furniture,106,356,170.78,150.84,75.58978
2024-01-27,S001-P0011,Furniture,79,243,156.51,150.84,64.74929
2024-01-28,S001-P0011,Furniture,95,192,183.39,150.84,75.119316
2024-01-29,S001-P0011,Furniture,65,249,148.68,150.84,72.86631
2024-01-30,S001-P0011,Furniture,44,204,144.42,150.84,64.243164
2023-10-03,S001-P0012,Groceries,215,197,90.7,81.95,149.01428
2023-10-04,S001-P0012,Groceries,119,358,93.27,81.95,116.96319
2023-10-05,S001-P0012,Groceries,101,278,79.29,81.95,98.63816
2023-10-06,S001-P0012,Groceries,104,170,80.28,81.95,115.53213
2023-10-07,S001-P0012,Groceries,83,272,74.58,81.95,66.919014
2023-10-08,S001-P0012,Groceries,49,222,69.28,81.95,77.35314
2023-10-09,S001-P0012,Groceries,64,191,73.57,81.95,74.06897
2023-10-10,S001-P0012,Groceries,94,151,72.97,81.95,87.0832
2023-10-11,S001-P0012,Groceries,29,165,57.44,81.95,82.169945
2023-10-12,S001-P0012,Groceries,103,353,67.38,81.95,87.898224
2023-10-13,S001-P0012,Groceries,78,282,69.23,81.95,86.41371
2023-10-14,S001-P0012,Groceries,98,229,65.32,81.95,87.72381
2023-10-15,S001-P0012,Groceries,46,157,64.93,81.95,70.5238
2023-10-16,S001-P0012,Groceries,94,306,81.82,81.95,67.08568
2023-10-17,S001-P0012,Groceries,76,193,72.78,81.95,81.996796
2023-10-18,S001-P0012,Groceries,80,127,61.49,81.95,87.60575
2023-10-19,S001-P0012,Groceries,79,194,69.71,81.95,83.02097
2023-10-20,S001-P0012,Groceries,77,112,68.8,81.95,106.41346
2023-10-21,S001-P0012,Groceries,141,231,80.37,81.95,107.16847
2023-10-22,S001-P0012,Groceries,77,82,77.1,81.95,77.35314
2023-10-23,S001-P0012,Groceries,61,317,76.58,81.95,74.06897
2023-10-24,S001-P0012,Groceries,83,247,82.74,81.95,66.1401
2023-10-25,S001-P0012,Groceries,124,178,75.78,81.95,149.67056
2023-10-26,S001-P0012,Groceries,120,242,88.78,81.95,114.07285
2023-10-27,S001-P0012,Groceries,96,156,78.13,81.95,126.88249
2023-10-28,S001-P0012,Groceries,106,298,84.87,81.95,127.58831
2023-10-29,S001-P0012,Groceries,195,201,109.23,81.95,126.85177
2023-10-30,S001-P0012,Groceries,144,64,85.88,81.95,103.39387
2023-10-31,S001-P0012,Groceries,71,353,79.29,81.95,104.1071
2023-11-01,S001-P0012,Groceries,164,293,90.25,81.95,137.80423
2023-11-02,S001-P0012,Groceries,115,121,83.18,81.95,126.74511
2023-11-03,S001-P0012,Groceries,103,406,75.31,81.95,136.02728
2023-11-04,S001-P0012,Groceries,156,332,103.78,81.95,96.09876
2023-11-05,S001-P0012,Groceries,107,159,85.15,81.95,97.03518
2023-11-06,S001-P0012,Groceries,123,407,89.48,81.95,95.706924
2023-11-07,S001-P0012,Groceries,133,290,92.22,81.95,95.06923
2023-11-08,S001-P0012,Groceries,133,133,92.36,81.95,125.739395
2023-11-09,S001-P0012,Groceries,148,291,91.28,81.95,137.84375
2023-11-10,S001-P0012,Groceries,172,164,82.5,81.95,134.96617
2023-11-11,S001-P0012,Groceries,100,351,74.9,81.95,97.38857
2023-11-12,S001-P0012,Groceries,130,267,86.84,81.95,101.17533
2023-11-13,S001-P0012,Groceries,85,148,71.18,81.95,110.68244
2023-11-14,S001-P0012,Groceries,76,327,60.53,81.95,137.3647
2023-11-15,S001-P0012,Groceries,129,259,91.33,81.95,96.73912
2023-11-16,S001-P0012,Groceries,173,149,103.18,81.95,111.58967
2023-11-17,S001-P0012,Groceries,148,232,91.25,81.95,95.29699
2023-11-18,S001-P0012,Groceries,155,418,78.61,81.95,133.55206
2023-11-19,S001-P0012,Groceries,193,308,92.43,81.95,168.27266
2023-11-20,S001-P0012,Groceries,127,125,95.37,81.95,96.834946
2023-11-21,S001-P0012,Groceries,97,450,78.3,81.95,125.25667
2023-11-22,S001-P0012,Groceries,59,372,75.77,81.95,112.99091
2023-11-23,S001-P0012,Groceries,142,313,80.56,81.95,137.76218
2023-11-24,S001-P0012,Groceries,159,206,94.13,81.95,153.66173
2023-11-25,S001-P0012,Groceries,169,410,96.7,81.95,94.94858
2023-11-26,S001-P0012,Groceries,145,294,90.55,81.95,169.42603
2023-11-27,S001-P0012,Groceries,92,555,81.05,81.95,124.91797
2023-11-28,S001-P0012,Groceries,117,483,92.52,81.95,98.76793
2023-11-29,S001-P0012,Groceries,137,379,93.47,81.95,126.573326
2023-11-30,S001-P0012,Groceries,117,250,88.05,81.95,111.007744
2023-12-01,S001-P0012,Groceries,67,140,70.7,81.95,127.73158
2023-12-02,S001-P0012,Groceries,137,334,84.12,81.95,154.10068
2023-12-03,S001-P0012,Groceries,162,212,85.21,81.95,152.22018
2023-12-04,S001-P0012,Groceries,146,396,101.07,81.95,116.01506
2023-12-05,S001-P0012,Groceries,34,225,61.93,81.95,118.21987
2023-12-06,S001-P0012,Groceries,118,203,88.17,81.95,130.65085
2023-12-07,S001-P0012,Groceries,176,78,104.12,81.95,114.89143
2023-12-08,S001-P0012,Groceries,153,220,97.7,81.95,116.72318
2023-12-09,S001-P0012,Groceries,159,522,94.16,81.95,134.81589
2023-12-10,S001-P0012,Groceries,169,346,92.05,81.95,132.4263
2023-12-11,S001-P0012,Groceries,116,166,65.81,81.95,129.47266
2023-12-12,S001-P0012,Groceries,89,344,72.29,81.95,128.93745
2023-12-13,S001-P0012,Groceries,107,266,89.74,81.95,130.65085
2023-12-14,S001-P0012,Groceries,94,173,77.48,81.95,125.77936
2023-12-15,S001-P0012,Groceries,124,305,80.35,81.95,131.61633
2023-12-16,S001-P0012,Groceries,112,208,91.13,81.95,119.2841
2023-12-17,S001-P0012,Groceries,170,355,96.94,81.95,153.70685
2023-12-18,S001-P0012,Groceries,170,252,92.18,81.95,115.24291
2023-12-19,S001-P0012,Groceries,239,440,108.5,81.95,165.22873
2023-12-20,S001-P0012,Groceries,98,232,78.63,81.95,102.37238
2023-12-21,S001-P0012,Groceries,49,713,65.6,81.95,125.19306
2023-12-22,S001-P0012,Groceries,141,669,89.66,81.95,168.15154
2023-12-23,S001-P0012,Groceries,83,550,74.66,81.95,101.65456
2023-12-24,S001-P0012,Groceries,140,486,94.34,81.95,128.07448
2023-12-25,S001-P0012,Groceries,112,328,78.06,81.95,131.39694
2023-12-26,S001-P0012,Groceries,109,199,81.53,81.95,101.342155
2023-12-27,S001-P0012,Groceries,50,120,62.65,81.95,70.0965
2023-12-28,S001-P0012,Groceries,111,255,86.22,81.95,89.86169
2023-12-29,S001-P0012,Groceries,86,186,75.61,81.95,88.306755
2023-12-30,S001-P0012,Groceries,28,282,57.28,81.95,70.11908
2023-12-31,S001-P0012,Groceries,43,251,67.86,81.95,81.083244
2024-01-01,S001-P0012,Groceries,15,212,63.12,81.95,80.38616
2024-01-02,S001-P0012,Groceries,50,196,66.26,81.95,79.506874
2024-01-03,S001-P0012,Groceries,113,144,82.56,81.95,79.368576
2024-01-04,S001-P0012,Groceries,40,13,67.01,81.95,72.60325
2024-01-05,S001-P0012,Groceries,63,260,69.53,81.95,89.758156
2024-01-06,S001-P0012,Groceries,122,217,84.82,81.95,79.92566
2024-01-07,S001-P0012,Groceries,108,127,81.01,81.95,95.83604
2024-01-08,S001-P0012,Groceries,43,267,71.18,81.95,80.38616
2024-01-09,S001-P0012,Groceries,185,239,80.01,81.95,132.54515
2024-01-10,S001-P0012,Groceries,58,38,71.73,81.95,100.38752
2024-01-11,S001-P0012,Groceries,133,304,72.86,81.95,131.64073
2024-01-12,S001-P0012,Groceries,169,166,96.9,81.95,154.2431
2024-01-13,S001-P0012,Groceries,117,359,69.37,81.95,163.31009
2024-01-14,S001-P0012,Groceries,117,277,88.01,81.95,100.25315
2024-01-15,S001-P0012,Groceries,54,149,67.16,81.95,113.35612
2024-01-16,S001-P0012,Groceries,87,289,79.63,81.95,99.555534
2024-01-17,S001-P0012,Groceries,127,197,81.25,81.95,151.57672
2024-01-18,S001-P0012,Groceries,75,54,65.04,81.95,162.96562
2024-01-19,S001-P0012,Groceries,100,286,83.37,81.95,99.95129
2024-01-20,S001-P0012,Groceries,139,184,98.81,81.95,128.22177
2024-01-21,S001-P0012,Groceries,154,80,103.34,81.95,116.420944
2024-01-22,S001-P0012,Groceries,69,255,62.94,81.95,160.82587
2024-01-23,S001-P0012,Groceries,121,544,75.62,81.95,134.0119
2024-01-24,S001-P0012,Groceries,126,415,95.33,81.95,115.24621
2024-01-25,S001-P0012,Groceries,112,298,77.87,81.95,163.62225
2024-01-26,S001-P0012,Groceries,125,228,90.14,81.95,115.657684
2024-01-27,S001-P0012,Groceries,159,373,94.57,81.95,99.92097
2024-01-28,S001-P0012,Groceries,65,199,69.97,81.95,114.13834
2024-01-29,S001-P0012,Groceries,174,505,103.5,81.95,113.35612
2024-01-30,S001-P0012,Groceries,86,396,83.66,81.95,100.09882
2023-10-03,S001-P0013,Toys,106,136,27.24,30.62,125.36918
2023-10-04,S001-P0013,Toys,84,100,30.46,30.62,95.00192
2023-10-05,S001-P0013,Toys,86,115,30.62,30.62,81.582794
2023-10-06,S001-P0013,Toys,71,148,30.54,30.62,96.55115
2023-10-07,S001-P0013,Toys,31,90,23.49,30.62,28.722912
2023-10-08,S001-P0013,Toys,21,120,23.75,30.62,36.854527
2023-10-09,S001-P0013,Toys,41,97,28.64,30.62,34.781815
2023-10-10,S001-P0013,Toys,47,111,24.93,30.62,40.73258
2023-10-11,S001-P0013,Toys,14,62,22.95,30.62,37.81322
2023-10-12,S001-P0013,Toys,28,102,23.21,30.62,42.825672
2023-10-13,S001-P0013,Toys,23,71,22.69,30.62,29.152369
2023-10-14,S001-P0013,Toys,12,103,22.86,30.62,29.141764
2023-10-15,S001-P0013,Toys,33,95,23.72,30.62,33.44885
2023-10-16,S001-P0013,Toys,48,108,26.58,30.62,42.398277
2023-10-17,S001-P0013,Toys,35,111,22.4,30.62,56.755424
2023-10-18,S001-P0013,Toys,51,75,28.35,30.62,29.738358
2023-10-19,S001-P0013,Toys,70,76,28.86,30.62,37.94286
2023-10-20,S001-P0013,Toys,18,76,22.09,30.62,57.97555
2023-10-21,S001-P0013,Toys,44,114,29.01,30.62,39.591434
2023-10-22,S001-P0013,Toys,69,75,27.21,30.62,51.84422
2023-10-23,S001-P0013,Toys,15,98,21.96,30.62,48.61729
2023-10-24,S001-P0013,Toys,10,84,23.85,30.62,27.353312
2023-10-25,S001-P0013,Toys,102,74,27.24,30.62,125.044685
2023-10-26,S001-P0013,Toys,118,114,37.72,30.62,93.00103
2023-10-27,S001-P0013,Toys,91,121,31.19,30.62,106.02152
2023-10-28,S001-P0013,Toys,56,117,28.86,30.62,103.77769
2023-10-29,S001-P0013,Toys,25,111,24.11,30.62,106.644966
2023-10-30,S001-P0013,Toys,131,86,37.27,30.62,85.33462
2023-10-31,S001-P0013,Toys,92,147,31.21,30.62,84.44034
2023-11-01,S001-P0013,Toys,121,173,30.73,30.62,119.03628
2023-11-02,S001-P0013,Toys,93,177,31.23,30.62,104.05473
2023-11-03,S001-P0013,Toys,104,85,32.56,30.62,89.659996
2023-11-04,S001-P0013,Toys,110,124,33.12,30.62,82.05126
2023-11-05,S001-P0013,Toys,103,118,30.66,30.62,111.86656
2023-11-06,S001-P0013,Toys,76,143,32.76,30.62,82.12103
2023-11-07,S001-P0013,Toys,85,83,32.16,30.62,81.50805
2023-11-08,S001-P0013,Toys,153,109,31.3,30.62,143.4651
2023-11-09,S001-P0013,Toys,60,138,26.41,30.62,84.6081
2023-11-10,S001-P0013,Toys,69,77,30.33,30.62,90.23647
2023-11-11,S001-P0013,Toys,86,65,33.95,30.62,88.109215
2023-11-12,S001-P0013,Toys,49,81,26.76,30.62,89.5523
2023-11-13,S001-P0013,Toys,61,102,27.92,30.62,95.15541
2023-11-14,S001-P0013,Toys,114,124,30.07,30.62,118.11677
2023-11-15,S001-P0013,Toys,79,105,31.44,30.62,82.54196
2023-11-16,S001-P0013,Toys,115,93,33.62,30.62,130.90656
2023-11-17,S001-P0013,Toys,46,105,26.3,30.62,83.72573
2023-11-18,S001-P0013,Toys,59,113,23.36,30.62,109.73682
2023-11-19,S001-P0013,Toys,39,113,25.7,30.62,106.92054
2023-11-20,S001-P0013,Toys,91,76,29.52,30.62,117.34223
2023-11-21,S001-P0013,Toys,61,99,25.06,30.62,143.31827
2023-11-22,S001-P0013,Toys,101,112,35.67,30.62,99.81892
2023-11-23,S001-P0013,Toys,102,128,26.82,30.62,117.206406
2023-11-24,S001-P0013,Toys,53,124,28.54,30.62,99.12449
2023-11-25,S001-P0013,Toys,33,75,22.18,30.62,109.73682
2023-11-26,S001-P0013,Toys,68,96,28.69,30.62,106.22498
2023-11-27,S001-P0013,Toys,133,99,39.43,30.62,105.6466
2023-11-28,S001-P0013,Toys,126,125,36.62,30.62,87.39936
2023-11-29,S001-P0013,Toys,94,147,33.11,30.62,109.55331
2023-11-30,S001-P0013,Toys,73,163,30.84,30.62,96.31742
2023-12-01,S001-P0013,Toys,65,76,23.94,30.62,137.82066
2023-12-02,S001-P0013,Toys,161,72,34.19,30.62,123.90272
2023-12-03,S001-P0013,Toys,115,169,33.73,30.62,95.74725
2023-12-04,S001-P0013,Toys,134,166,33.61,30.62,127.68047
2023-12-05,S001-P0013,Toys,45,177,24.81,30.62,124.145454
2023-12-06,S001-P0013,Toys,136,135,28.37,30.62,136.84718
2023-12-07,S001-P0013,Toys,83,178,30.18,30.62,93.478264
2023-12-08,S001-P0013,Toys,103,92,34.12,30.62,96.1083
2023-12-09,S001-P0013,Toys,45,127,26.18,30.62,82.78145
2023-12-10,S001-P0013,Toys,101,100,32.17,30.62,84.77203
2023-12-11,S001-P0013,Toys,100,107,33.78,30.62,85.59321
2023-12-12,S001-P0013,Toys,65,95,31.47,30.62,103.74581
2023-12-13,S001-P0013,Toys,77,121,28.1,30.62,136.63141
2023-12-14,S001-P0013,Toys,100,107,32.13,30.62,101.753845
2023-12-15,S001-P0013,Toys,122,156,34.4,30.62,85.042305
2023-12-16,S001-P0013,Toys,65,150,28.4,30.62,94.65142
2023-12-17,S001-P0013,Toys,146,93,36.8,30.62,128.33223
2023-12-18,S001-P0013,Toys,83,137,31.94,30.62,96.33318
2023-12-19,S001-P0013,Toys,143,136,36.64,30.62,102.49795
2023-12-20,S001-P0013,Toys,128,125,31.04,30.62,112.402016
2023-12-21,S001-P0013,Toys,108,126,34.72,30.62,101.753845
2023-12-22,S001-P0013,Toys,123,139,29.07,30.62,137.82066
2023-12-23,S001-P0013,Toys,54,148,28.72,30.62,82.99514
2023-12-24,S001-P0013,Toys,161,113,38.47,30.62,105.471504
2023-12-25,S001-P0013,Toys,115,195,35.47,30.62,84.926094
2023-12-26,S001-P0013,Toys,75,93,32.6,30.62,82.97297
2023-12-27,S001-P0013,Toys,44,114,21.77,30.62,40.754642
2023-12-28,S001-P0013,Toys,30,73,27.37,30.62,36.661137
2023-12-29,S001-P0013,Toys,28,105,25.84,30.62,37.043514
2023-12-30,S001-P0013,Toys,13,84,25.4,30.62,28.300707
2023-12-31,S001-P0013,Toys,42,75,25.89,30.62,34.85459
2024-01-01,S001-P0013,Toys,21,97,23.79,30.62,33.28938
2024-01-02,S001-P0013,Toys,16,72,20.8,30.62,49.11171
2024-01-03,S001-P0013,Toys,47,110,25.1,30.62,32.79738
2024-01-04,S001-P0013,Toys,23,79,22.7,30.62,26.175755
2024-01-05,S001-P0013,Toys,16,114,20.8,30.62,56.187664
2024-01-06,S001-P0013,Toys,34,95,27.91,30.62,34.03067
2024-01-07,S001-P0013,Toys,28,113,21.74,30.62,40.101086
2024-01-08,S001-P0013,Toys,25,84,24.17,30.62,33.28938
2024-01-09,S001-P0013,Toys,129,109,29.21,30.62,110.73895
2024-01-10,S001-P0013,Toys,163,146,36.65,30.62,110.262314
2024-01-11,S001-P0013,Toys,74,175,30.87,30.62,80.99589
2024-01-12,S001-P0013,Toys,36,94,24.02,30.62,93.37214
2024-01-13,S001-P0013,Toys,138,102,37.95,30.62,103.22488
2024-01-14,S001-P0013,Toys,63,118,28.17,30.62,85.02915
2024-01-15,S001-P0013,Toys,77,141,31.26,30.62,93.44512
2024-01-16,S001-P0013,Toys,152,76,31.22,30.62,110.73895
2024-01-17,S001-P0013,Toys,135,153,33.9,30.62,125.544075
2024-01-18,S001-P0013,Toys,61,162,27.88,30.62,100.84605
2024-01-19,S001-P0013,Toys,105,125,32.67,30.62,85.33023
2024-01-20,S001-P0013,Toys,120,146,32.4,30.62,101.22271
2024-01-21,S001-P0013,Toys,132,168,39.25,30.62,95.7869
2024-01-22,S001-P0013,Toys,91,185,29.56,30.62,102.3582
2024-01-23,S001-P0013,Toys,99,117,26.94,30.62,110.030075
2024-01-24,S001-P0013,Toys,84,168,33.73,30.62,94.30359
2024-01-25,S001-P0013,Toys,174,98,39.74,30.62,135.66586
2024-01-26,S001-P0013,Toys,104,200,30.78,30.62,93.37214
2024-01-27,S001-P0013,Toys,69,101,22.75,30.62,110.447975
2024-01-28,S001-P0013,Toys,57,92,27.54,30.62,94.29392
2024-01-29,S001-P0013,Toys,109,93,33.06,30.62,93.44512
2024-01-30,S001-P0013,Toys,116,91,33.76,30.62,82.34668
2023-10-03,S001-P0014,Groceries,126,676,83.86,72.255,116.017815
2023-10-04,S001-P0014,Groceries,86,586,66.38,72.255,116.75449
2023-10-05,S001-P0014,Groceries,28,490,53.07,72.255,98.63816
2023-10-06,S001-P0014,Groceries,39,460,55.71,72.255,115.53213
2023-10-07,S001-P0014,Groceries,70,422,62.67,72.255,66.919014
2023-10-08,S001-P0014,Groceries,82,370,51.75,72.255,97.51737
2023-10-09,S001-P0014,Groceries,211,279,75.06,72.255,96.51745
2023-10-10,S001-P0014,Groceries,42,57,56.31,72.255,66.781654
2023-10-11,S001-P0014,Groceries,143,26,75.29,72.255,107.67489
2023-10-12,S001-P0014,Groceries,75,532,60.3,72.255,87.5528
2023-10-13,S001-P0014,Groceries,71,479,66.4,72.255,68.17648
2023-10-14,S001-P0014,Groceries,69,425,58.92,72.255,87.28748
2023-10-15,S001-P0014,Groceries,103,382,55.55,72.255,88.45475
2023-10-16,S001-P0014,Groceries,56,276,62.86,72.255,67.08568
2023-10-17,S001-P0014,Groceries,86,240,62.88,72.255,107.37818
2023-10-18,S001-P0014,Groceries,116,492,61.03,72.255,87.60575
2023-10-19,S001-P0014,Groceries,139,374,65.25,72.255,106.42697
2023-10-20,S001-P0014,Groceries,93,228,71.7,72.255,83.51425
2023-10-21,S001-P0014,Groceries,101,160,66.16,72.255,81.85404
2023-10-22,S001-P0014,Groceries,70,480,59.17,72.255,97.78057
2023-10-23,S001-P0014,Groceries,80,435,68.44,72.255,74.14537
2023-10-24,S001-P0014,Groceries,27,383,50.13,72.255,66.43104
2023-10-25,S001-P0014,Groceries,91,357,64.1,72.255,116.63474
2023-10-26,S001-P0014,Groceries,144,279,75.51,72.255,114.80181
2023-10-27,S001-P0014,Groceries,21,160,57.13,72.255,127.42753
2023-10-28,S001-P0014,Groceries,165,146,80.06,72.255,127.44107
2023-10-29,S001-P0014,Groceries,113,427,72.57,72.255,126.85177
2023-10-30,S001-P0014,Groceries,113,356,76.38,72.255,103.21999
2023-10-31,S001-P0014,Groceries,116,674,69.37,72.255,104.00095
2023-11-01,S001-P0014,Groceries,138,546,78.12,72.255,98.08181
2023-11-02,S001-P0014,Groceries,194,433,80.87,72.255,171.71448
2023-11-03,S001-P0014,Groceries,83,218,55.46,72.255,134.96617
2023-11-04,S001-P0014,Groceries,84,137,54.87,72.255,133.51515
2023-11-05,S001-P0014,Groceries,84,701,54.94,72.255,131.88976
2023-11-06,S001-P0014,Groceries,102,607,66.48,72.255,95.7427
2023-11-07,S001-P0014,Groceries,98,513,72.75,72.255,95.06923
2023-11-08,S001-P0014,Groceries,101,437,69.7,72.255,170.97418
2023-11-09,S001-P0014,Groceries,71,362,62.82,72.255,96.58895
2023-11-10,S001-P0014,Groceries,132,292,64.02,72.255,134.05754
2023-11-11,S001-P0014,Groceries,173,171,76.46,72.255,137.14053
2023-11-12,S001-P0014,Groceries,112,23,60.09,72.255,134.0465
2023-11-13,S001-P0014,Groceries,140,348,78.64,72.255,110.68244
2023-11-14,S001-P0014,Groceries,153,816,67.92,72.255,137.3647
2023-11-15,S001-P0014,Groceries,145,700,67.33,72.255,134.28677
2023-11-16,S001-P0014,Groceries,86,574,69.96,72.255,111.58967
2023-11-17,S001-P0014,Groceries,75,495,70.82,72.255,98.049126
2023-11-18,S001-P0014,Groceries,135,430,81.78,72.255,96.09876
2023-11-19,S001-P0014,Groceries,112,279,72.34,72.255,128.83136
2023-11-20,S001-P0014,Groceries,111,155,75.93,72.255,96.45335
2023-11-21,S001-P0014,Groceries,94,390,64.73,72.255,125.045204
2023-11-22,S001-P0014,Groceries,74,310,67.17,72.255,112.25645
2023-11-23,S001-P0014,Groceries,127,239,84.06,72.255,97.27298
2023-11-24,S001-P0014,Groceries,150,151,81.19,72.255,114.42533
2023-11-25,S001-P0014,Groceries,176,19,87.14,72.255,95.492424
2023-11-26,S001-P0014,Groceries,108,454,71.56,72.255,128.83136
2023-11-27,S001-P0014,Groceries,169,338,89.97,72.255,125.496925
2023-11-28,S001-P0014,Groceries,80,766,65.14,72.255,97.54896
2023-11-29,S001-P0014,Groceries,65,697,64.93,72.255,126.573326
2023-11-30,S001-P0014,Groceries,122,632,78.66,72.255,111.58967
2023-12-01,S001-P0014,Groceries,105,509,74.56,72.255,129.14438
2023-12-02,S001-P0014,Groceries,83,418,72.83,72.255,119.2841
2023-12-03,S001-P0014,Groceries,113,331,61.22,72.255,150.79337
2023-12-04,S001-P0014,Groceries,5,203,47.92,72.255,115.58485
2023-12-05,S001-P0014,Groceries,85,199,66.32,72.255,118.21987
2023-12-06,S001-P0014,Groceries,78,510,68.01,72.255,130.2271
2023-12-07,S001-P0014,Groceries,59,446,57.21,72.255,114.59678
2023-12-08,S001-P0014,Groceries,140,384,83.03,72.255,116.72318
2023-12-09,S001-P0014,Groceries,123,262,59.08,72.255,133.37129
2023-12-10,S001-P0014,Groceries,196,171,86.33,72.255,130.85873
2023-12-11,S001-P0014,Groceries,91,475,56.24,72.255,129.47266
2023-12-12,S001-P0014,Groceries,73,417,60.05,72.255,166.58563
2023-12-13,S001-P0014,Groceries,139,956,78.55,72.255,130.2271
2023-12-14,S001-P0014,Groceries,186,806,79.88,72.255,161.50494
2023-12-15,S001-P0014,Groceries,100,593,69.52,72.255,98.155266
2023-12-16,S001-P0014,Groceries,140,522,74.7,72.255,154.10068
2023-12-17,S001-P0014,Groceries,104,425,70.29,72.255,113.95844
2023-12-18,S001-P0014,Groceries,115,336,76.91,72.255,115.58485
2023-12-19,S001-P0014,Groceries,148,202,80.71,72.255,129.36119
2023-12-20,S001-P0014,Groceries,133,97,85.43,72.255,102.555305
2023-12-21,S001-P0014,Groceries,175,395,77.63,72.255,161.50494
2023-12-22,S001-P0014,Groceries,75,265,64.04,72.255,127.73158
2023-12-23,S001-P0014,Groceries,133,214,73.12,72.255,134.81589
2023-12-24,S001-P0014,Groceries,120,675,74.08,72.255,167.27824
2023-12-25,S001-P0014,Groceries,77,533,67.76,72.255,102.44405
2023-12-26,S001-P0014,Groceries,109,452,75.56,72.255,101.342155
2023-12-27,S001-P0014,Groceries,45,368,54.11,72.255,70.0965
2023-12-28,S001-P0014,Groceries,73,317,66.93,72.255,89.07898
2023-12-29,S001-P0014,Groceries,127,248,79.78,72.255,88.306755
2023-12-30,S001-P0014,Groceries,75,98,63.86,72.255,70.40169
2023-12-31,S001-P0014,Groceries,78,35,67.93,72.255,81.083244
2024-01-01,S001-P0014,Groceries,53,334,55.75,72.255,104.76862
2024-01-02,S001-P0014,Groceries,104,290,78.28,72.255,80.60441
2024-01-03,S001-P0014,Groceries,78,226,68.03,72.255,80.51414
2024-01-04,S001-P0014,Groceries,39,173,55.71,72.255,71.68841
2024-01-05,S001-P0014,Groceries,111,506,60.03,72.255,114.61344
2024-01-06,S001-P0014,Groceries,65,421,61.53,72.255,79.211586
2024-01-07,S001-P0014,Groceries,109,345,71.76,72.255,72.96379
2024-01-08,S001-P0014,Groceries,98,247,72.92,72.255,79.268486
2024-01-09,S001-P0014,Groceries,108,176,56.45,72.255,132.54515
2024-01-10,S001-P0014,Groceries,134,415,73.44,72.255,100.15665
2024-01-11,S001-P0014,Groceries,55,287,62.47,72.255,99.39626
2024-01-12,S001-P0014,Groceries,171,240,81.38,72.255,114.75655
2024-01-13,S001-P0014,Groceries,91,410,71.28,72.255,127.096016
2024-01-14,S001-P0014,Groceries,119,313,77.97,72.255,101.34939
2024-01-15,S001-P0014,Groceries,105,650,70.53,72.255,112.945366
2024-01-16,S001-P0014,Groceries,76,533,56.99,72.255,133.06555
2024-01-17,S001-P0014,Groceries,52,452,61.86,72.255,115.24621
2024-01-18,S001-P0014,Groceries,169,398,70.92,72.255,161.70575
2024-01-19,S001-P0014,Groceries,109,287,59.56,72.255,131.72623
2024-01-20,S001-P0014,Groceries,186,219,74.22,72.255,163.31009
2024-01-21,S001-P0014,Groceries,128,612,60.03,72.255,150.48882
2024-01-22,S001-P0014,Groceries,193,524,86.07,72.255,163.62213
2024-01-23,S001-P0014,Groceries,86,362,73.71,72.255,100.09882
2024-01-24,S001-P0014,Groceries,172,290,86.18,72.255,114.704445
2024-01-25,S001-P0014,Groceries,67,693,58.86,72.255,122.03487
2024-01-26,S001-P0014,Groceries,116,636,77.16,72.255,116.94924
2024-01-27,S001-P0014,Groceries,178,518,73.74,72.255,133.96085
2024-01-28,S001-P0014,Groceries,59,342,63.59,72.255,115.07959
2024-01-29,S001-P0014,Groceries,77,287,64.29,72.255,112.945366
2024-01-30,S001-P0014,Groceries,86,660,69.99,72.255,100.09882
2023-10-03,S001-P0015,Toys,129,143,16.93,14.895,93.812614
2023-10-04,S001-P0015,Toys,100,153,15.5,14.895,94.92727
2023-10-05,S001-P0015,Toys,87,156,15.62,14.895,81.582794
2023-10-06,S001-P0015,Toys,104,101,14.91,14.895,126.719826
2023-10-07,S001-P0015,Toys,76,117,14.25,14.895,41.742783
2023-10-08,S001-P0015,Toys,9,156,8.59,14.895,52.824276
2023-10-09,S001-P0015,Toys,87,149,14.8,14.895,48.61729
2023-10-10,S001-P0015,Toys,61,173,12.84,14.895,28.768234
2023-10-11,S001-P0015,Toys,41,107,11.86,14.895,37.81322
2023-10-12,S001-P0015,Toys,29,69,11.28,14.895,30.33499
2023-10-13,S001-P0015,Toys,39,100,13.74,14.895,30.307646
2023-10-14,S001-P0015,Toys,27,117,11.76,14.895,28.722912
2023-10-15,S001-P0015,Toys,39,87,11.01,14.895,47.14554
2023-10-16,S001-P0015,Toys,9,96,12.05,14.895,31.756338
2023-10-17,S001-P0015,Toys,67,88,14.56,14.895,38.986813
2023-10-18,S001-P0015,Toys,29,107,12.55,14.895,30.695581
2023-10-19,S001-P0015,Toys,29,76,12.51,14.895,39.514988
2023-10-20,S001-P0015,Toys,33,106,11.49,14.895,38.389698
2023-10-21,S001-P0015,Toys,4,72,11.79,14.895,39.591434
2023-10-22,S001-P0015,Toys,17,68,8.93,14.895,52.824276
2023-10-23,S001-P0015,Toys,26,107,11.77,14.895,34.12994
2023-10-24,S001-P0015,Toys,37,84,9.71,14.895,43.12657
2023-10-25,S001-P0015,Toys,38,105,12.34,14.895,94.92727
2023-10-26,S001-P0015,Toys,119,74,13.69,14.895,124.14376
2023-10-27,S001-P0015,Toys,66,139,13.07,14.895,106.41425
2023-10-28,S001-P0015,Toys,195,79,18.22,14.895,137.82394
2023-10-29,S001-P0015,Toys,102,170,16.46,14.895,106.14077
2023-10-30,S001-P0015,Toys,141,53,18.53,14.895,85.33462
2023-10-31,S001-P0015,Toys,38,132,13.01,14.895,85.03343
2023-11-01,S001-P0015,Toys,59,99,12.01,14.895,119.03628
2023-11-02,S001-P0015,Toys,72,114,12.48,14.895,142.43071
2023-11-03,S001-P0015,Toys,33,106,12.1,14.895,89.659996
2023-11-04,S001-P0015,Toys,112,71,15.29,14.895,81.811806
2023-11-05,S001-P0015,Toys,92,101,15.11,14.895,84.26453
2023-11-06,S001-P0015,Toys,89,109,14.94,14.895,81.36379
2023-11-07,S001-P0015,Toys,143,138,19.65,14.895,81.95902
2023-11-08,S001-P0015,Toys,159,143,18.52,14.895,108.58355
2023-11-09,S001-P0015,Toys,94,129,16.01,14.895,85.17245
2023-11-10,S001-P0015,Toys,77,146,15.9,14.895,90.23647
2023-11-11,S001-P0015,Toys,129,95,14.11,14.895,117.947655
2023-11-12,S001-P0015,Toys,104,123,16.56,14.895,90.04139
2023-11-13,S001-P0015,Toys,66,119,15.29,14.895,96.732475
2023-11-14,S001-P0015,Toys,126,140,16.85,14.895,86.9981
2023-11-15,S001-P0015,Toys,84,157,14.68,14.895,82.54196
2023-11-16,S001-P0015,Toys,107,74,15.87,14.895,95.48185
2023-11-17,S001-P0015,Toys,64,96,15.19,14.895,84.56531
2023-11-18,S001-P0015,Toys,93,74,15.13,14.895,81.811806
2023-11-19,S001-P0015,Toys,166,99,20.94,14.895,107.91334
2023-11-20,S001-P0015,Toys,71,187,13.24,14.895,117.031075
2023-11-21,S001-P0015,Toys,142,143,15.67,14.895,142.92735
2023-11-22,S001-P0015,Toys,59,149,11.16,14.895,131.52649
2023-11-23,S001-P0015,Toys,144,102,16.82,14.895,118.12671
2023-11-24,S001-P0015,Toys,127,143,16.89,14.895,99.12449
2023-11-25,S001-P0015,Toys,59,164,13.37,14.895,81.811806
2023-11-26,S001-P0015,Toys,166,104,17.77,14.895,142.55008
2023-11-27,S001-P0015,Toys,137,163,13.75,14.895,142.28345
2023-11-28,S001-P0015,Toys,70,168,11.64,14.895,117.856926
2023-11-29,S001-P0015,Toys,128,112,16.07,14.895,107.64977
2023-11-30,S001-P0015,Toys,47,170,12.12,14.895,94.868645
2023-12-01,S001-P0015,Toys,82,137,14.56,14.895,105.2306
2023-12-02,S001-P0015,Toys,155,148,15.44,14.895,123.90272
2023-12-03,S001-P0015,Toys,96,171,14.52,14.895,128.33223
2023-12-04,S001-P0015,Toys,131,70,16.22,14.895,95.734825
2023-12-05,S001-P0015,Toys,52,130,14.48,14.895,95.07105
2023-12-06,S001-P0015,Toys,73,76,11.9,14.895,136.23051
2023-12-07,S001-P0015,Toys,54,59,13.88,14.895,93.25509
2023-12-08,S001-P0015,Toys,73,68,15.65,14.895,96.956406
2023-12-09,S001-P0015,Toys,65,70,13.72,14.895,82.78145
2023-12-10,S001-P0015,Toys,69,86,13.93,14.895,84.77203
2023-12-11,S001-P0015,Toys,86,108,14.03,14.895,84.7457
2023-12-12,S001-P0015,Toys,95,106,16.07,14.895,103.74581
2023-12-13,S001-P0015,Toys,31,112,9.96,14.895,136.84718
2023-12-14,S001-P0015,Toys,99,77,13.72,14.895,135.75702
2023-12-15,S001-P0015,Toys,49,106,13.62,14.895,85.042305
2023-12-16,S001-P0015,Toys,135,118,15.35,14.895,123.90272
2023-12-17,S001-P0015,Toys,71,117,11.68,14.895,126.95819
2023-12-18,S001-P0015,Toys,114,126,16.22,14.895,96.33318
2023-12-19,S001-P0015,Toys,150,171,18.06,14.895,102.49795
2023-12-20,S001-P0015,Toys,35,188,12.84,14.895,83.16685
2023-12-21,S001-P0015,Toys,106,163,15.0,14.895,101.616844
2023-12-22,S001-P0015,Toys,132,153,18.03,14.895,105.477776
2023-12-23,S001-P0015,Toys,122,209,18.44,14.895,83.54592
2023-12-24,S001-P0015,Toys,91,117,16.7,14.895,106.248146
2023-12-25,S001-P0015,Toys,104,122,14.92,14.895,115.05146
2023-12-26,S001-P0015,Toys,104,103,17.44,14.895,82.97297
2023-12-27,S001-P0015,Toys,58,116,12.69,14.895,40.818645
2023-12-28,S001-P0015,Toys,32,111,10.69,14.895,56.710575
2023-12-29,S001-P0015,Toys,41,76,13.87,14.895,37.910793
2023-12-30,S001-P0015,Toys,38,81,13.01,14.895,27.752201
2023-12-31,S001-P0015,Toys,63,102,14.34,14.895,35.25887
2024-01-01,S001-P0015,Toys,12,104,9.81,14.895,48.511604
2024-01-02,S001-P0015,Toys,18,90,11.94,14.895,33.57085
2024-01-03,S001-P0015,Toys,33,69,10.74,14.895,49.065784
2024-01-04,S001-P0015,Toys,10,90,10.9,14.895,26.175755
2024-01-05,S001-P0015,Toys,73,83,14.16,14.895,35.093838
2024-01-06,S001-P0015,Toys,46,109,13.46,14.895,34.03067
2024-01-07,S001-P0015,Toys,10,115,9.21,14.895,40.101086
2024-01-08,S001-P0015,Toys,16,109,11.81,14.895,33.949104
2024-01-09,S001-P0015,Toys,122,91,13.83,14.895,110.73895
2024-01-10,S001-P0015,Toys,89,128,16.55,14.895,83.69927
2024-01-11,S001-P0015,Toys,64,170,14.42,14.895,80.99589
2024-01-12,S001-P0015,Toys,138,95,14.72,14.895,123.629265
2024-01-13,S001-P0015,Toys,156,129,16.44,14.895,135.00706
2024-01-14,S001-P0015,Toys,108,157,17.67,14.895,85.5713
2024-01-15,S001-P0015,Toys,112,196,16.97,14.895,93.44512
2024-01-16,S001-P0015,Toys,97,94,17.05,14.895,82.78263
2024-01-17,S001-P0015,Toys,99,88,15.45,14.895,93.31336
2024-01-18,S001-P0015,Toys,74,109,14.2,14.895,100.7721
2024-01-19,S001-P0015,Toys,78,123,15.94,14.895,85.85134
2024-01-20,S001-P0015,Toys,181,105,16.54,14.895,134.83548
2024-01-21,S001-P0015,Toys,152,174,17.23,14.895,93.19372
2024-01-22,S001-P0015,Toys,83,150,16.23,14.895,103.597855
2024-01-23,S001-P0015,Toys,118,96,17.32,14.895,82.78263
2024-01-24,S001-P0015,Toys,90,110,15.78,14.895,93.31336
2024-01-25,S001-P0015,Toys,170,104,20.09,14.895,100.7721
2024-01-26,S001-P0015,Toys,148,149,14.94,14.895,123.24224
2024-01-27,S001-P0015,Toys,144,156,14.97,14.895,109.71466
2024-01-28,S001-P0015,Toys,80,155,14.46,14.895,125.80953
2024-01-29,S001-P0015,Toys,86,66,15.59,14.895,93.44512
2024-01-30,S001-P0015,Toys,83,80,13.88,14.895,82.14409
2023-10-03,S001-P0016,Groceries,108,402,40.07,38.36,116.017815
2023-10-04,S001-P0016,Groceries,129,283,36.41,38.36,149.42784
2023-10-05,S001-P0016,Groceries,160,687,44.26,38.36,130.30087
2023-10-06,S001-P0016,Groceries,136,505,32.77,38.36,149.85246
2023-10-07,S001-P0016,Groceries,129,390,40.56,38.36,87.41006
2023-10-08,S001-P0016,Groceries,33,295,32.05,38.36,77.44999
2023-10-09,S001-P0016,Groceries,102,257,31.09,38.36,96.51745
2023-10-10,S001-P0016,Groceries,64,468,30.99,38.36,67.169716
2023-10-11,S001-P0016,Groceries,102,416,39.35,38.36,81.80012
2023-10-12,S001-P0016,Groceries,87,320,37.39,38.36,68.134674
2023-10-13,S001-P0016,Groceries,78,235,32.4,38.36,86.41371
2023-10-14,S001-P0016,Groceries,61,160,32.22,38.36,66.919014
2023-10-15,S001-P0016,Groceries,95,119,38.39,38.36,70.44336
2023-10-16,S001-P0016,Groceries,77,279,36.11,38.36,67.143394
2023-10-17,S001-P0016,Groceries,31,201,28.66,38.36,81.68652
2023-10-18,S001-P0016,Groceries,63,169,30.73,38.36,87.23824
2023-10-19,S001-P0016,Groceries,110,315,38.3,38.36,82.688324
2023-10-20,S001-P0016,Groceries,120,229,39.47,38.36,83.19619
2023-10-21,S001-P0016,Groceries,94,86,40.29,38.36,81.71578
2023-10-22,S001-P0016,Groceries,54,307,33.22,38.36,77.35314
2023-10-23,S001-P0016,Groceries,84,273,31.17,38.36,96.49395
2023-10-24,S001-P0016,Groceries,63,178,36.07,38.36,66.1401
2023-10-25,S001-P0016,Groceries,155,109,46.14,38.36,116.96319
2023-10-26,S001-P0016,Groceries,167,224,47.6,38.36,114.32566
2023-10-27,S001-P0016,Groceries,146,91,47.36,38.36,127.42753
2023-10-28,S001-P0016,Groceries,152,396,41.1,38.36,163.35023
2023-10-29,S001-P0016,Groceries,72,265,35.42,38.36,127.44231
2023-10-30,S001-P0016,Groceries,83,710,36.87,38.36,103.21999
2023-10-31,S001-P0016,Groceries,105,646,41.75,38.36,104.1071
2023-11-01,S001-P0016,Groceries,144,570,38.03,38.36,137.80423
2023-11-02,S001-P0016,Groceries,122,457,37.66,38.36,126.436356
2023-11-03,S001-P0016,Groceries,137,367,41.44,38.36,137.18118
2023-11-04,S001-P0016,Groceries,129,258,40.65,38.36,95.492424
2023-11-05,S001-P0016,Groceries,172,110,38.59,38.36,132.87207
2023-11-06,S001-P0016,Groceries,84,359,33.28,38.36,95.7427
2023-11-07,S001-P0016,Groceries,123,269,39.81,38.36,94.573204
2023-11-08,S001-P0016,Groceries,102,714,39.34,38.36,126.573326
2023-11-09,S001-P0016,Groceries,91,640,28.42,38.36,138.31992
2023-11-10,S001-P0016,Groceries,69,566,33.22,38.36,99.668724
2023-11-11,S001-P0016,Groceries,65,517,32.82,38.36,98.220726
2023-11-12,S001-P0016,Groceries,133,472,38.77,38.36,135.99997
2023-11-13,S001-P0016,Groceries,114,351,34.45,38.36,152.94687
2023-11-14,S001-P0016,Groceries,93,226,36.2,38.36,97.12452
2023-11-15,S001-P0016,Groceries,92,116,40.1,38.36,96.73912
2023-11-16,S001-P0016,Groceries,52,333,34.64,38.36,111.58967
2023-11-17,S001-P0016,Groceries,173,299,45.86,38.36,134.53969
2023-11-18,S001-P0016,Groceries,101,130,37.22,38.36,95.492424
2023-11-19,S001-P0016,Groceries,179,40,44.29,38.36,169.42603
2023-11-20,S001-P0016,Groceries,88,620,35.5,38.36,96.492714
2023-11-21,S001-P0016,Groceries,249,558,55.1,38.36,170.38179
2023-11-22,S001-P0016,Groceries,83,391,38.8,38.36,112.99091
2023-11-23,S001-P0016,Groceries,121,300,35.2,38.36,137.88097
2023-11-24,S001-P0016,Groceries,104,931,39.56,38.36,114.42533
2023-11-25,S001-P0016,Groceries,125,816,40.0,38.36,94.94858
2023-11-26,S001-P0016,Groceries,97,670,34.8,38.36,128.03502
2023-11-27,S001-P0016,Groceries,108,595,36.03,38.36,124.67493
2023-11-28,S001-P0016,Groceries,139,475,44.02,38.36,98.76793
2023-11-29,S001-P0016,Groceries,117,386,39.19,38.36,125.739395
2023-11-30,S001-P0016,Groceries,87,306,39.3,38.36,111.58967
2023-12-01,S001-P0016,Groceries,145,228,35.38,38.36,163.69183
2023-12-02,S001-P0016,Groceries,85,457,39.05,38.36,119.2841
2023-12-03,S001-P0016,Groceries,205,358,46.98,38.36,152.22018
2023-12-04,S001-P0016,Groceries,103,119,33.54,38.36,149.77953
2023-12-05,S001-P0016,Groceries,225,18,49.26,38.36,151.718
2023-12-06,S001-P0016,Groceries,100,670,37.06,38.36,130.2271
2023-12-07,S001-P0016,Groceries,235,552,47.48,38.36,148.4749
2023-12-08,S001-P0016,Groceries,88,934,31.58,38.36,151.70412
2023-12-09,S001-P0016,Groceries,132,867,40.97,38.36,101.77735
2023-12-10,S001-P0016,Groceries,68,757,36.79,38.36,98.913506
2023-12-11,S001-P0016,Groceries,89,701,39.62,38.36,102.44405
2023-12-12,S001-P0016,Groceries,132,609,45.43,38.36,129.78497
2023-12-13,S001-P0016,Groceries,145,501,44.86,38.36,130.65085
2023-12-14,S001-P0016,Groceries,171,379,50.75,38.36,126.63215
2023-12-15,S001-P0016,Groceries,49,218,32.52,38.36,99.49183
2023-12-16,S001-P0016,Groceries,86,176,35.31,38.36,118.42686
2023-12-17,S001-P0016,Groceries,135,629,45.86,38.36,115.6757
2023-12-18,S001-P0016,Groceries,129,526,32.1,38.36,148.2672
2023-12-19,S001-P0016,Groceries,110,403,38.3,38.36,129.36119
2023-12-20,S001-P0016,Groceries,68,281,34.95,38.36,102.555305
2023-12-21,S001-P0016,Groceries,83,236,33.25,38.36,125.19306
2023-12-22,S001-P0016,Groceries,157,175,39.46,38.36,166.66486
2023-12-23,S001-P0016,Groceries,173,63,40.82,38.36,133.48041
2023-12-24,S001-P0016,Groceries,126,201,42.35,38.36,128.07448
2023-12-25,S001-P0016,Groceries,63,567,32.49,38.36,101.84316
2023-12-26,S001-P0016,Groceries,114,504,36.72,38.36,134.0682
2023-12-27,S001-P0016,Groceries,51,378,34.48,38.36,70.819374
2023-12-28,S001-P0016,Groceries,99,345,41.05,38.36,89.86169
2023-12-29,S001-P0016,Groceries,86,269,33.56,38.36,87.554924
2023-12-30,S001-P0016,Groceries,56,181,30.13,38.36,70.11908
2023-12-31,S001-P0016,Groceries,68,380,33.26,38.36,80.093575
2024-01-01,S001-P0016,Groceries,79,334,38.28,38.36,80.38616
2024-01-02,S001-P0016,Groceries,65,253,32.84,38.36,79.506874
2024-01-03,S001-P0016,Groceries,85,179,35.26,38.36,79.368576
2024-01-04,S001-P0016,Groceries,58,98,31.95,38.36,71.68841
2024-01-05,S001-P0016,Groceries,57,57,31.89,38.36,89.758156
2024-01-06,S001-P0016,Groceries,88,255,35.68,38.36,79.92566
2024-01-07,S001-P0016,Groceries,112,168,32.01,38.36,93.656746
2024-01-08,S001-P0016,Groceries,76,82,28.38,38.36,103.252266
2024-01-09,S001-P0016,Groceries,96,275,32.43,38.36,133.06555
2024-01-10,S001-P0016,Groceries,112,181,32.07,38.36,133.22589
2024-01-11,S001-P0016,Groceries,88,66,35.58,38.36,98.25501
2024-01-12,S001-P0016,Groceries,66,275,32.92,38.36,114.75655
2024-01-13,S001-P0016,Groceries,166,235,40.44,38.36,165.90283
2024-01-14,S001-P0016,Groceries,172,92,38.15,38.36,131.16422
2024-01-15,S001-P0016,Groceries,236,0,48.07,38.36,148.96632
2024-01-16,S001-P0016,Groceries,110,485,34.27,38.36,134.0119
2024-01-17,S001-P0016,Groceries,110,358,40.4,38.36,115.24621
2024-01-18,S001-P0016,Groceries,171,835,45.68,38.36,163.62225
2024-01-19,S001-P0016,Groceries,115,724,41.02,38.36,99.95129
2024-01-20,S001-P0016,Groceries,191,647,48.23,38.36,127.096016
2024-01-21,S001-P0016,Groceries,130,473,42.92,38.36,115.07959
2024-01-22,S001-P0016,Groceries,159,376,44.28,38.36,123.85992
2024-01-23,S001-P0016,Groceries,115,220,34.5,38.36,133.06555
2024-01-24,S001-P0016,Groceries,146,98,44.96,38.36,114.704445
2024-01-25,S001-P0016,Groceries,156,392,48.63,38.36,123.88346
2024-01-26,S001-P0016,Groceries,113,206,42.88,38.36,116.94924
2024-01-27,S001-P0016,Groceries,62,522,34.24,38.36,100.53437
2024-01-28,S001-P0016,Groceries,140,466,46.54,38.36,116.420944
2024-01-29,S001-P0016,Groceries,99,303,37.05,38.36,113.35612
2024-01-30,S001-P0016,Groceries,90,225,35.9,38.36,99.555534
2023-10-03,S001-P0017,Toys,85,130,21.97,21.045,93.81553
2023-10-04,S001-P0017,Toys,77,31,19.22,21.045,94.92727
2023-10-05,S001-P0017,Toys,77,78,20.31,21.045,81.582794
2023-10-06,S001-P0017,Toys,72,109,22.09,21.045,96.507
2023-10-07,S001-P0017,Toys,24,62,17.34,21.045,30.269463
2023-10-08,S001-P0017,Toys,41,38,15.83,21.045,51.84422
2023-10-09,S001-P0017,Toys,13,50,15.69,21.045,33.64105
2023-10-10,S001-P0017,Toys,38,39,15.65,21.045,40.73258
2023-10-11,S001-P0017,Toys,17,66,16.86,21.045,38.654972
2023-10-12,S001-P0017,Toys,59,45,16.99,21.045,42.579983
2023-10-13,S001-P0017,Toys,51,57,18.46,21.045,29.410467
2023-10-14,S001-P0017,Toys,14,76,16.6,21.045,29.141764
2023-10-15,S001-P0017,Toys,34,65,19.11,21.045,33.971718
2023-10-16,S001-P0017,Toys,8,87,16.18,21.045,31.034002
2023-10-17,S001-P0017,Toys,45,78,15.16,21.045,56.755424
2023-10-18,S001-P0017,Toys,42,98,15.01,21.045,41.8756
2023-10-19,S001-P0017,Toys,4,72,15.03,21.045,58.702374
2023-10-20,S001-P0017,Toys,18,67,14.36,21.045,57.97555
2023-10-21,S001-P0017,Toys,49,47,20.24,21.045,39.591434
2023-10-22,S001-P0017,Toys,60,50,18.07,21.045,36.854527
2023-10-23,S001-P0017,Toys,35,59,19.13,21.045,34.781815
2023-10-24,S001-P0017,Toys,69,70,19.66,21.045,42.54111
2023-10-25,S001-P0017,Toys,89,77,20.05,21.045,94.92727
2023-10-26,S001-P0017,Toys,116,95,19.46,21.045,123.563126
2023-10-27,S001-P0017,Toys,124,98,26.3,21.045,105.99088
2023-10-28,S001-P0017,Toys,111,129,21.6,21.045,137.87094
2023-10-29,S001-P0017,Toys,62,132,20.26,21.045,106.14077
2023-10-30,S001-P0017,Toys,86,68,22.09,21.045,84.61497
2023-10-31,S001-P0017,Toys,100,84,21.88,21.045,84.44034
2023-11-01,S001-P0017,Toys,42,89,19.76,21.045,88.25446
2023-11-02,S001-P0017,Toys,110,63,20.31,21.045,142.73416
2023-11-03,S001-P0017,Toys,71,119,20.91,21.045,89.659996
2023-11-04,S001-P0017,Toys,102,67,19.59,21.045,109.73682
2023-11-05,S001-P0017,Toys,83,95,19.66,21.045,83.85931
2023-11-06,S001-P0017,Toys,85,119,21.96,21.045,82.12103
2023-11-07,S001-P0017,Toys,97,143,17.2,21.045,109.6379
2023-11-08,S001-P0017,Toys,141,55,20.98,21.045,143.75545
2023-11-09,S001-P0017,Toys,53,156,16.47,21.045,117.48124
2023-11-10,S001-P0017,Toys,46,96,19.04,21.045,89.659996
2023-11-11,S001-P0017,Toys,103,64,23.34,21.045,88.109215
2023-11-12,S001-P0017,Toys,93,90,23.8,21.045,90.04139
2023-11-13,S001-P0017,Toys,104,113,23.4,21.045,95.78189
2023-11-14,S001-P0017,Toys,126,100,22.58,21.045,118.49868
2023-11-15,S001-P0017,Toys,160,101,22.15,21.045,110.55294
2023-11-16,S001-P0017,Toys,40,172,16.74,21.045,94.868645
2023-11-17,S001-P0017,Toys,87,143,22.17,21.045,84.03762
2023-11-18,S001-P0017,Toys,77,66,20.26,21.045,81.811806
2023-11-19,S001-P0017,Toys,85,75,23.13,21.045,107.91334
2023-11-20,S001-P0017,Toys,60,85,19.07,21.045,86.41067
2023-11-21,S001-P0017,Toys,122,94,22.34,21.045,106.659904
2023-11-22,S001-P0017,Toys,84,129,18.66,21.045,131.90776
2023-11-23,S001-P0017,Toys,71,74,15.71,21.045,117.206406
2023-11-24,S001-P0017,Toys,144,80,26.49,21.045,99.12449
2023-11-25,S001-P0017,Toys,90,167,23.56,21.045,82.54125
2023-11-26,S001-P0017,Toys,120,74,22.05,21.045,142.55008
2023-11-27,S001-P0017,Toys,37,134,17.4,21.045,104.40565
2023-11-28,S001-P0017,Toys,124,100,26.24,21.045,87.39936
2023-11-29,S001-P0017,Toys,99,172,20.76,21.045,107.64977
2023-11-30,S001-P0017,Toys,144,107,23.83,21.045,94.868645
2023-12-01,S001-P0017,Toys,101,177,21.97,21.045,105.2306
2023-12-02,S001-P0017,Toys,48,97,20.22,21.045,95.72699
2023-12-03,S001-P0017,Toys,126,51,26.47,21.045,96.71272
2023-12-04,S001-P0017,Toys,20,102,15.38,21.045,95.734825
2023-12-05,S001-P0017,Toys,86,88,20.92,21.045,93.62801
2023-12-06,S001-P0017,Toys,161,114,22.2,21.045,136.23051
2023-12-07,S001-P0017,Toys,73,174,18.96,21.045,93.478264
2023-12-08,S001-P0017,Toys,123,98,18.64,21.045,126.49616
2023-12-09,S001-P0017,Toys,77,128,20.31,21.045,82.99514
2023-12-10,S001-P0017,Toys,133,53,23.11,21.045,84.88309
2023-12-11,S001-P0017,Toys,136,151,23.3,21.045,115.05146
2023-12-12,S001-P0017,Toys,194,216,27.25,21.045,135.34293
2023-12-13,S001-P0017,Toys,96,314,24.06,21.045,104.71076
2023-12-14,S001-P0017,Toys,107,226,23.68,21.045,101.753845
2023-12-15,S001-P0017,Toys,111,117,18.0,21.045,113.66149
2023-12-16,S001-P0017,Toys,130,139,19.08,21.045,124.629906
2023-12-17,S001-P0017,Toys,114,152,24.19,21.045,96.71272
2023-12-18,S001-P0017,Toys,65,30,21.56,21.045,97.30534
2023-12-19,S001-P0017,Toys,122,64,23.49,21.045,102.04169
2023-12-20,S001-P0017,Toys,137,141,23.23,21.045,112.02105
2023-12-21,S001-P0017,Toys,84,195,19.71,21.045,101.616844
2023-12-22,S001-P0017,Toys,140,98,20.93,21.045,137.82066
2023-12-23,S001-P0017,Toys,82,161,22.89,21.045,83.54592
2023-12-24,S001-P0017,Toys,154,66,20.45,21.045,137.72086
2023-12-25,S001-P0017,Toys,86,164,23.25,21.045,85.59321
2023-12-26,S001-P0017,Toys,114,65,22.91,21.045,82.09672
2023-12-27,S001-P0017,Toys,18,119,13.36,21.045,40.754642
2023-12-28,S001-P0017,Toys,63,101,21.36,21.045,36.661137
2023-12-29,S001-P0017,Toys,34,52,17.24,21.045,37.043514
2023-12-30,S001-P0017,Toys,24,75,16.46,21.045,27.656942
2023-12-31,S001-P0017,Toys,34,57,18.15,21.045,36.015427
2024-01-01,S001-P0017,Toys,13,69,16.52,21.045,33.28938
2024-01-02,S001-P0017,Toys,31,55,16.98,21.045,32.114223
2024-01-03,S001-P0017,Toys,34,82,17.19,21.045,32.79738
2024-01-04,S001-P0017,Toys,5,50,15.96,21.045,26.568594
2024-01-05,S001-P0017,Toys,9,47,12.83,21.045,55.145435
2024-01-06,S001-P0017,Toys,11,39,17.21,21.045,34.03067
2024-01-07,S001-P0017,Toys,18,82,16.06,21.045,28.020044
2024-01-08,S001-P0017,Toys,28,60,14.91,21.045,48.511604
2024-01-09,S001-P0017,Toys,99,77,23.05,21.045,82.34668
2024-01-10,S001-P0017,Toys,66,133,15.41,21.045,111.78683
2024-01-11,S001-P0017,Toys,56,56,18.77,21.045,80.99589
2024-01-12,S001-P0017,Toys,113,82,24.15,21.045,95.67258
2024-01-13,S001-P0017,Toys,167,122,26.73,21.045,135.47908
2024-01-14,S001-P0017,Toys,33,172,17.12,21.045,84.78707
2024-01-15,S001-P0017,Toys,100,135,20.82,21.045,92.99639
2024-01-16,S001-P0017,Toys,81,121,20.63,21.045,82.34668
2024-01-17,S001-P0017,Toys,123,61,24.92,21.045,93.31336
2024-01-18,S001-P0017,Toys,147,120,28.09,21.045,101.198006
2024-01-19,S001-P0017,Toys,80,166,20.53,21.045,85.33023
2024-01-20,S001-P0017,Toys,209,100,29.79,21.045,135.47908
2024-01-21,S001-P0017,Toys,103,246,19.86,21.045,124.61857
2024-01-22,S001-P0017,Toys,226,182,29.27,21.045,135.2348
2024-01-23,S001-P0017,Toys,100,193,24.35,21.045,82.78263
2024-01-24,S001-P0017,Toys,100,122,19.65,21.045,125.18889
2024-01-25,S001-P0017,Toys,100,155,23.1,21.045,100.7721
2024-01-26,S001-P0017,Toys,77,49,21.4,21.045,94.31837
2024-01-27,S001-P0017,Toys,131,82,21.66,21.045,109.246376
2024-01-28,S001-P0017,Toys,144,105,20.91,21.045,123.04033
2024-01-29,S001-P0017,Toys,108,143,22.57,21.045,93.44512
2024-01-30,S001-P0017,Toys,80,186,21.59,21.045,82.34668
2023-10-03,S001-P0018,Groceries,158,205,76.64,59.795,116.017815
2023-10-04,S001-P0018,Groceries,128,186,63.42,59.795,116.75449
2023-10-05,S001-P0018,Groceries,78,165,51.16,59.795,130.30087
2023-10-06,S001-P0018,Groceries,177,165,72.49,59.795,115.3838
2023-10-07,S001-P0018,Groceries,81,209,51.34,59.795,87.28748
2023-10-08,S001-P0018,Groceries,64,159,45.86,59.795,97.78057
2023-10-09,S001-P0018,Groceries,101,146,58.29,59.795,74.14537
2023-10-10,S001-P0018,Groceries,28,149,46.8,59.795,66.58517
2023-10-11,S001-P0018,Groceries,80,126,57.1,59.795,81.90746
2023-10-12,S001-P0018,Groceries,99,99,51.78,59.795,87.5528
2023-10-13,S001-P0018,Groceries,163,97,62.73,59.795,86.41371
2023-10-14,S001-P0018,Groceries,106,167,59.29,59.795,66.53095
2023-10-15,S001-P0018,Groceries,83,139,51.93,59.795,89.110306
2023-10-16,S001-P0018,Groceries,98,159,57.65,59.795,67.48768
2023-10-17,S001-P0018,Groceries,141,209,65.79,59.795,81.996796
2023-10-18,S001-P0018,Groceries,125,224,69.62,59.795,66.617134
2023-10-19,S001-P0018,Groceries,148,112,63.3,59.795,105.97027
2023-10-20,S001-P0018,Groceries,129,141,63.46,59.795,106.96242
2023-10-21,S001-P0018,Groceries,33,154,47.79,59.795,81.600716
2023-10-22,S001-P0018,Groceries,68,126,54.67,59.795,77.44999
2023-10-23,S001-P0018,Groceries,40,125,46.61,59.795,74.43219
2023-10-24,S001-P0018,Groceries,93,129,59.8,59.795,66.1401
2023-10-25,S001-P0018,Groceries,117,144,58.06,59.795,116.63474
2023-10-26,S001-P0018,Groceries,80,170,57.1,59.795,114.07285
2023-10-27,S001-P0018,Groceries,62,153,56.4,59.795,127.42753
2023-10-28,S001-P0018,Groceries,155,160,57.08,59.795,162.78113
2023-10-29,S001-P0018,Groceries,103,198,64.94,59.795,127.44231
2023-10-30,S001-P0018,Groceries,117,133,67.89,59.795,103.40693
2023-10-31,S001-P0018,Groceries,100,109,55.12,59.795,104.00095
2023-11-01,S001-P0018,Groceries,90,111,62.25,59.795,99.7195
2023-11-02,S001-P0018,Groceries,167,105,63.38,59.795,171.44724
2023-11-03,S001-P0018,Groceries,111,148,57.03,59.795,137.18118
2023-11-04,S001-P0018,Groceries,37,147,45.96,59.795,94.94858
2023-11-05,S001-P0018,Groceries,72,116,46.81,59.795,132.87207
2023-11-06,S001-P0018,Groceries,75,137,59.18,59.795,95.706924
2023-11-07,S001-P0018,Groceries,129,164,60.3,59.795,94.573204
2023-11-08,S001-P0018,Groceries,210,158,70.81,59.795,170.67062
2023-11-09,S001-P0018,Groceries,206,241,78.04,59.795,137.84375
2023-11-10,S001-P0018,Groceries,85,306,58.12,59.795,102.516396
2023-11-11,S001-P0018,Groceries,79,218,54.18,59.795,98.220726
2023-11-12,S001-P0018,Groceries,150,124,60.02,59.795,134.93446
2023-11-13,S001-P0018,Groceries,66,182,48.92,59.795,110.68244
2023-11-14,S001-P0018,Groceries,95,106,60.23,59.795,97.54896
2023-11-15,S001-P0018,Groceries,182,114,69.46,59.795,134.52138
2023-11-16,S001-P0018,Groceries,88,174,61.75,59.795,111.58967
2023-11-17,S001-P0018,Groceries,48,171,53.44,59.795,98.049126
2023-11-18,S001-P0018,Groceries,112,116,63.63,59.795,96.09876
2023-11-19,S001-P0018,Groceries,114,134,60.64,59.795,169.42603
2023-11-20,S001-P0018,Groceries,117,114,67.93,59.795,96.834946
2023-11-21,S001-P0018,Groceries,140,156,65.79,59.795,125.25667
2023-11-22,S001-P0018,Groceries,195,166,71.73,59.795,154.64224
2023-11-23,S001-P0018,Groceries,101,208,61.28,59.795,97.27298
2023-11-24,S001-P0018,Groceries,135,120,64.59,59.795,113.104225
2023-11-25,S001-P0018,Groceries,157,117,61.13,59.795,133.55206
2023-11-26,S001-P0018,Groceries,102,183,55.37,59.795,128.03502
2023-11-27,S001-P0018,Groceries,34,223,43.05,59.795,124.67493
2023-11-28,S001-P0018,Groceries,118,194,58.38,59.795,97.12452
2023-11-29,S001-P0018,Groceries,112,233,57.22,59.795,125.51304
2023-11-30,S001-P0018,Groceries,89,131,58.94,59.795,111.58967
2023-12-01,S001-P0018,Groceries,180,121,81.27,59.795,129.14438
2023-12-02,S001-P0018,Groceries,115,146,54.02,59.795,152.04741
2023-12-03,S001-P0018,Groceries,157,132,68.72,59.795,113.95844
2023-12-04,S001-P0018,Groceries,108,152,62.81,59.795,116.01506
2023-12-05,S001-P0018,Groceries,145,129,59.59,59.795,151.718
2023-12-06,S001-P0018,Groceries,100,129,61.13,59.795,130.2271
2023-12-07,S001-P0018,Groceries,143,180,66.08,59.795,114.59678
2023-12-08,S001-P0018,Groceries,86,169,55.29,59.795,115.10456
2023-12-09,S001-P0018,Groceries,152,179,75.27,59.795,101.93389
2023-12-10,S001-P0018,Groceries,177,154,72.66,59.795,132.4263
2023-12-11,S001-P0018,Groceries,55,150,46.86,59.795,101.84316
2023-12-12,S001-P0018,Groceries,161,100,66.12,59.795,128.93745
2023-12-13,S001-P0018,Groceries,142,159,59.1,59.795,165.82727
2023-12-14,S001-P0018,Groceries,140,169,65.5,59.795,125.19306
2023-12-15,S001-P0018,Groceries,128,144,53.4,59.795,130.37238
2023-12-16,S001-P0018,Groceries,34,173,47.84,59.795,118.808495
2023-12-17,S001-P0018,Groceries,94,138,54.04,59.795,153.70685
2023-12-18,S001-P0018,Groceries,76,177,53.42,59.795,115.24291
2023-12-19,S001-P0018,Groceries,134,115,60.76,59.795,165.22873
2023-12-20,S001-P0018,Groceries,92,118,56.47,59.795,102.27171
2023-12-21,S001-P0018,Groceries,112,148,60.28,59.795,162.5689
2023-12-22,S001-P0018,Groceries,157,145,65.38,59.795,126.63372
2023-12-23,S001-P0018,Groceries,181,201,61.14,59.795,133.37129
2023-12-24,S001-P0018,Groceries,132,202,67.51,59.795,126.53229
2023-12-25,S001-P0018,Groceries,52,179,54.33,59.795,102.44405
2023-12-26,S001-P0018,Groceries,120,148,61.95,59.795,101.342155
2023-12-27,S001-P0018,Groceries,62,161,53.63,59.795,70.36332
2023-12-28,S001-P0018,Groceries,121,89,58.89,59.795,117.299
2023-12-29,S001-P0018,Groceries,73,114,55.75,59.795,88.306755
2023-12-30,S001-P0018,Groceries,56,115,55.07,59.795,70.71995
2023-12-31,S001-P0018,Groceries,55,106,54.77,59.795,81.083244
2024-01-01,S001-P0018,Groceries,101,108,52.08,59.795,104.07072
2024-01-02,S001-P0018,Groceries,97,125,60.58,59.795,79.506874
2024-01-03,S001-P0018,Groceries,78,112,53.79,59.795,78.51123
2024-01-04,S001-P0018,Groceries,41,107,41.5,59.795,93.525055
2024-01-05,S001-P0018,Groceries,105,114,55.55,59.795,116.12222
2024-01-06,S001-P0018,Groceries,70,164,52.29,59.795,79.211586
2024-01-07,S001-P0018,Groceries,56,173,52.39,59.795,72.96379
2024-01-08,S001-P0018,Groceries,76,116,59.22,59.795,80.38616
2024-01-09,S001-P0018,Groceries,103,113,58.69,59.795,99.555534
2024-01-10,S001-P0018,Groceries,70,170,55.2,59.795,100.776375
2024-01-11,S001-P0018,Groceries,125,114,52.89,59.795,131.51407
2024-01-12,S001-P0018,Groceries,100,150,54.71,59.795,152.91675
2024-01-13,S001-P0018,Groceries,87,164,58.51,59.795,127.096016
2024-01-14,S001-P0018,Groceries,69,195,54.97,59.795,100.25315
2024-01-15,S001-P0018,Groceries,80,153,60.13,59.795,114.06609
2024-01-16,S001-P0018,Groceries,103,182,58.56,59.795,99.34339
2024-01-17,S001-P0018,Groceries,148,210,67.19,59.795,114.704445
2024-01-18,S001-P0018,Groceries,151,183,75.25,59.795,123.88346
2024-01-19,S001-P0018,Groceries,120,237,55.32,59.795,134.36057
2024-01-20,S001-P0018,Groceries,167,106,70.86,59.795,127.096016
2024-01-21,S001-P0018,Groceries,132,157,64.26,59.795,115.07959
2024-01-22,S001-P0018,Groceries,132,183,50.75,59.795,159.83347
2024-01-23,S001-P0018,Groceries,123,173,65.81,59.795,100.09882
2024-01-24,S001-P0018,Groceries,145,177,70.14,59.795,115.24621
2024-01-25,S001-P0018,Groceries,189,143,83.27,59.795,123.88346
2024-01-26,S001-P0018,Groceries,116,208,51.53,59.795,151.67859
2024-01-27,S001-P0018,Groceries,156,230,57.94,59.795,133.96085
2024-01-28,S001-P0018,Groceries,245,248,80.7,59.795,152.71896
2024-01-29,S001-P0018,Groceries,103,209,58.58,59.795,112.945366
2024-01-30,S001-P0018,Groceries,70,130,52.32,59.795,99.34339
2023-10-03,S001-P0019,Furniture,108,125,133.05,104.525,75.016174
2023-10-04,S001-P0019,Furniture,98,144,128.73,104.525,75.957756
2023-10-05,S001-P0019,Furniture,78,135,108.53,104.525,66.47563
2023-10-06,S001-P0019,Furniture,98,47,116.03,104.525,74.71412
2023-10-07,S001-P0019,Furniture,38,80,77.32,104.525,41.973812
2023-10-08,S001-P0019,Furniture,40,107,88.97,104.525,47.65135
2023-10-09,S001-P0019,Furniture,51,80,86.9,104.525,45.81386
2023-10-10,S001-P0019,Furniture,28,91,94.05,104.525,33.40338
2023-10-11,S001-P0019,Furniture,36,71,92.18,104.525,38.99703
2023-10-12,S001-P0019,Furniture,40,82,89.13,104.525,42.05349
2023-10-13,S001-P0019,Furniture,23,102,77.55,104.525,42.493206
2023-10-14,S001-P0019,Furniture,46,87,91.31,104.525,32.619297
2023-10-15,S001-P0019,Furniture,46,108,106.84,104.525,33.96097
2023-10-16,S001-P0019,Furniture,18,73,90.15,104.525,32.26807
2023-10-17,S001-P0019,Furniture,28,51,79.04,104.525,53.07959
2023-10-18,S001-P0019,Furniture,46,82,91.05,104.525,32.932865
2023-10-19,S001-P0019,Furniture,60,81,96.21,104.525,54.720768
2023-10-20,S001-P0019,Furniture,35,89,91.9,104.525,39.169357
2023-10-21,S001-P0019,Furniture,48,98,91.47,104.525,53.77136
2023-10-22,S001-P0019,Furniture,16,104,84.64,104.525,36.676563
2023-10-23,S001-P0019,Furniture,46,89,101.12,104.525,34.19071
2023-10-24,S001-P0019,Furniture,24,99,83.08,104.525,31.068125
2023-10-25,S001-P0019,Furniture,90,80,107.27,104.525,76.72658
2023-10-26,S001-P0019,Furniture,88,82,105.78,104.525,95.86324
2023-10-27,S001-P0019,Furniture,79,100,103.23,104.525,82.64661
2023-10-28,S001-P0019,Furniture,130,97,120.84,104.525,106.92055
2023-10-29,S001-P0019,Furniture,83,144,104.74,104.525,82.39634
2023-10-30,S001-P0019,Furniture,65,60,98.04,104.525,67.39489
2023-10-31,S001-P0019,Furniture,42,63,99.52,104.525,66.344444
2023-11-01,S001-P0019,Furniture,124,70,119.55,104.525,85.83288
2023-11-02,S001-P0019,Furniture,131,103,101.82,104.525,111.42521
2023-11-03,S001-P0019,Furniture,51,133,103.3,104.525,64.92212
2023-11-04,S001-P0019,Furniture,69,87,83.03,104.525,84.39178
2023-11-05,S001-P0019,Furniture,104,119,118.58,104.525,63.8317
2023-11-06,S001-P0019,Furniture,75,161,113.01,104.525,64.97517
2023-11-07,S001-P0019,Furniture,86,99,117.6,104.525,63.04306
2023-11-08,S001-P0019,Furniture,85,107,105.22,104.525,81.49156
2023-11-09,S001-P0019,Furniture,24,123,92.39,104.525,62.152515
2023-11-10,S001-P0019,Furniture,83,107,98.73,104.525,84.904015
2023-11-11,S001-P0019,Furniture,41,94,94.06,104.525,63.260487
2023-11-12,S001-P0019,Furniture,71,110,105.43,104.525,64.86535
2023-11-13,S001-P0019,Furniture,98,91,122.37,104.525,70.53701
2023-11-14,S001-P0019,Furniture,79,115,109.08,104.525,62.28633
2023-11-15,S001-P0019,Furniture,74,129,90.04,104.525,84.45909
2023-11-16,S001-P0019,Furniture,30,50,99.86,104.525,70.1398
2023-11-17,S001-P0019,Furniture,55,82,110.51,104.525,63.375595
2023-11-18,S001-P0019,Furniture,85,86,98.58,104.525,82.916985
2023-11-19,S001-P0019,Furniture,68,96,115.96,104.525,80.8707
2023-11-20,S001-P0019,Furniture,88,122,111.99,104.525,63.613052
2023-11-21,S001-P0019,Furniture,83,157,97.99,104.525,109.35606
2023-11-22,S001-P0019,Furniture,133,105,122.84,104.525,97.85187
2023-11-23,S001-P0019,Furniture,74,153,112.82,104.525,61.769608
2023-11-24,S001-P0019,Furniture,60,108,112.77,104.525,73.19114
2023-11-25,S001-P0019,Furniture,22,129,86.99,104.525,63.342438
2023-11-26,S001-P0019,Furniture,126,109,119.46,104.525,108.049385
2023-11-27,S001-P0019,Furniture,167,149,127.5,104.525,108.44471
2023-11-28,S001-P0019,Furniture,66,187,98.28,104.525,62.84196
2023-11-29,S001-P0019,Furniture,139,147,131.8,104.525,80.57818
2023-11-30,S001-P0019,Furniture,71,174,111.32,104.525,70.31755
2023-12-01,S001-P0019,Furniture,91,124,125.9,104.525,83.724495
2023-12-02,S001-P0019,Furniture,106,119,118.86,104.525,100.704956
2023-12-03,S001-P0019,Furniture,161,95,132.28,104.525,98.08281
2023-12-04,S001-P0019,Furniture,60,180,112.38,104.525,75.695885
2023-12-05,S001-P0019,Furniture,71,111,111.38,104.525,76.733406
2023-12-06,S001-P0019,Furniture,93,112,114.0,104.525,110.78123
2023-12-07,S001-P0019,Furniture,107,113,126.02,104.525,73.893974
2023-12-08,S001-P0019,Furniture,71,113,105.81,104.525,76.40263
2023-12-09,S001-P0019,Furniture,59,135,106.71,104.525,66.33485
2023-12-10,S001-P0019,Furniture,108,64,113.79,104.525,67.2801
2023-12-11,S001-P0019,Furniture,45,100,90.95,104.525,67.94958
2023-12-12,S001-P0019,Furniture,100,61,103.82,104.525,110.16756
2023-12-13,S001-P0019,Furniture,172,118,129.52,104.525,110.861916
2023-12-14,S001-P0019,Furniture,63,138,108.2,104.525,82.11654
2023-12-15,S001-P0019,Furniture,84,92,110.38,104.525,67.24062
2023-12-16,S001-P0019,Furniture,41,92,93.93,104.525,77.64321
2023-12-17,S001-P0019,Furniture,64,97,91.59,104.525,98.375435
2023-12-18,S001-P0019,Furniture,95,81,108.88,104.525,100.00652
2023-12-19,S001-P0019,Furniture,108,113,132.96,104.525,84.84206
2023-12-20,S001-P0019,Furniture,62,107,113.42,104.525,66.967186
2023-12-21,S001-P0019,Furniture,108,121,106.38,104.525,107.32787
2023-12-22,S001-P0019,Furniture,17,143,85.04,104.525,83.79687
2023-12-23,S001-P0019,Furniture,98,123,104.08,104.525,88.37638
2023-12-24,S001-P0019,Furniture,76,96,107.44,104.525,83.18801
2023-12-25,S001-P0019,Furniture,74,103,118.6,104.525,67.66821
2023-12-26,S001-P0019,Furniture,58,98,111.58,104.525,66.020485
2023-12-27,S001-P0019,Furniture,47,87,91.36,104.525,45.542713
2023-12-28,S001-P0019,Furniture,28,87,94.09,104.525,41.013023
2023-12-29,S001-P0019,Furniture,28,65,93.94,104.525,40.698757
2023-12-30,S001-P0019,Furniture,49,98,97.43,104.525,32.170155
2023-12-31,S001-P0019,Furniture,47,104,91.36,104.525,37.338303
2024-01-01,S001-P0019,Furniture,6,55,89.76,104.525,36.374157
2024-01-02,S001-P0019,Furniture,30,99,85.26,104.525,36.585957
2024-01-03,S001-P0019,Furniture,29,63,89.61,104.525,37.49494
2024-01-04,S001-P0019,Furniture,38,92,88.41,104.525,31.08843
2024-01-05,S001-P0019,Furniture,41,105,84.5,104.525,59.298138
2024-01-06,S001-P0019,Furniture,28,80,98.97,104.525,38.081898
2024-01-07,S001-P0019,Furniture,36,105,87.64,104.525,45.485336
2024-01-08,S001-P0019,Furniture,33,75,86.52,104.525,51.818592
2024-01-09,S001-P0019,Furniture,51,103,92.48,104.525,86.98616
2024-01-10,S001-P0019,Furniture,34,120,96.51,104.525,65.1923
2024-01-11,S001-P0019,Furniture,56,98,99.72,104.525,63.31541
2024-01-12,S001-P0019,Furniture,123,94,125.45,104.525,75.58978
2024-01-13,S001-P0019,Furniture,120,120,103.51,104.525,109.08703
2024-01-14,S001-P0019,Furniture,60,149,112.38,104.525,67.263435
2024-01-15,S001-P0019,Furniture,35,96,91.89,104.525,72.86631
2024-01-16,S001-P0019,Furniture,54,59,94.06,104.525,64.180855
2024-01-17,S001-P0019,Furniture,100,60,117.15,104.525,75.261215
2024-01-18,S001-P0019,Furniture,96,102,95.96,104.525,106.75781
2024-01-19,S001-P0019,Furniture,58,84,100.6,104.525,66.54833
2024-01-20,S001-P0019,Furniture,72,83,111.87,104.525,82.9726
2024-01-21,S001-P0019,Furniture,64,88,97.54,104.525,75.131905
2024-01-22,S001-P0019,Furniture,71,90,94.76,104.525,106.926186
2024-01-23,S001-P0019,Furniture,53,71,99.06,104.525,64.243164
2024-01-24,S001-P0019,Furniture,153,93,108.33,104.525,99.323875
2024-01-25,S001-P0019,Furniture,115,150,109.81,104.525,106.08619
2024-01-26,S001-P0019,Furniture,153,146,122.74,104.525,96.84507
2024-01-27,S001-P0019,Furniture,77,130,119.78,104.525,65.05362
2024-01-28,S001-P0019,Furniture,80,114,109.37,104.525,75.04904
2024-01-29,S001-P0019,Furniture,105,97,131.71,104.525,73.4544
2024-01-30,S001-P0019,Furniture,61,110,96.8,104.525,64.180855
2023-10-03,S001-P0020,Furniture,87,266,124.42,110.82,75.335945
2023-10-04,S001-P0020,Furniture,52,195,109.4,110.82,75.957756
2023-10-05,S001-P0020,Furniture,83,159,104.38,110.82,85.96444
2023-10-06,S001-P0020,Furniture,140,71,124.9,110.82,95.91996
2023-10-07,S001-P0020,Furniture,50,362,108.56,110.82,33.667656
2023-10-08,S001-P0020,Furniture,25,316,92.88,110.82,36.676563
2023-10-09,S001-P0020,Furniture,40,292,104.58,110.82,34.51206
2023-10-10,S001-P0020,Furniture,33,898,101.55,110.82,32.89614
2023-10-11,S001-P0020,Furniture,21,877,91.53,110.82,39.390285
2023-10-12,S001-P0020,Furniture,36,859,102.91,110.82,32.447315
2023-10-13,S001-P0020,Furniture,44,835,83.69,110.82,43.213604
2023-10-14,S001-P0020,Furniture,32,802,100.96,110.82,33.667656
2023-10-15,S001-P0020,Furniture,32,765,96.12,110.82,33.531742
2023-10-16,S001-P0020,Furniture,25,734,77.48,110.82,41.627293
2023-10-17,S001-P0020,Furniture,34,711,91.71,110.82,38.54644
2023-10-18,S001-P0020,Furniture,28,672,78.43,110.82,41.875362
2023-10-19,S001-P0020,Furniture,22,641,101.9,110.82,40.264065
2023-10-20,S001-P0020,Furniture,23,617,87.38,110.82,39.05649
2023-10-21,S001-P0020,Furniture,37,592,87.6,110.82,53.77136
2023-10-22,S001-P0020,Furniture,35,557,92.0,110.82,36.676563
2023-10-23,S001-P0020,Furniture,69,530,99.33,110.82,45.54413
2023-10-24,S001-P0020,Furniture,24,455,102.68,110.82,32.138626
2023-10-25,S001-P0020,Furniture,80,429,108.68,110.82,97.117744
2023-10-26,S001-P0020,Furniture,139,338,131.42,110.82,95.86324
2023-10-27,S001-P0020,Furniture,73,224,93.73,110.82,106.926216
2023-10-28,S001-P0020,Furniture,60,176,118.72,110.82,83.634346
2023-10-29,S001-P0020,Furniture,51,133,114.84,110.82,80.814964
2023-10-30,S001-P0020,Furniture,65,598,108.95,110.82,67.39489
2023-10-31,S001-P0020,Furniture,79,524,121.17,110.82,66.73107
2023-11-01,S001-P0020,Furniture,79,459,109.01,110.82,63.847
2023-11-02,S001-P0020,Furniture,48,406,102.19,110.82,109.16851
2023-11-03,S001-P0020,Furniture,110,374,113.15,110.82,85.02213
2023-11-04,S001-P0020,Furniture,59,283,107.04,110.82,63.342438
2023-11-05,S001-P0020,Furniture,65,224,115.19,110.82,63.8317
2023-11-06,S001-P0020,Furniture,71,173,123.92,110.82,64.85065
2023-11-07,S001-P0020,Furniture,76,482,119.67,110.82,63.04306
2023-11-08,S001-P0020,Furniture,42,414,105.16,110.82,80.57818
2023-11-09,S001-P0020,Furniture,18,377,95.09,110.82,61.769608
2023-11-10,S001-P0020,Furniture,100,365,109.45,110.82,85.02213
2023-11-11,S001-P0020,Furniture,58,278,101.06,110.82,63.260487
2023-11-12,S001-P0020,Furniture,58,242,118.19,110.82,65.43288
2023-11-13,S001-P0020,Furniture,57,193,117.52,110.82,70.541115
2023-11-14,S001-P0020,Furniture,103,473,131.17,110.82,62.73598
2023-11-15,S001-P0020,Furniture,121,402,118.29,110.82,83.52926
2023-11-16,S001-P0020,Furniture,75,302,113.02,110.82,71.21455
2023-11-17,S001-P0020,Furniture,45,240,90.5,110.82,83.3603
2023-11-18,S001-P0020,Furniture,52,672,98.73,110.82,63.440372
2023-11-19,S001-P0020,Furniture,102,625,117.7,110.82,80.553215
2023-11-20,S001-P0020,Furniture,35,542,102.3,110.82,62.801647
2023-11-21,S001-P0020,Furniture,65,506,90.99,110.82,110.26302
2023-11-22,S001-P0020,Furniture,85,462,130.25,110.82,72.39034
2023-11-23,S001-P0020,Furniture,25,390,93.05,110.82,62.66678
2023-11-24,S001-P0020,Furniture,54,366,104.66,110.82,72.52572
2023-11-25,S001-P0020,Furniture,68,319,104.69,110.82,81.28936
2023-11-26,S001-P0020,Furniture,119,238,124.45,110.82,108.763016
2023-11-27,S001-P0020,Furniture,67,134,98.68,110.82,108.44471
2023-11-28,S001-P0020,Furniture,67,53,86.92,110.82,87.97941
2023-11-29,S001-P0020,Furniture,89,263,125.45,110.82,80.7855
2023-11-30,S001-P0020,Furniture,56,673,111.29,110.82,70.31755
2023-12-01,S001-P0020,Furniture,98,634,122.33,110.82,83.99139
2023-12-02,S001-P0020,Furniture,140,519,116.16,110.82,101.221596
2023-12-03,S001-P0020,Furniture,70,393,123.52,110.82,75.55865
2023-12-04,S001-P0020,Furniture,72,317,88.5,110.82,99.426865
2023-12-05,S001-P0020,Furniture,110,245,106.05,110.82,100.72207
2023-12-06,S001-P0020,Furniture,68,726,110.24,110.82,110.78123
2023-12-07,S001-P0020,Furniture,83,654,129.47,110.82,74.34567
2023-12-08,S001-P0020,Furniture,68,592,99.01,110.82,99.23681
2023-12-09,S001-P0020,Furniture,61,529,89.48,110.82,88.815926
2023-12-10,S001-P0020,Furniture,52,487,115.12,110.82,66.63396
2023-12-11,S001-P0020,Furniture,105,440,105.62,110.82,88.972786
2023-12-12,S001-P0020,Furniture,65,325,108.99,110.82,84.29388
2023-12-13,S001-P0020,Furniture,124,277,140.46,110.82,85.48336
2023-12-14,S001-P0020,Furniture,72,146,117.89,110.82,82.11654
2023-12-15,S001-P0020,Furniture,64,539,108.82,110.82,66.846306
2023-12-16,S001-P0020,Furniture,123,483,132.79,110.82,77.465904
2023-12-17,S001-P0020,Furniture,75,362,107.37,110.82,76.08248
2023-12-18,S001-P0020,Furniture,67,275,98.74,110.82,99.68549
2023-12-19,S001-P0020,Furniture,96,219,128.5,110.82,84.42497
2023-12-20,S001-P0020,Furniture,79,629,121.14,110.82,66.967186
2023-12-21,S001-P0020,Furniture,65,548,103.49,110.82,81.48518
2023-12-22,S001-P0020,Furniture,110,505,120.89,110.82,109.53443
2023-12-23,S001-P0020,Furniture,94,394,120.86,110.82,88.24578
2023-12-24,S001-P0020,Furniture,61,329,119.42,110.82,82.60419
2023-12-25,S001-P0020,Furniture,89,279,112.78,110.82,67.94958
2023-12-26,S001-P0020,Furniture,74,173,125.32,110.82,66.020485
2023-12-27,S001-P0020,Furniture,45,506,106.67,110.82,32.477013
2023-12-28,S001-P0020,Furniture,26,460,93.51,110.82,40.176567
2023-12-29,S001-P0020,Furniture,37,441,92.84,110.82,40.574226
2023-12-30,S001-P0020,Furniture,15,408,93.79,110.82,32.170155
2023-12-31,S001-P0020,Furniture,27,390,104.13,110.82,37.96977
2024-01-01,S001-P0020,Furniture,25,372,88.2,110.82,35.47844
2024-01-02,S001-P0020,Furniture,38,354,93.1,110.82,54.087566
2024-01-03,S001-P0020,Furniture,28,330,89.49,110.82,37.22305
2024-01-04,S001-P0020,Furniture,18,308,100.14,110.82,32.443485
2024-01-05,S001-P0020,Furniture,65,287,109.22,110.82,60.298447
2024-01-06,S001-P0020,Furniture,25,226,88.4,110.82,54.616676
2024-01-07,S001-P0020,Furniture,15,199,88.76,110.82,33.29806
2024-01-08,S001-P0020,Furniture,37,186,81.49,110.82,50.261654
2024-01-09,S001-P0020,Furniture,59,412,112.55,110.82,64.243164
2024-01-10,S001-P0020,Furniture,65,343,109.33,110.82,64.814255
2024-01-11,S001-P0020,Furniture,109,271,127.09,110.82,63.50838
2024-01-12,S001-P0020,Furniture,73,194,112.42,110.82,75.494255
2024-01-13,S001-P0020,Furniture,47,112,112.99,110.82,83.714485
2024-01-14,S001-P0020,Furniture,77,77,101.42,110.82,87.11693
2024-01-15,S001-P0020,Furniture,64,484,114.76,110.82,73.4544
2024-01-16,S001-P0020,Furniture,69,444,110.59,110.82,64.180855
2024-01-17,S001-P0020,Furniture,71,364,111.29,110.82,75.14257
2024-01-18,S001-P0020,Furniture,119,283,108.93,110.82,106.75781
2024-01-19,S001-P0020,Furniture,65,147,115.18,110.82,66.54003
2024-01-20,S001-P0020,Furniture,66,79,109.61,110.82,82.9726
2024-01-21,S001-P0020,Furniture,104,10,118.6,110.82,96.14623
2024-01-22,S001-P0020,Furniture,54,452,99.32,110.82,107.34327
2024-01-23,S001-P0020,Furniture,83,388,110.35,110.82,64.180855
2024-01-24,S001-P0020,Furniture,82,303,115.98,110.82,100.33684
2024-01-25,S001-P0020,Furniture,48,724,102.4,110.82,80.12838
2024-01-26,S001-P0020,Furniture,69,672,116.87,110.82,75.494255
2024-01-27,S001-P0020,Furniture,79,624,120.96,110.82,64.74929
2024-01-28,S001-P0020,Furniture,103,534,98.47,110.82,96.30492
2024-01-29,S001-P0020,Furniture,72,416,118.04,110.82,72.917175
2024-01-30,S001-P0020,Furniture,73,333,112.5,110.82,64.243164
2023-10-03,S002-P0001,Groceries,76,187,79.05,80.685,98.39224
2023-10-04,S002-P0001,Groceries,122,440,83.04,80.685,99.100746
2023-10-05,S002-P0001,Groceries,97,295,76.56,80.685,124.486946
2023-10-06,S002-P0001,Groceries,179,213,97.49,80.685,100.46745
2023-10-07,S002-P0001,Groceries,55,392,62.51,80.685,64.52405
2023-10-08,S002-P0001,Groceries,114,353,81.03,80.685,81.542694
2023-10-09,S002-P0001,Groceries,53,720,62.03,80.685,94.03065
2023-10-10,S002-P0001,Groceries,42,657,62.58,80.685,72.49445
2023-10-11,S002-P0001,Groceries,46,631,63.54,80.685,65.05265
2023-10-12,S002-P0001,Groceries,111,591,71.13,80.685,102.59916
2023-10-13,S002-P0001,Groceries,65,478,76.06,80.685,67.2724
2023-10-14,S002-P0001,Groceries,105,409,82.85,80.685,65.04714
2023-10-15,S002-P0001,Groceries,53,333,72.65,80.685,75.12833
2023-10-16,S002-P0001,Groceries,101,289,81.72,80.685,72.32888
2023-10-17,S002-P0001,Groceries,132,213,67.52,80.685,83.92366
2023-10-18,S002-P0001,Groceries,53,57,61.98,80.685,72.646675
2023-10-19,S002-P0001,Groceries,118,370,77.73,80.685,84.33883
2023-10-20,S002-P0001,Groceries,72,237,62.47,80.685,84.17742
2023-10-21,S002-P0001,Groceries,102,172,86.33,80.685,72.60625
2023-10-22,S002-P0001,Groceries,57,460,66.46,80.685,81.47686
2023-10-23,S002-P0001,Groceries,138,414,72.36,80.685,102.9032
2023-10-24,S002-P0001,Groceries,73,311,74.38,80.685,79.96081
2023-10-25,S002-P0001,Groceries,86,260,69.68,80.685,128.92685
2023-10-26,S002-P0001,Groceries,178,656,91.7,80.685,145.56549
2023-10-27,S002-P0001,Groceries,131,467,85.21,80.685,111.70721
2023-10-28,S002-P0001,Groceries,136,365,91.16,80.685,123.52613
2023-10-29,S002-P0001,Groceries,90,212,79.03,80.685,113.03277
2023-10-30,S002-P0001,Groceries,181,506,108.61,80.685,112.18363
2023-10-31,S002-P0001,Groceries,164,309,98.77,80.685,98.17997
2023-11-01,S002-P0001,Groceries,189,173,78.96,80.685,152.6024
2023-11-02,S002-P0001,Groceries,220,468,113.83,80.685,124.10749
2023-11-03,S002-P0001,Groceries,155,224,80.99,80.685,149.00685
2023-11-04,S002-P0001,Groceries,127,557,84.35,80.685,95.57573
2023-11-05,S002-P0001,Groceries,136,431,91.09,80.685,99.24421
2023-11-06,S002-P0001,Groceries,73,276,70.43,80.685,96.608826
2023-11-07,S002-P0001,Groceries,146,202,88.96,80.685,168.00317
2023-11-08,S002-P0001,Groceries,115,462,72.65,80.685,131.51471
2023-11-09,S002-P0001,Groceries,134,351,85.88,80.685,97.57955
2023-11-10,S002-P0001,Groceries,174,243,101.33,80.685,112.89804
2023-11-11,S002-P0001,Groceries,85,106,77.59,80.685,95.96603
2023-11-12,S002-P0001,Groceries,213,397,106.06,80.685,167.03163
2023-11-13,S002-P0001,Groceries,168,874,84.75,80.685,167.10327
2023-11-14,S002-P0001,Groceries,109,744,75.55,80.685,110.40339
2023-11-15,S002-P0001,Groceries,64,660,68.1,80.685,97.508385
2023-11-16,S002-P0001,Groceries,147,614,89.15,80.685,133.50023
2023-11-17,S002-P0001,Groceries,112,506,89.28,80.685,98.13816
2023-11-18,S002-P0001,Groceries,69,439,62.19,80.685,167.80225
2023-11-19,S002-P0001,Groceries,123,386,78.94,80.685,113.30669
2023-11-20,S002-P0001,Groceries,178,239,91.75,80.685,150.96973
2023-11-21,S002-P0001,Groceries,104,54,74.48,80.685,95.75767
2023-11-22,S002-P0001,Groceries,123,348,78.95,80.685,96.71639
2023-11-23,S002-P0001,Groceries,141,654,87.91,80.685,109.922066
2023-11-24,S002-P0001,Groceries,61,517,67.69,80.685,96.77442
2023-11-25,S002-P0001,Groceries,78,457,71.63,80.685,95.71367
2023-11-26,S002-P0001,Groceries,30,407,53.43,80.685,131.87646
2023-11-27,S002-P0001,Groceries,74,387,74.69,80.685,122.92108
2023-11-28,S002-P0001,Groceries,42,336,59.5,80.685,96.667465
2023-11-29,S002-P0001,Groceries,112,310,84.83,80.685,98.05036
2023-11-30,S002-P0001,Groceries,116,207,77.38,80.685,97.59028
2023-12-01,S002-P0001,Groceries,121,135,91.79,80.685,112.226616
2023-12-02,S002-P0001,Groceries,151,447,80.14,80.685,146.32318
2023-12-03,S002-P0001,Groceries,116,301,81.29,80.685,95.10558
2023-12-04,S002-P0001,Groceries,145,230,88.66,80.685,158.65588
2023-12-05,S002-P0001,Groceries,113,628,85.0,80.685,123.28527
2023-12-06,S002-P0001,Groceries,143,528,93.09,80.685,124.196815
2023-12-07,S002-P0001,Groceries,161,425,97.93,80.685,120.06652
2023-12-08,S002-P0001,Groceries,116,280,77.39,80.685,129.29791
2023-12-09,S002-P0001,Groceries,113,180,89.56,80.685,124.08379
2023-12-10,S002-P0001,Groceries,198,655,85.06,80.685,143.95465
2023-12-11,S002-P0001,Groceries,69,497,65.89,80.685,100.18169
2023-12-12,S002-P0001,Groceries,101,433,73.56,80.685,129.72177
2023-12-13,S002-P0001,Groceries,158,907,92.37,80.685,123.78571
2023-12-14,S002-P0001,Groceries,164,745,98.73,80.685,120.06652
2023-12-15,S002-P0001,Groceries,182,636,97.96,80.685,162.30766
2023-12-16,S002-P0001,Groceries,83,444,73.09,80.685,97.48263
2023-12-17,S002-P0001,Groceries,53,347,62.1,80.685,95.10558
2023-12-18,S002-P0001,Groceries,138,304,87.08,80.685,120.55921
2023-12-19,S002-P0001,Groceries,67,176,76.61,80.685,111.94692
2023-12-20,S002-P0001,Groceries,140,125,92.36,80.685,98.41304
2023-12-21,S002-P0001,Groceries,145,352,93.51,80.685,109.064156
2023-12-22,S002-P0001,Groceries,127,227,84.11,80.685,110.41996
2023-12-23,S002-P0001,Groceries,77,637,71.53,80.685,112.24241
2023-12-24,S002-P0001,Groceries,108,559,79.37,80.685,147.87863
2023-12-25,S002-P0001,Groceries,203,441,103.45,80.685,129.31244
2023-12-26,S002-P0001,Groceries,119,274,69.43,80.685,158.96986
2023-12-27,S002-P0001,Groceries,72,132,58.58,80.685,111.34963
2023-12-28,S002-P0001,Groceries,116,739,90.47,80.685,68.57569
2023-12-29,S002-P0001,Groceries,63,606,71.68,80.685,84.5131
2023-12-30,S002-P0001,Groceries,58,567,66.94,80.685,75.88018
2023-12-31,S002-P0001,Groceries,137,523,86.96,80.685,84.66933
2024-01-01,S002-P0001,Groceries,51,363,72.07,80.685,77.181725
2024-01-02,S002-P0001,Groceries,75,323,78.88,80.685,85.47874
2024-01-03,S002-P0001,Groceries,113,263,80.67,80.685,100.99608
2024-01-04,S002-P0001,Groceries,67,184,61.34,80.685,111.79607
2024-01-05,S002-P0001,Groceries,38,139,58.53,80.685,74.77612
2024-01-06,S002-P0001,Groceries,104,406,66.07,80.685,100.42251
2024-01-07,S002-P0001,Groceries,61,291,74.79,80.685,87.00631
2024-01-08,S002-P0001,Groceries,94,234,59.93,80.685,109.92103
2024-01-09,S002-P0001,Groceries,93,127,79.6,80.685,109.48446
2024-01-10,S002-P0001,Groceries,78,17,71.6,80.685,97.54298
2024-01-11,S002-P0001,Groceries,143,293,74.41,80.685,129.54378
2024-01-12,S002-P0001,Groceries,63,192,71.74,80.685,109.9508
2024-01-13,S002-P0001,Groceries,211,362,105.56,80.685,148.44035
2024-01-14,S002-P0001,Groceries,78,592,68.06,80.685,108.747665
2024-01-15,S002-P0001,Groceries,120,502,87.01,80.685,109.50321
2024-01-16,S002-P0001,Groceries,129,419,84.54,80.685,96.76864
2024-01-17,S002-P0001,Groceries,154,267,90.89,80.685,109.184395
2024-01-18,S002-P0001,Groceries,139,146,87.19,80.685,118.03408
2024-01-19,S002-P0001,Groceries,232,461,99.29,80.685,131.91315
2024-01-20,S002-P0001,Groceries,155,192,101.49,80.685,122.85913
2024-01-21,S002-P0001,Groceries,99,58,64.23,80.685,129.55786
2024-01-22,S002-P0001,Groceries,51,826,64.98,80.685,131.68004
2024-01-23,S002-P0001,Groceries,87,786,78.22,80.685,96.88403
2024-01-24,S002-P0001,Groceries,89,681,66.18,80.685,160.07797
2024-01-25,S002-P0001,Groceries,49,607,67.98,80.685,118.44651
2024-01-26,S002-P0001,Groceries,102,554,78.03,80.685,122.45119
2024-01-27,S002-P0001,Groceries,150,447,99.84,80.685,122.85913
2024-01-28,S002-P0001,Groceries,151,354,95.25,80.685,110.5316
2024-01-29,S002-P0001,Groceries,57,177,63.0,80.685,96.87481
2024-01-30,S002-P0001,Groceries,87,569,78.18,80.685,96.88403
2023-10-03,S002-P0002,Toys,79,188,23.54,31.07,111.67451
2023-10-04,S002-P0002,Toys,129,128,31.08,31.07,110.69399
2023-10-05,S002-P0002,Toys,191,151,36.81,31.07,131.70972
2023-10-06,S002-P0002,Toys,80,230,31.47,31.07,86.49706
2023-10-07,S002-P0002,Toys,11,467,23.85,31.07,28.280127
2023-10-08,S002-P0002,Toys,21,455,23.65,31.07,57.770775
2023-10-09,S002-P0002,Toys,25,433,26.75,31.07,34.073177
2023-10-10,S002-P0002,Toys,31,409,23.43,31.07,33.311768
2023-10-11,S002-P0002,Toys,12,385,22.72,31.07,29.716316
2023-10-12,S002-P0002,Toys,28,371,25.68,31.07,39.8713
2023-10-13,S002-P0002,Toys,12,341,22.72,31.07,30.220396
2023-10-14,S002-P0002,Toys,46,328,23.33,31.07,40.73526
2023-10-15,S002-P0002,Toys,47,295,27.83,31.07,37.06072
2023-10-16,S002-P0002,Toys,62,245,29.5,31.07,32.951313
2023-10-17,S002-P0002,Toys,34,183,19.8,31.07,43.616768
2023-10-18,S002-P0002,Toys,43,146,20.54,31.07,48.811405
2023-10-19,S002-P0002,Toys,11,111,23.84,31.07,30.709454
2023-10-20,S002-P0002,Toys,27,173,24.3,31.07,31.29368
2023-10-21,S002-P0002,Toys,12,151,21.52,31.07,33.46536
2023-10-22,S002-P0002,Toys,42,140,27.27,31.07,41.036255
2023-10-23,S002-P0002,Toys,76,112,24.5,31.07,54.649414
2023-10-24,S002-P0002,Toys,36,136,28.01,31.07,39.74828
2023-10-25,S002-P0002,Toys,108,235,27.32,31.07,111.726105
2023-10-26,S002-P0002,Toys,128,165,31.28,31.07,119.48491
2023-10-27,S002-P0002,Toys,88,216,32.33,31.07,95.93647
2023-10-28,S002-P0002,Toys,148,360,38.98,31.07,103.15012
2023-10-29,S002-P0002,Toys,129,189,34.9,31.07,95.92542
2023-10-30,S002-P0002,Toys,89,331,29.24,31.07,93.93477
2023-10-31,S002-P0002,Toys,106,243,34.3,31.07,83.9224
2023-11-01,S002-P0002,Toys,89,173,34.21,31.07,96.463844
2023-11-02,S002-P0002,Toys,111,268,33.09,31.07,101.651085
2023-11-03,S002-P0002,Toys,133,159,35.34,31.07,129.57294
2023-11-04,S002-P0002,Toys,110,278,32.92,31.07,78.64724
2023-11-05,S002-P0002,Toys,80,178,33.06,31.07,82.47079
2023-11-06,S002-P0002,Toys,58,281,30.55,31.07,80.14433
2023-11-07,S002-P0002,Toys,151,242,31.43,31.07,140.04272
2023-11-08,S002-P0002,Toys,106,139,30.69,31.07,108.50439
2023-11-09,S002-P0002,Toys,114,342,35.16,31.07,77.944466
2023-11-10,S002-P0002,Toys,159,210,35.95,31.07,128.53265
2023-11-11,S002-P0002,Toys,81,72,28.4,31.07,108.561485
2023-11-12,S002-P0002,Toys,133,316,29.43,31.07,139.9342
2023-11-13,S002-P0002,Toys,85,228,33.64,31.07,103.0827
2023-11-14,S002-P0002,Toys,106,447,36.17,31.07,95.351295
2023-11-15,S002-P0002,Toys,133,323,27.98,31.07,116.23425
2023-11-16,S002-P0002,Toys,52,237,28.34,31.07,77.08001
2023-11-17,S002-P0002,Toys,54,455,27.06,31.07,81.92077
2023-11-18,S002-P0002,Toys,143,419,28.83,31.07,140.14731
2023-11-19,S002-P0002,Toys,26,248,24.23,31.07,96.72823
2023-11-20,S002-P0002,Toys,86,219,30.42,31.07,127.52768
2023-11-21,S002-P0002,Toys,98,134,31.73,31.07,77.8019
2023-11-22,S002-P0002,Toys,91,213,32.63,31.07,78.9941
2023-11-23,S002-P0002,Toys,88,118,32.32,31.07,93.069405
2023-11-24,S002-P0002,Toys,67,191,27.07,31.07,81.92077
2023-11-25,S002-P0002,Toys,128,146,34.83,31.07,108.561485
2023-11-26,S002-P0002,Toys,77,109,31.07,31.07,82.47079
2023-11-27,S002-P0002,Toys,110,273,34.82,31.07,103.0827
2023-11-28,S002-P0002,Toys,30,185,24.65,31.07,84.15659
2023-11-29,S002-P0002,Toys,133,354,39.32,31.07,85.745766
2023-11-30,S002-P0002,Toys,72,201,30.61,31.07,82.74825
2023-12-01,S002-P0002,Toys,107,409,27.23,31.07,125.780136
2023-12-02,S002-P0002,Toys,143,297,36.38,31.07,94.30488
2023-12-03,S002-P0002,Toys,90,161,32.59,31.07,85.89823
2023-12-04,S002-P0002,Toys,194,312,37.11,31.07,136.30142
2023-12-05,S002-P0002,Toys,102,136,33.93,31.07,102.27318
2023-12-06,S002-P0002,Toys,85,363,32.01,31.07,104.17995
2023-12-07,S002-P0002,Toys,69,271,30.26,31.07,102.26147
2023-12-08,S002-P0002,Toys,80,202,29.77,31.07,86.182304
2023-12-09,S002-P0002,Toys,106,148,32.54,31.07,102.84605
2023-12-10,S002-P0002,Toys,96,250,33.21,31.07,95.9838
2023-12-11,S002-P0002,Toys,115,151,35.37,31.07,86.151375
2023-12-12,S002-P0002,Toys,65,224,23.8,31.07,111.30927
2023-12-13,S002-P0002,Toys,99,361,31.79,31.07,103.0602
2023-12-14,S002-P0002,Toys,168,268,41.13,31.07,103.12829
2023-12-15,S002-P0002,Toys,147,126,34.97,31.07,104.94379
2023-12-16,S002-P0002,Toys,108,356,36.37,31.07,85.68922
2023-12-17,S002-P0002,Toys,122,242,36.07,31.07,85.89823
2023-12-18,S002-P0002,Toys,139,146,37.93,31.07,106.008385
2023-12-19,S002-P0002,Toys,115,226,33.55,31.07,94.450195
2023-12-20,S002-P0002,Toys,130,433,31.4,31.07,112.09339
2023-12-21,S002-P0002,Toys,108,349,27.67,31.07,124.02506
2023-12-22,S002-P0002,Toys,200,250,40.01,31.07,126.75497
2023-12-23,S002-P0002,Toys,155,103,31.37,31.07,123.28063
2023-12-24,S002-P0002,Toys,142,437,30.21,31.07,126.06905
2023-12-25,S002-P0002,Toys,78,293,29.54,31.07,85.91544
2023-12-26,S002-P0002,Toys,75,209,30.92,31.07,102.27318
2023-12-27,S002-P0002,Toys,58,148,21.8,31.07,53.97826
2023-12-28,S002-P0002,Toys,29,232,19.37,31.07,41.634563
2023-12-29,S002-P0002,Toys,33,202,26.24,31.07,37.234997
2023-12-30,S002-P0002,Toys,41,172,28.55,31.07,32.2506
2023-12-31,S002-P0002,Toys,39,135,26.93,31.07,37.548916
2024-01-01,S002-P0002,Toys,48,193,24.97,31.07,45.280567
2024-01-02,S002-P0002,Toys,52,152,26.95,31.07,32.40428
2024-01-03,S002-P0002,Toys,7,99,18.43,31.07,45.470097
2024-01-04,S002-P0002,Toys,29,200,23.24,31.07,32.05112
2024-01-05,S002-P0002,Toys,30,172,25.92,31.07,30.16697
2024-01-06,S002-P0002,Toys,38,137,26.87,31.07,30.56441
2024-01-07,S002-P0002,Toys,25,106,20.07,31.07,51.458164
2024-01-08,S002-P0002,Toys,20,162,24.78,31.07,33.335835
2024-01-09,S002-P0002,Toys,69,140,27.21,31.07,92.45254
2024-01-10,S002-P0002,Toys,134,77,35.46,31.07,84.01432
2024-01-11,S002-P0002,Toys,110,117,32.93,31.07,82.21581
2024-01-12,S002-P0002,Toys,117,329,33.71,31.07,94.55035
2024-01-13,S002-P0002,Toys,115,236,33.58,31.07,93.09706
2024-01-14,S002-P0002,Toys,145,166,40.71,31.07,95.22491
2024-01-15,S002-P0002,Toys,98,244,28.12,31.07,122.902885
2024-01-16,S002-P0002,Toys,127,178,32.98,31.07,109.55636
2024-01-17,S002-P0002,Toys,52,255,26.92,31.07,93.25878
2024-01-18,S002-P0002,Toys,73,194,32.34,31.07,101.28266
2024-01-19,S002-P0002,Toys,26,142,24.18,31.07,86.072914
2024-01-20,S002-P0002,Toys,60,282,26.16,31.07,133.53252
2024-01-21,S002-P0002,Toys,47,228,26.32,31.07,85.75573
2024-01-22,S002-P0002,Toys,56,189,28.76,31.07,84.6923
2024-01-23,S002-P0002,Toys,57,146,27.45,31.07,83.20118
2024-01-24,S002-P0002,Toys,80,231,28.29,31.07,133.94012
2024-01-25,S002-P0002,Toys,54,178,22.91,31.07,133.86356
2024-01-26,S002-P0002,Toys,111,287,31.25,31.07,134.86449
2024-01-27,S002-P0002,Toys,196,217,35.45,31.07,133.96432
2024-01-28,S002-P0002,Toys,104,290,30.74,31.07,94.56233
2024-01-29,S002-P0002,Toys,69,583,27.26,31.07,84.68707
2024-01-30,S002-P0002,Toys,78,515,28.08,31.07,83.20118
2023-10-03,S002-P0003,Groceries,93,328,71.73,79.725,98.797905
2023-10-04,S002-P0003,Groceries,107,239,87.84,79.725,99.29733
2023-10-05,S002-P0003,Groceries,175,591,85.67,79.725,161.14381
2023-10-06,S002-P0003,Groceries,142,397,78.79,79.725,131.5267
2023-10-07,S002-P0003,Groceries,40,244,65.58,79.725,64.28443
2023-10-08,S002-P0003,Groceries,157,220,96.81,79.725,81.542694
2023-10-09,S002-P0003,Groceries,187,588,78.65,79.725,93.7239
2023-10-10,S002-P0003,Groceries,123,462,83.44,79.725,72.42163
2023-10-11,S002-P0003,Groceries,68,344,69.09,79.725,84.767815
2023-10-12,S002-P0003,Groceries,83,785,80.95,79.725,80.66331
2023-10-13,S002-P0003,Groceries,77,717,67.77,79.725,66.92803
2023-10-14,S002-P0003,Groceries,18,670,59.6,79.725,65.04714
2023-10-15,S002-P0003,Groceries,110,655,75.69,79.725,75.028946
2023-10-16,S002-P0003,Groceries,62,573,67.49,79.725,72.46656
2023-10-17,S002-P0003,Groceries,71,524,58.22,79.725,83.92366
2023-10-18,S002-P0003,Groceries,60,474,63.8,79.725,94.37864
2023-10-19,S002-P0003,Groceries,89,411,62.8,79.725,84.15589
2023-10-20,S002-P0003,Groceries,49,342,64.5,79.725,66.40984
2023-10-21,S002-P0003,Groceries,109,283,79.68,79.725,72.497635
2023-10-22,S002-P0003,Groceries,98,178,77.0,79.725,81.542694
2023-10-23,S002-P0003,Groceries,114,104,72.6,79.725,102.76519
2023-10-24,S002-P0003,Groceries,114,337,80.97,79.725,79.96081
2023-10-25,S002-P0003,Groceries,113,203,71.54,79.725,128.87488
2023-10-26,S002-P0003,Groceries,45,129,66.83,79.725,111.436844
2023-10-27,S002-P0003,Groceries,83,480,72.88,79.725,111.70721
2023-10-28,S002-P0003,Groceries,68,425,65.62,79.725,123.74438
2023-10-29,S002-P0003,Groceries,128,344,88.94,79.725,113.59767
2023-10-30,S002-P0003,Groceries,69,254,73.18,79.725,112.288025
2023-10-31,S002-P0003,Groceries,76,193,67.7,79.725,98.797905
2023-11-01,S002-P0003,Groceries,99,579,81.32,79.725,111.1614
2023-11-02,S002-P0003,Groceries,74,468,74.52,79.725,124.10749
2023-11-03,S002-P0003,Groceries,48,394,60.87,79.725,111.953606
2023-11-04,S002-P0003,Groceries,119,343,91.13,79.725,95.96603
2023-11-05,S002-P0003,Groceries,4,218,55.92,79.725,99.24421
2023-11-06,S002-P0003,Groceries,90,215,62.31,79.725,132.55066
2023-11-07,S002-P0003,Groceries,117,507,81.76,79.725,124.378334
2023-11-08,S002-P0003,Groceries,191,421,79.39,79.725,132.27324
2023-11-09,S002-P0003,Groceries,61,259,74.89,79.725,96.75703
2023-11-10,S002-P0003,Groceries,89,205,74.39,79.725,111.953606
2023-11-11,S002-P0003,Groceries,115,673,77.06,79.725,131.37352
2023-11-12,S002-P0003,Groceries,140,546,83.02,79.725,167.03163
2023-11-13,S002-P0003,Groceries,91,421,79.17,79.725,122.13257
2023-11-14,S002-P0003,Groceries,119,325,69.41,79.725,151.73485
2023-11-15,S002-P0003,Groceries,159,187,87.15,79.725,135.22224
2023-11-16,S002-P0003,Groceries,117,23,77.38,79.725,97.57955
2023-11-17,S002-P0003,Groceries,137,338,86.82,79.725,96.77442
2023-11-18,S002-P0003,Groceries,103,692,61.68,79.725,168.2919
2023-11-19,S002-P0003,Groceries,184,621,92.98,79.725,149.73398
2023-11-20,S002-P0003,Groceries,84,468,77.29,79.725,108.08983
2023-11-21,S002-P0003,Groceries,123,370,92.35,79.725,95.584694
2023-11-22,S002-P0003,Groceries,76,227,75.01,79.725,96.65264
2023-11-23,S002-P0003,Groceries,110,150,79.9,79.725,153.20703
2023-11-24,S002-P0003,Groceries,93,345,71.81,79.725,95.81951
2023-11-25,S002-P0003,Groceries,119,247,77.88,79.725,95.71367
2023-11-26,S002-P0003,Groceries,91,145,71.21,79.725,96.88734
2023-11-27,S002-P0003,Groceries,170,70,95.08,79.725,166.91113
2023-11-28,S002-P0003,Groceries,82,424,72.57,79.725,96.667465
2023-11-29,S002-P0003,Groceries,124,327,83.31,79.725,97.508385
2023-11-30,S002-P0003,Groceries,91,691,75.23,79.725,97.20594
2023-12-01,S002-P0003,Groceries,121,608,74.18,79.725,146.9552
2023-12-02,S002-P0003,Groceries,179,471,86.57,79.725,146.32318
2023-12-03,S002-P0003,Groceries,72,294,73.98,79.725,95.37347
2023-12-04,S002-P0003,Groceries,135,234,90.8,79.725,121.06765
2023-12-05,S002-P0003,Groceries,82,671,76.76,79.725,123.28527
2023-12-06,S002-P0003,Groceries,193,610,95.17,79.725,160.61859
2023-12-07,S002-P0003,Groceries,99,397,81.15,79.725,119.561
2023-12-08,S002-P0003,Groceries,117,289,86.03,79.725,95.74122
2023-12-09,S002-P0003,Groceries,146,890,84.57,79.725,162.14038
2023-12-10,S002-P0003,Groceries,154,800,90.85,79.725,147.87863
2023-12-11,S002-P0003,Groceries,95,682,75.92,79.725,100.18169
2023-12-12,S002-P0003,Groceries,104,618,70.14,79.725,129.2917
2023-12-13,S002-P0003,Groceries,62,537,67.73,79.725,123.5671
2023-12-14,S002-P0003,Groceries,102,471,86.4,79.725,120.06652
2023-12-15,S002-P0003,Groceries,91,407,83.23,79.725,123.41128
2023-12-16,S002-P0003,Groceries,145,319,84.17,79.725,130.47609
2023-12-17,S002-P0003,Groceries,66,185,76.15,79.725,95.37347
2023-12-18,S002-P0003,Groceries,154,136,76.82,79.725,156.52011
2023-12-19,S002-P0003,Groceries,116,492,76.83,79.725,146.44026
2023-12-20,S002-P0003,Groceries,118,379,86.46,79.725,98.41304
2023-12-21,S002-P0003,Groceries,147,270,94.14,79.725,109.064156
2023-12-22,S002-P0003,Groceries,91,134,74.9,79.725,110.41996
2023-12-23,S002-P0003,Groceries,144,406,88.72,79.725,112.35414
2023-12-24,S002-P0003,Groceries,69,240,69.64,79.725,110.011765
2023-12-25,S002-P0003,Groceries,95,189,72.08,79.725,100.18169
2023-12-26,S002-P0003,Groceries,50,537,71.63,79.725,123.28527
2023-12-27,S002-P0003,Groceries,74,502,55.93,79.725,111.34963
2023-12-28,S002-P0003,Groceries,69,437,65.9,79.725,68.64403
2023-12-29,S002-P0003,Groceries,89,394,74.6,79.725,83.57119
2023-12-30,S002-P0003,Groceries,14,309,55.7,79.725,75.88018
2023-12-31,S002-P0003,Groceries,34,297,67.16,79.725,85.63325
2024-01-01,S002-P0003,Groceries,91,261,75.17,79.725,76.089066
2024-01-02,S002-P0003,Groceries,127,157,88.88,79.725,84.738014
2024-01-03,S002-P0003,Groceries,119,30,91.08,79.725,76.512764
2024-01-04,S002-P0003,Groceries,93,313,79.76,79.725,87.053856
2024-01-05,S002-P0003,Groceries,89,202,66.27,79.725,100.80367
2024-01-06,S002-P0003,Groceries,94,559,67.9,79.725,100.83765
2024-01-07,S002-P0003,Groceries,72,496,66.71,79.725,85.14638
2024-01-08,S002-P0003,Groceries,66,451,64.92,79.725,110.529366
2024-01-09,S002-P0003,Groceries,50,403,71.81,79.725,109.48446
2024-01-10,S002-P0003,Groceries,148,358,84.34,79.725,132.6659
2024-01-11,S002-P0003,Groceries,193,236,79.87,79.725,129.5282
2024-01-12,S002-P0003,Groceries,47,68,63.89,79.725,109.4886
2024-01-13,S002-P0003,Groceries,72,402,73.95,79.725,109.85488
2024-01-14,S002-P0003,Groceries,76,904,79.11,79.725,110.5316
2024-01-15,S002-P0003,Groceries,62,838,71.34,79.725,109.50321
2024-01-16,S002-P0003,Groceries,95,786,71.71,79.725,132.07263
2024-01-17,S002-P0003,Groceries,77,716,71.66,79.725,109.43206
2024-01-18,S002-P0003,Groceries,101,641,81.94,79.725,118.98283
2024-01-19,S002-P0003,Groceries,100,524,68.68,79.725,130.7728
2024-01-20,S002-P0003,Groceries,38,442,58.51,79.725,121.23759
2024-01-21,S002-P0003,Groceries,82,407,80.9,79.725,97.81187
2024-01-22,S002-P0003,Groceries,168,328,79.69,79.725,129.83896
2024-01-23,S002-P0003,Groceries,110,212,88.72,79.725,97.312874
2024-01-24,S002-P0003,Groceries,60,144,56.59,79.725,160.07797
2024-01-25,S002-P0003,Groceries,78,523,71.68,79.725,118.03408
2024-01-26,S002-P0003,Groceries,159,431,87.6,79.725,121.56189
2024-01-27,S002-P0003,Groceries,143,322,88.5,79.725,122.00604
2024-01-28,S002-P0003,Groceries,170,168,79.16,79.725,145.59662
2024-01-29,S002-P0003,Groceries,102,481,82.18,79.725,97.093704
2024-01-30,S002-P0003,Groceries,79,388,72.2,79.725,96.88403
2023-10-03,S002-P0004,Groceries,88,280,40.74,41.235,98.39224
2023-10-04,S002-P0004,Groceries,216,189,46.91,41.235,129.90332
2023-10-05,S002-P0004,Groceries,138,366,47.82,41.235,124.38496
2023-10-06,S002-P0004,Groceries,44,223,31.19,41.235,100.07057
2023-10-07,S002-P0004,Groceries,54,705,32.31,41.235,83.67487
2023-10-08,S002-P0004,Groceries,103,657,42.96,41.235,81.542694
2023-10-09,S002-P0004,Groceries,87,575,36.59,41.235,72.46656
2023-10-10,S002-P0004,Groceries,62,514,35.34,41.235,72.42163
2023-10-11,S002-P0004,Groceries,35,459,28.12,41.235,84.61152
2023-10-12,S002-P0004,Groceries,80,436,35.77,41.235,80.86544
2023-10-13,S002-P0004,Groceries,82,380,37.82,41.235,85.6439
2023-10-14,S002-P0004,Groceries,54,324,34.17,41.235,64.92391
2023-10-15,S002-P0004,Groceries,63,282,35.45,41.235,74.9144
2023-10-16,S002-P0004,Groceries,78,218,39.38,41.235,72.32888
2023-10-17,S002-P0004,Groceries,59,153,27.61,41.235,83.92366
2023-10-18,S002-P0004,Groceries,13,88,24.32,41.235,93.71668
2023-10-19,S002-P0004,Groceries,121,269,40.66,41.235,84.11129
2023-10-20,S002-P0004,Groceries,93,142,37.29,41.235,84.41773
2023-10-21,S002-P0004,Groceries,76,72,35.27,41.235,72.43166
2023-10-22,S002-P0004,Groceries,127,319,43.98,41.235,81.542694
2023-10-23,S002-P0004,Groceries,58,222,38.57,41.235,79.52292
2023-10-24,S002-P0004,Groceries,114,186,46.76,41.235,79.96321
2023-10-25,S002-P0004,Groceries,44,429,32.88,41.235,96.66136
2023-10-26,S002-P0004,Groceries,123,381,43.25,41.235,111.56304
2023-10-27,S002-P0004,Groceries,139,238,47.96,41.235,112.324135
2023-10-28,S002-P0004,Groceries,174,133,44.42,41.235,159.12083
2023-10-29,S002-P0004,Groceries,124,357,45.85,41.235,113.03277
2023-10-30,S002-P0004,Groceries,123,229,45.65,41.235,112.288025
2023-10-31,S002-P0004,Groceries,26,599,32.16,41.235,98.17997
2023-11-01,S002-P0004,Groceries,149,571,39.41,41.235,152.24326
2023-11-02,S002-P0004,Groceries,147,453,46.4,41.235,124.61926
2023-11-03,S002-P0004,Groceries,73,357,38.65,41.235,114.01543
2023-11-04,S002-P0004,Groceries,179,279,47.9,41.235,130.96368
2023-11-05,S002-P0004,Groceries,87,560,34.25,41.235,130.77048
2023-11-06,S002-P0004,Groceries,118,464,47.33,41.235,96.46225
2023-11-07,S002-P0004,Groceries,102,362,40.65,41.235,124.378334
2023-11-08,S002-P0004,Groceries,136,280,37.5,41.235,132.27324
2023-11-09,S002-P0004,Groceries,59,171,36.74,41.235,97.06309
2023-11-10,S002-P0004,Groceries,117,492,47.19,41.235,114.01543
2023-11-11,S002-P0004,Groceries,165,360,41.2,41.235,130.73856
2023-11-12,S002-P0004,Groceries,98,194,42.15,41.235,128.15714
2023-11-13,S002-P0004,Groceries,106,95,45.65,41.235,122.92108
2023-11-14,S002-P0004,Groceries,166,515,51.73,41.235,110.26664
2023-11-15,S002-P0004,Groceries,110,375,46.22,41.235,98.05036
2023-11-16,S002-P0004,Groceries,129,300,44.17,41.235,97.06309
2023-11-17,S002-P0004,Groceries,149,654,46.8,41.235,96.77442
2023-11-18,S002-P0004,Groceries,123,516,34.28,41.235,168.2919
2023-11-19,S002-P0004,Groceries,87,387,32.16,41.235,148.796
2023-11-20,S002-P0004,Groceries,97,314,44.2,41.235,108.52004
2023-11-21,S002-P0004,Groceries,126,205,41.53,41.235,95.75767
2023-11-22,S002-P0004,Groceries,133,105,47.13,41.235,96.49618
2023-11-23,S002-P0004,Groceries,139,233,42.82,41.235,153.33295
2023-11-24,S002-P0004,Groceries,164,478,48.75,41.235,132.57729
2023-11-25,S002-P0004,Groceries,114,359,44.38,41.235,95.96603
2023-11-26,S002-P0004,Groceries,73,256,36.8,41.235,97.9138
2023-11-27,S002-P0004,Groceries,112,660,39.69,41.235,121.978676
2023-11-28,S002-P0004,Groceries,134,571,35.41,41.235,135.44264
2023-11-29,S002-P0004,Groceries,74,439,34.92,41.235,97.508385
2023-11-30,S002-P0004,Groceries,39,374,33.93,41.235,97.10665
2023-12-01,S002-P0004,Groceries,168,345,41.54,41.235,145.53868
2023-12-02,S002-P0004,Groceries,54,212,34.18,41.235,112.24241
2023-12-03,S002-P0004,Groceries,114,155,42.2,41.235,95.001366
2023-12-04,S002-P0004,Groceries,102,622,38.49,41.235,120.31958
2023-12-05,S002-P0004,Groceries,208,504,54.47,41.235,161.08546
2023-12-06,S002-P0004,Groceries,125,320,34.5,41.235,158.93333
2023-12-07,S002-P0004,Groceries,137,201,45.29,41.235,119.561
2023-12-08,S002-P0004,Groceries,74,754,36.79,41.235,95.23192
2023-12-09,S002-P0004,Groceries,168,704,49.4,41.235,123.51577
2023-12-10,S002-P0004,Groceries,154,505,52.61,41.235,111.09955
2023-12-11,S002-P0004,Groceries,136,400,35.65,41.235,127.852684
2023-12-12,S002-P0004,Groceries,131,265,36.92,41.235,128.96872
2023-12-13,S002-P0004,Groceries,114,613,42.25,41.235,123.78571
2023-12-14,S002-P0004,Groceries,110,492,43.88,41.235,120.06652
2023-12-15,S002-P0004,Groceries,116,423,42.32,41.235,120.85163
2023-12-16,S002-P0004,Groceries,141,302,40.63,41.235,129.71751
2023-12-17,S002-P0004,Groceries,146,145,48.91,41.235,95.001366
2023-12-18,S002-P0004,Groceries,92,400,39.18,41.235,120.31958
2023-12-19,S002-P0004,Groceries,54,307,37.97,41.235,111.94692
2023-12-20,S002-P0004,Groceries,93,612,43.7,41.235,98.41304
2023-12-21,S002-P0004,Groceries,150,539,44.55,41.235,109.13247
2023-12-22,S002-P0004,Groceries,178,422,42.08,41.235,144.42148
2023-12-23,S002-P0004,Groceries,135,209,47.37,41.235,112.82381
2023-12-24,S002-P0004,Groceries,205,59,45.68,41.235,145.16849
2023-12-25,S002-P0004,Groceries,112,555,39.52,41.235,128.61893
2023-12-26,S002-P0004,Groceries,99,474,38.12,41.235,122.5863
2023-12-27,S002-P0004,Groceries,79,1033,41.56,41.235,84.60418
2023-12-28,S002-P0004,Groceries,58,967,27.47,41.235,90.53503
2023-12-29,S002-P0004,Groceries,73,899,38.69,41.235,83.57119
2023-12-30,S002-P0004,Groceries,90,819,39.03,41.235,75.88018
2023-12-31,S002-P0004,Groceries,69,763,38.15,41.235,85.63325
2024-01-01,S002-P0004,Groceries,75,708,38.93,41.235,77.181725
2024-01-02,S002-P0004,Groceries,94,659,41.64,41.235,84.738014
2024-01-03,S002-P0004,Groceries,86,561,40.59,41.235,76.512764
2024-01-04,S002-P0004,Groceries,52,507,37.6,41.235,87.053856
2024-01-05,S002-P0004,Groceries,72,464,38.52,41.235,76.58386
2024-01-06,S002-P0004,Groceries,32,382,33.01,41.235,76.90379
2024-01-07,S002-P0004,Groceries,105,350,43.14,41.235,87.00631
2024-01-08,S002-P0004,Groceries,45,254,29.37,41.235,110.110596
2024-01-09,S002-P0004,Groceries,142,216,48.39,41.235,109.48446
2024-01-10,S002-P0004,Groceries,150,424,46.84,41.235,97.54298
2024-01-11,S002-P0004,Groceries,111,298,33.04,41.235,129.5282
2024-01-12,S002-P0004,Groceries,98,227,35.51,41.235,146.75131
2024-01-13,S002-P0004,Groceries,72,659,34.67,41.235,109.46358
2024-01-14,S002-P0004,Groceries,111,597,34.72,41.235,145.59662
2024-01-15,S002-P0004,Groceries,139,466,45.42,41.235,108.97411
2024-01-16,S002-P0004,Groceries,208,367,54.52,41.235,133.14192
2024-01-17,S002-P0004,Groceries,87,230,42.76,41.235,110.02349
2024-01-18,S002-P0004,Groceries,188,618,41.02,41.235,157.47498
2024-01-19,S002-P0004,Groceries,152,458,49.75,41.235,97.470116
2024-01-20,S002-P0004,Groceries,235,291,48.36,41.235,159.57336
2024-01-21,S002-P0004,Groceries,181,760,50.88,41.235,132.92024
2024-01-22,S002-P0004,Groceries,108,556,41.27,41.235,96.87481
2024-01-23,S002-P0004,Groceries,123,427,45.63,41.235,96.88403
2024-01-24,S002-P0004,Groceries,128,332,46.31,41.235,121.373604
2024-01-25,S002-P0004,Groceries,109,236,41.51,41.235,118.44651
2024-01-26,S002-P0004,Groceries,122,531,34.13,41.235,158.85097
2024-01-27,S002-P0004,Groceries,111,454,41.75,41.235,121.23759
2024-01-28,S002-P0004,Groceries,124,328,38.55,41.235,146.53558
2024-01-29,S002-P0004,Groceries,139,250,45.5,41.235,97.093704
2024-01-30,S002-P0004,Groceries,73,129,36.61,41.235,96.76864
2023-10-03,S002-P0005,Electronics,106,227,76.81,86.265,110.87275
2023-10-04,S002-P0005,Electronics,63,110,82.61,86.265,86.04769
2023-10-05,S002-P0005,Electronics,81,376,92.82,86.265,104.34311
2023-10-06,S002-P0005,Electronics,100,284,84.76,86.265,87.75463
2023-10-07,S002-P0005,Electronics,39,217,71.5,86.265,45.269012
2023-10-08,S002-P0005,Electronics,41,172,79.98,86.265,57.22309
2023-10-09,S002-P0005,Electronics,51,519,70.59,86.265,66.72833
2023-10-10,S002-P0005,Electronics,78,468,65.58,86.265,68.4865
2023-10-11,S002-P0005,Electronics,30,388,68.77,86.265,46.616383
2023-10-12,S002-P0005,Electronics,72,354,81.03,86.265,77.27247
2023-10-13,S002-P0005,Electronics,66,283,75.23,86.265,59.831085
2023-10-14,S002-P0005,Electronics,68,205,67.32,86.265,60.197918
2023-10-15,S002-P0005,Electronics,45,132,77.26,86.265,51.941086
2023-10-16,S002-P0005,Electronics,79,364,82.9,86.265,66.21189
2023-10-17,S002-P0005,Electronics,44,278,76.67,86.265,45.785763
2023-10-18,S002-P0005,Electronics,28,226,68.2,86.265,52.16688
2023-10-19,S002-P0005,Electronics,47,201,73.66,86.265,48.478924
2023-10-20,S002-P0005,Electronics,26,522,64.1,86.265,46.264366
2023-10-21,S002-P0005,Electronics,38,497,74.84,86.265,51.336643
2023-10-22,S002-P0005,Electronics,42,459,57.12,86.265,76.49548
2023-10-23,S002-P0005,Electronics,88,428,76.72,86.265,74.93433
2023-10-24,S002-P0005,Electronics,93,358,82.35,86.265,75.992516
2023-10-25,S002-P0005,Electronics,70,299,76.47,86.265,87.44558
2023-10-26,S002-P0005,Electronics,140,225,100.97,86.265,94.63987
2023-10-27,S002-P0005,Electronics,90,385,90.99,86.265,95.641815
2023-10-28,S002-P0005,Electronics,123,318,101.06,86.265,106.40719
2023-10-29,S002-P0005,Electronics,114,176,103.49,86.265,96.163376
2023-10-30,S002-P0005,Electronics,46,713,69.72,86.265,96.173706
2023-10-31,S002-P0005,Electronics,101,668,94.4,86.265,85.33379
2023-11-01,S002-P0005,Electronics,143,598,85.84,86.265,128.8489
2023-11-02,S002-P0005,Electronics,83,427,84.34,86.265,102.67577
2023-11-03,S002-P0005,Electronics,77,360,65.25,86.265,125.26035
2023-11-04,S002-P0005,Electronics,149,287,91.91,86.265,111.33309
2023-11-05,S002-P0005,Electronics,179,860,112.3,86.265,109.95895
2023-11-06,S002-P0005,Electronics,99,668,84.32,86.265,83.815056
2023-11-07,S002-P0005,Electronics,97,593,93.26,86.265,105.83903
2023-11-08,S002-P0005,Electronics,94,505,92.28,86.265,84.13639
2023-11-09,S002-P0005,Electronics,93,419,87.21,86.265,80.74715
2023-11-10,S002-P0005,Electronics,18,341,61.94,86.265,96.68661
2023-11-11,S002-P0005,Electronics,113,327,103.35,86.265,84.36393
2023-11-12,S002-P0005,Electronics,158,249,106.51,86.265,106.11423
2023-11-13,S002-P0005,Electronics,107,552,86.04,86.265,138.01773
2023-11-14,S002-P0005,Electronics,180,477,88.99,86.265,128.7829
2023-11-15,S002-P0005,Electronics,46,303,73.64,86.265,85.414696
2023-11-16,S002-P0005,Electronics,116,852,99.14,86.265,81.2494
2023-11-17,S002-P0005,Electronics,114,768,98.34,86.265,86.835594
2023-11-18,S002-P0005,Electronics,83,646,80.08,86.265,105.46964
2023-11-19,S002-P0005,Electronics,143,594,101.57,86.265,124.61817
2023-11-20,S002-P0005,Electronics,124,457,81.17,86.265,125.37727
2023-11-21,S002-P0005,Electronics,66,368,83.59,86.265,83.56638
2023-11-22,S002-P0005,Electronics,112,314,88.04,86.265,83.96232
2023-11-23,S002-P0005,Electronics,138,835,94.57,86.265,126.20042
2023-11-24,S002-P0005,Electronics,85,735,80.49,86.265,86.44023
2023-11-25,S002-P0005,Electronics,54,653,63.87,86.265,111.33309
2023-11-26,S002-P0005,Electronics,85,616,94.09,86.265,88.088295
2023-11-27,S002-P0005,Electronics,142,526,112.69,86.265,103.15605
2023-11-28,S002-P0005,Electronics,51,434,74.95,86.265,83.91671
2023-11-29,S002-P0005,Electronics,85,397,84.9,86.265,85.414696
2023-11-30,S002-P0005,Electronics,143,334,96.73,86.265,82.017784
2023-12-01,S002-P0005,Electronics,119,813,84.12,86.265,119.94243
2023-12-02,S002-P0005,Electronics,97,732,93.15,86.265,94.89857
2023-12-03,S002-P0005,Electronics,61,620,82.09,86.265,83.05004
2023-12-04,S002-P0005,Electronics,114,552,93.56,86.265,103.17649
2023-12-05,S002-P0005,Electronics,163,425,102.2,86.265,131.70235
2023-12-06,S002-P0005,Electronics,145,291,102.18,86.265,105.73574
2023-12-07,S002-P0005,Electronics,63,151,87.15,86.265,101.74892
2023-12-08,S002-P0005,Electronics,86,112,80.75,86.265,83.52537
2023-12-09,S002-P0005,Electronics,75,724,77.67,86.265,105.30659
2023-12-10,S002-P0005,Electronics,97,651,93.27,86.265,93.25117
2023-12-11,S002-P0005,Electronics,63,554,78.51,86.265,86.47114
2023-12-12,S002-P0005,Electronics,86,502,76.29,86.265,108.667076
2023-12-13,S002-P0005,Electronics,103,445,100.14,86.265,104.91389
2023-12-14,S002-P0005,Electronics,184,342,102.15,86.265,129.82077
2023-12-15,S002-P0005,Electronics,147,192,91.55,86.265,131.66196
2023-12-16,S002-P0005,Electronics,82,85,79.68,86.265,109.04957
2023-12-17,S002-P0005,Electronics,84,381,66.75,86.265,107.63362
2023-12-18,S002-P0005,Electronics,137,1075,100.23,86.265,103.17649
2023-12-19,S002-P0005,Electronics,101,939,79.44,86.265,120.89347
2023-12-20,S002-P0005,Electronics,122,859,95.86,86.265,85.84972
2023-12-21,S002-P0005,Electronics,110,745,102.17,86.265,93.26304
2023-12-22,S002-P0005,Electronics,157,675,94.87,86.265,119.90759
2023-12-23,S002-P0005,Electronics,99,496,89.15,86.265,95.40702
2023-12-24,S002-P0005,Electronics,139,400,111.77,86.265,92.71701
2023-12-25,S002-P0005,Electronics,91,289,86.63,86.265,87.27622
2023-12-26,S002-P0005,Electronics,63,773,82.68,86.265,104.2501
2023-12-27,S002-P0005,Electronics,54,725,71.78,86.265,57.597347
2023-12-28,S002-P0005,Electronics,72,683,72.68,86.265,62.200275
2023-12-29,S002-P0005,Electronics,71,604,85.19,86.265,55.75828
2023-12-30,S002-P0005,Electronics,47,546,69.87,86.265,52.02022
2023-12-31,S002-P0005,Electronics,44,516,69.12,86.265,55.51688
2024-01-01,S002-P0005,Electronics,55,472,84.38,86.265,48.921284
2024-01-02,S002-P0005,Electronics,54,437,72.03,86.265,76.87711
2024-01-03,S002-P0005,Electronics,97,393,73.59,86.265,68.14215
2024-01-04,S002-P0005,Electronics,39,284,71.36,86.265,55.41203
2024-01-05,S002-P0005,Electronics,75,258,73.44,86.265,66.10073
2024-01-06,S002-P0005,Electronics,42,191,72.45,86.265,49.992405
2024-01-07,S002-P0005,Electronics,57,497,76.83,86.265,54.457653
2024-01-08,S002-P0005,Electronics,93,442,91.85,86.265,53.71633
2024-01-09,S002-P0005,Electronics,115,373,98.71,86.265,93.81228
2024-01-10,S002-P0005,Electronics,74,271,81.41,86.265,84.634285
2024-01-11,S002-P0005,Electronics,81,213,83.71,86.265,83.42088
2024-01-12,S002-P0005,Electronics,103,586,85.54,86.265,92.85001
2024-01-13,S002-P0005,Electronics,30,487,65.17,86.265,94.50956
2024-01-14,S002-P0005,Electronics,99,462,88.91,86.265,92.212105
2024-01-15,S002-P0005,Electronics,63,346,82.57,86.265,92.670616
2024-01-16,S002-P0005,Electronics,115,286,77.99,86.265,110.468285
2024-01-17,S002-P0005,Electronics,113,167,98.17,86.265,94.70002
2024-01-18,S002-P0005,Electronics,37,374,70.61,86.265,100.89095
2024-01-19,S002-P0005,Electronics,115,348,88.89,86.265,109.37692
2024-01-20,S002-P0005,Electronics,199,224,98.39,86.265,134.28798
2024-01-21,S002-P0005,Electronics,88,601,85.69,86.265,108.787674
2024-01-22,S002-P0005,Electronics,79,517,87.7,86.265,84.4529
2024-01-23,S002-P0005,Electronics,95,460,87.64,86.265,83.85015
2024-01-24,S002-P0005,Electronics,77,1218,77.82,86.265,134.43234
2024-01-25,S002-P0005,Electronics,133,1130,104.22,86.265,100.71136
2024-01-26,S002-P0005,Electronics,175,992,98.74,86.265,132.61299
2024-01-27,S002-P0005,Electronics,132,862,83.2,86.265,134.16742
2024-01-28,S002-P0005,Electronics,101,728,94.35,86.265,91.95754
2024-01-29,S002-P0005,Electronics,68,625,88.55,86.265,84.28774
2024-01-30,S002-P0005,Electronics,138,552,105.91,86.265,83.33996
2023-10-03,S002-P0006,Clothing,98,75,59.56,63.71,88.05625
2023-10-04,S002-P0006,Clothing,129,105,57.62,63.71,115.604065
2023-10-05,S002-P0006,Clothing,15,138,45.64,63.71,107.841866
2023-10-06,S002-P0006,Clothing,58,127,57.54,63.71,88.2842
2023-10-07,S002-P0006,Clothing,70,64,60.08,63.71,86.55433
2023-10-08,S002-P0006,Clothing,84,70,66.57,63.71,104.24519
2023-10-09,S002-P0006,Clothing,125,72,68.29,63.71,93.09484
2023-10-10,S002-P0006,Clothing,114,146,58.73,63.71,117.86411
2023-10-11,S002-P0006,Clothing,119,113,56.72,63.71,107.59834
2023-10-12,S002-P0006,Clothing,152,146,70.31,63.71,102.51131
2023-10-13,S002-P0006,Clothing,63,166,58.67,63.71,86.38589
2023-10-14,S002-P0006,Clothing,118,115,52.89,63.71,107.763054
2023-10-15,S002-P0006,Clothing,117,137,70.33,63.71,95.687675
2023-10-16,S002-P0006,Clothing,147,174,64.83,63.71,116.38644
2023-10-17,S002-P0006,Clothing,114,177,69.62,63.71,86.66469
2023-10-18,S002-P0006,Clothing,96,98,56.0,63.71,118.12385
2023-10-19,S002-P0006,Clothing,70,101,50.68,63.71,108.11802
2023-10-20,S002-P0006,Clothing,62,111,55.37,63.71,87.40301
2023-10-21,S002-P0006,Clothing,111,44,69.11,63.71,93.75204
2023-10-22,S002-P0006,Clothing,77,104,58.43,63.71,130.17064
2023-10-23,S002-P0006,Clothing,72,82,57.33,63.71,127.41053
2023-10-24,S002-P0006,Clothing,114,97,69.83,63.71,102.24975
2023-10-25,S002-P0006,Clothing,142,147,63.8,63.71,117.81591
2023-10-26,S002-P0006,Clothing,93,134,65.13,63.71,98.6416
2023-10-27,S002-P0006,Clothing,127,133,76.43,63.71,97.27766
2023-10-28,S002-P0006,Clothing,142,153,72.1,63.71,107.67863
2023-10-29,S002-P0006,Clothing,45,133,51.93,63.71,97.519165
2023-10-30,S002-P0006,Clothing,78,86,61.76,63.71,97.92955
2023-10-31,S002-P0006,Clothing,108,126,65.0,63.71,88.24899
2023-11-01,S002-P0006,Clothing,145,116,76.43,63.71,98.05392
2023-11-02,S002-P0006,Clothing,163,131,80.41,63.71,109.52596
2023-11-03,S002-P0006,Clothing,99,200,66.44,63.71,98.45281
2023-11-04,S002-P0006,Clothing,60,131,57.94,63.71,87.93336
2023-11-05,S002-P0006,Clothing,141,93,71.78,63.71,91.1576
2023-11-06,S002-P0006,Clothing,87,116,60.55,63.71,88.69328
2023-11-07,S002-P0006,Clothing,137,132,67.23,63.71,108.71163
2023-11-08,S002-P0006,Clothing,80,170,62.28,63.71,88.22404
2023-11-09,S002-P0006,Clothing,98,114,56.3,63.71,118.67593
2023-11-10,S002-P0006,Clothing,105,134,53.42,63.71,126.524086
2023-11-11,S002-P0006,Clothing,127,134,65.27,63.71,87.98391
2023-11-12,S002-P0006,Clothing,194,173,82.53,63.71,141.01283
2023-11-13,S002-P0006,Clothing,176,223,62.51,63.71,139.55286
2023-11-14,S002-P0006,Clothing,56,228,57.05,63.71,98.64732
2023-11-15,S002-P0006,Clothing,70,167,47.42,63.71,116.07465
2023-11-16,S002-P0006,Clothing,91,88,64.77,63.71,90.41562
2023-11-17,S002-P0006,Clothing,85,107,57.02,63.71,116.31845
2023-11-18,S002-P0006,Clothing,88,80,51.31,63.71,142.10841
2023-11-19,S002-P0006,Clothing,100,82,63.22,63.71,98.62297
2023-11-20,S002-P0006,Clothing,164,120,72.55,63.71,98.09774
2023-11-21,S002-P0006,Clothing,84,171,63.21,63.71,88.41793
2023-11-22,S002-P0006,Clothing,143,76,72.12,63.71,117.306175
2023-11-23,S002-P0006,Clothing,65,119,55.95,63.71,98.76693
2023-11-24,S002-P0006,Clothing,74,46,54.89,63.71,89.427414
2023-11-25,S002-P0006,Clothing,133,81,77.68,63.71,88.20516
2023-11-26,S002-P0006,Clothing,42,134,56.7,63.71,91.71195
2023-11-27,S002-P0006,Clothing,140,84,59.62,63.71,139.55286
2023-11-28,S002-P0006,Clothing,77,161,49.36,63.71,115.84387
2023-11-29,S002-P0006,Clothing,69,79,53.89,63.71,86.7962
2023-11-30,S002-P0006,Clothing,73,73,60.82,63.71,88.60642
2023-12-01,S002-P0006,Clothing,124,96,71.9,63.71,116.64743
2023-12-02,S002-P0006,Clothing,161,133,80.1,63.71,116.81156
2023-12-03,S002-P0006,Clothing,137,187,67.19,63.71,133.79437
2023-12-04,S002-P0006,Clothing,80,25,62.19,63.71,127.31277
2023-12-05,S002-P0006,Clothing,158,85,71.34,63.71,127.7306
2023-12-06,S002-P0006,Clothing,86,157,50.24,63.71,160.45729
2023-12-07,S002-P0006,Clothing,161,65,71.66,63.71,159.99995
2023-12-08,S002-P0006,Clothing,176,129,66.64,63.71,132.83832
2023-12-09,S002-P0006,Clothing,146,221,60.53,63.71,160.99567
2023-12-10,S002-P0006,Clothing,115,55,69.96,63.71,116.22891
2023-12-11,S002-P0006,Clothing,125,100,65.0,63.71,106.32101
2023-12-12,S002-P0006,Clothing,100,146,53.34,63.71,134.61795
2023-12-13,S002-P0006,Clothing,140,128,75.41,63.71,128.30995
2023-12-14,S002-P0006,Clothing,203,138,80.21,63.71,128.71254
2023-12-15,S002-P0006,Clothing,255,199,95.18,63.71,159.8051
2023-12-16,S002-P0006,Clothing,36,280,52.72,63.71,105.594025
2023-12-17,S002-P0006,Clothing,148,250,61.67,63.71,132.9748
2023-12-18,S002-P0006,Clothing,214,144,77.13,63.71,158.3282
2023-12-19,S002-P0006,Clothing,121,232,75.1,63.71,117.26168
2023-12-20,S002-P0006,Clothing,107,139,68.18,63.71,106.217316
2023-12-21,S002-P0006,Clothing,106,176,54.39,63.71,147.78365
2023-12-22,S002-P0006,Clothing,40,58,50.67,63.71,115.4991
2023-12-23,S002-P0006,Clothing,94,69,65.38,63.71,117.45688
2023-12-24,S002-P0006,Clothing,90,97,64.42,63.71,116.22891
2023-12-25,S002-P0006,Clothing,142,143,75.94,63.71,106.22791
2023-12-26,S002-P0006,Clothing,97,156,66.02,63.71,128.64987
2023-12-27,S002-P0006,Clothing,139,65,71.23,63.71,116.83737
2023-12-28,S002-P0006,Clothing,81,126,59.43,63.71,102.086464
2023-12-29,S002-P0006,Clothing,76,150,58.2,63.71,116.90757
2023-12-30,S002-P0006,Clothing,157,88,75.24,63.71,107.06509
2023-12-31,S002-P0006,Clothing,121,172,75.0,63.71,118.42122
2024-01-01,S002-P0006,Clothing,83,73,59.7,63.71,109.37495
2024-01-02,S002-P0006,Clothing,201,80,84.08,63.71,145.77869
2024-01-03,S002-P0006,Clothing,128,198,57.46,63.71,133.38052
2024-01-04,S002-P0006,Clothing,205,100,80.26,63.71,146.11877
2024-01-05,S002-P0006,Clothing,136,173,78.52,63.71,110.427284
2024-01-06,S002-P0006,Clothing,102,160,60.32,63.71,108.40624
2024-01-07,S002-P0006,Clothing,103,68,67.4,63.71,121.27539
2024-01-08,S002-P0006,Clothing,195,116,82.8,63.71,145.58249
2024-01-09,S002-P0006,Clothing,138,201,67.44,63.71,118.79757
2024-01-10,S002-P0006,Clothing,113,52,65.99,63.71,106.41336
2024-01-11,S002-P0006,Clothing,90,99,64.49,63.71,108.42523
2024-01-12,S002-P0006,Clothing,117,90,52.81,63.71,149.37616
2024-01-13,S002-P0006,Clothing,85,117,60.03,63.71,119.13584
2024-01-14,S002-P0006,Clothing,113,123,69.41,63.71,118.978905
2024-01-15,S002-P0006,Clothing,103,181,70.86,63.71,119.29524
2024-01-16,S002-P0006,Clothing,91,75,68.14,63.71,106.73827
2024-01-17,S002-P0006,Clothing,21,108,49.39,63.71,119.47144
2024-01-18,S002-P0006,Clothing,72,95,54.45,63.71,131.08148
2024-01-19,S002-P0006,Clothing,87,100,57.48,63.71,105.62648
2024-01-20,S002-P0006,Clothing,96,96,62.42,63.71,131.09848
2024-01-21,S002-P0006,Clothing,84,140,50.49,63.71,135.02887
2024-01-22,S002-P0006,Clothing,88,61,64.09,63.71,107.46338
2024-01-23,S002-P0006,Clothing,80,102,52.88,63.71,136.21603
2024-01-24,S002-P0006,Clothing,165,91,60.63,63.71,163.48068
2024-01-25,S002-P0006,Clothing,226,134,79.33,63.71,162.61336
2024-01-26,S002-P0006,Clothing,121,252,64.21,63.71,129.73561
2024-01-27,S002-P0006,Clothing,167,112,81.28,63.71,132.17795
2024-01-28,S002-P0006,Clothing,167,181,72.83,63.71,149.17726
2024-01-29,S002-P0006,Clothing,100,167,63.2,63.71,107.63566
2024-01-30,S002-P0006,Clothing,118,98,63.58,63.71,106.29228
2023-10-03,S002-P0007,Toys,86,244,26.23,26.064999999999998,83.9224
2023-10-04,S002-P0007,Toys,79,168,28.45,26.064999999999998,85.520424
2023-10-05,S002-P0007,Toys,138,436,29.31,26.064999999999998,99.17382
2023-10-06,S002-P0007,Toys,64,349,20.16,26.064999999999998,115.351006
2023-10-07,S002-P0007,Toys,46,274,21.43,26.064999999999998,44.241158
2023-10-08,S002-P0007,Toys,30,571,21.21,26.064999999999998,41.036255
2023-10-09,S002-P0007,Toys,13,552,18.61,26.064999999999998,32.782887
2023-10-10,S002-P0007,Toys,38,539,18.2,26.064999999999998,48.08236
2023-10-11,S002-P0007,Toys,37,514,19.57,26.064999999999998,41.047577
2023-10-12,S002-P0007,Toys,17,490,21.1,26.064999999999998,39.8713
2023-10-13,S002-P0007,Toys,15,475,21.96,26.064999999999998,31.603842
2023-10-14,S002-P0007,Toys,26,461,19.63,26.064999999999998,40.887703
2023-10-15,S002-P0007,Toys,47,431,25.22,26.064999999999998,37.06072
2023-10-16,S002-P0007,Toys,13,378,20.69,26.064999999999998,34.073177
2023-10-17,S002-P0007,Toys,41,370,22.13,26.064999999999998,27.694883
2023-10-18,S002-P0007,Toys,77,336,22.82,26.064999999999998,48.050472
2023-10-19,S002-P0007,Toys,7,277,21.19,26.064999999999998,30.709454
2023-10-20,S002-P0007,Toys,12,273,21.66,26.064999999999998,32.067238
2023-10-21,S002-P0007,Toys,43,266,18.85,26.064999999999998,48.00581
2023-10-22,S002-P0007,Toys,39,222,23.15,26.064999999999998,41.036255
2023-10-23,S002-P0007,Toys,31,177,21.24,26.064999999999998,36.801052
2023-10-24,S002-P0007,Toys,30,156,21.17,26.064999999999998,38.01894
2023-10-25,S002-P0007,Toys,101,125,22.95,26.064999999999998,111.726105
2023-10-26,S002-P0007,Toys,125,8,31.37,26.064999999999998,90.805565
2023-10-27,S002-P0007,Toys,52,86,24.42,26.064999999999998,95.93647
2023-10-28,S002-P0007,Toys,130,357,31.89,26.064999999999998,103.15012
2023-10-29,S002-P0007,Toys,59,672,23.77,26.064999999999998,95.92542
2023-10-30,S002-P0007,Toys,121,627,30.98,26.064999999999998,93.93314
2023-10-31,S002-P0007,Toys,76,494,24.04,26.064999999999998,83.57598
2023-11-01,S002-P0007,Toys,44,429,23.69,26.064999999999998,96.463844
2023-11-02,S002-P0007,Toys,109,378,31.4,26.064999999999998,102.48763
2023-11-03,S002-P0007,Toys,87,255,29.21,26.064999999999998,97.328835
2023-11-04,S002-P0007,Toys,162,153,33.01,26.064999999999998,78.64724
2023-11-05,S002-P0007,Toys,105,312,25.08,26.064999999999998,109.233284
2023-11-06,S002-P0007,Toys,57,237,26.21,26.064999999999998,80.14433
2023-11-07,S002-P0007,Toys,225,740,38.69,26.064999999999998,141.03987
2023-11-08,S002-P0007,Toys,76,582,26.67,26.064999999999998,79.4007
2023-11-09,S002-P0007,Toys,158,524,34.53,26.064999999999998,77.08001
2023-11-10,S002-P0007,Toys,89,1151,25.14,26.064999999999998,96.620056
2023-11-11,S002-P0007,Toys,75,1050,25.28,26.064999999999998,78.66734
2023-11-12,S002-P0007,Toys,132,985,33.71,26.064999999999998,105.691284
2023-11-13,S002-P0007,Toys,155,853,30.64,26.064999999999998,139.55453
2023-11-14,S002-P0007,Toys,113,679,31.8,26.064999999999998,95.351295
2023-11-15,S002-P0007,Toys,93,587,28.34,26.064999999999998,85.745766
2023-11-16,S002-P0007,Toys,83,513,23.25,26.064999999999998,106.693985
2023-11-17,S002-P0007,Toys,89,426,25.18,26.064999999999998,109.03371
2023-11-18,S002-P0007,Toys,167,360,29.8,26.064999999999998,140.34785
2023-11-19,S002-P0007,Toys,90,241,28.05,26.064999999999998,97.216805
2023-11-20,S002-P0007,Toys,118,158,32.27,26.064999999999998,94.530785
2023-11-21,S002-P0007,Toys,107,496,23.39,26.064999999999998,108.47715
2023-11-22,S002-P0007,Toys,74,425,22.34,26.064999999999998,108.4438
2023-11-23,S002-P0007,Toys,136,363,24.33,26.064999999999998,126.20598
2023-11-24,S002-P0007,Toys,118,208,27.65,26.064999999999998,81.92077
2023-11-25,S002-P0007,Toys,124,77,29.67,26.064999999999998,78.66734
2023-11-26,S002-P0007,Toys,125,426,28.25,26.064999999999998,109.42005
2023-11-27,S002-P0007,Toys,128,302,28.5,26.064999999999998,101.47764
2023-11-28,S002-P0007,Toys,74,152,27.95,26.064999999999998,84.841545
2023-11-29,S002-P0007,Toys,88,496,27.82,26.064999999999998,85.0713
2023-11-30,S002-P0007,Toys,71,424,24.86,26.064999999999998,82.473854
2023-12-01,S002-P0007,Toys,50,346,23.0,26.064999999999998,96.44016
2023-12-02,S002-P0007,Toys,149,293,30.08,26.064999999999998,122.81718
2023-12-03,S002-P0007,Toys,58,136,23.73,26.064999999999998,85.3789
2023-12-04,S002-P0007,Toys,151,81,30.48,26.064999999999998,105.74456
2023-12-05,S002-P0007,Toys,44,472,21.29,26.064999999999998,102.26893
2023-12-06,S002-P0007,Toys,135,438,29.05,26.064999999999998,135.04414
2023-12-07,S002-P0007,Toys,112,308,27.13,26.064999999999998,134.35756
2023-12-08,S002-P0007,Toys,105,193,29.47,26.064999999999998,86.72691
2023-12-09,S002-P0007,Toys,53,452,25.82,26.064999999999998,104.08283
2023-12-10,S002-P0007,Toys,132,410,25.63,26.064999999999998,126.57759
2023-12-11,S002-P0007,Toys,131,328,26.88,26.064999999999998,114.28825
2023-12-12,S002-P0007,Toys,59,233,22.55,26.064999999999998,83.861694
2023-12-13,S002-P0007,Toys,113,562,27.22,26.064999999999998,103.0602
2023-12-14,S002-P0007,Toys,38,436,23.08,26.064999999999998,103.12829
2023-12-15,S002-P0007,Toys,105,413,22.06,26.064999999999998,136.25955
2023-12-16,S002-P0007,Toys,105,347,23.26,26.064999999999998,111.56119
2023-12-17,S002-P0007,Toys,100,241,28.96,26.064999999999998,85.89823
2023-12-18,S002-P0007,Toys,173,158,34.13,26.064999999999998,106.008385
2023-12-19,S002-P0007,Toys,75,371,21.03,26.064999999999998,123.536064
2023-12-20,S002-P0007,Toys,57,314,23.68,26.064999999999998,85.45359
2023-12-21,S002-P0007,Toys,63,864,22.91,26.064999999999998,93.26207
2023-12-22,S002-P0007,Toys,42,817,23.49,26.064999999999998,97.21181
2023-12-23,S002-P0007,Toys,133,775,28.87,26.064999999999998,123.44097
2023-12-24,S002-P0007,Toys,126,621,24.86,26.064999999999998,126.06905
2023-12-25,S002-P0007,Toys,92,494,26.82,26.064999999999998,86.151375
2023-12-26,S002-P0007,Toys,76,422,24.02,26.064999999999998,102.26893
2023-12-27,S002-P0007,Toys,20,343,22.47,26.064999999999998,35.46195
2023-12-28,S002-P0007,Toys,19,331,20.18,26.064999999999998,27.540594
2023-12-29,S002-P0007,Toys,16,315,22.07,26.064999999999998,37.234997
2023-12-30,S002-P0007,Toys,9,304,18.28,26.064999999999998,31.652494
2023-12-31,S002-P0007,Toys,30,299,20.07,26.064999999999998,37.075306
2024-01-01,S002-P0007,Toys,36,269,20.49,26.064999999999998,45.280567
2024-01-02,S002-P0007,Toys,32,239,21.33,26.064999999999998,32.259235
2024-01-03,S002-P0007,Toys,61,204,21.46,26.064999999999998,45.0552
2024-01-04,S002-P0007,Toys,62,150,21.36,26.064999999999998,52.720234
2024-01-05,S002-P0007,Toys,9,81,19.35,26.064999999999998,30.16697
2024-01-06,S002-P0007,Toys,67,237,23.28,26.064999999999998,29.712334
2024-01-07,S002-P0007,Toys,49,191,21.71,26.064999999999998,33.32195
2024-01-08,S002-P0007,Toys,30,152,21.14,26.064999999999998,33.219902
2024-01-09,S002-P0007,Toys,67,326,25.87,26.064999999999998,92.639626
2024-01-10,S002-P0007,Toys,137,266,27.4,26.064999999999998,111.17487
2024-01-11,S002-P0007,Toys,50,131,24.24,26.064999999999998,81.916725
2024-01-12,S002-P0007,Toys,43,94,22.31,26.064999999999998,94.55035
2024-01-13,S002-P0007,Toys,56,526,23.54,26.064999999999998,122.657814
2024-01-14,S002-P0007,Toys,120,485,32.56,26.064999999999998,95.22491
2024-01-15,S002-P0007,Toys,115,412,30.43,26.064999999999998,94.30449
2024-01-16,S002-P0007,Toys,134,313,28.81,26.064999999999998,109.547
2024-01-17,S002-P0007,Toys,99,161,21.65,26.064999999999998,124.10806
2024-01-18,S002-P0007,Toys,49,454,24.1,26.064999999999998,101.28266
2024-01-19,S002-P0007,Toys,61,415,25.25,26.064999999999998,86.072914
2024-01-20,S002-P0007,Toys,101,355,22.92,26.064999999999998,134.43872
2024-01-21,S002-P0007,Toys,47,262,23.9,26.064999999999998,85.75947
2024-01-22,S002-P0007,Toys,68,231,25.96,26.064999999999998,85.02555
2024-01-23,S002-P0007,Toys,104,425,26.47,26.064999999999998,83.20118
2024-01-24,S002-P0007,Toys,99,307,28.91,26.064999999999998,103.073524
2024-01-25,S002-P0007,Toys,155,196,28.8,26.064999999999998,133.86356
2024-01-26,S002-P0007,Toys,75,24,25.23,26.064999999999998,102.63195
2024-01-27,S002-P0007,Toys,174,271,28.81,26.064999999999998,133.96432
2024-01-28,S002-P0007,Toys,60,550,25.23,26.064999999999998,95.22491
2024-01-29,S002-P0007,Toys,129,491,30.06,26.064999999999998,84.68707
2024-01-30,S002-P0007,Toys,109,414,26.84,26.064999999999998,83.20118
2023-10-03,S002-P0008,Groceries,74,169,22.51,25.54,98.797905
2023-10-04,S002-P0008,Groceries,106,102,23.67,25.54,129.90047
2023-10-05,S002-P0008,Groceries,97,108,27.03,25.54,124.388725
2023-10-06,S002-P0008,Groceries,154,110,27.53,25.54,100.07057
2023-10-07,S002-P0008,Groceries,65,156,21.75,25.54,64.52405
2023-10-08,S002-P0008,Groceries,172,92,25.69,25.54,104.07941
2023-10-09,S002-P0008,Groceries,119,164,26.23,25.54,72.26269
2023-10-10,S002-P0008,Groceries,59,166,21.27,25.54,72.49445
2023-10-11,S002-P0008,Groceries,75,125,22.64,25.54,64.891556
2023-10-12,S002-P0008,Groceries,122,122,25.05,25.54,103.06231
2023-10-13,S002-P0008,Groceries,75,170,22.65,25.54,66.99237
2023-10-14,S002-P0008,Groceries,97,105,23.12,25.54,64.92391
2023-10-15,S002-P0008,Groceries,99,130,25.88,25.54,74.9144
2023-10-16,S002-P0008,Groceries,63,151,20.54,25.54,72.46656
2023-10-17,S002-P0008,Groceries,108,90,24.01,25.54,64.652466
2023-10-18,S002-P0008,Groceries,117,118,20.57,25.54,93.93149
2023-10-19,S002-P0008,Groceries,93,140,19.04,25.54,84.63335
2023-10-20,S002-P0008,Groceries,59,143,21.26,25.54,66.54187
2023-10-21,S002-P0008,Groceries,125,101,25.15,25.54,93.9989
2023-10-22,S002-P0008,Groceries,94,110,24.2,25.54,81.542694
2023-10-23,S002-P0008,Groceries,148,112,28.47,25.54,102.984924
2023-10-24,S002-P0008,Groceries,66,170,20.78,25.54,80.07638
2023-10-25,S002-P0008,Groceries,117,121,27.44,25.54,97.08556
2023-10-26,S002-P0008,Groceries,31,107,20.08,25.54,111.436844
2023-10-27,S002-P0008,Groceries,122,77,22.28,25.54,145.65915
2023-10-28,S002-P0008,Groceries,118,107,26.16,25.54,123.576355
2023-10-29,S002-P0008,Groceries,85,129,25.95,25.54,113.59767
2023-10-30,S002-P0008,Groceries,133,103,27.3,25.54,112.57563
2023-10-31,S002-P0008,Groceries,101,142,23.44,25.54,98.797905
2023-11-01,S002-P0008,Groceries,93,167,24.01,25.54,111.28727
2023-11-02,S002-P0008,Groceries,81,83,24.33,25.54,124.1563
2023-11-03,S002-P0008,Groceries,154,96,28.97,25.54,150.79308
2023-11-04,S002-P0008,Groceries,69,149,23.32,25.54,95.96603
2023-11-05,S002-P0008,Groceries,156,99,29.15,25.54,133.06436
2023-11-06,S002-P0008,Groceries,129,148,26.97,25.54,96.608826
2023-11-07,S002-P0008,Groceries,103,174,23.59,25.54,124.59663
2023-11-08,S002-P0008,Groceries,79,51,25.46,25.54,96.65264
2023-11-09,S002-P0008,Groceries,144,79,25.02,25.54,133.99727
2023-11-10,S002-P0008,Groceries,131,170,21.43,25.54,148.3694
2023-11-11,S002-P0008,Groceries,75,191,23.87,25.54,95.57573
2023-11-12,S002-P0008,Groceries,157,108,25.99,25.54,165.55405
2023-11-13,S002-P0008,Groceries,149,136,25.35,25.54,167.31134
2023-11-14,S002-P0008,Groceries,33,208,21.33,25.54,110.532326
2023-11-15,S002-P0008,Groceries,98,183,25.82,25.54,97.71616
2023-11-16,S002-P0008,Groceries,146,83,28.29,25.54,97.57955
2023-11-17,S002-P0008,Groceries,118,171,20.65,25.54,129.32158
2023-11-18,S002-P0008,Groceries,154,81,25.95,25.54,167.80225
2023-11-19,S002-P0008,Groceries,86,151,23.52,25.54,114.01157
2023-11-20,S002-P0008,Groceries,26,77,14.74,25.54,151.54732
2023-11-21,S002-P0008,Groceries,50,59,21.68,25.54,95.538795
2023-11-22,S002-P0008,Groceries,65,65,24.24,25.54,96.65264
2023-11-23,S002-P0008,Groceries,118,78,26.15,25.54,109.922066
2023-11-24,S002-P0008,Groceries,85,103,19.51,25.54,129.32158
2023-11-25,S002-P0008,Groceries,142,88,29.55,25.54,95.96603
2023-11-26,S002-P0008,Groceries,150,145,28.67,25.54,96.88734
2023-11-27,S002-P0008,Groceries,198,220,36.15,25.54,122.92108
2023-11-28,S002-P0008,Groceries,112,235,28.4,25.54,97.18313
2023-11-29,S002-P0008,Groceries,113,147,27.03,25.54,98.05036
2023-11-30,S002-P0008,Groceries,163,140,31.35,25.54,97.20594
2023-12-01,S002-P0008,Groceries,85,173,23.42,25.54,110.41996
2023-12-02,S002-P0008,Groceries,127,95,26.84,25.54,112.35414
2023-12-03,S002-P0008,Groceries,119,102,29.06,25.54,95.37347
2023-12-04,S002-P0008,Groceries,97,124,24.37,25.54,158.65588
2023-12-05,S002-P0008,Groceries,235,126,33.54,25.54,159.97284
2023-12-06,S002-P0008,Groceries,181,247,31.21,25.54,123.78571
2023-12-07,S002-P0008,Groceries,153,88,27.43,25.54,119.34802
2023-12-08,S002-P0008,Groceries,95,173,24.19,25.54,95.23192
2023-12-09,S002-P0008,Groceries,76,76,22.64,25.54,123.20455
2023-12-10,S002-P0008,Groceries,106,64,26.48,25.54,110.011765
2023-12-11,S002-P0008,Groceries,71,110,22.27,25.54,100.18169
2023-12-12,S002-P0008,Groceries,64,111,18.06,25.54,128.96872
2023-12-13,S002-P0008,Groceries,159,136,31.03,25.54,123.78571
2023-12-14,S002-P0008,Groceries,215,189,32.0,25.54,156.48828
2023-12-15,S002-P0008,Groceries,211,241,29.8,25.54,159.25879
2023-12-16,S002-P0008,Groceries,104,340,26.28,25.54,97.48263
2023-12-17,S002-P0008,Groceries,105,276,23.59,25.54,127.062836
2023-12-18,S002-P0008,Groceries,119,178,24.84,25.54,120.31958
2023-12-19,S002-P0008,Groceries,73,36,22.49,25.54,111.54446
2023-12-20,S002-P0008,Groceries,68,87,18.36,25.54,130.0752
2023-12-21,S002-P0008,Groceries,126,89,25.33,25.54,109.13247
2023-12-22,S002-P0008,Groceries,178,137,24.45,25.54,144.42148
2023-12-23,S002-P0008,Groceries,127,171,23.82,25.54,146.32318
2023-12-24,S002-P0008,Groceries,146,176,28.32,25.54,109.1548
2023-12-25,S002-P0008,Groceries,122,144,26.42,25.54,99.78445
2023-12-26,S002-P0008,Groceries,223,149,31.0,25.54,159.97284
2023-12-27,S002-P0008,Groceries,97,234,25.69,25.54,83.87439
2023-12-28,S002-P0008,Groceries,105,135,26.38,25.54,68.57569
2023-12-29,S002-P0008,Groceries,115,109,25.83,25.54,82.813576
2023-12-30,S002-P0008,Groceries,76,132,23.89,25.54,76.37886
2023-12-31,S002-P0008,Groceries,47,67,20.36,25.54,84.66933
2024-01-01,S002-P0008,Groceries,52,63,21.88,25.54,77.181725
2024-01-02,S002-P0008,Groceries,58,62,21.22,25.54,84.19169
2024-01-03,S002-P0008,Groceries,81,66,18.26,25.54,99.93185
2024-01-04,S002-P0008,Groceries,64,95,17.14,25.54,111.62101
2024-01-05,S002-P0008,Groceries,114,97,21.73,25.54,100.80367
2024-01-06,S002-P0008,Groceries,68,120,23.25,25.54,76.127785
2024-01-07,S002-P0008,Groceries,104,58,27.69,25.54,87.00631
2024-01-08,S002-P0008,Groceries,73,116,23.69,25.54,85.68429
2024-01-09,S002-P0008,Groceries,145,127,25.1,25.54,145.95361
2024-01-10,S002-P0008,Groceries,73,134,24.91,25.54,97.99435
2024-01-11,S002-P0008,Groceries,189,79,30.18,25.54,130.90382
2024-01-12,S002-P0008,Groceries,106,219,27.88,25.54,110.866936
2024-01-13,S002-P0008,Groceries,85,122,23.39,25.54,109.46358
2024-01-14,S002-P0008,Groceries,142,122,31.06,25.54,110.5316
2024-01-15,S002-P0008,Groceries,72,116,22.43,25.54,109.09931
2024-01-16,S002-P0008,Groceries,110,147,20.14,25.54,130.34267
2024-01-17,S002-P0008,Groceries,92,156,21.31,25.54,146.54416
2024-01-18,S002-P0008,Groceries,127,48,28.27,25.54,118.98283
2024-01-19,S002-P0008,Groceries,105,112,23.74,25.54,95.64681
2024-01-20,S002-P0008,Groceries,118,89,26.02,25.54,121.23759
2024-01-21,S002-P0008,Groceries,132,124,30.21,25.54,97.81187
2024-01-22,S002-P0008,Groceries,66,114,20.74,25.54,96.87481
2024-01-23,S002-P0008,Groceries,157,107,24.67,25.54,131.16393
2024-01-24,S002-P0008,Groceries,130,128,22.49,25.54,159.79602
2024-01-25,S002-P0008,Groceries,120,126,27.68,25.54,118.98283
2024-01-26,S002-P0008,Groceries,104,108,26.32,25.54,122.45119
2024-01-27,S002-P0008,Groceries,173,92,24.13,25.54,159.57336
2024-01-28,S002-P0008,Groceries,124,158,28.05,25.54,110.5316
2024-01-29,S002-P0008,Groceries,111,186,25.52,25.54,96.87481
2024-01-30,S002-P0008,Groceries,96,85,26.98,25.54,97.312874
2023-10-03,S002-P0009,Groceries,192,105,73.52,61.155,129.94992
2023-10-04,S002-P0009,Groceries,45,403,51.49,61.155,99.100746
2023-10-05,S002-P0009,Groceries,112,351,58.79,61.155,124.486946
2023-10-06,S002-P0009,Groceries,67,252,53.07,61.155,100.07057
2023-10-07,S002-P0009,Groceries,87,183,54.0,61.155,64.52405
2023-10-08,S002-P0009,Groceries,66,110,50.22,61.155,104.950645
2023-10-09,S002-P0009,Groceries,75,246,60.59,61.155,72.32888
2023-10-10,S002-P0009,Groceries,64,199,49.9,61.155,72.49445
2023-10-11,S002-P0009,Groceries,73,140,57.24,61.155,64.998505
2023-10-12,S002-P0009,Groceries,64,162,58.27,61.155,80.66331
2023-10-13,S002-P0009,Groceries,51,98,52.65,61.155,67.2724
2023-10-14,S002-P0009,Groceries,78,201,49.46,61.155,84.764786
2023-10-15,S002-P0009,Groceries,77,121,55.11,61.155,74.9144
2023-10-16,S002-P0009,Groceries,94,188,58.35,61.155,72.46656
2023-10-17,S002-P0009,Groceries,107,112,57.78,61.155,64.652466
2023-10-18,S002-P0009,Groceries,107,237,51.3,61.155,93.71668
2023-10-19,S002-P0009,Groceries,64,131,58.28,61.155,65.830124
2023-10-20,S002-P0009,Groceries,45,282,48.87,61.155,66.40984
2023-10-21,S002-P0009,Groceries,105,230,57.01,61.155,93.9989
2023-10-22,S002-P0009,Groceries,96,130,55.7,61.155,81.47686
2023-10-23,S002-P0009,Groceries,142,284,64.24,61.155,102.984924
2023-10-24,S002-P0009,Groceries,72,168,57.07,61.155,79.96081
2023-10-25,S002-P0009,Groceries,76,431,57.78,61.155,96.66136
2023-10-26,S002-P0009,Groceries,181,379,75.3,61.155,144.96416
2023-10-27,S002-P0009,Groceries,169,252,57.81,61.155,145.20335
2023-10-28,S002-P0009,Groceries,178,412,62.2,61.155,159.51276
2023-10-29,S002-P0009,Groceries,108,254,61.27,61.155,113.03277
2023-10-30,S002-P0009,Groceries,99,488,62.65,61.155,112.288025
2023-10-31,S002-P0009,Groceries,76,425,60.97,61.155,98.39224
2023-11-01,S002-P0009,Groceries,74,339,60.39,61.155,111.290215
2023-11-02,S002-P0009,Groceries,177,294,58.98,61.155,170.21582
2023-11-03,S002-P0009,Groceries,162,144,63.58,61.155,149.00685
2023-11-04,S002-P0009,Groceries,144,297,57.51,61.155,130.73856
2023-11-05,S002-P0009,Groceries,107,204,57.87,61.155,96.88734
2023-11-06,S002-P0009,Groceries,74,419,57.47,61.155,96.07462
2023-11-07,S002-P0009,Groceries,113,348,65.5,61.155,124.378334
2023-11-08,S002-P0009,Groceries,139,256,53.13,61.155,132.27324
2023-11-09,S002-P0009,Groceries,125,132,68.01,61.155,96.75703
2023-11-10,S002-P0009,Groceries,91,256,57.89,61.155,112.89804
2023-11-11,S002-P0009,Groceries,131,196,65.75,61.155,95.57573
2023-11-12,S002-P0009,Groceries,66,233,52.87,61.155,127.05106
2023-11-13,S002-P0009,Groceries,136,161,55.45,61.155,167.5194
2023-11-14,S002-P0009,Groceries,147,72,61.56,61.155,151.54509
2023-11-15,S002-P0009,Groceries,64,310,58.24,61.155,98.05036
2023-11-16,S002-P0009,Groceries,75,247,57.72,61.155,97.06309
2023-11-17,S002-P0009,Groceries,138,167,63.6,61.155,95.81951
2023-11-18,S002-P0009,Groceries,169,26,57.76,61.155,168.2919
2023-11-19,S002-P0009,Groceries,178,329,78.85,61.155,114.01157
2023-11-20,S002-P0009,Groceries,139,518,70.78,61.155,108.52004
2023-11-21,S002-P0009,Groceries,142,418,57.21,61.155,130.8495
2023-11-22,S002-P0009,Groceries,90,255,60.65,61.155,96.65264
2023-11-23,S002-P0009,Groceries,107,172,57.75,61.155,110.29034
2023-11-24,S002-P0009,Groceries,129,271,72.44,61.155,98.13816
2023-11-25,S002-P0009,Groceries,206,167,71.26,61.155,130.73856
2023-11-26,S002-P0009,Groceries,61,235,54.69,61.155,99.24421
2023-11-27,S002-P0009,Groceries,35,586,49.42,61.155,122.92108
2023-11-28,S002-P0009,Groceries,199,551,62.36,61.155,135.44264
2023-11-29,S002-P0009,Groceries,84,334,59.43,61.155,97.71616
2023-11-30,S002-P0009,Groceries,61,242,52.09,61.155,97.20594
2023-12-01,S002-P0009,Groceries,118,185,52.5,61.155,144.42148
2023-12-02,S002-P0009,Groceries,143,51,71.7,61.155,112.35414
2023-12-03,S002-P0009,Groceries,67,227,44.81,61.155,125.75414
2023-12-04,S002-P0009,Groceries,181,466,71.07,61.155,157.54785
2023-12-05,S002-P0009,Groceries,89,279,57.31,61.155,122.5863
2023-12-06,S002-P0009,Groceries,91,193,54.54,61.155,160.61859
2023-12-07,S002-P0009,Groceries,186,135,80.53,61.155,119.561
2023-12-08,S002-P0009,Groceries,166,164,76.34,61.155,95.18812
2023-12-09,S002-P0009,Groceries,159,411,75.01,61.155,124.08379
2023-12-10,S002-P0009,Groceries,92,312,58.15,61.155,110.011765
2023-12-11,S002-P0009,Groceries,152,209,73.47,61.155,99.95942
2023-12-12,S002-P0009,Groceries,244,31,87.57,61.155,129.72177
2023-12-13,S002-P0009,Groceries,182,348,63.78,61.155,159.65935
2023-12-14,S002-P0009,Groceries,193,612,77.83,61.155,119.561
2023-12-15,S002-P0009,Groceries,130,453,65.32,61.155,120.85163
2023-12-16,S002-P0009,Groceries,88,352,63.42,61.155,97.76116
2023-12-17,S002-P0009,Groceries,127,268,58.06,61.155,127.062836
2023-12-18,S002-P0009,Groceries,194,159,61.53,61.155,155.63902
2023-12-19,S002-P0009,Groceries,83,290,53.27,61.155,111.53301
2023-12-20,S002-P0009,Groceries,124,578,67.71,61.155,98.41304
2023-12-21,S002-P0009,Groceries,174,492,65.76,61.155,142.53519
2023-12-22,S002-P0009,Groceries,81,383,58.95,61.155,111.26214
2023-12-23,S002-P0009,Groceries,160,317,71.08,61.155,112.24241
2023-12-24,S002-P0009,Groceries,85,215,56.78,61.155,110.011765
2023-12-25,S002-P0009,Groceries,110,411,64.93,61.155,99.95942
2023-12-26,S002-P0009,Groceries,249,317,83.59,61.155,159.97284
2023-12-27,S002-P0009,Groceries,105,142,60.68,61.155,83.87439
2023-12-28,S002-P0009,Groceries,66,505,52.74,61.155,68.64403
2023-12-29,S002-P0009,Groceries,128,459,65.16,61.155,83.57119
2023-12-30,S002-P0009,Groceries,74,307,54.42,61.155,75.527016
2023-12-31,S002-P0009,Groceries,35,224,46.72,61.155,83.863266
2024-01-01,S002-P0009,Groceries,89,196,60.54,61.155,77.181725
2024-01-02,S002-P0009,Groceries,116,92,49.57,61.155,110.72402
2024-01-03,S002-P0009,Groceries,80,200,55.61,61.155,75.142715
2024-01-04,S002-P0009,Groceries,44,310,48.62,61.155,85.429054
2024-01-05,S002-P0009,Groceries,66,260,52.91,61.155,74.77612
2024-01-06,S002-P0009,Groceries,92,203,51.44,61.155,100.42251
2024-01-07,S002-P0009,Groceries,120,124,66.94,61.155,87.00631
2024-01-08,S002-P0009,Groceries,91,236,60.94,61.155,85.68429
2024-01-09,S002-P0009,Groceries,150,353,65.76,61.155,147.67445
2024-01-10,S002-P0009,Groceries,106,213,57.54,61.155,97.54298
2024-01-11,S002-P0009,Groceries,109,388,54.39,61.155,129.54378
2024-01-12,S002-P0009,Groceries,116,270,59.42,61.155,109.4886
2024-01-13,S002-P0009,Groceries,138,178,70.5,61.155,109.85488
2024-01-14,S002-P0009,Groceries,111,221,58.58,61.155,108.747665
2024-01-15,S002-P0009,Groceries,71,104,59.85,61.155,109.50321
2024-01-16,S002-P0009,Groceries,123,265,56.78,61.155,131.16393
2024-01-17,S002-P0009,Groceries,184,120,60.05,61.155,146.53023
2024-01-18,S002-P0009,Groceries,150,242,69.23,61.155,118.03408
2024-01-19,S002-P0009,Groceries,80,520,52.73,61.155,95.64681
2024-01-20,S002-P0009,Groceries,139,435,56.61,61.155,160.42297
2024-01-21,S002-P0009,Groceries,157,341,55.92,61.155,129.55786
2024-01-22,S002-P0009,Groceries,116,174,59.52,61.155,96.87481
2024-01-23,S002-P0009,Groceries,61,385,52.02,61.155,96.88403
2024-01-24,S002-P0009,Groceries,284,320,80.61,61.155,160.07797
2024-01-25,S002-P0009,Groceries,135,0,73.74,61.155,118.98283
2024-01-26,S002-P0009,Groceries,135,603,70.03,61.155,122.45119
2024-01-27,S002-P0009,Groceries,148,447,64.97,61.155,161.31708
2024-01-28,S002-P0009,Groceries,131,348,69.17,61.155,110.5316
2024-01-29,S002-P0009,Groceries,85,210,59.69,61.155,97.093704
2024-01-30,S002-P0009,Groceries,108,153,58.06,61.155,96.76864
2023-10-03,S002-P0010,Groceries,191,210,98.64,88.11500000000001,129.17957
2023-10-04,S002-P0010,Groceries,134,294,78.44,88.11500000000001,130.41187
2023-10-05,S002-P0010,Groceries,117,194,94.5,88.11500000000001,124.388725
2023-10-06,S002-P0010,Groceries,79,111,87.55,88.11500000000001,101.09675
2023-10-07,S002-P0010,Groceries,126,103,72.67,88.11500000000001,84.05988
2023-10-08,S002-P0010,Groceries,87,139,76.99,88.11500000000001,81.47686
2023-10-09,S002-P0010,Groceries,33,158,66.02,88.11500000000001,72.46656
2023-10-10,S002-P0010,Groceries,47,133,66.58,88.11500000000001,72.49445
2023-10-11,S002-P0010,Groceries,104,80,85.98,88.11500000000001,64.891556
2023-10-12,S002-P0010,Groceries,122,100,90.91,88.11500000000001,103.06231
2023-10-13,S002-P0010,Groceries,52,109,75.18,88.11500000000001,66.99237
2023-10-14,S002-P0010,Groceries,66,115,67.56,88.11500000000001,84.764786
2023-10-15,S002-P0010,Groceries,94,96,78.99,88.11500000000001,75.028946
2023-10-16,S002-P0010,Groceries,80,99,79.21,88.11500000000001,72.46656
2023-10-17,S002-P0010,Groceries,47,105,70.03,88.11500000000001,64.652466
2023-10-18,S002-P0010,Groceries,57,115,76.82,88.11500000000001,72.59222
2023-10-19,S002-P0010,Groceries,61,138,73.87,88.11500000000001,84.33883
2023-10-20,S002-P0010,Groceries,71,100,85.17,88.11500000000001,66.31349
2023-10-21,S002-P0010,Groceries,113,101,88.24,88.11500000000001,94.36891
2023-10-22,S002-P0010,Groceries,102,151,75.89,88.11500000000001,104.07941
2023-10-23,S002-P0010,Groceries,93,194,83.0,88.11500000000001,79.52856
2023-10-24,S002-P0010,Groceries,88,84,85.91,88.11500000000001,79.96081
2023-10-25,S002-P0010,Groceries,124,100,91.32,88.11500000000001,96.40923
2023-10-26,S002-P0010,Groceries,46,110,69.69,88.11500000000001,111.56304
2023-10-27,S002-P0010,Groceries,87,62,85.52,88.11500000000001,112.324135
2023-10-28,S002-P0010,Groceries,161,98,84.72,88.11500000000001,159.51276
2023-10-29,S002-P0010,Groceries,102,183,81.01,88.11500000000001,112.82217
2023-10-30,S002-P0010,Groceries,126,78,91.96,88.11500000000001,112.57563
2023-10-31,S002-P0010,Groceries,138,148,100.62,88.11500000000001,98.39224
2023-11-01,S002-P0010,Groceries,119,197,94.96,88.11500000000001,111.290215
2023-11-02,S002-P0010,Groceries,259,107,115.65,88.11500000000001,169.61145
2023-11-03,S002-P0010,Groceries,71,299,72.73,88.11500000000001,111.953606
2023-11-04,S002-P0010,Groceries,145,225,92.44,88.11500000000001,131.37352
2023-11-05,S002-P0010,Groceries,121,76,95.45,88.11500000000001,97.9138
2023-11-06,S002-P0010,Groceries,94,132,83.18,88.11500000000001,96.07462
2023-11-07,S002-P0010,Groceries,71,138,76.6,88.11500000000001,168.00317
2023-11-08,S002-P0010,Groceries,120,87,85.87,88.11500000000001,131.67519
2023-11-09,S002-P0010,Groceries,206,134,114.27,88.11500000000001,133.50023
2023-11-10,S002-P0010,Groceries,44,187,72.89,88.11500000000001,112.89804
2023-11-11,S002-P0010,Groceries,100,142,85.01,88.11500000000001,95.57573
2023-11-12,S002-P0010,Groceries,173,158,83.06,88.11500000000001,164.94418
2023-11-13,S002-P0010,Groceries,155,170,95.09,88.11500000000001,121.978676
2023-11-14,S002-P0010,Groceries,98,192,93.47,88.11500000000001,110.532326
2023-11-15,S002-P0010,Groceries,188,88,98.05,88.11500000000001,135.22224
2023-11-16,S002-P0010,Groceries,91,185,82.31,88.11500000000001,97.06309
2023-11-17,S002-P0010,Groceries,126,111,97.07,88.11500000000001,98.13816
2023-11-18,S002-P0010,Groceries,41,124,76.0,88.11500000000001,124.997826
2023-11-19,S002-P0010,Groceries,113,81,74.5,88.11500000000001,149.22003
2023-11-20,S002-P0010,Groceries,194,94,116.93,88.11500000000001,108.08983
2023-11-21,S002-P0010,Groceries,106,172,95.87,88.11500000000001,95.584694
2023-11-22,S002-P0010,Groceries,148,54,81.81,88.11500000000001,132.27324
2023-11-23,S002-P0010,Groceries,168,166,98.55,88.11500000000001,153.20703
2023-11-24,S002-P0010,Groceries,85,181,85.04,88.11500000000001,98.13816
2023-11-25,S002-P0010,Groceries,128,102,92.59,88.11500000000001,95.71367
2023-11-26,S002-P0010,Groceries,60,140,73.48,88.11500000000001,96.88734
2023-11-27,S002-P0010,Groceries,63,80,74.51,88.11500000000001,121.978676
2023-11-28,S002-P0010,Groceries,101,82,85.21,88.11500000000001,96.8522
2023-11-29,S002-P0010,Groceries,61,93,73.75,88.11500000000001,97.508385
2023-11-30,S002-P0010,Groceries,99,75,89.05,88.11500000000001,97.20594
2023-12-01,S002-P0010,Groceries,124,105,101.59,88.11500000000001,112.226616
2023-12-02,S002-P0010,Groceries,164,126,102.9,88.11500000000001,112.35414
2023-12-03,S002-P0010,Groceries,133,149,94.27,88.11500000000001,95.001366
2023-12-04,S002-P0010,Groceries,201,174,125.28,88.11500000000001,121.06765
2023-12-05,S002-P0010,Groceries,67,197,79.73,88.11500000000001,122.80491
2023-12-06,S002-P0010,Groceries,110,125,87.83,88.11500000000001,123.78571
2023-12-07,S002-P0010,Groceries,133,148,99.14,88.11500000000001,120.06652
2023-12-08,S002-P0010,Groceries,122,152,86.25,88.11500000000001,129.29791
2023-12-09,S002-P0010,Groceries,193,163,87.52,88.11500000000001,159.04367
2023-12-10,S002-P0010,Groceries,188,232,92.25,88.11500000000001,145.16849
2023-12-11,S002-P0010,Groceries,135,245,89.59,88.11500000000001,129.31244
2023-12-12,S002-P0010,Groceries,140,140,101.13,88.11500000000001,97.15736
2023-12-13,S002-P0010,Groceries,167,150,109.15,88.11500000000001,123.78571
2023-12-14,S002-P0010,Groceries,149,172,103.84,88.11500000000001,120.06652
2023-12-15,S002-P0010,Groceries,94,203,92.14,88.11500000000001,123.41128
2023-12-16,S002-P0010,Groceries,53,147,75.57,88.11500000000001,97.76116
2023-12-17,S002-P0010,Groceries,150,103,83.24,88.11500000000001,125.75414
2023-12-18,S002-P0010,Groceries,143,174,91.94,88.11500000000001,158.65588
2023-12-19,S002-P0010,Groceries,162,173,102.27,88.11500000000001,111.54446
2023-12-20,S002-P0010,Groceries,178,137,89.82,88.11500000000001,130.14728
2023-12-21,S002-P0010,Groceries,143,188,96.96,88.11500000000001,109.064156
2023-12-22,S002-P0010,Groceries,98,176,84.48,88.11500000000001,111.26214
2023-12-23,S002-P0010,Groceries,95,81,87.82,88.11500000000001,112.35414
2023-12-24,S002-P0010,Groceries,99,106,70.46,88.11500000000001,143.95465
2023-12-25,S002-P0010,Groceries,102,118,80.98,88.11500000000001,129.31244
2023-12-26,S002-P0010,Groceries,109,160,92.14,88.11500000000001,123.28527
2023-12-27,S002-P0010,Groceries,167,200,97.58,88.11500000000001,112.35715
2023-12-28,S002-P0010,Groceries,83,255,84.37,88.11500000000001,68.57569
2023-12-29,S002-P0010,Groceries,116,167,93.99,88.11500000000001,84.5131
2023-12-30,S002-P0010,Groceries,74,158,81.77,88.11500000000001,76.37886
2023-12-31,S002-P0010,Groceries,94,90,79.0,88.11500000000001,83.863266
2024-01-01,S002-P0010,Groceries,90,76,72.86,88.11500000000001,99.89036
2024-01-02,S002-P0010,Groceries,93,88,78.72,88.11500000000001,84.19169
2024-01-03,S002-P0010,Groceries,62,103,82.49,88.11500000000001,76.512764
2024-01-04,S002-P0010,Groceries,89,112,73.2,88.11500000000001,112.21069
2024-01-05,S002-P0010,Groceries,130,92,83.46,88.11500000000001,101.53177
2024-01-06,S002-P0010,Groceries,81,156,88.31,88.11500000000001,76.90379
2024-01-07,S002-P0010,Groceries,189,84,103.35,88.11500000000001,112.91206
2024-01-08,S002-P0010,Groceries,134,189,104.49,88.11500000000001,85.68429
2024-01-09,S002-P0010,Groceries,147,170,92.87,88.11500000000001,108.47678
2024-01-10,S002-P0010,Groceries,74,147,69.51,88.11500000000001,132.6659
2024-01-11,S002-P0010,Groceries,118,99,85.34,88.11500000000001,96.64733
2024-01-12,S002-P0010,Groceries,174,135,105.17,88.11500000000001,109.4886
2024-01-13,S002-P0010,Groceries,124,178,96.4,88.11500000000001,110.467186
2024-01-14,S002-P0010,Groceries,152,183,104.68,88.11500000000001,109.41131
2024-01-15,S002-P0010,Groceries,140,188,101.1,88.11500000000001,109.09931
2024-01-16,S002-P0010,Groceries,103,188,67.66,88.11500000000001,130.34267
2024-01-17,S002-P0010,Groceries,182,122,102.02,88.11500000000001,148.22083
2024-01-18,S002-P0010,Groceries,164,179,102.61,88.11500000000001,118.03408
2024-01-19,S002-P0010,Groceries,86,180,89.83,88.11500000000001,97.470116
2024-01-20,S002-P0010,Groceries,86,108,80.91,88.11500000000001,122.00604
2024-01-21,S002-P0010,Groceries,156,132,89.19,88.11500000000001,130.66473
2024-01-22,S002-P0010,Groceries,180,131,107.26,88.11500000000001,97.093704
2024-01-23,S002-P0010,Groceries,98,179,88.93,88.11500000000001,96.88403
2024-01-24,S002-P0010,Groceries,169,82,92.35,88.11500000000001,160.07797
2024-01-25,S002-P0010,Groceries,115,150,93.83,88.11500000000001,118.44651
2024-01-26,S002-P0010,Groceries,120,200,100.15,88.11500000000001,123.50621
2024-01-27,S002-P0010,Groceries,159,101,80.08,88.11500000000001,159.57336
2024-01-28,S002-P0010,Groceries,112,142,92.96,88.11500000000001,110.5316
2024-01-29,S002-P0010,Groceries,120,108,95.18,88.11500000000001,97.093704
2024-01-30,S002-P0010,Groceries,107,143,86.77,88.11500000000001,96.76864
2023-10-03,S002-P0011,Groceries,48,190,83.6,94.455,98.39224
2023-10-04,S002-P0011,Groceries,116,528,95.91,94.455,99.100746
2023-10-05,S002-P0011,Groceries,158,441,120.22,94.455,124.388725
2023-10-06,S002-P0011,Groceries,101,283,86.52,94.455,100.07057
2023-10-07,S002-P0011,Groceries,106,167,87.59,94.455,83.67487
2023-10-08,S002-P0011,Groceries,114,642,85.28,94.455,104.431465
2023-10-09,S002-P0011,Groceries,37,543,76.23,94.455,72.32888
2023-10-10,S002-P0011,Groceries,90,499,74.27,94.455,93.61187
2023-10-11,S002-P0011,Groceries,66,432,85.25,94.455,64.891556
2023-10-12,S002-P0011,Groceries,113,377,94.69,94.455,103.06231
2023-10-13,S002-P0011,Groceries,87,299,91.78,94.455,66.99237
2023-10-14,S002-P0011,Groceries,79,219,89.29,94.455,64.82153
2023-10-15,S002-P0011,Groceries,63,490,88.7,94.455,75.12833
2023-10-16,S002-P0011,Groceries,112,414,94.75,94.455,72.26269
2023-10-17,S002-P0011,Groceries,73,330,68.93,94.455,83.92366
2023-10-18,S002-P0011,Groceries,92,243,98.35,94.455,72.58039
2023-10-19,S002-P0011,Groceries,97,160,89.88,94.455,84.33883
2023-10-20,S002-P0011,Groceries,40,58,73.15,94.455,66.40984
2023-10-21,S002-P0011,Groceries,33,255,59.85,94.455,93.97436
2023-10-22,S002-P0011,Groceries,70,232,86.38,94.455,81.542694
2023-10-23,S002-P0011,Groceries,89,150,83.22,94.455,102.984924
2023-10-24,S002-P0011,Groceries,76,78,92.95,94.455,79.96321
2023-10-25,S002-P0011,Groceries,96,250,94.74,94.455,97.08556
2023-10-26,S002-P0011,Groceries,181,158,102.33,94.455,146.22534
2023-10-27,S002-P0011,Groceries,110,0,89.25,94.455,111.70721
2023-10-28,S002-P0011,Groceries,114,343,95.25,94.455,123.576355
2023-10-29,S002-P0011,Groceries,105,715,87.7,94.455,112.82217
2023-10-30,S002-P0011,Groceries,104,634,92.23,94.455,112.288025
2023-10-31,S002-P0011,Groceries,57,534,82.31,94.455,98.39224
2023-11-01,S002-P0011,Groceries,101,475,101.44,94.455,111.290215
2023-11-02,S002-P0011,Groceries,141,367,108.67,94.455,124.1563
2023-11-03,S002-P0011,Groceries,150,265,105.96,94.455,112.89804
2023-11-04,S002-P0011,Groceries,169,146,88.31,94.455,131.02264
2023-11-05,S002-P0011,Groceries,35,464,71.43,94.455,96.88734
2023-11-06,S002-P0011,Groceries,100,425,85.83,94.455,131.20863
2023-11-07,S002-P0011,Groceries,119,321,96.75,94.455,124.378334
2023-11-08,S002-P0011,Groceries,111,200,99.27,94.455,96.49618
2023-11-09,S002-P0011,Groceries,134,107,95.82,94.455,97.57955
2023-11-10,S002-P0011,Groceries,90,423,92.62,94.455,112.89804
2023-11-11,S002-P0011,Groceries,131,348,89.69,94.455,130.96368
2023-11-12,S002-P0011,Groceries,150,219,105.72,94.455,127.05106
2023-11-13,S002-P0011,Groceries,38,101,76.24,94.455,122.13257
2023-11-14,S002-P0011,Groceries,78,438,88.87,94.455,110.532326
2023-11-15,S002-P0011,Groceries,34,352,63.22,94.455,135.58466
2023-11-16,S002-P0011,Groceries,32,320,74.42,94.455,96.75703
2023-11-17,S002-P0011,Groceries,138,300,96.95,94.455,132.57729
2023-11-18,S002-P0011,Groceries,214,136,117.93,94.455,167.80225
2023-11-19,S002-P0011,Groceries,139,0,108.26,94.455,114.99564
2023-11-20,S002-P0011,Groceries,74,381,83.1,94.455,108.542336
2023-11-21,S002-P0011,Groceries,165,1073,91.8,94.455,131.4425
2023-11-22,S002-P0011,Groceries,86,952,91.55,94.455,96.49618
2023-11-23,S002-P0011,Groceries,130,853,100.07,94.455,109.922066
2023-11-24,S002-P0011,Groceries,93,713,84.4,94.455,132.57729
2023-11-25,S002-P0011,Groceries,67,608,64.17,94.455,131.02264
2023-11-26,S002-P0011,Groceries,91,561,88.07,94.455,133.06436
2023-11-27,S002-P0011,Groceries,82,492,90.16,94.455,122.92108
2023-11-28,S002-P0011,Groceries,95,396,89.66,94.455,96.8522
2023-11-29,S002-P0011,Groceries,113,328,94.76,94.455,97.508385
2023-11-30,S002-P0011,Groceries,64,219,84.59,94.455,97.10665
2023-12-01,S002-P0011,Groceries,130,162,89.56,94.455,146.9552
2023-12-02,S002-P0011,Groceries,141,410,103.34,94.455,112.35414
2023-12-03,S002-P0011,Groceries,94,304,99.01,94.455,95.37347
2023-12-04,S002-P0011,Groceries,164,195,92.89,94.455,156.52011
2023-12-05,S002-P0011,Groceries,135,493,112.45,94.455,123.28527
2023-12-06,S002-P0011,Groceries,47,340,67.37,94.455,160.61859
2023-12-07,S002-P0011,Groceries,159,297,97.31,94.455,156.48828
2023-12-08,S002-P0011,Groceries,139,113,97.37,94.455,95.23192
2023-12-09,S002-P0011,Groceries,163,0,97.49,94.455,159.89847
2023-12-10,S002-P0011,Groceries,124,399,103.47,94.455,110.011765
2023-12-11,S002-P0011,Groceries,82,252,75.88,94.455,128.06331
2023-12-12,S002-P0011,Groceries,108,727,103.76,94.455,97.413246
2023-12-13,S002-P0011,Groceries,141,606,114.61,94.455,124.196815
2023-12-14,S002-P0011,Groceries,123,453,103.2,94.455,119.561
2023-12-15,S002-P0011,Groceries,135,320,101.61,94.455,121.98024
2023-12-16,S002-P0011,Groceries,159,187,108.53,94.455,130.47609
2023-12-17,S002-P0011,Groceries,79,67,89.37,94.455,95.001366
2023-12-18,S002-P0011,Groceries,205,459,128.91,94.455,121.06765
2023-12-19,S002-P0011,Groceries,130,257,94.93,94.455,147.46346
2023-12-20,S002-P0011,Groceries,119,141,101.75,94.455,98.26092
2023-12-21,S002-P0011,Groceries,63,721,80.15,94.455,109.064156
2023-12-22,S002-P0011,Groceries,25,647,68.58,94.455,148.40836
2023-12-23,S002-P0011,Groceries,98,626,90.41,94.455,112.35414
2023-12-24,S002-P0011,Groceries,124,548,103.46,94.455,111.09955
2023-12-25,S002-P0011,Groceries,42,406,77.71,94.455,99.78445
2023-12-26,S002-P0011,Groceries,192,372,112.46,94.455,161.08546
2023-12-27,S002-P0011,Groceries,108,147,93.37,94.455,83.448395
2023-12-28,S002-P0011,Groceries,82,60,90.36,94.455,68.57569
2023-12-29,S002-P0011,Groceries,84,594,90.91,94.455,84.5131
2023-12-30,S002-P0011,Groceries,65,538,89.4,94.455,76.37886
2023-12-31,S002-P0011,Groceries,75,481,83.25,94.455,83.863266
2024-01-01,S002-P0011,Groceries,129,410,78.88,94.455,99.51791
2024-01-02,S002-P0011,Groceries,77,258,88.76,94.455,84.738014
2024-01-03,S002-P0011,Groceries,135,204,96.14,94.455,100.99608
2024-01-04,S002-P0011,Groceries,44,501,62.62,94.455,111.79607
2024-01-05,S002-P0011,Groceries,106,469,92.49,94.455,102.32987
2024-01-06,S002-P0011,Groceries,99,369,90.56,94.455,101.41221
2024-01-07,S002-P0011,Groceries,99,265,95.43,94.455,86.05101
2024-01-08,S002-P0011,Groceries,79,161,89.36,94.455,85.68429
2024-01-09,S002-P0011,Groceries,165,85,110.48,94.455,108.88053
2024-01-10,S002-P0011,Groceries,123,283,103.12,94.455,97.99435
2024-01-11,S002-P0011,Groceries,201,178,108.59,94.455,129.98163
2024-01-12,S002-P0011,Groceries,61,582,79.31,94.455,109.9508
2024-01-13,S002-P0011,Groceries,155,542,107.21,94.455,148.44035
2024-01-14,S002-P0011,Groceries,97,405,90.06,94.455,109.41131
2024-01-15,S002-P0011,Groceries,225,344,101.31,94.455,143.08435
2024-01-16,S002-P0011,Groceries,105,111,97.5,94.455,97.312874
2024-01-17,S002-P0011,Groceries,96,30,74.62,94.455,146.53023
2024-01-18,S002-P0011,Groceries,130,596,105.32,94.455,118.98283
2024-01-19,S002-P0011,Groceries,103,490,87.15,94.455,95.64681
2024-01-20,S002-P0011,Groceries,136,383,84.66,94.455,159.57336
2024-01-21,S002-P0011,Groceries,118,284,91.5,94.455,95.9268
2024-01-22,S002-P0011,Groceries,146,150,99.21,94.455,96.87481
2024-01-23,S002-P0011,Groceries,69,506,90.65,94.455,97.312874
2024-01-24,S002-P0011,Groceries,119,447,101.76,94.455,121.373604
2024-01-25,S002-P0011,Groceries,80,330,94.44,94.455,118.98283
2024-01-26,S002-P0011,Groceries,78,266,88.91,94.455,123.50621
2024-01-27,S002-P0011,Groceries,66,177,80.91,94.455,122.00604
2024-01-28,S002-P0011,Groceries,121,125,107.83,94.455,110.5316
2024-01-29,S002-P0011,Groceries,152,239,101.16,94.455,96.87481
2024-01-30,S002-P0011,Groceries,62,73,83.8,94.455,97.312874
2023-10-03,S002-P0012,Electronics,87,328,53.65,63.57,110.87275
2023-10-04,S002-P0012,Electronics,88,255,67.15,63.57,86.04769
2023-10-05,S002-P0012,Electronics,119,192,66.9,63.57,104.87887
2023-10-06,S002-P0012,Electronics,50,660,58.47,63.57,86.35064
2023-10-07,S002-P0012,Electronics,27,608,53.22,63.57,45.65738
2023-10-08,S002-P0012,Electronics,29,591,50.89,63.57,57.456043
2023-10-09,S002-P0012,Electronics,47,572,60.83,63.57,50.61112
2023-10-10,S002-P0012,Electronics,31,534,45.64,63.57,67.85146
2023-10-11,S002-P0012,Electronics,51,507,55.66,63.57,46.616383
2023-10-12,S002-P0012,Electronics,51,448,49.5,63.57,78.04336
2023-10-13,S002-P0012,Electronics,104,398,55.92,63.57,60.652714
2023-10-14,S002-P0012,Electronics,70,323,53.68,63.57,59.99239
2023-10-15,S002-P0012,Electronics,63,248,58.12,63.57,52.782665
2023-10-16,S002-P0012,Electronics,78,181,61.75,63.57,50.62837
2023-10-17,S002-P0012,Electronics,27,556,55.98,63.57,45.785763
2023-10-18,S002-P0012,Electronics,62,538,52.12,63.57,67.378265
2023-10-19,S002-P0012,Electronics,30,467,56.81,63.57,47.853752
2023-10-20,S002-P0012,Electronics,90,440,53.39,63.57,60.8139
2023-10-21,S002-P0012,Electronics,38,339,41.86,63.57,68.19729
2023-10-22,S002-P0012,Electronics,72,307,63.43,63.57,57.456043
2023-10-23,S002-P0012,Electronics,68,254,62.7,63.57,55.838223
2023-10-24,S002-P0012,Electronics,43,622,59.74,63.57,57.02783
2023-10-25,S002-P0012,Electronics,127,576,64.67,63.57,112.00182
2023-10-26,S002-P0012,Electronics,76,499,61.07,63.57,94.63987
2023-10-27,S002-P0012,Electronics,99,448,69.75,63.57,95.641815
2023-10-28,S002-P0012,Electronics,66,374,59.04,63.57,106.40719
2023-10-29,S002-P0012,Electronics,91,849,71.36,63.57,96.163376
2023-10-30,S002-P0012,Electronics,93,767,68.41,63.57,95.444984
2023-10-31,S002-P0012,Electronics,56,656,62.96,63.57,85.29395
2023-11-01,S002-P0012,Electronics,133,608,69.8,63.57,127.563324
2023-11-02,S002-P0012,Electronics,89,507,67.51,63.57,103.20637
2023-11-03,S002-P0012,Electronics,115,430,58.7,63.57,125.130844
2023-11-04,S002-P0012,Electronics,112,331,72.8,63.57,83.74387
2023-11-05,S002-P0012,Electronics,38,835,52.98,63.57,87.883286
2023-11-06,S002-P0012,Electronics,104,803,67.41,63.57,83.81602
2023-11-07,S002-P0012,Electronics,82,715,62.53,63.57,105.19505
2023-11-08,S002-P0012,Electronics,70,650,59.82,63.57,84.13639
2023-11-09,S002-P0012,Electronics,70,580,59.84,63.57,110.940605
2023-11-10,S002-P0012,Electronics,88,503,56.66,63.57,125.130844
2023-11-11,S002-P0012,Electronics,129,426,76.62,63.57,84.36393
2023-11-12,S002-P0012,Electronics,140,292,75.13,63.57,106.11423
2023-11-13,S002-P0012,Electronics,71,182,63.33,63.57,103.15605
2023-11-14,S002-P0012,Electronics,91,119,57.61,63.57,127.237274
2023-11-15,S002-P0012,Electronics,148,553,72.97,63.57,85.19581
2023-11-16,S002-P0012,Electronics,108,422,68.01,63.57,80.60109
2023-11-17,S002-P0012,Electronics,99,314,65.95,63.57,86.44023
2023-11-18,S002-P0012,Electronics,203,212,78.82,63.57,140.95847
2023-11-19,S002-P0012,Electronics,107,632,67.71,63.57,124.61817
2023-11-20,S002-P0012,Electronics,43,540,51.28,63.57,92.74876
2023-11-21,S002-P0012,Electronics,74,504,63.88,63.57,83.56638
2023-11-22,S002-P0012,Electronics,124,1278,75.46,63.57,84.13639
2023-11-23,S002-P0012,Electronics,139,1168,70.98,63.57,125.74168
2023-11-24,S002-P0012,Electronics,159,1001,70.94,63.57,110.094154
2023-11-25,S002-P0012,Electronics,140,862,71.19,63.57,83.236176
2023-11-26,S002-P0012,Electronics,91,710,61.1,63.57,109.95895
2023-11-27,S002-P0012,Electronics,107,609,71.48,63.57,102.72039
2023-11-28,S002-P0012,Electronics,92,509,64.7,63.57,84.2338
2023-11-29,S002-P0012,Electronics,124,450,75.5,63.57,85.75054
2023-11-30,S002-P0012,Electronics,51,337,58.74,63.57,82.30465
2023-12-01,S002-P0012,Electronics,110,280,68.74,63.57,94.01764
2023-12-02,S002-P0012,Electronics,107,201,60.87,63.57,120.707184
2023-12-03,S002-P0012,Electronics,102,699,55.51,63.57,107.63362
2023-12-04,S002-P0012,Electronics,114,610,73.28,63.57,103.17649
2023-12-05,S002-P0012,Electronics,75,494,60.99,63.57,104.2501
2023-12-06,S002-P0012,Electronics,85,435,59.84,63.57,105.73574
2023-12-07,S002-P0012,Electronics,110,333,72.23,63.57,102.1274
2023-12-08,S002-P0012,Electronics,71,254,63.35,63.57,83.31994
2023-12-09,S002-P0012,Electronics,109,190,56.81,63.57,133.16887
2023-12-10,S002-P0012,Electronics,128,107,57.25,63.57,119.501076
2023-12-11,S002-P0012,Electronics,142,383,75.37,63.57,110.78507
2023-12-12,S002-P0012,Electronics,96,217,72.71,63.57,84.2791
2023-12-13,S002-P0012,Electronics,98,137,65.79,63.57,105.73574
2023-12-14,S002-P0012,Electronics,130,485,76.9,63.57,101.74892
2023-12-15,S002-P0012,Electronics,110,398,57.8,63.57,131.66196
2023-12-16,S002-P0012,Electronics,104,284,67.28,63.57,85.080215
2023-12-17,S002-P0012,Electronics,122,172,71.12,63.57,108.07271
2023-12-18,S002-P0012,Electronics,106,575,64.17,63.57,103.936
2023-12-19,S002-P0012,Electronics,119,471,62.52,63.57,120.89347
2023-12-20,S002-P0012,Electronics,108,348,68.05,63.57,86.53144
2023-12-21,S002-P0012,Electronics,118,252,70.32,63.57,93.68757
2023-12-22,S002-P0012,Electronics,108,138,68.03,63.57,120.087
2023-12-23,S002-P0012,Electronics,89,608,67.31,63.57,95.40702
2023-12-24,S002-P0012,Electronics,79,518,61.62,63.57,94.03985
2023-12-25,S002-P0012,Electronics,32,466,45.74,63.57,110.89276
2023-12-26,S002-P0012,Electronics,76,431,64.39,63.57,104.2501
2023-12-27,S002-P0012,Electronics,47,368,54.65,63.57,57.597347
2023-12-28,S002-P0012,Electronics,51,320,55.85,63.57,45.218807
2023-12-29,S002-P0012,Electronics,46,274,57.51,63.57,55.75828
2023-12-30,S002-P0012,Electronics,50,228,55.61,63.57,51.991123
2023-12-31,S002-P0012,Electronics,30,197,56.83,63.57,55.729595
2024-01-01,S002-P0012,Electronics,31,165,51.48,63.57,48.155926
2024-01-02,S002-P0012,Electronics,76,337,61.22,63.57,55.144405
2024-01-03,S002-P0012,Electronics,59,275,60.63,63.57,50.93495
2024-01-04,S002-P0012,Electronics,26,229,47.73,63.57,55.41203
2024-01-05,S002-P0012,Electronics,51,203,55.77,63.57,47.86205
2024-01-06,S002-P0012,Electronics,75,491,60.86,63.57,49.592583
2024-01-07,S002-P0012,Electronics,18,418,40.9,63.57,75.52559
2024-01-08,S002-P0012,Electronics,58,401,63.49,63.57,54.118855
2024-01-09,S002-P0012,Electronics,93,335,64.82,63.57,121.37737
2024-01-10,S002-P0012,Electronics,118,248,70.41,63.57,84.352196
2024-01-11,S002-P0012,Electronics,65,160,52.56,63.57,109.89366
2024-01-12,S002-P0012,Electronics,122,95,67.17,63.57,120.678696
2024-01-13,S002-P0012,Electronics,162,337,70.92,63.57,122.03507
2024-01-14,S002-P0012,Electronics,79,179,68.57,63.57,91.79597
2024-01-15,S002-P0012,Electronics,124,103,71.42,63.57,93.212364
2024-01-16,S002-P0012,Electronics,89,455,63.87,63.57,83.85015
2024-01-17,S002-P0012,Electronics,72,400,50.19,63.57,122.930595
2024-01-18,S002-P0012,Electronics,105,356,56.9,63.57,131.93913
2024-01-19,S002-P0012,Electronics,68,793,65.89,63.57,82.99949
2024-01-20,S002-P0012,Electronics,115,745,77.15,63.57,102.7623
2024-01-21,S002-P0012,Electronics,45,660,54.29,63.57,84.12718
2024-01-22,S002-P0012,Electronics,94,613,54.9,63.57,110.942764
2024-01-23,S002-P0012,Electronics,91,546,57.77,63.57,110.42313
2024-01-24,S002-P0012,Electronics,119,439,66.81,63.57,103.47729
2024-01-25,S002-P0012,Electronics,86,318,49.97,63.57,132.9299
2024-01-26,S002-P0012,Electronics,49,243,58.16,63.57,101.34728
2024-01-27,S002-P0012,Electronics,81,195,65.62,63.57,102.7623
2024-01-28,S002-P0012,Electronics,87,606,66.91,63.57,91.79597
2024-01-29,S002-P0012,Electronics,77,502,61.35,63.57,84.6979
2024-01-30,S002-P0012,Electronics,96,423,72.63,63.57,83.33996
2023-10-03,S002-P0013,Groceries,102,301,20.25,22.134999999999998,129.94992
2023-10-04,S002-P0013,Groceries,87,219,22.52,22.134999999999998,99.29733
2023-10-05,S002-P0013,Groceries,96,501,20.89,22.134999999999998,124.486946
2023-10-06,S002-P0013,Groceries,51,398,18.77,22.134999999999998,101.09675
2023-10-07,S002-P0013,Groceries,52,350,17.82,22.134999999999998,64.52405
2023-10-08,S002-P0013,Groceries,95,291,20.82,22.134999999999998,81.47686
2023-10-09,S002-P0013,Groceries,56,224,19.1,22.134999999999998,72.26269
2023-10-10,S002-P0013,Groceries,92,183,17.4,22.134999999999998,93.61187
2023-10-11,S002-P0013,Groceries,47,414,18.44,22.134999999999998,64.891556
2023-10-12,S002-P0013,Groceries,60,382,15.52,22.134999999999998,102.59916
2023-10-13,S002-P0013,Groceries,103,315,23.71,22.134999999999998,67.2724
2023-10-14,S002-P0013,Groceries,73,235,20.33,22.134999999999998,65.04714
2023-10-15,S002-P0013,Groceries,65,166,18.81,22.134999999999998,74.9144
2023-10-16,S002-P0013,Groceries,67,493,16.94,22.134999999999998,93.69002
2023-10-17,S002-P0013,Groceries,93,449,19.67,22.134999999999998,83.78701
2023-10-18,S002-P0013,Groceries,62,366,20.6,22.134999999999998,72.58039
2023-10-19,S002-P0013,Groceries,35,322,15.83,22.134999999999998,66.08434
2023-10-20,S002-P0013,Groceries,86,289,17.06,22.134999999999998,84.17742
2023-10-21,S002-P0013,Groceries,73,214,18.34,22.134999999999998,72.43166
2023-10-22,S002-P0013,Groceries,89,146,17.23,22.134999999999998,104.07941
2023-10-23,S002-P0013,Groceries,75,357,16.21,22.134999999999998,102.9032
2023-10-24,S002-P0013,Groceries,92,269,20.63,22.134999999999998,79.96081
2023-10-25,S002-P0013,Groceries,125,183,22.92,22.134999999999998,129.43768
2023-10-26,S002-P0013,Groceries,141,44,24.03,22.134999999999998,111.56304
2023-10-27,S002-P0013,Groceries,137,304,23.72,22.134999999999998,111.70721
2023-10-28,S002-P0013,Groceries,132,163,23.42,22.134999999999998,123.576355
2023-10-29,S002-P0013,Groceries,114,494,23.35,22.134999999999998,113.03277
2023-10-30,S002-P0013,Groceries,95,388,20.86,22.134999999999998,112.288025
2023-10-31,S002-P0013,Groceries,138,317,23.88,22.134999999999998,98.17997
2023-11-01,S002-P0013,Groceries,186,213,22.91,22.134999999999998,152.24326
2023-11-02,S002-P0013,Groceries,110,89,24.32,22.134999999999998,124.10749
2023-11-03,S002-P0013,Groceries,88,428,21.49,22.134999999999998,114.01543
2023-11-04,S002-P0013,Groceries,147,331,24.49,22.134999999999998,95.57573
2023-11-05,S002-P0013,Groceries,128,221,19.24,22.134999999999998,129.92589
2023-11-06,S002-P0013,Groceries,130,82,25.85,22.134999999999998,96.46225
2023-11-07,S002-P0013,Groceries,98,378,22.16,22.134999999999998,124.378334
2023-11-08,S002-P0013,Groceries,113,296,22.04,22.134999999999998,131.67519
2023-11-09,S002-P0013,Groceries,86,224,20.22,22.134999999999998,97.06309
2023-11-10,S002-P0013,Groceries,140,157,23.91,22.134999999999998,111.953606
2023-11-11,S002-P0013,Groceries,123,404,25.32,22.134999999999998,95.96603
2023-11-12,S002-P0013,Groceries,157,290,27.88,22.134999999999998,128.15714
2023-11-13,S002-P0013,Groceries,224,153,33.1,22.134999999999998,122.92108
2023-11-14,S002-P0013,Groceries,207,383,24.16,22.134999999999998,151.73485
2023-11-15,S002-P0013,Groceries,86,192,20.2,22.134999999999998,97.508385
2023-11-16,S002-P0013,Groceries,70,879,18.15,22.134999999999998,133.50023
2023-11-17,S002-P0013,Groceries,43,832,18.15,22.134999999999998,98.13816
2023-11-18,S002-P0013,Groceries,81,790,17.8,22.134999999999998,167.80225
2023-11-19,S002-P0013,Groceries,69,706,20.09,22.134999999999998,114.01157
2023-11-20,S002-P0013,Groceries,103,624,19.01,22.134999999999998,151.24498
2023-11-21,S002-P0013,Groceries,107,547,17.14,22.134999999999998,131.4425
2023-11-22,S002-P0013,Groceries,91,471,20.52,22.134999999999998,96.71639
2023-11-23,S002-P0013,Groceries,133,413,21.06,22.134999999999998,153.33295
2023-11-24,S002-P0013,Groceries,57,323,18.24,22.134999999999998,96.77442
2023-11-25,S002-P0013,Groceries,135,277,22.39,22.134999999999998,131.37352
2023-11-26,S002-P0013,Groceries,80,523,20.84,22.134999999999998,97.9138
2023-11-27,S002-P0013,Groceries,146,440,24.39,22.134999999999998,121.978676
2023-11-28,S002-P0013,Groceries,94,299,20.73,22.134999999999998,96.667465
2023-11-29,S002-P0013,Groceries,64,215,20.71,22.134999999999998,98.05036
2023-11-30,S002-P0013,Groceries,154,553,23.63,22.134999999999998,97.59028
2023-12-01,S002-P0013,Groceries,177,422,23.53,22.134999999999998,145.53868
2023-12-02,S002-P0013,Groceries,74,241,18.41,22.134999999999998,148.48837
2023-12-03,S002-P0013,Groceries,82,167,22.1,22.134999999999998,95.37347
2023-12-04,S002-P0013,Groceries,227,663,24.97,22.134999999999998,155.63902
2023-12-05,S002-P0013,Groceries,91,416,19.42,22.134999999999998,159.97284
2023-12-06,S002-P0013,Groceries,111,333,18.49,22.134999999999998,159.65935
2023-12-07,S002-P0013,Groceries,96,855,20.9,22.134999999999998,119.34802
2023-12-08,S002-P0013,Groceries,61,750,17.54,22.134999999999998,95.23192
2023-12-09,S002-P0013,Groceries,94,700,20.73,22.134999999999998,123.20455
2023-12-10,S002-P0013,Groceries,68,608,20.03,22.134999999999998,111.09955
2023-12-11,S002-P0013,Groceries,144,529,23.04,22.134999999999998,100.18169
2023-12-12,S002-P0013,Groceries,61,356,18.46,22.134999999999998,97.55288
2023-12-13,S002-P0013,Groceries,183,291,25.6,22.134999999999998,161.69385
2023-12-14,S002-P0013,Groceries,73,153,18.3,22.134999999999998,119.34802
2023-12-15,S002-P0013,Groceries,173,97,26.26,22.134999999999998,120.85163
2023-12-16,S002-P0013,Groceries,123,547,24.03,22.134999999999998,97.48263
2023-12-17,S002-P0013,Groceries,92,435,16.29,22.134999999999998,125.28911
2023-12-18,S002-P0013,Groceries,207,348,30.18,22.134999999999998,121.06765
2023-12-19,S002-P0013,Groceries,125,223,22.93,22.134999999999998,111.53301
2023-12-20,S002-P0013,Groceries,150,107,22.13,22.134999999999998,130.37
2023-12-21,S002-P0013,Groceries,71,602,19.19,22.134999999999998,109.064156
2023-12-22,S002-P0013,Groceries,40,559,14.18,22.134999999999998,144.42148
2023-12-23,S002-P0013,Groceries,138,516,25.11,22.134999999999998,112.35414
2023-12-24,S002-P0013,Groceries,111,407,22.01,22.134999999999998,110.011765
2023-12-25,S002-P0013,Groceries,87,316,21.39,22.134999999999998,99.95942
2023-12-26,S002-P0013,Groceries,100,246,21.22,22.134999999999998,122.80491
2023-12-27,S002-P0013,Groceries,80,171,19.75,22.134999999999998,112.9348
2023-12-28,S002-P0013,Groceries,64,318,18.64,22.134999999999998,68.64403
2023-12-29,S002-P0013,Groceries,124,274,25.4,22.134999999999998,84.5131
2023-12-30,S002-P0013,Groceries,50,191,17.66,22.134999999999998,75.527016
2023-12-31,S002-P0013,Groceries,39,153,18.83,22.134999999999998,85.63325
2024-01-01,S002-P0013,Groceries,99,471,21.12,22.134999999999998,75.132195
2024-01-02,S002-P0013,Groceries,63,408,17.68,22.134999999999998,111.863434
2024-01-03,S002-P0013,Groceries,72,349,19.25,22.134999999999998,75.77122
2024-01-04,S002-P0013,Groceries,109,306,21.78,22.134999999999998,85.429054
2024-01-05,S002-P0013,Groceries,84,206,16.94,22.134999999999998,100.80367
2024-01-06,S002-P0013,Groceries,80,149,19.8,22.134999999999998,75.48313
2024-01-07,S002-P0013,Groceries,123,379,20.44,22.134999999999998,112.91206
2024-01-08,S002-P0013,Groceries,34,236,16.63,22.134999999999998,84.728645
2024-01-09,S002-P0013,Groceries,151,212,22.18,22.134999999999998,146.75783
2024-01-10,S002-P0013,Groceries,63,454,17.67,22.134999999999998,133.747
2024-01-11,S002-P0013,Groceries,4,385,16.13,22.134999999999998,97.11199
2024-01-12,S002-P0013,Groceries,152,381,23.52,22.134999999999998,109.4886
2024-01-13,S002-P0013,Groceries,146,260,23.11,22.134999999999998,109.46358
2024-01-14,S002-P0013,Groceries,146,162,25.73,22.134999999999998,110.5316
2024-01-15,S002-P0013,Groceries,111,399,21.96,22.134999999999998,109.09931
2024-01-16,S002-P0013,Groceries,128,280,18.3,22.134999999999998,130.34267
2024-01-17,S002-P0013,Groceries,118,136,20.13,22.134999999999998,147.32532
2024-01-18,S002-P0013,Groceries,107,2,24.09,22.134999999999998,118.98283
2024-01-19,S002-P0013,Groceries,168,406,27.33,22.134999999999998,97.470116
2024-01-20,S002-P0013,Groceries,131,295,24.58,22.134999999999998,122.00604
2024-01-21,S002-P0013,Groceries,82,179,20.0,22.134999999999998,96.78001
2024-01-22,S002-P0013,Groceries,114,548,22.11,22.134999999999998,96.87481
2024-01-23,S002-P0013,Groceries,138,425,18.83,22.134999999999998,130.34267
2024-01-24,S002-P0013,Groceries,134,320,22.33,22.134999999999998,120.70081
2024-01-25,S002-P0013,Groceries,114,201,21.02,22.134999999999998,159.26816
2024-01-26,S002-P0013,Groceries,120,536,23.82,22.134999999999998,123.50621
2024-01-27,S002-P0013,Groceries,117,433,17.7,22.134999999999998,159.57336
2024-01-28,S002-P0013,Groceries,130,302,24.54,22.134999999999998,109.41131
2024-01-29,S002-P0013,Groceries,80,186,18.76,22.134999999999998,96.87481
2024-01-30,S002-P0013,Groceries,129,125,24.46,22.134999999999998,96.88403
2023-10-03,S002-P0014,Electronics,74,703,109.78,114.65,85.776566
2023-10-04,S002-P0014,Electronics,28,623,92.05,114.65,86.07351
2023-10-05,S002-P0014,Electronics,122,597,128.66,114.65,104.87887
2023-10-06,S002-P0014,Electronics,149,453,139.51,114.65,87.75463
2023-10-07,S002-P0014,Electronics,82,316,119.33,114.65,45.269012
2023-10-08,S002-P0014,Electronics,57,232,103.04,114.65,74.59255
2023-10-09,S002-P0014,Electronics,44,185,77.65,114.65,68.315575
2023-10-10,S002-P0014,Electronics,57,630,108.99,114.65,51.75649
2023-10-11,S002-P0014,Electronics,65,582,89.84,114.65,60.338192
2023-10-12,S002-P0014,Electronics,99,538,113.82,114.65,77.27247
2023-10-13,S002-P0014,Electronics,47,458,99.12,114.65,46.50808
2023-10-14,S002-P0014,Electronics,87,402,90.93,114.65,60.749966
2023-10-15,S002-P0014,Electronics,110,307,98.32,114.65,68.62352
2023-10-16,S002-P0014,Electronics,39,200,91.18,114.65,50.83904
2023-10-17,S002-P0014,Electronics,44,173,81.59,114.65,61.012257
2023-10-18,S002-P0014,Electronics,33,490,89.19,114.65,67.183395
2023-10-19,S002-P0014,Electronics,57,458,87.12,114.65,62.327217
2023-10-20,S002-P0014,Electronics,78,413,105.76,114.65,46.264366
2023-10-21,S002-P0014,Electronics,40,345,107.26,114.65,51.26321
2023-10-22,S002-P0014,Electronics,56,314,86.77,114.65,75.524666
2023-10-23,S002-P0014,Electronics,89,252,115.78,114.65,56.21313
2023-10-24,S002-P0014,Electronics,22,164,94.41,114.65,57.02783
2023-10-25,S002-P0014,Electronics,67,141,113.19,114.65,87.17681
2023-10-26,S002-P0014,Electronics,49,86,105.53,114.65,94.27148
2023-10-27,S002-P0014,Electronics,132,421,133.33,114.65,96.15162
2023-10-28,S002-P0014,Electronics,65,337,112.38,114.65,106.40719
2023-10-29,S002-P0014,Electronics,52,296,96.23,114.65,97.467415
2023-10-30,S002-P0014,Electronics,86,244,127.55,114.65,95.444984
2023-10-31,S002-P0014,Electronics,46,786,99.35,114.65,85.33379
2023-11-01,S002-P0014,Electronics,100,754,126.92,114.65,96.69669
2023-11-02,S002-P0014,Electronics,126,686,116.0,114.65,139.89961
2023-11-03,S002-P0014,Electronics,150,546,132.91,114.65,125.06399
2023-11-04,S002-P0014,Electronics,145,445,115.08,114.65,112.73962
2023-11-05,S002-P0014,Electronics,140,278,121.93,114.65,109.97887
2023-11-06,S002-P0014,Electronics,83,160,126.11,114.65,84.12248
2023-11-07,S002-P0014,Electronics,78,639,117.85,114.65,105.83903
2023-11-08,S002-P0014,Electronics,162,590,128.6,114.65,112.41061
2023-11-09,S002-P0014,Electronics,99,413,133.06,114.65,81.2494
2023-11-10,S002-P0014,Electronics,54,296,85.02,114.65,125.26035
2023-11-11,S002-P0014,Electronics,123,240,102.28,114.65,112.73962
2023-11-12,S002-P0014,Electronics,86,843,101.99,114.65,137.57533
2023-11-13,S002-P0014,Electronics,46,783,104.42,114.65,102.72039
2023-11-14,S002-P0014,Electronics,121,749,115.24,114.65,127.237274
2023-11-15,S002-P0014,Electronics,69,624,102.65,114.65,114.43023
2023-11-16,S002-P0014,Electronics,99,568,126.6,114.65,81.2494
2023-11-17,S002-P0014,Electronics,72,482,115.02,114.65,86.835594
2023-11-18,S002-P0014,Electronics,88,398,115.61,114.65,105.88595
2023-11-19,S002-P0014,Electronics,102,311,127.88,114.65,97.95543
2023-11-20,S002-P0014,Electronics,57,231,103.03,114.65,92.74876
2023-11-21,S002-P0014,Electronics,39,174,101.43,114.65,83.56638
2023-11-22,S002-P0014,Electronics,40,565,96.84,114.65,84.13639
2023-11-23,S002-P0014,Electronics,88,541,115.32,114.65,91.832985
2023-11-24,S002-P0014,Electronics,30,482,97.54,114.65,86.56975
2023-11-25,S002-P0014,Electronics,101,448,114.43,114.65,83.236176
2023-11-26,S002-P0014,Electronics,68,383,107.76,114.65,87.883286
2023-11-27,S002-P0014,Electronics,47,326,104.86,114.65,102.72039
2023-11-28,S002-P0014,Electronics,69,292,119.93,114.65,84.75849
2023-11-29,S002-P0014,Electronics,65,550,106.42,114.65,85.19581
2023-11-30,S002-P0014,Electronics,70,472,114.39,114.65,82.30465
2023-12-01,S002-P0014,Electronics,99,420,126.57,114.65,93.415215
2023-12-02,S002-P0014,Electronics,42,350,97.33,114.65,96.298935
2023-12-03,S002-P0014,Electronics,97,323,105.62,114.65,107.51164
2023-12-04,S002-P0014,Electronics,118,265,127.42,114.65,103.936
2023-12-05,S002-P0014,Electronics,97,604,118.81,114.65,104.68829
2023-12-06,S002-P0014,Electronics,109,498,124.23,114.65,105.25172
2023-12-07,S002-P0014,Electronics,46,386,99.11,114.65,102.1274
2023-12-08,S002-P0014,Electronics,106,353,116.23,114.65,83.52537
2023-12-09,S002-P0014,Electronics,117,266,113.68,114.65,132.3523
2023-12-10,S002-P0014,Electronics,135,608,105.94,114.65,119.501076
2023-12-11,S002-P0014,Electronics,80,468,106.73,114.65,110.78507
2023-12-12,S002-P0014,Electronics,93,394,105.47,114.65,108.667076
2023-12-13,S002-P0014,Electronics,86,338,115.06,114.65,105.25172
2023-12-14,S002-P0014,Electronics,129,892,109.72,114.65,131.26373
2023-12-15,S002-P0014,Electronics,97,748,125.52,114.65,102.237854
2023-12-16,S002-P0014,Electronics,113,684,111.51,114.65,108.64457
2023-12-17,S002-P0014,Electronics,86,555,120.99,114.65,83.05004
2023-12-18,S002-P0014,Electronics,102,497,134.32,114.65,102.520966
2023-12-19,S002-P0014,Electronics,133,407,126.52,114.65,95.78155
2023-12-20,S002-P0014,Electronics,99,271,133.25,114.65,85.3788
2023-12-21,S002-P0014,Electronics,103,170,95.94,114.65,120.14939
2023-12-22,S002-P0014,Electronics,74,109,110.03,114.65,94.80387
2023-12-23,S002-P0014,Electronics,96,577,100.19,114.65,121.29066
2023-12-24,S002-P0014,Electronics,130,492,110.0,114.65,119.501076
2023-12-25,S002-P0014,Electronics,54,350,107.87,114.65,85.96304
2023-12-26,S002-P0014,Electronics,168,300,155.33,114.65,103.93166
2023-12-27,S002-P0014,Electronics,58,98,98.59,114.65,57.597347
2023-12-28,S002-P0014,Electronics,11,533,94.75,114.65,45.19109
2023-12-29,S002-P0014,Electronics,57,521,103.68,114.65,55.46543
2023-12-30,S002-P0014,Electronics,29,480,92.01,114.65,52.02022
2023-12-31,S002-P0014,Electronics,80,452,112.34,114.65,55.51688
2024-01-01,S002-P0014,Electronics,61,384,94.1,114.65,66.189064
2024-01-02,S002-P0014,Electronics,43,317,102.93,114.65,55.144405
2024-01-03,S002-P0014,Electronics,47,273,104.85,114.65,50.255234
2024-01-04,S002-P0014,Electronics,51,244,95.85,114.65,55.41203
2024-01-05,S002-P0014,Electronics,38,197,80.91,114.65,65.638756
2024-01-06,S002-P0014,Electronics,49,154,105.44,114.65,49.992405
2024-01-07,S002-P0014,Electronics,53,102,101.64,114.65,54.126373
2024-01-08,S002-P0014,Electronics,37,248,95.65,114.65,53.71633
2024-01-09,S002-P0014,Electronics,81,210,101.2,114.65,121.56294
2024-01-10,S002-P0014,Electronics,51,140,106.49,114.65,84.17632
2024-01-11,S002-P0014,Electronics,117,83,126.79,114.65,83.85479
2024-01-12,S002-P0014,Electronics,98,0,113.37,114.65,92.85001
2024-01-13,S002-P0014,Electronics,122,359,143.25,114.65,93.87418
2024-01-14,S002-P0014,Electronics,72,218,115.05,114.65,91.79597
2024-01-15,S002-P0014,Electronics,72,678,115.28,114.65,92.45869
2024-01-16,S002-P0014,Electronics,90,630,109.67,114.65,110.42313
2024-01-17,S002-P0014,Electronics,77,531,105.58,114.65,95.055
2024-01-18,S002-P0014,Electronics,184,455,153.45,114.65,131.9617
2024-01-19,S002-P0014,Electronics,108,268,116.47,114.65,109.13231
2024-01-20,S002-P0014,Electronics,161,161,137.03,114.65,134.20909
2024-01-21,S002-P0014,Electronics,135,1,105.94,114.65,108.971825
2024-01-22,S002-P0014,Electronics,80,808,99.88,114.65,110.942764
2024-01-23,S002-P0014,Electronics,95,752,118.38,114.65,83.85015
2024-01-24,S002-P0014,Electronics,87,647,114.91,114.65,103.47729
2024-01-25,S002-P0014,Electronics,87,592,121.62,114.65,100.65318
2024-01-26,S002-P0014,Electronics,121,502,142.81,114.65,101.34728
2024-01-27,S002-P0014,Electronics,148,427,124.7,114.65,134.17244
2024-01-28,S002-P0014,Electronics,37,328,105.76,114.65,91.79597
2024-01-29,S002-P0014,Electronics,90,305,129.18,114.65,84.28774
2024-01-30,S002-P0014,Electronics,101,676,127.18,114.65,83.54702
2023-10-03,S002-P0015,Clothing,69,212,59.4,66.045,88.24899
2023-10-04,S002-P0015,Clothing,60,135,57.28,66.045,88.30414
2023-10-05,S002-P0015,Clothing,147,575,76.18,66.045,107.474724
2023-10-06,S002-P0015,Clothing,131,400,69.05,66.045,115.98257
2023-10-07,S002-P0015,Clothing,130,303,60.5,66.045,108.4156
2023-10-08,S002-P0015,Clothing,131,180,69.03,66.045,130.17064
2023-10-09,S002-P0015,Clothing,170,620,68.53,66.045,116.38644
2023-10-10,S002-P0015,Clothing,127,471,72.15,66.045,93.77432
2023-10-11,S002-P0015,Clothing,127,344,79.72,66.045,86.19893
2023-10-12,S002-P0015,Clothing,240,207,91.5,66.045,102.51131
2023-10-13,S002-P0015,Clothing,131,596,76.84,66.045,86.38589
2023-10-14,S002-P0015,Clothing,121,509,74.4,66.045,86.4066
2023-10-15,S002-P0015,Clothing,217,407,86.21,66.045,119.275276
2023-10-16,S002-P0015,Clothing,147,944,72.36,66.045,93.09484
2023-10-17,S002-P0015,Clothing,127,843,68.32,66.045,86.72458
2023-10-18,S002-P0015,Clothing,155,744,74.0,66.045,93.69973
2023-10-19,S002-P0015,Clothing,129,617,80.24,66.045,87.721466
2023-10-20,S002-P0015,Clothing,96,504,61.81,66.045,87.35137
2023-10-21,S002-P0015,Clothing,69,394,56.29,66.045,93.86643
2023-10-22,S002-P0015,Clothing,60,347,54.41,66.045,130.17064
2023-10-23,S002-P0015,Clothing,105,278,70.75,66.045,101.10661
2023-10-24,S002-P0015,Clothing,157,173,62.01,66.045,128.35995
2023-10-25,S002-P0015,Clothing,63,77,58.11,66.045,89.15534
2023-10-26,S002-P0015,Clothing,99,7,52.01,66.045,126.65064
2023-10-27,S002-P0015,Clothing,82,371,65.64,66.045,97.27766
2023-10-28,S002-P0015,Clothing,128,825,60.93,66.045,140.98093
2023-10-29,S002-P0015,Clothing,137,706,78.08,66.045,97.519165
2023-10-30,S002-P0015,Clothing,112,595,76.29,66.045,98.20325
2023-10-31,S002-P0015,Clothing,102,512,73.92,66.045,88.44216
2023-11-01,S002-P0015,Clothing,163,404,71.46,66.045,129.19284
2023-11-02,S002-P0015,Clothing,95,284,64.91,66.045,140.84937
2023-11-03,S002-P0015,Clothing,125,208,75.29,66.045,99.32732
2023-11-04,S002-P0015,Clothing,103,95,63.27,66.045,87.98391
2023-11-05,S002-P0015,Clothing,109,685,64.64,66.045,90.65041
2023-11-06,S002-P0015,Clothing,23,575,54.92,66.045,89.61727
2023-11-07,S002-P0015,Clothing,99,551,62.57,66.045,108.71163
2023-11-08,S002-P0015,Clothing,77,460,58.02,66.045,88.08378
2023-11-09,S002-P0015,Clothing,114,410,69.18,66.045,90.41562
2023-11-10,S002-P0015,Clothing,84,315,66.05,66.045,99.32732
2023-11-11,S002-P0015,Clothing,100,246,58.61,66.045,116.70904
2023-11-12,S002-P0015,Clothing,118,138,66.38,66.045,109.30636
2023-11-13,S002-P0015,Clothing,78,514,58.12,66.045,109.32658
2023-11-14,S002-P0015,Clothing,75,458,60.5,66.045,97.36471
2023-11-15,S002-P0015,Clothing,99,392,65.9,66.045,86.7962
2023-11-16,S002-P0015,Clothing,55,321,56.35,66.045,90.32177
2023-11-17,S002-P0015,Clothing,121,255,78.29,66.045,90.43183
2023-11-18,S002-P0015,Clothing,119,114,73.96,66.045,110.65594
2023-11-19,S002-P0015,Clothing,50,450,52.5,66.045,98.62297
2023-11-20,S002-P0015,Clothing,81,392,58.75,66.045,127.21822
2023-11-21,S002-P0015,Clothing,122,325,56.0,66.045,116.87533
2023-11-22,S002-P0015,Clothing,112,209,60.99,66.045,116.90072
2023-11-23,S002-P0015,Clothing,152,104,73.01,66.045,128.7789
2023-11-24,S002-P0015,Clothing,72,0,60.16,66.045,89.879395
2023-11-25,S002-P0015,Clothing,93,434,68.07,66.045,87.93336
2023-11-26,S002-P0015,Clothing,105,348,63.65,66.045,117.2107
2023-11-27,S002-P0015,Clothing,175,744,77.67,66.045,138.99036
2023-11-28,S002-P0015,Clothing,27,564,44.67,66.045,115.84387
2023-11-29,S002-P0015,Clothing,114,547,72.95,66.045,87.37676
2023-11-30,S002-P0015,Clothing,69,478,59.45,66.045,88.60642
2023-12-01,S002-P0015,Clothing,149,1044,80.89,66.045,116.058235
2023-12-02,S002-P0015,Clothing,147,951,76.12,66.045,150.2157
2023-12-03,S002-P0015,Clothing,172,825,77.01,66.045,133.37967
2023-12-04,S002-P0015,Clothing,123,684,74.88,66.045,127.793236
2023-12-05,S002-P0015,Clothing,118,571,77.62,66.045,128.64987
2023-12-06,S002-P0015,Clothing,132,449,64.8,66.045,160.8906
2023-12-07,S002-P0015,Clothing,101,300,70.02,66.045,129.20573
2023-12-08,S002-P0015,Clothing,96,217,68.81,66.045,104.60093
2023-12-09,S002-P0015,Clothing,106,126,70.96,66.045,129.02216
2023-12-10,S002-P0015,Clothing,70,458,62.79,66.045,116.22891
2023-12-11,S002-P0015,Clothing,62,406,64.29,66.045,106.22791
2023-12-12,S002-P0015,Clothing,116,355,65.91,66.045,105.59103
2023-12-13,S002-P0015,Clothing,97,284,58.71,66.045,161.36499
2023-12-14,S002-P0015,Clothing,118,204,59.12,66.045,159.71768
2023-12-15,S002-P0015,Clothing,83,91,62.59,66.045,127.02308
2023-12-16,S002-P0015,Clothing,149,403,76.57,66.045,135.33592
2023-12-17,S002-P0015,Clothing,127,225,60.7,66.045,132.9748
2023-12-18,S002-P0015,Clothing,162,133,75.55,66.045,127.23617
2023-12-19,S002-P0015,Clothing,78,0,68.03,66.045,117.26168
2023-12-20,S002-P0015,Clothing,64,692,64.66,66.045,106.217316
2023-12-21,S002-P0015,Clothing,93,653,71.69,66.045,118.00776
2023-12-22,S002-P0015,Clothing,117,547,73.66,66.045,116.058235
2023-12-23,S002-P0015,Clothing,61,441,54.64,66.045,116.41766
2023-12-24,S002-P0015,Clothing,80,370,61.91,66.045,116.22891
2023-12-25,S002-P0015,Clothing,133,274,65.63,66.045,134.62212
2023-12-26,S002-P0015,Clothing,82,141,65.63,66.045,128.19025
2023-12-27,S002-P0015,Clothing,221,78,87.68,66.045,145.22438
2023-12-28,S002-P0015,Clothing,106,313,60.48,66.045,125.18476
2023-12-29,S002-P0015,Clothing,153,228,81.69,66.045,117.1692
2023-12-30,S002-P0015,Clothing,125,62,75.42,66.045,107.49183
2023-12-31,S002-P0015,Clothing,165,1052,76.13,66.045,118.036
2024-01-01,S002-P0015,Clothing,121,876,58.8,66.045,133.89755
2024-01-02,S002-P0015,Clothing,185,779,89.0,66.045,120.07424
2024-01-03,S002-P0015,Clothing,139,563,74.54,66.045,134.96057
2024-01-04,S002-P0015,Clothing,154,421,86.24,66.045,121.880226
2024-01-05,S002-P0015,Clothing,133,320,69.4,66.045,109.188705
2024-01-06,S002-P0015,Clothing,31,844,48.57,66.045,108.40624
2024-01-07,S002-P0015,Clothing,230,815,89.41,66.045,146.35626
2024-01-08,S002-P0015,Clothing,100,567,62.77,66.045,119.00018
2024-01-09,S002-P0015,Clothing,135,493,62.06,66.045,151.52681
2024-01-10,S002-P0015,Clothing,96,349,65.26,66.045,106.41336
2024-01-11,S002-P0015,Clothing,90,1086,63.79,66.045,108.550644
2024-01-12,S002-P0015,Clothing,130,1012,60.34,66.045,149.37616
2024-01-13,S002-P0015,Clothing,162,928,71.37,66.045,152.51942
2024-01-14,S002-P0015,Clothing,137,761,82.3,66.045,118.978905
2024-01-15,S002-P0015,Clothing,170,638,77.01,66.045,118.98417
2024-01-16,S002-P0015,Clothing,92,482,64.49,66.045,106.373695
2024-01-17,S002-P0015,Clothing,99,401,69.46,66.045,119.47144
2024-01-18,S002-P0015,Clothing,125,306,75.42,66.045,131.72552
2024-01-19,S002-P0015,Clothing,123,810,78.82,66.045,106.27088
2024-01-20,S002-P0015,Clothing,202,678,83.63,66.045,165.34033
2024-01-21,S002-P0015,Clothing,139,503,70.67,66.045,105.79453
2024-01-22,S002-P0015,Clothing,111,390,68.63,66.045,107.46338
2024-01-23,S002-P0015,Clothing,108,260,71.59,66.045,106.73827
2024-01-24,S002-P0015,Clothing,79,1017,61.49,66.045,130.76785
2024-01-25,S002-P0015,Clothing,121,934,78.3,66.045,131.72552
2024-01-26,S002-P0015,Clothing,206,802,70.48,66.045,161.27956
2024-01-27,S002-P0015,Clothing,179,616,78.91,66.045,165.34033
2024-01-28,S002-P0015,Clothing,58,409,53.97,66.045,149.66263
2024-01-29,S002-P0015,Clothing,122,348,74.65,66.045,107.59537
2024-01-30,S002-P0015,Clothing,67,1039,62.11,66.045,106.73827
2023-10-03,S002-P0016,Clothing,70,0,76.95,85.41999999999999,88.24899
2023-10-04,S002-P0016,Clothing,156,357,100.8,85.41999999999999,117.46146
2023-10-05,S002-P0016,Clothing,117,261,80.72,85.41999999999999,139.55519
2023-10-06,S002-P0016,Clothing,130,128,77.95,85.41999999999999,114.678314
2023-10-07,S002-P0016,Clothing,121,303,81.07,85.41999999999999,108.44206
2023-10-08,S002-P0016,Clothing,81,229,80.08,85.41999999999999,103.831924
2023-10-09,S002-P0016,Clothing,72,160,64.6,85.41999999999999,116.64265
2023-10-10,S002-P0016,Clothing,144,80,97.72,85.41999999999999,93.77432
2023-10-11,S002-P0016,Clothing,144,124,97.61,85.41999999999999,86.112206
2023-10-12,S002-P0016,Clothing,77,314,74.88,85.41999999999999,102.51131
2023-10-13,S002-P0016,Clothing,157,248,90.01,85.41999999999999,107.83935
2023-10-14,S002-P0016,Clothing,92,89,78.74,85.41999999999999,86.21517
2023-10-15,S002-P0016,Clothing,133,290,99.65,85.41999999999999,95.15818
2023-10-16,S002-P0016,Clothing,92,190,87.69,85.41999999999999,92.97566
2023-10-17,S002-P0016,Clothing,114,355,94.05,85.41999999999999,86.66469
2023-10-18,S002-P0016,Clothing,54,268,57.28,85.41999999999999,117.58388
2023-10-19,S002-P0016,Clothing,44,226,77.2,85.41999999999999,87.721466
2023-10-20,S002-P0016,Clothing,90,196,91.74,85.41999999999999,87.54374
2023-10-21,S002-P0016,Clothing,94,137,88.22,85.41999999999999,93.95212
2023-10-22,S002-P0016,Clothing,95,223,83.89,85.41999999999999,103.769714
2023-10-23,S002-P0016,Clothing,172,160,105.25,85.41999999999999,127.41053
2023-10-24,S002-P0016,Clothing,98,211,80.58,85.41999999999999,101.70758
2023-10-25,S002-P0016,Clothing,62,440,70.92,85.41999999999999,89.278946
2023-10-26,S002-P0016,Clothing,95,379,84.08,85.41999999999999,98.23765
2023-10-27,S002-P0016,Clothing,101,275,85.7,85.41999999999999,96.86187
2023-10-28,S002-P0016,Clothing,151,195,83.0,85.41999999999999,140.2833
2023-10-29,S002-P0016,Clothing,54,38,80.42,85.41999999999999,98.03813
2023-10-30,S002-P0016,Clothing,111,295,93.19,85.41999999999999,98.20325
2023-10-31,S002-P0016,Clothing,157,181,106.69,85.41999999999999,88.24899
2023-11-01,S002-P0016,Clothing,149,44,94.0,85.41999999999999,129.69574
2023-11-02,S002-P0016,Clothing,95,274,88.56,85.41999999999999,109.52596
2023-11-03,S002-P0016,Clothing,104,456,76.65,85.41999999999999,127.08903
2023-11-04,S002-P0016,Clothing,93,386,83.53,85.41999999999999,87.93336
2023-11-05,S002-P0016,Clothing,120,310,71.86,85.41999999999999,116.63515
2023-11-06,S002-P0016,Clothing,88,237,81.95,85.41999999999999,88.69328
2023-11-07,S002-P0016,Clothing,108,170,83.19,85.41999999999999,108.71163
2023-11-08,S002-P0016,Clothing,74,96,74.2,85.41999999999999,88.08378
2023-11-09,S002-P0016,Clothing,147,260,81.9,85.41999999999999,118.784584
2023-11-10,S002-P0016,Clothing,104,145,91.14,85.41999999999999,99.32732
2023-11-11,S002-P0016,Clothing,62,323,78.76,85.41999999999999,87.93336
2023-11-12,S002-P0016,Clothing,142,254,97.07,85.41999999999999,141.01283
2023-11-13,S002-P0016,Clothing,137,129,79.71,85.41999999999999,139.55286
2023-11-14,S002-P0016,Clothing,93,380,79.05,85.41999999999999,97.36471
2023-11-15,S002-P0016,Clothing,102,274,81.62,85.41999999999999,86.7962
2023-11-16,S002-P0016,Clothing,80,202,79.93,85.41999999999999,90.41562
2023-11-17,S002-P0016,Clothing,126,150,92.54,85.41999999999999,116.31845
2023-11-18,S002-P0016,Clothing,78,35,83.6,85.41999999999999,109.82834
2023-11-19,S002-P0016,Clothing,136,240,90.67,85.41999999999999,128.84726
2023-11-20,S002-P0016,Clothing,124,135,91.9,85.41999999999999,98.09774
2023-11-21,S002-P0016,Clothing,146,283,92.66,85.41999999999999,116.95693
2023-11-22,S002-P0016,Clothing,120,133,90.83,85.41999999999999,88.08378
2023-11-23,S002-P0016,Clothing,107,329,72.76,85.41999999999999,129.57486
2023-11-24,S002-P0016,Clothing,64,251,83.44,85.41999999999999,90.43183
2023-11-25,S002-P0016,Clothing,46,189,66.7,85.41999999999999,87.98391
2023-11-26,S002-P0016,Clothing,88,149,77.69,85.41999999999999,90.65041
2023-11-27,S002-P0016,Clothing,100,66,90.11,85.41999999999999,109.36521
2023-11-28,S002-P0016,Clothing,82,194,89.17,85.41999999999999,87.36683
2023-11-29,S002-P0016,Clothing,74,123,73.99,85.41999999999999,86.7962
2023-11-30,S002-P0016,Clothing,107,227,92.13,85.41999999999999,89.02514
2023-12-01,S002-P0016,Clothing,149,127,93.51,85.41999999999999,147.4924
2023-12-02,S002-P0016,Clothing,94,184,88.08,85.41999999999999,116.81156
2023-12-03,S002-P0016,Clothing,205,454,109.01,85.41999999999999,133.79437
2023-12-04,S002-P0016,Clothing,144,209,92.6,85.41999999999999,158.97061
2023-12-05,S002-P0016,Clothing,189,102,93.02,85.41999999999999,160.4307
2023-12-06,S002-P0016,Clothing,81,283,80.14,85.41999999999999,128.30995
2023-12-07,S002-P0016,Clothing,187,647,103.37,85.41999999999999,159.99995
2023-12-08,S002-P0016,Clothing,131,451,88.61,85.41999999999999,133.2495
2023-12-09,S002-P0016,Clothing,143,347,102.62,85.41999999999999,128.45148
2023-12-10,S002-P0016,Clothing,105,208,82.24,85.41999999999999,115.66978
2023-12-11,S002-P0016,Clothing,67,97,76.15,85.41999999999999,106.32101
2023-12-12,S002-P0016,Clothing,98,257,89.45,85.41999999999999,106.059326
2023-12-13,S002-P0016,Clothing,84,150,80.93,85.41999999999999,128.30995
2023-12-14,S002-P0016,Clothing,86,71,81.34,85.41999999999999,128.71254
2023-12-15,S002-P0016,Clothing,182,181,114.28,85.41999999999999,127.02308
2023-12-16,S002-P0016,Clothing,82,37,80.24,85.41999999999999,105.44709
2023-12-17,S002-P0016,Clothing,102,329,85.98,85.41999999999999,104.94439
2023-12-18,S002-P0016,Clothing,101,228,81.17,85.41999999999999,158.97061
2023-12-19,S002-P0016,Clothing,118,139,90.47,85.41999999999999,116.69934
2023-12-20,S002-P0016,Clothing,95,305,79.58,85.41999999999999,105.79948
2023-12-21,S002-P0016,Clothing,159,243,107.47,85.41999999999999,117.54165
2023-12-22,S002-P0016,Clothing,119,76,81.23,85.41999999999999,147.4924
2023-12-23,S002-P0016,Clothing,128,322,87.91,85.41999999999999,149.56265
2023-12-24,S002-P0016,Clothing,150,171,99.46,85.41999999999999,116.22891
2023-12-25,S002-P0016,Clothing,132,40,94.17,85.41999999999999,106.32101
2023-12-26,S002-P0016,Clothing,154,340,83.65,85.41999999999999,159.9974
2023-12-27,S002-P0016,Clothing,130,225,93.91,85.41999999999999,117.132454
2023-12-28,S002-P0016,Clothing,116,360,94.65,85.41999999999999,102.54934
2023-12-29,S002-P0016,Clothing,114,237,84.71,85.41999999999999,116.90757
2023-12-30,S002-P0016,Clothing,125,153,92.56,85.41999999999999,107.06509
2023-12-31,S002-P0016,Clothing,62,274,74.52,85.41999999999999,118.036
2024-01-01,S002-P0016,Clothing,134,222,105.19,85.41999999999999,109.92173
2024-01-02,S002-P0016,Clothing,127,130,88.26,85.41999999999999,118.47446
2024-01-03,S002-P0016,Clothing,92,229,78.91,85.41999999999999,108.33859
2024-01-04,S002-P0016,Clothing,107,122,82.87,85.41999999999999,120.85608
2024-01-05,S002-P0016,Clothing,117,0,90.05,85.41999999999999,109.188705
2024-01-06,S002-P0016,Clothing,129,247,88.7,85.41999999999999,108.40624
2024-01-07,S002-P0016,Clothing,134,424,94.68,85.41999999999999,146.35626
2024-01-08,S002-P0016,Clothing,184,291,90.63,85.41999999999999,144.4794
2024-01-09,S002-P0016,Clothing,237,174,109.75,85.41999999999999,151.52681
2024-01-10,S002-P0016,Clothing,102,409,85.9,85.41999999999999,136.9939
2024-01-11,S002-P0016,Clothing,132,301,104.71,85.41999999999999,108.35442
2024-01-12,S002-P0016,Clothing,113,194,89.07,85.41999999999999,118.60496
2024-01-13,S002-P0016,Clothing,173,424,100.44,85.41999999999999,153.0823
2024-01-14,S002-P0016,Clothing,155,305,95.72,85.41999999999999,149.66263
2024-01-15,S002-P0016,Clothing,88,127,68.28,85.41999999999999,149.72617
2024-01-16,S002-P0016,Clothing,159,397,84.8,85.41999999999999,136.34924
2024-01-17,S002-P0016,Clothing,88,233,77.72,85.41999999999999,119.00002
2024-01-18,S002-P0016,Clothing,173,174,99.92,85.41999999999999,162.79216
2024-01-19,S002-P0016,Clothing,32,60,66.38,85.41999999999999,105.81474
2024-01-20,S002-P0016,Clothing,224,404,114.02,85.41999999999999,131.09848
2024-01-21,S002-P0016,Clothing,103,223,95.75,85.41999999999999,106.295265
2024-01-22,S002-P0016,Clothing,49,588,78.88,85.41999999999999,107.59537
2024-01-23,S002-P0016,Clothing,106,540,68.86,85.41999999999999,136.34924
2024-01-24,S002-P0016,Clothing,72,425,77.42,85.41999999999999,130.76785
2024-01-25,S002-P0016,Clothing,132,344,89.47,85.41999999999999,131.08148
2024-01-26,S002-P0016,Clothing,101,204,85.82,85.41999999999999,130.16508
2024-01-27,S002-P0016,Clothing,110,127,88.42,85.41999999999999,131.63821
2024-01-28,S002-P0016,Clothing,61,246,74.48,85.41999999999999,118.46125
2024-01-29,S002-P0016,Clothing,137,197,95.49,85.41999999999999,107.63566
2024-01-30,S002-P0016,Clothing,105,88,91.5,85.41999999999999,106.373695
2023-10-03,S002-P0017,Toys,110,145,23.17,19.465,84.71375
2023-10-04,S002-P0017,Toys,73,398,19.4,19.465,85.520424
2023-10-05,S002-P0017,Toys,167,333,26.0,19.465,99.208275
2023-10-06,S002-P0017,Toys,69,221,19.12,19.465,86.92147
2023-10-07,S002-P0017,Toys,19,141,14.81,19.465,27.765854
2023-10-08,S002-P0017,Toys,63,545,14.03,19.465,58.550392
2023-10-09,S002-P0017,Toys,11,472,15.12,19.465,32.951313
2023-10-10,S002-P0017,Toys,41,461,14.59,19.465,47.453213
2023-10-11,S002-P0017,Toys,23,426,15.96,19.465,31.770355
2023-10-12,S002-P0017,Toys,28,401,13.71,19.465,57.788494
2023-10-13,S002-P0017,Toys,8,383,14.91,19.465,30.39908
2023-10-14,S002-P0017,Toys,27,374,14.62,19.465,28.960327
2023-10-15,S002-P0017,Toys,25,355,16.04,19.465,36.326138
2023-10-16,S002-P0017,Toys,44,337,18.33,19.465,34.073177
2023-10-17,S002-P0017,Toys,49,293,16.83,19.465,43.57682
2023-10-18,S002-P0017,Toys,16,250,13.01,19.465,48.22771
2023-10-19,S002-P0017,Toys,42,233,14.56,19.465,45.115253
2023-10-20,S002-P0017,Toys,30,193,14.76,19.465,44.39079
2023-10-21,S002-P0017,Toys,27,160,14.61,19.465,33.46536
2023-10-22,S002-P0017,Toys,16,137,16.25,19.465,41.473156
2023-10-23,S002-P0017,Toys,8,120,14.88,19.465,36.914387
2023-10-24,S002-P0017,Toys,17,198,12.4,19.465,56.09927
2023-10-25,S002-P0017,Toys,78,187,18.76,19.465,82.552284
2023-10-26,S002-P0017,Toys,104,109,19.33,19.465,119.48491
2023-10-27,S002-P0017,Toys,119,24,23.85,19.465,95.93647
2023-10-28,S002-P0017,Toys,164,272,19.37,19.465,136.81491
2023-10-29,S002-P0017,Toys,69,461,17.24,19.465,95.92542
2023-10-30,S002-P0017,Toys,71,397,18.27,19.465,93.93477
2023-10-31,S002-P0017,Toys,39,319,16.22,19.465,83.9224
2023-11-01,S002-P0017,Toys,90,295,20.6,19.465,96.463844
2023-11-02,S002-P0017,Toys,144,231,20.72,19.465,138.6861
2023-11-03,S002-P0017,Toys,117,71,23.66,19.465,97.328835
2023-11-04,S002-P0017,Toys,158,295,20.29,19.465,108.19616
2023-11-05,S002-P0017,Toys,59,148,16.6,19.465,82.11949
2023-11-06,S002-P0017,Toys,69,415,17.26,19.465,79.15737
2023-11-07,S002-P0017,Toys,156,364,22.57,19.465,140.38742
2023-11-08,S002-P0017,Toys,72,250,16.29,19.465,108.4438
2023-11-09,S002-P0017,Toys,103,183,20.41,19.465,107.31161
2023-11-10,S002-P0017,Toys,92,574,19.65,19.465,96.620056
2023-11-11,S002-P0017,Toys,129,481,20.99,19.465,78.64724
2023-11-12,S002-P0017,Toys,98,341,19.07,19.465,104.468285
2023-11-13,S002-P0017,Toys,101,241,20.3,19.465,102.208176
2023-11-14,S002-P0017,Toys,94,149,18.71,19.465,128.00638
2023-11-15,S002-P0017,Toys,110,389,16.53,19.465,116.23425
2023-11-16,S002-P0017,Toys,73,283,19.45,19.465,77.08001
2023-11-17,S002-P0017,Toys,97,204,20.01,19.465,81.92077
2023-11-18,S002-P0017,Toys,58,417,17.38,19.465,103.98193
2023-11-19,S002-P0017,Toys,73,353,18.42,19.465,96.478294
2023-11-20,S002-P0017,Toys,87,275,21.5,19.465,94.530785
2023-11-21,S002-P0017,Toys,115,208,21.21,19.465,77.94749
2023-11-22,S002-P0017,Toys,140,93,19.04,19.465,109.32544
2023-11-23,S002-P0017,Toys,143,308,19.22,19.465,126.20598
2023-11-24,S002-P0017,Toys,134,216,21.34,19.465,81.92077
2023-11-25,S002-P0017,Toys,31,470,16.5,19.465,79.02845
2023-11-26,S002-P0017,Toys,153,446,19.99,19.465,109.2589
2023-11-27,S002-P0017,Toys,113,286,21.14,19.465,102.208176
2023-11-28,S002-P0017,Toys,75,181,18.62,19.465,84.15659
2023-11-29,S002-P0017,Toys,82,561,21.11,19.465,85.745766
2023-11-30,S002-P0017,Toys,84,485,20.22,19.465,83.30408
2023-12-01,S002-P0017,Toys,108,423,23.05,19.465,97.21181
2023-12-02,S002-P0017,Toys,55,348,16.34,19.465,94.30488
2023-12-03,S002-P0017,Toys,108,297,21.89,19.465,85.89823
2023-12-04,S002-P0017,Toys,110,188,19.84,19.465,105.74456
2023-12-05,S002-P0017,Toys,39,120,17.08,19.465,102.27318
2023-12-06,S002-P0017,Toys,120,468,21.5,19.465,135.04414
2023-12-07,S002-P0017,Toys,108,362,23.03,19.465,103.12829
2023-12-08,S002-P0017,Toys,69,292,17.26,19.465,114.02015
2023-12-09,S002-P0017,Toys,66,223,18.01,19.465,103.09439
2023-12-10,S002-P0017,Toys,113,468,22.22,19.465,96.675896
2023-12-11,S002-P0017,Toys,132,373,19.82,19.465,114.28825
2023-12-12,S002-P0017,Toys,103,286,19.4,19.465,111.51458
2023-12-13,S002-P0017,Toys,132,217,22.31,19.465,103.0602
2023-12-14,S002-P0017,Toys,65,532,18.84,19.465,102.26147
2023-12-15,S002-P0017,Toys,129,476,19.63,19.465,136.56122
2023-12-16,S002-P0017,Toys,54,333,15.35,19.465,111.603325
2023-12-17,S002-P0017,Toys,101,298,22.53,19.465,85.89823
2023-12-18,S002-P0017,Toys,93,192,21.94,19.465,106.48659
2023-12-19,S002-P0017,Toys,56,133,18.25,19.465,94.450195
2023-12-20,S002-P0017,Toys,129,412,17.5,19.465,112.67059
2023-12-21,S002-P0017,Toys,92,298,19.64,19.465,93.26207
2023-12-22,S002-P0017,Toys,209,238,23.13,19.465,126.26033
2023-12-23,S002-P0017,Toys,118,452,23.77,19.465,96.05351
2023-12-24,S002-P0017,Toys,51,353,13.43,19.465,126.06905
2023-12-25,S002-P0017,Toys,97,979,19.99,19.465,85.91544
2023-12-26,S002-P0017,Toys,144,903,23.2,19.465,102.27318
2023-12-27,S002-P0017,Toys,39,786,13.61,19.465,53.775772
2023-12-28,S002-P0017,Toys,26,756,14.5,19.465,27.540594
2023-12-29,S002-P0017,Toys,22,729,15.05,19.465,36.74136
2023-12-30,S002-P0017,Toys,22,708,15.05,19.465,31.652494
2023-12-31,S002-P0017,Toys,27,690,16.2,19.465,37.548916
2024-01-01,S002-P0017,Toys,13,670,15.26,19.465,31.15816
2024-01-02,S002-P0017,Toys,17,662,14.71,19.465,32.259235
2024-01-03,S002-P0017,Toys,12,649,14.38,19.465,30.352009
2024-01-04,S002-P0017,Toys,15,636,15.35,19.465,32.829872
2024-01-05,S002-P0017,Toys,17,626,12.26,19.465,43.750385
2024-01-06,S002-P0017,Toys,26,610,14.51,19.465,29.712334
2024-01-07,S002-P0017,Toys,21,591,16.63,19.465,34.073067
2024-01-08,S002-P0017,Toys,66,567,15.15,19.465,51.17028
2024-01-09,S002-P0017,Toys,50,525,16.92,19.465,92.639626
2024-01-10,S002-P0017,Toys,43,482,14.61,19.465,111.17487
2024-01-11,S002-P0017,Toys,79,430,17.86,19.465,82.21581
2024-01-12,S002-P0017,Toys,132,374,22.37,19.465,94.506996
2024-01-13,S002-P0017,Toys,99,253,20.15,19.465,122.657814
2024-01-14,S002-P0017,Toys,90,159,21.68,19.465,95.22491
2024-01-15,S002-P0017,Toys,100,462,21.32,19.465,95.19593
2024-01-16,S002-P0017,Toys,100,360,21.33,19.465,83.41912
2024-01-17,S002-P0017,Toys,108,248,23.01,19.465,93.81219
2024-01-18,S002-P0017,Toys,96,142,21.01,19.465,100.19935
2024-01-19,S002-P0017,Toys,76,337,17.69,19.465,85.92336
2024-01-20,S002-P0017,Toys,156,254,18.93,19.465,134.43872
2024-01-21,S002-P0017,Toys,148,77,20.99,19.465,111.17057
2024-01-22,S002-P0017,Toys,136,0,21.31,19.465,111.01597
2024-01-23,S002-P0017,Toys,68,560,18.07,19.465,83.20118
2024-01-24,S002-P0017,Toys,99,508,15.91,19.465,135.4816
2024-01-25,S002-P0017,Toys,98,428,20.09,19.465,100.19935
2024-01-26,S002-P0017,Toys,81,325,19.01,19.465,102.80891
2024-01-27,S002-P0017,Toys,99,267,18.04,19.465,133.53252
2024-01-28,S002-P0017,Toys,124,164,20.59,19.465,123.13359
2024-01-29,S002-P0017,Toys,79,270,20.9,19.465,85.02555
2024-01-30,S002-P0017,Toys,72,204,20.36,19.465,83.98113
2023-10-03,S002-P0018,Clothing,60,222,24.56,26.64,88.44216
2023-10-04,S002-P0018,Clothing,62,172,24.78,26.64,88.43381
2023-10-05,S002-P0018,Clothing,187,123,30.87,26.64,139.55519
2023-10-06,S002-P0018,Clothing,111,195,26.33,26.64,87.78818
2023-10-07,S002-P0018,Clothing,113,112,25.07,26.64,108.65635
2023-10-08,S002-P0018,Clothing,162,155,28.64,26.64,129.34624
2023-10-09,S002-P0018,Clothing,80,235,27.8,26.64,93.30457
2023-10-10,S002-P0018,Clothing,170,149,36.61,26.64,93.995125
2023-10-11,S002-P0018,Clothing,116,181,28.28,26.64,86.12882
2023-10-12,S002-P0018,Clothing,157,103,30.03,26.64,128.43796
2023-10-13,S002-P0018,Clothing,83,133,25.26,26.64,108.82314
2023-10-14,S002-P0018,Clothing,131,123,28.01,26.64,86.21517
2023-10-15,S002-P0018,Clothing,89,123,21.79,26.64,118.9453
2023-10-16,S002-P0018,Clothing,77,158,24.74,26.64,93.09484
2023-10-17,S002-P0018,Clothing,122,75,30.28,26.64,86.66469
2023-10-18,S002-P0018,Clothing,134,121,29.89,26.64,93.70062
2023-10-19,S002-P0018,Clothing,64,146,23.61,26.64,108.675835
2023-10-20,S002-P0018,Clothing,142,95,28.93,26.64,109.715164
2023-10-21,S002-P0018,Clothing,76,121,27.44,26.64,93.95212
2023-10-22,S002-P0018,Clothing,83,144,26.69,26.64,103.831924
2023-10-23,S002-P0018,Clothing,118,63,28.37,26.64,101.06539
2023-10-24,S002-P0018,Clothing,62,129,26.08,26.64,102.24975
2023-10-25,S002-P0018,Clothing,58,63,24.34,26.64,89.09915
2023-10-26,S002-P0018,Clothing,89,55,24.49,26.64,97.92252
2023-10-27,S002-P0018,Clothing,79,92,23.65,26.64,96.79745
2023-10-28,S002-P0018,Clothing,166,96,29.21,26.64,141.98987
2023-10-29,S002-P0018,Clothing,122,162,28.79,26.64,97.519165
2023-10-30,S002-P0018,Clothing,51,175,22.54,26.64,97.92955
2023-10-31,S002-P0018,Clothing,75,144,24.68,26.64,88.24899
2023-11-01,S002-P0018,Clothing,97,81,27.97,26.64,98.05392
2023-11-02,S002-P0018,Clothing,135,123,29.82,26.64,140.84937
2023-11-03,S002-P0018,Clothing,39,163,19.19,26.64,127.85822
2023-11-04,S002-P0018,Clothing,99,134,26.66,26.64,87.98391
2023-11-05,S002-P0018,Clothing,68,177,21.27,26.64,116.754875
2023-11-06,S002-P0018,Clothing,72,136,26.99,26.64,89.61727
2023-11-07,S002-P0018,Clothing,76,76,24.75,26.64,109.30839
2023-11-08,S002-P0018,Clothing,114,79,22.2,26.64,116.83391
2023-11-09,S002-P0018,Clothing,126,118,29.1,26.64,118.72837
2023-11-10,S002-P0018,Clothing,66,149,23.82,26.64,97.79081
2023-11-11,S002-P0018,Clothing,142,99,30.57,26.64,87.93336
2023-11-12,S002-P0018,Clothing,108,164,24.39,26.64,139.69061
2023-11-13,S002-P0018,Clothing,83,57,28.12,26.64,109.72319
2023-11-14,S002-P0018,Clothing,75,90,23.37,26.64,97.36471
2023-11-15,S002-P0018,Clothing,143,90,24.2,26.64,116.07465
2023-11-16,S002-P0018,Clothing,74,165,25.86,26.64,90.41562
2023-11-17,S002-P0018,Clothing,115,78,29.7,26.64,89.879395
2023-11-18,S002-P0018,Clothing,90,108,25.97,26.64,109.82834
2023-11-19,S002-P0018,Clothing,103,151,24.27,26.64,128.03143
2023-11-20,S002-P0018,Clothing,59,194,24.46,26.64,98.42016
2023-11-21,S002-P0018,Clothing,100,129,28.22,26.64,88.17833
2023-11-22,S002-P0018,Clothing,83,158,22.45,26.64,116.90072
2023-11-23,S002-P0018,Clothing,113,100,26.49,26.64,98.563126
2023-11-24,S002-P0018,Clothing,55,107,25.37,26.64,90.43183
2023-11-25,S002-P0018,Clothing,122,95,25.79,26.64,116.94688
2023-11-26,S002-P0018,Clothing,99,115,29.63,26.64,91.71195
2023-11-27,S002-P0018,Clothing,52,120,22.54,26.64,109.32658
2023-11-28,S002-P0018,Clothing,87,65,25.75,26.64,86.95669
2023-11-29,S002-P0018,Clothing,59,94,25.78,26.64,87.37676
2023-11-30,S002-P0018,Clothing,98,91,26.68,26.64,88.60642
2023-12-01,S002-P0018,Clothing,68,105,26.64,26.64,116.64743
2023-12-02,S002-P0018,Clothing,161,120,32.16,26.64,150.2157
2023-12-03,S002-P0018,Clothing,84,188,26.74,26.64,104.94439
2023-12-04,S002-P0018,Clothing,61,116,24.63,26.64,127.31277
2023-12-05,S002-P0018,Clothing,107,135,22.82,26.64,159.9974
2023-12-06,S002-P0018,Clothing,163,154,32.38,26.64,128.30995
2023-12-07,S002-P0018,Clothing,102,146,28.43,26.64,129.20573
2023-12-08,S002-P0018,Clothing,70,142,22.9,26.64,104.32577
2023-12-09,S002-P0018,Clothing,120,88,30.12,26.64,129.02216
2023-12-10,S002-P0018,Clothing,130,120,24.84,26.64,146.42448
2023-12-11,S002-P0018,Clothing,103,142,28.55,26.64,106.22791
2023-12-12,S002-P0018,Clothing,76,145,26.06,26.64,106.059326
2023-12-13,S002-P0018,Clothing,148,84,30.96,26.64,162.00313
2023-12-14,S002-P0018,Clothing,175,139,37.1,26.64,129.20573
2023-12-15,S002-P0018,Clothing,213,153,36.67,26.64,159.8051
2023-12-16,S002-P0018,Clothing,102,208,29.9,26.64,105.99241
2023-12-17,S002-P0018,Clothing,74,138,21.8,26.64,132.9748
2023-12-18,S002-P0018,Clothing,78,74,26.2,26.64,127.793236
2023-12-19,S002-P0018,Clothing,102,93,26.95,26.64,149.20512
2023-12-20,S002-P0018,Clothing,152,130,31.38,26.64,105.79948
2023-12-21,S002-P0018,Clothing,141,162,30.36,26.64,148.5293
2023-12-22,S002-P0018,Clothing,140,218,30.35,26.64,116.058235
2023-12-23,S002-P0018,Clothing,159,99,28.71,26.64,149.56265
2023-12-24,S002-P0018,Clothing,45,129,24.41,26.64,116.78806
2023-12-25,S002-P0018,Clothing,129,89,30.91,26.64,106.22791
2023-12-26,S002-P0018,Clothing,125,126,32.21,26.64,128.64987
2023-12-27,S002-P0018,Clothing,136,190,28.43,26.64,116.83737
2023-12-28,S002-P0018,Clothing,119,173,25.3,26.64,125.13979
2023-12-29,S002-P0018,Clothing,126,189,30.71,26.64,117.576996
2023-12-30,S002-P0018,Clothing,136,101,29.92,26.64,106.802376
2023-12-31,S002-P0018,Clothing,48,150,23.47,26.64,118.16346
2024-01-01,S002-P0018,Clothing,138,109,27.0,26.64,134.5725
2024-01-02,S002-P0018,Clothing,205,155,37.99,26.64,119.251045
2024-01-03,S002-P0018,Clothing,150,177,32.89,26.64,109.06064
2024-01-04,S002-P0018,Clothing,47,253,18.69,26.64,145.61337
2024-01-05,S002-P0018,Clothing,99,223,22.24,26.64,134.1924
2024-01-06,S002-P0018,Clothing,180,155,32.08,26.64,108.40624
2024-01-07,S002-P0018,Clothing,100,188,29.73,26.64,121.27539
2024-01-08,S002-P0018,Clothing,107,88,28.92,26.64,120.01946
2024-01-09,S002-P0018,Clothing,86,102,26.92,26.64,119.740364
2024-01-10,S002-P0018,Clothing,82,118,25.26,26.64,106.41336
2024-01-11,S002-P0018,Clothing,98,140,25.23,26.64,137.52942
2024-01-12,S002-P0018,Clothing,175,105,29.96,26.64,150.03273
2024-01-13,S002-P0018,Clothing,84,166,24.1,26.64,119.13584
2024-01-14,S002-P0018,Clothing,113,92,31.07,26.64,118.978905
2024-01-15,S002-P0018,Clothing,67,148,22.72,26.64,118.98417
2024-01-16,S002-P0018,Clothing,23,104,21.16,26.64,106.373695
2024-01-17,S002-P0018,Clothing,95,76,26.4,26.64,119.47144
2024-01-18,S002-P0018,Clothing,65,81,25.05,26.64,131.72552
2024-01-19,S002-P0018,Clothing,112,91,23.16,26.64,135.05505
2024-01-20,S002-P0018,Clothing,73,121,23.21,26.64,131.09848
2024-01-21,S002-P0018,Clothing,99,118,28.2,26.64,106.295265
2024-01-22,S002-P0018,Clothing,16,100,18.32,26.64,136.99625
2024-01-23,S002-P0018,Clothing,67,83,23.94,26.64,106.373695
2024-01-24,S002-P0018,Clothing,103,86,28.51,26.64,131.84732
2024-01-25,S002-P0018,Clothing,120,94,28.6,26.64,131.36197
2024-01-26,S002-P0018,Clothing,179,139,31.86,26.64,161.94647
2024-01-27,S002-P0018,Clothing,218,173,35.26,26.64,165.34033
2024-01-28,S002-P0018,Clothing,147,255,24.49,26.64,148.47624
2024-01-29,S002-P0018,Clothing,85,153,28.27,26.64,107.59537
2024-01-30,S002-P0018,Clothing,149,61,31.17,26.64,106.373695
2023-10-03,S002-P0019,Clothing,138,217,94.98,85.035,88.24899
2023-10-04,S002-P0019,Clothing,62,422,74.01,85.035,88.43381
2023-10-05,S002-P0019,Clothing,129,380,87.63,85.035,107.474724
2023-10-06,S002-P0019,Clothing,63,249,70.34,85.035,87.78818
2023-10-07,S002-P0019,Clothing,148,774,77.27,85.035,108.4156
2023-10-08,S002-P0019,Clothing,148,626,77.22,85.035,129.40381
2023-10-09,S002-P0019,Clothing,90,467,72.46,85.035,116.38644
2023-10-10,S002-P0019,Clothing,47,397,66.02,85.035,93.84732
2023-10-11,S002-P0019,Clothing,133,353,98.47,85.035,86.12882
2023-10-12,S002-P0019,Clothing,192,816,98.28,85.035,128.43796
2023-10-13,S002-P0019,Clothing,130,634,73.23,85.035,107.836845
2023-10-14,S002-P0019,Clothing,117,511,88.98,85.035,86.21517
2023-10-15,S002-P0019,Clothing,70,421,76.28,85.035,95.15818
2023-10-16,S002-P0019,Clothing,123,1008,95.58,85.035,93.30457
2023-10-17,S002-P0019,Clothing,211,905,108.57,85.035,108.40278
2023-10-18,S002-P0019,Clothing,115,655,88.31,85.035,93.69973
2023-10-19,S002-P0019,Clothing,144,529,90.99,85.035,108.371666
2023-10-20,S002-P0019,Clothing,64,432,78.53,85.035,87.40301
2023-10-21,S002-P0019,Clothing,159,1252,94.9,85.035,118.524666
2023-10-22,S002-P0019,Clothing,90,1133,77.27,85.035,103.769714
2023-10-23,S002-P0019,Clothing,44,1041,68.97,85.035,101.10661
2023-10-24,S002-P0019,Clothing,143,1015,106.8,85.035,102.24975
2023-10-25,S002-P0019,Clothing,61,868,69.66,85.035,89.278946
2023-10-26,S002-P0019,Clothing,137,815,74.72,85.035,126.65064
2023-10-27,S002-P0019,Clothing,70,682,80.15,85.035,96.86187
2023-10-28,S002-P0019,Clothing,101,613,75.77,85.035,141.98987
2023-10-29,S002-P0019,Clothing,69,539,71.95,85.035,97.35872
2023-10-30,S002-P0019,Clothing,137,470,104.82,85.035,98.20325
2023-10-31,S002-P0019,Clothing,71,343,76.54,85.035,88.24899
2023-11-01,S002-P0019,Clothing,127,284,91.72,85.035,129.69574
2023-11-02,S002-P0019,Clothing,205,172,113.24,85.035,140.84937
2023-11-03,S002-P0019,Clothing,73,565,76.76,85.035,97.79081
2023-11-04,S002-P0019,Clothing,123,492,90.45,85.035,117.34626
2023-11-05,S002-P0019,Clothing,74,382,73.13,85.035,90.65041
2023-11-06,S002-P0019,Clothing,97,1071,79.3,85.035,88.69328
2023-11-07,S002-P0019,Clothing,120,994,85.25,85.035,108.71163
2023-11-08,S002-P0019,Clothing,75,895,81.49,85.035,88.49009
2023-11-09,S002-P0019,Clothing,68,846,83.61,85.035,90.651924
2023-11-10,S002-P0019,Clothing,107,766,72.77,85.035,127.08903
2023-11-11,S002-P0019,Clothing,60,682,77.2,85.035,87.93336
2023-11-12,S002-P0019,Clothing,81,629,87.78,85.035,111.01818
2023-11-13,S002-P0019,Clothing,108,546,91.24,85.035,109.72319
2023-11-14,S002-P0019,Clothing,114,450,92.9,85.035,97.84377
2023-11-15,S002-P0019,Clothing,73,374,60.75,85.035,116.07465
2023-11-16,S002-P0019,Clothing,81,325,83.4,85.035,90.41562
2023-11-17,S002-P0019,Clothing,117,235,88.95,85.035,89.427414
2023-11-18,S002-P0019,Clothing,90,661,67.89,85.035,141.8169
2023-11-19,S002-P0019,Clothing,133,579,98.54,85.035,100.16891
2023-11-20,S002-P0019,Clothing,95,477,78.59,85.035,98.09774
2023-11-21,S002-P0019,Clothing,121,370,76.01,85.035,116.83837
2023-11-22,S002-P0019,Clothing,103,288,80.75,85.035,117.306175
2023-11-23,S002-P0019,Clothing,95,823,91.96,85.035,99.07583
2023-11-24,S002-P0019,Clothing,81,764,79.07,85.035,89.427414
2023-11-25,S002-P0019,Clothing,66,682,71.12,85.035,87.98391
2023-11-26,S002-P0019,Clothing,105,603,80.88,85.035,116.8943
2023-11-27,S002-P0019,Clothing,133,501,73.89,85.035,139.55286
2023-11-28,S002-P0019,Clothing,79,391,87.13,85.035,87.36683
2023-11-29,S002-P0019,Clothing,52,312,71.09,85.035,87.030556
2023-11-30,S002-P0019,Clothing,95,267,87.56,85.035,88.60642
2023-12-01,S002-P0019,Clothing,145,595,102.11,85.035,116.058235
2023-12-02,S002-P0019,Clothing,119,457,89.38,85.035,150.2157
2023-12-03,S002-P0019,Clothing,104,315,81.13,85.035,133.79437
2023-12-04,S002-P0019,Clothing,117,224,98.7,85.035,127.793236
2023-12-05,S002-P0019,Clothing,170,738,103.79,85.035,128.19025
2023-12-06,S002-P0019,Clothing,155,607,88.34,85.035,160.8906
2023-12-07,S002-P0019,Clothing,110,432,91.76,85.035,129.20573
2023-12-08,S002-P0019,Clothing,142,317,95.77,85.035,104.32577
2023-12-09,S002-P0019,Clothing,161,894,101.08,85.035,127.93746
2023-12-10,S002-P0019,Clothing,120,781,99.86,85.035,116.78806
2023-12-11,S002-P0019,Clothing,84,652,79.91,85.035,106.05422
2023-12-12,S002-P0019,Clothing,174,565,82.84,85.035,134.5818
2023-12-13,S002-P0019,Clothing,205,459,106.99,85.035,161.36499
2023-12-14,S002-P0019,Clothing,43,331,72.32,85.035,129.20573
2023-12-15,S002-P0019,Clothing,129,290,97.28,85.035,127.60628
2023-12-16,S002-P0019,Clothing,79,951,78.64,85.035,105.594025
2023-12-17,S002-P0019,Clothing,119,881,84.45,85.035,133.37967
2023-12-18,S002-P0019,Clothing,153,786,88.83,85.035,158.62138
2023-12-19,S002-P0019,Clothing,81,680,79.0,85.035,116.28985
2023-12-20,S002-P0019,Clothing,43,631,65.09,85.035,105.79948
2023-12-21,S002-P0019,Clothing,129,601,87.53,85.035,148.5293
2023-12-22,S002-P0019,Clothing,117,459,98.8,85.035,116.64743
2023-12-23,S002-P0019,Clothing,143,377,85.33,85.035,149.03093
2023-12-24,S002-P0019,Clothing,87,279,89.45,85.035,116.78806
2023-12-25,S002-P0019,Clothing,126,197,96.63,85.035,106.22791
2023-12-26,S002-P0019,Clothing,120,557,94.7,85.035,128.19025
2023-12-27,S002-P0019,Clothing,243,420,123.7,85.035,145.22438
2023-12-28,S002-P0019,Clothing,96,244,83.23,85.035,102.086464
2023-12-29,S002-P0019,Clothing,149,137,98.03,85.035,117.1692
2023-12-30,S002-P0019,Clothing,97,19,83.33,85.035,106.802376
2023-12-31,S002-P0019,Clothing,109,861,86.76,85.035,118.036
2024-01-01,S002-P0019,Clothing,151,746,98.69,85.035,109.37495
2024-01-02,S002-P0019,Clothing,127,628,87.22,85.035,118.47446
2024-01-03,S002-P0019,Clothing,105,504,85.94,85.035,109.06064
2024-01-04,S002-P0019,Clothing,164,412,107.45,85.035,121.36816
2024-01-05,S002-P0019,Clothing,130,239,87.78,85.035,135.31131
2024-01-06,S002-P0019,Clothing,88,108,85.5,85.035,110.08604
2024-01-07,S002-P0019,Clothing,75,24,73.01,85.035,145.96364
2024-01-08,S002-P0019,Clothing,92,784,73.6,85.035,145.01917
2024-01-09,S002-P0019,Clothing,110,724,78.05,85.035,151.92535
2024-01-10,S002-P0019,Clothing,121,595,95.02,85.035,106.75512
2024-01-11,S002-P0019,Clothing,88,480,85.54,85.035,108.35442
2024-01-12,S002-P0019,Clothing,182,420,107.24,85.035,118.60496
2024-01-13,S002-P0019,Clothing,172,278,82.49,85.035,151.81769
2024-01-14,S002-P0019,Clothing,110,77,96.67,85.035,118.978905
2024-01-15,S002-P0019,Clothing,98,0,88.36,85.035,119.29524
2024-01-16,S002-P0019,Clothing,82,641,87.95,85.035,106.73827
2024-01-17,S002-P0019,Clothing,89,562,90.2,85.035,119.95598
2024-01-18,S002-P0019,Clothing,137,491,79.68,85.035,162.61336
2024-01-19,S002-P0019,Clothing,57,388,72.31,85.035,105.62648
2024-01-20,S002-P0019,Clothing,158,337,111.27,85.035,132.17795
2024-01-21,S002-P0019,Clothing,57,218,72.37,85.035,105.79453
2024-01-22,S002-P0019,Clothing,173,645,86.91,85.035,137.45651
2024-01-23,S002-P0019,Clothing,125,468,96.2,85.035,106.373695
2024-01-24,S002-P0019,Clothing,176,380,99.42,85.035,164.36832
2024-01-25,S002-P0019,Clothing,131,244,88.24,85.035,163.04454
2024-01-26,S002-P0019,Clothing,146,820,86.18,85.035,161.59467
2024-01-27,S002-P0019,Clothing,79,671,78.58,85.035,131.63821
2024-01-28,S002-P0019,Clothing,117,578,88.79,85.035,118.03619
2024-01-29,S002-P0019,Clothing,118,447,89.3,85.035,107.63566
2024-01-30,S002-P0019,Clothing,118,339,89.18,85.035,106.29228
2023-10-03,S002-P0020,Furniture,83,83,126.82,119.63499999999999,62.846916
2023-10-04,S002-P0020,Furniture,33,234,116.37,119.63499999999999,63.459198
2023-10-05,S002-P0020,Furniture,142,198,144.88,119.63499999999999,104.26295
2023-10-06,S002-P0020,Furniture,100,28,120.17,119.63499999999999,84.52356
2023-10-07,S002-P0020,Furniture,46,0,122.32,119.63499999999999,31.91327
2023-10-08,S002-P0020,Furniture,23,411,111.45,119.63499999999999,40.01582
2023-10-09,S002-P0020,Furniture,25,386,106.7,119.63499999999999,33.60084
2023-10-10,S002-P0020,Furniture,32,364,110.04,119.63499999999999,35.68469
2023-10-11,S002-P0020,Furniture,42,340,114.38,119.63499999999999,32.347744
2023-10-12,S002-P0020,Furniture,31,315,109.56,119.63499999999999,39.24102
2023-10-13,S002-P0020,Furniture,47,282,110.73,119.63499999999999,41.948677
2023-10-14,S002-P0020,Furniture,31,242,115.24,119.63499999999999,32.78372
2023-10-15,S002-P0020,Furniture,32,220,98.88,119.63499999999999,35.57033
2023-10-16,S002-P0020,Furniture,17,188,92.0,119.63499999999999,45.018177
2023-10-17,S002-P0020,Furniture,23,170,100.07,119.63499999999999,31.060043
2023-10-18,S002-P0020,Furniture,56,153,102.85,119.63499999999999,47.36782
2023-10-19,S002-P0020,Furniture,43,113,121.08,119.63499999999999,32.992283
2023-10-20,S002-P0020,Furniture,46,76,104.59,119.63499999999999,31.54386
2023-10-21,S002-P0020,Furniture,53,186,100.83,119.63499999999999,47.54803
2023-10-22,S002-P0020,Furniture,54,124,120.11,119.63499999999999,40.01582
2023-10-23,S002-P0020,Furniture,85,72,114.34,119.63499999999999,50.968174
2023-10-24,S002-P0020,Furniture,56,167,114.79,119.63499999999999,38.620724
2023-10-25,S002-P0020,Furniture,92,120,116.05,119.63499999999999,86.86321
2023-10-26,S002-P0020,Furniture,70,291,107.57,119.63499999999999,94.84281
2023-10-27,S002-P0020,Furniture,127,246,130.87,119.63499999999999,95.00961
2023-10-28,S002-P0020,Furniture,27,145,107.79,119.63499999999999,81.2985
2023-10-29,S002-P0020,Furniture,75,114,136.95,119.63499999999999,71.90384
2023-10-30,S002-P0020,Furniture,34,482,105.21,119.63499999999999,73.24221
2023-10-31,S002-P0020,Furniture,56,448,115.1,119.63499999999999,62.846916
2023-11-01,S002-P0020,Furniture,78,383,124.3,119.63499999999999,70.78207
2023-11-02,S002-P0020,Furniture,99,317,118.59,119.63499999999999,108.87967
2023-11-03,S002-P0020,Furniture,57,209,103.27,119.63499999999999,96.61958
2023-11-04,S002-P0020,Furniture,54,144,126.25,119.63499999999999,62.62054
2023-11-05,S002-P0020,Furniture,83,359,133.43,119.63499999999999,65.41186
2023-11-06,S002-P0020,Furniture,108,287,137.54,119.63499999999999,63.252346
2023-11-07,S002-P0020,Furniture,91,171,137.16,119.63499999999999,78.78039
2023-11-08,S002-P0020,Furniture,81,93,119.58,119.63499999999999,62.748672
2023-11-09,S002-P0020,Furniture,59,328,122.49,119.63499999999999,60.908203
2023-11-10,S002-P0020,Furniture,101,273,111.95,119.63499999999999,96.96897
2023-11-11,S002-P0020,Furniture,57,159,121.36,119.63499999999999,62.62054
2023-11-12,S002-P0020,Furniture,28,109,97.18,119.63499999999999,79.81956
2023-11-13,S002-P0020,Furniture,105,337,143.64,119.63499999999999,78.186554
2023-11-14,S002-P0020,Furniture,89,253,136.28,119.63499999999999,69.647
2023-11-15,S002-P0020,Furniture,102,156,134.82,119.63499999999999,85.38415
2023-11-16,S002-P0020,Furniture,75,363,122.92,119.63499999999999,60.4831
2023-11-17,S002-P0020,Furniture,42,303,108.46,119.63499999999999,83.20278
2023-11-18,S002-P0020,Furniture,115,270,140.45,119.63499999999999,79.095345
2023-11-19,S002-P0020,Furniture,14,158,101.55,119.63499999999999,72.49591
2023-11-20,S002-P0020,Furniture,66,144,125.85,119.63499999999999,70.39773
2023-11-21,S002-P0020,Furniture,52,397,113.1,119.63499999999999,82.66656
2023-11-22,S002-P0020,Furniture,50,338,112.17,119.63499999999999,62.677094
2023-11-23,S002-P0020,Furniture,73,306,116.2,119.63499999999999,68.65124
2023-11-24,S002-P0020,Furniture,33,261,99.33,119.63499999999999,64.52242
2023-11-25,S002-P0020,Furniture,104,239,120.67,119.63499999999999,84.0814
2023-11-26,S002-P0020,Furniture,77,150,111.02,119.63499999999999,83.4784
2023-11-27,S002-P0020,Furniture,66,71,106.96,119.63499999999999,107.18581
2023-11-28,S002-P0020,Furniture,38,299,90.06,119.63499999999999,86.05884
2023-11-29,S002-P0020,Furniture,71,258,115.06,119.63499999999999,61.755024
2023-11-30,S002-P0020,Furniture,71,205,128.14,119.63499999999999,59.914543
2023-12-01,S002-P0020,Furniture,58,140,122.1,119.63499999999999,73.07172
2023-12-02,S002-P0020,Furniture,90,297,115.24,119.63499999999999,95.222336
2023-12-03,S002-P0020,Furniture,43,214,109.44,119.63499999999999,64.57825
2023-12-04,S002-P0020,Furniture,62,186,117.34,119.63499999999999,104.947975
2023-12-05,S002-P0020,Furniture,54,397,108.25,119.63499999999999,104.80433
2023-12-06,S002-P0020,Furniture,52,351,100.48,119.63499999999999,105.42009
2023-12-07,S002-P0020,Furniture,36,302,111.6,119.63499999999999,78.117195
2023-12-08,S002-P0020,Furniture,92,271,115.91,119.63499999999999,84.93273
2023-12-09,S002-P0020,Furniture,88,184,114.47,119.63499999999999,104.755615
2023-12-10,S002-P0020,Furniture,48,124,117.4,119.63499999999999,72.28711
2023-12-11,S002-P0020,Furniture,140,313,126.28,119.63499999999999,87.50077
2023-12-12,S002-P0020,Furniture,71,179,121.64,119.63499999999999,64.23441
2023-12-13,S002-P0020,Furniture,73,102,128.89,119.63499999999999,82.35322
2023-12-14,S002-P0020,Furniture,76,444,130.19,119.63499999999999,78.03574
2023-12-15,S002-P0020,Furniture,76,384,137.43,119.63499999999999,79.99976
2023-12-16,S002-P0020,Furniture,34,297,105.2,119.63499999999999,64.28253
2023-12-17,S002-P0020,Furniture,51,259,118.95,119.63499999999999,64.61233
2023-12-18,S002-P0020,Furniture,129,208,124.13,119.63499999999999,104.218666
2023-12-19,S002-P0020,Furniture,47,115,116.82,119.63499999999999,73.371414
2023-12-20,S002-P0020,Furniture,87,81,135.5,119.63499999999999,65.24305
2023-12-21,S002-P0020,Furniture,82,416,126.25,119.63499999999999,71.614265
2023-12-22,S002-P0020,Furniture,134,318,141.43,119.63499999999999,95.60557
2023-12-23,S002-P0020,Furniture,110,163,109.58,119.63499999999999,95.66746
2023-12-24,S002-P0020,Furniture,82,35,119.78,119.63499999999999,72.4191
2023-12-25,S002-P0020,Furniture,110,329,146.23,119.63499999999999,65.9947
2023-12-26,S002-P0020,Furniture,130,225,155.56,119.63499999999999,81.140686
2023-12-27,S002-P0020,Furniture,34,87,116.84,119.63499999999999,40.49807
2023-12-28,S002-P0020,Furniture,33,389,104.67,119.63499999999999,30.997902
2023-12-29,S002-P0020,Furniture,44,353,121.35,119.63499999999999,39.645912
2023-12-30,S002-P0020,Furniture,50,316,112.41,119.63499999999999,35.86241
2023-12-31,S002-P0020,Furniture,26,282,112.54,119.63499999999999,40.266106
2024-01-01,S002-P0020,Furniture,55,258,126.93,119.63499999999999,33.56218
2024-01-02,S002-P0020,Furniture,44,219,91.19,119.63499999999999,56.01102
2024-01-03,S002-P0020,Furniture,40,184,107.75,119.63499999999999,34.870186
2024-01-04,S002-P0020,Furniture,37,145,112.31,119.63499999999999,38.72479
2024-01-05,S002-P0020,Furniture,33,115,98.82,119.63499999999999,46.767048
2024-01-06,S002-P0020,Furniture,49,85,88.4,119.63499999999999,49.11889
2024-01-07,S002-P0020,Furniture,31,137,104.09,119.63499999999999,38.045525
2024-01-08,S002-P0020,Furniture,42,111,108.6,119.63499999999999,54.6491
2024-01-09,S002-P0020,Furniture,90,226,136.97,119.63499999999999,71.49765
2024-01-10,S002-P0020,Furniture,49,130,111.73,119.63499999999999,62.838856
2024-01-11,S002-P0020,Furniture,90,98,129.57,119.63499999999999,62.092022
2024-01-12,S002-P0020,Furniture,77,292,137.46,119.63499999999999,72.12699
2024-01-13,S002-P0020,Furniture,88,236,128.96,119.63499999999999,71.71591
2024-01-14,S002-P0020,Furniture,89,163,115.74,119.63499999999999,93.09137
2024-01-15,S002-P0020,Furniture,59,107,110.15,119.63499999999999,70.20763
2024-01-16,S002-P0020,Furniture,66,269,125.62,119.63499999999999,62.157448
2024-01-17,S002-P0020,Furniture,63,209,124.09,119.63499999999999,72.3769
2024-01-18,S002-P0020,Furniture,85,167,120.31,119.63499999999999,103.45951
2024-01-19,S002-P0020,Furniture,44,87,115.32,119.63499999999999,65.60354
2024-01-20,S002-P0020,Furniture,92,195,130.42,119.63499999999999,79.54829
2024-01-21,S002-P0020,Furniture,20,106,78.34,119.63499999999999,86.214455
2024-01-22,S002-P0020,Furniture,106,82,129.83,119.63499999999999,86.26597
2024-01-23,S002-P0020,Furniture,39,235,107.17,119.63499999999999,62.09773
2024-01-24,S002-P0020,Furniture,49,189,88.4,119.63499999999999,105.85607
2024-01-25,S002-P0020,Furniture,56,396,121.1,119.63499999999999,77.836784
2024-01-26,S002-P0020,Furniture,119,344,150.44,119.63499999999999,79.00381
2024-01-27,S002-P0020,Furniture,72,256,121.95,119.63499999999999,79.520454
2024-01-28,S002-P0020,Furniture,134,177,125.79,119.63499999999999,92.873505
2024-01-29,S002-P0020,Furniture,43,383,114.95,119.63499999999999,63.46872
2024-01-30,S002-P0020,Furniture,82,332,140.31,119.63499999999999,62.485477
2023-10-03,S003-P0001,Toys,117,139,17.13,15.545,84.08571
2023-10-04,S003-P0001,Toys,92,65,15.78,15.545,94.69097
2023-10-05,S003-P0001,Toys,61,291,14.19,15.545,83.762215
2023-10-06,S003-P0001,Toys,102,221,17.21,15.545,98.05568
2023-10-07,S003-P0001,Toys,19,154,13.25,15.545,33.329987
2023-10-08,S003-P0001,Toys,32,309,14.01,15.545,36.209366
2023-10-09,S003-P0001,Toys,13,274,11.58,15.545,44.466915
2023-10-10,S003-P0001,Toys,15,265,12.31,15.545,38.212284
2023-10-11,S003-P0001,Toys,33,252,14.06,15.545,32.420807
2023-10-12,S003-P0001,Toys,36,219,11.38,15.545,53.08369
2023-10-13,S003-P0001,Toys,39,176,13.02,15.545,43.158943
2023-10-14,S003-P0001,Toys,18,137,13.13,15.545,33.329987
2023-10-15,S003-P0001,Toys,35,124,13.43,15.545,39.92855
2023-10-16,S003-P0001,Toys,18,92,12.51,15.545,36.6955
2023-10-17,S003-P0001,Toys,66,72,12.92,15.545,51.636196
2023-10-18,S003-P0001,Toys,27,32,12.37,15.545,31.433142
2023-10-19,S003-P0001,Toys,49,146,12.01,15.545,48.38213
2023-10-20,S003-P0001,Toys,38,98,12.21,15.545,49.86337
2023-10-21,S003-P0001,Toys,27,55,12.33,15.545,35.992855
2023-10-22,S003-P0001,Toys,34,115,12.69,15.545,36.38771
2023-10-23,S003-P0001,Toys,27,93,10.97,15.545,45.559063
2023-10-24,S003-P0001,Toys,11,65,12.73,15.545,32.059658
2023-10-25,S003-P0001,Toys,180,112,17.29,15.545,125.76148
2023-10-26,S003-P0001,Toys,180,0,19.42,15.545,132.11531
2023-10-27,S003-P0001,Toys,112,342,15.98,15.545,107.66389
2023-10-28,S003-P0001,Toys,71,611,14.66,15.545,85.80844
2023-10-29,S003-P0001,Toys,88,529,15.57,15.545,98.31904
2023-10-30,S003-P0001,Toys,117,438,16.26,15.545,94.80101
2023-10-31,S003-P0001,Toys,111,306,17.71,15.545,103.811005
2023-11-01,S003-P0001,Toys,93,208,15.04,15.545,117.05152
2023-11-02,S003-P0001,Toys,103,146,17.28,15.545,101.71601
2023-11-03,S003-P0001,Toys,161,218,16.22,15.545,127.27797
2023-11-04,S003-P0001,Toys,40,100,13.73,15.545,105.76535
2023-11-05,S003-P0001,Toys,113,328,16.94,15.545,98.13752
2023-11-06,S003-P0001,Toys,96,239,16.02,15.545,85.672585
2023-11-07,S003-P0001,Toys,108,170,16.61,15.545,128.20584
2023-11-08,S003-P0001,Toys,117,50,15.34,15.545,111.14515
2023-11-09,S003-P0001,Toys,83,193,16.98,15.545,83.46308
2023-11-10,S003-P0001,Toys,76,301,15.77,15.545,89.47312
2023-11-11,S003-P0001,Toys,47,235,13.4,15.545,105.76535
2023-11-12,S003-P0001,Toys,150,202,16.91,15.545,138.88567
2023-11-13,S003-P0001,Toys,100,75,12.83,15.545,109.78125
2023-11-14,S003-P0001,Toys,80,310,15.98,15.545,81.48463
2023-11-15,S003-P0001,Toys,129,241,18.73,15.545,106.6206
2023-11-16,S003-P0001,Toys,108,156,14.03,15.545,126.572044
2023-11-17,S003-P0001,Toys,73,340,15.57,15.545,98.247284
2023-11-18,S003-P0001,Toys,135,279,17.14,15.545,141.11179
2023-11-19,S003-P0001,Toys,116,188,17.99,15.545,106.98941
2023-11-20,S003-P0001,Toys,119,277,14.53,15.545,114.304115
2023-11-21,S003-P0001,Toys,132,160,18.9,15.545,95.33896
2023-11-22,S003-P0001,Toys,34,322,12.7,15.545,105.074066
2023-11-23,S003-P0001,Toys,64,288,13.58,15.545,83.00083
2023-11-24,S003-P0001,Toys,135,235,18.05,15.545,97.965225
2023-11-25,S003-P0001,Toys,91,84,17.45,15.545,86.49075
2023-11-26,S003-P0001,Toys,104,231,16.41,15.545,111.924416
2023-11-27,S003-P0001,Toys,64,109,14.3,15.545,85.17872
2023-11-28,S003-P0001,Toys,66,280,15.98,15.545,81.48463
2023-11-29,S003-P0001,Toys,80,227,15.98,15.545,106.6206
2023-11-30,S003-P0001,Toys,122,134,17.35,15.545,92.65241
2023-12-01,S003-P0001,Toys,156,0,19.24,15.545,99.799805
2023-12-02,S003-P0001,Toys,177,261,16.91,15.545,127.40043
2023-12-03,S003-P0001,Toys,131,456,18.87,15.545,108.54218
2023-12-04,S003-P0001,Toys,126,373,15.62,15.545,140.25972
2023-12-05,S003-P0001,Toys,88,290,16.41,15.545,90.58049
2023-12-06,S003-P0001,Toys,64,212,14.28,15.545,107.886665
2023-12-07,S003-P0001,Toys,51,166,13.63,15.545,97.268425
2023-12-08,S003-P0001,Toys,127,126,14.91,15.545,129.13376
2023-12-09,S003-P0001,Toys,95,0,16.85,15.545,91.54291
2023-12-10,S003-P0001,Toys,105,278,13.91,15.545,117.8164
2023-12-11,S003-P0001,Toys,103,168,17.25,15.545,92.04368
2023-12-12,S003-P0001,Toys,147,45,15.81,15.545,116.07748
2023-12-13,S003-P0001,Toys,57,242,13.25,15.545,107.886665
2023-12-14,S003-P0001,Toys,74,505,14.85,15.545,97.268425
2023-12-15,S003-P0001,Toys,137,434,14.37,15.545,118.475105
2023-12-16,S003-P0001,Toys,108,320,15.82,15.545,90.90374
2023-12-17,S003-P0001,Toys,53,195,15.21,15.545,99.89086
2023-12-18,S003-P0001,Toys,68,157,14.49,15.545,108.95293
2023-12-19,S003-P0001,Toys,112,93,16.91,15.545,90.58049
2023-12-20,S003-P0001,Toys,117,127,19.03,15.545,108.00669
2023-12-21,S003-P0001,Toys,151,313,17.99,15.545,105.31298
2023-12-22,S003-P0001,Toys,55,134,14.56,15.545,92.449936
2023-12-23,S003-P0001,Toys,115,406,17.95,15.545,91.07134
2023-12-24,S003-P0001,Toys,163,328,18.58,15.545,117.86855
2023-12-25,S003-P0001,Toys,103,171,13.62,15.545,120.30152
2023-12-26,S003-P0001,Toys,175,428,18.1,15.545,136.76357
2023-12-27,S003-P0001,Toys,11,219,10.85,15.545,50.425022
2023-12-28,S003-P0001,Toys,41,208,13.79,15.545,34.884495
2023-12-29,S003-P0001,Toys,30,183,12.48,15.545,33.343063
2023-12-30,S003-P0001,Toys,47,163,14.89,15.545,35.394493
2023-12-31,S003-P0001,Toys,11,130,12.13,15.545,39.82103
2024-01-01,S003-P0001,Toys,31,121,12.55,15.545,34.19305
2024-01-02,S003-P0001,Toys,42,98,13.85,15.545,28.64175
2024-01-03,S003-P0001,Toys,22,59,11.4,15.545,42.282722
2024-01-04,S003-P0001,Toys,36,141,10.14,15.545,43.909847
2024-01-05,S003-P0001,Toys,34,107,13.38,15.545,36.662163
2024-01-06,S003-P0001,Toys,95,70,13.29,15.545,48.041348
2024-01-07,S003-P0001,Toys,8,56,12.56,15.545,32.386475
2024-01-08,S003-P0001,Toys,23,238,11.52,15.545,44.177963
2024-01-09,S003-P0001,Toys,109,224,15.87,15.545,90.832085
2024-01-10,S003-P0001,Toys,88,148,14.79,15.545,100.633644
2024-01-11,S003-P0001,Toys,164,255,18.52,15.545,138.89636
2024-01-12,S003-P0001,Toys,161,146,19.43,15.545,109.512184
2024-01-13,S003-P0001,Toys,151,371,17.85,15.545,127.884026
2024-01-14,S003-P0001,Toys,126,228,18.57,15.545,101.14185
2024-01-15,S003-P0001,Toys,101,89,16.29,15.545,107.13859
2024-01-16,S003-P0001,Toys,91,229,15.73,15.545,99.69421
2024-01-17,S003-P0001,Toys,94,125,15.91,15.545,91.577255
2024-01-18,S003-P0001,Toys,66,62,14.41,15.545,97.216934
2024-01-19,S003-P0001,Toys,115,197,17.0,15.545,139.15498
2024-01-20,S003-P0001,Toys,45,122,14.04,15.545,108.78463
2024-01-21,S003-P0001,Toys,52,349,11.39,15.545,118.320366
2024-01-22,S003-P0001,Toys,119,289,14.55,15.545,139.0715
2024-01-23,S003-P0001,Toys,89,169,17.35,15.545,99.438255
2024-01-24,S003-P0001,Toys,64,105,13.56,15.545,117.01215
2024-01-25,S003-P0001,Toys,73,192,14.02,15.545,106.31794
2024-01-26,S003-P0001,Toys,81,115,14.43,15.545,93.3036
2024-01-27,S003-P0001,Toys,125,208,19.45,15.545,91.25721
2024-01-28,S003-P0001,Toys,103,116,16.41,15.545,101.10812
2024-01-29,S003-P0001,Toys,55,244,14.6,15.545,90.93229
2024-01-30,S003-P0001,Toys,58,207,13.26,15.545,108.4217
2023-10-03,S003-P0002,Groceries,114,520,56.14,56.269999999999996,130.72041
2023-10-04,S003-P0002,Groceries,143,436,61.26,56.269999999999996,146.58038
2023-10-05,S003-P0002,Groceries,175,312,59.95,56.269999999999996,131.59633
2023-10-06,S003-P0002,Groceries,112,202,58.88,56.269999999999996,114.73436
2023-10-07,S003-P0002,Groceries,62,548,46.96,56.269999999999996,67.9674
2023-10-08,S003-P0002,Groceries,113,497,47.27,56.269999999999996,89.29434
2023-10-09,S003-P0002,Groceries,88,387,57.21,56.269999999999996,67.84849
2023-10-10,S003-P0002,Groceries,82,308,47.92,56.269999999999996,74.986534
2023-10-11,S003-P0002,Groceries,65,258,45.15,56.269999999999996,67.33344
2023-10-12,S003-P0002,Groceries,78,215,55.37,56.269999999999996,75.70404
2023-10-13,S003-P0002,Groceries,91,358,54.89,56.269999999999996,84.06241
2023-10-14,S003-P0002,Groceries,100,285,50.61,56.269999999999996,87.7612
2023-10-15,S003-P0002,Groceries,92,191,58.06,56.269999999999996,78.21134
2023-10-16,S003-P0002,Groceries,75,89,52.05,56.269999999999996,74.86386
2023-10-17,S003-P0002,Groceries,132,294,56.07,56.269999999999996,96.49905
2023-10-18,S003-P0002,Groceries,89,161,43.08,56.269999999999996,88.09759
2023-10-19,S003-P0002,Groceries,57,95,51.13,56.269999999999996,68.45814
2023-10-20,S003-P0002,Groceries,97,403,53.12,56.269999999999996,70.47975
2023-10-21,S003-P0002,Groceries,44,312,43.73,56.269999999999996,74.89038
2023-10-22,S003-P0002,Groceries,59,264,46.51,56.269999999999996,71.41995
2023-10-23,S003-P0002,Groceries,79,229,50.01,56.269999999999996,87.66694
2023-10-24,S003-P0002,Groceries,58,157,46.42,56.269999999999996,67.13217
2023-10-25,S003-P0002,Groceries,172,106,63.08,56.269999999999996,146.58038
2023-10-26,S003-P0002,Groceries,131,280,46.83,56.269999999999996,162.95438
2023-10-27,S003-P0002,Groceries,94,135,52.66,56.269999999999996,125.79798
2023-10-28,S003-P0002,Groceries,104,525,51.64,56.269999999999996,101.67281
2023-10-29,S003-P0002,Groceries,149,434,65.69,56.269999999999996,115.82984
2023-10-30,S003-P0002,Groceries,103,317,54.32,56.269999999999996,113.84664
2023-10-31,S003-P0002,Groceries,157,253,67.2,56.269999999999996,125.329216
2023-11-01,S003-P0002,Groceries,78,499,49.89,56.269999999999996,104.03114
2023-11-02,S003-P0002,Groceries,131,413,62.39,56.269999999999996,127.76189
2023-11-03,S003-P0002,Groceries,100,286,42.46,56.269999999999996,151.4567
2023-11-04,S003-P0002,Groceries,112,225,62.01,56.269999999999996,128.52911
2023-11-05,S003-P0002,Groceries,141,560,67.59,56.269999999999996,118.653404
2023-11-06,S003-P0002,Groceries,100,459,53.64,56.269999999999996,103.21258
2023-11-07,S003-P0002,Groceries,98,393,50.7,56.269999999999996,153.65904
2023-11-08,S003-P0002,Groceries,65,292,47.57,56.269999999999996,137.08447
2023-11-09,S003-P0002,Groceries,156,215,63.46,56.269999999999996,104.313614
2023-11-10,S003-P0002,Groceries,198,69,63.69,56.269999999999996,137.2655
2023-11-11,S003-P0002,Groceries,132,0,53.29,56.269999999999996,168.34688
2023-11-12,S003-P0002,Groceries,212,417,69.29,56.269999999999996,166.94962
2023-11-13,S003-P0002,Groceries,87,959,51.53,56.269999999999996,103.6289
2023-11-14,S003-P0002,Groceries,131,861,56.25,56.269999999999996,102.59217
2023-11-15,S003-P0002,Groceries,230,725,67.99,56.269999999999996,170.00665
2023-11-16,S003-P0002,Groceries,67,450,50.44,56.269999999999996,115.03114
2023-11-17,S003-P0002,Groceries,137,401,63.62,56.269999999999996,118.26441
2023-11-18,S003-P0002,Groceries,28,1112,38.91,56.269999999999996,168.17609
2023-11-19,S003-P0002,Groceries,94,1091,52.54,56.269999999999996,129.94492
2023-11-20,S003-P0002,Groceries,156,1035,60.35,56.269999999999996,139.03174
2023-11-21,S003-P0002,Groceries,75,876,49.24,56.269999999999996,115.80542
2023-11-22,S003-P0002,Groceries,183,829,75.92,56.269999999999996,128.56812
2023-11-23,S003-P0002,Groceries,98,686,56.3,56.269999999999996,103.55607
2023-11-24,S003-P0002,Groceries,75,598,49.38,56.269999999999996,118.26441
2023-11-25,S003-P0002,Groceries,152,553,52.41,56.269999999999996,140.71567
2023-11-26,S003-P0002,Groceries,89,453,57.49,56.269999999999996,105.94754
2023-11-27,S003-P0002,Groceries,62,395,49.52,56.269999999999996,103.27274
2023-11-28,S003-P0002,Groceries,100,358,56.66,56.269999999999996,102.26641
2023-11-29,S003-P0002,Groceries,148,274,65.5,56.269999999999996,128.56812
2023-11-30,S003-P0002,Groceries,77,185,52.4,56.269999999999996,115.03114
2023-12-01,S003-P0002,Groceries,133,428,56.19,56.269999999999996,147.90082
2023-12-02,S003-P0002,Groceries,126,329,58.5,56.269999999999996,115.2019
2023-12-03,S003-P0002,Groceries,129,246,61.99,56.269999999999996,123.36165
2023-12-04,S003-P0002,Groceries,162,579,57.47,56.269999999999996,157.85541
2023-12-05,S003-P0002,Groceries,120,458,57.21,56.269999999999996,102.594894
2023-12-06,S003-P0002,Groceries,128,376,55.7,56.269999999999996,125.1757
2023-12-07,S003-P0002,Groceries,105,240,57.58,56.269999999999996,111.82899
2023-12-08,S003-P0002,Groceries,20,150,39.65,56.269999999999996,113.35908
2023-12-09,S003-P0002,Groceries,102,456,54.09,56.269999999999996,102.36181
2023-12-10,S003-P0002,Groceries,125,362,55.23,56.269999999999996,100.677086
2023-12-11,S003-P0002,Groceries,96,234,50.34,56.269999999999996,104.32992
2023-12-12,S003-P0002,Groceries,242,151,66.39,56.269999999999996,133.75446
2023-12-13,S003-P0002,Groceries,210,423,73.0,56.269999999999996,125.1757
2023-12-14,S003-P0002,Groceries,79,284,52.66,56.269999999999996,111.7673
2023-12-15,S003-P0002,Groceries,118,963,60.03,56.269999999999996,101.35311
2023-12-16,S003-P0002,Groceries,138,855,63.67,56.269999999999996,102.36181
2023-12-17,S003-P0002,Groceries,154,737,63.1,56.269999999999996,111.820335
2023-12-18,S003-P0002,Groceries,184,565,68.64,56.269999999999996,123.51032
2023-12-19,S003-P0002,Groceries,107,366,61.07,56.269999999999996,102.01154
2023-12-20,S003-P0002,Groceries,167,276,51.8,56.269999999999996,160.4156
2023-12-21,S003-P0002,Groceries,221,534,66.6,56.269999999999996,156.32007
2023-12-22,S003-P0002,Groceries,119,366,51.15,56.269999999999996,132.80904
2023-12-23,S003-P0002,Groceries,74,272,44.12,56.269999999999996,134.76196
2023-12-24,S003-P0002,Groceries,138,761,50.94,56.269999999999996,131.30215
2023-12-25,S003-P0002,Groceries,26,615,45.06,56.269999999999996,104.60169
2023-12-26,S003-P0002,Groceries,48,595,44.55,56.269999999999996,124.18134
2023-12-27,S003-P0002,Groceries,157,539,57.14,56.269999999999996,101.7376
2023-12-28,S003-P0002,Groceries,88,439,43.48,56.269999999999996,102.05015
2023-12-29,S003-P0002,Groceries,69,380,48.27,56.269999999999996,70.79963
2023-12-30,S003-P0002,Groceries,101,817,56.81,56.269999999999996,78.427055
2023-12-31,S003-P0002,Groceries,53,745,43.08,56.269999999999996,85.54916
2024-01-01,S003-P0002,Groceries,115,701,44.62,56.269999999999996,98.8736
2024-01-02,S003-P0002,Groceries,68,608,53.3,56.269999999999996,68.54655
2024-01-03,S003-P0002,Groceries,141,540,48.15,56.269999999999996,89.883224
2024-01-04,S003-P0002,Groceries,69,449,48.13,56.269999999999996,69.50336
2024-01-05,S003-P0002,Groceries,60,387,51.87,56.269999999999996,84.49453
2024-01-06,S003-P0002,Groceries,83,323,53.55,56.269999999999996,75.86242
2024-01-07,S003-P0002,Groceries,39,261,40.73,56.269999999999996,91.78477
2024-01-08,S003-P0002,Groceries,96,227,58.89,56.269999999999996,69.35052
2024-01-09,S003-P0002,Groceries,90,384,54.72,56.269999999999996,102.587494
2024-01-10,S003-P0002,Groceries,92,315,52.31,56.269999999999996,113.034874
2024-01-11,S003-P0002,Groceries,130,251,65.54,56.269999999999996,121.960945
2024-01-12,S003-P0002,Groceries,140,95,67.42,56.269999999999996,124.50341
2024-01-13,S003-P0002,Groceries,108,274,58.2,56.269999999999996,112.59415
2024-01-14,S003-P0002,Groceries,153,182,62.96,56.269999999999996,111.02882
2024-01-15,S003-P0002,Groceries,75,442,39.04,56.269999999999996,159.8016
2024-01-16,S003-P0002,Groceries,151,382,59.21,56.269999999999996,148.18329
2024-01-17,S003-P0002,Groceries,63,262,47.2,56.269999999999996,103.386986
2024-01-18,S003-P0002,Groceries,80,202,55.76,56.269999999999996,111.47459
2024-01-19,S003-P0002,Groceries,61,619,49.41,56.269999999999996,123.542046
2024-01-20,S003-P0002,Groceries,118,558,56.82,56.269999999999996,163.99797
2024-01-21,S003-P0002,Groceries,62,417,47.18,56.269999999999996,102.187035
2024-01-22,S003-P0002,Groceries,100,370,56.66,56.269999999999996,124.28513
2024-01-23,S003-P0002,Groceries,94,267,49.96,56.269999999999996,112.353584
2024-01-24,S003-P0002,Groceries,126,200,51.81,56.269999999999996,136.28471
2024-01-25,S003-P0002,Groceries,73,380,46.52,56.269999999999996,160.36835
2024-01-26,S003-P0002,Groceries,57,299,38.41,56.269999999999996,134.2588
2024-01-27,S003-P0002,Groceries,112,253,49.99,56.269999999999996,136.13309
2024-01-28,S003-P0002,Groceries,111,186,55.55,56.269999999999996,111.02882
2024-01-29,S003-P0002,Groceries,116,93,62.81,56.269999999999996,104.18126
2024-01-30,S003-P0002,Groceries,112,327,55.7,56.269999999999996,122.57374
2023-10-03,S003-P0003,Electronics,80,144,89.44,87.635,92.99748
2023-10-04,S003-P0003,Electronics,146,159,99.57,87.635,102.86806
2023-10-05,S003-P0003,Electronics,122,171,87.2,87.635,118.09799
2023-10-06,S003-P0003,Electronics,177,194,96.12,87.635,130.08583
2023-10-07,S003-P0003,Electronics,44,176,74.34,87.635,50.444088
2023-10-08,S003-P0003,Electronics,53,147,77.05,87.635,51.834064
2023-10-09,S003-P0003,Electronics,94,103,71.44,87.635,65.55919
2023-10-10,S003-P0003,Electronics,41,127,77.36,87.635,55.548183
2023-10-11,S003-P0003,Electronics,58,90,70.55,87.635,66.558395
2023-10-12,S003-P0003,Electronics,43,109,69.97,87.635,57.442593
2023-10-13,S003-P0003,Electronics,33,109,74.83,87.635,61.940693
2023-10-14,S003-P0003,Electronics,60,122,75.01,87.635,50.44722
2023-10-15,S003-P0003,Electronics,65,110,80.6,87.635,57.567776
2023-10-16,S003-P0003,Electronics,44,118,70.53,87.635,55.454704
2023-10-17,S003-P0003,Electronics,48,129,60.41,87.635,72.25157
2023-10-18,S003-P0003,Electronics,98,81,67.78,87.635,67.24003
2023-10-19,S003-P0003,Electronics,75,80,79.25,87.635,67.74732
2023-10-20,S003-P0003,Electronics,57,79,78.08,87.635,51.997692
2023-10-21,S003-P0003,Electronics,40,83,72.99,87.635,55.49487
2023-10-22,S003-P0003,Electronics,58,109,78.35,87.635,53.09943
2023-10-23,S003-P0003,Electronics,117,106,85.84,87.635,66.22419
2023-10-24,S003-P0003,Electronics,50,115,72.29,87.635,50.205547
2023-10-25,S003-P0003,Electronics,191,113,111.93,87.635,129.23312
2023-10-26,S003-P0003,Electronics,151,180,100.82,87.635,110.989136
2023-10-27,S003-P0003,Electronics,143,139,93.47,87.635,113.342964
2023-10-28,S003-P0003,Electronics,122,162,87.9,87.635,94.89616
2023-10-29,S003-P0003,Electronics,132,198,95.58,87.635,104.64821
2023-10-30,S003-P0003,Electronics,80,209,76.57,87.635,102.993645
2023-10-31,S003-P0003,Electronics,122,121,97.58,87.635,111.879364
2023-11-01,S003-P0003,Electronics,137,133,96.64,87.635,90.796135
2023-11-02,S003-P0003,Electronics,164,123,99.0,87.635,107.629456
2023-11-03,S003-P0003,Electronics,126,159,89.03,87.635,103.95957
2023-11-04,S003-P0003,Electronics,166,145,105.31,87.635,112.641266
2023-11-05,S003-P0003,Electronics,127,185,98.94,87.635,104.0953
2023-11-06,S003-P0003,Electronics,141,166,92.39,87.635,118.07115
2023-11-07,S003-P0003,Electronics,167,175,100.02,87.635,100.29891
2023-11-08,S003-P0003,Electronics,167,239,99.2,87.635,118.18385
2023-11-09,S003-P0003,Electronics,91,248,88.29,87.635,87.850044
2023-11-10,S003-P0003,Electronics,138,173,91.99,87.635,93.95884
2023-11-11,S003-P0003,Electronics,133,203,90.74,87.635,145.94879
2023-11-12,S003-P0003,Electronics,100,223,72.78,87.635,144.55194
2023-11-13,S003-P0003,Electronics,52,125,80.82,87.635,90.52716
2023-11-14,S003-P0003,Electronics,88,115,78.77,87.635,116.81281
2023-11-15,S003-P0003,Electronics,188,121,93.78,87.635,148.43202
2023-11-16,S003-P0003,Electronics,121,157,92.16,87.635,96.93971
2023-11-17,S003-P0003,Electronics,67,170,81.12,87.635,104.82882
2023-11-18,S003-P0003,Electronics,245,102,113.17,87.635,147.70895
2023-11-19,S003-P0003,Electronics,59,217,71.0,87.635,144.26189
2023-11-20,S003-P0003,Electronics,84,163,81.83,87.635,88.60997
2023-11-21,S003-P0003,Electronics,105,99,92.55,87.635,100.77236
2023-11-22,S003-P0003,Electronics,134,117,91.07,87.635,112.78643
2023-11-23,S003-P0003,Electronics,117,148,86.08,87.635,118.65032
2023-11-24,S003-P0003,Electronics,117,179,96.08,87.635,104.32867
2023-11-25,S003-P0003,Electronics,98,150,81.35,87.635,90.59753
2023-11-26,S003-P0003,Electronics,117,161,101.26,87.635,95.3359
2023-11-27,S003-P0003,Electronics,130,134,84.21,87.635,119.119644
2023-11-28,S003-P0003,Electronics,101,150,82.27,87.635,88.94636
2023-11-29,S003-P0003,Electronics,137,181,91.89,87.635,112.78643
2023-11-30,S003-P0003,Electronics,74,152,79.03,87.635,96.995964
2023-12-01,S003-P0003,Electronics,155,86,96.05,87.635,127.26665
2023-12-02,S003-P0003,Electronics,209,162,110.45,87.635,128.55692
2023-12-03,S003-P0003,Electronics,100,240,95.83,87.635,108.85047
2023-12-04,S003-P0003,Electronics,103,138,87.11,87.635,110.90682
2023-12-05,S003-P0003,Electronics,90,152,83.52,87.635,91.9042
2023-12-06,S003-P0003,Electronics,148,164,83.08,87.635,140.67955
2023-12-07,S003-P0003,Electronics,178,148,108.63,87.635,100.30329
2023-12-08,S003-P0003,Electronics,66,181,85.09,87.635,101.07104
2023-12-09,S003-P0003,Electronics,124,129,82.63,87.635,117.32716
2023-12-10,S003-P0003,Electronics,134,111,80.87,87.635,116.203476
2023-12-11,S003-P0003,Electronics,126,140,88.8,87.635,95.24174
2023-12-12,S003-P0003,Electronics,100,121,68.24,87.635,117.88412
2023-12-13,S003-P0003,Electronics,153,118,96.12,87.635,112.12556
2023-12-14,S003-P0003,Electronics,146,165,110.16,87.635,99.55315
2023-12-15,S003-P0003,Electronics,50,164,72.02,87.635,92.77317
2023-12-16,S003-P0003,Electronics,161,122,103.42,87.635,116.91587
2023-12-17,S003-P0003,Electronics,118,156,96.46,87.635,100.62708
2023-12-18,S003-P0003,Electronics,144,210,98.54,87.635,139.58246
2023-12-19,S003-P0003,Electronics,119,228,91.73,87.635,116.84011
2023-12-20,S003-P0003,Electronics,108,102,93.51,87.635,111.35993
2023-12-21,S003-P0003,Electronics,144,151,93.68,87.635,109.81761
2023-12-22,S003-P0003,Electronics,71,216,78.11,87.635,92.38318
2023-12-23,S003-P0003,Electronics,100,155,91.03,87.635,92.2535
2023-12-24,S003-P0003,Electronics,111,143,84.94,87.635,92.78976
2023-12-25,S003-P0003,Electronics,82,166,81.4,87.635,94.59697
2023-12-26,S003-P0003,Electronics,123,68,103.17,87.635,109.96243
2023-12-27,S003-P0003,Electronics,68,107,61.13,87.635,75.31255
2023-12-28,S003-P0003,Electronics,76,136,83.89,87.635,54.842075
2023-12-29,S003-P0003,Electronics,82,113,85.54,87.635,50.739506
2023-12-30,S003-P0003,Electronics,59,110,74.79,87.635,56.122307
2023-12-31,S003-P0003,Electronics,66,131,80.88,87.635,60.067905
2024-01-01,S003-P0003,Electronics,62,137,75.55,87.635,52.644474
2024-01-02,S003-P0003,Electronics,34,157,71.26,87.635,47.9118
2024-01-03,S003-P0003,Electronics,82,124,81.25,87.635,47.987347
2024-01-04,S003-P0003,Electronics,28,116,69.41,87.635,47.39771
2024-01-05,S003-P0003,Electronics,56,96,70.11,87.635,76.61085
2024-01-06,S003-P0003,Electronics,93,115,84.36,87.635,71.67984
2024-01-07,S003-P0003,Electronics,34,99,67.48,87.635,48.438766
2024-01-08,S003-P0003,Electronics,79,125,80.29,87.635,64.333
2024-01-09,S003-P0003,Electronics,94,135,84.49,87.635,92.7291
2024-01-10,S003-P0003,Electronics,131,155,84.42,87.635,131.122
2024-01-11,S003-P0003,Electronics,136,154,85.72,87.635,140.48021
2024-01-12,S003-P0003,Electronics,102,216,96.35,87.635,109.6689
2024-01-13,S003-P0003,Electronics,25,116,65.01,87.635,102.70648
2024-01-14,S003-P0003,Electronics,23,100,64.69,87.635,100.090034
2024-01-15,S003-P0003,Electronics,75,127,83.53,87.635,110.64893
2024-01-16,S003-P0003,Electronics,127,121,89.29,87.635,130.06555
2024-01-17,S003-P0003,Electronics,44,142,70.27,87.635,93.49505
2024-01-18,S003-P0003,Electronics,68,111,77.3,87.635,101.19462
2024-01-19,S003-P0003,Electronics,71,122,74.07,87.635,140.56845
2024-01-20,S003-P0003,Electronics,60,135,79.0,87.635,111.83887
2024-01-21,S003-P0003,Electronics,30,117,63.08,87.635,93.59969
2024-01-22,S003-P0003,Electronics,105,95,82.73,87.635,141.97845
2024-01-23,S003-P0003,Electronics,150,106,100.29,87.635,102.486275
2024-01-24,S003-P0003,Electronics,167,124,87.59,87.635,119.87443
2024-01-25,S003-P0003,Electronics,100,206,91.1,87.635,109.37286
2024-01-26,S003-P0003,Electronics,110,94,93.99,87.635,92.69366
2024-01-27,S003-P0003,Electronics,84,95,82.05,87.635,92.697395
2024-01-28,S003-P0003,Electronics,164,116,88.0,87.635,128.68402
2024-01-29,S003-P0003,Electronics,87,184,87.23,87.635,93.08698
2024-01-30,S003-P0003,Electronics,103,95,91.96,87.635,111.273895
2023-10-03,S003-P0004,Groceries,101,507,22.1,22.985,102.383415
2023-10-04,S003-P0004,Groceries,157,446,23.5,22.985,146.30544
2023-10-05,S003-P0004,Groceries,40,297,16.79,22.985,102.95934
2023-10-06,S003-P0004,Groceries,87,267,20.06,22.985,114.56232
2023-10-07,S003-P0004,Groceries,55,723,16.7,22.985,87.69188
2023-10-08,S003-P0004,Groceries,42,671,17.82,22.985,71.75063
2023-10-09,S003-P0004,Groceries,55,633,19.83,22.985,67.88519
2023-10-10,S003-P0004,Groceries,99,580,24.39,22.985,74.89381
2023-10-11,S003-P0004,Groceries,64,474,18.47,22.985,87.66282
2023-10-12,S003-P0004,Groceries,47,408,18.2,22.985,76.038
2023-10-13,S003-P0004,Groceries,114,377,19.5,22.985,105.35156
2023-10-14,S003-P0004,Groceries,68,290,21.92,22.985,67.85992
2023-10-15,S003-P0004,Groceries,98,214,20.78,22.985,78.321945
2023-10-16,S003-P0004,Groceries,55,485,20.92,22.985,74.86386
2023-10-17,S003-P0004,Groceries,125,420,19.87,22.985,96.666466
2023-10-18,S003-P0004,Groceries,127,281,20.26,22.985,87.62862
2023-10-19,S003-P0004,Groceries,42,140,14.13,22.985,87.81895
2023-10-20,S003-P0004,Groceries,82,453,19.62,22.985,88.437416
2023-10-21,S003-P0004,Groceries,44,356,18.99,22.985,74.88352
2023-10-22,S003-P0004,Groceries,103,321,22.33,22.985,71.208664
2023-10-23,S003-P0004,Groceries,89,198,21.34,22.985,68.23844
2023-10-24,S003-P0004,Groceries,85,125,19.93,22.985,67.32073
2023-10-25,S003-P0004,Groceries,103,335,24.76,22.985,113.87897
2023-10-26,S003-P0004,Groceries,231,260,29.94,22.985,126.67472
2023-10-27,S003-P0004,Groceries,95,35,21.69,22.985,125.79798
2023-10-28,S003-P0004,Groceries,136,271,19.49,22.985,131.06392
2023-10-29,S003-P0004,Groceries,123,974,23.72,22.985,115.77676
2023-10-30,S003-P0004,Groceries,81,838,20.71,22.985,113.84664
2023-10-31,S003-P0004,Groceries,106,755,21.34,22.985,125.70958
2023-11-01,S003-P0004,Groceries,89,688,17.72,22.985,141.67053
2023-11-02,S003-P0004,Groceries,143,602,25.25,22.985,127.76189
2023-11-03,S003-P0004,Groceries,121,435,23.57,22.985,117.89211
2023-11-04,S003-P0004,Groceries,170,292,25.59,22.985,168.34688
2023-11-05,S003-P0004,Groceries,63,111,18.32,22.985,151.48193
2023-11-06,S003-P0004,Groceries,138,60,27.53,22.985,103.27274
2023-11-07,S003-P0004,Groceries,127,532,24.03,22.985,115.80542
2023-11-08,S003-P0004,Groceries,105,403,21.3,22.985,137.08447
2023-11-09,S003-P0004,Groceries,49,330,17.41,22.985,104.313614
2023-11-10,S003-P0004,Groceries,131,280,25.67,22.985,107.45516
2023-11-11,S003-P0004,Groceries,182,169,26.58,22.985,168.17609
2023-11-12,S003-P0004,Groceries,131,11,23.07,22.985,129.94492
2023-11-13,S003-P0004,Groceries,116,375,24.51,22.985,103.6289
2023-11-14,S003-P0004,Groceries,53,723,20.76,22.985,102.1685
2023-11-15,S003-P0004,Groceries,150,675,25.73,22.985,128.74886
2023-11-16,S003-P0004,Groceries,118,528,23.36,22.985,116.09413
2023-11-17,S003-P0004,Groceries,131,441,26.98,22.985,118.71496
2023-11-18,S003-P0004,Groceries,233,332,26.75,22.985,168.91245
2023-11-19,S003-P0004,Groceries,110,78,20.23,22.985,166.44223
2023-11-20,S003-P0004,Groceries,91,462,22.59,22.985,103.03061
2023-11-21,S003-P0004,Groceries,142,368,26.51,22.985,115.570305
2023-11-22,S003-P0004,Groceries,149,250,25.58,22.985,129.08359
2023-11-23,S003-P0004,Groceries,122,132,22.34,22.985,139.73122
2023-11-24,S003-P0004,Groceries,226,404,24.66,22.985,151.4567
2023-11-25,S003-P0004,Groceries,112,148,21.78,22.985,103.434975
2023-11-26,S003-P0004,Groceries,108,45,23.88,22.985,105.2934
2023-11-27,S003-P0004,Groceries,152,771,25.84,22.985,103.21258
2023-11-28,S003-P0004,Groceries,121,648,19.65,22.985,138.15135
2023-11-29,S003-P0004,Groceries,128,563,24.12,22.985,128.74886
2023-11-30,S003-P0004,Groceries,19,434,17.09,22.985,115.03114
2023-12-01,S003-P0004,Groceries,181,417,24.81,22.985,147.26678
2023-12-02,S003-P0004,Groceries,141,226,26.38,22.985,115.2019
2023-12-03,S003-P0004,Groceries,171,118,25.83,22.985,121.55741
2023-12-04,S003-P0004,Groceries,78,601,20.43,22.985,123.40467
2023-12-05,S003-P0004,Groceries,159,549,26.32,22.985,134.75766
2023-12-06,S003-P0004,Groceries,222,437,27.67,22.985,161.31586
2023-12-07,S003-P0004,Groceries,102,239,22.2,22.985,112.38017
2023-12-08,S003-P0004,Groceries,73,171,21.24,22.985,113.7127
2023-12-09,S003-P0004,Groceries,141,652,27.79,22.985,102.40812
2023-12-10,S003-P0004,Groceries,71,486,20.01,22.985,100.825096
2023-12-11,S003-P0004,Groceries,157,423,22.08,22.985,133.88643
2023-12-12,S003-P0004,Groceries,91,253,20.32,22.985,134.75766
2023-12-13,S003-P0004,Groceries,170,195,30.13,22.985,125.53419
2023-12-14,S003-P0004,Groceries,127,600,25.32,22.985,111.82899
2023-12-15,S003-P0004,Groceries,143,457,25.2,22.985,101.13882
2023-12-16,S003-P0004,Groceries,107,291,21.32,22.985,134.76196
2023-12-17,S003-P0004,Groceries,122,224,22.48,22.985,111.820335
2023-12-18,S003-P0004,Groceries,114,526,25.64,22.985,123.73023
2023-12-19,S003-P0004,Groceries,148,414,25.59,22.985,102.19732
2023-12-20,S003-P0004,Groceries,87,255,20.06,22.985,125.1757
2023-12-21,S003-P0004,Groceries,150,188,27.07,22.985,121.58799
2023-12-22,S003-P0004,Groceries,198,562,23.06,22.985,131.8876
2023-12-23,S003-P0004,Groceries,130,367,26.89,22.985,102.40812
2023-12-24,S003-P0004,Groceries,176,246,24.7,22.985,131.8456
2023-12-25,S003-P0004,Groceries,134,793,20.4,22.985,133.54742
2023-12-26,S003-P0004,Groceries,160,656,29.36,22.985,124.59637
2023-12-27,S003-P0004,Groceries,48,559,17.37,22.985,78.11449
2023-12-28,S003-P0004,Groceries,86,514,19.87,22.985,101.98672
2023-12-29,S003-P0004,Groceries,57,416,19.95,22.985,70.792984
2023-12-30,S003-P0004,Groceries,72,349,20.05,22.985,77.98583
2023-12-31,S003-P0004,Groceries,67,292,21.85,22.985,85.79677
2024-01-01,S003-P0004,Groceries,59,251,20.13,22.985,77.254425
2024-01-02,S003-P0004,Groceries,112,193,24.19,22.985,68.54655
2024-01-03,S003-P0004,Groceries,85,85,19.92,22.985,68.69283
2024-01-04,S003-P0004,Groceries,31,13,18.01,22.985,69.440735
2024-01-05,S003-P0004,Groceries,96,382,22.93,22.985,83.58345
2024-01-06,S003-P0004,Groceries,110,312,22.83,22.985,75.86242
2024-01-07,S003-P0004,Groceries,114,213,25.63,22.985,69.73337
2024-01-08,S003-P0004,Groceries,90,101,19.12,22.985,90.7208
2024-01-09,S003-P0004,Groceries,63,440,21.54,22.985,102.65064
2024-01-10,S003-P0004,Groceries,68,376,19.78,22.985,112.69924
2024-01-11,S003-P0004,Groceries,224,327,27.59,22.985,159.9227
2024-01-12,S003-P0004,Groceries,173,98,25.79,22.985,163.09744
2024-01-13,S003-P0004,Groceries,217,0,30.49,22.985,112.71511
2024-01-14,S003-P0004,Groceries,187,792,23.62,22.985,147.21979
2024-01-15,S003-P0004,Groceries,168,585,28.49,22.985,124.47199
2024-01-16,S003-P0004,Groceries,96,466,20.52,22.985,148.18329
2024-01-17,S003-P0004,Groceries,85,364,23.27,22.985,103.39003
2024-01-18,S003-P0004,Groceries,185,288,23.8,22.985,146.79973
2024-01-19,S003-P0004,Groceries,91,168,21.37,22.985,122.90583
2024-01-20,S003-P0004,Groceries,174,79,23.13,22.985,161.71559
2024-01-21,S003-P0004,Groceries,88,528,19.99,22.985,134.38683
2024-01-22,S003-P0004,Groceries,162,432,25.22,22.985,124.140785
2024-01-23,S003-P0004,Groceries,93,292,20.47,22.985,112.353584
2024-01-24,S003-P0004,Groceries,92,220,22.69,22.985,103.39003
2024-01-25,S003-P0004,Groceries,162,591,28.02,22.985,121.960945
2024-01-26,S003-P0004,Groceries,189,452,24.06,22.985,134.56955
2024-01-27,S003-P0004,Groceries,134,320,24.5,22.985,102.74062
2024-01-28,S003-P0004,Groceries,175,239,23.19,22.985,148.24123
2024-01-29,S003-P0004,Groceries,100,634,23.24,22.985,103.84939
2024-01-30,S003-P0004,Groceries,84,552,20.93,22.985,122.39598
2023-10-03,S003-P0005,Toys,92,482,17.97,20.94,112.918106
2023-10-04,S003-P0005,Toys,92,379,22.41,20.94,94.93021
2023-10-05,S003-P0005,Toys,125,272,24.95,20.94,83.707726
2023-10-06,S003-P0005,Toys,62,161,20.16,20.94,98.05568
2023-10-07,S003-P0005,Toys,25,91,17.4,20.94,31.99464
2023-10-08,S003-P0005,Toys,46,476,19.96,20.94,36.209366
2023-10-09,S003-P0005,Toys,27,439,14.03,20.94,44.76837
2023-10-10,S003-P0005,Toys,22,409,14.57,20.94,51.636196
2023-10-11,S003-P0005,Toys,29,391,17.71,20.94,32.420807
2023-10-12,S003-P0005,Toys,14,356,14.78,20.94,52.372433
2023-10-13,S003-P0005,Toys,79,345,16.92,20.94,63.02222
2023-10-14,S003-P0005,Toys,26,274,13.8,20.94,45.40112
2023-10-15,S003-P0005,Toys,28,248,16.67,20.94,39.92142
2023-10-16,S003-P0005,Toys,23,223,13.79,20.94,50.856583
2023-10-17,S003-P0005,Toys,29,555,18.63,20.94,38.212284
2023-10-18,S003-P0005,Toys,15,521,17.49,20.94,32.420807
2023-10-19,S003-P0005,Toys,46,512,19.95,20.94,33.005978
2023-10-20,S003-P0005,Toys,27,473,16.63,20.94,34.32621
2023-10-21,S003-P0005,Toys,53,440,17.51,20.94,35.992855
2023-10-22,S003-P0005,Toys,13,394,13.17,20.94,51.51867
2023-10-23,S003-P0005,Toys,32,382,15.05,20.94,45.559063
2023-10-24,S003-P0005,Toys,13,349,13.03,20.94,47.71791
2023-10-25,S003-P0005,Toys,98,334,22.93,20.94,94.93021
2023-10-26,S003-P0005,Toys,191,263,26.91,20.94,100.79928
2023-10-27,S003-P0005,Toys,63,106,18.22,20.94,107.66389
2023-10-28,S003-P0005,Toys,55,43,18.66,20.94,85.73647
2023-10-29,S003-P0005,Toys,149,461,26.76,20.94,98.00031
2023-10-30,S003-P0005,Toys,51,985,18.35,20.94,94.80101
2023-10-31,S003-P0005,Toys,117,931,23.03,20.94,103.03635
2023-11-01,S003-P0005,Toys,165,807,22.09,20.94,117.16157
2023-11-02,S003-P0005,Toys,96,623,20.48,20.94,101.287994
2023-11-03,S003-P0005,Toys,135,562,20.56,20.94,127.23205
2023-11-04,S003-P0005,Toys,127,441,21.14,20.94,139.92409
2023-11-05,S003-P0005,Toys,165,322,22.08,20.94,126.84542
2023-11-06,S003-P0005,Toys,117,136,24.31,20.94,85.672585
2023-11-07,S003-P0005,Toys,95,600,20.4,20.94,94.699646
2023-11-08,S003-P0005,Toys,82,520,21.71,20.94,82.36437
2023-11-09,S003-P0005,Toys,45,453,19.91,20.94,83.46308
2023-11-10,S003-P0005,Toys,64,413,20.29,20.94,90.04159
2023-11-11,S003-P0005,Toys,148,351,25.34,20.94,105.76535
2023-11-12,S003-P0005,Toys,41,213,16.76,20.94,105.440384
2023-11-13,S003-P0005,Toys,61,172,16.9,20.94,108.90717
2023-11-14,S003-P0005,Toys,43,133,14.07,20.94,111.005135
2023-11-15,S003-P0005,Toys,74,619,18.98,20.94,105.074066
2023-11-16,S003-P0005,Toys,73,553,19.94,20.94,93.02897
2023-11-17,S003-P0005,Toys,67,487,18.52,20.94,97.965225
2023-11-18,S003-P0005,Toys,118,437,25.7,20.94,106.59542
2023-11-19,S003-P0005,Toys,122,344,19.76,20.94,138.30164
2023-11-20,S003-P0005,Toys,112,232,22.66,20.94,114.401
2023-11-21,S003-P0005,Toys,71,146,20.86,20.94,96.04664
2023-11-22,S003-P0005,Toys,69,614,19.63,20.94,105.074066
2023-11-23,S003-P0005,Toys,130,559,20.26,20.94,114.67519
2023-11-24,S003-P0005,Toys,89,456,19.99,20.94,97.965225
2023-11-25,S003-P0005,Toys,100,359,17.27,20.94,116.77716
2023-11-26,S003-P0005,Toys,82,260,22.79,20.94,86.94337
2023-11-27,S003-P0005,Toys,111,763,23.89,20.94,86.195015
2023-11-28,S003-P0005,Toys,95,649,23.84,20.94,81.48463
2023-11-29,S003-P0005,Toys,98,588,20.6,20.94,105.074066
2023-11-30,S003-P0005,Toys,133,516,24.25,20.94,93.02897
2023-12-01,S003-P0005,Toys,162,375,24.85,20.94,128.99052
2023-12-02,S003-P0005,Toys,162,244,27.7,20.94,99.12733
2023-12-03,S003-P0005,Toys,125,73,22.42,20.94,109.00723
2023-12-04,S003-P0005,Toys,153,530,25.68,20.94,108.81101
2023-12-05,S003-P0005,Toys,163,350,23.44,20.94,116.07748
2023-12-06,S003-P0005,Toys,68,247,21.69,20.94,108.00669
2023-12-07,S003-P0005,Toys,83,171,19.57,20.94,96.89661
2023-12-08,S003-P0005,Toys,132,612,25.44,20.94,99.799805
2023-12-09,S003-P0005,Toys,89,465,21.11,20.94,91.07134
2023-12-10,S003-P0005,Toys,99,379,21.85,20.94,91.74484
2023-12-11,S003-P0005,Toys,74,314,20.04,20.94,92.04368
2023-12-12,S003-P0005,Toys,119,256,18.37,20.94,117.29611
2023-12-13,S003-P0005,Toys,63,151,20.21,20.94,108.00669
2023-12-14,S003-P0005,Toys,115,545,21.66,20.94,126.905396
2023-12-15,S003-P0005,Toys,110,434,20.22,20.94,118.0599
2023-12-16,S003-P0005,Toys,52,352,18.42,20.94,116.00511
2023-12-17,S003-P0005,Toys,123,290,20.89,20.94,129.36691
2023-12-18,S003-P0005,Toys,68,207,20.61,20.94,108.81101
2023-12-19,S003-P0005,Toys,110,657,19.07,20.94,116.07748
2023-12-20,S003-P0005,Toys,55,588,18.58,20.94,107.886665
2023-12-21,S003-P0005,Toys,68,549,20.61,20.94,105.55427
2023-12-22,S003-P0005,Toys,98,496,19.46,20.94,118.0599
2023-12-23,S003-P0005,Toys,84,411,20.77,20.94,91.07134
2023-12-24,S003-P0005,Toys,87,312,22.08,20.94,91.74484
2023-12-25,S003-P0005,Toys,93,211,21.36,20.94,92.15615
2023-12-26,S003-P0005,Toys,163,134,26.45,20.94,106.905174
2023-12-27,S003-P0005,Toys,17,0,15.09,20.94,35.200962
2023-12-28,S003-P0005,Toys,21,322,15.28,20.94,50.32768
2023-12-29,S003-P0005,Toys,29,300,16.74,20.94,33.343063
2023-12-30,S003-P0005,Toys,28,1058,16.75,20.94,35.1042
2023-12-31,S003-P0005,Toys,17,1034,17.64,20.94,39.82103
2024-01-01,S003-P0005,Toys,26,1024,16.56,20.94,34.031826
2024-01-02,S003-P0005,Toys,19,1006,16.05,20.94,42.22988
2024-01-03,S003-P0005,Toys,57,984,16.8,20.94,42.282722
2024-01-04,S003-P0005,Toys,50,934,19.28,20.94,29.51287
2024-01-05,S003-P0005,Toys,30,901,14.98,20.94,54.329952
2024-01-06,S003-P0005,Toys,38,882,17.43,20.94,32.991947
2024-01-07,S003-P0005,Toys,7,841,15.24,20.94,32.13829
2024-01-08,S003-P0005,Toys,35,836,16.29,20.94,30.258348
2024-01-09,S003-P0005,Toys,12,815,16.37,20.94,90.65911
2024-01-10,S003-P0005,Toys,130,803,22.81,20.94,100.633644
2024-01-11,S003-P0005,Toys,141,667,27.56,20.94,106.044716
2024-01-12,S003-P0005,Toys,140,564,24.8,20.94,109.32408
2024-01-13,S003-P0005,Toys,107,449,23.58,20.94,100.03965
2024-01-14,S003-P0005,Toys,122,380,22.25,20.94,101.34712
2024-01-15,S003-P0005,Toys,140,301,26.07,20.94,107.69523
2024-01-16,S003-P0005,Toys,124,703,21.12,20.94,128.1255
2024-01-17,S003-P0005,Toys,84,627,21.84,20.94,91.3455
2024-01-18,S003-P0005,Toys,113,573,24.01,20.94,97.216934
2024-01-19,S003-P0005,Toys,145,486,22.26,20.94,139.43062
2024-01-20,S003-P0005,Toys,111,322,20.3,20.94,138.52335
2024-01-21,S003-P0005,Toys,42,232,15.72,20.94,117.919235
2024-01-22,S003-P0005,Toys,128,191,25.18,20.94,107.69523
2024-01-23,S003-P0005,Toys,74,726,19.97,20.94,99.69421
2024-01-24,S003-P0005,Toys,85,656,19.73,20.94,117.01215
2024-01-25,S003-P0005,Toys,147,555,27.97,20.94,106.044716
2024-01-26,S003-P0005,Toys,86,396,16.47,20.94,118.36378
2024-01-27,S003-P0005,Toys,109,337,21.24,20.94,116.30413
2024-01-28,S003-P0005,Toys,29,256,15.89,20.94,101.34712
2024-01-29,S003-P0005,Toys,66,822,20.48,20.94,90.93229
2024-01-30,S003-P0005,Toys,130,782,25.32,20.94,108.27162
2023-10-03,S003-P0006,Toys,48,114,31.31,36.485,84.08571
2023-10-04,S003-P0006,Toys,109,108,32.88,36.485,125.76148
2023-10-05,S003-P0006,Toys,69,99,34.05,36.485,83.762215
2023-10-06,S003-P0006,Toys,123,99,42.84,36.485,98.13659
2023-10-07,S003-P0006,Toys,25,143,28.55,36.485,31.99464
2023-10-08,S003-P0006,Toys,15,128,30.33,36.485,36.209366
2023-10-09,S003-P0006,Toys,25,117,30.05,36.485,32.971573
2023-10-10,S003-P0006,Toys,32,97,27.75,36.485,51.636196
2023-10-11,S003-P0006,Toys,54,117,28.75,36.485,47.8147
2023-10-12,S003-P0006,Toys,17,114,29.04,36.485,36.249172
2023-10-13,S003-P0006,Toys,36,95,29.89,36.485,43.158943
2023-10-14,S003-P0006,Toys,19,116,22.0,36.485,45.40112
2023-10-15,S003-P0006,Toys,52,97,31.77,36.485,39.92142
2023-10-16,S003-P0006,Toys,31,113,27.56,36.485,50.48441
2023-10-17,S003-P0006,Toys,34,91,28.14,36.485,35.742893
2023-10-18,S003-P0006,Toys,10,114,22.47,36.485,47.65887
2023-10-19,S003-P0006,Toys,39,107,28.56,36.485,47.538086
2023-10-20,S003-P0006,Toys,18,129,29.09,36.485,34.648857
2023-10-21,S003-P0006,Toys,24,114,29.96,36.485,38.671757
2023-10-22,S003-P0006,Toys,21,94,24.83,36.485,51.51867
2023-10-23,S003-P0006,Toys,49,123,24.89,36.485,46.21101
2023-10-24,S003-P0006,Toys,42,143,30.56,36.485,30.69058
2023-10-25,S003-P0006,Toys,155,101,39.65,36.485,125.76148
2023-10-26,S003-P0006,Toys,96,166,41.4,36.485,100.81495
2023-10-27,S003-P0006,Toys,141,181,47.55,36.485,107.478096
2023-10-28,S003-P0006,Toys,104,187,38.38,36.485,85.73647
2023-10-29,S003-P0006,Toys,78,80,33.29,36.485,98.31904
2023-10-30,S003-P0006,Toys,113,106,41.59,36.485,94.42327
2023-10-31,S003-P0006,Toys,77,102,35.08,36.485,103.22979
2023-11-01,S003-P0006,Toys,110,103,37.12,36.485,85.46543
2023-11-02,S003-P0006,Toys,56,115,32.28,36.485,101.287994
2023-11-03,S003-P0006,Toys,89,141,36.53,36.485,98.247284
2023-11-04,S003-P0006,Toys,138,139,42.6,36.485,105.76535
2023-11-05,S003-P0006,Toys,108,191,43.13,36.485,98.53669
2023-11-06,S003-P0006,Toys,82,86,39.46,36.485,86.195015
2023-11-07,S003-P0006,Toys,88,85,40.39,36.485,96.04664
2023-11-08,S003-P0006,Toys,60,100,32.81,36.485,81.83694
2023-11-09,S003-P0006,Toys,138,123,33.62,36.485,114.830315
2023-11-10,S003-P0006,Toys,84,184,28.38,36.485,116.37261
2023-11-11,S003-P0006,Toys,154,120,49.38,36.485,106.59542
2023-11-12,S003-P0006,Toys,116,129,33.1,36.485,138.14119
2023-11-13,S003-P0006,Toys,134,189,41.93,36.485,108.66025
2023-11-14,S003-P0006,Toys,104,152,36.32,36.485,80.94953
2023-11-15,S003-P0006,Toys,156,116,40.07,36.485,140.59227
2023-11-16,S003-P0006,Toys,108,159,40.89,36.485,93.59165
2023-11-17,S003-P0006,Toys,167,152,40.98,36.485,127.23205
2023-11-18,S003-P0006,Toys,183,173,40.58,36.485,139.92409
2023-11-19,S003-P0006,Toys,103,212,38.15,36.485,105.440384
2023-11-20,S003-P0006,Toys,60,94,32.84,36.485,85.17872
2023-11-21,S003-P0006,Toys,135,95,44.5,36.485,95.33896
2023-11-22,S003-P0006,Toys,161,152,40.67,36.485,140.59227
2023-11-23,S003-P0006,Toys,70,200,35.9,36.485,83.09511
2023-11-24,S003-P0006,Toys,67,142,32.04,36.485,97.965225
2023-11-25,S003-P0006,Toys,96,141,37.23,36.485,85.44187
2023-11-26,S003-P0006,Toys,84,173,37.73,36.485,86.771065
2023-11-27,S003-P0006,Toys,95,116,29.45,36.485,114.58367
2023-11-28,S003-P0006,Toys,115,111,31.42,36.485,111.005135
2023-11-29,S003-P0006,Toys,126,128,43.33,36.485,105.789665
2023-11-30,S003-P0006,Toys,102,102,40.14,36.485,93.02897
2023-12-01,S003-P0006,Toys,118,108,37.99,36.485,99.8359
2023-12-02,S003-P0006,Toys,60,123,31.18,36.485,98.860916
2023-12-03,S003-P0006,Toys,110,136,34.98,36.485,140.40817
2023-12-04,S003-P0006,Toys,128,180,43.58,36.485,108.90896
2023-12-05,S003-P0006,Toys,59,189,32.78,36.485,90.58049
2023-12-06,S003-P0006,Toys,191,126,41.44,36.485,138.50444
2023-12-07,S003-P0006,Toys,111,203,32.62,36.485,129.04974
2023-12-08,S003-P0006,Toys,116,118,31.51,36.485,129.47267
2023-12-09,S003-P0006,Toys,155,157,42.31,36.485,116.00511
2023-12-10,S003-P0006,Toys,110,221,43.31,36.485,92.01269
2023-12-11,S003-P0006,Toys,119,108,42.4,36.485,92.04368
2023-12-12,S003-P0006,Toys,136,146,37.54,36.485,116.07748
2023-12-13,S003-P0006,Toys,123,155,40.73,36.485,107.80688
2023-12-14,S003-P0006,Toys,65,189,33.56,36.485,97.268425
2023-12-15,S003-P0006,Toys,97,142,35.38,36.485,118.0599
2023-12-16,S003-P0006,Toys,87,156,34.39,36.485,90.90374
2023-12-17,S003-P0006,Toys,138,171,40.38,36.485,129.23729
2023-12-18,S003-P0006,Toys,94,181,32.9,36.485,140.25972
2023-12-19,S003-P0006,Toys,55,71,33.95,36.485,90.90168
2023-12-20,S003-P0006,Toys,132,64,41.76,36.485,107.886665
2023-12-21,S003-P0006,Toys,173,118,39.51,36.485,138.3977
2023-12-22,S003-P0006,Toys,90,183,36.68,36.485,92.07984
2023-12-23,S003-P0006,Toys,57,93,34.31,36.485,91.07134
2023-12-24,S003-P0006,Toys,127,109,43.42,36.485,92.01269
2023-12-25,S003-P0006,Toys,75,104,32.97,36.485,92.15615
2023-12-26,S003-P0006,Toys,102,129,36.13,36.485,107.03844
2023-12-27,S003-P0006,Toys,5,170,26.06,36.485,35.27067
2023-12-28,S003-P0006,Toys,30,165,30.76,36.485,34.884495
2023-12-29,S003-P0006,Toys,33,143,29.58,36.485,33.450745
2023-12-30,S003-P0006,Toys,26,104,28.72,36.485,35.1042
2023-12-31,S003-P0006,Toys,49,75,33.23,36.485,39.82103
2024-01-01,S003-P0006,Toys,57,100,32.42,36.485,34.19305
2024-01-02,S003-P0006,Toys,41,103,25.42,36.485,41.79741
2024-01-03,S003-P0006,Toys,27,115,23.9,36.485,42.15099
2024-01-04,S003-P0006,Toys,42,86,28.9,36.485,42.589733
2024-01-05,S003-P0006,Toys,26,91,28.73,36.485,36.662163
2024-01-06,S003-P0006,Toys,7,119,29.23,36.485,33.718452
2024-01-07,S003-P0006,Toys,34,111,29.54,36.485,32.05321
2024-01-08,S003-P0006,Toys,10,79,22.51,36.485,44.35105
2024-01-09,S003-P0006,Toys,91,121,36.61,36.485,90.832085
2024-01-10,S003-P0006,Toys,100,132,39.81,36.485,100.404945
2024-01-11,S003-P0006,Toys,140,106,42.84,36.485,105.815414
2024-01-12,S003-P0006,Toys,85,117,35.92,36.485,139.15498
2024-01-13,S003-P0006,Toys,90,128,36.63,36.485,100.03965
2024-01-14,S003-P0006,Toys,46,121,31.21,36.485,101.10812
2024-01-15,S003-P0006,Toys,80,142,35.45,36.485,107.13859
2024-01-16,S003-P0006,Toys,66,123,35.47,36.485,99.438255
2024-01-17,S003-P0006,Toys,84,147,35.81,36.485,91.577255
2024-01-18,S003-P0006,Toys,85,153,34.07,36.485,97.85988
2024-01-19,S003-P0006,Toys,72,167,38.18,36.485,109.284355
2024-01-20,S003-P0006,Toys,79,87,37.14,36.485,108.78463
2024-01-21,S003-P0006,Toys,63,82,29.52,36.485,117.919235
2024-01-22,S003-P0006,Toys,114,97,43.89,36.485,107.69523
2024-01-23,S003-P0006,Toys,179,119,47.58,36.485,127.92095
2024-01-24,S003-P0006,Toys,105,181,31.96,36.485,118.92453
2024-01-25,S003-P0006,Toys,103,193,32.21,36.485,139.75082
2024-01-26,S003-P0006,Toys,120,75,38.21,36.485,93.3036
2024-01-27,S003-P0006,Toys,122,126,42.74,36.485,91.25721
2024-01-28,S003-P0006,Toys,111,137,35.1,36.485,127.89646
2024-01-29,S003-P0006,Toys,88,151,38.3,36.485,90.93229
2024-01-30,S003-P0006,Toys,147,156,48.42,36.485,108.331474
2023-10-03,S003-P0007,Groceries,132,0,17.19,16.23,102.383415
2023-10-04,S003-P0007,Groceries,116,868,18.15,16.23,113.87897
2023-10-05,S003-P0007,Groceries,111,751,17.87,16.23,100.91218
2023-10-06,S003-P0007,Groceries,187,653,15.8,16.23,147.12914
2023-10-07,S003-P0007,Groceries,58,507,12.66,16.23,87.7612
2023-10-08,S003-P0007,Groceries,78,462,14.47,16.23,71.47956
2023-10-09,S003-P0007,Groceries,105,402,17.53,16.23,67.84849
2023-10-10,S003-P0007,Groceries,65,1116,13.74,16.23,96.769554
2023-10-11,S003-P0007,Groceries,102,1070,13.2,16.23,87.62862
2023-10-12,S003-P0007,Groceries,62,969,14.38,16.23,75.70404
2023-10-13,S003-P0007,Groceries,82,899,15.41,16.23,84.06241
2023-10-14,S003-P0007,Groceries,59,838,12.77,16.23,88.10827
2023-10-15,S003-P0007,Groceries,71,802,13.36,16.23,78.321945
2023-10-16,S003-P0007,Groceries,64,754,14.46,16.23,74.92208
2023-10-17,S003-P0007,Groceries,56,700,14.75,16.23,74.89381
2023-10-18,S003-P0007,Groceries,78,646,13.71,16.23,87.66282
2023-10-19,S003-P0007,Groceries,42,561,12.56,16.23,69.05595
2023-10-20,S003-P0007,Groceries,30,530,12.63,16.23,70.27036
2023-10-21,S003-P0007,Groceries,109,508,16.02,16.23,97.13568
2023-10-22,S003-P0007,Groceries,65,440,13.06,16.23,71.41995
2023-10-23,S003-P0007,Groceries,34,390,13.53,16.23,68.17278
2023-10-24,S003-P0007,Groceries,79,369,15.26,16.23,67.13217
2023-10-25,S003-P0007,Groceries,187,789,18.88,16.23,146.30544
2023-10-26,S003-P0007,Groceries,118,648,17.36,16.23,126.5732
2023-10-27,S003-P0007,Groceries,131,535,18.07,16.23,126.088
2023-10-28,S003-P0007,Groceries,111,383,17.88,16.23,100.620804
2023-10-29,S003-P0007,Groceries,197,864,20.47,16.23,115.77676
2023-10-30,S003-P0007,Groceries,87,737,15.68,16.23,113.803955
2023-10-31,S003-P0007,Groceries,112,675,15.36,16.23,125.70958
2023-11-01,S003-P0007,Groceries,147,606,17.91,16.23,104.37473
2023-11-02,S003-P0007,Groceries,196,1343,22.71,16.23,127.292046
2023-11-03,S003-P0007,Groceries,155,1164,18.34,16.23,117.89211
2023-11-04,S003-P0007,Groceries,202,1039,20.73,16.23,128.52686
2023-11-05,S003-P0007,Groceries,218,811,17.95,16.23,151.40271
2023-11-06,S003-P0007,Groceries,133,676,18.19,16.23,103.03061
2023-11-07,S003-P0007,Groceries,167,581,18.95,16.23,153.65904
2023-11-08,S003-P0007,Groceries,148,468,18.98,16.23,103.08062
2023-11-09,S003-P0007,Groceries,171,1269,19.14,16.23,104.313614
2023-11-10,S003-P0007,Groceries,160,1072,20.69,16.23,107.45516
2023-11-11,S003-P0007,Groceries,197,946,21.64,16.23,128.52911
2023-11-12,S003-P0007,Groceries,167,764,18.0,16.23,129.94492
2023-11-13,S003-P0007,Groceries,112,572,15.36,16.23,136.87845
2023-11-14,S003-P0007,Groceries,91,493,15.94,16.23,102.1685
2023-11-15,S003-P0007,Groceries,138,402,18.47,16.23,128.74886
2023-11-16,S003-P0007,Groceries,153,314,17.31,16.23,154.44955
2023-11-17,S003-P0007,Groceries,109,212,15.12,16.23,151.61963
2023-11-18,S003-P0007,Groceries,125,112,16.82,16.23,168.17609
2023-11-19,S003-P0007,Groceries,157,542,20.47,16.23,130.18695
2023-11-20,S003-P0007,Groceries,74,394,14.25,16.23,103.03061
2023-11-21,S003-P0007,Groceries,209,329,17.83,16.23,154.91794
2023-11-22,S003-P0007,Groceries,248,99,23.09,16.23,168.78813
2023-11-23,S003-P0007,Groceries,157,552,15.35,16.23,141.40997
2023-11-24,S003-P0007,Groceries,118,430,16.48,16.23,117.89211
2023-11-25,S003-P0007,Groceries,121,1057,17.54,16.23,103.987434
2023-11-26,S003-P0007,Groceries,75,950,11.31,16.23,134.99849
2023-11-27,S003-P0007,Groceries,146,878,18.87,16.23,103.03061
2023-11-28,S003-P0007,Groceries,108,769,16.01,16.23,102.26641
2023-11-29,S003-P0007,Groceries,149,688,18.11,16.23,128.74886
2023-11-30,S003-P0007,Groceries,137,556,18.41,16.23,115.45538
2023-12-01,S003-P0007,Groceries,72,449,15.67,16.23,114.17916
2023-12-02,S003-P0007,Groceries,102,396,15.64,16.23,149.18713
2023-12-03,S003-P0007,Groceries,142,784,18.67,16.23,122.442955
2023-12-04,S003-P0007,Groceries,75,683,13.54,16.23,123.40467
2023-12-05,S003-P0007,Groceries,102,638,15.69,16.23,102.19732
2023-12-06,S003-P0007,Groceries,98,575,12.23,16.23,160.4156
2023-12-07,S003-P0007,Groceries,152,475,16.32,16.23,143.83597
2023-12-08,S003-P0007,Groceries,143,375,19.69,16.23,114.17916
2023-12-09,S003-P0007,Groceries,110,232,16.02,16.23,102.66192
2023-12-10,S003-P0007,Groceries,174,136,15.27,16.23,130.97275
2023-12-11,S003-P0007,Groceries,167,503,17.89,16.23,134.22545
2023-12-12,S003-P0007,Groceries,121,356,17.55,16.23,102.19732
2023-12-13,S003-P0007,Groceries,115,277,17.22,16.23,125.15815
2023-12-14,S003-P0007,Groceries,109,804,15.22,16.23,112.38017
2023-12-15,S003-P0007,Groceries,164,704,16.85,16.23,132.80904
2023-12-16,S003-P0007,Groceries,20,584,10.17,16.23,134.4327
2023-12-17,S003-P0007,Groceries,106,571,16.73,16.23,113.04161
2023-12-18,S003-P0007,Groceries,141,495,18.61,16.23,123.51032
2023-12-19,S003-P0007,Groceries,53,1052,11.08,16.23,133.75446
2023-12-20,S003-P0007,Groceries,71,994,13.36,16.23,125.1757
2023-12-21,S003-P0007,Groceries,166,938,21.0,16.23,121.58799
2023-12-22,S003-P0007,Groceries,114,820,16.29,16.23,101.13882
2023-12-23,S003-P0007,Groceries,109,729,14.24,16.23,134.4327
2023-12-24,S003-P0007,Groceries,199,633,17.37,16.23,131.30215
2023-12-25,S003-P0007,Groceries,130,397,18.04,16.23,104.32403
2023-12-26,S003-P0007,Groceries,91,288,15.93,16.23,124.59637
2023-12-27,S003-P0007,Groceries,74,194,15.02,16.23,78.10761
2023-12-28,S003-P0007,Groceries,86,809,15.63,16.23,78.96259
2023-12-29,S003-P0007,Groceries,76,723,15.11,16.23,70.792984
2023-12-30,S003-P0007,Groceries,59,652,12.75,16.23,77.98583
2023-12-31,S003-P0007,Groceries,25,589,12.39,16.23,85.79677
2024-01-01,S003-P0007,Groceries,78,565,12.03,16.23,98.8736
2024-01-02,S003-P0007,Groceries,80,513,16.16,16.23,68.54655
2024-01-03,S003-P0007,Groceries,48,454,12.89,16.23,89.293785
2024-01-04,S003-P0007,Groceries,28,419,10.53,16.23,90.85497
2024-01-05,S003-P0007,Groceries,64,396,13.73,16.23,83.58345
2024-01-06,S003-P0007,Groceries,92,354,14.37,16.23,75.418976
2024-01-07,S003-P0007,Groceries,79,249,16.1,16.23,69.73337
2024-01-08,S003-P0007,Groceries,67,184,14.64,16.23,68.85879
2024-01-09,S003-P0007,Groceries,105,105,17.55,16.23,102.65064
2024-01-10,S003-P0007,Groceries,166,353,17.98,16.23,149.71559
2024-01-11,S003-P0007,Groceries,76,243,14.37,16.23,121.90687
2024-01-12,S003-P0007,Groceries,152,158,17.29,16.23,122.90583
2024-01-13,S003-P0007,Groceries,158,400,18.5,16.23,149.64204
2024-01-14,S003-P0007,Groceries,128,1036,17.9,16.23,111.79224
2024-01-15,S003-P0007,Groceries,143,900,18.73,16.23,124.47199
2024-01-16,S003-P0007,Groceries,131,777,14.47,16.23,147.58621
2024-01-17,S003-P0007,Groceries,75,622,14.24,16.23,137.26904
2024-01-18,S003-P0007,Groceries,99,561,14.73,16.23,111.85601
2024-01-19,S003-P0007,Groceries,81,456,14.59,16.23,122.90583
2024-01-20,S003-P0007,Groceries,162,372,16.8,16.23,162.8544
2024-01-21,S003-P0007,Groceries,87,215,14.9,16.23,102.187035
2024-01-22,S003-P0007,Groceries,65,121,14.53,16.23,124.47199
2024-01-23,S003-P0007,Groceries,65,54,14.5,16.23,111.951546
2024-01-24,S003-P0007,Groceries,56,755,13.34,16.23,103.289085
2024-01-25,S003-P0007,Groceries,145,715,16.83,16.23,159.90353
2024-01-26,S003-P0007,Groceries,83,592,14.67,16.23,102.21969
2024-01-27,S003-P0007,Groceries,162,533,16.6,16.23,135.70908
2024-01-28,S003-P0007,Groceries,123,435,18.55,16.23,112.60544
2024-01-29,S003-P0007,Groceries,113,322,16.25,16.23,103.84939
2024-01-30,S003-P0007,Groceries,114,187,17.13,16.23,122.64552
2023-10-03,S003-P0008,Clothing,37,476,83.96,111.56,89.35466
2023-10-04,S003-P0008,Clothing,120,442,111.84,111.56,128.77689
2023-10-05,S003-P0008,Clothing,116,353,123.43,111.56,91.441
2023-10-06,S003-P0008,Clothing,138,231,138.92,111.56,98.41552
2023-10-07,S003-P0008,Clothing,85,136,100.6,111.56,88.22478
2023-10-08,S003-P0008,Clothing,96,308,91.55,111.56,110.43464
2023-10-09,S003-P0008,Clothing,66,198,98.91,111.56,88.25381
2023-10-10,S003-P0008,Clothing,88,153,107.22,111.56,95.3609
2023-10-11,S003-P0008,Clothing,72,200,106.43,111.56,88.49318
2023-10-12,S003-P0008,Clothing,88,154,101.61,111.56,117.69326
2023-10-13,S003-P0008,Clothing,88,247,101.67,111.56,103.38162
2023-10-14,S003-P0008,Clothing,70,186,106.0,111.56,88.33527
2023-10-15,S003-P0008,Clothing,94,268,115.14,111.56,97.096016
2023-10-16,S003-P0008,Clothing,63,192,97.62,111.56,95.352554
2023-10-17,S003-P0008,Clothing,55,124,95.0,111.56,95.3609
2023-10-18,S003-P0008,Clothing,133,201,103.98,111.56,109.34249
2023-10-19,S003-P0008,Clothing,114,68,110.69,111.56,109.09988
2023-10-20,S003-P0008,Clothing,92,234,102.83,111.56,89.715866
2023-10-21,S003-P0008,Clothing,151,132,123.45,111.56,118.4977
2023-10-22,S003-P0008,Clothing,91,219,108.24,111.56,90.648384
2023-10-23,S003-P0008,Clothing,148,451,121.55,111.56,109.11701
2023-10-24,S003-P0008,Clothing,123,287,126.15,111.56,88.38899
2023-10-25,S003-P0008,Clothing,77,198,108.64,111.56,98.66688
2023-10-26,S003-P0008,Clothing,128,372,121.45,111.56,107.94459
2023-10-27,S003-P0008,Clothing,144,239,113.27,111.56,137.02835
2023-10-28,S003-P0008,Clothing,126,106,114.83,111.56,90.221924
2023-10-29,S003-P0008,Clothing,110,338,109.27,111.56,99.072784
2023-10-30,S003-P0008,Clothing,98,254,116.76,111.56,98.206535
2023-10-31,S003-P0008,Clothing,118,173,111.89,111.56,107.79765
2023-11-01,S003-P0008,Clothing,86,307,106.26,111.56,85.65668
2023-11-02,S003-P0008,Clothing,94,215,109.31,111.56,106.582115
2023-11-03,S003-P0008,Clothing,169,148,122.39,111.56,125.11158
2023-11-04,S003-P0008,Clothing,122,208,119.13,111.56,106.074524
2023-11-05,S003-P0008,Clothing,110,401,102.18,111.56,124.935394
2023-11-06,S003-P0008,Clothing,135,328,130.92,111.56,87.298805
2023-11-07,S003-P0008,Clothing,91,205,113.85,111.56,95.23876
2023-11-08,S003-P0008,Clothing,58,372,101.37,111.56,86.890175
2023-11-09,S003-P0008,Clothing,87,310,94.72,111.56,114.99356
2023-11-10,S003-P0008,Clothing,76,243,91.2,111.56,112.28078
2023-11-11,S003-P0008,Clothing,118,176,130.94,111.56,106.852325
2023-11-12,S003-P0008,Clothing,160,85,119.51,111.56,137.70491
2023-11-13,S003-P0008,Clothing,77,275,103.01,111.56,115.0005
2023-11-14,S003-P0008,Clothing,40,572,84.89,111.56,87.15574
2023-11-15,S003-P0008,Clothing,190,529,151.97,111.56,105.88393
2023-11-16,S003-P0008,Clothing,131,346,122.48,111.56,95.78045
2023-11-17,S003-P0008,Clothing,79,206,86.17,111.56,124.34733
2023-11-18,S003-P0008,Clothing,100,151,92.64,111.56,139.79993
2023-11-19,S003-P0008,Clothing,108,204,114.11,111.56,107.030266
2023-11-20,S003-P0008,Clothing,113,125,109.6,111.56,113.02697
2023-11-21,S003-P0008,Clothing,90,257,107.4,111.56,94.930275
2023-11-22,S003-P0008,Clothing,97,161,110.22,111.56,105.654236
2023-11-23,S003-P0008,Clothing,95,82,121.64,111.56,86.41315
2023-11-24,S003-P0008,Clothing,113,185,103.98,111.56,125.11158
2023-11-25,S003-P0008,Clothing,128,250,128.19,111.56,85.30141
2023-11-26,S003-P0008,Clothing,81,161,109.94,111.56,89.702286
2023-11-27,S003-P0008,Clothing,57,332,95.94,111.56,87.298805
2023-11-28,S003-P0008,Clothing,77,264,114.44,111.56,86.71111
2023-11-29,S003-P0008,Clothing,89,197,113.35,111.56,106.51722
2023-11-30,S003-P0008,Clothing,115,133,129.62,111.56,96.12058
2023-12-01,S003-P0008,Clothing,71,209,106.2,111.56,114.54715
2023-12-02,S003-P0008,Clothing,128,133,121.46,111.56,115.48492
2023-12-03,S003-P0008,Clothing,106,177,119.79,111.56,125.30898
2023-12-04,S003-P0008,Clothing,197,356,146.5,111.56,156.4669
2023-12-05,S003-P0008,Clothing,83,222,87.39,111.56,134.23575
2023-12-06,S003-P0008,Clothing,108,568,108.44,111.56,126.14205
2023-12-07,S003-P0008,Clothing,124,497,126.82,111.56,115.45787
2023-12-08,S003-P0008,Clothing,54,371,104.96,111.56,114.500084
2023-12-09,S003-P0008,Clothing,102,309,124.32,111.56,104.78218
2023-12-10,S003-P0008,Clothing,114,226,110.41,111.56,103.842125
2023-12-11,S003-P0008,Clothing,72,94,112.38,111.56,106.667915
2023-12-12,S003-P0008,Clothing,151,252,109.6,111.56,133.72816
2023-12-13,S003-P0008,Clothing,85,109,105.86,111.56,126.14205
2023-12-14,S003-P0008,Clothing,166,384,107.25,111.56,145.42361
2023-12-15,S003-P0008,Clothing,192,230,128.81,111.56,130.88486
2023-12-16,S003-P0008,Clothing,64,472,108.83,111.56,104.78218
2023-12-17,S003-P0008,Clothing,104,427,100.0,111.56,144.82396
2023-12-18,S003-P0008,Clothing,106,356,126.02,111.56,125.426865
2023-12-19,S003-P0008,Clothing,135,273,124.51,111.56,104.98235
2023-12-20,S003-P0008,Clothing,224,171,123.78,111.56,158.73186
2023-12-21,S003-P0008,Clothing,150,322,136.5,111.56,126.12021
2023-12-22,S003-P0008,Clothing,135,565,111.3,111.56,131.11493
2023-12-23,S003-P0008,Clothing,159,447,110.68,111.56,134.02396
2023-12-24,S003-P0008,Clothing,133,340,137.13,111.56,104.17163
2023-12-25,S003-P0008,Clothing,103,203,106.71,111.56,107.47979
2023-12-26,S003-P0008,Clothing,112,133,109.08,111.56,158.96858
2023-12-27,S003-P0008,Clothing,53,253,89.46,111.56,106.18302
2023-12-28,S003-P0008,Clothing,77,191,108.73,111.56,108.163605
2023-12-29,S003-P0008,Clothing,103,102,118.64,111.56,99.62746
2023-12-30,S003-P0008,Clothing,128,191,121.68,111.56,105.78033
2023-12-31,S003-P0008,Clothing,178,234,139.54,111.56,116.86773
2024-01-01,S003-P0008,Clothing,38,49,88.45,111.56,107.101974
2024-01-02,S003-P0008,Clothing,120,430,125.01,111.56,100.18752
2024-01-03,S003-P0008,Clothing,115,315,97.25,111.56,122.97207
2024-01-04,S003-P0008,Clothing,121,228,100.32,111.56,124.60458
2024-01-05,S003-P0008,Clothing,212,135,136.49,111.56,142.50723
2024-01-06,S003-P0008,Clothing,189,276,151.72,111.56,106.84772
2024-01-07,S003-P0008,Clothing,93,443,108.6,111.56,102.249855
2024-01-08,S003-P0008,Clothing,191,385,152.28,111.56,100.30952
2024-01-09,S003-P0008,Clothing,93,196,108.51,111.56,135.16304
2024-01-10,S003-P0008,Clothing,118,507,130.93,111.56,117.227325
2024-01-11,S003-P0008,Clothing,107,428,95.93,111.56,159.76372
2024-01-12,S003-P0008,Clothing,75,305,102.46,111.56,127.81455
2024-01-13,S003-P0008,Clothing,168,239,136.34,111.56,117.13378
2024-01-14,S003-P0008,Clothing,111,59,115.33,111.56,116.24424
2024-01-15,S003-P0008,Clothing,129,275,122.23,111.56,127.6859
2024-01-16,S003-P0008,Clothing,120,168,105.36,111.56,148.90639
2024-01-17,S003-P0008,Clothing,155,326,116.7,111.56,135.60333
2024-01-18,S003-P0008,Clothing,50,171,98.21,111.56,116.30117
2024-01-19,S003-P0008,Clothing,106,424,125.9,111.56,128.28622
2024-01-20,S003-P0008,Clothing,116,337,123.62,111.56,129.31198
2024-01-21,S003-P0008,Clothing,107,214,113.92,111.56,104.41113
2024-01-22,S003-P0008,Clothing,122,140,119.74,111.56,127.6859
2024-01-23,S003-P0008,Clothing,88,207,84.54,111.56,148.67632
2024-01-24,S003-P0008,Clothing,187,374,120.7,111.56,135.60333
2024-01-25,S003-P0008,Clothing,109,156,114.87,111.56,128.09248
2024-01-26,S003-P0008,Clothing,135,379,130.97,111.56,103.94735
2024-01-27,S003-P0008,Clothing,149,233,115.85,111.56,135.18599
2024-01-28,S003-P0008,Clothing,74,102,107.28,111.56,117.33207
2024-01-29,S003-P0008,Clothing,166,322,150.24,111.56,106.21581
2024-01-30,S003-P0008,Clothing,114,170,116.51,111.56,128.40337
2023-10-03,S003-P0009,Groceries,42,198,37.63,53.78,130.46965
2023-10-04,S003-P0009,Groceries,144,158,62.44,53.78,113.91126
2023-10-05,S003-P0009,Groceries,81,163,53.93,53.78,100.91218
2023-10-06,S003-P0009,Groceries,147,104,63.05,53.78,115.08053
2023-10-07,S003-P0009,Groceries,92,161,47.85,53.78,67.9674
2023-10-08,S003-P0009,Groceries,87,54,49.49,53.78,88.934395
2023-10-09,S003-P0009,Groceries,51,71,43.54,53.78,67.88519
2023-10-10,S003-P0009,Groceries,96,68,56.78,53.78,74.89381
2023-10-11,S003-P0009,Groceries,61,113,47.64,53.78,67.10697
2023-10-12,S003-P0009,Groceries,97,44,51.32,53.78,75.64922
2023-10-13,S003-P0009,Groceries,30,88,39.9,53.78,84.06241
2023-10-14,S003-P0009,Groceries,67,52,41.43,53.78,87.7612
2023-10-15,S003-P0009,Groceries,77,64,47.79,53.78,78.321945
2023-10-16,S003-P0009,Groceries,70,71,46.63,53.78,75.21689
2023-10-17,S003-P0009,Groceries,59,97,42.51,53.78,74.986534
2023-10-18,S003-P0009,Groceries,82,106,38.53,53.78,88.09759
2023-10-19,S003-P0009,Groceries,46,120,47.26,53.78,68.45814
2023-10-20,S003-P0009,Groceries,61,75,50.19,53.78,70.27036
2023-10-21,S003-P0009,Groceries,111,102,42.36,53.78,96.94373
2023-10-22,S003-P0009,Groceries,92,136,50.38,53.78,71.41995
2023-10-23,S003-P0009,Groceries,129,39,50.4,53.78,87.44827
2023-10-24,S003-P0009,Groceries,82,153,46.19,53.78,67.32073
2023-10-25,S003-P0009,Groceries,163,68,65.84,53.78,113.87897
2023-10-26,S003-P0009,Groceries,185,133,59.39,53.78,161.49545
2023-10-27,S003-P0009,Groceries,169,195,56.41,53.78,162.24817
2023-10-28,S003-P0009,Groceries,147,201,53.57,53.78,129.96178
2023-10-29,S003-P0009,Groceries,171,25,70.87,53.78,116.00301
2023-10-30,S003-P0009,Groceries,107,148,52.84,53.78,114.07211
2023-10-31,S003-P0009,Groceries,120,78,55.33,53.78,125.4816
2023-11-01,S003-P0009,Groceries,95,127,51.05,53.78,104.03114
2023-11-02,S003-P0009,Groceries,148,141,53.28,53.78,170.72746
2023-11-03,S003-P0009,Groceries,158,203,48.68,53.78,151.4567
2023-11-04,S003-P0009,Groceries,115,78,51.31,53.78,168.34688
2023-11-05,S003-P0009,Groceries,133,124,54.46,53.78,117.92888
2023-11-06,S003-P0009,Groceries,119,154,61.08,53.78,103.27274
2023-11-07,S003-P0009,Groceries,141,195,62.02,53.78,115.59507
2023-11-08,S003-P0009,Groceries,111,40,42.43,53.78,138.99374
2023-11-09,S003-P0009,Groceries,172,94,63.99,53.78,104.313614
2023-11-10,S003-P0009,Groceries,121,160,58.29,53.78,107.45516
2023-11-11,S003-P0009,Groceries,185,148,73.53,53.78,128.52911
2023-11-12,S003-P0009,Groceries,101,207,49.24,53.78,129.94492
2023-11-13,S003-P0009,Groceries,108,129,50.5,53.78,136.87845
2023-11-14,S003-P0009,Groceries,188,131,55.57,53.78,138.15135
2023-11-15,S003-P0009,Groceries,190,191,67.03,53.78,129.08359
2023-11-16,S003-P0009,Groceries,126,224,59.26,53.78,115.03114
2023-11-17,S003-P0009,Groceries,39,143,43.7,53.78,118.71496
2023-11-18,S003-P0009,Groceries,155,102,50.89,53.78,169.65564
2023-11-19,S003-P0009,Groceries,181,149,72.81,53.78,130.18695
2023-11-20,S003-P0009,Groceries,133,195,60.57,53.78,103.27274
2023-11-21,S003-P0009,Groceries,108,63,47.62,53.78,154.26021
2023-11-22,S003-P0009,Groceries,100,87,49.17,53.78,129.08359
2023-11-23,S003-P0009,Groceries,138,115,55.21,53.78,104.313614
2023-11-24,S003-P0009,Groceries,90,179,47.53,53.78,117.89211
2023-11-25,S003-P0009,Groceries,144,115,46.85,53.78,140.71567
2023-11-26,S003-P0009,Groceries,89,161,52.58,53.78,105.2934
2023-11-27,S003-P0009,Groceries,109,87,56.21,53.78,103.03061
2023-11-28,S003-P0009,Groceries,172,112,63.95,53.78,136.27582
2023-11-29,S003-P0009,Groceries,204,183,65.95,53.78,129.08359
2023-11-30,S003-P0009,Groceries,91,185,55.76,53.78,115.03114
2023-12-01,S003-P0009,Groceries,83,80,43.76,53.78,147.90082
2023-12-02,S003-P0009,Groceries,94,95,50.63,53.78,115.42605
2023-12-03,S003-P0009,Groceries,169,142,50.15,53.78,156.97264
2023-12-04,S003-P0009,Groceries,162,215,51.83,53.78,157.42517
2023-12-05,S003-P0009,Groceries,118,117,57.84,53.78,102.01154
2023-12-06,S003-P0009,Groceries,265,129,75.3,53.78,161.31586
2023-12-07,S003-P0009,Groceries,179,301,72.37,53.78,111.82899
2023-12-08,S003-P0009,Groceries,183,129,62.52,53.78,113.35908
2023-12-09,S003-P0009,Groceries,140,195,55.5,53.78,102.66192
2023-12-10,S003-P0009,Groceries,165,92,66.18,53.78,101.17249
2023-12-11,S003-P0009,Groceries,167,175,63.08,53.78,104.32992
2023-12-12,S003-P0009,Groceries,150,189,47.72,53.78,133.40627
2023-12-13,S003-P0009,Groceries,239,208,75.36,53.78,161.80359
2023-12-14,S003-P0009,Groceries,130,198,63.15,53.78,111.82899
2023-12-15,S003-P0009,Groceries,97,58,48.6,53.78,101.06148
2023-12-16,S003-P0009,Groceries,69,108,48.96,53.78,102.36181
2023-12-17,S003-P0009,Groceries,172,117,50.61,53.78,145.5594
2023-12-18,S003-P0009,Groceries,152,161,47.93,53.78,157.42517
2023-12-19,S003-P0009,Groceries,106,217,52.87,53.78,102.19732
2023-12-20,S003-P0009,Groceries,113,96,59.83,53.78,125.53419
2023-12-21,S003-P0009,Groceries,116,103,48.43,53.78,156.32007
2023-12-22,S003-P0009,Groceries,70,127,49.24,53.78,101.13882
2023-12-23,S003-P0009,Groceries,126,76,56.31,53.78,102.36181
2023-12-24,S003-P0009,Groceries,125,134,55.94,53.78,100.677086
2023-12-25,S003-P0009,Groceries,60,153,47.45,53.78,104.32403
2023-12-26,S003-P0009,Groceries,203,90,58.39,53.78,159.84178
2023-12-27,S003-P0009,Groceries,39,165,39.27,53.78,78.11449
2023-12-28,S003-P0009,Groceries,59,129,44.82,53.78,79.027336
2023-12-29,S003-P0009,Groceries,92,77,53.2,53.78,70.792984
2023-12-30,S003-P0009,Groceries,76,98,50.27,53.78,78.427055
2023-12-31,S003-P0009,Groceries,68,121,48.85,53.78,85.61167
2024-01-01,S003-P0009,Groceries,86,50,54.8,53.78,77.254425
2024-01-02,S003-P0009,Groceries,59,83,35.45,53.78,89.69616
2024-01-03,S003-P0009,Groceries,73,106,49.75,53.78,68.57637
2024-01-04,S003-P0009,Groceries,49,96,45.54,53.78,69.440735
2024-01-05,S003-P0009,Groceries,69,62,44.11,53.78,83.07249
2024-01-06,S003-P0009,Groceries,57,66,42.24,53.78,99.66198
2024-01-07,S003-P0009,Groceries,40,66,41.48,53.78,69.65717
2024-01-08,S003-P0009,Groceries,47,88,47.4,53.78,69.35052
2024-01-09,S003-P0009,Groceries,138,47,58.2,53.78,136.32597
2024-01-10,S003-P0009,Groceries,88,164,49.63,53.78,113.034874
2024-01-11,S003-P0009,Groceries,175,107,64.37,53.78,160.36835
2024-01-12,S003-P0009,Groceries,106,155,50.16,53.78,122.90583
2024-01-13,S003-P0009,Groceries,102,45,54.94,53.78,112.59415
2024-01-14,S003-P0009,Groceries,81,105,46.0,53.78,111.02882
2024-01-15,S003-P0009,Groceries,131,85,63.32,53.78,124.47199
2024-01-16,S003-P0009,Groceries,110,143,53.49,53.78,148.91754
2024-01-17,S003-P0009,Groceries,161,156,55.18,53.78,136.28471
2024-01-18,S003-P0009,Groceries,24,197,43.07,53.78,111.47459
2024-01-19,S003-P0009,Groceries,128,176,59.61,53.78,124.50341
2024-01-20,S003-P0009,Groceries,106,72,49.75,53.78,162.8544
2024-01-21,S003-P0009,Groceries,133,98,54.39,53.78,135.38028
2024-01-22,S003-P0009,Groceries,106,124,55.7,53.78,124.28513
2024-01-23,S003-P0009,Groceries,121,98,52.59,53.78,112.353584
2024-01-24,S003-P0009,Groceries,193,127,59.98,53.78,136.28471
2024-01-25,S003-P0009,Groceries,180,159,68.95,53.78,121.90687
2024-01-26,S003-P0009,Groceries,94,201,50.76,53.78,102.34733
2024-01-27,S003-P0009,Groceries,164,97,59.53,53.78,136.73206
2024-01-28,S003-P0009,Groceries,103,146,55.11,53.78,111.79224
2024-01-29,S003-P0009,Groceries,138,40,61.48,53.78,103.84939
2024-01-30,S003-P0009,Groceries,151,123,63.68,53.78,122.64552
2023-10-03,S003-P0010,Groceries,103,112,37.67,38.805,130.72041
2023-10-04,S003-P0010,Groceries,153,157,39.0,38.805,146.59583
2023-10-05,S003-P0010,Groceries,91,187,40.28,38.805,100.91218
2023-10-06,S003-P0010,Groceries,180,89,47.32,38.805,114.73436
2023-10-07,S003-P0010,Groceries,67,209,31.64,38.805,88.10827
2023-10-08,S003-P0010,Groceries,57,140,35.59,38.805,71.295975
2023-10-09,S003-P0010,Groceries,53,85,31.64,38.805,67.88519
2023-10-10,S003-P0010,Groceries,61,100,32.63,38.805,74.986534
2023-10-11,S003-P0010,Groceries,70,106,37.36,38.805,67.10697
2023-10-12,S003-P0010,Groceries,85,134,35.49,38.805,96.69593
2023-10-13,S003-P0010,Groceries,101,149,39.57,38.805,84.06241
2023-10-14,S003-P0010,Groceries,80,165,31.04,38.805,87.69188
2023-10-15,S003-P0010,Groceries,62,103,36.38,38.805,78.21134
2023-10-16,S003-P0010,Groceries,105,103,38.1,38.805,74.92208
2023-10-17,S003-P0010,Groceries,31,118,27.48,38.805,74.986534
2023-10-18,S003-P0010,Groceries,78,86,34.72,38.805,67.136765
2023-10-19,S003-P0010,Groceries,113,104,34.94,38.805,87.35319
2023-10-20,S003-P0010,Groceries,97,121,41.1,38.805,70.27036
2023-10-21,S003-P0010,Groceries,92,134,36.36,38.805,97.13568
2023-10-22,S003-P0010,Groceries,125,127,31.99,38.805,89.58625
2023-10-23,S003-P0010,Groceries,63,181,32.95,38.805,68.23844
2023-10-24,S003-P0010,Groceries,58,126,34.02,38.805,67.13217
2023-10-25,S003-P0010,Groceries,111,79,40.84,38.805,113.87897
2023-10-26,S003-P0010,Groceries,137,130,39.76,38.805,126.67472
2023-10-27,S003-P0010,Groceries,134,151,46.15,38.805,126.43653
2023-10-28,S003-P0010,Groceries,121,117,39.94,38.805,129.89682
2023-10-29,S003-P0010,Groceries,160,138,47.21,38.805,115.82984
2023-10-30,S003-P0010,Groceries,157,145,42.09,38.805,114.07211
2023-10-31,S003-P0010,Groceries,116,164,41.55,38.805,125.329216
2023-11-01,S003-P0010,Groceries,99,185,37.24,38.805,104.37473
2023-11-02,S003-P0010,Groceries,111,93,32.72,38.805,170.72746
2023-11-03,S003-P0010,Groceries,153,134,48.68,38.805,118.71496
2023-11-04,S003-P0010,Groceries,270,142,54.98,38.805,168.34688
2023-11-05,S003-P0010,Groceries,78,304,36.62,38.805,118.653404
2023-11-06,S003-P0010,Groceries,70,210,35.54,38.805,103.27274
2023-11-07,S003-P0010,Groceries,90,161,34.33,38.805,153.65904
2023-11-08,S003-P0010,Groceries,204,62,41.74,38.805,138.99374
2023-11-09,S003-P0010,Groceries,133,219,39.07,38.805,139.73122
2023-11-10,S003-P0010,Groceries,131,107,43.41,38.805,107.45516
2023-11-11,S003-P0010,Groceries,219,138,51.95,38.805,128.52686
2023-11-12,S003-P0010,Groceries,130,206,36.83,38.805,166.94962
2023-11-13,S003-P0010,Groceries,136,105,41.72,38.805,104.04694
2023-11-14,S003-P0010,Groceries,69,121,31.82,38.805,102.59217
2023-11-15,S003-P0010,Groceries,174,114,39.21,38.805,170.00665
2023-11-16,S003-P0010,Groceries,125,141,40.37,38.805,116.09413
2023-11-17,S003-P0010,Groceries,100,101,37.49,38.805,118.26441
2023-11-18,S003-P0010,Groceries,171,105,48.58,38.805,128.3133
2023-11-19,S003-P0010,Groceries,200,199,49.59,38.805,167.72253
2023-11-20,S003-P0010,Groceries,76,186,38.19,38.805,103.27274
2023-11-21,S003-P0010,Groceries,139,121,40.06,38.805,115.80542
2023-11-22,S003-P0010,Groceries,204,149,44.53,38.805,170.00665
2023-11-23,S003-P0010,Groceries,69,185,33.51,38.805,138.99968
2023-11-24,S003-P0010,Groceries,116,111,41.51,38.805,118.71496
2023-11-25,S003-P0010,Groceries,125,97,40.58,38.805,103.4006
2023-11-26,S003-P0010,Groceries,48,131,32.64,38.805,105.94754
2023-11-27,S003-P0010,Groceries,152,84,43.72,38.805,103.21258
2023-11-28,S003-P0010,Groceries,131,180,41.15,38.805,102.59217
2023-11-29,S003-P0010,Groceries,125,206,40.38,38.805,129.08359
2023-11-30,S003-P0010,Groceries,85,124,33.74,38.805,116.09413
2023-12-01,S003-P0010,Groceries,161,137,44.89,38.805,113.7127
2023-12-02,S003-P0010,Groceries,100,178,37.46,38.805,115.2019
2023-12-03,S003-P0010,Groceries,118,110,41.75,38.805,122.442955
2023-12-04,S003-P0010,Groceries,131,124,41.25,38.805,123.51032
2023-12-05,S003-P0010,Groceries,97,169,38.99,38.805,102.01154
2023-12-06,S003-P0010,Groceries,182,100,52.7,38.805,125.53419
2023-12-07,S003-P0010,Groceries,109,189,42.68,38.805,111.82899
2023-12-08,S003-P0010,Groceries,176,68,38.86,38.805,146.65648
2023-12-09,S003-P0010,Groceries,108,152,32.33,38.805,134.4327
2023-12-10,S003-P0010,Groceries,146,152,34.04,38.805,130.97275
2023-12-11,S003-P0010,Groceries,77,128,27.32,38.805,133.54742
2023-12-12,S003-P0010,Groceries,129,137,41.01,38.805,102.19732
2023-12-13,S003-P0010,Groceries,144,178,40.58,38.805,125.1757
2023-12-14,S003-P0010,Groceries,79,191,33.05,38.805,112.38017
2023-12-15,S003-P0010,Groceries,51,113,33.03,38.805,101.35311
2023-12-16,S003-P0010,Groceries,52,131,29.87,38.805,102.66192
2023-12-17,S003-P0010,Groceries,106,88,34.17,38.805,146.81244
2023-12-18,S003-P0010,Groceries,100,130,31.58,38.805,157.85541
2023-12-19,S003-P0010,Groceries,38,164,33.01,38.805,102.01154
2023-12-20,S003-P0010,Groceries,224,135,47.14,38.805,161.31586
2023-12-21,S003-P0010,Groceries,181,200,52.57,38.805,121.58799
2023-12-22,S003-P0010,Groceries,104,160,37.83,38.805,101.06148
2023-12-23,S003-P0010,Groceries,84,160,35.38,38.805,102.66192
2023-12-24,S003-P0010,Groceries,207,90,39.94,38.805,130.97275
2023-12-25,S003-P0010,Groceries,4,197,24.33,38.805,134.56445
2023-12-26,S003-P0010,Groceries,172,193,48.68,38.805,124.18134
2023-12-27,S003-P0010,Groceries,96,236,32.75,38.805,101.65871
2023-12-28,S003-P0010,Groceries,123,162,40.29,38.805,78.87179
2023-12-29,S003-P0010,Groceries,66,188,33.18,38.805,70.91218
2023-12-30,S003-P0010,Groceries,86,113,39.66,38.805,78.427055
2023-12-31,S003-P0010,Groceries,95,155,38.83,38.805,85.61167
2024-01-01,S003-P0010,Groceries,94,168,30.53,38.805,98.8736
2024-01-02,S003-P0010,Groceries,52,81,33.26,38.805,68.52019
2024-01-03,S003-P0010,Groceries,58,78,32.32,38.805,68.57637
2024-01-04,S003-P0010,Groceries,45,97,30.61,38.805,91.08175
2024-01-05,S003-P0010,Groceries,193,109,48.76,38.805,110.16575
2024-01-06,S003-P0010,Groceries,75,209,38.05,38.805,76.42725
2024-01-07,S003-P0010,Groceries,68,123,30.04,38.805,91.21809
2024-01-08,S003-P0010,Groceries,56,133,33.67,38.805,69.35052
2024-01-09,S003-P0010,Groceries,161,71,44.78,38.805,102.697845
2024-01-10,S003-P0010,Groceries,186,181,39.92,38.805,148.41269
2024-01-11,S003-P0010,Groceries,124,257,40.35,38.805,121.869064
2024-01-12,S003-P0010,Groceries,116,122,39.43,38.805,123.542046
2024-01-13,S003-P0010,Groceries,107,127,40.35,38.805,112.74937
2024-01-14,S003-P0010,Groceries,114,126,41.18,38.805,112.60544
2024-01-15,S003-P0010,Groceries,119,129,39.73,38.805,124.28513
2024-01-16,S003-P0010,Groceries,142,184,35.41,38.805,147.3759
2024-01-17,S003-P0010,Groceries,98,252,35.31,38.805,137.26904
2024-01-18,S003-P0010,Groceries,122,180,40.08,38.805,111.85601
2024-01-19,S003-P0010,Groceries,116,192,43.73,38.805,124.50341
2024-01-20,S003-P0010,Groceries,58,95,34.03,38.805,123.36026
2024-01-21,S003-P0010,Groceries,77,87,32.77,38.805,135.38028
2024-01-22,S003-P0010,Groceries,94,99,36.78,38.805,124.28513
2024-01-23,S003-P0010,Groceries,96,148,36.99,38.805,111.951546
2024-01-24,S003-P0010,Groceries,228,159,44.21,38.805,135.95206
2024-01-25,S003-P0010,Groceries,90,195,40.17,38.805,121.960945
2024-01-26,S003-P0010,Groceries,18,132,28.88,38.805,102.64486
2024-01-27,S003-P0010,Groceries,137,120,37.63,38.805,136.13309
2024-01-28,S003-P0010,Groceries,104,151,35.91,38.805,111.02882
2024-01-29,S003-P0010,Groceries,94,135,34.81,38.805,103.63494
2024-01-30,S003-P0010,Groceries,132,111,45.8,38.805,122.64552
2023-10-03,S003-P0011,Electronics,107,356,128.63,118.72,92.99748
2023-10-04,S003-P0011,Electronics,65,239,100.22,118.72,103.21493
2023-10-05,S003-P0011,Electronics,204,193,168.65,118.72,93.44572
2023-10-06,S003-P0011,Electronics,51,60,105.59,118.72,102.89565
2023-10-07,S003-P0011,Electronics,49,399,99.08,118.72,64.52912
2023-10-08,S003-P0011,Electronics,72,355,96.25,118.72,67.357445
2023-10-09,S003-P0011,Electronics,38,280,100.23,118.72,50.607845
2023-10-10,S003-P0011,Electronics,158,255,112.16,118.72,72.87914
2023-10-11,S003-P0011,Electronics,35,102,88.95,118.72,50.27313
2023-10-12,S003-P0011,Electronics,51,336,79.25,118.72,74.65882
2023-10-13,S003-P0011,Electronics,64,283,116.5,118.72,61.940693
2023-10-14,S003-P0011,Electronics,54,208,96.2,118.72,50.44722
2023-10-15,S003-P0011,Electronics,49,159,104.55,118.72,57.450485
2023-10-16,S003-P0011,Electronics,62,115,104.13,118.72,55.78723
2023-10-17,S003-P0011,Electronics,148,148,137.69,118.72,71.82337
2023-10-18,S003-P0011,Electronics,75,47,121.24,118.72,50.578903
2023-10-19,S003-P0011,Electronics,78,268,92.21,118.72,68.83082
2023-10-20,S003-P0011,Electronics,56,213,101.87,118.72,52.04123
2023-10-21,S003-P0011,Electronics,99,150,118.52,118.72,71.72712
2023-10-22,S003-P0011,Electronics,78,72,110.56,118.72,53.41934
2023-10-23,S003-P0011,Electronics,64,237,99.28,118.72,66.22419
2023-10-24,S003-P0011,Electronics,57,181,113.73,118.72,50.40233
2023-10-25,S003-P0011,Electronics,177,115,149.43,118.72,102.86806
2023-10-26,S003-P0011,Electronics,99,0,106.59,118.72,139.52696
2023-10-27,S003-P0011,Electronics,77,376,109.88,118.72,113.342964
2023-10-28,S003-P0011,Electronics,114,314,131.65,118.72,94.967186
2023-10-29,S003-P0011,Electronics,41,190,106.62,118.72,103.9174
2023-10-30,S003-P0011,Electronics,84,147,112.65,118.72,102.993645
2023-10-31,S003-P0011,Electronics,134,77,132.88,118.72,112.15009
2023-11-01,S003-P0011,Electronics,93,156,116.36,118.72,90.796135
2023-11-02,S003-P0011,Electronics,142,383,135.38,118.72,107.629456
2023-11-03,S003-P0011,Electronics,108,222,128.84,118.72,104.82882
2023-11-04,S003-P0011,Electronics,151,110,115.72,118.72,148.80708
2023-11-05,S003-P0011,Electronics,145,215,144.13,118.72,104.0953
2023-11-06,S003-P0011,Electronics,181,316,142.3,118.72,118.07115
2023-11-07,S003-P0011,Electronics,104,190,127.19,118.72,100.77236
2023-11-08,S003-P0011,Electronics,113,418,117.83,118.72,90.11509
2023-11-09,S003-P0011,Electronics,76,318,115.58,118.72,87.627556
2023-11-10,S003-P0011,Electronics,139,254,141.86,118.72,94.747475
2023-11-11,S003-P0011,Electronics,190,164,130.25,118.72,147.70895
2023-11-12,S003-P0011,Electronics,48,305,104.14,118.72,113.27532
2023-11-13,S003-P0011,Electronics,104,275,127.13,118.72,90.52716
2023-11-14,S003-P0011,Electronics,150,161,146.2,118.72,89.249695
2023-11-15,S003-P0011,Electronics,98,42,105.27,118.72,148.43202
2023-11-16,S003-P0011,Electronics,100,258,132.43,118.72,97.33021
2023-11-17,S003-P0011,Electronics,188,139,129.48,118.72,131.79356
2023-11-18,S003-P0011,Electronics,56,168,90.7,118.72,147.70895
2023-11-19,S003-P0011,Electronics,122,463,134.75,118.72,113.27532
2023-11-20,S003-P0011,Electronics,109,346,116.59,118.72,88.23526
2023-11-21,S003-P0011,Electronics,84,227,106.49,118.72,133.98944
2023-11-22,S003-P0011,Electronics,138,166,127.13,118.72,112.78643
2023-11-23,S003-P0011,Electronics,77,211,110.32,118.72,87.627556
2023-11-24,S003-P0011,Electronics,136,453,110.79,118.72,132.09131
2023-11-25,S003-P0011,Electronics,127,353,122.41,118.72,120.73713
2023-11-26,S003-P0011,Electronics,123,209,127.98,118.72,118.03522
2023-11-27,S003-P0011,Electronics,96,129,117.92,118.72,88.60997
2023-11-28,S003-P0011,Electronics,92,289,122.38,118.72,89.249695
2023-11-29,S003-P0011,Electronics,142,201,128.74,118.72,112.78643
2023-11-30,S003-P0011,Electronics,140,108,134.88,118.72,96.995964
2023-12-01,S003-P0011,Electronics,199,341,141.57,118.72,127.26665
2023-12-02,S003-P0011,Electronics,105,214,127.71,118.72,101.06362
2023-12-03,S003-P0011,Electronics,156,569,148.73,118.72,108.85047
2023-12-04,S003-P0011,Electronics,94,423,103.68,118.72,139.49814
2023-12-05,S003-P0011,Electronics,59,351,108.75,118.72,91.9042
2023-12-06,S003-P0011,Electronics,215,292,147.23,118.72,140.21896
2023-12-07,S003-P0011,Electronics,169,58,121.71,118.72,127.46184
2023-12-08,S003-P0011,Electronics,120,413,140.97,118.72,101.07104
2023-12-09,S003-P0011,Electronics,69,313,84.68,118.72,117.81518
2023-12-10,S003-P0011,Electronics,67,265,112.06,118.72,92.303535
2023-12-11,S003-P0011,Electronics,146,196,123.03,118.72,118.763054
2023-12-12,S003-P0011,Electronics,97,69,124.25,118.72,91.66534
2023-12-13,S003-P0011,Electronics,103,269,133.52,118.72,110.881966
2023-12-14,S003-P0011,Electronics,138,151,141.5,118.72,99.55315
2023-12-15,S003-P0011,Electronics,104,0,127.39,118.72,92.06779
2023-12-16,S003-P0011,Electronics,66,229,88.21,118.72,117.81518
2023-12-17,S003-P0011,Electronics,144,351,136.14,118.72,101.03167
2023-12-18,S003-P0011,Electronics,121,214,127.36,118.72,110.90682
2023-12-19,S003-P0011,Electronics,124,81,115.17,118.72,116.92351
2023-12-20,S003-P0011,Electronics,141,248,135.34,118.72,111.35993
2023-12-21,S003-P0011,Electronics,131,97,131.31,118.72,109.81761
2023-12-22,S003-P0011,Electronics,73,249,108.51,118.72,116.25109
2023-12-23,S003-P0011,Electronics,111,175,123.66,118.72,92.2535
2023-12-24,S003-P0011,Electronics,65,49,100.28,118.72,92.78976
2023-12-25,S003-P0011,Electronics,131,230,145.58,118.72,94.19679
2023-12-26,S003-P0011,Electronics,122,120,106.42,118.72,139.9379
2023-12-27,S003-P0011,Electronics,37,253,94.49,118.72,56.18469
2023-12-28,S003-P0011,Electronics,64,219,110.85,118.72,54.842075
2023-12-29,S003-P0011,Electronics,96,153,124.1,118.72,50.748745
2023-12-30,S003-P0011,Electronics,18,78,87.03,118.72,55.988888
2023-12-31,S003-P0011,Electronics,31,292,91.94,118.72,60.10298
2024-01-01,S003-P0011,Electronics,53,263,95.58,118.72,69.43481
2024-01-02,S003-P0011,Electronics,57,214,107.89,118.72,47.6005
2024-01-03,S003-P0011,Electronics,40,147,75.82,118.72,64.35213
2024-01-04,S003-P0011,Electronics,67,102,100.76,118.72,63.99352
2024-01-05,S003-P0011,Electronics,48,60,82.21,118.72,76.253975
2024-01-06,S003-P0011,Electronics,108,126,101.8,118.72,72.763695
2024-01-07,S003-P0011,Electronics,54,0,112.13,118.72,48.212254
2024-01-08,S003-P0011,Electronics,53,240,100.56,118.72,47.132336
2024-01-09,S003-P0011,Electronics,56,197,102.02,118.72,92.41074
2024-01-10,S003-P0011,Electronics,46,141,103.39,118.72,103.07489
2024-01-11,S003-P0011,Electronics,157,99,141.16,118.72,139.95512
2024-01-12,S003-P0011,Electronics,72,77,107.99,118.72,109.75445
2024-01-13,S003-P0011,Electronics,64,393,88.73,118.72,130.67834
2024-01-14,S003-P0011,Electronics,116,350,139.35,118.72,99.93448
2024-01-15,S003-P0011,Electronics,87,278,95.15,118.72,142.45265
2024-01-16,S003-P0011,Electronics,66,198,100.59,118.72,102.486275
2024-01-17,S003-P0011,Electronics,194,140,147.29,118.72,119.93256
2024-01-18,S003-P0011,Electronics,108,0,135.74,118.72,100.66292
2024-01-19,S003-P0011,Electronics,133,417,131.93,118.72,109.75445
2024-01-20,S003-P0011,Electronics,166,324,136.86,118.72,142.12738
2024-01-21,S003-P0011,Electronics,75,211,103.82,118.72,93.59969
2024-01-22,S003-P0011,Electronics,141,427,142.74,118.72,110.42509
2024-01-23,S003-P0011,Electronics,102,309,119.84,118.72,102.486275
2024-01-24,S003-P0011,Electronics,81,194,105.93,118.72,93.49505
2024-01-25,S003-P0011,Electronics,106,103,128.25,118.72,109.37286
2024-01-26,S003-P0011,Electronics,91,130,115.73,118.72,92.88782
2024-01-27,S003-P0011,Electronics,101,226,132.62,118.72,92.728645
2024-01-28,S003-P0011,Electronics,106,165,121.83,118.72,100.090034
2024-01-29,S003-P0011,Electronics,114,250,118.4,118.72,93.521935
2024-01-30,S003-P0011,Electronics,134,143,147.24,118.72,111.27913
2023-10-03,S003-P0012,Furniture,144,135,110.23,91.27,90.71447
2023-10-04,S003-P0012,Furniture,68,159,91.51,91.27,78.53679
2023-10-05,S003-P0012,Furniture,70,429,92.03,91.27,72.29303
2023-10-06,S003-P0012,Furniture,76,367,94.16,91.27,79.35748
2023-10-07,S003-P0012,Furniture,50,321,89.99,91.27,34.34682
2023-10-08,S003-P0012,Furniture,38,280,77.22,91.27,34.78128
2023-10-09,S003-P0012,Furniture,42,243,87.31,91.27,33.38365
2023-10-10,S003-P0012,Furniture,67,193,85.81,91.27,50.26859
2023-10-11,S003-P0012,Furniture,28,131,78.06,91.27,33.85465
2023-10-12,S003-P0012,Furniture,50,229,76.7,91.27,50.943672
2023-10-13,S003-P0012,Furniture,70,169,72.96,91.27,56.605946
2023-10-14,S003-P0012,Furniture,45,88,79.53,91.27,45.648678
2023-10-15,S003-P0012,Furniture,30,184,79.02,91.27,38.428608
2023-10-16,S003-P0012,Furniture,16,163,82.21,91.27,36.451324
2023-10-17,S003-P0012,Furniture,35,148,84.68,91.27,37.96728
2023-10-18,S003-P0012,Furniture,47,115,80.0,91.27,46.230232
2023-10-19,S003-P0012,Furniture,38,76,81.22,91.27,35.260128
2023-10-20,S003-P0012,Furniture,39,126,64.61,91.27,46.494495
2023-10-21,S003-P0012,Furniture,35,80,66.89,91.27,51.288662
2023-10-22,S003-P0012,Furniture,25,109,76.83,91.27,35.52042
2023-10-23,S003-P0012,Furniture,35,79,80.4,91.27,33.37817
2023-10-24,S003-P0012,Furniture,25,102,73.16,91.27,33.50148
2023-10-25,S003-P0012,Furniture,98,130,96.35,91.27,100.84882
2023-10-26,S003-P0012,Furniture,99,60,96.78,91.27,86.05097
2023-10-27,S003-P0012,Furniture,68,178,91.31,91.27,88.1742
2023-10-28,S003-P0012,Furniture,82,355,91.27,91.27,72.44858
2023-10-29,S003-P0012,Furniture,79,272,95.22,91.27,80.184746
2023-10-30,S003-P0012,Furniture,83,182,101.62,91.27,78.43197
2023-10-31,S003-P0012,Furniture,107,124,110.34,91.27,86.84819
2023-11-01,S003-P0012,Furniture,72,184,88.06,91.27,92.72639
2023-11-02,S003-P0012,Furniture,56,356,92.09,91.27,81.61347
2023-11-03,S003-P0012,Furniture,29,294,78.21,91.27,102.952225
2023-11-04,S003-P0012,Furniture,116,262,113.3,91.27,86.68028
2023-11-05,S003-P0012,Furniture,32,158,75.25,91.27,79.5816
2023-11-06,S003-P0012,Furniture,81,373,95.72,91.27,67.46447
2023-11-07,S003-P0012,Furniture,32,281,79.43,91.27,75.26402
2023-11-08,S003-P0012,Furniture,51,245,85.74,91.27,67.06382
2023-11-09,S003-P0012,Furniture,105,189,98.64,91.27,91.73736
2023-11-10,S003-P0012,Furniture,91,81,82.48,91.27,92.936
2023-11-11,S003-P0012,Furniture,81,193,90.89,91.27,86.047935
2023-11-12,S003-P0012,Furniture,71,102,92.64,91.27,86.86326
2023-11-13,S003-P0012,Furniture,74,171,93.61,91.27,67.8664
2023-11-14,S003-P0012,Furniture,58,117,78.29,91.27,90.19349
2023-11-15,S003-P0012,Furniture,71,231,92.21,91.27,86.267815
2023-11-16,S003-P0012,Furniture,74,184,103.89,91.27,73.12664
2023-11-17,S003-P0012,Furniture,73,99,98.06,91.27,79.48419
2023-11-18,S003-P0012,Furniture,152,166,119.45,91.27,113.74615
2023-11-19,S003-P0012,Furniture,85,0,76.91,91.27,114.34375
2023-11-20,S003-P0012,Furniture,116,335,113.55,91.27,67.70988
2023-11-21,S003-P0012,Furniture,100,254,96.91,91.27,75.26402
2023-11-22,S003-P0012,Furniture,91,192,99.4,91.27,86.345985
2023-11-23,S003-P0012,Furniture,158,273,96.1,91.27,94.10943
2023-11-24,S003-P0012,Furniture,146,158,105.44,91.27,102.76519
2023-11-25,S003-P0012,Furniture,108,376,116.42,91.27,67.35118
2023-11-26,S003-P0012,Furniture,126,253,93.51,91.27,91.706276
2023-11-27,S003-P0012,Furniture,70,131,87.35,91.27,67.46447
2023-11-28,S003-P0012,Furniture,52,311,81.71,91.27,66.31601
2023-11-29,S003-P0012,Furniture,102,264,102.88,91.27,86.267815
2023-11-30,S003-P0012,Furniture,84,173,96.67,91.27,72.99828
2023-12-01,S003-P0012,Furniture,95,325,105.92,91.27,78.080986
2023-12-02,S003-P0012,Furniture,165,265,110.12,91.27,101.13249
2023-12-03,S003-P0012,Furniture,100,165,90.77,91.27,108.14509
2023-12-04,S003-P0012,Furniture,92,423,99.69,91.27,84.67724
2023-12-05,S003-P0012,Furniture,57,325,83.35,91.27,69.14002
2023-12-06,S003-P0012,Furniture,72,267,97.76,91.27,86.66938
2023-12-07,S003-P0012,Furniture,93,205,100.1,91.27,76.32436
2023-12-08,S003-P0012,Furniture,78,107,100.11,91.27,78.080986
2023-12-09,S003-P0012,Furniture,85,196,76.73,91.27,90.710335
2023-12-10,S003-P0012,Furniture,73,134,87.94,91.27,91.11689
2023-12-11,S003-P0012,Furniture,54,261,73.16,91.27,93.05647
2023-12-12,S003-P0012,Furniture,79,224,95.04,91.27,69.14002
2023-12-13,S003-P0012,Furniture,89,138,103.82,91.27,86.7597
2023-12-14,S003-P0012,Furniture,82,200,101.47,91.27,76.07417
2023-12-15,S003-P0012,Furniture,113,125,101.08,91.27,91.864555
2023-12-16,S003-P0012,Furniture,77,184,89.51,91.27,69.283394
2023-12-17,S003-P0012,Furniture,122,289,92.45,91.27,99.46003
2023-12-18,S003-P0012,Furniture,55,180,82.74,91.27,85.67019
2023-12-19,S003-P0012,Furniture,79,366,80.37,91.27,90.29777
2023-12-20,S003-P0012,Furniture,49,283,89.55,91.27,86.66938
2023-12-21,S003-P0012,Furniture,37,252,81.29,91.27,83.65222
2023-12-22,S003-P0012,Furniture,102,220,102.88,91.27,91.864555
2023-12-23,S003-P0012,Furniture,81,116,101.1,91.27,69.17483
2023-12-24,S003-P0012,Furniture,53,256,86.42,91.27,70.69425
2023-12-25,S003-P0012,Furniture,76,207,74.55,91.27,93.36611
2023-12-26,S003-P0012,Furniture,113,144,112.35,91.27,85.68678
2023-12-27,S003-P0012,Furniture,30,223,78.92,91.27,38.73696
2023-12-28,S003-P0012,Furniture,43,455,87.49,91.27,37.257206
2023-12-29,S003-P0012,Furniture,29,423,82.8,91.27,35.76597
2023-12-30,S003-P0012,Furniture,44,398,88.09,91.27,38.282356
2023-12-31,S003-P0012,Furniture,37,367,81.32,91.27,42.158863
2024-01-01,S003-P0012,Furniture,23,325,80.5,91.27,35.204865
2024-01-02,S003-P0012,Furniture,28,299,82.13,91.27,32.427834
2024-01-03,S003-P0012,Furniture,35,277,76.26,91.27,32.6657
2024-01-04,S003-P0012,Furniture,22,256,75.95,91.27,31.468225
2024-01-05,S003-P0012,Furniture,46,232,88.59,91.27,40.115646
2024-01-06,S003-P0012,Furniture,35,180,80.18,91.27,36.122723
2024-01-07,S003-P0012,Furniture,41,146,82.46,91.27,44.97572
2024-01-08,S003-P0012,Furniture,22,111,84.27,91.27,31.41878
2024-01-09,S003-P0012,Furniture,139,163,108.9,91.27,91.06599
2024-01-10,S003-P0012,Furniture,67,33,91.24,91.27,77.07846
2024-01-11,S003-P0012,Furniture,87,307,86.75,91.27,110.52008
2024-01-12,S003-P0012,Furniture,102,221,86.83,91.27,109.96243
2024-01-13,S003-P0012,Furniture,69,119,86.49,91.27,101.2307
2024-01-14,S003-P0012,Furniture,58,267,88.05,91.27,76.9609
2024-01-15,S003-P0012,Furniture,98,219,101.57,91.27,83.56068
2024-01-16,S003-P0012,Furniture,106,135,115.54,91.27,76.314095
2024-01-17,S003-P0012,Furniture,66,227,75.48,91.27,91.9345
2024-01-18,S003-P0012,Furniture,91,185,83.58,91.27,100.06241
2024-01-19,S003-P0012,Furniture,87,121,108.4,91.27,84.21501
2024-01-20,S003-P0012,Furniture,133,201,107.45,91.27,85.113945
2024-01-21,S003-P0012,Furniture,92,72,94.5,91.27,72.5399
2024-01-22,S003-P0012,Furniture,94,298,100.2,91.27,111.41363
2024-01-23,S003-P0012,Furniture,109,220,83.13,91.27,100.98414
2024-01-24,S003-P0012,Furniture,111,152,111.65,91.27,69.10089
2024-01-25,S003-P0012,Furniture,85,300,86.23,91.27,110.52008
2024-01-26,S003-P0012,Furniture,93,204,105.19,91.27,71.51951
2024-01-27,S003-P0012,Furniture,107,117,99.1,91.27,68.93343
2024-01-28,S003-P0012,Furniture,112,222,117.96,91.27,76.6834
2024-01-29,S003-P0012,Furniture,43,121,92.1,91.27,69.95542
2024-01-30,S003-P0012,Furniture,49,286,84.97,91.27,84.7143
2023-10-03,S003-P0013,Groceries,96,306,65.2,72.36,130.72041
2023-10-04,S003-P0013,Groceries,125,207,75.29,72.36,113.91126
2023-10-05,S003-P0013,Groceries,83,716,62.4,72.36,102.95934
2023-10-06,S003-P0013,Groceries,116,637,73.13,72.36,114.56232
2023-10-07,S003-P0013,Groceries,17,517,53.45,72.36,67.85992
2023-10-08,S003-P0013,Groceries,92,503,67.64,72.36,71.75063
2023-10-09,S003-P0013,Groceries,70,407,62.56,72.36,68.42155
2023-10-10,S003-P0013,Groceries,87,334,62.84,72.36,96.49905
2023-10-11,S003-P0013,Groceries,80,251,65.14,72.36,67.136765
2023-10-12,S003-P0013,Groceries,119,175,62.38,72.36,96.275764
2023-10-13,S003-P0013,Groceries,76,96,71.13,72.36,84.28028
2023-10-14,S003-P0013,Groceries,107,464,71.12,72.36,67.9674
2023-10-15,S003-P0013,Groceries,94,348,68.4,72.36,78.08105
2023-10-16,S003-P0013,Groceries,90,264,59.69,72.36,95.52794
2023-10-17,S003-P0013,Groceries,97,180,54.37,72.36,96.666466
2023-10-18,S003-P0013,Groceries,98,495,72.89,72.36,67.136765
2023-10-19,S003-P0013,Groceries,61,383,63.93,72.36,68.45814
2023-10-20,S003-P0013,Groceries,143,322,62.78,72.36,88.65093
2023-10-21,S003-P0013,Groceries,26,192,58.55,72.36,74.88352
2023-10-22,S003-P0013,Groceries,122,174,70.43,72.36,89.29357
2023-10-23,S003-P0013,Groceries,89,40,63.18,72.36,87.51939
2023-10-24,S003-P0013,Groceries,76,488,67.62,72.36,67.13217
2023-10-25,S003-P0013,Groceries,158,435,73.51,72.36,146.59583
2023-10-26,S003-P0013,Groceries,84,269,69.56,72.36,126.5732
2023-10-27,S003-P0013,Groceries,167,187,94.18,72.36,126.43653
2023-10-28,S003-P0013,Groceries,198,79,87.26,72.36,101.67281
2023-10-29,S003-P0013,Groceries,110,638,68.18,72.36,115.77676
2023-10-30,S003-P0013,Groceries,132,510,76.81,72.36,114.07211
2023-10-31,S003-P0013,Groceries,107,384,75.01,72.36,125.4816
2023-11-01,S003-P0013,Groceries,118,940,69.55,72.36,140.14764
2023-11-02,S003-P0013,Groceries,181,815,97.82,72.36,127.292046
2023-11-03,S003-P0013,Groceries,103,631,70.18,72.36,117.89211
2023-11-04,S003-P0013,Groceries,95,558,72.15,72.36,128.3133
2023-11-05,S003-P0013,Groceries,88,492,56.38,72.36,151.3292
2023-11-06,S003-P0013,Groceries,133,431,77.25,72.36,103.03061
2023-11-07,S003-P0013,Groceries,84,329,62.58,72.36,115.80542
2023-11-08,S003-P0013,Groceries,128,274,67.98,72.36,137.62366
2023-11-09,S003-P0013,Groceries,32,154,56.88,72.36,103.04246
2023-11-10,S003-P0013,Groceries,75,706,70.78,72.36,107.45516
2023-11-11,S003-P0013,Groceries,94,624,75.66,72.36,128.52911
2023-11-12,S003-P0013,Groceries,94,520,71.83,72.36,129.893
2023-11-13,S003-P0013,Groceries,82,417,68.89,72.36,103.6289
2023-11-14,S003-P0013,Groceries,92,332,64.35,72.36,136.27582
2023-11-15,S003-P0013,Groceries,101,262,77.41,72.36,128.56812
2023-11-16,S003-P0013,Groceries,264,173,100.9,72.36,155.09982
2023-11-17,S003-P0013,Groceries,54,0,62.29,72.36,118.26441
2023-11-18,S003-P0013,Groceries,169,378,80.92,72.36,168.17609
2023-11-19,S003-P0013,Groceries,125,243,79.25,72.36,129.893
2023-11-20,S003-P0013,Groceries,118,1040,58.33,72.36,140.9538
2023-11-21,S003-P0013,Groceries,152,951,67.79,72.36,155.68561
2023-11-22,S003-P0013,Groceries,111,801,68.4,72.36,129.08359
2023-11-23,S003-P0013,Groceries,107,733,59.93,72.36,140.53857
2023-11-24,S003-P0013,Groceries,105,614,74.42,72.36,118.71496
2023-11-25,S003-P0013,Groceries,102,540,62.64,72.36,138.95526
2023-11-26,S003-P0013,Groceries,87,477,70.11,72.36,105.2934
2023-11-27,S003-P0013,Groceries,149,377,85.21,72.36,103.27274
2023-11-28,S003-P0013,Groceries,117,232,77.32,72.36,102.1685
2023-11-29,S003-P0013,Groceries,126,104,79.53,72.36,128.56812
2023-11-30,S003-P0013,Groceries,134,19,77.42,72.36,115.45538
2023-12-01,S003-P0013,Groceries,160,584,73.89,72.36,147.26678
2023-12-02,S003-P0013,Groceries,114,473,57.59,72.36,147.63391
2023-12-03,S003-P0013,Groceries,113,352,80.49,72.36,123.36165
2023-12-04,S003-P0013,Groceries,141,858,74.45,72.36,158.5606
2023-12-05,S003-P0013,Groceries,138,726,69.4,72.36,133.75446
2023-12-06,S003-P0013,Groceries,80,612,61.64,72.36,161.80359
2023-12-07,S003-P0013,Groceries,132,553,85.22,72.36,111.82899
2023-12-08,S003-P0013,Groceries,140,445,78.62,72.36,113.35908
2023-12-09,S003-P0013,Groceries,93,296,75.31,72.36,102.40812
2023-12-10,S003-P0013,Groceries,149,215,85.08,72.36,101.17249
2023-12-11,S003-P0013,Groceries,94,607,75.77,72.36,104.60169
2023-12-12,S003-P0013,Groceries,137,543,82.3,72.36,102.19732
2023-12-13,S003-P0013,Groceries,117,442,61.15,72.36,160.4156
2023-12-14,S003-P0013,Groceries,102,370,66.33,72.36,112.38017
2023-12-15,S003-P0013,Groceries,105,260,67.14,72.36,101.06148
2023-12-16,S003-P0013,Groceries,152,787,85.77,72.36,102.40812
2023-12-17,S003-P0013,Groceries,152,693,68.59,72.36,146.1485
2023-12-18,S003-P0013,Groceries,106,525,74.7,72.36,123.51032
2023-12-19,S003-P0013,Groceries,116,417,69.44,72.36,102.594894
2023-12-20,S003-P0013,Groceries,15,334,44.48,72.36,160.85498
2023-12-21,S003-P0013,Groceries,153,322,81.74,72.36,121.748924
2023-12-22,S003-P0013,Groceries,125,216,75.15,72.36,133.62457
2023-12-23,S003-P0013,Groceries,141,657,78.99,72.36,102.36181
2023-12-24,S003-P0013,Groceries,157,529,82.72,72.36,100.825096
2023-12-25,S003-P0013,Groceries,129,396,84.44,72.36,104.60169
2023-12-26,S003-P0013,Groceries,55,256,56.35,72.36,124.1262
2023-12-27,S003-P0013,Groceries,85,214,62.38,72.36,101.7376
2023-12-28,S003-P0013,Groceries,92,804,71.4,72.36,78.96259
2023-12-29,S003-P0013,Groceries,45,732,63.28,72.36,70.792984
2023-12-30,S003-P0013,Groceries,72,689,63.3,72.36,78.077354
2023-12-31,S003-P0013,Groceries,105,603,74.56,72.36,85.61167
2024-01-01,S003-P0013,Groceries,67,492,61.97,72.36,76.23972
2024-01-02,S003-P0013,Groceries,82,448,54.54,72.36,89.69616
2024-01-03,S003-P0013,Groceries,36,391,54.93,72.36,68.57637
2024-01-04,S003-P0013,Groceries,85,366,62.84,72.36,69.50336
2024-01-05,S003-P0013,Groceries,95,270,57.69,72.36,108.714676
2024-01-06,S003-P0013,Groceries,90,195,70.85,72.36,75.86242
2024-01-07,S003-P0013,Groceries,140,92,62.13,72.36,90.620605
2024-01-08,S003-P0013,Groceries,69,350,62.29,72.36,68.531685
2024-01-09,S003-P0013,Groceries,162,292,79.4,72.36,136.32597
2024-01-10,S003-P0013,Groceries,117,193,65.29,72.36,148.50488
2024-01-11,S003-P0013,Groceries,83,734,65.69,72.36,121.869064
2024-01-12,S003-P0013,Groceries,88,671,66.81,72.36,122.90583
2024-01-13,S003-P0013,Groceries,124,603,79.21,72.36,112.59415
2024-01-14,S003-P0013,Groceries,151,507,81.32,72.36,111.79224
2024-01-15,S003-P0013,Groceries,87,387,66.75,72.36,124.28513
2024-01-16,S003-P0013,Groceries,148,308,72.09,72.36,148.18329
2024-01-17,S003-P0013,Groceries,144,135,66.28,72.36,135.95206
2024-01-18,S003-P0013,Groceries,111,539,68.43,72.36,111.85601
2024-01-19,S003-P0013,Groceries,137,428,86.66,72.36,124.50341
2024-01-20,S003-P0013,Groceries,206,286,98.76,72.36,122.918915
2024-01-21,S003-P0013,Groceries,112,54,72.44,72.36,102.187035
2024-01-22,S003-P0013,Groceries,174,0,86.66,72.36,124.28513
2024-01-23,S003-P0013,Groceries,57,558,50.48,72.36,147.58621
2024-01-24,S003-P0013,Groceries,70,1308,59.52,72.36,103.386986
2024-01-25,S003-P0013,Groceries,220,1262,92.02,72.36,160.36835
2024-01-26,S003-P0013,Groceries,52,1116,58.44,72.36,102.21969
2024-01-27,S003-P0013,Groceries,152,1066,77.3,72.36,136.73206
2024-01-28,S003-P0013,Groceries,121,969,74.15,72.36,111.02882
2024-01-29,S003-P0013,Groceries,109,852,71.63,72.36,103.84939
2024-01-30,S003-P0013,Groceries,121,781,74.45,72.36,122.39598
2023-10-03,S003-P0014,Groceries,90,599,97.54,93.75,101.567825
2023-10-04,S003-P0014,Groceries,134,499,95.78,93.75,114.03071
2023-10-05,S003-P0014,Groceries,86,360,91.2,93.75,100.91218
2023-10-06,S003-P0014,Groceries,84,295,90.73,93.75,114.73436
2023-10-07,S003-P0014,Groceries,86,198,91.21,93.75,67.85992
2023-10-08,S003-P0014,Groceries,86,106,77.7,93.75,89.018135
2023-10-09,S003-P0014,Groceries,48,210,75.05,93.75,87.08588
2023-10-10,S003-P0014,Groceries,71,172,77.83,93.75,74.986534
2023-10-11,S003-P0014,Groceries,59,417,62.06,93.75,88.09759
2023-10-12,S003-P0014,Groceries,96,358,89.55,93.75,96.69593
2023-10-13,S003-P0014,Groceries,130,244,94.73,93.75,84.08395
2023-10-14,S003-P0014,Groceries,92,123,78.59,93.75,87.69188
2023-10-15,S003-P0014,Groceries,100,50,75.65,93.75,97.76955
2023-10-16,S003-P0014,Groceries,48,345,75.37,93.75,74.92208
2023-10-17,S003-P0014,Groceries,136,304,85.67,93.75,96.41362
2023-10-18,S003-P0014,Groceries,62,149,79.44,93.75,87.66282
2023-10-19,S003-P0014,Groceries,82,80,67.58,93.75,87.81895
2023-10-20,S003-P0014,Groceries,60,425,78.85,93.75,70.25343
2023-10-21,S003-P0014,Groceries,49,369,75.36,93.75,74.89038
2023-10-22,S003-P0014,Groceries,65,330,80.12,93.75,89.59214
2023-10-23,S003-P0014,Groceries,93,279,84.23,93.75,68.578964
2023-10-24,S003-P0014,Groceries,51,222,80.37,93.75,67.13217
2023-10-25,S003-P0014,Groceries,150,184,117.39,93.75,113.87897
2023-10-26,S003-P0014,Groceries,100,292,90.58,93.75,126.67472
2023-10-27,S003-P0014,Groceries,175,218,119.12,93.75,126.088
2023-10-28,S003-P0014,Groceries,115,459,90.49,93.75,101.67281
2023-10-29,S003-P0014,Groceries,95,373,94.08,93.75,115.82984
2023-10-30,S003-P0014,Groceries,67,291,85.25,93.75,113.803955
2023-10-31,S003-P0014,Groceries,68,222,77.2,93.75,125.70958
2023-11-01,S003-P0014,Groceries,107,164,88.05,93.75,104.37473
2023-11-02,S003-P0014,Groceries,67,80,72.48,93.75,170.2012
2023-11-03,S003-P0014,Groceries,59,225,65.51,93.75,151.4567
2023-11-04,S003-P0014,Groceries,185,530,97.96,93.75,168.91245
2023-11-05,S003-P0014,Groceries,120,369,86.76,93.75,151.48193
2023-11-06,S003-P0014,Groceries,68,294,81.26,93.75,103.03061
2023-11-07,S003-P0014,Groceries,122,795,102.54,93.75,115.59507
2023-11-08,S003-P0014,Groceries,213,686,103.69,93.75,138.99374
2023-11-09,S003-P0014,Groceries,157,464,107.48,93.75,104.313614
2023-11-10,S003-P0014,Groceries,146,313,82.52,93.75,137.28862
2023-11-11,S003-P0014,Groceries,200,688,107.99,93.75,168.34688
2023-11-12,S003-P0014,Groceries,192,469,98.43,93.75,166.1495
2023-11-13,S003-P0014,Groceries,103,321,91.83,93.75,103.6289
2023-11-14,S003-P0014,Groceries,182,223,95.92,93.75,138.15135
2023-11-15,S003-P0014,Groceries,171,630,105.7,93.75,169.29636
2023-11-16,S003-P0014,Groceries,116,452,105.95,93.75,115.03114
2023-11-17,S003-P0014,Groceries,109,360,98.67,93.75,118.71496
2023-11-18,S003-P0014,Groceries,80,246,84.86,93.75,128.3133
2023-11-19,S003-P0014,Groceries,96,181,89.34,93.75,129.94492
2023-11-20,S003-P0014,Groceries,113,449,89.83,93.75,103.21258
2023-11-21,S003-P0014,Groceries,101,332,96.14,93.75,115.570305
2023-11-22,S003-P0014,Groceries,85,252,81.81,93.75,129.08359
2023-11-23,S003-P0014,Groceries,129,161,104.9,93.75,103.55607
2023-11-24,S003-P0014,Groceries,128,332,99.11,93.75,117.89211
2023-11-25,S003-P0014,Groceries,80,181,80.6,93.75,103.434975
2023-11-26,S003-P0014,Groceries,158,459,102.62,93.75,104.84771
2023-11-27,S003-P0014,Groceries,107,304,97.74,93.75,103.27274
2023-11-28,S003-P0014,Groceries,147,181,110.55,93.75,102.26641
2023-11-29,S003-P0014,Groceries,127,467,93.8,93.75,129.08359
2023-11-30,S003-P0014,Groceries,120,347,107.2,93.75,115.03114
2023-12-01,S003-P0014,Groceries,149,219,110.99,93.75,114.17916
2023-12-02,S003-P0014,Groceries,136,69,96.35,93.75,115.42605
2023-12-03,S003-P0014,Groceries,185,376,103.1,93.75,157.91774
2023-12-04,S003-P0014,Groceries,124,175,103.21,93.75,123.51032
2023-12-05,S003-P0014,Groceries,121,377,102.25,93.75,102.19732
2023-12-06,S003-P0014,Groceries,94,265,98.6,93.75,125.53419
2023-12-07,S003-P0014,Groceries,42,153,69.79,93.75,112.38017
2023-12-08,S003-P0014,Groceries,79,522,93.96,93.75,114.17916
2023-12-09,S003-P0014,Groceries,137,449,80.56,93.75,134.10338
2023-12-10,S003-P0014,Groceries,142,302,91.66,93.75,131.30215
2023-12-11,S003-P0014,Groceries,198,155,99.82,93.75,133.54742
2023-12-12,S003-P0014,Groceries,167,342,87.6,93.75,133.40627
2023-12-13,S003-P0014,Groceries,104,177,91.72,93.75,125.1757
2023-12-14,S003-P0014,Groceries,124,640,86.93,93.75,143.73761
2023-12-15,S003-P0014,Groceries,97,499,99.77,93.75,101.35311
2023-12-16,S003-P0014,Groceries,153,413,95.55,93.75,134.76196
2023-12-17,S003-P0014,Groceries,108,258,103.54,93.75,113.04161
2023-12-18,S003-P0014,Groceries,99,186,90.61,93.75,123.51032
2023-12-19,S003-P0014,Groceries,168,578,111.0,93.75,102.594894
2023-12-20,S003-P0014,Groceries,171,386,112.21,93.75,125.15815
2023-12-21,S003-P0014,Groceries,211,235,111.06,93.75,156.19763
2023-12-22,S003-P0014,Groceries,141,78,103.02,93.75,101.13882
2023-12-23,S003-P0014,Groceries,220,549,112.21,93.75,134.4327
2023-12-24,S003-P0014,Groceries,130,370,94.68,93.75,132.54877
2023-12-25,S003-P0014,Groceries,70,274,81.86,93.75,104.32992
2023-12-26,S003-P0014,Groceries,63,874,79.75,93.75,124.18134
2023-12-27,S003-P0014,Groceries,66,804,85.07,93.75,78.3973
2023-12-28,S003-P0014,Groceries,79,751,93.63,93.75,78.96259
2023-12-29,S003-P0014,Groceries,69,676,90.43,93.75,70.792984
2023-12-30,S003-P0014,Groceries,86,594,96.01,93.75,78.427055
2023-12-31,S003-P0014,Groceries,73,510,78.44,93.75,85.54916
2024-01-01,S003-P0014,Groceries,115,440,85.47,93.75,98.63735
2024-01-02,S003-P0014,Groceries,128,341,110.01,93.75,68.54655
2024-01-03,S003-P0014,Groceries,64,230,88.78,93.75,68.55802
2024-01-04,S003-P0014,Groceries,101,157,91.35,93.75,69.44506
2024-01-05,S003-P0014,Groceries,135,345,85.47,93.75,108.714676
2024-01-06,S003-P0014,Groceries,62,200,75.29,93.75,75.418976
2024-01-07,S003-P0014,Groceries,78,136,88.94,93.75,69.560974
2024-01-08,S003-P0014,Groceries,25,485,72.11,93.75,68.85879
2024-01-09,S003-P0014,Groceries,127,464,83.45,93.75,135.34708
2024-01-10,S003-P0014,Groceries,119,367,107.01,93.75,112.66663
2024-01-11,S003-P0014,Groceries,66,236,80.59,93.75,121.869064
2024-01-12,S003-P0014,Groceries,112,187,89.42,93.75,122.90583
2024-01-13,S003-P0014,Groceries,92,480,93.2,93.75,112.59415
2024-01-14,S003-P0014,Groceries,183,374,109.67,93.75,111.02882
2024-01-15,S003-P0014,Groceries,154,181,112.79,93.75,124.28513
2024-01-16,S003-P0014,Groceries,144,46,92.22,93.75,147.58621
2024-01-17,S003-P0014,Groceries,75,618,83.31,93.75,103.289085
2024-01-18,S003-P0014,Groceries,172,541,88.73,93.75,147.31235
2024-01-19,S003-P0014,Groceries,160,380,103.09,93.75,164.17914
2024-01-20,S003-P0014,Groceries,151,217,88.19,93.75,160.81299
2024-01-21,S003-P0014,Groceries,218,590,119.49,93.75,135.38028
2024-01-22,S003-P0014,Groceries,86,408,68.37,93.75,159.8016
2024-01-23,S003-P0014,Groceries,115,337,100.38,93.75,111.951546
2024-01-24,S003-P0014,Groceries,104,890,96.98,93.75,103.289085
2024-01-25,S003-P0014,Groceries,115,816,100.44,93.75,121.90687
2024-01-26,S003-P0014,Groceries,128,713,99.02,93.75,102.21969
2024-01-27,S003-P0014,Groceries,65,598,76.13,93.75,136.73206
2024-01-28,S003-P0014,Groceries,138,533,102.03,93.75,111.02882
2024-01-29,S003-P0014,Groceries,96,410,94.39,93.75,104.18126
2024-01-30,S003-P0014,Groceries,157,350,119.68,93.75,122.64552
2023-10-03,S003-P0015,Groceries,58,116,85.02,96.225,101.567825
2023-10-04,S003-P0015,Groceries,66,57,83.45,96.225,113.91126
2023-10-05,S003-P0015,Groceries,70,707,93.8,96.225,100.91218
2023-10-06,S003-P0015,Groceries,129,641,91.01,96.225,147.47127
2023-10-07,S003-P0015,Groceries,25,534,58.75,96.225,87.93109
2023-10-08,S003-P0015,Groceries,78,512,77.21,96.225,89.29434
2023-10-09,S003-P0015,Groceries,114,438,82.67,96.225,86.67629
2023-10-10,S003-P0015,Groceries,95,306,87.26,96.225,74.986534
2023-10-11,S003-P0015,Groceries,125,244,96.09,96.225,67.33344
2023-10-12,S003-P0015,Groceries,132,142,114.71,96.225,75.70404
2023-10-13,S003-P0015,Groceries,102,491,104.76,96.225,84.28028
2023-10-14,S003-P0015,Groceries,82,383,83.46,96.225,67.9674
2023-10-15,S003-P0015,Groceries,197,325,123.21,96.225,97.35318
2023-10-16,S003-P0015,Groceries,67,171,88.13,96.225,74.92208
2023-10-17,S003-P0015,Groceries,145,115,113.39,96.225,74.842995
2023-10-18,S003-P0015,Groceries,76,18,91.1,96.225,67.10697
2023-10-19,S003-P0015,Groceries,44,722,84.73,96.225,68.45814
2023-10-20,S003-P0015,Groceries,55,690,84.3,96.225,70.27036
2023-10-21,S003-P0015,Groceries,67,641,87.98,96.225,74.88352
2023-10-22,S003-P0015,Groceries,45,568,64.73,96.225,89.40472
2023-10-23,S003-P0015,Groceries,45,520,76.96,96.225,68.23844
2023-10-24,S003-P0015,Groceries,88,466,75.98,96.225,87.541565
2023-10-25,S003-P0015,Groceries,83,371,88.23,96.225,114.03071
2023-10-26,S003-P0015,Groceries,52,290,62.3,96.225,162.95438
2023-10-27,S003-P0015,Groceries,89,248,100.26,96.225,126.43653
2023-10-28,S003-P0015,Groceries,119,182,89.25,96.225,129.96178
2023-10-29,S003-P0015,Groceries,112,92,102.57,96.225,116.00301
2023-10-30,S003-P0015,Groceries,134,8,98.81,96.225,114.07211
2023-10-31,S003-P0015,Groceries,109,333,101.6,96.225,125.329216
2023-11-01,S003-P0015,Groceries,125,677,101.26,96.225,139.75676
2023-11-02,S003-P0015,Groceries,170,550,108.57,96.225,170.2012
2023-11-03,S003-P0015,Groceries,144,382,113.09,96.225,118.71496
2023-11-04,S003-P0015,Groceries,114,218,92.79,96.225,128.52686
2023-11-05,S003-P0015,Groceries,77,128,96.1,96.225,118.653404
2023-11-06,S003-P0015,Groceries,77,691,91.31,96.225,103.27274
2023-11-07,S003-P0015,Groceries,104,630,99.94,96.225,115.59507
2023-11-08,S003-P0015,Groceries,116,550,98.68,96.225,103.21548
2023-11-09,S003-P0015,Groceries,109,444,91.45,96.225,104.313614
2023-11-10,S003-P0015,Groceries,27,336,75.18,96.225,107.45516
2023-11-11,S003-P0015,Groceries,118,313,88.77,96.225,168.34688
2023-11-12,S003-P0015,Groceries,117,214,98.6,96.225,129.94492
2023-11-13,S003-P0015,Groceries,118,525,109.94,96.225,103.58906
2023-11-14,S003-P0015,Groceries,144,414,119.06,96.225,102.1685
2023-11-15,S003-P0015,Groceries,117,245,98.85,96.225,129.08359
2023-11-16,S003-P0015,Groceries,101,158,99.14,96.225,115.03114
2023-11-17,S003-P0015,Groceries,69,94,84.14,96.225,118.26441
2023-11-18,S003-P0015,Groceries,149,597,114.63,96.225,128.52911
2023-11-19,S003-P0015,Groceries,119,438,110.3,96.225,130.18695
2023-11-20,S003-P0015,Groceries,200,352,110.28,96.225,140.2503
2023-11-21,S003-P0015,Groceries,104,116,89.48,96.225,154.26021
2023-11-22,S003-P0015,Groceries,193,546,115.2,96.225,169.29636
2023-11-23,S003-P0015,Groceries,205,355,111.89,96.225,140.53857
2023-11-24,S003-P0015,Groceries,75,224,90.52,96.225,118.26441
2023-11-25,S003-P0015,Groceries,73,159,90.0,96.225,103.4006
2023-11-26,S003-P0015,Groceries,111,873,80.69,96.225,134.99849
2023-11-27,S003-P0015,Groceries,136,751,92.84,96.225,140.2503
2023-11-28,S003-P0015,Groceries,156,642,93.37,96.225,137.39066
2023-11-29,S003-P0015,Groceries,80,504,97.07,96.225,128.56812
2023-11-30,S003-P0015,Groceries,144,416,112.84,96.225,115.45538
2023-12-01,S003-P0015,Groceries,108,307,106.67,96.225,114.17916
2023-12-02,S003-P0015,Groceries,110,919,80.56,96.225,147.63391
2023-12-03,S003-P0015,Groceries,128,795,96.38,96.225,158.91861
2023-12-04,S003-P0015,Groceries,160,665,118.11,96.225,123.73023
2023-12-05,S003-P0015,Groceries,96,524,97.41,96.225,102.19732
2023-12-06,S003-P0015,Groceries,144,445,95.02,96.225,160.85498
2023-12-07,S003-P0015,Groceries,70,329,80.02,96.225,112.38017
2023-12-08,S003-P0015,Groceries,49,859,82.19,96.225,114.17916
2023-12-09,S003-P0015,Groceries,50,812,78.3,96.225,102.36181
2023-12-10,S003-P0015,Groceries,93,767,101.4,96.225,101.17249
2023-12-11,S003-P0015,Groceries,78,671,91.7,96.225,104.32403
2023-12-12,S003-P0015,Groceries,87,593,89.74,96.225,102.19732
2023-12-13,S003-P0015,Groceries,90,505,81.1,96.225,161.31586
2023-12-14,S003-P0015,Groceries,73,451,67.46,96.225,144.38681
2023-12-15,S003-P0015,Groceries,49,373,82.17,96.225,101.35311
2023-12-16,S003-P0015,Groceries,189,335,114.84,96.225,135.35486
2023-12-17,S003-P0015,Groceries,184,154,100.85,96.225,146.1485
2023-12-18,S003-P0015,Groceries,124,1,106.6,96.225,123.51032
2023-12-19,S003-P0015,Groceries,92,0,101.16,96.225,102.01154
2023-12-20,S003-P0015,Groceries,138,860,111.04,96.225,125.53419
2023-12-21,S003-P0015,Groceries,142,698,106.55,96.225,122.242775
2023-12-22,S003-P0015,Groceries,91,554,90.87,96.225,101.13882
2023-12-23,S003-P0015,Groceries,75,481,90.74,96.225,102.40812
2023-12-24,S003-P0015,Groceries,167,428,120.48,96.225,101.17249
2023-12-25,S003-P0015,Groceries,91,326,90.81,96.225,134.56445
2023-12-26,S003-P0015,Groceries,105,223,94.99,96.225,124.1262
2023-12-27,S003-P0015,Groceries,122,159,84.65,96.225,101.65871
2023-12-28,S003-P0015,Groceries,78,640,86.63,96.225,102.10687
2023-12-29,S003-P0015,Groceries,94,548,96.78,96.225,70.792984
2023-12-30,S003-P0015,Groceries,118,474,104.41,96.225,78.077354
2023-12-31,S003-P0015,Groceries,75,364,95.42,96.225,85.79677
2024-01-01,S003-P0015,Groceries,58,297,68.08,96.225,98.614105
2024-01-02,S003-P0015,Groceries,18,239,72.02,96.225,68.52019
2024-01-03,S003-P0015,Groceries,78,755,77.75,96.225,89.24572
2024-01-04,S003-P0015,Groceries,69,664,84.1,96.225,69.50336
2024-01-05,S003-P0015,Groceries,61,599,81.78,96.225,83.58345
2024-01-06,S003-P0015,Groceries,41,538,83.82,96.225,76.42725
2024-01-07,S003-P0015,Groceries,88,502,75.95,96.225,90.816765
2024-01-08,S003-P0015,Groceries,46,447,76.91,96.225,68.531685
2024-01-09,S003-P0015,Groceries,150,408,91.81,96.225,135.34708
2024-01-10,S003-P0015,Groceries,100,279,98.85,96.225,112.66663
2024-01-11,S003-P0015,Groceries,111,180,91.94,96.225,121.869064
2024-01-12,S003-P0015,Groceries,142,101,100.44,96.225,163.09744
2024-01-13,S003-P0015,Groceries,226,707,104.72,96.225,147.65128
2024-01-14,S003-P0015,Groceries,115,571,98.39,96.225,111.79224
2024-01-15,S003-P0015,Groceries,101,455,99.0,96.225,124.47199
2024-01-16,S003-P0015,Groceries,88,356,99.68,96.225,112.02305
2024-01-17,S003-P0015,Groceries,79,1305,96.61,96.225,103.39003
2024-01-18,S003-P0015,Groceries,142,1236,101.21,96.225,111.85601
2024-01-19,S003-P0015,Groceries,93,1082,91.38,96.225,122.90583
2024-01-20,S003-P0015,Groceries,237,999,128.82,96.225,163.99797
2024-01-21,S003-P0015,Groceries,68,820,83.85,96.225,101.931755
2024-01-22,S003-P0015,Groceries,188,750,127.26,96.225,124.47199
2024-01-23,S003-P0015,Groceries,112,589,97.09,96.225,112.353584
2024-01-24,S003-P0015,Groceries,154,509,110.29,96.225,103.289085
2024-01-25,S003-P0015,Groceries,188,330,127.18,96.225,121.960945
2024-01-26,S003-P0015,Groceries,146,867,89.83,96.225,134.2588
2024-01-27,S003-P0015,Groceries,183,728,100.6,96.225,135.70908
2024-01-28,S003-P0015,Groceries,126,609,80.27,96.225,147.21979
2024-01-29,S003-P0015,Groceries,81,464,87.74,96.225,103.63494
2024-01-30,S003-P0015,Groceries,134,413,104.09,96.225,122.57374
2023-10-03,S003-P0016,Electronics,41,293,78.07,95.545,92.90714
2023-10-04,S003-P0016,Electronics,95,259,90.1,95.545,129.23312
2023-10-05,S003-P0016,Electronics,93,178,89.5,95.545,117.64448
2023-10-06,S003-P0016,Electronics,149,331,99.55,95.545,130.08583
2023-10-07,S003-P0016,Electronics,35,179,71.54,95.545,64.82243
2023-10-08,S003-P0016,Electronics,49,427,80.67,95.545,52.086033
2023-10-09,S003-P0016,Electronics,24,380,60.33,95.545,66.43428
2023-10-10,S003-P0016,Electronics,64,352,80.89,95.545,55.654205
2023-10-11,S003-P0016,Electronics,55,275,78.21,95.545,50.27313
2023-10-12,S003-P0016,Electronics,101,224,96.97,95.545,57.29182
2023-10-13,S003-P0016,Electronics,70,119,72.52,95.545,81.177055
2023-10-14,S003-P0016,Electronics,93,225,94.48,95.545,50.444088
2023-10-15,S003-P0016,Electronics,67,140,81.59,95.545,58.23334
2023-10-16,S003-P0016,Electronics,52,272,81.12,95.545,55.78723
2023-10-17,S003-P0016,Electronics,52,220,85.78,95.545,55.548183
2023-10-18,S003-P0016,Electronics,65,182,81.12,95.545,66.558395
2023-10-19,S003-P0016,Electronics,51,134,81.12,95.545,52.545086
2023-10-20,S003-P0016,Electronics,42,197,82.35,95.545,52.101322
2023-10-21,S003-P0016,Electronics,85,167,96.91,95.545,55.464222
2023-10-22,S003-P0016,Electronics,29,99,74.04,95.545,53.09943
2023-10-23,S003-P0016,Electronics,59,263,83.43,95.545,65.77937
2023-10-24,S003-P0016,Electronics,35,201,84.42,95.545,50.40233
2023-10-25,S003-P0016,Electronics,111,176,105.51,95.545,102.82398
2023-10-26,S003-P0016,Electronics,172,66,119.25,95.545,111.36191
2023-10-27,S003-P0016,Electronics,147,250,105.69,95.545,113.342964
2023-10-28,S003-P0016,Electronics,110,489,78.8,95.545,119.9542
2023-10-29,S003-P0016,Electronics,61,406,88.91,95.545,103.9174
2023-10-30,S003-P0016,Electronics,121,340,98.02,95.545,102.993645
2023-10-31,S003-P0016,Electronics,127,218,110.81,95.545,111.879364
2023-11-01,S003-P0016,Electronics,120,96,92.12,95.545,121.40902
2023-11-02,S003-P0016,Electronics,112,263,105.89,95.545,107.6332
2023-11-03,S003-P0016,Electronics,159,187,102.33,95.545,131.79356
2023-11-04,S003-P0016,Electronics,90,254,93.59,95.545,112.641266
2023-11-05,S003-P0016,Electronics,148,194,100.28,95.545,131.6047
2023-11-06,S003-P0016,Electronics,116,234,101.69,95.545,88.60997
2023-11-07,S003-P0016,Electronics,165,355,130.01,95.545,101.46112
2023-11-08,S003-P0016,Electronics,95,196,90.04,95.545,90.11509
2023-11-09,S003-P0016,Electronics,102,447,87.1,95.545,118.65032
2023-11-10,S003-P0016,Electronics,100,367,101.76,95.545,94.747475
2023-11-11,S003-P0016,Electronics,107,252,104.09,95.545,113.273964
2023-11-12,S003-P0016,Electronics,120,125,91.34,95.545,144.55194
2023-11-13,S003-P0016,Electronics,67,219,81.73,95.545,117.60174
2023-11-14,S003-P0016,Electronics,85,148,87.02,95.545,88.94636
2023-11-15,S003-P0016,Electronics,82,49,95.81,95.545,112.81999
2023-11-16,S003-P0016,Electronics,88,182,97.89,95.545,96.995964
2023-11-17,S003-P0016,Electronics,95,269,85.14,95.545,131.7326
2023-11-18,S003-P0016,Electronics,137,182,114.06,95.545,113.273964
2023-11-19,S003-P0016,Electronics,131,48,101.02,95.545,144.26189
2023-11-20,S003-P0016,Electronics,149,227,124.56,95.545,89.11919
2023-11-21,S003-P0016,Electronics,115,339,101.18,95.545,133.36205
2023-11-22,S003-P0016,Electronics,96,227,95.19,95.545,112.78643
2023-11-23,S003-P0016,Electronics,143,137,110.16,95.545,118.25546
2023-11-24,S003-P0016,Electronics,93,224,99.42,95.545,104.82882
2023-11-25,S003-P0016,Electronics,134,142,107.46,95.545,91.03048
2023-11-26,S003-P0016,Electronics,120,196,102.93,95.545,95.19124
2023-11-27,S003-P0016,Electronics,94,335,99.99,95.545,89.11919
2023-11-28,S003-P0016,Electronics,97,258,95.93,95.545,89.249695
2023-11-29,S003-P0016,Electronics,184,199,123.42,95.545,112.81999
2023-11-30,S003-P0016,Electronics,93,199,104.9,95.545,97.33021
2023-12-01,S003-P0016,Electronics,176,427,113.75,95.545,127.26665
2023-12-02,S003-P0016,Electronics,173,258,119.99,95.545,101.65116
2023-12-03,S003-P0016,Electronics,152,82,89.4,95.545,137.66046
2023-12-04,S003-P0016,Electronics,129,347,83.63,95.545,139.63156
2023-12-05,S003-P0016,Electronics,100,211,81.41,95.545,117.330345
2023-12-06,S003-P0016,Electronics,109,110,99.7,95.545,111.35993
2023-12-07,S003-P0016,Electronics,103,187,86.47,95.545,126.84181
2023-12-08,S003-P0016,Electronics,156,92,114.24,95.545,127.33793
2023-12-09,S003-P0016,Electronics,53,165,77.55,95.545,92.61321
2023-12-10,S003-P0016,Electronics,97,454,106.0,95.545,91.9363
2023-12-11,S003-P0016,Electronics,112,366,100.21,95.545,95.24174
2023-12-12,S003-P0016,Electronics,165,266,123.63,95.545,91.66534
2023-12-13,S003-P0016,Electronics,74,88,93.0,95.545,111.35993
2023-12-14,S003-P0016,Electronics,86,333,102.19,95.545,99.55315
2023-12-15,S003-P0016,Electronics,123,231,109.36,95.545,92.38318
2023-12-16,S003-P0016,Electronics,105,91,103.34,95.545,92.2535
2023-12-17,S003-P0016,Electronics,99,197,96.37,95.545,100.73309
2023-12-18,S003-P0016,Electronics,221,87,128.01,95.545,139.58246
2023-12-19,S003-P0016,Electronics,65,203,94.96,95.545,91.66534
2023-12-20,S003-P0016,Electronics,54,602,77.71,95.545,112.12556
2023-12-21,S003-P0016,Electronics,132,552,112.57,95.545,109.0953
2023-12-22,S003-P0016,Electronics,158,415,108.36,95.545,116.295876
2023-12-23,S003-P0016,Electronics,105,282,98.03,95.545,116.91587
2023-12-24,S003-P0016,Electronics,82,191,91.0,95.545,92.303535
2023-12-25,S003-P0016,Electronics,34,335,71.82,95.545,95.24174
2023-12-26,S003-P0016,Electronics,246,308,120.44,95.545,139.54514
2023-12-27,S003-P0016,Electronics,74,56,93.05,95.545,56.213173
2023-12-28,S003-P0016,Electronics,39,468,73.3,95.545,55.499615
2023-12-29,S003-P0016,Electronics,63,432,89.49,95.545,50.739506
2023-12-30,S003-P0016,Electronics,40,358,85.96,95.545,56.375988
2023-12-31,S003-P0016,Electronics,99,328,96.54,95.545,60.067905
2024-01-01,S003-P0016,Electronics,49,214,76.26,95.545,52.985634
2024-01-02,S003-P0016,Electronics,65,178,94.97,95.545,47.9118
2024-01-03,S003-P0016,Electronics,38,121,72.92,95.545,47.887264
2024-01-04,S003-P0016,Electronics,92,241,89.14,95.545,47.735905
2024-01-05,S003-P0016,Electronics,75,179,88.9,95.545,57.833836
2024-01-06,S003-P0016,Electronics,64,306,84.96,95.545,53.16183
2024-01-07,S003-P0016,Electronics,19,257,55.99,95.545,63.076374
2024-01-08,S003-P0016,Electronics,76,239,84.48,95.545,64.333
2024-01-09,S003-P0016,Electronics,73,175,83.55,95.545,119.30666
2024-01-10,S003-P0016,Electronics,139,125,86.09,95.545,131.46971
2024-01-11,S003-P0016,Electronics,59,190,79.43,95.545,110.073326
2024-01-12,S003-P0016,Electronics,167,452,117.53,95.545,109.75445
2024-01-13,S003-P0016,Electronics,119,331,81.25,95.545,131.05292
2024-01-14,S003-P0016,Electronics,123,200,98.12,95.545,128.5244
2024-01-15,S003-P0016,Electronics,100,61,91.55,95.545,141.83841
2024-01-16,S003-P0016,Electronics,124,248,86.8,95.545,130.77545
2024-01-17,S003-P0016,Electronics,105,136,98.08,95.545,93.49505
2024-01-18,S003-P0016,Electronics,205,356,115.33,95.545,129.27473
2024-01-19,S003-P0016,Electronics,57,227,91.96,95.545,109.6689
2024-01-20,S003-P0016,Electronics,99,536,101.64,95.545,111.83887
2024-01-21,S003-P0016,Electronics,135,445,113.65,95.545,92.855316
2024-01-22,S003-P0016,Electronics,156,300,120.46,95.545,110.42509
2024-01-23,S003-P0016,Electronics,111,195,79.17,95.545,130.77545
2024-01-24,S003-P0016,Electronics,82,432,86.1,95.545,93.49505
2024-01-25,S003-P0016,Electronics,151,356,112.47,95.545,110.073326
2024-01-26,S003-P0016,Electronics,157,220,108.65,95.545,93.202705
2024-01-27,S003-P0016,Electronics,88,403,97.8,95.545,92.728645
2024-01-28,S003-P0016,Electronics,65,327,85.53,95.545,100.43293
2024-01-29,S003-P0016,Electronics,111,267,100.15,95.545,93.08698
2024-01-30,S003-P0016,Electronics,124,161,104.37,95.545,111.273895
2023-10-03,S003-P0017,Furniture,91,112,135.62,112.87,69.24128
2023-10-04,S003-P0017,Furniture,91,471,122.38,112.87,78.53679
2023-10-05,S003-P0017,Furniture,67,368,118.2,112.87,71.35296
2023-10-06,S003-P0017,Furniture,30,289,97.11,112.87,79.35748
2023-10-07,S003-P0017,Furniture,30,262,107.41,112.87,35.1191
2023-10-08,S003-P0017,Furniture,45,239,97.67,112.87,46.116936
2023-10-09,S003-P0017,Furniture,32,202,97.84,112.87,33.21575
2023-10-10,S003-P0017,Furniture,35,165,88.87,112.87,50.26859
2023-10-11,S003-P0017,Furniture,21,125,93.11,112.87,33.77806
2023-10-12,S003-P0017,Furniture,23,297,93.92,112.87,50.727173
2023-10-13,S003-P0017,Furniture,38,271,105.8,112.87,41.856503
2023-10-14,S003-P0017,Furniture,16,232,91.47,112.87,34.34682
2023-10-15,S003-P0017,Furniture,38,220,111.31,112.87,38.797535
2023-10-16,S003-P0017,Furniture,35,190,94.11,112.87,36.256268
2023-10-17,S003-P0017,Furniture,64,168,110.98,112.87,50.439648
2023-10-18,S003-P0017,Furniture,34,118,83.0,112.87,45.68189
2023-10-19,S003-P0017,Furniture,71,228,90.09,112.87,46.29495
2023-10-20,S003-P0017,Furniture,35,167,93.37,112.87,46.300262
2023-10-21,S003-P0017,Furniture,21,425,98.35,112.87,37.596657
2023-10-22,S003-P0017,Furniture,20,410,97.75,112.87,35.81412
2023-10-23,S003-P0017,Furniture,46,390,103.75,112.87,33.37817
2023-10-24,S003-P0017,Furniture,38,360,100.06,112.87,45.93801
2023-10-25,S003-P0017,Furniture,71,337,119.92,112.87,78.53679
2023-10-26,S003-P0017,Furniture,131,260,115.25,112.87,112.39039
2023-10-27,S003-P0017,Furniture,53,122,106.72,112.87,87.67403
2023-10-28,S003-P0017,Furniture,93,67,97.07,112.87,94.96058
2023-10-29,S003-P0017,Furniture,88,303,114.86,112.87,80.68413
2023-10-30,S003-P0017,Furniture,59,655,108.71,112.87,78.90757
2023-10-31,S003-P0017,Furniture,65,589,111.65,112.87,86.87269
2023-11-01,S003-P0017,Furniture,106,548,128.27,112.87,66.6175
2023-11-02,S003-P0017,Furniture,86,437,95.06,112.87,116.11576
2023-11-03,S003-P0017,Furniture,75,377,115.56,112.87,79.48419
2023-11-04,S003-P0017,Furniture,162,289,125.99,112.87,116.17631
2023-11-05,S003-P0017,Furniture,93,114,129.51,112.87,80.09552
2023-11-06,S003-P0017,Furniture,27,31,101.0,112.87,67.70988
2023-11-07,S003-P0017,Furniture,100,267,125.66,112.87,102.368515
2023-11-08,S003-P0017,Furniture,106,886,108.3,112.87,91.1955
2023-11-09,S003-P0017,Furniture,81,779,104.68,112.87,93.39852
2023-11-10,S003-P0017,Furniture,39,689,100.96,112.87,71.9688
2023-11-11,S003-P0017,Furniture,67,644,118.48,112.87,86.2154
2023-11-12,S003-P0017,Furniture,85,587,126.28,112.87,86.86326
2023-11-13,S003-P0017,Furniture,74,502,121.38,112.87,67.8664
2023-11-14,S003-P0017,Furniture,89,428,114.6,112.87,89.14803
2023-11-15,S003-P0017,Furniture,92,322,101.83,112.87,117.28503
2023-11-16,S003-P0017,Furniture,82,231,131.18,112.87,73.12664
2023-11-17,S003-P0017,Furniture,100,179,132.49,112.87,80.078606
2023-11-18,S003-P0017,Furniture,61,418,115.79,112.87,86.68028
2023-11-19,S003-P0017,Furniture,72,379,114.45,112.87,86.86326
2023-11-20,S003-P0017,Furniture,82,305,112.46,112.87,67.46447
2023-11-21,S003-P0017,Furniture,78,233,116.46,112.87,75.26402
2023-11-22,S003-P0017,Furniture,131,164,109.65,112.87,117.28503
2023-11-23,S003-P0017,Furniture,97,32,110.45,112.87,93.39852
2023-11-24,S003-P0017,Furniture,96,277,117.76,112.87,79.16459
2023-11-25,S003-P0017,Furniture,65,211,117.23,112.87,67.35118
2023-11-26,S003-P0017,Furniture,98,735,111.89,112.87,91.34695
2023-11-27,S003-P0017,Furniture,78,641,123.03,112.87,68.01719
2023-11-28,S003-P0017,Furniture,74,589,115.38,112.87,66.36176
2023-11-29,S003-P0017,Furniture,84,520,125.56,112.87,86.345985
2023-11-30,S003-P0017,Furniture,60,466,109.46,112.87,72.936455
2023-12-01,S003-P0017,Furniture,22,398,93.41,112.87,78.66668
2023-12-02,S003-P0017,Furniture,51,379,111.52,112.87,78.11415
2023-12-03,S003-P0017,Furniture,91,321,128.94,112.87,84.80816
2023-12-04,S003-P0017,Furniture,77,235,116.5,112.87,84.67724
2023-12-05,S003-P0017,Furniture,41,154,107.05,112.87,68.770515
2023-12-06,S003-P0017,Furniture,142,113,119.31,112.87,111.89959
2023-12-07,S003-P0017,Furniture,34,370,104.1,112.87,76.07417
2023-12-08,S003-P0017,Furniture,110,332,109.73,112.87,99.87734
2023-12-09,S003-P0017,Furniture,35,231,109.96,112.87,69.47147
2023-12-10,S003-P0017,Furniture,74,859,121.19,112.87,70.78048
2023-12-11,S003-P0017,Furniture,61,774,103.44,112.87,92.984276
2023-12-12,S003-P0017,Furniture,117,702,118.99,112.87,90.48779
2023-12-13,S003-P0017,Furniture,87,585,126.99,112.87,86.7597
2023-12-14,S003-P0017,Furniture,88,481,127.63,112.87,76.32436
2023-12-15,S003-P0017,Furniture,91,401,96.61,112.87,91.36854
2023-12-16,S003-P0017,Furniture,68,341,106.93,112.87,91.088715
2023-12-17,S003-P0017,Furniture,74,298,121.14,112.87,77.63076
2023-12-18,S003-P0017,Furniture,82,246,118.5,112.87,84.67724
2023-12-19,S003-P0017,Furniture,59,543,109.1,112.87,68.770515
2023-12-20,S003-P0017,Furniture,130,494,138.0,112.87,110.64652
2023-12-21,S003-P0017,Furniture,103,415,120.41,112.87,84.21882
2023-12-22,S003-P0017,Furniture,109,305,122.29,112.87,91.55558
2023-12-23,S003-P0017,Furniture,91,190,128.87,112.87,69.47147
2023-12-24,S003-P0017,Furniture,87,545,100.11,112.87,91.290276
2023-12-25,S003-P0017,Furniture,65,479,105.75,112.87,71.490364
2023-12-26,S003-P0017,Furniture,67,418,106.39,112.87,85.935936
2023-12-27,S003-P0017,Furniture,52,347,88.11,112.87,54.01698
2023-12-28,S003-P0017,Furniture,36,302,105.01,112.87,37.85892
2023-12-29,S003-P0017,Furniture,43,280,107.64,112.87,35.61643
2023-12-30,S003-P0017,Furniture,10,231,93.66,112.87,38.282356
2023-12-31,S003-P0017,Furniture,51,224,111.18,112.87,42.443478
2024-01-01,S003-P0017,Furniture,16,167,86.46,112.87,34.76275
2024-01-02,S003-P0017,Furniture,27,149,100.93,112.87,32.291927
2024-01-03,S003-P0017,Furniture,27,131,101.06,112.87,32.602825
2024-01-04,S003-P0017,Furniture,13,267,99.95,112.87,32.00784
2024-01-05,S003-P0017,Furniture,15,256,71.62,112.87,54.996674
2024-01-06,S003-P0017,Furniture,34,241,98.75,112.87,36.482834
2024-01-07,S003-P0017,Furniture,20,209,102.81,112.87,34.09424
2024-01-08,S003-P0017,Furniture,18,186,86.67,112.87,44.539665
2024-01-09,S003-P0017,Furniture,50,168,116.72,112.87,68.419846
2024-01-10,S003-P0017,Furniture,69,133,112.72,112.87,102.10301
2024-01-11,S003-P0017,Furniture,120,61,141.34,112.87,83.56489
2024-01-12,S003-P0017,Furniture,94,0,117.04,112.87,84.77271
2024-01-13,S003-P0017,Furniture,109,167,102.6,112.87,101.47741
2024-01-14,S003-P0017,Furniture,65,391,111.16,112.87,76.9609
2024-01-15,S003-P0017,Furniture,68,888,118.65,112.87,83.65328
2024-01-16,S003-P0017,Furniture,70,824,125.76,112.87,76.314095
2024-01-17,S003-P0017,Furniture,95,752,130.71,112.87,69.10089
2024-01-18,S003-P0017,Furniture,87,658,120.81,112.87,75.260475
2024-01-19,S003-P0017,Furniture,79,569,117.18,112.87,84.29418
2024-01-20,S003-P0017,Furniture,101,507,99.69,112.87,112.257545
2024-01-21,S003-P0017,Furniture,61,387,109.51,112.87,92.27296
2024-01-22,S003-P0017,Furniture,129,339,130.74,112.87,111.41363
2024-01-23,S003-P0017,Furniture,101,248,140.33,112.87,76.314095
2024-01-24,S003-P0017,Furniture,79,143,92.79,112.87,91.9345
2024-01-25,S003-P0017,Furniture,64,72,105.14,112.87,83.70863
2024-01-26,S003-P0017,Furniture,118,576,140.6,112.87,71.31145
2024-01-27,S003-P0017,Furniture,117,488,110.74,112.87,91.47758
2024-01-28,S003-P0017,Furniture,131,401,138.64,112.87,99.06817
2024-01-29,S003-P0017,Furniture,77,317,129.08,112.87,69.95542
2024-01-30,S003-P0017,Furniture,118,239,140.72,112.87,84.55094
2023-10-03,S003-P0018,Furniture,71,619,119.58,124.805,69.479034
2023-10-04,S003-P0018,Furniture,66,538,123.93,124.805,78.53679
2023-10-05,S003-P0018,Furniture,72,483,100.07,124.805,94.76279
2023-10-06,S003-P0018,Furniture,104,428,133.9,124.805,79.62514
2023-10-07,S003-P0018,Furniture,74,313,100.79,124.805,45.49114
2023-10-08,S003-P0018,Furniture,43,237,100.57,124.805,46.63019
2023-10-09,S003-P0018,Furniture,20,198,97.56,124.805,33.20186
2023-10-10,S003-P0018,Furniture,65,572,123.39,124.805,37.42425
2023-10-11,S003-P0018,Furniture,63,508,129.22,124.805,34.153324
2023-10-12,S003-P0018,Furniture,73,459,113.76,124.805,50.943672
2023-10-13,S003-P0018,Furniture,35,382,91.28,124.805,56.605946
2023-10-14,S003-P0018,Furniture,59,361,127.01,124.805,34.34682
2023-10-15,S003-P0018,Furniture,34,321,86.48,124.805,52.06712
2023-10-16,S003-P0018,Furniture,64,298,129.65,124.805,36.451324
2023-10-17,S003-P0018,Furniture,56,241,125.94,124.805,37.42425
2023-10-18,S003-P0018,Furniture,22,174,114.85,124.805,34.153324
2023-10-19,S003-P0018,Furniture,69,157,112.28,124.805,45.062496
2023-10-20,S003-P0018,Furniture,33,366,86.02,124.805,46.494495
2023-10-21,S003-P0018,Furniture,29,341,106.7,124.805,37.479073
2023-10-22,S003-P0018,Furniture,70,312,125.51,124.805,35.52042
2023-10-23,S003-P0018,Furniture,25,241,99.7,124.805,33.85541
2023-10-24,S003-P0018,Furniture,12,219,98.84,124.805,33.50148
2023-10-25,S003-P0018,Furniture,89,210,134.45,124.805,78.53679
2023-10-26,S003-P0018,Furniture,92,445,142.86,124.805,85.723495
2023-10-27,S003-P0018,Furniture,95,367,130.24,124.805,88.1742
2023-10-28,S003-P0018,Furniture,85,257,110.17,124.805,94.96058
2023-10-29,S003-P0018,Furniture,48,161,115.96,124.805,80.184746
2023-10-30,S003-P0018,Furniture,38,440,117.19,124.805,78.00124
2023-10-31,S003-P0018,Furniture,44,397,126.16,124.805,86.84819
2023-11-01,S003-P0018,Furniture,96,359,137.8,124.805,66.70731
2023-11-02,S003-P0018,Furniture,127,284,128.16,124.805,114.814644
2023-11-03,S003-P0018,Furniture,27,181,88.1,124.805,103.242775
2023-11-04,S003-P0018,Furniture,54,165,112.37,124.805,86.047935
2023-11-05,S003-P0018,Furniture,75,436,106.39,124.805,103.20641
2023-11-06,S003-P0018,Furniture,52,382,117.52,124.805,67.70988
2023-11-07,S003-P0018,Furniture,73,344,120.73,124.805,75.26402
2023-11-08,S003-P0018,Furniture,108,296,120.72,124.805,91.1955
2023-11-09,S003-P0018,Furniture,81,214,103.35,124.805,94.10943
2023-11-10,S003-P0018,Furniture,100,149,139.2,124.805,71.909615
2023-11-11,S003-P0018,Furniture,113,277,161.17,124.805,86.68028
2023-11-12,S003-P0018,Furniture,149,151,144.96,124.805,113.73558
2023-11-13,S003-P0018,Furniture,96,42,137.33,124.805,67.82288
2023-11-14,S003-P0018,Furniture,58,359,114.12,124.805,66.31601
2023-11-15,S003-P0018,Furniture,146,306,152.06,124.805,114.43214
2023-11-16,S003-P0018,Furniture,82,727,138.04,124.805,73.12664
2023-11-17,S003-P0018,Furniture,88,656,134.15,124.805,79.48419
2023-11-18,S003-P0018,Furniture,40,563,106.33,124.805,86.047935
2023-11-19,S003-P0018,Furniture,81,519,103.18,124.805,114.34375
2023-11-20,S003-P0018,Furniture,93,433,151.34,124.805,68.01719
2023-11-21,S003-P0018,Furniture,70,371,132.72,124.805,75.43209
2023-11-22,S003-P0018,Furniture,120,323,123.73,124.805,117.28503
2023-11-23,S003-P0018,Furniture,84,196,125.45,124.805,64.71498
2023-11-24,S003-P0018,Furniture,132,500,154.02,124.805,79.16459
2023-11-25,S003-P0018,Furniture,93,396,128.27,124.805,91.987526
2023-11-26,S003-P0018,Furniture,73,306,133.84,124.805,73.38001
2023-11-27,S003-P0018,Furniture,71,223,132.77,124.805,67.70988
2023-11-28,S003-P0018,Furniture,67,765,138.17,124.805,66.88299
2023-11-29,S003-P0018,Furniture,117,712,155.01,124.805,86.69036
2023-11-30,S003-P0018,Furniture,62,598,128.76,124.805,72.936455
2023-12-01,S003-P0018,Furniture,36,552,109.77,124.805,78.66668
2023-12-02,S003-P0018,Furniture,90,526,127.32,124.805,100.67056
2023-12-03,S003-P0018,Furniture,122,470,157.43,124.805,84.41041
2023-12-04,S003-P0018,Furniture,54,327,118.28,124.805,85.67019
2023-12-05,S003-P0018,Furniture,92,272,121.52,124.805,90.48779
2023-12-06,S003-P0018,Furniture,97,199,131.07,124.805,86.994125
2023-12-07,S003-P0018,Furniture,48,511,128.04,124.805,76.07417
2023-12-08,S003-P0018,Furniture,70,477,119.19,124.805,78.66668
2023-12-09,S003-P0018,Furniture,56,406,119.33,124.805,69.283394
2023-12-10,S003-P0018,Furniture,104,359,133.08,124.805,91.11689
2023-12-11,S003-P0018,Furniture,78,241,122.59,124.805,71.490364
2023-12-12,S003-P0018,Furniture,77,149,143.26,124.805,69.15331
2023-12-13,S003-P0018,Furniture,80,100,130.12,124.805,110.64652
2023-12-14,S003-P0018,Furniture,58,487,133.25,124.805,76.07417
2023-12-15,S003-P0018,Furniture,45,442,114.21,124.805,91.864555
2023-12-16,S003-P0018,Furniture,18,396,102.25,124.805,69.17483
2023-12-17,S003-P0018,Furniture,67,374,110.39,124.805,99.46003
2023-12-18,S003-P0018,Furniture,114,329,153.92,124.805,84.67724
2023-12-19,S003-P0018,Furniture,120,251,125.46,124.805,90.29777
2023-12-20,S003-P0018,Furniture,117,172,155.07,124.805,86.66938
2023-12-21,S003-P0018,Furniture,101,45,139.8,124.805,108.6291
2023-12-22,S003-P0018,Furniture,82,442,138.26,124.805,70.49295
2023-12-23,S003-P0018,Furniture,102,379,124.69,124.805,90.488396
2023-12-24,S003-P0018,Furniture,54,315,118.45,124.805,70.69425
2023-12-25,S003-P0018,Furniture,55,734,118.68,124.805,71.490364
2023-12-26,S003-P0018,Furniture,103,692,156.06,124.805,85.605
2023-12-27,S003-P0018,Furniture,49,616,122.24,124.805,38.73696
2023-12-28,S003-P0018,Furniture,40,584,94.4,124.805,51.52315
2023-12-29,S003-P0018,Furniture,30,544,119.38,124.805,35.76597
2023-12-30,S003-P0018,Furniture,42,510,112.55,124.805,38.144894
2023-12-31,S003-P0018,Furniture,15,473,106.11,124.805,42.443478
2024-01-01,S003-P0018,Furniture,26,462,88.03,124.805,48.5626
2024-01-02,S003-P0018,Furniture,21,444,97.8,124.805,32.294624
2024-01-03,S003-P0018,Furniture,50,424,116.45,124.805,32.6657
2024-01-04,S003-P0018,Furniture,42,364,95.24,124.805,44.832836
2024-01-05,S003-P0018,Furniture,71,318,106.5,124.805,54.997196
2024-01-06,S003-P0018,Furniture,45,257,108.57,124.805,36.122723
2024-01-07,S003-P0018,Furniture,21,216,103.27,124.805,34.077747
2024-01-08,S003-P0018,Furniture,23,199,115.51,124.805,31.41878
2024-01-09,S003-P0018,Furniture,53,486,124.42,124.805,68.53506
2024-01-10,S003-P0018,Furniture,61,433,135.04,124.805,77.204254
2024-01-11,S003-P0018,Furniture,69,385,118.61,124.805,110.59713
2024-01-12,S003-P0018,Furniture,77,324,114.4,124.805,109.96243
2024-01-13,S003-P0018,Furniture,58,238,120.07,124.805,76.81841
2024-01-14,S003-P0018,Furniture,67,197,117.87,124.805,76.9609
2024-01-15,S003-P0018,Furniture,92,148,143.12,124.805,83.65328
2024-01-16,S003-P0018,Furniture,49,345,122.52,124.805,76.314095
2024-01-17,S003-P0018,Furniture,40,296,111.96,124.805,69.10089
2024-01-18,S003-P0018,Furniture,73,255,120.62,124.805,75.41581
2024-01-19,S003-P0018,Furniture,92,618,120.3,124.805,109.96243
2024-01-20,S003-P0018,Furniture,111,537,144.67,124.805,84.92792
2024-01-21,S003-P0018,Furniture,68,404,138.66,124.805,71.843346
2024-01-22,S003-P0018,Furniture,102,347,140.17,124.805,111.41363
2024-01-23,S003-P0018,Furniture,100,284,139.33,124.805,76.452736
2024-01-24,S003-P0018,Furniture,59,588,121.0,124.805,69.10089
2024-01-25,S003-P0018,Furniture,102,544,140.65,124.805,83.56489
2024-01-26,S003-P0018,Furniture,114,481,115.1,124.805,91.974525
2024-01-27,S003-P0018,Furniture,16,392,95.39,124.805,91.1
2024-01-28,S003-P0018,Furniture,97,374,137.92,124.805,99.06817
2024-01-29,S003-P0018,Furniture,79,313,136.75,124.805,70.04413
2024-01-30,S003-P0018,Furniture,90,652,142.21,124.805,84.77291
2023-10-03,S003-P0019,Groceries,113,171,60.96,55.07,101.567825
2023-10-04,S003-P0019,Groceries,166,218,60.75,55.07,114.03071
2023-10-05,S003-P0019,Groceries,82,255,52.32,55.07,100.91218
2023-10-06,S003-P0019,Groceries,103,170,56.14,55.07,114.73436
2023-10-07,S003-P0019,Groceries,134,51,58.43,55.07,88.10827
2023-10-08,S003-P0019,Groceries,84,110,49.85,55.07,88.934395
2023-10-09,S003-P0019,Groceries,103,98,44.83,55.07,86.67629
2023-10-10,S003-P0019,Groceries,54,117,47.15,55.07,74.89381
2023-10-11,S003-P0019,Groceries,111,142,57.53,55.07,67.10697
2023-10-12,S003-P0019,Groceries,78,186,38.62,55.07,96.67452
2023-10-13,S003-P0019,Groceries,171,113,51.38,55.07,105.50809
2023-10-14,S003-P0019,Groceries,64,165,48.99,55.07,67.85992
2023-10-15,S003-P0019,Groceries,57,113,50.22,55.07,78.21134
2023-10-16,S003-P0019,Groceries,67,123,49.57,55.07,74.86386
2023-10-17,S003-P0019,Groceries,103,144,42.02,55.07,96.666466
2023-10-18,S003-P0019,Groceries,54,151,44.73,55.07,67.136765
2023-10-19,S003-P0019,Groceries,62,101,43.68,55.07,87.60119
2023-10-20,S003-P0019,Groceries,61,106,45.8,55.07,70.47975
2023-10-21,S003-P0019,Groceries,83,120,47.12,55.07,97.13568
2023-10-22,S003-P0019,Groceries,84,113,55.35,55.07,71.275444
2023-10-23,S003-P0019,Groceries,87,122,53.08,55.07,68.23844
2023-10-24,S003-P0019,Groceries,64,132,46.4,55.07,67.32073
2023-10-25,S003-P0019,Groceries,176,67,69.35,55.07,113.87897
2023-10-26,S003-P0019,Groceries,82,149,46.96,55.07,160.95242
2023-10-27,S003-P0019,Groceries,81,52,52.13,55.07,126.088
2023-10-28,S003-P0019,Groceries,60,89,38.55,55.07,130.31833
2023-10-29,S003-P0019,Groceries,123,121,62.93,55.07,116.00301
2023-10-30,S003-P0019,Groceries,151,143,64.89,55.07,113.84664
2023-10-31,S003-P0019,Groceries,68,167,47.27,55.07,125.4816
2023-11-01,S003-P0019,Groceries,156,103,52.63,55.07,140.80664
2023-11-02,S003-P0019,Groceries,126,152,57.02,55.07,169.90967
2023-11-03,S003-P0019,Groceries,69,150,47.32,55.07,118.26441
2023-11-04,S003-P0019,Groceries,186,100,63.68,55.07,168.34688
2023-11-05,S003-P0019,Groceries,79,168,51.7,55.07,118.26699
2023-11-06,S003-P0019,Groceries,137,89,65.49,55.07,103.27274
2023-11-07,S003-P0019,Groceries,100,150,52.69,55.07,115.80542
2023-11-08,S003-P0019,Groceries,137,176,62.27,55.07,103.08062
2023-11-09,S003-P0019,Groceries,117,158,55.74,55.07,103.55607
2023-11-10,S003-P0019,Groceries,158,158,52.24,55.07,137.28862
2023-11-11,S003-P0019,Groceries,116,201,58.43,55.07,128.52911
2023-11-12,S003-P0019,Groceries,132,101,64.52,55.07,130.18695
2023-11-13,S003-P0019,Groceries,92,153,56.83,55.07,103.58906
2023-11-14,S003-P0019,Groceries,59,136,48.13,55.07,102.26641
2023-11-15,S003-P0019,Groceries,94,99,48.76,55.07,169.29636
2023-11-16,S003-P0019,Groceries,131,76,58.02,55.07,116.09413
2023-11-17,S003-P0019,Groceries,123,157,56.65,55.07,117.89211
2023-11-18,S003-P0019,Groceries,146,186,51.06,55.07,168.91245
2023-11-19,S003-P0019,Groceries,69,202,44.82,55.07,129.94492
2023-11-20,S003-P0019,Groceries,85,136,55.64,55.07,103.27274
2023-11-21,S003-P0019,Groceries,129,162,51.2,55.07,154.91794
2023-11-22,S003-P0019,Groceries,172,165,58.3,55.07,169.29636
2023-11-23,S003-P0019,Groceries,101,195,52.84,55.07,104.313614
2023-11-24,S003-P0019,Groceries,95,93,57.56,55.07,118.71496
2023-11-25,S003-P0019,Groceries,146,88,63.85,55.07,103.987434
2023-11-26,S003-P0019,Groceries,158,120,55.73,55.07,134.96895
2023-11-27,S003-P0019,Groceries,82,190,41.19,55.07,140.9538
2023-11-28,S003-P0019,Groceries,176,113,65.66,55.07,102.59217
2023-11-29,S003-P0019,Groceries,122,189,62.64,55.07,128.56812
2023-11-30,S003-P0019,Groceries,80,95,46.74,55.07,116.09413
2023-12-01,S003-P0019,Groceries,108,93,57.04,55.07,113.7127
2023-12-02,S003-P0019,Groceries,221,128,69.5,55.07,148.6512
2023-12-03,S003-P0019,Groceries,166,181,56.92,55.07,157.91774
2023-12-04,S003-P0019,Groceries,163,215,66.98,55.07,123.51032
2023-12-05,S003-P0019,Groceries,121,293,62.52,55.07,102.01154
2023-12-06,S003-P0019,Groceries,174,200,65.47,55.07,161.80359
2023-12-07,S003-P0019,Groceries,143,231,66.66,55.07,111.82899
2023-12-08,S003-P0019,Groceries,106,109,50.98,55.07,113.35908
2023-12-09,S003-P0019,Groceries,67,163,49.43,55.07,102.40812
2023-12-10,S003-P0019,Groceries,107,113,51.15,55.07,100.677086
2023-12-11,S003-P0019,Groceries,122,111,53.65,55.07,104.32992
2023-12-12,S003-P0019,Groceries,77,120,38.5,55.07,133.40627
2023-12-13,S003-P0019,Groceries,153,135,61.82,55.07,161.80359
2023-12-14,S003-P0019,Groceries,112,172,57.71,55.07,111.82899
2023-12-15,S003-P0019,Groceries,54,176,47.06,55.07,101.35311
2023-12-16,S003-P0019,Groceries,94,113,49.07,55.07,102.66192
2023-12-17,S003-P0019,Groceries,127,95,51.43,55.07,146.81244
2023-12-18,S003-P0019,Groceries,19,149,34.3,55.07,157.85541
2023-12-19,S003-P0019,Groceries,93,131,54.22,55.07,102.01154
2023-12-20,S003-P0019,Groceries,65,161,46.61,55.07,125.1757
2023-12-21,S003-P0019,Groceries,190,102,60.55,55.07,156.32007
2023-12-22,S003-P0019,Groceries,123,191,62.81,55.07,101.35311
2023-12-23,S003-P0019,Groceries,196,105,65.4,55.07,134.76196
2023-12-24,S003-P0019,Groceries,83,185,55.29,55.07,101.17249
2023-12-25,S003-P0019,Groceries,115,117,58.24,55.07,104.60169
2023-12-26,S003-P0019,Groceries,126,96,57.29,55.07,124.18134
2023-12-27,S003-P0019,Groceries,91,101,42.55,55.07,101.85197
2023-12-28,S003-P0019,Groceries,88,110,53.43,55.07,78.96259
2023-12-29,S003-P0019,Groceries,69,114,49.82,55.07,70.79963
2023-12-30,S003-P0019,Groceries,53,123,44.63,55.07,78.077354
2023-12-31,S003-P0019,Groceries,135,72,58.69,55.07,85.54916
2024-01-01,S003-P0019,Groceries,99,143,55.31,55.07,77.254425
2024-01-02,S003-P0019,Groceries,29,154,44.91,55.07,68.54655
2024-01-03,S003-P0019,Groceries,93,121,57.18,55.07,68.55802
2024-01-04,S003-P0019,Groceries,45,122,45.59,55.07,69.440735
2024-01-05,S003-P0019,Groceries,94,78,51.59,55.07,110.16575
2024-01-06,S003-P0019,Groceries,84,97,49.96,55.07,75.86242
2024-01-07,S003-P0019,Groceries,86,80,42.36,55.07,90.816765
2024-01-08,S003-P0019,Groceries,82,91,39.22,55.07,91.39522
2024-01-09,S003-P0019,Groceries,140,102,49.61,55.07,135.0144
2024-01-10,S003-P0019,Groceries,104,176,50.72,55.07,113.034874
2024-01-11,S003-P0019,Groceries,185,77,63.98,55.07,121.869064
2024-01-12,S003-P0019,Groceries,150,158,64.64,55.07,124.50341
2024-01-13,S003-P0019,Groceries,117,173,49.86,55.07,148.85052
2024-01-14,S003-P0019,Groceries,85,196,52.83,55.07,112.60544
2024-01-15,S003-P0019,Groceries,128,129,57.41,55.07,124.140785
2024-01-16,S003-P0019,Groceries,114,148,55.19,55.07,111.951546
2024-01-17,S003-P0019,Groceries,128,128,57.6,55.07,103.289085
2024-01-18,S003-P0019,Groceries,156,128,62.35,55.07,146.32928
2024-01-19,S003-P0019,Groceries,151,168,64.77,55.07,123.542046
2024-01-20,S003-P0019,Groceries,147,206,67.43,55.07,123.36026
2024-01-21,S003-P0019,Groceries,107,237,53.86,55.07,101.931755
2024-01-22,S003-P0019,Groceries,184,135,55.86,55.07,159.8016
2024-01-23,S003-P0019,Groceries,103,212,53.08,55.07,112.353584
2024-01-24,S003-P0019,Groceries,128,99,54.65,55.07,137.26904
2024-01-25,S003-P0019,Groceries,154,115,61.92,55.07,160.36835
2024-01-26,S003-P0019,Groceries,114,128,43.58,55.07,134.2588
2024-01-27,S003-P0019,Groceries,66,109,49.37,55.07,102.673805
2024-01-28,S003-P0019,Groceries,188,121,68.01,55.07,111.79224
2024-01-29,S003-P0019,Groceries,81,182,52.03,55.07,104.18126
2024-01-30,S003-P0019,Groceries,132,108,61.45,55.07,122.39598
2023-10-03,S003-P0020,Clothing,84,303,71.5,71.74,89.1897
2023-10-04,S003-P0020,Clothing,103,888,76.3,71.74,98.56026
2023-10-05,S003-P0020,Clothing,53,788,51.1,71.74,118.054146
2023-10-06,S003-P0020,Clothing,67,744,60.22,71.74,126.66012
2023-10-07,S003-P0020,Clothing,138,681,80.57,71.74,88.21279
2023-10-08,S003-P0020,Clothing,79,543,70.37,71.74,90.014946
2023-10-09,S003-P0020,Clothing,92,476,73.4,71.74,88.11093
2023-10-10,S003-P0020,Clothing,73,421,65.12,71.74,95.52633
2023-10-11,S003-P0020,Clothing,71,367,72.01,71.74,88.666176
2023-10-12,S003-P0020,Clothing,112,297,74.57,71.74,95.93356
2023-10-13,S003-P0020,Clothing,140,178,64.09,71.74,127.81017
2023-10-14,S003-P0020,Clothing,68,38,67.63,71.74,88.21279
2023-10-15,S003-P0020,Clothing,94,0,77.81,71.74,97.096016
2023-10-16,S003-P0020,Clothing,194,372,77.96,71.74,118.51818
2023-10-17,S003-P0020,Clothing,114,835,78.85,71.74,95.39466
2023-10-18,S003-P0020,Clothing,69,762,50.8,71.74,109.4156
2023-10-19,S003-P0020,Clothing,139,706,80.76,71.74,89.48464
2023-10-20,S003-P0020,Clothing,64,570,59.88,71.74,89.715866
2023-10-21,S003-P0020,Clothing,102,517,68.42,71.74,118.4977
2023-10-22,S003-P0020,Clothing,57,447,58.41,71.74,90.63748
2023-10-23,S003-P0020,Clothing,155,409,66.78,71.74,109.553955
2023-10-24,S003-P0020,Clothing,109,226,73.53,71.74,88.31054
2023-10-25,S003-P0020,Clothing,59,109,51.56,71.74,128.2754
2023-10-26,S003-P0020,Clothing,159,43,75.81,71.74,138.40176
2023-10-27,S003-P0020,Clothing,109,524,73.72,71.74,138.12253
2023-10-28,S003-P0020,Clothing,78,404,66.32,71.74,90.221924
2023-10-29,S003-P0020,Clothing,94,357,77.96,71.74,99.151215
2023-10-30,S003-P0020,Clothing,117,910,83.88,71.74,98.46313
2023-10-31,S003-P0020,Clothing,116,780,79.47,71.74,107.63738
2023-11-01,S003-P0020,Clothing,128,653,74.21,71.74,85.65668
2023-11-02,S003-P0020,Clothing,108,516,61.19,71.74,139.49457
2023-11-03,S003-P0020,Clothing,121,410,76.41,71.74,125.76858
2023-11-04,S003-P0020,Clothing,71,302,64.59,71.74,106.074524
2023-11-05,S003-P0020,Clothing,110,226,77.89,71.74,97.66613
2023-11-06,S003-P0020,Clothing,98,160,71.2,71.74,87.298805
2023-11-07,S003-P0020,Clothing,122,473,76.88,71.74,94.87423
2023-11-08,S003-P0020,Clothing,81,336,67.15,71.74,87.26978
2023-11-09,S003-P0020,Clothing,94,247,69.99,71.74,86.42411
2023-11-10,S003-P0020,Clothing,124,156,73.17,71.74,113.47607
2023-11-11,S003-P0020,Clothing,96,478,74.37,71.74,106.3222
2023-11-12,S003-P0020,Clothing,120,400,76.1,71.74,107.030266
2023-11-13,S003-P0020,Clothing,103,302,80.25,71.74,88.91833
2023-11-14,S003-P0020,Clothing,94,179,73.99,71.74,86.71111
2023-11-15,S003-P0020,Clothing,142,102,81.35,71.74,140.07169
2023-11-16,S003-P0020,Clothing,97,439,70.77,71.74,95.78045
2023-11-17,S003-P0020,Clothing,174,353,88.81,71.74,125.76858
2023-11-18,S003-P0020,Clothing,128,239,82.31,71.74,106.3222
2023-11-19,S003-P0020,Clothing,67,693,63.94,71.74,107.48142
2023-11-20,S003-P0020,Clothing,76,643,66.06,71.74,87.298805
2023-11-21,S003-P0020,Clothing,76,568,59.15,71.74,126.02352
2023-11-22,S003-P0020,Clothing,99,512,71.42,71.74,105.88393
2023-11-23,S003-P0020,Clothing,62,412,62.48,71.74,86.42411
2023-11-24,S003-P0020,Clothing,58,374,68.46,71.74,96.28051
2023-11-25,S003-P0020,Clothing,91,320,62.21,71.74,113.35963
2023-11-26,S003-P0020,Clothing,114,263,62.4,71.74,115.491585
2023-11-27,S003-P0020,Clothing,84,185,56.44,71.74,113.9723
2023-11-28,S003-P0020,Clothing,110,117,65.55,71.74,114.5567
2023-11-29,S003-P0020,Clothing,95,372,74.32,71.74,106.51722
2023-11-30,S003-P0020,Clothing,116,299,79.36,71.74,95.79812
2023-12-01,S003-P0020,Clothing,144,176,86.4,71.74,114.54715
2023-12-02,S003-P0020,Clothing,146,513,65.07,71.74,146.76938
2023-12-03,S003-P0020,Clothing,121,357,72.69,71.74,124.66972
2023-12-04,S003-P0020,Clothing,203,258,75.81,71.74,156.36902
2023-12-05,S003-P0020,Clothing,128,754,78.06,71.74,133.63113
2023-12-06,S003-P0020,Clothing,182,655,90.64,71.74,160.00983
2023-12-07,S003-P0020,Clothing,175,536,84.69,71.74,115.58783
2023-12-08,S003-P0020,Clothing,146,374,65.24,71.74,144.73724
2023-12-09,S003-P0020,Clothing,106,214,69.18,71.74,133.75273
2023-12-10,S003-P0020,Clothing,60,816,65.45,71.74,103.920235
2023-12-11,S003-P0020,Clothing,106,762,60.83,71.74,134.71106
2023-12-12,S003-P0020,Clothing,109,650,81.8,71.74,104.77008
2023-12-13,S003-P0020,Clothing,199,544,100.08,71.74,125.95379
2023-12-14,S003-P0020,Clothing,118,341,80.03,71.74,115.54586
2023-12-15,S003-P0020,Clothing,172,205,83.87,71.74,103.99915
2023-12-16,S003-P0020,Clothing,144,89,86.43,71.74,104.78218
2023-12-17,S003-P0020,Clothing,142,753,77.26,71.74,114.27986
2023-12-18,S003-P0020,Clothing,295,666,92.91,71.74,156.36902
2023-12-19,S003-P0020,Clothing,119,411,75.97,71.74,105.40547
2023-12-20,S003-P0020,Clothing,95,283,66.77,71.74,126.14205
2023-12-21,S003-P0020,Clothing,148,185,82.96,71.74,125.802414
2023-12-22,S003-P0020,Clothing,161,1300,71.5,71.74,130.97192
2023-12-23,S003-P0020,Clothing,223,1134,83.64,71.74,134.02396
2023-12-24,S003-P0020,Clothing,147,938,91.68,71.74,104.17163
2023-12-25,S003-P0020,Clothing,111,828,70.47,71.74,107.47979
2023-12-26,S003-P0020,Clothing,119,735,72.24,71.74,125.73517
2023-12-27,S003-P0020,Clothing,155,660,89.21,71.74,106.037544
2023-12-28,S003-P0020,Clothing,172,474,93.34,71.74,108.39307
2023-12-29,S003-P0020,Clothing,122,337,80.83,71.74,99.62746
2023-12-30,S003-P0020,Clothing,204,232,101.19,71.74,105.78033
2023-12-31,S003-P0020,Clothing,106,45,73.22,71.74,116.9676
2024-01-01,S003-P0020,Clothing,56,554,61.32,71.74,107.275406
2024-01-02,S003-P0020,Clothing,122,508,68.13,71.74,123.311165
2024-01-03,S003-P0020,Clothing,58,1168,61.84,71.74,99.27252
2024-01-04,S003-P0020,Clothing,116,1101,83.55,71.74,102.176125
2024-01-05,S003-P0020,Clothing,248,1018,94.38,71.74,142.44298
2024-01-06,S003-P0020,Clothing,98,748,63.08,71.74,131.75479
2024-01-07,S003-P0020,Clothing,102,636,75.96,71.74,103.18704
2024-01-08,S003-P0020,Clothing,119,534,75.95,71.74,123.65114
2024-01-09,S003-P0020,Clothing,71,1407,68.28,71.74,104.93539
2024-01-10,S003-P0020,Clothing,109,1354,73.76,71.74,116.849625
2024-01-11,S003-P0020,Clothing,181,1248,90.55,71.74,127.91236
2024-01-12,S003-P0020,Clothing,127,1072,82.13,71.74,127.81455
2024-01-13,S003-P0020,Clothing,125,963,81.62,71.74,117.47913
2024-01-14,S003-P0020,Clothing,214,884,93.27,71.74,147.67502
2024-01-15,S003-P0020,Clothing,126,684,77.52,71.74,127.82639
2024-01-16,S003-P0020,Clothing,104,590,68.91,71.74,116.368935
2024-01-17,S003-P0020,Clothing,77,488,69.88,71.74,104.8664
2024-01-18,S003-P0020,Clothing,139,1397,76.63,71.74,148.22067
2024-01-19,S003-P0020,Clothing,75,1237,72.84,71.74,128.28622
2024-01-20,S003-P0020,Clothing,98,1176,74.93,71.74,128.84485
2024-01-21,S003-P0020,Clothing,97,1105,56.01,71.74,133.90112
2024-01-22,S003-P0020,Clothing,119,1034,71.83,71.74,159.03752
2024-01-23,S003-P0020,Clothing,142,949,85.98,71.74,117.022224
2024-01-24,S003-P0020,Clothing,115,849,62.55,71.74,135.869
2024-01-25,S003-P0020,Clothing,158,723,89.86,71.74,128.09248
2024-01-26,S003-P0020,Clothing,69,593,60.98,71.74,103.78092
2024-01-27,S003-P0020,Clothing,114,511,78.96,71.74,104.57485
2024-01-28,S003-P0020,Clothing,161,384,81.08,71.74,147.19618
2024-01-29,S003-P0020,Clothing,109,192,73.8,71.74,106.80938
2024-01-30,S003-P0020,Clothing,96,113,70.6,71.74,128.06374
2023-10-03,S004-P0001,Groceries,74,363,9.71,11.055,96.79426
2023-10-04,S004-P0001,Groceries,106,305,11.39,11.055,100.94332
2023-10-05,S004-P0001,Groceries,219,1204,15.54,11.055,123.80033
2023-10-06,S004-P0001,Groceries,54,964,9.49,11.055,123.604195
2023-10-07,S004-P0001,Groceries,70,900,10.62,11.055,64.64495
2023-10-08,S004-P0001,Groceries,62,836,9.28,11.055,68.889305
2023-10-09,S004-P0001,Groceries,83,785,8.33,11.055,102.85914
2023-10-10,S004-P0001,Groceries,45,721,9.16,11.055,63.621475
2023-10-11,S004-P0001,Groceries,108,690,12.06,11.055,64.42279
2023-10-12,S004-P0001,Groceries,146,623,11.56,11.055,85.17797
2023-10-13,S004-P0001,Groceries,86,493,10.11,11.055,74.35142
2023-10-14,S004-P0001,Groceries,130,432,11.04,11.055,79.151596
2023-10-15,S004-P0001,Groceries,56,346,9.57,11.055,82.667885
2023-10-16,S004-P0001,Groceries,47,774,8.76,11.055,64.337685
2023-10-17,S004-P0001,Groceries,90,737,9.65,11.055,94.4755
2023-10-18,S004-P0001,Groceries,75,658,10.26,11.055,71.554924
2023-10-19,S004-P0001,Groceries,100,613,8.82,11.055,86.28857
2023-10-20,S004-P0001,Groceries,108,500,9.07,11.055,84.573204
2023-10-21,S004-P0001,Groceries,73,400,10.19,11.055,63.79352
2023-10-22,S004-P0001,Groceries,114,328,11.08,11.055,68.0421
2023-10-23,S004-P0001,Groceries,103,241,8.92,11.055,84.11017
2023-10-24,S004-P0001,Groceries,51,621,9.39,11.055,63.621475
2023-10-25,S004-P0001,Groceries,251,573,13.19,11.055,161.76279
2023-10-26,S004-P0001,Groceries,214,315,13.74,11.055,160.01878
2023-10-27,S004-P0001,Groceries,186,124,15.1,11.055,124.106636
2023-10-28,S004-P0001,Groceries,67,0,8.97,11.055,97.23206
2023-10-29,S004-P0001,Groceries,110,858,11.53,11.055,96.78028
2023-10-30,S004-P0001,Groceries,154,785,13.84,11.055,97.098015
2023-10-31,S004-P0001,Groceries,148,677,11.63,11.055,124.0034
2023-11-01,S004-P0001,Groceries,134,568,9.31,11.055,136.09862
2023-11-02,S004-P0001,Groceries,162,463,13.47,11.055,109.40713
2023-11-03,S004-P0001,Groceries,92,351,8.6,11.055,131.46405
2023-11-04,S004-P0001,Groceries,91,276,10.3,11.055,110.7325
2023-11-05,S004-P0001,Groceries,131,692,11.09,11.055,111.75659
2023-11-06,S004-P0001,Groceries,109,606,10.9,11.055,95.40038
2023-11-07,S004-P0001,Groceries,231,523,14.38,11.055,167.09558
2023-11-08,S004-P0001,Groceries,152,359,11.76,11.055,151.53699
2023-11-09,S004-P0001,Groceries,165,206,12.22,11.055,109.67087
2023-11-10,S004-P0001,Groceries,132,92,11.1,11.055,123.70535
2023-11-11,S004-P0001,Groceries,150,915,13.0,11.055,123.38064
2023-11-12,S004-P0001,Groceries,133,785,11.13,11.055,149.84764
2023-11-13,S004-P0001,Groceries,159,680,10.01,11.055,132.44363
2023-11-14,S004-P0001,Groceries,101,572,11.8,11.055,94.64849
2023-11-15,S004-P0001,Groceries,150,467,13.01,11.055,123.84173
2023-11-16,S004-P0001,Groceries,191,312,10.87,11.055,152.52023
2023-11-17,S004-P0001,Groceries,133,709,13.04,11.055,125.90385
2023-11-18,S004-P0001,Groceries,164,607,10.67,11.055,167.12732
2023-11-19,S004-P0001,Groceries,157,486,11.93,11.055,111.75659
2023-11-20,S004-P0001,Groceries,88,336,8.06,11.055,136.26347
2023-11-21,S004-P0001,Groceries,82,275,9.97,11.055,96.77068
2023-11-22,S004-P0001,Groceries,69,714,10.03,11.055,123.243706
2023-11-23,S004-P0001,Groceries,89,661,10.77,11.055,109.40713
2023-11-24,S004-P0001,Groceries,67,584,9.47,11.055,112.1337
2023-11-25,S004-P0001,Groceries,124,529,11.41,11.055,97.01448
2023-11-26,S004-P0001,Groceries,112,418,9.17,11.055,131.8762
2023-11-27,S004-P0001,Groceries,106,311,10.24,11.055,108.80812
2023-11-28,S004-P0001,Groceries,74,213,9.72,11.055,110.435036
2023-11-29,S004-P0001,Groceries,58,691,9.64,11.055,123.84173
2023-11-30,S004-P0001,Groceries,108,656,11.46,11.055,96.698555
2023-12-01,S004-P0001,Groceries,69,569,9.51,11.055,95.628296
2023-12-02,S004-P0001,Groceries,30,514,8.15,11.055,131.68462
2023-12-03,S004-P0001,Groceries,106,489,10.24,11.055,95.27352
2023-12-04,S004-P0001,Groceries,231,378,12.62,11.055,127.34864
2023-12-05,S004-P0001,Groceries,117,141,11.2,11.055,124.54726
2023-12-06,S004-P0001,Groceries,65,32,9.88,11.055,125.36295
2023-12-07,S004-P0001,Groceries,131,465,11.67,11.055,120.94605
2023-12-08,S004-P0001,Groceries,189,1366,11.56,11.055,127.56465
2023-12-09,S004-P0001,Groceries,101,1163,11.22,11.055,125.75265
2023-12-10,S004-P0001,Groceries,75,1082,8.21,11.055,126.03673
2023-12-11,S004-P0001,Groceries,80,1001,9.4,11.055,99.02596
2023-12-12,S004-P0001,Groceries,146,909,11.5,11.055,130.22035
2023-12-13,S004-P0001,Groceries,125,774,10.89,11.055,114.36355
2023-12-14,S004-P0001,Groceries,99,637,10.55,11.055,110.03657
2023-12-15,S004-P0001,Groceries,203,542,12.7,11.055,128.29169
2023-12-16,S004-P0001,Groceries,137,386,11.27,11.055,124.71799
2023-12-17,S004-P0001,Groceries,53,286,8.95,11.055,109.88448
2023-12-18,S004-P0001,Groceries,110,232,10.94,11.055,99.02596
2023-12-19,S004-P0001,Groceries,144,1017,12.79,11.055,124.54726
2023-12-20,S004-P0001,Groceries,99,865,10.02,11.055,98.914375
2023-12-21,S004-P0001,Groceries,131,791,12.33,11.055,121.884895
2023-12-22,S004-P0001,Groceries,135,671,12.44,11.055,96.5971
2023-12-23,S004-P0001,Groceries,108,566,12.08,11.055,98.74905
2023-12-24,S004-P0001,Groceries,193,476,11.52,11.055,144.72513
2023-12-25,S004-P0001,Groceries,155,249,11.23,11.055,145.5559
2023-12-26,S004-P0001,Groceries,191,82,12.99,11.055,147.42766
2023-12-27,S004-P0001,Groceries,85,0,9.04,11.055,89.98464
2023-12-28,S004-P0001,Groceries,90,892,11.38,11.055,69.1061
2023-12-29,S004-P0001,Groceries,70,818,10.61,11.055,68.573105
2023-12-30,S004-P0001,Groceries,80,773,9.88,11.055,84.07649
2023-12-31,S004-P0001,Groceries,82,719,9.46,11.055,69.00054
2024-01-01,S004-P0001,Groceries,31,621,9.09,11.055,84.91856
2024-01-02,S004-P0001,Groceries,101,594,11.22,11.055,85.468025
2024-01-03,S004-P0001,Groceries,90,486,8.63,11.055,88.3013
2024-01-04,S004-P0001,Groceries,124,379,10.25,11.055,100.91161
2024-01-05,S004-P0001,Groceries,39,275,8.94,11.055,86.13212
2024-01-06,S004-P0001,Groceries,80,251,7.84,11.055,109.365395
2024-01-07,S004-P0001,Groceries,75,180,9.71,11.055,77.76904
2024-01-08,S004-P0001,Groceries,106,567,9.11,11.055,109.26002
2024-01-09,S004-P0001,Groceries,128,457,11.0,11.055,96.417366
2024-01-10,S004-P0001,Groceries,128,347,12.18,11.055,111.37681
2024-01-11,S004-P0001,Groceries,199,230,11.69,11.055,157.19862
2024-01-12,S004-P0001,Groceries,85,7,10.06,11.055,95.983406
2024-01-13,S004-P0001,Groceries,112,512,10.39,11.055,147.09286
2024-01-14,S004-P0001,Groceries,4,393,8.07,11.055,111.979576
2024-01-15,S004-P0001,Groceries,192,1209,13.83,11.055,110.452965
2024-01-16,S004-P0001,Groceries,117,1085,11.19,11.055,96.417366
2024-01-17,S004-P0001,Groceries,78,958,10.9,11.055,98.359764
2024-01-18,S004-P0001,Groceries,95,886,11.58,11.055,96.84755
2024-01-19,S004-P0001,Groceries,116,827,9.27,11.055,128.6887
2024-01-20,S004-P0001,Groceries,115,756,11.72,11.055,123.501205
2024-01-21,S004-P0001,Groceries,63,677,7.86,11.055,129.30704
2024-01-22,S004-P0001,Groceries,152,610,10.33,11.055,142.65485
2024-01-23,S004-P0001,Groceries,65,494,10.42,11.055,110.51562
2024-01-24,S004-P0001,Groceries,115,432,10.5,11.055,131.03055
2024-01-25,S004-P0001,Groceries,135,308,12.46,11.055,107.38076
2024-01-26,S004-P0001,Groceries,86,875,9.59,11.055,121.98968
2024-01-27,S004-P0001,Groceries,120,772,12.53,11.055,111.32311
2024-01-28,S004-P0001,Groceries,175,649,13.93,11.055,122.61056
2024-01-29,S004-P0001,Groceries,171,515,12.4,11.055,119.54539
2024-01-30,S004-P0001,Groceries,123,342,11.43,11.055,96.90193
2023-10-03,S004-P0002,Groceries,140,193,21.92,20.0,127.52839
2023-10-04,S004-P0002,Groceries,76,105,17.83,20.0,131.7247
2023-10-05,S004-P0002,Groceries,227,269,24.59,20.0,160.01878
2023-10-06,S004-P0002,Groceries,138,104,21.81,20.0,123.604195
2023-10-07,S004-P0002,Groceries,62,461,16.98,20.0,64.38593
2023-10-08,S004-P0002,Groceries,192,394,21.03,20.0,86.35619
2023-10-09,S004-P0002,Groceries,94,199,19.01,20.0,78.76264
2023-10-10,S004-P0002,Groceries,42,539,14.91,20.0,64.240944
2023-10-11,S004-P0002,Groceries,46,513,15.11,20.0,64.63743
2023-10-12,S004-P0002,Groceries,91,477,20.88,20.0,65.92532
2023-10-13,S004-P0002,Groceries,44,386,16.68,20.0,74.35142
2023-10-14,S004-P0002,Groceries,108,333,18.89,20.0,104.75793
2023-10-15,S004-P0002,Groceries,50,203,17.09,20.0,82.60188
2023-10-16,S004-P0002,Groceries,56,172,16.61,20.0,64.337685
2023-10-17,S004-P0002,Groceries,141,112,19.54,20.0,94.2995
2023-10-18,S004-P0002,Groceries,154,25,19.02,20.0,94.49077
2023-10-19,S004-P0002,Groceries,101,236,19.39,20.0,66.204506
2023-10-20,S004-P0002,Groceries,66,470,17.23,20.0,66.60817
2023-10-21,S004-P0002,Groceries,76,405,16.96,20.0,64.205505
2023-10-22,S004-P0002,Groceries,57,333,17.57,20.0,67.616104
2023-10-23,S004-P0002,Groceries,45,291,14.25,20.0,83.8686
2023-10-24,S004-P0002,Groceries,38,243,14.67,20.0,64.240944
2023-10-25,S004-P0002,Groceries,195,216,25.39,20.0,160.28297
2023-10-26,S004-P0002,Groceries,203,2,24.48,20.0,160.01878
2023-10-27,S004-P0002,Groceries,99,374,19.29,20.0,123.63323
2023-10-28,S004-P0002,Groceries,96,698,20.19,20.0,97.29537
2023-10-29,S004-P0002,Groceries,81,589,19.13,20.0,96.78028
2023-10-30,S004-P0002,Groceries,108,496,20.97,20.0,97.05495
2023-10-31,S004-P0002,Groceries,90,386,17.77,20.0,124.0034
2023-11-01,S004-P0002,Groceries,124,284,19.86,20.0,97.8341
2023-11-02,S004-P0002,Groceries,91,156,18.81,20.0,109.67087
2023-11-03,S004-P0002,Groceries,139,311,20.63,20.0,132.5903
2023-11-04,S004-P0002,Groceries,138,225,20.67,20.0,110.201065
2023-11-05,S004-P0002,Groceries,119,350,22.85,20.0,113.681656
2023-11-06,S004-P0002,Groceries,162,249,25.89,20.0,94.96082
2023-11-07,S004-P0002,Groceries,32,132,13.52,20.0,167.06555
2023-11-08,S004-P0002,Groceries,140,456,18.49,20.0,151.60281
2023-11-09,S004-P0002,Groceries,65,308,17.19,20.0,109.40713
2023-11-10,S004-P0002,Groceries,115,243,19.21,20.0,164.10587
2023-11-11,S004-P0002,Groceries,83,134,16.38,20.0,167.05048
2023-11-12,S004-P0002,Groceries,89,315,15.54,20.0,147.61664
2023-11-13,S004-P0002,Groceries,104,248,18.63,20.0,95.40038
2023-11-14,S004-P0002,Groceries,106,184,19.71,20.0,94.60511
2023-11-15,S004-P0002,Groceries,244,114,22.54,20.0,167.61642
2023-11-16,S004-P0002,Groceries,80,246,19.11,20.0,109.774025
2023-11-17,S004-P0002,Groceries,85,677,20.44,20.0,125.90385
2023-11-18,S004-P0002,Groceries,199,576,21.64,20.0,167.08888
2023-11-19,S004-P0002,Groceries,136,447,21.66,20.0,111.75659
2023-11-20,S004-P0002,Groceries,118,300,18.41,20.0,135.28604
2023-11-21,S004-P0002,Groceries,62,189,16.11,20.0,96.77068
2023-11-22,S004-P0002,Groceries,166,117,23.55,20.0,123.37298
2023-11-23,S004-P0002,Groceries,52,12,17.23,20.0,109.40713
2023-11-24,S004-P0002,Groceries,147,293,23.62,20.0,112.1337
2023-11-25,S004-P0002,Groceries,87,186,18.52,20.0,134.42032
2023-11-26,S004-P0002,Groceries,53,435,15.55,20.0,98.891655
2023-11-27,S004-P0002,Groceries,141,397,22.05,20.0,109.05211
2023-11-28,S004-P0002,Groceries,90,281,17.78,20.0,109.91883
2023-11-29,S004-P0002,Groceries,101,210,18.45,20.0,123.37298
2023-11-30,S004-P0002,Groceries,123,116,19.76,20.0,96.09885
2023-12-01,S004-P0002,Groceries,149,247,18.96,20.0,127.56465
2023-12-02,S004-P0002,Groceries,85,86,17.47,20.0,98.273796
2023-12-03,S004-P0002,Groceries,85,304,18.38,20.0,95.27352
2023-12-04,S004-P0002,Groceries,109,224,16.63,20.0,127.34864
2023-12-05,S004-P0002,Groceries,163,151,24.66,20.0,124.54726
2023-12-06,S004-P0002,Groceries,97,202,19.17,20.0,124.994896
2023-12-07,S004-P0002,Groceries,78,388,18.0,20.0,121.38536
2023-12-08,S004-P0002,Groceries,93,335,19.99,20.0,96.5971
2023-12-09,S004-P0002,Groceries,82,238,18.24,20.0,124.71799
2023-12-10,S004-P0002,Groceries,128,164,23.48,20.0,96.03271
2023-12-11,S004-P0002,Groceries,84,12,17.4,20.0,99.02596
2023-12-12,S004-P0002,Groceries,99,234,16.28,20.0,129.78438
2023-12-13,S004-P0002,Groceries,188,137,26.31,20.0,114.63993
2023-12-14,S004-P0002,Groceries,143,236,23.32,20.0,110.46705
2023-12-15,S004-P0002,Groceries,155,579,22.89,20.0,95.91288
2023-12-16,S004-P0002,Groceries,194,446,26.73,20.0,125.75265
2023-12-17,S004-P0002,Groceries,143,234,23.34,20.0,111.63123
2023-12-18,S004-P0002,Groceries,44,63,15.04,20.0,99.02596
2023-12-19,S004-P0002,Groceries,195,253,28.24,20.0,125.08698
2023-12-20,S004-P0002,Groceries,238,27,25.23,20.0,131.23747
2023-12-21,S004-P0002,Groceries,226,382,22.79,20.0,156.23996
2023-12-22,S004-P0002,Groceries,107,677,19.83,20.0,129.449
2023-12-23,S004-P0002,Groceries,116,553,20.35,20.0,131.68462
2023-12-24,S004-P0002,Groceries,126,440,17.76,20.0,145.7428
2023-12-25,S004-P0002,Groceries,128,304,21.2,20.0,111.616455
2023-12-26,S004-P0002,Groceries,85,179,18.48,20.0,113.73266
2023-12-27,S004-P0002,Groceries,103,95,17.38,20.0,89.81228
2023-12-28,S004-P0002,Groceries,91,177,16.72,20.0,89.71057
2023-12-29,S004-P0002,Groceries,46,308,16.82,20.0,68.573105
2023-12-30,S004-P0002,Groceries,69,253,16.53,20.0,84.07649
2023-12-31,S004-P0002,Groceries,50,176,17.07,20.0,68.96886
2024-01-01,S004-P0002,Groceries,115,128,18.04,20.0,109.26002
2024-01-02,S004-P0002,Groceries,94,23,20.0,20.0,85.468025
2024-01-03,S004-P0002,Groceries,104,211,16.58,20.0,88.3013
2024-01-04,S004-P0002,Groceries,56,110,17.52,20.0,76.77113
2024-01-05,S004-P0002,Groceries,54,284,16.46,20.0,86.13212
2024-01-06,S004-P0002,Groceries,50,238,15.38,20.0,84.15577
2024-01-07,S004-P0002,Groceries,86,200,16.56,20.0,102.93806
2024-01-08,S004-P0002,Groceries,63,105,16.17,20.0,83.43328
2024-01-09,S004-P0002,Groceries,80,242,19.07,20.0,97.56131
2024-01-10,S004-P0002,Groceries,132,181,23.77,20.0,111.37681
2024-01-11,S004-P0002,Groceries,83,96,17.39,20.0,117.65676
2024-01-12,S004-P0002,Groceries,61,321,17.84,20.0,97.69434
2024-01-13,S004-P0002,Groceries,102,262,20.55,20.0,111.32311
2024-01-14,S004-P0002,Groceries,211,146,27.88,20.0,110.98202
2024-01-15,S004-P0002,Groceries,197,0,21.27,20.0,142.65485
2024-01-16,S004-P0002,Groceries,11,486,11.59,20.0,129.67111
2024-01-17,S004-P0002,Groceries,107,476,20.92,20.0,97.778496
2024-01-18,S004-P0002,Groceries,113,360,20.24,20.0,96.25347
2024-01-19,S004-P0002,Groceries,41,268,15.61,20.0,95.983406
2024-01-20,S004-P0002,Groceries,68,220,14.44,20.0,158.93515
2024-01-21,S004-P0002,Groceries,42,162,16.56,20.0,97.98469
2024-01-22,S004-P0002,Groceries,84,129,20.4,20.0,110.944405
2024-01-23,S004-P0002,Groceries,79,35,19.04,20.0,110.51562
2024-01-24,S004-P0002,Groceries,110,200,17.8,20.0,130.68025
2024-01-25,S004-P0002,Groceries,105,103,16.62,20.0,143.97528
2024-01-26,S004-P0002,Groceries,108,210,17.66,20.0,160.30804
2024-01-27,S004-P0002,Groceries,170,112,21.15,20.0,146.01984
2024-01-28,S004-P0002,Groceries,97,239,20.25,20.0,123.71256
2024-01-29,S004-P0002,Groceries,137,436,21.77,20.0,119.94745
2024-01-30,S004-P0002,Groceries,57,273,17.57,20.0,97.56131
2023-10-03,S004-P0003,Furniture,78,169,149.07,129.36,65.85122
2023-10-04,S004-P0003,Furniture,92,88,148.64,129.36,66.76944
2023-10-05,S004-P0003,Furniture,91,311,116.72,129.36,106.90049
2023-10-06,S004-P0003,Furniture,117,254,152.72,129.36,106.190025
2023-10-07,S004-P0003,Furniture,36,155,120.59,129.36,33.125546
2023-10-08,S004-P0003,Furniture,30,415,117.58,129.36,33.576496
2023-10-09,S004-P0003,Furniture,39,384,109.98,129.36,49.961884
2023-10-10,S004-P0003,Furniture,25,355,114.79,129.36,31.087204
2023-10-11,S004-P0003,Furniture,30,329,105.76,129.36,41.540203
2023-10-12,S004-P0003,Furniture,28,304,104.78,129.36,31.71923
2023-10-13,S004-P0003,Furniture,31,282,117.98,129.36,36.182003
2023-10-14,S004-P0003,Furniture,42,262,129.89,129.36,38.929073
2023-10-15,S004-P0003,Furniture,34,229,113.29,129.36,39.789703
2023-10-16,S004-P0003,Furniture,52,205,128.7,129.36,31.147638
2023-10-17,S004-P0003,Furniture,38,172,108.57,129.36,45.915573
2023-10-18,S004-P0003,Furniture,64,134,121.17,129.36,46.735188
2023-10-19,S004-P0003,Furniture,66,244,101.48,129.36,40.20493
2023-10-20,S004-P0003,Furniture,35,169,108.07,129.36,32.614445
2023-10-21,S004-P0003,Furniture,40,130,122.37,129.36,30.76907
2023-10-22,S004-P0003,Furniture,27,295,116.22,129.36,33.85585
2023-10-23,S004-P0003,Furniture,56,276,116.85,129.36,39.406826
2023-10-24,S004-P0003,Furniture,43,221,111.41,129.36,30.443438
2023-10-25,S004-P0003,Furniture,160,173,144.28,129.36,107.8942
2023-10-26,S004-P0003,Furniture,90,22,147.34,129.36,81.780815
2023-10-27,S004-P0003,Furniture,91,134,155.99,129.36,80.581154
2023-10-28,S004-P0003,Furniture,97,457,136.09,129.36,66.255135
2023-10-29,S004-P0003,Furniture,40,383,122.4,129.36,68.43257
2023-10-30,S004-P0003,Furniture,74,347,132.35,129.36,68.3557
2023-10-31,S004-P0003,Furniture,100,271,152.75,129.36,82.68874
2023-11-01,S004-P0003,Furniture,69,176,144.35,129.36,65.63973
2023-11-02,S004-P0003,Furniture,52,116,121.91,129.36,70.51714
2023-11-03,S004-P0003,Furniture,76,418,140.28,129.36,67.068184
2023-11-04,S004-P0003,Furniture,57,345,117.67,129.36,73.827545
2023-11-05,S004-P0003,Furniture,134,287,152.36,129.36,73.690956
2023-11-06,S004-P0003,Furniture,98,148,121.35,129.36,86.1807
2023-11-07,S004-P0003,Furniture,72,52,131.28,129.36,81.59298
2023-11-08,S004-P0003,Furniture,112,438,133.36,129.36,99.49634
2023-11-09,S004-P0003,Furniture,105,340,146.87,129.36,70.51714
2023-11-10,S004-P0003,Furniture,53,223,129.06,129.36,81.553444
2023-11-11,S004-P0003,Furniture,71,188,123.36,129.36,108.389824
2023-11-12,S004-P0003,Furniture,21,501,84.76,129.36,96.530975
2023-11-13,S004-P0003,Furniture,56,476,137.36,129.36,64.01682
2023-11-14,S004-P0003,Furniture,163,434,138.06,129.36,85.80846
2023-11-15,S004-P0003,Furniture,194,298,179.52,129.36,109.17753
2023-11-16,S004-P0003,Furniture,57,66,131.0,129.36,70.85155
2023-11-17,S004-P0003,Furniture,107,526,140.64,129.36,81.44698
2023-11-18,S004-P0003,Furniture,97,428,143.17,129.36,107.94521
2023-11-19,S004-P0003,Furniture,123,318,146.6,129.36,96.53108
2023-11-20,S004-P0003,Furniture,52,209,121.92,129.36,62.795063
2023-11-21,S004-P0003,Furniture,67,156,143.12,129.36,64.89243
2023-11-22,S004-P0003,Furniture,65,477,142.13,129.36,81.78569
2023-11-23,S004-P0003,Furniture,119,414,128.0,129.36,100.464516
2023-11-24,S004-P0003,Furniture,78,301,127.31,129.36,73.66276
2023-11-25,S004-P0003,Furniture,123,238,155.95,129.36,65.07304
2023-11-26,S004-P0003,Furniture,67,519,122.29,129.36,66.80453
2023-11-27,S004-P0003,Furniture,180,477,154.14,129.36,98.15413
2023-11-28,S004-P0003,Furniture,61,272,132.82,129.36,73.34963
2023-11-29,S004-P0003,Furniture,140,230,181.41,129.36,81.78569
2023-11-30,S004-P0003,Furniture,82,700,143.45,129.36,61.474827
2023-12-01,S004-P0003,Furniture,96,635,135.4,129.36,86.994514
2023-12-02,S004-P0003,Furniture,34,561,107.11,129.36,86.60808
2023-12-03,S004-P0003,Furniture,86,524,131.04,129.36,66.02277
2023-12-04,S004-P0003,Furniture,52,425,115.74,129.36,66.52686
2023-12-05,S004-P0003,Furniture,91,383,140.66,129.36,82.462006
2023-12-06,S004-P0003,Furniture,168,274,157.17,129.36,108.61637
2023-12-07,S004-P0003,Furniture,79,113,142.21,129.36,80.500374
2023-12-08,S004-P0003,Furniture,68,48,122.74,129.36,65.78417
2023-12-09,S004-P0003,Furniture,93,591,126.66,129.36,108.16246
2023-12-10,S004-P0003,Furniture,44,528,112.02,129.36,86.56011
2023-12-11,S004-P0003,Furniture,79,485,142.12,129.36,66.05338
2023-12-12,S004-P0003,Furniture,97,424,136.11,129.36,86.44497
2023-12-13,S004-P0003,Furniture,110,318,141.62,129.36,76.22637
2023-12-14,S004-P0003,Furniture,106,226,139.98,129.36,73.2371
2023-12-15,S004-P0003,Furniture,145,108,157.73,129.36,65.78417
2023-12-16,S004-P0003,Furniture,115,393,128.0,129.36,108.22993
2023-12-17,S004-P0003,Furniture,76,304,133.24,129.36,74.65946
2023-12-18,S004-P0003,Furniture,72,574,117.77,129.36,86.97944
2023-12-19,S004-P0003,Furniture,142,521,138.94,129.36,107.72548
2023-12-20,S004-P0003,Furniture,92,398,140.46,129.36,66.141014
2023-12-21,S004-P0003,Furniture,108,331,141.04,129.36,80.76932
2023-12-22,S004-P0003,Furniture,44,661,112.09,129.36,65.78417
2023-12-23,S004-P0003,Furniture,56,632,137.42,129.36,65.69825
2023-12-24,S004-P0003,Furniture,88,589,131.66,129.36,74.65946
2023-12-25,S004-P0003,Furniture,75,504,140.05,129.36,73.52865
2023-12-26,S004-P0003,Furniture,85,456,145.14,129.36,75.06821
2023-12-27,S004-P0003,Furniture,55,397,116.48,129.36,43.01464
2023-12-28,S004-P0003,Furniture,28,331,104.76,129.36,30.934374
2023-12-29,S004-P0003,Furniture,20,300,112.46,129.36,33.177147
2023-12-30,S004-P0003,Furniture,34,283,125.75,129.36,40.808727
2023-12-31,S004-P0003,Furniture,6,249,94.77,129.36,34.115093
2024-01-01,S004-P0003,Furniture,24,244,114.31,129.36,38.458447
2024-01-02,S004-P0003,Furniture,58,228,138.53,129.36,39.969826
2024-01-03,S004-P0003,Furniture,16,161,99.55,129.36,30.487093
2024-01-04,S004-P0003,Furniture,30,149,117.47,129.36,35.77072
2024-01-05,S004-P0003,Furniture,73,276,111.19,129.36,55.99088
2024-01-06,S004-P0003,Furniture,32,217,94.95,129.36,57.904358
2024-01-07,S004-P0003,Furniture,39,180,115.92,129.36,36.44324
2024-01-08,S004-P0003,Furniture,50,369,95.65,129.36,55.214973
2024-01-09,S004-P0003,Furniture,60,336,125.67,129.36,63.991554
2024-01-10,S004-P0003,Furniture,96,275,113.03,129.36,98.37148
2024-01-11,S004-P0003,Furniture,87,176,109.65,129.36,106.42344
2024-01-12,S004-P0003,Furniture,39,91,122.08,129.36,65.46737
2024-01-13,S004-P0003,Furniture,59,340,125.27,129.36,73.90741
2024-01-14,S004-P0003,Furniture,72,278,124.55,129.36,73.67497
2024-01-15,S004-P0003,Furniture,53,206,129.07,129.36,72.14601
2024-01-16,S004-P0003,Furniture,51,151,121.49,129.36,86.925575
2024-01-17,S004-P0003,Furniture,51,331,128.07,129.36,64.77274
2024-01-18,S004-P0003,Furniture,52,281,128.35,129.36,63.67515
2024-01-19,S004-P0003,Furniture,80,232,128.44,129.36,87.26745
2024-01-20,S004-P0003,Furniture,70,180,130.48,129.36,81.748886
2024-01-21,S004-P0003,Furniture,33,99,119.13,129.36,66.17919
2024-01-22,S004-P0003,Furniture,75,348,110.47,129.36,95.8246
2024-01-23,S004-P0003,Furniture,77,266,127.07,129.36,73.765816
2024-01-24,S004-P0003,Furniture,116,196,143.64,129.36,86.82538
2024-01-25,S004-P0003,Furniture,68,96,136.36,129.36,72.539696
2024-01-26,S004-P0003,Furniture,106,255,139.9,129.36,80.68055
2024-01-27,S004-P0003,Furniture,73,423,138.81,129.36,73.90741
2024-01-28,S004-P0003,Furniture,126,342,139.28,129.36,104.008934
2024-01-29,S004-P0003,Furniture,74,204,139.28,129.36,79.23744
2024-01-30,S004-P0003,Furniture,59,153,131.83,129.36,63.991554
2023-10-03,S004-P0004,Groceries,113,604,50.72,53.504999999999995,96.730934
2023-10-04,S004-P0004,Groceries,129,525,44.44,53.504999999999995,132.16965
2023-10-05,S004-P0004,Groceries,101,421,57.17,53.504999999999995,123.80033
2023-10-06,S004-P0004,Groceries,103,300,54.71,53.504999999999995,123.604195
2023-10-07,S004-P0004,Groceries,63,181,40.42,53.504999999999995,84.91457
2023-10-08,S004-P0004,Groceries,83,119,48.48,53.504999999999995,68.889305
2023-10-09,S004-P0004,Groceries,59,319,46.75,53.504999999999995,78.670334
2023-10-10,S004-P0004,Groceries,65,267,50.38,53.504999999999995,63.621475
2023-10-11,S004-P0004,Groceries,124,209,55.37,53.504999999999995,84.83851
2023-10-12,S004-P0004,Groceries,50,100,45.17,53.504999999999995,65.83872
2023-10-13,S004-P0004,Groceries,92,251,44.78,53.504999999999995,94.694374
2023-10-14,S004-P0004,Groceries,53,566,41.16,53.504999999999995,79.151596
2023-10-15,S004-P0004,Groceries,84,522,46.21,53.504999999999995,82.535866
2023-10-16,S004-P0004,Groceries,82,448,50.89,53.504999999999995,64.337685
2023-10-17,S004-P0004,Groceries,81,397,48.02,53.504999999999995,94.65153
2023-10-18,S004-P0004,Groceries,120,320,48.6,53.504999999999995,94.4627
2023-10-19,S004-P0004,Groceries,60,202,39.64,53.504999999999995,85.64772
2023-10-20,S004-P0004,Groceries,142,153,46.23,53.504999999999995,84.573204
2023-10-21,S004-P0004,Groceries,81,400,48.04,53.504999999999995,64.205505
2023-10-22,S004-P0004,Groceries,69,342,48.53,53.504999999999995,67.43495
2023-10-23,S004-P0004,Groceries,39,763,41.08,53.504999999999995,64.337685
2023-10-24,S004-P0004,Groceries,59,733,42.19,53.504999999999995,64.240944
2023-10-25,S004-P0004,Groceries,132,665,59.76,53.504999999999995,124.564926
2023-10-26,S004-P0004,Groceries,136,559,54.44,53.504999999999995,124.33787
2023-10-27,S004-P0004,Groceries,175,466,67.34,53.504999999999995,124.106636
2023-10-28,S004-P0004,Groceries,151,270,49.84,53.504999999999995,128.03467
2023-10-29,S004-P0004,Groceries,116,147,57.01,53.504999999999995,96.389854
2023-10-30,S004-P0004,Groceries,102,497,54.42,53.504999999999995,97.098015
2023-10-31,S004-P0004,Groceries,108,402,55.45,53.504999999999995,123.84913
2023-11-01,S004-P0004,Groceries,49,315,37.98,53.504999999999995,135.54672
2023-11-02,S004-P0004,Groceries,83,262,48.57,53.504999999999995,109.40713
2023-11-03,S004-P0004,Groceries,114,497,53.72,53.504999999999995,99.177025
2023-11-04,S004-P0004,Groceries,180,407,51.24,53.504999999999995,151.11528
2023-11-05,S004-P0004,Groceries,81,284,48.12,53.504999999999995,149.84764
2023-11-06,S004-P0004,Groceries,122,188,52.27,53.504999999999995,95.40038
2023-11-07,S004-P0004,Groceries,112,758,56.32,53.504999999999995,122.365654
2023-11-08,S004-P0004,Groceries,157,655,54.57,53.504999999999995,151.28346
2023-11-09,S004-P0004,Groceries,122,482,52.27,53.504999999999995,109.67087
2023-11-10,S004-P0004,Groceries,80,345,50.48,53.504999999999995,125.90385
2023-11-11,S004-P0004,Groceries,153,283,53.54,53.504999999999995,167.08888
2023-11-12,S004-P0004,Groceries,85,157,48.68,53.504999999999995,111.75659
2023-11-13,S004-P0004,Groceries,115,78,51.01,53.504999999999995,95.40038
2023-11-14,S004-P0004,Groceries,133,451,56.96,53.504999999999995,94.465065
2023-11-15,S004-P0004,Groceries,93,317,47.54,53.504999999999995,123.37298
2023-11-16,S004-P0004,Groceries,118,227,57.27,53.504999999999995,109.774025
2023-11-17,S004-P0004,Groceries,118,565,51.59,53.504999999999995,123.70535
2023-11-18,S004-P0004,Groceries,126,447,46.33,53.504999999999995,167.12732
2023-11-19,S004-P0004,Groceries,166,334,51.9,53.504999999999995,147.61664
2023-11-20,S004-P0004,Groceries,116,155,53.88,53.504999999999995,95.35069
2023-11-21,S004-P0004,Groceries,74,347,49.44,53.504999999999995,98.05821
2023-11-22,S004-P0004,Groceries,169,296,66.32,53.504999999999995,123.243706
2023-11-23,S004-P0004,Groceries,199,132,53.82,53.504999999999995,152.52023
2023-11-24,S004-P0004,Groceries,107,0,44.26,53.504999999999995,147.80574
2023-11-25,S004-P0004,Groceries,134,510,56.96,53.504999999999995,97.01448
2023-11-26,S004-P0004,Groceries,124,1023,61.4,53.504999999999995,100.70936
2023-11-27,S004-P0004,Groceries,53,932,43.41,53.504999999999995,108.80812
2023-11-28,S004-P0004,Groceries,215,896,63.3,53.504999999999995,150.80084
2023-11-29,S004-P0004,Groceries,134,641,54.18,53.504999999999995,123.37298
2023-11-30,S004-P0004,Groceries,152,500,63.28,53.504999999999995,96.698555
2023-12-01,S004-P0004,Groceries,143,330,52.02,53.504999999999995,127.56465
2023-12-02,S004-P0004,Groceries,98,175,48.35,53.504999999999995,98.273796
2023-12-03,S004-P0004,Groceries,116,527,59.93,53.504999999999995,96.03271
2023-12-04,S004-P0004,Groceries,120,440,51.84,53.504999999999995,99.02596
2023-12-05,S004-P0004,Groceries,4,342,27.83,53.504999999999995,158.52737
2023-12-06,S004-P0004,Groceries,217,338,59.16,53.504999999999995,159.71753
2023-12-07,S004-P0004,Groceries,208,536,77.11,53.504999999999995,121.884895
2023-12-08,S004-P0004,Groceries,133,313,53.94,53.504999999999995,95.628296
2023-12-09,S004-P0004,Groceries,160,181,68.23,53.504999999999995,125.75265
2023-12-10,S004-P0004,Groceries,125,665,61.7,53.504999999999995,96.03271
2023-12-11,S004-P0004,Groceries,69,552,43.72,53.504999999999995,128.11212
2023-12-12,S004-P0004,Groceries,134,499,56.97,53.504999999999995,130.78238
2023-12-13,S004-P0004,Groceries,64,374,42.96,53.504999999999995,114.36355
2023-12-14,S004-P0004,Groceries,116,324,59.94,53.504999999999995,110.9647
2023-12-15,S004-P0004,Groceries,88,251,49.43,53.504999999999995,95.91288
2023-12-16,S004-P0004,Groceries,175,172,53.92,53.504999999999995,160.03206
2023-12-17,S004-P0004,Groceries,133,403,56.9,53.504999999999995,110.69039
2023-12-18,S004-P0004,Groceries,130,285,56.37,53.504999999999995,99.02596
2023-12-19,S004-P0004,Groceries,102,580,51.77,53.504999999999995,124.54726
2023-12-20,S004-P0004,Groceries,89,510,46.97,53.504999999999995,98.914375
2023-12-21,S004-P0004,Groceries,92,456,49.94,53.504999999999995,120.94605
2023-12-22,S004-P0004,Groceries,157,376,57.84,53.504999999999995,129.449
2023-12-23,S004-P0004,Groceries,86,269,46.47,53.504999999999995,98.273796
2023-12-24,S004-P0004,Groceries,90,206,41.8,53.504999999999995,145.7428
2023-12-25,S004-P0004,Groceries,209,612,55.03,53.504999999999995,144.19838
2023-12-26,S004-P0004,Groceries,111,401,56.11,53.504999999999995,114.230316
2023-12-27,S004-P0004,Groceries,65,329,50.35,53.504999999999995,68.28186
2023-12-28,S004-P0004,Groceries,82,855,48.29,53.504999999999995,89.69639
2023-12-29,S004-P0004,Groceries,56,798,44.03,53.504999999999995,68.221504
2023-12-30,S004-P0004,Groceries,116,754,59.88,53.504999999999995,85.220375
2023-12-31,S004-P0004,Groceries,59,634,49.27,53.504999999999995,69.21377
2024-01-01,S004-P0004,Groceries,101,573,54.24,53.504999999999995,84.11027
2024-01-02,S004-P0004,Groceries,33,461,42.21,53.504999999999995,84.53901
2024-01-03,S004-P0004,Groceries,69,438,46.12,53.504999999999995,65.89322
2024-01-04,S004-P0004,Groceries,76,384,52.39,53.504999999999995,77.700645
2024-01-05,S004-P0004,Groceries,74,329,49.41,53.504999999999995,86.13212
2024-01-06,S004-P0004,Groceries,82,245,48.26,53.504999999999995,84.15577
2024-01-07,S004-P0004,Groceries,90,160,55.06,53.504999999999995,79.30543
2024-01-08,S004-P0004,Groceries,100,64,46.01,53.504999999999995,109.557274
2024-01-09,S004-P0004,Groceries,94,287,53.0,53.504999999999995,96.90193
2024-01-10,S004-P0004,Groceries,164,186,62.09,53.504999999999995,109.99651
2024-01-11,S004-P0004,Groceries,188,373,62.72,53.504999999999995,158.83127
2024-01-12,S004-P0004,Groceries,147,236,56.14,53.504999999999995,132.57196
2024-01-13,S004-P0004,Groceries,144,613,61.84,53.504999999999995,111.32311
2024-01-14,S004-P0004,Groceries,143,475,49.46,53.504999999999995,146.30424
2024-01-15,S004-P0004,Groceries,168,342,66.17,53.504999999999995,110.452965
2024-01-16,S004-P0004,Groceries,121,216,45.63,53.504999999999995,129.51172
2024-01-17,S004-P0004,Groceries,136,497,60.45,53.504999999999995,97.778496
2024-01-18,S004-P0004,Groceries,178,368,53.65,53.504999999999995,128.28644
2024-01-19,S004-P0004,Groceries,95,203,55.98,53.504999999999995,97.69434
2024-01-20,S004-P0004,Groceries,201,479,60.62,53.504999999999995,159.34972
2024-01-21,S004-P0004,Groceries,122,300,49.24,53.504999999999995,130.57378
2024-01-22,S004-P0004,Groceries,120,220,54.77,53.504999999999995,110.452965
2024-01-23,S004-P0004,Groceries,162,752,61.67,53.504999999999995,109.34994
2024-01-24,S004-P0004,Groceries,140,591,55.03,53.504999999999995,97.24779
2024-01-25,S004-P0004,Groceries,95,480,53.29,53.504999999999995,107.38076
2024-01-26,S004-P0004,Groceries,216,378,59.81,53.504999999999995,160.30804
2024-01-27,S004-P0004,Groceries,158,222,67.8,53.504999999999995,111.32311
2024-01-28,S004-P0004,Groceries,136,43,48.42,53.504999999999995,159.80203
2024-01-29,S004-P0004,Groceries,132,522,56.55,53.504999999999995,119.54539
2024-01-30,S004-P0004,Groceries,132,439,62.88,53.504999999999995,97.56131
2023-10-03,S004-P0005,Clothing,77,107,57.76,70.665,116.99282
2023-10-04,S004-P0005,Clothing,126,123,80.56,70.665,87.80811
2023-10-05,S004-P0005,Clothing,98,139,73.6,70.665,107.48524
2023-10-06,S004-P0005,Clothing,99,189,69.92,70.665,106.57364
2023-10-07,S004-P0005,Clothing,121,84,79.23,70.665,86.1653
2023-10-08,S004-P0005,Clothing,90,117,67.87,70.665,88.858055
2023-10-09,S004-P0005,Clothing,133,136,69.09,70.665,128.19113
2023-10-10,S004-P0005,Clothing,88,146,56.28,70.665,109.664665
2023-10-11,S004-P0005,Clothing,75,139,67.93,70.665,85.81283
2023-10-12,S004-P0005,Clothing,131,80,65.36,70.665,109.398384
2023-10-13,S004-P0005,Clothing,114,140,65.31,70.665,119.90688
2023-10-14,S004-P0005,Clothing,137,132,65.61,70.665,128.749
2023-10-15,S004-P0005,Clothing,131,151,85.94,70.665,105.19239
2023-10-16,S004-P0005,Clothing,125,153,76.09,70.665,109.28324
2023-10-17,S004-P0005,Clothing,116,191,74.14,70.665,93.66175
2023-10-18,S004-P0005,Clothing,108,117,80.07,70.665,93.5734
2023-10-19,S004-P0005,Clothing,126,154,76.14,70.665,87.326744
2023-10-20,S004-P0005,Clothing,74,148,64.18,70.665,87.55779
2023-10-21,S004-P0005,Clothing,76,104,64.78,70.665,85.776115
2023-10-22,S004-P0005,Clothing,51,125,46.61,70.665,111.211174
2023-10-23,S004-P0005,Clothing,94,74,61.85,70.665,109.42111
2023-10-24,S004-P0005,Clothing,117,91,70.35,70.665,109.16256
2023-10-25,S004-P0005,Clothing,127,135,80.77,70.665,109.55021
2023-10-26,S004-P0005,Clothing,89,133,67.81,70.665,107.48524
2023-10-27,S004-P0005,Clothing,117,142,78.19,70.665,107.53536
2023-10-28,S004-P0005,Clothing,132,187,81.84,70.665,88.064285
2023-10-29,S004-P0005,Clothing,117,174,70.49,70.665,88.45732
2023-10-30,S004-P0005,Clothing,88,215,64.0,70.665,88.74624
2023-10-31,S004-P0005,Clothing,119,116,78.74,70.665,108.75122
2023-11-01,S004-P0005,Clothing,133,130,64.94,70.665,113.64896
2023-11-02,S004-P0005,Clothing,151,158,91.09,70.665,96.81968
2023-11-03,S004-P0005,Clothing,140,139,71.21,70.665,114.62867
2023-11-04,S004-P0005,Clothing,65,192,58.63,70.665,129.06229
2023-11-05,S004-P0005,Clothing,78,144,65.16,70.665,128.88568
2023-11-06,S004-P0005,Clothing,90,53,67.96,70.665,85.680214
2023-11-07,S004-P0005,Clothing,77,82,68.57,70.665,107.86935
2023-11-08,S004-P0005,Clothing,73,99,60.84,70.665,95.76733
2023-11-09,S004-P0005,Clothing,141,96,84.09,70.665,95.82714
2023-11-10,S004-P0005,Clothing,96,163,65.88,70.665,107.47895
2023-11-11,S004-P0005,Clothing,99,104,70.02,70.665,107.92235
2023-11-12,S004-P0005,Clothing,104,112,71.27,70.665,98.44333
2023-11-13,S004-P0005,Clothing,85,157,55.54,70.665,113.61252
2023-11-14,S004-P0005,Clothing,45,92,54.33,70.665,114.85308
2023-11-15,S004-P0005,Clothing,139,103,75.18,70.665,107.377205
2023-11-16,S004-P0005,Clothing,61,122,61.34,70.665,95.82714
2023-11-17,S004-P0005,Clothing,96,81,73.15,70.665,109.630516
2023-11-18,S004-P0005,Clothing,118,96,70.69,70.665,107.92235
2023-11-19,S004-P0005,Clothing,123,150,59.74,70.665,126.04789
2023-11-20,S004-P0005,Clothing,195,158,92.02,70.665,113.975365
2023-11-21,S004-P0005,Clothing,55,203,56.77,70.665,83.92652
2023-11-22,S004-P0005,Clothing,89,167,67.77,70.665,107.377205
2023-11-23,S004-P0005,Clothing,176,81,69.48,70.665,126.67402
2023-11-24,S004-P0005,Clothing,149,184,77.35,70.665,96.65619
2023-11-25,S004-P0005,Clothing,87,166,63.84,70.665,116.22188
2023-11-26,S004-P0005,Clothing,66,109,62.28,70.665,86.94145
2023-11-27,S004-P0005,Clothing,75,117,68.09,70.665,96.09093
2023-11-28,S004-P0005,Clothing,108,149,72.19,70.665,96.26972
2023-11-29,S004-P0005,Clothing,168,206,81.67,70.665,107.377205
2023-11-30,S004-P0005,Clothing,110,248,76.59,70.665,86.25869
2023-12-01,S004-P0005,Clothing,124,119,71.54,70.665,132.73569
2023-12-02,S004-P0005,Clothing,92,157,72.22,70.665,104.6975
2023-12-03,S004-P0005,Clothing,76,62,64.85,70.665,104.20033
2023-12-04,S004-P0005,Clothing,30,89,57.11,70.665,104.84919
2023-12-05,S004-P0005,Clothing,185,105,79.75,70.665,160.88759
2023-12-06,S004-P0005,Clothing,154,221,82.6,70.665,127.162125
2023-12-07,S004-P0005,Clothing,100,83,70.47,70.665,126.56678
2023-12-08,S004-P0005,Clothing,33,102,60.79,70.665,104.262955
2023-12-09,S004-P0005,Clothing,104,71,75.1,70.665,128.95204
2023-12-10,S004-P0005,Clothing,104,84,75.1,70.665,104.86088
2023-12-11,S004-P0005,Clothing,150,120,90.91,70.665,104.84919
2023-12-12,S004-P0005,Clothing,136,135,62.18,70.665,132.74887
2023-12-13,S004-P0005,Clothing,116,131,77.95,70.665,116.33882
2023-12-14,S004-P0005,Clothing,96,171,62.09,70.665,146.22505
2023-12-15,S004-P0005,Clothing,179,97,78.6,70.665,132.2076
2023-12-16,S004-P0005,Clothing,76,145,64.74,70.665,163.69284
2023-12-17,S004-P0005,Clothing,206,78,84.89,70.665,147.73126
2023-12-18,S004-P0005,Clothing,111,235,76.88,70.665,105.06565
2023-12-19,S004-P0005,Clothing,167,108,67.88,70.665,160.17528
2023-12-20,S004-P0005,Clothing,105,177,71.47,70.665,104.993164
2023-12-21,S004-P0005,Clothing,129,72,77.03,70.665,126.56678
2023-12-22,S004-P0005,Clothing,122,153,67.46,70.665,132.73569
2023-12-23,S004-P0005,Clothing,88,204,74.92,70.665,104.6975
2023-12-24,S004-P0005,Clothing,84,134,66.53,70.665,116.03489
2023-12-25,S004-P0005,Clothing,162,139,80.3,70.665,115.12637
2023-12-26,S004-P0005,Clothing,157,153,87.93,70.665,116.76951
2023-12-27,S004-P0005,Clothing,116,193,70.31,70.665,98.26946
2023-12-28,S004-P0005,Clothing,193,62,72.47,70.665,124.15365
2023-12-29,S004-P0005,Clothing,82,205,69.75,70.665,100.95543
2023-12-30,S004-P0005,Clothing,134,111,78.23,70.665,116.80449
2023-12-31,S004-P0005,Clothing,71,159,67.13,70.665,102.16689
2024-01-01,S004-P0005,Clothing,141,76,84.1,70.665,117.97205
2024-01-02,S004-P0005,Clothing,204,152,84.44,70.665,143.9744
2024-01-03,S004-P0005,Clothing,160,209,79.3,70.665,123.63166
2024-01-04,S004-P0005,Clothing,81,157,66.01,70.665,109.26597
2024-01-05,S004-P0005,Clothing,128,97,72.35,70.665,144.2346
2024-01-06,S004-P0005,Clothing,113,153,77.27,70.665,117.932915
2024-01-07,S004-P0005,Clothing,110,160,76.67,70.665,110.68203
2024-01-08,S004-P0005,Clothing,127,144,80.76,70.665,117.97205
2024-01-09,S004-P0005,Clothing,53,158,56.39,70.665,104.10403
2024-01-10,S004-P0005,Clothing,85,106,66.92,70.665,119.060326
2024-01-11,S004-P0005,Clothing,91,116,68.19,70.665,128.57353
2024-01-12,S004-P0005,Clothing,93,109,76.22,70.665,105.40101
2024-01-13,S004-P0005,Clothing,189,135,90.66,70.665,118.8565
2024-01-14,S004-P0005,Clothing,67,162,65.98,70.665,119.99966
2024-01-15,S004-P0005,Clothing,105,119,71.46,70.665,116.911476
2024-01-16,S004-P0005,Clothing,117,145,69.94,70.665,134.9189
2024-01-17,S004-P0005,Clothing,103,120,70.89,70.665,104.25253
2024-01-18,S004-P0005,Clothing,101,123,74.46,70.665,104.84423
2024-01-19,S004-P0005,Clothing,148,100,68.56,70.665,134.16678
2024-01-20,S004-P0005,Clothing,198,153,73.55,70.665,162.75017
2024-01-21,S004-P0005,Clothing,106,220,59.65,70.665,133.78232
2024-01-22,S004-P0005,Clothing,31,117,54.41,70.665,117.40258
2024-01-23,S004-P0005,Clothing,80,95,62.4,70.665,118.30143
2024-01-24,S004-P0005,Clothing,101,116,66.44,70.665,135.2709
2024-01-25,S004-P0005,Clothing,105,132,67.77,70.665,116.82543
2024-01-26,S004-P0005,Clothing,151,94,82.01,70.665,163.2429
2024-01-27,S004-P0005,Clothing,222,128,88.12,70.665,152.15045
2024-01-28,S004-P0005,Clothing,153,209,78.25,70.665,129.92773
2024-01-29,S004-P0005,Clothing,56,232,63.33,70.665,128.76648
2024-01-30,S004-P0005,Clothing,98,184,77.49,70.665,104.97974
2023-10-03,S004-P0006,Groceries,96,259,34.41,36.345,96.730934
2023-10-04,S004-P0006,Groceries,225,146,44.08,36.345,131.48541
2023-10-05,S004-P0006,Groceries,71,0,33.26,36.345,123.80033
2023-10-06,S004-P0006,Groceries,147,378,38.19,36.345,123.63323
2023-10-07,S004-P0006,Groceries,61,256,33.81,36.345,64.64495
2023-10-08,S004-P0006,Groceries,46,199,27.25,36.345,68.90301
2023-10-09,S004-P0006,Groceries,82,165,32.91,36.345,78.76264
2023-10-10,S004-P0006,Groceries,66,71,27.75,36.345,83.524315
2023-10-11,S004-P0006,Groceries,107,190,35.62,36.345,84.83851
2023-10-12,S004-P0006,Groceries,53,72,31.12,36.345,65.92532
2023-10-13,S004-P0006,Groceries,90,219,37.49,36.345,74.51755
2023-10-14,S004-P0006,Groceries,38,139,22.01,36.345,103.9492
2023-10-15,S004-P0006,Groceries,56,259,29.93,36.345,82.60188
2023-10-16,S004-P0006,Groceries,75,221,31.98,36.345,84.02942
2023-10-17,S004-P0006,Groceries,80,159,36.25,36.345,71.591095
2023-10-18,S004-P0006,Groceries,85,93,29.45,36.345,94.4627
2023-10-19,S004-P0006,Groceries,29,193,22.26,36.345,86.28857
2023-10-20,S004-P0006,Groceries,55,160,31.34,36.345,66.60817
2023-10-21,S004-P0006,Groceries,79,110,34.22,36.345,63.79352
2023-10-22,S004-P0006,Groceries,60,142,28.79,36.345,85.56396
2023-10-23,S004-P0006,Groceries,103,254,35.26,36.345,84.02942
2023-10-24,S004-P0006,Groceries,55,141,32.98,36.345,63.621475
2023-10-25,S004-P0006,Groceries,124,345,33.77,36.345,160.58511
2023-10-26,S004-P0006,Groceries,34,252,27.3,36.345,124.33787
2023-10-27,S004-P0006,Groceries,149,218,40.64,36.345,123.604195
2023-10-28,S004-P0006,Groceries,155,72,43.4,36.345,97.29537
2023-10-29,S004-P0006,Groceries,141,323,39.7,36.345,96.389854
2023-10-30,S004-P0006,Groceries,90,222,35.62,36.345,97.05495
2023-10-31,S004-P0006,Groceries,142,456,37.71,36.345,124.0034
2023-11-01,S004-P0006,Groceries,114,359,34.62,36.345,97.8341
2023-11-02,S004-P0006,Groceries,115,237,34.79,36.345,109.67087
2023-11-03,S004-P0006,Groceries,146,149,40.2,36.345,99.177025
2023-11-04,S004-P0006,Groceries,109,219,37.9,36.345,110.7325
2023-11-05,S004-P0006,Groceries,167,142,42.53,36.345,111.75659
2023-11-06,S004-P0006,Groceries,135,247,41.07,36.345,94.96082
2023-11-07,S004-P0006,Groceries,119,457,37.1,36.345,122.365654
2023-11-08,S004-P0006,Groceries,160,347,46.33,36.345,111.98057
2023-11-09,S004-P0006,Groceries,215,172,42.71,36.345,152.24167
2023-11-10,S004-P0006,Groceries,145,273,38.07,36.345,165.00919
2023-11-11,S004-P0006,Groceries,173,554,41.07,36.345,122.53851
2023-11-12,S004-P0006,Groceries,128,356,32.18,36.345,148.07672
2023-11-13,S004-P0006,Groceries,119,255,35.2,36.345,130.61577
2023-11-14,S004-P0006,Groceries,126,135,35.96,36.345,94.60511
2023-11-15,S004-P0006,Groceries,106,297,31.61,36.345,167.578
2023-11-16,S004-P0006,Groceries,155,202,41.23,36.345,109.40713
2023-11-17,S004-P0006,Groceries,82,29,32.85,36.345,165.00919
2023-11-18,S004-P0006,Groceries,144,364,35.8,36.345,167.05048
2023-11-19,S004-P0006,Groceries,129,267,40.33,36.345,113.681656
2023-11-20,S004-P0006,Groceries,109,146,36.04,36.345,94.855194
2023-11-21,S004-P0006,Groceries,118,261,37.08,36.345,97.259125
2023-11-22,S004-P0006,Groceries,85,189,29.71,36.345,167.5396
2023-11-23,S004-P0006,Groceries,144,363,42.08,36.345,109.40713
2023-11-24,S004-P0006,Groceries,98,232,34.73,36.345,112.1337
2023-11-25,S004-P0006,Groceries,155,134,41.16,36.345,97.01448
2023-11-26,S004-P0006,Groceries,111,256,38.1,36.345,99.69575
2023-11-27,S004-P0006,Groceries,183,497,37.02,36.345,151.60703
2023-11-28,S004-P0006,Groceries,188,374,42.49,36.345,150.80084
2023-11-29,S004-P0006,Groceries,161,211,44.2,36.345,123.84173
2023-11-30,S004-P0006,Groceries,121,495,37.34,36.345,96.171135
2023-12-01,S004-P0006,Groceries,55,399,28.2,36.345,95.628296
2023-12-02,S004-P0006,Groceries,154,357,43.28,36.345,98.74905
2023-12-03,S004-P0006,Groceries,96,204,28.67,36.345,125.44775
2023-12-04,S004-P0006,Groceries,129,430,38.26,36.345,98.871284
2023-12-05,S004-P0006,Groceries,81,320,36.29,36.345,125.08698
2023-12-06,S004-P0006,Groceries,169,234,38.35,36.345,160.808
2023-12-07,S004-P0006,Groceries,177,117,34.54,36.345,156.23996
2023-12-08,S004-P0006,Groceries,125,347,37.73,36.345,129.449
2023-12-09,S004-P0006,Groceries,96,265,29.03,36.345,160.03206
2023-12-10,S004-P0006,Groceries,145,162,40.08,36.345,95.27352
2023-12-11,S004-P0006,Groceries,63,56,29.09,36.345,99.02596
2023-12-12,S004-P0006,Groceries,100,321,27.6,36.345,129.89915
2023-12-13,S004-P0006,Groceries,89,226,31.95,36.345,114.36355
2023-12-14,S004-P0006,Groceries,95,148,32.59,36.345,110.03657
2023-12-15,S004-P0006,Groceries,50,239,27.51,36.345,128.29169
2023-12-16,S004-P0006,Groceries,129,206,42.42,36.345,125.75265
2023-12-17,S004-P0006,Groceries,61,88,25.34,36.345,144.72513
2023-12-18,S004-P0006,Groceries,105,292,33.69,36.345,128.11212
2023-12-19,S004-P0006,Groceries,128,214,40.24,36.345,124.54726
2023-12-20,S004-P0006,Groceries,141,124,41.8,36.345,98.936165
2023-12-21,S004-P0006,Groceries,71,307,26.33,36.345,156.23996
2023-12-22,S004-P0006,Groceries,73,241,30.23,36.345,95.628296
2023-12-23,S004-P0006,Groceries,130,168,42.54,36.345,98.74905
2023-12-24,S004-P0006,Groceries,122,38,41.55,36.345,111.63123
2023-12-25,S004-P0006,Groceries,94,302,34.3,36.345,111.616455
2023-12-26,S004-P0006,Groceries,91,193,32.14,36.345,113.324615
2023-12-27,S004-P0006,Groceries,43,123,26.93,36.345,67.79372
2023-12-28,S004-P0006,Groceries,55,281,31.38,36.345,68.781044
2023-12-29,S004-P0006,Groceries,63,221,32.35,36.345,68.573105
2023-12-30,S004-P0006,Groceries,89,150,35.49,36.345,85.220375
2023-12-31,S004-P0006,Groceries,56,95,31.5,36.345,68.96886
2024-01-01,S004-P0006,Groceries,129,205,40.3,36.345,84.91856
2024-01-02,S004-P0006,Groceries,63,120,25.83,36.345,109.72438
2024-01-03,S004-P0006,Groceries,71,292,30.0,36.345,89.81777
2024-01-04,S004-P0006,Groceries,113,237,32.66,36.345,100.91161
2024-01-05,S004-P0006,Groceries,33,163,27.33,36.345,86.13212
2024-01-06,S004-P0006,Groceries,103,363,33.48,36.345,84.15577
2024-01-07,S004-P0006,Groceries,63,284,30.7,36.345,78.5312
2024-01-08,S004-P0006,Groceries,149,237,36.01,36.345,109.26002
2024-01-09,S004-P0006,Groceries,150,136,40.62,36.345,96.417366
2024-01-10,S004-P0006,Groceries,154,337,43.36,36.345,110.60139
2024-01-11,S004-P0006,Groceries,105,216,33.63,36.345,117.65676
2024-01-12,S004-P0006,Groceries,100,491,27.61,36.345,128.6887
2024-01-13,S004-P0006,Groceries,65,423,29.35,36.345,110.14507
2024-01-14,S004-P0006,Groceries,73,350,30.15,36.345,110.09392
2024-01-15,S004-P0006,Groceries,92,289,32.25,36.345,110.006065
2024-01-16,S004-P0006,Groceries,55,204,33.03,36.345,97.56131
2024-01-17,S004-P0006,Groceries,30,142,26.9,36.345,97.24779
2024-01-18,S004-P0006,Groceries,101,110,35.1,36.345,96.25347
2024-01-19,S004-P0006,Groceries,80,24,34.34,36.345,96.60749
2024-01-20,S004-P0006,Groceries,89,236,37.32,36.345,123.501205
2024-01-21,S004-P0006,Groceries,87,173,26.4,36.345,128.20598
2024-01-22,S004-P0006,Groceries,157,264,41.36,36.345,110.006065
2024-01-23,S004-P0006,Groceries,119,90,33.26,36.345,146.21114
2024-01-24,S004-P0006,Groceries,121,329,35.16,36.345,131.03055
2024-01-25,S004-P0006,Groceries,191,207,45.29,36.345,144.90942
2024-01-26,S004-P0006,Groceries,140,10,41.58,36.345,122.97855
2024-01-27,S004-P0006,Groceries,87,306,35.19,36.345,111.32311
2024-01-28,S004-P0006,Groceries,223,518,38.72,36.345,158.2296
2024-01-29,S004-P0006,Groceries,118,253,41.05,36.345,120.55595
2024-01-30,S004-P0006,Groceries,98,134,36.62,36.345,96.90193
2023-10-03,S004-P0007,Groceries,81,399,24.43,28.37,96.730934
2023-10-04,S004-P0007,Groceries,75,319,27.91,28.37,101.04462
2023-10-05,S004-P0007,Groceries,147,238,35.19,28.37,123.80033
2023-10-06,S004-P0007,Groceries,190,753,35.45,28.37,162.6235
2023-10-07,S004-P0007,Groceries,107,526,24.89,28.37,85.037575
2023-10-08,S004-P0007,Groceries,33,421,23.77,28.37,68.90925
2023-10-09,S004-P0007,Groceries,73,389,26.38,28.37,78.76264
2023-10-10,S004-P0007,Groceries,106,1070,27.91,28.37,83.72338
2023-10-11,S004-P0007,Groceries,27,981,16.52,28.37,85.25751
2023-10-12,S004-P0007,Groceries,71,954,27.51,28.37,65.92532
2023-10-13,S004-P0007,Groceries,88,875,27.82,28.37,74.35142
2023-10-14,S004-P0007,Groceries,25,785,17.23,28.37,103.9492
2023-10-15,S004-P0007,Groceries,86,758,26.18,28.37,82.535866
2023-10-16,S004-P0007,Groceries,52,663,25.63,28.37,64.063416
2023-10-17,S004-P0007,Groceries,93,626,25.4,28.37,71.844215
2023-10-18,S004-P0007,Groceries,111,535,26.82,28.37,94.63872
2023-10-19,S004-P0007,Groceries,62,442,25.35,28.37,65.92532
2023-10-20,S004-P0007,Groceries,68,392,24.63,28.37,66.60817
2023-10-21,S004-P0007,Groceries,64,327,22.85,28.37,83.50648
2023-10-22,S004-P0007,Groceries,94,280,29.82,28.37,67.43495
2023-10-23,S004-P0007,Groceries,107,183,28.02,28.37,64.946655
2023-10-24,S004-P0007,Groceries,46,98,21.4,28.37,64.240944
2023-10-25,S004-P0007,Groceries,156,43,28.8,28.37,161.11209
2023-10-26,S004-P0007,Groceries,124,380,28.05,28.37,124.33787
2023-10-27,S004-P0007,Groceries,154,245,34.01,28.37,123.604195
2023-10-28,S004-P0007,Groceries,102,138,29.09,28.37,97.52102
2023-10-29,S004-P0007,Groceries,70,657,23.51,28.37,96.375435
2023-10-30,S004-P0007,Groceries,31,592,23.58,28.37,97.098015
2023-10-31,S004-P0007,Groceries,141,573,31.06,28.37,124.0034
2023-11-01,S004-P0007,Groceries,79,410,26.9,28.37,98.089836
2023-11-02,S004-P0007,Groceries,75,317,25.25,28.37,109.40713
2023-11-03,S004-P0007,Groceries,136,260,30.61,28.37,98.23115
2023-11-04,S004-P0007,Groceries,134,753,30.42,28.37,110.201065
2023-11-05,S004-P0007,Groceries,168,599,31.87,28.37,149.84764
2023-11-06,S004-P0007,Groceries,133,415,32.07,28.37,94.96082
2023-11-07,S004-P0007,Groceries,157,335,27.1,28.37,167.14238
2023-11-08,S004-P0007,Groceries,169,164,31.95,28.37,110.84246
2023-11-09,S004-P0007,Groceries,176,726,36.16,28.37,109.774025
2023-11-10,S004-P0007,Groceries,115,597,28.77,28.37,123.70535
2023-11-11,S004-P0007,Groceries,90,523,29.45,28.37,123.38064
2023-11-12,S004-P0007,Groceries,132,418,28.76,28.37,111.75659
2023-11-13,S004-P0007,Groceries,206,1025,31.17,28.37,131.67807
2023-11-14,S004-P0007,Groceries,120,778,27.73,28.37,94.60511
2023-11-15,S004-P0007,Groceries,109,674,31.31,28.37,123.84173
2023-11-16,S004-P0007,Groceries,185,597,33.07,28.37,152.11102
2023-11-17,S004-P0007,Groceries,193,400,32.07,28.37,164.10587
2023-11-18,S004-P0007,Groceries,170,236,30.25,28.37,167.05048
2023-11-19,S004-P0007,Groceries,160,81,36.44,28.37,113.681656
2023-11-20,S004-P0007,Groceries,71,645,23.6,28.37,95.35069
2023-11-21,S004-P0007,Groceries,162,574,31.14,28.37,134.45781
2023-11-22,S004-P0007,Groceries,192,419,33.68,28.37,167.5396
2023-11-23,S004-P0007,Groceries,115,281,25.8,28.37,152.11102
2023-11-24,S004-P0007,Groceries,159,185,34.54,28.37,113.3102
2023-11-25,S004-P0007,Groceries,103,751,27.67,28.37,97.01448
2023-11-26,S004-P0007,Groceries,184,641,31.03,28.37,132.32101
2023-11-27,S004-P0007,Groceries,105,435,29.39,28.37,109.53468
2023-11-28,S004-P0007,Groceries,113,358,28.63,28.37,110.435036
2023-11-29,S004-P0007,Groceries,204,239,38.82,28.37,123.84173
2023-11-30,S004-P0007,Groceries,116,722,28.81,28.37,96.09885
2023-12-01,S004-P0007,Groceries,41,633,23.31,28.37,95.91288
2023-12-02,S004-P0007,Groceries,147,609,26.35,28.37,130.4758
2023-12-03,S004-P0007,Groceries,70,468,24.8,28.37,95.56756
2023-12-04,S004-P0007,Groceries,101,403,29.06,28.37,98.871284
2023-12-05,S004-P0007,Groceries,39,282,21.89,28.37,124.13368
2023-12-06,S004-P0007,Groceries,201,725,32.76,28.37,160.808
2023-12-07,S004-P0007,Groceries,160,512,31.15,28.37,157.36443
2023-12-08,S004-P0007,Groceries,128,343,28.39,28.37,95.628296
2023-12-09,S004-P0007,Groceries,198,222,34.39,28.37,124.71799
2023-12-10,S004-P0007,Groceries,139,719,30.87,28.37,128.05902
2023-12-11,S004-P0007,Groceries,89,581,22.31,28.37,127.18487
2023-12-12,S004-P0007,Groceries,120,489,29.25,28.37,97.944145
2023-12-13,S004-P0007,Groceries,61,358,25.27,28.37,114.63993
2023-12-14,S004-P0007,Groceries,138,301,29.3,28.37,110.03657
2023-12-15,S004-P0007,Groceries,15,183,19.76,28.37,129.449
2023-12-16,S004-P0007,Groceries,220,666,33.97,28.37,160.03206
2023-12-17,S004-P0007,Groceries,110,517,29.85,28.37,110.69039
2023-12-18,S004-P0007,Groceries,154,451,34.06,28.37,99.32383
2023-12-19,S004-P0007,Groceries,124,353,26.28,28.37,158.97145
2023-12-20,S004-P0007,Groceries,70,998,24.68,28.37,98.914375
2023-12-21,S004-P0007,Groceries,101,929,26.13,28.37,120.94605
2023-12-22,S004-P0007,Groceries,120,815,29.3,28.37,95.91288
2023-12-23,S004-P0007,Groceries,128,714,28.42,28.37,131.68462
2023-12-24,S004-P0007,Groceries,221,634,38.25,28.37,148.61197
2023-12-25,S004-P0007,Groceries,58,396,22.46,28.37,111.29491
2023-12-26,S004-P0007,Groceries,153,342,33.99,28.37,113.73266
2023-12-27,S004-P0007,Groceries,105,216,29.42,28.37,68.28186
2023-12-28,S004-P0007,Groceries,55,996,25.94,28.37,69.1061
2023-12-29,S004-P0007,Groceries,26,940,23.06,28.37,68.573105
2023-12-30,S004-P0007,Groceries,105,914,27.84,28.37,84.07649
2023-12-31,S004-P0007,Groceries,116,792,28.84,28.37,69.00054
2024-01-01,S004-P0007,Groceries,42,711,21.07,28.37,110.15745
2024-01-02,S004-P0007,Groceries,46,670,22.56,28.37,83.74882
2024-01-03,S004-P0007,Groceries,75,620,22.55,28.37,88.984856
2024-01-04,S004-P0007,Groceries,88,542,23.59,28.37,100.91161
2024-01-05,S004-P0007,Groceries,50,442,21.77,28.37,85.391106
2024-01-06,S004-P0007,Groceries,72,405,26.29,28.37,85.895996
2024-01-07,S004-P0007,Groceries,77,351,28.18,28.37,79.30543
2024-01-08,S004-P0007,Groceries,39,303,21.98,28.37,84.11027
2024-01-09,S004-P0007,Groceries,116,262,28.93,28.37,96.90193
2024-01-10,S004-P0007,Groceries,125,137,25.01,28.37,146.53566
2024-01-11,S004-P0007,Groceries,98,357,28.74,28.37,118.021965
2024-01-12,S004-P0007,Groceries,107,252,29.61,28.37,96.60749
2024-01-13,S004-P0007,Groceries,210,148,29.5,28.37,145.7922
2024-01-14,S004-P0007,Groceries,146,428,33.25,28.37,110.98202
2024-01-15,S004-P0007,Groceries,157,304,30.93,28.37,110.006065
2024-01-16,S004-P0007,Groceries,158,188,25.84,28.37,129.51172
2024-01-17,S004-P0007,Groceries,81,867,21.72,28.37,130.68025
2024-01-18,S004-P0007,Groceries,38,815,23.02,28.37,96.25347
2024-01-19,S004-P0007,Groceries,103,773,29.19,28.37,96.60749
2024-01-20,S004-P0007,Groceries,116,689,24.03,28.37,158.93515
2024-01-21,S004-P0007,Groceries,52,583,21.95,28.37,96.084435
2024-01-22,S004-P0007,Groceries,69,537,24.65,28.37,110.006065
2024-01-23,S004-P0007,Groceries,86,474,27.55,28.37,110.51562
2024-01-24,S004-P0007,Groceries,76,416,25.27,28.37,97.778496
2024-01-25,S004-P0007,Groceries,152,356,27.08,28.37,143.97528
2024-01-26,S004-P0007,Groceries,94,216,26.87,28.37,121.98968
2024-01-27,S004-P0007,Groceries,218,115,36.14,28.37,148.263
2024-01-28,S004-P0007,Groceries,156,0,34.25,28.37,122.61056
2024-01-29,S004-P0007,Groceries,89,641,26.37,28.37,119.54539
2024-01-30,S004-P0007,Groceries,154,574,32.25,28.37,96.417366
2023-10-03,S004-P0008,Furniture,60,197,88.77,91.49000000000001,65.89072
2023-10-04,S004-P0008,Furniture,83,130,80.29,91.49000000000001,88.05733
2023-10-05,S004-P0008,Furniture,33,119,84.14,91.49000000000001,81.71207
2023-10-06,S004-P0008,Furniture,40,81,81.99,91.49000000000001,80.82395
2023-10-07,S004-P0008,Furniture,26,86,77.37,91.49000000000001,32.308064
2023-10-08,S004-P0008,Furniture,33,55,66.37,91.49000000000001,44.500618
2023-10-09,S004-P0008,Furniture,37,72,76.86,91.49000000000001,35.96464
2023-10-10,S004-P0008,Furniture,26,92,81.35,91.49000000000001,30.557165
2023-10-11,S004-P0008,Furniture,28,67,82.14,91.49000000000001,32.186142
2023-10-12,S004-P0008,Furniture,41,90,69.3,91.49000000000001,40.27807
2023-10-13,S004-P0008,Furniture,37,113,76.7,91.49000000000001,36.042202
2023-10-14,S004-P0008,Furniture,42,72,78.32,91.49000000000001,37.662296
2023-10-15,S004-P0008,Furniture,34,83,84.16,91.49000000000001,40.055042
2023-10-16,S004-P0008,Furniture,27,100,77.79,91.49000000000001,31.147638
2023-10-17,S004-P0008,Furniture,39,73,77.43,91.49000000000001,34.886406
2023-10-18,S004-P0008,Furniture,20,93,66.88,91.49000000000001,46.020473
2023-10-19,S004-P0008,Furniture,51,78,85.51,91.49000000000001,41.03909
2023-10-20,S004-P0008,Furniture,35,76,80.3,91.49000000000001,32.80316
2023-10-21,S004-P0008,Furniture,83,102,91.58,91.49000000000001,41.086758
2023-10-22,S004-P0008,Furniture,44,99,83.38,91.49000000000001,33.710514
2023-10-23,S004-P0008,Furniture,28,98,65.7,91.49000000000001,39.507595
2023-10-24,S004-P0008,Furniture,30,80,82.74,91.49000000000001,31.087204
2023-10-25,S004-P0008,Furniture,90,97,104.1,91.49000000000001,83.540924
2023-10-26,S004-P0008,Furniture,107,116,99.18,91.49000000000001,82.1323
2023-10-27,S004-P0008,Furniture,46,119,70.0,91.49000000000001,107.23083
2023-10-28,S004-P0008,Furniture,119,71,102.83,91.49000000000001,66.255135
2023-10-29,S004-P0008,Furniture,60,111,98.34,91.49000000000001,68.028465
2023-10-30,S004-P0008,Furniture,71,124,97.51,91.49000000000001,67.3231
2023-10-31,S004-P0008,Furniture,108,116,110.46,91.49000000000001,82.69189
2023-11-01,S004-P0008,Furniture,83,99,96.43,91.49000000000001,65.08011
2023-11-02,S004-P0008,Furniture,77,75,94.54,91.49000000000001,70.40038
2023-11-03,S004-P0008,Furniture,102,86,97.5,91.49000000000001,86.23527
2023-11-04,S004-P0008,Furniture,56,119,96.81,91.49000000000001,74.23545
2023-11-05,S004-P0008,Furniture,179,56,128.51,91.49000000000001,96.961075
2023-11-06,S004-P0008,Furniture,46,204,88.46,91.49000000000001,63.839195
2023-11-07,S004-P0008,Furniture,73,152,93.29,91.49000000000001,80.8411
2023-11-08,S004-P0008,Furniture,46,78,88.63,91.49000000000001,74.125015
2023-11-09,S004-P0008,Furniture,105,73,87.63,91.49000000000001,99.33878
2023-11-10,S004-P0008,Furniture,110,109,88.97,91.49000000000001,107.43763
2023-11-11,S004-P0008,Furniture,106,107,98.93,91.49000000000001,81.84531
2023-11-12,S004-P0008,Furniture,66,109,85.94,91.49000000000001,96.961075
2023-11-13,S004-P0008,Furniture,108,107,82.73,91.49000000000001,87.211555
2023-11-14,S004-P0008,Furniture,76,153,94.31,91.49000000000001,62.8155
2023-11-15,S004-P0008,Furniture,55,72,91.64,91.49000000000001,81.78569
2023-11-16,S004-P0008,Furniture,63,89,94.54,91.49000000000001,70.85155
2023-11-17,S004-P0008,Furniture,67,105,75.87,91.49000000000001,107.49908
2023-11-18,S004-P0008,Furniture,144,111,110.38,91.49000000000001,108.389824
2023-11-19,S004-P0008,Furniture,86,127,102.78,91.49000000000001,74.30125
2023-11-20,S004-P0008,Furniture,45,150,74.25,91.49000000000001,86.983315
2023-11-21,S004-P0008,Furniture,68,121,96.37,91.49000000000001,64.16569
2023-11-22,S004-P0008,Furniture,110,123,100.07,91.49000000000001,82.5989
2023-11-23,S004-P0008,Furniture,67,184,100.86,91.49000000000001,70.85155
2023-11-24,S004-P0008,Furniture,172,104,99.71,91.49000000000001,96.74862
2023-11-25,S004-P0008,Furniture,95,168,105.85,91.49000000000001,65.07304
2023-11-26,S004-P0008,Furniture,49,78,85.07,91.49000000000001,67.0868
2023-11-27,S004-P0008,Furniture,24,90,84.94,91.49000000000001,70.81303
2023-11-28,S004-P0008,Furniture,49,65,85.01,91.49000000000001,73.13528
2023-11-29,S004-P0008,Furniture,123,65,109.66,91.49000000000001,82.5989
2023-11-30,S004-P0008,Furniture,65,127,100.38,91.49000000000001,61.969208
2023-12-01,S004-P0008,Furniture,94,76,94.84,91.49000000000001,65.78417
2023-12-02,S004-P0008,Furniture,72,79,97.72,91.49000000000001,65.69825
2023-12-03,S004-P0008,Furniture,39,95,86.21,91.49000000000001,65.53377
2023-12-04,S004-P0008,Furniture,101,107,97.11,91.49000000000001,87.08791
2023-12-05,S004-P0008,Furniture,130,104,93.38,91.49000000000001,108.10847
2023-12-06,S004-P0008,Furniture,58,155,92.95,91.49000000000001,83.48559
2023-12-07,S004-P0008,Furniture,51,107,85.71,91.49000000000001,80.76932
2023-12-08,S004-P0008,Furniture,42,123,87.12,91.49000000000001,65.364746
2023-12-09,S004-P0008,Furniture,63,77,89.61,91.49000000000001,83.44039
2023-12-10,S004-P0008,Furniture,57,77,92.28,91.49000000000001,65.53377
2023-12-11,S004-P0008,Furniture,48,81,89.32,91.49000000000001,66.05338
2023-12-12,S004-P0008,Furniture,117,100,89.76,91.49000000000001,87.25495
2023-12-13,S004-P0008,Furniture,98,119,106.89,91.49000000000001,76.20125
2023-12-14,S004-P0008,Furniture,111,150,99.66,91.49000000000001,96.314476
2023-12-15,S004-P0008,Furniture,50,159,67.58,91.49000000000001,86.849174
2023-12-16,S004-P0008,Furniture,51,125,95.13,91.49000000000001,83.41117
2023-12-17,S004-P0008,Furniture,121,68,102.85,91.49000000000001,96.38071
2023-12-18,S004-P0008,Furniture,93,129,105.12,91.49000000000001,66.188576
2023-12-19,S004-P0008,Furniture,112,111,111.9,91.49000000000001,82.462006
2023-12-20,S004-P0008,Furniture,105,116,103.81,91.49000000000001,87.35274
2023-12-21,S004-P0008,Furniture,85,94,102.24,91.49000000000001,80.58779
2023-12-22,S004-P0008,Furniture,72,124,78.33,91.49000000000001,86.61576
2023-12-23,S004-P0008,Furniture,71,145,87.25,91.49000000000001,86.60808
2023-12-24,S004-P0008,Furniture,35,64,89.05,91.49000000000001,74.2679
2023-12-25,S004-P0008,Furniture,59,88,88.56,91.49000000000001,73.6847
2023-12-26,S004-P0008,Furniture,106,119,98.65,91.49000000000001,98.561516
2023-12-27,S004-P0008,Furniture,42,148,87.07,91.49000000000001,32.13442
2023-12-28,S004-P0008,Furniture,52,116,81.62,91.49000000000001,30.934374
2023-12-29,S004-P0008,Furniture,22,59,79.98,91.49000000000001,33.010853
2023-12-30,S004-P0008,Furniture,38,95,85.6,91.49000000000001,40.808727
2023-12-31,S004-P0008,Furniture,30,55,78.63,91.49000000000001,33.862373
2024-01-01,S004-P0008,Furniture,49,71,84.75,91.49000000000001,37.333374
2024-01-02,S004-P0008,Furniture,18,79,78.81,91.49000000000001,39.969826
2024-01-03,S004-P0008,Furniture,51,66,76.08,91.49000000000001,42.23722
2024-01-04,S004-P0008,Furniture,34,91,75.91,91.49000000000001,51.41667
2024-01-05,S004-P0008,Furniture,37,65,72.7,91.49000000000001,56.3793
2024-01-06,S004-P0008,Furniture,28,87,77.94,91.49000000000001,39.476048
2024-01-07,S004-P0008,Furniture,46,59,79.56,91.49000000000001,36.432835
2024-01-08,S004-P0008,Furniture,6,64,78.52,91.49000000000001,38.458447
2024-01-09,S004-P0008,Furniture,49,57,80.81,91.49000000000001,86.925575
2024-01-10,S004-P0008,Furniture,79,78,95.03,91.49000000000001,74.45248
2024-01-11,S004-P0008,Furniture,103,87,87.1,91.49000000000001,105.54664
2024-01-12,S004-P0008,Furniture,47,90,80.0,91.49000000000001,65.461296
2024-01-13,S004-P0008,Furniture,66,100,100.55,91.49000000000001,74.24641
2024-01-14,S004-P0008,Furniture,96,93,100.93,91.49000000000001,73.32317
2024-01-15,S004-P0008,Furniture,71,109,87.58,91.49000000000001,72.51669
2024-01-16,S004-P0008,Furniture,140,140,108.96,91.49000000000001,86.09131
2024-01-17,S004-P0008,Furniture,120,141,96.74,91.49000000000001,86.309044
2024-01-18,S004-P0008,Furniture,46,169,93.39,91.49000000000001,63.67515
2024-01-19,S004-P0008,Furniture,76,116,89.39,91.49000000000001,65.461296
2024-01-20,S004-P0008,Furniture,81,117,106.19,91.49000000000001,81.83149
2024-01-21,S004-P0008,Furniture,101,118,113.84,91.49000000000001,66.39663
2024-01-22,S004-P0008,Furniture,44,109,83.1,91.49000000000001,72.51669
2024-01-23,S004-P0008,Furniture,72,75,87.36,91.49000000000001,97.47588
2024-01-24,S004-P0008,Furniture,78,74,78.78,91.49000000000001,86.021194
2024-01-25,S004-P0008,Furniture,96,99,111.7,91.49000000000001,72.539696
2024-01-26,S004-P0008,Furniture,109,118,116.52,91.49000000000001,80.68076
2024-01-27,S004-P0008,Furniture,83,140,86.53,91.49000000000001,98.129105
2024-01-28,S004-P0008,Furniture,73,148,88.42,91.49000000000001,80.48255
2024-01-29,S004-P0008,Furniture,83,85,91.33,91.49000000000001,78.912506
2024-01-30,S004-P0008,Furniture,69,92,86.87,91.49000000000001,64.00058
2023-10-03,S004-P0009,Clothing,97,389,87.18,111.1,117.08438
2023-10-04,S004-P0009,Clothing,52,284,93.72,111.1,87.80811
2023-10-05,S004-P0009,Clothing,121,235,125.34,111.1,107.48524
2023-10-06,S004-P0009,Clothing,91,97,119.85,111.1,107.53536
2023-10-07,S004-P0009,Clothing,55,20,99.97,111.1,86.04551
2023-10-08,S004-P0009,Clothing,99,330,104.63,111.1,111.30419
2023-10-09,S004-P0009,Clothing,132,268,116.5,111.1,102.289955
2023-10-10,S004-P0009,Clothing,98,120,110.67,111.1,85.63342
2023-10-11,S004-P0009,Clothing,62,382,107.86,111.1,85.81283
2023-10-12,S004-P0009,Clothing,60,343,91.76,111.1,87.326744
2023-10-13,S004-P0009,Clothing,73,279,101.12,111.1,95.383705
2023-10-14,S004-P0009,Clothing,115,216,110.11,111.1,129.18582
2023-10-15,S004-P0009,Clothing,140,88,125.59,111.1,104.71775
2023-10-16,S004-P0009,Clothing,43,236,95.42,111.1,86.72338
2023-10-17,S004-P0009,Clothing,141,192,139.91,111.1,93.63157
2023-10-18,S004-P0009,Clothing,86,445,100.66,111.1,118.899025
2023-10-19,S004-P0009,Clothing,105,379,113.13,111.1,87.128746
2023-10-20,S004-P0009,Clothing,50,258,93.14,111.1,87.41772
2023-10-21,S004-P0009,Clothing,104,206,95.16,111.1,109.50175
2023-10-22,S004-P0009,Clothing,50,463,97.97,111.1,88.69722
2023-10-23,S004-P0009,Clothing,134,404,97.65,111.1,109.83219
2023-10-24,S004-P0009,Clothing,131,278,122.54,111.1,85.63342
2023-10-25,S004-P0009,Clothing,133,145,116.99,111.1,108.8405
2023-10-26,S004-P0009,Clothing,151,328,116.35,111.1,138.64418
2023-10-27,S004-P0009,Clothing,133,166,109.33,111.1,137.9668
2023-10-28,S004-P0009,Clothing,75,507,86.04,111.1,117.025856
2023-10-29,S004-P0009,Clothing,73,420,101.54,111.1,88.19117
2023-10-30,S004-P0009,Clothing,83,336,110.73,111.1,88.565475
2023-10-31,S004-P0009,Clothing,174,280,138.52,111.1,108.75122
2023-11-01,S004-P0009,Clothing,82,96,116.32,111.1,85.826164
2023-11-02,S004-P0009,Clothing,134,0,97.75,111.1,126.67402
2023-11-03,S004-P0009,Clothing,101,559,111.49,111.1,115.84674
2023-11-04,S004-P0009,Clothing,82,455,104.36,111.1,129.95853
2023-11-05,S004-P0009,Clothing,155,389,145.68,111.1,99.64042
2023-11-06,S004-P0009,Clothing,76,245,102.58,111.1,86.05984
2023-11-07,S004-P0009,Clothing,47,198,92.16,111.1,107.86935
2023-11-08,S004-P0009,Clothing,91,714,89.95,111.1,127.28399
2023-11-09,S004-P0009,Clothing,92,643,114.03,111.1,95.82714
2023-11-10,S004-P0009,Clothing,75,538,113.3,111.1,109.630516
2023-11-11,S004-P0009,Clothing,103,462,112.02,111.1,107.92235
2023-11-12,S004-P0009,Clothing,94,396,121.07,111.1,99.64042
2023-11-13,S004-P0009,Clothing,98,292,87.46,111.1,113.61252
2023-11-14,S004-P0009,Clothing,113,223,96.55,111.1,114.33613
2023-11-15,S004-P0009,Clothing,121,152,125.23,111.1,109.02999
2023-11-16,S004-P0009,Clothing,98,420,116.54,111.1,96.81968
2023-11-17,S004-P0009,Clothing,95,329,121.33,111.1,109.630516
2023-11-18,S004-P0009,Clothing,77,238,92.16,111.1,142.15683
2023-11-19,S004-P0009,Clothing,75,171,101.8,111.1,97.37863
2023-11-20,S004-P0009,Clothing,38,345,93.5,111.1,85.4695
2023-11-21,S004-P0009,Clothing,118,306,117.47,111.1,115.18108
2023-11-22,S004-P0009,Clothing,122,213,125.83,111.1,108.12869
2023-11-23,S004-P0009,Clothing,88,120,112.45,111.1,96.81968
2023-11-24,S004-P0009,Clothing,70,455,100.25,111.1,97.57163
2023-11-25,S004-P0009,Clothing,91,382,91.01,111.1,114.57115
2023-11-26,S004-P0009,Clothing,94,278,108.91,111.1,86.94145
2023-11-27,S004-P0009,Clothing,63,208,108.4,111.1,96.819214
2023-11-28,S004-P0009,Clothing,151,170,102.63,111.1,126.67339
2023-11-29,S004-P0009,Clothing,55,235,99.83,111.1,108.12869
2023-11-30,S004-P0009,Clothing,126,187,127.19,111.1,86.25869
2023-12-01,S004-P0009,Clothing,52,511,83.94,111.1,132.73569
2023-12-02,S004-P0009,Clothing,124,458,120.18,111.1,104.509735
2023-12-03,S004-P0009,Clothing,118,318,93.19,111.1,131.76947
2023-12-04,S004-P0009,Clothing,59,195,76.06,111.1,132.67276
2023-12-05,S004-P0009,Clothing,175,141,146.2,111.1,128.10103
2023-12-06,S004-P0009,Clothing,271,369,155.42,111.1,162.20421
2023-12-07,S004-P0009,Clothing,187,142,150.61,111.1,126.56678
2023-12-08,S004-P0009,Clothing,161,502,148.12,111.1,104.262955
2023-12-09,S004-P0009,Clothing,123,1272,119.87,111.1,128.3829
2023-12-10,S004-P0009,Clothing,137,1137,118.29,111.1,103.655075
2023-12-11,S004-P0009,Clothing,192,1047,137.26,111.1,105.41123
2023-12-12,S004-P0009,Clothing,142,930,113.45,111.1,133.97058
2023-12-13,S004-P0009,Clothing,178,815,132.55,111.1,150.11757
2023-12-14,S004-P0009,Clothing,93,664,103.04,111.1,115.06369
2023-12-15,S004-P0009,Clothing,74,560,112.69,111.1,104.262955
2023-12-16,S004-P0009,Clothing,77,511,108.48,111.1,128.95204
2023-12-17,S004-P0009,Clothing,121,429,99.04,111.1,146.65251
2023-12-18,S004-P0009,Clothing,112,320,115.51,111.1,132.86041
2023-12-19,S004-P0009,Clothing,113,218,128.63,111.1,128.10103
2023-12-20,S004-P0009,Clothing,88,455,112.51,111.1,105.172226
2023-12-21,S004-P0009,Clothing,162,402,133.65,111.1,158.47194
2023-12-22,S004-P0009,Clothing,90,215,107.45,111.1,102.90352
2023-12-23,S004-P0009,Clothing,45,140,96.04,111.1,104.6975
2023-12-24,S004-P0009,Clothing,89,520,101.69,111.1,116.03489
2023-12-25,S004-P0009,Clothing,140,465,132.67,111.1,115.58614
2023-12-26,S004-P0009,Clothing,111,323,108.63,111.1,149.15607
2023-12-27,S004-P0009,Clothing,131,238,129.21,111.1,98.56963
2023-12-28,S004-P0009,Clothing,103,637,106.56,111.1,100.62809
2023-12-29,S004-P0009,Clothing,107,568,113.79,111.1,100.138626
2023-12-30,S004-P0009,Clothing,40,453,94.06,111.1,117.26236
2023-12-31,S004-P0009,Clothing,143,428,120.46,111.1,101.43929
2024-01-01,S004-P0009,Clothing,121,287,132.09,111.1,117.97205
2024-01-02,S004-P0009,Clothing,166,186,114.09,111.1,143.53552
2024-01-03,S004-P0009,Clothing,115,537,116.45,111.1,99.26516
2024-01-04,S004-P0009,Clothing,116,450,111.15,111.1,108.95435
2024-01-05,S004-P0009,Clothing,188,319,151.23,111.1,118.85141
2024-01-06,S004-P0009,Clothing,195,122,123.04,111.1,143.57968
2024-01-07,S004-P0009,Clothing,110,0,115.06,111.1,110.68203
2024-01-08,S004-P0009,Clothing,132,565,116.66,111.1,117.421585
2024-01-09,S004-P0009,Clothing,82,475,99.37,111.1,135.56494
2024-01-10,S004-P0009,Clothing,125,385,127.0,111.1,119.80886
2024-01-11,S004-P0009,Clothing,142,299,106.67,111.1,160.63411
2024-01-12,S004-P0009,Clothing,101,165,123.8,111.1,105.40101
2024-01-13,S004-P0009,Clothing,118,438,117.81,111.1,118.8565
2024-01-14,S004-P0009,Clothing,89,306,113.05,111.1,119.34174
2024-01-15,S004-P0009,Clothing,88,211,112.59,111.1,118.04928
2024-01-16,S004-P0009,Clothing,169,153,129.38,111.1,135.56494
2024-01-17,S004-P0009,Clothing,99,353,87.7,111.1,134.58829
2024-01-18,S004-P0009,Clothing,110,260,115.0,111.1,104.84423
2024-01-19,S004-P0009,Clothing,60,749,102.02,111.1,104.709305
2024-01-20,S004-P0009,Clothing,192,695,114.35,111.1,162.75017
2024-01-21,S004-P0009,Clothing,84,528,94.27,111.1,134.46434
2024-01-22,S004-P0009,Clothing,97,467,116.18,111.1,118.04928
2024-01-23,S004-P0009,Clothing,99,352,110.95,111.1,118.91536
2024-01-24,S004-P0009,Clothing,176,238,123.36,111.1,134.84511
2024-01-25,S004-P0009,Clothing,189,36,159.48,111.1,118.10246
2024-01-26,S004-P0009,Clothing,168,328,143.4,111.1,131.3444
2024-01-27,S004-P0009,Clothing,175,754,109.71,111.1,150.92593
2024-01-28,S004-P0009,Clothing,82,581,116.31,111.1,131.10405
2024-01-29,S004-P0009,Clothing,42,510,94.97,111.1,128.76648
2024-01-30,S004-P0009,Clothing,127,472,120.79,111.1,104.10403
2023-10-03,S004-P0010,Groceries,103,442,24.97,25.615000000000002,127.52839
2023-10-04,S004-P0010,Groceries,99,324,24.69,25.615000000000002,131.7247
2023-10-05,S004-P0010,Groceries,189,219,32.09,25.615000000000002,123.8287
2023-10-06,S004-P0010,Groceries,136,610,29.17,25.615000000000002,123.604195
2023-10-07,S004-P0010,Groceries,78,466,19.38,25.615000000000002,85.037575
2023-10-08,S004-P0010,Groceries,69,402,22.3,25.615000000000002,68.889305
2023-10-09,S004-P0010,Groceries,85,1224,23.54,25.615000000000002,78.918915
2023-10-10,S004-P0010,Groceries,37,1130,20.72,25.615000000000002,63.796024
2023-10-11,S004-P0010,Groceries,112,1107,27.11,25.615000000000002,64.357445
2023-10-12,S004-P0010,Groceries,81,1026,19.32,25.615000000000002,86.28857
2023-10-13,S004-P0010,Groceries,109,951,26.86,25.615000000000002,74.51755
2023-10-14,S004-P0010,Groceries,85,847,20.92,25.615000000000002,104.15655
2023-10-15,S004-P0010,Groceries,109,770,28.31,25.615000000000002,82.667885
2023-10-16,S004-P0010,Groceries,77,678,21.75,25.615000000000002,64.946655
2023-10-17,S004-P0010,Groceries,102,596,27.66,25.615000000000002,71.591095
2023-10-18,S004-P0010,Groceries,49,490,22.86,25.615000000000002,71.554924
2023-10-19,S004-P0010,Groceries,112,439,25.7,25.615000000000002,85.17797
2023-10-20,S004-P0010,Groceries,74,305,22.72,25.615000000000002,66.60817
2023-10-21,S004-P0010,Groceries,50,218,17.5,25.615000000000002,83.491066
2023-10-22,S004-P0010,Groceries,128,184,22.49,25.615000000000002,85.49464
2023-10-23,S004-P0010,Groceries,68,401,22.18,25.615000000000002,64.337685
2023-10-24,S004-P0010,Groceries,21,349,19.32,25.615000000000002,63.621475
2023-10-25,S004-P0010,Groceries,177,325,31.13,25.615000000000002,124.564926
2023-10-26,S004-P0010,Groceries,199,148,32.79,25.615000000000002,124.33787
2023-10-27,S004-P0010,Groceries,63,26,24.16,25.615000000000002,124.106636
2023-10-28,S004-P0010,Groceries,127,0,25.57,25.615000000000002,128.10011
2023-10-29,S004-P0010,Groceries,107,847,25.34,25.615000000000002,96.375435
2023-10-30,S004-P0010,Groceries,112,735,27.11,25.615000000000002,97.098015
2023-10-31,S004-P0010,Groceries,132,651,27.41,25.615000000000002,123.89747
2023-11-01,S004-P0010,Groceries,93,564,25.5,25.615000000000002,98.94667
2023-11-02,S004-P0010,Groceries,163,508,26.83,25.615000000000002,152.11102
2023-11-03,S004-P0010,Groceries,154,329,30.75,25.615000000000002,99.177025
2023-11-04,S004-P0010,Groceries,116,148,23.37,25.615000000000002,150.77434
2023-11-05,S004-P0010,Groceries,110,73,24.29,25.615000000000002,111.75659
2023-11-06,S004-P0010,Groceries,52,632,20.88,25.615000000000002,95.40038
2023-11-07,S004-P0010,Groceries,118,593,22.16,25.615000000000002,167.10397
2023-11-08,S004-P0010,Groceries,125,498,21.19,25.615000000000002,152.03978
2023-11-09,S004-P0010,Groceries,140,363,23.62,25.615000000000002,152.24167
2023-11-10,S004-P0010,Groceries,43,225,20.14,25.615000000000002,124.559814
2023-11-11,S004-P0010,Groceries,148,176,31.88,25.615000000000002,123.38064
2023-11-12,S004-P0010,Groceries,161,574,26.43,25.615000000000002,148.07672
2023-11-13,S004-P0010,Groceries,80,440,22.0,25.615000000000002,95.40038
2023-11-14,S004-P0010,Groceries,57,386,22.41,25.615000000000002,94.64849
2023-11-15,S004-P0010,Groceries,193,325,30.66,25.615000000000002,167.57507
2023-11-16,S004-P0010,Groceries,99,846,27.38,25.615000000000002,109.774025
2023-11-17,S004-P0010,Groceries,82,734,25.87,25.615000000000002,125.90385
2023-11-18,S004-P0010,Groceries,84,664,24.78,25.615000000000002,122.62251
2023-11-19,S004-P0010,Groceries,189,589,25.29,25.615000000000002,147.61664
2023-11-20,S004-P0010,Groceries,150,437,27.34,25.615000000000002,95.35069
2023-11-21,S004-P0010,Groceries,52,285,19.79,25.615000000000002,96.77068
2023-11-22,S004-P0010,Groceries,90,225,21.25,25.615000000000002,167.578
2023-11-23,S004-P0010,Groceries,157,932,23.27,25.615000000000002,152.52023
2023-11-24,S004-P0010,Groceries,96,769,27.11,25.615000000000002,113.3102
2023-11-25,S004-P0010,Groceries,50,681,19.64,25.615000000000002,97.01448
2023-11-26,S004-P0010,Groceries,113,650,27.2,25.615000000000002,99.69575
2023-11-27,S004-P0010,Groceries,116,516,27.48,25.615000000000002,109.05211
2023-11-28,S004-P0010,Groceries,144,401,29.91,25.615000000000002,110.435036
2023-11-29,S004-P0010,Groceries,133,261,27.41,25.615000000000002,123.37298
2023-11-30,S004-P0010,Groceries,112,107,24.42,25.615000000000002,96.09885
2023-12-01,S004-P0010,Groceries,46,2,20.45,25.615000000000002,95.91288
2023-12-02,S004-P0010,Groceries,130,591,25.86,25.615000000000002,98.273796
2023-12-03,S004-P0010,Groceries,130,438,27.23,25.615000000000002,95.27352
2023-12-04,S004-P0010,Groceries,36,318,21.73,25.615000000000002,99.32383
2023-12-05,S004-P0010,Groceries,55,282,22.3,25.615000000000002,124.54726
2023-12-06,S004-P0010,Groceries,143,232,29.82,25.615000000000002,125.36295
2023-12-07,S004-P0010,Groceries,180,663,31.33,25.615000000000002,121.38536
2023-12-08,S004-P0010,Groceries,77,451,20.32,25.615000000000002,127.56465
2023-12-09,S004-P0010,Groceries,250,387,33.16,25.615000000000002,161.28416
2023-12-10,S004-P0010,Groceries,139,156,27.94,25.615000000000002,128.05902
2023-12-11,S004-P0010,Groceries,59,746,17.88,25.615000000000002,127.34864
2023-12-12,S004-P0010,Groceries,96,691,23.19,25.615000000000002,97.857185
2023-12-13,S004-P0010,Groceries,118,582,27.71,25.615000000000002,114.63993
2023-12-14,S004-P0010,Groceries,106,463,28.07,25.615000000000002,110.9647
2023-12-15,S004-P0010,Groceries,129,369,28.64,25.615000000000002,96.5971
2023-12-16,S004-P0010,Groceries,159,264,29.61,25.615000000000002,125.21288
2023-12-17,S004-P0010,Groceries,162,79,28.15,25.615000000000002,147.12839
2023-12-18,S004-P0010,Groceries,167,345,28.48,25.615000000000002,127.56486
2023-12-19,S004-P0010,Groceries,82,159,24.54,25.615000000000002,125.08698
2023-12-20,S004-P0010,Groceries,120,704,21.95,25.615000000000002,131.29097
2023-12-21,S004-P0010,Groceries,209,573,31.94,25.615000000000002,120.94605
2023-12-22,S004-P0010,Groceries,47,443,21.56,25.615000000000002,95.91288
2023-12-23,S004-P0010,Groceries,103,389,27.76,25.615000000000002,98.74905
2023-12-24,S004-P0010,Groceries,202,270,29.67,25.615000000000002,147.12839
2023-12-25,S004-P0010,Groceries,148,1110,24.16,25.615000000000002,144.58539
2023-12-26,S004-P0010,Groceries,165,970,33.38,25.615000000000002,114.230316
2023-12-27,S004-P0010,Groceries,133,793,21.69,25.615000000000002,89.830284
2023-12-28,S004-P0010,Groceries,60,711,20.4,25.615000000000002,68.795944
2023-12-29,S004-P0010,Groceries,34,646,20.44,25.615000000000002,68.573105
2023-12-30,S004-P0010,Groceries,145,611,28.41,25.615000000000002,84.07649
2023-12-31,S004-P0010,Groceries,31,448,19.13,25.615000000000002,69.00054
2024-01-01,S004-P0010,Groceries,153,419,29.02,25.615000000000002,110.15745
2024-01-02,S004-P0010,Groceries,89,293,26.52,25.615000000000002,85.468025
2024-01-03,S004-P0010,Groceries,77,866,24.14,25.615000000000002,66.57969
2024-01-04,S004-P0010,Groceries,118,804,23.3,25.615000000000002,100.542625
2024-01-05,S004-P0010,Groceries,123,678,22.46,25.615000000000002,110.842415
2024-01-06,S004-P0010,Groceries,76,533,25.34,25.615000000000002,85.895996
2024-01-07,S004-P0010,Groceries,91,465,21.34,25.615000000000002,102.219444
2024-01-08,S004-P0010,Groceries,127,387,27.04,25.615000000000002,84.11027
2024-01-09,S004-P0010,Groceries,101,290,27.58,25.615000000000002,97.56131
2024-01-10,S004-P0010,Groceries,215,222,32.2,25.615000000000002,146.87073
2024-01-11,S004-P0010,Groceries,159,91,32.86,25.615000000000002,118.6817
2024-01-12,S004-P0010,Groceries,106,540,26.62,25.615000000000002,97.69434
2024-01-13,S004-P0010,Groceries,114,461,25.94,25.615000000000002,110.67857
2024-01-14,S004-P0010,Groceries,51,1119,20.81,25.615000000000002,110.98202
2024-01-15,S004-P0010,Groceries,155,1063,29.3,25.615000000000002,110.452965
2024-01-16,S004-P0010,Groceries,64,879,18.21,25.615000000000002,129.51172
2024-01-17,S004-P0010,Groceries,89,839,22.54,25.615000000000002,131.03055
2024-01-18,S004-P0010,Groceries,161,760,29.74,25.615000000000002,95.82591
2024-01-19,S004-P0010,Groceries,119,600,26.33,25.615000000000002,96.60749
2024-01-20,S004-P0010,Groceries,119,468,26.26,25.615000000000002,121.57387
2024-01-21,S004-P0010,Groceries,165,337,25.01,25.615000000000002,128.20598
2024-01-22,S004-P0010,Groceries,86,218,26.23,25.615000000000002,110.944405
2024-01-23,S004-P0010,Groceries,138,154,26.44,25.615000000000002,109.34994
2024-01-24,S004-P0010,Groceries,129,440,22.58,25.615000000000002,130.52873
2024-01-25,S004-P0010,Groceries,140,290,31.07,25.615000000000002,107.93819
2024-01-26,S004-P0010,Groceries,103,166,25.05,25.615000000000002,122.97855
2024-01-27,S004-P0010,Groceries,131,598,25.76,25.615000000000002,147.09286
2024-01-28,S004-P0010,Groceries,122,515,28.05,25.615000000000002,122.61056
2024-01-29,S004-P0010,Groceries,115,383,24.64,25.615000000000002,119.54539
2024-01-30,S004-P0010,Groceries,117,247,27.62,25.615000000000002,96.90193
2023-10-03,S004-P0011,Clothing,112,330,59.72,58.195,87.57381
2023-10-04,S004-P0011,Clothing,74,240,58.29,58.195,88.24499
2023-10-05,S004-P0011,Clothing,127,194,65.89,58.195,108.073006
2023-10-06,S004-P0011,Clothing,149,47,66.58,58.195,106.57364
2023-10-07,S004-P0011,Clothing,127,447,55.5,58.195,109.252785
2023-10-08,S004-P0011,Clothing,101,349,48.58,58.195,111.2837
2023-10-09,S004-P0011,Clothing,146,240,62.72,58.195,102.289955
2023-10-10,S004-P0011,Clothing,38,688,41.0,58.195,109.272865
2023-10-11,S004-P0011,Clothing,102,653,54.83,58.195,86.11416
2023-10-12,S004-P0011,Clothing,47,566,44.85,58.195,109.13607
2023-10-13,S004-P0011,Clothing,95,511,59.57,58.195,95.13908
2023-10-14,S004-P0011,Clothing,114,423,57.0,58.195,102.23844
2023-10-15,S004-P0011,Clothing,71,349,52.06,58.195,104.92426
2023-10-16,S004-P0011,Clothing,95,282,59.52,58.195,86.75677
2023-10-17,S004-P0011,Clothing,90,202,43.9,58.195,118.91996
2023-10-18,S004-P0011,Clothing,52,498,51.14,58.195,93.5734
2023-10-19,S004-P0011,Clothing,95,453,56.48,58.195,109.12098
2023-10-20,S004-P0011,Clothing,110,365,62.68,58.195,87.297874
2023-10-21,S004-P0011,Clothing,111,261,50.19,58.195,109.50175
2023-10-22,S004-P0011,Clothing,58,166,49.44,58.195,88.8426
2023-10-23,S004-P0011,Clothing,147,569,55.95,58.195,109.55897
2023-10-24,S004-P0011,Clothing,107,416,65.25,58.195,85.43708
2023-10-25,S004-P0011,Clothing,58,341,49.73,58.195,109.55021
2023-10-26,S004-P0011,Clothing,158,273,61.38,58.195,138.64418
2023-10-27,S004-P0011,Clothing,103,664,61.12,58.195,107.53536
2023-10-28,S004-P0011,Clothing,121,551,58.33,58.195,87.462425
2023-10-29,S004-P0011,Clothing,80,477,56.59,58.195,88.36691
2023-10-30,S004-P0011,Clothing,109,386,62.46,58.195,88.729485
2023-10-31,S004-P0011,Clothing,74,291,55.39,58.195,108.75122
2023-11-01,S004-P0011,Clothing,161,704,65.51,58.195,83.9579
2023-11-02,S004-P0011,Clothing,66,559,53.94,58.195,96.81968
2023-11-03,S004-P0011,Clothing,119,503,64.47,58.195,86.49738
2023-11-04,S004-P0011,Clothing,120,422,48.38,58.195,127.56587
2023-11-05,S004-P0011,Clothing,89,1010,61.44,58.195,99.64042
2023-11-06,S004-P0011,Clothing,91,945,47.11,58.195,113.49279
2023-11-07,S004-P0011,Clothing,143,864,69.16,58.195,107.86935
2023-11-08,S004-P0011,Clothing,64,754,53.42,58.195,96.53556
2023-11-09,S004-P0011,Clothing,108,714,62.28,58.195,95.82714
2023-11-10,S004-P0011,Clothing,116,646,57.35,58.195,107.47895
2023-11-11,S004-P0011,Clothing,199,518,67.69,58.195,141.4266
2023-11-12,S004-P0011,Clothing,104,396,58.37,58.195,98.44333
2023-11-13,S004-P0011,Clothing,77,331,56.1,58.195,86.05984
2023-11-14,S004-P0011,Clothing,68,247,48.88,58.195,84.89205
2023-11-15,S004-P0011,Clothing,124,1070,52.32,58.195,141.00192
2023-11-16,S004-P0011,Clothing,125,996,62.19,58.195,95.63645
2023-11-17,S004-P0011,Clothing,107,907,48.94,58.195,138.23389
2023-11-18,S004-P0011,Clothing,77,781,53.04,58.195,143.00348
2023-11-19,S004-P0011,Clothing,77,719,53.16,58.195,97.37863
2023-11-20,S004-P0011,Clothing,121,627,64.79,58.195,86.13398
2023-11-21,S004-P0011,Clothing,82,539,48.45,58.195,114.38657
2023-11-22,S004-P0011,Clothing,43,453,46.77,58.195,108.12869
2023-11-23,S004-P0011,Clothing,102,405,57.88,58.195,95.82714
2023-11-24,S004-P0011,Clothing,121,341,55.01,58.195,127.72288
2023-11-25,S004-P0011,Clothing,148,219,56.19,58.195,114.57115
2023-11-26,S004-P0011,Clothing,112,75,49.8,58.195,113.5087
2023-11-27,S004-P0011,Clothing,139,396,68.36,58.195,96.819214
2023-11-28,S004-P0011,Clothing,118,245,57.74,58.195,95.55264
2023-11-29,S004-P0011,Clothing,129,831,62.8,58.195,107.377205
2023-11-30,S004-P0011,Clothing,62,702,53.05,58.195,85.38564
2023-12-01,S004-P0011,Clothing,206,654,77.32,58.195,133.28474
2023-12-02,S004-P0011,Clothing,60,466,52.66,58.195,104.6975
2023-12-03,S004-P0011,Clothing,106,427,65.15,58.195,104.86088
2023-12-04,S004-P0011,Clothing,102,346,48.8,58.195,132.56511
2023-12-05,S004-P0011,Clothing,145,1238,69.5,58.195,127.5928
2023-12-06,S004-P0011,Clothing,183,1090,69.41,58.195,163.02408
2023-12-07,S004-P0011,Clothing,190,930,66.8,58.195,158.0318
2023-12-08,S004-P0011,Clothing,92,710,55.98,58.195,103.57834
2023-12-09,S004-P0011,Clothing,124,628,55.05,58.195,162.10641
2023-12-10,S004-P0011,Clothing,75,522,55.64,58.195,104.86088
2023-12-11,S004-P0011,Clothing,113,450,56.58,58.195,132.593
2023-12-12,S004-P0011,Clothing,93,375,56.12,58.195,104.4571
2023-12-13,S004-P0011,Clothing,122,273,65.05,58.195,116.84705
2023-12-14,S004-P0011,Clothing,62,133,47.83,58.195,115.06369
2023-12-15,S004-P0011,Clothing,108,524,58.92,58.195,102.90352
2023-12-16,S004-P0011,Clothing,101,414,47.96,58.195,161.37033
2023-12-17,S004-P0011,Clothing,175,327,75.46,58.195,116.60005
2023-12-18,S004-P0011,Clothing,82,133,54.1,58.195,105.41123
2023-12-19,S004-P0011,Clothing,133,34,60.36,58.195,162.47765
2023-12-20,S004-P0011,Clothing,77,446,53.09,58.195,104.98432
2023-12-21,S004-P0011,Clothing,91,364,55.84,58.195,126.56678
2023-12-22,S004-P0011,Clothing,175,297,67.91,58.195,133.28474
2023-12-23,S004-P0011,Clothing,108,709,62.19,58.195,104.509735
2023-12-24,S004-P0011,Clothing,110,591,62.63,58.195,117.20721
2023-12-25,S004-P0011,Clothing,115,469,67.01,58.195,115.58614
2023-12-26,S004-P0011,Clothing,153,371,53.42,58.195,147.89139
2023-12-27,S004-P0011,Clothing,95,227,56.69,58.195,98.56963
2023-12-28,S004-P0011,Clothing,59,143,55.24,58.195,101.17918
2023-12-29,S004-P0011,Clothing,189,606,78.37,58.195,100.95543
2023-12-30,S004-P0011,Clothing,102,429,61.04,58.195,117.26236
2023-12-31,S004-P0011,Clothing,120,316,61.33,58.195,101.78893
2024-01-01,S004-P0011,Clothing,110,196,47.0,58.195,143.07538
2024-01-02,S004-P0011,Clothing,108,867,59.04,58.195,117.9478
2024-01-03,S004-P0011,Clothing,151,775,55.88,58.195,123.39002
2024-01-04,S004-P0011,Clothing,114,644,57.04,58.195,134.76796
2024-01-05,S004-P0011,Clothing,206,563,68.78,58.195,143.78564
2024-01-06,S004-P0011,Clothing,209,340,64.91,58.195,143.2187
2024-01-07,S004-P0011,Clothing,122,127,61.68,58.195,110.68203
2024-01-08,S004-P0011,Clothing,161,37,68.96,58.195,117.421585
2024-01-09,S004-P0011,Clothing,99,908,63.57,58.195,104.97974
2024-01-10,S004-P0011,Clothing,130,810,66.67,58.195,119.060326
2024-01-11,S004-P0011,Clothing,262,671,78.11,58.195,160.63411
2024-01-12,S004-P0011,Clothing,8,366,38.17,58.195,104.11495
2024-01-13,S004-P0011,Clothing,215,357,70.91,58.195,152.15045
2024-01-14,S004-P0011,Clothing,120,173,64.57,58.195,119.99966
2024-01-15,S004-P0011,Clothing,158,1307,68.31,58.195,149.4378
2024-01-16,S004-P0011,Clothing,80,1212,53.78,58.195,104.43853
2024-01-17,S004-P0011,Clothing,104,1146,46.12,58.195,134.58829
2024-01-18,S004-P0011,Clothing,181,1040,76.73,58.195,104.84423
2024-01-19,S004-P0011,Clothing,101,850,63.91,58.195,105.40101
2024-01-20,S004-P0011,Clothing,101,778,54.7,58.195,164.76965
2024-01-21,S004-P0011,Clothing,116,683,63.84,58.195,104.902275
2024-01-22,S004-P0011,Clothing,168,604,70.38,58.195,117.40258
2024-01-23,S004-P0011,Clothing,131,426,66.86,58.195,119.60835
2024-01-24,S004-P0011,Clothing,82,280,54.02,58.195,104.25253
2024-01-25,S004-P0011,Clothing,153,221,74.85,58.195,118.10246
2024-01-26,S004-P0011,Clothing,88,851,58.18,58.195,131.3444
2024-01-27,S004-P0011,Clothing,55,767,46.54,58.195,118.8565
2024-01-28,S004-P0011,Clothing,55,720,46.46,58.195,129.92773
2024-01-29,S004-P0011,Clothing,97,680,63.24,58.195,129.29688
2024-01-30,S004-P0011,Clothing,96,596,53.84,58.195,104.10403
2023-10-03,S004-P0012,Electronics,137,125,118.11,106.785,110.458496
2023-10-04,S004-P0012,Electronics,34,164,96.56,106.785,87.370255
2023-10-05,S004-P0012,Electronics,103,140,118.25,106.785,104.762596
2023-10-06,S004-P0012,Electronics,70,150,100.41,106.785,105.42425
2023-10-07,S004-P0012,Electronics,46,90,86.56,106.785,45.164692
2023-10-08,S004-P0012,Electronics,47,49,96.91,106.785,48.188114
2023-10-09,S004-P0012,Electronics,47,68,96.82,106.785,55.466614
2023-10-10,S004-P0012,Electronics,63,72,92.64,106.785,58.64954
2023-10-11,S004-P0012,Electronics,49,89,92.33,106.785,45.680668
2023-10-12,S004-P0012,Electronics,56,93,90.3,106.785,60.150234
2023-10-13,S004-P0012,Electronics,36,88,69.25,106.785,66.8744
2023-10-14,S004-P0012,Electronics,72,46,90.45,106.785,74.304565
2023-10-15,S004-P0012,Electronics,61,81,96.89,106.785,58.086864
2023-10-16,S004-P0012,Electronics,40,95,89.47,106.785,45.814594
2023-10-17,S004-P0012,Electronics,33,69,86.47,106.785,50.10336
2023-10-18,S004-P0012,Electronics,80,85,93.0,106.785,65.75862
2023-10-19,S004-P0012,Electronics,88,108,118.58,106.785,47.45715
2023-10-20,S004-P0012,Electronics,23,148,83.01,106.785,60.037857
2023-10-21,S004-P0012,Electronics,52,131,79.06,106.785,58.414074
2023-10-22,S004-P0012,Electronics,51,91,88.31,106.785,47.987362
2023-10-23,S004-P0012,Electronics,70,111,105.52,106.785,45.42954
2023-10-24,S004-P0012,Electronics,59,119,106.73,106.785,44.603935
2023-10-25,S004-P0012,Electronics,108,73,108.02,106.785,134.47409
2023-10-26,S004-P0012,Electronics,128,124,134.68,106.785,104.762596
2023-10-27,S004-P0012,Electronics,119,147,124.58,106.785,105.14292
2023-10-28,S004-P0012,Electronics,110,176,120.78,106.785,87.432335
2023-10-29,S004-P0012,Electronics,49,60,92.2,106.785,88.00674
2023-10-30,S004-P0012,Electronics,90,65,101.76,106.785,88.2092
2023-10-31,S004-P0012,Electronics,65,74,109.1,106.785,105.72846
2023-11-01,S004-P0012,Electronics,220,84,146.04,106.785,115.56024
2023-11-02,S004-P0012,Electronics,115,189,129.31,106.785,93.236374
2023-11-03,S004-P0012,Electronics,98,65,104.12,106.785,111.27929
2023-11-04,S004-P0012,Electronics,153,109,137.63,106.785,95.87817
2023-11-05,S004-P0012,Electronics,41,161,85.12,106.785,95.19865
2023-11-06,S004-P0012,Electronics,92,116,108.15,106.785,81.79824
2023-11-07,S004-P0012,Electronics,99,159,116.7,106.785,105.852135
2023-11-08,S004-P0012,Electronics,92,59,102.48,106.785,95.9071
2023-11-09,S004-P0012,Electronics,133,102,116.73,106.785,127.48236
2023-11-10,S004-P0012,Electronics,145,158,127.14,106.785,137.7585
2023-11-11,S004-P0012,Electronics,133,196,129.64,106.785,106.72365
2023-11-12,S004-P0012,Electronics,115,104,110.42,106.785,95.19865
2023-11-13,S004-P0012,Electronics,106,123,113.6,106.785,81.98857
2023-11-14,S004-P0012,Electronics,169,162,128.41,106.785,110.5202
2023-11-15,S004-P0012,Electronics,87,158,112.27,106.785,107.198875
2023-11-16,S004-P0012,Electronics,113,102,128.54,106.785,93.236374
2023-11-17,S004-P0012,Electronics,159,145,132.48,106.785,105.17869
2023-11-18,S004-P0012,Electronics,202,214,123.47,106.785,141.6864
2023-11-19,S004-P0012,Electronics,111,265,90.91,106.785,124.248985
2023-11-20,S004-P0012,Electronics,74,174,101.29,106.785,81.3635
2023-11-21,S004-P0012,Electronics,86,107,111.6,106.785,84.131645
2023-11-22,S004-P0012,Electronics,162,147,133.75,106.785,106.925606
2023-11-23,S004-P0012,Electronics,214,196,120.57,106.785,129.27179
2023-11-24,S004-P0012,Electronics,174,206,137.74,106.785,124.506065
2023-11-25,S004-P0012,Electronics,119,203,124.38,106.785,85.67884
2023-11-26,S004-P0012,Electronics,108,109,102.05,106.785,111.117256
2023-11-27,S004-P0012,Electronics,139,96,132.08,106.785,92.78625
2023-11-28,S004-P0012,Electronics,108,113,113.7,106.785,94.58375
2023-11-29,S004-P0012,Electronics,145,97,141.47,106.785,107.198875
2023-11-30,S004-P0012,Electronics,110,121,114.58,106.785,81.05357
2023-12-01,S004-P0012,Electronics,108,130,126.36,106.785,83.851456
2023-12-02,S004-P0012,Electronics,99,171,104.32,106.785,109.56841
2023-12-03,S004-P0012,Electronics,121,69,118.65,106.785,107.26973
2023-12-04,S004-P0012,Electronics,109,128,114.3,106.785,86.395966
2023-12-05,S004-P0012,Electronics,130,166,128.79,106.785,105.987495
2023-12-06,S004-P0012,Electronics,137,151,138.13,106.785,106.85093
2023-12-07,S004-P0012,Electronics,116,117,129.91,106.785,103.89765
2023-12-08,S004-P0012,Electronics,97,153,115.8,106.785,83.7009
2023-12-09,S004-P0012,Electronics,81,71,98.82,106.785,133.96097
2023-12-10,S004-P0012,Electronics,88,92,94.62,106.785,107.06873
2023-12-11,S004-P0012,Electronics,89,119,94.95,106.785,109.62893
2023-12-12,S004-P0012,Electronics,138,106,131.62,106.785,84.92511
2023-12-13,S004-P0012,Electronics,105,155,107.09,106.785,99.19366
2023-12-14,S004-P0012,Electronics,97,50,104.26,106.785,96.25698
2023-12-15,S004-P0012,Electronics,108,114,96.27,106.785,107.87968
2023-12-16,S004-P0012,Electronics,64,143,92.79,106.785,107.46385
2023-12-17,S004-P0012,Electronics,144,98,114.03,106.785,120.13979
2023-12-18,S004-P0012,Electronics,96,152,109.8,106.785,85.63979
2023-12-19,S004-P0012,Electronics,137,42,117.35,106.785,133.38077
2023-12-20,S004-P0012,Electronics,80,158,115.33,106.785,85.309364
2023-12-21,S004-P0012,Electronics,113,110,115.51,106.785,104.702545
2023-12-22,S004-P0012,Electronics,173,126,114.74,106.785,108.12934
2023-12-23,S004-P0012,Electronics,123,203,119.78,106.785,85.168755
2023-12-24,S004-P0012,Electronics,51,127,98.38,106.785,94.93818
2023-12-25,S004-P0012,Electronics,160,67,111.98,106.785,122.51608
2023-12-26,S004-P0012,Electronics,141,174,132.8,106.785,97.65823
2023-12-27,S004-P0012,Electronics,65,200,98.32,106.785,46.394993
2023-12-28,S004-P0012,Electronics,44,126,90.92,106.785,45.30881
2023-12-29,S004-P0012,Electronics,37,99,92.7,106.785,46.850502
2023-12-30,S004-P0012,Electronics,56,65,105.34,106.785,58.943832
2023-12-31,S004-P0012,Electronics,49,70,92.33,106.785,47.81521
2024-01-01,S004-P0012,Electronics,74,86,107.12,106.785,55.15492
2024-01-02,S004-P0012,Electronics,67,122,109.97,106.785,57.013832
2024-01-03,S004-P0012,Electronics,80,69,103.79,106.785,43.499165
2024-01-04,S004-P0012,Electronics,45,83,86.43,106.785,49.873142
2024-01-05,S004-P0012,Electronics,65,92,98.16,106.785,54.64947
2024-01-06,S004-P0012,Electronics,49,104,97.43,106.785,57.471897
2024-01-07,S004-P0012,Electronics,75,67,101.68,106.785,69.6515
2024-01-08,S004-P0012,Electronics,36,73,97.45,106.785,55.83198
2024-01-09,S004-P0012,Electronics,147,91,115.01,106.785,109.53741
2024-01-10,S004-P0012,Electronics,121,169,118.72,106.785,96.09926
2024-01-11,S004-P0012,Electronics,190,27,121.34,106.785,132.67522
2024-01-12,S004-P0012,Electronics,98,153,91.71,106.785,108.548615
2024-01-13,S004-P0012,Electronics,189,49,135.28,106.785,123.06536
2024-01-14,S004-P0012,Electronics,128,214,115.24,106.785,93.59318
2024-01-15,S004-P0012,Electronics,90,70,113.39,106.785,93.93496
2024-01-16,S004-P0012,Electronics,90,97,119.29,106.785,83.60403
2024-01-17,S004-P0012,Electronics,109,127,107.92,106.785,110.26802
2024-01-18,S004-P0012,Electronics,144,145,107.21,106.785,109.22101
2024-01-19,S004-P0012,Electronics,66,133,93.75,106.785,84.17144
2024-01-20,S004-P0012,Electronics,159,93,132.53,106.785,103.94352
2024-01-21,S004-P0012,Electronics,79,173,108.98,106.785,83.9312
2024-01-22,S004-P0012,Electronics,107,115,113.59,106.785,122.34745
2024-01-23,S004-P0012,Electronics,99,135,105.2,106.785,122.89861
2024-01-24,S004-P0012,Electronics,87,160,106.65,106.785,84.29525
2024-01-25,S004-P0012,Electronics,120,93,99.94,106.785,121.2696
2024-01-26,S004-P0012,Electronics,81,120,115.69,106.785,102.12032
2024-01-27,S004-P0012,Electronics,51,123,88.58,106.785,95.374794
2024-01-28,S004-P0012,Electronics,146,67,127.82,106.785,101.57631
2024-01-29,S004-P0012,Electronics,166,159,142.51,106.785,102.56824
2024-01-30,S004-P0012,Electronics,91,201,119.62,106.785,83.60403
2023-10-03,S004-P0013,Groceries,200,185,24.76,20.34,127.52839
2023-10-04,S004-P0013,Groceries,143,0,23.62,20.34,101.04462
2023-10-05,S004-P0013,Groceries,127,409,21.33,20.34,124.33787
2023-10-06,S004-P0013,Groceries,145,867,23.74,20.34,123.604195
2023-10-07,S004-P0013,Groceries,78,765,17.3,20.34,64.520874
2023-10-08,S004-P0013,Groceries,61,681,17.12,20.34,68.90301
2023-10-09,S004-P0013,Groceries,110,633,20.23,20.34,78.918915
2023-10-10,S004-P0013,Groceries,81,523,14.54,20.34,83.670555
2023-10-11,S004-P0013,Groceries,78,469,18.21,20.34,64.63743
2023-10-12,S004-P0013,Groceries,96,419,18.41,20.34,85.17797
2023-10-13,S004-P0013,Groceries,54,338,16.65,20.34,74.38322
2023-10-14,S004-P0013,Groceries,66,275,16.55,20.34,79.151596
2023-10-15,S004-P0013,Groceries,117,206,21.84,20.34,82.60188
2023-10-16,S004-P0013,Groceries,117,97,17.27,20.34,84.11017
2023-10-17,S004-P0013,Groceries,51,219,13.05,20.34,94.12793
2023-10-18,S004-P0013,Groceries,51,509,17.34,20.34,71.554924
2023-10-19,S004-P0013,Groceries,58,453,16.07,20.34,66.204506
2023-10-20,S004-P0013,Groceries,82,383,18.47,20.34,84.79858
2023-10-21,S004-P0013,Groceries,41,315,15.87,20.34,63.79352
2023-10-22,S004-P0013,Groceries,84,280,14.68,20.34,85.49464
2023-10-23,S004-P0013,Groceries,56,219,14.16,20.34,83.86613
2023-10-24,S004-P0013,Groceries,35,163,16.3,20.34,63.796024
2023-10-25,S004-P0013,Groceries,261,363,29.93,20.34,160.28297
2023-10-26,S004-P0013,Groceries,117,75,21.87,20.34,123.8287
2023-10-27,S004-P0013,Groceries,80,0,19.35,20.34,124.106636
2023-10-28,S004-P0013,Groceries,57,711,17.8,20.34,97.29537
2023-10-29,S004-P0013,Groceries,115,671,20.6,20.34,96.389854
2023-10-30,S004-P0013,Groceries,83,576,19.54,20.34,97.05495
2023-10-31,S004-P0013,Groceries,71,518,16.83,20.34,124.0034
2023-11-01,S004-P0013,Groceries,209,446,22.19,20.34,136.09862
2023-11-02,S004-P0013,Groceries,160,252,26.06,20.34,109.774025
2023-11-03,S004-P0013,Groceries,109,147,22.42,20.34,100.43697
2023-11-04,S004-P0013,Groceries,103,527,21.98,20.34,111.41003
2023-11-05,S004-P0013,Groceries,161,414,22.35,20.34,149.84764
2023-11-06,S004-P0013,Groceries,97,227,18.45,20.34,95.40038
2023-11-07,S004-P0013,Groceries,102,125,19.75,20.34,122.427635
2023-11-08,S004-P0013,Groceries,161,416,22.36,20.34,151.53699
2023-11-09,S004-P0013,Groceries,136,286,24.39,20.34,109.774025
2023-11-10,S004-P0013,Groceries,111,186,20.39,20.34,124.559814
2023-11-11,S004-P0013,Groceries,126,526,22.45,20.34,122.62251
2023-11-12,S004-P0013,Groceries,188,377,26.68,20.34,113.681656
2023-11-13,S004-P0013,Groceries,121,160,19.93,20.34,95.40038
2023-11-14,S004-P0013,Groceries,112,45,18.28,20.34,130.45573
2023-11-15,S004-P0013,Groceries,134,643,24.23,20.34,123.84173
2023-11-16,S004-P0013,Groceries,4,517,11.95,20.34,152.24167
2023-11-17,S004-P0013,Groceries,91,513,20.11,20.34,124.559814
2023-11-18,S004-P0013,Groceries,126,454,16.84,20.34,167.12732
2023-11-19,S004-P0013,Groceries,93,335,20.23,20.34,112.36877
2023-11-20,S004-P0013,Groceries,33,246,14.46,20.34,135.28604
2023-11-21,S004-P0013,Groceries,104,610,17.82,20.34,134.45781
2023-11-22,S004-P0013,Groceries,90,534,18.03,20.34,123.37298
2023-11-23,S004-P0013,Groceries,122,468,21.02,20.34,152.11987
2023-11-24,S004-P0013,Groceries,71,368,18.72,20.34,112.1337
2023-11-25,S004-P0013,Groceries,82,292,14.61,20.34,135.06497
2023-11-26,S004-P0013,Groceries,50,198,17.28,20.34,100.70936
2023-11-27,S004-P0013,Groceries,133,161,21.79,20.34,109.05211
2023-11-28,S004-P0013,Groceries,89,294,19.94,20.34,110.435036
2023-11-29,S004-P0013,Groceries,155,239,24.46,20.34,123.243706
2023-11-30,S004-P0013,Groceries,173,398,23.1,20.34,96.09885
2023-12-01,S004-P0013,Groceries,112,209,17.19,20.34,127.56465
2023-12-02,S004-P0013,Groceries,116,530,19.51,20.34,131.02345
2023-12-03,S004-P0013,Groceries,110,414,21.4,20.34,96.03271
2023-12-04,S004-P0013,Groceries,112,324,17.19,20.34,127.18487
2023-12-05,S004-P0013,Groceries,196,201,24.48,20.34,161.5024
2023-12-06,S004-P0013,Groceries,120,429,18.76,20.34,160.808
2023-12-07,S004-P0013,Groceries,165,307,23.86,20.34,121.38536
2023-12-08,S004-P0013,Groceries,85,823,19.65,20.34,95.91288
2023-12-09,S004-P0013,Groceries,127,722,22.53,20.34,125.21288
2023-12-10,S004-P0013,Groceries,79,574,18.27,20.34,95.56756
2023-12-11,S004-P0013,Groceries,128,489,21.37,20.34,99.02596
2023-12-12,S004-P0013,Groceries,157,362,25.83,20.34,98.34705
2023-12-13,S004-P0013,Groceries,194,255,22.8,20.34,147.38885
2023-12-14,S004-P0013,Groceries,186,68,26.55,20.34,110.46705
2023-12-15,S004-P0013,Groceries,117,477,21.85,20.34,95.91288
2023-12-16,S004-P0013,Groceries,4,338,14.94,20.34,125.75265
2023-12-17,S004-P0013,Groceries,176,966,20.69,20.34,145.7428
2023-12-18,S004-P0013,Groceries,131,756,22.81,20.34,99.32383
2023-12-19,S004-P0013,Groceries,77,601,17.2,20.34,124.13368
2023-12-20,S004-P0013,Groceries,148,548,18.93,20.34,131.29097
2023-12-21,S004-P0013,Groceries,148,381,23.98,20.34,121.884895
2023-12-22,S004-P0013,Groceries,118,255,19.61,20.34,128.29169
2023-12-23,S004-P0013,Groceries,182,155,24.96,20.34,98.35269
2023-12-24,S004-P0013,Groceries,130,510,20.47,20.34,109.88448
2023-12-25,S004-P0013,Groceries,83,363,18.52,20.34,111.29491
2023-12-26,S004-P0013,Groceries,96,963,18.39,20.34,113.324615
2023-12-27,S004-P0013,Groceries,86,894,16.78,20.34,89.98464
2023-12-28,S004-P0013,Groceries,48,823,16.33,20.34,68.781044
2023-12-29,S004-P0013,Groceries,94,782,20.27,20.34,68.221504
2023-12-30,S004-P0013,Groceries,62,707,16.28,20.34,84.07649
2023-12-31,S004-P0013,Groceries,47,655,16.26,20.34,68.96886
2024-01-01,S004-P0013,Groceries,116,621,19.62,20.34,83.43328
2024-01-02,S004-P0013,Groceries,105,531,19.9,20.34,111.68068
2024-01-03,S004-P0013,Groceries,87,424,17.86,20.34,65.61988
2024-01-04,S004-P0013,Groceries,45,328,17.82,20.34,77.700645
2024-01-05,S004-P0013,Groceries,114,301,18.41,20.34,111.588524
2024-01-06,S004-P0013,Groceries,67,165,17.47,20.34,84.15577
2024-01-07,S004-P0013,Groceries,89,90,17.94,20.34,103.940544
2024-01-08,S004-P0013,Groceries,87,437,17.83,20.34,83.43328
2024-01-09,S004-P0013,Groceries,111,373,19.32,20.34,131.68396
2024-01-10,S004-P0013,Groceries,161,305,23.55,20.34,147.77446
2024-01-11,S004-P0013,Groceries,144,174,22.51,20.34,118.021965
2024-01-12,S004-P0013,Groceries,76,439,17.16,20.34,95.983406
2024-01-13,S004-P0013,Groceries,85,374,19.7,20.34,111.32311
2024-01-14,S004-P0013,Groceries,101,313,20.78,20.34,111.979576
2024-01-15,S004-P0013,Groceries,59,218,17.88,20.34,110.452965
2024-01-16,S004-P0013,Groceries,122,161,16.64,20.34,129.51172
2024-01-17,S004-P0013,Groceries,173,285,19.23,20.34,130.52873
2024-01-18,S004-P0013,Groceries,107,139,20.07,20.34,95.82591
2024-01-19,S004-P0013,Groceries,55,412,17.6,20.34,96.60749
2024-01-20,S004-P0013,Groceries,143,360,22.43,20.34,122.41093
2024-01-21,S004-P0013,Groceries,51,262,16.45,20.34,96.084435
2024-01-22,S004-P0013,Groceries,158,219,23.35,20.34,110.006065
2024-01-23,S004-P0013,Groceries,153,545,22.99,20.34,147.41452
2024-01-24,S004-P0013,Groceries,94,380,20.31,20.34,97.778496
2024-01-25,S004-P0013,Groceries,212,319,21.21,20.34,143.6805
2024-01-26,S004-P0013,Groceries,146,505,25.07,20.34,124.13142
2024-01-27,S004-P0013,Groceries,151,390,18.11,20.34,145.7922
2024-01-28,S004-P0013,Groceries,146,255,23.84,20.34,123.71256
2024-01-29,S004-P0013,Groceries,120,464,19.83,20.34,119.54539
2024-01-30,S004-P0013,Groceries,34,389,16.21,20.34,97.56131
2023-10-03,S004-P0014,Furniture,108,112,178.33,155.89,65.89072
2023-10-04,S004-P0014,Furniture,65,136,153.7,155.89,66.76944
2023-10-05,S004-P0014,Furniture,145,304,209.9,155.89,81.71207
2023-10-06,S004-P0014,Furniture,130,183,181.11,155.89,81.59089
2023-10-07,S004-P0014,Furniture,29,353,133.29,155.89,32.308064
2023-10-08,S004-P0014,Furniture,19,328,120.92,155.89,43.262966
2023-10-09,S004-P0014,Furniture,87,317,138.31,155.89,50.31011
2023-10-10,S004-P0014,Furniture,25,257,131.11,155.89,30.557165
2023-10-11,S004-P0014,Furniture,53,229,122.44,155.89,40.69042
2023-10-12,S004-P0014,Furniture,62,173,126.4,155.89,40.20493
2023-10-13,S004-P0014,Furniture,32,101,142.01,155.89,36.182003
2023-10-14,S004-P0014,Furniture,42,223,140.2,155.89,52.56322
2023-10-15,S004-P0014,Furniture,57,197,133.77,155.89,52.308525
2023-10-16,S004-P0014,Furniture,55,154,155.97,155.89,31.070238
2023-10-17,S004-P0014,Furniture,29,105,132.77,155.89,46.287098
2023-10-18,S004-P0014,Furniture,26,199,131.12,155.89,46.735188
2023-10-19,S004-P0014,Furniture,45,171,126.49,155.89,40.27807
2023-10-20,S004-P0014,Furniture,30,136,148.38,155.89,33.119877
2023-10-21,S004-P0014,Furniture,40,117,139.37,155.89,30.563902
2023-10-22,S004-P0014,Furniture,41,84,116.49,155.89,43.63702
2023-10-23,S004-P0014,Furniture,43,134,148.97,155.89,31.070238
2023-10-24,S004-P0014,Furniture,23,91,144.03,155.89,31.087204
2023-10-25,S004-P0014,Furniture,121,180,195.69,155.89,83.540924
2023-10-26,S004-P0014,Furniture,113,69,190.54,155.89,81.71207
2023-10-27,S004-P0014,Furniture,85,268,165.5,155.89,80.82395
2023-10-28,S004-P0014,Furniture,63,196,152.73,155.89,66.13424
2023-10-29,S004-P0014,Furniture,65,155,153.48,155.89,69.087166
2023-10-30,S004-P0014,Furniture,63,79,152.17,155.89,68.3557
2023-10-31,S004-P0014,Furniture,90,165,168.27,155.89,82.69189
2023-11-01,S004-P0014,Furniture,55,94,156.01,155.89,65.63973
2023-11-02,S004-P0014,Furniture,85,215,148.0,155.89,98.33376
2023-11-03,S004-P0014,Furniture,123,145,157.71,155.89,86.35983
2023-11-04,S004-P0014,Furniture,144,257,176.24,155.89,98.299355
2023-11-05,S004-P0014,Furniture,50,114,145.02,155.89,96.961075
2023-11-06,S004-P0014,Furniture,70,304,148.31,155.89,63.94199
2023-11-07,S004-P0014,Furniture,83,230,172.97,155.89,80.92765
2023-11-08,S004-P0014,Furniture,94,165,152.38,155.89,98.405075
2023-11-09,S004-P0014,Furniture,91,85,168.41,155.89,70.51714
2023-11-10,S004-P0014,Furniture,133,244,162.16,155.89,107.43763
2023-11-11,S004-P0014,Furniture,144,95,165.17,155.89,110.00935
2023-11-12,S004-P0014,Furniture,58,278,118.18,155.89,96.530975
2023-11-13,S004-P0014,Furniture,49,229,144.8,155.89,63.839195
2023-11-14,S004-P0014,Furniture,95,195,142.0,155.89,85.80846
2023-11-15,S004-P0014,Furniture,134,101,162.96,155.89,110.196365
2023-11-16,S004-P0014,Furniture,51,205,138.24,155.89,70.51714
2023-11-17,S004-P0014,Furniture,105,373,185.83,155.89,81.553444
2023-11-18,S004-P0014,Furniture,102,281,174.35,155.89,81.84531
2023-11-19,S004-P0014,Furniture,62,219,168.45,155.89,74.30125
2023-11-20,S004-P0014,Furniture,51,173,145.45,155.89,62.795063
2023-11-21,S004-P0014,Furniture,108,125,178.15,155.89,64.02479
2023-11-22,S004-P0014,Furniture,68,24,164.0,155.89,81.78569
2023-11-23,S004-P0014,Furniture,55,229,148.39,155.89,70.40038
2023-11-24,S004-P0014,Furniture,68,169,155.86,155.89,73.80401
2023-11-25,S004-P0014,Furniture,57,126,148.7,155.89,64.854034
2023-11-26,S004-P0014,Furniture,54,211,163.78,155.89,67.42924
2023-11-27,S004-P0014,Furniture,68,147,155.05,155.89,70.58207
2023-11-28,S004-P0014,Furniture,104,92,167.11,155.89,73.37969
2023-11-29,S004-P0014,Furniture,25,137,138.28,155.89,81.78569
2023-11-30,S004-P0014,Furniture,97,321,171.52,155.89,61.64125
2023-12-01,S004-P0014,Furniture,62,210,144.15,155.89,65.78417
2023-12-02,S004-P0014,Furniture,49,154,152.39,155.89,65.610115
2023-12-03,S004-P0014,Furniture,69,106,147.83,155.89,86.56011
2023-12-04,S004-P0014,Furniture,102,157,183.97,155.89,66.188576
2023-12-05,S004-P0014,Furniture,59,58,142.82,155.89,82.63871
2023-12-06,S004-P0014,Furniture,24,247,137.42,155.89,83.48559
2023-12-07,S004-P0014,Furniture,54,232,155.36,155.89,80.500374
2023-12-08,S004-P0014,Furniture,66,192,146.26,155.89,65.78417
2023-12-09,S004-P0014,Furniture,137,142,184.89,155.89,108.31021
2023-12-10,S004-P0014,Furniture,66,53,121.79,155.89,86.57356
2023-12-11,S004-P0014,Furniture,82,312,145.04,155.89,87.182335
2023-12-12,S004-P0014,Furniture,65,244,137.77,155.89,86.39811
2023-12-13,S004-P0014,Furniture,87,199,157.79,155.89,76.22637
2023-12-14,S004-P0014,Furniture,92,145,150.28,155.89,96.5535
2023-12-15,S004-P0014,Furniture,41,276,139.69,155.89,65.78417
2023-12-16,S004-P0014,Furniture,177,243,171.94,155.89,108.61472
2023-12-17,S004-P0014,Furniture,43,55,148.57,155.89,74.44569
2023-12-18,S004-P0014,Furniture,49,343,144.44,155.89,66.52686
2023-12-19,S004-P0014,Furniture,53,296,162.78,155.89,82.76353
2023-12-20,S004-P0014,Furniture,71,245,165.8,155.89,66.034996
2023-12-21,S004-P0014,Furniture,107,166,177.1,155.89,105.1215
2023-12-22,S004-P0014,Furniture,44,101,134.67,155.89,65.78417
2023-12-23,S004-P0014,Furniture,89,260,140.98,155.89,87.00003
2023-12-24,S004-P0014,Furniture,149,178,191.23,155.89,96.45176
2023-12-25,S004-P0014,Furniture,72,15,149.78,155.89,74.24863
2023-12-26,S004-P0014,Furniture,41,346,140.01,155.89,75.11166
2023-12-27,S004-P0014,Furniture,17,300,133.19,155.89,32.13442
2023-12-28,S004-P0014,Furniture,37,288,145.26,155.89,31.095705
2023-12-29,S004-P0014,Furniture,29,260,147.73,155.89,33.177147
2023-12-30,S004-P0014,Furniture,36,240,144.5,155.89,39.714504
2023-12-31,S004-P0014,Furniture,27,217,125.11,155.89,34.115093
2024-01-01,S004-P0014,Furniture,64,198,128.98,155.89,55.390095
2024-01-02,S004-P0014,Furniture,15,136,118.99,155.89,38.3919
2024-01-03,S004-P0014,Furniture,57,120,141.26,155.89,30.487093
2024-01-04,S004-P0014,Furniture,42,53,148.36,155.89,35.77072
2024-01-05,S004-P0014,Furniture,43,145,141.08,155.89,57.131474
2024-01-06,S004-P0014,Furniture,51,100,153.46,155.89,39.476048
2024-01-07,S004-P0014,Furniture,30,67,133.41,155.89,36.432835
2024-01-08,S004-P0014,Furniture,32,149,134.85,155.89,37.69784
2024-01-09,S004-P0014,Furniture,74,112,158.44,155.89,86.925575
2024-01-10,S004-P0014,Furniture,69,57,164.17,155.89,74.34353
2024-01-11,S004-P0014,Furniture,101,179,165.39,155.89,79.61334
2024-01-12,S004-P0014,Furniture,86,68,174.64,155.89,65.46737
2024-01-13,S004-P0014,Furniture,117,169,193.46,155.89,73.90741
2024-01-14,S004-P0014,Furniture,104,237,195.33,155.89,73.397835
2024-01-15,S004-P0014,Furniture,54,158,147.44,155.89,72.51669
2024-01-16,S004-P0014,Furniture,108,326,159.54,155.89,86.09131
2024-01-17,S004-P0014,Furniture,70,229,156.05,155.89,64.63635
2024-01-18,S004-P0014,Furniture,82,157,144.86,155.89,85.331535
2024-01-19,S004-P0014,Furniture,78,63,153.09,155.89,87.26745
2024-01-20,S004-P0014,Furniture,110,199,170.12,155.89,107.84365
2024-01-21,S004-P0014,Furniture,110,68,160.58,155.89,86.85673
2024-01-22,S004-P0014,Furniture,103,218,147.67,155.89,95.59598
2024-01-23,S004-P0014,Furniture,90,137,168.0,155.89,73.56875
2024-01-24,S004-P0014,Furniture,65,238,170.31,155.89,64.77274
2024-01-25,S004-P0014,Furniture,57,167,157.17,155.89,72.539696
2024-01-26,S004-P0014,Furniture,85,111,173.79,155.89,80.43464
2024-01-27,S004-P0014,Furniture,112,148,142.69,155.89,98.11473
2024-01-28,S004-P0014,Furniture,126,45,188.25,155.89,80.48255
2024-01-29,S004-P0014,Furniture,83,252,164.0,155.89,78.912506
2024-01-30,S004-P0014,Furniture,39,379,138.93,155.89,64.00058
2023-10-03,S004-P0015,Furniture,74,253,91.92,89.98,65.89072
2023-10-04,S004-P0015,Furniture,50,167,88.54,89.98,66.76944
2023-10-05,S004-P0015,Furniture,59,119,87.12,89.98,81.780815
2023-10-06,S004-P0015,Furniture,137,274,106.88,89.98,106.190025
2023-10-07,S004-P0015,Furniture,38,190,71.75,89.98,41.333073
2023-10-08,S004-P0015,Furniture,12,147,67.83,89.98,43.262966
2023-10-09,S004-P0015,Furniture,46,474,73.48,89.98,49.732853
2023-10-10,S004-P0015,Furniture,53,432,89.43,89.98,30.557165
2023-10-11,S004-P0015,Furniture,19,394,77.75,89.98,32.80235
2023-10-12,S004-P0015,Furniture,31,379,73.71,89.98,31.71923
2023-10-13,S004-P0015,Furniture,29,350,81.05,89.98,36.663677
2023-10-14,S004-P0015,Furniture,74,319,96.8,89.98,38.157295
2023-10-15,S004-P0015,Furniture,68,265,71.09,89.98,53.59637
2023-10-16,S004-P0015,Furniture,72,219,101.2,89.98,31.070238
2023-10-17,S004-P0015,Furniture,39,160,84.7,89.98,35.096455
2023-10-18,S004-P0015,Furniture,75,320,97.09,89.98,35.49812
2023-10-19,S004-P0015,Furniture,44,271,86.58,89.98,31.730543
2023-10-20,S004-P0015,Furniture,40,225,80.56,89.98,32.614445
2023-10-21,S004-P0015,Furniture,16,198,76.62,89.98,30.76907
2023-10-22,S004-P0015,Furniture,46,187,73.49,89.98,43.034916
2023-10-23,S004-P0015,Furniture,23,149,75.19,89.98,31.147638
2023-10-24,S004-P0015,Furniture,42,135,76.61,89.98,40.147564
2023-10-25,S004-P0015,Furniture,42,216,85.76,89.98,83.540924
2023-10-26,S004-P0015,Furniture,79,174,83.06,89.98,106.11207
2023-10-27,S004-P0015,Furniture,87,104,101.24,89.98,80.82395
2023-10-28,S004-P0015,Furniture,6,199,58.46,89.98,87.52079
2023-10-29,S004-P0015,Furniture,83,406,90.07,89.98,69.087166
2023-10-30,S004-P0015,Furniture,55,322,90.22,89.98,67.3231
2023-10-31,S004-P0015,Furniture,86,269,106.25,89.98,82.68874
2023-11-01,S004-P0015,Furniture,80,215,93.69,89.98,86.83065
2023-11-02,S004-P0015,Furniture,106,147,102.41,89.98,97.70618
2023-11-03,S004-P0015,Furniture,69,301,95.21,89.98,66.8338
2023-11-04,S004-P0015,Furniture,19,251,73.8,89.98,73.804306
2023-11-05,S004-P0015,Furniture,94,524,93.55,89.98,73.690956
2023-11-06,S004-P0015,Furniture,81,459,104.35,89.98,64.01682
2023-11-07,S004-P0015,Furniture,49,404,92.95,89.98,80.92765
2023-11-08,S004-P0015,Furniture,93,372,92.99,89.98,74.47583
2023-11-09,S004-P0015,Furniture,67,299,89.84,89.98,70.40038
2023-11-10,S004-P0015,Furniture,66,245,94.09,89.98,81.767876
2023-11-11,S004-P0015,Furniture,107,517,96.83,89.98,108.389824
2023-11-12,S004-P0015,Furniture,93,389,103.45,89.98,74.30125
2023-11-13,S004-P0015,Furniture,76,333,92.78,89.98,63.839195
2023-11-14,S004-P0015,Furniture,93,256,93.15,89.98,62.786133
2023-11-15,S004-P0015,Furniture,94,176,109.44,89.98,81.78569
2023-11-16,S004-P0015,Furniture,75,63,102.15,89.98,70.85155
2023-11-17,S004-P0015,Furniture,29,294,85.47,89.98,81.767876
2023-11-18,S004-P0015,Furniture,105,273,96.81,89.98,81.84531
2023-11-19,S004-P0015,Furniture,97,182,99.48,89.98,73.690956
2023-11-20,S004-P0015,Furniture,95,108,87.74,89.98,86.983315
2023-11-21,S004-P0015,Furniture,81,275,89.24,89.98,85.91151
2023-11-22,S004-P0015,Furniture,149,203,92.14,89.98,111.188774
2023-11-23,S004-P0015,Furniture,69,80,76.18,89.98,99.33878
2023-11-24,S004-P0015,Furniture,29,319,85.56,89.98,74.31808
2023-11-25,S004-P0015,Furniture,60,661,82.85,89.98,64.854034
2023-11-26,S004-P0015,Furniture,60,589,72.67,89.98,86.84864
2023-11-27,S004-P0015,Furniture,47,525,78.71,89.98,96.58605
2023-11-28,S004-P0015,Furniture,113,475,99.4,89.98,97.15534
2023-11-29,S004-P0015,Furniture,85,384,100.67,89.98,81.86755
2023-11-30,S004-P0015,Furniture,60,297,87.29,89.98,61.64125
2023-12-01,S004-P0015,Furniture,61,244,87.48,89.98,65.78417
2023-12-02,S004-P0015,Furniture,110,172,92.17,89.98,87.00003
2023-12-03,S004-P0015,Furniture,112,57,82.52,89.98,86.57356
2023-12-04,S004-P0015,Furniture,89,150,91.95,89.98,66.52686
2023-12-05,S004-P0015,Furniture,98,345,105.06,89.98,82.76353
2023-12-06,S004-P0015,Furniture,95,267,78.15,89.98,108.94921
2023-12-07,S004-P0015,Furniture,34,181,74.71,89.98,80.76932
2023-12-08,S004-P0015,Furniture,51,438,93.61,89.98,65.364746
2023-12-09,S004-P0015,Furniture,87,388,101.42,89.98,83.32194
2023-12-10,S004-P0015,Furniture,53,309,84.97,89.98,65.67162
2023-12-11,S004-P0015,Furniture,30,248,73.51,89.98,66.52686
2023-12-12,S004-P0015,Furniture,35,213,87.7,89.98,65.16685
2023-12-13,S004-P0015,Furniture,68,190,84.67,89.98,99.36528
2023-12-14,S004-P0015,Furniture,96,133,83.55,89.98,96.5535
2023-12-15,S004-P0015,Furniture,50,72,84.14,89.98,65.45474
2023-12-16,S004-P0015,Furniture,119,274,95.65,89.98,108.16246
2023-12-17,S004-P0015,Furniture,66,373,70.49,89.98,96.81159
2023-12-18,S004-P0015,Furniture,85,323,100.6,89.98,66.188576
2023-12-19,S004-P0015,Furniture,100,259,95.29,89.98,82.63871
2023-12-20,S004-P0015,Furniture,89,187,102.24,89.98,65.99696
2023-12-21,S004-P0015,Furniture,68,304,89.98,89.98,80.500374
2023-12-22,S004-P0015,Furniture,37,263,75.55,89.98,65.78417
2023-12-23,S004-P0015,Furniture,74,232,91.78,89.98,65.727165
2023-12-24,S004-P0015,Furniture,77,167,97.79,89.98,74.2679
2023-12-25,S004-P0015,Furniture,120,107,101.43,89.98,97.83199
2023-12-26,S004-P0015,Furniture,79,262,93.74,89.98,75.06821
2023-12-27,S004-P0015,Furniture,51,175,79.48,89.98,43.01464
2023-12-28,S004-P0015,Furniture,47,522,78.21,89.98,43.10912
2023-12-29,S004-P0015,Furniture,26,471,84.33,89.98,33.177147
2023-12-30,S004-P0015,Furniture,27,444,80.59,89.98,40.808727
2023-12-31,S004-P0015,Furniture,25,424,75.74,89.98,33.862373
2024-01-01,S004-P0015,Furniture,53,409,84.82,89.98,56.266903
2024-01-02,S004-P0015,Furniture,21,375,82.51,89.98,39.969826
2024-01-03,S004-P0015,Furniture,26,356,60.25,89.98,42.266895
2024-01-04,S004-P0015,Furniture,23,339,71.34,89.98,35.08636
2024-01-05,S004-P0015,Furniture,23,321,75.27,89.98,39.279835
2024-01-06,S004-P0015,Furniture,42,295,85.91,89.98,40.506794
2024-01-07,S004-P0015,Furniture,35,255,66.77,89.98,49.724346
2024-01-08,S004-P0015,Furniture,46,217,87.22,89.98,37.69784
2024-01-09,S004-P0015,Furniture,78,168,83.47,89.98,86.09131
2024-01-10,S004-P0015,Furniture,32,91,82.1,89.98,74.34353
2024-01-11,S004-P0015,Furniture,67,231,94.54,89.98,80.1298
2024-01-12,S004-P0015,Furniture,21,393,74.46,89.98,87.26745
2024-01-13,S004-P0015,Furniture,131,368,92.12,89.98,98.11473
2024-01-14,S004-P0015,Furniture,144,275,121.1,89.98,73.32317
2024-01-15,S004-P0015,Furniture,127,106,109.65,89.98,72.10544
2024-01-16,S004-P0015,Furniture,69,322,94.95,89.98,64.19283
2024-01-17,S004-P0015,Furniture,65,269,89.14,89.98,64.60669
2024-01-18,S004-P0015,Furniture,71,622,100.82,89.98,63.67515
2024-01-19,S004-P0015,Furniture,29,546,81.11,89.98,65.46737
2024-01-20,S004-P0015,Furniture,55,514,85.39,89.98,107.84365
2024-01-21,S004-P0015,Furniture,67,453,89.39,89.98,66.135666
2024-01-22,S004-P0015,Furniture,71,375,95.97,89.98,72.14601
2024-01-23,S004-P0015,Furniture,61,291,83.07,89.98,73.765816
2024-01-24,S004-P0015,Furniture,69,247,99.96,89.98,64.77274
2024-01-25,S004-P0015,Furniture,73,168,86.99,89.98,72.56033
2024-01-26,S004-P0015,Furniture,89,111,91.45,89.98,105.07128
2024-01-27,S004-P0015,Furniture,131,282,87.52,89.98,98.11473
2024-01-28,S004-P0015,Furniture,88,126,76.2,89.98,104.17011
2024-01-29,S004-P0015,Furniture,66,346,84.8,89.98,78.912506
2024-01-30,S004-P0015,Furniture,40,292,80.54,89.98,64.00058
2023-10-03,S004-P0016,Furniture,77,247,112.78,109.68,66.16214
2023-10-04,S004-P0016,Furniture,109,552,119.27,109.68,86.41222
2023-10-05,S004-P0016,Furniture,106,480,117.47,109.68,105.48077
2023-10-06,S004-P0016,Furniture,106,370,118.28,109.68,106.190025
2023-10-07,S004-P0016,Furniture,29,295,93.6,109.68,41.691475
2023-10-08,S004-P0016,Furniture,22,272,100.79,109.68,33.91526
2023-10-09,S004-P0016,Furniture,45,251,99.94,109.68,49.961884
2023-10-10,S004-P0016,Furniture,34,204,95.54,109.68,30.443438
2023-10-11,S004-P0016,Furniture,39,169,92.67,109.68,31.811405
2023-10-12,S004-P0016,Furniture,42,129,109.68,109.68,32.09505
2023-10-13,S004-P0016,Furniture,81,101,108.52,109.68,46.665585
2023-10-14,S004-P0016,Furniture,43,39,94.3,109.68,37.662296
2023-10-15,S004-P0016,Furniture,23,136,91.33,109.68,39.899128
2023-10-16,S004-P0016,Furniture,21,340,95.31,109.68,31.070238
2023-10-17,S004-P0016,Furniture,41,318,98.85,109.68,35.096455
2023-10-18,S004-P0016,Furniture,17,272,83.97,109.68,46.326588
2023-10-19,S004-P0016,Furniture,36,256,96.36,109.68,31.71923
2023-10-20,S004-P0016,Furniture,22,231,91.14,109.68,32.80316
2023-10-21,S004-P0016,Furniture,35,213,91.11,109.68,30.563902
2023-10-22,S004-P0016,Furniture,20,189,94.89,109.68,34.127285
2023-10-23,S004-P0016,Furniture,54,168,97.77,109.68,39.406826
2023-10-24,S004-P0016,Furniture,28,105,93.09,109.68,30.443438
2023-10-25,S004-P0016,Furniture,101,78,122.25,109.68,83.78996
2023-10-26,S004-P0016,Furniture,53,145,103.52,109.68,81.780815
2023-10-27,S004-P0016,Furniture,68,92,115.31,109.68,80.82395
2023-10-28,S004-P0016,Furniture,119,338,123.14,109.68,86.72009
2023-10-29,S004-P0016,Furniture,29,211,98.82,109.68,68.43257
2023-10-30,S004-P0016,Furniture,67,179,115.07,109.68,67.3231
2023-10-31,S004-P0016,Furniture,85,406,122.61,109.68,82.68874
2023-11-01,S004-P0016,Furniture,111,350,120.04,109.68,86.83065
2023-11-02,S004-P0016,Furniture,59,244,111.65,109.68,70.85155
2023-11-03,S004-P0016,Furniture,81,204,108.24,109.68,86.22825
2023-11-04,S004-P0016,Furniture,93,412,126.07,109.68,74.23545
2023-11-05,S004-P0016,Furniture,97,331,100.6,109.68,96.530975
2023-11-06,S004-P0016,Furniture,58,254,105.21,109.68,63.94199
2023-11-07,S004-P0016,Furniture,90,185,112.27,109.68,81.59298
2023-11-08,S004-P0016,Furniture,99,359,121.64,109.68,74.47583
2023-11-09,S004-P0016,Furniture,117,296,115.6,109.68,98.33376
2023-11-10,S004-P0016,Furniture,90,210,112.08,109.68,81.44698
2023-11-11,S004-P0016,Furniture,90,108,118.09,109.68,81.84531
2023-11-12,S004-P0016,Furniture,117,450,107.49,109.68,96.530975
2023-11-13,S004-P0016,Furniture,85,311,109.7,109.68,85.46987
2023-11-14,S004-P0016,Furniture,48,214,106.96,109.68,63.06086
2023-11-15,S004-P0016,Furniture,50,157,113.23,109.68,81.78569
2023-11-16,S004-P0016,Furniture,89,98,130.79,109.68,70.85155
2023-11-17,S004-P0016,Furniture,111,13,112.33,109.68,107.43763
2023-11-18,S004-P0016,Furniture,82,155,127.41,109.68,81.81405
2023-11-19,S004-P0016,Furniture,99,378,121.57,109.68,96.961075
2023-11-20,S004-P0016,Furniture,88,277,123.56,109.68,62.51591
2023-11-21,S004-P0016,Furniture,65,189,102.65,109.68,85.91151
2023-11-22,S004-P0016,Furniture,83,149,115.09,109.68,82.5989
2023-11-23,S004-P0016,Furniture,76,288,99.81,109.68,99.33878
2023-11-24,S004-P0016,Furniture,36,198,107.0,109.68,74.31808
2023-11-25,S004-P0016,Furniture,91,170,131.8,109.68,65.68449
2023-11-26,S004-P0016,Furniture,91,83,118.34,109.68,66.80453
2023-11-27,S004-P0016,Furniture,97,13,134.41,109.68,70.81303
2023-11-28,S004-P0016,Furniture,61,234,118.09,109.68,73.34963
2023-11-29,S004-P0016,Furniture,81,176,127.24,109.68,81.78569
2023-11-30,S004-P0016,Furniture,42,455,104.5,109.68,61.474827
2023-12-01,S004-P0016,Furniture,65,421,85.61,109.68,86.849174
2023-12-02,S004-P0016,Furniture,76,361,112.73,109.68,65.610115
2023-12-03,S004-P0016,Furniture,43,286,93.79,109.68,86.42326
2023-12-04,S004-P0016,Furniture,94,256,112.99,109.68,86.97944
2023-12-05,S004-P0016,Furniture,106,161,124.63,109.68,107.55356
2023-12-06,S004-P0016,Furniture,57,56,110.44,109.68,83.48559
2023-12-07,S004-P0016,Furniture,102,247,102.44,109.68,106.56736
2023-12-08,S004-P0016,Furniture,138,134,129.69,109.68,86.62383
2023-12-09,S004-P0016,Furniture,84,0,115.63,109.68,83.44039
2023-12-10,S004-P0016,Furniture,71,309,110.76,109.68,65.67162
2023-12-11,S004-P0016,Furniture,70,728,110.42,109.68,66.188576
2023-12-12,S004-P0016,Furniture,86,654,116.32,109.68,65.29228
2023-12-13,S004-P0016,Furniture,85,576,110.25,109.68,76.22637
2023-12-14,S004-P0016,Furniture,47,478,100.81,109.68,73.2371
2023-12-15,S004-P0016,Furniture,62,446,106.77,109.68,65.78417
2023-12-16,S004-P0016,Furniture,96,396,120.47,109.68,83.44039
2023-12-17,S004-P0016,Furniture,73,336,117.31,109.68,74.2679
2023-12-18,S004-P0016,Furniture,76,249,89.04,109.68,87.47689
2023-12-19,S004-P0016,Furniture,58,195,99.99,109.68,82.63871
2023-12-20,S004-P0016,Furniture,33,147,95.1,109.68,66.141014
2023-12-21,S004-P0016,Furniture,127,315,140.09,109.68,80.58779
2023-12-22,S004-P0016,Furniture,113,185,127.23,109.68,86.994514
2023-12-23,S004-P0016,Furniture,88,85,98.94,109.68,87.00003
2023-12-24,S004-P0016,Furniture,41,354,109.51,109.68,74.2679
2023-12-25,S004-P0016,Furniture,74,322,118.03,109.68,73.6847
2023-12-26,S004-P0016,Furniture,100,254,109.49,109.68,98.38687
2023-12-27,S004-P0016,Furniture,27,137,97.99,109.68,31.548822
2023-12-28,S004-P0016,Furniture,27,120,102.99,109.68,31.736307
2023-12-29,S004-P0016,Furniture,40,389,109.08,109.68,33.177147
2023-12-30,S004-P0016,Furniture,51,343,97.28,109.68,39.161
2023-12-31,S004-P0016,Furniture,44,304,99.7,109.68,34.115093
2024-01-01,S004-P0016,Furniture,30,265,94.04,109.68,37.333374
2024-01-02,S004-P0016,Furniture,51,242,102.72,109.68,39.071457
2024-01-03,S004-P0016,Furniture,26,188,92.59,109.68,30.88261
2024-01-04,S004-P0016,Furniture,35,168,91.22,109.68,35.08636
2024-01-05,S004-P0016,Furniture,29,137,89.08,109.68,38.635296
2024-01-06,S004-P0016,Furniture,35,118,101.46,109.68,40.506794
2024-01-07,S004-P0016,Furniture,88,84,97.6,109.68,49.850803
2024-01-08,S004-P0016,Furniture,73,13,92.6,109.68,55.214973
2024-01-09,S004-P0016,Furniture,54,109,82.07,109.68,85.360794
2024-01-10,S004-P0016,Furniture,111,360,106.62,109.68,98.19044
2024-01-11,S004-P0016,Furniture,94,293,126.2,109.68,79.70463
2024-01-12,S004-P0016,Furniture,40,216,109.11,109.68,65.73584
2024-01-13,S004-P0016,Furniture,132,498,119.81,109.68,97.82099
2024-01-14,S004-P0016,Furniture,48,350,95.55,109.68,94.67312
2024-01-15,S004-P0016,Furniture,51,306,96.79,109.68,95.680565
2024-01-16,S004-P0016,Furniture,82,248,109.14,109.68,86.925575
2024-01-17,S004-P0016,Furniture,69,155,104.08,109.68,64.63635
2024-01-18,S004-P0016,Furniture,110,103,106.47,109.68,85.331535
2024-01-19,S004-P0016,Furniture,44,309,110.73,109.68,65.73584
2024-01-20,S004-P0016,Furniture,142,266,146.5,109.68,81.62851
2024-01-21,S004-P0016,Furniture,76,135,118.55,109.68,66.17919
2024-01-22,S004-P0016,Furniture,81,83,114.6,109.68,72.51669
2024-01-23,S004-P0016,Furniture,84,435,109.98,109.68,97.924446
2024-01-24,S004-P0016,Furniture,65,351,108.22,109.68,64.60669
2024-01-25,S004-P0016,Furniture,85,301,122.47,109.68,72.539696
2024-01-26,S004-P0016,Furniture,91,241,124.94,109.68,80.43464
2024-01-27,S004-P0016,Furniture,77,169,118.96,109.68,73.90741
2024-01-28,S004-P0016,Furniture,87,78,111.03,109.68,80.48255
2024-01-29,S004-P0016,Furniture,71,230,110.55,109.68,78.9348
2024-01-30,S004-P0016,Furniture,43,153,110.44,109.68,64.19283
2023-10-03,S004-P0017,Clothing,83,103,84.16,94.60499999999999,87.57381
2023-10-04,S004-P0017,Clothing,114,113,93.29,94.60499999999999,87.62824
2023-10-05,S004-P0017,Clothing,98,134,93.11,94.60499999999999,107.16625
2023-10-06,S004-P0017,Clothing,114,171,108.82,94.60499999999999,107.53536
2023-10-07,S004-P0017,Clothing,55,194,80.1,94.60499999999999,86.1653
2023-10-08,S004-P0017,Clothing,97,146,88.09,94.60499999999999,111.443794
2023-10-09,S004-P0017,Clothing,96,190,102.72,94.60499999999999,102.19219
2023-10-10,S004-P0017,Clothing,162,111,89.24,94.60499999999999,109.664665
2023-10-11,S004-P0017,Clothing,53,177,83.83,94.60499999999999,85.94352
2023-10-12,S004-P0017,Clothing,147,114,96.22,94.60499999999999,109.398384
2023-10-13,S004-P0017,Clothing,134,138,109.96,94.60499999999999,95.117516
2023-10-14,S004-P0017,Clothing,88,135,94.98,94.60499999999999,101.6813
2023-10-15,S004-P0017,Clothing,105,151,90.47,94.60499999999999,104.71775
2023-10-16,S004-P0017,Clothing,85,189,84.8,94.60499999999999,86.72802
2023-10-17,S004-P0017,Clothing,157,138,105.26,94.60499999999999,118.66166
2023-10-18,S004-P0017,Clothing,153,158,110.03,94.60499999999999,118.899025
2023-10-19,S004-P0017,Clothing,152,175,86.89,94.60499999999999,109.76351
2023-10-20,S004-P0017,Clothing,71,183,84.81,94.60499999999999,110.35992
2023-10-21,S004-P0017,Clothing,40,130,75.64,94.60499999999999,85.51745
2023-10-22,S004-P0017,Clothing,41,100,71.76,94.60499999999999,88.8426
2023-10-23,S004-P0017,Clothing,107,110,101.36,94.60499999999999,86.75677
2023-10-24,S004-P0017,Clothing,137,134,87.75,94.60499999999999,109.664665
2023-10-25,S004-P0017,Clothing,139,153,105.74,94.60499999999999,108.8405
2023-10-26,S004-P0017,Clothing,161,199,101.03,94.60499999999999,138.64418
2023-10-27,S004-P0017,Clothing,115,189,98.4,94.60499999999999,106.57364
2023-10-28,S004-P0017,Clothing,93,201,87.03,94.60499999999999,117.488075
2023-10-29,S004-P0017,Clothing,101,102,99.23,94.60499999999999,88.19117
2023-10-30,S004-P0017,Clothing,50,119,78.74,94.60499999999999,88.565475
2023-10-31,S004-P0017,Clothing,121,124,105.73,94.60499999999999,109.42806
2023-11-01,S004-P0017,Clothing,88,156,100.08,94.60499999999999,85.826164
2023-11-02,S004-P0017,Clothing,96,155,87.26,94.60499999999999,126.30632
2023-11-03,S004-P0017,Clothing,93,155,91.63,94.60499999999999,85.532234
2023-11-04,S004-P0017,Clothing,137,174,105.03,94.60499999999999,129.95853
2023-11-05,S004-P0017,Clothing,114,205,98.31,94.60499999999999,98.44333
2023-11-06,S004-P0017,Clothing,83,113,88.81,94.60499999999999,86.05984
2023-11-07,S004-P0017,Clothing,143,125,90.42,94.60499999999999,140.50708
2023-11-08,S004-P0017,Clothing,169,156,103.04,94.60499999999999,128.58846
2023-11-09,S004-P0017,Clothing,222,161,131.45,94.60499999999999,126.695366
2023-11-10,S004-P0017,Clothing,142,231,106.97,94.60499999999999,108.46346
2023-11-11,S004-P0017,Clothing,142,64,101.36,94.60499999999999,107.92235
2023-11-12,S004-P0017,Clothing,137,152,116.79,94.60499999999999,99.64042
2023-11-13,S004-P0017,Clothing,97,159,93.16,94.60499999999999,86.05984
2023-11-14,S004-P0017,Clothing,81,180,74.13,94.60499999999999,114.482216
2023-11-15,S004-P0017,Clothing,117,118,82.46,94.60499999999999,140.56317
2023-11-16,S004-P0017,Clothing,70,137,84.44,94.60499999999999,95.63645
2023-11-17,S004-P0017,Clothing,77,116,96.3,94.60499999999999,109.630516
2023-11-18,S004-P0017,Clothing,128,109,102.28,94.60499999999999,107.92235
2023-11-19,S004-P0017,Clothing,97,151,98.01,94.60499999999999,99.64042
2023-11-20,S004-P0017,Clothing,114,173,108.86,94.60499999999999,86.13398
2023-11-21,S004-P0017,Clothing,96,146,97.73,94.60499999999999,84.57607
2023-11-22,S004-P0017,Clothing,154,192,99.1,94.60499999999999,141.70901
2023-11-23,S004-P0017,Clothing,101,199,94.02,94.60499999999999,126.695366
2023-11-24,S004-P0017,Clothing,110,108,107.52,94.60499999999999,98.57697
2023-11-25,S004-P0017,Clothing,53,137,88.09,94.60499999999999,86.14567
2023-11-26,S004-P0017,Clothing,142,105,106.65,94.60499999999999,116.488754
2023-11-27,S004-P0017,Clothing,115,153,98.72,94.60499999999999,96.09093
2023-11-28,S004-P0017,Clothing,133,174,115.31,94.60499999999999,97.25745
2023-11-29,S004-P0017,Clothing,61,195,90.76,94.60499999999999,109.02999
2023-11-30,S004-P0017,Clothing,71,129,89.57,94.60499999999999,86.25869
2023-12-01,S004-P0017,Clothing,112,108,97.39,94.60499999999999,102.90352
2023-12-02,S004-P0017,Clothing,112,127,97.83,94.60499999999999,104.509735
2023-12-03,S004-P0017,Clothing,104,161,100.36,94.60499999999999,104.86088
2023-12-04,S004-P0017,Clothing,78,206,91.97,94.60499999999999,104.84919
2023-12-05,S004-P0017,Clothing,148,127,108.4,94.60499999999999,127.08458
2023-12-06,S004-P0017,Clothing,117,171,99.05,94.60499999999999,163.02408
2023-12-07,S004-P0017,Clothing,76,170,91.12,94.60499999999999,126.960075
2023-12-08,S004-P0017,Clothing,88,98,79.95,94.60499999999999,132.2076
2023-12-09,S004-P0017,Clothing,145,135,113.58,94.60499999999999,128.95204
2023-12-10,S004-P0017,Clothing,77,170,91.59,94.60499999999999,104.20033
2023-12-11,S004-P0017,Clothing,36,120,74.05,94.60499999999999,132.86041
2023-12-12,S004-P0017,Clothing,49,97,65.04,94.60499999999999,132.74887
2023-12-13,S004-P0017,Clothing,111,113,102.47,94.60499999999999,116.33882
2023-12-14,S004-P0017,Clothing,173,132,116.08,94.60499999999999,115.06369
2023-12-15,S004-P0017,Clothing,209,148,100.74,94.60499999999999,131.82355
2023-12-16,S004-P0017,Clothing,68,242,70.01,94.60499999999999,161.37033
2023-12-17,S004-P0017,Clothing,100,163,99.07,94.60499999999999,116.60005
2023-12-18,S004-P0017,Clothing,75,154,81.64,94.60499999999999,105.41123
2023-12-19,S004-P0017,Clothing,134,139,109.97,94.60499999999999,127.5928
2023-12-20,S004-P0017,Clothing,92,162,86.59,94.60499999999999,135.16324
2023-12-21,S004-P0017,Clothing,67,153,88.22,94.60499999999999,126.56678
2023-12-22,S004-P0017,Clothing,145,103,95.53,94.60499999999999,132.2076
2023-12-23,S004-P0017,Clothing,136,172,104.98,94.60499999999999,104.389534
2023-12-24,S004-P0017,Clothing,162,187,95.4,94.60499999999999,147.15082
2023-12-25,S004-P0017,Clothing,101,200,89.27,94.60499999999999,115.12637
2023-12-26,S004-P0017,Clothing,167,114,120.6,94.60499999999999,116.261284
2023-12-27,S004-P0017,Clothing,165,176,108.18,94.60499999999999,123.71603
2023-12-28,S004-P0017,Clothing,128,198,113.66,94.60499999999999,101.17918
2023-12-29,S004-P0017,Clothing,108,224,91.35,94.60499999999999,100.138626
2023-12-30,S004-P0017,Clothing,191,134,128.41,94.60499999999999,117.26236
2023-12-31,S004-P0017,Clothing,143,203,112.88,94.60499999999999,102.16689
2024-01-01,S004-P0017,Clothing,119,202,94.51,94.60499999999999,117.421585
2024-01-02,S004-P0017,Clothing,123,85,106.42,94.60499999999999,117.9478
2024-01-03,S004-P0017,Clothing,117,103,94.1,94.60499999999999,99.26516
2024-01-04,S004-P0017,Clothing,150,132,115.36,94.60499999999999,109.93958
2024-01-05,S004-P0017,Clothing,193,136,109.8,94.60499999999999,144.2346
2024-01-06,S004-P0017,Clothing,102,231,89.65,94.60499999999999,117.494576
2024-01-07,S004-P0017,Clothing,106,127,100.98,94.60499999999999,111.30394
2024-01-08,S004-P0017,Clothing,234,127,134.88,94.60499999999999,143.80182
2024-01-09,S004-P0017,Clothing,111,237,107.84,94.60499999999999,104.97974
2024-01-10,S004-P0017,Clothing,168,136,96.92,94.60499999999999,151.1046
2024-01-11,S004-P0017,Clothing,95,173,97.19,94.60499999999999,129.6812
2024-01-12,S004-P0017,Clothing,74,161,90.5,94.60499999999999,104.709305
2024-01-13,S004-P0017,Clothing,126,109,80.51,94.60499999999999,150.92593
2024-01-14,S004-P0017,Clothing,80,149,87.94,94.60499999999999,119.34174
2024-01-15,S004-P0017,Clothing,108,130,91.29,94.60499999999999,116.911476
2024-01-16,S004-P0017,Clothing,116,164,104.08,94.60499999999999,104.43853
2024-01-17,S004-P0017,Clothing,140,188,100.68,94.60499999999999,104.25253
2024-01-18,S004-P0017,Clothing,79,172,92.09,94.60499999999999,105.03791
2024-01-19,S004-P0017,Clothing,127,90,107.82,94.60499999999999,105.40101
2024-01-20,S004-P0017,Clothing,206,102,112.45,94.60499999999999,163.4101
2024-01-21,S004-P0017,Clothing,173,208,103.3,94.60499999999999,134.09532
2024-01-22,S004-P0017,Clothing,177,249,111.67,94.60499999999999,149.4378
2024-01-23,S004-P0017,Clothing,28,218,79.41,94.60499999999999,119.60835
2024-01-24,S004-P0017,Clothing,169,199,91.04,94.60499999999999,134.58829
2024-01-25,S004-P0017,Clothing,134,253,115.81,94.60499999999999,118.10246
2024-01-26,S004-P0017,Clothing,135,155,110.35,94.60499999999999,131.3444
2024-01-27,S004-P0017,Clothing,68,174,69.85,94.60499999999999,150.92593
2024-01-28,S004-P0017,Clothing,116,120,78.13,94.60499999999999,160.54288
2024-01-29,S004-P0017,Clothing,132,101,103.66,94.60499999999999,128.27512
2024-01-30,S004-P0017,Clothing,121,166,105.91,94.60499999999999,104.97974
2023-10-03,S004-P0018,Furniture,65,157,148.02,148.99,66.16214
2023-10-04,S004-P0018,Furniture,60,111,153.29,148.99,66.76944
2023-10-05,S004-P0018,Furniture,98,132,140.04,148.99,106.11207
2023-10-06,S004-P0018,Furniture,77,158,163.22,148.99,80.82395
2023-10-07,S004-P0018,Furniture,37,78,117.64,148.99,41.04514
2023-10-08,S004-P0018,Furniture,41,85,106.72,148.99,44.500618
2023-10-09,S004-P0018,Furniture,41,101,149.77,148.99,36.537613
2023-10-10,S004-P0018,Furniture,36,118,139.16,148.99,31.087204
2023-10-11,S004-P0018,Furniture,15,94,133.6,148.99,32.80235
2023-10-12,S004-P0018,Furniture,75,81,137.73,148.99,40.514683
2023-10-13,S004-P0018,Furniture,16,104,114.38,148.99,46.74966
2023-10-14,S004-P0018,Furniture,49,93,154.61,148.99,38.929073
2023-10-15,S004-P0018,Furniture,39,90,119.9,148.99,52.308525
2023-10-16,S004-P0018,Furniture,56,105,143.21,148.99,31.147638
2023-10-17,S004-P0018,Furniture,66,106,141.18,148.99,34.886406
2023-10-18,S004-P0018,Furniture,53,88,141.4,148.99,35.217533
2023-10-19,S004-P0018,Furniture,47,80,116.37,148.99,40.27807
2023-10-20,S004-P0018,Furniture,29,86,121.86,148.99,41.13635
2023-10-21,S004-P0018,Furniture,34,101,131.34,148.99,30.76907
2023-10-22,S004-P0018,Furniture,14,119,126.46,148.99,34.127285
2023-10-23,S004-P0018,Furniture,31,110,136.53,148.99,31.070238
2023-10-24,S004-P0018,Furniture,36,85,132.45,148.99,30.557165
2023-10-25,S004-P0018,Furniture,88,110,160.58,148.99,83.78996
2023-10-26,S004-P0018,Furniture,95,115,156.14,148.99,82.1323
2023-10-27,S004-P0018,Furniture,82,153,166.0,148.99,80.82395
2023-10-28,S004-P0018,Furniture,98,63,165.76,148.99,86.72009
2023-10-29,S004-P0018,Furniture,78,113,163.82,148.99,68.43257
2023-10-30,S004-P0018,Furniture,54,121,149.84,148.99,67.3231
2023-10-31,S004-P0018,Furniture,41,145,134.91,148.99,82.69189
2023-11-01,S004-P0018,Furniture,80,97,156.33,148.99,65.08011
2023-11-02,S004-P0018,Furniture,86,122,126.21,148.99,100.464516
2023-11-03,S004-P0018,Furniture,105,153,134.43,148.99,86.72025
2023-11-04,S004-P0018,Furniture,41,162,149.53,148.99,74.23545
2023-11-05,S004-P0018,Furniture,116,120,146.53,148.99,96.530975
2023-11-06,S004-P0018,Furniture,73,111,152.25,148.99,63.94199
2023-11-07,S004-P0018,Furniture,80,142,148.57,148.99,81.59298
2023-11-08,S004-P0018,Furniture,77,155,137.16,148.99,99.49634
2023-11-09,S004-P0018,Furniture,71,83,126.0,148.99,100.464516
2023-11-10,S004-P0018,Furniture,86,67,159.55,148.99,81.44698
2023-11-11,S004-P0018,Furniture,70,101,150.5,148.99,81.84531
2023-11-12,S004-P0018,Furniture,77,121,137.54,148.99,96.34438
2023-11-13,S004-P0018,Furniture,60,148,137.78,148.99,63.94199
2023-11-14,S004-P0018,Furniture,75,83,161.88,148.99,63.06086
2023-11-15,S004-P0018,Furniture,130,66,174.27,148.99,109.17753
2023-11-16,S004-P0018,Furniture,118,113,168.35,148.99,70.51714
2023-11-17,S004-P0018,Furniture,64,138,155.71,148.99,81.767876
2023-11-18,S004-P0018,Furniture,106,78,189.36,148.99,81.81405
2023-11-19,S004-P0018,Furniture,77,106,146.15,148.99,96.53108
2023-11-20,S004-P0018,Furniture,112,84,183.14,148.99,62.51591
2023-11-21,S004-P0018,Furniture,65,121,147.86,148.99,64.02479
2023-11-22,S004-P0018,Furniture,103,120,159.56,148.99,109.51388
2023-11-23,S004-P0018,Furniture,91,137,170.89,148.99,70.85155
2023-11-24,S004-P0018,Furniture,48,128,138.89,148.99,73.80401
2023-11-25,S004-P0018,Furniture,125,71,171.98,148.99,85.70992
2023-11-26,S004-P0018,Furniture,38,136,133.12,148.99,66.80453
2023-11-27,S004-P0018,Furniture,80,106,173.61,148.99,70.81303
2023-11-28,S004-P0018,Furniture,85,118,167.68,148.99,73.13528
2023-11-29,S004-P0018,Furniture,25,103,126.13,148.99,82.5989
2023-11-30,S004-P0018,Furniture,90,88,161.47,148.99,61.64125
2023-12-01,S004-P0018,Furniture,70,138,142.88,148.99,65.78417
2023-12-02,S004-P0018,Furniture,65,81,132.68,148.99,86.60808
2023-12-03,S004-P0018,Furniture,63,87,147.42,148.99,65.67162
2023-12-04,S004-P0018,Furniture,88,83,169.6,148.99,66.05338
2023-12-05,S004-P0018,Furniture,62,83,139.14,148.99,107.55356
2023-12-06,S004-P0018,Furniture,100,77,158.91,148.99,83.562096
2023-12-07,S004-P0018,Furniture,85,112,167.6,148.99,80.58779
2023-12-08,S004-P0018,Furniture,91,108,171.43,148.99,65.45474
2023-12-09,S004-P0018,Furniture,88,125,161.07,148.99,83.32194
2023-12-10,S004-P0018,Furniture,91,148,128.53,148.99,86.57356
2023-12-11,S004-P0018,Furniture,98,197,165.79,148.99,66.52686
2023-12-12,S004-P0018,Furniture,26,134,133.73,148.99,65.1345
2023-12-13,S004-P0018,Furniture,72,112,128.35,148.99,99.27525
2023-12-14,S004-P0018,Furniture,82,131,157.85,148.99,72.72709
2023-12-15,S004-P0018,Furniture,51,169,118.43,148.99,86.61576
2023-12-16,S004-P0018,Furniture,104,111,169.52,148.99,83.32194
2023-12-17,S004-P0018,Furniture,118,118,158.69,148.99,96.38071
2023-12-18,S004-P0018,Furniture,86,145,168.05,148.99,66.05338
2023-12-19,S004-P0018,Furniture,26,152,120.12,148.99,107.55356
2023-12-20,S004-P0018,Furniture,69,131,158.38,148.99,65.99696
2023-12-21,S004-P0018,Furniture,120,124,169.18,148.99,105.1215
2023-12-22,S004-P0018,Furniture,70,154,150.4,148.99,65.78417
2023-12-23,S004-P0018,Furniture,59,83,129.62,148.99,86.60808
2023-12-24,S004-P0018,Furniture,92,69,180.72,148.99,74.2679
2023-12-25,S004-P0018,Furniture,113,94,165.69,148.99,74.24863
2023-12-26,S004-P0018,Furniture,104,102,169.39,148.99,75.11166
2023-12-27,S004-P0018,Furniture,28,123,127.46,148.99,31.335672
2023-12-28,S004-P0018,Furniture,27,104,127.34,148.99,43.27428
2023-12-29,S004-P0018,Furniture,32,82,129.73,148.99,33.15819
2023-12-30,S004-P0018,Furniture,25,96,133.05,148.99,39.714504
2023-12-31,S004-P0018,Furniture,40,73,134.78,148.99,33.862373
2024-01-01,S004-P0018,Furniture,71,78,119.5,148.99,55.214973
2024-01-02,S004-P0018,Furniture,34,98,124.58,148.99,38.3919
2024-01-03,S004-P0018,Furniture,36,110,146.38,148.99,31.35509
2024-01-04,S004-P0018,Furniture,32,86,109.55,148.99,49.859165
2024-01-05,S004-P0018,Furniture,36,103,118.46,148.99,56.3793
2024-01-06,S004-P0018,Furniture,24,126,139.64,148.99,40.506794
2024-01-07,S004-P0018,Furniture,31,107,136.67,148.99,36.44324
2024-01-08,S004-P0018,Furniture,16,74,121.27,148.99,37.333374
2024-01-09,S004-P0018,Furniture,48,114,154.21,148.99,64.19283
2024-01-10,S004-P0018,Furniture,62,140,138.72,148.99,74.45248
2024-01-11,S004-P0018,Furniture,75,68,137.77,148.99,105.190834
2024-01-12,S004-P0018,Furniture,71,64,151.38,148.99,87.26745
2024-01-13,S004-P0018,Furniture,84,63,158.06,148.99,74.02909
2024-01-14,S004-P0018,Furniture,59,92,152.73,148.99,73.397835
2024-01-15,S004-P0018,Furniture,54,93,142.4,148.99,72.10544
2024-01-16,S004-P0018,Furniture,77,100,155.15,148.99,63.991554
2024-01-17,S004-P0018,Furniture,82,110,157.75,148.99,64.60669
2024-01-18,S004-P0018,Furniture,51,117,140.47,148.99,64.028786
2024-01-19,S004-P0018,Furniture,48,142,109.52,148.99,86.61286
2024-01-20,S004-P0018,Furniture,38,113,133.56,148.99,81.62851
2024-01-21,S004-P0018,Furniture,61,84,153.74,148.99,66.39663
2024-01-22,S004-P0018,Furniture,159,96,177.34,148.99,95.59598
2024-01-23,S004-P0018,Furniture,39,187,140.94,148.99,73.56875
2024-01-24,S004-P0018,Furniture,52,160,140.92,148.99,64.60669
2024-01-25,S004-P0018,Furniture,96,106,164.78,148.99,72.56033
2024-01-26,S004-P0018,Furniture,69,110,149.85,148.99,105.62084
2024-01-27,S004-P0018,Furniture,84,108,140.63,148.99,97.82099
2024-01-28,S004-P0018,Furniture,89,103,135.83,148.99,104.008934
2024-01-29,S004-P0018,Furniture,97,120,165.4,148.99,78.912506
2024-01-30,S004-P0018,Furniture,66,97,156.83,148.99,63.991554
2023-10-03,S004-P0019,Clothing,124,131,69.12,58.855000000000004,88.26459
2023-10-04,S004-P0019,Clothing,98,133,60.59,58.855000000000004,88.24499
2023-10-05,S004-P0019,Clothing,103,121,58.4,58.855000000000004,107.48524
2023-10-06,S004-P0019,Clothing,104,171,58.55,58.855000000000004,106.57364
2023-10-07,S004-P0019,Clothing,131,198,63.61,58.855000000000004,109.32915
2023-10-08,S004-P0019,Clothing,176,227,68.46,58.855000000000004,111.443794
2023-10-09,S004-P0019,Clothing,163,224,55.17,58.855000000000004,128.41592
2023-10-10,S004-P0019,Clothing,68,239,57.45,58.855000000000004,85.43708
2023-10-11,S004-P0019,Clothing,68,159,54.64,58.855000000000004,85.94352
2023-10-12,S004-P0019,Clothing,88,118,49.27,58.855000000000004,109.398384
2023-10-13,S004-P0019,Clothing,131,153,60.06,58.855000000000004,120.07836
2023-10-14,S004-P0019,Clothing,96,164,54.11,58.855000000000004,102.23844
2023-10-15,S004-P0019,Clothing,114,165,60.57,58.855000000000004,104.92426
2023-10-16,S004-P0019,Clothing,74,201,50.09,58.855000000000004,86.72802
2023-10-17,S004-P0019,Clothing,87,130,49.18,58.855000000000004,118.68116
2023-10-18,S004-P0019,Clothing,92,136,56.34,58.855000000000004,93.57337
2023-10-19,S004-P0019,Clothing,87,121,46.06,58.855000000000004,109.76351
2023-10-20,S004-P0019,Clothing,26,122,46.23,58.855000000000004,87.297874
2023-10-21,S004-P0019,Clothing,156,106,56.97,58.855000000000004,109.67155
2023-10-22,S004-P0019,Clothing,148,184,67.03,58.855000000000004,88.69722
2023-10-23,S004-P0019,Clothing,84,256,57.8,58.855000000000004,86.75677
2023-10-24,S004-P0019,Clothing,89,170,61.8,58.855000000000004,85.43708
2023-10-25,S004-P0019,Clothing,126,81,62.69,58.855000000000004,108.8405
2023-10-26,S004-P0019,Clothing,143,130,65.97,58.855000000000004,139.37762
2023-10-27,S004-P0019,Clothing,107,170,56.06,58.855000000000004,106.57364
2023-10-28,S004-P0019,Clothing,141,178,65.48,58.855000000000004,117.488075
2023-10-29,S004-P0019,Clothing,29,208,46.74,58.855000000000004,88.36691
2023-10-30,S004-P0019,Clothing,77,190,56.38,58.855000000000004,88.729485
2023-10-31,S004-P0019,Clothing,144,125,62.71,58.855000000000004,108.121925
2023-11-01,S004-P0019,Clothing,120,117,61.45,58.855000000000004,115.66655
2023-11-02,S004-P0019,Clothing,186,143,65.88,58.855000000000004,126.43864
2023-11-03,S004-P0019,Clothing,88,231,52.69,58.855000000000004,85.532234
2023-11-04,S004-P0019,Clothing,77,154,50.68,58.855000000000004,129.95853
2023-11-05,S004-P0019,Clothing,123,85,62.11,58.855000000000004,97.37863
2023-11-06,S004-P0019,Clothing,104,106,55.52,58.855000000000004,85.680214
2023-11-07,S004-P0019,Clothing,87,150,55.44,58.855000000000004,107.86935
2023-11-08,S004-P0019,Clothing,75,182,56.0,58.855000000000004,97.491844
2023-11-09,S004-P0019,Clothing,83,106,57.55,58.855000000000004,96.81968
2023-11-10,S004-P0019,Clothing,173,150,56.66,58.855000000000004,138.23389
2023-11-11,S004-P0019,Clothing,146,188,66.65,58.855000000000004,108.6842
2023-11-12,S004-P0019,Clothing,95,204,54.04,58.855000000000004,97.37863
2023-11-13,S004-P0019,Clothing,122,100,61.96,58.855000000000004,85.680214
2023-11-14,S004-P0019,Clothing,126,131,59.61,58.855000000000004,84.89205
2023-11-15,S004-P0019,Clothing,174,169,59.84,58.855000000000004,140.56317
2023-11-16,S004-P0019,Clothing,124,249,65.83,58.855000000000004,96.81968
2023-11-17,S004-P0019,Clothing,102,106,61.36,58.855000000000004,108.46346
2023-11-18,S004-P0019,Clothing,163,111,55.22,58.855000000000004,140.93883
2023-11-19,S004-P0019,Clothing,87,157,58.37,58.855000000000004,99.64042
2023-11-20,S004-P0019,Clothing,88,157,55.38,58.855000000000004,85.230606
2023-11-21,S004-P0019,Clothing,175,185,64.52,58.855000000000004,114.38657
2023-11-22,S004-P0019,Clothing,117,183,50.83,58.855000000000004,140.56317
2023-11-23,S004-P0019,Clothing,86,171,55.03,58.855000000000004,95.63645
2023-11-24,S004-P0019,Clothing,143,69,73.3,58.855000000000004,98.57697
2023-11-25,S004-P0019,Clothing,92,137,56.26,58.855000000000004,84.47578
2023-11-26,S004-P0019,Clothing,147,106,63.25,58.855000000000004,116.488754
2023-11-27,S004-P0019,Clothing,151,155,59.87,58.855000000000004,124.69951
2023-11-28,S004-P0019,Clothing,94,122,56.78,58.855000000000004,96.26972
2023-11-29,S004-P0019,Clothing,86,138,55.19,58.855000000000004,108.12869
2023-11-30,S004-P0019,Clothing,91,132,59.09,58.855000000000004,86.25869
2023-12-01,S004-P0019,Clothing,105,139,58.84,58.855000000000004,103.57834
2023-12-02,S004-P0019,Clothing,171,169,71.1,58.855000000000004,135.37027
2023-12-03,S004-P0019,Clothing,39,154,38.97,58.855000000000004,132.10051
2023-12-04,S004-P0019,Clothing,136,125,68.23,58.855000000000004,104.84919
2023-12-05,S004-P0019,Clothing,170,154,78.82,58.855000000000004,128.10103
2023-12-06,S004-P0019,Clothing,94,145,56.67,58.855000000000004,163.02408
2023-12-07,S004-P0019,Clothing,77,141,53.36,58.855000000000004,126.25474
2023-12-08,S004-P0019,Clothing,90,143,59.02,58.855000000000004,104.262955
2023-12-09,S004-P0019,Clothing,117,152,64.38,58.855000000000004,128.3829
2023-12-10,S004-P0019,Clothing,121,159,61.7,58.855000000000004,103.655075
2023-12-11,S004-P0019,Clothing,87,154,58.25,58.855000000000004,104.84919
2023-12-12,S004-P0019,Clothing,132,155,56.8,58.855000000000004,133.25748
2023-12-13,S004-P0019,Clothing,78,149,53.52,58.855000000000004,150.11757
2023-12-14,S004-P0019,Clothing,131,69,67.12,58.855000000000004,115.40652
2023-12-15,S004-P0019,Clothing,120,150,61.64,58.855000000000004,103.57834
2023-12-16,S004-P0019,Clothing,138,165,64.99,58.855000000000004,127.81379
2023-12-17,S004-P0019,Clothing,153,178,57.19,58.855000000000004,147.15082
2023-12-18,S004-P0019,Clothing,114,215,60.39,58.855000000000004,132.86041
2023-12-19,S004-P0019,Clothing,90,100,55.92,58.855000000000004,127.5928
2023-12-20,S004-P0019,Clothing,105,132,58.69,58.855000000000004,104.98432
2023-12-21,S004-P0019,Clothing,123,110,55.12,58.855000000000004,157.62656
2023-12-22,S004-P0019,Clothing,81,134,57.08,58.855000000000004,104.262955
2023-12-23,S004-P0019,Clothing,160,129,69.1,58.855000000000004,135.37027
2023-12-24,S004-P0019,Clothing,107,170,62.29,58.855000000000004,117.20721
2023-12-25,S004-P0019,Clothing,218,151,80.36,58.855000000000004,115.3279
2023-12-26,S004-P0019,Clothing,138,261,64.89,58.855000000000004,115.76363
2023-12-27,S004-P0019,Clothing,156,104,68.3,58.855000000000004,123.71603
2023-12-28,S004-P0019,Clothing,145,164,69.85,58.855000000000004,101.17918
2023-12-29,S004-P0019,Clothing,98,222,57.52,58.855000000000004,100.48827
2023-12-30,S004-P0019,Clothing,147,125,74.0,58.855000000000004,117.26236
2023-12-31,S004-P0019,Clothing,137,175,64.7,58.855000000000004,101.43929
2024-01-01,S004-P0019,Clothing,161,163,73.14,58.855000000000004,117.585556
2024-01-02,S004-P0019,Clothing,59,147,50.14,58.855000000000004,117.9478
2024-01-03,S004-P0019,Clothing,155,102,68.31,58.855000000000004,99.49161
2024-01-04,S004-P0019,Clothing,87,181,58.39,58.855000000000004,109.26597
2024-01-05,S004-P0019,Clothing,121,86,51.37,58.855000000000004,143.63808
2024-01-06,S004-P0019,Clothing,139,130,72.37,58.855000000000004,118.39865
2024-01-07,S004-P0019,Clothing,161,178,61.55,58.855000000000004,134.69829
2024-01-08,S004-P0019,Clothing,168,174,63.43,58.855000000000004,143.42532
2024-01-09,S004-P0019,Clothing,116,200,57.34,58.855000000000004,134.9189
2024-01-10,S004-P0019,Clothing,82,63,54.56,58.855000000000004,119.060326
2024-01-11,S004-P0019,Clothing,102,97,58.17,58.855000000000004,128.57353
2024-01-12,S004-P0019,Clothing,46,125,45.11,58.855000000000004,104.11495
2024-01-13,S004-P0019,Clothing,141,96,55.36,58.855000000000004,151.5132
2024-01-14,S004-P0019,Clothing,10,156,38.74,58.855000000000004,118.727776
2024-01-15,S004-P0019,Clothing,121,144,68.55,58.855000000000004,118.04928
2024-01-16,S004-P0019,Clothing,83,128,54.63,58.855000000000004,104.43853
2024-01-17,S004-P0019,Clothing,101,136,61.21,58.855000000000004,104.57571
2024-01-18,S004-P0019,Clothing,152,150,57.14,58.855000000000004,133.9637
2024-01-19,S004-P0019,Clothing,91,205,62.34,58.855000000000004,105.40101
2024-01-20,S004-P0019,Clothing,117,146,61.15,58.855000000000004,131.02863
2024-01-21,S004-P0019,Clothing,82,146,60.45,58.855000000000004,105.56881
2024-01-22,S004-P0019,Clothing,157,150,64.68,58.855000000000004,148.98721
2024-01-23,S004-P0019,Clothing,90,148,58.99,58.855000000000004,119.60835
2024-01-24,S004-P0019,Clothing,69,172,49.03,58.855000000000004,135.2709
2024-01-25,S004-P0019,Clothing,112,110,50.01,58.855000000000004,148.66101
2024-01-26,S004-P0019,Clothing,258,154,82.81,58.855000000000004,162.59676
2024-01-27,S004-P0019,Clothing,59,298,47.41,58.855000000000004,118.8565
2024-01-28,S004-P0019,Clothing,58,240,52.51,58.855000000000004,131.10405
2024-01-29,S004-P0019,Clothing,120,182,61.62,58.855000000000004,128.27512
2024-01-30,S004-P0019,Clothing,126,219,62.67,58.855000000000004,104.10403
2023-10-03,S004-P0020,Furniture,70,156,128.89,121.03999999999999,65.85122
2023-10-04,S004-P0020,Furniture,96,253,133.97,121.03999999999999,66.76944
2023-10-05,S004-P0020,Furniture,101,177,115.02,121.03999999999999,106.11207
2023-10-06,S004-P0020,Furniture,142,62,145.6,121.03999999999999,106.38331
2023-10-07,S004-P0020,Furniture,21,163,105.85,121.03999999999999,32.308064
2023-10-08,S004-P0020,Furniture,29,390,104.38,121.03999999999999,33.576496
2023-10-09,S004-P0020,Furniture,23,362,112.47,121.03999999999999,36.537613
2023-10-10,S004-P0020,Furniture,23,345,96.38,121.03999999999999,30.443438
2023-10-11,S004-P0020,Furniture,42,320,116.0,121.03999999999999,32.80235
2023-10-12,S004-P0020,Furniture,51,285,113.92,121.03999999999999,31.730543
2023-10-13,S004-P0020,Furniture,50,241,101.59,121.03999999999999,46.74966
2023-10-14,S004-P0020,Furniture,43,200,104.48,121.03999999999999,37.662296
2023-10-15,S004-P0020,Furniture,24,159,107.45,121.03999999999999,39.789703
2023-10-16,S004-P0020,Furniture,14,131,92.27,121.03999999999999,39.61749
2023-10-17,S004-P0020,Furniture,38,115,114.02,121.03999999999999,35.096455
2023-10-18,S004-P0020,Furniture,29,91,87.7,121.03999999999999,46.020473
2023-10-19,S004-P0020,Furniture,20,134,110.94,121.03999999999999,32.09505
2023-10-20,S004-P0020,Furniture,35,116,106.82,121.03999999999999,32.80316
2023-10-21,S004-P0020,Furniture,43,92,104.77,121.03999999999999,41.086758
2023-10-22,S004-P0020,Furniture,30,58,110.06,121.03999999999999,34.127285
2023-10-23,S004-P0020,Furniture,62,121,98.79,121.03999999999999,39.845394
2023-10-24,S004-P0020,Furniture,21,84,95.24,121.03999999999999,30.443438
2023-10-25,S004-P0020,Furniture,108,197,124.67,121.03999999999999,106.69456
2023-10-26,S004-P0020,Furniture,38,90,96.76,121.03999999999999,105.48077
2023-10-27,S004-P0020,Furniture,78,267,106.06,121.03999999999999,106.700005
2023-10-28,S004-P0020,Furniture,60,177,117.57,121.03999999999999,66.255135
2023-10-29,S004-P0020,Furniture,54,118,121.52,121.03999999999999,68.028465
2023-10-30,S004-P0020,Furniture,59,82,117.63,121.03999999999999,67.68568
2023-10-31,S004-P0020,Furniture,111,119,140.77,121.03999999999999,82.69189
2023-11-01,S004-P0020,Furniture,118,52,151.75,121.03999999999999,65.63973
2023-11-02,S004-P0020,Furniture,129,192,141.16,121.03999999999999,97.70618
2023-11-03,S004-P0020,Furniture,96,258,133.65,121.03999999999999,86.23527
2023-11-04,S004-P0020,Furniture,38,189,114.0,121.03999999999999,74.23545
2023-11-05,S004-P0020,Furniture,81,158,126.97,121.03999999999999,73.690956
2023-11-06,S004-P0020,Furniture,76,92,131.75,121.03999999999999,63.839195
2023-11-07,S004-P0020,Furniture,88,194,137.67,121.03999999999999,80.8411
2023-11-08,S004-P0020,Furniture,55,111,115.75,121.03999999999999,74.47583
2023-11-09,S004-P0020,Furniture,80,243,120.13,121.03999999999999,70.51714
2023-11-10,S004-P0020,Furniture,139,160,144.25,121.03999999999999,107.6796
2023-11-11,S004-P0020,Furniture,87,0,123.29,121.03999999999999,81.84531
2023-11-12,S004-P0020,Furniture,102,283,129.59,121.03999999999999,73.690956
2023-11-13,S004-P0020,Furniture,97,215,134.05,121.03999999999999,63.94199
2023-11-14,S004-P0020,Furniture,80,130,127.02,121.03999999999999,62.8155
2023-11-15,S004-P0020,Furniture,56,233,91.81,121.03999999999999,111.188774
2023-11-16,S004-P0020,Furniture,105,182,138.35,121.03999999999999,70.40038
2023-11-17,S004-P0020,Furniture,46,90,94.13,121.03999999999999,107.43763
2023-11-18,S004-P0020,Furniture,82,242,121.0,121.03999999999999,81.84531
2023-11-19,S004-P0020,Furniture,88,178,137.54,121.03999999999999,73.72643
2023-11-20,S004-P0020,Furniture,47,98,118.32,121.03999999999999,62.923428
2023-11-21,S004-P0020,Furniture,75,213,118.34,121.03999999999999,85.91151
2023-11-22,S004-P0020,Furniture,48,143,118.45,121.03999999999999,81.86755
2023-11-23,S004-P0020,Furniture,21,89,106.09,121.03999999999999,70.85155
2023-11-24,S004-P0020,Furniture,39,73,114.29,121.03999999999999,73.80401
2023-11-25,S004-P0020,Furniture,75,41,124.51,121.03999999999999,85.70992
2023-11-26,S004-P0020,Furniture,84,74,128.37,121.03999999999999,86.16706
2023-11-27,S004-P0020,Furniture,64,172,106.35,121.03999999999999,98.15413
2023-11-28,S004-P0020,Furniture,59,132,99.0,121.03999999999999,98.43971
2023-11-29,S004-P0020,Furniture,57,85,129.44,121.03999999999999,81.78569
2023-11-30,S004-P0020,Furniture,76,161,125.07,121.03999999999999,61.64125
2023-12-01,S004-P0020,Furniture,60,70,124.31,121.03999999999999,65.364746
2023-12-02,S004-P0020,Furniture,74,184,117.64,121.03999999999999,86.659004
2023-12-03,S004-P0020,Furniture,65,118,126.81,121.03999999999999,65.67162
2023-12-04,S004-P0020,Furniture,4,220,73.59,121.03999999999999,87.47689
2023-12-05,S004-P0020,Furniture,125,215,131.53,121.03999999999999,107.492744
2023-12-06,S004-P0020,Furniture,79,137,105.01,121.03999999999999,108.94921
2023-12-07,S004-P0020,Furniture,85,273,128.83,121.03999999999999,80.76932
2023-12-08,S004-P0020,Furniture,122,202,138.01,121.03999999999999,86.994514
2023-12-09,S004-P0020,Furniture,106,57,116.57,121.03999999999999,108.22993
2023-12-10,S004-P0020,Furniture,22,196,101.0,121.03999999999999,66.02277
2023-12-11,S004-P0020,Furniture,107,355,138.54,121.03999999999999,87.08791
2023-12-12,S004-P0020,Furniture,64,235,119.35,121.03999999999999,65.29228
2023-12-13,S004-P0020,Furniture,61,162,118.3,121.03999999999999,76.22637
2023-12-14,S004-P0020,Furniture,47,118,112.25,121.03999999999999,72.72709
2023-12-15,S004-P0020,Furniture,56,179,129.05,121.03999999999999,65.364746
2023-12-16,S004-P0020,Furniture,86,127,129.35,121.03999999999999,83.44039
2023-12-17,S004-P0020,Furniture,44,47,116.71,121.03999999999999,74.2679
2023-12-18,S004-P0020,Furniture,97,187,126.88,121.03999999999999,86.97944
2023-12-19,S004-P0020,Furniture,65,86,133.25,121.03999999999999,82.76353
2023-12-20,S004-P0020,Furniture,88,223,144.76,121.03999999999999,66.034996
2023-12-21,S004-P0020,Furniture,132,130,150.11,121.03999999999999,80.500374
2023-12-22,S004-P0020,Furniture,146,28,147.24,121.03999999999999,86.62383
2023-12-23,S004-P0020,Furniture,35,280,106.62,121.03999999999999,86.659004
2023-12-24,S004-P0020,Furniture,49,573,107.14,121.03999999999999,74.65946
2023-12-25,S004-P0020,Furniture,77,516,125.43,121.03999999999999,74.24863
2023-12-26,S004-P0020,Furniture,52,440,127.08,121.03999999999999,75.15524
2023-12-27,S004-P0020,Furniture,28,399,103.92,121.03999999999999,31.548822
2023-12-28,S004-P0020,Furniture,23,370,101.3,121.03999999999999,30.934374
2023-12-29,S004-P0020,Furniture,44,349,123.09,121.03999999999999,33.177147
2023-12-30,S004-P0020,Furniture,50,302,125.81,121.03999999999999,40.808727
2023-12-31,S004-P0020,Furniture,47,254,112.11,121.03999999999999,33.862373
2024-01-01,S004-P0020,Furniture,66,206,126.95,121.03999999999999,38.458447
2024-01-02,S004-P0020,Furniture,49,149,95.4,121.03999999999999,57.39078
2024-01-03,S004-P0020,Furniture,33,100,111.54,121.03999999999999,31.35509
2024-01-04,S004-P0020,Furniture,19,80,110.43,121.03999999999999,36.65325
2024-01-05,S004-P0020,Furniture,38,138,91.03,121.03999999999999,55.99088
2024-01-06,S004-P0020,Furniture,49,104,106.74,121.03999999999999,58.45962
2024-01-07,S004-P0020,Furniture,22,62,106.26,121.03999999999999,36.854107
2024-01-08,S004-P0020,Furniture,39,164,90.41,121.03999999999999,55.214973
2024-01-09,S004-P0020,Furniture,48,124,118.67,121.03999999999999,64.19283
2024-01-10,S004-P0020,Furniture,73,90,130.33,121.03999999999999,74.34353
2024-01-11,S004-P0020,Furniture,73,108,123.81,121.03999999999999,79.70463
2024-01-12,S004-P0020,Furniture,70,153,122.41,121.03999999999999,65.46737
2024-01-13,S004-P0020,Furniture,66,86,127.0,121.03999999999999,74.24641
2024-01-14,S004-P0020,Furniture,72,175,104.07,121.03999999999999,94.57699
2024-01-15,S004-P0020,Furniture,64,128,119.77,121.03999999999999,72.10544
2024-01-16,S004-P0020,Furniture,49,214,112.89,121.03999999999999,64.00058
2024-01-17,S004-P0020,Furniture,71,173,122.86,121.03999999999999,64.60669
2024-01-18,S004-P0020,Furniture,87,115,108.19,121.03999999999999,85.8783
2024-01-19,S004-P0020,Furniture,61,178,112.44,121.03999999999999,65.461296
2024-01-20,S004-P0020,Furniture,83,117,142.16,121.03999999999999,81.83149
2024-01-21,S004-P0020,Furniture,89,46,109.0,121.03999999999999,86.68502
2024-01-22,S004-P0020,Furniture,157,152,152.02,121.03999999999999,95.680565
2024-01-23,S004-P0020,Furniture,59,151,124.06,121.03999999999999,73.5792
2024-01-24,S004-P0020,Furniture,73,470,109.66,121.03999999999999,86.309044
2024-01-25,S004-P0020,Furniture,44,384,116.9,121.03999999999999,72.50335
2024-01-26,S004-P0020,Furniture,74,340,130.71,121.03999999999999,80.68076
2024-01-27,S004-P0020,Furniture,68,255,121.73,121.03999999999999,73.90741
2024-01-28,S004-P0020,Furniture,75,209,103.74,121.03999999999999,104.17011
2024-01-29,S004-P0020,Furniture,63,149,132.36,121.03999999999999,79.23744
2024-01-30,S004-P0020,Furniture,93,79,132.53,121.03999999999999,64.00058
2023-10-03,S005-P0001,Groceries,57,213,10.94,11.795,112.723785
2023-10-04,S005-P0001,Groceries,99,551,11.44,11.795,113.67022
2023-10-05,S005-P0001,Groceries,104,485,12.27,11.795,98.846344
2023-10-06,S005-P0001,Groceries,185,383,14.72,11.795,114.531906
2023-10-07,S005-P0001,Groceries,95,202,11.26,11.795,66.67893
2023-10-08,S005-P0001,Groceries,71,566,10.97,11.795,76.54305
2023-10-09,S005-P0001,Groceries,133,500,10.59,11.795,94.99638
2023-10-10,S005-P0001,Groceries,81,416,11.33,11.795,66.533936
2023-10-11,S005-P0001,Groceries,100,348,11.51,11.795,81.73095
2023-10-12,S005-P0001,Groceries,59,252,9.37,11.795,86.411934
2023-10-13,S005-P0001,Groceries,37,204,9.08,11.795,67.96233
2023-10-14,S005-P0001,Groceries,47,174,9.01,11.795,66.67893
2023-10-15,S005-P0001,Groceries,32,126,8.45,11.795,69.66558
2023-10-16,S005-P0001,Groceries,81,91,11.33,11.795,66.94001
2023-10-17,S005-P0001,Groceries,74,25,9.31,11.795,103.73486
2023-10-18,S005-P0001,Groceries,70,176,9.83,11.795,66.82566
2023-10-19,S005-P0001,Groceries,88,120,10.4,11.795,103.87114
2023-10-20,S005-P0001,Groceries,158,201,12.88,11.795,105.19802
2023-10-21,S005-P0001,Groceries,102,54,12.83,11.795,81.76263
2023-10-22,S005-P0001,Groceries,61,271,10.0,11.795,76.61876
2023-10-23,S005-P0001,Groceries,74,199,8.84,11.795,95.05814
2023-10-24,S005-P0001,Groceries,19,148,8.87,11.795,66.05836
2023-10-25,S005-P0001,Groceries,209,133,13.84,11.795,146.27563
2023-10-26,S005-P0001,Groceries,82,0,10.19,11.795,146.97183
2023-10-27,S005-P0001,Groceries,137,398,12.87,11.795,126.47295
2023-10-28,S005-P0001,Groceries,176,248,13.59,11.795,125.73467
2023-10-29,S005-P0001,Groceries,180,102,15.28,11.795,127.975945
2023-10-30,S005-P0001,Groceries,137,419,12.89,11.795,102.519684
2023-10-31,S005-P0001,Groceries,122,307,13.64,11.795,100.289894
2023-11-01,S005-P0001,Groceries,223,232,14.45,11.795,136.5817
2023-11-02,S005-P0001,Groceries,119,60,11.56,11.795,127.071144
2023-11-03,S005-P0001,Groceries,185,378,13.86,11.795,135.10065
2023-11-04,S005-P0001,Groceries,68,197,10.28,11.795,98.86088
2023-11-05,S005-P0001,Groceries,60,515,9.98,11.795,101.347664
2023-11-06,S005-P0001,Groceries,91,467,12.36,11.795,100.27244
2023-11-07,S005-P0001,Groceries,97,375,9.47,11.795,133.51978
2023-11-08,S005-P0001,Groceries,102,276,9.75,11.795,170.02797
2023-11-09,S005-P0001,Groceries,70,203,11.49,11.795,99.90444
2023-11-10,S005-P0001,Groceries,86,152,11.53,11.795,103.08219
2023-11-11,S005-P0001,Groceries,112,64,11.3,11.795,99.91382
2023-11-12,S005-P0001,Groceries,126,195,11.07,11.795,134.8299
2023-11-13,S005-P0001,Groceries,127,294,12.49,11.795,151.81412
2023-11-14,S005-P0001,Groceries,88,179,11.62,11.795,99.09055
2023-11-15,S005-P0001,Groceries,78,401,10.65,11.795,100.0465
2023-11-16,S005-P0001,Groceries,82,335,10.8,11.795,154.43707
2023-11-17,S005-P0001,Groceries,76,240,10.58,11.795,100.197716
2023-11-18,S005-P0001,Groceries,169,155,13.34,11.795,133.09789
2023-11-19,S005-P0001,Groceries,130,10,13.98,11.795,130.6086
2023-11-20,S005-P0001,Groceries,145,322,11.1,11.795,135.97495
2023-11-21,S005-P0001,Groceries,66,227,9.68,11.795,127.02897
2023-11-22,S005-P0001,Groceries,110,415,13.14,11.795,113.14844
2023-11-23,S005-P0001,Groceries,133,333,12.07,11.795,100.75107
2023-11-24,S005-P0001,Groceries,103,234,11.58,11.795,114.63456
2023-11-25,S005-P0001,Groceries,103,150,10.99,11.795,98.86088
2023-11-26,S005-P0001,Groceries,97,291,10.19,11.795,167.86865
2023-11-27,S005-P0001,Groceries,181,219,13.8,11.795,124.498924
2023-11-28,S005-P0001,Groceries,82,83,11.39,11.795,99.09055
2023-11-29,S005-P0001,Groceries,125,376,12.39,11.795,127.42979
2023-11-30,S005-P0001,Groceries,101,251,12.14,11.795,112.83254
2023-12-01,S005-P0001,Groceries,161,136,14.53,11.795,124.75819
2023-12-02,S005-P0001,Groceries,105,0,11.08,11.795,149.55591
2023-12-03,S005-P0001,Groceries,80,359,11.29,11.795,111.23866
2023-12-04,S005-P0001,Groceries,186,268,11.65,11.795,144.70953
2023-12-05,S005-P0001,Groceries,119,97,13.54,11.795,112.80437
2023-12-06,S005-P0001,Groceries,126,395,12.42,11.795,124.782364
2023-12-07,S005-P0001,Groceries,174,257,13.54,11.795,110.784065
2023-12-08,S005-P0001,Groceries,163,110,12.31,11.795,147.04492
2023-12-09,S005-P0001,Groceries,6,329,8.35,11.795,100.029045
2023-12-10,S005-P0001,Groceries,206,325,13.85,11.795,129.20898
2023-12-11,S005-P0001,Groceries,121,113,12.27,11.795,102.7187
2023-12-12,S005-P0001,Groceries,125,363,11.11,11.795,161.28134
2023-12-13,S005-P0001,Groceries,160,269,14.48,11.795,125.093575
2023-12-14,S005-P0001,Groceries,72,87,10.41,11.795,120.93309
2023-12-15,S005-P0001,Groceries,175,310,12.82,11.795,129.99739
2023-12-16,S005-P0001,Groceries,87,145,11.57,11.795,113.40202
2023-12-17,S005-P0001,Groceries,59,390,9.91,11.795,110.78993
2023-12-18,S005-P0001,Groceries,94,354,11.88,11.795,112.34903
2023-12-19,S005-P0001,Groceries,58,254,10.43,11.795,124.57903
2023-12-20,S005-P0001,Groceries,95,186,11.9,11.795,100.9235
2023-12-21,S005-P0001,Groceries,196,77,15.08,11.795,120.93309
2023-12-22,S005-P0001,Groceries,155,176,13.54,11.795,122.85457
2023-12-23,S005-P0001,Groceries,118,431,11.54,11.795,100.408844
2023-12-24,S005-P0001,Groceries,206,301,13.72,11.795,159.74608
2023-12-25,S005-P0001,Groceries,166,122,13.17,11.795,131.30807
2023-12-26,S005-P0001,Groceries,140,342,12.96,11.795,131.50772
2023-12-27,S005-P0001,Groceries,114,231,11.33,11.795,90.59351
2023-12-28,S005-P0001,Groceries,84,114,11.48,11.795,87.25278
2023-12-29,S005-P0001,Groceries,63,220,10.07,11.795,83.95553
2023-12-30,S005-P0001,Groceries,37,181,9.58,11.795,69.06211
2023-12-31,S005-P0001,Groceries,82,150,11.39,11.795,78.301384
2024-01-01,S005-P0001,Groceries,106,83,11.1,11.795,76.68333
2024-01-02,S005-P0001,Groceries,59,169,9.96,11.795,77.713554
2024-01-03,S005-P0001,Groceries,71,353,9.3,11.795,101.94098
2024-01-04,S005-P0001,Groceries,90,271,9.25,11.795,93.669365
2024-01-05,S005-P0001,Groceries,110,202,13.14,11.795,86.61288
2024-01-06,S005-P0001,Groceries,58,126,8.88,11.795,102.163155
2024-01-07,S005-P0001,Groceries,82,258,10.82,11.795,71.31168
2024-01-08,S005-P0001,Groceries,90,169,10.46,11.795,102.017845
2024-01-09,S005-P0001,Groceries,169,100,13.34,11.795,99.56266
2024-01-10,S005-P0001,Groceries,53,174,10.79,11.795,100.45383
2024-01-11,S005-P0001,Groceries,141,459,10.83,11.795,131.65277
2024-01-12,S005-P0001,Groceries,142,347,13.08,11.795,111.93818
2024-01-13,S005-P0001,Groceries,149,198,13.3,11.795,163.93367
2024-01-14,S005-P0001,Groceries,123,56,11.7,11.795,98.30766
2024-01-15,S005-P0001,Groceries,103,333,12.22,11.795,111.11588
2024-01-16,S005-P0001,Groceries,104,234,12.26,11.795,99.32299
2024-01-17,S005-P0001,Groceries,31,151,8.88,11.795,111.51089
2024-01-18,S005-P0001,Groceries,132,296,12.66,11.795,120.32186
2024-01-19,S005-P0001,Groceries,105,175,10.35,11.795,132.99515
2024-01-20,S005-P0001,Groceries,95,394,11.91,11.795,124.192566
2024-01-21,S005-P0001,Groceries,148,308,11.8,11.795,147.75078
2024-01-22,S005-P0001,Groceries,177,209,13.55,11.795,159.0323
2024-01-23,S005-P0001,Groceries,49,379,10.59,11.795,99.88531
2024-01-24,S005-P0001,Groceries,236,324,15.75,11.795,149.75253
2024-01-25,S005-P0001,Groceries,209,71,16.44,11.795,120.598114
2024-01-26,S005-P0001,Groceries,152,392,12.74,11.795,111.23075
2024-01-27,S005-P0001,Groceries,68,299,9.75,11.795,100.08578
2024-01-28,S005-P0001,Groceries,128,243,12.51,11.795,110.6696
2024-01-29,S005-P0001,Groceries,118,117,12.8,11.795,110.7438
2024-01-30,S005-P0001,Groceries,99,267,12.04,11.795,99.32299
2023-10-03,S005-P0002,Electronics,88,368,34.44,38.475,124.2407
2023-10-04,S005-P0002,Electronics,120,293,35.99,38.475,125.20617
2023-10-05,S005-P0002,Electronics,96,175,33.34,38.475,113.78418
2023-10-06,S005-P0002,Electronics,81,102,37.53,38.475,99.78434
2023-10-07,S005-P0002,Electronics,63,336,35.26,38.475,48.059704
2023-10-08,S005-P0002,Electronics,91,298,32.36,38.475,70.59127
2023-10-09,S005-P0002,Electronics,45,212,36.38,38.475,52.990612
2023-10-10,S005-P0002,Electronics,25,173,31.82,38.475,48.36415
2023-10-11,S005-P0002,Electronics,44,447,34.47,38.475,59.522434
2023-10-12,S005-P0002,Electronics,66,400,39.51,38.475,49.996906
2023-10-13,S005-P0002,Electronics,37,323,33.52,38.475,49.538685
2023-10-14,S005-P0002,Electronics,70,295,34.25,38.475,62.100174
2023-10-15,S005-P0002,Electronics,46,232,32.93,38.475,49.23429
2023-10-16,S005-P0002,Electronics,26,201,30.2,38.475,48.55736
2023-10-17,S005-P0002,Electronics,90,180,32.68,38.475,78.65507
2023-10-18,S005-P0002,Electronics,47,118,27.57,38.475,63.556026
2023-10-19,S005-P0002,Electronics,62,62,38.9,38.475,61.37806
2023-10-20,S005-P0002,Electronics,58,249,36.36,38.475,58.73044
2023-10-21,S005-P0002,Electronics,42,214,30.77,38.475,59.70154
2023-10-22,S005-P0002,Electronics,30,164,30.85,38.475,55.05904
2023-10-23,S005-P0002,Electronics,68,140,32.11,38.475,69.04797
2023-10-24,S005-P0002,Electronics,21,86,31.32,38.475,48.231644
2023-10-25,S005-P0002,Electronics,81,69,33.26,38.475,125.20617
2023-10-26,S005-P0002,Electronics,58,235,27.32,38.475,125.6696
2023-10-27,S005-P0002,Electronics,104,186,40.49,38.475,108.93259
2023-10-28,S005-P0002,Electronics,127,116,43.65,38.475,108.55238
2023-10-29,S005-P0002,Electronics,53,30,37.59,38.475,108.701385
2023-10-30,S005-P0002,Electronics,81,281,39.49,38.475,89.6864
2023-10-31,S005-P0002,Electronics,64,547,37.15,38.475,87.69094
2023-11-01,S005-P0002,Electronics,61,498,34.93,38.475,87.98243
2023-11-02,S005-P0002,Electronics,58,456,34.52,38.475,105.72466
2023-11-03,S005-P0002,Electronics,121,407,35.64,38.475,114.92712
2023-11-04,S005-P0002,Electronics,71,317,38.15,38.475,87.58143
2023-11-05,S005-P0002,Electronics,88,249,36.49,38.475,90.536835
2023-11-06,S005-P0002,Electronics,107,502,38.79,38.475,87.451225
2023-11-07,S005-P0002,Electronics,89,394,32.11,38.475,115.78341
2023-11-08,S005-P0002,Electronics,117,297,35.6,38.475,143.54028
2023-11-09,S005-P0002,Electronics,65,189,33.61,38.475,85.15569
2023-11-10,S005-P0002,Electronics,183,132,48.36,38.475,114.31715
2023-11-11,S005-P0002,Electronics,131,421,39.49,38.475,115.54795
2023-11-12,S005-P0002,Electronics,138,265,42.73,38.475,114.13908
2023-11-13,S005-P0002,Electronics,117,705,42.33,38.475,97.1079
2023-11-14,S005-P0002,Electronics,80,631,37.32,38.475,87.03138
2023-11-15,S005-P0002,Electronics,140,569,38.17,38.475,115.3747
2023-11-16,S005-P0002,Electronics,124,413,43.28,38.475,95.72615
2023-11-17,S005-P0002,Electronics,70,297,39.98,38.475,89.984764
2023-11-18,S005-P0002,Electronics,100,234,37.98,38.475,112.39025
2023-11-19,S005-P0002,Electronics,147,464,48.75,38.475,109.5736
2023-11-20,S005-P0002,Electronics,83,310,31.92,38.475,114.2134
2023-11-21,S005-P0002,Electronics,132,242,41.94,38.475,107.479836
2023-11-22,S005-P0002,Electronics,125,486,45.59,38.475,98.398
2023-11-23,S005-P0002,Electronics,68,339,35.82,38.475,85.15569
2023-11-24,S005-P0002,Electronics,95,289,41.47,38.475,100.78774
2023-11-25,S005-P0002,Electronics,108,177,36.77,38.475,112.89388
2023-11-26,S005-P0002,Electronics,38,75,33.66,38.475,108.744896
2023-11-27,S005-P0002,Electronics,117,293,42.25,38.475,106.347885
2023-11-28,S005-P0002,Electronics,92,162,41.02,38.475,87.05167
2023-11-29,S005-P0002,Electronics,86,93,36.28,38.475,108.56691
2023-11-30,S005-P0002,Electronics,120,309,44.99,38.475,96.406044
2023-12-01,S005-P0002,Electronics,142,214,38.36,38.475,133.66347
2023-12-02,S005-P0002,Electronics,70,61,39.98,38.475,97.42986
2023-12-03,S005-P0002,Electronics,121,427,47.52,38.475,95.11367
2023-12-04,S005-P0002,Electronics,93,324,33.0,38.475,123.29641
2023-12-05,S005-P0002,Electronics,88,218,38.49,38.475,97.69462
2023-12-06,S005-P0002,Electronics,128,140,43.65,38.475,108.15896
2023-12-07,S005-P0002,Electronics,34,351,33.09,38.475,95.66302
2023-12-08,S005-P0002,Electronics,119,322,40.36,38.475,97.18714
2023-12-09,S005-P0002,Electronics,88,238,38.44,38.475,88.36465
2023-12-10,S005-P0002,Electronics,101,175,40.14,38.475,86.89397
2023-12-11,S005-P0002,Electronics,77,510,39.0,38.475,89.233025
2023-12-12,S005-P0002,Electronics,158,450,47.62,38.475,133.55756
2023-12-13,S005-P0002,Electronics,65,264,37.37,38.475,107.239525
2023-12-14,S005-P0002,Electronics,165,199,48.48,38.475,105.03277
2023-12-15,S005-P0002,Electronics,119,554,42.45,38.475,86.80721
2023-12-16,S005-P0002,Electronics,177,427,50.08,38.475,98.92324
2023-12-17,S005-P0002,Electronics,140,251,45.2,38.475,96.31269
2023-12-18,S005-P0002,Electronics,130,119,41.71,38.475,98.71589
2023-12-19,S005-P0002,Electronics,92,454,43.25,38.475,106.1975
2023-12-20,S005-P0002,Electronics,155,381,37.32,38.475,112.79592
2023-12-21,S005-P0002,Electronics,143,204,37.97,38.475,132.6073
2023-12-22,S005-P0002,Electronics,106,95,36.24,38.475,133.66347
2023-12-23,S005-P0002,Electronics,133,528,39.79,38.475,111.243095
2023-12-24,S005-P0002,Electronics,114,408,37.17,38.475,132.65208
2023-12-25,S005-P0002,Electronics,92,295,38.9,38.475,90.25497
2023-12-26,S005-P0002,Electronics,92,227,38.96,38.475,88.086586
2023-12-27,S005-P0002,Electronics,38,162,31.86,38.475,64.31965
2023-12-28,S005-P0002,Electronics,75,440,30.6,38.475,80.06634
2023-12-29,S005-P0002,Electronics,38,362,31.98,38.475,57.139725
2023-12-30,S005-P0002,Electronics,44,331,34.38,38.475,47.662354
2023-12-31,S005-P0002,Electronics,66,304,35.51,38.475,52.4947
2024-01-01,S005-P0002,Electronics,57,255,29.03,38.475,67.85962
2024-01-02,S005-P0002,Electronics,86,208,40.23,38.475,51.27255
2024-01-03,S005-P0002,Electronics,43,116,30.88,38.475,68.76054
2024-01-04,S005-P0002,Electronics,59,66,32.9,38.475,44.552647
2024-01-05,S005-P0002,Electronics,82,288,35.71,38.475,55.118626
2024-01-06,S005-P0002,Electronics,42,224,35.96,38.475,51.923977
2024-01-07,S005-P0002,Electronics,67,197,32.01,38.475,60.990223
2024-01-08,S005-P0002,Electronics,65,387,33.58,38.475,49.408447
2024-01-09,S005-P0002,Electronics,149,343,48.92,38.475,86.17094
2024-01-10,S005-P0002,Electronics,67,175,39.54,38.475,86.9963
2024-01-11,S005-P0002,Electronics,83,121,37.82,38.475,86.69348
2024-01-12,S005-P0002,Electronics,83,458,35.82,38.475,95.51252
2024-01-13,S005-P0002,Electronics,43,396,34.3,38.475,105.006325
2024-01-14,S005-P0002,Electronics,72,350,38.35,38.475,85.955956
2024-01-15,S005-P0002,Electronics,187,266,40.63,38.475,124.379776
2024-01-16,S005-P0002,Electronics,95,144,31.1,38.475,112.64238
2024-01-17,S005-P0002,Electronics,47,57,36.75,38.475,96.59963
2024-01-18,S005-P0002,Electronics,106,567,45.22,38.475,102.62406
2024-01-19,S005-P0002,Electronics,37,449,33.52,38.475,85.83277
2024-01-20,S005-P0002,Electronics,78,423,29.33,38.475,136.1234
2024-01-21,S005-P0002,Electronics,64,335,37.21,38.475,94.469
2024-01-22,S005-P0002,Electronics,109,289,41.1,38.475,103.779076
2024-01-23,S005-P0002,Electronics,100,183,44.35,38.475,86.17094
2024-01-24,S005-P0002,Electronics,70,107,32.36,38.475,124.07755
2024-01-25,S005-P0002,Electronics,101,377,33.9,38.475,133.82126
2024-01-26,S005-P0002,Electronics,84,256,31.54,38.475,123.15414
2024-01-27,S005-P0002,Electronics,83,194,33.49,38.475,112.79348
2024-01-28,S005-P0002,Electronics,115,97,46.61,38.475,94.469
2024-01-29,S005-P0002,Electronics,118,274,44.71,38.475,94.943474
2024-01-30,S005-P0002,Electronics,136,156,49.68,38.475,86.17094
2023-10-03,S005-P0003,Toys,79,198,27.22,27.84,97.15125
2023-10-04,S005-P0003,Toys,118,123,30.91,27.84,97.879036
2023-10-05,S005-P0003,Toys,103,126,27.79,27.84,111.70009
2023-10-06,S005-P0003,Toys,101,144,29.28,27.84,130.1506
2023-10-07,S005-P0003,Toys,34,144,24.06,27.84,33.502415
2023-10-08,S005-P0003,Toys,24,114,23.13,27.84,40.37997
2023-10-09,S005-P0003,Toys,57,149,23.82,27.84,49.39153
2023-10-10,S005-P0003,Toys,36,104,24.31,27.84,34.40304
2023-10-11,S005-P0003,Toys,74,114,25.32,27.84,58.60356
2023-10-12,S005-P0003,Toys,57,102,23.75,27.84,33.556934
2023-10-13,S005-P0003,Toys,37,113,23.09,27.84,34.696804
2023-10-14,S005-P0003,Toys,30,134,21.29,27.84,32.677456
2023-10-15,S005-P0003,Toys,21,104,22.81,27.84,36.27773
2023-10-16,S005-P0003,Toys,30,135,22.55,27.84,32.074963
2023-10-17,S005-P0003,Toys,43,103,22.4,27.84,58.215485
2023-10-18,S005-P0003,Toys,54,103,22.2,27.84,44.003826
2023-10-19,S005-P0003,Toys,11,102,17.16,27.84,61.29929
2023-10-20,S005-P0003,Toys,16,90,23.42,27.84,44.3421
2023-10-21,S005-P0003,Toys,32,130,22.68,27.84,42.78379
2023-10-22,S005-P0003,Toys,52,100,24.53,27.84,40.294262
2023-10-23,S005-P0003,Toys,65,101,22.89,27.84,49.39797
2023-10-24,S005-P0003,Toys,35,126,22.96,27.84,32.045773
2023-10-25,S005-P0003,Toys,73,96,25.23,27.84,125.83894
2023-10-26,S005-P0003,Toys,74,128,26.77,27.84,94.987495
2023-10-27,S005-P0003,Toys,111,121,31.9,27.84,108.97642
2023-10-28,S005-P0003,Toys,84,139,26.23,27.84,106.6577
2023-10-29,S005-P0003,Toys,99,142,30.65,27.84,108.71535
2023-10-30,S005-P0003,Toys,113,153,30.51,27.84,89.406715
2023-10-31,S005-P0003,Toys,82,187,26.05,27.84,87.63087
2023-11-01,S005-P0003,Toys,57,108,26.43,27.84,87.38214
2023-11-02,S005-P0003,Toys,50,119,23.15,27.84,103.26809
2023-11-03,S005-P0003,Toys,68,115,26.08,27.84,88.56641
2023-11-04,S005-P0003,Toys,98,123,30.56,27.84,81.61487
2023-11-05,S005-P0003,Toys,56,134,24.98,27.84,84.49204
2023-11-06,S005-P0003,Toys,74,140,22.22,27.84,110.59734
2023-11-07,S005-P0003,Toys,80,135,28.77,27.84,81.07807
2023-11-08,S005-P0003,Toys,118,141,27.43,27.84,143.52957
2023-11-09,S005-P0003,Toys,106,158,29.74,27.84,85.10157
2023-11-10,S005-P0003,Toys,115,166,32.29,27.84,88.988335
2023-11-11,S005-P0003,Toys,124,179,28.23,27.84,118.25793
2023-11-12,S005-P0003,Toys,188,231,31.75,27.84,117.2945
2023-11-13,S005-P0003,Toys,113,245,30.39,27.84,95.514885
2023-11-14,S005-P0003,Toys,114,131,25.38,27.84,117.733345
2023-11-15,S005-P0003,Toys,126,154,30.04,27.84,111.712494
2023-11-16,S005-P0003,Toys,87,181,29.43,27.84,96.278114
2023-11-17,S005-P0003,Toys,53,97,24.7,27.84,84.30169
2023-11-18,S005-P0003,Toys,124,114,26.54,27.84,111.78932
2023-11-19,S005-P0003,Toys,64,126,25.73,27.84,143.31302
2023-11-20,S005-P0003,Toys,120,147,32.73,27.84,86.76584
2023-11-21,S005-P0003,Toys,69,165,27.67,27.84,107.21111
2023-11-22,S005-P0003,Toys,66,102,25.98,27.84,98.08317
2023-11-23,S005-P0003,Toys,123,103,29.81,27.84,115.39633
2023-11-24,S005-P0003,Toys,94,102,27.14,27.84,98.65011
2023-11-25,S005-P0003,Toys,100,106,29.21,27.84,81.61487
2023-11-26,S005-P0003,Toys,118,141,32.55,27.84,107.1309
2023-11-27,S005-P0003,Toys,129,111,26.58,27.84,140.89667
2023-11-28,S005-P0003,Toys,113,165,32.03,27.84,87.11918
2023-11-29,S005-P0003,Toys,89,162,29.69,27.84,107.49237
2023-11-30,S005-P0003,Toys,148,164,35.64,27.84,96.278114
2023-12-01,S005-P0003,Toys,192,161,35.84,27.84,138.96544
2023-12-02,S005-P0003,Toys,90,220,23.47,27.84,125.09353
2023-12-03,S005-P0003,Toys,144,117,33.35,27.84,98.14435
2023-12-04,S005-P0003,Toys,87,127,27.94,27.84,99.4766
2023-12-05,S005-P0003,Toys,127,154,31.7,27.84,96.7567
2023-12-06,S005-P0003,Toys,118,190,24.44,27.84,137.3793
2023-12-07,S005-P0003,Toys,113,232,28.85,27.84,96.02352
2023-12-08,S005-P0003,Toys,104,132,29.49,27.84,98.18171
2023-12-09,S005-P0003,Toys,92,174,26.77,27.84,114.18572
2023-12-10,S005-P0003,Toys,95,194,23.87,27.84,115.4644
2023-12-11,S005-P0003,Toys,85,80,29.24,27.84,90.70507
2023-12-12,S005-P0003,Toys,123,100,28.09,27.84,135.72728
2023-12-13,S005-P0003,Toys,118,127,30.96,27.84,105.85056
2023-12-14,S005-P0003,Toys,36,130,23.06,27.84,104.654495
2023-12-15,S005-P0003,Toys,119,104,30.95,27.84,89.02729
2023-12-16,S005-P0003,Toys,135,119,27.05,27.84,125.09353
2023-12-17,S005-P0003,Toys,142,142,33.24,27.84,98.30645
2023-12-18,S005-P0003,Toys,151,146,30.27,27.84,127.77508
2023-12-19,S005-P0003,Toys,72,229,22.02,27.84,136.39369
2023-12-20,S005-P0003,Toys,45,162,23.92,27.84,88.3905
2023-12-21,S005-P0003,Toys,99,132,29.15,27.84,104.94919
2023-12-22,S005-P0003,Toys,124,135,31.48,27.84,107.332085
2023-12-23,S005-P0003,Toys,104,150,29.59,27.84,88.45221
2023-12-24,S005-P0003,Toys,73,163,26.65,27.84,106.98286
2023-12-25,S005-P0003,Toys,56,164,26.32,27.84,90.70507
2023-12-26,S005-P0003,Toys,95,98,28.69,27.84,87.514656
2023-12-27,S005-P0003,Toys,44,120,19.85,27.84,42.62917
2023-12-28,S005-P0003,Toys,27,124,22.22,27.84,36.84725
2023-12-29,S005-P0003,Toys,18,92,21.39,27.84,38.98852
2023-12-30,S005-P0003,Toys,21,128,22.76,27.84,30.082396
2023-12-31,S005-P0003,Toys,49,111,26.96,27.84,36.973934
2024-01-01,S005-P0003,Toys,19,132,21.44,27.84,32.834496
2024-01-02,S005-P0003,Toys,23,115,21.87,27.84,31.121479
2024-01-03,S005-P0003,Toys,39,95,23.34,27.84,31.627428
2024-01-04,S005-P0003,Toys,28,102,23.5,27.84,27.133268
2024-01-05,S005-P0003,Toys,27,133,19.87,27.84,52.819675
2024-01-06,S005-P0003,Toys,71,104,20.87,27.84,46.552097
2024-01-07,S005-P0003,Toys,14,109,20.96,27.84,30.186844
2024-01-08,S005-P0003,Toys,31,99,17.84,27.84,47.72382
2024-01-09,S005-P0003,Toys,97,128,32.07,27.84,87.299324
2024-01-10,S005-P0003,Toys,115,162,27.46,27.84,113.08451
2024-01-11,S005-P0003,Toys,4,184,17.76,27.84,112.4675
2024-01-12,S005-P0003,Toys,83,180,27.6,27.84,97.02259
2024-01-13,S005-P0003,Toys,95,86,28.67,27.84,104.25216
2024-01-14,S005-P0003,Toys,78,90,27.07,27.84,88.47243
2024-01-15,S005-P0003,Toys,80,117,27.19,27.84,96.99481
2024-01-16,S005-P0003,Toys,74,103,23.94,27.84,111.97808
2024-01-17,S005-P0003,Toys,73,125,26.61,27.84,96.025604
2024-01-18,S005-P0003,Toys,43,154,23.75,27.84,102.5393
2024-01-19,S005-P0003,Toys,34,127,21.66,27.84,114.10118
2024-01-20,S005-P0003,Toys,104,99,29.57,27.84,104.62146
2024-01-21,S005-P0003,Toys,68,97,24.74,27.84,97.10461
2024-01-22,S005-P0003,Toys,183,116,33.25,27.84,135.56288
2024-01-23,S005-P0003,Toys,59,206,26.65,27.84,86.69934
2024-01-24,S005-P0003,Toys,150,145,32.06,27.84,124.50286
2024-01-25,S005-P0003,Toys,62,160,26.94,27.84,102.5393
2024-01-26,S005-P0003,Toys,80,97,30.23,27.84,97.46987
2024-01-27,S005-P0003,Toys,92,136,28.42,27.84,87.25605
2024-01-28,S005-P0003,Toys,113,140,25.66,27.84,124.92299
2024-01-29,S005-P0003,Toys,100,178,30.75,27.84,97.06104
2024-01-30,S005-P0003,Toys,121,212,32.93,27.84,87.299324
2023-10-03,S005-P0004,Groceries,93,194,7.98,7.68,112.723785
2023-10-04,S005-P0004,Groceries,146,100,7.05,7.68,146.80649
2023-10-05,S005-P0004,Groceries,121,152,7.46,7.68,99.291214
2023-10-06,S005-P0004,Groceries,134,179,8.6,7.68,115.07523
2023-10-07,S005-P0004,Groceries,152,146,6.81,7.68,86.205444
2023-10-08,S005-P0004,Groceries,87,177,7.42,7.68,76.68778
2023-10-09,S005-P0004,Groceries,49,115,6.11,7.68,73.853355
2023-10-10,S005-P0004,Groceries,57,109,7.0,7.68,66.533936
2023-10-11,S005-P0004,Groceries,164,115,7.97,7.68,104.28181
2023-10-12,S005-P0004,Groceries,64,170,7.19,7.68,67.84127
2023-10-13,S005-P0004,Groceries,65,99,6.14,7.68,85.551445
2023-10-14,S005-P0004,Groceries,38,103,6.49,7.68,66.6907
2023-10-15,S005-P0004,Groceries,78,120,6.83,7.68,69.618835
2023-10-16,S005-P0004,Groceries,56,137,6.28,7.68,66.89454
2023-10-17,S005-P0004,Groceries,80,79,6.86,7.68,104.527534
2023-10-18,S005-P0004,Groceries,126,87,6.65,7.68,86.131355
2023-10-19,S005-P0004,Groceries,177,106,8.25,7.68,103.87114
2023-10-20,S005-P0004,Groceries,107,157,6.68,7.68,104.77599
2023-10-21,S005-P0004,Groceries,99,169,7.33,7.68,81.66424
2023-10-22,S005-P0004,Groceries,60,170,6.38,7.68,76.61876
2023-10-23,S005-P0004,Groceries,66,102,6.89,7.68,73.87299
2023-10-24,S005-P0004,Groceries,56,92,6.97,7.68,65.90078
2023-10-25,S005-P0004,Groceries,92,108,7.94,7.68,113.26441
2023-10-26,S005-P0004,Groceries,143,128,8.85,7.68,113.45281
2023-10-27,S005-P0004,Groceries,125,169,8.38,7.68,127.42499
2023-10-28,S005-P0004,Groceries,169,166,9.01,7.68,161.36943
2023-10-29,S005-P0004,Groceries,87,185,6.67,7.68,127.3741
2023-10-30,S005-P0004,Groceries,94,84,7.6,7.68,102.08495
2023-10-31,S005-P0004,Groceries,145,133,9.37,7.68,100.289894
2023-11-01,S005-P0004,Groceries,128,144,7.58,7.68,136.5817
2023-11-02,S005-P0004,Groceries,73,136,7.42,7.68,126.66204
2023-11-03,S005-P0004,Groceries,120,149,7.82,7.68,101.36065
2023-11-04,S005-P0004,Groceries,112,143,6.35,7.68,132.92923
2023-11-05,S005-P0004,Groceries,141,140,7.92,7.68,135.05719
2023-11-06,S005-P0004,Groceries,62,197,6.44,7.68,100.32177
2023-11-07,S005-P0004,Groceries,129,159,8.07,7.68,98.81882
2023-11-08,S005-P0004,Groceries,141,183,7.48,7.68,169.83527
2023-11-09,S005-P0004,Groceries,78,206,7.18,7.68,100.08253
2023-11-10,S005-P0004,Groceries,132,144,8.55,7.68,103.08219
2023-11-11,S005-P0004,Groceries,146,199,7.14,7.68,136.09845
2023-11-12,S005-P0004,Groceries,92,183,7.14,7.68,101.924835
2023-11-13,S005-P0004,Groceries,116,81,7.75,7.68,111.40479
2023-11-14,S005-P0004,Groceries,115,129,8.13,7.68,99.09055
2023-11-15,S005-P0004,Groceries,82,93,7.3,7.68,99.53753
2023-11-16,S005-P0004,Groceries,140,92,8.75,7.68,112.83254
2023-11-17,S005-P0004,Groceries,103,156,8.25,7.68,101.240425
2023-11-18,S005-P0004,Groceries,142,151,7.06,7.68,132.522
2023-11-19,S005-P0004,Groceries,233,184,8.9,7.68,167.22435
2023-11-20,S005-P0004,Groceries,72,230,6.7,7.68,98.720894
2023-11-21,S005-P0004,Groceries,194,186,9.63,7.68,126.91104
2023-11-22,S005-P0004,Groceries,65,156,6.52,7.68,113.27361
2023-11-23,S005-P0004,Groceries,113,79,7.27,7.68,137.15659
2023-11-24,S005-P0004,Groceries,177,114,8.24,7.68,151.31458
2023-11-25,S005-P0004,Groceries,102,174,7.79,7.68,98.689964
2023-11-26,S005-P0004,Groceries,183,183,9.86,7.68,129.96335
2023-11-27,S005-P0004,Groceries,124,201,7.92,7.68,124.498924
2023-11-28,S005-P0004,Groceries,157,237,7.26,7.68,136.826
2023-11-29,S005-P0004,Groceries,120,245,7.43,7.68,127.42979
2023-11-30,S005-P0004,Groceries,98,155,7.7,7.68,112.83254
2023-12-01,S005-P0004,Groceries,115,187,6.42,7.68,159.32614
2023-12-02,S005-P0004,Groceries,123,202,7.92,7.68,113.40202
2023-12-03,S005-P0004,Groceries,137,219,8.68,7.68,111.23866
2023-12-04,S005-P0004,Groceries,93,78,7.96,7.68,112.53894
2023-12-05,S005-P0004,Groceries,117,120,6.95,7.68,147.70981
2023-12-06,S005-P0004,Groceries,208,120,9.95,7.68,162.88562
2023-12-07,S005-P0004,Groceries,100,236,7.35,7.68,110.61456
2023-12-08,S005-P0004,Groceries,123,118,7.9,7.68,112.05367
2023-12-09,S005-P0004,Groceries,60,148,7.09,7.68,100.19679
2023-12-10,S005-P0004,Groceries,68,98,6.93,7.68,97.98574
2023-12-11,S005-P0004,Groceries,140,83,7.85,7.68,131.30807
2023-12-12,S005-P0004,Groceries,71,168,5.97,7.68,161.28134
2023-12-13,S005-P0004,Groceries,149,119,8.09,7.68,124.782364
2023-12-14,S005-P0004,Groceries,198,125,10.25,7.68,121.32108
2023-12-15,S005-P0004,Groceries,105,178,7.46,7.68,98.40031
2023-12-16,S005-P0004,Groceries,122,189,7.0,7.68,147.62024
2023-12-17,S005-P0004,Groceries,34,196,6.06,7.68,112.188805
2023-12-18,S005-P0004,Groceries,109,168,8.4,7.68,112.53894
2023-12-19,S005-P0004,Groceries,134,189,8.62,7.68,124.57903
2023-12-20,S005-P0004,Groceries,166,201,8.96,7.68,100.81495
2023-12-21,S005-P0004,Groceries,148,217,8.96,7.68,121.32108
2023-12-22,S005-P0004,Groceries,250,241,10.35,7.68,161.85686
2023-12-23,S005-P0004,Groceries,93,360,7.96,7.68,100.19679
2023-12-24,S005-P0004,Groceries,252,288,9.17,7.68,158.53374
2023-12-25,S005-P0004,Groceries,113,341,6.87,7.68,131.30807
2023-12-26,S005-P0004,Groceries,116,247,7.72,7.68,100.26592
2023-12-27,S005-P0004,Groceries,73,144,6.68,7.68,69.376495
2023-12-28,S005-P0004,Groceries,140,123,7.02,7.68,113.78657
2023-12-29,S005-P0004,Groceries,37,152,5.83,7.68,83.95553
2023-12-30,S005-P0004,Groceries,51,129,6.5,7.68,69.12746
2023-12-31,S005-P0004,Groceries,101,151,7.77,7.68,78.301384
2024-01-01,S005-P0004,Groceries,67,142,6.22,7.68,76.68333
2024-01-02,S005-P0004,Groceries,81,135,7.26,7.68,78.39238
2024-01-03,S005-P0004,Groceries,100,163,8.17,7.68,78.177864
2024-01-04,S005-P0004,Groceries,30,176,5.96,7.68,71.1229
2024-01-05,S005-P0004,Groceries,116,154,8.16,7.68,85.88537
2024-01-06,S005-P0004,Groceries,81,169,7.64,7.68,78.32397
2024-01-07,S005-P0004,Groceries,73,88,7.05,7.68,71.739746
2024-01-08,S005-P0004,Groceries,133,86,7.69,7.68,102.017845
2024-01-09,S005-P0004,Groceries,38,150,6.51,7.68,99.88531
2024-01-10,S005-P0004,Groceries,68,126,6.56,7.68,100.49259
2024-01-11,S005-P0004,Groceries,152,142,7.27,7.68,131.34048
2024-01-12,S005-P0004,Groceries,204,154,8.31,7.68,147.98317
2024-01-13,S005-P0004,Groceries,141,233,8.32,7.68,122.97355
2024-01-14,S005-P0004,Groceries,122,75,7.0,7.68,132.84651
2024-01-15,S005-P0004,Groceries,156,140,9.66,7.68,111.11588
2024-01-16,S005-P0004,Groceries,176,138,8.72,7.68,135.09607
2024-01-17,S005-P0004,Groceries,125,145,8.84,7.68,112.082054
2024-01-18,S005-P0004,Groceries,108,132,7.15,7.68,160.31853
2024-01-19,S005-P0004,Groceries,86,119,7.38,7.68,98.65165
2024-01-20,S005-P0004,Groceries,158,147,8.3,7.68,163.93367
2024-01-21,S005-P0004,Groceries,139,178,7.86,7.68,150.5864
2024-01-22,S005-P0004,Groceries,144,252,8.4,7.68,120.713066
2024-01-23,S005-P0004,Groceries,146,80,8.03,7.68,99.56266
2024-01-24,S005-P0004,Groceries,145,127,8.9,7.68,112.082054
2024-01-25,S005-P0004,Groceries,143,154,7.97,7.68,120.32186
2024-01-26,S005-P0004,Groceries,167,135,8.52,7.68,150.82028
2024-01-27,S005-P0004,Groceries,69,173,6.97,7.68,100.2887
2024-01-28,S005-P0004,Groceries,147,118,8.05,7.68,150.5864
2024-01-29,S005-P0004,Groceries,87,140,6.69,7.68,110.81023
2024-01-30,S005-P0004,Groceries,115,141,7.73,7.68,99.32299
2023-10-03,S005-P0005,Groceries,187,0,18.89,16.05,145.8317
2023-10-04,S005-P0005,Groceries,89,272,15.01,16.05,113.67022
2023-10-05,S005-P0005,Groceries,55,495,14.01,16.05,98.91215
2023-10-06,S005-P0005,Groceries,128,434,17.95,16.05,115.07523
2023-10-07,S005-P0005,Groceries,50,328,12.36,16.05,66.67893
2023-10-08,S005-P0005,Groceries,75,283,14.34,16.05,76.54305
2023-10-09,S005-P0005,Groceries,64,218,12.19,16.05,95.05814
2023-10-10,S005-P0005,Groceries,61,145,12.89,16.05,85.997734
2023-10-11,S005-P0005,Groceries,104,104,16.67,16.05,81.73095
2023-10-12,S005-P0005,Groceries,87,153,14.07,16.05,86.411934
2023-10-13,S005-P0005,Groceries,69,283,13.29,16.05,85.89682
2023-10-14,S005-P0005,Groceries,51,241,10.35,16.05,86.205444
2023-10-15,S005-P0005,Groceries,102,202,16.55,16.05,69.618835
2023-10-16,S005-P0005,Groceries,41,122,9.94,16.05,86.49317
2023-10-17,S005-P0005,Groceries,29,303,11.99,16.05,81.63549
2023-10-18,S005-P0005,Groceries,78,269,16.05,16.05,66.71401
2023-10-19,S005-P0005,Groceries,80,183,15.35,16.05,82.30835
2023-10-20,S005-P0005,Groceries,71,135,13.36,16.05,81.95799
2023-10-21,S005-P0005,Groceries,94,228,15.29,16.05,81.66424
2023-10-22,S005-P0005,Groceries,108,160,14.32,16.05,96.15981
2023-10-23,S005-P0005,Groceries,111,260,12.78,16.05,94.99638
2023-10-24,S005-P0005,Groceries,55,132,10.51,16.05,85.753136
2023-10-25,S005-P0005,Groceries,80,353,16.18,16.05,113.26441
2023-10-26,S005-P0005,Groceries,90,287,15.07,16.05,113.511116
2023-10-27,S005-P0005,Groceries,115,213,16.39,16.05,126.78306
2023-10-28,S005-P0005,Groceries,143,137,18.78,16.05,125.65438
2023-10-29,S005-P0005,Groceries,139,276,19.53,16.05,127.975945
2023-10-30,S005-P0005,Groceries,108,172,16.04,16.05,102.519684
2023-10-31,S005-P0005,Groceries,106,342,16.75,16.05,100.289894
2023-11-01,S005-P0005,Groceries,115,274,14.66,16.05,136.5817
2023-11-02,S005-P0005,Groceries,78,162,14.43,16.05,127.071144
2023-11-03,S005-P0005,Groceries,95,352,12.13,16.05,133.98659
2023-11-04,S005-P0005,Groceries,135,244,15.45,16.05,132.522
2023-11-05,S005-P0005,Groceries,147,116,14.25,16.05,132.32825
2023-11-06,S005-P0005,Groceries,103,242,14.94,16.05,100.619026
2023-11-07,S005-P0005,Groceries,135,447,19.29,16.05,98.8037
2023-11-08,S005-P0005,Groceries,102,296,16.52,16.05,127.30671
2023-11-09,S005-P0005,Groceries,139,211,17.55,16.05,100.75107
2023-11-10,S005-P0005,Groceries,88,87,15.01,16.05,101.99552
2023-11-11,S005-P0005,Groceries,42,342,12.63,16.05,99.91382
2023-11-12,S005-P0005,Groceries,102,314,15.68,16.05,101.924835
2023-11-13,S005-P0005,Groceries,189,191,15.94,16.05,152.87784
2023-11-14,S005-P0005,Groceries,165,0,17.96,16.05,135.82883
2023-11-15,S005-P0005,Groceries,83,358,15.49,16.05,99.589005
2023-11-16,S005-P0005,Groceries,117,621,17.38,16.05,112.77923
2023-11-17,S005-P0005,Groceries,149,512,20.11,16.05,101.240425
2023-11-18,S005-P0005,Groceries,93,333,15.21,16.05,98.86088
2023-11-19,S005-P0005,Groceries,155,244,16.33,16.05,167.22435
2023-11-20,S005-P0005,Groceries,136,98,13.79,16.05,136.79205
2023-11-21,S005-P0005,Groceries,146,354,17.99,16.05,126.91104
2023-11-22,S005-P0005,Groceries,79,258,16.11,16.05,113.14844
2023-11-23,S005-P0005,Groceries,176,502,19.43,16.05,137.15659
2023-11-24,S005-P0005,Groceries,160,295,19.69,16.05,115.3722
2023-11-25,S005-P0005,Groceries,146,181,15.91,16.05,132.522
2023-11-26,S005-P0005,Groceries,158,426,18.56,16.05,129.6206
2023-11-27,S005-P0005,Groceries,236,280,23.76,16.05,125.51943
2023-11-28,S005-P0005,Groceries,128,113,17.96,16.05,99.09055
2023-11-29,S005-P0005,Groceries,96,478,15.39,16.05,127.42979
2023-11-30,S005-P0005,Groceries,115,399,16.37,16.05,112.77923
2023-12-01,S005-P0005,Groceries,123,304,13.94,16.05,159.32614
2023-12-02,S005-P0005,Groceries,140,169,17.59,16.05,113.456276
2023-12-03,S005-P0005,Groceries,107,252,15.12,16.05,110.78993
2023-12-04,S005-P0005,Groceries,61,168,13.58,16.05,112.381294
2023-12-05,S005-P0005,Groceries,118,342,14.77,16.05,147.70981
2023-12-06,S005-P0005,Groceries,186,208,22.21,16.05,125.53434
2023-12-07,S005-P0005,Groceries,120,81,15.77,16.05,110.784065
2023-12-08,S005-P0005,Groceries,178,433,20.63,16.05,112.516754
2023-12-09,S005-P0005,Groceries,55,295,14.0,16.05,100.029045
2023-12-10,S005-P0005,Groceries,51,233,13.1,16.05,97.98574
2023-12-11,S005-P0005,Groceries,58,188,14.92,16.05,102.499275
2023-12-12,S005-P0005,Groceries,187,131,15.84,16.05,159.51671
2023-12-13,S005-P0005,Groceries,112,0,16.23,16.05,125.093575
2023-12-14,S005-P0005,Groceries,129,443,15.14,16.05,156.9324
2023-12-15,S005-P0005,Groceries,93,365,13.66,16.05,129.99739
2023-12-16,S005-P0005,Groceries,148,288,15.01,16.05,147.13235
2023-12-17,S005-P0005,Groceries,116,158,14.71,16.05,147.68855
2023-12-18,S005-P0005,Groceries,98,277,14.72,16.05,112.381294
2023-12-19,S005-P0005,Groceries,109,165,13.54,16.05,160.39388
2023-12-20,S005-P0005,Groceries,124,43,18.66,16.05,100.9235
2023-12-21,S005-P0005,Groceries,135,235,17.34,16.05,120.93309
2023-12-22,S005-P0005,Groceries,177,416,16.46,16.05,160.5163
2023-12-23,S005-P0005,Groceries,107,288,15.92,16.05,100.408844
2023-12-24,S005-P0005,Groceries,114,492,17.21,16.05,124.26852
2023-12-25,S005-P0005,Groceries,71,359,14.11,16.05,102.7187
2023-12-26,S005-P0005,Groceries,118,289,16.52,16.05,99.768654
2023-12-27,S005-P0005,Groceries,60,171,12.84,16.05,69.376495
2023-12-28,S005-P0005,Groceries,46,369,11.38,16.05,113.78657
2023-12-29,S005-P0005,Groceries,87,336,14.97,16.05,84.57743
2023-12-30,S005-P0005,Groceries,33,232,12.2,16.05,69.06211
2023-12-31,S005-P0005,Groceries,59,194,13.51,16.05,77.579796
2024-01-01,S005-P0005,Groceries,110,144,17.0,16.05,78.28651
2024-01-02,S005-P0005,Groceries,75,34,14.31,16.05,102.512535
2024-01-03,S005-P0005,Groceries,71,232,12.52,16.05,101.71335
2024-01-04,S005-P0005,Groceries,99,169,16.37,16.05,70.41128
2024-01-05,S005-P0005,Groceries,69,65,11.08,16.05,111.93072
2024-01-06,S005-P0005,Groceries,45,203,13.47,16.05,77.63505
2024-01-07,S005-P0005,Groceries,83,175,14.71,16.05,70.883675
2024-01-08,S005-P0005,Groceries,113,120,16.3,16.05,77.40662
2024-01-09,S005-P0005,Groceries,130,198,18.07,16.05,99.88531
2024-01-10,S005-P0005,Groceries,163,82,19.81,16.05,100.22197
2024-01-11,S005-P0005,Groceries,85,283,14.84,16.05,99.51582
2024-01-12,S005-P0005,Groceries,123,549,15.91,16.05,111.23075
2024-01-13,S005-P0005,Groceries,95,469,16.16,16.05,123.412285
2024-01-14,S005-P0005,Groceries,149,373,18.07,16.05,98.30766
2024-01-15,S005-P0005,Groceries,104,277,15.76,16.05,110.81023
2024-01-16,S005-P0005,Groceries,149,192,17.05,16.05,134.12915
2024-01-17,S005-P0005,Groceries,114,74,16.29,16.05,111.27787
2024-01-18,S005-P0005,Groceries,115,321,17.26,16.05,120.598114
2024-01-19,S005-P0005,Groceries,141,213,16.7,16.05,134.02628
2024-01-20,S005-P0005,Groceries,192,57,16.91,16.05,161.2471
2024-01-21,S005-P0005,Groceries,196,290,20.46,16.05,150.5864
2024-01-22,S005-P0005,Groceries,133,537,17.25,16.05,120.713066
2024-01-23,S005-P0005,Groceries,108,410,16.86,16.05,99.88531
2024-01-24,S005-P0005,Groceries,64,310,11.46,16.05,147.77231
2024-01-25,S005-P0005,Groceries,145,253,18.89,16.05,120.598114
2024-01-26,S005-P0005,Groceries,248,104,19.54,16.05,147.98317
2024-01-27,S005-P0005,Groceries,111,266,13.46,16.05,133.38832
2024-01-28,S005-P0005,Groceries,98,581,16.33,16.05,111.57377
2024-01-29,S005-P0005,Groceries,164,469,20.94,16.05,111.11588
2024-01-30,S005-P0005,Groceries,113,288,17.12,16.05,99.32299
2023-10-03,S005-P0006,Groceries,122,927,64.24,59.305,112.723785
2023-10-04,S005-P0006,Groceries,123,832,54.86,59.305,146.30432
2023-10-05,S005-P0006,Groceries,72,718,54.4,59.305,98.91215
2023-10-06,S005-P0006,Groceries,169,658,69.89,59.305,114.531906
2023-10-07,S005-P0006,Groceries,86,475,54.26,59.305,66.67893
2023-10-08,S005-P0006,Groceries,44,387,46.32,59.305,76.61876
2023-10-09,S005-P0006,Groceries,81,358,53.34,59.305,73.87299
2023-10-10,S005-P0006,Groceries,99,848,53.53,59.305,85.952736
2023-10-11,S005-P0006,Groceries,94,740,44.02,59.305,103.85391
2023-10-12,S005-P0006,Groceries,88,652,54.62,59.305,67.49166
2023-10-13,S005-P0006,Groceries,51,582,47.83,59.305,67.71036
2023-10-14,S005-P0006,Groceries,107,549,51.64,59.305,86.04754
2023-10-15,S005-P0006,Groceries,90,429,58.04,59.305,69.618835
2023-10-16,S005-P0006,Groceries,61,365,49.45,59.305,86.59893
2023-10-17,S005-P0006,Groceries,117,312,56.89,59.305,81.72433
2023-10-18,S005-P0006,Groceries,80,199,44.79,59.305,85.980644
2023-10-19,S005-P0006,Groceries,120,503,50.47,59.305,103.54711
2023-10-20,S005-P0006,Groceries,102,363,60.34,59.305,82.24974
2023-10-21,S005-P0006,Groceries,63,284,52.75,59.305,81.76263
2023-10-22,S005-P0006,Groceries,66,216,42.62,59.305,95.92002
2023-10-23,S005-P0006,Groceries,67,604,42.19,59.305,94.99638
2023-10-24,S005-P0006,Groceries,47,530,46.93,59.305,66.54322
2023-10-25,S005-P0006,Groceries,205,495,72.19,59.305,146.30432
2023-10-26,S005-P0006,Groceries,142,286,68.29,59.305,113.53317
2023-10-27,S005-P0006,Groceries,118,168,60.13,59.305,126.47295
2023-10-28,S005-P0006,Groceries,145,73,65.17,59.305,125.73467
2023-10-29,S005-P0006,Groceries,113,797,59.37,59.305,127.59109
2023-10-30,S005-P0006,Groceries,143,694,68.32,59.305,102.519684
2023-10-31,S005-P0006,Groceries,88,578,51.81,59.305,100.52053
2023-11-01,S005-P0006,Groceries,95,497,56.01,59.305,100.008865
2023-11-02,S005-P0006,Groceries,113,422,62.48,59.305,126.67047
2023-11-03,S005-P0006,Groceries,90,333,58.06,59.305,101.99552
2023-11-04,S005-P0006,Groceries,94,230,55.67,59.305,98.86088
2023-11-05,S005-P0006,Groceries,50,155,50.03,59.305,102.41592
2023-11-06,S005-P0006,Groceries,159,571,67.82,59.305,100.619026
2023-11-07,S005-P0006,Groceries,46,445,46.84,59.305,98.81882
2023-11-08,S005-P0006,Groceries,130,408,59.19,59.305,127.42979
2023-11-09,S005-P0006,Groceries,172,301,66.28,59.305,137.23376
2023-11-10,S005-P0006,Groceries,168,802,61.76,59.305,134.37978
2023-11-11,S005-P0006,Groceries,112,691,56.15,59.305,99.91382
2023-11-12,S005-P0006,Groceries,143,558,54.75,59.305,134.8299
2023-11-13,S005-P0006,Groceries,140,461,54.23,59.305,152.44122
2023-11-14,S005-P0006,Groceries,126,334,68.41,59.305,99.09055
2023-11-15,S005-P0006,Groceries,174,228,62.77,59.305,133.52008
2023-11-16,S005-P0006,Groceries,158,627,71.28,59.305,112.77923
2023-11-17,S005-P0006,Groceries,168,519,58.67,59.305,132.59427
2023-11-18,S005-P0006,Groceries,143,385,54.75,59.305,132.522
2023-11-19,S005-P0006,Groceries,100,226,63.04,59.305,130.6086
2023-11-20,S005-P0006,Groceries,162,731,68.51,59.305,98.720894
2023-11-21,S005-P0006,Groceries,106,555,57.99,59.305,126.91104
2023-11-22,S005-P0006,Groceries,178,479,60.24,59.305,153.53366
2023-11-23,S005-P0006,Groceries,129,367,62.19,59.305,100.75107
2023-11-24,S005-P0006,Groceries,157,770,74.8,59.305,116.28852
2023-11-25,S005-P0006,Groceries,133,675,62.97,59.305,98.86088
2023-11-26,S005-P0006,Groceries,112,575,65.53,59.305,130.6086
2023-11-27,S005-P0006,Groceries,255,474,85.75,59.305,167.93198
2023-11-28,S005-P0006,Groceries,85,233,51.01,59.305,136.02953
2023-11-29,S005-P0006,Groceries,223,131,80.01,59.305,127.32093
2023-11-30,S005-P0006,Groceries,146,0,62.01,59.305,113.234474
2023-12-01,S005-P0006,Groceries,174,1216,70.75,59.305,123.80636
2023-12-02,S005-P0006,Groceries,123,1106,64.55,59.305,113.40202
2023-12-03,S005-P0006,Groceries,218,995,74.45,59.305,147.68855
2023-12-04,S005-P0006,Groceries,80,780,55.91,59.305,112.53894
2023-12-05,S005-P0006,Groceries,173,731,74.39,59.305,112.80437
2023-12-06,S005-P0006,Groceries,199,526,71.11,59.305,161.9808
2023-12-07,S005-P0006,Groceries,230,401,72.6,59.305,144.37292
2023-12-08,S005-P0006,Groceries,121,180,54.48,59.305,148.07593
2023-12-09,S005-P0006,Groceries,95,903,44.27,59.305,131.4289
2023-12-10,S005-P0006,Groceries,88,809,54.52,59.305,98.29987
2023-12-11,S005-P0006,Groceries,85,735,57.02,59.305,102.499275
2023-12-12,S005-P0006,Groceries,193,646,70.0,59.305,161.28134
2023-12-13,S005-P0006,Groceries,175,424,67.14,59.305,124.782364
2023-12-14,S005-P0006,Groceries,131,246,59.47,59.305,120.93309
2023-12-15,S005-P0006,Groceries,48,120,44.75,59.305,131.1626
2023-12-16,S005-P0006,Groceries,122,782,64.27,59.305,113.40202
2023-12-17,S005-P0006,Groceries,151,675,55.25,59.305,145.62886
2023-12-18,S005-P0006,Groceries,123,535,57.71,59.305,145.65198
2023-12-19,S005-P0006,Groceries,97,448,53.41,59.305,123.78929
2023-12-20,S005-P0006,Groceries,70,362,48.66,59.305,101.25415
2023-12-21,S005-P0006,Groceries,222,900,62.94,59.305,156.82018
2023-12-22,S005-P0006,Groceries,133,710,66.36,59.305,123.80636
2023-12-23,S005-P0006,Groceries,119,561,57.33,59.305,100.408844
2023-12-24,S005-P0006,Groceries,177,440,75.11,59.305,124.26852
2023-12-25,S005-P0006,Groceries,177,1074,75.11,59.305,102.499275
2023-12-26,S005-P0006,Groceries,157,866,71.1,59.305,99.844734
2023-12-27,S005-P0006,Groceries,77,707,52.56,59.305,69.21994
2023-12-28,S005-P0006,Groceries,112,656,65.51,59.305,87.25278
2023-12-29,S005-P0006,Groceries,55,539,53.73,59.305,85.323074
2023-12-30,S005-P0006,Groceries,49,482,44.94,59.305,69.1347
2023-12-31,S005-P0006,Groceries,43,452,51.34,59.305,78.301384
2024-01-01,S005-P0006,Groceries,74,426,57.77,59.305,78.28651
2024-01-02,S005-P0006,Groceries,37,370,37.51,59.305,101.764915
2024-01-03,S005-P0006,Groceries,149,336,55.73,59.305,101.71335
2024-01-04,S005-P0006,Groceries,122,236,54.67,59.305,93.83403
2024-01-05,S005-P0006,Groceries,80,137,55.93,59.305,86.61288
2024-01-06,S005-P0006,Groceries,90,75,60.98,59.305,78.32397
2024-01-07,S005-P0006,Groceries,115,720,62.97,59.305,71.31168
2024-01-08,S005-P0006,Groceries,80,599,50.17,59.305,102.017845
2024-01-09,S005-P0006,Groceries,93,509,55.46,59.305,99.56266
2024-01-10,S005-P0006,Groceries,116,402,63.14,59.305,100.45383
2024-01-11,S005-P0006,Groceries,96,279,56.19,59.305,99.51582
2024-01-12,S005-P0006,Groceries,120,178,47.85,59.305,147.21999
2024-01-13,S005-P0006,Groceries,87,91,54.57,59.305,123.412285
2024-01-14,S005-P0006,Groceries,63,510,55.43,59.305,99.70025
2024-01-15,S005-P0006,Groceries,118,459,66.85,59.305,111.11588
2024-01-16,S005-P0006,Groceries,63,381,50.02,59.305,99.32299
2024-01-17,S005-P0006,Groceries,108,313,61.43,59.305,111.51089
2024-01-18,S005-P0006,Groceries,83,234,50.85,59.305,120.32186
2024-01-19,S005-P0006,Groceries,73,663,54.61,59.305,98.65165
2024-01-20,S005-P0006,Groceries,84,608,56.88,59.305,124.192566
2024-01-21,S005-P0006,Groceries,148,552,55.53,59.305,147.75078
2024-01-22,S005-P0006,Groceries,123,452,64.5,59.305,121.18685
2024-01-23,S005-P0006,Groceries,134,378,56.68,59.305,134.12915
2024-01-24,S005-P0006,Groceries,167,264,65.77,59.305,149.75253
2024-01-25,S005-P0006,Groceries,141,696,50.99,59.305,158.66925
2024-01-26,S005-P0006,Groceries,76,604,55.26,59.305,112.78802
2024-01-27,S005-P0006,Groceries,142,534,71.8,59.305,100.2887
2024-01-28,S005-P0006,Groceries,112,408,46.74,59.305,146.7444
2024-01-29,S005-P0006,Groceries,78,327,52.66,59.305,110.81023
2024-01-30,S005-P0006,Groceries,163,266,72.4,59.305,99.88531
2023-10-03,S005-P0007,Groceries,124,402,84.82,82.395,112.7475
2023-10-04,S005-P0007,Groceries,69,683,78.09,82.395,113.26441
2023-10-05,S005-P0007,Groceries,125,607,94.35,82.395,98.846344
2023-10-06,S005-P0007,Groceries,118,496,73.78,82.395,146.81604
2023-10-07,S005-P0007,Groceries,108,368,71.43,82.395,86.04754
2023-10-08,S005-P0007,Groceries,50,269,72.8,82.395,76.68778
2023-10-09,S005-P0007,Groceries,42,211,66.87,82.395,73.87299
2023-10-10,S005-P0007,Groceries,82,180,66.21,82.395,85.952736
2023-10-11,S005-P0007,Groceries,88,110,66.88,82.395,103.879616
2023-10-12,S005-P0007,Groceries,48,240,68.71,82.395,67.84127
2023-10-13,S005-P0007,Groceries,53,204,73.65,82.395,67.49917
2023-10-14,S005-P0007,Groceries,45,162,57.01,82.395,86.04754
2023-10-15,S005-P0007,Groceries,108,124,76.28,82.395,69.66558
2023-10-16,S005-P0007,Groceries,112,120,86.05,82.395,66.823654
2023-10-17,S005-P0007,Groceries,61,208,68.3,82.395,81.72433
2023-10-18,S005-P0007,Groceries,110,149,64.03,82.395,86.131355
2023-10-19,S005-P0007,Groceries,91,75,84.62,82.395,82.36998
2023-10-20,S005-P0007,Groceries,88,258,75.47,82.395,82.095146
2023-10-21,S005-P0007,Groceries,102,165,78.87,82.395,104.70593
2023-10-22,S005-P0007,Groceries,57,51,67.58,82.395,76.54305
2023-10-23,S005-P0007,Groceries,86,221,83.14,82.395,73.936844
2023-10-24,S005-P0007,Groceries,55,118,66.83,82.395,66.54322
2023-10-25,S005-P0007,Groceries,97,209,61.42,82.395,146.80649
2023-10-26,S005-P0007,Groceries,108,134,76.39,82.395,113.511116
2023-10-27,S005-P0007,Groceries,196,255,114.54,82.395,127.42499
2023-10-28,S005-P0007,Groceries,167,58,95.97,82.395,125.604485
2023-10-29,S005-P0007,Groceries,103,317,83.63,82.395,127.59109
2023-10-30,S005-P0007,Groceries,111,581,81.14,82.395,102.95817
2023-10-31,S005-P0007,Groceries,40,485,62.98,82.395,100.52053
2023-11-01,S005-P0007,Groceries,84,452,70.44,82.395,100.39744
2023-11-02,S005-P0007,Groceries,230,382,112.1,82.395,126.67047
2023-11-03,S005-P0007,Groceries,155,127,92.65,82.395,101.99552
2023-11-04,S005-P0007,Groceries,69,530,74.21,82.395,99.32574
2023-11-05,S005-P0007,Groceries,118,464,70.04,82.395,132.95557
2023-11-06,S005-P0007,Groceries,108,363,84.85,82.395,100.32177
2023-11-07,S005-P0007,Groceries,235,266,89.48,82.395,133.51978
2023-11-08,S005-P0007,Groceries,142,8,99.17,82.395,127.30671
2023-11-09,S005-P0007,Groceries,151,472,91.44,82.395,100.75107
2023-11-10,S005-P0007,Groceries,140,304,89.0,82.395,101.99552
2023-11-11,S005-P0007,Groceries,139,144,88.41,82.395,99.91382
2023-11-12,S005-P0007,Groceries,76,335,76.3,82.395,103.85224
2023-11-13,S005-P0007,Groceries,114,261,72.81,82.395,152.44122
2023-11-14,S005-P0007,Groceries,113,160,90.77,82.395,99.09055
2023-11-15,S005-P0007,Groceries,156,232,102.97,82.395,99.589005
2023-11-16,S005-P0007,Groceries,149,76,85.81,82.395,154.5747
2023-11-17,S005-P0007,Groceries,148,350,90.74,82.395,134.50394
2023-11-18,S005-P0007,Groceries,124,182,84.47,82.395,133.09789
2023-11-19,S005-P0007,Groceries,154,382,87.71,82.395,129.6206
2023-11-20,S005-P0007,Groceries,141,230,88.86,82.395,98.668526
2023-11-21,S005-P0007,Groceries,59,426,64.1,82.395,169.48245
2023-11-22,S005-P0007,Groceries,179,364,93.3,82.395,153.23752
2023-11-23,S005-P0007,Groceries,115,235,65.11,82.395,138.04062
2023-11-24,S005-P0007,Groceries,79,532,69.25,82.395,114.63456
2023-11-25,S005-P0007,Groceries,124,451,80.32,82.395,98.86088
2023-11-26,S005-P0007,Groceries,100,342,65.24,82.395,166.79395
2023-11-27,S005-P0007,Groceries,133,239,91.63,82.395,125.51943
2023-11-28,S005-P0007,Groceries,86,139,74.65,82.395,99.67152
2023-11-29,S005-P0007,Groceries,130,327,95.76,82.395,127.30671
2023-11-30,S005-P0007,Groceries,62,176,68.8,82.395,112.77923
2023-12-01,S005-P0007,Groceries,102,379,78.89,82.395,122.85457
2023-12-02,S005-P0007,Groceries,95,273,65.12,82.395,147.62024
2023-12-03,S005-P0007,Groceries,131,216,86.47,82.395,111.23866
2023-12-04,S005-P0007,Groceries,100,75,82.73,82.395,112.53894
2023-12-05,S005-P0007,Groceries,58,253,67.82,82.395,112.6137
2023-12-06,S005-P0007,Groceries,205,195,88.94,82.395,161.09332
2023-12-07,S005-P0007,Groceries,142,47,79.33,82.395,143.61958
2023-12-08,S005-P0007,Groceries,151,344,96.46,82.395,112.516754
2023-12-09,S005-P0007,Groceries,74,240,71.73,82.395,100.408844
2023-12-10,S005-P0007,Groceries,124,440,70.54,82.395,127.66419
2023-12-11,S005-P0007,Groceries,46,343,53.73,82.395,130.65927
2023-12-12,S005-P0007,Groceries,156,298,97.88,82.395,124.10051
2023-12-13,S005-P0007,Groceries,158,178,93.32,82.395,124.782364
2023-12-14,S005-P0007,Groceries,46,325,67.95,82.395,121.32108
2023-12-15,S005-P0007,Groceries,73,276,60.28,82.395,129.07611
2023-12-16,S005-P0007,Groceries,111,203,76.78,82.395,148.49225
2023-12-17,S005-P0007,Groceries,126,84,94.45,82.395,112.188805
2023-12-18,S005-P0007,Groceries,172,249,102.25,82.395,112.34903
2023-12-19,S005-P0007,Groceries,144,145,70.98,82.395,159.51671
2023-12-20,S005-P0007,Groceries,151,420,86.79,82.395,101.25415
2023-12-21,S005-P0007,Groceries,101,241,83.02,82.395,120.95376
2023-12-22,S005-P0007,Groceries,169,130,96.23,82.395,122.85457
2023-12-23,S005-P0007,Groceries,130,215,72.7,82.395,131.45758
2023-12-24,S005-P0007,Groceries,162,413,84.58,82.395,161.04932
2023-12-25,S005-P0007,Groceries,42,292,67.08,82.395,102.385216
2023-12-26,S005-P0007,Groceries,49,241,65.26,82.395,100.26592
2023-12-27,S005-P0007,Groceries,91,190,80.28,82.395,69.21994
2023-12-28,S005-P0007,Groceries,65,93,73.2,82.395,87.25278
2023-12-29,S005-P0007,Groceries,86,228,70.96,82.395,83.95553
2023-12-30,S005-P0007,Groceries,62,150,68.84,82.395,69.06211
2023-12-31,S005-P0007,Groceries,69,261,70.48,82.395,77.579796
2024-01-01,S005-P0007,Groceries,116,216,82.38,82.395,102.46514
2024-01-02,S005-P0007,Groceries,60,147,75.65,82.395,78.39238
2024-01-03,S005-P0007,Groceries,88,365,67.53,82.395,101.94098
2024-01-04,S005-P0007,Groceries,111,284,77.03,82.395,94.10301
2024-01-05,S005-P0007,Groceries,70,165,74.51,82.395,86.61288
2024-01-06,S005-P0007,Groceries,80,300,69.48,82.395,77.013535
2024-01-07,S005-P0007,Groceries,53,232,69.89,82.395,71.739746
2024-01-08,S005-P0007,Groceries,56,190,70.71,82.395,78.28651
2024-01-09,S005-P0007,Groceries,111,127,81.23,82.395,99.56266
2024-01-10,S005-P0007,Groceries,154,57,92.28,82.395,135.77655
2024-01-11,S005-P0007,Groceries,126,257,89.75,82.395,99.51582
2024-01-12,S005-P0007,Groceries,105,421,79.77,82.395,111.23075
2024-01-13,S005-P0007,Groceries,196,303,85.82,82.395,161.2471
2024-01-14,S005-P0007,Groceries,143,92,99.42,82.395,99.70025
2024-01-15,S005-P0007,Groceries,95,458,77.3,82.395,110.7438
2024-01-16,S005-P0007,Groceries,195,401,85.71,82.395,132.83273
2024-01-17,S005-P0007,Groceries,90,236,72.0,82.395,149.75253
2024-01-18,S005-P0007,Groceries,138,521,83.66,82.395,120.32186
2024-01-19,S005-P0007,Groceries,51,420,73.07,82.395,99.46343
2024-01-20,S005-P0007,Groceries,81,368,69.37,82.395,162.6788
2024-01-21,S005-P0007,Groceries,142,287,89.46,82.395,111.57377
2024-01-22,S005-P0007,Groceries,80,142,81.26,82.395,121.79489
2024-01-23,S005-P0007,Groceries,65,350,69.65,82.395,99.32299
2024-01-24,S005-P0007,Groceries,56,299,67.05,82.395,111.27787
2024-01-25,S005-P0007,Groceries,37,236,52.48,82.395,158.72223
2024-01-26,S005-P0007,Groceries,99,206,78.25,82.395,111.93818
2024-01-27,S005-P0007,Groceries,92,101,68.5,82.395,134.79999
2024-01-28,S005-P0007,Groceries,96,211,77.49,82.395,111.57377
2024-01-29,S005-P0007,Groceries,133,134,91.74,82.395,110.7438
2024-01-30,S005-P0007,Groceries,56,261,74.58,82.395,99.88531
2023-10-03,S005-P0008,Groceries,84,208,59.84,62.49,112.7475
2023-10-04,S005-P0008,Groceries,183,109,71.95,62.49,146.30432
2023-10-05,S005-P0008,Groceries,88,160,60.81,62.49,98.846344
2023-10-06,S005-P0008,Groceries,104,105,60.7,62.49,114.14823
2023-10-07,S005-P0008,Groceries,72,151,54.47,62.49,66.67893
2023-10-08,S005-P0008,Groceries,126,85,64.95,62.49,96.4943
2023-10-09,S005-P0008,Groceries,51,151,50.36,62.49,73.87299
2023-10-10,S005-P0008,Groceries,84,106,53.88,62.49,66.75259
2023-10-11,S005-P0008,Groceries,76,91,52.32,62.49,81.897835
2023-10-12,S005-P0008,Groceries,39,96,39.96,62.49,86.67679
2023-10-13,S005-P0008,Groceries,85,116,57.18,62.49,67.71036
2023-10-14,S005-P0008,Groceries,82,106,56.47,62.49,66.48442
2023-10-15,S005-P0008,Groceries,91,120,58.36,62.49,69.618835
2023-10-16,S005-P0008,Groceries,62,142,55.34,62.49,66.94001
2023-10-17,S005-P0008,Groceries,103,88,60.49,62.49,81.72433
2023-10-18,S005-P0008,Groceries,90,108,54.74,62.49,86.03923
2023-10-19,S005-P0008,Groceries,91,112,54.93,62.49,103.87114
2023-10-20,S005-P0008,Groceries,104,123,64.09,62.49,82.095146
2023-10-21,S005-P0008,Groceries,88,146,51.6,62.49,104.27065
2023-10-22,S005-P0008,Groceries,72,156,54.29,62.49,76.61876
2023-10-23,S005-P0008,Groceries,82,72,47.58,62.49,95.05814
2023-10-24,S005-P0008,Groceries,51,83,50.47,62.49,66.05836
2023-10-25,S005-P0008,Groceries,105,73,57.78,62.49,113.67022
2023-10-26,S005-P0008,Groceries,106,115,64.55,62.49,113.45281
2023-10-27,S005-P0008,Groceries,200,140,75.6,62.49,162.87769
2023-10-28,S005-P0008,Groceries,179,164,79.67,62.49,125.65438
2023-10-29,S005-P0008,Groceries,119,206,67.24,62.49,127.975945
2023-10-30,S005-P0008,Groceries,96,133,59.2,62.49,102.519684
2023-10-31,S005-P0008,Groceries,85,122,60.02,62.49,99.95567
2023-11-01,S005-P0008,Groceries,113,154,65.95,62.49,100.008865
2023-11-02,S005-P0008,Groceries,104,123,60.69,62.49,127.071144
2023-11-03,S005-P0008,Groceries,188,141,65.24,62.49,134.37978
2023-11-04,S005-P0008,Groceries,145,179,76.27,62.49,99.32574
2023-11-05,S005-P0008,Groceries,90,197,51.46,62.49,132.95557
2023-11-06,S005-P0008,Groceries,66,113,50.46,62.49,100.619026
2023-11-07,S005-P0008,Groceries,130,132,69.42,62.49,98.81882
2023-11-08,S005-P0008,Groceries,130,128,65.96,62.49,127.32093
2023-11-09,S005-P0008,Groceries,198,126,75.1,62.49,137.15659
2023-11-10,S005-P0008,Groceries,150,189,55.22,62.49,133.98659
2023-11-11,S005-P0008,Groceries,67,212,53.33,62.49,99.91382
2023-11-12,S005-P0008,Groceries,122,133,53.55,62.49,134.38959
2023-11-13,S005-P0008,Groceries,146,168,57.44,62.49,152.87784
2023-11-14,S005-P0008,Groceries,99,200,66.22,62.49,99.09055
2023-11-15,S005-P0008,Groceries,114,90,62.86,62.49,99.53753
2023-11-16,S005-P0008,Groceries,162,115,80.0,62.49,112.83254
2023-11-17,S005-P0008,Groceries,143,144,56.9,62.49,131.79642
2023-11-18,S005-P0008,Groceries,112,163,52.56,62.49,132.522
2023-11-19,S005-P0008,Groceries,107,136,61.18,62.49,129.6206
2023-11-20,S005-P0008,Groceries,88,182,47.98,62.49,136.79205
2023-11-21,S005-P0008,Groceries,105,128,64.3,62.49,126.91845
2023-11-22,S005-P0008,Groceries,57,121,54.36,62.49,113.27361
2023-11-23,S005-P0008,Groceries,126,70,68.63,62.49,99.90444
2023-11-24,S005-P0008,Groceries,218,107,83.12,62.49,152.18008
2023-11-25,S005-P0008,Groceries,43,202,51.29,62.49,99.32574
2023-11-26,S005-P0008,Groceries,97,165,62.64,62.49,129.96335
2023-11-27,S005-P0008,Groceries,140,97,71.59,62.49,125.51943
2023-11-28,S005-P0008,Groceries,88,132,60.81,62.49,99.09055
2023-11-29,S005-P0008,Groceries,101,130,60.17,62.49,127.32093
2023-11-30,S005-P0008,Groceries,79,185,52.95,62.49,113.234474
2023-12-01,S005-P0008,Groceries,165,91,72.74,62.49,122.85457
2023-12-02,S005-P0008,Groceries,110,188,61.82,62.49,113.456276
2023-12-03,S005-P0008,Groceries,134,84,70.33,62.49,111.23866
2023-12-04,S005-P0008,Groceries,115,151,62.75,62.49,146.19794
2023-12-05,S005-P0008,Groceries,212,178,81.87,62.49,148.70471
2023-12-06,S005-P0008,Groceries,172,252,82.14,62.49,125.53434
2023-12-07,S005-P0008,Groceries,189,104,81.75,62.49,110.45645
2023-12-08,S005-P0008,Groceries,54,205,48.35,62.49,112.05367
2023-12-09,S005-P0008,Groceries,96,166,56.12,62.49,100.408844
2023-12-10,S005-P0008,Groceries,110,98,61.76,62.49,98.29987
2023-12-11,S005-P0008,Groceries,35,131,47.18,62.49,102.385216
2023-12-12,S005-P0008,Groceries,237,93,86.77,62.49,162.22986
2023-12-13,S005-P0008,Groceries,103,217,57.41,62.49,124.782364
2023-12-14,S005-P0008,Groceries,182,119,64.2,62.49,156.9324
2023-12-15,S005-P0008,Groceries,37,213,45.15,62.49,131.1626
2023-12-16,S005-P0008,Groceries,159,177,75.36,62.49,113.66837
2023-12-17,S005-P0008,Groceries,122,196,64.13,62.49,148.99509
2023-12-18,S005-P0008,Groceries,180,122,79.89,62.49,112.53894
2023-12-19,S005-P0008,Groceries,139,161,71.33,62.49,124.57903
2023-12-20,S005-P0008,Groceries,119,176,60.46,62.49,132.57019
2023-12-21,S005-P0008,Groceries,82,147,53.44,62.49,120.93309
2023-12-22,S005-P0008,Groceries,179,60,71.58,62.49,163.38705
2023-12-23,S005-P0008,Groceries,158,163,67.25,62.49,131.69853
2023-12-24,S005-P0008,Groceries,127,230,68.72,62.49,124.26852
2023-12-25,S005-P0008,Groceries,71,108,51.41,62.49,102.7187
2023-12-26,S005-P0008,Groceries,210,145,72.39,62.49,130.83267
2023-12-27,S005-P0008,Groceries,84,251,63.1,62.49,69.2523
2023-12-28,S005-P0008,Groceries,66,159,50.5,62.49,86.178444
2023-12-29,S005-P0008,Groceries,113,84,62.67,62.49,84.57743
2023-12-30,S005-P0008,Groceries,54,95,51.02,62.49,69.06211
2023-12-31,S005-P0008,Groceries,101,97,57.16,62.49,76.86631
2024-01-01,S005-P0008,Groceries,28,94,43.45,62.49,76.68333
2024-01-02,S005-P0008,Groceries,75,63,57.98,62.49,77.713554
2024-01-03,S005-P0008,Groceries,172,84,61.69,62.49,101.48852
2024-01-04,S005-P0008,Groceries,88,181,57.51,62.49,94.10301
2024-01-05,S005-P0008,Groceries,81,101,49.88,62.49,112.46473
2024-01-06,S005-P0008,Groceries,87,124,60.55,62.49,77.63505
2024-01-07,S005-P0008,Groceries,90,152,64.3,62.49,71.739746
2024-01-08,S005-P0008,Groceries,55,180,53.91,62.49,77.40662
2024-01-09,S005-P0008,Groceries,129,127,62.28,62.49,135.09607
2024-01-10,S005-P0008,Groceries,78,136,58.54,62.49,100.45383
2024-01-11,S005-P0008,Groceries,236,168,86.67,62.49,132.61859
2024-01-12,S005-P0008,Groceries,134,250,66.67,62.49,111.93818
2024-01-13,S005-P0008,Groceries,132,151,66.2,62.49,122.97355
2024-01-14,S005-P0008,Groceries,101,156,60.06,62.49,98.30766
2024-01-15,S005-P0008,Groceries,131,171,69.59,62.49,111.11588
2024-01-16,S005-P0008,Groceries,145,192,54.45,62.49,132.83273
2024-01-17,S005-P0008,Groceries,133,192,55.34,62.49,147.77231
2024-01-18,S005-P0008,Groceries,132,179,66.08,62.49,120.32186
2024-01-19,S005-P0008,Groceries,168,203,69.53,62.49,98.098854
2024-01-20,S005-P0008,Groceries,127,210,65.22,62.49,122.97355
2024-01-21,S005-P0008,Groceries,162,78,72.32,62.49,111.57377
2024-01-22,S005-P0008,Groceries,193,151,82.54,62.49,121.79489
2024-01-23,S005-P0008,Groceries,139,258,56.97,62.49,133.37729
2024-01-24,S005-P0008,Groceries,146,128,61.75,62.49,148.8937
2024-01-25,S005-P0008,Groceries,148,166,73.07,62.49,120.598114
2024-01-26,S005-P0008,Groceries,122,220,67.79,62.49,111.93818
2024-01-27,S005-P0008,Groceries,119,85,53.02,62.49,133.38832
2024-01-28,S005-P0008,Groceries,133,121,66.56,62.49,111.57377
2024-01-29,S005-P0008,Groceries,169,157,73.35,62.49,110.81023
2024-01-30,S005-P0008,Groceries,81,154,59.36,62.49,99.32299
2023-10-03,S005-P0009,Groceries,141,147,98.07,94.765,145.8317
2023-10-04,S005-P0009,Groceries,170,328,112.52,94.765,113.67022
2023-10-05,S005-P0009,Groceries,52,815,81.26,94.765,98.846344
2023-10-06,S005-P0009,Groceries,45,761,79.02,94.765,114.531906
2023-10-07,S005-P0009,Groceries,64,726,85.28,94.765,66.6907
2023-10-08,S005-P0009,Groceries,164,664,110.81,94.765,96.4943
2023-10-09,S005-P0009,Groceries,91,521,98.59,94.765,73.936844
2023-10-10,S005-P0009,Groceries,57,445,82.98,94.765,66.533936
2023-10-11,S005-P0009,Groceries,89,409,97.98,94.765,81.82461
2023-10-12,S005-P0009,Groceries,75,311,88.5,94.765,67.84127
2023-10-13,S005-P0009,Groceries,38,246,72.97,94.765,67.96233
2023-10-14,S005-P0009,Groceries,31,207,56.09,94.765,86.205444
2023-10-15,S005-P0009,Groceries,86,180,92.03,94.765,69.618835
2023-10-16,S005-P0009,Groceries,93,96,89.64,94.765,66.823654
2023-10-17,S005-P0009,Groceries,75,6,79.63,94.765,81.72433
2023-10-18,S005-P0009,Groceries,115,220,96.02,94.765,86.15546
2023-10-19,S005-P0009,Groceries,109,417,94.43,94.765,82.30835
2023-10-20,S005-P0009,Groceries,80,290,95.11,94.765,82.24974
2023-10-21,S005-P0009,Groceries,139,240,97.37,94.765,104.27065
2023-10-22,S005-P0009,Groceries,98,104,90.88,94.765,76.61876
2023-10-23,S005-P0009,Groceries,78,0,71.77,94.765,95.05814
2023-10-24,S005-P0009,Groceries,46,446,75.54,94.765,66.05836
2023-10-25,S005-P0009,Groceries,190,408,118.32,94.765,113.67022
2023-10-26,S005-P0009,Groceries,122,260,77.73,94.765,148.3096
2023-10-27,S005-P0009,Groceries,133,124,91.07,94.765,162.16301
2023-10-28,S005-P0009,Groceries,220,524,106.18,94.765,160.56242
2023-10-29,S005-P0009,Groceries,171,302,113.03,94.765,127.59109
2023-10-30,S005-P0009,Groceries,81,181,90.44,94.765,102.519684
2023-10-31,S005-P0009,Groceries,118,740,92.1,94.765,100.52053
2023-11-01,S005-P0009,Groceries,110,653,89.87,94.765,100.39744
2023-11-02,S005-P0009,Groceries,161,561,97.5,94.765,171.34128
2023-11-03,S005-P0009,Groceries,74,415,66.34,94.765,133.98659
2023-11-04,S005-P0009,Groceries,58,354,65.63,94.765,132.92923
2023-11-05,S005-P0009,Groceries,139,315,108.78,94.765,101.347664
2023-11-06,S005-P0009,Groceries,98,189,91.16,94.765,100.32177
2023-11-07,S005-P0009,Groceries,80,73,90.21,94.765,98.8037
2023-11-08,S005-P0009,Groceries,125,430,83.56,94.765,170.02797
2023-11-09,S005-P0009,Groceries,146,324,111.21,94.765,99.90444
2023-11-10,S005-P0009,Groceries,103,163,102.61,94.765,103.08219
2023-11-11,S005-P0009,Groceries,87,98,92.45,94.765,99.76811
2023-11-12,S005-P0009,Groceries,50,506,80.8,94.765,102.73462
2023-11-13,S005-P0009,Groceries,67,458,81.4,94.765,151.81412
2023-11-14,S005-P0009,Groceries,186,380,111.33,94.765,135.82883
2023-11-15,S005-P0009,Groceries,42,246,78.13,94.765,99.53753
2023-11-16,S005-P0009,Groceries,129,215,100.32,94.765,112.77923
2023-11-17,S005-P0009,Groceries,112,573,90.32,94.765,99.47666
2023-11-18,S005-P0009,Groceries,158,440,103.41,94.765,133.09789
2023-11-19,S005-P0009,Groceries,99,250,86.63,94.765,129.6206
2023-11-20,S005-P0009,Groceries,103,161,97.52,94.765,98.720894
2023-11-21,S005-P0009,Groceries,105,512,78.51,94.765,169.67184
2023-11-22,S005-P0009,Groceries,121,413,108.6,94.765,113.14844
2023-11-23,S005-P0009,Groceries,96,288,85.81,94.765,100.75107
2023-11-24,S005-P0009,Groceries,135,217,96.78,94.765,114.63456
2023-11-25,S005-P0009,Groceries,138,56,91.46,94.765,132.522
2023-11-26,S005-P0009,Groceries,122,266,103.6,94.765,130.6086
2023-11-27,S005-P0009,Groceries,123,128,109.21,94.765,125.51943
2023-11-28,S005-P0009,Groceries,119,443,82.02,94.765,136.31088
2023-11-29,S005-P0009,Groceries,129,372,100.55,94.765,127.32093
2023-11-30,S005-P0009,Groceries,111,251,95.13,94.765,112.77923
2023-12-01,S005-P0009,Groceries,275,124,127.86,94.765,160.5163
2023-12-02,S005-P0009,Groceries,130,453,100.81,94.765,113.40202
2023-12-03,S005-P0009,Groceries,154,323,89.69,94.765,145.62886
2023-12-04,S005-P0009,Groceries,147,1009,93.79,94.765,145.18076
2023-12-05,S005-P0009,Groceries,69,907,82.1,94.765,112.730255
2023-12-06,S005-P0009,Groceries,199,829,115.16,94.765,162.88562
2023-12-07,S005-P0009,Groceries,171,681,113.02,94.765,110.61456
2023-12-08,S005-P0009,Groceries,175,482,120.22,94.765,113.3216
2023-12-09,S005-P0009,Groceries,158,295,108.85,94.765,100.408844
2023-12-10,S005-P0009,Groceries,124,142,103.99,94.765,97.98574
2023-12-11,S005-P0009,Groceries,68,443,77.86,94.765,102.7187
2023-12-12,S005-P0009,Groceries,160,390,109.33,94.765,162.22986
2023-12-13,S005-P0009,Groceries,251,209,136.72,94.765,162.88562
2023-12-14,S005-P0009,Groceries,124,0,104.1,94.765,120.95376
2023-12-15,S005-P0009,Groceries,111,419,90.01,94.765,98.40031
2023-12-16,S005-P0009,Groceries,83,1005,82.12,94.765,113.456276
2023-12-17,S005-P0009,Groceries,179,907,102.49,94.765,146.5414
2023-12-18,S005-P0009,Groceries,262,799,132.36,94.765,145.65198
2023-12-19,S005-P0009,Groceries,151,598,118.73,94.765,124.57903
2023-12-20,S005-P0009,Groceries,96,501,95.37,94.765,100.81495
2023-12-21,S005-P0009,Groceries,148,1105,83.77,94.765,156.82018
2023-12-22,S005-P0009,Groceries,118,967,97.08,94.765,123.80636
2023-12-23,S005-P0009,Groceries,115,879,95.89,94.765,100.408844
2023-12-24,S005-P0009,Groceries,117,743,96.56,94.765,122.107605
2023-12-25,S005-P0009,Groceries,66,660,77.22,94.765,102.7187
2023-12-26,S005-P0009,Groceries,86,596,72.74,94.765,130.79816
2023-12-27,S005-P0009,Groceries,102,511,97.15,94.765,69.21994
2023-12-28,S005-P0009,Groceries,92,394,84.65,94.765,86.178444
2023-12-29,S005-P0009,Groceries,110,306,89.74,94.765,83.95553
2023-12-30,S005-P0009,Groceries,49,233,76.15,94.765,69.1347
2023-12-31,S005-P0009,Groceries,65,200,85.39,94.765,78.301384
2024-01-01,S005-P0009,Groceries,90,437,93.27,94.765,77.40662
2024-01-02,S005-P0009,Groceries,77,361,70.57,94.765,101.764915
2024-01-03,S005-P0009,Groceries,26,278,76.87,94.765,78.177864
2024-01-04,S005-P0009,Groceries,72,248,87.72,94.765,71.1229
2024-01-05,S005-P0009,Groceries,62,168,84.6,94.765,85.88537
2024-01-06,S005-P0009,Groceries,100,108,77.32,94.765,101.90292
2024-01-07,S005-P0009,Groceries,62,180,76.1,94.765,70.883675
2024-01-08,S005-P0009,Groceries,71,136,83.11,94.765,77.40662
2024-01-09,S005-P0009,Groceries,75,405,74.61,94.765,133.37729
2024-01-10,S005-P0009,Groceries,105,321,98.2,94.765,100.45383
2024-01-11,S005-P0009,Groceries,115,235,81.11,94.765,131.34048
2024-01-12,S005-P0009,Groceries,219,136,127.26,94.765,111.23075
2024-01-13,S005-P0009,Groceries,170,331,106.76,94.765,122.97355
2024-01-14,S005-P0009,Groceries,136,143,107.82,94.765,98.79002
2024-01-15,S005-P0009,Groceries,103,803,92.54,94.765,110.7438
2024-01-16,S005-P0009,Groceries,70,693,65.25,94.765,132.83273
2024-01-17,S005-P0009,Groceries,128,639,99.81,94.765,149.75253
2024-01-18,S005-P0009,Groceries,159,556,103.72,94.765,120.32186
2024-01-19,S005-P0009,Groceries,90,427,93.45,94.765,99.46343
2024-01-20,S005-P0009,Groceries,225,328,122.54,94.765,163.93367
2024-01-21,S005-P0009,Groceries,148,116,88.3,94.765,146.7444
2024-01-22,S005-P0009,Groceries,137,0,108.15,94.765,121.79489
2024-01-23,S005-P0009,Groceries,59,699,79.24,94.765,99.32299
2024-01-24,S005-P0009,Groceries,140,633,87.44,94.765,148.19681
2024-01-25,S005-P0009,Groceries,112,488,105.59,94.765,121.19113
2024-01-26,S005-P0009,Groceries,62,369,84.42,94.765,112.78802
2024-01-27,S005-P0009,Groceries,92,319,84.06,94.765,134.79999
2024-01-28,S005-P0009,Groceries,98,256,91.25,94.765,111.57377
2024-01-29,S005-P0009,Groceries,67,193,90.63,94.765,111.11588
2024-01-30,S005-P0009,Groceries,94,136,99.52,94.765,99.88531
2023-10-03,S005-P0010,Groceries,89,155,54.98,58.525000000000006,146.35765
2023-10-04,S005-P0010,Groceries,167,600,61.73,58.525000000000006,146.27563
2023-10-05,S005-P0010,Groceries,94,408,59.01,58.525000000000006,98.846344
2023-10-06,S005-P0010,Groceries,52,342,48.03,58.525000000000006,114.14823
2023-10-07,S005-P0010,Groceries,85,283,42.88,58.525000000000006,86.205444
2023-10-08,S005-P0010,Groceries,72,201,57.5,58.525000000000006,76.68778
2023-10-09,S005-P0010,Groceries,102,117,60.5,58.525000000000006,73.87299
2023-10-10,S005-P0010,Groceries,81,242,59.32,58.525000000000006,66.533936
2023-10-11,S005-P0010,Groceries,40,155,43.54,58.525000000000006,81.897835
2023-10-12,S005-P0010,Groceries,88,124,49.18,58.525000000000006,86.411934
2023-10-13,S005-P0010,Groceries,53,242,45.82,58.525000000000006,67.96233
2023-10-14,S005-P0010,Groceries,87,197,51.78,58.525000000000006,86.164024
2023-10-15,S005-P0010,Groceries,35,103,47.42,58.525000000000006,69.618835
2023-10-16,S005-P0010,Groceries,87,63,54.6,58.525000000000006,66.89454
2023-10-17,S005-P0010,Groceries,86,253,54.53,58.525000000000006,81.63549
2023-10-18,S005-P0010,Groceries,128,173,59.11,58.525000000000006,66.82566
2023-10-19,S005-P0010,Groceries,72,36,46.43,58.525000000000006,103.87114
2023-10-20,S005-P0010,Groceries,71,234,49.07,58.525000000000006,81.95799
2023-10-21,S005-P0010,Groceries,154,501,56.69,58.525000000000006,103.95022
2023-10-22,S005-P0010,Groceries,87,324,45.48,58.525000000000006,95.96906
2023-10-23,S005-P0010,Groceries,31,232,41.9,58.525000000000006,73.853355
2023-10-24,S005-P0010,Groceries,80,610,56.29,58.525000000000006,65.90078
2023-10-25,S005-P0010,Groceries,181,520,72.16,58.525000000000006,113.67022
2023-10-26,S005-P0010,Groceries,108,384,55.49,58.525000000000006,113.511116
2023-10-27,S005-P0010,Groceries,104,275,64.09,58.525000000000006,127.42499
2023-10-28,S005-P0010,Groceries,207,799,73.18,58.525000000000006,161.36943
2023-10-29,S005-P0010,Groceries,100,629,57.11,58.525000000000006,127.59109
2023-10-30,S005-P0010,Groceries,61,510,52.37,58.525000000000006,102.08495
2023-10-31,S005-P0010,Groceries,202,467,80.27,58.525000000000006,99.95567
2023-11-01,S005-P0010,Groceries,135,245,63.71,58.525000000000006,100.008865
2023-11-02,S005-P0010,Groceries,175,121,59.21,58.525000000000006,171.77399
2023-11-03,S005-P0010,Groceries,124,510,61.5,58.525000000000006,101.36065
2023-11-04,S005-P0010,Groceries,66,413,47.86,58.525000000000006,132.65192
2023-11-05,S005-P0010,Groceries,139,339,71.35,58.525000000000006,102.41592
2023-11-06,S005-P0010,Groceries,83,190,51.07,58.525000000000006,100.619026
2023-11-07,S005-P0010,Groceries,135,133,53.7,58.525000000000006,132.9632
2023-11-08,S005-P0010,Groceries,160,405,60.6,58.525000000000006,170.02797
2023-11-09,S005-P0010,Groceries,100,242,50.64,58.525000000000006,137.46849
2023-11-10,S005-P0010,Groceries,131,158,66.34,58.525000000000006,101.99552
2023-11-11,S005-P0010,Groceries,92,511,58.65,58.525000000000006,99.56655
2023-11-12,S005-P0010,Groceries,159,435,61.03,58.525000000000006,135.40584
2023-11-13,S005-P0010,Groceries,106,332,58.33,58.525000000000006,111.40479
2023-11-14,S005-P0010,Groceries,109,264,58.92,58.525000000000006,99.284325
2023-11-15,S005-P0010,Groceries,142,746,51.28,58.525000000000006,134.14256
2023-11-16,S005-P0010,Groceries,78,600,55.74,58.525000000000006,112.83254
2023-11-17,S005-P0010,Groceries,103,518,63.97,58.525000000000006,101.240425
2023-11-18,S005-P0010,Groceries,117,421,60.38,58.525000000000006,98.689964
2023-11-19,S005-P0010,Groceries,297,320,84.23,58.525000000000006,167.86865
2023-11-20,S005-P0010,Groceries,95,109,59.17,58.525000000000006,98.720894
2023-11-21,S005-P0010,Groceries,133,47,63.13,58.525000000000006,127.02897
2023-11-22,S005-P0010,Groceries,206,922,64.01,58.525000000000006,154.02048
2023-11-23,S005-P0010,Groceries,99,689,54.02,58.525000000000006,137.15659
2023-11-24,S005-P0010,Groceries,90,574,55.04,58.525000000000006,114.63456
2023-11-25,S005-P0010,Groceries,89,494,55.08,58.525000000000006,98.689964
2023-11-26,S005-P0010,Groceries,209,411,77.29,58.525000000000006,129.6206
2023-11-27,S005-P0010,Groceries,149,222,66.33,58.525000000000006,124.842415
2023-11-28,S005-P0010,Groceries,52,89,47.93,58.525000000000006,99.67152
2023-11-29,S005-P0010,Groceries,108,676,65.08,58.525000000000006,127.30671
2023-11-30,S005-P0010,Groceries,78,595,53.03,58.525000000000006,112.77923
2023-12-01,S005-P0010,Groceries,191,503,82.21,58.525000000000006,124.75819
2023-12-02,S005-P0010,Groceries,30,297,46.24,58.525000000000006,113.66837
2023-12-03,S005-P0010,Groceries,131,267,66.2,58.525000000000006,111.23866
2023-12-04,S005-P0010,Groceries,111,747,59.04,58.525000000000006,112.381294
2023-12-05,S005-P0010,Groceries,78,667,52.93,58.525000000000006,112.730255
2023-12-06,S005-P0010,Groceries,61,606,52.46,58.525000000000006,125.53434
2023-12-07,S005-P0010,Groceries,125,559,61.76,58.525000000000006,110.61456
2023-12-08,S005-P0010,Groceries,124,411,58.09,58.525000000000006,148.07593
2023-12-09,S005-P0010,Groceries,118,310,53.63,58.525000000000006,131.45758
2023-12-10,S005-P0010,Groceries,134,221,53.54,58.525000000000006,128.3232
2023-12-11,S005-P0010,Groceries,52,450,39.98,58.525000000000006,130.65927
2023-12-12,S005-P0010,Groceries,175,408,74.88,58.525000000000006,124.57903
2023-12-13,S005-P0010,Groceries,68,265,53.92,58.525000000000006,125.093575
2023-12-14,S005-P0010,Groceries,201,183,72.03,58.525000000000006,120.93309
2023-12-15,S005-P0010,Groceries,75,466,49.61,58.525000000000006,98.40031
2023-12-16,S005-P0010,Groceries,56,399,51.55,58.525000000000006,113.40202
2023-12-17,S005-P0010,Groceries,131,917,55.83,58.525000000000006,146.5414
2023-12-18,S005-P0010,Groceries,104,791,48.78,58.525000000000006,145.18076
2023-12-19,S005-P0010,Groceries,179,682,75.7,58.525000000000006,124.57903
2023-12-20,S005-P0010,Groceries,113,549,56.37,58.525000000000006,132.57019
2023-12-21,S005-P0010,Groceries,180,478,68.42,58.525000000000006,120.93309
2023-12-22,S005-P0010,Groceries,152,284,70.46,58.525000000000006,123.80636
2023-12-23,S005-P0010,Groceries,104,166,57.93,58.525000000000006,100.029045
2023-12-24,S005-P0010,Groceries,199,649,75.44,58.525000000000006,162.56607
2023-12-25,S005-P0010,Groceries,190,446,69.69,58.525000000000006,131.30807
2023-12-26,S005-P0010,Groceries,111,261,62.24,58.525000000000006,99.844734
2023-12-27,S005-P0010,Groceries,112,137,52.7,58.525000000000006,90.420265
2023-12-28,S005-P0010,Groceries,69,675,56.81,58.525000000000006,87.25278
2023-12-29,S005-P0010,Groceries,51,605,47.9,58.525000000000006,83.95553
2023-12-30,S005-P0010,Groceries,35,566,44.74,58.525000000000006,69.1347
2023-12-31,S005-P0010,Groceries,44,529,51.62,58.525000000000006,78.301384
2024-01-01,S005-P0010,Groceries,100,493,50.65,58.525000000000006,101.65468
2024-01-02,S005-P0010,Groceries,30,426,46.38,58.525000000000006,77.713554
2024-01-03,S005-P0010,Groceries,66,404,56.2,58.525000000000006,78.177864
2024-01-04,S005-P0010,Groceries,113,330,56.4,58.525000000000006,94.10301
2024-01-05,S005-P0010,Groceries,47,221,39.7,58.525000000000006,112.46473
2024-01-06,S005-P0010,Groceries,124,178,64.87,58.525000000000006,77.63505
2024-01-07,S005-P0010,Groceries,116,332,57.03,58.525000000000006,93.22329
2024-01-08,S005-P0010,Groceries,59,194,54.87,58.525000000000006,78.28651
2024-01-09,S005-P0010,Groceries,114,155,62.88,58.525000000000006,99.88531
2024-01-10,S005-P0010,Groceries,84,437,48.48,58.525000000000006,134.73305
2024-01-11,S005-P0010,Groceries,122,353,61.14,58.525000000000006,99.4976
2024-01-12,S005-P0010,Groceries,152,234,70.32,58.525000000000006,111.93818
2024-01-13,S005-P0010,Groceries,94,67,52.99,58.525000000000006,122.97355
2024-01-14,S005-P0010,Groceries,121,335,57.92,58.525000000000006,98.30766
2024-01-15,S005-P0010,Groceries,108,236,58.55,58.525000000000006,110.81023
2024-01-16,S005-P0010,Groceries,126,162,51.6,58.525000000000006,132.83273
2024-01-17,S005-P0010,Groceries,175,342,56.23,58.525000000000006,147.77231
2024-01-18,S005-P0010,Groceries,106,176,64.63,58.525000000000006,121.19113
2024-01-19,S005-P0010,Groceries,78,75,58.82,58.525000000000006,99.46343
2024-01-20,S005-P0010,Groceries,162,574,72.44,58.525000000000006,124.192566
2024-01-21,S005-P0010,Groceries,108,459,55.29,58.525000000000006,149.04663
2024-01-22,S005-P0010,Groceries,160,337,64.86,58.525000000000006,120.713066
2024-01-23,S005-P0010,Groceries,102,229,60.49,58.525000000000006,99.88531
2024-01-24,S005-P0010,Groceries,153,155,52.9,58.525000000000006,147.77231
2024-01-25,S005-P0010,Groceries,76,472,52.58,58.525000000000006,120.598114
2024-01-26,S005-P0010,Groceries,29,412,48.64,58.525000000000006,112.78802
2024-01-27,S005-P0010,Groceries,108,394,48.67,58.525000000000006,133.38832
2024-01-28,S005-P0010,Groceries,87,277,57.6,58.525000000000006,111.57377
2024-01-29,S005-P0010,Groceries,90,202,61.19,58.525000000000006,111.11588
2024-01-30,S005-P0010,Groceries,78,115,52.94,58.525000000000006,99.32299
2023-10-03,S005-P0011,Electronics,118,877,82.32,73.545,97.532005
2023-10-04,S005-P0011,Electronics,90,741,75.1,73.545,98.474724
2023-10-05,S005-P0011,Electronics,94,684,80.16,73.545,87.88947
2023-10-06,S005-P0011,Electronics,71,610,66.48,73.545,99.78434
2023-10-07,S005-P0011,Electronics,47,553,60.79,73.545,62.100174
2023-10-08,S005-P0011,Electronics,18,508,53.37,73.545,69.17283
2023-10-09,S005-P0011,Electronics,40,492,65.66,73.545,53.183292
2023-10-10,S005-P0011,Electronics,43,447,53.23,73.545,62.937046
2023-10-11,S005-P0011,Electronics,45,405,63.52,73.545,60.082233
2023-10-12,S005-P0011,Electronics,45,374,56.91,73.545,64.08659
2023-10-13,S005-P0011,Electronics,40,322,65.59,73.545,49.013767
2023-10-14,S005-P0011,Electronics,44,294,66.76,73.545,48.059704
2023-10-15,S005-P0011,Electronics,64,264,72.17,73.545,49.25723
2023-10-16,S005-P0011,Electronics,58,196,66.89,73.545,48.55736
2023-10-17,S005-P0011,Electronics,88,155,70.26,73.545,78.35798
2023-10-18,S005-P0011,Electronics,43,74,66.47,73.545,48.376858
2023-10-19,S005-P0011,Electronics,49,309,51.06,73.545,80.87786
2023-10-20,S005-P0011,Electronics,46,256,67.36,73.545,58.85021
2023-10-21,S005-P0011,Electronics,114,220,67.47,73.545,78.80731
2023-10-22,S005-P0011,Electronics,80,112,68.64,73.545,55.05904
2023-10-23,S005-P0011,Electronics,65,38,68.54,73.545,68.58811
2023-10-24,S005-P0011,Electronics,40,0,58.99,73.545,48.560635
2023-10-25,S005-P0011,Electronics,111,505,80.43,73.545,98.474724
2023-10-26,S005-P0011,Electronics,66,404,61.26,73.545,124.624275
2023-10-27,S005-P0011,Electronics,116,353,81.54,73.545,108.93259
2023-10-28,S005-P0011,Electronics,85,281,77.8,73.545,108.41837
2023-10-29,S005-P0011,Electronics,72,220,70.34,73.545,109.13886
2023-10-30,S005-P0011,Electronics,97,160,85.19,73.545,89.47209
2023-10-31,S005-P0011,Electronics,69,461,69.79,73.545,87.69094
2023-11-01,S005-P0011,Electronics,139,385,87.4,73.545,88.13231
2023-11-02,S005-P0011,Electronics,151,230,95.39,73.545,106.343925
2023-11-03,S005-P0011,Electronics,114,88,81.24,73.545,90.427765
2023-11-04,S005-P0011,Electronics,110,0,75.53,73.545,112.89388
2023-11-05,S005-P0011,Electronics,75,665,79.01,73.545,90.951225
2023-11-06,S005-P0011,Electronics,121,585,78.54,73.545,113.278915
2023-11-07,S005-P0011,Electronics,119,485,91.33,73.545,87.5837
2023-11-08,S005-P0011,Electronics,143,362,98.15,73.545,109.0312
2023-11-09,S005-P0011,Electronics,87,194,70.4,73.545,85.15569
2023-11-10,S005-P0011,Electronics,53,136,69.24,73.545,91.00632
2023-11-11,S005-P0011,Electronics,73,549,70.53,73.545,115.49784
2023-11-12,S005-P0011,Electronics,78,502,71.79,73.545,90.68617
2023-11-13,S005-P0011,Electronics,130,438,85.32,73.545,97.1079
2023-11-14,S005-P0011,Electronics,59,334,70.87,73.545,87.69387
2023-11-15,S005-P0011,Electronics,99,276,73.37,73.545,113.47559
2023-11-16,S005-P0011,Electronics,71,176,70.17,73.545,95.72615
2023-11-17,S005-P0011,Electronics,158,544,81.96,73.545,112.92694
2023-11-18,S005-P0011,Electronics,131,374,71.19,73.545,115.53506
2023-11-19,S005-P0011,Electronics,100,226,77.55,73.545,108.17138
2023-11-20,S005-P0011,Electronics,77,129,68.09,73.545,87.37905
2023-11-21,S005-P0011,Electronics,149,737,75.89,73.545,142.65918
2023-11-22,S005-P0011,Electronics,78,603,72.07,73.545,98.398
2023-11-23,S005-P0011,Electronics,67,525,72.85,73.545,86.329155
2023-11-24,S005-P0011,Electronics,136,472,81.68,73.545,127.417915
2023-11-25,S005-P0011,Electronics,128,385,75.22,73.545,113.99447
2023-11-26,S005-P0011,Electronics,170,266,79.33,73.545,139.81723
2023-11-27,S005-P0011,Electronics,45,129,63.78,73.545,106.04771
2023-11-28,S005-P0011,Electronics,73,586,74.48,73.545,87.05167
2023-11-29,S005-P0011,Electronics,126,513,93.31,73.545,109.0312
2023-11-30,S005-P0011,Electronics,124,435,88.33,73.545,95.72615
2023-12-01,S005-P0011,Electronics,51,312,51.4,73.545,133.40974
2023-12-02,S005-P0011,Electronics,67,274,72.95,73.545,98.07316
2023-12-03,S005-P0011,Electronics,59,772,63.67,73.545,96.31269
2023-12-04,S005-P0011,Electronics,120,704,82.42,73.545,122.97642
2023-12-05,S005-P0011,Electronics,114,563,85.48,73.545,97.69462
2023-12-06,S005-P0011,Electronics,151,438,76.27,73.545,134.5286
2023-12-07,S005-P0011,Electronics,94,287,67.42,73.545,120.93716
2023-12-08,S005-P0011,Electronics,117,184,81.89,73.545,97.18714
2023-12-09,S005-P0011,Electronics,88,53,62.75,73.545,111.26358
2023-12-10,S005-P0011,Electronics,44,576,60.05,73.545,86.89397
2023-12-11,S005-P0011,Electronics,112,538,72.15,73.545,113.64564
2023-12-12,S005-P0011,Electronics,81,459,72.55,73.545,107.056656
2023-12-13,S005-P0011,Electronics,129,378,89.55,73.545,107.621284
2023-12-14,S005-P0011,Electronics,92,272,83.75,73.545,103.95618
2023-12-15,S005-P0011,Electronics,132,169,85.87,73.545,86.65189
2023-12-16,S005-P0011,Electronics,130,90,71.82,73.545,122.88608
2023-12-17,S005-P0011,Electronics,41,577,59.36,73.545,96.31269
2023-12-18,S005-P0011,Electronics,101,533,73.89,73.545,98.71589
2023-12-19,S005-P0011,Electronics,166,456,79.54,73.545,133.74594
2023-12-20,S005-P0011,Electronics,81,333,80.57,73.545,88.57868
2023-12-21,S005-P0011,Electronics,114,240,90.13,73.545,103.95618
2023-12-22,S005-P0011,Electronics,33,156,47.88,73.545,133.40974
2023-12-23,S005-P0011,Electronics,106,819,87.75,73.545,87.938896
2023-12-24,S005-P0011,Electronics,63,715,67.97,73.545,104.41151
2023-12-25,S005-P0011,Electronics,121,664,83.0,73.545,89.71037
2023-12-26,S005-P0011,Electronics,134,532,71.72,73.545,111.92213
2023-12-27,S005-P0011,Electronics,70,385,77.6,73.545,47.704914
2023-12-28,S005-P0011,Electronics,50,318,61.58,73.545,58.956814
2023-12-29,S005-P0011,Electronics,4,280,53.12,73.545,57.082592
2023-12-30,S005-P0011,Electronics,40,803,65.73,73.545,47.41441
2023-12-31,S005-P0011,Electronics,42,759,59.57,73.545,52.4947
2024-01-01,S005-P0011,Electronics,40,731,59.05,73.545,68.16922
2024-01-02,S005-P0011,Electronics,71,694,70.24,73.545,51.27255
2024-01-03,S005-P0011,Electronics,43,617,53.11,73.545,69.22871
2024-01-04,S005-P0011,Electronics,57,576,56.08,73.545,62.474087
2024-01-05,S005-P0011,Electronics,74,517,58.94,73.545,75.84467
2024-01-06,S005-P0011,Electronics,30,458,47.15,73.545,70.034615
2024-01-07,S005-P0011,Electronics,33,424,63.76,73.545,44.95171
2024-01-08,S005-P0011,Electronics,40,395,59.15,73.545,49.408447
2024-01-09,S005-P0011,Electronics,95,355,72.38,73.545,86.64822
2024-01-10,S005-P0011,Electronics,45,291,67.0,73.545,87.08792
2024-01-11,S005-P0011,Electronics,111,244,72.0,73.545,112.41524
2024-01-12,S005-P0011,Electronics,103,112,86.86,73.545,95.18769
2024-01-13,S005-P0011,Electronics,177,445,86.22,73.545,136.12839
2024-01-14,S005-P0011,Electronics,44,307,63.48,73.545,85.955956
2024-01-15,S005-P0011,Electronics,194,256,84.55,73.545,124.379776
2024-01-16,S005-P0011,Electronics,89,66,74.72,73.545,86.64822
2024-01-17,S005-P0011,Electronics,171,578,75.6,73.545,124.633385
2024-01-18,S005-P0011,Electronics,93,400,83.99,73.545,102.62406
2024-01-19,S005-P0011,Electronics,111,340,76.26,73.545,86.33634
2024-01-20,S005-P0011,Electronics,172,209,90.85,73.545,136.43852
2024-01-21,S005-P0011,Electronics,81,689,76.64,73.545,94.469
2024-01-22,S005-P0011,Electronics,81,597,76.68,73.545,103.77071
2024-01-23,S005-P0011,Electronics,104,532,74.44,73.545,86.64822
2024-01-24,S005-P0011,Electronics,74,446,74.7,73.545,96.96239
2024-01-25,S005-P0011,Electronics,85,364,73.62,73.545,102.93153
2024-01-26,S005-P0011,Electronics,118,310,81.97,73.545,95.51252
2024-01-27,S005-P0011,Electronics,89,189,74.94,73.545,86.46572
2024-01-28,S005-P0011,Electronics,112,90,76.43,73.545,94.771904
2024-01-29,S005-P0011,Electronics,51,320,72.1,73.545,94.91787
2024-01-30,S005-P0011,Electronics,74,269,74.76,73.545,86.17094
2023-10-03,S005-P0012,Furniture,54,901,90.03,120.705,97.8673
2023-10-04,S005-P0012,Furniture,73,853,135.31,120.705,74.4116
2023-10-05,S005-P0012,Furniture,22,783,105.25,120.705,67.1137
2023-10-06,S005-P0012,Furniture,40,763,113.35,120.705,74.945175
2023-10-07,S005-P0012,Furniture,56,734,127.25,120.705,34.09451
2023-10-08,S005-P0012,Furniture,34,694,104.81,120.705,37.515015
2023-10-09,S005-P0012,Furniture,22,659,99.47,120.705,35.852444
2023-10-10,S005-P0012,Furniture,19,645,82.85,120.705,43.976856
2023-10-11,S005-P0012,Furniture,35,631,111.14,120.705,41.585197
2023-10-12,S005-P0012,Furniture,54,598,100.93,120.705,44.171383
2023-10-13,S005-P0012,Furniture,57,550,114.66,120.705,43.75385
2023-10-14,S005-P0012,Furniture,33,497,82.52,120.705,44.611088
2023-10-15,S005-P0012,Furniture,37,474,111.9,120.705,34.38266
2023-10-16,S005-P0012,Furniture,28,445,113.57,120.705,33.149624
2023-10-17,S005-P0012,Furniture,46,413,116.07,120.705,41.21349
2023-10-18,S005-P0012,Furniture,31,372,97.62,120.705,44.18777
2023-10-19,S005-P0012,Furniture,43,353,108.94,120.705,41.70753
2023-10-20,S005-P0012,Furniture,53,312,89.43,120.705,55.552372
2023-10-21,S005-P0012,Furniture,60,260,116.15,120.705,56.384617
2023-10-22,S005-P0012,Furniture,23,223,105.58,120.705,37.821804
2023-10-23,S005-P0012,Furniture,10,207,94.34,120.705,35.852444
2023-10-24,S005-P0012,Furniture,37,200,117.88,120.705,33.65987
2023-10-25,S005-P0012,Furniture,64,452,111.53,120.705,97.40363
2023-10-26,S005-P0012,Furniture,87,383,128.4,120.705,72.75942
2023-10-27,S005-P0012,Furniture,98,284,132.87,120.705,84.1617
2023-10-28,S005-P0012,Furniture,66,222,119.18,120.705,84.1348
2023-10-29,S005-P0012,Furniture,102,175,141.97,120.705,82.7208
2023-10-30,S005-P0012,Furniture,43,462,114.9,120.705,67.642586
2023-10-31,S005-P0012,Furniture,35,426,110.85,120.705,65.09662
2023-11-01,S005-P0012,Furniture,110,403,122.84,120.705,89.425285
2023-11-02,S005-P0012,Furniture,77,318,123.79,120.705,80.08696
2023-11-03,S005-P0012,Furniture,43,261,85.99,120.705,88.44908
2023-11-04,S005-P0012,Furniture,114,230,139.77,120.705,65.64258
2023-11-05,S005-P0012,Furniture,110,669,145.8,120.705,68.5413
2023-11-06,S005-P0012,Furniture,101,589,141.7,120.705,66.42058
2023-11-07,S005-P0012,Furniture,66,526,125.31,120.705,65.17648
2023-11-08,S005-P0012,Furniture,62,451,117.25,120.705,82.2037
2023-11-09,S005-P0012,Furniture,60,401,96.65,120.705,90.10718
2023-11-10,S005-P0012,Furniture,78,352,124.12,120.705,87.50454
2023-11-11,S005-P0012,Furniture,73,302,122.03,120.705,64.23233
2023-11-12,S005-P0012,Furniture,42,228,108.45,120.705,67.70446
2023-11-13,S005-P0012,Furniture,48,184,111.04,120.705,73.315186
2023-11-14,S005-P0012,Furniture,100,409,111.55,120.705,89.32059
2023-11-15,S005-P0012,Furniture,37,315,106.21,120.705,66.206505
2023-11-16,S005-P0012,Furniture,75,292,122.8,120.705,72.29927
2023-11-17,S005-P0012,Furniture,79,225,131.35,120.705,67.16699
2023-11-18,S005-P0012,Furniture,134,499,140.6,120.705,86.35535
2023-11-19,S005-P0012,Furniture,130,360,131.72,120.705,110.14579
2023-11-20,S005-P0012,Furniture,86,280,141.96,120.705,65.94807
2023-11-21,S005-P0012,Furniture,148,198,155.23,120.705,81.16555
2023-11-22,S005-P0012,Furniture,151,629,156.07,120.705,73.202286
2023-11-23,S005-P0012,Furniture,133,526,117.28,120.705,90.10718
2023-11-24,S005-P0012,Furniture,108,413,114.55,120.705,99.85021
2023-11-25,S005-P0012,Furniture,90,319,129.79,120.705,65.473404
2023-11-26,S005-P0012,Furniture,93,754,116.06,120.705,110.5068
2023-11-27,S005-P0012,Furniture,98,672,133.07,120.705,81.56216
2023-11-28,S005-P0012,Furniture,55,598,126.8,120.705,64.22723
2023-11-29,S005-P0012,Furniture,111,542,153.72,120.705,82.42368
2023-11-30,S005-P0012,Furniture,119,444,134.97,120.705,72.29927
2023-12-01,S005-P0012,Furniture,72,302,134.9,120.705,82.20746
2023-12-02,S005-P0012,Furniture,151,238,147.6,120.705,97.01476
2023-12-03,S005-P0012,Furniture,103,62,112.39,120.705,96.31049
2023-12-04,S005-P0012,Furniture,101,519,127.65,120.705,75.83773
2023-12-05,S005-P0012,Furniture,57,437,121.08,120.705,75.807594
2023-12-06,S005-P0012,Furniture,83,391,140.27,120.705,84.52901
2023-12-07,S005-P0012,Furniture,92,323,123.76,120.705,74.65106
2023-12-08,S005-P0012,Furniture,58,253,115.45,120.705,74.80415
2023-12-09,S005-P0012,Furniture,82,200,106.25,120.705,88.52647
2023-12-10,S005-P0012,Furniture,82,397,118.84,120.705,87.43693
2023-12-11,S005-P0012,Furniture,140,311,134.52,120.705,89.350334
2023-12-12,S005-P0012,Furniture,92,150,130.62,120.705,83.235985
2023-12-13,S005-P0012,Furniture,95,80,131.88,120.705,84.39724
2023-12-14,S005-P0012,Furniture,56,335,127.06,120.705,80.49507
2023-12-15,S005-P0012,Furniture,77,861,98.0,120.705,86.836754
2023-12-16,S005-P0012,Furniture,53,793,113.07,120.705,76.489334
2023-12-17,S005-P0012,Furniture,121,749,135.86,120.705,96.69003
2023-12-18,S005-P0012,Furniture,86,668,127.86,120.705,75.28131
2023-12-19,S005-P0012,Furniture,94,597,116.72,120.705,106.1201
2023-12-20,S005-P0012,Furniture,69,525,114.12,120.705,68.77353
2023-12-21,S005-P0012,Furniture,65,467,131.37,120.705,80.49507
2023-12-22,S005-P0012,Furniture,91,400,123.47,120.705,106.911606
2023-12-23,S005-P0012,Furniture,96,298,132.0,120.705,68.07434
2023-12-24,S005-P0012,Furniture,62,195,123.6,120.705,81.096016
2023-12-25,S005-P0012,Furniture,67,140,94.29,120.705,89.843544
2023-12-26,S005-P0012,Furniture,85,496,134.23,120.705,67.89808
2023-12-27,S005-P0012,Furniture,44,417,121.06,120.705,33.831036
2023-12-28,S005-P0012,Furniture,41,379,108.13,120.705,40.0889
2023-12-29,S005-P0012,Furniture,51,350,112.15,120.705,40.996395
2023-12-30,S005-P0012,Furniture,15,295,96.6,120.705,33.195343
2023-12-31,S005-P0012,Furniture,32,286,104.09,120.705,37.770634
2024-01-01,S005-P0012,Furniture,19,257,103.52,120.705,34.401024
2024-01-02,S005-P0012,Furniture,22,236,110.76,120.705,37.34605
2024-01-03,S005-P0012,Furniture,18,213,108.65,120.705,37.751415
2024-01-04,S005-P0012,Furniture,38,194,101.39,120.705,30.878939
2024-01-05,S005-P0012,Furniture,49,160,117.46,120.705,39.630383
2024-01-06,S005-P0012,Furniture,46,117,109.86,120.705,36.23229
2024-01-07,S005-P0012,Furniture,61,71,116.82,120.705,43.364937
2024-01-08,S005-P0012,Furniture,54,180,119.9,120.705,34.401024
2024-01-09,S005-P0012,Furniture,91,139,108.2,120.705,87.1843
2024-01-10,S005-P0012,Furniture,96,30,146.4,120.705,66.810684
2024-01-11,S005-P0012,Furniture,73,223,96.49,120.705,87.022194
2024-01-12,S005-P0012,Furniture,83,139,106.58,120.705,95.76937
2024-01-13,S005-P0012,Furniture,102,435,106.48,120.705,107.79911
2024-01-14,S005-P0012,Furniture,57,325,115.16,120.705,67.87205
2024-01-15,S005-P0012,Furniture,132,279,155.88,120.705,72.75608
2024-01-16,S005-P0012,Furniture,72,150,121.94,120.705,65.67765
2024-01-17,S005-P0012,Furniture,112,547,132.01,120.705,97.38702
2024-01-18,S005-P0012,Furniture,123,444,129.11,120.705,105.289856
2024-01-19,S005-P0012,Furniture,63,363,111.79,120.705,67.46244
2024-01-20,S005-P0012,Furniture,105,299,129.15,120.705,81.92736
2024-01-21,S005-P0012,Furniture,96,201,132.22,120.705,73.16881
2024-01-22,S005-P0012,Furniture,123,514,136.53,120.705,106.19804
2024-01-23,S005-P0012,Furniture,110,391,123.75,120.705,87.4578
2024-01-24,S005-P0012,Furniture,60,262,110.28,120.705,74.429184
2024-01-25,S005-P0012,Furniture,4,218,77.45,120.705,105.26414
2024-01-26,S005-P0012,Furniture,65,623,125.1,120.705,74.07519
2024-01-27,S005-P0012,Furniture,66,551,125.3,120.705,66.2872
2024-01-28,S005-P0012,Furniture,96,495,146.74,120.705,73.30262
2024-01-29,S005-P0012,Furniture,71,436,127.95,120.705,72.75608
2024-01-30,S005-P0012,Furniture,54,375,107.91,120.705,65.66154
2023-10-03,S005-P0013,Groceries,208,306,90.92,74.14500000000001,145.8317
2023-10-04,S005-P0013,Groceries,131,80,78.54,74.14500000000001,113.33459
2023-10-05,S005-P0013,Groceries,114,549,74.46,74.14500000000001,98.91215
2023-10-06,S005-P0013,Groceries,126,450,81.26,74.14500000000001,114.531906
2023-10-07,S005-P0013,Groceries,95,300,77.5,74.14500000000001,66.6907
2023-10-08,S005-P0013,Groceries,75,219,72.4,74.14500000000001,76.68778
2023-10-09,S005-P0013,Groceries,57,153,64.3,74.14500000000001,73.87299
2023-10-10,S005-P0013,Groceries,38,433,53.39,74.14500000000001,85.952736
2023-10-11,S005-P0013,Groceries,74,394,68.5,74.14500000000001,81.73095
2023-10-12,S005-P0013,Groceries,129,321,69.84,74.14500000000001,86.411934
2023-10-13,S005-P0013,Groceries,95,212,69.8,74.14500000000001,67.96233
2023-10-14,S005-P0013,Groceries,79,150,69.82,74.14500000000001,66.48442
2023-10-15,S005-P0013,Groceries,27,527,59.94,74.14500000000001,69.726425
2023-10-16,S005-P0013,Groceries,112,505,69.75,74.14500000000001,86.40237
2023-10-17,S005-P0013,Groceries,173,391,83.14,74.14500000000001,104.11994
2023-10-18,S005-P0013,Groceries,73,217,68.31,74.14500000000001,66.71401
2023-10-19,S005-P0013,Groceries,90,139,76.3,74.14500000000001,82.36998
2023-10-20,S005-P0013,Groceries,102,621,60.36,74.14500000000001,104.77599
2023-10-21,S005-P0013,Groceries,84,558,74.67,74.14500000000001,81.76263
2023-10-22,S005-P0013,Groceries,81,489,52.81,74.14500000000001,95.96906
2023-10-23,S005-P0013,Groceries,108,438,57.62,74.14500000000001,94.99638
2023-10-24,S005-P0013,Groceries,65,343,69.81,74.14500000000001,65.90078
2023-10-25,S005-P0013,Groceries,159,271,76.13,74.14500000000001,146.30432
2023-10-26,S005-P0013,Groceries,43,173,64.24,74.14500000000001,113.53317
2023-10-27,S005-P0013,Groceries,138,145,88.81,74.14500000000001,127.42499
2023-10-28,S005-P0013,Groceries,71,435,61.11,74.14500000000001,125.73467
2023-10-29,S005-P0013,Groceries,88,368,64.72,74.14500000000001,127.3741
2023-10-30,S005-P0013,Groceries,138,299,75.93,74.14500000000001,102.95817
2023-10-31,S005-P0013,Groceries,138,170,84.21,74.14500000000001,100.289894
2023-11-01,S005-P0013,Groceries,140,86,72.17,74.14500000000001,136.5817
2023-11-02,S005-P0013,Groceries,146,483,82.0,74.14500000000001,126.67047
2023-11-03,S005-P0013,Groceries,120,339,80.01,74.14500000000001,101.99552
2023-11-04,S005-P0013,Groceries,100,208,74.94,74.14500000000001,99.32574
2023-11-05,S005-P0013,Groceries,167,610,81.72,74.14500000000001,133.92766
2023-11-06,S005-P0013,Groceries,109,465,73.07,74.14500000000001,100.619026
2023-11-07,S005-P0013,Groceries,81,395,66.49,74.14500000000001,99.23723
2023-11-08,S005-P0013,Groceries,42,341,45.47,74.14500000000001,170.34952
2023-11-09,S005-P0013,Groceries,101,312,71.53,74.14500000000001,100.08253
2023-11-10,S005-P0013,Groceries,148,203,78.0,74.14500000000001,101.36065
2023-11-11,S005-P0013,Groceries,140,37,80.26,74.14500000000001,99.91382
2023-11-12,S005-P0013,Groceries,85,261,67.5,74.14500000000001,101.924835
2023-11-13,S005-P0013,Groceries,89,573,76.07,74.14500000000001,111.83387
2023-11-14,S005-P0013,Groceries,150,475,82.68,74.14500000000001,135.82883
2023-11-15,S005-P0013,Groceries,96,303,73.93,74.14500000000001,99.589005
2023-11-16,S005-P0013,Groceries,134,227,75.07,74.14500000000001,154.43707
2023-11-17,S005-P0013,Groceries,30,551,57.77,74.14500000000001,101.240425
2023-11-18,S005-P0013,Groceries,95,525,58.17,74.14500000000001,132.92923
2023-11-19,S005-P0013,Groceries,39,437,59.98,74.14500000000001,130.6086
2023-11-20,S005-P0013,Groceries,74,397,54.06,74.14500000000001,136.79205
2023-11-21,S005-P0013,Groceries,102,337,60.37,74.14500000000001,169.67184
2023-11-22,S005-P0013,Groceries,66,256,66.72,74.14500000000001,113.27361
2023-11-23,S005-P0013,Groceries,116,193,71.07,74.14500000000001,137.15659
2023-11-24,S005-P0013,Groceries,59,373,64.93,74.14500000000001,115.3722
2023-11-25,S005-P0013,Groceries,72,322,53.83,74.14500000000001,132.92923
2023-11-26,S005-P0013,Groceries,116,264,74.67,74.14500000000001,129.6206
2023-11-27,S005-P0013,Groceries,125,177,81.24,74.14500000000001,125.51943
2023-11-28,S005-P0013,Groceries,122,84,80.36,74.14500000000001,99.284325
2023-11-29,S005-P0013,Groceries,118,388,79.36,74.14500000000001,127.30671
2023-11-30,S005-P0013,Groceries,161,257,80.9,74.14500000000001,113.234474
2023-12-01,S005-P0013,Groceries,160,70,76.26,74.14500000000001,161.85686
2023-12-02,S005-P0013,Groceries,258,319,85.33,74.14500000000001,147.13235
2023-12-03,S005-P0013,Groceries,104,97,79.87,74.14500000000001,112.188805
2023-12-04,S005-P0013,Groceries,127,399,61.27,74.14500000000001,144.70953
2023-12-05,S005-P0013,Groceries,161,1168,80.5,74.14500000000001,147.70981
2023-12-06,S005-P0013,Groceries,122,1033,72.35,74.14500000000001,162.88562
2023-12-07,S005-P0013,Groceries,96,908,70.08,74.14500000000001,110.784065
2023-12-08,S005-P0013,Groceries,122,803,80.47,74.14500000000001,113.3216
2023-12-09,S005-P0013,Groceries,123,693,80.67,74.14500000000001,100.19679
2023-12-10,S005-P0013,Groceries,119,580,79.65,74.14500000000001,97.98574
2023-12-11,S005-P0013,Groceries,134,477,78.84,74.14500000000001,102.7187
2023-12-12,S005-P0013,Groceries,89,354,68.35,74.14500000000001,123.78929
2023-12-13,S005-P0013,Groceries,128,270,64.71,74.14500000000001,160.25398
2023-12-14,S005-P0013,Groceries,175,181,88.56,74.14500000000001,120.93309
2023-12-15,S005-P0013,Groceries,104,28,68.4,74.14500000000001,98.40031
2023-12-16,S005-P0013,Groceries,35,443,58.92,74.14500000000001,113.66837
2023-12-17,S005-P0013,Groceries,208,403,90.77,74.14500000000001,147.68855
2023-12-18,S005-P0013,Groceries,134,182,79.16,74.14500000000001,112.34903
2023-12-19,S005-P0013,Groceries,199,34,104.52,74.14500000000001,124.57903
2023-12-20,S005-P0013,Groceries,134,741,78.99,74.14500000000001,132.57019
2023-12-21,S005-P0013,Groceries,129,587,77.88,74.14500000000001,120.93309
2023-12-22,S005-P0013,Groceries,157,461,80.15,74.14500000000001,163.38705
2023-12-23,S005-P0013,Groceries,133,307,87.51,74.14500000000001,100.19679
2023-12-24,S005-P0013,Groceries,115,191,78.71,74.14500000000001,123.059425
2023-12-25,S005-P0013,Groceries,103,641,75.75,74.14500000000001,102.385216
2023-12-26,S005-P0013,Groceries,145,533,86.12,74.14500000000001,99.844734
2023-12-27,S005-P0013,Groceries,47,401,52.17,74.14500000000001,90.420265
2023-12-28,S005-P0013,Groceries,49,358,59.34,74.14500000000001,86.577995
2023-12-29,S005-P0013,Groceries,92,319,69.43,74.14500000000001,84.57743
2023-12-30,S005-P0013,Groceries,36,220,53.33,74.14500000000001,69.1347
2023-12-31,S005-P0013,Groceries,89,181,68.75,74.14500000000001,77.579796
2024-01-01,S005-P0013,Groceries,38,393,59.78,74.14500000000001,78.28651
2024-01-02,S005-P0013,Groceries,84,349,59.89,74.14500000000001,101.98975
2024-01-03,S005-P0013,Groceries,100,292,74.94,74.14500000000001,78.177864
2024-01-04,S005-P0013,Groceries,64,190,62.83,74.14500000000001,70.41128
2024-01-05,S005-P0013,Groceries,92,141,62.1,74.14500000000001,113.01183
2024-01-06,S005-P0013,Groceries,77,398,62.47,74.14500000000001,77.013535
2024-01-07,S005-P0013,Groceries,63,320,59.0,74.14500000000001,92.42779
2024-01-08,S005-P0013,Groceries,85,278,67.82,74.14500000000001,77.40662
2024-01-09,S005-P0013,Groceries,59,189,58.49,74.14500000000001,135.09607
2024-01-10,S005-P0013,Groceries,121,145,75.91,74.14500000000001,135.77655
2024-01-11,S005-P0013,Groceries,121,315,80.11,74.14500000000001,99.51582
2024-01-12,S005-P0013,Groceries,87,220,71.79,74.14500000000001,111.93818
2024-01-13,S005-P0013,Groceries,49,152,56.14,74.14500000000001,122.97355
2024-01-14,S005-P0013,Groceries,112,428,70.15,74.14500000000001,98.30766
2024-01-15,S005-P0013,Groceries,97,315,66.79,74.14500000000001,110.81023
2024-01-16,S005-P0013,Groceries,104,208,64.53,74.14500000000001,134.12915
2024-01-17,S005-P0013,Groceries,229,124,85.41,74.14500000000001,148.19681
2024-01-18,S005-P0013,Groceries,155,337,93.06,74.14500000000001,121.19113
2024-01-19,S005-P0013,Groceries,92,164,72.88,74.14500000000001,99.46343
2024-01-20,S005-P0013,Groceries,205,857,100.86,74.14500000000001,123.412285
2024-01-21,S005-P0013,Groceries,107,634,72.69,74.14500000000001,110.6696
2024-01-22,S005-P0013,Groceries,143,552,85.45,74.14500000000001,121.79489
2024-01-23,S005-P0013,Groceries,101,389,60.26,74.14500000000001,133.37729
2024-01-24,S005-P0013,Groceries,163,282,85.81,74.14500000000001,111.27787
2024-01-25,S005-P0013,Groceries,151,134,65.58,74.14500000000001,158.66925
2024-01-26,S005-P0013,Groceries,127,0,81.68,74.14500000000001,111.93818
2024-01-27,S005-P0013,Groceries,175,546,83.52,74.14500000000001,134.79999
2024-01-28,S005-P0013,Groceries,116,407,83.01,74.14500000000001,112.54145
2024-01-29,S005-P0013,Groceries,142,309,80.88,74.14500000000001,110.81023
2024-01-30,S005-P0013,Groceries,97,792,78.12,74.14500000000001,99.88531
2023-10-03,S005-P0014,Furniture,58,525,156.0,155.73000000000002,74.05311
2023-10-04,S005-P0014,Furniture,99,468,161.99,155.73000000000002,75.35181
2023-10-05,S005-P0014,Furniture,51,379,151.48,155.73000000000002,67.03492
2023-10-06,S005-P0014,Furniture,103,329,172.93,155.73000000000002,75.70313
2023-10-07,S005-P0014,Furniture,37,264,129.2,155.73000000000002,33.550983
2023-10-08,S005-P0014,Furniture,62,221,126.72,155.73000000000002,49.68369
2023-10-09,S005-P0014,Furniture,65,466,126.26,155.73000000000002,48.625248
2023-10-10,S005-P0014,Furniture,46,423,141.24,155.73000000000002,33.37423
2023-10-11,S005-P0014,Furniture,37,381,122.06,155.73000000000002,56.200607
2023-10-12,S005-P0014,Furniture,45,357,125.67,155.73000000000002,43.922882
2023-10-13,S005-P0014,Furniture,37,312,129.28,155.73000000000002,33.886154
2023-10-14,S005-P0014,Furniture,36,286,114.01,155.73000000000002,44.301384
2023-10-15,S005-P0014,Furniture,23,261,127.77,155.73000000000002,44.607533
2023-10-16,S005-P0014,Furniture,28,237,138.18,155.73000000000002,32.83793
2023-10-17,S005-P0014,Furniture,63,210,133.51,155.73000000000002,56.11276
2023-10-18,S005-P0014,Furniture,54,171,138.04,155.73000000000002,44.222683
2023-10-19,S005-P0014,Furniture,82,111,143.44,155.73000000000002,56.966633
2023-10-20,S005-P0014,Furniture,38,179,144.27,155.73000000000002,41.44729
2023-10-21,S005-P0014,Furniture,24,148,135.95,155.73000000000002,41.118076
2023-10-22,S005-P0014,Furniture,55,423,129.74,155.73000000000002,49.68369
2023-10-23,S005-P0014,Furniture,46,360,140.84,155.73000000000002,35.852444
2023-10-24,S005-P0014,Furniture,25,326,136.52,155.73000000000002,33.45181
2023-10-25,S005-P0014,Furniture,66,308,152.71,155.73000000000002,74.75133
2023-10-26,S005-P0014,Furniture,72,244,147.9,155.73000000000002,73.23311
2023-10-27,S005-P0014,Furniture,117,199,171.58,155.73000000000002,84.1617
2023-10-28,S005-P0014,Furniture,104,112,164.76,155.73000000000002,84.69156
2023-10-29,S005-P0014,Furniture,72,246,147.84,155.73000000000002,83.802666
2023-10-30,S005-P0014,Furniture,76,571,175.36,155.73000000000002,67.44281
2023-10-31,S005-P0014,Furniture,66,510,160.68,155.73000000000002,65.06627
2023-11-01,S005-P0014,Furniture,54,451,145.18,155.73000000000002,65.097946
2023-11-02,S005-P0014,Furniture,134,387,150.49,155.73000000000002,111.798256
2023-11-03,S005-P0014,Furniture,57,295,130.96,155.73000000000002,87.79104
2023-11-04,S005-P0014,Furniture,62,239,141.48,155.73000000000002,86.35535
2023-11-05,S005-P0014,Furniture,99,596,170.83,155.73000000000002,86.09442
2023-11-06,S005-P0014,Furniture,83,510,162.24,155.73000000000002,66.60619
2023-11-07,S005-P0014,Furniture,59,456,148.86,155.73000000000002,65.01106
2023-11-08,S005-P0014,Furniture,95,388,149.82,155.73000000000002,112.42414
2023-11-09,S005-P0014,Furniture,73,304,173.7,155.73000000000002,63.55081
2023-11-10,S005-P0014,Furniture,154,217,180.72,155.73000000000002,87.60697
2023-11-11,S005-P0014,Furniture,112,50,158.13,155.73000000000002,87.86391
2023-11-12,S005-P0014,Furniture,105,0,155.94,155.73000000000002,87.98675
2023-11-13,S005-P0014,Furniture,50,386,151.34,155.73000000000002,73.22277
2023-11-14,S005-P0014,Furniture,78,345,141.43,155.73000000000002,88.195274
2023-11-15,S005-P0014,Furniture,91,504,157.97,155.73000000000002,87.02172
2023-11-16,S005-P0014,Furniture,106,408,193.7,155.73000000000002,71.70508
2023-11-17,S005-P0014,Furniture,80,286,159.89,155.73000000000002,67.57102
2023-11-18,S005-P0014,Furniture,81,230,152.38,155.73000000000002,65.64258
2023-11-19,S005-P0014,Furniture,82,168,169.8,155.73000000000002,81.817024
2023-11-20,S005-P0014,Furniture,77,355,158.23,155.73000000000002,66.299965
2023-11-21,S005-P0014,Furniture,94,307,186.63,155.73000000000002,81.350555
2023-11-22,S005-P0014,Furniture,82,227,161.69,155.73000000000002,73.25762
2023-11-23,S005-P0014,Furniture,72,168,164.33,155.73000000000002,63.55081
2023-11-24,S005-P0014,Furniture,62,401,142.17,155.73000000000002,74.106476
2023-11-25,S005-P0014,Furniture,30,335,139.11,155.73000000000002,65.67953
2023-11-26,S005-P0014,Furniture,66,317,160.33,155.73000000000002,81.817024
2023-11-27,S005-P0014,Furniture,116,267,190.39,155.73000000000002,81.20777
2023-11-28,S005-P0014,Furniture,84,135,171.25,155.73000000000002,64.05233
2023-11-29,S005-P0014,Furniture,76,81,175.48,155.73000000000002,82.42368
2023-11-30,S005-P0014,Furniture,95,373,187.02,155.73000000000002,71.70508
2023-12-01,S005-P0014,Furniture,35,295,149.63,155.73000000000002,82.20746
2023-12-02,S005-P0014,Furniture,84,253,154.08,155.73000000000002,76.489334
2023-12-03,S005-P0014,Furniture,52,187,137.0,155.73000000000002,96.69003
2023-12-04,S005-P0014,Furniture,97,138,170.21,155.73000000000002,75.28131
2023-12-05,S005-P0014,Furniture,99,254,171.41,155.73000000000002,75.69427
2023-12-06,S005-P0014,Furniture,126,183,185.62,155.73000000000002,84.3768
2023-12-07,S005-P0014,Furniture,92,53,166.58,155.73000000000002,74.65106
2023-12-08,S005-P0014,Furniture,96,333,187.73,155.73000000000002,74.883446
2023-12-09,S005-P0014,Furniture,117,270,152.75,155.73000000000002,88.52647
2023-12-10,S005-P0014,Furniture,101,169,144.84,155.73000000000002,87.12707
2023-12-11,S005-P0014,Furniture,119,432,153.59,155.73000000000002,89.350334
2023-12-12,S005-P0014,Furniture,102,322,172.34,155.73000000000002,106.40551
2023-12-13,S005-P0014,Furniture,94,232,159.3,155.73000000000002,84.3768
2023-12-14,S005-P0014,Furniture,142,156,183.77,155.73000000000002,104.22176
2023-12-15,S005-P0014,Furniture,52,279,144.86,155.73000000000002,66.63416
2023-12-16,S005-P0014,Furniture,36,229,114.04,155.73000000000002,97.11519
2023-12-17,S005-P0014,Furniture,71,712,154.69,155.73000000000002,73.953316
2023-12-18,S005-P0014,Furniture,56,649,162.79,155.73000000000002,75.18069
2023-12-19,S005-P0014,Furniture,68,614,145.42,155.73000000000002,83.17364
2023-12-20,S005-P0014,Furniture,84,544,162.29,155.73000000000002,68.77353
2023-12-21,S005-P0014,Furniture,117,448,142.98,155.73000000000002,104.96339
2023-12-22,S005-P0014,Furniture,83,375,170.89,155.73000000000002,81.97799
2023-12-23,S005-P0014,Furniture,40,310,108.67,155.73000000000002,89.093956
2023-12-24,S005-P0014,Furniture,136,268,182.05,155.73000000000002,106.004005
2023-12-25,S005-P0014,Furniture,77,119,167.02,155.73000000000002,68.98658
2023-12-26,S005-P0014,Furniture,73,71,164.74,155.73000000000002,67.89808
2023-12-27,S005-P0014,Furniture,16,430,118.1,155.73000000000002,33.115124
2023-12-28,S005-P0014,Furniture,29,416,124.71,155.73000000000002,39.85248
2023-12-29,S005-P0014,Furniture,34,390,134.15,155.73000000000002,40.996395
2023-12-30,S005-P0014,Furniture,33,358,148.23,155.73000000000002,33.57886
2023-12-31,S005-P0014,Furniture,59,325,156.48,155.73000000000002,38.044445
2024-01-01,S005-P0014,Furniture,62,282,149.99,155.73000000000002,49.279644
2024-01-02,S005-P0014,Furniture,34,234,141.36,155.73000000000002,37.34605
2024-01-03,S005-P0014,Furniture,33,206,133.66,155.73000000000002,36.45001
2024-01-04,S005-P0014,Furniture,33,170,133.9,155.73000000000002,31.159449
2024-01-05,S005-P0014,Furniture,52,136,136.33,155.73000000000002,55.426464
2024-01-06,S005-P0014,Furniture,28,77,131.09,155.73000000000002,36.82803
2024-01-07,S005-P0014,Furniture,15,129,130.5,155.73000000000002,32.986965
2024-01-08,S005-P0014,Furniture,36,294,135.65,155.73000000000002,34.401024
2024-01-09,S005-P0014,Furniture,65,269,126.14,155.73000000000002,87.1843
2024-01-10,S005-P0014,Furniture,95,204,168.2,155.73000000000002,66.4329
2024-01-11,S005-P0014,Furniture,46,143,156.24,155.73000000000002,65.401985
2024-01-12,S005-P0014,Furniture,124,97,184.46,155.73000000000002,74.17301
2024-01-13,S005-P0014,Furniture,37,263,136.26,155.73000000000002,81.60115
2024-01-14,S005-P0014,Furniture,66,228,160.78,155.73000000000002,68.06716
2024-01-15,S005-P0014,Furniture,114,517,178.92,155.73000000000002,73.04123
2024-01-16,S005-P0014,Furniture,86,423,163.59,155.73000000000002,88.200676
2024-01-17,S005-P0014,Furniture,36,338,142.66,155.73000000000002,74.0862
2024-01-18,S005-P0014,Furniture,107,298,156.95,155.73000000000002,105.289856
2024-01-19,S005-P0014,Furniture,78,217,125.81,155.73000000000002,88.358894
2024-01-20,S005-P0014,Furniture,112,149,178.17,155.73000000000002,107.84591
2024-01-21,S005-P0014,Furniture,98,428,151.19,155.73000000000002,95.151344
2024-01-22,S005-P0014,Furniture,63,323,142.85,155.73000000000002,106.19804
2024-01-23,S005-P0014,Furniture,51,278,143.82,155.73000000000002,65.66154
2024-01-24,S005-P0014,Furniture,111,228,168.3,155.73000000000002,74.429184
2024-01-25,S005-P0014,Furniture,66,114,152.03,155.73000000000002,79.85267
2024-01-26,S005-P0014,Furniture,65,61,152.02,155.73000000000002,73.99128
2024-01-27,S005-P0014,Furniture,67,391,152.9,155.73000000000002,88.734955
2024-01-28,S005-P0014,Furniture,85,327,172.03,155.73000000000002,73.30262
2024-01-29,S005-P0014,Furniture,90,253,184.11,155.73000000000002,72.75407
2024-01-30,S005-P0014,Furniture,120,161,182.88,155.73000000000002,65.67765
2023-10-03,S005-P0015,Groceries,96,341,47.21,49.224999999999994,113.04528
2023-10-04,S005-P0015,Groceries,109,236,49.28,49.224999999999994,113.33459
2023-10-05,S005-P0015,Groceries,93,149,49.29,49.224999999999994,98.846344
2023-10-06,S005-P0015,Groceries,249,247,71.21,49.224999999999994,148.27052
2023-10-07,S005-P0015,Groceries,73,0,43.63,49.224999999999994,86.164024
2023-10-08,S005-P0015,Groceries,130,558,49.89,49.224999999999994,96.4943
2023-10-09,S005-P0015,Groceries,64,429,37.81,49.224999999999994,95.24729
2023-10-10,S005-P0015,Groceries,73,363,43.54,49.224999999999994,66.75259
2023-10-11,S005-P0015,Groceries,124,286,48.94,49.224999999999994,81.897835
2023-10-12,S005-P0015,Groceries,124,159,49.0,49.224999999999994,67.64535
2023-10-13,S005-P0015,Groceries,123,277,57.06,49.224999999999994,67.49917
2023-10-14,S005-P0015,Groceries,100,203,45.41,49.224999999999994,66.67893
2023-10-15,S005-P0015,Groceries,104,359,43.48,49.224999999999994,87.46688
2023-10-16,S005-P0015,Groceries,69,271,42.89,49.224999999999994,66.89454
2023-10-17,S005-P0015,Groceries,137,228,59.53,49.224999999999994,81.73342
2023-10-18,S005-P0015,Groceries,43,101,38.87,49.224999999999994,66.82566
2023-10-19,S005-P0015,Groceries,111,393,55.1,49.224999999999994,82.36998
2023-10-20,S005-P0015,Groceries,79,306,44.49,49.224999999999994,81.95799
2023-10-21,S005-P0015,Groceries,91,224,51.61,49.224999999999994,81.76263
2023-10-22,S005-P0015,Groceries,83,116,40.18,49.224999999999994,95.92002
2023-10-23,S005-P0015,Groceries,39,204,38.32,49.224999999999994,73.87299
2023-10-24,S005-P0015,Groceries,48,170,37.41,49.224999999999994,85.27556
2023-10-25,S005-P0015,Groceries,73,115,48.41,49.224999999999994,113.26441
2023-10-26,S005-P0015,Groceries,237,58,57.76,49.224999999999994,148.3096
2023-10-27,S005-P0015,Groceries,104,131,46.0,49.224999999999994,126.47295
2023-10-28,S005-P0015,Groceries,208,440,51.24,49.224999999999994,160.56242
2023-10-29,S005-P0015,Groceries,64,246,46.77,49.224999999999994,127.975945
2023-10-30,S005-P0015,Groceries,82,689,47.41,49.224999999999994,102.519684
2023-10-31,S005-P0015,Groceries,110,606,54.88,49.224999999999994,100.289894
2023-11-01,S005-P0015,Groceries,156,520,53.7,49.224999999999994,136.4312
2023-11-02,S005-P0015,Groceries,132,402,41.86,49.224999999999994,171.77399
2023-11-03,S005-P0015,Groceries,111,260,55.08,49.224999999999994,103.08219
2023-11-04,S005-P0015,Groceries,124,127,54.44,49.224999999999994,98.689964
2023-11-05,S005-P0015,Groceries,127,273,52.17,49.224999999999994,101.347664
2023-11-06,S005-P0015,Groceries,139,182,56.87,49.224999999999994,100.27244
2023-11-07,S005-P0015,Groceries,125,338,51.66,49.224999999999994,99.23723
2023-11-08,S005-P0015,Groceries,90,250,48.8,49.224999999999994,127.30671
2023-11-09,S005-P0015,Groceries,76,193,44.09,49.224999999999994,100.08253
2023-11-10,S005-P0015,Groceries,125,294,49.16,49.224999999999994,101.36065
2023-11-11,S005-P0015,Groceries,126,191,49.02,49.224999999999994,135.92137
2023-11-12,S005-P0015,Groceries,85,342,50.45,49.224999999999994,103.85224
2023-11-13,S005-P0015,Groceries,91,257,46.5,49.224999999999994,111.40479
2023-11-14,S005-P0015,Groceries,83,174,45.26,49.224999999999994,99.284325
2023-11-15,S005-P0015,Groceries,115,110,50.21,49.224999999999994,100.0465
2023-11-16,S005-P0015,Groceries,196,185,62.9,49.224999999999994,113.234474
2023-11-17,S005-P0015,Groceries,99,199,47.59,49.224999999999994,99.47666
2023-11-18,S005-P0015,Groceries,118,567,56.25,49.224999999999994,99.32574
2023-11-19,S005-P0015,Groceries,93,455,49.35,49.224999999999994,130.6086
2023-11-20,S005-P0015,Groceries,129,360,41.39,49.224999999999994,136.79205
2023-11-21,S005-P0015,Groceries,203,214,60.82,49.224999999999994,169.4403
2023-11-22,S005-P0015,Groceries,172,8,46.76,49.224999999999994,154.02048
2023-11-23,S005-P0015,Groceries,167,362,51.88,49.224999999999994,137.46849
2023-11-24,S005-P0015,Groceries,102,594,48.26,49.224999999999994,115.3722
2023-11-25,S005-P0015,Groceries,50,494,38.02,49.224999999999994,98.86088
2023-11-26,S005-P0015,Groceries,110,446,43.94,49.224999999999994,167.22435
2023-11-27,S005-P0015,Groceries,237,353,54.87,49.224999999999994,168.94647
2023-11-28,S005-P0015,Groceries,102,143,40.6,49.224999999999994,136.31088
2023-11-29,S005-P0015,Groceries,158,537,63.22,49.224999999999994,127.30671
2023-11-30,S005-P0015,Groceries,95,411,47.09,49.224999999999994,113.234474
2023-12-01,S005-P0015,Groceries,135,341,53.24,49.224999999999994,122.85457
2023-12-02,S005-P0015,Groceries,180,247,57.06,49.224999999999994,148.49225
2023-12-03,S005-P0015,Groceries,69,308,40.81,49.224999999999994,148.99509
2023-12-04,S005-P0015,Groceries,105,256,46.15,49.224999999999994,112.381294
2023-12-05,S005-P0015,Groceries,75,137,46.37,49.224999999999994,112.6137
2023-12-06,S005-P0015,Groceries,132,255,49.89,49.224999999999994,161.9808
2023-12-07,S005-P0015,Groceries,78,152,46.82,49.224999999999994,110.45645
2023-12-08,S005-P0015,Groceries,77,290,41.98,49.224999999999994,112.05367
2023-12-09,S005-P0015,Groceries,67,209,47.3,49.224999999999994,100.19679
2023-12-10,S005-P0015,Groceries,57,161,43.32,49.224999999999994,97.80381
2023-12-11,S005-P0015,Groceries,50,110,40.06,49.224999999999994,102.385216
2023-12-12,S005-P0015,Groceries,99,163,47.65,49.224999999999994,123.78929
2023-12-13,S005-P0015,Groceries,48,91,37.5,49.224999999999994,161.9808
2023-12-14,S005-P0015,Groceries,121,241,51.08,49.224999999999994,158.55753
2023-12-15,S005-P0015,Groceries,93,164,49.33,49.224999999999994,98.04429
2023-12-16,S005-P0015,Groceries,137,364,47.61,49.224999999999994,147.62024
2023-12-17,S005-P0015,Groceries,87,264,38.2,49.224999999999994,145.62886
2023-12-18,S005-P0015,Groceries,100,201,47.77,49.224999999999994,112.381294
2023-12-19,S005-P0015,Groceries,178,89,66.77,49.224999999999994,124.57903
2023-12-20,S005-P0015,Groceries,44,177,41.21,49.224999999999994,100.81495
2023-12-21,S005-P0015,Groceries,144,522,60.76,49.224999999999994,121.32108
2023-12-22,S005-P0015,Groceries,179,435,63.59,49.224999999999994,124.75819
2023-12-23,S005-P0015,Groceries,144,266,54.78,49.224999999999994,100.408844
2023-12-24,S005-P0015,Groceries,86,115,48.19,49.224999999999994,123.059425
2023-12-25,S005-P0015,Groceries,190,330,55.1,49.224999999999994,130.75989
2023-12-26,S005-P0015,Groceries,103,205,53.59,49.224999999999994,99.844734
2023-12-27,S005-P0015,Groceries,84,513,37.8,49.224999999999994,90.67913
2023-12-28,S005-P0015,Groceries,106,443,46.33,49.224999999999994,114.719505
2023-12-29,S005-P0015,Groceries,91,373,48.97,49.224999999999994,85.323074
2023-12-30,S005-P0015,Groceries,65,275,42.43,49.224999999999994,69.06211
2023-12-31,S005-P0015,Groceries,64,233,42.22,49.224999999999994,77.579796
2024-01-01,S005-P0015,Groceries,164,167,57.85,49.224999999999994,102.46514
2024-01-02,S005-P0015,Groceries,105,0,46.2,49.224999999999994,77.063225
2024-01-03,S005-P0015,Groceries,69,331,40.57,49.224999999999994,101.94098
2024-01-04,S005-P0015,Groceries,75,253,48.68,49.224999999999994,71.1229
2024-01-05,S005-P0015,Groceries,103,165,50.91,49.224999999999994,86.61288
2024-01-06,S005-P0015,Groceries,71,62,45.72,49.224999999999994,77.63505
2024-01-07,S005-P0015,Groceries,66,219,35.92,49.224999999999994,91.99845
2024-01-08,S005-P0015,Groceries,55,146,43.02,49.224999999999994,78.28651
2024-01-09,S005-P0015,Groceries,101,103,40.47,49.224999999999994,133.37729
2024-01-10,S005-P0015,Groceries,43,138,36.89,49.224999999999994,100.49259
2024-01-11,S005-P0015,Groceries,109,307,49.35,49.224999999999994,99.51582
2024-01-12,S005-P0015,Groceries,180,221,60.32,49.224999999999994,150.82028
2024-01-13,S005-P0015,Groceries,111,32,44.02,49.224999999999994,161.7669
2024-01-14,S005-P0015,Groceries,109,412,54.71,49.224999999999994,99.70025
2024-01-15,S005-P0015,Groceries,94,340,46.85,49.224999999999994,110.81023
2024-01-16,S005-P0015,Groceries,111,273,49.49,49.224999999999994,99.56266
2024-01-17,S005-P0015,Groceries,76,201,44.11,49.224999999999994,111.27787
2024-01-18,S005-P0015,Groceries,109,365,54.62,49.224999999999994,121.19113
2024-01-19,S005-P0015,Groceries,126,237,49.29,49.224999999999994,98.098854
2024-01-20,S005-P0015,Groceries,140,153,45.08,49.224999999999994,161.2471
2024-01-21,S005-P0015,Groceries,159,352,60.26,49.224999999999994,112.54145
2024-01-22,S005-P0015,Groceries,86,252,48.2,49.224999999999994,121.18685
2024-01-23,S005-P0015,Groceries,104,478,48.54,49.224999999999994,99.32299
2024-01-24,S005-P0015,Groceries,136,405,59.42,49.224999999999994,112.082054
2024-01-25,S005-P0015,Groceries,103,270,48.27,49.224999999999994,120.32186
2024-01-26,S005-P0015,Groceries,151,163,49.67,49.224999999999994,147.98317
2024-01-27,S005-P0015,Groceries,120,245,48.4,49.224999999999994,135.80681
2024-01-28,S005-P0015,Groceries,193,160,49.38,49.224999999999994,146.7444
2024-01-29,S005-P0015,Groceries,94,225,52.13,49.224999999999994,111.11588
2024-01-30,S005-P0015,Groceries,122,520,48.62,49.224999999999994,99.56266
2023-10-03,S005-P0016,Toys,83,167,33.61,32.76,97.92347
2023-10-04,S005-P0016,Toys,151,90,33.27,32.76,126.48024
2023-10-05,S005-P0016,Toys,82,590,31.78,32.76,111.57818
2023-10-06,S005-P0016,Toys,144,499,32.14,32.76,131.1835
2023-10-07,S005-P0016,Toys,22,347,23.83,32.76,44.248756
2023-10-08,S005-P0016,Toys,57,328,32.19,32.76,40.919765
2023-10-09,S005-P0016,Toys,50,276,26.79,32.76,49.39153
2023-10-10,S005-P0016,Toys,23,229,23.99,32.76,32.59078
2023-10-11,S005-P0016,Toys,21,209,25.04,32.76,42.924347
2023-10-12,S005-P0016,Toys,19,194,26.11,32.76,34.757576
2023-10-13,S005-P0016,Toys,17,178,23.16,32.76,47.45853
2023-10-14,S005-P0016,Toys,25,160,26.84,32.76,34.76463
2023-10-15,S005-P0016,Toys,27,145,25.68,32.76,35.380665
2023-10-16,S005-P0016,Toys,17,129,24.56,32.76,32.074963
2023-10-17,S005-P0016,Toys,11,114,26.52,32.76,43.28081
2023-10-18,S005-P0016,Toys,54,104,28.64,32.76,44.371082
2023-10-19,S005-P0016,Toys,20,60,27.67,32.76,44.24997
2023-10-20,S005-P0016,Toys,9,48,23.69,32.76,43.99027
2023-10-21,S005-P0016,Toys,23,224,26.59,32.76,43.43083
2023-10-22,S005-P0016,Toys,32,202,26.26,32.76,40.294262
2023-10-23,S005-P0016,Toys,30,170,21.69,32.76,49.99468
2023-10-24,S005-P0016,Toys,21,140,26.35,32.76,33.311146
2023-10-25,S005-P0016,Toys,93,127,32.99,32.76,97.49775
2023-10-26,S005-P0016,Toys,77,66,31.22,32.76,94.937996
2023-10-27,S005-P0016,Toys,81,0,31.74,32.76,108.97642
2023-10-28,S005-P0016,Toys,248,298,47.61,32.76,138.91605
2023-10-29,S005-P0016,Toys,75,46,31.07,32.76,108.90616
2023-10-30,S005-P0016,Toys,83,0,31.91,32.76,89.406715
2023-10-31,S005-P0016,Toys,72,762,34.0,32.76,88.836266
2023-11-01,S005-P0016,Toys,160,704,33.67,32.76,118.793236
2023-11-02,S005-P0016,Toys,115,553,35.38,32.76,103.26809
2023-11-03,S005-P0016,Toys,69,433,25.62,32.76,117.51816
2023-11-04,S005-P0016,Toys,128,370,38.85,32.76,81.87872
2023-11-05,S005-P0016,Toys,151,263,33.26,32.76,111.806175
2023-11-06,S005-P0016,Toys,51,117,29.83,32.76,82.801414
2023-11-07,S005-P0016,Toys,90,481,32.76,32.76,81.07807
2023-11-08,S005-P0016,Toys,65,407,33.18,32.76,108.483406
2023-11-09,S005-P0016,Toys,67,344,28.4,32.76,115.123856
2023-11-10,S005-P0016,Toys,80,289,34.98,32.76,89.68223
2023-11-11,S005-P0016,Toys,112,216,35.04,32.76,86.69781
2023-11-12,S005-P0016,Toys,128,99,34.78,32.76,117.28008
2023-11-13,S005-P0016,Toys,121,9,34.26,32.76,129.21017
2023-11-14,S005-P0016,Toys,124,373,38.35,32.76,86.37165
2023-11-15,S005-P0016,Toys,56,246,28.87,32.76,82.52564
2023-11-16,S005-P0016,Toys,124,586,38.45,32.76,95.19288
2023-11-17,S005-P0016,Toys,98,473,27.9,32.76,112.04885
2023-11-18,S005-P0016,Toys,128,397,40.98,32.76,81.87872
2023-11-19,S005-P0016,Toys,108,310,28.84,32.76,142.69179
2023-11-20,S005-P0016,Toys,75,196,31.04,32.76,86.76584
2023-11-21,S005-P0016,Toys,151,471,31.2,32.76,142.86485
2023-11-22,S005-P0016,Toys,98,371,33.6,32.76,98.08317
2023-11-23,S005-P0016,Toys,128,285,34.83,32.76,115.123856
2023-11-24,S005-P0016,Toys,84,624,31.92,32.76,98.65011
2023-11-25,S005-P0016,Toys,162,552,42.82,32.76,81.61487
2023-11-26,S005-P0016,Toys,140,366,40.25,32.76,108.02938
2023-11-27,S005-P0016,Toys,142,214,38.52,32.76,104.30048
2023-11-28,S005-P0016,Toys,79,95,31.42,32.76,86.12925
2023-11-29,S005-P0016,Toys,66,361,28.45,32.76,106.91631
2023-11-30,S005-P0016,Toys,74,292,29.33,32.76,94.67273
2023-12-01,S005-P0016,Toys,156,223,33.31,32.76,138.06082
2023-12-02,S005-P0016,Toys,118,115,37.74,32.76,98.80883
2023-12-03,S005-P0016,Toys,145,0,36.57,32.76,129.05896
2023-12-04,S005-P0016,Toys,83,453,30.11,32.76,127.72956
2023-12-05,S005-P0016,Toys,87,389,25.58,32.76,125.3364
2023-12-06,S005-P0016,Toys,76,747,29.53,32.76,105.75953
2023-12-07,S005-P0016,Toys,96,680,29.85,32.76,125.30291
2023-12-08,S005-P0016,Toys,133,621,29.63,32.76,127.87516
2023-12-09,S005-P0016,Toys,59,469,27.74,32.76,88.06631
2023-12-10,S005-P0016,Toys,88,398,36.02,32.76,88.34221
2023-12-11,S005-P0016,Toys,78,336,31.39,32.76,90.02599
2023-12-12,S005-P0016,Toys,122,260,36.24,32.76,105.08544
2023-12-13,S005-P0016,Toys,118,149,39.69,32.76,106.760155
2023-12-14,S005-P0016,Toys,159,28,44.77,32.76,105.48038
2023-12-15,S005-P0016,Toys,25,423,26.83,32.76,89.47414
2023-12-16,S005-P0016,Toys,154,402,39.8,32.76,97.84689
2023-12-17,S005-P0016,Toys,111,697,36.9,32.76,99.0617
2023-12-18,S005-P0016,Toys,115,588,29.88,32.76,127.77508
2023-12-19,S005-P0016,Toys,185,463,40.97,32.76,105.03312
2023-12-20,S005-P0016,Toys,97,335,35.25,32.76,88.866234
2023-12-21,S005-P0016,Toys,115,259,33.58,32.76,104.654495
2023-12-22,S005-P0016,Toys,151,614,35.03,32.76,138.44331
2023-12-23,S005-P0016,Toys,131,454,33.04,32.76,113.84716
2023-12-24,S005-P0016,Toys,62,339,31.19,32.76,107.33546
2023-12-25,S005-P0016,Toys,96,279,35.14,32.76,90.70507
2023-12-26,S005-P0016,Toys,159,181,31.85,32.76,114.03675
2023-12-27,S005-P0016,Toys,18,71,26.07,32.76,30.749197
2023-12-28,S005-P0016,Toys,8,385,24.84,32.76,36.84725
2023-12-29,S005-P0016,Toys,11,838,23.91,32.76,38.98852
2023-12-30,S005-P0016,Toys,35,829,26.65,32.76,29.598557
2023-12-31,S005-P0016,Toys,25,796,26.84,32.76,36.67944
2024-01-01,S005-P0016,Toys,22,775,25.06,32.76,32.834496
2024-01-02,S005-P0016,Toys,14,762,26.87,32.76,31.689058
2024-01-03,S005-P0016,Toys,37,746,28.22,32.76,32.370785
2024-01-04,S005-P0016,Toys,40,703,28.57,32.76,27.704067
2024-01-05,S005-P0016,Toys,14,657,25.57,32.76,35.243702
2024-01-06,S005-P0016,Toys,30,644,25.98,32.76,31.434978
2024-01-07,S005-P0016,Toys,33,615,24.88,32.76,41.366367
2024-01-08,S005-P0016,Toys,18,583,22.15,32.76,47.077503
2024-01-09,S005-P0016,Toys,106,570,29.05,32.76,112.44952
2024-01-10,S005-P0016,Toys,154,482,37.74,32.76,113.21023
2024-01-11,S005-P0016,Toys,97,353,33.43,32.76,85.14494
2024-01-12,S005-P0016,Toys,111,270,35.01,32.76,97.02259
2024-01-13,S005-P0016,Toys,164,695,32.34,32.76,135.95837
2024-01-14,S005-P0016,Toys,106,551,30.53,32.76,113.4616
2024-01-15,S005-P0016,Toys,103,469,28.4,32.76,124.79618
2024-01-16,S005-P0016,Toys,148,372,30.9,32.76,113.224464
2024-01-17,S005-P0016,Toys,101,264,33.87,32.76,96.00466
2024-01-18,S005-P0016,Toys,138,150,31.59,32.76,135.72198
2024-01-19,S005-P0016,Toys,33,520,26.3,32.76,88.66418
2024-01-20,S005-P0016,Toys,122,492,40.23,32.76,105.22641
2024-01-21,S005-P0016,Toys,112,409,33.36,32.76,97.10461
2024-01-22,S005-P0016,Toys,126,293,34.76,32.76,104.8217
2024-01-23,S005-P0016,Toys,149,190,32.62,32.76,113.224464
2024-01-24,S005-P0016,Toys,83,57,35.45,32.76,96.596306
2024-01-25,S005-P0016,Toys,98,323,35.42,32.76,103.75589
2024-01-26,S005-P0016,Toys,69,223,33.65,32.76,97.46987
2024-01-27,S005-P0016,Toys,48,158,31.04,32.76,87.83033
2024-01-28,S005-P0016,Toys,65,368,31.57,32.76,96.909065
2024-01-29,S005-P0016,Toys,109,300,36.68,32.76,97.78976
2024-01-30,S005-P0016,Toys,64,233,29.8,32.76,86.69934
2023-10-03,S005-P0017,Toys,79,165,35.61,34.870000000000005,97.15125
2023-10-04,S005-P0017,Toys,121,117,38.87,34.870000000000005,97.879036
2023-10-05,S005-P0017,Toys,44,121,31.3,34.870000000000005,86.235435
2023-10-06,S005-P0017,Toys,46,80,28.37,34.870000000000005,100.0694
2023-10-07,S005-P0017,Toys,37,100,30.31,34.870000000000005,33.502415
2023-10-08,S005-P0017,Toys,15,112,23.23,34.870000000000005,53.877934
2023-10-09,S005-P0017,Toys,9,100,25.43,34.870000000000005,36.03399
2023-10-10,S005-P0017,Toys,63,94,25.19,34.870000000000005,44.34407
2023-10-11,S005-P0017,Toys,37,112,30.41,34.870000000000005,42.924347
2023-10-12,S005-P0017,Toys,45,81,28.09,34.870000000000005,45.40015
2023-10-13,S005-P0017,Toys,18,88,27.96,34.870000000000005,35.14403
2023-10-14,S005-P0017,Toys,19,124,26.66,34.870000000000005,33.502415
2023-10-15,S005-P0017,Toys,17,111,26.34,34.870000000000005,34.88872
2023-10-16,S005-P0017,Toys,17,101,27.87,34.870000000000005,33.11925
2023-10-17,S005-P0017,Toys,39,84,27.4,34.870000000000005,58.215485
2023-10-18,S005-P0017,Toys,8,96,25.33,34.870000000000005,44.371082
2023-10-19,S005-P0017,Toys,10,91,24.25,34.870000000000005,58.634632
2023-10-20,S005-P0017,Toys,34,81,23.71,34.870000000000005,59.298
2023-10-21,S005-P0017,Toys,29,93,30.87,34.870000000000005,43.43083
2023-10-22,S005-P0017,Toys,18,118,29.43,34.870000000000005,40.919765
2023-10-23,S005-P0017,Toys,38,102,30.44,34.870000000000005,36.279465
2023-10-24,S005-P0017,Toys,27,107,24.46,34.870000000000005,46.504704
2023-10-25,S005-P0017,Toys,105,78,35.01,34.870000000000005,97.49775
2023-10-26,S005-P0017,Toys,105,101,34.86,34.870000000000005,122.71376
2023-10-27,S005-P0017,Toys,94,128,37.55,34.870000000000005,108.82871
2023-10-28,S005-P0017,Toys,127,119,37.27,34.870000000000005,139.02411
2023-10-29,S005-P0017,Toys,99,128,38.17,34.870000000000005,108.90616
2023-10-30,S005-P0017,Toys,94,141,37.56,34.870000000000005,89.406715
2023-10-31,S005-P0017,Toys,63,152,35.4,34.870000000000005,88.836266
2023-11-01,S005-P0017,Toys,130,104,39.89,34.870000000000005,87.38214
2023-11-02,S005-P0017,Toys,146,144,37.09,34.870000000000005,140.20816
2023-11-03,S005-P0017,Toys,77,140,33.6,34.870000000000005,88.988335
2023-11-04,S005-P0017,Toys,81,152,32.33,34.870000000000005,111.52165
2023-11-05,S005-P0017,Toys,97,143,35.9,34.870000000000005,84.49204
2023-11-06,S005-P0017,Toys,76,162,35.3,34.870000000000005,82.801414
2023-11-07,S005-P0017,Toys,131,101,37.96,34.870000000000005,110.44385
2023-11-08,S005-P0017,Toys,72,131,26.06,34.870000000000005,143.79315
2023-11-09,S005-P0017,Toys,87,112,28.92,34.870000000000005,115.111885
2023-11-10,S005-P0017,Toys,104,149,34.88,34.870000000000005,88.56641
2023-11-11,S005-P0017,Toys,72,168,36.54,34.870000000000005,87.514084
2023-11-12,S005-P0017,Toys,71,89,31.19,34.870000000000005,88.99906
2023-11-13,S005-P0017,Toys,121,82,36.87,34.870000000000005,95.514885
2023-11-14,S005-P0017,Toys,71,99,29.4,34.870000000000005,117.570305
2023-11-15,S005-P0017,Toys,67,123,30.55,34.870000000000005,111.687096
2023-11-16,S005-P0017,Toys,152,131,40.37,34.870000000000005,94.67273
2023-11-17,S005-P0017,Toys,42,154,32.61,34.870000000000005,84.636925
2023-11-18,S005-P0017,Toys,129,125,39.76,34.870000000000005,81.93911
2023-11-19,S005-P0017,Toys,84,156,36.21,34.870000000000005,108.02938
2023-11-20,S005-P0017,Toys,101,170,36.35,34.870000000000005,86.21086
2023-11-21,S005-P0017,Toys,112,200,37.73,34.870000000000005,106.30183
2023-11-22,S005-P0017,Toys,141,101,34.31,34.870000000000005,131.34453
2023-11-23,S005-P0017,Toys,179,172,40.98,34.870000000000005,115.123856
2023-11-24,S005-P0017,Toys,132,148,44.47,34.870000000000005,99.60832
2023-11-25,S005-P0017,Toys,97,166,37.93,34.870000000000005,81.61487
2023-11-26,S005-P0017,Toys,206,199,48.88,34.870000000000005,143.31302
2023-11-27,S005-P0017,Toys,78,187,31.97,34.870000000000005,103.84205
2023-11-28,S005-P0017,Toys,120,127,40.73,34.870000000000005,87.11918
2023-11-29,S005-P0017,Toys,95,112,33.84,34.870000000000005,106.91631
2023-11-30,S005-P0017,Toys,112,109,41.91,34.870000000000005,96.278114
2023-12-01,S005-P0017,Toys,156,139,42.93,34.870000000000005,107.17347
2023-12-02,S005-P0017,Toys,89,168,38.84,34.870000000000005,98.80883
2023-12-03,S005-P0017,Toys,118,86,38.38,34.870000000000005,98.14435
2023-12-04,S005-P0017,Toys,112,106,35.81,34.870000000000005,99.4766
2023-12-05,S005-P0017,Toys,92,120,35.31,34.870000000000005,96.7567
2023-12-06,S005-P0017,Toys,117,138,34.32,34.870000000000005,136.60095
2023-12-07,S005-P0017,Toys,84,154,38.19,34.870000000000005,97.58787
2023-12-08,S005-P0017,Toys,51,148,24.04,34.870000000000005,127.87516
2023-12-09,S005-P0017,Toys,36,91,28.62,34.870000000000005,88.06631
2023-12-10,S005-P0017,Toys,57,113,31.19,34.870000000000005,88.019936
2023-12-11,S005-P0017,Toys,69,115,32.61,34.870000000000005,117.16884
2023-12-12,S005-P0017,Toys,203,111,46.13,34.870000000000005,136.3805
2023-12-13,S005-P0017,Toys,155,224,42.88,34.870000000000005,105.85056
2023-12-14,S005-P0017,Toys,144,214,41.56,34.870000000000005,104.94919
2023-12-15,S005-P0017,Toys,55,222,24.49,34.870000000000005,115.71969
2023-12-16,S005-P0017,Toys,114,169,32.04,34.870000000000005,124.89501
2023-12-17,S005-P0017,Toys,100,211,34.5,34.870000000000005,98.14435
2023-12-18,S005-P0017,Toys,78,94,33.6,34.870000000000005,99.4766
2023-12-19,S005-P0017,Toys,138,82,45.38,34.870000000000005,105.868385
2023-12-20,S005-P0017,Toys,122,160,38.82,34.870000000000005,115.09011
2023-12-21,S005-P0017,Toys,75,196,31.65,34.870000000000005,104.654495
2023-12-22,S005-P0017,Toys,114,128,36.08,34.870000000000005,139.56378
2023-12-23,S005-P0017,Toys,129,146,37.73,34.870000000000005,88.06631
2023-12-24,S005-P0017,Toys,105,138,35.0,34.870000000000005,139.73016
2023-12-25,S005-P0017,Toys,107,156,37.08,34.870000000000005,89.75277
2023-12-26,S005-P0017,Toys,70,133,34.56,34.870000000000005,88.52131
2023-12-27,S005-P0017,Toys,25,137,23.12,34.870000000000005,42.33974
2023-12-28,S005-P0017,Toys,12,118,25.78,34.870000000000005,36.622475
2023-12-29,S005-P0017,Toys,25,106,30.36,34.870000000000005,39.384113
2023-12-30,S005-P0017,Toys,27,84,29.07,34.870000000000005,30.082396
2023-12-31,S005-P0017,Toys,14,104,26.01,34.870000000000005,36.51355
2024-01-01,S005-P0017,Toys,33,89,28.32,34.870000000000005,32.834496
2024-01-02,S005-P0017,Toys,16,109,26.33,34.870000000000005,31.121479
2024-01-03,S005-P0017,Toys,28,97,29.28,34.870000000000005,32.370785
2024-01-04,S005-P0017,Toys,17,117,26.46,34.870000000000005,27.133268
2024-01-05,S005-P0017,Toys,18,99,24.99,34.870000000000005,52.819675
2024-01-06,S005-P0017,Toys,8,81,28.07,34.870000000000005,32.284874
2024-01-07,S005-P0017,Toys,11,125,25.7,34.870000000000005,29.869997
2024-01-08,S005-P0017,Toys,7,115,20.98,34.870000000000005,47.72382
2024-01-09,S005-P0017,Toys,75,109,31.67,34.870000000000005,86.50118
2024-01-10,S005-P0017,Toys,82,128,34.13,34.870000000000005,113.21023
2024-01-11,S005-P0017,Toys,92,150,37.26,34.870000000000005,85.304665
2024-01-12,S005-P0017,Toys,60,179,33.26,34.870000000000005,97.02259
2024-01-13,S005-P0017,Toys,146,139,34.73,34.870000000000005,135.95837
2024-01-14,S005-P0017,Toys,87,153,36.63,34.870000000000005,88.53269
2024-01-15,S005-P0017,Toys,101,160,36.43,34.870000000000005,96.99481
2024-01-16,S005-P0017,Toys,59,149,31.35,34.870000000000005,86.50118
2024-01-17,S005-P0017,Toys,83,106,34.31,34.870000000000005,96.025604
2024-01-18,S005-P0017,Toys,149,108,44.49,34.870000000000005,102.5393
2024-01-19,S005-P0017,Toys,99,164,36.29,34.870000000000005,88.641716
2024-01-20,S005-P0017,Toys,156,170,40.59,34.870000000000005,134.9783
2024-01-21,S005-P0017,Toys,118,194,38.45,34.870000000000005,126.02594
2024-01-22,S005-P0017,Toys,124,64,32.57,34.870000000000005,135.45015
2024-01-23,S005-P0017,Toys,30,104,28.01,34.870000000000005,86.69934
2024-01-24,S005-P0017,Toys,93,71,29.49,34.870000000000005,125.54845
2024-01-25,S005-P0017,Toys,117,101,40.46,34.870000000000005,102.5393
2024-01-26,S005-P0017,Toys,75,147,35.19,34.870000000000005,97.02259
2024-01-27,S005-P0017,Toys,111,162,35.64,34.870000000000005,112.8977
2024-01-28,S005-P0017,Toys,106,150,33.15,34.870000000000005,125.15161
2024-01-29,S005-P0017,Toys,132,137,44.56,34.870000000000005,97.78976
2024-01-30,S005-P0017,Toys,137,137,42.92,34.870000000000005,86.69934
2023-10-03,S005-P0018,Clothing,214,166,30.39,21.98,99.25673
2023-10-04,S005-P0018,Clothing,91,174,19.31,21.98,99.63851
2023-10-05,S005-P0018,Clothing,30,100,13.49,21.98,119.73931
2023-10-06,S005-P0018,Clothing,122,78,23.72,21.98,98.82421
2023-10-07,S005-P0018,Clothing,109,112,18.24,21.98,108.30523
2023-10-08,S005-P0018,Clothing,150,125,20.33,21.98,119.46003
2023-10-09,S005-P0018,Clothing,160,157,25.15,21.98,94.25622
2023-10-10,S005-P0018,Clothing,190,175,27.15,21.98,87.44904
2023-10-11,S005-P0018,Clothing,139,153,24.98,21.98,102.522255
2023-10-12,S005-P0018,Clothing,98,201,18.5,21.98,108.35254
2023-10-13,S005-P0018,Clothing,192,103,27.33,21.98,110.672226
2023-10-14,S005-P0018,Clothing,189,190,30.12,21.98,87.69998
2023-10-15,S005-P0018,Clothing,209,185,27.03,21.98,109.89306
2023-10-16,S005-P0018,Clothing,134,235,24.64,21.98,87.15012
2023-10-17,S005-P0018,Clothing,72,114,18.09,21.98,102.82146
2023-10-18,S005-P0018,Clothing,139,127,26.32,21.98,87.49265
2023-10-19,S005-P0018,Clothing,260,151,31.99,21.98,129.69844
2023-10-20,S005-P0018,Clothing,170,229,24.47,21.98,130.23854
2023-10-21,S005-P0018,Clothing,75,31,19.31,21.98,103.100365
2023-10-22,S005-P0018,Clothing,133,62,24.53,21.98,96.41107
2023-10-23,S005-P0018,Clothing,88,158,20.23,21.98,94.25622
2023-10-24,S005-P0018,Clothing,115,85,21.98,21.98,88.12467
2023-10-25,S005-P0018,Clothing,73,101,21.24,21.98,99.634125
2023-10-26,S005-P0018,Clothing,141,115,23.84,21.98,100.19224
2023-10-27,S005-P0018,Clothing,79,138,19.56,21.98,107.790474
2023-10-28,S005-P0018,Clothing,136,68,20.85,21.98,142.07133
2023-10-29,S005-P0018,Clothing,146,155,24.15,21.98,108.2894
2023-10-30,S005-P0018,Clothing,74,150,18.23,21.98,90.9503
2023-10-31,S005-P0018,Clothing,109,98,22.77,21.98,90.10021
2023-11-01,S005-P0018,Clothing,79,136,20.63,21.98,88.47028
2023-11-02,S005-P0018,Clothing,142,83,21.19,21.98,142.91748
2023-11-03,S005-P0018,Clothing,172,154,25.95,21.98,116.960075
2023-11-04,S005-P0018,Clothing,79,204,19.54,21.98,90.25373
2023-11-05,S005-P0018,Clothing,103,149,18.82,21.98,118.49714
2023-11-06,S005-P0018,Clothing,91,157,21.52,21.98,90.82561
2023-11-07,S005-P0018,Clothing,105,58,22.47,21.98,90.1607
2023-11-08,S005-P0018,Clothing,191,104,22.72,21.98,143.33562
2023-11-09,S005-P0018,Clothing,166,162,24.22,21.98,118.80371
2023-11-10,S005-P0018,Clothing,110,220,24.09,21.98,90.082115
2023-11-11,S005-P0018,Clothing,159,141,26.42,21.98,88.851
2023-11-12,S005-P0018,Clothing,74,130,15.97,21.98,116.16045
2023-11-13,S005-P0018,Clothing,169,74,27.14,21.98,99.65542
2023-11-14,S005-P0018,Clothing,62,186,17.43,21.98,88.21842
2023-11-15,S005-P0018,Clothing,101,116,19.99,21.98,118.8866
2023-11-16,S005-P0018,Clothing,101,156,22.19,21.98,100.56339
2023-11-17,S005-P0018,Clothing,132,64,24.44,21.98,91.67789
2023-11-18,S005-P0018,Clothing,49,121,17.49,21.98,90.214935
2023-11-19,S005-P0018,Clothing,152,71,23.34,21.98,142.07674
2023-11-20,S005-P0018,Clothing,144,177,25.36,21.98,89.29667
2023-11-21,S005-P0018,Clothing,140,186,25.05,21.98,110.68752
2023-11-22,S005-P0018,Clothing,162,228,22.45,21.98,130.21005
2023-11-23,S005-P0018,Clothing,146,43,26.78,21.98,90.72138
2023-11-24,S005-P0018,Clothing,86,172,19.99,21.98,99.45065
2023-11-25,S005-P0018,Clothing,89,106,17.07,21.98,118.32212
2023-11-26,S005-P0018,Clothing,86,108,20.0,21.98,110.95533
2023-11-27,S005-P0018,Clothing,103,130,21.27,21.98,110.77946
2023-11-28,S005-P0018,Clothing,122,160,23.72,21.98,88.751564
2023-11-29,S005-P0018,Clothing,103,159,21.16,21.98,110.02978
2023-11-30,S005-P0018,Clothing,87,38,21.16,21.98,100.56339
2023-12-01,S005-P0018,Clothing,144,95,22.83,21.98,127.784966
2023-12-02,S005-P0018,Clothing,193,135,25.85,21.98,150.10889
2023-12-03,S005-P0018,Clothing,122,185,22.55,21.98,116.60137
2023-12-04,S005-P0018,Clothing,68,55,20.83,21.98,117.98593
2023-12-05,S005-P0018,Clothing,176,83,23.53,21.98,149.56952
2023-12-06,S005-P0018,Clothing,118,158,23.42,21.98,129.8917
2023-12-07,S005-P0018,Clothing,131,181,25.68,21.98,119.79505
2023-12-08,S005-P0018,Clothing,176,102,27.69,21.98,117.199936
2023-12-09,S005-P0018,Clothing,108,203,22.75,21.98,106.89098
2023-12-10,S005-P0018,Clothing,106,85,18.98,21.98,134.34906
2023-12-11,S005-P0018,Clothing,74,107,20.25,21.98,107.72245
2023-12-12,S005-P0018,Clothing,82,105,21.91,21.98,129.75705
2023-12-13,S005-P0018,Clothing,145,106,19.07,21.98,161.2822
2023-12-14,S005-P0018,Clothing,175,157,26.17,21.98,130.66106
2023-12-15,S005-P0018,Clothing,171,187,21.57,21.98,134.40283
2023-12-16,S005-P0018,Clothing,121,200,21.31,21.98,117.63502
2023-12-17,S005-P0018,Clothing,47,126,16.45,21.98,147.69504
2023-12-18,S005-P0018,Clothing,77,95,20.48,21.98,117.98593
2023-12-19,S005-P0018,Clothing,82,124,19.76,21.98,162.31209
2023-12-20,S005-P0018,Clothing,150,121,24.39,21.98,107.26336
2023-12-21,S005-P0018,Clothing,87,123,19.07,21.98,161.97568
2023-12-22,S005-P0018,Clothing,197,128,27.71,21.98,128.13795
2023-12-23,S005-P0018,Clothing,130,227,20.45,21.98,136.15651
2023-12-24,S005-P0018,Clothing,174,98,26.11,21.98,128.23622
2023-12-25,S005-P0018,Clothing,101,174,22.22,21.98,107.72245
2023-12-26,S005-P0018,Clothing,68,79,17.86,21.98,107.03135
2023-12-27,S005-P0018,Clothing,60,79,19.2,21.98,101.04513
2023-12-28,S005-P0018,Clothing,193,70,24.54,21.98,146.70212
2023-12-29,S005-P0018,Clothing,194,166,27.47,21.98,117.85607
2023-12-30,S005-P0018,Clothing,138,175,24.91,21.98,101.20252
2023-12-31,S005-P0018,Clothing,197,207,27.74,21.98,109.388084
2024-01-01,S005-P0018,Clothing,172,188,25.91,21.98,136.37057
2024-01-02,S005-P0018,Clothing,128,157,21.75,21.98,110.158936
2024-01-03,S005-P0018,Clothing,83,168,18.83,21.98,109.81606
2024-01-04,S005-P0018,Clothing,168,72,21.65,21.98,128.15625
2024-01-05,S005-P0018,Clothing,217,141,29.03,21.98,146.56995
2024-01-06,S005-P0018,Clothing,155,174,23.54,21.98,109.830925
2024-01-07,S005-P0018,Clothing,86,172,21.13,21.98,104.7613
2024-01-08,S005-P0018,Clothing,79,96,18.55,21.98,110.36988
2024-01-09,S005-P0018,Clothing,61,95,18.34,21.98,108.074135
2024-01-10,S005-P0018,Clothing,83,93,20.89,21.98,108.24001
2024-01-11,S005-P0018,Clothing,78,94,17.32,21.98,139.95418
2024-01-12,S005-P0018,Clothing,72,94,16.92,21.98,150.45935
2024-01-13,S005-P0018,Clothing,123,78,21.45,21.98,131.74211
2024-01-14,S005-P0018,Clothing,83,148,19.86,21.98,107.73284
2024-01-15,S005-P0018,Clothing,96,78,21.88,21.98,120.70704
2024-01-16,S005-P0018,Clothing,115,104,22.06,21.98,108.074135
2024-01-17,S005-P0018,Clothing,184,116,28.23,21.98,120.84579
2024-01-18,S005-P0018,Clothing,146,202,25.45,21.98,133.28764
2024-01-19,S005-P0018,Clothing,151,92,23.09,21.98,136.38475
2024-01-20,S005-P0018,Clothing,135,134,24.66,21.98,132.2439
2024-01-21,S005-P0018,Clothing,121,176,21.33,21.98,118.36048
2024-01-22,S005-P0018,Clothing,260,44,25.35,21.98,163.49457
2024-01-23,S005-P0018,Clothing,144,280,25.31,21.98,108.21525
2024-01-24,S005-P0018,Clothing,139,172,22.45,21.98,120.01754
2024-01-25,S005-P0018,Clothing,175,165,26.18,21.98,133.28764
2024-01-26,S005-P0018,Clothing,135,165,18.54,21.98,150.17572
2024-01-27,S005-P0018,Clothing,136,214,22.13,21.98,138.04178
2024-01-28,S005-P0018,Clothing,115,113,20.79,21.98,149.8935
2024-01-29,S005-P0018,Clothing,202,143,27.99,21.98,120.66588
2024-01-30,S005-P0018,Clothing,68,197,17.81,21.98,107.96003
2023-10-03,S005-P0019,Furniture,82,140,143.38,128.62,73.57516
2023-10-04,S005-P0019,Furniture,89,191,146.65,128.62,74.75133
2023-10-05,S005-P0019,Furniture,48,107,132.69,128.62,67.1137
2023-10-06,S005-P0019,Furniture,75,268,125.95,128.62,75.70313
2023-10-07,S005-P0019,Furniture,31,208,100.03,128.62,44.148743
2023-10-08,S005-P0019,Furniture,34,179,101.18,128.62,49.288418
2023-10-09,S005-P0019,Furniture,48,151,112.93,128.62,47.676296
2023-10-10,S005-P0019,Furniture,20,116,106.41,128.62,33.22678
2023-10-11,S005-P0019,Furniture,48,183,119.93,128.62,41.499565
2023-10-12,S005-P0019,Furniture,51,146,107.64,128.62,44.171383
2023-10-13,S005-P0019,Furniture,31,94,111.71,128.62,43.75385
2023-10-14,S005-P0019,Furniture,22,151,119.37,128.62,34.09451
2023-10-15,S005-P0019,Furniture,9,134,112.59,128.62,34.38266
2023-10-16,S005-P0019,Furniture,46,126,125.03,128.62,33.149624
2023-10-17,S005-P0019,Furniture,53,86,115.81,128.62,56.077133
2023-10-18,S005-P0019,Furniture,46,98,125.15,128.62,33.635735
2023-10-19,S005-P0019,Furniture,32,163,106.6,128.62,56.998924
2023-10-20,S005-P0019,Furniture,41,131,110.63,128.62,41.23022
2023-10-21,S005-P0019,Furniture,59,94,118.4,128.62,56.384617
2023-10-22,S005-P0019,Furniture,39,141,121.56,128.62,37.821804
2023-10-23,S005-P0019,Furniture,26,110,121.37,128.62,36.059437
2023-10-24,S005-P0019,Furniture,32,87,118.19,128.62,33.45181
2023-10-25,S005-P0019,Furniture,70,52,137.11,128.62,74.75133
2023-10-26,S005-P0019,Furniture,47,66,99.33,128.62,97.90372
2023-10-27,S005-P0019,Furniture,132,131,168.18,128.62,83.514885
2023-10-28,S005-P0019,Furniture,124,43,155.33,128.62,107.584526
2023-10-29,S005-P0019,Furniture,75,214,132.33,128.62,83.802666
2023-10-30,S005-P0019,Furniture,57,403,137.73,128.62,67.44281
2023-10-31,S005-P0019,Furniture,59,362,131.91,128.62,65.09662
2023-11-01,S005-P0019,Furniture,146,317,140.24,128.62,89.425285
2023-11-02,S005-P0019,Furniture,61,163,112.85,128.62,109.459366
2023-11-03,S005-P0019,Furniture,54,370,122.91,128.62,66.736565
2023-11-04,S005-P0019,Furniture,74,315,111.22,128.62,87.52128
2023-11-05,S005-P0019,Furniture,73,228,124.67,128.62,68.9778
2023-11-06,S005-P0019,Furniture,77,173,148.3,128.62,66.42058
2023-11-07,S005-P0019,Furniture,80,125,134.91,128.62,65.35002
2023-11-08,S005-P0019,Furniture,73,223,138.49,128.62,82.42368
2023-11-09,S005-P0019,Furniture,46,150,125.01,128.62,63.34318
2023-11-10,S005-P0019,Furniture,70,102,115.62,128.62,87.79104
2023-11-11,S005-P0019,Furniture,51,19,121.2,128.62,64.07213
2023-11-12,S005-P0019,Furniture,93,160,148.69,128.62,67.50748
2023-11-13,S005-P0019,Furniture,73,50,124.79,128.62,73.694176
2023-11-14,S005-P0019,Furniture,41,193,116.58,128.62,64.05233
2023-11-15,S005-P0019,Furniture,114,155,143.43,128.62,87.02172
2023-11-16,S005-P0019,Furniture,72,39,131.09,128.62,72.29927
2023-11-17,S005-P0019,Furniture,87,225,153.15,128.62,67.07119
2023-11-18,S005-P0019,Furniture,90,127,139.5,128.62,85.780075
2023-11-19,S005-P0019,Furniture,96,205,158.09,128.62,82.10995
2023-11-20,S005-P0019,Furniture,85,140,152.1,128.62,65.94807
2023-11-21,S005-P0019,Furniture,95,236,112.26,128.62,112.62766
2023-11-22,S005-P0019,Furniture,112,140,141.48,128.62,99.55515
2023-11-23,S005-P0019,Furniture,84,218,144.18,128.62,63.55081
2023-11-24,S005-P0019,Furniture,76,162,133.16,128.62,73.98954
2023-11-25,S005-P0019,Furniture,85,274,130.39,128.62,65.64258
2023-11-26,S005-P0019,Furniture,135,189,152.55,128.62,110.01988
2023-11-27,S005-P0019,Furniture,101,83,129.87,128.62,108.91301
2023-11-28,S005-P0019,Furniture,47,293,125.51,128.62,64.22723
2023-11-29,S005-P0019,Furniture,70,255,123.61,128.62,82.2037
2023-11-30,S005-P0019,Furniture,56,179,130.32,128.62,71.99524
2023-12-01,S005-P0019,Furniture,83,120,136.22,128.62,82.13801
2023-12-02,S005-P0019,Furniture,96,34,127.6,128.62,97.01476
2023-12-03,S005-P0019,Furniture,41,155,92.19,128.62,96.31049
2023-12-04,S005-P0019,Furniture,77,287,140.49,128.62,75.28131
2023-12-05,S005-P0019,Furniture,86,207,145.38,128.62,75.807594
2023-12-06,S005-P0019,Furniture,128,131,149.45,128.62,107.40927
2023-12-07,S005-P0019,Furniture,51,170,127.71,128.62,74.0628
2023-12-08,S005-P0019,Furniture,60,340,125.39,128.62,75.05241
2023-12-09,S005-P0019,Furniture,44,285,130.79,128.62,68.08909
2023-12-10,S005-P0019,Furniture,111,257,149.49,128.62,67.04749
2023-12-11,S005-P0019,Furniture,94,146,157.03,128.62,69.16326
2023-12-12,S005-P0019,Furniture,86,294,114.77,128.62,106.3342
2023-12-13,S005-P0019,Furniture,126,201,132.21,128.62,107.15128
2023-12-14,S005-P0019,Furniture,63,52,140.57,128.62,80.49507
2023-12-15,S005-P0019,Furniture,112,310,150.06,128.62,66.63416
2023-12-16,S005-P0019,Furniture,95,188,142.24,128.62,76.45098
2023-12-17,S005-P0019,Furniture,135,112,143.03,128.62,96.363365
2023-12-18,S005-P0019,Furniture,85,198,129.51,128.62,96.390396
2023-12-19,S005-P0019,Furniture,86,424,137.54,128.62,83.17364
2023-12-20,S005-P0019,Furniture,41,339,110.38,128.62,68.77353
2023-12-21,S005-P0019,Furniture,103,301,115.41,128.62,104.96339
2023-12-22,S005-P0019,Furniture,52,199,121.79,128.62,81.97799
2023-12-23,S005-P0019,Furniture,80,163,120.75,128.62,88.55756
2023-12-24,S005-P0019,Furniture,88,93,146.07,128.62,81.096016
2023-12-25,S005-P0019,Furniture,66,189,134.99,128.62,69.16326
2023-12-26,S005-P0019,Furniture,66,145,128.45,128.62,67.74143
2023-12-27,S005-P0019,Furniture,32,69,100.29,128.62,45.905895
2023-12-28,S005-P0019,Furniture,16,164,99.15,128.62,39.85248
2023-12-29,S005-P0019,Furniture,37,145,120.71,128.62,41.310627
2023-12-30,S005-P0019,Furniture,50,107,127.02,128.62,33.195343
2023-12-31,S005-P0019,Furniture,37,63,114.49,128.62,37.770634
2024-01-01,S005-P0019,Furniture,40,117,128.77,128.62,34.77607
2024-01-02,S005-P0019,Furniture,32,84,112.15,128.62,36.55235
2024-01-03,S005-P0019,Furniture,17,154,116.39,128.62,37.751415
2024-01-04,S005-P0019,Furniture,7,136,111.11,128.62,31.787992
2024-01-05,S005-P0019,Furniture,25,130,86.22,128.62,54.448925
2024-01-06,S005-P0019,Furniture,42,114,123.1,128.62,36.82803
2024-01-07,S005-P0019,Furniture,37,73,108.69,128.62,43.364937
2024-01-08,S005-P0019,Furniture,52,106,114.69,128.62,48.854576
2024-01-09,S005-P0019,Furniture,129,69,141.83,128.62,87.4578
2024-01-10,S005-P0019,Furniture,39,111,121.62,128.62,66.42661
2024-01-11,S005-P0019,Furniture,84,299,129.69,128.62,65.58144
2024-01-12,S005-P0019,Furniture,82,200,150.83,128.62,74.07519
2024-01-13,S005-P0019,Furniture,113,145,125.41,128.62,107.79911
2024-01-14,S005-P0019,Furniture,71,233,144.92,128.62,68.06716
2024-01-15,S005-P0019,Furniture,25,191,108.52,128.62,73.04123
2024-01-16,S005-P0019,Furniture,64,169,134.18,128.62,66.03677
2024-01-17,S005-P0019,Furniture,69,127,136.88,128.62,74.0862
2024-01-18,S005-P0019,Furniture,143,216,156.16,128.62,105.629326
2024-01-19,S005-P0019,Furniture,88,107,139.07,128.62,67.55936
2024-01-20,S005-P0019,Furniture,72,338,138.09,128.62,81.8033
2024-01-21,S005-P0019,Furniture,114,261,158.93,128.62,73.16881
2024-01-22,S005-P0019,Furniture,149,188,139.5,128.62,105.9257
2024-01-23,S005-P0019,Furniture,51,304,114.84,128.62,65.66154
2024-01-24,S005-P0019,Furniture,89,252,123.5,128.62,96.88073
2024-01-25,S005-P0019,Furniture,97,147,126.82,128.62,105.26414
2024-01-26,S005-P0019,Furniture,89,83,139.19,128.62,96.46749
2024-01-27,S005-P0019,Furniture,63,194,120.38,128.62,65.88101
2024-01-28,S005-P0019,Furniture,77,133,140.55,128.62,73.30262
2024-01-29,S005-P0019,Furniture,63,41,120.56,128.62,73.04123
2024-01-30,S005-P0019,Furniture,84,125,151.72,128.62,66.03677
2023-10-03,S005-P0020,Toys,114,131,31.2,28.615000000000002,97.15125
2023-10-04,S005-P0020,Toys,120,178,30.13,28.615000000000002,97.49775
2023-10-05,S005-P0020,Toys,96,181,27.96,28.615000000000002,111.57818
2023-10-06,S005-P0020,Toys,66,116,26.47,28.615000000000002,130.1506
2023-10-07,S005-P0020,Toys,37,110,23.6,28.615000000000002,32.677456
2023-10-08,S005-P0020,Toys,22,127,23.39,28.615000000000002,40.919765
2023-10-09,S005-P0020,Toys,47,105,24.59,28.615000000000002,36.03399
2023-10-10,S005-P0020,Toys,25,129,22.48,28.615000000000002,33.34721
2023-10-11,S005-P0020,Toys,26,102,21.45,28.615000000000002,42.570446
2023-10-12,S005-P0020,Toys,42,82,24.12,28.615000000000002,33.556934
2023-10-13,S005-P0020,Toys,49,104,20.71,28.615000000000002,47.45394
2023-10-14,S005-P0020,Toys,10,100,23.31,28.615000000000002,34.76463
2023-10-15,S005-P0020,Toys,32,89,25.72,28.615000000000002,36.27773
2023-10-16,S005-P0020,Toys,37,117,23.61,28.615000000000002,43.464672
2023-10-17,S005-P0020,Toys,52,93,25.14,28.615000000000002,42.386444
2023-10-18,S005-P0020,Toys,18,85,18.11,28.615000000000002,44.87358
2023-10-19,S005-P0020,Toys,35,118,24.69,28.615000000000002,44.24997
2023-10-20,S005-P0020,Toys,15,88,21.5,28.615000000000002,44.12714
2023-10-21,S005-P0020,Toys,43,127,20.19,28.615000000000002,58.804806
2023-10-22,S005-P0020,Toys,32,101,23.22,28.615000000000002,40.37997
2023-10-23,S005-P0020,Toys,40,132,21.43,28.615000000000002,49.24106
2023-10-24,S005-P0020,Toys,14,87,21.39,28.615000000000002,32.401318
2023-10-25,S005-P0020,Toys,156,128,33.34,28.615000000000002,125.9382
2023-10-26,S005-P0020,Toys,141,136,28.13,28.615000000000002,124.88142
2023-10-27,S005-P0020,Toys,116,145,31.35,28.615000000000002,142.29282
2023-10-28,S005-P0020,Toys,107,171,30.51,28.615000000000002,106.6577
2023-10-29,S005-P0020,Toys,31,193,24.35,28.615000000000002,108.90616
2023-10-30,S005-P0020,Toys,67,173,28.05,28.615000000000002,89.72884
2023-10-31,S005-P0020,Toys,36,101,23.61,28.615000000000002,88.17777
2023-11-01,S005-P0020,Toys,36,115,22.38,28.615000000000002,87.266594
2023-11-02,S005-P0020,Toys,72,74,24.25,28.615000000000002,140.4477
2023-11-03,S005-P0020,Toys,111,73,27.72,28.615000000000002,117.66223
2023-11-04,S005-P0020,Toys,101,112,31.55,28.615000000000002,81.87872
2023-11-05,S005-P0020,Toys,88,108,28.66,28.615000000000002,84.29366
2023-11-06,S005-P0020,Toys,75,127,27.32,28.615000000000002,82.78791
2023-11-07,S005-P0020,Toys,136,101,31.6,28.615000000000002,81.34339
2023-11-08,S005-P0020,Toys,110,150,30.88,28.615000000000002,107.49237
2023-11-09,S005-P0020,Toys,91,189,27.5,28.615000000000002,85.10157
2023-11-10,S005-P0020,Toys,86,82,28.46,28.615000000000002,118.48726
2023-11-11,S005-P0020,Toys,83,108,29.68,28.615000000000002,86.91845
2023-11-12,S005-P0020,Toys,98,130,28.08,28.615000000000002,88.99906
2023-11-13,S005-P0020,Toys,85,126,29.85,28.615000000000002,95.95807
2023-11-14,S005-P0020,Toys,76,138,27.52,28.615000000000002,86.37165
2023-11-15,S005-P0020,Toys,59,142,21.8,28.615000000000002,111.98036
2023-11-16,S005-P0020,Toys,98,91,31.19,28.615000000000002,95.19288
2023-11-17,S005-P0020,Toys,134,121,27.99,28.615000000000002,111.331184
2023-11-18,S005-P0020,Toys,47,120,25.96,28.615000000000002,81.61487
2023-11-19,S005-P0020,Toys,39,123,23.85,28.615000000000002,106.73742
2023-11-20,S005-P0020,Toys,68,80,28.09,28.615000000000002,86.76584
2023-11-21,S005-P0020,Toys,80,77,26.32,28.615000000000002,142.73627
2023-11-22,S005-P0020,Toys,68,116,29.57,28.615000000000002,99.07621
2023-11-23,S005-P0020,Toys,83,132,28.15,28.615000000000002,85.10157
2023-11-24,S005-P0020,Toys,124,130,35.69,28.615000000000002,99.60832
2023-11-25,S005-P0020,Toys,76,123,27.45,28.615000000000002,111.52165
2023-11-26,S005-P0020,Toys,95,123,27.85,28.615000000000002,143.31302
2023-11-27,S005-P0020,Toys,40,128,19.94,28.615000000000002,140.89667
2023-11-28,S005-P0020,Toys,75,89,24.29,28.615000000000002,117.53571
2023-11-29,S005-P0020,Toys,65,84,27.86,28.615000000000002,108.483406
2023-11-30,S005-P0020,Toys,70,83,28.35,28.615000000000002,96.278114
2023-12-01,S005-P0020,Toys,35,93,23.41,28.615000000000002,107.17347
2023-12-02,S005-P0020,Toys,103,111,26.74,28.615000000000002,124.89501
2023-12-03,S005-P0020,Toys,80,90,26.4,28.615000000000002,98.14435
2023-12-04,S005-P0020,Toys,85,77,23.57,28.615000000000002,127.95954
2023-12-05,S005-P0020,Toys,151,89,30.9,28.615000000000002,124.73307
2023-12-06,S005-P0020,Toys,48,178,23.32,28.615000000000002,136.60095
2023-12-07,S005-P0020,Toys,69,129,28.21,28.615000000000002,97.58787
2023-12-08,S005-P0020,Toys,116,152,26.1,28.615000000000002,127.87516
2023-12-09,S005-P0020,Toys,48,175,20.62,28.615000000000002,113.61643
2023-12-10,S005-P0020,Toys,77,125,29.04,28.615000000000002,88.019936
2023-12-11,S005-P0020,Toys,67,156,22.47,28.615000000000002,116.466866
2023-12-12,S005-P0020,Toys,62,76,26.11,28.615000000000002,105.08544
2023-12-13,S005-P0020,Toys,96,89,29.43,28.615000000000002,105.85056
2023-12-14,S005-P0020,Toys,85,105,29.85,28.615000000000002,105.48038
2023-12-15,S005-P0020,Toys,116,82,31.32,28.615000000000002,89.02729
2023-12-16,S005-P0020,Toys,149,95,32.87,28.615000000000002,97.1157
2023-12-17,S005-P0020,Toys,93,164,32.3,28.615000000000002,99.0617
2023-12-18,S005-P0020,Toys,157,157,33.58,28.615000000000002,128.358
2023-12-19,S005-P0020,Toys,91,183,29.02,28.615000000000002,105.08544
2023-12-20,S005-P0020,Toys,117,109,31.55,28.615000000000002,88.866234
2023-12-21,S005-P0020,Toys,77,159,29.12,28.615000000000002,104.94919
2023-12-22,S005-P0020,Toys,115,80,26.07,28.615000000000002,138.06082
2023-12-23,S005-P0020,Toys,129,137,32.59,28.615000000000002,114.54301
2023-12-24,S005-P0020,Toys,84,147,31.34,28.615000000000002,107.33546
2023-12-25,S005-P0020,Toys,95,123,32.6,28.615000000000002,90.70507
2023-12-26,S005-P0020,Toys,93,134,30.71,28.615000000000002,87.96555
2023-12-27,S005-P0020,Toys,40,158,25.25,28.615000000000002,30.749197
2023-12-28,S005-P0020,Toys,28,126,23.97,28.615000000000002,37.299694
2023-12-29,S005-P0020,Toys,10,107,22.15,28.615000000000002,38.98852
2023-12-30,S005-P0020,Toys,35,99,23.45,28.615000000000002,29.598557
2023-12-31,S005-P0020,Toys,18,127,21.83,28.615000000000002,36.67944
2024-01-01,S005-P0020,Toys,16,107,22.74,28.615000000000002,32.672386
2024-01-02,S005-P0020,Toys,53,93,23.94,28.615000000000002,46.597385
2024-01-03,S005-P0020,Toys,25,87,22.55,28.615000000000002,31.80776
2024-01-04,S005-P0020,Toys,10,111,22.14,28.615000000000002,27.133268
2024-01-05,S005-P0020,Toys,39,102,18.9,28.615000000000002,52.441563
2024-01-06,S005-P0020,Toys,59,106,24.53,28.615000000000002,46.79427
2024-01-07,S005-P0020,Toys,34,111,23.29,28.615000000000002,29.869997
2024-01-08,S005-P0020,Toys,14,76,20.32,28.615000000000002,47.333317
2024-01-09,S005-P0020,Toys,125,111,34.01,28.615000000000002,86.69934
2024-01-10,S005-P0020,Toys,83,135,28.21,28.615000000000002,87.64088
2024-01-11,S005-P0020,Toys,80,157,29.38,28.615000000000002,85.304665
2024-01-12,S005-P0020,Toys,79,72,26.32,28.615000000000002,97.00735
2024-01-13,S005-P0020,Toys,116,90,31.4,28.615000000000002,104.62146
2024-01-14,S005-P0020,Toys,116,152,27.9,28.615000000000002,113.4616
2024-01-15,S005-P0020,Toys,73,158,27.1,28.615000000000002,96.99481
2024-01-16,S005-P0020,Toys,89,102,28.78,28.615000000000002,86.69934
2024-01-17,S005-P0020,Toys,108,114,32.3,28.615000000000002,96.025604
2024-01-18,S005-P0020,Toys,169,134,32.76,28.615000000000002,134.28545
2024-01-19,S005-P0020,Toys,68,225,28.11,28.615000000000002,88.641716
2024-01-20,S005-P0020,Toys,117,170,29.85,28.615000000000002,104.25216
2024-01-21,S005-P0020,Toys,68,181,23.89,28.615000000000002,125.15161
2024-01-22,S005-P0020,Toys,112,121,27.78,28.615000000000002,135.56288
2024-01-23,S005-P0020,Toys,97,133,29.56,28.615000000000002,86.69934
2024-01-24,S005-P0020,Toys,121,110,26.86,28.615000000000002,124.94629
2024-01-25,S005-P0020,Toys,63,164,24.89,28.615000000000002,101.99277
2024-01-26,S005-P0020,Toys,134,99,34.99,28.615000000000002,97.46987
2024-01-27,S005-P0020,Toys,38,133,22.55,28.615000000000002,86.84512
2024-01-28,S005-P0020,Toys,130,105,30.87,28.615000000000002,125.15161
2024-01-29,S005-P0020,Toys,105,144,31.95,28.615000000000002,97.06104
2024-01-30,S005-P0020,Toys,73,126,25.78,28.615000000000002,86.50118
