data,sku,categoria,demanda,estoque,preco,preco_ref,pred
2023-10-03,S001-P0001,Electronics,72,100,69.78,66.465,94.60616
2023-10-04,S001-P0001,Electronics,90,335,70.52,66.465,96.64373
2023-10-05,S001-P0001,Electronics,78,236,64.25,66.465,93.611275
2023-10-06,S001-P0001,Electronics,80,186,61.29,66.465,93.55178
2023-10-07,S001-P0001,Electronics,58,289,56.62,66.465,54.284996
2023-10-08,S001-P0001,Electronics,23,239,51.89,66.465,52.103382
2023-10-09,S001-P0001,Electronics,44,220,50.11,66.465,55.967358
2023-10-10,S001-P0001,Electronics,43,178,56.24,66.465,43.692745
2023-10-11,S001-P0001,Electronics,82,126,68.63,66.465,43.208572
2023-10-12,S001-P0001,Electronics,49,132,45.63,66.465,69.34755
2023-10-13,S001-P0001,Electronics,38,279,55.13,66.465,48.77013
2023-10-14,S001-P0001,Electronics,34,245,54.3,66.465,49.803844
2023-10-15,S001-P0001,Electronics,28,220,52.8,66.465,46.791897
2023-10-16,S001-P0001,Electronics,46,196,63.18,66.465,45.207596
2023-10-17,S001-P0001,Electronics,66,168,61.48,66.465,56.02605
2023-10-18,S001-P0001,Electronics,20,126,48.5,66.465,45.911324
2023-10-19,S001-P0001,Electronics,53,229,46.32,66.465,56.50107
2023-10-20,S001-P0001,Electronics,77,167,60.71,66.465,50.67709
2023-10-21,S001-P0001,Electronics,36,78,51.79,66.465,44.49856
2023-10-22,S001-P0001,Electronics,47,214,57.28,66.465,46.200024
2023-10-23,S001-P0001,Electronics,101,171,61.6,66.465,56.598736
2023-10-24,S001-P0001,Electronics,53,62,61.7,66.465,51.237633
2023-10-25,S001-P0001,Electronics,152,182,76.92,66.465,117.82746
2023-10-26,S001-P0001,Electronics,106,68,55.83,66.465,127.61401
2023-10-27,S001-P0001,Electronics,143,288,78.95,66.465,96.61
2023-10-28,S001-P0001,Electronics,114,143,80.26,66.465,99.31999
2023-10-29,S001-P0001,Electronics,162,285,87.76,66.465,99.01841
2023-10-30,S001-P0001,Electronics,109,181,75.22,66.465,105.5985
2023-10-31,S001-P0001,Electronics,66,393,68.12,66.465,105.61463
2023-11-01,S001-P0001,Electronics,99,346,54.56,66.465,134.42503
2023-11-02,S001-P0001,Electronics,128,245,83.79,66.465,102.65957
2023-11-03,S001-P0001,Electronics,137,102,65.53,66.465,133.42047
2023-11-04,S001-P0001,Electronics,120,269,73.56,66.465,105.78461
2023-11-05,S001-P0001,Electronics,105,444,70.31,66.465,106.68208
2023-11-06,S001-P0001,Electronics,97,354,76.05,66.465,108.07278
2023-11-07,S001-P0001,Electronics,99,255,65.04,66.465,136.83186
2023-11-08,S001-P0001,Electronics,144,187,71.06,66.465,136.67996
2023-11-09,S001-P0001,Electronics,117,259,81.04,66.465,106.16689
2023-11-10,S001-P0001,Electronics,77,450,70.95,66.465,107.32667
2023-11-11,S001-P0001,Electronics,91,394,74.61,66.465,103.3067
2023-11-12,S001-P0001,Electronics,95,308,64.26,66.465,135.35951
2023-11-13,S001-P0001,Electronics,35,227,45.27,66.465,132.84314
2023-11-14,S001-P0001,Electronics,122,196,74.19,66.465,103.59222
2023-11-15,S001-P0001,Electronics,90,99,63.41,66.465,102.50753
2023-11-16,S001-P0001,Electronics,164,276,66.28,66.465,130.81358
2023-11-17,S001-P0001,Electronics,102,90,69.56,66.465,102.98051
2023-11-18,S001-P0001,Electronics,106,269,62.72,66.465,134.28722
2023-11-19,S001-P0001,Electronics,127,199,79.47,66.465,101.54583
2023-11-20,S001-P0001,Electronics,132,314,72.66,66.465,136.5173
2023-11-21,S001-P0001,Electronics,56,192,56.23,66.465,104.56861
2023-11-22,S001-P0001,Electronics,100,430,65.68,66.465,105.598
2023-11-23,S001-P0001,Electronics,71,324,66.1,66.465,101.38299
2023-11-24,S001-P0001,Electronics,56,244,62.5,66.465,99.3892
2023-11-25,S001-P0001,Electronics,107,210,78.53,66.465,95.39628
2023-11-26,S001-P0001,Electronics,148,94,71.06,66.465,122.70216
2023-11-27,S001-P0001,Electronics,88,196,73.78,66.465,96.46485
2023-11-28,S001-P0001,Electronics,139,347,82.38,66.465,97.739815
2023-11-29,S001-P0001,Electronics,148,240,89.0,66.465,98.965294
2023-11-30,S001-P0001,Electronics,99,443,72.7,66.465,102.72527
2023-12-01,S001-P0001,Electronics,109,326,79.16,66.465,102.66515
2023-12-02,S001-P0001,Electronics,160,202,74.29,66.465,132.90982
2023-12-03,S001-P0001,Electronics,119,43,73.4,66.465,106.11161
2023-12-04,S001-P0001,Electronics,73,275,59.94,66.465,134.18956
2023-12-05,S001-P0001,Electronics,24,407,54.67,66.465,107.134094
2023-12-06,S001-P0001,Electronics,142,385,74.73,66.465,98.86688
2023-12-07,S001-P0001,Electronics,131,264,84.62,66.465,103.774956
2023-12-08,S001-P0001,Electronics,147,165,79.68,66.465,133.30333
2023-12-09,S001-P0001,Electronics,99,237,65.53,66.465,106.23909
2023-12-10,S001-P0001,Electronics,127,129,62.63,66.465,132.60199
2023-12-11,S001-P0001,Electronics,67,199,65.11,66.465,107.39429
2023-12-12,S001-P0001,Electronics,161,422,78.41,66.465,130.53337
2023-12-13,S001-P0001,Electronics,40,279,52.83,66.465,103.50154
2023-12-14,S001-P0001,Electronics,75,232,63.56,66.465,104.670555
2023-12-15,S001-P0001,Electronics,69,151,58.53,66.465,124.07685
2023-12-16,S001-P0001,Electronics,70,267,59.21,66.465,98.89643
2023-12-17,S001-P0001,Electronics,36,220,57.75,66.465,95.80053
2023-12-18,S001-P0001,Electronics,109,194,71.38,66.465,87.80289
2023-12-19,S001-P0001,Electronics,118,67,69.63,66.465,93.51112
2023-12-20,S001-P0001,Electronics,104,235,74.02,66.465,95.21804
2023-12-21,S001-P0001,Electronics,136,412,73.32,66.465,95.06536
2023-12-22,S001-P0001,Electronics,64,255,67.67,66.465,99.92578
2023-12-23,S001-P0001,Electronics,89,184,70.41,66.465,99.60745
2023-12-24,S001-P0001,Electronics,147,112,66.4,66.465,122.75346
2023-12-25,S001-P0001,Electronics,72,206,55.88,66.465,130.28252
2023-12-26,S001-P0001,Electronics,132,422,60.45,66.465,125.278404
2023-12-27,S001-P0001,Electronics,51,303,51.49,66.465,77.04601
2023-12-28,S001-P0001,Electronics,73,261,63.06,66.465,64.786194
2023-12-29,S001-P0001,Electronics,90,183,70.67,66.465,60.367245
2023-12-30,S001-P0001,Electronics,54,104,61.96,66.465,69.159096
2023-12-31,S001-P0001,Electronics,60,259,63.43,66.465,63.6003
2024-01-01,S001-P0001,Electronics,62,216,63.94,66.465,59.605793
2024-01-02,S001-P0001,Electronics,31,150,56.35,66.465,59.839222
2024-01-03,S001-P0001,Electronics,52,230,54.9,66.465,64.370834
2024-01-04,S001-P0001,Electronics,47,173,50.78,66.465,61.361416
2024-01-05,S001-P0001,Electronics,71,127,59.46,66.465,46.437183
2024-01-06,S001-P0001,Electronics,52,186,46.04,66.465,68.13999
2024-01-07,S001-P0001,Electronics,71,297,66.0,66.465,51.73885
2024-01-08,S001-P0001,Electronics,28,224,46.91,66.465,66.71783
2024-01-09,S001-P0001,Electronics,75,192,66.86,66.465,93.77285
2024-01-10,S001-P0001,Electronics,98,117,65.22,66.465,92.200386
2024-01-11,S001-P0001,Electronics,141,198,65.28,66.465,125.03236
2024-01-12,S001-P0001,Electronics,83,227,68.78,66.465,97.50578
2024-01-13,S001-P0001,Electronics,111,466,64.28,66.465,128.9162
2024-01-14,S001-P0001,Electronics,74,337,63.17,66.465,98.87771
2024-01-15,S001-P0001,Electronics,114,254,68.71,66.465,100.8547
2024-01-16,S001-P0001,Electronics,31,164,53.71,66.465,96.505455
2024-01-17,S001-P0001,Electronics,88,394,63.1,66.465,94.478676
2024-01-18,S001-P0001,Electronics,86,327,69.59,66.465,89.2028
2024-01-19,S001-P0001,Electronics,90,273,55.71,66.465,117.19455
2024-01-20,S001-P0001,Electronics,141,196,78.34,66.465,89.12621
2024-01-21,S001-P0001,Electronics,109,218,60.17,66.465,124.669266
2024-01-22,S001-P0001,Electronics,218,372,90.63,66.465,126.847885
2024-01-23,S001-P0001,Electronics,68,135,68.85,66.465,102.876045
2024-01-24,S001-P0001,Electronics,98,441,58.06,66.465,134.56276
2024-01-25,S001-P0001,Electronics,137,325,77.43,66.465,95.549
2024-01-26,S001-P0001,Electronics,72,237,69.69,66.465,104.40525
2024-01-27,S001-P0001,Electronics,99,471,72.78,66.465,101.39953
2024-01-28,S001-P0001,Electronics,139,371,82.25,66.465,104.387146
2024-01-29,S001-P0001,Electronics,112,259,79.88,66.465,104.900345
2024-01-30,S001-P0001,Electronics,111,383,71.56,66.465,105.79282
2023-10-03,S001-P0002,Clothing,64,104,49.65,66.89500000000001,134.7823
2023-10-04,S001-P0002,Clothing,242,92,86.92,66.89500000000001,131.3916
2023-10-05,S001-P0002,Clothing,185,256,66.94,66.89500000000001,143.32092
2023-10-06,S001-P0002,Clothing,97,82,65.62,66.89500000000001,114.763
2023-10-07,S001-P0002,Clothing,67,86,59.19,66.89500000000001,80.98519
2023-10-08,S001-P0002,Clothing,191,99,81.63,66.89500000000001,96.45666
2023-10-09,S001-P0002,Clothing,128,194,72.45,66.89500000000001,85.07161
2023-10-10,S001-P0002,Clothing,161,180,79.66,66.89500000000001,89.81042
2023-10-11,S001-P0002,Clothing,110,259,72.12,66.89500000000001,95.65436
2023-10-12,S001-P0002,Clothing,141,174,75.24,66.89500000000001,96.19041
2023-10-13,S001-P0002,Clothing,95,149,65.21,66.89500000000001,102.72024
2023-10-14,S001-P0002,Clothing,184,200,80.23,66.89500000000001,126.582664
2023-10-15,S001-P0002,Clothing,114,279,69.35,66.89500000000001,106.24371
2023-10-16,S001-P0002,Clothing,54,156,59.31,66.89500000000001,104.26702
2023-10-17,S001-P0002,Clothing,80,98,52.62,66.89500000000001,120.61617
2023-10-18,S001-P0002,Clothing,156,141,66.15,66.89500000000001,110.57144
2023-10-19,S001-P0002,Clothing,43,197,56.77,66.89500000000001,95.84334
2023-10-20,S001-P0002,Clothing,154,164,78.06,66.89500000000001,93.33483
2023-10-21,S001-P0002,Clothing,90,198,60.7,66.89500000000001,100.471535
2023-10-22,S001-P0002,Clothing,106,138,67.62,66.89500000000001,99.17164
2023-10-23,S001-P0002,Clothing,153,124,61.49,66.89500000000001,126.63769
2023-10-24,S001-P0002,Clothing,89,184,63.95,66.89500000000001,103.86689
2023-10-25,S001-P0002,Clothing,185,123,80.28,66.89500000000001,161.27988
2023-10-26,S001-P0002,Clothing,144,201,56.96,66.89500000000001,166.72139
2023-10-27,S001-P0002,Clothing,66,191,55.89,66.89500000000001,130.38326
2023-10-28,S001-P0002,Clothing,192,123,82.05,66.89500000000001,125.34278
2023-10-29,S001-P0002,Clothing,92,181,68.08,66.89500000000001,126.95936
2023-10-30,S001-P0002,Clothing,91,85,60.99,66.89500000000001,128.06377
2023-10-31,S001-P0002,Clothing,61,81,52.09,66.89500000000001,125.04691
2023-11-01,S001-P0002,Clothing,87,75,63.54,66.89500000000001,122.654236
2023-11-02,S001-P0002,Clothing,61,99,60.86,66.89500000000001,116.976204
2023-11-03,S001-P0002,Clothing,95,116,55.51,66.89500000000001,141.33913
2023-11-04,S001-P0002,Clothing,85,122,66.39,66.89500000000001,108.673256
2023-11-05,S001-P0002,Clothing,94,168,65.12,66.89500000000001,110.236275
2023-11-06,S001-P0002,Clothing,97,64,69.14,66.89500000000001,105.820274
2023-11-07,S001-P0002,Clothing,153,114,58.47,66.89500000000001,131.47194
2023-11-08,S001-P0002,Clothing,19,140,46.11,66.89500000000001,130.61922
2023-11-09,S001-P0002,Clothing,99,120,66.07,66.89500000000001,106.31878
2023-11-10,S001-P0002,Clothing,111,122,65.08,66.89500000000001,127.76761
2023-11-11,S001-P0002,Clothing,115,108,55.64,66.89500000000001,130.4278
2023-11-12,S001-P0002,Clothing,157,103,70.87,66.89500000000001,128.7557
2023-11-13,S001-P0002,Clothing,147,184,76.66,66.89500000000001,104.07906
2023-11-14,S001-P0002,Clothing,113,267,69.18,66.89500000000001,105.363716
2023-11-15,S001-P0002,Clothing,104,158,52.99,66.89500000000001,134.76428
2023-11-16,S001-P0002,Clothing,66,137,59.0,66.89500000000001,105.172226
2023-11-17,S001-P0002,Clothing,139,92,74.88,66.89500000000001,105.218414
2023-11-18,S001-P0002,Clothing,119,115,59.33,66.89500000000001,132.36017
2023-11-19,S001-P0002,Clothing,92,151,64.59,66.89500000000001,102.03587
2023-11-20,S001-P0002,Clothing,21,166,38.87,66.89500000000001,128.2828
2023-11-21,S001-P0002,Clothing,180,149,79.31,66.89500000000001,98.017365
2023-11-22,S001-P0002,Clothing,116,204,73.55,66.89500000000001,104.38004
2023-11-23,S001-P0002,Clothing,54,71,59.28,66.89500000000001,106.35147
2023-11-24,S001-P0002,Clothing,68,79,53.34,66.89500000000001,102.6508
2023-11-25,S001-P0002,Clothing,75,100,57.6,66.89500000000001,130.80367
2023-11-26,S001-P0002,Clothing,131,102,77.0,66.89500000000001,96.26272
2023-11-27,S001-P0002,Clothing,121,131,70.87,66.89500000000001,102.19508
2023-11-28,S001-P0002,Clothing,58,153,54.34,66.89500000000001,97.70666
2023-11-29,S001-P0002,Clothing,62,87,55.26,66.89500000000001,101.92094
2023-11-30,S001-P0002,Clothing,165,107,80.57,66.89500000000001,100.68542
2023-12-01,S001-P0002,Clothing,156,189,58.96,66.89500000000001,135.84319
2023-12-02,S001-P0002,Clothing,83,276,59.27,66.89500000000001,104.157486
2023-12-03,S001-P0002,Clothing,78,213,58.57,66.89500000000001,104.88238
2023-12-04,S001-P0002,Clothing,191,142,81.66,66.89500000000001,132.06071
2023-12-05,S001-P0002,Clothing,127,161,72.28,66.89500000000001,108.91309
2023-12-06,S001-P0002,Clothing,114,178,69.37,66.89500000000001,107.93105
2023-12-07,S001-P0002,Clothing,154,161,74.11,66.89500000000001,106.267746
2023-12-08,S001-P0002,Clothing,129,164,72.69,66.89500000000001,112.830894
2023-12-09,S001-P0002,Clothing,95,190,61.96,66.89500000000001,115.17232
2023-12-10,S001-P0002,Clothing,143,81,71.91,66.89500000000001,114.42616
2023-12-11,S001-P0002,Clothing,43,166,56.75,66.89500000000001,114.03756
2023-12-12,S001-P0002,Clothing,130,125,69.05,66.89500000000001,142.2412
2023-12-13,S001-P0002,Clothing,177,152,78.71,66.89500000000001,112.28843
2023-12-14,S001-P0002,Clothing,111,158,65.27,66.89500000000001,115.99103
2023-12-15,S001-P0002,Clothing,188,175,85.49,66.89500000000001,115.59123
2023-12-16,S001-P0002,Clothing,66,193,62.11,66.89500000000001,119.16788
2023-12-17,S001-P0002,Clothing,107,129,67.87,66.89500000000001,124.074036
2023-12-18,S001-P0002,Clothing,170,151,81.66,66.89500000000001,121.03373
2023-12-19,S001-P0002,Clothing,133,213,77.44,66.89500000000001,123.36652
2023-12-20,S001-P0002,Clothing,206,68,79.92,66.89500000000001,149.25133
2023-12-21,S001-P0002,Clothing,184,213,80.27,66.89500000000001,159.82486
2023-12-22,S001-P0002,Clothing,148,239,68.75,66.89500000000001,159.48923
2023-12-23,S001-P0002,Clothing,131,100,62.11,66.89500000000001,158.19273
2023-12-24,S001-P0002,Clothing,127,132,61.43,66.89500000000001,156.38078
2023-12-25,S001-P0002,Clothing,64,113,61.52,66.89500000000001,124.49564
2023-12-26,S001-P0002,Clothing,154,106,74.03,66.89500000000001,120.24645
2023-12-27,S001-P0002,Clothing,96,170,51.68,66.89500000000001,103.89345
2023-12-28,S001-P0002,Clothing,150,78,61.74,66.89500000000001,108.88585
2023-12-29,S001-P0002,Clothing,253,177,99.66,66.89500000000001,87.105804
2023-12-30,S001-P0002,Clothing,97,210,62.13,66.89500000000001,108.992134
2023-12-31,S001-P0002,Clothing,141,121,75.21,66.89500000000001,112.675514
2024-01-01,S001-P0002,Clothing,105,149,57.3,66.89500000000001,136.68619
2024-01-02,S001-P0002,Clothing,172,145,77.85,66.89500000000001,117.06313
2024-01-03,S001-P0002,Clothing,156,203,70.58,66.89500000000001,137.50925
2024-01-04,S001-P0002,Clothing,115,165,66.2,66.89500000000001,119.0144
2024-01-05,S001-P0002,Clothing,62,156,55.01,66.89500000000001,111.153404
2024-01-06,S001-P0002,Clothing,157,110,74.57,66.89500000000001,111.49334
2024-01-07,S001-P0002,Clothing,132,157,62.39,66.89500000000001,135.0157
2024-01-08,S001-P0002,Clothing,172,131,77.67,66.89500000000001,115.65441
2024-01-09,S001-P0002,Clothing,73,158,54.47,66.89500000000001,133.84138
2024-01-10,S001-P0002,Clothing,147,86,76.49,66.89500000000001,138.96674
2024-01-11,S001-P0002,Clothing,111,147,65.25,66.89500000000001,133.21848
2024-01-12,S001-P0002,Clothing,131,169,73.1,66.89500000000001,134.73024
2024-01-13,S001-P0002,Clothing,103,191,70.62,66.89500000000001,128.4059
2024-01-14,S001-P0002,Clothing,119,102,67.02,66.89500000000001,131.95592
2024-01-15,S001-P0002,Clothing,123,111,56.35,66.89500000000001,156.24074
2024-01-16,S001-P0002,Clothing,153,104,65.64,66.89500000000001,160.9245
2024-01-17,S001-P0002,Clothing,115,179,65.95,66.89500000000001,121.422905
2024-01-18,S001-P0002,Clothing,134,200,73.82,66.89500000000001,126.015976
2024-01-19,S001-P0002,Clothing,39,187,50.26,66.89500000000001,122.93449
2024-01-20,S001-P0002,Clothing,120,145,60.02,66.89500000000001,156.71161
2024-01-21,S001-P0002,Clothing,121,145,70.84,66.89500000000001,114.33533
2024-01-22,S001-P0002,Clothing,147,198,76.48,66.89500000000001,120.571815
2024-01-23,S001-P0002,Clothing,71,226,56.87,66.89500000000001,117.64521
2024-01-24,S001-P0002,Clothing,150,142,65.73,66.89500000000001,150.0728
2024-01-25,S001-P0002,Clothing,91,164,48.2,66.89500000000001,146.90518
2024-01-26,S001-P0002,Clothing,144,67,71.85,66.89500000000001,148.31873
2024-01-27,S001-P0002,Clothing,125,156,56.71,66.89500000000001,142.831
2024-01-28,S001-P0002,Clothing,114,210,73.11,66.89500000000001,115.83254
2024-01-29,S001-P0002,Clothing,64,111,61.6,66.89500000000001,112.56121
2024-01-30,S001-P0002,Clothing,119,136,70.55,66.89500000000001,113.15427
2023-10-03,S001-P0003,Clothing,86,101,56.17,55.055,103.05292
2023-10-04,S001-P0003,Clothing,99,399,55.75,55.055,104.72834
2023-10-05,S001-P0003,Clothing,148,298,55.02,55.055,132.58018
2023-10-06,S001-P0003,Clothing,174,889,65.82,55.055,137.96028
2023-10-07,S001-P0003,Clothing,67,734,47.35,55.055,73.134964
2023-10-08,S001-P0003,Clothing,114,662,58.43,55.055,75.107574
2023-10-09,S001-P0003,Clothing,87,577,48.14,55.055,99.83357
2023-10-10,S001-P0003,Clothing,145,513,67.48,55.055,78.62995
2023-10-11,S001-P0003,Clothing,191,397,65.37,55.055,117.777466
2023-10-12,S001-P0003,Clothing,76,242,54.17,55.055,94.38846
2023-10-13,S001-P0003,Clothing,57,175,48.09,55.055,92.17161
2023-10-14,S001-P0003,Clothing,67,784,49.95,55.055,89.58377
2023-10-15,S001-P0003,Clothing,80,726,49.7,55.055,86.85301
2023-10-16,S001-P0003,Clothing,76,663,51.49,55.055,87.62472
2023-10-17,S001-P0003,Clothing,230,591,59.82,55.055,102.20164
2023-10-18,S001-P0003,Clothing,108,320,45.26,55.055,122.01904
2023-10-19,S001-P0003,Clothing,114,227,43.92,55.055,117.73801
2023-10-20,S001-P0003,Clothing,150,101,61.81,55.055,91.686104
2023-10-21,S001-P0003,Clothing,140,818,60.13,55.055,95.849014
2023-10-22,S001-P0003,Clothing,105,681,56.78,55.055,103.51524
2023-10-23,S001-P0003,Clothing,167,557,57.45,55.055,125.67674
2023-10-24,S001-P0003,Clothing,80,374,55.02,55.055,104.616585
2023-10-25,S001-P0003,Clothing,150,295,58.29,55.055,160.01315
2023-10-26,S001-P0003,Clothing,87,140,56.38,55.055,130.09555
2023-10-27,S001-P0003,Clothing,82,741,52.59,55.055,123.72772
2023-10-28,S001-P0003,Clothing,131,686,61.65,55.055,120.538956
2023-10-29,S001-P0003,Clothing,174,591,65.98,55.055,121.2379
2023-10-30,S001-P0003,Clothing,86,455,53.36,55.055,120.09988
2023-10-31,S001-P0003,Clothing,106,387,54.17,55.055,119.46093
2023-11-01,S001-P0003,Clothing,119,285,53.39,55.055,120.40658
2023-11-02,S001-P0003,Clothing,113,875,61.4,55.055,119.678825
2023-11-03,S001-P0003,Clothing,70,746,45.31,55.055,117.90142
2023-11-04,S001-P0003,Clothing,86,667,50.75,55.055,116.00072
2023-11-05,S001-P0003,Clothing,102,595,53.49,55.055,114.2799
2023-11-06,S001-P0003,Clothing,140,495,56.55,55.055,142.68938
2023-11-07,S001-P0003,Clothing,105,409,53.85,55.055,114.164955
2023-11-08,S001-P0003,Clothing,214,289,72.73,55.055,140.14497
2023-11-09,S001-P0003,Clothing,96,49,52.35,55.055,114.36725
2023-11-10,S001-P0003,Clothing,115,569,61.71,55.055,117.61903
2023-11-11,S001-P0003,Clothing,128,437,54.56,55.055,143.23447
2023-11-12,S001-P0003,Clothing,138,1242,49.68,55.055,146.01762
2023-11-13,S001-P0003,Clothing,159,1092,63.29,55.055,112.890656
2023-11-14,S001-P0003,Clothing,130,907,48.45,55.055,145.08493
2023-11-15,S001-P0003,Clothing,149,816,58.45,55.055,145.43037
2023-11-16,S001-P0003,Clothing,120,716,59.53,55.055,116.97466
2023-11-17,S001-P0003,Clothing,107,576,51.44,55.055,116.33384
2023-11-18,S001-P0003,Clothing,154,484,62.41,55.055,144.71509
2023-11-19,S001-P0003,Clothing,130,318,52.15,55.055,144.96458
2023-11-20,S001-P0003,Clothing,125,221,60.56,55.055,112.969696
2023-11-21,S001-P0003,Clothing,107,82,54.17,55.055,112.75608
2023-11-22,S001-P0003,Clothing,139,656,63.13,55.055,109.97593
2023-11-23,S001-P0003,Clothing,125,507,57.24,55.055,143.04935
2023-11-24,S001-P0003,Clothing,102,368,53.41,55.055,113.96739
2023-11-25,S001-P0003,Clothing,90,275,48.7,55.055,113.23373
2023-11-26,S001-P0003,Clothing,178,179,63.13,55.055,111.501884
2023-11-27,S001-P0003,Clothing,144,524,50.59,55.055,142.14107
2023-11-28,S001-P0003,Clothing,41,382,40.57,55.055,118.30642
2023-11-29,S001-P0003,Clothing,103,341,53.58,55.055,114.497246
2023-11-30,S001-P0003,Clothing,135,1032,56.13,55.055,112.59574
2023-12-01,S001-P0003,Clothing,227,888,63.42,55.055,141.019
2023-12-02,S001-P0003,Clothing,209,704,67.89,55.055,147.66348
2023-12-03,S001-P0003,Clothing,181,561,74.56,55.055,122.272766
2023-12-04,S001-P0003,Clothing,134,390,65.38,55.055,123.42776
2023-12-05,S001-P0003,Clothing,133,1069,55.85,55.055,123.5893
2023-12-06,S001-P0003,Clothing,183,941,56.96,55.055,157.04614
2023-12-07,S001-P0003,Clothing,123,722,60.14,55.055,127.96543
2023-12-08,S001-P0003,Clothing,92,629,51.71,55.055,124.03787
2023-12-09,S001-P0003,Clothing,162,534,57.15,55.055,152.24812
2023-12-10,S001-P0003,Clothing,201,408,55.83,55.055,156.31557
2023-12-11,S001-P0003,Clothing,203,195,67.3,55.055,127.282845
2023-12-12,S001-P0003,Clothing,181,31,55.9,55.055,157.68593
2023-12-13,S001-P0003,Clothing,130,586,61.44,55.055,131.84999
2023-12-14,S001-P0003,Clothing,133,434,65.25,55.055,131.68697
2023-12-15,S001-P0003,Clothing,71,1195,48.04,55.055,131.61862
2023-12-16,S001-P0003,Clothing,187,1147,61.06,55.055,159.76723
2023-12-17,S001-P0003,Clothing,114,957,55.46,55.055,127.81126
2023-12-18,S001-P0003,Clothing,176,866,55.19,55.055,157.0725
2023-12-19,S001-P0003,Clothing,129,706,58.01,55.055,159.27077
2023-12-20,S001-P0003,Clothing,179,588,66.9,55.055,130.32922
2023-12-21,S001-P0003,Clothing,192,467,65.56,55.055,129.01295
2023-12-22,S001-P0003,Clothing,162,328,67.27,55.055,135.84831
2023-12-23,S001-P0003,Clothing,134,183,59.04,55.055,134.90474
2023-12-24,S001-P0003,Clothing,135,903,59.02,55.055,137.2813
2023-12-25,S001-P0003,Clothing,100,809,55.92,55.055,135.49907
2023-12-26,S001-P0003,Clothing,91,701,48.83,55.055,133.63936
2023-12-27,S001-P0003,Clothing,128,646,51.4,55.055,107.0715
2023-12-28,S001-P0003,Clothing,183,554,67.36,55.055,99.437454
2023-12-29,S001-P0003,Clothing,153,346,62.13,55.055,105.06921
2023-12-30,S001-P0003,Clothing,80,233,49.5,55.055,116.14335
2023-12-31,S001-P0003,Clothing,4,183,40.36,55.055,110.528694
2024-01-01,S001-P0003,Clothing,104,914,59.56,55.055,93.58676
2024-01-02,S001-P0003,Clothing,126,792,54.56,55.055,91.34608
2024-01-03,S001-P0003,Clothing,175,646,69.7,55.055,105.078026
2024-01-04,S001-P0003,Clothing,78,499,54.54,55.055,108.631905
2024-01-05,S001-P0003,Clothing,161,438,53.02,55.055,131.30794
2024-01-06,S001-P0003,Clothing,188,314,54.04,55.055,133.63293
2024-01-07,S001-P0003,Clothing,108,948,57.4,55.055,117.01617
2024-01-08,S001-P0003,Clothing,108,830,54.28,55.055,130.0468
2024-01-09,S001-P0003,Clothing,54,757,45.1,55.055,132.26753
2024-01-10,S001-P0003,Clothing,124,725,45.24,55.055,159.79485
2024-01-11,S001-P0003,Clothing,168,598,54.7,55.055,155.154
2024-01-12,S001-P0003,Clothing,105,466,59.77,55.055,124.84285
2024-01-13,S001-P0003,Clothing,125,356,63.7,55.055,123.68571
2024-01-14,S001-P0003,Clothing,66,247,49.65,55.055,123.14041
2024-01-15,S001-P0003,Clothing,107,827,51.47,55.055,124.27681
2024-01-16,S001-P0003,Clothing,145,759,57.81,55.055,147.49944
2024-01-17,S001-P0003,Clothing,88,643,50.95,55.055,116.320305
2024-01-18,S001-P0003,Clothing,110,574,60.85,55.055,114.03292
2024-01-19,S001-P0003,Clothing,136,480,59.3,55.055,145.16544
2024-01-20,S001-P0003,Clothing,109,354,57.54,55.055,112.18354
2024-01-21,S001-P0003,Clothing,96,287,52.34,55.055,113.72654
2024-01-22,S001-P0003,Clothing,182,207,59.78,55.055,140.52766
2024-01-23,S001-P0003,Clothing,101,574,59.03,55.055,114.664955
2024-01-24,S001-P0003,Clothing,238,514,76.92,55.055,144.30505
2024-01-25,S001-P0003,Clothing,215,343,81.12,55.055,118.388016
2024-01-26,S001-P0003,Clothing,95,949,55.06,55.055,126.13566
2024-01-27,S001-P0003,Clothing,69,874,50.23,55.055,126.08082
2024-01-28,S001-P0003,Clothing,192,809,65.47,55.055,151.77954
2024-01-29,S001-P0003,Clothing,198,656,73.87,55.055,122.536224
2024-01-30,S001-P0003,Clothing,137,434,59.46,55.055,124.8115
2023-10-03,S001-P0004,Electronics,68,61,103.45,100.08500000000001,91.348946
2023-10-04,S001-P0004,Electronics,100,234,104.02,100.08500000000001,118.04977
2023-10-05,S001-P0004,Electronics,44,124,89.55,100.08500000000001,89.881195
2023-10-06,S001-P0004,Electronics,146,233,113.87,100.08500000000001,93.364685
2023-10-07,S001-P0004,Electronics,75,127,95.74,100.08500000000001,78.204315
2023-10-08,S001-P0004,Electronics,90,309,100.7,100.08500000000001,61.682842
2023-10-09,S001-P0004,Electronics,47,240,81.68,100.08500000000001,58.384052
2023-10-10,S001-P0004,Electronics,38,195,87.64,100.08500000000001,59.99947
2023-10-11,S001-P0004,Electronics,72,155,74.82,100.08500000000001,68.55334
2023-10-12,S001-P0004,Electronics,57,104,85.08,100.08500000000001,53.30516
2023-10-13,S001-P0004,Electronics,44,220,76.25,100.08500000000001,71.04194
2023-10-14,S001-P0004,Electronics,50,171,96.57,100.08500000000001,53.49361
2023-10-15,S001-P0004,Electronics,48,123,90.99,100.08500000000001,50.133457
2023-10-16,S001-P0004,Electronics,49,91,91.39,100.08500000000001,53.27628
2023-10-17,S001-P0004,Electronics,69,129,83.14,100.08500000000001,65.62725
2023-10-18,S001-P0004,Electronics,71,48,83.62,100.08500000000001,66.23612
2023-10-19,S001-P0004,Electronics,113,135,97.43,100.08500000000001,64.33392
2023-10-20,S001-P0004,Electronics,99,182,103.67,100.08500000000001,82.35099
2023-10-21,S001-P0004,Electronics,66,328,102.79,100.08500000000001,62.074703
2023-10-22,S001-P0004,Electronics,37,265,82.79,100.08500000000001,67.45591
2023-10-23,S001-P0004,Electronics,45,221,90.02,100.08500000000001,58.2942
2023-10-24,S001-P0004,Electronics,42,170,80.09,100.08500000000001,58.436497
2023-10-25,S001-P0004,Electronics,96,130,102.87,100.08500000000001,92.73604
2023-10-26,S001-P0004,Electronics,62,24,91.14,100.08500000000001,93.93223
2023-10-27,S001-P0004,Electronics,131,176,114.96,100.08500000000001,91.08265
2023-10-28,S001-P0004,Electronics,133,76,102.56,100.08500000000001,122.61251
2023-10-29,S001-P0004,Electronics,90,248,100.59,100.08500000000001,94.12861
2023-10-30,S001-P0004,Electronics,56,190,93.88,100.08500000000001,95.430824
2023-10-31,S001-P0004,Electronics,88,144,105.69,100.08500000000001,92.624
2023-11-01,S001-P0004,Electronics,114,90,90.79,100.08500000000001,121.388016
2023-11-02,S001-P0004,Electronics,66,174,97.79,100.08500000000001,92.29836
2023-11-03,S001-P0004,Electronics,94,320,102.06,100.08500000000001,91.46653
2023-11-04,S001-P0004,Electronics,104,249,93.62,100.08500000000001,118.78808
2023-11-05,S001-P0004,Electronics,115,139,97.04,100.08500000000001,119.454384
2023-11-06,S001-P0004,Electronics,94,313,102.19,100.08500000000001,95.8645
2023-11-07,S001-P0004,Electronics,92,223,101.48,100.08500000000001,94.35722
2023-11-08,S001-P0004,Electronics,118,167,97.98,100.08500000000001,119.54264
2023-11-09,S001-P0004,Electronics,141,260,112.27,100.08500000000001,94.08532
2023-11-10,S001-P0004,Electronics,88,92,100.09,100.08500000000001,96.45365
2023-11-11,S001-P0004,Electronics,132,292,109.14,100.08500000000001,122.992546
2023-11-12,S001-P0004,Electronics,108,167,107.04,100.08500000000001,96.795906
2023-11-13,S001-P0004,Electronics,112,316,120.3,100.08500000000001,98.88831
2023-11-14,S001-P0004,Electronics,95,184,108.07,100.08500000000001,100.72402
2023-11-15,S001-P0004,Electronics,110,84,119.31,100.08500000000001,100.10686
2023-11-16,S001-P0004,Electronics,48,161,82.13,100.08500000000001,100.22662
2023-11-17,S001-P0004,Electronics,49,335,91.59,100.08500000000001,101.37708
2023-11-18,S001-P0004,Electronics,103,283,99.95,100.08500000000001,119.57954
2023-11-19,S001-P0004,Electronics,212,219,118.76,100.08500000000001,120.73347
2023-11-20,S001-P0004,Electronics,63,59,91.63,100.08500000000001,96.831245
2023-11-21,S001-P0004,Electronics,98,497,98.32,100.08500000000001,101.29595
2023-11-22,S001-P0004,Electronics,109,429,113.18,100.08500000000001,99.14503
2023-11-23,S001-P0004,Electronics,81,331,86.68,100.08500000000001,130.53253
2023-11-24,S001-P0004,Electronics,94,251,85.05,100.08500000000001,125.4642
2023-11-25,S001-P0004,Electronics,84,185,98.88,100.08500000000001,98.760796
2023-11-26,S001-P0004,Electronics,116,121,103.97,100.08500000000001,95.60781
2023-11-27,S001-P0004,Electronics,126,203,112.95,100.08500000000001,97.69742
2023-11-28,S001-P0004,Electronics,98,82,92.82,100.08500000000001,128.07025
2023-11-29,S001-P0004,Electronics,122,243,117.73,100.08500000000001,101.52007
2023-11-30,S001-P0004,Electronics,125,143,112.49,100.08500000000001,100.39437
2023-12-01,S001-P0004,Electronics,90,293,84.02,100.08500000000001,132.58083
2023-12-02,S001-P0004,Electronics,114,235,115.05,100.08500000000001,101.26615
2023-12-03,S001-P0004,Electronics,20,108,76.95,100.08500000000001,104.093575
2023-12-04,S001-P0004,Electronics,82,277,98.33,100.08500000000001,100.157845
2023-12-05,S001-P0004,Electronics,133,225,115.23,100.08500000000001,123.251114
2023-12-06,S001-P0004,Electronics,152,131,102.98,100.08500000000001,126.94838
2023-12-07,S001-P0004,Electronics,87,213,100.11,100.08500000000001,99.71876
2023-12-08,S001-P0004,Electronics,99,432,109.44,100.08500000000001,99.45047
2023-12-09,S001-P0004,Electronics,78,333,101.93,100.08500000000001,97.673065
2023-12-10,S001-P0004,Electronics,93,252,107.4,100.08500000000001,100.51417
2023-12-11,S001-P0004,Electronics,101,172,88.33,100.08500000000001,122.599754
2023-12-12,S001-P0004,Electronics,151,68,121.63,100.08500000000001,123.385704
2023-12-13,S001-P0004,Electronics,90,214,106.25,100.08500000000001,97.19323
2023-12-14,S001-P0004,Electronics,85,468,104.43,100.08500000000001,100.06847
2023-12-15,S001-P0004,Electronics,104,377,105.84,100.08500000000001,96.96625
2023-12-16,S001-P0004,Electronics,109,261,84.82,100.08500000000001,126.521126
2023-12-17,S001-P0004,Electronics,85,187,99.34,100.08500000000001,96.04546
2023-12-18,S001-P0004,Electronics,155,341,136.43,100.08500000000001,98.9058
2023-12-19,S001-P0004,Electronics,110,217,113.45,100.08500000000001,98.416046
2023-12-20,S001-P0004,Electronics,64,458,96.82,100.08500000000001,102.7597
2023-12-21,S001-P0004,Electronics,152,403,122.38,100.08500000000001,102.819786
2023-12-22,S001-P0004,Electronics,99,284,82.23,100.08500000000001,136.76358
2023-12-23,S001-P0004,Electronics,55,171,89.06,100.08500000000001,105.41663
2023-12-24,S001-P0004,Electronics,213,136,120.47,100.08500000000001,127.61108
2023-12-25,S001-P0004,Electronics,119,0,104.93,100.08500000000001,136.54308
2023-12-26,S001-P0004,Electronics,107,472,106.81,100.08500000000001,111.41232
2023-12-27,S001-P0004,Electronics,36,398,91.28,100.08500000000001,73.972404
2023-12-28,S001-P0004,Electronics,63,371,77.38,100.08500000000001,80.38877
2023-12-29,S001-P0004,Electronics,39,305,87.74,100.08500000000001,59.4079
2023-12-30,S001-P0004,Electronics,42,269,80.14,100.08500000000001,55.254475
2023-12-31,S001-P0004,Electronics,48,228,86.21,100.08500000000001,50.801285
2024-01-01,S001-P0004,Electronics,19,190,72.65,100.08500000000001,49.57584
2024-01-02,S001-P0004,Electronics,46,169,81.27,100.08500000000001,45.643154
2024-01-03,S001-P0004,Electronics,38,138,92.32,100.08500000000001,44.617916
2024-01-04,S001-P0004,Electronics,13,106,74.63,100.08500000000001,43.355556
2024-01-05,S001-P0004,Electronics,55,96,88.72,100.08500000000001,39.571087
2024-01-06,S001-P0004,Electronics,19,33,76.51,100.08500000000001,41.45322
2024-01-07,S001-P0004,Electronics,49,145,86.6,100.08500000000001,40.741806
2024-01-08,S001-P0004,Electronics,79,101,86.31,100.08500000000001,49.629436
2024-01-09,S001-P0004,Electronics,105,39,100.39,100.08500000000001,84.36567
2024-01-10,S001-P0004,Electronics,100,145,115.57,100.08500000000001,91.32453
2024-01-11,S001-P0004,Electronics,149,217,101.97,100.08500000000001,124.4084
2024-01-12,S001-P0004,Electronics,140,110,117.73,100.08500000000001,128.06892
2024-01-13,S001-P0004,Electronics,151,259,128.34,100.08500000000001,102.068
2024-01-14,S001-P0004,Electronics,128,138,113.69,100.08500000000001,132.57957
2024-01-15,S001-P0004,Electronics,89,354,105.91,100.08500000000001,105.46327
2024-01-16,S001-P0004,Electronics,64,251,82.38,100.08500000000001,132.9376
2024-01-17,S001-P0004,Electronics,84,205,109.74,100.08500000000001,96.90526
2024-01-18,S001-P0004,Electronics,157,120,110.84,100.08500000000001,120.19582
2024-01-19,S001-P0004,Electronics,101,200,104.68,100.08500000000001,95.14347
2024-01-20,S001-P0004,Electronics,135,451,116.16,100.08500000000001,125.91302
2024-01-21,S001-P0004,Electronics,162,316,111.33,100.08500000000001,129.75923
2024-01-22,S001-P0004,Electronics,91,154,95.96,100.08500000000001,102.50835
2024-01-23,S001-P0004,Electronics,35,316,91.08,100.08500000000001,104.65824
2024-01-24,S001-P0004,Electronics,126,291,125.56,100.08500000000001,97.415825
2024-01-25,S001-P0004,Electronics,89,203,111.47,100.08500000000001,99.70051
2024-01-26,S001-P0004,Electronics,67,380,73.5,100.08500000000001,127.64862
2024-01-27,S001-P0004,Electronics,114,317,115.1,100.08500000000001,97.10015
2024-01-28,S001-P0004,Electronics,108,214,101.63,100.08500000000001,127.08343
2024-01-29,S001-P0004,Electronics,76,138,91.24,100.08500000000001,100.81612
2024-01-30,S001-P0004,Electronics,84,241,93.82,100.08500000000001,101.03536
2023-10-03,S001-P0005,Groceries,115,606,55.99,58.88,138.758
2023-10-04,S001-P0005,Groceries,113,519,62.26,58.88,105.69755
2023-10-05,S001-P0005,Groceries,137,410,70.35,58.88,106.40464
2023-10-06,S001-P0005,Groceries,88,256,54.36,58.88,103.55747
2023-10-07,S001-P0005,Groceries,49,163,49.75,58.88,74.975914
2023-10-08,S001-P0005,Groceries,66,589,53.03,58.88,67.20735
2023-10-09,S001-P0005,Groceries,97,546,47.34,58.88,83.318054
2023-10-10,S001-P0005,Groceries,53,476,40.34,58.88,84.505264
2023-10-11,S001-P0005,Groceries,54,428,50.68,58.88,65.50773
2023-10-12,S001-P0005,Groceries,102,386,53.7,58.88,81.17847
2023-10-13,S001-P0005,Groceries,79,318,47.19,58.88,89.497375
2023-10-14,S001-P0005,Groceries,153,251,52.49,58.88,87.263596
2023-10-15,S001-P0005,Groceries,50,159,47.37,58.88,74.479256
2023-10-16,S001-P0005,Groceries,114,446,55.9,58.88,98.067505
2023-10-17,S001-P0005,Groceries,56,363,51.01,58.88,77.4089
2023-10-18,S001-P0005,Groceries,37,964,42.69,58.88,75.94929
2023-10-19,S001-P0005,Groceries,109,935,61.35,58.88,68.611404
2023-10-20,S001-P0005,Groceries,66,854,53.01,58.88,76.28924
2023-10-21,S001-P0005,Groceries,80,794,50.22,58.88,75.17382
2023-10-22,S001-P0005,Groceries,128,709,52.11,58.88,97.91853
2023-10-23,S001-P0005,Groceries,75,621,41.1,58.88,106.75913
2023-10-24,S001-P0005,Groceries,44,541,43.82,58.88,95.230255
2023-10-25,S001-P0005,Groceries,93,501,58.28,58.88,110.20004
2023-10-26,S001-P0005,Groceries,79,403,55.55,58.88,103.52188
2023-10-27,S001-P0005,Groceries,168,313,65.6,58.88,103.75637
2023-10-28,S001-P0005,Groceries,136,207,70.26,58.88,101.95056
2023-10-29,S001-P0005,Groceries,125,73,64.57,58.88,105.833374
2023-10-30,S001-P0005,Groceries,178,350,74.97,58.88,105.876656
2023-10-31,S001-P0005,Groceries,86,1042,53.94,58.88,114.56137
2023-11-01,S001-P0005,Groceries,143,939,54.48,58.88,140.59541
2023-11-02,S001-P0005,Groceries,102,797,60.15,58.88,115.88371
2023-11-03,S001-P0005,Groceries,182,700,68.13,58.88,139.41069
2023-11-04,S001-P0005,Groceries,59,578,43.44,58.88,146.57741
2023-11-05,S001-P0005,Groceries,116,518,56.6,58.88,144.26802
2023-11-06,S001-P0005,Groceries,101,381,59.82,58.88,110.6365
2023-11-07,S001-P0005,Groceries,98,1113,56.24,58.88,111.419106
2023-11-08,S001-P0005,Groceries,149,1023,69.2,58.88,108.29986
2023-11-09,S001-P0005,Groceries,83,868,56.37,58.88,109.84693
2023-11-10,S001-P0005,Groceries,139,792,63.68,58.88,109.73069
2023-11-11,S001-P0005,Groceries,93,694,55.3,58.88,112.56741
2023-11-12,S001-P0005,Groceries,135,592,66.45,58.88,111.48372
2023-11-13,S001-P0005,Groceries,180,479,60.33,58.88,142.62294
2023-11-14,S001-P0005,Groceries,185,297,60.32,58.88,146.31123
2023-11-15,S001-P0005,Groceries,81,183,55.93,58.88,118.928116
2023-11-16,S001-P0005,Groceries,116,550,62.71,58.88,116.7856
2023-11-17,S001-P0005,Groceries,54,418,50.76,58.88,116.25858
2023-11-18,S001-P0005,Groceries,57,1181,48.59,58.88,116.74026
2023-11-19,S001-P0005,Groceries,155,1144,62.96,58.88,135.90099
2023-11-20,S001-P0005,Groceries,180,962,71.44,58.88,141.60776
2023-11-21,S001-P0005,Groceries,102,797,63.29,58.88,112.52983
2023-11-22,S001-P0005,Groceries,184,677,80.1,58.88,111.02801
2023-11-23,S001-P0005,Groceries,168,530,65.33,58.88,146.29434
2023-11-24,S001-P0005,Groceries,70,413,53.74,58.88,119.41614
2023-11-25,S001-P0005,Groceries,173,359,62.84,58.88,142.46211
2023-11-26,S001-P0005,Groceries,95,902,61.69,58.88,115.98857
2023-11-27,S001-P0005,Groceries,158,830,67.48,58.88,113.773125
2023-11-28,S001-P0005,Groceries,113,694,62.21,58.88,116.62944
2023-11-29,S001-P0005,Groceries,78,612,52.49,58.88,117.202484
2023-11-30,S001-P0005,Groceries,146,547,72.24,58.88,116.53259
2023-12-01,S001-P0005,Groceries,150,453,59.03,58.88,150.55092
2023-12-02,S001-P0005,Groceries,118,306,56.79,58.88,120.714096
2023-12-03,S001-P0005,Groceries,121,173,60.34,58.88,119.228806
2023-12-04,S001-P0005,Groceries,101,591,59.9,58.88,118.66369
2023-12-05,S001-P0005,Groceries,132,502,49.39,58.88,147.43208
2023-12-06,S001-P0005,Groceries,111,381,58.52,58.88,118.50518
2023-12-07,S001-P0005,Groceries,130,276,62.28,58.88,115.18592
2023-12-08,S001-P0005,Groceries,125,184,64.52,58.88,114.96526
2023-12-09,S001-P0005,Groceries,79,673,58.45,58.88,115.49362
2023-12-10,S001-P0005,Groceries,100,615,53.66,58.88,118.11208
2023-12-11,S001-P0005,Groceries,99,510,56.27,58.88,115.67328
2023-12-12,S001-P0005,Groceries,198,432,63.05,58.88,144.01476
2023-12-13,S001-P0005,Groceries,69,308,50.78,58.88,114.74002
2023-12-14,S001-P0005,Groceries,181,257,59.58,58.88,146.56607
2023-12-15,S001-P0005,Groceries,136,70,50.0,58.88,146.589
2023-12-16,S001-P0005,Groceries,103,905,45.21,58.88,153.52917
2023-12-17,S001-P0005,Groceries,158,791,67.33,58.88,142.38547
2023-12-18,S001-P0005,Groceries,138,659,67.04,58.88,119.80432
2023-12-19,S001-P0005,Groceries,159,568,63.69,58.88,145.79091
2023-12-20,S001-P0005,Groceries,80,422,52.9,58.88,118.98617
2023-12-21,S001-P0005,Groceries,100,357,62.82,58.88,116.37603
2023-12-22,S001-P0005,Groceries,183,295,68.41,58.88,143.43388
2023-12-23,S001-P0005,Groceries,43,825,43.62,58.88,114.295006
2023-12-24,S001-P0005,Groceries,113,779,62.12,58.88,115.12839
2023-12-25,S001-P0005,Groceries,59,661,54.4,58.88,111.22486
2023-12-26,S001-P0005,Groceries,129,604,62.14,58.88,110.83769
2023-12-27,S001-P0005,Groceries,57,504,48.64,58.88,70.00013
2023-12-28,S001-P0005,Groceries,93,436,55.15,58.88,91.453064
2023-12-29,S001-P0005,Groceries,56,365,48.52,58.88,68.396
2023-12-30,S001-P0005,Groceries,76,916,55.02,58.88,67.27196
2023-12-31,S001-P0005,Groceries,38,839,45.15,58.88,67.15608
2024-01-01,S001-P0005,Groceries,54,799,53.31,58.88,63.151253
2024-01-02,S001-P0005,Groceries,126,754,57.89,58.88,75.09522
2024-01-03,S001-P0005,Groceries,79,623,41.66,58.88,92.18363
2024-01-04,S001-P0005,Groceries,56,558,53.7,58.88,72.78789
2024-01-05,S001-P0005,Groceries,96,513,55.87,58.88,82.395966
2024-01-06,S001-P0005,Groceries,145,423,64.93,58.88,69.92827
2024-01-07,S001-P0005,Groceries,56,249,51.11,58.88,84.80976
2024-01-08,S001-P0005,Groceries,74,205,49.04,58.88,87.26788
2024-01-09,S001-P0005,Groceries,143,135,71.58,58.88,107.23837
2024-01-10,S001-P0005,Groceries,135,576,59.82,58.88,115.86341
2024-01-11,S001-P0005,Groceries,90,428,60.72,58.88,113.56391
2024-01-12,S001-P0005,Groceries,91,351,52.09,58.88,116.74309
2024-01-13,S001-P0005,Groceries,128,291,65.12,58.88,111.802956
2024-01-14,S001-P0005,Groceries,118,755,66.44,58.88,117.5928
2024-01-15,S001-P0005,Groceries,51,638,52.62,58.88,112.49717
2024-01-16,S001-P0005,Groceries,132,590,59.02,58.88,139.13959
2024-01-17,S001-P0005,Groceries,159,432,75.05,58.88,103.695724
2024-01-18,S001-P0005,Groceries,163,265,72.03,58.88,112.26871
2024-01-19,S001-P0005,Groceries,98,129,53.3,58.88,145.48439
2024-01-20,S001-P0005,Groceries,174,495,63.06,58.88,145.26881
2024-01-21,S001-P0005,Groceries,197,345,59.06,58.88,147.45988
2024-01-22,S001-P0005,Groceries,68,736,56.27,58.88,124.42264
2024-01-23,S001-P0005,Groceries,81,687,53.09,58.88,118.02555
2024-01-24,S001-P0005,Groceries,127,602,48.68,58.88,139.90205
2024-01-25,S001-P0005,Groceries,169,1466,73.28,58.88,114.02523
2024-01-26,S001-P0005,Groceries,166,1359,61.21,58.88,147.09485
2024-01-27,S001-P0005,Groceries,183,1208,64.51,58.88,151.56874
2024-01-28,S001-P0005,Groceries,83,1094,53.51,58.88,119.51823
2024-01-29,S001-P0005,Groceries,123,1024,64.26,58.88,121.74857
2024-01-30,S001-P0005,Groceries,29,946,45.82,58.88,122.0034
2023-10-03,S001-P0006,Toys,99,228,43.86,37.775000000000006,90.683685
2023-10-04,S001-P0006,Toys,91,119,36.54,37.775000000000006,118.26929
2023-10-05,S001-P0006,Toys,83,31,37.42,37.775000000000006,91.418724
2023-10-06,S001-P0006,Toys,87,239,42.03,37.775000000000006,90.1697
2023-10-07,S001-P0006,Toys,24,152,32.94,37.775000000000006,51.673054
2023-10-08,S001-P0006,Toys,34,335,30.97,37.775000000000006,46.9822
2023-10-09,S001-P0006,Toys,24,304,31.4,37.775000000000006,44.357586
2023-10-10,S001-P0006,Toys,15,275,26.97,37.775000000000006,49.6412
2023-10-11,S001-P0006,Toys,34,260,31.04,37.775000000000006,45.520287
2023-10-12,S001-P0006,Toys,33,235,29.31,37.775000000000006,34.621834
2023-10-13,S001-P0006,Toys,33,202,30.91,37.775000000000006,38.995014
2023-10-14,S001-P0006,Toys,35,163,25.94,37.775000000000006,47.253426
2023-10-15,S001-P0006,Toys,30,123,30.53,37.775000000000006,36.12131
2023-10-16,S001-P0006,Toys,39,98,28.37,37.775000000000006,46.14854
2023-10-17,S001-P0006,Toys,33,62,30.83,37.775000000000006,36.403088
2023-10-18,S001-P0006,Toys,32,120,26.0,37.775000000000006,45.91476
2023-10-19,S001-P0006,Toys,47,84,27.24,37.775000000000006,44.053642
2023-10-20,S001-P0006,Toys,45,55,34.19,37.775000000000006,36.175674
2023-10-21,S001-P0006,Toys,37,100,33.09,37.775000000000006,38.365456
2023-10-22,S001-P0006,Toys,41,228,25.25,37.775000000000006,50.276722
2023-10-23,S001-P0006,Toys,26,187,28.42,37.775000000000006,48.34904
2023-10-24,S001-P0006,Toys,37,168,29.79,37.775000000000006,36.96666
2023-10-25,S001-P0006,Toys,140,144,42.32,37.775000000000006,108.86233
2023-10-26,S001-P0006,Toys,49,46,34.72,37.775000000000006,83.02235
2023-10-27,S001-P0006,Toys,72,3,34.2,37.775000000000006,86.40929
2023-10-28,S001-P0006,Toys,147,463,43.37,37.775000000000006,85.343735
2023-10-29,S001-P0006,Toys,133,363,46.26,37.775000000000006,88.58004
2023-10-30,S001-P0006,Toys,102,249,42.04,37.775000000000006,86.39761
2023-10-31,S001-P0006,Toys,77,547,36.75,37.775000000000006,90.870575
2023-11-01,S001-P0006,Toys,120,471,44.45,37.775000000000006,94.57107
2023-11-02,S001-P0006,Toys,53,373,31.82,37.775000000000006,96.57238
2023-11-03,S001-P0006,Toys,63,316,34.79,37.775000000000006,93.65695
2023-11-04,S001-P0006,Toys,62,247,38.52,37.775000000000006,91.376045
2023-11-05,S001-P0006,Toys,109,179,38.7,37.775000000000006,89.14995
2023-11-06,S001-P0006,Toys,94,92,40.9,37.775000000000006,92.587395
2023-11-07,S001-P0006,Toys,60,0,38.16,37.775000000000006,91.33701
2023-11-08,S001-P0006,Toys,61,352,34.55,37.775000000000006,89.26064
2023-11-09,S001-P0006,Toys,110,280,36.3,37.775000000000006,115.39048
2023-11-10,S001-P0006,Toys,84,180,31.66,37.775000000000006,118.825
2023-11-11,S001-P0006,Toys,64,83,38.79,37.775000000000006,88.24761
2023-11-12,S001-P0006,Toys,77,415,28.98,37.775000000000006,108.78162
2023-11-13,S001-P0006,Toys,97,332,39.16,37.775000000000006,108.88894
2023-11-14,S001-P0006,Toys,69,255,37.47,37.775000000000006,88.21087
2023-11-15,S001-P0006,Toys,149,174,43.68,37.775000000000006,112.06294
2023-11-16,S001-P0006,Toys,124,75,47.4,37.775000000000006,85.01314
2023-11-17,S001-P0006,Toys,115,0,36.87,37.775000000000006,118.11579
2023-11-18,S001-P0006,Toys,32,510,29.16,37.775000000000006,116.78926
2023-11-19,S001-P0006,Toys,103,488,42.19,37.775000000000006,92.93302
2023-11-20,S001-P0006,Toys,94,420,38.97,37.775000000000006,89.26519
2023-11-21,S001-P0006,Toys,126,323,42.94,37.775000000000006,89.108925
2023-11-22,S001-P0006,Toys,168,237,40.92,37.775000000000006,117.69384
2023-11-23,S001-P0006,Toys,66,47,39.01,37.775000000000006,95.40468
2023-11-24,S001-P0006,Toys,96,401,39.09,37.775000000000006,93.744804
2023-11-25,S001-P0006,Toys,52,335,35.19,37.775000000000006,95.73902
2023-11-26,S001-P0006,Toys,103,300,44.46,37.775000000000006,93.15191
2023-11-27,S001-P0006,Toys,114,227,34.48,37.775000000000006,115.90369
2023-11-28,S001-P0006,Toys,78,136,34.69,37.775000000000006,120.69511
2023-11-29,S001-P0006,Toys,98,392,43.69,37.775000000000006,90.46033
2023-11-30,S001-P0006,Toys,75,288,38.36,37.775000000000006,91.55551
2023-12-01,S001-P0006,Toys,69,224,37.55,37.775000000000006,91.29737
2023-12-02,S001-P0006,Toys,138,167,47.0,37.775000000000006,89.511154
2023-12-03,S001-P0006,Toys,134,18,44.02,37.775000000000006,122.10926
2023-12-04,S001-P0006,Toys,99,209,39.42,37.775000000000006,92.92243
2023-12-05,S001-P0006,Toys,112,577,39.03,37.775000000000006,94.9675
2023-12-06,S001-P0006,Toys,190,471,48.44,37.775000000000006,124.723564
2023-12-07,S001-P0006,Toys,85,271,37.62,37.775000000000006,130.46544
2023-12-08,S001-P0006,Toys,195,218,48.99,37.775000000000006,131.41924
2023-12-09,S001-P0006,Toys,116,685,37.02,37.775000000000006,132.72604
2023-12-10,S001-P0006,Toys,110,595,40.97,37.775000000000006,108.655396
2023-12-11,S001-P0006,Toys,88,495,36.14,37.775000000000006,101.08651
2023-12-12,S001-P0006,Toys,151,419,36.53,37.775000000000006,137.78659
2023-12-13,S001-P0006,Toys,113,322,43.62,37.775000000000006,103.52095
2023-12-14,S001-P0006,Toys,162,248,47.67,37.775000000000006,107.7317
2023-12-15,S001-P0006,Toys,157,583,44.34,37.775000000000006,136.86452
2023-12-16,S001-P0006,Toys,85,402,37.69,37.775000000000006,114.35926
2023-12-17,S001-P0006,Toys,102,320,39.86,37.775000000000006,136.29185
2023-12-18,S001-P0006,Toys,130,242,36.26,37.775000000000006,141.44254
2023-12-19,S001-P0006,Toys,84,118,39.51,37.775000000000006,104.66158
2023-12-20,S001-P0006,Toys,78,274,38.73,37.775000000000006,108.1099
2023-12-21,S001-P0006,Toys,127,204,36.35,37.775000000000006,127.06959
2023-12-22,S001-P0006,Toys,96,61,37.1,37.775000000000006,104.87057
2023-12-23,S001-P0006,Toys,52,269,36.98,37.775000000000006,103.04269
2023-12-24,S001-P0006,Toys,72,208,37.94,37.775000000000006,103.09761
2023-12-25,S001-P0006,Toys,107,149,38.44,37.775000000000006,94.69946
2023-12-26,S001-P0006,Toys,38,82,33.21,37.775000000000006,103.15656
2023-12-27,S001-P0006,Toys,41,218,33.71,37.775000000000006,52.03113
2023-12-28,S001-P0006,Toys,35,535,31.18,37.775000000000006,50.425404
2023-12-29,S001-P0006,Toys,13,498,31.4,37.775000000000006,43.402557
2023-12-30,S001-P0006,Toys,21,487,29.33,37.775000000000006,41.73401
2023-12-31,S001-P0006,Toys,44,467,34.06,37.775000000000006,35.7533
2024-01-01,S001-P0006,Toys,16,424,31.89,37.775000000000006,36.70631
2024-01-02,S001-P0006,Toys,79,406,32.71,37.775000000000006,43.075024
2024-01-03,S001-P0006,Toys,22,315,26.47,37.775000000000006,51.292133
2024-01-04,S001-P0006,Toys,26,289,28.34,37.775000000000006,50.674313
2024-01-05,S001-P0006,Toys,15,264,30.12,37.775000000000006,37.232265
2024-01-06,S001-P0006,Toys,24,248,29.69,37.775000000000006,35.44426
2024-01-07,S001-P0006,Toys,48,220,36.41,37.775000000000006,36.025463
2024-01-08,S001-P0006,Toys,26,186,28.42,37.775000000000006,44.19642
2024-01-09,S001-P0006,Toys,83,164,37.41,37.775000000000006,74.95197
2024-01-10,S001-P0006,Toys,53,92,35.32,37.775000000000006,78.47785
2024-01-11,S001-P0006,Toys,85,42,39.76,37.775000000000006,82.098625
2024-01-12,S001-P0006,Toys,110,240,38.89,37.775000000000006,105.700165
2024-01-13,S001-P0006,Toys,81,170,37.27,37.775000000000006,83.43466
2024-01-14,S001-P0006,Toys,72,376,35.92,37.775000000000006,82.62644
2024-01-15,S001-P0006,Toys,75,303,34.46,37.775000000000006,86.2038
2024-01-16,S001-P0006,Toys,60,230,38.26,37.775000000000006,82.68559
2024-01-17,S001-P0006,Toys,58,173,34.21,37.775000000000006,78.53474
2024-01-18,S001-P0006,Toys,51,113,35.02,37.775000000000006,76.64956
2024-01-19,S001-P0006,Toys,44,71,34.08,37.775000000000006,72.98791
2024-01-20,S001-P0006,Toys,103,168,44.35,37.775000000000006,70.91762
2024-01-21,S001-P0006,Toys,75,73,30.27,37.775000000000006,100.53605
2024-01-22,S001-P0006,Toys,116,17,43.9,37.775000000000006,76.00381
2024-01-23,S001-P0006,Toys,125,255,38.43,37.775000000000006,107.45475
2024-01-24,S001-P0006,Toys,28,128,23.95,37.775000000000006,111.90891
2024-01-25,S001-P0006,Toys,147,376,36.19,37.775000000000006,111.20394
2024-01-26,S001-P0006,Toys,67,225,37.22,37.775000000000006,78.12211
2024-01-27,S001-P0006,Toys,80,165,36.98,37.775000000000006,84.41924
2024-01-28,S001-P0006,Toys,127,613,40.88,37.775000000000006,113.0746
2024-01-29,S001-P0006,Toys,113,506,41.34,37.775000000000006,86.09149
2024-01-30,S001-P0006,Toys,96,436,37.13,37.775000000000006,88.71041
2023-10-03,S001-P0007,Groceries,188,521,32.2,24.380000000000003,118.940956
2023-10-04,S001-P0007,Groceries,68,305,22.39,24.380000000000003,116.45511
2023-10-05,S001-P0007,Groceries,151,229,30.72,24.380000000000003,116.14117
2023-10-06,S001-P0007,Groceries,206,978,25.25,24.380000000000003,153.9487
2023-10-07,S001-P0007,Groceries,109,823,21.91,24.380000000000003,113.0351
2023-10-08,S001-P0007,Groceries,113,712,24.73,24.380000000000003,91.23913
2023-10-09,S001-P0007,Groceries,49,640,19.78,24.380000000000003,87.59869
2023-10-10,S001-P0007,Groceries,63,585,19.78,24.380000000000003,109.09231
2023-10-11,S001-P0007,Groceries,133,545,26.29,24.380000000000003,98.66734
2023-10-12,S001-P0007,Groceries,77,447,21.94,24.380000000000003,88.84765
2023-10-13,S001-P0007,Groceries,117,369,23.72,24.380000000000003,87.37945
2023-10-14,S001-P0007,Groceries,118,271,23.81,24.380000000000003,115.228355
2023-10-15,S001-P0007,Groceries,74,629,21.69,24.380000000000003,91.477715
2023-10-16,S001-P0007,Groceries,80,569,21.01,24.380000000000003,92.83553
2023-10-17,S001-P0007,Groceries,75,519,22.93,24.380000000000003,89.22187
2023-10-18,S001-P0007,Groceries,75,436,19.5,24.380000000000003,106.158165
2023-10-19,S001-P0007,Groceries,91,388,24.3,24.380000000000003,86.389404
2023-10-20,S001-P0007,Groceries,108,300,24.33,24.380000000000003,85.92678
2023-10-21,S001-P0007,Groceries,92,213,20.7,24.380000000000003,114.721115
2023-10-22,S001-P0007,Groceries,103,137,25.23,24.380000000000003,86.99879
2023-10-23,S001-P0007,Groceries,64,413,22.03,24.380000000000003,91.48641
2023-10-24,S001-P0007,Groceries,88,373,21.63,24.380000000000003,90.04141
2023-10-25,S001-P0007,Groceries,128,314,25.83,24.380000000000003,152.69334
2023-10-26,S001-P0007,Groceries,84,171,23.69,24.380000000000003,117.52335
2023-10-27,S001-P0007,Groceries,94,99,24.53,24.380000000000003,115.11199
2023-10-28,S001-P0007,Groceries,140,410,26.82,24.380000000000003,109.93549
2023-10-29,S001-P0007,Groceries,183,277,30.11,24.380000000000003,111.63012
2023-10-30,S001-P0007,Groceries,89,122,24.09,24.380000000000003,110.89181
2023-10-31,S001-P0007,Groceries,80,21,22.21,24.380000000000003,113.469444
2023-11-01,S001-P0007,Groceries,68,654,22.35,24.380000000000003,113.01041
2023-11-02,S001-P0007,Groceries,177,596,28.16,24.380000000000003,113.45112
2023-11-03,S001-P0007,Groceries,103,446,25.27,24.380000000000003,111.05822
2023-11-04,S001-P0007,Groceries,99,358,22.44,24.380000000000003,113.82165
2023-11-05,S001-P0007,Groceries,203,297,29.91,24.380000000000003,140.1148
2023-11-06,S001-P0007,Groceries,173,851,31.01,24.380000000000003,118.23259
2023-11-07,S001-P0007,Groceries,236,729,34.25,24.380000000000003,148.35959
2023-11-08,S001-P0007,Groceries,204,516,33.52,24.380000000000003,124.774315
2023-11-09,S001-P0007,Groceries,116,310,23.7,24.380000000000003,126.31453
2023-11-10,S001-P0007,Groceries,110,171,27.22,24.380000000000003,128.92847
2023-11-11,S001-P0007,Groceries,114,1152,26.17,24.380000000000003,128.31705
2023-11-12,S001-P0007,Groceries,92,1034,21.92,24.380000000000003,127.22147
2023-11-13,S001-P0007,Groceries,152,961,21.98,24.380000000000003,151.92422
2023-11-14,S001-P0007,Groceries,55,870,21.34,24.380000000000003,124.25135
2023-11-15,S001-P0007,Groceries,77,835,20.8,24.380000000000003,124.69082
2023-11-16,S001-P0007,Groceries,174,762,24.52,24.380000000000003,144.71901
2023-11-17,S001-P0007,Groceries,134,597,24.83,24.380000000000003,148.35143
2023-11-18,S001-P0007,Groceries,139,491,23.75,24.380000000000003,147.70949
2023-11-19,S001-P0007,Groceries,145,375,30.22,24.380000000000003,117.81175
2023-11-20,S001-P0007,Groceries,90,1020,22.97,24.380000000000003,116.70348
2023-11-21,S001-P0007,Groceries,96,940,19.47,24.380000000000003,141.62798
2023-11-22,S001-P0007,Groceries,131,837,24.65,24.380000000000003,146.25926
2023-11-23,S001-P0007,Groceries,141,755,21.28,24.380000000000003,143.0087
2023-11-24,S001-P0007,Groceries,140,587,26.9,24.380000000000003,116.129265
2023-11-25,S001-P0007,Groceries,106,432,25.54,24.380000000000003,114.08649
2023-11-26,S001-P0007,Groceries,86,351,21.49,24.380000000000003,144.70634
2023-11-27,S001-P0007,Groceries,80,291,22.12,24.380000000000003,115.255264
2023-11-28,S001-P0007,Groceries,120,784,26.65,24.380000000000003,114.99647
2023-11-29,S001-P0007,Groceries,113,673,23.48,24.380000000000003,107.612465
2023-11-30,S001-P0007,Groceries,89,573,21.66,24.380000000000003,108.34916
2023-12-01,S001-P0007,Groceries,141,514,25.54,24.380000000000003,106.64194
2023-12-02,S001-P0007,Groceries,213,415,27.4,24.380000000000003,139.40057
2023-12-03,S001-P0007,Groceries,129,209,25.98,24.380000000000003,115.442406
2023-12-04,S001-P0007,Groceries,104,66,24.03,24.380000000000003,114.57569
2023-12-05,S001-P0007,Groceries,66,568,20.02,24.380000000000003,112.538994
2023-12-06,S001-P0007,Groceries,138,489,25.15,24.380000000000003,144.93398
2023-12-07,S001-P0007,Groceries,127,366,24.33,24.380000000000003,141.37865
2023-12-08,S001-P0007,Groceries,141,273,28.38,24.380000000000003,112.509636
2023-12-09,S001-P0007,Groceries,113,115,23.49,24.380000000000003,107.98755
2023-12-10,S001-P0007,Groceries,82,601,18.81,24.380000000000003,141.55228
2023-12-11,S001-P0007,Groceries,79,519,17.48,24.380000000000003,141.70134
2023-12-12,S001-P0007,Groceries,55,441,21.32,24.380000000000003,108.15592
2023-12-13,S001-P0007,Groceries,168,390,28.96,24.380000000000003,102.12347
2023-12-14,S001-P0007,Groceries,68,195,21.23,24.380000000000003,105.01676
2023-12-15,S001-P0007,Groceries,100,140,18.73,24.380000000000003,135.42586
2023-12-16,S001-P0007,Groceries,193,57,26.14,24.380000000000003,132.07286
2023-12-17,S001-P0007,Groceries,174,798,32.67,24.380000000000003,109.334404
2023-12-18,S001-P0007,Groceries,115,659,23.61,24.380000000000003,111.71262
2023-12-19,S001-P0007,Groceries,250,584,35.38,24.380000000000003,145.7123
2023-12-20,S001-P0007,Groceries,65,1042,22.12,24.380000000000003,122.24638
2023-12-21,S001-P0007,Groceries,163,983,30.18,24.380000000000003,124.372826
2023-12-22,S001-P0007,Groceries,135,849,27.86,24.380000000000003,122.7766
2023-12-23,S001-P0007,Groceries,92,765,18.25,24.380000000000003,156.45428
2023-12-24,S001-P0007,Groceries,220,680,29.34,24.380000000000003,151.91286
2023-12-25,S001-P0007,Groceries,102,441,26.46,24.380000000000003,129.24783
2023-12-26,S001-P0007,Groceries,126,380,27.15,24.380000000000003,126.978165
2023-12-27,S001-P0007,Groceries,15,269,19.0,24.380000000000003,92.11352
2023-12-28,S001-P0007,Groceries,90,1167,21.78,24.380000000000003,84.771805
2023-12-29,S001-P0007,Groceries,91,1086,24.23,24.380000000000003,79.06671
2023-12-30,S001-P0007,Groceries,69,993,21.37,24.380000000000003,87.569885
2023-12-31,S001-P0007,Groceries,81,923,23.44,24.380000000000003,80.003235
2024-01-01,S001-P0007,Groceries,98,851,19.89,24.380000000000003,99.991585
2024-01-02,S001-P0007,Groceries,83,734,23.6,24.380000000000003,89.69214
2024-01-03,S001-P0007,Groceries,61,648,17.22,24.380000000000003,103.078125
2024-01-04,S001-P0007,Groceries,105,602,20.06,24.380000000000003,98.358406
2024-01-05,S001-P0007,Groceries,79,497,22.1,24.380000000000003,77.865265
2024-01-06,S001-P0007,Groceries,55,406,19.2,24.380000000000003,88.13056
2024-01-07,S001-P0007,Groceries,46,371,20.61,24.380000000000003,79.19814
2024-01-08,S001-P0007,Groceries,90,335,22.97,24.380000000000003,71.44542
2024-01-09,S001-P0007,Groceries,75,278,24.12,24.380000000000003,111.98814
2024-01-10,S001-P0007,Groceries,131,211,26.11,24.380000000000003,143.39726
2024-01-11,S001-P0007,Groceries,81,85,23.41,24.380000000000003,110.725685
2024-01-12,S001-P0007,Groceries,181,334,29.98,24.380000000000003,112.80184
2024-01-13,S001-P0007,Groceries,60,152,17.12,24.380000000000003,147.54504
2024-01-14,S001-P0007,Groceries,185,697,28.8,24.380000000000003,119.25511
2024-01-15,S001-P0007,Groceries,78,500,22.06,24.380000000000003,115.918724
2024-01-16,S001-P0007,Groceries,184,433,25.55,24.380000000000003,151.51758
2024-01-17,S001-P0007,Groceries,122,316,21.17,24.380000000000003,146.82732
2024-01-18,S001-P0007,Groceries,62,922,20.77,24.380000000000003,122.85813
2024-01-19,S001-P0007,Groceries,21,876,18.53,24.380000000000003,109.9953
2024-01-20,S001-P0007,Groceries,29,862,18.14,24.380000000000003,136.4347
2024-01-21,S001-P0007,Groceries,93,838,21.97,24.380000000000003,94.13415
2024-01-22,S001-P0007,Groceries,106,740,24.19,24.380000000000003,105.701996
2024-01-23,S001-P0007,Groceries,11,649,17.69,24.380000000000003,97.72927
2024-01-24,S001-P0007,Groceries,86,640,22.67,24.380000000000003,100.43385
2024-01-25,S001-P0007,Groceries,105,552,22.89,24.380000000000003,114.02895
2024-01-26,S001-P0007,Groceries,99,438,23.64,24.380000000000003,96.46227
2024-01-27,S001-P0007,Groceries,157,332,26.57,24.380000000000003,121.03451
2024-01-28,S001-P0007,Groceries,92,226,24.32,24.380000000000003,96.71506
2024-01-29,S001-P0007,Groceries,173,136,29.47,24.380000000000003,95.891685
2024-01-30,S001-P0007,Groceries,80,476,24.57,24.380000000000003,106.22712
2023-10-03,S001-P0008,Electronics,47,146,37.74,41.72,94.62694
2023-10-04,S001-P0008,Electronics,140,106,46.13,41.72,118.50304
2023-10-05,S001-P0008,Electronics,121,158,46.29,41.72,91.65054
2023-10-06,S001-P0008,Electronics,103,164,48.56,41.72,90.77382
2023-10-07,S001-P0008,Electronics,45,73,37.34,41.72,59.836063
2023-10-08,S001-P0008,Electronics,46,89,31.58,41.72,72.04745
2023-10-09,S001-P0008,Electronics,25,48,32.64,41.72,51.25595
2023-10-10,S001-P0008,Electronics,83,70,40.82,41.72,47.722225
2023-10-11,S001-P0008,Electronics,63,84,38.03,41.72,53.7039
2023-10-12,S001-P0008,Electronics,93,105,33.42,41.72,73.049385
2023-10-13,S001-P0008,Electronics,24,136,32.54,41.72,58.309742
2023-10-14,S001-P0008,Electronics,39,108,32.79,41.72,56.400852
2023-10-15,S001-P0008,Electronics,65,84,42.58,41.72,52.485226
2023-10-16,S001-P0008,Electronics,42,75,37.0,41.72,52.586765
2023-10-17,S001-P0008,Electronics,47,79,35.72,41.72,54.24217
2023-10-18,S001-P0008,Electronics,73,91,37.5,41.72,68.39665
2023-10-19,S001-P0008,Electronics,101,97,36.69,41.72,66.739174
2023-10-20,S001-P0008,Electronics,61,142,37.74,41.72,54.69511
2023-10-21,S001-P0008,Electronics,116,72,43.18,41.72,79.77152
2023-10-22,S001-P0008,Electronics,67,106,40.68,41.72,66.0022
2023-10-23,S001-P0008,Electronics,57,34,33.03,41.72,89.19384
2023-10-24,S001-P0008,Electronics,43,51,39.09,41.72,64.18703
2023-10-25,S001-P0008,Electronics,69,63,38.83,41.72,97.12333
2023-10-26,S001-P0008,Electronics,128,68,52.47,41.72,97.93147
2023-10-27,S001-P0008,Electronics,47,141,32.11,41.72,125.68455
2023-10-28,S001-P0008,Electronics,55,107,35.03,41.72,94.513535
2023-10-29,S001-P0008,Electronics,137,41,48.59,41.72,92.3432
2023-10-30,S001-P0008,Electronics,105,139,46.45,41.72,93.23669
2023-10-31,S001-P0008,Electronics,42,155,35.06,41.72,93.20558
2023-11-01,S001-P0008,Electronics,70,106,39.14,41.72,94.20455
2023-11-02,S001-P0008,Electronics,128,83,49.82,41.72,92.04168
2023-11-03,S001-P0008,Electronics,142,121,46.43,41.72,123.5033
2023-11-04,S001-P0008,Electronics,81,156,38.52,41.72,95.55977
2023-11-05,S001-P0008,Electronics,86,89,38.99,41.72,122.90336
2023-11-06,S001-P0008,Electronics,113,79,45.16,41.72,93.86677
2023-11-07,S001-P0008,Electronics,63,103,42.13,41.72,98.2846
2023-11-08,S001-P0008,Electronics,133,63,48.11,41.72,94.28931
2023-11-09,S001-P0008,Electronics,114,119,37.7,41.72,125.71769
2023-11-10,S001-P0008,Electronics,74,91,35.18,41.72,124.03159
2023-11-11,S001-P0008,Electronics,127,83,44.68,41.72,98.21664
2023-11-12,S001-P0008,Electronics,129,152,44.74,41.72,128.79105
2023-11-13,S001-P0008,Electronics,139,169,46.32,41.72,126.91432
2023-11-14,S001-P0008,Electronics,95,182,42.69,41.72,99.954506
2023-11-15,S001-P0008,Electronics,96,81,42.85,41.72,101.27676
2023-11-16,S001-P0008,Electronics,114,121,42.91,41.72,98.22057
2023-11-17,S001-P0008,Electronics,81,121,34.28,41.72,128.36026
2023-11-18,S001-P0008,Electronics,40,38,31.12,41.72,125.35584
2023-11-19,S001-P0008,Electronics,90,63,41.94,41.72,95.53528
2023-11-20,S001-P0008,Electronics,65,80,34.32,41.72,120.206566
2023-11-21,S001-P0008,Electronics,57,89,39.19,41.72,91.47256
2023-11-22,S001-P0008,Electronics,81,107,42.73,41.72,90.42028
2023-11-23,S001-P0008,Electronics,89,124,46.32,41.72,88.54911
2023-11-24,S001-P0008,Electronics,163,107,52.21,41.72,113.34222
2023-11-25,S001-P0008,Electronics,52,183,36.47,41.72,89.382095
2023-11-26,S001-P0008,Electronics,63,151,42.19,41.72,90.520256
2023-11-27,S001-P0008,Electronics,127,91,49.64,41.72,85.2907
2023-11-28,S001-P0008,Electronics,149,117,50.29,41.72,90.616
2023-11-29,S001-P0008,Electronics,97,144,42.86,41.72,92.18411
2023-11-30,S001-P0008,Electronics,113,63,45.08,41.72,94.78361
2023-12-01,S001-P0008,Electronics,43,114,35.08,41.72,95.975105
2023-12-02,S001-P0008,Electronics,89,72,43.95,41.72,99.972305
2023-12-03,S001-P0008,Electronics,111,104,47.31,41.72,95.01609
2023-12-04,S001-P0008,Electronics,37,115,28.98,41.72,124.41904
2023-12-05,S001-P0008,Electronics,121,91,43.9,41.72,119.35987
2023-12-06,S001-P0008,Electronics,61,131,41.96,41.72,90.049065
2023-12-07,S001-P0008,Electronics,108,80,46.8,41.72,93.27151
2023-12-08,S001-P0008,Electronics,103,124,43.7,41.72,90.27671
2023-12-09,S001-P0008,Electronics,120,150,43.83,41.72,90.76651
2023-12-10,S001-P0008,Electronics,74,171,37.62,41.72,92.789955
2023-12-11,S001-P0008,Electronics,105,100,46.37,41.72,96.11216
2023-12-12,S001-P0008,Electronics,165,134,46.65,41.72,117.80065
2023-12-13,S001-P0008,Electronics,102,193,43.57,41.72,97.11543
2023-12-14,S001-P0008,Electronics,86,90,36.99,41.72,125.56545
2023-12-15,S001-P0008,Electronics,152,108,47.76,41.72,127.64638
2023-12-16,S001-P0008,Electronics,99,149,43.06,41.72,97.77405
2023-12-17,S001-P0008,Electronics,106,54,41.89,41.72,131.61235
2023-12-18,S001-P0008,Electronics,47,85,39.7,41.72,98.946556
2023-12-19,S001-P0008,Electronics,89,86,44.04,41.72,99.24473
2023-12-20,S001-P0008,Electronics,141,99,46.33,41.72,121.58994
2023-12-21,S001-P0008,Electronics,59,125,39.52,41.72,98.64268
2023-12-22,S001-P0008,Electronics,111,85,42.37,41.72,119.362434
2023-12-23,S001-P0008,Electronics,174,120,53.74,41.72,119.736786
2023-12-24,S001-P0008,Electronics,190,202,55.97,41.72,97.00216
2023-12-25,S001-P0008,Electronics,46,181,35.54,41.72,104.13744
2023-12-26,S001-P0008,Electronics,142,138,43.76,41.72,131.57664
2023-12-27,S001-P0008,Electronics,56,139,39.05,41.72,67.18558
2023-12-28,S001-P0008,Electronics,34,99,33.95,41.72,70.92874
2023-12-29,S001-P0008,Electronics,64,75,38.27,41.72,60.20863
2023-12-30,S001-P0008,Electronics,26,66,36.41,41.72,58.397446
2023-12-31,S001-P0008,Electronics,52,36,40.42,41.72,52.420223
2024-01-01,S001-P0008,Electronics,27,60,32.87,41.72,48.86277
2024-01-02,S001-P0008,Electronics,41,78,38.66,41.72,51.146587
2024-01-03,S001-P0008,Electronics,69,87,38.86,41.72,56.19254
2024-01-04,S001-P0008,Electronics,91,74,39.57,41.72,63.20806
2024-01-05,S001-P0008,Electronics,69,91,36.65,41.72,67.42661
2024-01-06,S001-P0008,Electronics,34,69,32.13,41.72,57.26333
2024-01-07,S001-P0008,Electronics,56,87,41.11,41.72,49.030834
2024-01-08,S001-P0008,Electronics,48,93,35.92,41.72,48.139637
2024-01-09,S001-P0008,Electronics,134,63,42.74,41.72,119.37981
2024-01-10,S001-P0008,Electronics,87,110,43.74,41.72,94.991325
2024-01-11,S001-P0008,Electronics,165,117,47.08,41.72,126.31872
2024-01-12,S001-P0008,Electronics,143,157,52.03,41.72,101.32794
2024-01-13,S001-P0008,Electronics,80,154,40.55,41.72,104.13262
2024-01-14,S001-P0008,Electronics,100,101,43.29,41.72,105.345985
2024-01-15,S001-P0008,Electronics,96,88,40.53,41.72,105.706764
2024-01-16,S001-P0008,Electronics,122,118,41.55,41.72,136.25003
2024-01-17,S001-P0008,Electronics,88,148,39.19,41.72,130.82771
2024-01-18,S001-P0008,Electronics,181,53,57.82,41.72,98.61425
2024-01-19,S001-P0008,Electronics,83,168,45.36,41.72,101.81262
2024-01-20,S001-P0008,Electronics,126,94,49.58,41.72,109.14899
2024-01-21,S001-P0008,Electronics,141,150,49.14,41.72,106.15445
2024-01-22,S001-P0008,Electronics,97,147,45.18,41.72,113.68981
2024-01-23,S001-P0008,Electronics,83,73,38.73,41.72,138.80397
2024-01-24,S001-P0008,Electronics,106,89,41.64,41.72,139.95116
2024-01-25,S001-P0008,Electronics,110,122,49.6,41.72,102.53877
2024-01-26,S001-P0008,Electronics,112,147,42.64,41.72,105.21243
2024-01-27,S001-P0008,Electronics,102,145,36.72,41.72,137.56937
2024-01-28,S001-P0008,Electronics,118,41,50.82,41.72,106.317276
2024-01-29,S001-P0008,Electronics,109,118,47.02,41.72,105.855286
2024-01-30,S001-P0008,Electronics,53,162,34.68,41.72,107.75125
2023-10-03,S001-P0009,Clothing,79,231,67.6,89.34,136.41302
2023-10-04,S001-P0009,Clothing,92,160,88.12,89.34,108.97277
2023-10-05,S001-P0009,Clothing,95,141,84.56,89.34,103.90889
2023-10-06,S001-P0009,Clothing,112,124,89.51,89.34,104.81124
2023-10-07,S001-P0009,Clothing,156,178,101.76,89.34,67.84821
2023-10-08,S001-P0009,Clothing,149,176,78.87,89.34,102.20133
2023-10-09,S001-P0009,Clothing,99,178,81.32,89.34,74.65547
2023-10-10,S001-P0009,Clothing,68,203,77.2,89.34,78.41061
2023-10-11,S001-P0009,Clothing,119,161,96.26,89.34,81.75332
2023-10-12,S001-P0009,Clothing,93,169,93.11,89.34,88.966
2023-10-13,S001-P0009,Clothing,92,194,92.85,89.34,88.855804
2023-10-14,S001-P0009,Clothing,124,112,92.69,89.34,114.88562
2023-10-15,S001-P0009,Clothing,127,136,93.39,89.34,92.03701
2023-10-16,S001-P0009,Clothing,91,148,83.22,89.34,94.72767
2023-10-17,S001-P0009,Clothing,163,144,115.04,89.34,93.69334
2023-10-18,S001-P0009,Clothing,108,143,69.8,89.34,125.951996
2023-10-19,S001-P0009,Clothing,61,182,75.14,89.34,98.03651
2023-10-20,S001-P0009,Clothing,129,131,94.08,89.34,93.316414
2023-10-21,S001-P0009,Clothing,166,153,93.77,89.34,121.482666
2023-10-22,S001-P0009,Clothing,88,137,87.11,89.34,97.9298
2023-10-23,S001-P0009,Clothing,176,145,107.18,89.34,120.28649
2023-10-24,S001-P0009,Clothing,121,184,96.98,89.34,100.79093
2023-10-25,S001-P0009,Clothing,118,241,96.13,89.34,127.85906
2023-10-26,S001-P0009,Clothing,168,100,104.89,89.34,159.83371
2023-10-27,S001-P0009,Clothing,146,168,87.78,89.34,156.92174
2023-10-28,S001-P0009,Clothing,255,143,129.46,89.34,154.65005
2023-10-29,S001-P0009,Clothing,126,223,93.31,89.34,128.6855
2023-10-30,S001-P0009,Clothing,120,80,86.98,89.34,129.82584
2023-10-31,S001-P0009,Clothing,124,110,87.93,89.34,125.12533
2023-11-01,S001-P0009,Clothing,74,164,87.34,89.34,129.0754
2023-11-02,S001-P0009,Clothing,183,170,92.26,89.34,154.682
2023-11-03,S001-P0009,Clothing,126,173,82.72,89.34,158.25346
2023-11-04,S001-P0009,Clothing,94,138,70.99,89.34,153.63452
2023-11-05,S001-P0009,Clothing,69,163,73.23,89.34,124.6633
2023-11-06,S001-P0009,Clothing,165,117,115.86,89.34,120.69967
2023-11-07,S001-P0009,Clothing,104,172,82.59,89.34,119.86771
2023-11-08,S001-P0009,Clothing,126,225,73.82,89.34,148.29237
2023-11-09,S001-P0009,Clothing,95,142,89.1,89.34,119.27474
2023-11-10,S001-P0009,Clothing,87,172,86.8,89.34,117.89135
2023-11-11,S001-P0009,Clothing,154,171,112.45,89.34,113.49738
2023-11-12,S001-P0009,Clothing,150,178,105.42,89.34,114.90277
2023-11-13,S001-P0009,Clothing,139,171,76.67,89.34,147.58626
2023-11-14,S001-P0009,Clothing,204,143,115.12,89.34,147.77815
2023-11-15,S001-P0009,Clothing,48,204,71.54,89.34,125.095436
2023-11-16,S001-P0009,Clothing,55,170,73.28,89.34,120.69245
2023-11-17,S001-P0009,Clothing,82,133,80.85,89.34,115.07004
2023-11-18,S001-P0009,Clothing,137,121,90.85,89.34,141.92622
2023-11-19,S001-P0009,Clothing,45,112,70.24,89.34,107.24352
2023-11-20,S001-P0009,Clothing,110,109,93.65,89.34,107.58521
2023-11-21,S001-P0009,Clothing,87,129,73.71,89.34,127.79035
2023-11-22,S001-P0009,Clothing,142,117,103.21,89.34,104.183174
2023-11-23,S001-P0009,Clothing,125,160,98.04,89.34,105.67522
2023-11-24,S001-P0009,Clothing,130,184,104.95,89.34,108.98006
2023-11-25,S001-P0009,Clothing,180,247,102.5,89.34,131.82695
2023-11-26,S001-P0009,Clothing,117,267,91.04,89.34,111.43511
2023-11-27,S001-P0009,Clothing,212,138,130.35,89.34,109.66648
2023-11-28,S001-P0009,Clothing,180,223,103.11,89.34,146.7258
2023-11-29,S001-P0009,Clothing,46,240,74.71,89.34,117.630394
2023-11-30,S001-P0009,Clothing,154,210,101.23,89.34,120.09783
2023-12-01,S001-P0009,Clothing,152,227,95.58,89.34,154.40279
2023-12-02,S001-P0009,Clothing,204,186,115.61,89.34,122.570854
2023-12-03,S001-P0009,Clothing,162,274,92.72,89.34,151.94778
2023-12-04,S001-P0009,Clothing,188,132,87.67,89.34,159.11656
2023-12-05,S001-P0009,Clothing,181,226,114.61,89.34,127.30349
2023-12-06,S001-P0009,Clothing,37,228,57.48,89.34,158.92468
2023-12-07,S001-P0009,Clothing,188,185,116.84,89.34,123.862236
2023-12-08,S001-P0009,Clothing,330,198,167.34,89.34,130.85829
2023-12-09,S001-P0009,Clothing,125,383,93.01,89.34,141.8748
2023-12-10,S001-P0009,Clothing,220,285,119.63,89.34,147.5678
2023-12-11,S001-P0009,Clothing,84,325,81.37,89.34,148.38687
2023-12-12,S001-P0009,Clothing,285,256,116.51,89.34,181.11775
2023-12-13,S001-P0009,Clothing,281,367,114.07,89.34,185.34612
2023-12-14,S001-P0009,Clothing,102,406,86.69,89.34,165.72879
2023-12-15,S001-P0009,Clothing,214,316,124.55,89.34,155.19777
2023-12-16,S001-P0009,Clothing,177,123,102.22,89.34,165.12877
2023-12-17,S001-P0009,Clothing,92,215,69.72,89.34,195.43962
2023-12-18,S001-P0009,Clothing,136,139,91.24,89.34,191.38734
2023-12-19,S001-P0009,Clothing,214,121,118.39,89.34,151.84042
2023-12-20,S001-P0009,Clothing,174,218,112.73,89.34,156.85121
2023-12-21,S001-P0009,Clothing,134,182,90.6,89.34,189.54277
2023-12-22,S001-P0009,Clothing,143,213,103.56,89.34,154.17195
2023-12-23,S001-P0009,Clothing,98,201,94.79,89.34,152.33238
2023-12-24,S001-P0009,Clothing,113,101,84.97,89.34,148.85402
2023-12-25,S001-P0009,Clothing,85,120,86.18,89.34,142.32811
2023-12-26,S001-P0009,Clothing,189,141,87.8,89.34,170.6569
2023-12-27,S001-P0009,Clothing,99,177,85.75,89.34,104.66191
2023-12-28,S001-P0009,Clothing,85,188,86.08,89.34,117.538475
2023-12-29,S001-P0009,Clothing,137,101,96.17,89.34,107.18534
2023-12-30,S001-P0009,Clothing,89,160,91.98,89.34,117.66211
2023-12-31,S001-P0009,Clothing,146,150,104.19,89.34,116.249466
2024-01-01,S001-P0009,Clothing,76,175,79.29,89.34,119.73368
2024-01-02,S001-P0009,Clothing,213,112,111.76,89.34,137.33188
2024-01-03,S001-P0009,Clothing,93,237,88.49,89.34,121.06139
2024-01-04,S001-P0009,Clothing,146,153,104.17,89.34,118.43386
2024-01-05,S001-P0009,Clothing,50,130,75.68,89.34,117.830925
2024-01-06,S001-P0009,Clothing,132,141,85.2,89.34,129.20099
2024-01-07,S001-P0009,Clothing,153,166,101.11,89.34,106.54575
2024-01-08,S001-P0009,Clothing,139,213,102.1,89.34,112.54867
2024-01-09,S001-P0009,Clothing,140,287,82.05,89.34,169.29407
2024-01-10,S001-P0009,Clothing,103,132,86.9,89.34,132.43544
2024-01-11,S001-P0009,Clothing,201,131,107.98,89.34,161.74141
2024-01-12,S001-P0009,Clothing,112,210,99.31,89.34,132.21913
2024-01-13,S001-P0009,Clothing,145,98,103.92,89.34,132.88872
2024-01-14,S001-P0009,Clothing,99,145,81.27,89.34,125.474236
2024-01-15,S001-P0009,Clothing,97,125,85.19,89.34,132.69878
2024-01-16,S001-P0009,Clothing,248,123,114.56,89.34,155.7646
2024-01-17,S001-P0009,Clothing,184,278,109.46,89.34,163.94954
2024-01-18,S001-P0009,Clothing,141,74,97.82,89.34,130.85475
2024-01-19,S001-P0009,Clothing,100,138,95.41,89.34,131.23967
2024-01-20,S001-P0009,Clothing,174,149,106.61,89.34,163.6501
2024-01-21,S001-P0009,Clothing,169,233,88.94,89.34,164.231
2024-01-22,S001-P0009,Clothing,183,237,103.66,89.34,132.2522
2024-01-23,S001-P0009,Clothing,95,330,80.16,89.34,130.08543
2024-01-24,S001-P0009,Clothing,153,247,95.68,89.34,165.94603
2024-01-25,S001-P0009,Clothing,210,102,116.84,89.34,130.34128
2024-01-26,S001-P0009,Clothing,119,202,91.54,89.34,135.05751
2024-01-27,S001-P0009,Clothing,198,204,94.59,89.34,167.33992
2024-01-28,S001-P0009,Clothing,164,260,103.92,89.34,136.2233
2024-01-29,S001-P0009,Clothing,133,93,95.56,89.34,139.89397
2024-01-30,S001-P0009,Clothing,84,128,90.35,89.34,135.35564
2023-10-03,S001-P0010,Furniture,66,325,93.39,118.37,110.400505
2023-10-04,S001-P0010,Furniture,125,263,113.46,118.37,107.82436
2023-10-05,S001-P0010,Furniture,97,119,131.66,118.37,82.583626
2023-10-06,S001-P0010,Furniture,84,461,119.18,118.37,83.93426
2023-10-07,S001-P0010,Furniture,49,401,93.31,118.37,64.098175
2023-10-08,S001-P0010,Furniture,15,358,95.96,118.37,46.05818
2023-10-09,S001-P0010,Furniture,27,341,106.23,118.37,38.198223
2023-10-10,S001-P0010,Furniture,28,316,106.83,118.37,37.944363
2023-10-11,S001-P0010,Furniture,50,288,117.19,118.37,34.460495
2023-10-12,S001-P0010,Furniture,62,241,103.21,118.37,50.30589
2023-10-13,S001-P0010,Furniture,32,191,103.25,118.37,39.274544
2023-10-14,S001-P0010,Furniture,59,153,114.56,118.37,51.694145
2023-10-15,S001-P0010,Furniture,27,85,106.66,118.37,39.0333
2023-10-16,S001-P0010,Furniture,12,330,89.44,118.37,39.569523
2023-10-17,S001-P0010,Furniture,16,318,95.97,118.37,36.59691
2023-10-18,S001-P0010,Furniture,37,304,111.05,118.37,33.33368
2023-10-19,S001-P0010,Furniture,42,267,95.27,118.37,43.200573
2023-10-20,S001-P0010,Furniture,35,219,99.05,118.37,32.690678
2023-10-21,S001-P0010,Furniture,60,182,109.39,118.37,43.56406
2023-10-22,S001-P0010,Furniture,27,118,95.79,118.37,47.516697
2023-10-23,S001-P0010,Furniture,29,98,107.4,118.37,36.31211
2023-10-24,S001-P0010,Furniture,31,71,97.3,118.37,35.316837
2023-10-25,S001-P0010,Furniture,62,276,122.74,118.37,76.24398
2023-10-26,S001-P0010,Furniture,64,203,116.83,118.37,78.41001
2023-10-27,S001-P0010,Furniture,96,154,124.14,118.37,79.40805
2023-10-28,S001-P0010,Furniture,95,66,116.85,118.37,105.84113
2023-10-29,S001-P0010,Furniture,72,233,126.92,118.37,78.94422
2023-10-30,S001-P0010,Furniture,90,154,135.49,118.37,79.78851
2023-10-31,S001-P0010,Furniture,62,383,122.75,118.37,80.54944
2023-11-01,S001-P0010,Furniture,82,322,131.85,118.37,81.84086
2023-11-02,S001-P0010,Furniture,107,225,121.56,118.37,107.97125
2023-11-03,S001-P0010,Furniture,82,133,118.35,118.37,80.26827
2023-11-04,S001-P0010,Furniture,91,56,107.34,118.37,109.25277
2023-11-05,S001-P0010,Furniture,67,340,125.0,118.37,81.019646
2023-11-06,S001-P0010,Furniture,79,281,137.13,118.37,84.62115
2023-11-07,S001-P0010,Furniture,90,203,114.92,118.37,107.35275
2023-11-08,S001-P0010,Furniture,143,471,143.64,118.37,109.804924
2023-11-09,S001-P0010,Furniture,98,330,111.15,118.37,113.68272
2023-11-10,S001-P0010,Furniture,52,252,118.05,118.37,84.89715
2023-11-11,S001-P0010,Furniture,100,213,133.19,118.37,82.979866
2023-11-12,S001-P0010,Furniture,92,827,115.92,118.37,111.65659
2023-11-13,S001-P0010,Furniture,49,758,116.6,118.37,84.84536
2023-11-14,S001-P0010,Furniture,75,702,121.53,118.37,83.10769
2023-11-15,S001-P0010,Furniture,114,613,123.22,118.37,105.273964
2023-11-16,S001-P0010,Furniture,71,526,126.78,118.37,83.04203
2023-11-17,S001-P0010,Furniture,64,454,116.82,118.37,83.63708
2023-11-18,S001-P0010,Furniture,48,412,122.37,118.37,81.84907
2023-11-19,S001-P0010,Furniture,118,355,124.71,118.37,101.3392
2023-11-20,S001-P0010,Furniture,79,236,137.38,118.37,78.07327
2023-11-21,S001-P0010,Furniture,82,160,138.79,118.37,80.017876
2023-11-22,S001-P0010,Furniture,114,104,109.83,118.37,102.36008
2023-11-23,S001-P0010,Furniture,108,522,128.41,118.37,107.719185
2023-11-24,S001-P0010,Furniture,89,398,128.15,118.37,85.171265
2023-11-25,S001-P0010,Furniture,42,321,119.13,118.37,84.681435
2023-11-26,S001-P0010,Furniture,85,294,126.12,118.37,80.29904
2023-11-27,S001-P0010,Furniture,112,219,145.42,118.37,83.52089
2023-11-28,S001-P0010,Furniture,99,556,132.59,118.37,83.69765
2023-11-29,S001-P0010,Furniture,113,468,153.59,118.37,84.65121
2023-11-30,S001-P0010,Furniture,65,393,117.92,118.37,85.68626
2023-12-01,S001-P0010,Furniture,88,316,134.51,118.37,87.66674
2023-12-02,S001-P0010,Furniture,119,228,148.58,118.37,89.43474
2023-12-03,S001-P0010,Furniture,111,512,152.63,118.37,89.36024
2023-12-04,S001-P0010,Furniture,116,382,139.95,118.37,88.32368
2023-12-05,S001-P0010,Furniture,95,281,123.96,118.37,92.27511
2023-12-06,S001-P0010,Furniture,126,223,159.87,118.37,95.63645
2023-12-07,S001-P0010,Furniture,47,82,115.53,118.37,97.193115
2023-12-08,S001-P0010,Furniture,105,437,113.8,118.37,122.709816
2023-12-09,S001-P0010,Furniture,61,314,96.32,118.37,124.90748
2023-12-10,S001-P0010,Furniture,107,267,121.64,118.37,122.54486
2023-12-11,S001-P0010,Furniture,103,200,111.61,118.37,120.90327
2023-12-12,S001-P0010,Furniture,94,581,137.12,118.37,93.52326
2023-12-13,S001-P0010,Furniture,92,496,122.79,118.37,92.890495
2023-12-14,S001-P0010,Furniture,79,427,123.37,118.37,93.55361
2023-12-15,S001-P0010,Furniture,111,358,152.57,118.37,95.8356
2023-12-16,S001-P0010,Furniture,42,258,107.27,118.37,92.6618
2023-12-17,S001-P0010,Furniture,105,230,127.2,118.37,118.25008
2023-12-18,S001-P0010,Furniture,68,112,94.09,118.37,117.565895
2023-12-19,S001-P0010,Furniture,85,600,126.34,118.37,89.68519
2023-12-20,S001-P0010,Furniture,110,536,136.95,118.37,115.91396
2023-12-21,S001-P0010,Furniture,104,404,142.03,118.37,87.87618
2023-12-22,S001-P0010,Furniture,84,279,139.49,118.37,91.4594
2023-12-23,S001-P0010,Furniture,60,199,121.83,118.37,92.03636
2023-12-24,S001-P0010,Furniture,81,150,103.59,118.37,112.44725
2023-12-25,S001-P0010,Furniture,82,471,110.94,118.37,115.09991
2023-12-26,S001-P0010,Furniture,73,377,134.41,118.37,84.17521
2023-12-27,S001-P0010,Furniture,45,315,86.13,118.37,57.58582
2023-12-28,S001-P0010,Furniture,29,271,96.61,118.37,44.58439
2023-12-29,S001-P0010,Furniture,20,248,103.41,118.37,41.001617
2023-12-30,S001-P0010,Furniture,23,226,94.22,118.37,34.42821
2023-12-31,S001-P0010,Furniture,58,199,120.8,118.37,32.317707
2024-01-01,S001-P0010,Furniture,64,137,97.43,118.37,42.725685
2024-01-02,S001-P0010,Furniture,34,67,98.63,118.37,36.285355
2024-01-03,S001-P0010,Furniture,31,45,97.38,118.37,35.49343
2024-01-04,S001-P0010,Furniture,37,220,100.08,118.37,47.256283
2024-01-05,S001-P0010,Furniture,57,182,102.06,118.37,45.289246
2024-01-06,S001-P0010,Furniture,24,118,104.84,118.37,39.499058
2024-01-07,S001-P0010,Furniture,43,96,101.74,118.37,46.342197
2024-01-08,S001-P0010,Furniture,24,47,99.95,118.37,34.660496
2024-01-09,S001-P0010,Furniture,63,282,116.97,118.37,76.603935
2024-01-10,S001-P0010,Furniture,59,213,96.92,118.37,105.83114
2024-01-11,S001-P0010,Furniture,43,160,102.58,118.37,77.97819
2024-01-12,S001-P0010,Furniture,76,111,128.89,118.37,82.22053
2024-01-13,S001-P0010,Furniture,96,303,130.73,118.37,72.14927
2024-01-14,S001-P0010,Furniture,46,230,109.5,118.37,84.29481
2024-01-15,S001-P0010,Furniture,77,192,122.88,118.37,78.73522
2024-01-16,S001-P0010,Furniture,66,443,98.06,118.37,101.524414
2024-01-17,S001-P0010,Furniture,94,386,109.67,118.37,102.08999
2024-01-18,S001-P0010,Furniture,71,313,120.44,118.37,72.632706
2024-01-19,S001-P0010,Furniture,31,233,113.97,118.37,76.180984
2024-01-20,S001-P0010,Furniture,92,199,136.09,118.37,71.42316
2024-01-21,S001-P0010,Furniture,69,495,100.46,118.37,101.74725
2024-01-22,S001-P0010,Furniture,89,451,127.99,118.37,75.20988
2024-01-23,S001-P0010,Furniture,74,377,127.84,118.37,76.03573
2024-01-24,S001-P0010,Furniture,149,311,121.76,118.37,102.34527
2024-01-25,S001-P0010,Furniture,79,210,130.3,118.37,76.880455
2024-01-26,S001-P0010,Furniture,91,128,143.16,118.37,82.74445
2024-01-27,S001-P0010,Furniture,68,46,112.68,118.37,107.5415
2024-01-28,S001-P0010,Furniture,82,640,118.39,118.37,81.50968
2024-01-29,S001-P0010,Furniture,68,583,125.31,118.37,83.29258
2024-01-30,S001-P0010,Furniture,69,518,125.82,118.37,79.66715
2023-10-03,S001-P0011,Furniture,67,216,149.88,150.84,87.98504
2023-10-04,S001-P0011,Furniture,104,141,169.91,150.84,83.159386
2023-10-05,S001-P0011,Furniture,65,180,148.21,150.84,84.82551
2023-10-06,S001-P0011,Furniture,86,322,168.7,150.84,82.08172
2023-10-07,S001-P0011,Furniture,23,245,99.39,150.84,59.610752
2023-10-08,S001-P0011,Furniture,25,217,126.63,150.84,52.398067
2023-10-09,S001-P0011,Furniture,24,198,125.66,150.84,36.267086
2023-10-10,S001-P0011,Furniture,48,176,110.29,150.84,45.37617
2023-10-11,S001-P0011,Furniture,36,126,132.67,150.84,32.61323
2023-10-12,S001-P0011,Furniture,36,186,125.32,150.84,45.154987
2023-10-13,S001-P0011,Furniture,24,147,139.85,150.84,35.263668
2023-10-14,S001-P0011,Furniture,18,132,136.24,150.84,35.081203
2023-10-15,S001-P0011,Furniture,38,111,141.22,150.84,33.73746
2023-10-16,S001-P0011,Furniture,34,69,138.77,150.84,33.922318
2023-10-17,S001-P0011,Furniture,79,100,132.0,150.84,49.064846
2023-10-18,S001-P0011,Furniture,17,102,128.94,150.84,39.448467
2023-10-19,S001-P0011,Furniture,20,271,123.45,150.84,49.507298
2023-10-20,S001-P0011,Furniture,32,254,137.56,150.84,33.71547
2023-10-21,S001-P0011,Furniture,42,224,114.49,150.84,45.792328
2023-10-22,S001-P0011,Furniture,67,184,157.99,150.84,35.432026
2023-10-23,S001-P0011,Furniture,42,120,135.87,150.84,54.76996
2023-10-24,S001-P0011,Furniture,22,206,131.56,150.84,42.040672
2023-10-25,S001-P0011,Furniture,105,182,161.75,150.84,82.43216
2023-10-26,S001-P0011,Furniture,110,110,146.15,150.84,117.87702
2023-10-27,S001-P0011,Furniture,110,254,182.59,150.84,83.534935
2023-10-28,S001-P0011,Furniture,117,187,187.05,150.84,90.09092
2023-10-29,S001-P0011,Furniture,77,256,163.68,150.84,86.11185
2023-10-30,S001-P0011,Furniture,86,169,160.4,150.84,93.95154
2023-10-31,S001-P0011,Furniture,53,84,141.9,150.84,90.27477
2023-11-01,S001-P0011,Furniture,39,242,149.25,150.84,90.258224
2023-11-02,S001-P0011,Furniture,71,197,160.2,150.84,83.10736
2023-11-03,S001-P0011,Furniture,64,136,156.17,150.84,85.18444
2023-11-04,S001-P0011,Furniture,29,240,128.62,150.84,107.91893
2023-11-05,S001-P0011,Furniture,71,216,151.59,150.84,81.38165
2023-11-06,S001-P0011,Furniture,78,173,146.99,150.84,105.02485
2023-11-07,S001-P0011,Furniture,78,247,156.09,150.84,82.46073
2023-11-08,S001-P0011,Furniture,82,179,157.64,150.84,82.27213
2023-11-09,S001-P0011,Furniture,77,293,163.4,150.84,80.62027
2023-11-10,S001-P0011,Furniture,36,215,147.41,150.84,79.31563
2023-11-11,S001-P0011,Furniture,108,186,154.49,150.84,102.77866
2023-11-12,S001-P0011,Furniture,74,101,161.82,150.84,76.851326
2023-11-13,S001-P0011,Furniture,96,253,183.83,150.84,80.93156
2023-11-14,S001-P0011,Furniture,43,145,136.95,150.84,80.45856
2023-11-15,S001-P0011,Furniture,69,272,142.35,150.84,108.84615
2023-11-16,S001-P0011,Furniture,85,222,159.66,150.84,77.89623
2023-11-17,S001-P0011,Furniture,119,167,158.42,150.84,107.414314
2023-11-18,S001-P0011,Furniture,116,178,139.6,150.84,105.484085
2023-11-19,S001-P0011,Furniture,83,311,158.58,150.84,81.334236
2023-11-20,S001-P0011,Furniture,46,246,137.92,150.84,81.97962
2023-11-21,S001-P0011,Furniture,88,209,152.42,150.84,106.63366
2023-11-22,S001-P0011,Furniture,41,120,142.88,150.84,79.395676
2023-11-23,S001-P0011,Furniture,43,232,136.57,150.84,77.074
2023-11-24,S001-P0011,Furniture,114,190,175.64,150.84,94.81582
2023-11-25,S001-P0011,Furniture,65,86,125.44,150.84,102.43398
2023-11-26,S001-P0011,Furniture,75,235,121.92,150.84,102.5871
2023-11-27,S001-P0011,Furniture,103,186,169.73,150.84,73.45102
2023-11-28,S001-P0011,Furniture,71,276,152.0,150.84,77.03695
2023-11-29,S001-P0011,Furniture,105,215,180.18,150.84,78.46199
2023-11-30,S001-P0011,Furniture,101,145,168.47,150.84,79.531784
2023-12-01,S001-P0011,Furniture,151,245,186.15,150.84,108.62127
2023-12-02,S001-P0011,Furniture,78,70,155.8,150.84,84.31713
2023-12-03,S001-P0011,Furniture,75,326,162.27,150.84,86.734886
2023-12-04,S001-P0011,Furniture,124,245,150.76,150.84,109.31629
2023-12-05,S001-P0011,Furniture,61,125,162.63,150.84,86.44365
2023-12-06,S001-P0011,Furniture,136,272,158.27,150.84,111.705956
2023-12-07,S001-P0011,Furniture,120,181,169.96,150.84,115.280106
2023-12-08,S001-P0011,Furniture,51,409,148.8,150.84,90.09844
2023-12-09,S001-P0011,Furniture,82,358,157.64,150.84,112.53835
2023-12-10,S001-P0011,Furniture,79,278,165.11,150.84,85.3464
2023-12-11,S001-P0011,Furniture,92,217,137.77,150.84,112.07841
2023-12-12,S001-P0011,Furniture,85,120,159.55,150.84,81.507
2023-12-13,S001-P0011,Furniture,75,245,146.12,150.84,85.32274
2023-12-14,S001-P0011,Furniture,44,163,144.38,150.84,83.88952
2023-12-15,S001-P0011,Furniture,42,123,136.25,150.84,80.330444
2023-12-16,S001-P0011,Furniture,66,168,140.95,150.84,100.25735
2023-12-17,S001-P0011,Furniture,93,127,181.87,150.84,73.31794
2023-12-18,S001-P0011,Furniture,85,183,168.18,150.84,78.0864
2023-12-19,S001-P0011,Furniture,92,316,163.51,150.84,104.49085
2023-12-20,S001-P0011,Furniture,71,232,160.24,150.84,78.31862
2023-12-21,S001-P0011,Furniture,74,162,153.15,150.84,80.09145
2023-12-22,S001-P0011,Furniture,116,246,156.94,150.84,104.96615
2023-12-23,S001-P0011,Furniture,58,142,152.39,150.84,77.76446
2023-12-24,S001-P0011,Furniture,75,304,154.47,150.84,81.57803
2023-12-25,S001-P0011,Furniture,59,254,138.04,150.84,75.867744
2023-12-26,S001-P0011,Furniture,71,202,134.99,150.84,103.69751
2023-12-27,S001-P0011,Furniture,19,126,130.0,150.84,38.75017
2023-12-28,S001-P0011,Furniture,66,259,157.22,150.84,35.807175
2023-12-29,S001-P0011,Furniture,59,208,145.11,150.84,33.156612
2023-12-30,S001-P0011,Furniture,28,155,127.97,150.84,39.235577
2023-12-31,S001-P0011,Furniture,25,247,140.19,150.84,33.95306
2024-01-01,S001-P0011,Furniture,31,227,123.26,150.84,40.376278
2024-01-02,S001-P0011,Furniture,39,193,149.12,150.84,29.881023
2024-01-03,S001-P0011,Furniture,23,160,125.44,150.84,40.051113
2024-01-04,S001-P0011,Furniture,46,137,124.02,150.84,39.629333
2024-01-05,S001-P0011,Furniture,63,103,124.58,150.84,39.508747
2024-01-06,S001-P0011,Furniture,35,130,109.87,150.84,45.99296
2024-01-07,S001-P0011,Furniture,18,222,129.5,150.84,35.07648
2024-01-08,S001-P0011,Furniture,72,204,144.87,150.84,32.983143
2024-01-09,S001-P0011,Furniture,84,154,159.29,150.84,77.34636
2024-01-10,S001-P0011,Furniture,43,246,136.59,150.84,83.46987
2024-01-11,S001-P0011,Furniture,128,210,152.51,150.84,108.95855
2024-01-12,S001-P0011,Furniture,58,133,144.73,150.84,86.0985
2024-01-13,S001-P0011,Furniture,183,337,191.71,150.84,115.218544
2024-01-14,S001-P0011,Furniture,81,190,166.0,150.84,89.39737
2024-01-15,S001-P0011,Furniture,76,391,138.8,150.84,123.78047
2024-01-16,S001-P0011,Furniture,50,313,133.22,150.84,92.46336
2024-01-17,S001-P0011,Furniture,94,277,130.22,150.84,114.45679
2024-01-18,S001-P0011,Furniture,86,219,151.86,150.84,81.87551
2024-01-19,S001-P0011,Furniture,69,339,159.24,150.84,87.00976
2024-01-20,S001-P0011,Furniture,114,295,146.18,150.84,109.97329
2024-01-21,S001-P0011,Furniture,68,201,166.55,150.84,85.88645
2024-01-22,S001-P0011,Furniture,100,402,159.25,150.84,89.21978
2024-01-23,S001-P0011,Furniture,145,324,192.51,150.84,89.12686
2024-01-24,S001-P0011,Furniture,40,162,134.63,150.84,93.64054
2024-01-25,S001-P0011,Furniture,92,430,172.65,150.84,93.798195
2024-01-26,S001-P0011,Furniture,106,356,170.78,150.84,88.74894
2024-01-27,S001-P0011,Furniture,79,243,156.51,150.84,92.68276
2024-01-28,S001-P0011,Furniture,95,192,183.39,150.84,93.23573
2024-01-29,S001-P0011,Furniture,65,249,148.68,150.84,92.21999
2024-01-30,S001-P0011,Furniture,44,204,144.42,150.84,92.63549
2023-10-03,S001-P0012,Groceries,215,197,90.7,81.95,151.05432
2023-10-04,S001-P0012,Groceries,119,358,93.27,81.95,121.76696
2023-10-05,S001-P0012,Groceries,101,278,79.29,81.95,123.19027
2023-10-06,S001-P0012,Groceries,104,170,80.28,81.95,116.79948
2023-10-07,S001-P0012,Groceries,83,272,74.58,81.95,86.48342
2023-10-08,S001-P0012,Groceries,49,222,69.28,81.95,85.9831
2023-10-09,S001-P0012,Groceries,64,191,73.57,81.95,80.76772
2023-10-10,S001-P0012,Groceries,94,151,72.97,81.95,92.99878
2023-10-11,S001-P0012,Groceries,29,165,57.44,81.95,78.815956
2023-10-12,S001-P0012,Groceries,103,353,67.38,81.95,88.821594
2023-10-13,S001-P0012,Groceries,78,282,69.23,81.95,94.629654
2023-10-14,S001-P0012,Groceries,98,229,65.32,81.95,90.94282
2023-10-15,S001-P0012,Groceries,46,157,64.93,81.95,73.723854
2023-10-16,S001-P0012,Groceries,94,306,81.82,81.95,71.84405
2023-10-17,S001-P0012,Groceries,76,193,72.78,81.95,76.23219
2023-10-18,S001-P0012,Groceries,80,127,61.49,81.95,98.48176
2023-10-19,S001-P0012,Groceries,79,194,69.71,81.95,74.39579
2023-10-20,S001-P0012,Groceries,77,112,68.8,81.95,97.40374
2023-10-21,S001-P0012,Groceries,141,231,80.37,81.95,98.72249
2023-10-22,S001-P0012,Groceries,77,82,77.1,81.95,77.42034
2023-10-23,S001-P0012,Groceries,61,317,76.58,81.95,85.10365
2023-10-24,S001-P0012,Groceries,83,247,82.74,81.95,77.1587
2023-10-25,S001-P0012,Groceries,124,178,75.78,81.95,145.87346
2023-10-26,S001-P0012,Groceries,120,242,88.78,81.95,108.95072
2023-10-27,S001-P0012,Groceries,96,156,78.13,81.95,110.44256
2023-10-28,S001-P0012,Groceries,106,298,84.87,81.95,104.78454
2023-10-29,S001-P0012,Groceries,195,201,109.23,81.95,109.62077
2023-10-30,S001-P0012,Groceries,144,64,85.88,81.95,110.64347
2023-10-31,S001-P0012,Groceries,71,353,79.29,81.95,115.44486
2023-11-01,S001-P0012,Groceries,164,293,90.25,81.95,141.22719
2023-11-02,S001-P0012,Groceries,115,121,83.18,81.95,117.669075
2023-11-03,S001-P0012,Groceries,103,406,75.31,81.95,142.80934
2023-11-04,S001-P0012,Groceries,156,332,103.78,81.95,114.36107
2023-11-05,S001-P0012,Groceries,107,159,85.15,81.95,114.45127
2023-11-06,S001-P0012,Groceries,123,407,89.48,81.95,115.831276
2023-11-07,S001-P0012,Groceries,133,290,92.22,81.95,116.0693
2023-11-08,S001-P0012,Groceries,133,133,92.36,81.95,119.81399
2023-11-09,S001-P0012,Groceries,148,291,91.28,81.95,146.31676
2023-11-10,S001-P0012,Groceries,172,164,82.5,81.95,150.75598
2023-11-11,S001-P0012,Groceries,100,351,74.9,81.95,118.95859
2023-11-12,S001-P0012,Groceries,130,267,86.84,81.95,120.82737
2023-11-13,S001-P0012,Groceries,85,148,71.18,81.95,115.39824
2023-11-14,S001-P0012,Groceries,76,327,60.53,81.95,150.36194
2023-11-15,S001-P0012,Groceries,129,259,91.33,81.95,113.63289
2023-11-16,S001-P0012,Groceries,173,149,103.18,81.95,118.6904
2023-11-17,S001-P0012,Groceries,148,232,91.25,81.95,116.80541
2023-11-18,S001-P0012,Groceries,155,418,78.61,81.95,147.4161
2023-11-19,S001-P0012,Groceries,193,308,92.43,81.95,151.37572
2023-11-20,S001-P0012,Groceries,127,125,95.37,81.95,125.356674
2023-11-21,S001-P0012,Groceries,97,450,78.3,81.95,123.09045
2023-11-22,S001-P0012,Groceries,59,372,75.77,81.95,118.14869
2023-11-23,S001-P0012,Groceries,142,313,80.56,81.95,147.43
2023-11-24,S001-P0012,Groceries,159,206,94.13,81.95,147.19421
2023-11-25,S001-P0012,Groceries,169,410,96.7,81.95,117.393326
2023-11-26,S001-P0012,Groceries,145,294,90.55,81.95,144.8607
2023-11-27,S001-P0012,Groceries,92,555,81.05,81.95,117.87586
2023-11-28,S001-P0012,Groceries,117,483,92.52,81.95,118.65741
2023-11-29,S001-P0012,Groceries,137,379,93.47,81.95,119.70286
2023-11-30,S001-P0012,Groceries,117,250,88.05,81.95,114.9847
2023-12-01,S001-P0012,Groceries,67,140,70.7,81.95,116.49253
2023-12-02,S001-P0012,Groceries,137,334,84.12,81.95,142.58153
2023-12-03,S001-P0012,Groceries,162,212,85.21,81.95,144.12929
2023-12-04,S001-P0012,Groceries,146,396,101.07,81.95,114.72763
2023-12-05,S001-P0012,Groceries,34,225,61.93,81.95,115.18398
2023-12-06,S001-P0012,Groceries,118,203,88.17,81.95,113.60167
2023-12-07,S001-P0012,Groceries,176,78,104.12,81.95,116.462715
2023-12-08,S001-P0012,Groceries,153,220,97.7,81.95,116.3592
2023-12-09,S001-P0012,Groceries,159,522,94.16,81.95,148.54109
2023-12-10,S001-P0012,Groceries,169,346,92.05,81.95,147.06496
2023-12-11,S001-P0012,Groceries,116,166,65.81,81.95,151.29216
2023-12-12,S001-P0012,Groceries,89,344,72.29,81.95,120.78988
2023-12-13,S001-P0012,Groceries,107,266,89.74,81.95,117.32906
2023-12-14,S001-P0012,Groceries,94,173,77.48,81.95,113.441055
2023-12-15,S001-P0012,Groceries,124,305,80.35,81.95,142.23744
2023-12-16,S001-P0012,Groceries,112,208,91.13,81.95,113.68748
2023-12-17,S001-P0012,Groceries,170,355,96.94,81.95,138.4775
2023-12-18,S001-P0012,Groceries,170,252,92.18,81.95,110.336235
2023-12-19,S001-P0012,Groceries,239,440,108.5,81.95,143.77544
2023-12-20,S001-P0012,Groceries,98,232,78.63,81.95,123.36931
2023-12-21,S001-P0012,Groceries,49,713,65.6,81.95,121.92585
2023-12-22,S001-P0012,Groceries,141,669,89.66,81.95,145.59909
2023-12-23,S001-P0012,Groceries,83,550,74.66,81.95,114.67736
2023-12-24,S001-P0012,Groceries,140,486,94.34,81.95,115.648155
2023-12-25,S001-P0012,Groceries,112,328,78.06,81.95,144.6746
2023-12-26,S001-P0012,Groceries,109,199,81.53,81.95,112.59684
2023-12-27,S001-P0012,Groceries,50,120,62.65,81.95,78.59158
2023-12-28,S001-P0012,Groceries,111,255,86.22,81.95,77.13358
2023-12-29,S001-P0012,Groceries,86,186,75.61,81.95,78.16539
2023-12-30,S001-P0012,Groceries,28,282,57.28,81.95,84.43596
2023-12-31,S001-P0012,Groceries,43,251,67.86,81.95,71.67638
2024-01-01,S001-P0012,Groceries,15,212,63.12,81.95,63.021782
2024-01-02,S001-P0012,Groceries,50,196,66.26,81.95,53.503403
2024-01-03,S001-P0012,Groceries,113,144,82.56,81.95,50.72713
2024-01-04,S001-P0012,Groceries,40,13,67.01,81.95,64.31739
2024-01-05,S001-P0012,Groceries,63,260,69.53,81.95,68.32652
2024-01-06,S001-P0012,Groceries,122,217,84.82,81.95,62.38856
2024-01-07,S001-P0012,Groceries,108,127,81.01,81.95,101.53482
2024-01-08,S001-P0012,Groceries,43,267,71.18,81.95,83.822945
2024-01-09,S001-P0012,Groceries,185,239,80.01,81.95,136.3497
2024-01-10,S001-P0012,Groceries,58,38,71.73,81.95,111.18505
2024-01-11,S001-P0012,Groceries,133,304,72.86,81.95,142.62411
2024-01-12,S001-P0012,Groceries,169,166,96.9,81.95,136.34904
2024-01-13,S001-P0012,Groceries,117,359,69.37,81.95,147.67363
2024-01-14,S001-P0012,Groceries,117,277,88.01,81.95,114.50854
2024-01-15,S001-P0012,Groceries,54,149,67.16,81.95,110.56348
2024-01-16,S001-P0012,Groceries,87,289,79.63,81.95,107.38494
2024-01-17,S001-P0012,Groceries,127,197,81.25,81.95,130.72247
2024-01-18,S001-P0012,Groceries,75,54,65.04,81.95,133.43242
2024-01-19,S001-P0012,Groceries,100,286,83.37,81.95,101.95145
2024-01-20,S001-P0012,Groceries,139,184,98.81,81.95,100.969734
2024-01-21,S001-P0012,Groceries,154,80,103.34,81.95,102.91199
2024-01-22,S001-P0012,Groceries,69,255,62.94,81.95,140.17949
2024-01-23,S001-P0012,Groceries,121,544,75.62,81.95,135.19691
2024-01-24,S001-P0012,Groceries,126,415,95.33,81.95,102.50115
2024-01-25,S001-P0012,Groceries,112,298,77.87,81.95,135.91206
2024-01-26,S001-P0012,Groceries,125,228,90.14,81.95,105.96688
2024-01-27,S001-P0012,Groceries,159,373,94.57,81.95,107.42252
2024-01-28,S001-P0012,Groceries,65,199,69.97,81.95,109.52569
2024-01-29,S001-P0012,Groceries,174,505,103.5,81.95,111.79524
2024-01-30,S001-P0012,Groceries,86,396,83.66,81.95,117.742165
2023-10-03,S001-P0013,Toys,106,136,27.24,30.62,123.41575
2023-10-04,S001-P0013,Toys,84,100,30.46,30.62,93.98448
2023-10-05,S001-P0013,Toys,86,115,30.62,30.62,97.21931
2023-10-06,S001-P0013,Toys,71,148,30.54,30.62,92.595955
2023-10-07,S001-P0013,Toys,31,90,23.49,30.62,56.02132
2023-10-08,S001-P0013,Toys,21,120,23.75,30.62,45.59113
2023-10-09,S001-P0013,Toys,41,97,28.64,30.62,43.714718
2023-10-10,S001-P0013,Toys,47,111,24.93,30.62,51.052628
2023-10-11,S001-P0013,Toys,14,62,22.95,30.62,39.530643
2023-10-12,S001-P0013,Toys,28,102,23.21,30.62,47.610294
2023-10-13,S001-P0013,Toys,23,71,22.69,30.62,36.411995
2023-10-14,S001-P0013,Toys,12,103,22.86,30.62,35.845963
2023-10-15,S001-P0013,Toys,33,95,23.72,30.62,33.417343
2023-10-16,S001-P0013,Toys,48,108,26.58,30.62,41.01903
2023-10-17,S001-P0013,Toys,35,111,22.4,30.62,46.268623
2023-10-18,S001-P0013,Toys,51,75,28.35,30.62,33.942894
2023-10-19,S001-P0013,Toys,70,76,28.86,30.62,38.02907
2023-10-20,S001-P0013,Toys,18,76,22.09,30.62,57.95792
2023-10-21,S001-P0013,Toys,44,114,29.01,30.62,43.079964
2023-10-22,S001-P0013,Toys,69,75,27.21,30.62,52.87055
2023-10-23,S001-P0013,Toys,15,98,21.96,30.62,58.409096
2023-10-24,S001-P0013,Toys,10,84,23.85,30.62,39.71689
2023-10-25,S001-P0013,Toys,102,74,27.24,30.62,103.712364
2023-10-26,S001-P0013,Toys,118,114,37.72,30.62,79.0337
2023-10-27,S001-P0013,Toys,91,121,31.19,30.62,84.0335
2023-10-28,S001-P0013,Toys,56,117,28.86,30.62,81.450836
2023-10-29,S001-P0013,Toys,25,111,24.11,30.62,85.82523
2023-10-30,S001-P0013,Toys,131,86,37.27,30.62,81.74622
2023-10-31,S001-P0013,Toys,92,147,31.21,30.62,84.44875
2023-11-01,S001-P0013,Toys,121,173,30.73,30.62,112.54268
2023-11-02,S001-P0013,Toys,93,177,31.23,30.62,87.5151
2023-11-03,S001-P0013,Toys,104,85,32.56,30.62,88.98083
2023-11-04,S001-P0013,Toys,110,124,33.12,30.62,90.49435
2023-11-05,S001-P0013,Toys,103,118,30.66,30.62,118.714
2023-11-06,S001-P0013,Toys,76,143,32.76,30.62,91.97243
2023-11-07,S001-P0013,Toys,85,83,32.16,30.62,93.5383
2023-11-08,S001-P0013,Toys,153,109,31.3,30.62,118.509605
2023-11-09,S001-P0013,Toys,60,138,26.41,30.62,91.672585
2023-11-10,S001-P0013,Toys,69,77,30.33,30.62,92.64958
2023-11-11,S001-P0013,Toys,86,65,33.95,30.62,91.12449
2023-11-12,S001-P0013,Toys,49,81,26.76,30.62,93.21548
2023-11-13,S001-P0013,Toys,61,102,27.92,30.62,88.63021
2023-11-14,S001-P0013,Toys,114,124,30.07,30.62,112.972435
2023-11-15,S001-P0013,Toys,79,105,31.44,30.62,86.26825
2023-11-16,S001-P0013,Toys,115,93,33.62,30.62,113.61578
2023-11-17,S001-P0013,Toys,46,105,26.3,30.62,88.070885
2023-11-18,S001-P0013,Toys,59,113,23.36,30.62,111.63687
2023-11-19,S001-P0013,Toys,39,113,25.7,30.62,81.32966
2023-11-20,S001-P0013,Toys,91,76,29.52,30.62,104.536606
2023-11-21,S001-P0013,Toys,61,99,25.06,30.62,104.47384
2023-11-22,S001-P0013,Toys,101,112,35.67,30.62,79.996544
2023-11-23,S001-P0013,Toys,102,128,26.82,30.62,102.69846
2023-11-24,S001-P0013,Toys,53,124,28.54,30.62,81.71429
2023-11-25,S001-P0013,Toys,33,75,22.18,30.62,104.61619
2023-11-26,S001-P0013,Toys,68,96,28.69,30.62,78.09109
2023-11-27,S001-P0013,Toys,133,99,39.43,30.62,77.21636
2023-11-28,S001-P0013,Toys,126,125,36.62,30.62,81.34573
2023-11-29,S001-P0013,Toys,94,147,33.11,30.62,81.802025
2023-11-30,S001-P0013,Toys,73,163,30.84,30.62,85.08007
2023-12-01,S001-P0013,Toys,65,76,23.94,30.62,111.0854
2023-12-02,S001-P0013,Toys,161,72,34.19,30.62,114.69836
2023-12-03,S001-P0013,Toys,115,169,33.73,30.62,86.25152
2023-12-04,S001-P0013,Toys,134,166,33.61,30.62,119.148895
2023-12-05,S001-P0013,Toys,45,177,24.81,30.62,119.43406
2023-12-06,S001-P0013,Toys,136,135,28.37,30.62,123.873055
2023-12-07,S001-P0013,Toys,83,178,30.18,30.62,87.46892
2023-12-08,S001-P0013,Toys,103,92,34.12,30.62,93.776634
2023-12-09,S001-P0013,Toys,45,127,26.18,30.62,88.143684
2023-12-10,S001-P0013,Toys,101,100,32.17,30.62,94.155106
2023-12-11,S001-P0013,Toys,100,107,33.78,30.62,91.76904
2023-12-12,S001-P0013,Toys,65,95,31.47,30.62,91.563446
2023-12-13,S001-P0013,Toys,77,121,28.1,30.62,115.121
2023-12-14,S001-P0013,Toys,100,107,32.13,30.62,89.405525
2023-12-15,S001-P0013,Toys,122,156,34.4,30.62,90.46901
2023-12-16,S001-P0013,Toys,65,150,28.4,30.62,92.41399
2023-12-17,S001-P0013,Toys,146,93,36.8,30.62,116.62942
2023-12-18,S001-P0013,Toys,83,137,31.94,30.62,93.745705
2023-12-19,S001-P0013,Toys,143,136,36.64,30.62,95.93044
2023-12-20,S001-P0013,Toys,128,125,31.04,30.62,128.7636
2023-12-21,S001-P0013,Toys,108,126,34.72,30.62,99.582825
2023-12-22,S001-P0013,Toys,123,139,29.07,30.62,128.43153
2023-12-23,S001-P0013,Toys,54,148,28.72,30.62,103.25222
2023-12-24,S001-P0013,Toys,161,113,38.47,30.62,102.24395
2023-12-25,S001-P0013,Toys,115,195,35.47,30.62,101.74567
2023-12-26,S001-P0013,Toys,75,93,32.6,30.62,104.852554
2023-12-27,S001-P0013,Toys,44,114,21.77,30.62,80.17446
2023-12-28,S001-P0013,Toys,30,73,27.37,30.62,61.84525
2023-12-29,S001-P0013,Toys,28,105,25.84,30.62,52.22887
2023-12-30,S001-P0013,Toys,13,84,25.4,30.62,48.759315
2023-12-31,S001-P0013,Toys,42,75,25.89,30.62,40.55109
2024-01-01,S001-P0013,Toys,21,97,23.79,30.62,40.58358
2024-01-02,S001-P0013,Toys,16,72,20.8,30.62,48.095745
2024-01-03,S001-P0013,Toys,47,110,25.1,30.62,34.77993
2024-01-04,S001-P0013,Toys,23,79,22.7,30.62,36.414825
2024-01-05,S001-P0013,Toys,16,114,20.8,30.62,47.400776
2024-01-06,S001-P0013,Toys,34,95,27.91,30.62,36.636757
2024-01-07,S001-P0013,Toys,28,113,21.74,30.62,44.72472
2024-01-08,S001-P0013,Toys,25,84,24.17,30.62,33.820343
2024-01-09,S001-P0013,Toys,129,109,29.21,30.62,102.08842
2024-01-10,S001-P0013,Toys,163,146,36.65,30.62,114.65094
2024-01-11,S001-P0013,Toys,74,175,30.87,30.62,93.27527
2024-01-12,S001-P0013,Toys,36,94,24.02,30.62,95.14091
2024-01-13,S001-P0013,Toys,138,102,37.95,30.62,89.672966
2024-01-14,S001-P0013,Toys,63,118,28.17,30.62,95.86408
2024-01-15,S001-P0013,Toys,77,141,31.26,30.62,93.49521
2024-01-16,S001-P0013,Toys,152,76,31.22,30.62,117.08503
2024-01-17,S001-P0013,Toys,135,153,33.9,30.62,120.695
2024-01-18,S001-P0013,Toys,61,162,27.88,30.62,94.292595
2024-01-19,S001-P0013,Toys,105,125,32.67,30.62,93.85575
2024-01-20,S001-P0013,Toys,120,146,32.4,30.62,92.644226
2024-01-21,S001-P0013,Toys,132,168,39.25,30.62,95.884445
2024-01-22,S001-P0013,Toys,91,185,29.56,30.62,100.153
2024-01-23,S001-P0013,Toys,99,117,26.94,30.62,129.23701
2024-01-24,S001-P0013,Toys,84,168,33.73,30.62,98.950966
2024-01-25,S001-P0013,Toys,174,98,39.74,30.62,125.823235
2024-01-26,S001-P0013,Toys,104,200,30.78,30.62,99.35008
2024-01-27,S001-P0013,Toys,69,101,22.75,30.62,132.64015
2024-01-28,S001-P0013,Toys,57,92,27.54,30.62,97.69942
2024-01-29,S001-P0013,Toys,109,93,33.06,30.62,97.508354
2024-01-30,S001-P0013,Toys,116,91,33.76,30.62,97.86352
2023-10-03,S001-P0014,Groceries,126,676,83.86,72.255,103.22605
2023-10-04,S001-P0014,Groceries,86,586,66.38,72.255,101.6593
2023-10-05,S001-P0014,Groceries,28,490,53.07,72.255,103.5685
2023-10-06,S001-P0014,Groceries,39,460,55.71,72.255,101.52454
2023-10-07,S001-P0014,Groceries,70,422,62.67,72.255,53.467228
2023-10-08,S001-P0014,Groceries,82,370,51.75,72.255,67.222565
2023-10-09,S001-P0014,Groceries,211,279,75.06,72.255,68.70951
2023-10-10,S001-P0014,Groceries,42,57,56.31,72.255,64.25763
2023-10-11,S001-P0014,Groceries,143,26,75.29,72.255,94.93416
2023-10-12,S001-P0014,Groceries,75,532,60.3,72.255,105.54678
2023-10-13,S001-P0014,Groceries,71,479,66.4,72.255,82.78697
2023-10-14,S001-P0014,Groceries,69,425,58.92,72.255,99.059944
2023-10-15,S001-P0014,Groceries,103,382,55.55,72.255,92.13128
2023-10-16,S001-P0014,Groceries,56,276,62.86,72.255,72.34437
2023-10-17,S001-P0014,Groceries,86,240,62.88,72.255,93.702576
2023-10-18,S001-P0014,Groceries,116,492,61.03,72.255,91.4711
2023-10-19,S001-P0014,Groceries,139,374,65.25,72.255,94.99478
2023-10-20,S001-P0014,Groceries,93,228,71.7,72.255,77.685524
2023-10-21,S001-P0014,Groceries,101,160,66.16,72.255,80.85685
2023-10-22,S001-P0014,Groceries,70,480,59.17,72.255,107.64327
2023-10-23,S001-P0014,Groceries,80,435,68.44,72.255,83.9055
2023-10-24,S001-P0014,Groceries,27,383,50.13,72.255,80.550125
2023-10-25,S001-P0014,Groceries,91,357,64.1,72.255,109.95005
2023-10-26,S001-P0014,Groceries,144,279,75.51,72.255,109.315315
2023-10-27,S001-P0014,Groceries,21,160,57.13,72.255,105.45555
2023-10-28,S001-P0014,Groceries,165,146,80.06,72.255,105.123985
2023-10-29,S001-P0014,Groceries,113,427,72.57,72.255,109.06931
2023-10-30,S001-P0014,Groceries,113,356,76.38,72.255,107.236916
2023-10-31,S001-P0014,Groceries,116,674,69.37,72.255,108.54315
2023-11-01,S001-P0014,Groceries,138,546,78.12,72.255,111.16476
2023-11-02,S001-P0014,Groceries,194,433,80.87,72.255,139.6282
2023-11-03,S001-P0014,Groceries,83,218,55.46,72.255,145.20506
2023-11-04,S001-P0014,Groceries,84,137,54.87,72.255,144.54985
2023-11-05,S001-P0014,Groceries,84,701,54.94,72.255,139.79941
2023-11-06,S001-P0014,Groceries,102,607,66.48,72.255,111.72382
2023-11-07,S001-P0014,Groceries,98,513,72.75,72.255,107.61551
2023-11-08,S001-P0014,Groceries,101,437,69.7,72.255,134.4557
2023-11-09,S001-P0014,Groceries,71,362,62.82,72.255,105.51029
2023-11-10,S001-P0014,Groceries,132,292,64.02,72.255,129.17831
2023-11-11,S001-P0014,Groceries,173,171,76.46,72.255,128.09367
2023-11-12,S001-P0014,Groceries,112,23,60.09,72.255,132.7073
2023-11-13,S001-P0014,Groceries,140,348,78.64,72.255,105.150406
2023-11-14,S001-P0014,Groceries,153,816,67.92,72.255,135.00111
2023-11-15,S001-P0014,Groceries,145,700,67.33,72.255,139.11523
2023-11-16,S001-P0014,Groceries,86,574,69.96,72.255,109.53498
2023-11-17,S001-P0014,Groceries,75,495,70.82,72.255,109.109695
2023-11-18,S001-P0014,Groceries,135,430,81.78,72.255,104.41589
2023-11-19,S001-P0014,Groceries,112,279,72.34,72.255,108.29672
2023-11-20,S001-P0014,Groceries,111,155,75.93,72.255,105.769615
2023-11-21,S001-P0014,Groceries,94,390,64.73,72.255,107.911354
2023-11-22,S001-P0014,Groceries,74,310,67.17,72.255,106.90404
2023-11-23,S001-P0014,Groceries,127,239,84.06,72.255,107.01788
2023-11-24,S001-P0014,Groceries,150,151,81.19,72.255,106.27164
2023-11-25,S001-P0014,Groceries,176,19,87.14,72.255,106.252625
2023-11-26,S001-P0014,Groceries,108,454,71.56,72.255,107.987854
2023-11-27,S001-P0014,Groceries,169,338,89.97,72.255,111.56258
2023-11-28,S001-P0014,Groceries,80,766,65.14,72.255,115.47908
2023-11-29,S001-P0014,Groceries,65,697,64.93,72.255,117.03623
2023-11-30,S001-P0014,Groceries,122,632,78.66,72.255,112.89692
2023-12-01,S001-P0014,Groceries,105,509,74.56,72.255,114.99775
2023-12-02,S001-P0014,Groceries,83,418,72.83,72.255,111.40699
2023-12-03,S001-P0014,Groceries,113,331,61.22,72.255,139.33208
2023-12-04,S001-P0014,Groceries,5,203,47.92,72.255,108.9473
2023-12-05,S001-P0014,Groceries,85,199,66.32,72.255,107.53453
2023-12-06,S001-P0014,Groceries,78,510,68.01,72.255,100.45263
2023-12-07,S001-P0014,Groceries,59,446,57.21,72.255,101.94265
2023-12-08,S001-P0014,Groceries,140,384,83.03,72.255,95.8558
2023-12-09,S001-P0014,Groceries,123,262,59.08,72.255,125.60484
2023-12-10,S001-P0014,Groceries,196,171,86.33,72.255,128.55946
2023-12-11,S001-P0014,Groceries,91,475,56.24,72.255,131.64146
2023-12-12,S001-P0014,Groceries,73,417,60.05,72.255,134.59804
2023-12-13,S001-P0014,Groceries,139,956,78.55,72.255,101.67379
2023-12-14,S001-P0014,Groceries,186,806,79.88,72.255,137.89096
2023-12-15,S001-P0014,Groceries,100,593,69.52,72.255,107.40026
2023-12-16,S001-P0014,Groceries,140,522,74.7,72.255,137.29613
2023-12-17,S001-P0014,Groceries,104,425,70.29,72.255,107.24885
2023-12-18,S001-P0014,Groceries,115,336,76.91,72.255,110.17179
2023-12-19,S001-P0014,Groceries,148,202,80.71,72.255,106.974655
2023-12-20,S001-P0014,Groceries,133,97,85.43,72.255,109.624176
2023-12-21,S001-P0014,Groceries,175,395,77.63,72.255,140.60976
2023-12-22,S001-P0014,Groceries,75,265,64.04,72.255,114.504974
2023-12-23,S001-P0014,Groceries,133,214,73.12,72.255,140.27696
2023-12-24,S001-P0014,Groceries,120,675,74.08,72.255,138.25417
2023-12-25,S001-P0014,Groceries,77,533,67.76,72.255,109.44437
2023-12-26,S001-P0014,Groceries,109,452,75.56,72.255,106.714165
2023-12-27,S001-P0014,Groceries,45,368,54.11,72.255,67.858765
2023-12-28,S001-P0014,Groceries,73,317,66.93,72.255,65.70728
2023-12-29,S001-P0014,Groceries,127,248,79.78,72.255,60.83748
2023-12-30,S001-P0014,Groceries,75,98,63.86,72.255,80.500084
2023-12-31,S001-P0014,Groceries,78,35,67.93,72.255,83.34708
2024-01-01,S001-P0014,Groceries,53,334,55.75,72.255,97.0687
2024-01-02,S001-P0014,Groceries,104,290,78.28,72.255,76.495415
2024-01-03,S001-P0014,Groceries,78,226,68.03,72.255,76.572556
2024-01-04,S001-P0014,Groceries,39,173,55.71,72.255,82.96141
2024-01-05,S001-P0014,Groceries,111,506,60.03,72.255,83.16712
2024-01-06,S001-P0014,Groceries,65,421,61.53,72.255,75.09362
2024-01-07,S001-P0014,Groceries,109,345,71.76,72.255,72.61678
2024-01-08,S001-P0014,Groceries,98,247,72.92,72.255,82.872
2024-01-09,S001-P0014,Groceries,108,176,56.45,72.255,140.77283
2024-01-10,S001-P0014,Groceries,134,415,73.44,72.255,117.55982
2024-01-11,S001-P0014,Groceries,55,287,62.47,72.255,116.06556
2024-01-12,S001-P0014,Groceries,171,240,81.38,72.255,113.919556
2024-01-13,S001-P0014,Groceries,91,410,71.28,72.255,117.15168
2024-01-14,S001-P0014,Groceries,119,313,77.97,72.255,119.98292
2024-01-15,S001-P0014,Groceries,105,650,70.53,72.255,114.59463
2024-01-16,S001-P0014,Groceries,76,533,56.99,72.255,149.85237
2024-01-17,S001-P0014,Groceries,52,452,61.86,72.255,107.22507
2024-01-18,S001-P0014,Groceries,169,398,70.92,72.255,130.7775
2024-01-19,S001-P0014,Groceries,109,287,59.56,72.255,136.99055
2024-01-20,S001-P0014,Groceries,186,219,74.22,72.255,143.79985
2024-01-21,S001-P0014,Groceries,128,612,60.03,72.255,142.40892
2024-01-22,S001-P0014,Groceries,193,524,86.07,72.255,148.11696
2024-01-23,S001-P0014,Groceries,86,362,73.71,72.255,115.09161
2024-01-24,S001-P0014,Groceries,172,290,86.18,72.255,117.77584
2024-01-25,S001-P0014,Groceries,67,693,58.86,72.255,115.107124
2024-01-26,S001-P0014,Groceries,116,636,77.16,72.255,121.75353
2024-01-27,S001-P0014,Groceries,178,518,73.74,72.255,144.24081
2024-01-28,S001-P0014,Groceries,59,342,63.59,72.255,122.59295
2024-01-29,S001-P0014,Groceries,77,287,64.29,72.255,116.12441
2024-01-30,S001-P0014,Groceries,86,660,69.99,72.255,115.95375
2023-10-03,S001-P0015,Toys,129,143,16.93,14.895,96.675095
2023-10-04,S001-P0015,Toys,100,153,15.5,14.895,93.96648
2023-10-05,S001-P0015,Toys,87,156,15.62,14.895,96.17814
2023-10-06,S001-P0015,Toys,104,101,14.91,14.895,122.988976
2023-10-07,S001-P0015,Toys,76,117,14.25,14.895,72.907364
2023-10-08,S001-P0015,Toys,9,156,8.59,14.895,70.59628
2023-10-09,S001-P0015,Toys,87,149,14.8,14.895,56.417274
2023-10-10,S001-P0015,Toys,61,173,12.84,14.895,51.89056
2023-10-11,S001-P0015,Toys,41,107,11.86,14.895,52.320145
2023-10-12,S001-P0015,Toys,29,69,11.28,14.895,52.52573
2023-10-13,S001-P0015,Toys,39,100,13.74,14.895,49.33839
2023-10-14,S001-P0015,Toys,27,117,11.76,14.895,48.16331
2023-10-15,S001-P0015,Toys,39,87,11.01,14.895,56.801758
2023-10-16,S001-P0015,Toys,9,96,12.05,14.895,42.329967
2023-10-17,S001-P0015,Toys,67,88,14.56,14.895,40.59677
2023-10-18,S001-P0015,Toys,29,107,12.55,14.895,45.05007
2023-10-19,S001-P0015,Toys,29,76,12.51,14.895,42.896168
2023-10-20,S001-P0015,Toys,33,106,11.49,14.895,39.26827
2023-10-21,S001-P0015,Toys,4,72,11.79,14.895,38.986965
2023-10-22,S001-P0015,Toys,17,68,8.93,14.895,46.039444
2023-10-23,S001-P0015,Toys,26,107,11.77,14.895,32.749554
2023-10-24,S001-P0015,Toys,37,84,9.71,14.895,43.062862
2023-10-25,S001-P0015,Toys,38,105,12.34,14.895,79.18388
2023-10-26,S001-P0015,Toys,119,74,13.69,14.895,101.784294
2023-10-27,S001-P0015,Toys,66,139,13.07,14.895,81.19861
2023-10-28,S001-P0015,Toys,195,79,18.22,14.895,107.219154
2023-10-29,S001-P0015,Toys,102,170,16.46,14.895,83.831566
2023-10-30,S001-P0015,Toys,141,53,18.53,14.895,87.56696
2023-10-31,S001-P0015,Toys,38,132,13.01,14.895,90.7307
2023-11-01,S001-P0015,Toys,59,99,12.01,14.895,123.54016
2023-11-02,S001-P0015,Toys,72,114,12.48,14.895,116.57444
2023-11-03,S001-P0015,Toys,33,106,12.1,14.895,89.70817
2023-11-04,S001-P0015,Toys,112,71,15.29,14.895,84.93357
2023-11-05,S001-P0015,Toys,92,101,15.11,14.895,88.05802
2023-11-06,S001-P0015,Toys,89,109,14.94,14.895,86.681305
2023-11-07,S001-P0015,Toys,143,138,19.65,14.895,88.501495
2023-11-08,S001-P0015,Toys,159,143,18.52,14.895,92.17323
2023-11-09,S001-P0015,Toys,94,129,16.01,14.895,96.042625
2023-11-10,S001-P0015,Toys,77,146,15.9,14.895,96.26107
2023-11-11,S001-P0015,Toys,129,95,14.11,14.895,124.25337
2023-11-12,S001-P0015,Toys,104,123,16.56,14.895,98.04547
2023-11-13,S001-P0015,Toys,66,119,15.29,14.895,98.11249
2023-11-14,S001-P0015,Toys,126,140,16.85,14.895,97.300095
2023-11-15,S001-P0015,Toys,84,157,14.68,14.895,100.80996
2023-11-16,S001-P0015,Toys,107,74,15.87,14.895,101.48971
2023-11-17,S001-P0015,Toys,64,96,15.19,14.895,102.95814
2023-11-18,S001-P0015,Toys,93,74,15.13,14.895,101.000946
2023-11-19,S001-P0015,Toys,166,99,20.94,14.895,97.94599
2023-11-20,S001-P0015,Toys,71,187,13.24,14.895,133.23433
2023-11-21,S001-P0015,Toys,142,143,15.67,14.895,129.755
2023-11-22,S001-P0015,Toys,59,149,11.16,14.895,132.2925
2023-11-23,S001-P0015,Toys,144,102,16.82,14.895,129.4385
2023-11-24,S001-P0015,Toys,127,143,16.89,14.895,100.70374
2023-11-25,S001-P0015,Toys,59,164,13.37,14.895,105.18775
2023-11-26,S001-P0015,Toys,166,104,17.77,14.895,128.35564
2023-11-27,S001-P0015,Toys,137,163,13.75,14.895,135.52263
2023-11-28,S001-P0015,Toys,70,168,11.64,14.895,136.3409
2023-11-29,S001-P0015,Toys,128,112,16.07,14.895,106.75367
2023-11-30,S001-P0015,Toys,47,170,12.12,14.895,103.8953
2023-12-01,S001-P0015,Toys,82,137,14.56,14.895,107.04535
2023-12-02,S001-P0015,Toys,155,148,15.44,14.895,129.06749
2023-12-03,S001-P0015,Toys,96,171,14.52,14.895,133.54356
2023-12-04,S001-P0015,Toys,131,70,16.22,14.895,100.703896
2023-12-05,S001-P0015,Toys,52,130,14.48,14.895,102.24868
2023-12-06,S001-P0015,Toys,73,76,11.9,14.895,127.18833
2023-12-07,S001-P0015,Toys,54,59,13.88,14.895,97.0123
2023-12-08,S001-P0015,Toys,73,68,15.65,14.895,96.321396
2023-12-09,S001-P0015,Toys,65,70,13.72,14.895,87.84868
2023-12-10,S001-P0015,Toys,69,86,13.93,14.895,92.17279
2023-12-11,S001-P0015,Toys,86,108,14.03,14.895,86.352974
2023-12-12,S001-P0015,Toys,95,106,16.07,14.895,88.762505
2023-12-13,S001-P0015,Toys,31,112,9.96,14.895,110.96619
2023-12-14,S001-P0015,Toys,99,77,13.72,14.895,111.275246
2023-12-15,S001-P0015,Toys,49,106,13.62,14.895,81.99658
2023-12-16,S001-P0015,Toys,135,118,15.35,14.895,107.9981
2023-12-17,S001-P0015,Toys,71,117,11.68,14.895,109.52159
2023-12-18,S001-P0015,Toys,114,126,16.22,14.895,85.59651
2023-12-19,S001-P0015,Toys,150,171,18.06,14.895,83.19823
2023-12-20,S001-P0015,Toys,35,188,12.84,14.895,90.18217
2023-12-21,S001-P0015,Toys,106,163,15.0,14.895,90.447174
2023-12-22,S001-P0015,Toys,132,153,18.03,14.895,92.51218
2023-12-23,S001-P0015,Toys,122,209,18.44,14.895,93.82989
2023-12-24,S001-P0015,Toys,91,117,16.7,14.895,97.124825
2023-12-25,S001-P0015,Toys,104,122,14.92,14.895,125.10425
2023-12-26,S001-P0015,Toys,104,103,17.44,14.895,96.38921
2023-12-27,S001-P0015,Toys,58,116,12.69,14.895,74.40545
2023-12-28,S001-P0015,Toys,32,111,10.69,14.895,74.10526
2023-12-29,S001-P0015,Toys,41,76,13.87,14.895,48.492695
2023-12-30,S001-P0015,Toys,38,81,13.01,14.895,46.282192
2023-12-31,S001-P0015,Toys,63,102,14.34,14.895,41.694042
2024-01-01,S001-P0015,Toys,12,104,9.81,14.895,58.280113
2024-01-02,S001-P0015,Toys,18,90,11.94,14.895,39.77675
2024-01-03,S001-P0015,Toys,33,69,10.74,14.895,46.486305
2024-01-04,S001-P0015,Toys,10,90,10.9,14.895,35.88232
2024-01-05,S001-P0015,Toys,73,83,14.16,14.895,36.471546
2024-01-06,S001-P0015,Toys,46,109,13.46,14.895,39.056995
2024-01-07,S001-P0015,Toys,10,115,9.21,14.895,56.76328
2024-01-08,S001-P0015,Toys,16,109,11.81,14.895,39.609425
2024-01-09,S001-P0015,Toys,122,91,13.83,14.895,106.072266
2024-01-10,S001-P0015,Toys,89,128,16.55,14.895,84.83656
2024-01-11,S001-P0015,Toys,64,170,14.42,14.895,90.32893
2024-01-12,S001-P0015,Toys,138,95,14.72,14.895,116.12416
2024-01-13,S001-P0015,Toys,156,129,16.44,14.895,120.84141
2024-01-14,S001-P0015,Toys,108,157,17.67,14.895,97.184364
2024-01-15,S001-P0015,Toys,112,196,16.97,14.895,94.073166
2024-01-16,S001-P0015,Toys,97,94,17.05,14.895,96.73873
2024-01-17,S001-P0015,Toys,99,88,15.45,14.895,96.322014
2024-01-18,S001-P0015,Toys,74,109,14.2,14.895,96.26298
2024-01-19,S001-P0015,Toys,78,123,15.94,14.895,95.3782
2024-01-20,S001-P0015,Toys,181,105,16.54,14.895,117.04872
2024-01-21,S001-P0015,Toys,152,174,17.23,14.895,97.94309
2024-01-22,S001-P0015,Toys,83,150,16.23,14.895,103.57315
2024-01-23,S001-P0015,Toys,118,96,17.32,14.895,102.210976
2024-01-24,S001-P0015,Toys,90,110,15.78,14.895,103.789894
2024-01-25,S001-P0015,Toys,170,104,20.09,14.895,104.989845
2024-01-26,S001-P0015,Toys,148,149,14.94,14.895,139.09583
2024-01-27,S001-P0015,Toys,144,156,14.97,14.895,142.42775
2024-01-28,S001-P0015,Toys,80,155,14.46,14.895,141.59232
2024-01-29,S001-P0015,Toys,86,66,15.59,14.895,111.95022
2024-01-30,S001-P0015,Toys,83,80,13.88,14.895,108.4732
2023-10-03,S001-P0016,Groceries,108,402,40.07,38.36,113.81696
2023-10-04,S001-P0016,Groceries,129,283,36.41,38.36,142.95082
2023-10-05,S001-P0016,Groceries,160,687,44.26,38.36,140.50938
2023-10-06,S001-P0016,Groceries,136,505,32.77,38.36,145.89093
2023-10-07,S001-P0016,Groceries,129,390,40.56,38.36,98.57369
2023-10-08,S001-P0016,Groceries,33,295,32.05,38.36,80.62452
2023-10-09,S001-P0016,Groceries,102,257,31.09,38.36,89.34329
2023-10-10,S001-P0016,Groceries,64,468,30.99,38.36,71.30268
2023-10-11,S001-P0016,Groceries,102,416,39.35,38.36,76.5361
2023-10-12,S001-P0016,Groceries,87,320,37.39,38.36,81.11127
2023-10-13,S001-P0016,Groceries,78,235,32.4,38.36,107.83871
2023-10-14,S001-P0016,Groceries,61,160,32.22,38.36,86.195564
2023-10-15,S001-P0016,Groceries,95,119,38.39,38.36,79.11513
2023-10-16,S001-P0016,Groceries,77,279,36.11,38.36,82.09299
2023-10-17,S001-P0016,Groceries,31,201,28.66,38.36,80.47729
2023-10-18,S001-P0016,Groceries,63,169,30.73,38.36,89.37615
2023-10-19,S001-P0016,Groceries,110,315,38.3,38.36,66.115654
2023-10-20,S001-P0016,Groceries,120,229,39.47,38.36,77.79776
2023-10-21,S001-P0016,Groceries,94,86,40.29,38.36,79.11051
2023-10-22,S001-P0016,Groceries,54,307,33.22,38.36,83.344154
2023-10-23,S001-P0016,Groceries,84,273,31.17,38.36,101.82026
2023-10-24,S001-P0016,Groceries,63,178,36.07,38.36,81.316826
2023-10-25,S001-P0016,Groceries,155,109,46.14,38.36,110.52264
2023-10-26,S001-P0016,Groceries,167,224,47.6,38.36,114.789925
2023-10-27,S001-P0016,Groceries,146,91,47.36,38.36,113.78447
2023-10-28,S001-P0016,Groceries,152,396,41.1,38.36,147.36272
2023-10-29,S001-P0016,Groceries,72,265,35.42,38.36,117.570885
2023-10-30,S001-P0016,Groceries,83,710,36.87,38.36,116.01615
2023-10-31,S001-P0016,Groceries,105,646,41.75,38.36,110.58508
2023-11-01,S001-P0016,Groceries,144,570,38.03,38.36,143.33098
2023-11-02,S001-P0016,Groceries,122,457,37.66,38.36,109.694435
2023-11-03,S001-P0016,Groceries,137,367,41.44,38.36,140.07372
2023-11-04,S001-P0016,Groceries,129,258,40.65,38.36,111.632225
2023-11-05,S001-P0016,Groceries,172,110,38.59,38.36,141.71672
2023-11-06,S001-P0016,Groceries,84,359,33.28,38.36,115.24515
2023-11-07,S001-P0016,Groceries,123,269,39.81,38.36,113.21601
2023-11-08,S001-P0016,Groceries,102,714,39.34,38.36,112.1086
2023-11-09,S001-P0016,Groceries,91,640,28.42,38.36,141.38712
2023-11-10,S001-P0016,Groceries,69,566,33.22,38.36,111.756454
2023-11-11,S001-P0016,Groceries,65,517,32.82,38.36,109.049965
2023-11-12,S001-P0016,Groceries,133,472,38.77,38.36,131.7812
2023-11-13,S001-P0016,Groceries,114,351,34.45,38.36,133.33531
2023-11-14,S001-P0016,Groceries,93,226,36.2,38.36,107.63187
2023-11-15,S001-P0016,Groceries,92,116,40.1,38.36,104.072395
2023-11-16,S001-P0016,Groceries,52,333,34.64,38.36,101.934715
2023-11-17,S001-P0016,Groceries,173,299,45.86,38.36,125.823975
2023-11-18,S001-P0016,Groceries,101,130,37.22,38.36,101.89354
2023-11-19,S001-P0016,Groceries,179,40,44.29,38.36,128.36269
2023-11-20,S001-P0016,Groceries,88,620,35.5,38.36,102.534904
2023-11-21,S001-P0016,Groceries,249,558,55.1,38.36,131.34056
2023-11-22,S001-P0016,Groceries,83,391,38.8,38.36,111.37952
2023-11-23,S001-P0016,Groceries,121,300,35.2,38.36,142.31856
2023-11-24,S001-P0016,Groceries,104,931,39.56,38.36,108.871956
2023-11-25,S001-P0016,Groceries,125,816,40.0,38.36,112.082375
2023-11-26,S001-P0016,Groceries,97,670,34.8,38.36,109.07475
2023-11-27,S001-P0016,Groceries,108,595,36.03,38.36,110.89645
2023-11-28,S001-P0016,Groceries,139,475,44.02,38.36,108.014725
2023-11-29,S001-P0016,Groceries,117,386,39.19,38.36,111.92153
2023-11-30,S001-P0016,Groceries,87,306,39.3,38.36,112.3114
2023-12-01,S001-P0016,Groceries,145,228,35.38,38.36,138.40382
2023-12-02,S001-P0016,Groceries,85,457,39.05,38.36,110.11475
2023-12-03,S001-P0016,Groceries,205,358,46.98,38.36,137.91243
2023-12-04,S001-P0016,Groceries,103,119,33.54,38.36,142.99666
2023-12-05,S001-P0016,Groceries,225,18,49.26,38.36,144.87642
2023-12-06,S001-P0016,Groceries,100,670,37.06,38.36,114.14265
2023-12-07,S001-P0016,Groceries,235,552,47.48,38.36,151.50517
2023-12-08,S001-P0016,Groceries,88,934,31.58,38.36,151.66307
2023-12-09,S001-P0016,Groceries,132,867,40.97,38.36,128.81473
2023-12-10,S001-P0016,Groceries,68,757,36.79,38.36,118.39652
2023-12-11,S001-P0016,Groceries,89,701,39.62,38.36,126.17567
2023-12-12,S001-P0016,Groceries,132,609,45.43,38.36,113.5957
2023-12-13,S001-P0016,Groceries,145,501,44.86,38.36,121.24546
2023-12-14,S001-P0016,Groceries,171,379,50.75,38.36,114.05048
2023-12-15,S001-P0016,Groceries,49,218,32.52,38.36,123.86923
2023-12-16,S001-P0016,Groceries,86,176,35.31,38.36,117.215355
2023-12-17,S001-P0016,Groceries,135,629,45.86,38.36,120.88513
2023-12-18,S001-P0016,Groceries,129,526,32.1,38.36,145.52203
2023-12-19,S001-P0016,Groceries,110,403,38.3,38.36,118.0793
2023-12-20,S001-P0016,Groceries,68,281,34.95,38.36,112.97137
2023-12-21,S001-P0016,Groceries,83,236,33.25,38.36,114.41475
2023-12-22,S001-P0016,Groceries,157,175,39.46,38.36,141.02751
2023-12-23,S001-P0016,Groceries,173,63,40.82,38.36,145.84882
2023-12-24,S001-P0016,Groceries,126,201,42.35,38.36,112.48114
2023-12-25,S001-P0016,Groceries,63,567,32.49,38.36,115.74317
2023-12-26,S001-P0016,Groceries,114,504,36.72,38.36,140.50536
2023-12-27,S001-P0016,Groceries,51,378,34.48,38.36,75.39551
2023-12-28,S001-P0016,Groceries,99,345,41.05,38.36,68.16612
2023-12-29,S001-P0016,Groceries,86,269,33.56,38.36,70.60152
2023-12-30,S001-P0016,Groceries,56,181,30.13,38.36,75.78498
2023-12-31,S001-P0016,Groceries,68,380,33.26,38.36,72.948685
2024-01-01,S001-P0016,Groceries,79,334,38.28,38.36,69.20314
2024-01-02,S001-P0016,Groceries,65,253,32.84,38.36,73.17939
2024-01-03,S001-P0016,Groceries,85,179,35.26,38.36,70.505486
2024-01-04,S001-P0016,Groceries,58,98,31.95,38.36,75.31982
2024-01-05,S001-P0016,Groceries,57,57,31.89,38.36,73.56069
2024-01-06,S001-P0016,Groceries,88,255,35.68,38.36,67.48337
2024-01-07,S001-P0016,Groceries,112,168,32.01,38.36,88.53912
2024-01-08,S001-P0016,Groceries,76,82,28.38,38.36,97.11166
2024-01-09,S001-P0016,Groceries,96,275,32.43,38.36,137.0999
2024-01-10,S001-P0016,Groceries,112,181,32.07,38.36,138.54594
2024-01-11,S001-P0016,Groceries,88,66,35.58,38.36,104.69427
2024-01-12,S001-P0016,Groceries,66,275,32.92,38.36,107.0035
2024-01-13,S001-P0016,Groceries,166,235,40.44,38.36,132.20631
2024-01-14,S001-P0016,Groceries,172,92,38.15,38.36,136.7909
2024-01-15,S001-P0016,Groceries,236,0,48.07,38.36,137.83722
2024-01-16,S001-P0016,Groceries,110,485,34.27,38.36,141.17293
2024-01-17,S001-P0016,Groceries,110,358,40.4,38.36,112.76476
2024-01-18,S001-P0016,Groceries,171,835,45.68,38.36,139.88742
2024-01-19,S001-P0016,Groceries,115,724,41.02,38.36,113.768425
2024-01-20,S001-P0016,Groceries,191,647,48.23,38.36,112.2369
2024-01-21,S001-P0016,Groceries,130,473,42.92,38.36,117.87975
2024-01-22,S001-P0016,Groceries,159,376,44.28,38.36,120.3505
2024-01-23,S001-P0016,Groceries,115,220,34.5,38.36,155.9448
2024-01-24,S001-P0016,Groceries,146,98,44.96,38.36,123.92814
2024-01-25,S001-P0016,Groceries,156,392,48.63,38.36,122.322075
2024-01-26,S001-P0016,Groceries,113,206,42.88,38.36,124.47086
2024-01-27,S001-P0016,Groceries,62,522,34.24,38.36,123.68929
2024-01-28,S001-P0016,Groceries,140,466,46.54,38.36,122.12338
2024-01-29,S001-P0016,Groceries,99,303,37.05,38.36,120.9964
2024-01-30,S001-P0016,Groceries,90,225,35.9,38.36,120.81064
2023-10-03,S001-P0017,Toys,85,130,21.97,21.045,95.99056
2023-10-04,S001-P0017,Toys,77,31,19.22,21.045,96.634026
2023-10-05,S001-P0017,Toys,77,78,20.31,21.045,94.806915
2023-10-06,S001-P0017,Toys,72,109,22.09,21.045,94.24697
2023-10-07,S001-P0017,Toys,24,62,17.34,21.045,55.174
2023-10-08,S001-P0017,Toys,41,38,15.83,21.045,62.61497
2023-10-09,S001-P0017,Toys,13,50,15.69,21.045,45.3967
2023-10-10,S001-P0017,Toys,38,39,15.65,21.045,49.936504
2023-10-11,S001-P0017,Toys,17,66,16.86,21.045,38.751404
2023-10-12,S001-P0017,Toys,59,45,16.99,21.045,47.69509
2023-10-13,S001-P0017,Toys,51,57,18.46,21.045,37.03478
2023-10-14,S001-P0017,Toys,14,76,16.6,21.045,41.08272
2023-10-15,S001-P0017,Toys,34,65,19.11,21.045,39.341976
2023-10-16,S001-P0017,Toys,8,87,16.18,21.045,38.609512
2023-10-17,S001-P0017,Toys,45,78,15.16,21.045,47.28374
2023-10-18,S001-P0017,Toys,42,98,15.01,21.045,43.42378
2023-10-19,S001-P0017,Toys,4,72,15.03,21.045,44.794464
2023-10-20,S001-P0017,Toys,18,67,14.36,21.045,40.68565
2023-10-21,S001-P0017,Toys,49,47,20.24,21.045,32.86089
2023-10-22,S001-P0017,Toys,60,50,18.07,21.045,32.87682
2023-10-23,S001-P0017,Toys,35,59,19.13,21.045,41.510822
2023-10-24,S001-P0017,Toys,69,70,19.66,21.045,51.404858
2023-10-25,S001-P0017,Toys,89,77,20.05,21.045,87.328224
2023-10-26,S001-P0017,Toys,116,95,19.46,21.045,114.83184
2023-10-27,S001-P0017,Toys,124,98,26.3,21.045,87.70136
2023-10-28,S001-P0017,Toys,111,129,21.6,21.045,116.710594
2023-10-29,S001-P0017,Toys,62,132,20.26,21.045,93.8037
2023-10-30,S001-P0017,Toys,86,68,22.09,21.045,92.26501
2023-10-31,S001-P0017,Toys,100,84,21.88,21.045,90.639915
2023-11-01,S001-P0017,Toys,42,89,19.76,21.045,87.25291
2023-11-02,S001-P0017,Toys,110,63,20.31,21.045,115.28741
2023-11-03,S001-P0017,Toys,71,119,20.91,21.045,85.18341
2023-11-04,S001-P0017,Toys,102,67,19.59,21.045,116.66121
2023-11-05,S001-P0017,Toys,83,95,19.66,21.045,84.910515
2023-11-06,S001-P0017,Toys,85,119,21.96,21.045,91.026955
2023-11-07,S001-P0017,Toys,97,143,17.2,21.045,111.257996
2023-11-08,S001-P0017,Toys,141,55,20.98,21.045,116.23419
2023-11-09,S001-P0017,Toys,53,156,16.47,21.045,117.13511
2023-11-10,S001-P0017,Toys,46,96,19.04,21.045,89.915184
2023-11-11,S001-P0017,Toys,103,64,23.34,21.045,83.30039
2023-11-12,S001-P0017,Toys,93,90,23.8,21.045,88.631935
2023-11-13,S001-P0017,Toys,104,113,23.4,21.045,85.8259
2023-11-14,S001-P0017,Toys,126,100,22.58,21.045,117.90983
2023-11-15,S001-P0017,Toys,160,101,22.15,21.045,116.34446
2023-11-16,S001-P0017,Toys,40,172,16.74,21.045,95.29275
2023-11-17,S001-P0017,Toys,87,143,22.17,21.045,94.73171
2023-11-18,S001-P0017,Toys,77,66,20.26,21.045,90.42237
2023-11-19,S001-P0017,Toys,85,75,23.13,21.045,89.30605
2023-11-20,S001-P0017,Toys,60,85,19.07,21.045,88.02853
2023-11-21,S001-P0017,Toys,122,94,22.34,21.045,86.17285
2023-11-22,S001-P0017,Toys,84,129,18.66,21.045,116.291145
2023-11-23,S001-P0017,Toys,71,74,15.71,21.045,115.46908
2023-11-24,S001-P0017,Toys,144,80,26.49,21.045,87.99398
2023-11-25,S001-P0017,Toys,90,167,23.56,21.045,93.12243
2023-11-26,S001-P0017,Toys,120,74,22.05,21.045,118.607635
2023-11-27,S001-P0017,Toys,37,134,17.4,21.045,93.852554
2023-11-28,S001-P0017,Toys,124,100,26.24,21.045,92.33591
2023-11-29,S001-P0017,Toys,99,172,20.76,21.045,91.25126
2023-11-30,S001-P0017,Toys,144,107,23.83,21.045,92.60514
2023-12-01,S001-P0017,Toys,101,177,21.97,21.045,94.00286
2023-12-02,S001-P0017,Toys,48,97,20.22,21.045,101.153725
2023-12-03,S001-P0017,Toys,126,51,26.47,21.045,100.15925
2023-12-04,S001-P0017,Toys,20,102,15.38,21.045,100.88065
2023-12-05,S001-P0017,Toys,86,88,20.92,21.045,99.02383
2023-12-06,S001-P0017,Toys,161,114,22.2,21.045,121.00318
2023-12-07,S001-P0017,Toys,73,174,18.96,21.045,97.023
2023-12-08,S001-P0017,Toys,123,98,18.64,21.045,125.833755
2023-12-09,S001-P0017,Toys,77,128,20.31,21.045,96.0072
2023-12-10,S001-P0017,Toys,133,53,23.11,21.045,98.825294
2023-12-11,S001-P0017,Toys,136,151,23.3,21.045,130.20723
2023-12-12,S001-P0017,Toys,194,216,27.25,21.045,132.22462
2023-12-13,S001-P0017,Toys,96,314,24.06,21.045,104.53131
2023-12-14,S001-P0017,Toys,107,226,23.68,21.045,106.49841
2023-12-15,S001-P0017,Toys,111,117,18.0,21.045,131.99046
2023-12-16,S001-P0017,Toys,130,139,19.08,21.045,137.21059
2023-12-17,S001-P0017,Toys,114,152,24.19,21.045,103.471565
2023-12-18,S001-P0017,Toys,65,30,21.56,21.045,107.634514
2023-12-19,S001-P0017,Toys,122,64,23.49,21.045,103.44668
2023-12-20,S001-P0017,Toys,137,141,23.23,21.045,139.86801
2023-12-21,S001-P0017,Toys,84,195,19.71,21.045,106.82129
2023-12-22,S001-P0017,Toys,140,98,20.93,21.045,134.39589
2023-12-23,S001-P0017,Toys,82,161,22.89,21.045,102.88152
2023-12-24,S001-P0017,Toys,154,66,20.45,21.045,131.07213
2023-12-25,S001-P0017,Toys,86,164,23.25,21.045,105.18754
2023-12-26,S001-P0017,Toys,114,65,22.91,21.045,106.289665
2023-12-27,S001-P0017,Toys,18,119,13.36,21.045,81.35834
2023-12-28,S001-P0017,Toys,63,101,21.36,21.045,66.10853
2023-12-29,S001-P0017,Toys,34,52,17.24,21.045,55.334423
2023-12-30,S001-P0017,Toys,24,75,16.46,21.045,57.246353
2023-12-31,S001-P0017,Toys,34,57,18.15,21.045,47.93853
2024-01-01,S001-P0017,Toys,13,69,16.52,21.045,46.202957
2024-01-02,S001-P0017,Toys,31,55,16.98,21.045,42.586494
2024-01-03,S001-P0017,Toys,34,82,17.19,21.045,38.972763
2024-01-04,S001-P0017,Toys,5,50,15.96,21.045,36.679775
2024-01-05,S001-P0017,Toys,9,47,12.83,21.045,45.132435
2024-01-06,S001-P0017,Toys,11,39,17.21,21.045,34.24944
2024-01-07,S001-P0017,Toys,18,82,16.06,21.045,33.231903
2024-01-08,S001-P0017,Toys,28,60,14.91,21.045,36.40407
2024-01-09,S001-P0017,Toys,99,77,23.05,21.045,70.92694
2024-01-10,S001-P0017,Toys,66,133,15.41,21.045,111.75024
2024-01-11,S001-P0017,Toys,56,56,18.77,21.045,86.20449
2024-01-12,S001-P0017,Toys,113,82,24.15,21.045,83.81458
2024-01-13,S001-P0017,Toys,167,122,26.73,21.045,115.35242
2024-01-14,S001-P0017,Toys,33,172,17.12,21.045,92.06794
2024-01-15,S001-P0017,Toys,100,135,20.82,21.045,91.44029
2024-01-16,S001-P0017,Toys,81,121,20.63,21.045,86.91079
2024-01-17,S001-P0017,Toys,123,61,24.92,21.045,89.62652
2024-01-18,S001-P0017,Toys,147,120,28.09,21.045,89.99019
2024-01-19,S001-P0017,Toys,80,166,20.53,21.045,93.45415
2024-01-20,S001-P0017,Toys,209,100,29.79,21.045,122.88547
2024-01-21,S001-P0017,Toys,103,246,19.86,21.045,134.33879
2024-01-22,S001-P0017,Toys,226,182,29.27,21.045,136.79845
2024-01-23,S001-P0017,Toys,100,193,24.35,21.045,107.43084
2024-01-24,S001-P0017,Toys,100,122,19.65,21.045,141.25655
2024-01-25,S001-P0017,Toys,100,155,23.1,21.045,104.73362
2024-01-26,S001-P0017,Toys,77,49,21.4,21.045,111.2895
2024-01-27,S001-P0017,Toys,131,82,21.66,21.045,130.64973
2024-01-28,S001-P0017,Toys,144,105,20.91,21.045,135.2222
2024-01-29,S001-P0017,Toys,108,143,22.57,21.045,103.866005
2024-01-30,S001-P0017,Toys,80,186,21.59,21.045,107.8991
2023-10-03,S001-P0018,Groceries,158,205,76.64,59.795,108.7992
2023-10-04,S001-P0018,Groceries,128,186,63.42,59.795,113.10029
2023-10-05,S001-P0018,Groceries,78,165,51.16,59.795,144.39195
2023-10-06,S001-P0018,Groceries,177,165,72.49,59.795,114.59798
2023-10-07,S001-P0018,Groceries,81,209,51.34,59.795,110.21252
2023-10-08,S001-P0018,Groceries,64,159,45.86,59.795,106.299225
2023-10-09,S001-P0018,Groceries,101,146,58.29,59.795,75.74901
2023-10-10,S001-P0018,Groceries,28,149,46.8,59.795,81.53509
2023-10-11,S001-P0018,Groceries,80,126,57.1,59.795,76.64015
2023-10-12,S001-P0018,Groceries,99,99,51.78,59.795,99.48958
2023-10-13,S001-P0018,Groceries,163,97,62.73,59.795,103.55128
2023-10-14,S001-P0018,Groceries,106,167,59.29,59.795,86.38581
2023-10-15,S001-P0018,Groceries,83,139,51.93,59.795,112.63387
2023-10-16,S001-P0018,Groceries,98,159,57.65,59.795,88.889366
2023-10-17,S001-P0018,Groceries,141,209,65.79,59.795,90.01446
2023-10-18,S001-P0018,Groceries,125,224,69.62,59.795,93.22288
2023-10-19,S001-P0018,Groceries,148,112,63.3,59.795,118.39452
2023-10-20,S001-P0018,Groceries,129,141,63.46,59.795,123.102455
2023-10-21,S001-P0018,Groceries,33,154,47.79,59.795,95.44747
2023-10-22,S001-P0018,Groceries,68,126,54.67,59.795,90.89451
2023-10-23,S001-P0018,Groceries,40,125,46.61,59.795,81.61759
2023-10-24,S001-P0018,Groceries,93,129,59.8,59.795,77.21029
2023-10-25,S001-P0018,Groceries,117,144,58.06,59.795,114.638405
2023-10-26,S001-P0018,Groceries,80,170,57.1,59.795,112.28457
2023-10-27,S001-P0018,Groceries,62,153,56.4,59.795,109.02978
2023-10-28,S001-P0018,Groceries,155,160,57.08,59.795,133.12616
2023-10-29,S001-P0018,Groceries,103,198,64.94,59.795,105.17823
2023-10-30,S001-P0018,Groceries,117,133,67.89,59.795,108.08939
2023-10-31,S001-P0018,Groceries,100,109,55.12,59.795,104.756096
2023-11-01,S001-P0018,Groceries,90,111,62.25,59.795,108.0281
2023-11-02,S001-P0018,Groceries,167,105,63.38,59.795,136.1511
2023-11-03,S001-P0018,Groceries,111,148,57.03,59.795,140.00584
2023-11-04,S001-P0018,Groceries,37,147,45.96,59.795,110.454315
2023-11-05,S001-P0018,Groceries,72,116,46.81,59.795,128.89958
2023-11-06,S001-P0018,Groceries,75,137,59.18,59.795,102.2274
2023-11-07,S001-P0018,Groceries,129,164,60.3,59.795,102.90338
2023-11-08,S001-P0018,Groceries,210,158,70.81,59.795,127.008514
2023-11-09,S001-P0018,Groceries,206,241,78.04,59.795,131.73466
2023-11-10,S001-P0018,Groceries,85,306,58.12,59.795,108.2103
2023-11-11,S001-P0018,Groceries,79,218,54.18,59.795,107.67006
2023-11-12,S001-P0018,Groceries,150,124,60.02,59.795,133.88213
2023-11-13,S001-P0018,Groceries,66,182,48.92,59.795,105.17933
2023-11-14,S001-P0018,Groceries,95,106,60.23,59.795,105.79049
2023-11-15,S001-P0018,Groceries,182,114,69.46,59.795,131.27925
2023-11-16,S001-P0018,Groceries,88,174,61.75,59.795,105.055046
2023-11-17,S001-P0018,Groceries,48,171,53.44,59.795,107.71699
2023-11-18,S001-P0018,Groceries,112,116,63.63,59.795,103.76277
2023-11-19,S001-P0018,Groceries,114,134,60.64,59.795,134.83897
2023-11-20,S001-P0018,Groceries,117,114,67.93,59.795,101.16671
2023-11-21,S001-P0018,Groceries,140,156,65.79,59.795,102.02409
2023-11-22,S001-P0018,Groceries,195,166,71.73,59.795,131.51985
2023-11-23,S001-P0018,Groceries,101,208,61.28,59.795,106.480965
2023-11-24,S001-P0018,Groceries,135,120,64.59,59.795,108.820816
2023-11-25,S001-P0018,Groceries,157,117,61.13,59.795,139.90608
2023-11-26,S001-P0018,Groceries,102,183,55.37,59.795,112.095795
2023-11-27,S001-P0018,Groceries,34,223,43.05,59.795,109.42439
2023-11-28,S001-P0018,Groceries,118,194,58.38,59.795,111.386406
2023-11-29,S001-P0018,Groceries,112,233,57.22,59.795,109.4135
2023-11-30,S001-P0018,Groceries,89,131,58.94,59.795,108.23137
2023-12-01,S001-P0018,Groceries,180,121,81.27,59.795,106.153984
2023-12-02,S001-P0018,Groceries,115,146,54.02,59.795,143.38522
2023-12-03,S001-P0018,Groceries,157,132,68.72,59.795,113.507256
2023-12-04,S001-P0018,Groceries,108,152,62.81,59.795,116.26482
2023-12-05,S001-P0018,Groceries,145,129,59.59,59.795,144.55412
2023-12-06,S001-P0018,Groceries,100,129,61.13,59.795,113.29008
2023-12-07,S001-P0018,Groceries,143,180,66.08,59.795,114.9823
2023-12-08,S001-P0018,Groceries,86,169,55.29,59.795,113.13062
2023-12-09,S001-P0018,Groceries,152,179,75.27,59.795,116.966995
2023-12-10,S001-P0018,Groceries,177,154,72.66,59.795,146.6162
2023-12-11,S001-P0018,Groceries,55,150,46.86,59.795,122.19661
2023-12-12,S001-P0018,Groceries,161,100,66.12,59.795,120.67314
2023-12-13,S001-P0018,Groceries,142,159,59.1,59.795,152.24019
2023-12-14,S001-P0018,Groceries,140,169,65.5,59.795,120.570625
2023-12-15,S001-P0018,Groceries,128,144,53.4,59.795,149.67558
2023-12-16,S001-P0018,Groceries,34,173,47.84,59.795,121.49497
2023-12-17,S001-P0018,Groceries,94,138,54.04,59.795,142.96687
2023-12-18,S001-P0018,Groceries,76,177,53.42,59.795,109.254585
2023-12-19,S001-P0018,Groceries,134,115,60.76,59.795,138.54802
2023-12-20,S001-P0018,Groceries,92,118,56.47,59.795,107.53762
2023-12-21,S001-P0018,Groceries,112,148,60.28,59.795,133.85484
2023-12-22,S001-P0018,Groceries,157,145,65.38,59.795,106.25994
2023-12-23,S001-P0018,Groceries,181,201,61.14,59.795,138.08022
2023-12-24,S001-P0018,Groceries,132,202,67.51,59.795,114.77225
2023-12-25,S001-P0018,Groceries,52,179,54.33,59.795,112.84284
2023-12-26,S001-P0018,Groceries,120,148,61.95,59.795,111.565025
2023-12-27,S001-P0018,Groceries,62,161,53.63,59.795,72.723434
2023-12-28,S001-P0018,Groceries,121,89,58.89,59.795,93.120026
2023-12-29,S001-P0018,Groceries,73,114,55.75,59.795,76.53126
2023-12-30,S001-P0018,Groceries,56,115,55.07,59.795,77.91409
2023-12-31,S001-P0018,Groceries,55,106,54.77,59.795,71.393486
2024-01-01,S001-P0018,Groceries,101,108,52.08,59.795,82.204384
2024-01-02,S001-P0018,Groceries,97,125,60.58,59.795,73.57087
2024-01-03,S001-P0018,Groceries,78,112,53.79,59.795,73.221504
2024-01-04,S001-P0018,Groceries,41,107,41.5,59.795,99.81162
2024-01-05,S001-P0018,Groceries,105,114,55.55,59.795,80.97052
2024-01-06,S001-P0018,Groceries,70,164,52.29,59.795,68.40178
2024-01-07,S001-P0018,Groceries,56,173,52.39,59.795,71.157585
2024-01-08,S001-P0018,Groceries,76,116,59.22,59.795,68.108025
2024-01-09,S001-P0018,Groceries,103,113,58.69,59.795,103.65892
2024-01-10,S001-P0018,Groceries,70,170,55.2,59.795,109.821556
2024-01-11,S001-P0018,Groceries,125,114,52.89,59.795,132.61887
2024-01-12,S001-P0018,Groceries,100,150,54.71,59.795,134.70819
2024-01-13,S001-P0018,Groceries,87,164,58.51,59.795,105.72335
2024-01-14,S001-P0018,Groceries,69,195,54.97,59.795,104.77468
2024-01-15,S001-P0018,Groceries,80,153,60.13,59.795,103.45931
2024-01-16,S001-P0018,Groceries,103,182,58.56,59.795,97.483734
2024-01-17,S001-P0018,Groceries,148,210,67.19,59.795,96.69991
2024-01-18,S001-P0018,Groceries,151,183,75.25,59.795,99.56073
2024-01-19,S001-P0018,Groceries,120,237,55.32,59.795,132.06505
2024-01-20,S001-P0018,Groceries,167,106,70.86,59.795,104.74797
2024-01-21,S001-P0018,Groceries,132,157,64.26,59.795,109.482765
2024-01-22,S001-P0018,Groceries,132,183,50.75,59.795,144.23355
2024-01-23,S001-P0018,Groceries,123,173,65.81,59.795,111.871635
2024-01-24,S001-P0018,Groceries,145,177,70.14,59.795,113.80554
2024-01-25,S001-P0018,Groceries,189,143,83.27,59.795,112.802414
2024-01-26,S001-P0018,Groceries,116,208,51.53,59.795,152.75482
2024-01-27,S001-P0018,Groceries,156,230,57.94,59.795,151.17453
2024-01-28,S001-P0018,Groceries,245,248,80.7,59.795,151.00029
2024-01-29,S001-P0018,Groceries,103,209,58.58,59.795,126.80407
2024-01-30,S001-P0018,Groceries,70,130,52.32,59.795,125.535675
2023-10-03,S001-P0019,Furniture,108,125,133.05,104.525,74.872314
2023-10-04,S001-P0019,Furniture,98,144,128.73,104.525,78.06083
2023-10-05,S001-P0019,Furniture,78,135,108.53,104.525,80.117584
2023-10-06,S001-P0019,Furniture,98,47,116.03,104.525,82.62965
2023-10-07,S001-P0019,Furniture,38,80,77.32,104.525,63.322212
2023-10-08,S001-P0019,Furniture,40,107,88.97,104.525,55.968983
2023-10-09,S001-P0019,Furniture,51,80,86.9,104.525,50.30925
2023-10-10,S001-P0019,Furniture,28,91,94.05,104.525,41.20957
2023-10-11,S001-P0019,Furniture,36,71,92.18,104.525,37.94334
2023-10-12,S001-P0019,Furniture,40,82,89.13,104.525,49.739918
2023-10-13,S001-P0019,Furniture,23,102,77.55,104.525,47.09537
2023-10-14,S001-P0019,Furniture,46,87,91.31,104.525,34.289093
2023-10-15,S001-P0019,Furniture,46,108,106.84,104.525,35.686157
2023-10-16,S001-P0019,Furniture,18,73,90.15,104.525,37.91656
2023-10-17,S001-P0019,Furniture,28,51,79.04,104.525,48.497253
2023-10-18,S001-P0019,Furniture,46,82,91.05,104.525,34.98107
2023-10-19,S001-P0019,Furniture,60,81,96.21,104.525,47.875263
2023-10-20,S001-P0019,Furniture,35,89,91.9,104.525,38.244606
2023-10-21,S001-P0019,Furniture,48,98,91.47,104.525,48.759464
2023-10-22,S001-P0019,Furniture,16,104,84.64,104.525,38.736935
2023-10-23,S001-P0019,Furniture,46,89,101.12,104.525,37.29963
2023-10-24,S001-P0019,Furniture,24,99,83.08,104.525,37.70178
2023-10-25,S001-P0019,Furniture,90,80,107.27,104.525,78.78572
2023-10-26,S001-P0019,Furniture,88,82,105.78,104.525,113.187904
2023-10-27,S001-P0019,Furniture,79,100,103.23,104.525,84.01344
2023-10-28,S001-P0019,Furniture,130,97,120.84,104.525,112.61432
2023-10-29,S001-P0019,Furniture,83,144,104.74,104.525,81.74312
2023-10-30,S001-P0019,Furniture,65,60,98.04,104.525,87.33363
2023-10-31,S001-P0019,Furniture,42,63,99.52,104.525,83.57954
2023-11-01,S001-P0019,Furniture,124,70,119.55,104.525,108.58202
2023-11-02,S001-P0019,Furniture,131,103,101.82,104.525,109.46372
2023-11-03,S001-P0019,Furniture,51,133,103.3,104.525,86.61068
2023-11-04,S001-P0019,Furniture,69,87,83.03,104.525,108.75643
2023-11-05,S001-P0019,Furniture,104,119,118.58,104.525,81.31307
2023-11-06,S001-P0019,Furniture,75,161,113.01,104.525,86.459755
2023-11-07,S001-P0019,Furniture,86,99,117.6,104.525,86.69016
2023-11-08,S001-P0019,Furniture,85,107,105.22,104.525,85.29079
2023-11-09,S001-P0019,Furniture,24,123,92.39,104.525,86.66956
2023-11-10,S001-P0019,Furniture,83,107,98.73,104.525,106.44225
2023-11-11,S001-P0019,Furniture,41,94,94.06,104.525,83.47003
2023-11-12,S001-P0019,Furniture,71,110,105.43,104.525,79.69965
2023-11-13,S001-P0019,Furniture,98,91,122.37,104.525,79.16625
2023-11-14,S001-P0019,Furniture,79,115,109.08,104.525,80.558655
2023-11-15,S001-P0019,Furniture,74,129,90.04,104.525,107.31493
2023-11-16,S001-P0019,Furniture,30,50,99.86,104.525,79.30985
2023-11-17,S001-P0019,Furniture,55,82,110.51,104.525,78.93227
2023-11-18,S001-P0019,Furniture,85,86,98.58,104.525,96.63547
2023-11-19,S001-P0019,Furniture,68,96,115.96,104.525,74.30697
2023-11-20,S001-P0019,Furniture,88,122,111.99,104.525,73.65905
2023-11-21,S001-P0019,Furniture,83,157,97.99,104.525,99.7033
2023-11-22,S001-P0019,Furniture,133,105,122.84,104.525,102.79931
2023-11-23,S001-P0019,Furniture,74,153,112.82,104.525,79.61265
2023-11-24,S001-P0019,Furniture,60,108,112.77,104.525,81.83781
2023-11-25,S001-P0019,Furniture,22,129,86.99,104.525,77.41277
2023-11-26,S001-P0019,Furniture,126,109,119.46,104.525,100.09849
2023-11-27,S001-P0019,Furniture,167,149,127.5,104.525,102.75881
2023-11-28,S001-P0019,Furniture,66,187,98.28,104.525,80.721306
2023-11-29,S001-P0019,Furniture,139,147,131.8,104.525,81.93469
2023-11-30,S001-P0019,Furniture,71,174,111.32,104.525,86.33085
2023-12-01,S001-P0019,Furniture,91,124,125.9,104.525,89.825294
2023-12-02,S001-P0019,Furniture,106,119,118.86,104.525,116.52758
2023-12-03,S001-P0019,Furniture,161,95,132.28,104.525,116.46844
2023-12-04,S001-P0019,Furniture,60,180,112.38,104.525,90.533325
2023-12-05,S001-P0019,Furniture,71,111,111.38,104.525,93.08568
2023-12-06,S001-P0019,Furniture,93,112,114.0,104.525,113.54729
2023-12-07,S001-P0019,Furniture,107,113,126.02,104.525,90.15496
2023-12-08,S001-P0019,Furniture,71,113,105.81,104.525,89.6181
2023-12-09,S001-P0019,Furniture,59,135,106.71,104.525,91.24727
2023-12-10,S001-P0019,Furniture,108,64,113.79,104.525,83.91725
2023-12-11,S001-P0019,Furniture,45,100,90.95,104.525,89.887535
2023-12-12,S001-P0019,Furniture,100,61,103.82,104.525,113.6944
2023-12-13,S001-P0019,Furniture,172,118,129.52,104.525,113.36433
2023-12-14,S001-P0019,Furniture,63,138,108.2,104.525,88.99836
2023-12-15,S001-P0019,Furniture,84,92,110.38,104.525,93.51298
2023-12-16,S001-P0019,Furniture,41,92,93.93,104.525,90.586945
2023-12-17,S001-P0019,Furniture,64,97,91.59,104.525,118.273766
2023-12-18,S001-P0019,Furniture,95,81,108.88,104.525,106.33541
2023-12-19,S001-P0019,Furniture,108,113,132.96,104.525,85.98228
2023-12-20,S001-P0019,Furniture,62,107,113.42,104.525,86.34208
2023-12-21,S001-P0019,Furniture,108,121,106.38,104.525,113.46304
2023-12-22,S001-P0019,Furniture,17,143,85.04,104.525,85.19915
2023-12-23,S001-P0019,Furniture,98,123,104.08,104.525,110.84983
2023-12-24,S001-P0019,Furniture,76,96,107.44,104.525,77.184875
2023-12-25,S001-P0019,Furniture,74,103,118.6,104.525,84.95134
2023-12-26,S001-P0019,Furniture,58,98,111.58,104.525,78.21571
2023-12-27,S001-P0019,Furniture,47,87,91.36,104.525,48.19448
2023-12-28,S001-P0019,Furniture,28,87,94.09,104.525,37.586178
2023-12-29,S001-P0019,Furniture,28,65,93.94,104.525,33.27665
2023-12-30,S001-P0019,Furniture,49,98,97.43,104.525,30.66567
2023-12-31,S001-P0019,Furniture,47,104,91.36,104.525,30.925955
2024-01-01,S001-P0019,Furniture,6,55,89.76,104.525,33.2713
2024-01-02,S001-P0019,Furniture,30,99,85.26,104.525,31.027094
2024-01-03,S001-P0019,Furniture,29,63,89.61,104.525,30.108633
2024-01-04,S001-P0019,Furniture,38,92,88.41,104.525,29.503847
2024-01-05,S001-P0019,Furniture,41,105,84.5,104.525,39.012966
2024-01-06,S001-P0019,Furniture,28,80,98.97,104.525,32.103783
2024-01-07,S001-P0019,Furniture,36,105,87.64,104.525,40.992035
2024-01-08,S001-P0019,Furniture,33,75,86.52,104.525,40.305
2024-01-09,S001-P0019,Furniture,51,103,92.48,104.525,97.51985
2024-01-10,S001-P0019,Furniture,34,120,96.51,104.525,73.5586
2024-01-11,S001-P0019,Furniture,56,98,99.72,104.525,71.583534
2024-01-12,S001-P0019,Furniture,123,94,125.45,104.525,72.10338
2024-01-13,S001-P0019,Furniture,120,120,103.51,104.525,105.4139
2024-01-14,S001-P0019,Furniture,60,149,112.38,104.525,81.69442
2024-01-15,S001-P0019,Furniture,35,96,91.89,104.525,80.98227
2024-01-16,S001-P0019,Furniture,54,59,94.06,104.525,77.69669
2024-01-17,S001-P0019,Furniture,100,60,117.15,104.525,75.050896
2024-01-18,S001-P0019,Furniture,96,102,95.96,104.525,101.00506
2024-01-19,S001-P0019,Furniture,58,84,100.6,104.525,75.51899
2024-01-20,S001-P0019,Furniture,72,83,111.87,104.525,78.34449
2024-01-21,S001-P0019,Furniture,64,88,97.54,104.525,78.19764
2024-01-22,S001-P0019,Furniture,71,90,94.76,104.525,105.692665
2024-01-23,S001-P0019,Furniture,53,71,99.06,104.525,74.08206
2024-01-24,S001-P0019,Furniture,153,93,108.33,104.525,97.78352
2024-01-25,S001-P0019,Furniture,115,150,109.81,104.525,104.05343
2024-01-26,S001-P0019,Furniture,153,146,122.74,104.525,111.02644
2024-01-27,S001-P0019,Furniture,77,130,119.78,104.525,81.96951
2024-01-28,S001-P0019,Furniture,80,114,109.37,104.525,83.65887
2024-01-29,S001-P0019,Furniture,105,97,131.71,104.525,85.91872
2024-01-30,S001-P0019,Furniture,61,110,96.8,104.525,88.75683
2023-10-03,S001-P0020,Furniture,87,266,124.42,110.82,76.918495
2023-10-04,S001-P0020,Furniture,52,195,109.4,110.82,77.93051
2023-10-05,S001-P0020,Furniture,83,159,104.38,110.82,102.44065
2023-10-06,S001-P0020,Furniture,140,71,124.9,110.82,103.18174
2023-10-07,S001-P0020,Furniture,50,362,108.56,110.82,43.89984
2023-10-08,S001-P0020,Furniture,25,316,92.88,110.82,47.910828
2023-10-09,S001-P0020,Furniture,40,292,104.58,110.82,40.149097
2023-10-10,S001-P0020,Furniture,33,898,101.55,110.82,42.562576
2023-10-11,S001-P0020,Furniture,21,877,91.53,110.82,37.185375
2023-10-12,S001-P0020,Furniture,36,859,102.91,110.82,35.38152
2023-10-13,S001-P0020,Furniture,44,835,83.69,110.82,44.532635
2023-10-14,S001-P0020,Furniture,32,802,100.96,110.82,34.80919
2023-10-15,S001-P0020,Furniture,32,765,96.12,110.82,35.62444
2023-10-16,S001-P0020,Furniture,25,734,77.48,110.82,46.652233
2023-10-17,S001-P0020,Furniture,34,711,91.71,110.82,33.529003
2023-10-18,S001-P0020,Furniture,28,672,78.43,110.82,45.296593
2023-10-19,S001-P0020,Furniture,22,641,101.9,110.82,32.108875
2023-10-20,S001-P0020,Furniture,23,617,87.38,110.82,33.229176
2023-10-21,S001-P0020,Furniture,37,592,87.6,110.82,40.831863
2023-10-22,S001-P0020,Furniture,35,557,92.0,110.82,32.895027
2023-10-23,S001-P0020,Furniture,69,530,99.33,110.82,43.890224
2023-10-24,S001-P0020,Furniture,24,455,102.68,110.82,35.92944
2023-10-25,S001-P0020,Furniture,80,429,108.68,110.82,108.32554
2023-10-26,S001-P0020,Furniture,139,338,131.42,110.82,111.79961
2023-10-27,S001-P0020,Furniture,73,224,93.73,110.82,113.509575
2023-10-28,S001-P0020,Furniture,60,176,118.72,110.82,87.477295
2023-10-29,S001-P0020,Furniture,51,133,114.84,110.82,83.25731
2023-10-30,S001-P0020,Furniture,65,598,108.95,110.82,82.85235
2023-10-31,S001-P0020,Furniture,79,524,121.17,110.82,83.636
2023-11-01,S001-P0020,Furniture,79,459,109.01,110.82,80.78153
2023-11-02,S001-P0020,Furniture,48,406,102.19,110.82,104.626656
2023-11-03,S001-P0020,Furniture,110,374,113.15,110.82,105.38653
2023-11-04,S001-P0020,Furniture,59,283,107.04,110.82,79.115875
2023-11-05,S001-P0020,Furniture,65,224,115.19,110.82,83.3603
2023-11-06,S001-P0020,Furniture,71,173,123.92,110.82,77.53839
2023-11-07,S001-P0020,Furniture,76,482,119.67,110.82,80.75045
2023-11-08,S001-P0020,Furniture,42,414,105.16,110.82,77.61877
2023-11-09,S001-P0020,Furniture,18,377,95.09,110.82,77.23426
2023-11-10,S001-P0020,Furniture,100,365,109.45,110.82,93.22376
2023-11-11,S001-P0020,Furniture,58,278,101.06,110.82,73.24527
2023-11-12,S001-P0020,Furniture,58,242,118.19,110.82,75.654015
2023-11-13,S001-P0020,Furniture,57,193,117.52,110.82,73.91175
2023-11-14,S001-P0020,Furniture,103,473,131.17,110.82,72.44981
2023-11-15,S001-P0020,Furniture,121,402,118.29,110.82,102.57433
2023-11-16,S001-P0020,Furniture,75,302,113.02,110.82,76.09524
2023-11-17,S001-P0020,Furniture,45,240,90.5,110.82,103.730865
2023-11-18,S001-P0020,Furniture,52,672,98.73,110.82,75.97384
2023-11-19,S001-P0020,Furniture,102,625,117.7,110.82,74.292244
2023-11-20,S001-P0020,Furniture,35,542,102.3,110.82,75.60391
2023-11-21,S001-P0020,Furniture,65,506,90.99,110.82,98.304436
2023-11-22,S001-P0020,Furniture,85,462,130.25,110.82,69.70299
2023-11-23,S001-P0020,Furniture,25,390,93.05,110.82,75.53582
2023-11-24,S001-P0020,Furniture,54,366,104.66,110.82,73.13142
2023-11-25,S001-P0020,Furniture,68,319,104.69,110.82,93.172874
2023-11-26,S001-P0020,Furniture,119,238,124.45,110.82,93.49121
2023-11-27,S001-P0020,Furniture,67,134,98.68,110.82,98.227646
2023-11-28,S001-P0020,Furniture,67,53,86.92,110.82,101.97372
2023-11-29,S001-P0020,Furniture,89,263,125.45,110.82,69.25867
2023-11-30,S001-P0020,Furniture,56,673,111.29,110.82,75.638054
2023-12-01,S001-P0020,Furniture,98,634,122.33,110.82,72.172554
2023-12-02,S001-P0020,Furniture,140,519,116.16,110.82,102.68196
2023-12-03,S001-P0020,Furniture,70,393,123.52,110.82,77.958275
2023-12-04,S001-P0020,Furniture,72,317,88.5,110.82,104.59788
2023-12-05,S001-P0020,Furniture,110,245,106.05,110.82,107.77822
2023-12-06,S001-P0020,Furniture,68,726,110.24,110.82,107.6563
2023-12-07,S001-P0020,Furniture,83,654,129.47,110.82,82.66458
2023-12-08,S001-P0020,Furniture,68,592,99.01,110.82,105.71273
2023-12-09,S001-P0020,Furniture,61,529,89.48,110.82,105.49849
2023-12-10,S001-P0020,Furniture,52,487,115.12,110.82,75.23066
2023-12-11,S001-P0020,Furniture,105,440,105.62,110.82,100.13981
2023-12-12,S001-P0020,Furniture,65,325,108.99,110.82,72.93068
2023-12-13,S001-P0020,Furniture,124,277,140.46,110.82,77.929306
2023-12-14,S001-P0020,Furniture,72,146,117.89,110.82,78.72558
2023-12-15,S001-P0020,Furniture,64,539,108.82,110.82,81.41977
2023-12-16,S001-P0020,Furniture,123,483,132.79,110.82,80.19881
2023-12-17,S001-P0020,Furniture,75,362,107.37,110.82,83.24076
2023-12-18,S001-P0020,Furniture,67,275,98.74,110.82,112.215034
2023-12-19,S001-P0020,Furniture,96,219,128.5,110.82,83.078125
2023-12-20,S001-P0020,Furniture,79,629,121.14,110.82,82.6151
2023-12-21,S001-P0020,Furniture,65,548,103.49,110.82,82.17497
2023-12-22,S001-P0020,Furniture,110,505,120.89,110.82,109.85116
2023-12-23,S001-P0020,Furniture,94,394,120.86,110.82,111.15447
2023-12-24,S001-P0020,Furniture,61,329,119.42,110.82,83.101555
2023-12-25,S001-P0020,Furniture,89,279,112.78,110.82,83.12719
2023-12-26,S001-P0020,Furniture,74,173,125.32,110.82,81.947495
2023-12-27,S001-P0020,Furniture,45,506,106.67,110.82,44.807495
2023-12-28,S001-P0020,Furniture,26,460,93.51,110.82,39.4258
2023-12-29,S001-P0020,Furniture,37,441,92.84,110.82,34.61068
2023-12-30,S001-P0020,Furniture,15,408,93.79,110.82,31.81324
2023-12-31,S001-P0020,Furniture,27,390,104.13,110.82,29.851551
2024-01-01,S001-P0020,Furniture,25,372,88.2,110.82,26.18998
2024-01-02,S001-P0020,Furniture,38,354,93.1,110.82,35.58565
2024-01-03,S001-P0020,Furniture,28,330,89.49,110.82,28.056225
2024-01-04,S001-P0020,Furniture,18,308,100.14,110.82,30.884037
2024-01-05,S001-P0020,Furniture,65,287,109.22,110.82,36.487244
2024-01-06,S001-P0020,Furniture,25,226,88.4,110.82,42.031258
2024-01-07,S001-P0020,Furniture,15,199,88.76,110.82,32.953327
2024-01-08,S001-P0020,Furniture,37,186,81.49,110.82,39.18864
2024-01-09,S001-P0020,Furniture,59,412,112.55,110.82,70.53901
2024-01-10,S001-P0020,Furniture,65,343,109.33,110.82,73.0412
2024-01-11,S001-P0020,Furniture,109,271,127.09,110.82,77.70344
2024-01-12,S001-P0020,Furniture,73,194,112.42,110.82,82.07858
2024-01-13,S001-P0020,Furniture,47,112,112.99,110.82,82.598045
2024-01-14,S001-P0020,Furniture,77,77,101.42,110.82,102.60711
2024-01-15,S001-P0020,Furniture,64,484,114.76,110.82,76.694756
2024-01-16,S001-P0020,Furniture,69,444,110.59,110.82,75.222725
2024-01-17,S001-P0020,Furniture,71,364,111.29,110.82,75.1051
2024-01-18,S001-P0020,Furniture,119,283,108.93,110.82,99.72573
2024-01-19,S001-P0020,Furniture,65,147,115.18,110.82,74.10723
2024-01-20,S001-P0020,Furniture,66,79,109.61,110.82,78.73406
2024-01-21,S001-P0020,Furniture,104,10,118.6,110.82,102.535904
2024-01-22,S001-P0020,Furniture,54,452,99.32,110.82,105.55664
2024-01-23,S001-P0020,Furniture,83,388,110.35,110.82,78.6834
2024-01-24,S001-P0020,Furniture,82,303,115.98,110.82,104.27809
2024-01-25,S001-P0020,Furniture,48,724,102.4,110.82,74.34945
2024-01-26,S001-P0020,Furniture,69,672,116.87,110.82,77.49788
2024-01-27,S001-P0020,Furniture,79,624,120.96,110.82,73.74811
2024-01-28,S001-P0020,Furniture,103,534,98.47,110.82,98.0484
2024-01-29,S001-P0020,Furniture,72,416,118.04,110.82,74.09039
2024-01-30,S001-P0020,Furniture,73,333,112.5,110.82,77.02541
2023-10-03,S002-P0001,Groceries,76,187,79.05,80.685,116.40009
2023-10-04,S002-P0001,Groceries,122,440,83.04,80.685,114.88493
2023-10-05,S002-P0001,Groceries,97,295,76.56,80.685,107.95367
2023-10-06,S002-P0001,Groceries,179,213,97.49,80.685,109.88695
2023-10-07,S002-P0001,Groceries,55,392,62.51,80.685,79.57648
2023-10-08,S002-P0001,Groceries,114,353,81.03,80.685,80.96157
2023-10-09,S002-P0001,Groceries,53,720,62.03,80.685,107.34369
2023-10-10,S002-P0001,Groceries,42,657,62.58,80.685,82.71668
2023-10-11,S002-P0001,Groceries,46,631,63.54,80.685,77.77285
2023-10-12,S002-P0001,Groceries,111,591,71.13,80.685,84.69593
2023-10-13,S002-P0001,Groceries,65,478,76.06,80.685,71.48983
2023-10-14,S002-P0001,Groceries,105,409,82.85,80.685,75.07818
2023-10-15,S002-P0001,Groceries,53,333,72.65,80.685,82.679924
2023-10-16,S002-P0001,Groceries,101,289,81.72,80.685,81.30484
2023-10-17,S002-P0001,Groceries,132,213,67.52,80.685,106.97626
2023-10-18,S002-P0001,Groceries,53,57,61.98,80.685,85.38281
2023-10-19,S002-P0001,Groceries,118,370,77.73,80.685,102.325874
2023-10-20,S002-P0001,Groceries,72,237,62.47,80.685,105.81887
2023-10-21,S002-P0001,Groceries,102,172,86.33,80.685,79.01844
2023-10-22,S002-P0001,Groceries,57,460,66.46,80.685,84.22884
2023-10-23,S002-P0001,Groceries,138,414,72.36,80.685,98.11855
2023-10-24,S002-P0001,Groceries,73,311,74.38,80.685,84.398315
2023-10-25,S002-P0001,Groceries,86,260,69.68,80.685,141.30634
2023-10-26,S002-P0001,Groceries,178,656,91.7,80.685,144.14293
2023-10-27,S002-P0001,Groceries,131,467,85.21,80.685,112.657646
2023-10-28,S002-P0001,Groceries,136,365,91.16,80.685,113.477875
2023-10-29,S002-P0001,Groceries,90,212,79.03,80.685,111.24764
2023-10-30,S002-P0001,Groceries,181,506,108.61,80.685,115.21035
2023-10-31,S002-P0001,Groceries,164,309,98.77,80.685,115.389694
2023-11-01,S002-P0001,Groceries,189,173,78.96,80.685,152.7624
2023-11-02,S002-P0001,Groceries,220,468,113.83,80.685,120.4186
2023-11-03,S002-P0001,Groceries,155,224,80.99,80.685,157.91855
2023-11-04,S002-P0001,Groceries,127,557,84.35,80.685,129.40346
2023-11-05,S002-P0001,Groceries,136,431,91.09,80.685,130.08043
2023-11-06,S002-P0001,Groceries,73,276,70.43,80.685,128.95993
2023-11-07,S002-P0001,Groceries,146,202,88.96,80.685,158.00677
2023-11-08,S002-P0001,Groceries,115,462,72.65,80.685,157.72417
2023-11-09,S002-P0001,Groceries,134,351,85.88,80.685,124.5129
2023-11-10,S002-P0001,Groceries,174,243,101.33,80.685,121.30156
2023-11-11,S002-P0001,Groceries,85,106,77.59,80.685,122.50606
2023-11-12,S002-P0001,Groceries,213,397,106.06,80.685,151.36336
2023-11-13,S002-P0001,Groceries,168,874,84.75,80.685,160.99684
2023-11-14,S002-P0001,Groceries,109,744,75.55,80.685,131.76747
2023-11-15,S002-P0001,Groceries,64,660,68.1,80.685,125.389534
2023-11-16,S002-P0001,Groceries,147,614,89.15,80.685,152.17789
2023-11-17,S002-P0001,Groceries,112,506,89.28,80.685,122.26945
2023-11-18,S002-P0001,Groceries,69,439,62.19,80.685,150.91118
2023-11-19,S002-P0001,Groceries,123,386,78.94,80.685,116.68942
2023-11-20,S002-P0001,Groceries,178,239,91.75,80.685,147.56807
2023-11-21,S002-P0001,Groceries,104,54,74.48,80.685,118.59458
2023-11-22,S002-P0001,Groceries,123,348,78.95,80.685,119.82865
2023-11-23,S002-P0001,Groceries,141,654,87.91,80.685,118.15339
2023-11-24,S002-P0001,Groceries,61,517,67.69,80.685,116.82734
2023-11-25,S002-P0001,Groceries,78,457,71.63,80.685,115.851685
2023-11-26,S002-P0001,Groceries,30,407,53.43,80.685,142.35205
2023-11-27,S002-P0001,Groceries,74,387,74.69,80.685,106.11851
2023-11-28,S002-P0001,Groceries,42,336,59.5,80.685,103.20221
2023-11-29,S002-P0001,Groceries,112,310,84.83,80.685,100.82522
2023-11-30,S002-P0001,Groceries,116,207,77.38,80.685,99.97115
2023-12-01,S002-P0001,Groceries,121,135,91.79,80.685,100.27418
2023-12-02,S002-P0001,Groceries,151,447,80.14,80.685,126.991486
2023-12-03,S002-P0001,Groceries,116,301,81.29,80.685,105.36887
2023-12-04,S002-P0001,Groceries,145,230,88.66,80.685,131.2123
2023-12-05,S002-P0001,Groceries,113,628,85.0,80.685,105.95844
2023-12-06,S002-P0001,Groceries,143,528,93.09,80.685,104.425896
2023-12-07,S002-P0001,Groceries,161,425,97.93,80.685,106.61921
2023-12-08,S002-P0001,Groceries,116,280,77.39,80.685,139.24417
2023-12-09,S002-P0001,Groceries,113,180,89.56,80.685,112.558754
2023-12-10,S002-P0001,Groceries,198,655,85.06,80.685,137.65773
2023-12-11,S002-P0001,Groceries,69,497,65.89,80.685,116.82774
2023-12-12,S002-P0001,Groceries,101,433,73.56,80.685,141.25673
2023-12-13,S002-P0001,Groceries,158,907,92.37,80.685,111.65807
2023-12-14,S002-P0001,Groceries,164,745,98.73,80.685,112.76004
2023-12-15,S002-P0001,Groceries,182,636,97.96,80.685,146.39162
2023-12-16,S002-P0001,Groceries,83,444,73.09,80.685,114.916595
2023-12-17,S002-P0001,Groceries,53,347,62.1,80.685,118.42541
2023-12-18,S002-P0001,Groceries,138,304,87.08,80.685,112.5227
2023-12-19,S002-P0001,Groceries,67,176,76.61,80.685,117.21058
2023-12-20,S002-P0001,Groceries,140,125,92.36,80.685,109.144554
2023-12-21,S002-P0001,Groceries,145,352,93.51,80.685,113.888245
2023-12-22,S002-P0001,Groceries,127,227,84.11,80.685,115.733665
2023-12-23,S002-P0001,Groceries,77,637,71.53,80.685,118.535805
2023-12-24,S002-P0001,Groceries,108,559,79.37,80.685,147.7166
2023-12-25,S002-P0001,Groceries,203,441,103.45,80.685,144.33861
2023-12-26,S002-P0001,Groceries,119,274,69.43,80.685,148.2677
2023-12-27,S002-P0001,Groceries,72,132,58.58,80.685,110.739845
2023-12-28,S002-P0001,Groceries,116,739,90.47,80.685,78.263435
2023-12-29,S002-P0001,Groceries,63,606,71.68,80.685,85.61256
2023-12-30,S002-P0001,Groceries,58,567,66.94,80.685,87.934425
2023-12-31,S002-P0001,Groceries,137,523,86.96,80.685,78.52203
2024-01-01,S002-P0001,Groceries,51,363,72.07,80.685,91.78871
2024-01-02,S002-P0001,Groceries,75,323,78.88,80.685,92.15044
2024-01-03,S002-P0001,Groceries,113,263,80.67,80.685,99.250374
2024-01-04,S002-P0001,Groceries,67,184,61.34,80.685,110.68218
2024-01-05,S002-P0001,Groceries,38,139,58.53,80.685,81.154915
2024-01-06,S002-P0001,Groceries,104,406,66.07,80.685,83.95864
2024-01-07,S002-P0001,Groceries,61,291,74.79,80.685,69.1904
2024-01-08,S002-P0001,Groceries,94,234,59.93,80.685,87.52361
2024-01-09,S002-P0001,Groceries,93,127,79.6,80.685,104.963005
2024-01-10,S002-P0001,Groceries,78,17,71.6,80.685,104.36528
2024-01-11,S002-P0001,Groceries,143,293,74.41,80.685,137.15726
2024-01-12,S002-P0001,Groceries,63,192,71.74,80.685,105.6037
2024-01-13,S002-P0001,Groceries,211,362,105.56,80.685,137.80531
2024-01-14,S002-P0001,Groceries,78,592,68.06,80.685,109.610756
2024-01-15,S002-P0001,Groceries,120,502,87.01,80.685,114.85958
2024-01-16,S002-P0001,Groceries,129,419,84.54,80.685,109.27936
2024-01-17,S002-P0001,Groceries,154,267,90.89,80.685,111.479836
2024-01-18,S002-P0001,Groceries,139,146,87.19,80.685,110.46194
2024-01-19,S002-P0001,Groceries,232,461,99.29,80.685,147.80779
2024-01-20,S002-P0001,Groceries,155,192,101.49,80.685,120.089226
2024-01-21,S002-P0001,Groceries,99,58,64.23,80.685,158.33664
2024-01-22,S002-P0001,Groceries,51,826,64.98,80.685,153.36777
2024-01-23,S002-P0001,Groceries,87,786,78.22,80.685,120.8565
2024-01-24,S002-P0001,Groceries,89,681,66.18,80.685,138.85081
2024-01-25,S002-P0001,Groceries,49,607,67.98,80.685,110.16267
2024-01-26,S002-P0001,Groceries,102,554,78.03,80.685,104.39487
2024-01-27,S002-P0001,Groceries,150,447,99.84,80.685,102.64469
2024-01-28,S002-P0001,Groceries,151,354,95.25,80.685,105.2081
2024-01-29,S002-P0001,Groceries,57,177,63.0,80.685,112.07548
2024-01-30,S002-P0001,Groceries,87,569,78.18,80.685,108.59788
2023-10-03,S002-P0002,Toys,79,188,23.54,31.07,132.97145
2023-10-04,S002-P0002,Toys,129,128,31.08,31.07,127.25602
2023-10-05,S002-P0002,Toys,191,151,36.81,31.07,129.41972
2023-10-06,S002-P0002,Toys,80,230,31.47,31.07,100.45477
2023-10-07,S002-P0002,Toys,11,467,23.85,31.07,72.74355
2023-10-08,S002-P0002,Toys,21,455,23.65,31.07,69.987015
2023-10-09,S002-P0002,Toys,25,433,26.75,31.07,52.07677
2023-10-10,S002-P0002,Toys,31,409,23.43,31.07,47.67035
2023-10-11,S002-P0002,Toys,12,385,22.72,31.07,44.545765
2023-10-12,S002-P0002,Toys,28,371,25.68,31.07,40.007004
2023-10-13,S002-P0002,Toys,12,341,22.72,31.07,40.662823
2023-10-14,S002-P0002,Toys,46,328,23.33,31.07,48.314404
2023-10-15,S002-P0002,Toys,47,295,27.83,31.07,39.641422
2023-10-16,S002-P0002,Toys,62,245,29.5,31.07,40.57178
2023-10-17,S002-P0002,Toys,34,183,19.8,31.07,65.49251
2023-10-18,S002-P0002,Toys,43,146,20.54,31.07,56.539597
2023-10-19,S002-P0002,Toys,11,111,23.84,31.07,44.207993
2023-10-20,S002-P0002,Toys,27,173,24.3,31.07,40.878246
2023-10-21,S002-P0002,Toys,12,151,21.52,31.07,40.388714
2023-10-22,S002-P0002,Toys,42,140,27.27,31.07,36.95388
2023-10-23,S002-P0002,Toys,76,112,24.5,31.07,47.54727
2023-10-24,S002-P0002,Toys,36,136,28.01,31.07,41.083817
2023-10-25,S002-P0002,Toys,108,235,27.32,31.07,112.16527
2023-10-26,S002-P0002,Toys,128,165,31.28,31.07,117.8143
2023-10-27,S002-P0002,Toys,88,216,32.33,31.07,90.08695
2023-10-28,S002-P0002,Toys,148,360,38.98,31.07,91.44233
2023-10-29,S002-P0002,Toys,129,189,34.9,31.07,90.2993
2023-10-30,S002-P0002,Toys,89,331,29.24,31.07,96.01292
2023-10-31,S002-P0002,Toys,106,243,34.3,31.07,95.52182
2023-11-01,S002-P0002,Toys,89,173,34.21,31.07,99.599815
2023-11-02,S002-P0002,Toys,111,268,33.09,31.07,95.44421
2023-11-03,S002-P0002,Toys,133,159,35.34,31.07,128.3397
2023-11-04,S002-P0002,Toys,110,278,32.92,31.07,99.51327
2023-11-05,S002-P0002,Toys,80,178,33.06,31.07,101.575195
2023-11-06,S002-P0002,Toys,58,281,30.55,31.07,99.79792
2023-11-07,S002-P0002,Toys,151,242,31.43,31.07,126.142494
2023-11-08,S002-P0002,Toys,106,139,30.69,31.07,129.45578
2023-11-09,S002-P0002,Toys,114,342,35.16,31.07,101.47025
2023-11-10,S002-P0002,Toys,159,210,35.95,31.07,126.39529
2023-11-11,S002-P0002,Toys,81,72,28.4,31.07,129.18227
2023-11-12,S002-P0002,Toys,133,316,29.43,31.07,130.75568
2023-11-13,S002-P0002,Toys,85,228,33.64,31.07,101.72053
2023-11-14,S002-P0002,Toys,106,447,36.17,31.07,102.26377
2023-11-15,S002-P0002,Toys,133,323,27.98,31.07,127.593285
2023-11-16,S002-P0002,Toys,52,237,28.34,31.07,103.28643
2023-11-17,S002-P0002,Toys,54,455,27.06,31.07,102.478294
2023-11-18,S002-P0002,Toys,143,419,28.83,31.07,120.55009
2023-11-19,S002-P0002,Toys,26,248,24.23,31.07,94.296844
2023-11-20,S002-P0002,Toys,86,219,30.42,31.07,123.94826
2023-11-21,S002-P0002,Toys,98,134,31.73,31.07,92.65033
2023-11-22,S002-P0002,Toys,91,213,32.63,31.07,94.72224
2023-11-23,S002-P0002,Toys,88,118,32.32,31.07,89.832405
2023-11-24,S002-P0002,Toys,67,191,27.07,31.07,92.7082
2023-11-25,S002-P0002,Toys,128,146,34.83,31.07,116.54829
2023-11-26,S002-P0002,Toys,77,109,31.07,31.07,90.3678
2023-11-27,S002-P0002,Toys,110,273,34.82,31.07,91.81115
2023-11-28,S002-P0002,Toys,30,185,24.65,31.07,90.89987
2023-11-29,S002-P0002,Toys,133,354,39.32,31.07,90.29044
2023-11-30,S002-P0002,Toys,72,201,30.61,31.07,92.96167
2023-12-01,S002-P0002,Toys,107,409,27.23,31.07,120.67632
2023-12-02,S002-P0002,Toys,143,297,36.38,31.07,91.50391
2023-12-03,S002-P0002,Toys,90,161,32.59,31.07,95.616875
2023-12-04,S002-P0002,Toys,194,312,37.11,31.07,123.87378
2023-12-05,S002-P0002,Toys,102,136,33.93,31.07,101.79311
2023-12-06,S002-P0002,Toys,85,363,32.01,31.07,103.778786
2023-12-07,S002-P0002,Toys,69,271,30.26,31.07,99.30897
2023-12-08,S002-P0002,Toys,80,202,29.77,31.07,102.73235
2023-12-09,S002-P0002,Toys,106,148,32.54,31.07,96.51647
2023-12-10,S002-P0002,Toys,96,250,33.21,31.07,98.7211
2023-12-11,S002-P0002,Toys,115,151,35.37,31.07,96.01237
2023-12-12,S002-P0002,Toys,65,224,23.8,31.07,126.352455
2023-12-13,S002-P0002,Toys,99,361,31.79,31.07,99.73056
2023-12-14,S002-P0002,Toys,168,268,41.13,31.07,98.575935
2023-12-15,S002-P0002,Toys,147,126,34.97,31.07,100.85601
2023-12-16,S002-P0002,Toys,108,356,36.37,31.07,104.51934
2023-12-17,S002-P0002,Toys,122,242,36.07,31.07,106.671486
2023-12-18,S002-P0002,Toys,139,146,37.93,31.07,107.74403
2023-12-19,S002-P0002,Toys,115,226,33.55,31.07,111.411964
2023-12-20,S002-P0002,Toys,130,433,31.4,31.07,139.80167
2023-12-21,S002-P0002,Toys,108,349,27.67,31.07,142.90227
2023-12-22,S002-P0002,Toys,200,250,40.01,31.07,142.84229
2023-12-23,S002-P0002,Toys,155,103,31.37,31.07,145.06007
2023-12-24,S002-P0002,Toys,142,437,30.21,31.07,149.85762
2023-12-25,S002-P0002,Toys,78,293,29.54,31.07,114.7183
2023-12-26,S002-P0002,Toys,75,209,30.92,31.07,115.40339
2023-12-27,S002-P0002,Toys,58,148,21.8,31.07,82.511795
2023-12-28,S002-P0002,Toys,29,232,19.37,31.07,80.27258
2023-12-29,S002-P0002,Toys,33,202,26.24,31.07,53.74406
2023-12-30,S002-P0002,Toys,41,172,28.55,31.07,54.528614
2023-12-31,S002-P0002,Toys,39,135,26.93,31.07,48.402523
2024-01-01,S002-P0002,Toys,48,193,24.97,31.07,61.477077
2024-01-02,S002-P0002,Toys,52,152,26.95,31.07,46.758614
2024-01-03,S002-P0002,Toys,7,99,18.43,31.07,63.15308
2024-01-04,S002-P0002,Toys,29,200,23.24,31.07,46.274773
2024-01-05,S002-P0002,Toys,30,172,25.92,31.07,43.829784
2024-01-06,S002-P0002,Toys,38,137,26.87,31.07,43.26585
2024-01-07,S002-P0002,Toys,25,106,20.07,31.07,54.03372
2024-01-08,S002-P0002,Toys,20,162,24.78,31.07,40.513577
2024-01-09,S002-P0002,Toys,69,140,27.21,31.07,80.92188
2024-01-10,S002-P0002,Toys,134,77,35.46,31.07,87.51529
2024-01-11,S002-P0002,Toys,110,117,32.93,31.07,91.03954
2024-01-12,S002-P0002,Toys,117,329,33.71,31.07,97.97736
2024-01-13,S002-P0002,Toys,115,236,33.58,31.07,97.3526
2024-01-14,S002-P0002,Toys,145,166,40.71,31.07,102.64745
2024-01-15,S002-P0002,Toys,98,244,28.12,31.07,133.06337
2024-01-16,S002-P0002,Toys,127,178,32.98,31.07,134.87083
2024-01-17,S002-P0002,Toys,52,255,26.92,31.07,98.46917
2024-01-18,S002-P0002,Toys,73,194,32.34,31.07,101.07757
2024-01-19,S002-P0002,Toys,26,142,24.18,31.07,91.77287
2024-01-20,S002-P0002,Toys,60,282,26.16,31.07,117.63028
2024-01-21,S002-P0002,Toys,47,228,26.32,31.07,79.99224
2024-01-22,S002-P0002,Toys,56,189,28.76,31.07,88.39444
2024-01-23,S002-P0002,Toys,57,146,27.45,31.07,77.74997
2024-01-24,S002-P0002,Toys,80,231,28.29,31.07,106.59577
2024-01-25,S002-P0002,Toys,54,178,22.91,31.07,98.69076
2024-01-26,S002-P0002,Toys,111,287,31.25,31.07,102.62771
2024-01-27,S002-P0002,Toys,196,217,35.45,31.07,99.87795
2024-01-28,S002-P0002,Toys,104,290,30.74,31.07,86.05654
2024-01-29,S002-P0002,Toys,69,583,27.26,31.07,87.17205
2024-01-30,S002-P0002,Toys,78,515,28.08,31.07,90.21291
2023-10-03,S002-P0003,Groceries,93,328,71.73,79.725,107.68662
2023-10-04,S002-P0003,Groceries,107,239,87.84,79.725,107.04383
2023-10-05,S002-P0003,Groceries,175,591,85.67,79.725,136.0977
2023-10-06,S002-P0003,Groceries,142,397,78.79,79.725,137.62625
2023-10-07,S002-P0003,Groceries,40,244,65.58,79.725,76.48483
2023-10-08,S002-P0003,Groceries,157,220,96.81,79.725,70.782455
2023-10-09,S002-P0003,Groceries,187,588,78.65,79.725,106.36729
2023-10-10,S002-P0003,Groceries,123,462,83.44,79.725,83.79525
2023-10-11,S002-P0003,Groceries,68,344,69.09,79.725,115.59118
2023-10-12,S002-P0003,Groceries,83,785,80.95,79.725,89.30619
2023-10-13,S002-P0003,Groceries,77,717,67.77,79.725,89.14259
2023-10-14,S002-P0003,Groceries,18,670,59.6,79.725,87.64869
2023-10-15,S002-P0003,Groceries,110,655,75.69,79.725,78.19357
2023-10-16,S002-P0003,Groceries,62,573,67.49,79.725,85.4834
2023-10-17,S002-P0003,Groceries,71,524,58.22,79.725,102.00974
2023-10-18,S002-P0003,Groceries,60,474,63.8,79.725,94.244514
2023-10-19,S002-P0003,Groceries,89,411,62.8,79.725,85.728355
2023-10-20,S002-P0003,Groceries,49,342,64.5,79.725,73.47505
2023-10-21,S002-P0003,Groceries,109,283,79.68,79.725,68.86399
2023-10-22,S002-P0003,Groceries,98,178,77.0,79.725,79.578514
2023-10-23,S002-P0003,Groceries,114,104,72.6,79.725,105.51218
2023-10-24,S002-P0003,Groceries,114,337,80.97,79.725,87.35855
2023-10-25,S002-P0003,Groceries,113,203,71.54,79.725,146.3224
2023-10-26,S002-P0003,Groceries,45,129,66.83,79.725,120.091805
2023-10-27,S002-P0003,Groceries,83,480,72.88,79.725,111.19761
2023-10-28,S002-P0003,Groceries,68,425,65.62,79.725,108.34511
2023-10-29,S002-P0003,Groceries,128,344,88.94,79.725,106.30378
2023-10-30,S002-P0003,Groceries,69,254,73.18,79.725,102.40048
2023-10-31,S002-P0003,Groceries,76,193,67.7,79.725,100.247795
2023-11-01,S002-P0003,Groceries,99,579,81.32,79.725,101.823555
2023-11-02,S002-P0003,Groceries,74,468,74.52,79.725,99.405556
2023-11-03,S002-P0003,Groceries,48,394,60.87,79.725,98.58543
2023-11-04,S002-P0003,Groceries,119,343,91.13,79.725,94.34185
2023-11-05,S002-P0003,Groceries,4,218,55.92,79.725,95.45008
2023-11-06,S002-P0003,Groceries,90,215,62.31,79.725,119.33684
2023-11-07,S002-P0003,Groceries,117,507,81.76,79.725,89.36736
2023-11-08,S002-P0003,Groceries,191,421,79.39,79.725,118.97577
2023-11-09,S002-P0003,Groceries,61,259,74.89,79.725,95.41401
2023-11-10,S002-P0003,Groceries,89,205,74.39,79.725,98.835594
2023-11-11,S002-P0003,Groceries,115,673,77.06,79.725,124.879654
2023-11-12,S002-P0003,Groceries,140,546,83.02,79.725,128.12999
2023-11-13,S002-P0003,Groceries,91,421,79.17,79.725,98.69518
2023-11-14,S002-P0003,Groceries,119,325,69.41,79.725,127.0581
2023-11-15,S002-P0003,Groceries,159,187,87.15,79.725,124.26794
2023-11-16,S002-P0003,Groceries,117,23,77.38,79.725,99.67556
2023-11-17,S002-P0003,Groceries,137,338,86.82,79.725,101.639
2023-11-18,S002-P0003,Groceries,103,692,61.68,79.725,129.42906
2023-11-19,S002-P0003,Groceries,184,621,92.98,79.725,129.67104
2023-11-20,S002-P0003,Groceries,84,468,77.29,79.725,105.339874
2023-11-21,S002-P0003,Groceries,123,370,92.35,79.725,107.59604
2023-11-22,S002-P0003,Groceries,76,227,75.01,79.725,102.03267
2023-11-23,S002-P0003,Groceries,110,150,79.9,79.725,134.64473
2023-11-24,S002-P0003,Groceries,93,345,71.81,79.725,102.66076
2023-11-25,S002-P0003,Groceries,119,247,77.88,79.725,106.42677
2023-11-26,S002-P0003,Groceries,91,145,71.21,79.725,100.18774
2023-11-27,S002-P0003,Groceries,170,70,95.08,79.725,130.988
2023-11-28,S002-P0003,Groceries,82,424,72.57,79.725,105.93841
2023-11-29,S002-P0003,Groceries,124,327,83.31,79.725,108.91057
2023-11-30,S002-P0003,Groceries,91,691,75.23,79.725,104.27261
2023-12-01,S002-P0003,Groceries,121,608,74.18,79.725,135.17133
2023-12-02,S002-P0003,Groceries,179,471,86.57,79.725,133.06947
2023-12-03,S002-P0003,Groceries,72,294,73.98,79.725,111.508896
2023-12-04,S002-P0003,Groceries,135,234,90.8,79.725,107.529
2023-12-05,S002-P0003,Groceries,82,671,76.76,79.725,107.592705
2023-12-06,S002-P0003,Groceries,193,610,95.17,79.725,138.4643
2023-12-07,S002-P0003,Groceries,99,397,81.15,79.725,113.55627
2023-12-08,S002-P0003,Groceries,117,289,86.03,79.725,114.28279
2023-12-09,S002-P0003,Groceries,146,890,84.57,79.725,138.32951
2023-12-10,S002-P0003,Groceries,154,800,90.85,79.725,144.65494
2023-12-11,S002-P0003,Groceries,95,682,75.92,79.725,114.84362
2023-12-12,S002-P0003,Groceries,104,618,70.14,79.725,141.18753
2023-12-13,S002-P0003,Groceries,62,537,67.73,79.725,108.19517
2023-12-14,S002-P0003,Groceries,102,471,86.4,79.725,108.500534
2023-12-15,S002-P0003,Groceries,91,407,83.23,79.725,105.90769
2023-12-16,S002-P0003,Groceries,145,319,84.17,79.725,132.89569
2023-12-17,S002-P0003,Groceries,66,185,76.15,79.725,101.73949
2023-12-18,S002-P0003,Groceries,154,136,76.82,79.725,128.15445
2023-12-19,S002-P0003,Groceries,116,492,76.83,79.725,133.55919
2023-12-20,S002-P0003,Groceries,118,379,86.46,79.725,106.24092
2023-12-21,S002-P0003,Groceries,147,270,94.14,79.725,101.868416
2023-12-22,S002-P0003,Groceries,91,134,74.9,79.725,106.89732
2023-12-23,S002-P0003,Groceries,144,406,88.72,79.725,107.20281
2023-12-24,S002-P0003,Groceries,69,240,69.64,79.725,111.42066
2023-12-25,S002-P0003,Groceries,95,189,72.08,79.725,108.823296
2023-12-26,S002-P0003,Groceries,50,537,71.63,79.725,109.66166
2023-12-27,S002-P0003,Groceries,74,502,55.93,79.725,78.0335
2023-12-28,S002-P0003,Groceries,69,437,65.9,79.725,62.44968
2023-12-29,S002-P0003,Groceries,89,394,74.6,79.725,61.939205
2023-12-30,S002-P0003,Groceries,14,309,55.7,79.725,67.17209
2023-12-31,S002-P0003,Groceries,34,297,67.16,79.725,58.43474
2024-01-01,S002-P0003,Groceries,91,261,75.17,79.725,51.790955
2024-01-02,S002-P0003,Groceries,127,157,88.88,79.725,58.48925
2024-01-03,S002-P0003,Groceries,119,30,91.08,79.725,76.74657
2024-01-04,S002-P0003,Groceries,93,313,79.76,79.725,83.62495
2024-01-05,S002-P0003,Groceries,89,202,66.27,79.725,110.17362
2024-01-06,S002-P0003,Groceries,94,559,67.9,79.725,105.89114
2024-01-07,S002-P0003,Groceries,72,496,66.71,79.725,79.72796
2024-01-08,S002-P0003,Groceries,66,451,64.92,79.725,92.158485
2024-01-09,S002-P0003,Groceries,50,403,71.81,79.725,107.63764
2024-01-10,S002-P0003,Groceries,148,358,84.34,79.725,132.2921
2024-01-11,S002-P0003,Groceries,193,236,79.87,79.725,134.66353
2024-01-12,S002-P0003,Groceries,47,68,63.89,79.725,109.5465
2024-01-13,S002-P0003,Groceries,72,402,73.95,79.725,110.03785
2024-01-14,S002-P0003,Groceries,76,904,79.11,79.725,104.452736
2024-01-15,S002-P0003,Groceries,62,838,71.34,79.725,106.256294
2024-01-16,S002-P0003,Groceries,95,786,71.71,79.725,121.881454
2024-01-17,S002-P0003,Groceries,77,716,71.66,79.725,93.486015
2024-01-18,S002-P0003,Groceries,101,641,81.94,79.725,92.73077
2024-01-19,S002-P0003,Groceries,100,524,68.68,79.725,120.292656
2024-01-20,S002-P0003,Groceries,38,442,58.51,79.725,93.58946
2024-01-21,S002-P0003,Groceries,82,407,80.9,79.725,94.4401
2024-01-22,S002-P0003,Groceries,168,328,79.69,79.725,110.98237
2024-01-23,S002-P0003,Groceries,110,212,88.72,79.725,94.16749
2024-01-24,S002-P0003,Groceries,60,144,56.59,79.725,124.7471
2024-01-25,S002-P0003,Groceries,78,523,71.68,79.725,93.42901
2024-01-26,S002-P0003,Groceries,159,431,87.6,79.725,93.121895
2024-01-27,S002-P0003,Groceries,143,322,88.5,79.725,98.55201
2024-01-28,S002-P0003,Groceries,170,168,79.16,79.725,133.40594
2024-01-29,S002-P0003,Groceries,102,481,82.18,79.725,104.322075
2024-01-30,S002-P0003,Groceries,79,388,72.2,79.725,106.351234
2023-10-03,S002-P0004,Groceries,88,280,40.74,41.235,109.13646
2023-10-04,S002-P0004,Groceries,216,189,46.91,41.235,137.10988
2023-10-05,S002-P0004,Groceries,138,366,47.82,41.235,105.82144
2023-10-06,S002-P0004,Groceries,44,223,31.19,41.235,108.39895
2023-10-07,S002-P0004,Groceries,54,705,32.31,41.235,86.34093
2023-10-08,S002-P0004,Groceries,103,657,42.96,41.235,67.55766
2023-10-09,S002-P0004,Groceries,87,575,36.59,41.235,71.453865
2023-10-10,S002-P0004,Groceries,62,514,35.34,41.235,73.745834
2023-10-11,S002-P0004,Groceries,35,459,28.12,41.235,96.72778
2023-10-12,S002-P0004,Groceries,80,436,35.77,41.235,70.48834
2023-10-13,S002-P0004,Groceries,82,380,37.82,41.235,94.55959
2023-10-14,S002-P0004,Groceries,54,324,34.17,41.235,76.87227
2023-10-15,S002-P0004,Groceries,63,282,35.45,41.235,68.73437
2023-10-16,S002-P0004,Groceries,78,218,39.38,41.235,71.66427
2023-10-17,S002-P0004,Groceries,59,153,27.61,41.235,91.04467
2023-10-18,S002-P0004,Groceries,13,88,24.32,41.235,85.70308
2023-10-19,S002-P0004,Groceries,121,269,40.66,41.235,66.73318
2023-10-20,S002-P0004,Groceries,93,142,37.29,41.235,85.59008
2023-10-21,S002-P0004,Groceries,76,72,35.27,41.235,68.78235
2023-10-22,S002-P0004,Groceries,127,319,43.98,41.235,74.163704
2023-10-23,S002-P0004,Groceries,58,222,38.57,41.235,74.45189
2023-10-24,S002-P0004,Groceries,114,186,46.76,41.235,82.31573
2023-10-25,S002-P0004,Groceries,44,429,32.88,41.235,113.49512
2023-10-26,S002-P0004,Groceries,123,381,43.25,41.235,111.71772
2023-10-27,S002-P0004,Groceries,139,238,47.96,41.235,107.73901
2023-10-28,S002-P0004,Groceries,174,133,44.42,41.235,136.82027
2023-10-29,S002-P0004,Groceries,124,357,45.85,41.235,108.92549
2023-10-30,S002-P0004,Groceries,123,229,45.65,41.235,110.89419
2023-10-31,S002-P0004,Groceries,26,599,32.16,41.235,109.129524
2023-11-01,S002-P0004,Groceries,149,571,39.41,41.235,141.40947
2023-11-02,S002-P0004,Groceries,147,453,46.4,41.235,108.086464
2023-11-03,S002-P0004,Groceries,73,357,38.65,41.235,108.72406
2023-11-04,S002-P0004,Groceries,179,279,47.9,41.235,136.73434
2023-11-05,S002-P0004,Groceries,87,560,34.25,41.235,143.73428
2023-11-06,S002-P0004,Groceries,118,464,47.33,41.235,114.44759
2023-11-07,S002-P0004,Groceries,102,362,40.65,41.235,112.62297
2023-11-08,S002-P0004,Groceries,136,280,37.5,41.235,140.90405
2023-11-09,S002-P0004,Groceries,59,171,36.74,41.235,109.536934
2023-11-10,S002-P0004,Groceries,117,492,47.19,41.235,111.31931
2023-11-11,S002-P0004,Groceries,165,360,41.2,41.235,135.54692
2023-11-12,S002-P0004,Groceries,98,194,42.15,41.235,110.31382
2023-11-13,S002-P0004,Groceries,106,95,45.65,41.235,106.66853
2023-11-14,S002-P0004,Groceries,166,515,51.73,41.235,111.79026
2023-11-15,S002-P0004,Groceries,110,375,46.22,41.235,113.17013
2023-11-16,S002-P0004,Groceries,129,300,44.17,41.235,113.90689
2023-11-17,S002-P0004,Groceries,149,654,46.8,41.235,114.40569
2023-11-18,S002-P0004,Groceries,123,516,34.28,41.235,147.14948
2023-11-19,S002-P0004,Groceries,87,387,32.16,41.235,144.36201
2023-11-20,S002-P0004,Groceries,97,314,44.2,41.235,115.09719
2023-11-21,S002-P0004,Groceries,126,205,41.53,41.235,111.95353
2023-11-22,S002-P0004,Groceries,133,105,47.13,41.235,112.3437
2023-11-23,S002-P0004,Groceries,139,233,42.82,41.235,142.79701
2023-11-24,S002-P0004,Groceries,164,478,48.75,41.235,142.93306
2023-11-25,S002-P0004,Groceries,114,359,44.38,41.235,114.79259
2023-11-26,S002-P0004,Groceries,73,256,36.8,41.235,113.17243
2023-11-27,S002-P0004,Groceries,112,660,39.69,41.235,109.26973
2023-11-28,S002-P0004,Groceries,134,571,35.41,41.235,142.8762
2023-11-29,S002-P0004,Groceries,74,439,34.92,41.235,109.51777
2023-11-30,S002-P0004,Groceries,39,374,33.93,41.235,109.26142
2023-12-01,S002-P0004,Groceries,168,345,41.54,41.235,127.64977
2023-12-02,S002-P0004,Groceries,54,212,34.18,41.235,103.27811
2023-12-03,S002-P0004,Groceries,114,155,42.2,41.235,107.685905
2023-12-04,S002-P0004,Groceries,102,622,38.49,41.235,104.06307
2023-12-05,S002-P0004,Groceries,208,504,54.47,41.235,133.32387
2023-12-06,S002-P0004,Groceries,125,320,34.5,41.235,136.96898
2023-12-07,S002-P0004,Groceries,137,201,45.29,41.235,114.20784
2023-12-08,S002-P0004,Groceries,74,754,36.79,41.235,108.74113
2023-12-09,S002-P0004,Groceries,168,704,49.4,41.235,112.16848
2023-12-10,S002-P0004,Groceries,154,505,52.61,41.235,112.216324
2023-12-11,S002-P0004,Groceries,136,400,35.65,41.235,148.77043
2023-12-12,S002-P0004,Groceries,131,265,36.92,41.235,144.35744
2023-12-13,S002-P0004,Groceries,114,613,42.25,41.235,119.185425
2023-12-14,S002-P0004,Groceries,110,492,43.88,41.235,114.37312
2023-12-15,S002-P0004,Groceries,116,423,42.32,41.235,117.25118
2023-12-16,S002-P0004,Groceries,141,302,40.63,41.235,145.58345
2023-12-17,S002-P0004,Groceries,146,145,48.91,41.235,116.601135
2023-12-18,S002-P0004,Groceries,92,400,39.18,41.235,114.46458
2023-12-19,S002-P0004,Groceries,54,307,37.97,41.235,117.53538
2023-12-20,S002-P0004,Groceries,93,612,43.7,41.235,109.96151
2023-12-21,S002-P0004,Groceries,150,539,44.55,41.235,110.38982
2023-12-22,S002-P0004,Groceries,178,422,42.08,41.235,141.59901
2023-12-23,S002-P0004,Groceries,135,209,47.37,41.235,116.926476
2023-12-24,S002-P0004,Groceries,205,59,45.68,41.235,140.38672
2023-12-25,S002-P0004,Groceries,112,555,39.52,41.235,151.90053
2023-12-26,S002-P0004,Groceries,99,474,38.12,41.235,122.5514
2023-12-27,S002-P0004,Groceries,79,1033,41.56,41.235,84.70592
2023-12-28,S002-P0004,Groceries,58,967,27.47,41.235,95.849205
2023-12-29,S002-P0004,Groceries,73,899,38.69,41.235,77.01363
2023-12-30,S002-P0004,Groceries,90,819,39.03,41.235,70.82208
2023-12-31,S002-P0004,Groceries,69,763,38.15,41.235,81.604645
2024-01-01,S002-P0004,Groceries,75,708,38.93,41.235,76.98823
2024-01-02,S002-P0004,Groceries,94,659,41.64,41.235,77.986565
2024-01-03,S002-P0004,Groceries,86,561,40.59,41.235,84.34664
2024-01-04,S002-P0004,Groceries,52,507,37.6,41.235,87.82994
2024-01-05,S002-P0004,Groceries,72,464,38.52,41.235,75.6999
2024-01-06,S002-P0004,Groceries,32,382,33.01,41.235,76.24179
2024-01-07,S002-P0004,Groceries,105,350,43.14,41.235,67.9083
2024-01-08,S002-P0004,Groceries,45,254,29.37,41.235,91.72352
2024-01-09,S002-P0004,Groceries,142,216,48.39,41.235,105.4391
2024-01-10,S002-P0004,Groceries,150,424,46.84,41.235,112.15367
2024-01-11,S002-P0004,Groceries,111,298,33.04,41.235,147.63086
2024-01-12,S002-P0004,Groceries,98,227,35.51,41.235,147.9004
2024-01-13,S002-P0004,Groceries,72,659,34.67,41.235,113.84112
2024-01-14,S002-P0004,Groceries,111,597,34.72,41.235,139.3541
2024-01-15,S002-P0004,Groceries,139,466,45.42,41.235,108.50033
2024-01-16,S002-P0004,Groceries,208,367,54.52,41.235,138.70305
2024-01-17,S002-P0004,Groceries,87,230,42.76,41.235,111.43614
2024-01-18,S002-P0004,Groceries,188,618,41.02,41.235,141.34294
2024-01-19,S002-P0004,Groceries,152,458,49.75,41.235,112.991776
2024-01-20,S002-P0004,Groceries,235,291,48.36,41.235,148.7562
2024-01-21,S002-P0004,Groceries,181,760,50.88,41.235,154.99503
2024-01-22,S002-P0004,Groceries,108,556,41.27,41.235,129.11113
2024-01-23,S002-P0004,Groceries,123,427,45.63,41.235,124.770676
2024-01-24,S002-P0004,Groceries,128,332,46.31,41.235,126.06922
2024-01-25,S002-P0004,Groceries,109,236,41.51,41.235,122.58141
2024-01-26,S002-P0004,Groceries,122,531,34.13,41.235,155.41982
2024-01-27,S002-P0004,Groceries,111,454,41.75,41.235,121.27018
2024-01-28,S002-P0004,Groceries,124,328,38.55,41.235,152.98895
2024-01-29,S002-P0004,Groceries,139,250,45.5,41.235,118.98206
2024-01-30,S002-P0004,Groceries,73,129,36.61,41.235,119.68869
2023-10-03,S002-P0005,Electronics,106,227,76.81,86.265,125.3438
2023-10-04,S002-P0005,Electronics,63,110,82.61,86.265,97.21531
2023-10-05,S002-P0005,Electronics,81,376,92.82,86.265,96.450195
2023-10-06,S002-P0005,Electronics,100,284,84.76,86.265,94.266205
2023-10-07,S002-P0005,Electronics,39,217,71.5,86.265,57.878147
2023-10-08,S002-P0005,Electronics,41,172,79.98,86.265,51.91186
2023-10-09,S002-P0005,Electronics,51,519,70.59,86.265,60.52799
2023-10-10,S002-P0005,Electronics,78,468,65.58,86.265,58.32107
2023-10-11,S002-P0005,Electronics,30,388,68.77,86.265,48.61579
2023-10-12,S002-P0005,Electronics,72,354,81.03,86.265,63.232754
2023-10-13,S002-P0005,Electronics,66,283,75.23,86.265,64.26976
2023-10-14,S002-P0005,Electronics,68,205,67.32,86.265,66.927864
2023-10-15,S002-P0005,Electronics,45,132,77.26,86.265,53.548347
2023-10-16,S002-P0005,Electronics,79,364,82.9,86.265,66.76354
2023-10-17,S002-P0005,Electronics,44,278,76.67,86.265,53.677273
2023-10-18,S002-P0005,Electronics,28,226,68.2,86.265,52.025547
2023-10-19,S002-P0005,Electronics,47,201,73.66,86.265,48.713352
2023-10-20,S002-P0005,Electronics,26,522,64.1,86.265,44.788246
2023-10-21,S002-P0005,Electronics,38,497,74.84,86.265,41.896084
2023-10-22,S002-P0005,Electronics,42,459,57.12,86.265,49.551956
2023-10-23,S002-P0005,Electronics,88,428,76.72,86.265,50.386932
2023-10-24,S002-P0005,Electronics,93,358,82.35,86.265,56.745373
2023-10-25,S002-P0005,Electronics,70,299,76.47,86.265,90.75699
2023-10-26,S002-P0005,Electronics,140,225,100.97,86.265,88.99674
2023-10-27,S002-P0005,Electronics,90,385,90.99,86.265,91.92524
2023-10-28,S002-P0005,Electronics,123,318,101.06,86.265,90.48199
2023-10-29,S002-P0005,Electronics,114,176,103.49,86.265,95.34259
2023-10-30,S002-P0005,Electronics,46,713,69.72,86.265,94.4387
2023-10-31,S002-P0005,Electronics,101,668,94.4,86.265,97.65169
2023-11-01,S002-P0005,Electronics,143,598,85.84,86.265,126.77195
2023-11-02,S002-P0005,Electronics,83,427,84.34,86.265,96.37619
2023-11-03,S002-P0005,Electronics,77,360,65.25,86.265,123.744804
2023-11-04,S002-P0005,Electronics,149,287,91.91,86.265,125.219315
2023-11-05,S002-P0005,Electronics,179,860,112.3,86.265,125.83606
2023-11-06,S002-P0005,Electronics,99,668,84.32,86.265,104.661865
2023-11-07,S002-P0005,Electronics,97,593,93.26,86.265,99.73447
2023-11-08,S002-P0005,Electronics,94,505,92.28,86.265,101.4493
2023-11-09,S002-P0005,Electronics,93,419,87.21,86.265,100.50475
2023-11-10,S002-P0005,Electronics,18,341,61.94,86.265,102.27616
2023-11-11,S002-P0005,Electronics,113,327,103.35,86.265,95.83099
2023-11-12,S002-P0005,Electronics,158,249,106.51,86.265,97.879875
2023-11-13,S002-P0005,Electronics,107,552,86.04,86.265,130.6509
2023-11-14,S002-P0005,Electronics,180,477,88.99,86.265,132.34921
2023-11-15,S002-P0005,Electronics,46,303,73.64,86.265,105.85856
2023-11-16,S002-P0005,Electronics,116,852,99.14,86.265,107.432274
2023-11-17,S002-P0005,Electronics,114,768,98.34,86.265,103.45367
2023-11-18,S002-P0005,Electronics,83,646,80.08,86.265,106.33309
2023-11-19,S002-P0005,Electronics,143,594,101.57,86.265,129.41592
2023-11-20,S002-P0005,Electronics,124,457,81.17,86.265,134.60509
2023-11-21,S002-P0005,Electronics,66,368,83.59,86.265,103.91872
2023-11-22,S002-P0005,Electronics,112,314,88.04,86.265,104.767555
2023-11-23,S002-P0005,Electronics,138,835,94.57,86.265,131.53743
2023-11-24,S002-P0005,Electronics,85,735,80.49,86.265,105.20771
2023-11-25,S002-P0005,Electronics,54,653,63.87,86.265,128.33331
2023-11-26,S002-P0005,Electronics,85,616,94.09,86.265,99.19756
2023-11-27,S002-P0005,Electronics,142,526,112.69,86.265,95.852745
2023-11-28,S002-P0005,Electronics,51,434,74.95,86.265,97.509125
2023-11-29,S002-P0005,Electronics,85,397,84.9,86.265,98.51281
2023-11-30,S002-P0005,Electronics,143,334,96.73,86.265,97.605354
2023-12-01,S002-P0005,Electronics,119,813,84.12,86.265,128.6374
2023-12-02,S002-P0005,Electronics,97,732,93.15,86.265,103.23077
2023-12-03,S002-P0005,Electronics,61,620,82.09,86.265,99.764915
2023-12-04,S002-P0005,Electronics,114,552,93.56,86.265,100.490166
2023-12-05,S002-P0005,Electronics,163,425,102.2,86.265,129.25171
2023-12-06,S002-P0005,Electronics,145,291,102.18,86.265,102.885445
2023-12-07,S002-P0005,Electronics,63,151,87.15,86.265,101.861595
2023-12-08,S002-P0005,Electronics,86,112,80.75,86.265,102.46795
2023-12-09,S002-P0005,Electronics,75,724,77.67,86.265,101.444695
2023-12-10,S002-P0005,Electronics,97,651,93.27,86.265,105.34061
2023-12-11,S002-P0005,Electronics,63,554,78.51,86.265,97.030754
2023-12-12,S002-P0005,Electronics,86,502,76.29,86.265,123.3954
2023-12-13,S002-P0005,Electronics,103,445,100.14,86.265,91.07047
2023-12-14,S002-P0005,Electronics,184,342,102.15,86.265,123.54156
2023-12-15,S002-P0005,Electronics,147,192,91.55,86.265,125.64994
2023-12-16,S002-P0005,Electronics,82,85,79.68,86.265,128.78285
2023-12-17,S002-P0005,Electronics,84,381,66.75,86.265,124.561165
2023-12-18,S002-P0005,Electronics,137,1075,100.23,86.265,97.1468
2023-12-19,S002-P0005,Electronics,101,939,79.44,86.265,127.67314
2023-12-20,S002-P0005,Electronics,122,859,95.86,86.265,98.90437
2023-12-21,S002-P0005,Electronics,110,745,102.17,86.265,99.724625
2023-12-22,S002-P0005,Electronics,157,675,94.87,86.265,131.6099
2023-12-23,S002-P0005,Electronics,99,496,89.15,86.265,103.3081
2023-12-24,S002-P0005,Electronics,139,400,111.77,86.265,107.17134
2023-12-25,S002-P0005,Electronics,91,289,86.63,86.265,101.204575
2023-12-26,S002-P0005,Electronics,63,773,82.68,86.265,109.06951
2023-12-27,S002-P0005,Electronics,54,725,71.78,86.265,63.41031
2023-12-28,S002-P0005,Electronics,72,683,72.68,86.265,75.32927
2023-12-29,S002-P0005,Electronics,71,604,85.19,86.265,56.29333
2023-12-30,S002-P0005,Electronics,47,546,69.87,86.265,58.03221
2023-12-31,S002-P0005,Electronics,44,516,69.12,86.265,57.17956
2024-01-01,S002-P0005,Electronics,55,472,84.38,86.265,53.34292
2024-01-02,S002-P0005,Electronics,54,437,72.03,86.265,68.94787
2024-01-03,S002-P0005,Electronics,97,393,73.59,86.265,68.616905
2024-01-04,S002-P0005,Electronics,39,284,71.36,86.265,56.17589
2024-01-05,S002-P0005,Electronics,75,258,73.44,86.265,70.25136
2024-01-06,S002-P0005,Electronics,42,191,72.45,86.265,56.22893
2024-01-07,S002-P0005,Electronics,57,497,76.83,86.265,54.50916
2024-01-08,S002-P0005,Electronics,93,442,91.85,86.265,52.503555
2024-01-09,S002-P0005,Electronics,115,373,98.71,86.265,97.38578
2024-01-10,S002-P0005,Electronics,74,271,81.41,86.265,101.996025
2024-01-11,S002-P0005,Electronics,81,213,83.71,86.265,104.878494
2024-01-12,S002-P0005,Electronics,103,586,85.54,86.265,104.12092
2024-01-13,S002-P0005,Electronics,30,487,65.17,86.265,102.1478
2024-01-14,S002-P0005,Electronics,99,462,88.91,86.265,100.8556
2024-01-15,S002-P0005,Electronics,63,346,82.57,86.265,95.28301
2024-01-16,S002-P0005,Electronics,115,286,77.99,86.265,122.447914
2024-01-17,S002-P0005,Electronics,113,167,98.17,86.265,88.01052
2024-01-18,S002-P0005,Electronics,37,374,70.61,86.265,92.890015
2024-01-19,S002-P0005,Electronics,115,348,88.89,86.265,120.337975
2024-01-20,S002-P0005,Electronics,199,224,98.39,86.265,118.06611
2024-01-21,S002-P0005,Electronics,88,601,85.69,86.265,129.77646
2024-01-22,S002-P0005,Electronics,79,517,87.7,86.265,100.32702
2024-01-23,S002-P0005,Electronics,95,460,87.64,86.265,95.49925
2024-01-24,S002-P0005,Electronics,77,1218,77.82,86.265,130.34428
2024-01-25,S002-P0005,Electronics,133,1130,104.22,86.265,93.25019
2024-01-26,S002-P0005,Electronics,175,992,98.74,86.265,127.67573
2024-01-27,S002-P0005,Electronics,132,862,83.2,86.265,128.68944
2024-01-28,S002-P0005,Electronics,101,728,94.35,86.265,104.35147
2024-01-29,S002-P0005,Electronics,68,625,88.55,86.265,101.99692
2024-01-30,S002-P0005,Electronics,138,552,105.91,86.265,102.42273
2023-10-03,S002-P0006,Clothing,98,75,59.56,63.71,84.69839
2023-10-04,S002-P0006,Clothing,129,105,57.62,63.71,114.92361
2023-10-05,S002-P0006,Clothing,15,138,45.64,63.71,84.4605
2023-10-06,S002-P0006,Clothing,58,127,57.54,63.71,87.13859
2023-10-07,S002-P0006,Clothing,70,64,60.08,63.71,38.59647
2023-10-08,S002-P0006,Clothing,84,70,66.57,63.71,46.251225
2023-10-09,S002-P0006,Clothing,125,72,68.29,63.71,47.761112
2023-10-10,S002-P0006,Clothing,114,146,58.73,63.71,84.02409
2023-10-11,S002-P0006,Clothing,119,113,56.72,63.71,89.93297
2023-10-12,S002-P0006,Clothing,152,146,70.31,63.71,70.22936
2023-10-13,S002-P0006,Clothing,63,166,58.67,63.71,81.410736
2023-10-14,S002-P0006,Clothing,118,115,52.89,63.71,101.67156
2023-10-15,S002-P0006,Clothing,117,137,70.33,63.71,81.02024
2023-10-16,S002-P0006,Clothing,147,174,64.83,63.71,110.34722
2023-10-17,S002-P0006,Clothing,114,177,69.62,63.71,89.940475
2023-10-18,S002-P0006,Clothing,96,98,56.0,63.71,111.22924
2023-10-19,S002-P0006,Clothing,70,101,50.68,63.71,105.56215
2023-10-20,S002-P0006,Clothing,62,111,55.37,63.71,82.528404
2023-10-21,S002-P0006,Clothing,111,44,69.11,63.71,77.07656
2023-10-22,S002-P0006,Clothing,77,104,58.43,63.71,102.82764
2023-10-23,S002-P0006,Clothing,72,82,57.33,63.71,105.63301
2023-10-24,S002-P0006,Clothing,114,97,69.83,63.71,75.073524
2023-10-25,S002-P0006,Clothing,142,147,63.8,63.71,149.01894
2023-10-26,S002-P0006,Clothing,93,134,65.13,63.71,112.4571
2023-10-27,S002-P0006,Clothing,127,133,76.43,63.71,110.54421
2023-10-28,S002-P0006,Clothing,142,153,72.1,63.71,110.09493
2023-10-29,S002-P0006,Clothing,45,133,51.93,63.71,116.85221
2023-10-30,S002-P0006,Clothing,78,86,61.76,63.71,110.69938
2023-10-31,S002-P0006,Clothing,108,126,65.0,63.71,110.95059
2023-11-01,S002-P0006,Clothing,145,116,76.43,63.71,108.76524
2023-11-02,S002-P0006,Clothing,163,131,80.41,63.71,111.14978
2023-11-03,S002-P0006,Clothing,99,200,66.44,63.71,111.505875
2023-11-04,S002-P0006,Clothing,60,131,57.94,63.71,112.144
2023-11-05,S002-P0006,Clothing,141,93,71.78,63.71,113.51052
2023-11-06,S002-P0006,Clothing,87,116,60.55,63.71,116.89346
2023-11-07,S002-P0006,Clothing,137,132,67.23,63.71,109.87049
2023-11-08,S002-P0006,Clothing,80,170,62.28,63.71,109.955025
2023-11-09,S002-P0006,Clothing,98,114,56.3,63.71,139.66609
2023-11-10,S002-P0006,Clothing,105,134,53.42,63.71,140.8239
2023-11-11,S002-P0006,Clothing,127,134,65.27,63.71,109.4692
2023-11-12,S002-P0006,Clothing,194,173,82.53,63.71,135.71301
2023-11-13,S002-P0006,Clothing,176,223,62.51,63.71,140.7467
2023-11-14,S002-P0006,Clothing,56,228,57.05,63.71,116.98292
2023-11-15,S002-P0006,Clothing,70,167,47.42,63.71,141.04501
2023-11-16,S002-P0006,Clothing,91,88,64.77,63.71,105.61651
2023-11-17,S002-P0006,Clothing,85,107,57.02,63.71,135.88504
2023-11-18,S002-P0006,Clothing,88,80,51.31,63.71,129.76364
2023-11-19,S002-P0006,Clothing,100,82,63.22,63.71,103.87243
2023-11-20,S002-P0006,Clothing,164,120,72.55,63.71,99.865776
2023-11-21,S002-P0006,Clothing,84,171,63.21,63.71,101.79445
2023-11-22,S002-P0006,Clothing,143,76,72.12,63.71,132.1277
2023-11-23,S002-P0006,Clothing,65,119,55.95,63.71,105.08877
2023-11-24,S002-P0006,Clothing,74,46,54.89,63.71,105.8208
2023-11-25,S002-P0006,Clothing,133,81,77.68,63.71,100.70122
2023-11-26,S002-P0006,Clothing,42,134,56.7,63.71,100.31391
2023-11-27,S002-P0006,Clothing,140,84,59.62,63.71,125.675156
2023-11-28,S002-P0006,Clothing,77,161,49.36,63.71,129.41795
2023-11-29,S002-P0006,Clothing,69,79,53.89,63.71,102.81225
2023-11-30,S002-P0006,Clothing,73,73,60.82,63.71,99.49529
2023-12-01,S002-P0006,Clothing,124,96,71.9,63.71,96.381775
2023-12-02,S002-P0006,Clothing,161,133,80.1,63.71,95.75812
2023-12-03,S002-P0006,Clothing,137,187,67.19,63.71,129.48329
2023-12-04,S002-P0006,Clothing,80,25,62.19,63.71,99.968834
2023-12-05,S002-P0006,Clothing,158,85,71.34,63.71,100.219475
2023-12-06,S002-P0006,Clothing,86,157,50.24,63.71,132.86986
2023-12-07,S002-P0006,Clothing,161,65,71.66,63.71,134.79271
2023-12-08,S002-P0006,Clothing,176,129,66.64,63.71,134.65672
2023-12-09,S002-P0006,Clothing,146,221,60.53,63.71,139.81902
2023-12-10,S002-P0006,Clothing,115,55,69.96,63.71,109.92994
2023-12-11,S002-P0006,Clothing,125,100,65.0,63.71,109.8564
2023-12-12,S002-P0006,Clothing,100,146,53.34,63.71,140.81429
2023-12-13,S002-P0006,Clothing,140,128,75.41,63.71,112.678246
2023-12-14,S002-P0006,Clothing,203,138,80.21,63.71,109.68845
2023-12-15,S002-P0006,Clothing,255,199,95.18,63.71,150.09233
2023-12-16,S002-P0006,Clothing,36,280,52.72,63.71,121.108284
2023-12-17,S002-P0006,Clothing,148,250,61.67,63.71,154.61333
2023-12-18,S002-P0006,Clothing,214,144,77.13,63.71,150.11821
2023-12-19,S002-P0006,Clothing,121,232,75.1,63.71,129.53157
2023-12-20,S002-P0006,Clothing,107,139,68.18,63.71,122.55808
2023-12-21,S002-P0006,Clothing,106,176,54.39,63.71,153.84888
2023-12-22,S002-P0006,Clothing,40,58,50.67,63.71,121.87632
2023-12-23,S002-P0006,Clothing,94,69,65.38,63.71,121.54842
2023-12-24,S002-P0006,Clothing,90,97,64.42,63.71,112.2951
2023-12-25,S002-P0006,Clothing,142,143,75.94,63.71,112.58017
2023-12-26,S002-P0006,Clothing,97,156,66.02,63.71,113.51381
2023-12-27,S002-P0006,Clothing,139,65,71.23,63.71,81.786385
2023-12-28,S002-P0006,Clothing,81,126,59.43,63.71,90.58793
2023-12-29,S002-P0006,Clothing,76,150,58.2,63.71,92.66488
2023-12-30,S002-P0006,Clothing,157,88,75.24,63.71,80.638985
2023-12-31,S002-P0006,Clothing,121,172,75.0,63.71,100.49568
2024-01-01,S002-P0006,Clothing,83,73,59.7,63.71,99.37294
2024-01-02,S002-P0006,Clothing,201,80,84.08,63.71,121.036
2024-01-03,S002-P0006,Clothing,128,198,57.46,63.71,133.06035
2024-01-04,S002-P0006,Clothing,205,100,80.26,63.71,130.36409
2024-01-05,S002-P0006,Clothing,136,173,78.52,63.71,112.246666
2024-01-06,S002-P0006,Clothing,102,160,60.32,63.71,110.89955
2024-01-07,S002-P0006,Clothing,103,68,67.4,63.71,112.93703
2024-01-08,S002-P0006,Clothing,195,116,82.8,63.71,127.15769
2024-01-09,S002-P0006,Clothing,138,201,67.44,63.71,134.30162
2024-01-10,S002-P0006,Clothing,113,52,65.99,63.71,129.88223
2024-01-11,S002-P0006,Clothing,90,99,64.49,63.71,127.32343
2024-01-12,S002-P0006,Clothing,117,90,52.81,63.71,154.79031
2024-01-13,S002-P0006,Clothing,85,117,60.03,63.71,125.304665
2024-01-14,S002-P0006,Clothing,113,123,69.41,63.71,120.91221
2024-01-15,S002-P0006,Clothing,103,181,70.86,63.71,120.287865
2024-01-16,S002-P0006,Clothing,91,75,68.14,63.71,117.11875
2024-01-17,S002-P0006,Clothing,21,108,49.39,63.71,115.9
2024-01-18,S002-P0006,Clothing,72,95,54.45,63.71,108.43605
2024-01-19,S002-P0006,Clothing,87,100,57.48,63.71,104.27421
2024-01-20,S002-P0006,Clothing,96,96,62.42,63.71,105.954765
2024-01-21,S002-P0006,Clothing,84,140,50.49,63.71,134.21313
2024-01-22,S002-P0006,Clothing,88,61,64.09,63.71,101.43213
2024-01-23,S002-P0006,Clothing,80,102,52.88,63.71,128.92207
2024-01-24,S002-P0006,Clothing,165,91,60.63,63.71,126.56655
2024-01-25,S002-P0006,Clothing,226,134,79.33,63.71,129.28218
2024-01-26,S002-P0006,Clothing,121,252,64.21,63.71,106.407715
2024-01-27,S002-P0006,Clothing,167,112,81.28,63.71,108.487175
2024-01-28,S002-P0006,Clothing,167,181,72.83,63.71,142.76067
2024-01-29,S002-P0006,Clothing,100,167,63.2,63.71,117.247055
2024-01-30,S002-P0006,Clothing,118,98,63.58,63.71,114.29913
2023-10-03,S002-P0007,Toys,86,244,26.23,26.064999999999998,86.19902
2023-10-04,S002-P0007,Toys,79,168,28.45,26.064999999999998,86.38692
2023-10-05,S002-P0007,Toys,138,436,29.31,26.064999999999998,86.65931
2023-10-06,S002-P0007,Toys,64,349,20.16,26.064999999999998,119.13505
2023-10-07,S002-P0007,Toys,46,274,21.43,26.064999999999998,65.595436
2023-10-08,S002-P0007,Toys,30,571,21.21,26.064999999999998,46.5063
2023-10-09,S002-P0007,Toys,13,552,18.61,26.064999999999998,44.65018
2023-10-10,S002-P0007,Toys,38,539,18.2,26.064999999999998,51.330467
2023-10-11,S002-P0007,Toys,37,514,19.57,26.064999999999998,43.794422
2023-10-12,S002-P0007,Toys,17,490,21.1,26.064999999999998,34.297386
2023-10-13,S002-P0007,Toys,15,475,21.96,26.064999999999998,35.05883
2023-10-14,S002-P0007,Toys,26,461,19.63,26.064999999999998,43.50836
2023-10-15,S002-P0007,Toys,47,431,25.22,26.064999999999998,31.725668
2023-10-16,S002-P0007,Toys,13,378,20.69,26.064999999999998,35.441216
2023-10-17,S002-P0007,Toys,41,370,22.13,26.064999999999998,34.36961
2023-10-18,S002-P0007,Toys,77,336,22.82,26.064999999999998,44.792263
2023-10-19,S002-P0007,Toys,7,277,21.19,26.064999999999998,37.834972
2023-10-20,S002-P0007,Toys,12,273,21.66,26.064999999999998,36.234276
2023-10-21,S002-P0007,Toys,43,266,18.85,26.064999999999998,43.57424
2023-10-22,S002-P0007,Toys,39,222,23.15,26.064999999999998,33.495182
2023-10-23,S002-P0007,Toys,31,177,21.24,26.064999999999998,35.90156
2023-10-24,S002-P0007,Toys,30,156,21.17,26.064999999999998,34.94814
2023-10-25,S002-P0007,Toys,101,125,22.95,26.064999999999998,103.94055
2023-10-26,S002-P0007,Toys,125,8,31.37,26.064999999999998,81.646034
2023-10-27,S002-P0007,Toys,52,86,24.42,26.064999999999998,85.1385
2023-10-28,S002-P0007,Toys,130,357,31.89,26.064999999999998,85.473076
2023-10-29,S002-P0007,Toys,59,672,23.77,26.064999999999998,87.52006
2023-10-30,S002-P0007,Toys,121,627,30.98,26.064999999999998,87.93634
2023-10-31,S002-P0007,Toys,76,494,24.04,26.064999999999998,90.310196
2023-11-01,S002-P0007,Toys,44,429,23.69,26.064999999999998,90.359276
2023-11-02,S002-P0007,Toys,109,378,31.4,26.064999999999998,87.105415
2023-11-03,S002-P0007,Toys,87,255,29.21,26.064999999999998,89.986374
2023-11-04,S002-P0007,Toys,162,153,33.01,26.064999999999998,88.17461
2023-11-05,S002-P0007,Toys,105,312,25.08,26.064999999999998,123.78187
2023-11-06,S002-P0007,Toys,57,237,26.21,26.064999999999998,95.80166
2023-11-07,S002-P0007,Toys,225,740,38.69,26.064999999999998,121.95693
2023-11-08,S002-P0007,Toys,76,582,26.67,26.064999999999998,102.73304
2023-11-09,S002-P0007,Toys,158,524,34.53,26.064999999999998,103.87919
2023-11-10,S002-P0007,Toys,89,1151,25.14,26.064999999999998,103.30594
2023-11-11,S002-P0007,Toys,75,1050,25.28,26.064999999999998,106.61177
2023-11-12,S002-P0007,Toys,132,985,33.71,26.064999999999998,105.04504
2023-11-13,S002-P0007,Toys,155,853,30.64,26.064999999999998,138.94713
2023-11-14,S002-P0007,Toys,113,679,31.8,26.064999999999998,106.81314
2023-11-15,S002-P0007,Toys,93,587,28.34,26.064999999999998,111.3479
2023-11-16,S002-P0007,Toys,83,513,23.25,26.064999999999998,136.92076
2023-11-17,S002-P0007,Toys,89,426,25.18,26.064999999999998,138.55876
2023-11-18,S002-P0007,Toys,167,360,29.8,26.064999999999998,131.54681
2023-11-19,S002-P0007,Toys,90,241,28.05,26.064999999999998,105.758705
2023-11-20,S002-P0007,Toys,118,158,32.27,26.064999999999998,104.17702
2023-11-21,S002-P0007,Toys,107,496,23.39,26.064999999999998,131.61514
2023-11-22,S002-P0007,Toys,74,425,22.34,26.064999999999998,135.92268
2023-11-23,S002-P0007,Toys,136,363,24.33,26.064999999999998,134.01933
2023-11-24,S002-P0007,Toys,118,208,27.65,26.064999999999998,103.62101
2023-11-25,S002-P0007,Toys,124,77,29.67,26.064999999999998,104.2015
2023-11-26,S002-P0007,Toys,125,426,28.25,26.064999999999998,136.01112
2023-11-27,S002-P0007,Toys,128,302,28.5,26.064999999999998,109.37909
2023-11-28,S002-P0007,Toys,74,152,27.95,26.064999999999998,109.412346
2023-11-29,S002-P0007,Toys,88,496,27.82,26.064999999999998,105.98428
2023-11-30,S002-P0007,Toys,71,424,24.86,26.064999999999998,105.701744
2023-12-01,S002-P0007,Toys,50,346,23.0,26.064999999999998,104.8932
2023-12-02,S002-P0007,Toys,149,293,30.08,26.064999999999998,122.95451
2023-12-03,S002-P0007,Toys,58,136,23.73,26.064999999999998,98.87267
2023-12-04,S002-P0007,Toys,151,81,30.48,26.064999999999998,98.365135
2023-12-05,S002-P0007,Toys,44,472,21.29,26.064999999999998,100.45812
2023-12-06,S002-P0007,Toys,135,438,29.05,26.064999999999998,130.43452
2023-12-07,S002-P0007,Toys,112,308,27.13,26.064999999999998,127.809975
2023-12-08,S002-P0007,Toys,105,193,29.47,26.064999999999998,102.14878
2023-12-09,S002-P0007,Toys,53,452,25.82,26.064999999999998,99.11918
2023-12-10,S002-P0007,Toys,132,410,25.63,26.064999999999998,124.27337
2023-12-11,S002-P0007,Toys,131,328,26.88,26.064999999999998,126.02264
2023-12-12,S002-P0007,Toys,59,233,22.55,26.064999999999998,99.46537
2023-12-13,S002-P0007,Toys,113,562,27.22,26.064999999999998,98.481575
2023-12-14,S002-P0007,Toys,38,436,23.08,26.064999999999998,99.28282
2023-12-15,S002-P0007,Toys,105,413,22.06,26.064999999999998,120.928246
2023-12-16,S002-P0007,Toys,105,347,23.26,26.064999999999998,122.162605
2023-12-17,S002-P0007,Toys,100,241,28.96,26.064999999999998,93.89264
2023-12-18,S002-P0007,Toys,173,158,34.13,26.064999999999998,93.65462
2023-12-19,S002-P0007,Toys,75,371,21.03,26.064999999999998,128.97075
2023-12-20,S002-P0007,Toys,57,314,23.68,26.064999999999998,101.40938
2023-12-21,S002-P0007,Toys,63,864,22.91,26.064999999999998,96.10122
2023-12-22,S002-P0007,Toys,42,817,23.49,26.064999999999998,97.02762
2023-12-23,S002-P0007,Toys,133,775,28.87,26.064999999999998,111.732
2023-12-24,S002-P0007,Toys,126,621,24.86,26.064999999999998,118.4195
2023-12-25,S002-P0007,Toys,92,494,26.82,26.064999999999998,91.08567
2023-12-26,S002-P0007,Toys,76,422,24.02,26.064999999999998,93.16995
2023-12-27,S002-P0007,Toys,20,343,22.47,26.064999999999998,52.66914
2023-12-28,S002-P0007,Toys,19,331,20.18,26.064999999999998,50.245983
2023-12-29,S002-P0007,Toys,16,315,22.07,26.064999999999998,39.986565
2023-12-30,S002-P0007,Toys,9,304,18.28,26.064999999999998,36.44089
2023-12-31,S002-P0007,Toys,30,299,20.07,26.064999999999998,30.947966
2024-01-01,S002-P0007,Toys,36,269,20.49,26.064999999999998,36.691708
2024-01-02,S002-P0007,Toys,32,239,21.33,26.064999999999998,29.56192
2024-01-03,S002-P0007,Toys,61,204,21.46,26.064999999999998,38.214897
2024-01-04,S002-P0007,Toys,62,150,21.36,26.064999999999998,45.4477
2024-01-05,S002-P0007,Toys,9,81,19.35,26.064999999999998,37.94961
2024-01-06,S002-P0007,Toys,67,237,23.28,26.064999999999998,37.335632
2024-01-07,S002-P0007,Toys,49,191,21.71,26.064999999999998,37.566807
2024-01-08,S002-P0007,Toys,30,152,21.14,26.064999999999998,42.620876
2024-01-09,S002-P0007,Toys,67,326,25.87,26.064999999999998,81.59635
2024-01-10,S002-P0007,Toys,137,266,27.4,26.064999999999998,110.50004
2024-01-11,S002-P0007,Toys,50,131,24.24,26.064999999999998,86.379005
2024-01-12,S002-P0007,Toys,43,94,22.31,26.064999999999998,91.18521
2024-01-13,S002-P0007,Toys,56,526,23.54,26.064999999999998,107.211464
2024-01-14,S002-P0007,Toys,120,485,32.56,26.064999999999998,82.90397
2024-01-15,S002-P0007,Toys,115,412,30.43,26.064999999999998,85.05271
2024-01-16,S002-P0007,Toys,134,313,28.81,26.064999999999998,116.24865
2024-01-17,S002-P0007,Toys,99,161,21.65,26.064999999999998,113.88357
2024-01-18,S002-P0007,Toys,49,454,24.1,26.064999999999998,90.66249
2024-01-19,S002-P0007,Toys,61,415,25.25,26.064999999999998,87.628075
2024-01-20,S002-P0007,Toys,101,355,22.92,26.064999999999998,109.74593
2024-01-21,S002-P0007,Toys,47,262,23.9,26.064999999999998,82.20002
2024-01-22,S002-P0007,Toys,68,231,25.96,26.064999999999998,86.863945
2024-01-23,S002-P0007,Toys,104,425,26.47,26.064999999999998,78.26264
2024-01-24,S002-P0007,Toys,99,307,28.91,26.064999999999998,85.84031
2024-01-25,S002-P0007,Toys,155,196,28.8,26.064999999999998,110.37602
2024-01-26,S002-P0007,Toys,75,24,25.23,26.064999999999998,89.536766
2024-01-27,S002-P0007,Toys,174,271,28.81,26.064999999999998,119.24888
2024-01-28,S002-P0007,Toys,60,550,25.23,26.064999999999998,91.33014
2024-01-29,S002-P0007,Toys,129,491,30.06,26.064999999999998,95.004555
2024-01-30,S002-P0007,Toys,109,414,26.84,26.064999999999998,96.04278
2023-10-03,S002-P0008,Groceries,74,169,22.51,25.54,119.387
2023-10-04,S002-P0008,Groceries,106,102,23.67,25.54,140.91573
2023-10-05,S002-P0008,Groceries,97,108,27.03,25.54,111.38653
2023-10-06,S002-P0008,Groceries,154,110,27.53,25.54,109.0609
2023-10-07,S002-P0008,Groceries,65,156,21.75,25.54,77.47219
2023-10-08,S002-P0008,Groceries,172,92,25.69,25.54,98.73702
2023-10-09,S002-P0008,Groceries,119,164,26.23,25.54,81.316864
2023-10-10,S002-P0008,Groceries,59,166,21.27,25.54,82.80785
2023-10-11,S002-P0008,Groceries,75,125,22.64,25.54,88.98554
2023-10-12,S002-P0008,Groceries,122,122,25.05,25.54,105.33395
2023-10-13,S002-P0008,Groceries,75,170,22.65,25.54,89.30393
2023-10-14,S002-P0008,Groceries,97,105,23.12,25.54,85.24759
2023-10-15,S002-P0008,Groceries,99,130,25.88,25.54,89.83146
2023-10-16,S002-P0008,Groceries,63,151,20.54,25.54,86.32783
2023-10-17,S002-P0008,Groceries,108,90,24.01,25.54,90.53974
2023-10-18,S002-P0008,Groceries,117,118,20.57,25.54,114.00585
2023-10-19,S002-P0008,Groceries,93,140,19.04,25.54,114.11582
2023-10-20,S002-P0008,Groceries,59,143,21.26,25.54,84.50496
2023-10-21,S002-P0008,Groceries,125,101,25.15,25.54,99.73614
2023-10-22,S002-P0008,Groceries,94,110,24.2,25.54,83.73226
2023-10-23,S002-P0008,Groceries,148,112,28.47,25.54,110.95439
2023-10-24,S002-P0008,Groceries,66,170,20.78,25.54,89.37645
2023-10-25,S002-P0008,Groceries,117,121,27.44,25.54,113.90644
2023-10-26,S002-P0008,Groceries,31,107,20.08,25.54,117.529396
2023-10-27,S002-P0008,Groceries,122,77,22.28,25.54,140.53801
2023-10-28,S002-P0008,Groceries,118,107,26.16,25.54,108.88288
2023-10-29,S002-P0008,Groceries,85,129,25.95,25.54,108.75173
2023-10-30,S002-P0008,Groceries,133,103,27.3,25.54,106.24561
2023-10-31,S002-P0008,Groceries,101,142,23.44,25.54,109.23354
2023-11-01,S002-P0008,Groceries,93,167,24.01,25.54,108.103264
2023-11-02,S002-P0008,Groceries,81,83,24.33,25.54,107.99626
2023-11-03,S002-P0008,Groceries,154,96,28.97,25.54,135.34428
2023-11-04,S002-P0008,Groceries,69,149,23.32,25.54,106.04963
2023-11-05,S002-P0008,Groceries,156,99,29.15,25.54,134.91844
2023-11-06,S002-P0008,Groceries,129,148,26.97,25.54,106.087456
2023-11-07,S002-P0008,Groceries,103,174,23.59,25.54,107.56052
2023-11-08,S002-P0008,Groceries,79,51,25.46,25.54,105.742935
2023-11-09,S002-P0008,Groceries,144,79,25.02,25.54,136.67226
2023-11-10,S002-P0008,Groceries,131,170,21.43,25.54,135.9624
2023-11-11,S002-P0008,Groceries,75,191,23.87,25.54,108.049126
2023-11-12,S002-P0008,Groceries,157,108,25.99,25.54,131.84883
2023-11-13,S002-P0008,Groceries,149,136,25.35,25.54,136.31502
2023-11-14,S002-P0008,Groceries,33,208,21.33,25.54,109.09333
2023-11-15,S002-P0008,Groceries,98,183,25.82,25.54,107.14998
2023-11-16,S002-P0008,Groceries,146,83,28.29,25.54,104.29488
2023-11-17,S002-P0008,Groceries,118,171,20.65,25.54,134.58083
2023-11-18,S002-P0008,Groceries,154,81,25.95,25.54,131.50566
2023-11-19,S002-P0008,Groceries,86,151,23.52,25.54,107.278854
2023-11-20,S002-P0008,Groceries,26,77,14.74,25.54,132.64494
2023-11-21,S002-P0008,Groceries,50,59,21.68,25.54,100.24949
2023-11-22,S002-P0008,Groceries,65,65,24.24,25.54,98.92357
2023-11-23,S002-P0008,Groceries,118,78,26.15,25.54,92.78013
2023-11-24,S002-P0008,Groceries,85,103,19.51,25.54,122.788086
2023-11-25,S002-P0008,Groceries,142,88,29.55,25.54,93.32005
2023-11-26,S002-P0008,Groceries,150,145,28.67,25.54,97.003944
2023-11-27,S002-P0008,Groceries,198,220,36.15,25.54,102.73731
2023-11-28,S002-P0008,Groceries,112,235,28.4,25.54,105.707146
2023-11-29,S002-P0008,Groceries,113,147,27.03,25.54,110.747
2023-11-30,S002-P0008,Groceries,163,140,31.35,25.54,110.840706
2023-12-01,S002-P0008,Groceries,85,173,23.42,25.54,115.440125
2023-12-02,S002-P0008,Groceries,127,95,26.84,25.54,112.21078
2023-12-03,S002-P0008,Groceries,119,102,29.06,25.54,116.442986
2023-12-04,S002-P0008,Groceries,97,124,24.37,25.54,143.28029
2023-12-05,S002-P0008,Groceries,235,126,33.54,25.54,143.70003
2023-12-06,S002-P0008,Groceries,181,247,31.21,25.54,119.290245
2023-12-07,S002-P0008,Groceries,153,88,27.43,25.54,124.69495
2023-12-08,S002-P0008,Groceries,95,173,24.19,25.54,121.80662
2023-12-09,S002-P0008,Groceries,76,76,22.64,25.54,126.920074
2023-12-10,S002-P0008,Groceries,106,64,26.48,25.54,122.307686
2023-12-11,S002-P0008,Groceries,71,110,22.27,25.54,120.33742
2023-12-12,S002-P0008,Groceries,64,111,18.06,25.54,139.434
2023-12-13,S002-P0008,Groceries,159,136,31.03,25.54,111.66357
2023-12-14,S002-P0008,Groceries,215,189,32.0,25.54,143.04196
2023-12-15,S002-P0008,Groceries,211,241,29.8,25.54,151.71053
2023-12-16,S002-P0008,Groceries,104,340,26.28,25.54,123.299995
2023-12-17,S002-P0008,Groceries,105,276,23.59,25.54,153.43683
2023-12-18,S002-P0008,Groceries,119,178,24.84,25.54,120.44465
2023-12-19,S002-P0008,Groceries,73,36,22.49,25.54,123.74823
2023-12-20,S002-P0008,Groceries,68,87,18.36,25.54,142.39223
2023-12-21,S002-P0008,Groceries,126,89,25.33,25.54,113.82732
2023-12-22,S002-P0008,Groceries,178,137,24.45,25.54,143.31206
2023-12-23,S002-P0008,Groceries,127,171,23.82,25.54,147.28696
2023-12-24,S002-P0008,Groceries,146,176,28.32,25.54,117.13291
2023-12-25,S002-P0008,Groceries,122,144,26.42,25.54,116.54136
2023-12-26,S002-P0008,Groceries,223,149,31.0,25.54,148.92511
2023-12-27,S002-P0008,Groceries,97,234,25.69,25.54,94.56996
2023-12-28,S002-P0008,Groceries,105,135,26.38,25.54,96.03293
2023-12-29,S002-P0008,Groceries,115,109,25.83,25.54,92.51272
2023-12-30,S002-P0008,Groceries,76,132,23.89,25.54,100.565285
2023-12-31,S002-P0008,Groceries,47,67,20.36,25.54,95.2126
2024-01-01,S002-P0008,Groceries,52,63,21.88,25.54,84.0293
2024-01-02,S002-P0008,Groceries,58,62,21.22,25.54,74.653595
2024-01-03,S002-P0008,Groceries,81,66,18.26,25.54,87.79171
2024-01-04,S002-P0008,Groceries,64,95,17.14,25.54,88.336716
2024-01-05,S002-P0008,Groceries,114,97,21.73,25.54,80.18949
2024-01-06,S002-P0008,Groceries,68,120,23.25,25.54,74.40087
2024-01-07,S002-P0008,Groceries,104,58,27.69,25.54,76.20969
2024-01-08,S002-P0008,Groceries,73,116,23.69,25.54,81.4708
2024-01-09,S002-P0008,Groceries,145,127,25.1,25.54,143.13432
2024-01-10,S002-P0008,Groceries,73,134,24.91,25.54,115.82995
2024-01-11,S002-P0008,Groceries,189,79,30.18,25.54,144.96986
2024-01-12,S002-P0008,Groceries,106,219,27.88,25.54,115.72869
2024-01-13,S002-P0008,Groceries,85,122,23.39,25.54,119.19846
2024-01-14,S002-P0008,Groceries,142,122,31.06,25.54,115.47416
2024-01-15,S002-P0008,Groceries,72,116,22.43,25.54,118.40723
2024-01-16,S002-P0008,Groceries,110,147,20.14,25.54,142.24449
2024-01-17,S002-P0008,Groceries,92,156,21.31,25.54,140.95062
2024-01-18,S002-P0008,Groceries,127,48,28.27,25.54,107.24992
2024-01-19,S002-P0008,Groceries,105,112,23.74,25.54,108.34485
2024-01-20,S002-P0008,Groceries,118,89,26.02,25.54,112.15578
2024-01-21,S002-P0008,Groceries,132,124,30.21,25.54,112.90823
2024-01-22,S002-P0008,Groceries,66,114,20.74,25.54,112.800835
2024-01-23,S002-P0008,Groceries,157,107,24.67,25.54,143.14427
2024-01-24,S002-P0008,Groceries,130,128,22.49,25.54,142.77861
2024-01-25,S002-P0008,Groceries,120,126,27.68,25.54,111.89714
2024-01-26,S002-P0008,Groceries,104,108,26.32,25.54,110.65949
2024-01-27,S002-P0008,Groceries,173,92,24.13,25.54,142.76239
2024-01-28,S002-P0008,Groceries,124,158,28.05,25.54,113.93958
2024-01-29,S002-P0008,Groceries,111,186,25.52,25.54,114.532776
2024-01-30,S002-P0008,Groceries,96,85,26.98,25.54,114.88631
2023-10-03,S002-P0009,Groceries,192,105,73.52,61.155,135.97568
2023-10-04,S002-P0009,Groceries,45,403,51.49,61.155,108.51199
2023-10-05,S002-P0009,Groceries,112,351,58.79,61.155,106.544075
2023-10-06,S002-P0009,Groceries,67,252,53.07,61.155,102.786896
2023-10-07,S002-P0009,Groceries,87,183,54.0,61.155,68.455376
2023-10-08,S002-P0009,Groceries,66,110,50.22,61.155,82.39065
2023-10-09,S002-P0009,Groceries,75,246,60.59,61.155,66.991394
2023-10-10,S002-P0009,Groceries,64,199,49.9,61.155,59.954155
2023-10-11,S002-P0009,Groceries,73,140,57.24,61.155,67.21376
2023-10-12,S002-P0009,Groceries,64,162,58.27,61.155,65.92066
2023-10-13,S002-P0009,Groceries,51,98,52.65,61.155,72.31506
2023-10-14,S002-P0009,Groceries,78,201,49.46,61.155,84.337135
2023-10-15,S002-P0009,Groceries,77,121,55.11,61.155,67.75396
2023-10-16,S002-P0009,Groceries,94,188,58.35,61.155,68.30013
2023-10-17,S002-P0009,Groceries,107,112,57.78,61.155,74.75265
2023-10-18,S002-P0009,Groceries,107,237,51.3,61.155,101.59339
2023-10-19,S002-P0009,Groceries,64,131,58.28,61.155,81.478714
2023-10-20,S002-P0009,Groceries,45,282,48.87,61.155,78.95411
2023-10-21,S002-P0009,Groceries,105,230,57.01,61.155,90.5879
2023-10-22,S002-P0009,Groceries,96,130,55.7,61.155,71.58858
2023-10-23,S002-P0009,Groceries,142,284,64.24,61.155,104.065926
2023-10-24,S002-P0009,Groceries,72,168,57.07,61.155,82.32869
2023-10-25,S002-P0009,Groceries,76,431,57.78,61.155,109.74571
2023-10-26,S002-P0009,Groceries,181,379,75.3,61.155,138.7167
2023-10-27,S002-P0009,Groceries,169,252,57.81,61.155,140.66478
2023-10-28,S002-P0009,Groceries,178,412,62.2,61.155,141.77525
2023-10-29,S002-P0009,Groceries,108,254,61.27,61.155,111.816216
2023-10-30,S002-P0009,Groceries,99,488,62.65,61.155,112.18955
2023-10-31,S002-P0009,Groceries,76,425,60.97,61.155,111.61249
2023-11-01,S002-P0009,Groceries,74,339,60.39,61.155,112.90328
2023-11-02,S002-P0009,Groceries,177,294,58.98,61.155,134.19556
2023-11-03,S002-P0009,Groceries,162,144,63.58,61.155,137.46565
2023-11-04,S002-P0009,Groceries,144,297,57.51,61.155,140.31256
2023-11-05,S002-P0009,Groceries,107,204,57.87,61.155,112.78526
2023-11-06,S002-P0009,Groceries,74,419,57.47,61.155,112.29445
2023-11-07,S002-P0009,Groceries,113,348,65.5,61.155,111.031456
2023-11-08,S002-P0009,Groceries,139,256,53.13,61.155,140.08423
2023-11-09,S002-P0009,Groceries,125,132,68.01,61.155,109.46845
2023-11-10,S002-P0009,Groceries,91,256,57.89,61.155,108.45311
2023-11-11,S002-P0009,Groceries,131,196,65.75,61.155,107.47278
2023-11-12,S002-P0009,Groceries,66,233,52.87,61.155,109.50449
2023-11-13,S002-P0009,Groceries,136,161,55.45,61.155,140.9615
2023-11-14,S002-P0009,Groceries,147,72,61.56,61.155,139.66167
2023-11-15,S002-P0009,Groceries,64,310,58.24,61.155,114.11221
2023-11-16,S002-P0009,Groceries,75,247,57.72,61.155,107.99273
2023-11-17,S002-P0009,Groceries,138,167,63.6,61.155,109.30909
2023-11-18,S002-P0009,Groceries,169,26,57.76,61.155,136.66222
2023-11-19,S002-P0009,Groceries,178,329,78.85,61.155,106.888695
2023-11-20,S002-P0009,Groceries,139,518,70.78,61.155,109.69075
2023-11-21,S002-P0009,Groceries,142,418,57.21,61.155,140.14027
2023-11-22,S002-P0009,Groceries,90,255,60.65,61.155,115.91052
2023-11-23,S002-P0009,Groceries,107,172,57.75,61.155,116.1761
2023-11-24,S002-P0009,Groceries,129,271,72.44,61.155,111.89072
2023-11-25,S002-P0009,Groceries,206,167,71.26,61.155,142.81439
2023-11-26,S002-P0009,Groceries,61,235,54.69,61.155,114.4362
2023-11-27,S002-P0009,Groceries,35,586,49.42,61.155,116.496666
2023-11-28,S002-P0009,Groceries,199,551,62.36,61.155,131.9244
2023-11-29,S002-P0009,Groceries,84,334,59.43,61.155,111.74018
2023-11-30,S002-P0009,Groceries,61,242,52.09,61.155,113.83336
2023-12-01,S002-P0009,Groceries,118,185,52.5,61.155,135.48535
2023-12-02,S002-P0009,Groceries,143,51,71.7,61.155,107.02631
2023-12-03,S002-P0009,Groceries,67,227,44.81,61.155,136.7343
2023-12-04,S002-P0009,Groceries,181,466,71.07,61.155,140.50243
2023-12-05,S002-P0009,Groceries,89,279,57.31,61.155,109.34374
2023-12-06,S002-P0009,Groceries,91,193,54.54,61.155,143.59727
2023-12-07,S002-P0009,Groceries,186,135,80.53,61.155,107.04205
2023-12-08,S002-P0009,Groceries,166,164,76.34,61.155,117.49616
2023-12-09,S002-P0009,Groceries,159,411,75.01,61.155,115.322655
2023-12-10,S002-P0009,Groceries,92,312,58.15,61.155,120.32386
2023-12-11,S002-P0009,Groceries,152,209,73.47,61.155,120.98719
2023-12-12,S002-P0009,Groceries,244,31,87.57,61.155,155.12498
2023-12-13,S002-P0009,Groceries,182,348,63.78,61.155,157.46825
2023-12-14,S002-P0009,Groceries,193,612,77.83,61.155,130.96962
2023-12-15,S002-P0009,Groceries,130,453,65.32,61.155,130.5751
2023-12-16,S002-P0009,Groceries,88,352,63.42,61.155,135.52617
2023-12-17,S002-P0009,Groceries,127,268,58.06,61.155,158.77066
2023-12-18,S002-P0009,Groceries,194,159,61.53,61.155,159.80243
2023-12-19,S002-P0009,Groceries,83,290,53.27,61.155,127.26883
2023-12-20,S002-P0009,Groceries,124,578,67.71,61.155,130.2344
2023-12-21,S002-P0009,Groceries,174,492,65.76,61.155,152.02243
2023-12-22,S002-P0009,Groceries,81,383,58.95,61.155,130.16173
2023-12-23,S002-P0009,Groceries,160,317,71.08,61.155,122.58896
2023-12-24,S002-P0009,Groceries,85,215,56.78,61.155,129.45174
2023-12-25,S002-P0009,Groceries,110,411,64.93,61.155,123.718376
2023-12-26,S002-P0009,Groceries,249,317,83.59,61.155,153.83748
2023-12-27,S002-P0009,Groceries,105,142,60.68,61.155,102.410255
2023-12-28,S002-P0009,Groceries,66,505,52.74,61.155,106.521065
2023-12-29,S002-P0009,Groceries,128,459,65.16,61.155,95.90681
2023-12-30,S002-P0009,Groceries,74,307,54.42,61.155,105.18616
2023-12-31,S002-P0009,Groceries,35,224,46.72,61.155,105.7104
2024-01-01,S002-P0009,Groceries,89,196,60.54,61.155,89.03117
2024-01-02,S002-P0009,Groceries,116,92,49.57,61.155,104.5674
2024-01-03,S002-P0009,Groceries,80,200,55.61,61.155,92.765884
2024-01-04,S002-P0009,Groceries,44,310,48.62,61.155,89.997734
2024-01-05,S002-P0009,Groceries,66,260,52.91,61.155,80.71481
2024-01-06,S002-P0009,Groceries,92,203,51.44,61.155,89.13422
2024-01-07,S002-P0009,Groceries,120,124,66.94,61.155,80.39674
2024-01-08,S002-P0009,Groceries,91,236,60.94,61.155,84.62175
2024-01-09,S002-P0009,Groceries,150,353,65.76,61.155,149.37682
2024-01-10,S002-P0009,Groceries,106,213,57.54,61.155,115.00596
2024-01-11,S002-P0009,Groceries,109,388,54.39,61.155,151.48805
2024-01-12,S002-P0009,Groceries,116,270,59.42,61.155,116.05739
2024-01-13,S002-P0009,Groceries,138,178,70.5,61.155,117.4046
2024-01-14,S002-P0009,Groceries,111,221,58.58,61.155,113.75501
2024-01-15,S002-P0009,Groceries,71,104,59.85,61.155,120.53736
2024-01-16,S002-P0009,Groceries,123,265,56.78,61.155,141.3878
2024-01-17,S002-P0009,Groceries,184,120,60.05,61.155,141.16135
2024-01-18,S002-P0009,Groceries,150,242,69.23,61.155,112.02501
2024-01-19,S002-P0009,Groceries,80,520,52.73,61.155,115.84554
2024-01-20,S002-P0009,Groceries,139,435,56.61,61.155,145.74329
2024-01-21,S002-P0009,Groceries,157,341,55.92,61.155,148.2147
2024-01-22,S002-P0009,Groceries,116,174,59.52,61.155,116.912926
2024-01-23,S002-P0009,Groceries,61,385,52.02,61.155,116.66917
2024-01-24,S002-P0009,Groceries,284,320,80.61,61.155,141.1582
2024-01-25,S002-P0009,Groceries,135,0,73.74,61.155,122.59406
2024-01-26,S002-P0009,Groceries,135,603,70.03,61.155,126.49917
2024-01-27,S002-P0009,Groceries,148,447,64.97,61.155,156.4409
2024-01-28,S002-P0009,Groceries,131,348,69.17,61.155,127.75713
2024-01-29,S002-P0009,Groceries,85,210,59.69,61.155,124.731575
2024-01-30,S002-P0009,Groceries,108,153,58.06,61.155,124.55378
2023-10-03,S002-P0010,Groceries,191,210,98.64,88.11500000000001,149.83504
2023-10-04,S002-P0010,Groceries,134,294,78.44,88.11500000000001,153.77614
2023-10-05,S002-P0010,Groceries,117,194,94.5,88.11500000000001,118.18936
2023-10-06,S002-P0010,Groceries,79,111,87.55,88.11500000000001,119.042694
2023-10-07,S002-P0010,Groceries,126,103,72.67,88.11500000000001,96.69034
2023-10-08,S002-P0010,Groceries,87,139,76.99,88.11500000000001,82.59305
2023-10-09,S002-P0010,Groceries,33,158,66.02,88.11500000000001,78.19542
2023-10-10,S002-P0010,Groceries,47,133,66.58,88.11500000000001,76.64903
2023-10-11,S002-P0010,Groceries,104,80,85.98,88.11500000000001,67.709656
2023-10-12,S002-P0010,Groceries,122,100,90.91,88.11500000000001,104.32165
2023-10-13,S002-P0010,Groceries,52,109,75.18,88.11500000000001,82.836754
2023-10-14,S002-P0010,Groceries,66,115,67.56,88.11500000000001,104.01405
2023-10-15,S002-P0010,Groceries,94,96,78.99,88.11500000000001,74.33021
2023-10-16,S002-P0010,Groceries,80,99,79.21,88.11500000000001,83.29282
2023-10-17,S002-P0010,Groceries,47,105,70.03,88.11500000000001,81.77337
2023-10-18,S002-P0010,Groceries,57,115,76.82,88.11500000000001,74.95467
2023-10-19,S002-P0010,Groceries,61,138,73.87,88.11500000000001,89.11945
2023-10-20,S002-P0010,Groceries,71,100,85.17,88.11500000000001,68.634544
2023-10-21,S002-P0010,Groceries,113,101,88.24,88.11500000000001,90.315216
2023-10-22,S002-P0010,Groceries,102,151,75.89,88.11500000000001,98.81452
2023-10-23,S002-P0010,Groceries,93,194,83.0,88.11500000000001,74.53005
2023-10-24,S002-P0010,Groceries,88,84,85.91,88.11500000000001,81.599976
2023-10-25,S002-P0010,Groceries,124,100,91.32,88.11500000000001,108.96661
2023-10-26,S002-P0010,Groceries,46,110,69.69,88.11500000000001,110.3343
2023-10-27,S002-P0010,Groceries,87,62,85.52,88.11500000000001,107.71329
2023-10-28,S002-P0010,Groceries,161,98,84.72,88.11500000000001,131.28403
2023-10-29,S002-P0010,Groceries,102,183,81.01,88.11500000000001,104.726326
2023-10-30,S002-P0010,Groceries,126,78,91.96,88.11500000000001,102.200905
2023-10-31,S002-P0010,Groceries,138,148,100.62,88.11500000000001,105.04717
2023-11-01,S002-P0010,Groceries,119,197,94.96,88.11500000000001,108.31275
2023-11-02,S002-P0010,Groceries,259,107,115.65,88.11500000000001,140.71681
2023-11-03,S002-P0010,Groceries,71,299,72.73,88.11500000000001,116.93426
2023-11-04,S002-P0010,Groceries,145,225,92.44,88.11500000000001,145.81453
2023-11-05,S002-P0010,Groceries,121,76,95.45,88.11500000000001,115.14588
2023-11-06,S002-P0010,Groceries,94,132,83.18,88.11500000000001,120.1058
2023-11-07,S002-P0010,Groceries,71,138,76.6,88.11500000000001,140.46315
2023-11-08,S002-P0010,Groceries,120,87,85.87,88.11500000000001,144.484
2023-11-09,S002-P0010,Groceries,206,134,114.27,88.11500000000001,137.74208
2023-11-10,S002-P0010,Groceries,44,187,72.89,88.11500000000001,115.94415
2023-11-11,S002-P0010,Groceries,100,142,85.01,88.11500000000001,113.84039
2023-11-12,S002-P0010,Groceries,173,158,83.06,88.11500000000001,136.286
2023-11-13,S002-P0010,Groceries,155,170,95.09,88.11500000000001,112.48809
2023-11-14,S002-P0010,Groceries,98,192,93.47,88.11500000000001,115.197014
2023-11-15,S002-P0010,Groceries,188,88,98.05,88.11500000000001,140.96426
2023-11-16,S002-P0010,Groceries,91,185,82.31,88.11500000000001,114.73231
2023-11-17,S002-P0010,Groceries,126,111,97.07,88.11500000000001,119.396385
2023-11-18,S002-P0010,Groceries,41,124,76.0,88.11500000000001,116.201004
2023-11-19,S002-P0010,Groceries,113,81,74.5,88.11500000000001,144.95929
2023-11-20,S002-P0010,Groceries,194,94,116.93,88.11500000000001,107.57841
2023-11-21,S002-P0010,Groceries,106,172,95.87,88.11500000000001,117.87733
2023-11-22,S002-P0010,Groceries,148,54,81.81,88.11500000000001,146.67722
2023-11-23,S002-P0010,Groceries,168,166,98.55,88.11500000000001,146.8327
2023-11-24,S002-P0010,Groceries,85,181,85.04,88.11500000000001,121.048164
2023-11-25,S002-P0010,Groceries,128,102,92.59,88.11500000000001,119.00065
2023-11-26,S002-P0010,Groceries,60,140,73.48,88.11500000000001,117.867485
2023-11-27,S002-P0010,Groceries,63,80,74.51,88.11500000000001,113.77951
2023-11-28,S002-P0010,Groceries,101,82,85.21,88.11500000000001,109.30721
2023-11-29,S002-P0010,Groceries,61,93,73.75,88.11500000000001,110.78926
2023-11-30,S002-P0010,Groceries,99,75,89.05,88.11500000000001,104.19658
2023-12-01,S002-P0010,Groceries,124,105,101.59,88.11500000000001,102.97342
2023-12-02,S002-P0010,Groceries,164,126,102.9,88.11500000000001,103.08289
2023-12-03,S002-P0010,Groceries,133,149,94.27,88.11500000000001,110.01801
2023-12-04,S002-P0010,Groceries,201,174,125.28,88.11500000000001,111.37745
2023-12-05,S002-P0010,Groceries,67,197,79.73,88.11500000000001,114.734245
2023-12-06,S002-P0010,Groceries,110,125,87.83,88.11500000000001,117.51258
2023-12-07,S002-P0010,Groceries,133,148,99.14,88.11500000000001,116.80218
2023-12-08,S002-P0010,Groceries,122,152,86.25,88.11500000000001,147.65822
2023-12-09,S002-P0010,Groceries,193,163,87.52,88.11500000000001,141.61336
2023-12-10,S002-P0010,Groceries,188,232,92.25,88.11500000000001,150.95761
2023-12-11,S002-P0010,Groceries,135,245,89.59,88.11500000000001,152.47963
2023-12-12,S002-P0010,Groceries,140,140,101.13,88.11500000000001,123.11325
2023-12-13,S002-P0010,Groceries,167,150,109.15,88.11500000000001,119.98857
2023-12-14,S002-P0010,Groceries,149,172,103.84,88.11500000000001,123.99032
2023-12-15,S002-P0010,Groceries,94,203,92.14,88.11500000000001,121.8483
2023-12-16,S002-P0010,Groceries,53,147,75.57,88.11500000000001,121.993805
2023-12-17,S002-P0010,Groceries,150,103,83.24,88.11500000000001,142.56892
2023-12-18,S002-P0010,Groceries,143,174,91.94,88.11500000000001,147.2404
2023-12-19,S002-P0010,Groceries,162,173,102.27,88.11500000000001,116.867386
2023-12-20,S002-P0010,Groceries,178,137,89.82,88.11500000000001,148.08876
2023-12-21,S002-P0010,Groceries,143,188,96.96,88.11500000000001,121.717125
2023-12-22,S002-P0010,Groceries,98,176,84.48,88.11500000000001,123.35073
2023-12-23,S002-P0010,Groceries,95,81,87.82,88.11500000000001,122.9083
2023-12-24,S002-P0010,Groceries,99,106,70.46,88.11500000000001,149.63887
2023-12-25,S002-P0010,Groceries,102,118,80.98,88.11500000000001,146.76994
2023-12-26,S002-P0010,Groceries,109,160,92.14,88.11500000000001,115.62399
2023-12-27,S002-P0010,Groceries,167,200,97.58,88.11500000000001,92.02669
2023-12-28,S002-P0010,Groceries,83,255,84.37,88.11500000000001,88.41232
2023-12-29,S002-P0010,Groceries,116,167,93.99,88.11500000000001,89.52342
2023-12-30,S002-P0010,Groceries,74,158,81.77,88.11500000000001,91.250374
2023-12-31,S002-P0010,Groceries,94,90,79.0,88.11500000000001,91.8659
2024-01-01,S002-P0010,Groceries,90,76,72.86,88.11500000000001,104.05418
2024-01-02,S002-P0010,Groceries,93,88,78.72,88.11500000000001,89.5428
2024-01-03,S002-P0010,Groceries,62,103,82.49,88.11500000000001,84.06692
2024-01-04,S002-P0010,Groceries,89,112,73.2,88.11500000000001,103.352936
2024-01-05,S002-P0010,Groceries,130,92,83.46,88.11500000000001,95.649185
2024-01-06,S002-P0010,Groceries,81,156,88.31,88.11500000000001,86.17421
2024-01-07,S002-P0010,Groceries,189,84,103.35,88.11500000000001,105.76127
2024-01-08,S002-P0010,Groceries,134,189,104.49,88.11500000000001,95.79356
2024-01-09,S002-P0010,Groceries,147,170,92.87,88.11500000000001,116.64663
2024-01-10,S002-P0010,Groceries,74,147,69.51,88.11500000000001,154.89975
2024-01-11,S002-P0010,Groceries,118,99,85.34,88.11500000000001,120.51856
2024-01-12,S002-P0010,Groceries,174,135,105.17,88.11500000000001,121.133064
2024-01-13,S002-P0010,Groceries,124,178,96.4,88.11500000000001,121.17026
2024-01-14,S002-P0010,Groceries,152,183,104.68,88.11500000000001,124.59876
2024-01-15,S002-P0010,Groceries,140,188,101.1,88.11500000000001,123.28532
2024-01-16,S002-P0010,Groceries,103,188,67.66,88.11500000000001,157.36775
2024-01-17,S002-P0010,Groceries,182,122,102.02,88.11500000000001,150.95482
2024-01-18,S002-P0010,Groceries,164,179,102.61,88.11500000000001,123.51507
2024-01-19,S002-P0010,Groceries,86,180,89.83,88.11500000000001,124.79633
2024-01-20,S002-P0010,Groceries,86,108,80.91,88.11500000000001,125.35257
2024-01-21,S002-P0010,Groceries,156,132,89.19,88.11500000000001,150.33472
2024-01-22,S002-P0010,Groceries,180,131,107.26,88.11500000000001,121.84069
2024-01-23,S002-P0010,Groceries,98,179,88.93,88.11500000000001,121.27978
2024-01-24,S002-P0010,Groceries,169,82,92.35,88.11500000000001,155.52516
2024-01-25,S002-P0010,Groceries,115,150,93.83,88.11500000000001,122.15705
2024-01-26,S002-P0010,Groceries,120,200,100.15,88.11500000000001,127.638565
2024-01-27,S002-P0010,Groceries,159,101,80.08,88.11500000000001,151.83624
2024-01-28,S002-P0010,Groceries,112,142,92.96,88.11500000000001,126.00707
2024-01-29,S002-P0010,Groceries,120,108,95.18,88.11500000000001,121.01461
2024-01-30,S002-P0010,Groceries,107,143,86.77,88.11500000000001,124.166176
2023-10-03,S002-P0011,Groceries,48,190,83.6,94.455,103.266426
2023-10-04,S002-P0011,Groceries,116,528,95.91,94.455,102.73411
2023-10-05,S002-P0011,Groceries,158,441,120.22,94.455,99.56623
2023-10-06,S002-P0011,Groceries,101,283,86.52,94.455,103.39167
2023-10-07,S002-P0011,Groceries,106,167,87.59,94.455,90.67217
2023-10-08,S002-P0011,Groceries,114,642,85.28,94.455,93.54754
2023-10-09,S002-P0011,Groceries,37,543,76.23,94.455,71.123245
2023-10-10,S002-P0011,Groceries,90,499,74.27,94.455,86.52479
2023-10-11,S002-P0011,Groceries,66,432,85.25,94.455,67.515656
2023-10-12,S002-P0011,Groceries,113,377,94.69,94.455,89.23896
2023-10-13,S002-P0011,Groceries,87,299,91.78,94.455,75.0301
2023-10-14,S002-P0011,Groceries,79,219,89.29,94.455,75.96754
2023-10-15,S002-P0011,Groceries,63,490,88.7,94.455,78.70176
2023-10-16,S002-P0011,Groceries,112,414,94.75,94.455,72.11243
2023-10-17,S002-P0011,Groceries,73,330,68.93,94.455,107.98447
2023-10-18,S002-P0011,Groceries,92,243,98.35,94.455,78.30217
2023-10-19,S002-P0011,Groceries,97,160,89.88,94.455,103.24366
2023-10-20,S002-P0011,Groceries,40,58,73.15,94.455,78.19156
2023-10-21,S002-P0011,Groceries,33,255,59.85,94.455,92.768654
2023-10-22,S002-P0011,Groceries,70,232,86.38,94.455,63.301258
2023-10-23,S002-P0011,Groceries,89,150,83.22,94.455,81.46497
2023-10-24,S002-P0011,Groceries,76,78,92.95,94.455,68.90813
2023-10-25,S002-P0011,Groceries,96,250,94.74,94.455,102.56075
2023-10-26,S002-P0011,Groceries,181,158,102.33,94.455,137.86836
2023-10-27,S002-P0011,Groceries,110,0,89.25,94.455,104.920395
2023-10-28,S002-P0011,Groceries,114,343,95.25,94.455,107.81069
2023-10-29,S002-P0011,Groceries,105,715,87.7,94.455,103.94188
2023-10-30,S002-P0011,Groceries,104,634,92.23,94.455,109.55811
2023-10-31,S002-P0011,Groceries,57,534,82.31,94.455,104.88231
2023-11-01,S002-P0011,Groceries,101,475,101.44,94.455,106.79605
2023-11-02,S002-P0011,Groceries,141,367,108.67,94.455,102.86461
2023-11-03,S002-P0011,Groceries,150,265,105.96,94.455,104.8925
2023-11-04,S002-P0011,Groceries,169,146,88.31,94.455,136.24591
2023-11-05,S002-P0011,Groceries,35,464,71.43,94.455,113.14939
2023-11-06,S002-P0011,Groceries,100,425,85.83,94.455,138.92871
2023-11-07,S002-P0011,Groceries,119,321,96.75,94.455,108.95248
2023-11-08,S002-P0011,Groceries,111,200,99.27,94.455,107.42509
2023-11-09,S002-P0011,Groceries,134,107,95.82,94.455,106.00332
2023-11-10,S002-P0011,Groceries,90,423,92.62,94.455,104.336815
2023-11-11,S002-P0011,Groceries,131,348,89.69,94.455,135.80255
2023-11-12,S002-P0011,Groceries,150,219,105.72,94.455,107.392654
2023-11-13,S002-P0011,Groceries,38,101,76.24,94.455,113.325905
2023-11-14,S002-P0011,Groceries,78,438,88.87,94.455,107.07949
2023-11-15,S002-P0011,Groceries,34,352,63.22,94.455,134.15651
2023-11-16,S002-P0011,Groceries,32,320,74.42,94.455,102.62566
2023-11-17,S002-P0011,Groceries,138,300,96.95,94.455,117.92991
2023-11-18,S002-P0011,Groceries,214,136,117.93,94.455,125.11007
2023-11-19,S002-P0011,Groceries,139,0,108.26,94.455,100.45669
2023-11-20,S002-P0011,Groceries,74,381,83.1,94.455,105.34246
2023-11-21,S002-P0011,Groceries,165,1073,91.8,94.455,132.69386
2023-11-22,S002-P0011,Groceries,86,952,91.55,94.455,108.95837
2023-11-23,S002-P0011,Groceries,130,853,100.07,94.455,105.713165
2023-11-24,S002-P0011,Groceries,93,713,84.4,94.455,138.54599
2023-11-25,S002-P0011,Groceries,67,608,64.17,94.455,138.29112
2023-11-26,S002-P0011,Groceries,91,561,88.07,94.455,129.67177
2023-11-27,S002-P0011,Groceries,82,492,90.16,94.455,100.30369
2023-11-28,S002-P0011,Groceries,95,396,89.66,94.455,101.209946
2023-11-29,S002-P0011,Groceries,113,328,94.76,94.455,98.78017
2023-11-30,S002-P0011,Groceries,64,219,84.59,94.455,100.179596
2023-12-01,S002-P0011,Groceries,130,162,89.56,94.455,124.100266
2023-12-02,S002-P0011,Groceries,141,410,103.34,94.455,96.113884
2023-12-03,S002-P0011,Groceries,94,304,99.01,94.455,99.78894
2023-12-04,S002-P0011,Groceries,164,195,92.89,94.455,126.84574
2023-12-05,S002-P0011,Groceries,135,493,112.45,94.455,102.17199
2023-12-06,S002-P0011,Groceries,47,340,67.37,94.455,133.4517
2023-12-07,S002-P0011,Groceries,159,297,97.31,94.455,129.72705
2023-12-08,S002-P0011,Groceries,139,113,97.37,94.455,105.51336
2023-12-09,S002-P0011,Groceries,163,0,97.49,94.455,136.4658
2023-12-10,S002-P0011,Groceries,124,399,103.47,94.455,109.94855
2023-12-11,S002-P0011,Groceries,82,252,75.88,94.455,140.50623
2023-12-12,S002-P0011,Groceries,108,727,103.76,94.455,109.26193
2023-12-13,S002-P0011,Groceries,141,606,114.61,94.455,110.065025
2023-12-14,S002-P0011,Groceries,123,453,103.2,94.455,109.04804
2023-12-15,S002-P0011,Groceries,135,320,101.61,94.455,108.13188
2023-12-16,S002-P0011,Groceries,159,187,108.53,94.455,142.3455
2023-12-17,S002-P0011,Groceries,79,67,89.37,94.455,112.42366
2023-12-18,S002-P0011,Groceries,205,459,128.91,94.455,113.31881
2023-12-19,S002-P0011,Groceries,130,257,94.93,94.455,147.66615
2023-12-20,S002-P0011,Groceries,119,141,101.75,94.455,119.890434
2023-12-21,S002-P0011,Groceries,63,721,80.15,94.455,118.677505
2023-12-22,S002-P0011,Groceries,25,647,68.58,94.455,148.98012
2023-12-23,S002-P0011,Groceries,98,626,90.41,94.455,107.06193
2023-12-24,S002-P0011,Groceries,124,548,103.46,94.455,110.44554
2023-12-25,S002-P0011,Groceries,42,406,77.71,94.455,105.48159
2023-12-26,S002-P0011,Groceries,192,372,112.46,94.455,137.95853
2023-12-27,S002-P0011,Groceries,108,147,93.37,94.455,73.97734
2023-12-28,S002-P0011,Groceries,82,60,90.36,94.455,89.804344
2023-12-29,S002-P0011,Groceries,84,594,90.91,94.455,86.169716
2023-12-30,S002-P0011,Groceries,65,538,89.4,94.455,79.283714
2023-12-31,S002-P0011,Groceries,75,481,83.25,94.455,77.44394
2024-01-01,S002-P0011,Groceries,129,410,78.88,94.455,94.63949
2024-01-02,S002-P0011,Groceries,77,258,88.76,94.455,81.55537
2024-01-03,S002-P0011,Groceries,135,204,96.14,94.455,105.253136
2024-01-04,S002-P0011,Groceries,44,501,62.62,94.455,111.782005
2024-01-05,S002-P0011,Groceries,106,469,92.49,94.455,97.3088
2024-01-06,S002-P0011,Groceries,99,369,90.56,94.455,95.45884
2024-01-07,S002-P0011,Groceries,99,265,95.43,94.455,82.16153
2024-01-08,S002-P0011,Groceries,79,161,89.36,94.455,83.49319
2024-01-09,S002-P0011,Groceries,165,85,110.48,94.455,109.41764
2024-01-10,S002-P0011,Groceries,123,283,103.12,94.455,116.91374
2024-01-11,S002-P0011,Groceries,201,178,108.59,94.455,148.15602
2024-01-12,S002-P0011,Groceries,61,582,79.31,94.455,119.728905
2024-01-13,S002-P0011,Groceries,155,542,107.21,94.455,150.01291
2024-01-14,S002-P0011,Groceries,97,405,90.06,94.455,116.38086
2024-01-15,S002-P0011,Groceries,225,344,101.31,94.455,150.49194
2024-01-16,S002-P0011,Groceries,105,111,97.5,94.455,120.60335
2024-01-17,S002-P0011,Groceries,96,30,74.62,94.455,152.80794
2024-01-18,S002-P0011,Groceries,130,596,105.32,94.455,115.50048
2024-01-19,S002-P0011,Groceries,103,490,87.15,94.455,120.267975
2024-01-20,S002-P0011,Groceries,136,383,84.66,94.455,150.04085
2024-01-21,S002-P0011,Groceries,118,284,91.5,94.455,120.52799
2024-01-22,S002-P0011,Groceries,146,150,99.21,94.455,118.04638
2024-01-23,S002-P0011,Groceries,69,506,90.65,94.455,122.59144
2024-01-24,S002-P0011,Groceries,119,447,101.76,94.455,120.89003
2024-01-25,S002-P0011,Groceries,80,330,94.44,94.455,117.80826
2024-01-26,S002-P0011,Groceries,78,266,88.91,94.455,117.5468
2024-01-27,S002-P0011,Groceries,66,177,80.91,94.455,111.00021
2024-01-28,S002-P0011,Groceries,121,125,107.83,94.455,110.280136
2024-01-29,S002-P0011,Groceries,152,239,101.16,94.455,108.19753
2024-01-30,S002-P0011,Groceries,62,73,83.8,94.455,112.928795
2023-10-03,S002-P0012,Electronics,87,328,53.65,63.57,124.012825
2023-10-04,S002-P0012,Electronics,88,255,67.15,63.57,94.92712
2023-10-05,S002-P0012,Electronics,119,192,66.9,63.57,95.053085
2023-10-06,S002-P0012,Electronics,50,660,58.47,63.57,92.74843
2023-10-07,S002-P0012,Electronics,27,608,53.22,63.57,56.646122
2023-10-08,S002-P0012,Electronics,29,591,50.89,63.57,50.002995
2023-10-09,S002-P0012,Electronics,47,572,60.83,63.57,46.90768
2023-10-10,S002-P0012,Electronics,31,534,45.64,63.57,58.068993
2023-10-11,S002-P0012,Electronics,51,507,55.66,63.57,42.219074
2023-10-12,S002-P0012,Electronics,51,448,49.5,63.57,58.24615
2023-10-13,S002-P0012,Electronics,104,398,55.92,63.57,58.10065
2023-10-14,S002-P0012,Electronics,70,323,53.68,63.57,69.603424
2023-10-15,S002-P0012,Electronics,63,248,58.12,63.57,57.81461
2023-10-16,S002-P0012,Electronics,78,181,61.75,63.57,57.062183
2023-10-17,S002-P0012,Electronics,27,556,55.98,63.57,63.256466
2023-10-18,S002-P0012,Electronics,62,538,52.12,63.57,72.43615
2023-10-19,S002-P0012,Electronics,30,467,56.81,63.57,55.94726
2023-10-20,S002-P0012,Electronics,90,440,53.39,63.57,62.559357
2023-10-21,S002-P0012,Electronics,38,339,41.86,63.57,69.05552
2023-10-22,S002-P0012,Electronics,72,307,63.43,63.57,49.578064
2023-10-23,S002-P0012,Electronics,68,254,62.7,63.57,56.832836
2023-10-24,S002-P0012,Electronics,43,622,59.74,63.57,57.09558
2023-10-25,S002-P0012,Electronics,127,576,64.67,63.57,127.035164
2023-10-26,S002-P0012,Electronics,76,499,61.07,63.57,97.22172
2023-10-27,S002-P0012,Electronics,99,448,69.75,63.57,98.772095
2023-10-28,S002-P0012,Electronics,66,374,59.04,63.57,93.064224
2023-10-29,S002-P0012,Electronics,91,849,71.36,63.57,96.59438
2023-10-30,S002-P0012,Electronics,93,767,68.41,63.57,93.35552
2023-10-31,S002-P0012,Electronics,56,656,62.96,63.57,95.97718
2023-11-01,S002-P0012,Electronics,133,608,69.8,63.57,119.40352
2023-11-02,S002-P0012,Electronics,89,507,67.51,63.57,94.54304
2023-11-03,S002-P0012,Electronics,115,430,58.7,63.57,119.69106
2023-11-04,S002-P0012,Electronics,112,331,72.8,63.57,93.852516
2023-11-05,S002-P0012,Electronics,38,835,52.98,63.57,94.77478
2023-11-06,S002-P0012,Electronics,104,803,67.41,63.57,94.75731
2023-11-07,S002-P0012,Electronics,82,715,62.53,63.57,95.48502
2023-11-08,S002-P0012,Electronics,70,650,59.82,63.57,94.157036
2023-11-09,S002-P0012,Electronics,70,580,59.84,63.57,117.91144
2023-11-10,S002-P0012,Electronics,88,503,56.66,63.57,118.60918
2023-11-11,S002-P0012,Electronics,129,426,76.62,63.57,86.97307
2023-11-12,S002-P0012,Electronics,140,292,75.13,63.57,93.65007
2023-11-13,S002-P0012,Electronics,71,182,63.33,63.57,93.6842
2023-11-14,S002-P0012,Electronics,91,119,57.61,63.57,122.512886
2023-11-15,S002-P0012,Electronics,148,553,72.97,63.57,96.86671
2023-11-16,S002-P0012,Electronics,108,422,68.01,63.57,99.0148
2023-11-17,S002-P0012,Electronics,99,314,65.95,63.57,98.85905
2023-11-18,S002-P0012,Electronics,203,212,78.82,63.57,125.25742
2023-11-19,S002-P0012,Electronics,107,632,67.71,63.57,134.80772
2023-11-20,S002-P0012,Electronics,43,540,51.28,63.57,108.0206
2023-11-21,S002-P0012,Electronics,74,504,63.88,63.57,103.23754
2023-11-22,S002-P0012,Electronics,124,1278,75.46,63.57,97.03269
2023-11-23,S002-P0012,Electronics,139,1168,70.98,63.57,128.42247
2023-11-24,S002-P0012,Electronics,159,1001,70.94,63.57,129.63406
2023-11-25,S002-P0012,Electronics,140,862,71.19,63.57,100.34611
2023-11-26,S002-P0012,Electronics,91,710,61.1,63.57,129.72873
2023-11-27,S002-P0012,Electronics,107,609,71.48,63.57,101.500084
2023-11-28,S002-P0012,Electronics,92,509,64.7,63.57,104.6283
2023-11-29,S002-P0012,Electronics,124,450,75.5,63.57,102.89897
2023-11-30,S002-P0012,Electronics,51,337,58.74,63.57,100.56197
2023-12-01,S002-P0012,Electronics,110,280,68.74,63.57,102.32261
2023-12-02,S002-P0012,Electronics,107,201,60.87,63.57,130.96638
2023-12-03,S002-P0012,Electronics,102,699,55.51,63.57,131.21683
2023-12-04,S002-P0012,Electronics,114,610,73.28,63.57,98.71445
2023-12-05,S002-P0012,Electronics,75,494,60.99,63.57,102.98525
2023-12-06,S002-P0012,Electronics,85,435,59.84,63.57,100.92599
2023-12-07,S002-P0012,Electronics,110,333,72.23,63.57,102.24056
2023-12-08,S002-P0012,Electronics,71,254,63.35,63.57,99.33239
2023-12-09,S002-P0012,Electronics,109,190,56.81,63.57,123.29724
2023-12-10,S002-P0012,Electronics,128,107,57.25,63.57,125.002266
2023-12-11,S002-P0012,Electronics,142,383,75.37,63.57,125.17498
2023-12-12,S002-P0012,Electronics,96,217,72.71,63.57,101.44209
2023-12-13,S002-P0012,Electronics,98,137,65.79,63.57,99.396484
2023-12-14,S002-P0012,Electronics,130,485,76.9,63.57,100.74488
2023-12-15,S002-P0012,Electronics,110,398,57.8,63.57,130.2528
2023-12-16,S002-P0012,Electronics,104,284,67.28,63.57,102.861275
2023-12-17,S002-P0012,Electronics,122,172,71.12,63.57,129.19244
2023-12-18,S002-P0012,Electronics,106,575,64.17,63.57,100.46366
2023-12-19,S002-P0012,Electronics,119,471,62.52,63.57,131.19795
2023-12-20,S002-P0012,Electronics,108,348,68.05,63.57,103.91052
2023-12-21,S002-P0012,Electronics,118,252,70.32,63.57,101.067184
2023-12-22,S002-P0012,Electronics,108,138,68.03,63.57,133.4124
2023-12-23,S002-P0012,Electronics,89,608,67.31,63.57,101.37028
2023-12-24,S002-P0012,Electronics,79,518,61.62,63.57,104.09523
2023-12-25,S002-P0012,Electronics,32,466,45.74,63.57,126.862045
2023-12-26,S002-P0012,Electronics,76,431,64.39,63.57,95.2299
2023-12-27,S002-P0012,Electronics,47,368,54.65,63.57,51.79667
2023-12-28,S002-P0012,Electronics,51,320,55.85,63.57,52.76691
2023-12-29,S002-P0012,Electronics,46,274,57.51,63.57,49.060097
2023-12-30,S002-P0012,Electronics,50,228,55.61,63.57,45.44523
2023-12-31,S002-P0012,Electronics,30,197,56.83,63.57,45.023304
2024-01-01,S002-P0012,Electronics,31,165,51.48,63.57,41.642086
2024-01-02,S002-P0012,Electronics,76,337,61.22,63.57,39.870674
2024-01-03,S002-P0012,Electronics,59,275,60.63,63.57,43.598114
2024-01-04,S002-P0012,Electronics,26,229,47.73,63.57,50.17671
2024-01-05,S002-P0012,Electronics,51,203,55.77,63.57,45.884724
2024-01-06,S002-P0012,Electronics,75,491,60.86,63.57,44.711143
2024-01-07,S002-P0012,Electronics,18,418,40.9,63.57,66.213486
2024-01-08,S002-P0012,Electronics,58,401,63.49,63.57,45.769554
2024-01-09,S002-P0012,Electronics,93,335,64.82,63.57,117.26331
2024-01-10,S002-P0012,Electronics,118,248,70.41,63.57,91.35617
2024-01-11,S002-P0012,Electronics,65,160,52.56,63.57,125.49792
2024-01-12,S002-P0012,Electronics,122,95,67.17,63.57,124.01028
2024-01-13,S002-P0012,Electronics,162,337,70.92,63.57,121.15552
2024-01-14,S002-P0012,Electronics,79,179,68.57,63.57,99.16648
2024-01-15,S002-P0012,Electronics,124,103,71.42,63.57,95.20301
2024-01-16,S002-P0012,Electronics,89,455,63.87,63.57,99.36355
2024-01-17,S002-P0012,Electronics,72,400,50.19,63.57,128.1122
2024-01-18,S002-P0012,Electronics,105,356,56.9,63.57,125.22314
2024-01-19,S002-P0012,Electronics,68,793,65.89,63.57,93.76282
2024-01-20,S002-P0012,Electronics,115,745,77.15,63.57,94.410515
2024-01-21,S002-P0012,Electronics,45,660,54.29,63.57,96.09115
2024-01-22,S002-P0012,Electronics,94,613,54.9,63.57,125.8536
2024-01-23,S002-P0012,Electronics,91,546,57.77,63.57,116.76589
2024-01-24,S002-P0012,Electronics,119,439,66.81,63.57,92.01684
2024-01-25,S002-P0012,Electronics,86,318,49.97,63.57,122.06896
2024-01-26,S002-P0012,Electronics,49,243,58.16,63.57,92.65267
2024-01-27,S002-P0012,Electronics,81,195,65.62,63.57,90.30831
2024-01-28,S002-P0012,Electronics,87,606,66.91,63.57,88.08667
2024-01-29,S002-P0012,Electronics,77,502,61.35,63.57,88.640045
2024-01-30,S002-P0012,Electronics,96,423,72.63,63.57,92.38442
2023-10-03,S002-P0013,Groceries,102,301,20.25,22.134999999999998,139.63199
2023-10-04,S002-P0013,Groceries,87,219,22.52,22.134999999999998,109.2819
2023-10-05,S002-P0013,Groceries,96,501,20.89,22.134999999999998,108.589226
2023-10-06,S002-P0013,Groceries,51,398,18.77,22.134999999999998,104.236374
2023-10-07,S002-P0013,Groceries,52,350,17.82,22.134999999999998,65.13049
2023-10-08,S002-P0013,Groceries,95,291,20.82,22.134999999999998,55.86617
2023-10-09,S002-P0013,Groceries,56,224,19.1,22.134999999999998,64.17013
2023-10-10,S002-P0013,Groceries,92,183,17.4,22.134999999999998,79.228165
2023-10-11,S002-P0013,Groceries,47,414,18.44,22.134999999999998,67.88283
2023-10-12,S002-P0013,Groceries,60,382,15.52,22.134999999999998,83.266525
2023-10-13,S002-P0013,Groceries,103,315,23.71,22.134999999999998,62.90384
2023-10-14,S002-P0013,Groceries,73,235,20.33,22.134999999999998,71.04569
2023-10-15,S002-P0013,Groceries,65,166,18.81,22.134999999999998,74.382774
2023-10-16,S002-P0013,Groceries,67,493,16.94,22.134999999999998,92.8907
2023-10-17,S002-P0013,Groceries,93,449,19.67,22.134999999999998,87.664246
2023-10-18,S002-P0013,Groceries,62,366,20.6,22.134999999999998,68.48852
2023-10-19,S002-P0013,Groceries,35,322,15.83,22.134999999999998,72.186554
2023-10-20,S002-P0013,Groceries,86,289,17.06,22.134999999999998,74.7976
2023-10-21,S002-P0013,Groceries,73,214,18.34,22.134999999999998,62.54327
2023-10-22,S002-P0013,Groceries,89,146,17.23,22.134999999999998,83.21017
2023-10-23,S002-P0013,Groceries,75,357,16.21,22.134999999999998,88.70676
2023-10-24,S002-P0013,Groceries,92,269,20.63,22.134999999999998,61.77796
2023-10-25,S002-P0013,Groceries,125,183,22.92,22.134999999999998,137.98392
2023-10-26,S002-P0013,Groceries,141,44,24.03,22.134999999999998,106.93771
2023-10-27,S002-P0013,Groceries,137,304,23.72,22.134999999999998,106.92736
2023-10-28,S002-P0013,Groceries,132,163,23.42,22.134999999999998,103.611176
2023-10-29,S002-P0013,Groceries,114,494,23.35,22.134999999999998,110.39029
2023-10-30,S002-P0013,Groceries,95,388,20.86,22.134999999999998,108.329994
2023-10-31,S002-P0013,Groceries,138,317,23.88,22.134999999999998,110.65716
2023-11-01,S002-P0013,Groceries,186,213,22.91,22.134999999999998,143.21442
2023-11-02,S002-P0013,Groceries,110,89,24.32,22.134999999999998,114.6524
2023-11-03,S002-P0013,Groceries,88,428,21.49,22.134999999999998,112.4949
2023-11-04,S002-P0013,Groceries,147,331,24.49,22.134999999999998,112.8956
2023-11-05,S002-P0013,Groceries,128,221,19.24,22.134999999999998,147.90977
2023-11-06,S002-P0013,Groceries,130,82,25.85,22.134999999999998,117.145325
2023-11-07,S002-P0013,Groceries,98,378,22.16,22.134999999999998,115.396355
2023-11-08,S002-P0013,Groceries,113,296,22.04,22.134999999999998,143.60692
2023-11-09,S002-P0013,Groceries,86,224,20.22,22.134999999999998,114.886314
2023-11-10,S002-P0013,Groceries,140,157,23.91,22.134999999999998,114.601074
2023-11-11,S002-P0013,Groceries,123,404,25.32,22.134999999999998,111.68476
2023-11-12,S002-P0013,Groceries,157,290,27.88,22.134999999999998,111.934814
2023-11-13,S002-P0013,Groceries,224,153,33.1,22.134999999999998,114.62752
2023-11-14,S002-P0013,Groceries,207,383,24.16,22.134999999999998,157.30672
2023-11-15,S002-P0013,Groceries,86,192,20.2,22.134999999999998,129.43271
2023-11-16,S002-P0013,Groceries,70,879,18.15,22.134999999999998,155.1031
2023-11-17,S002-P0013,Groceries,43,832,18.15,22.134999999999998,123.32363
2023-11-18,S002-P0013,Groceries,81,790,17.8,22.134999999999998,142.6947
2023-11-19,S002-P0013,Groceries,69,706,20.09,22.134999999999998,110.94935
2023-11-20,S002-P0013,Groceries,103,624,19.01,22.134999999999998,134.63766
2023-11-21,S002-P0013,Groceries,107,547,17.14,22.134999999999998,131.01427
2023-11-22,S002-P0013,Groceries,91,471,20.52,22.134999999999998,105.772705
2023-11-23,S002-P0013,Groceries,133,413,21.06,22.134999999999998,131.56487
2023-11-24,S002-P0013,Groceries,57,323,18.24,22.134999999999998,102.190926
2023-11-25,S002-P0013,Groceries,135,277,22.39,22.134999999999998,127.44506
2023-11-26,S002-P0013,Groceries,80,523,20.84,22.134999999999998,99.9518
2023-11-27,S002-P0013,Groceries,146,440,24.39,22.134999999999998,99.406044
2023-11-28,S002-P0013,Groceries,94,299,20.73,22.134999999999998,99.41845
2023-11-29,S002-P0013,Groceries,64,215,20.71,22.134999999999998,100.56519
2023-11-30,S002-P0013,Groceries,154,553,23.63,22.134999999999998,99.8688
2023-12-01,S002-P0013,Groceries,177,422,23.53,22.134999999999998,138.5506
2023-12-02,S002-P0013,Groceries,74,241,18.41,22.134999999999998,137.56734
2023-12-03,S002-P0013,Groceries,82,167,22.1,22.134999999999998,109.01188
2023-12-04,S002-P0013,Groceries,227,663,24.97,22.134999999999998,127.623215
2023-12-05,S002-P0013,Groceries,91,416,19.42,22.134999999999998,141.55582
2023-12-06,S002-P0013,Groceries,111,333,18.49,22.134999999999998,140.92213
2023-12-07,S002-P0013,Groceries,96,855,20.9,22.134999999999998,104.10508
2023-12-08,S002-P0013,Groceries,61,750,17.54,22.134999999999998,104.64813
2023-12-09,S002-P0013,Groceries,94,700,20.73,22.134999999999998,100.80084
2023-12-10,S002-P0013,Groceries,68,608,20.03,22.134999999999998,102.30526
2023-12-11,S002-P0013,Groceries,144,529,23.04,22.134999999999998,95.485565
2023-12-12,S002-P0013,Groceries,61,356,18.46,22.134999999999998,98.86653
2023-12-13,S002-P0013,Groceries,183,291,25.6,22.134999999999998,128.1978
2023-12-14,S002-P0013,Groceries,73,153,18.3,22.134999999999998,103.480705
2023-12-15,S002-P0013,Groceries,173,97,26.26,22.134999999999998,104.837944
2023-12-16,S002-P0013,Groceries,123,547,24.03,22.134999999999998,107.66201
2023-12-17,S002-P0013,Groceries,92,435,16.29,22.134999999999998,140.95435
2023-12-18,S002-P0013,Groceries,207,348,30.18,22.134999999999998,110.022995
2023-12-19,S002-P0013,Groceries,125,223,22.93,22.134999999999998,117.18668
2023-12-20,S002-P0013,Groceries,150,107,22.13,22.134999999999998,152.1144
2023-12-21,S002-P0013,Groceries,71,602,19.19,22.134999999999998,120.83845
2023-12-22,S002-P0013,Groceries,40,559,14.18,22.134999999999998,149.07921
2023-12-23,S002-P0013,Groceries,138,516,25.11,22.134999999999998,111.46844
2023-12-24,S002-P0013,Groceries,111,407,22.01,22.134999999999998,116.85143
2023-12-25,S002-P0013,Groceries,87,316,21.39,22.134999999999998,110.98341
2023-12-26,S002-P0013,Groceries,100,246,21.22,22.134999999999998,113.29966
2023-12-27,S002-P0013,Groceries,80,171,19.75,22.134999999999998,86.961174
2023-12-28,S002-P0013,Groceries,64,318,18.64,22.134999999999998,73.819855
2023-12-29,S002-P0013,Groceries,124,274,25.4,22.134999999999998,64.26263
2023-12-30,S002-P0013,Groceries,50,191,17.66,22.134999999999998,77.9817
2023-12-31,S002-P0013,Groceries,39,153,18.83,22.134999999999998,78.780495
2024-01-01,S002-P0013,Groceries,99,471,21.12,22.134999999999998,65.663704
2024-01-02,S002-P0013,Groceries,63,408,17.68,22.134999999999998,96.03216
2024-01-03,S002-P0013,Groceries,72,349,19.25,22.134999999999998,76.59818
2024-01-04,S002-P0013,Groceries,109,306,21.78,22.134999999999998,69.55659
2024-01-05,S002-P0013,Groceries,84,206,16.94,22.134999999999998,102.83613
2024-01-06,S002-P0013,Groceries,80,149,19.8,22.134999999999998,83.46572
2024-01-07,S002-P0013,Groceries,123,379,20.44,22.134999999999998,94.87945
2024-01-08,S002-P0013,Groceries,34,236,16.63,22.134999999999998,85.374985
2024-01-09,S002-P0013,Groceries,151,212,22.18,22.134999999999998,137.96439
2024-01-10,S002-P0013,Groceries,63,454,17.67,22.134999999999998,143.38496
2024-01-11,S002-P0013,Groceries,4,385,16.13,22.134999999999998,107.8163
2024-01-12,S002-P0013,Groceries,152,381,23.52,22.134999999999998,101.08906
2024-01-13,S002-P0013,Groceries,146,260,23.11,22.134999999999998,102.28884
2024-01-14,S002-P0013,Groceries,146,162,25.73,22.134999999999998,111.77857
2024-01-15,S002-P0013,Groceries,111,399,21.96,22.134999999999998,108.533134
2024-01-16,S002-P0013,Groceries,128,280,18.3,22.134999999999998,139.60497
2024-01-17,S002-P0013,Groceries,118,136,20.13,22.134999999999998,142.12016
2024-01-18,S002-P0013,Groceries,107,2,24.09,22.134999999999998,110.00344
2024-01-19,S002-P0013,Groceries,168,406,27.33,22.134999999999998,107.46984
2024-01-20,S002-P0013,Groceries,131,295,24.58,22.134999999999998,114.00739
2024-01-21,S002-P0013,Groceries,82,179,20.0,22.134999999999998,114.49279
2024-01-22,S002-P0013,Groceries,114,548,22.11,22.134999999999998,115.2284
2024-01-23,S002-P0013,Groceries,138,425,18.83,22.134999999999998,145.5762
2024-01-24,S002-P0013,Groceries,134,320,22.33,22.134999999999998,114.41926
2024-01-25,S002-P0013,Groceries,114,201,21.02,22.134999999999998,144.63806
2024-01-26,S002-P0013,Groceries,120,536,23.82,22.134999999999998,114.66941
2024-01-27,S002-P0013,Groceries,117,433,17.7,22.134999999999998,142.77956
2024-01-28,S002-P0013,Groceries,130,302,24.54,22.134999999999998,114.66035
2024-01-29,S002-P0013,Groceries,80,186,18.76,22.134999999999998,110.23374
2024-01-30,S002-P0013,Groceries,129,125,24.46,22.134999999999998,113.46169
2023-10-03,S002-P0014,Electronics,74,703,109.78,114.65,91.59203
2023-10-04,S002-P0014,Electronics,28,623,92.05,114.65,92.591835
2023-10-05,S002-P0014,Electronics,122,597,128.66,114.65,89.27404
2023-10-06,S002-P0014,Electronics,149,453,139.51,114.65,92.40098
2023-10-07,S002-P0014,Electronics,82,316,119.33,114.65,58.289783
2023-10-08,S002-P0014,Electronics,57,232,103.04,114.65,85.931435
2023-10-09,S002-P0014,Electronics,44,185,77.65,114.65,77.54655
2023-10-10,S002-P0014,Electronics,57,630,108.99,114.65,54.534954
2023-10-11,S002-P0014,Electronics,65,582,89.84,114.65,71.65477
2023-10-12,S002-P0014,Electronics,99,538,113.82,114.65,66.538925
2023-10-13,S002-P0014,Electronics,47,458,99.12,114.65,58.39679
2023-10-14,S002-P0014,Electronics,87,402,90.93,114.65,76.81121
2023-10-15,S002-P0014,Electronics,110,307,98.32,114.65,75.518814
2023-10-16,S002-P0014,Electronics,39,200,91.18,114.65,61.73041
2023-10-17,S002-P0014,Electronics,44,173,81.59,114.65,78.79827
2023-10-18,S002-P0014,Electronics,33,490,89.19,114.65,67.656334
2023-10-19,S002-P0014,Electronics,57,458,87.12,114.65,63.01181
2023-10-20,S002-P0014,Electronics,78,413,105.76,114.65,47.958183
2023-10-21,S002-P0014,Electronics,40,345,107.26,114.65,53.77228
2023-10-22,S002-P0014,Electronics,56,314,86.77,114.65,66.74385
2023-10-23,S002-P0014,Electronics,89,252,115.78,114.65,51.23172
2023-10-24,S002-P0014,Electronics,22,164,94.41,114.65,60.314453
2023-10-25,S002-P0014,Electronics,67,141,113.19,114.65,95.55978
2023-10-26,S002-P0014,Electronics,49,86,105.53,114.65,95.84641
2023-10-27,S002-P0014,Electronics,132,421,133.33,114.65,94.54243
2023-10-28,S002-P0014,Electronics,65,337,112.38,114.65,93.102776
2023-10-29,S002-P0014,Electronics,52,296,96.23,114.65,92.25985
2023-10-30,S002-P0014,Electronics,86,244,127.55,114.65,87.501945
2023-10-31,S002-P0014,Electronics,46,786,99.35,114.65,92.441765
2023-11-01,S002-P0014,Electronics,100,754,126.92,114.65,87.34366
2023-11-02,S002-P0014,Electronics,126,686,116.0,114.65,113.827675
2023-11-03,S002-P0014,Electronics,150,546,132.91,114.65,111.555954
2023-11-04,S002-P0014,Electronics,145,445,115.08,114.65,119.01551
2023-11-05,S002-P0014,Electronics,140,278,121.93,114.65,122.99884
2023-11-06,S002-P0014,Electronics,83,160,126.11,114.65,96.611885
2023-11-07,S002-P0014,Electronics,78,639,117.85,114.65,92.99946
2023-11-08,S002-P0014,Electronics,162,590,128.6,114.65,122.018135
2023-11-09,S002-P0014,Electronics,99,413,133.06,114.65,96.40745
2023-11-10,S002-P0014,Electronics,54,296,85.02,114.65,122.85292
2023-11-11,S002-P0014,Electronics,123,240,102.28,114.65,122.64119
2023-11-12,S002-P0014,Electronics,86,843,101.99,114.65,123.44555
2023-11-13,S002-P0014,Electronics,46,783,104.42,114.65,98.471725
2023-11-14,S002-P0014,Electronics,121,749,115.24,114.65,117.79467
2023-11-15,S002-P0014,Electronics,69,624,102.65,114.65,118.31254
2023-11-16,S002-P0014,Electronics,99,568,126.6,114.65,90.53054
2023-11-17,S002-P0014,Electronics,72,482,115.02,114.65,92.32097
2023-11-18,S002-P0014,Electronics,88,398,115.61,114.65,85.91051
2023-11-19,S002-P0014,Electronics,102,311,127.88,114.65,86.791336
2023-11-20,S002-P0014,Electronics,57,231,103.03,114.65,87.682816
2023-11-21,S002-P0014,Electronics,39,174,101.43,114.65,89.18249
2023-11-22,S002-P0014,Electronics,40,565,96.84,114.65,83.73779
2023-11-23,S002-P0014,Electronics,88,541,115.32,114.65,80.5169
2023-11-24,S002-P0014,Electronics,30,482,97.54,114.65,82.61787
2023-11-25,S002-P0014,Electronics,101,448,114.43,114.65,79.93985
2023-11-26,S002-P0014,Electronics,68,383,107.76,114.65,79.90444
2023-11-27,S002-P0014,Electronics,47,326,104.86,114.65,80.06931
2023-11-28,S002-P0014,Electronics,69,292,119.93,114.65,78.93152
2023-11-29,S002-P0014,Electronics,65,550,106.42,114.65,77.2203
2023-11-30,S002-P0014,Electronics,70,472,114.39,114.65,77.48133
2023-12-01,S002-P0014,Electronics,99,420,126.57,114.65,77.09188
2023-12-02,S002-P0014,Electronics,42,350,97.33,114.65,75.06739
2023-12-03,S002-P0014,Electronics,97,323,105.62,114.65,100.486084
2023-12-04,S002-P0014,Electronics,118,265,127.42,114.65,73.66172
2023-12-05,S002-P0014,Electronics,97,604,118.81,114.65,77.88438
2023-12-06,S002-P0014,Electronics,109,498,124.23,114.65,80.500465
2023-12-07,S002-P0014,Electronics,46,386,99.11,114.65,82.74059
2023-12-08,S002-P0014,Electronics,106,353,116.23,114.65,83.67733
2023-12-09,S002-P0014,Electronics,117,266,113.68,114.65,113.72176
2023-12-10,S002-P0014,Electronics,135,608,105.94,114.65,114.84582
2023-12-11,S002-P0014,Electronics,80,468,106.73,114.65,114.6507
2023-12-12,S002-P0014,Electronics,93,394,105.47,114.65,117.85874
2023-12-13,S002-P0014,Electronics,86,338,115.06,114.65,85.25728
2023-12-14,S002-P0014,Electronics,129,892,109.72,114.65,116.102486
2023-12-15,S002-P0014,Electronics,97,748,125.52,114.65,84.75115
2023-12-16,S002-P0014,Electronics,113,684,111.51,114.65,116.27587
2023-12-17,S002-P0014,Electronics,86,555,120.99,114.65,87.85732
2023-12-18,S002-P0014,Electronics,102,497,134.32,114.65,91.46189
2023-12-19,S002-P0014,Electronics,133,407,126.52,114.65,89.50794
2023-12-20,S002-P0014,Electronics,99,271,133.25,114.65,93.976395
2023-12-21,S002-P0014,Electronics,103,170,95.94,114.65,122.86024
2023-12-22,S002-P0014,Electronics,74,109,110.03,114.65,97.262024
2023-12-23,S002-P0014,Electronics,96,577,100.19,114.65,125.60227
2023-12-24,S002-P0014,Electronics,130,492,110.0,114.65,122.59629
2023-12-25,S002-P0014,Electronics,54,350,107.87,114.65,94.95701
2023-12-26,S002-P0014,Electronics,168,300,155.33,114.65,96.345566
2023-12-27,S002-P0014,Electronics,58,98,98.59,114.65,65.16483
2023-12-28,S002-P0014,Electronics,11,533,94.75,114.65,77.09477
2023-12-29,S002-P0014,Electronics,57,521,103.68,114.65,52.825356
2023-12-30,S002-P0014,Electronics,29,480,92.01,114.65,54.21327
2023-12-31,S002-P0014,Electronics,80,452,112.34,114.65,46.722748
2024-01-01,S002-P0014,Electronics,61,384,94.1,114.65,67.009514
2024-01-02,S002-P0014,Electronics,43,317,102.93,114.65,53.635796
2024-01-03,S002-P0014,Electronics,47,273,104.85,114.65,48.420593
2024-01-04,S002-P0014,Electronics,51,244,95.85,114.65,49.14238
2024-01-05,S002-P0014,Electronics,38,197,80.91,114.65,60.70012
2024-01-06,S002-P0014,Electronics,49,154,105.44,114.65,47.023914
2024-01-07,S002-P0014,Electronics,53,102,101.64,114.65,44.359352
2024-01-08,S002-P0014,Electronics,37,248,95.65,114.65,47.667683
2024-01-09,S002-P0014,Electronics,81,210,101.2,114.65,115.22159
2024-01-10,S002-P0014,Electronics,51,140,106.49,114.65,89.81489
2024-01-11,S002-P0014,Electronics,117,83,126.79,114.65,89.04246
2024-01-12,S002-P0014,Electronics,98,0,113.37,114.65,93.15467
2024-01-13,S002-P0014,Electronics,122,359,143.25,114.65,92.80605
2024-01-14,S002-P0014,Electronics,72,218,115.05,114.65,95.488174
2024-01-15,S002-P0014,Electronics,72,678,115.28,114.65,97.09395
2024-01-16,S002-P0014,Electronics,90,630,109.67,114.65,119.539055
2024-01-17,S002-P0014,Electronics,77,531,105.58,114.65,88.966354
2024-01-18,S002-P0014,Electronics,184,455,153.45,114.65,114.887024
2024-01-19,S002-P0014,Electronics,108,268,116.47,114.65,122.18545
2024-01-20,S002-P0014,Electronics,161,161,137.03,114.65,125.508385
2024-01-21,S002-P0014,Electronics,135,1,105.94,114.65,126.383675
2024-01-22,S002-P0014,Electronics,80,808,99.88,114.65,132.31432
2024-01-23,S002-P0014,Electronics,95,752,118.38,114.65,98.20394
2024-01-24,S002-P0014,Electronics,87,647,114.91,114.65,98.40467
2024-01-25,S002-P0014,Electronics,87,592,121.62,114.65,96.604294
2024-01-26,S002-P0014,Electronics,121,502,142.81,114.65,95.356224
2024-01-27,S002-P0014,Electronics,148,427,124.7,114.65,125.850655
2024-01-28,S002-P0014,Electronics,37,328,105.76,114.65,98.60565
2024-01-29,S002-P0014,Electronics,90,305,129.18,114.65,98.321106
2024-01-30,S002-P0014,Electronics,101,676,127.18,114.65,93.61319
2023-10-03,S002-P0015,Clothing,69,212,59.4,66.045,85.83423
2023-10-04,S002-P0015,Clothing,60,135,57.28,66.045,85.84984
2023-10-05,S002-P0015,Clothing,147,575,76.18,66.045,86.34743
2023-10-06,S002-P0015,Clothing,131,400,69.05,66.045,118.74049
2023-10-07,S002-P0015,Clothing,130,303,60.5,66.045,73.77
2023-10-08,S002-P0015,Clothing,131,180,69.03,66.045,77.69767
2023-10-09,S002-P0015,Clothing,170,620,68.53,66.045,84.24494
2023-10-10,S002-P0015,Clothing,127,471,72.15,66.045,69.90249
2023-10-11,S002-P0015,Clothing,127,344,79.72,66.045,74.593925
2023-10-12,S002-P0015,Clothing,240,207,91.5,66.045,77.22054
2023-10-13,S002-P0015,Clothing,131,596,76.84,66.045,93.484184
2023-10-14,S002-P0015,Clothing,121,509,74.4,66.045,96.53274
2023-10-15,S002-P0015,Clothing,217,407,86.21,66.045,121.6146
2023-10-16,S002-P0015,Clothing,147,944,72.36,66.045,105.50445
2023-10-17,S002-P0015,Clothing,127,843,68.32,66.045,106.29358
2023-10-18,S002-P0015,Clothing,155,744,74.0,66.045,108.64379
2023-10-19,S002-P0015,Clothing,129,617,80.24,66.045,108.33826
2023-10-20,S002-P0015,Clothing,96,504,61.81,66.045,109.54238
2023-10-21,S002-P0015,Clothing,69,394,56.29,66.045,105.94538
2023-10-22,S002-P0015,Clothing,60,347,54.41,66.045,123.746025
2023-10-23,S002-P0015,Clothing,105,278,70.75,66.045,94.90381
2023-10-24,S002-P0015,Clothing,157,173,62.01,66.045,121.74466
2023-10-25,S002-P0015,Clothing,63,77,58.11,66.045,131.60799
2023-10-26,S002-P0015,Clothing,99,7,52.01,66.045,157.39449
2023-10-27,S002-P0015,Clothing,82,371,65.64,66.045,122.062355
2023-10-28,S002-P0015,Clothing,128,825,60.93,66.045,149.25584
2023-10-29,S002-P0015,Clothing,137,706,78.08,66.045,117.6471
2023-10-30,S002-P0015,Clothing,112,595,76.29,66.045,117.23469
2023-10-31,S002-P0015,Clothing,102,512,73.92,66.045,116.69988
2023-11-01,S002-P0015,Clothing,163,404,71.46,66.045,148.42488
2023-11-02,S002-P0015,Clothing,95,284,64.91,66.045,152.44832
2023-11-03,S002-P0015,Clothing,125,208,75.29,66.045,119.74337
2023-11-04,S002-P0015,Clothing,103,95,63.27,66.045,117.183754
2023-11-05,S002-P0015,Clothing,109,685,64.64,66.045,115.010185
2023-11-06,S002-P0015,Clothing,23,575,54.92,66.045,115.967476
2023-11-07,S002-P0015,Clothing,99,551,62.57,66.045,112.65101
2023-11-08,S002-P0015,Clothing,77,460,58.02,66.045,108.974434
2023-11-09,S002-P0015,Clothing,114,410,69.18,66.045,105.50933
2023-11-10,S002-P0015,Clothing,84,315,66.05,66.045,103.59895
2023-11-11,S002-P0015,Clothing,100,246,58.61,66.045,131.76459
2023-11-12,S002-P0015,Clothing,118,138,66.38,66.045,102.181015
2023-11-13,S002-P0015,Clothing,78,514,58.12,66.045,102.70344
2023-11-14,S002-P0015,Clothing,75,458,60.5,66.045,101.56134
2023-11-15,S002-P0015,Clothing,99,392,65.9,66.045,98.903145
2023-11-16,S002-P0015,Clothing,55,321,56.35,66.045,98.863594
2023-11-17,S002-P0015,Clothing,121,255,78.29,66.045,96.666885
2023-11-18,S002-P0015,Clothing,119,114,73.96,66.045,96.916435
2023-11-19,S002-P0015,Clothing,50,450,52.5,66.045,95.50258
2023-11-20,S002-P0015,Clothing,81,392,58.75,66.045,124.97585
2023-11-21,S002-P0015,Clothing,122,325,56.0,66.045,122.428276
2023-11-22,S002-P0015,Clothing,112,209,60.99,66.045,124.13404
2023-11-23,S002-P0015,Clothing,152,104,73.01,66.045,122.223076
2023-11-24,S002-P0015,Clothing,72,0,60.16,66.045,95.841484
2023-11-25,S002-P0015,Clothing,93,434,68.07,66.045,95.9126
2023-11-26,S002-P0015,Clothing,105,348,63.65,66.045,122.33732
2023-11-27,S002-P0015,Clothing,175,744,77.67,66.045,123.592186
2023-11-28,S002-P0015,Clothing,27,564,44.67,66.045,124.41829
2023-11-29,S002-P0015,Clothing,114,547,72.95,66.045,97.495415
2023-11-30,S002-P0015,Clothing,69,478,59.45,66.045,94.84496
2023-12-01,S002-P0015,Clothing,149,1044,80.89,66.045,97.279854
2023-12-02,S002-P0015,Clothing,147,951,76.12,66.045,125.993706
2023-12-03,S002-P0015,Clothing,172,825,77.01,66.045,130.56317
2023-12-04,S002-P0015,Clothing,123,684,74.88,66.045,101.37881
2023-12-05,S002-P0015,Clothing,118,571,77.62,66.045,106.24576
2023-12-06,S002-P0015,Clothing,132,449,64.8,66.045,130.73384
2023-12-07,S002-P0015,Clothing,101,300,70.02,66.045,108.89812
2023-12-08,S002-P0015,Clothing,96,217,68.81,66.045,103.21241
2023-12-09,S002-P0015,Clothing,106,126,70.96,66.045,107.01258
2023-12-10,S002-P0015,Clothing,70,458,62.79,66.045,103.68997
2023-12-11,S002-P0015,Clothing,62,406,64.29,66.045,105.154
2023-12-12,S002-P0015,Clothing,116,355,65.91,66.045,97.66473
2023-12-13,S002-P0015,Clothing,97,284,58.71,66.045,134.05804
2023-12-14,S002-P0015,Clothing,118,204,59.12,66.045,124.996086
2023-12-15,S002-P0015,Clothing,83,91,62.59,66.045,100.54363
2023-12-16,S002-P0015,Clothing,149,403,76.57,66.045,125.15586
2023-12-17,S002-P0015,Clothing,127,225,60.7,66.045,129.05676
2023-12-18,S002-P0015,Clothing,162,133,75.55,66.045,101.29722
2023-12-19,S002-P0015,Clothing,78,0,68.03,66.045,103.2624
2023-12-20,S002-P0015,Clothing,64,692,64.66,66.045,103.58955
2023-12-21,S002-P0015,Clothing,93,653,71.69,66.045,101.87077
2023-12-22,S002-P0015,Clothing,117,547,73.66,66.045,102.46374
2023-12-23,S002-P0015,Clothing,61,441,54.64,66.045,100.97782
2023-12-24,S002-P0015,Clothing,80,370,61.91,66.045,102.15359
2023-12-25,S002-P0015,Clothing,133,274,65.63,66.045,122.74203
2023-12-26,S002-P0015,Clothing,82,141,65.63,66.045,99.34881
2023-12-27,S002-P0015,Clothing,221,78,87.68,66.045,73.9349
2023-12-28,S002-P0015,Clothing,106,313,60.48,66.045,99.1123
2023-12-29,S002-P0015,Clothing,153,228,81.69,66.045,78.15019
2023-12-30,S002-P0015,Clothing,125,62,75.42,66.045,84.91582
2023-12-31,S002-P0015,Clothing,165,1052,76.13,66.045,90.923294
2024-01-01,S002-P0015,Clothing,121,876,58.8,66.045,118.360405
2024-01-02,S002-P0015,Clothing,185,779,89.0,66.045,98.83066
2024-01-03,S002-P0015,Clothing,139,563,74.54,66.045,126.17559
2024-01-04,S002-P0015,Clothing,154,421,86.24,66.045,110.19878
2024-01-05,S002-P0015,Clothing,133,320,69.4,66.045,108.191925
2024-01-06,S002-P0015,Clothing,31,844,48.57,66.045,111.23778
2024-01-07,S002-P0015,Clothing,230,815,89.41,66.045,116.06481
2024-01-08,S002-P0015,Clothing,100,567,62.77,66.045,110.82729
2024-01-09,S002-P0015,Clothing,135,493,62.06,66.045,162.62833
2024-01-10,S002-P0015,Clothing,96,349,65.26,66.045,132.3036
2024-01-11,S002-P0015,Clothing,90,1086,63.79,66.045,125.88205
2024-01-12,S002-P0015,Clothing,130,1012,60.34,66.045,155.73662
2024-01-13,S002-P0015,Clothing,162,928,71.37,66.045,155.02525
2024-01-14,S002-P0015,Clothing,137,761,82.3,66.045,123.17604
2024-01-15,S002-P0015,Clothing,170,638,77.01,66.045,122.09893
2024-01-16,S002-P0015,Clothing,92,482,64.49,66.045,126.58598
2024-01-17,S002-P0015,Clothing,99,401,69.46,66.045,124.50331
2024-01-18,S002-P0015,Clothing,125,306,75.42,66.045,123.23313
2024-01-19,S002-P0015,Clothing,123,810,78.82,66.045,124.187515
2024-01-20,S002-P0015,Clothing,202,678,83.63,66.045,154.76671
2024-01-21,S002-P0015,Clothing,139,503,70.67,66.045,127.293144
2024-01-22,S002-P0015,Clothing,111,390,68.63,66.045,126.91126
2024-01-23,S002-P0015,Clothing,108,260,71.59,66.045,126.98339
2024-01-24,S002-P0015,Clothing,79,1017,61.49,66.045,125.18544
2024-01-25,S002-P0015,Clothing,121,934,78.3,66.045,122.8927
2024-01-26,S002-P0015,Clothing,206,802,70.48,66.045,148.44345
2024-01-27,S002-P0015,Clothing,179,616,78.91,66.045,155.36034
2024-01-28,S002-P0015,Clothing,58,409,53.97,66.045,156.04143
2024-01-29,S002-P0015,Clothing,122,348,74.65,66.045,122.28652
2024-01-30,S002-P0015,Clothing,67,1039,62.11,66.045,118.73449
2023-10-03,S002-P0016,Clothing,70,0,76.95,85.41999999999999,96.60607
2023-10-04,S002-P0016,Clothing,156,357,100.8,85.41999999999999,126.59815
2023-10-05,S002-P0016,Clothing,117,261,80.72,85.41999999999999,129.43193
2023-10-06,S002-P0016,Clothing,130,128,77.95,85.41999999999999,131.47206
2023-10-07,S002-P0016,Clothing,121,303,81.07,85.41999999999999,83.02369
2023-10-08,S002-P0016,Clothing,81,229,80.08,85.41999999999999,70.207726
2023-10-09,S002-P0016,Clothing,72,160,64.6,85.41999999999999,86.89993
2023-10-10,S002-P0016,Clothing,144,80,97.72,85.41999999999999,68.049416
2023-10-11,S002-P0016,Clothing,144,124,97.61,85.41999999999999,79.773186
2023-10-12,S002-P0016,Clothing,77,314,74.88,85.41999999999999,87.7014
2023-10-13,S002-P0016,Clothing,157,248,90.01,85.41999999999999,109.72018
2023-10-14,S002-P0016,Clothing,92,89,78.74,85.41999999999999,91.76107
2023-10-15,S002-P0016,Clothing,133,290,99.65,85.41999999999999,90.69286
2023-10-16,S002-P0016,Clothing,92,190,87.69,85.41999999999999,96.17707
2023-10-17,S002-P0016,Clothing,114,355,94.05,85.41999999999999,90.143036
2023-10-18,S002-P0016,Clothing,54,268,57.28,85.41999999999999,122.51345
2023-10-19,S002-P0016,Clothing,44,226,77.2,85.41999999999999,90.19137
2023-10-20,S002-P0016,Clothing,90,196,91.74,85.41999999999999,82.19201
2023-10-21,S002-P0016,Clothing,94,137,88.22,85.41999999999999,80.00228
2023-10-22,S002-P0016,Clothing,95,223,83.89,85.41999999999999,86.84046
2023-10-23,S002-P0016,Clothing,172,160,105.25,85.41999999999999,112.83517
2023-10-24,S002-P0016,Clothing,98,211,80.58,85.41999999999999,96.057724
2023-10-25,S002-P0016,Clothing,62,440,70.92,85.41999999999999,118.71633
2023-10-26,S002-P0016,Clothing,95,379,84.08,85.41999999999999,121.85822
2023-10-27,S002-P0016,Clothing,101,275,85.7,85.41999999999999,114.93716
2023-10-28,S002-P0016,Clothing,151,195,83.0,85.41999999999999,142.95961
2023-10-29,S002-P0016,Clothing,54,38,80.42,85.41999999999999,110.234955
2023-10-30,S002-P0016,Clothing,111,295,93.19,85.41999999999999,110.95064
2023-10-31,S002-P0016,Clothing,157,181,106.69,85.41999999999999,108.759865
2023-11-01,S002-P0016,Clothing,149,44,94.0,85.41999999999999,145.5657
2023-11-02,S002-P0016,Clothing,95,274,88.56,85.41999999999999,113.35705
2023-11-03,S002-P0016,Clothing,104,456,76.65,85.41999999999999,140.01799
2023-11-04,S002-P0016,Clothing,93,386,83.53,85.41999999999999,110.0947
2023-11-05,S002-P0016,Clothing,120,310,71.86,85.41999999999999,139.1932
2023-11-06,S002-P0016,Clothing,88,237,81.95,85.41999999999999,108.32131
2023-11-07,S002-P0016,Clothing,108,170,83.19,85.41999999999999,107.42138
2023-11-08,S002-P0016,Clothing,74,96,74.2,85.41999999999999,104.35946
2023-11-09,S002-P0016,Clothing,147,260,81.9,85.41999999999999,133.23317
2023-11-10,S002-P0016,Clothing,104,145,91.14,85.41999999999999,105.75396
2023-11-11,S002-P0016,Clothing,62,323,78.76,85.41999999999999,102.879616
2023-11-12,S002-P0016,Clothing,142,254,97.07,85.41999999999999,131.76103
2023-11-13,S002-P0016,Clothing,137,129,79.71,85.41999999999999,134.44325
2023-11-14,S002-P0016,Clothing,93,380,79.05,85.41999999999999,107.52721
2023-11-15,S002-P0016,Clothing,102,274,81.62,85.41999999999999,102.88662
2023-11-16,S002-P0016,Clothing,80,202,79.93,85.41999999999999,101.04209
2023-11-17,S002-P0016,Clothing,126,150,92.54,85.41999999999999,130.69044
2023-11-18,S002-P0016,Clothing,78,35,83.6,85.41999999999999,103.507225
2023-11-19,S002-P0016,Clothing,136,240,90.67,85.41999999999999,127.847496
2023-11-20,S002-P0016,Clothing,124,135,91.9,85.41999999999999,98.26817
2023-11-21,S002-P0016,Clothing,146,283,92.66,85.41999999999999,128.2759
2023-11-22,S002-P0016,Clothing,120,133,90.83,85.41999999999999,104.25161
2023-11-23,S002-P0016,Clothing,107,329,72.76,85.41999999999999,131.11598
2023-11-24,S002-P0016,Clothing,64,251,83.44,85.41999999999999,103.463646
2023-11-25,S002-P0016,Clothing,46,189,66.7,85.41999999999999,99.8048
2023-11-26,S002-P0016,Clothing,88,149,77.69,85.41999999999999,98.51673
2023-11-27,S002-P0016,Clothing,100,66,90.11,85.41999999999999,95.70815
2023-11-28,S002-P0016,Clothing,82,194,89.17,85.41999999999999,94.33191
2023-11-29,S002-P0016,Clothing,74,123,73.99,85.41999999999999,91.90352
2023-11-30,S002-P0016,Clothing,107,227,92.13,85.41999999999999,96.18406
2023-12-01,S002-P0016,Clothing,149,127,93.51,85.41999999999999,119.75713
2023-12-02,S002-P0016,Clothing,94,184,88.08,85.41999999999999,97.184525
2023-12-03,S002-P0016,Clothing,205,454,109.01,85.41999999999999,121.4596
2023-12-04,S002-P0016,Clothing,144,209,92.6,85.41999999999999,129.65245
2023-12-05,S002-P0016,Clothing,189,102,93.02,85.41999999999999,132.21254
2023-12-06,S002-P0016,Clothing,81,283,80.14,85.41999999999999,105.5328
2023-12-07,S002-P0016,Clothing,187,647,103.37,85.41999999999999,134.21246
2023-12-08,S002-P0016,Clothing,131,451,88.61,85.41999999999999,137.50586
2023-12-09,S002-P0016,Clothing,143,347,102.62,85.41999999999999,113.16338
2023-12-10,S002-P0016,Clothing,105,208,82.24,85.41999999999999,109.506874
2023-12-11,S002-P0016,Clothing,67,97,76.15,85.41999999999999,112.29434
2023-12-12,S002-P0016,Clothing,98,257,89.45,85.41999999999999,108.04437
2023-12-13,S002-P0016,Clothing,84,150,80.93,85.41999999999999,109.4051
2023-12-14,S002-P0016,Clothing,86,71,81.34,85.41999999999999,104.970215
2023-12-15,S002-P0016,Clothing,182,181,114.28,85.41999999999999,104.244225
2023-12-16,S002-P0016,Clothing,82,37,80.24,85.41999999999999,104.45922
2023-12-17,S002-P0016,Clothing,102,329,85.98,85.41999999999999,110.3645
2023-12-18,S002-P0016,Clothing,101,228,81.17,85.41999999999999,137.91725
2023-12-19,S002-P0016,Clothing,118,139,90.47,85.41999999999999,110.1849
2023-12-20,S002-P0016,Clothing,95,305,79.58,85.41999999999999,104.454605
2023-12-21,S002-P0016,Clothing,159,243,107.47,85.41999999999999,109.73078
2023-12-22,S002-P0016,Clothing,119,76,81.23,85.41999999999999,139.14757
2023-12-23,S002-P0016,Clothing,128,322,87.91,85.41999999999999,145.14653
2023-12-24,S002-P0016,Clothing,150,171,99.46,85.41999999999999,111.40053
2023-12-25,S002-P0016,Clothing,132,40,94.17,85.41999999999999,116.17155
2023-12-26,S002-P0016,Clothing,154,340,83.65,85.41999999999999,144.07568
2023-12-27,S002-P0016,Clothing,130,225,93.91,85.41999999999999,89.006645
2023-12-28,S002-P0016,Clothing,116,360,94.65,85.41999999999999,93.72338
2023-12-29,S002-P0016,Clothing,114,237,84.71,85.41999999999999,97.426796
2023-12-30,S002-P0016,Clothing,125,153,92.56,85.41999999999999,96.20378
2023-12-31,S002-P0016,Clothing,62,274,74.52,85.41999999999999,101.025
2024-01-01,S002-P0016,Clothing,134,222,105.19,85.41999999999999,95.2447
2024-01-02,S002-P0016,Clothing,127,130,88.26,85.41999999999999,101.97377
2024-01-03,S002-P0016,Clothing,92,229,78.91,85.41999999999999,101.41081
2024-01-04,S002-P0016,Clothing,107,122,82.87,85.41999999999999,105.2821
2024-01-05,S002-P0016,Clothing,117,0,90.05,85.41999999999999,101.68616
2024-01-06,S002-P0016,Clothing,129,247,88.7,85.41999999999999,105.21908
2024-01-07,S002-P0016,Clothing,134,424,94.68,85.41999999999999,128.13603
2024-01-08,S002-P0016,Clothing,184,291,90.63,85.41999999999999,129.41911
2024-01-09,S002-P0016,Clothing,237,174,109.75,85.41999999999999,164.08627
2024-01-10,S002-P0016,Clothing,102,409,85.9,85.41999999999999,168.76366
2024-01-11,S002-P0016,Clothing,132,301,104.71,85.41999999999999,132.26614
2024-01-12,S002-P0016,Clothing,113,194,89.07,85.41999999999999,130.97221
2024-01-13,S002-P0016,Clothing,173,424,100.44,85.41999999999999,164.5861
2024-01-14,S002-P0016,Clothing,155,305,95.72,85.41999999999999,162.81711
2024-01-15,S002-P0016,Clothing,88,127,68.28,85.41999999999999,161.19977
2024-01-16,S002-P0016,Clothing,159,397,84.8,85.41999999999999,153.76144
2024-01-17,S002-P0016,Clothing,88,233,77.72,85.41999999999999,122.02416
2024-01-18,S002-P0016,Clothing,173,174,99.92,85.41999999999999,153.29922
2024-01-19,S002-P0016,Clothing,32,60,66.38,85.41999999999999,123.076256
2024-01-20,S002-P0016,Clothing,224,404,114.02,85.41999999999999,122.67597
2024-01-21,S002-P0016,Clothing,103,223,95.75,85.41999999999999,128.73396
2024-01-22,S002-P0016,Clothing,49,588,78.88,85.41999999999999,131.06346
2024-01-23,S002-P0016,Clothing,106,540,68.86,85.41999999999999,146.46133
2024-01-24,S002-P0016,Clothing,72,425,77.42,85.41999999999999,120.87443
2024-01-25,S002-P0016,Clothing,132,344,89.47,85.41999999999999,116.91389
2024-01-26,S002-P0016,Clothing,101,204,85.82,85.41999999999999,117.23457
2024-01-27,S002-P0016,Clothing,110,127,88.42,85.41999999999999,116.88087
2024-01-28,S002-P0016,Clothing,61,246,74.48,85.41999999999999,117.450226
2024-01-29,S002-P0016,Clothing,137,197,95.49,85.41999999999999,117.348076
2024-01-30,S002-P0016,Clothing,105,88,91.5,85.41999999999999,115.89618
2023-10-03,S002-P0017,Toys,110,145,23.17,19.465,94.38038
2023-10-04,S002-P0017,Toys,73,398,19.4,19.465,95.288605
2023-10-05,S002-P0017,Toys,167,333,26.0,19.465,97.79827
2023-10-06,S002-P0017,Toys,69,221,19.12,19.465,101.90539
2023-10-07,S002-P0017,Toys,19,141,14.81,19.465,69.9907
2023-10-08,S002-P0017,Toys,63,545,14.03,19.465,71.78948
2023-10-09,S002-P0017,Toys,11,472,15.12,19.465,56.805553
2023-10-10,S002-P0017,Toys,41,461,14.59,19.465,63.537357
2023-10-11,S002-P0017,Toys,23,426,15.96,19.465,49.399284
2023-10-12,S002-P0017,Toys,28,401,13.71,19.465,56.66789
2023-10-13,S002-P0017,Toys,8,383,14.91,19.465,42.876095
2023-10-14,S002-P0017,Toys,27,374,14.62,19.465,41.95342
2023-10-15,S002-P0017,Toys,25,355,16.04,19.465,37.806858
2023-10-16,S002-P0017,Toys,44,337,18.33,19.465,37.235992
2023-10-17,S002-P0017,Toys,49,293,16.83,19.465,51.2468
2023-10-18,S002-P0017,Toys,16,250,13.01,19.465,52.192066
2023-10-19,S002-P0017,Toys,42,233,14.56,19.465,46.80985
2023-10-20,S002-P0017,Toys,30,193,14.76,19.465,44.1657
2023-10-21,S002-P0017,Toys,27,160,14.61,19.465,37.301537
2023-10-22,S002-P0017,Toys,16,137,16.25,19.465,38.67309
2023-10-23,S002-P0017,Toys,8,120,14.88,19.465,35.999744
2023-10-24,S002-P0017,Toys,17,198,12.4,19.465,43.0149
2023-10-25,S002-P0017,Toys,78,187,18.76,19.465,75.551125
2023-10-26,S002-P0017,Toys,104,109,19.33,19.465,106.38949
2023-10-27,S002-P0017,Toys,119,24,23.85,19.465,81.16694
2023-10-28,S002-P0017,Toys,164,272,19.37,19.465,110.920876
2023-10-29,S002-P0017,Toys,69,461,17.24,19.465,85.57777
2023-10-30,S002-P0017,Toys,71,397,18.27,19.465,89.059326
2023-10-31,S002-P0017,Toys,39,319,16.22,19.465,86.850365
2023-11-01,S002-P0017,Toys,90,295,20.6,19.465,85.02648
2023-11-02,S002-P0017,Toys,144,231,20.72,19.465,109.05491
2023-11-03,S002-P0017,Toys,117,71,23.66,19.465,83.16549
2023-11-04,S002-P0017,Toys,158,295,20.29,19.465,113.93397
2023-11-05,S002-P0017,Toys,59,148,16.6,19.465,89.64137
2023-11-06,S002-P0017,Toys,69,415,17.26,19.465,94.732
2023-11-07,S002-P0017,Toys,156,364,22.57,19.465,118.93682
2023-11-08,S002-P0017,Toys,72,250,16.29,19.465,122.7877
2023-11-09,S002-P0017,Toys,103,183,20.41,19.465,120.74803
2023-11-10,S002-P0017,Toys,92,574,19.65,19.465,91.19045
2023-11-11,S002-P0017,Toys,129,481,20.99,19.465,91.06069
2023-11-12,S002-P0017,Toys,98,341,19.07,19.465,89.7739
2023-11-13,S002-P0017,Toys,101,241,20.3,19.465,94.19453
2023-11-14,S002-P0017,Toys,94,149,18.71,19.465,123.16433
2023-11-15,S002-P0017,Toys,110,389,16.53,19.465,126.86458
2023-11-16,S002-P0017,Toys,73,283,19.45,19.465,95.80767
2023-11-17,S002-P0017,Toys,97,204,20.01,19.465,96.89173
2023-11-18,S002-P0017,Toys,58,417,17.38,19.465,91.0363
2023-11-19,S002-P0017,Toys,73,353,18.42,19.465,93.873
2023-11-20,S002-P0017,Toys,87,275,21.5,19.465,89.8167
2023-11-21,S002-P0017,Toys,115,208,21.21,19.465,90.38229
2023-11-22,S002-P0017,Toys,140,93,19.04,19.465,116.92022
2023-11-23,S002-P0017,Toys,143,308,19.22,19.465,120.62292
2023-11-24,S002-P0017,Toys,134,216,21.34,19.465,97.07188
2023-11-25,S002-P0017,Toys,31,470,16.5,19.465,98.94806
2023-11-26,S002-P0017,Toys,153,446,19.99,19.465,122.6936
2023-11-27,S002-P0017,Toys,113,286,21.14,19.465,97.10482
2023-11-28,S002-P0017,Toys,75,181,18.62,19.465,99.41255
2023-11-29,S002-P0017,Toys,82,561,21.11,19.465,99.20634
2023-11-30,S002-P0017,Toys,84,485,20.22,19.465,97.53172
2023-12-01,S002-P0017,Toys,108,423,23.05,19.465,96.69654
2023-12-02,S002-P0017,Toys,55,348,16.34,19.465,97.407234
2023-12-03,S002-P0017,Toys,108,297,21.89,19.465,97.46629
2023-12-04,S002-P0017,Toys,110,188,19.84,19.465,94.54182
2023-12-05,S002-P0017,Toys,39,120,17.08,19.465,97.46473
2023-12-06,S002-P0017,Toys,120,468,21.5,19.465,122.86283
2023-12-07,S002-P0017,Toys,108,362,23.03,19.465,92.44601
2023-12-08,S002-P0017,Toys,69,292,17.26,19.465,121.7657
2023-12-09,S002-P0017,Toys,66,223,18.01,19.465,93.93783
2023-12-10,S002-P0017,Toys,113,468,22.22,19.465,93.84353
2023-12-11,S002-P0017,Toys,132,373,19.82,19.465,119.87967
2023-12-12,S002-P0017,Toys,103,286,19.4,19.465,122.34907
2023-12-13,S002-P0017,Toys,132,217,22.31,19.465,97.53103
2023-12-14,S002-P0017,Toys,65,532,18.84,19.465,96.32137
2023-12-15,S002-P0017,Toys,129,476,19.63,19.465,127.18965
2023-12-16,S002-P0017,Toys,54,333,15.35,19.465,124.171974
2023-12-17,S002-P0017,Toys,101,298,22.53,19.465,97.699554
2023-12-18,S002-P0017,Toys,93,192,21.94,19.465,92.848434
2023-12-19,S002-P0017,Toys,56,133,18.25,19.465,95.14971
2023-12-20,S002-P0017,Toys,129,412,17.5,19.465,113.79333
2023-12-21,S002-P0017,Toys,92,298,19.64,19.465,92.04469
2023-12-22,S002-P0017,Toys,209,238,23.13,19.465,119.17748
2023-12-23,S002-P0017,Toys,118,452,23.77,19.465,99.01855
2023-12-24,S002-P0017,Toys,51,353,13.43,19.465,128.18181
2023-12-25,S002-P0017,Toys,97,979,19.99,19.465,99.85536
2023-12-26,S002-P0017,Toys,144,903,23.2,19.465,98.87703
2023-12-27,S002-P0017,Toys,39,786,13.61,19.465,83.255356
2023-12-28,S002-P0017,Toys,26,756,14.5,19.465,69.46075
2023-12-29,S002-P0017,Toys,22,729,15.05,19.465,50.117065
2023-12-30,S002-P0017,Toys,22,708,15.05,19.465,47.536102
2023-12-31,S002-P0017,Toys,27,690,16.2,19.465,45.222187
2024-01-01,S002-P0017,Toys,13,670,15.26,19.465,38.056866
2024-01-02,S002-P0017,Toys,17,662,14.71,19.465,35.613995
2024-01-03,S002-P0017,Toys,12,649,14.38,19.465,32.512558
2024-01-04,S002-P0017,Toys,15,636,15.35,19.465,31.82744
2024-01-05,S002-P0017,Toys,17,626,12.26,19.465,35.652264
2024-01-06,S002-P0017,Toys,26,610,14.51,19.465,29.122896
2024-01-07,S002-P0017,Toys,21,591,16.63,19.465,30.802654
2024-01-08,S002-P0017,Toys,66,567,15.15,19.465,38.423546
2024-01-09,S002-P0017,Toys,50,525,16.92,19.465,73.50912
2024-01-10,S002-P0017,Toys,43,482,14.61,19.465,106.8747
2024-01-11,S002-P0017,Toys,79,430,17.86,19.465,80.28366
2024-01-12,S002-P0017,Toys,132,374,22.37,19.465,83.58428
2024-01-13,S002-P0017,Toys,99,253,20.15,19.465,113.03135
2024-01-14,S002-P0017,Toys,90,159,21.68,19.465,88.96616
2024-01-15,S002-P0017,Toys,100,462,21.32,19.465,88.09162
2024-01-16,S002-P0017,Toys,100,360,21.33,19.465,89.59781
2024-01-17,S002-P0017,Toys,108,248,23.01,19.465,86.93508
2024-01-18,S002-P0017,Toys,96,142,21.01,19.465,88.14622
2024-01-19,S002-P0017,Toys,76,337,17.69,19.465,87.385445
2024-01-20,S002-P0017,Toys,156,254,18.93,19.465,118.89266
2024-01-21,S002-P0017,Toys,148,77,20.99,19.465,121.86855
2024-01-22,S002-P0017,Toys,136,0,21.31,19.465,128.31499
2024-01-23,S002-P0017,Toys,68,560,18.07,19.465,97.251945
2024-01-24,S002-P0017,Toys,99,508,15.91,19.465,127.79406
2024-01-25,S002-P0017,Toys,98,428,20.09,19.465,91.57538
2024-01-26,S002-P0017,Toys,81,325,19.01,19.465,95.17513
2024-01-27,S002-P0017,Toys,99,267,18.04,19.465,119.779045
2024-01-28,S002-P0017,Toys,124,164,20.59,19.465,120.48875
2024-01-29,S002-P0017,Toys,79,270,20.9,19.465,92.13507
2024-01-30,S002-P0017,Toys,72,204,20.36,19.465,94.66195
2023-10-03,S002-P0018,Clothing,60,222,24.56,26.64,95.40125
2023-10-04,S002-P0018,Clothing,62,172,24.78,26.64,98.831245
2023-10-05,S002-P0018,Clothing,187,123,30.87,26.64,123.73906
2023-10-06,S002-P0018,Clothing,111,195,26.33,26.64,99.2942
2023-10-07,S002-P0018,Clothing,113,112,25.07,26.64,88.45527
2023-10-08,S002-P0018,Clothing,162,155,28.64,26.64,87.99868
2023-10-09,S002-P0018,Clothing,80,235,27.8,26.64,73.240685
2023-10-10,S002-P0018,Clothing,170,149,36.61,26.64,73.540886
2023-10-11,S002-P0018,Clothing,116,181,28.28,26.64,87.60308
2023-10-12,S002-P0018,Clothing,157,103,30.03,26.64,112.556175
2023-10-13,S002-P0018,Clothing,83,133,25.26,26.64,120.64983
2023-10-14,S002-P0018,Clothing,131,123,28.01,26.64,92.52538
2023-10-15,S002-P0018,Clothing,89,123,21.79,26.64,120.53375
2023-10-16,S002-P0018,Clothing,77,158,24.74,26.64,88.946686
2023-10-17,S002-P0018,Clothing,122,75,30.28,26.64,90.65157
2023-10-18,S002-P0018,Clothing,134,121,29.89,26.64,92.77778
2023-10-19,S002-P0018,Clothing,64,146,23.61,26.64,121.32591
2023-10-20,S002-P0018,Clothing,142,95,28.93,26.64,110.69715
2023-10-21,S002-P0018,Clothing,76,121,27.44,26.64,90.79914
2023-10-22,S002-P0018,Clothing,83,144,26.69,26.64,92.115295
2023-10-23,S002-P0018,Clothing,118,63,28.37,26.64,91.67983
2023-10-24,S002-P0018,Clothing,62,129,26.08,26.64,92.92754
2023-10-25,S002-P0018,Clothing,58,63,24.34,26.64,119.60907
2023-10-26,S002-P0018,Clothing,89,55,24.49,26.64,120.49011
2023-10-27,S002-P0018,Clothing,79,92,23.65,26.64,115.672295
2023-10-28,S002-P0018,Clothing,166,96,29.21,26.64,136.87447
2023-10-29,S002-P0018,Clothing,122,162,28.79,26.64,108.911354
2023-10-30,S002-P0018,Clothing,51,175,22.54,26.64,110.49535
2023-10-31,S002-P0018,Clothing,75,144,24.68,26.64,108.89745
2023-11-01,S002-P0018,Clothing,97,81,27.97,26.64,109.12476
2023-11-02,S002-P0018,Clothing,135,123,29.82,26.64,134.45345
2023-11-03,S002-P0018,Clothing,39,163,19.19,26.64,131.99838
2023-11-04,S002-P0018,Clothing,99,134,26.66,26.64,103.55042
2023-11-05,S002-P0018,Clothing,68,177,21.27,26.64,127.13663
2023-11-06,S002-P0018,Clothing,72,136,26.99,26.64,98.174995
2023-11-07,S002-P0018,Clothing,76,76,24.75,26.64,98.59418
2023-11-08,S002-P0018,Clothing,114,79,22.2,26.64,119.25833
2023-11-09,S002-P0018,Clothing,126,118,29.1,26.64,119.763794
2023-11-10,S002-P0018,Clothing,66,149,23.82,26.64,97.16517
2023-11-11,S002-P0018,Clothing,142,99,30.57,26.64,93.2851
2023-11-12,S002-P0018,Clothing,108,164,24.39,26.64,123.108696
2023-11-13,S002-P0018,Clothing,83,57,28.12,26.64,95.15729
2023-11-14,S002-P0018,Clothing,75,90,23.37,26.64,97.312996
2023-11-15,S002-P0018,Clothing,143,90,24.2,26.64,122.00907
2023-11-16,S002-P0018,Clothing,74,165,25.86,26.64,93.51676
2023-11-17,S002-P0018,Clothing,115,78,29.7,26.64,96.798805
2023-11-18,S002-P0018,Clothing,90,108,25.97,26.64,93.78247
2023-11-19,S002-P0018,Clothing,103,151,24.27,26.64,123.07494
2023-11-20,S002-P0018,Clothing,59,194,24.46,26.64,93.5733
2023-11-21,S002-P0018,Clothing,100,129,28.22,26.64,94.10206
2023-11-22,S002-P0018,Clothing,83,158,22.45,26.64,117.66119
2023-11-23,S002-P0018,Clothing,113,100,26.49,26.64,90.19949
2023-11-24,S002-P0018,Clothing,55,107,25.37,26.64,91.65734
2023-11-25,S002-P0018,Clothing,122,95,25.79,26.64,117.88064
2023-11-26,S002-P0018,Clothing,99,115,29.63,26.64,87.495476
2023-11-27,S002-P0018,Clothing,52,120,22.54,26.64,91.93288
2023-11-28,S002-P0018,Clothing,87,65,25.75,26.64,89.99671
2023-11-29,S002-P0018,Clothing,59,94,25.78,26.64,91.76918
2023-11-30,S002-P0018,Clothing,98,91,26.68,26.64,85.49694
2023-12-01,S002-P0018,Clothing,68,105,26.64,26.64,89.0541
2023-12-02,S002-P0018,Clothing,161,120,32.16,26.64,113.31655
2023-12-03,S002-P0018,Clothing,84,188,26.74,26.64,88.81473
2023-12-04,S002-P0018,Clothing,61,116,24.63,26.64,91.811005
2023-12-05,S002-P0018,Clothing,107,135,22.82,26.64,114.86215
2023-12-06,S002-P0018,Clothing,163,154,32.38,26.64,87.96685
2023-12-07,S002-P0018,Clothing,102,146,28.43,26.64,92.92251
2023-12-08,S002-P0018,Clothing,70,142,22.9,26.64,96.17684
2023-12-09,S002-P0018,Clothing,120,88,30.12,26.64,95.26383
2023-12-10,S002-P0018,Clothing,130,120,24.84,26.64,126.71886
2023-12-11,S002-P0018,Clothing,103,142,28.55,26.64,98.218094
2023-12-12,S002-P0018,Clothing,76,145,26.06,26.64,100.71682
2023-12-13,S002-P0018,Clothing,148,84,30.96,26.64,122.75796
2023-12-14,S002-P0018,Clothing,175,139,37.1,26.64,100.753914
2023-12-15,S002-P0018,Clothing,213,153,36.67,26.64,133.63618
2023-12-16,S002-P0018,Clothing,102,208,29.9,26.64,109.45004
2023-12-17,S002-P0018,Clothing,74,138,21.8,26.64,135.96547
2023-12-18,S002-P0018,Clothing,78,74,26.2,26.64,107.08309
2023-12-19,S002-P0018,Clothing,102,93,26.95,26.64,133.62502
2023-12-20,S002-P0018,Clothing,152,130,31.38,26.64,102.54616
2023-12-21,S002-P0018,Clothing,141,162,30.36,26.64,133.74974
2023-12-22,S002-P0018,Clothing,140,218,30.35,26.64,108.946526
2023-12-23,S002-P0018,Clothing,159,99,28.71,26.64,138.10524
2023-12-24,S002-P0018,Clothing,45,129,24.41,26.64,115.2857
2023-12-25,S002-P0018,Clothing,129,89,30.91,26.64,107.57993
2023-12-26,S002-P0018,Clothing,125,126,32.21,26.64,111.79284
2023-12-27,S002-P0018,Clothing,136,190,28.43,26.64,79.879036
2023-12-28,S002-P0018,Clothing,119,173,25.3,26.64,111.74168
2023-12-29,S002-P0018,Clothing,126,189,30.71,26.64,88.040794
2023-12-30,S002-P0018,Clothing,136,101,29.92,26.64,93.36318
2023-12-31,S002-P0018,Clothing,48,150,23.47,26.64,100.16088
2024-01-01,S002-P0018,Clothing,138,109,27.0,26.64,112.16241
2024-01-02,S002-P0018,Clothing,205,155,37.99,26.64,95.16405
2024-01-03,S002-P0018,Clothing,150,177,32.89,26.64,104.657364
2024-01-04,S002-P0018,Clothing,47,253,18.69,26.64,135.53404
2024-01-05,S002-P0018,Clothing,99,223,22.24,26.64,121.428566
2024-01-06,S002-P0018,Clothing,180,155,32.08,26.64,91.65329
2024-01-07,S002-P0018,Clothing,100,188,29.73,26.64,109.89387
2024-01-08,S002-P0018,Clothing,107,88,28.92,26.64,111.255516
2024-01-09,S002-P0018,Clothing,86,102,26.92,26.64,128.81454
2024-01-10,S002-P0018,Clothing,82,118,25.26,26.64,132.46611
2024-01-11,S002-P0018,Clothing,98,140,25.23,26.64,155.6671
2024-01-12,S002-P0018,Clothing,175,105,29.96,26.64,152.19954
2024-01-13,S002-P0018,Clothing,84,166,24.1,26.64,116.65415
2024-01-14,S002-P0018,Clothing,113,92,31.07,26.64,125.240906
2024-01-15,S002-P0018,Clothing,67,148,22.72,26.64,119.05928
2024-01-16,S002-P0018,Clothing,23,104,21.16,26.64,119.96457
2024-01-17,S002-P0018,Clothing,95,76,26.4,26.64,104.44567
2024-01-18,S002-P0018,Clothing,65,81,25.05,26.64,106.79261
2024-01-19,S002-P0018,Clothing,112,91,23.16,26.64,126.148705
2024-01-20,S002-P0018,Clothing,73,121,23.21,26.64,102.701256
2024-01-21,S002-P0018,Clothing,99,118,28.2,26.64,100.971436
2024-01-22,S002-P0018,Clothing,16,100,18.32,26.64,131.98265
2024-01-23,S002-P0018,Clothing,67,83,23.94,26.64,98.02856
2024-01-24,S002-P0018,Clothing,103,86,28.51,26.64,95.58422
2024-01-25,S002-P0018,Clothing,120,94,28.6,26.64,91.64031
2024-01-26,S002-P0018,Clothing,179,139,31.86,26.64,126.242836
2024-01-27,S002-P0018,Clothing,218,173,35.26,26.64,128.6467
2024-01-28,S002-P0018,Clothing,147,255,24.49,26.64,134.4796
2024-01-29,S002-P0018,Clothing,85,153,28.27,26.64,108.63172
2024-01-30,S002-P0018,Clothing,149,61,31.17,26.64,106.220184
2023-10-03,S002-P0019,Clothing,138,217,94.98,85.035,87.00045
2023-10-04,S002-P0019,Clothing,62,422,74.01,85.035,89.43635
2023-10-05,S002-P0019,Clothing,129,380,87.63,85.035,88.51908
2023-10-06,S002-P0019,Clothing,63,249,70.34,85.035,91.21958
2023-10-07,S002-P0019,Clothing,148,774,77.27,85.035,73.22732
2023-10-08,S002-P0019,Clothing,148,626,77.22,85.035,80.708305
2023-10-09,S002-P0019,Clothing,90,467,72.46,85.035,92.25434
2023-10-10,S002-P0019,Clothing,47,397,66.02,85.035,68.00252
2023-10-11,S002-P0019,Clothing,133,353,98.47,85.035,65.347565
2023-10-12,S002-P0019,Clothing,192,816,98.28,85.035,104.14745
2023-10-13,S002-P0019,Clothing,130,634,73.23,85.035,110.71215
2023-10-14,S002-P0019,Clothing,117,511,88.98,85.035,85.31243
2023-10-15,S002-P0019,Clothing,70,421,76.28,85.035,85.65214
2023-10-16,S002-P0019,Clothing,123,1008,95.58,85.035,86.38571
2023-10-17,S002-P0019,Clothing,211,905,108.57,85.035,114.6535
2023-10-18,S002-P0019,Clothing,115,655,88.31,85.035,97.012024
2023-10-19,S002-P0019,Clothing,144,529,90.99,85.035,118.41529
2023-10-20,S002-P0019,Clothing,64,432,78.53,85.035,95.74367
2023-10-21,S002-P0019,Clothing,159,1252,94.9,85.035,111.8205
2023-10-22,S002-P0019,Clothing,90,1133,77.27,85.035,96.38027
2023-10-23,S002-P0019,Clothing,44,1041,68.97,85.035,94.263336
2023-10-24,S002-P0019,Clothing,143,1015,106.8,85.035,89.823494
2023-10-25,S002-P0019,Clothing,61,868,69.66,85.035,123.72284
2023-10-26,S002-P0019,Clothing,137,815,74.72,85.035,152.36171
2023-10-27,S002-P0019,Clothing,70,682,80.15,85.035,119.560936
2023-10-28,S002-P0019,Clothing,101,613,75.77,85.035,146.28818
2023-10-29,S002-P0019,Clothing,69,539,71.95,85.035,112.69908
2023-10-30,S002-P0019,Clothing,137,470,104.82,85.035,114.7922
2023-10-31,S002-P0019,Clothing,71,343,76.54,85.035,108.118004
2023-11-01,S002-P0019,Clothing,127,284,91.72,85.035,138.46057
2023-11-02,S002-P0019,Clothing,205,172,113.24,85.035,136.48192
2023-11-03,S002-P0019,Clothing,73,565,76.76,85.035,113.859566
2023-11-04,S002-P0019,Clothing,123,492,90.45,85.035,141.18953
2023-11-05,S002-P0019,Clothing,74,382,73.13,85.035,110.08565
2023-11-06,S002-P0019,Clothing,97,1071,79.3,85.035,110.003456
2023-11-07,S002-P0019,Clothing,120,994,85.25,85.035,107.00288
2023-11-08,S002-P0019,Clothing,75,895,81.49,85.035,107.304924
2023-11-09,S002-P0019,Clothing,68,846,83.61,85.035,104.477715
2023-11-10,S002-P0019,Clothing,107,766,72.77,85.035,128.92073
2023-11-11,S002-P0019,Clothing,60,682,77.2,85.035,102.17223
2023-11-12,S002-P0019,Clothing,81,629,87.78,85.035,100.56346
2023-11-13,S002-P0019,Clothing,108,546,91.24,85.035,95.14796
2023-11-14,S002-P0019,Clothing,114,450,92.9,85.035,95.76742
2023-11-15,S002-P0019,Clothing,73,374,60.75,85.035,124.978004
2023-11-16,S002-P0019,Clothing,81,325,83.4,85.035,97.165016
2023-11-17,S002-P0019,Clothing,117,235,88.95,85.035,96.309425
2023-11-18,S002-P0019,Clothing,90,661,67.89,85.035,123.27958
2023-11-19,S002-P0019,Clothing,133,579,98.54,85.035,94.636116
2023-11-20,S002-P0019,Clothing,95,477,78.59,85.035,98.28726
2023-11-21,S002-P0019,Clothing,121,370,76.01,85.035,124.42394
2023-11-22,S002-P0019,Clothing,103,288,80.75,85.035,128.1183
2023-11-23,S002-P0019,Clothing,95,823,91.96,85.035,99.88009
2023-11-24,S002-P0019,Clothing,81,764,79.07,85.035,99.32867
2023-11-25,S002-P0019,Clothing,66,682,71.12,85.035,95.70665
2023-11-26,S002-P0019,Clothing,105,603,80.88,85.035,120.82415
2023-11-27,S002-P0019,Clothing,133,501,73.89,85.035,123.361565
2023-11-28,S002-P0019,Clothing,79,391,87.13,85.035,93.46798
2023-11-29,S002-P0019,Clothing,52,312,71.09,85.035,93.39805
2023-11-30,S002-P0019,Clothing,95,267,87.56,85.035,90.17435
2023-12-01,S002-P0019,Clothing,145,595,102.11,85.035,93.69228
2023-12-02,S002-P0019,Clothing,119,457,89.38,85.035,121.85525
2023-12-03,S002-P0019,Clothing,104,315,81.13,85.035,121.78681
2023-12-04,S002-P0019,Clothing,117,224,98.7,85.035,93.21284
2023-12-05,S002-P0019,Clothing,170,738,103.79,85.035,97.23766
2023-12-06,S002-P0019,Clothing,155,607,88.34,85.035,131.29974
2023-12-07,S002-P0019,Clothing,110,432,91.76,85.035,104.28044
2023-12-08,S002-P0019,Clothing,142,317,95.77,85.035,103.001724
2023-12-09,S002-P0019,Clothing,161,894,101.08,85.035,108.27689
2023-12-10,S002-P0019,Clothing,120,781,99.86,85.035,112.05378
2023-12-11,S002-P0019,Clothing,84,652,79.91,85.035,112.67115
2023-12-12,S002-P0019,Clothing,174,565,82.84,85.035,139.51909
2023-12-13,S002-P0019,Clothing,205,459,106.99,85.035,147.18927
2023-12-14,S002-P0019,Clothing,43,331,72.32,85.035,118.79083
2023-12-15,S002-P0019,Clothing,129,290,97.28,85.035,117.034744
2023-12-16,S002-P0019,Clothing,79,951,78.64,85.035,113.4931
2023-12-17,S002-P0019,Clothing,119,881,84.45,85.035,146.42854
2023-12-18,S002-P0019,Clothing,153,786,88.83,85.035,140.78198
2023-12-19,S002-P0019,Clothing,81,680,79.0,85.035,114.44584
2023-12-20,S002-P0019,Clothing,43,631,65.09,85.035,108.83254
2023-12-21,S002-P0019,Clothing,129,601,87.53,85.035,134.77977
2023-12-22,S002-P0019,Clothing,117,459,98.8,85.035,106.17841
2023-12-23,S002-P0019,Clothing,143,377,85.33,85.035,138.23967
2023-12-24,S002-P0019,Clothing,87,279,89.45,85.035,108.162025
2023-12-25,S002-P0019,Clothing,126,197,96.63,85.035,107.66353
2023-12-26,S002-P0019,Clothing,120,557,94.7,85.035,109.21242
2023-12-27,S002-P0019,Clothing,243,420,123.7,85.035,97.348274
2023-12-28,S002-P0019,Clothing,96,244,83.23,85.035,92.0092
2023-12-29,S002-P0019,Clothing,149,137,98.03,85.035,94.86561
2023-12-30,S002-P0019,Clothing,97,19,83.33,85.035,99.82177
2023-12-31,S002-P0019,Clothing,109,861,86.76,85.035,103.006096
2024-01-01,S002-P0019,Clothing,151,746,98.69,85.035,100.576164
2024-01-02,S002-P0019,Clothing,127,628,87.22,85.035,106.76139
2024-01-03,S002-P0019,Clothing,105,504,85.94,85.035,106.74671
2024-01-04,S002-P0019,Clothing,164,412,107.45,85.035,108.69598
2024-01-05,S002-P0019,Clothing,130,239,87.78,85.035,132.85596
2024-01-06,S002-P0019,Clothing,88,108,85.5,85.035,110.654945
2024-01-07,S002-P0019,Clothing,75,24,73.01,85.035,122.28001
2024-01-08,S002-P0019,Clothing,92,784,73.6,85.035,110.55137
2024-01-09,S002-P0019,Clothing,110,724,78.05,85.035,152.13165
2024-01-10,S002-P0019,Clothing,121,595,95.02,85.035,117.00437
2024-01-11,S002-P0019,Clothing,88,480,85.54,85.035,117.34049
2024-01-12,S002-P0019,Clothing,182,420,107.24,85.035,116.62522
2024-01-13,S002-P0019,Clothing,172,278,82.49,85.035,152.58006
2024-01-14,S002-P0019,Clothing,110,77,96.67,85.035,126.62115
2024-01-15,S002-P0019,Clothing,98,0,88.36,85.035,122.88891
2024-01-16,S002-P0019,Clothing,82,641,87.95,85.035,121.748245
2024-01-17,S002-P0019,Clothing,89,562,90.2,85.035,120.84609
2024-01-18,S002-P0019,Clothing,137,491,79.68,85.035,142.50148
2024-01-19,S002-P0019,Clothing,57,388,72.31,85.035,112.615234
2024-01-20,S002-P0019,Clothing,158,337,111.27,85.035,112.89207
2024-01-21,S002-P0019,Clothing,57,218,72.37,85.035,114.17429
2024-01-22,S002-P0019,Clothing,173,645,86.91,85.035,147.75832
2024-01-23,S002-P0019,Clothing,125,468,96.2,85.035,114.43945
2024-01-24,S002-P0019,Clothing,176,380,99.42,85.035,148.99388
2024-01-25,S002-P0019,Clothing,131,244,88.24,85.035,150.40942
2024-01-26,S002-P0019,Clothing,146,820,86.18,85.035,151.44359
2024-01-27,S002-P0019,Clothing,79,671,78.58,85.035,114.96282
2024-01-28,S002-P0019,Clothing,117,578,88.79,85.035,114.56558
2024-01-29,S002-P0019,Clothing,118,447,89.3,85.035,112.176704
2024-01-30,S002-P0019,Clothing,118,339,89.18,85.035,116.071495
2023-10-03,S002-P0020,Furniture,83,83,126.82,119.63499999999999,81.77957
2023-10-04,S002-P0020,Furniture,33,234,116.37,119.63499999999999,78.65493
2023-10-05,S002-P0020,Furniture,142,198,144.88,119.63499999999999,105.20567
2023-10-06,S002-P0020,Furniture,100,28,120.17,119.63499999999999,111.12557
2023-10-07,S002-P0020,Furniture,46,0,122.32,119.63499999999999,49.309532
2023-10-08,S002-P0020,Furniture,23,411,111.45,119.63499999999999,44.12318
2023-10-09,S002-P0020,Furniture,25,386,106.7,119.63499999999999,40.93213
2023-10-10,S002-P0020,Furniture,32,364,110.04,119.63499999999999,42.020687
2023-10-11,S002-P0020,Furniture,42,340,114.38,119.63499999999999,38.16978
2023-10-12,S002-P0020,Furniture,31,315,109.56,119.63499999999999,37.4641
2023-10-13,S002-P0020,Furniture,47,282,110.73,119.63499999999999,50.405533
2023-10-14,S002-P0020,Furniture,31,242,115.24,119.63499999999999,38.86087
2023-10-15,S002-P0020,Furniture,32,220,98.88,119.63499999999999,39.578327
2023-10-16,S002-P0020,Furniture,17,188,92.0,119.63499999999999,48.069805
2023-10-17,S002-P0020,Furniture,23,170,100.07,119.63499999999999,34.918396
2023-10-18,S002-P0020,Furniture,56,153,102.85,119.63499999999999,43.086338
2023-10-19,S002-P0020,Furniture,43,113,121.08,119.63499999999999,33.226578
2023-10-20,S002-P0020,Furniture,46,76,104.59,119.63499999999999,36.55448
2023-10-21,S002-P0020,Furniture,53,186,100.83,119.63499999999999,49.70065
2023-10-22,S002-P0020,Furniture,54,124,120.11,119.63499999999999,38.89234
2023-10-23,S002-P0020,Furniture,85,72,114.34,119.63499999999999,57.578167
2023-10-24,S002-P0020,Furniture,56,167,114.79,119.63499999999999,46.60995
2023-10-25,S002-P0020,Furniture,92,120,116.05,119.63499999999999,116.97329
2023-10-26,S002-P0020,Furniture,70,291,107.57,119.63499999999999,119.78587
2023-10-27,S002-P0020,Furniture,127,246,130.87,119.63499999999999,115.2053
2023-10-28,S002-P0020,Furniture,27,145,107.79,119.63499999999999,90.11552
2023-10-29,S002-P0020,Furniture,75,114,136.95,119.63499999999999,87.674644
2023-10-30,S002-P0020,Furniture,34,482,105.21,119.63499999999999,85.91465
2023-10-31,S002-P0020,Furniture,56,448,115.1,119.63499999999999,84.81438
2023-11-01,S002-P0020,Furniture,78,383,124.3,119.63499999999999,78.73753
2023-11-02,S002-P0020,Furniture,99,317,118.59,119.63499999999999,106.33654
2023-11-03,S002-P0020,Furniture,57,209,103.27,119.63499999999999,104.61361
2023-11-04,S002-P0020,Furniture,54,144,126.25,119.63499999999999,80.87928
2023-11-05,S002-P0020,Furniture,83,359,133.43,119.63499999999999,79.35707
2023-11-06,S002-P0020,Furniture,108,287,137.54,119.63499999999999,79.39164
2023-11-07,S002-P0020,Furniture,91,171,137.16,119.63499999999999,79.640114
2023-11-08,S002-P0020,Furniture,81,93,119.58,119.63499999999999,80.902596
2023-11-09,S002-P0020,Furniture,59,328,122.49,119.63499999999999,81.12436
2023-11-10,S002-P0020,Furniture,101,273,111.95,119.63499999999999,108.05381
2023-11-11,S002-P0020,Furniture,57,159,121.36,119.63499999999999,80.585884
2023-11-12,S002-P0020,Furniture,28,109,97.18,119.63499999999999,84.11225
2023-11-13,S002-P0020,Furniture,105,337,143.64,119.63499999999999,78.302505
2023-11-14,S002-P0020,Furniture,89,253,136.28,119.63499999999999,82.556984
2023-11-15,S002-P0020,Furniture,102,156,134.82,119.63499999999999,108.29844
2023-11-16,S002-P0020,Furniture,75,363,122.92,119.63499999999999,82.394844
2023-11-17,S002-P0020,Furniture,42,303,108.46,119.63499999999999,108.126976
2023-11-18,S002-P0020,Furniture,115,270,140.45,119.63499999999999,79.835785
2023-11-19,S002-P0020,Furniture,14,158,101.55,119.63499999999999,83.55602
2023-11-20,S002-P0020,Furniture,66,144,125.85,119.63499999999999,78.924644
2023-11-21,S002-P0020,Furniture,52,397,113.1,119.63499999999999,97.38698
2023-11-22,S002-P0020,Furniture,50,338,112.17,119.63499999999999,76.882866
2023-11-23,S002-P0020,Furniture,73,306,116.2,119.63499999999999,73.47912
2023-11-24,S002-P0020,Furniture,33,261,99.33,119.63499999999999,74.19683
2023-11-25,S002-P0020,Furniture,104,239,120.67,119.63499999999999,95.21747
2023-11-26,S002-P0020,Furniture,77,150,111.02,119.63499999999999,97.814186
2023-11-27,S002-P0020,Furniture,66,71,106.96,119.63499999999999,100.83593
2023-11-28,S002-P0020,Furniture,38,299,90.06,119.63499999999999,97.78806
2023-11-29,S002-P0020,Furniture,71,258,115.06,119.63499999999999,70.298996
2023-11-30,S002-P0020,Furniture,71,205,128.14,119.63499999999999,73.29331
2023-12-01,S002-P0020,Furniture,58,140,122.1,119.63499999999999,71.38372
2023-12-02,S002-P0020,Furniture,90,297,115.24,119.63499999999999,93.61261
2023-12-03,S002-P0020,Furniture,43,214,109.44,119.63499999999999,70.05951
2023-12-04,S002-P0020,Furniture,62,186,117.34,119.63499999999999,93.08875
2023-12-05,S002-P0020,Furniture,54,397,108.25,119.63499999999999,90.73125
2023-12-06,S002-P0020,Furniture,52,351,100.48,119.63499999999999,90.94902
2023-12-07,S002-P0020,Furniture,36,302,111.6,119.63499999999999,65.98614
2023-12-08,S002-P0020,Furniture,92,271,115.91,119.63499999999999,86.81666
2023-12-09,S002-P0020,Furniture,88,184,114.47,119.63499999999999,89.81576
2023-12-10,S002-P0020,Furniture,48,124,117.4,119.63499999999999,66.23372
2023-12-11,S002-P0020,Furniture,140,313,126.28,119.63499999999999,87.21439
2023-12-12,S002-P0020,Furniture,71,179,121.64,119.63499999999999,67.441154
2023-12-13,S002-P0020,Furniture,73,102,128.89,119.63499999999999,73.149536
2023-12-14,S002-P0020,Furniture,76,444,130.19,119.63499999999999,72.23684
2023-12-15,S002-P0020,Furniture,76,384,137.43,119.63499999999999,73.07093
2023-12-16,S002-P0020,Furniture,34,297,105.2,119.63499999999999,73.04458
2023-12-17,S002-P0020,Furniture,51,259,118.95,119.63499999999999,72.28666
2023-12-18,S002-P0020,Furniture,129,208,124.13,119.63499999999999,90.01762
2023-12-19,S002-P0020,Furniture,47,115,116.82,119.63499999999999,69.107376
2023-12-20,S002-P0020,Furniture,87,81,135.5,119.63499999999999,73.99844
2023-12-21,S002-P0020,Furniture,82,416,126.25,119.63499999999999,71.241325
2023-12-22,S002-P0020,Furniture,134,318,141.43,119.63499999999999,103.55943
2023-12-23,S002-P0020,Furniture,110,163,109.58,119.63499999999999,103.54259
2023-12-24,S002-P0020,Furniture,82,35,119.78,119.63499999999999,81.2348
2023-12-25,S002-P0020,Furniture,110,329,146.23,119.63499999999999,80.810684
2023-12-26,S002-P0020,Furniture,130,225,155.56,119.63499999999999,82.46697
2023-12-27,S002-P0020,Furniture,34,87,116.84,119.63499999999999,56.22868
2023-12-28,S002-P0020,Furniture,33,389,104.67,119.63499999999999,50.869404
2023-12-29,S002-P0020,Furniture,44,353,121.35,119.63499999999999,41.622505
2023-12-30,S002-P0020,Furniture,50,316,112.41,119.63499999999999,40.270702
2023-12-31,S002-P0020,Furniture,26,282,112.54,119.63499999999999,40.25072
2024-01-01,S002-P0020,Furniture,55,258,126.93,119.63499999999999,36.689487
2024-01-02,S002-P0020,Furniture,44,219,91.19,119.63499999999999,49.718716
2024-01-03,S002-P0020,Furniture,40,184,107.75,119.63499999999999,38.687828
2024-01-04,S002-P0020,Furniture,37,145,112.31,119.63499999999999,39.980396
2024-01-05,S002-P0020,Furniture,33,115,98.82,119.63499999999999,49.83652
2024-01-06,S002-P0020,Furniture,49,85,88.4,119.63499999999999,49.011646
2024-01-07,S002-P0020,Furniture,31,137,104.09,119.63499999999999,39.39009
2024-01-08,S002-P0020,Furniture,42,111,108.6,119.63499999999999,46.810978
2024-01-09,S002-P0020,Furniture,90,226,136.97,119.63499999999999,79.67655
2024-01-10,S002-P0020,Furniture,49,130,111.73,119.63499999999999,83.93491
2024-01-11,S002-P0020,Furniture,90,98,129.57,119.63499999999999,88.23232
2024-01-12,S002-P0020,Furniture,77,292,137.46,119.63499999999999,88.708336
2024-01-13,S002-P0020,Furniture,88,236,128.96,119.63499999999999,87.11216
2024-01-14,S002-P0020,Furniture,89,163,115.74,119.63499999999999,113.36189
2024-01-15,S002-P0020,Furniture,59,107,110.15,119.63499999999999,87.94749
2024-01-16,S002-P0020,Furniture,66,269,125.62,119.63499999999999,84.71901
2024-01-17,S002-P0020,Furniture,63,209,124.09,119.63499999999999,82.655464
2024-01-18,S002-P0020,Furniture,85,167,120.31,119.63499999999999,101.81173
2024-01-19,S002-P0020,Furniture,44,87,115.32,119.63499999999999,77.40558
2024-01-20,S002-P0020,Furniture,92,195,130.42,119.63499999999999,74.219185
2024-01-21,S002-P0020,Furniture,20,106,78.34,119.63499999999999,103.75186
2024-01-22,S002-P0020,Furniture,106,82,129.83,119.63499999999999,102.59063
2024-01-23,S002-P0020,Furniture,39,235,107.17,119.63499999999999,74.083885
2024-01-24,S002-P0020,Furniture,49,189,88.4,119.63499999999999,102.46457
2024-01-25,S002-P0020,Furniture,56,396,121.1,119.63499999999999,71.49134
2024-01-26,S002-P0020,Furniture,119,344,150.44,119.63499999999999,71.04932
2024-01-27,S002-P0020,Furniture,72,256,121.95,119.63499999999999,74.283646
2024-01-28,S002-P0020,Furniture,134,177,125.79,119.63499999999999,105.039375
2024-01-29,S002-P0020,Furniture,43,383,114.95,119.63499999999999,77.39145
2024-01-30,S002-P0020,Furniture,82,332,140.31,119.63499999999999,84.17935
2023-10-03,S003-P0001,Toys,117,139,17.13,15.545,89.746254
2023-10-04,S003-P0001,Toys,92,65,15.78,15.545,88.60681
2023-10-05,S003-P0001,Toys,61,291,14.19,15.545,87.020515
2023-10-06,S003-P0001,Toys,102,221,17.21,15.545,87.45755
2023-10-07,S003-P0001,Toys,19,154,13.25,15.545,51.081085
2023-10-08,S003-P0001,Toys,32,309,14.01,15.545,45.49018
2023-10-09,S003-P0001,Toys,13,274,11.58,15.545,53.4806
2023-10-10,S003-P0001,Toys,15,265,12.31,15.545,39.5481
2023-10-11,S003-P0001,Toys,33,252,14.06,15.545,36.272022
2023-10-12,S003-P0001,Toys,36,219,11.38,15.545,43.912357
2023-10-13,S003-P0001,Toys,39,176,13.02,15.545,36.074593
2023-10-14,S003-P0001,Toys,18,137,13.13,15.545,36.89956
2023-10-15,S003-P0001,Toys,35,124,13.43,15.545,34.283436
2023-10-16,S003-P0001,Toys,18,92,12.51,15.545,35.22089
2023-10-17,S003-P0001,Toys,66,72,12.92,15.545,43.419323
2023-10-18,S003-P0001,Toys,27,32,12.37,15.545,36.07086
2023-10-19,S003-P0001,Toys,49,146,12.01,15.545,47.32461
2023-10-20,S003-P0001,Toys,38,98,12.21,15.545,43.990295
2023-10-21,S003-P0001,Toys,27,55,12.33,15.545,35.396477
2023-10-22,S003-P0001,Toys,34,115,12.69,15.545,34.712204
2023-10-23,S003-P0001,Toys,27,93,10.97,15.545,44.505417
2023-10-24,S003-P0001,Toys,11,65,12.73,15.545,34.02197
2023-10-25,S003-P0001,Toys,180,112,17.29,15.545,100.21733
2023-10-26,S003-P0001,Toys,180,0,19.42,15.545,115.71435
2023-10-27,S003-P0001,Toys,112,342,15.98,15.545,91.44382
2023-10-28,S003-P0001,Toys,71,611,14.66,15.545,91.15107
2023-10-29,S003-P0001,Toys,88,529,15.57,15.545,92.58134
2023-10-30,S003-P0001,Toys,117,438,16.26,15.545,95.59234
2023-10-31,S003-P0001,Toys,111,306,17.71,15.545,91.04844
2023-11-01,S003-P0001,Toys,93,208,15.04,15.545,123.20489
2023-11-02,S003-P0001,Toys,103,146,17.28,15.545,94.24842
2023-11-03,S003-P0001,Toys,161,218,16.22,15.545,125.45
2023-11-04,S003-P0001,Toys,40,100,13.73,15.545,96.555595
2023-11-05,S003-P0001,Toys,113,328,16.94,15.545,97.648735
2023-11-06,S003-P0001,Toys,96,239,16.02,15.545,97.741745
2023-11-07,S003-P0001,Toys,108,170,16.61,15.545,127.49162
2023-11-08,S003-P0001,Toys,117,50,15.34,15.545,125.713066
2023-11-09,S003-P0001,Toys,83,193,16.98,15.545,97.84781
2023-11-10,S003-P0001,Toys,76,301,15.77,15.545,95.23284
2023-11-11,S003-P0001,Toys,47,235,13.4,15.545,94.12126
2023-11-12,S003-P0001,Toys,150,202,16.91,15.545,120.082794
2023-11-13,S003-P0001,Toys,100,75,12.83,15.545,122.9732
2023-11-14,S003-P0001,Toys,80,310,15.98,15.545,96.74106
2023-11-15,S003-P0001,Toys,129,241,18.73,15.545,95.44717
2023-11-16,S003-P0001,Toys,108,156,14.03,15.545,126.12036
2023-11-17,S003-P0001,Toys,73,340,15.57,15.545,98.24176
2023-11-18,S003-P0001,Toys,135,279,17.14,15.545,123.4353
2023-11-19,S003-P0001,Toys,116,188,17.99,15.545,93.910515
2023-11-20,S003-P0001,Toys,119,277,14.53,15.545,126.83943
2023-11-21,S003-P0001,Toys,132,160,18.9,15.545,97.37382
2023-11-22,S003-P0001,Toys,34,322,12.7,15.545,99.07396
2023-11-23,S003-P0001,Toys,64,288,13.58,15.545,99.14352
2023-11-24,S003-P0001,Toys,135,235,18.05,15.545,94.845505
2023-11-25,S003-P0001,Toys,91,84,17.45,15.545,98.53626
2023-11-26,S003-P0001,Toys,104,231,16.41,15.545,122.906166
2023-11-27,S003-P0001,Toys,64,109,14.3,15.545,96.92739
2023-11-28,S003-P0001,Toys,66,280,15.98,15.545,96.121635
2023-11-29,S003-P0001,Toys,80,227,15.98,15.545,92.95131
2023-11-30,S003-P0001,Toys,122,134,17.35,15.545,89.593925
2023-12-01,S003-P0001,Toys,156,0,19.24,15.545,90.396904
2023-12-02,S003-P0001,Toys,177,261,16.91,15.545,120.14394
2023-12-03,S003-P0001,Toys,131,456,18.87,15.545,102.77665
2023-12-04,S003-P0001,Toys,126,373,15.62,15.545,129.24954
2023-12-05,S003-P0001,Toys,88,290,16.41,15.545,104.87433
2023-12-06,S003-P0001,Toys,64,212,14.28,15.545,103.46615
2023-12-07,S003-P0001,Toys,51,166,13.63,15.545,103.02052
2023-12-08,S003-P0001,Toys,127,126,14.91,15.545,122.32072
2023-12-09,S003-P0001,Toys,95,0,16.85,15.545,94.61573
2023-12-10,S003-P0001,Toys,105,278,13.91,15.545,121.174995
2023-12-11,S003-P0001,Toys,103,168,17.25,15.545,98.911736
2023-12-12,S003-P0001,Toys,147,45,15.81,15.545,122.917656
2023-12-13,S003-P0001,Toys,57,242,13.25,15.545,100.780594
2023-12-14,S003-P0001,Toys,74,505,14.85,15.545,97.503296
2023-12-15,S003-P0001,Toys,137,434,14.37,15.545,118.94077
2023-12-16,S003-P0001,Toys,108,320,15.82,15.545,93.25842
2023-12-17,S003-P0001,Toys,53,195,15.21,15.545,97.13197
2023-12-18,S003-P0001,Toys,68,157,14.49,15.545,93.15643
2023-12-19,S003-P0001,Toys,112,93,16.91,15.545,94.63224
2023-12-20,S003-P0001,Toys,117,127,19.03,15.545,95.584526
2023-12-21,S003-P0001,Toys,151,313,17.99,15.545,96.75411
2023-12-22,S003-P0001,Toys,55,134,14.56,15.545,101.2362
2023-12-23,S003-P0001,Toys,115,406,17.95,15.545,100.9181
2023-12-24,S003-P0001,Toys,163,328,18.58,15.545,133.80928
2023-12-25,S003-P0001,Toys,103,171,13.62,15.545,136.19884
2023-12-26,S003-P0001,Toys,175,428,18.1,15.545,130.68744
2023-12-27,S003-P0001,Toys,11,219,10.85,15.545,89.17475
2023-12-28,S003-P0001,Toys,41,208,13.79,15.545,71.83427
2023-12-29,S003-P0001,Toys,30,183,12.48,15.545,55.454193
2023-12-30,S003-P0001,Toys,47,163,14.89,15.545,55.912407
2023-12-31,S003-P0001,Toys,11,130,12.13,15.545,46.527718
2024-01-01,S003-P0001,Toys,31,121,12.55,15.545,42.82244
2024-01-02,S003-P0001,Toys,42,98,13.85,15.545,38.999725
2024-01-03,S003-P0001,Toys,22,59,11.4,15.545,49.746616
2024-01-04,S003-P0001,Toys,36,141,10.14,15.545,47.650814
2024-01-05,S003-P0001,Toys,34,107,13.38,15.545,36.805122
2024-01-06,S003-P0001,Toys,95,70,13.29,15.545,47.8791
2024-01-07,S003-P0001,Toys,8,56,12.56,15.545,44.59129
2024-01-08,S003-P0001,Toys,23,238,11.52,15.545,52.410137
2024-01-09,S003-P0001,Toys,109,224,15.87,15.545,80.652596
2024-01-10,S003-P0001,Toys,88,148,14.79,15.545,89.450134
2024-01-11,S003-P0001,Toys,164,255,18.52,15.545,122.77893
2024-01-12,S003-P0001,Toys,161,146,19.43,15.545,93.29928
2024-01-13,S003-P0001,Toys,151,371,17.85,15.545,132.19608
2024-01-14,S003-P0001,Toys,126,228,18.57,15.545,105.32292
2024-01-15,S003-P0001,Toys,101,89,16.29,15.545,107.26617
2024-01-16,S003-P0001,Toys,91,229,15.73,15.545,102.487366
2024-01-17,S003-P0001,Toys,94,125,15.91,15.545,104.55053
2024-01-18,S003-P0001,Toys,66,62,14.41,15.545,100.68708
2024-01-19,S003-P0001,Toys,115,197,17.0,15.545,126.377686
2024-01-20,S003-P0001,Toys,45,122,14.04,15.545,94.09578
2024-01-21,S003-P0001,Toys,52,349,11.39,15.545,122.04993
2024-01-22,S003-P0001,Toys,119,289,14.55,15.545,118.99443
2024-01-23,S003-P0001,Toys,89,169,17.35,15.545,91.22066
2024-01-24,S003-P0001,Toys,64,105,13.56,15.545,120.593636
2024-01-25,S003-P0001,Toys,73,192,14.02,15.545,90.370834
2024-01-26,S003-P0001,Toys,81,115,14.43,15.545,89.33356
2024-01-27,S003-P0001,Toys,125,208,19.45,15.545,88.516914
2024-01-28,S003-P0001,Toys,103,116,16.41,15.545,89.84789
2024-01-29,S003-P0001,Toys,55,244,14.6,15.545,94.385216
2024-01-30,S003-P0001,Toys,58,207,13.26,15.545,93.04076
2023-10-03,S003-P0002,Groceries,114,520,56.14,56.269999999999996,145.68669
2023-10-04,S003-P0002,Groceries,143,436,61.26,56.269999999999996,144.89893
2023-10-05,S003-P0002,Groceries,175,312,59.95,56.269999999999996,146.37576
2023-10-06,S003-P0002,Groceries,112,202,58.88,56.269999999999996,113.87855
2023-10-07,S003-P0002,Groceries,62,548,46.96,56.269999999999996,82.037636
2023-10-08,S003-P0002,Groceries,113,497,47.27,56.269999999999996,92.707115
2023-10-09,S003-P0002,Groceries,88,387,57.21,56.269999999999996,77.22442
2023-10-10,S003-P0002,Groceries,82,308,47.92,56.269999999999996,77.436005
2023-10-11,S003-P0002,Groceries,65,258,45.15,56.269999999999996,82.24108
2023-10-12,S003-P0002,Groceries,78,215,55.37,56.269999999999996,78.34168
2023-10-13,S003-P0002,Groceries,91,358,54.89,56.269999999999996,82.250374
2023-10-14,S003-P0002,Groceries,100,285,50.61,56.269999999999996,110.29362
2023-10-15,S003-P0002,Groceries,92,191,58.06,56.269999999999996,87.495285
2023-10-16,S003-P0002,Groceries,75,89,52.05,56.269999999999996,85.44429
2023-10-17,S003-P0002,Groceries,132,294,56.07,56.269999999999996,109.14833
2023-10-18,S003-P0002,Groceries,89,161,43.08,56.269999999999996,114.320335
2023-10-19,S003-P0002,Groceries,57,95,51.13,56.269999999999996,85.232635
2023-10-20,S003-P0002,Groceries,97,403,53.12,56.269999999999996,78.93583
2023-10-21,S003-P0002,Groceries,44,312,43.73,56.269999999999996,82.52595
2023-10-22,S003-P0002,Groceries,59,264,46.51,56.269999999999996,78.4886
2023-10-23,S003-P0002,Groceries,79,229,50.01,56.269999999999996,91.610146
2023-10-24,S003-P0002,Groceries,58,157,46.42,56.269999999999996,72.66288
2023-10-25,S003-P0002,Groceries,172,106,63.08,56.269999999999996,139.6179
2023-10-26,S003-P0002,Groceries,131,280,46.83,56.269999999999996,143.14415
2023-10-27,S003-P0002,Groceries,94,135,52.66,56.269999999999996,110.990326
2023-10-28,S003-P0002,Groceries,104,525,51.64,56.269999999999996,107.95109
2023-10-29,S003-P0002,Groceries,149,434,65.69,56.269999999999996,107.33447
2023-10-30,S003-P0002,Groceries,103,317,54.32,56.269999999999996,108.26286
2023-10-31,S003-P0002,Groceries,157,253,67.2,56.269999999999996,109.06551
2023-11-01,S003-P0002,Groceries,78,499,49.89,56.269999999999996,110.86691
2023-11-02,S003-P0002,Groceries,131,413,62.39,56.269999999999996,113.51603
2023-11-03,S003-P0002,Groceries,100,286,42.46,56.269999999999996,144.48479
2023-11-04,S003-P0002,Groceries,112,225,62.01,56.269999999999996,114.785446
2023-11-05,S003-P0002,Groceries,141,560,67.59,56.269999999999996,112.540245
2023-11-06,S003-P0002,Groceries,100,459,53.64,56.269999999999996,114.84001
2023-11-07,S003-P0002,Groceries,98,393,50.7,56.269999999999996,142.21503
2023-11-08,S003-P0002,Groceries,65,292,47.57,56.269999999999996,143.36647
2023-11-09,S003-P0002,Groceries,156,215,63.46,56.269999999999996,110.09167
2023-11-10,S003-P0002,Groceries,198,69,63.69,56.269999999999996,143.16478
2023-11-11,S003-P0002,Groceries,132,0,53.29,56.269999999999996,139.74184
2023-11-12,S003-P0002,Groceries,212,417,69.29,56.269999999999996,144.49507
2023-11-13,S003-P0002,Groceries,87,959,51.53,56.269999999999996,116.86154
2023-11-14,S003-P0002,Groceries,131,861,56.25,56.269999999999996,120.42811
2023-11-15,S003-P0002,Groceries,230,725,67.99,56.269999999999996,146.05368
2023-11-16,S003-P0002,Groceries,67,450,50.44,56.269999999999996,123.0008
2023-11-17,S003-P0002,Groceries,137,401,63.62,56.269999999999996,119.95832
2023-11-18,S003-P0002,Groceries,28,1112,38.91,56.269999999999996,153.92499
2023-11-19,S003-P0002,Groceries,94,1091,52.54,56.269999999999996,117.83469
2023-11-20,S003-P0002,Groceries,156,1035,60.35,56.269999999999996,142.914
2023-11-21,S003-P0002,Groceries,75,876,49.24,56.269999999999996,115.80913
2023-11-22,S003-P0002,Groceries,183,829,75.92,56.269999999999996,114.42344
2023-11-23,S003-P0002,Groceries,98,686,56.3,56.269999999999996,115.22816
2023-11-24,S003-P0002,Groceries,75,598,49.38,56.269999999999996,117.50186
2023-11-25,S003-P0002,Groceries,152,553,52.41,56.269999999999996,143.15665
2023-11-26,S003-P0002,Groceries,89,453,57.49,56.269999999999996,114.46154
2023-11-27,S003-P0002,Groceries,62,395,49.52,56.269999999999996,112.07467
2023-11-28,S003-P0002,Groceries,100,358,56.66,56.269999999999996,110.82513
2023-11-29,S003-P0002,Groceries,148,274,65.5,56.269999999999996,109.984436
2023-11-30,S003-P0002,Groceries,77,185,52.4,56.269999999999996,110.57093
2023-12-01,S003-P0002,Groceries,133,428,56.19,56.269999999999996,136.69969
2023-12-02,S003-P0002,Groceries,126,329,58.5,56.269999999999996,111.03749
2023-12-03,S003-P0002,Groceries,129,246,61.99,56.269999999999996,111.45896
2023-12-04,S003-P0002,Groceries,162,579,57.47,56.269999999999996,140.57349
2023-12-05,S003-P0002,Groceries,120,458,57.21,56.269999999999996,114.076935
2023-12-06,S003-P0002,Groceries,128,376,55.7,56.269999999999996,112.96626
2023-12-07,S003-P0002,Groceries,105,240,57.58,56.269999999999996,113.89007
2023-12-08,S003-P0002,Groceries,20,150,39.65,56.269999999999996,115.085754
2023-12-09,S003-P0002,Groceries,102,456,54.09,56.269999999999996,111.2776
2023-12-10,S003-P0002,Groceries,125,362,55.23,56.269999999999996,108.81527
2023-12-11,S003-P0002,Groceries,96,234,50.34,56.269999999999996,108.15698
2023-12-12,S003-P0002,Groceries,242,151,66.39,56.269999999999996,137.16321
2023-12-13,S003-P0002,Groceries,210,423,73.0,56.269999999999996,115.41621
2023-12-14,S003-P0002,Groceries,79,284,52.66,56.269999999999996,121.064705
2023-12-15,S003-P0002,Groceries,118,963,60.03,56.269999999999996,122.08523
2023-12-16,S003-P0002,Groceries,138,855,63.67,56.269999999999996,121.70515
2023-12-17,S003-P0002,Groceries,154,737,63.1,56.269999999999996,120.79534
2023-12-18,S003-P0002,Groceries,184,565,68.64,56.269999999999996,121.04282
2023-12-19,S003-P0002,Groceries,107,366,61.07,56.269999999999996,126.39309
2023-12-20,S003-P0002,Groceries,167,276,51.8,56.269999999999996,153.73642
2023-12-21,S003-P0002,Groceries,221,534,66.6,56.269999999999996,159.74016
2023-12-22,S003-P0002,Groceries,119,366,51.15,56.269999999999996,165.19754
2023-12-23,S003-P0002,Groceries,74,272,44.12,56.269999999999996,162.27104
2023-12-24,S003-P0002,Groceries,138,761,50.94,56.269999999999996,155.12921
2023-12-25,S003-P0002,Groceries,26,615,45.06,56.269999999999996,122.18158
2023-12-26,S003-P0002,Groceries,48,595,44.55,56.269999999999996,119.75109
2023-12-27,S003-P0002,Groceries,157,539,57.14,56.269999999999996,76.47939
2023-12-28,S003-P0002,Groceries,88,439,43.48,56.269999999999996,95.032265
2023-12-29,S003-P0002,Groceries,69,380,48.27,56.269999999999996,78.69837
2023-12-30,S003-P0002,Groceries,101,817,56.81,56.269999999999996,74.1575
2023-12-31,S003-P0002,Groceries,53,745,43.08,56.269999999999996,81.005684
2024-01-01,S003-P0002,Groceries,115,701,44.62,56.269999999999996,95.04058
2024-01-02,S003-P0002,Groceries,68,608,53.3,56.269999999999996,85.380745
2024-01-03,S003-P0002,Groceries,141,540,48.15,56.269999999999996,98.450035
2024-01-04,S003-P0002,Groceries,69,449,48.13,56.269999999999996,90.10615
2024-01-05,S003-P0002,Groceries,60,387,51.87,56.269999999999996,85.133934
2024-01-06,S003-P0002,Groceries,83,323,53.55,56.269999999999996,80.33839
2024-01-07,S003-P0002,Groceries,39,261,40.73,56.269999999999996,98.61239
2024-01-08,S003-P0002,Groceries,96,227,58.89,56.269999999999996,77.16554
2024-01-09,S003-P0002,Groceries,90,384,54.72,56.269999999999996,109.94016
2024-01-10,S003-P0002,Groceries,92,315,52.31,56.269999999999996,112.11755
2024-01-11,S003-P0002,Groceries,130,251,65.54,56.269999999999996,108.962074
2024-01-12,S003-P0002,Groceries,140,95,67.42,56.269999999999996,114.416115
2024-01-13,S003-P0002,Groceries,108,274,58.2,56.269999999999996,108.72798
2024-01-14,S003-P0002,Groceries,153,182,62.96,56.269999999999996,113.48707
2024-01-15,S003-P0002,Groceries,75,442,39.04,56.269999999999996,142.87416
2024-01-16,S003-P0002,Groceries,151,382,59.21,56.269999999999996,146.3259
2024-01-17,S003-P0002,Groceries,63,262,47.2,56.269999999999996,107.842125
2024-01-18,S003-P0002,Groceries,80,202,55.76,56.269999999999996,111.83178
2024-01-19,S003-P0002,Groceries,61,619,49.41,56.269999999999996,103.59644
2024-01-20,S003-P0002,Groceries,118,558,56.82,56.269999999999996,135.30913
2024-01-21,S003-P0002,Groceries,62,417,47.18,56.269999999999996,97.42097
2024-01-22,S003-P0002,Groceries,100,370,56.66,56.269999999999996,103.89521
2024-01-23,S003-P0002,Groceries,94,267,49.96,56.269999999999996,96.73369
2024-01-24,S003-P0002,Groceries,126,200,51.81,56.269999999999996,132.2116
2024-01-25,S003-P0002,Groceries,73,380,46.52,56.269999999999996,126.71238
2024-01-26,S003-P0002,Groceries,57,299,38.41,56.269999999999996,126.94271
2024-01-27,S003-P0002,Groceries,112,253,49.99,56.269999999999996,117.481064
2024-01-28,S003-P0002,Groceries,111,186,55.55,56.269999999999996,93.16276
2024-01-29,S003-P0002,Groceries,116,93,62.81,56.269999999999996,95.79894
2024-01-30,S003-P0002,Groceries,112,327,55.7,56.269999999999996,97.20311
2023-10-03,S003-P0003,Electronics,80,144,89.44,87.635,105.966324
2023-10-04,S003-P0003,Electronics,146,159,99.57,87.635,103.99618
2023-10-05,S003-P0003,Electronics,122,171,87.2,87.635,138.36742
2023-10-06,S003-P0003,Electronics,177,194,96.12,87.635,134.90196
2023-10-07,S003-P0003,Electronics,44,176,74.34,87.635,74.48734
2023-10-08,S003-P0003,Electronics,53,147,77.05,87.635,76.01611
2023-10-09,S003-P0003,Electronics,94,103,71.44,87.635,82.91472
2023-10-10,S003-P0003,Electronics,41,127,77.36,87.635,71.0164
2023-10-11,S003-P0003,Electronics,58,90,70.55,87.635,82.68449
2023-10-12,S003-P0003,Electronics,43,109,69.97,87.635,60.722534
2023-10-13,S003-P0003,Electronics,33,109,74.83,87.635,60.314575
2023-10-14,S003-P0003,Electronics,60,122,75.01,87.635,54.751877
2023-10-15,S003-P0003,Electronics,65,110,80.6,87.635,55.17326
2023-10-16,S003-P0003,Electronics,44,118,70.53,87.635,58.367977
2023-10-17,S003-P0003,Electronics,48,129,60.41,87.635,72.708755
2023-10-18,S003-P0003,Electronics,98,81,67.78,87.635,68.0094
2023-10-19,S003-P0003,Electronics,75,80,79.25,87.635,73.35263
2023-10-20,S003-P0003,Electronics,57,79,78.08,87.635,64.26866
2023-10-21,S003-P0003,Electronics,40,83,72.99,87.635,60.731472
2023-10-22,S003-P0003,Electronics,58,109,78.35,87.635,59.4019
2023-10-23,S003-P0003,Electronics,117,106,85.84,87.635,74.381355
2023-10-24,S003-P0003,Electronics,50,115,72.29,87.635,65.73008
2023-10-25,S003-P0003,Electronics,191,113,111.93,87.635,127.03363
2023-10-26,S003-P0003,Electronics,151,180,100.82,87.635,108.018326
2023-10-27,S003-P0003,Electronics,143,139,93.47,87.635,104.574776
2023-10-28,S003-P0003,Electronics,122,162,87.9,87.635,107.57683
2023-10-29,S003-P0003,Electronics,132,198,95.58,87.635,107.25465
2023-10-30,S003-P0003,Electronics,80,209,76.57,87.635,109.9999
2023-10-31,S003-P0003,Electronics,122,121,97.58,87.635,109.8275
2023-11-01,S003-P0003,Electronics,137,133,96.64,87.635,110.687836
2023-11-02,S003-P0003,Electronics,164,123,99.0,87.635,108.32623
2023-11-03,S003-P0003,Electronics,126,159,89.03,87.635,113.61554
2023-11-04,S003-P0003,Electronics,166,145,105.31,87.635,114.17927
2023-11-05,S003-P0003,Electronics,127,185,98.94,87.635,120.094154
2023-11-06,S003-P0003,Electronics,141,166,92.39,87.635,152.19888
2023-11-07,S003-P0003,Electronics,167,175,100.02,87.635,122.414276
2023-11-08,S003-P0003,Electronics,167,239,99.2,87.635,152.95183
2023-11-09,S003-P0003,Electronics,91,248,88.29,87.635,123.110374
2023-11-10,S003-P0003,Electronics,138,173,91.99,87.635,120.28638
2023-11-11,S003-P0003,Electronics,133,203,90.74,87.635,154.24742
2023-11-12,S003-P0003,Electronics,100,223,72.78,87.635,153.53458
2023-11-13,S003-P0003,Electronics,52,125,80.82,87.635,121.88292
2023-11-14,S003-P0003,Electronics,88,115,78.77,87.635,143.38478
2023-11-15,S003-P0003,Electronics,188,121,93.78,87.635,141.44316
2023-11-16,S003-P0003,Electronics,121,157,92.16,87.635,115.48465
2023-11-17,S003-P0003,Electronics,67,170,81.12,87.635,116.380196
2023-11-18,S003-P0003,Electronics,245,102,113.17,87.635,137.84714
2023-11-19,S003-P0003,Electronics,59,217,71.0,87.635,150.16637
2023-11-20,S003-P0003,Electronics,84,163,81.83,87.635,121.40571
2023-11-21,S003-P0003,Electronics,105,99,92.55,87.635,116.709305
2023-11-22,S003-P0003,Electronics,134,117,91.07,87.635,113.60621
2023-11-23,S003-P0003,Electronics,117,148,86.08,87.635,141.82414
2023-11-24,S003-P0003,Electronics,117,179,96.08,87.635,115.250336
2023-11-25,S003-P0003,Electronics,98,150,81.35,87.635,110.8074
2023-11-26,S003-P0003,Electronics,117,161,101.26,87.635,114.179535
2023-11-27,S003-P0003,Electronics,130,134,84.21,87.635,138.43895
2023-11-28,S003-P0003,Electronics,101,150,82.27,87.635,115.20339
2023-11-29,S003-P0003,Electronics,137,181,91.89,87.635,108.65333
2023-11-30,S003-P0003,Electronics,74,152,79.03,87.635,110.1141
2023-12-01,S003-P0003,Electronics,155,86,96.05,87.635,136.35252
2023-12-02,S003-P0003,Electronics,209,162,110.45,87.635,141.58946
2023-12-03,S003-P0003,Electronics,100,240,95.83,87.635,113.57745
2023-12-04,S003-P0003,Electronics,103,138,87.11,87.635,115.46849
2023-12-05,S003-P0003,Electronics,90,152,83.52,87.635,109.05757
2023-12-06,S003-P0003,Electronics,148,164,83.08,87.635,143.7121
2023-12-07,S003-P0003,Electronics,178,148,108.63,87.635,109.6747
2023-12-08,S003-P0003,Electronics,66,181,85.09,87.635,117.071434
2023-12-09,S003-P0003,Electronics,124,129,82.63,87.635,139.71143
2023-12-10,S003-P0003,Electronics,134,111,80.87,87.635,145.64177
2023-12-11,S003-P0003,Electronics,126,140,88.8,87.635,116.64008
2023-12-12,S003-P0003,Electronics,100,121,68.24,87.635,143.15392
2023-12-13,S003-P0003,Electronics,153,118,96.12,87.635,111.42305
2023-12-14,S003-P0003,Electronics,146,165,110.16,87.635,113.05004
2023-12-15,S003-P0003,Electronics,50,164,72.02,87.635,117.90984
2023-12-16,S003-P0003,Electronics,161,122,103.42,87.635,144.96373
2023-12-17,S003-P0003,Electronics,118,156,96.46,87.635,114.45193
2023-12-18,S003-P0003,Electronics,144,210,98.54,87.635,143.2501
2023-12-19,S003-P0003,Electronics,119,228,91.73,87.635,147.76187
2023-12-20,S003-P0003,Electronics,108,102,93.51,87.635,114.82888
2023-12-21,S003-P0003,Electronics,144,151,93.68,87.635,112.3852
2023-12-22,S003-P0003,Electronics,71,216,78.11,87.635,114.23887
2023-12-23,S003-P0003,Electronics,100,155,91.03,87.635,115.41184
2023-12-24,S003-P0003,Electronics,111,143,84.94,87.635,112.719475
2023-12-25,S003-P0003,Electronics,82,166,81.4,87.635,113.12626
2023-12-26,S003-P0003,Electronics,123,68,103.17,87.635,110.38958
2023-12-27,S003-P0003,Electronics,68,107,61.13,87.635,87.59565
2023-12-28,S003-P0003,Electronics,76,136,83.89,87.635,76.16286
2023-12-29,S003-P0003,Electronics,82,113,85.54,87.635,67.8006
2023-12-30,S003-P0003,Electronics,59,110,74.79,87.635,74.09868
2023-12-31,S003-P0003,Electronics,66,131,80.88,87.635,69.25143
2024-01-01,S003-P0003,Electronics,62,137,75.55,87.635,69.09817
2024-01-02,S003-P0003,Electronics,34,157,71.26,87.635,69.061226
2024-01-03,S003-P0003,Electronics,82,124,81.25,87.635,61.727306
2024-01-04,S003-P0003,Electronics,28,116,69.41,87.635,63.474262
2024-01-05,S003-P0003,Electronics,56,96,70.11,87.635,73.22565
2024-01-06,S003-P0003,Electronics,93,115,84.36,87.635,69.7522
2024-01-07,S003-P0003,Electronics,34,99,67.48,87.635,58.173847
2024-01-08,S003-P0003,Electronics,79,125,80.29,87.635,69.353714
2024-01-09,S003-P0003,Electronics,94,135,84.49,87.635,94.51821
2024-01-10,S003-P0003,Electronics,131,155,84.42,87.635,128.80945
2024-01-11,S003-P0003,Electronics,136,154,85.72,87.635,132.13527
2024-01-12,S003-P0003,Electronics,102,216,96.35,87.635,101.65774
2024-01-13,S003-P0003,Electronics,25,116,65.01,87.635,101.73605
2024-01-14,S003-P0003,Electronics,23,100,64.69,87.635,102.975685
2024-01-15,S003-P0003,Electronics,75,127,83.53,87.635,93.61666
2024-01-16,S003-P0003,Electronics,127,121,89.29,87.635,112.203865
2024-01-17,S003-P0003,Electronics,44,142,70.27,87.635,86.7103
2024-01-18,S003-P0003,Electronics,68,111,77.3,87.635,88.238884
2024-01-19,S003-P0003,Electronics,71,122,74.07,87.635,109.53878
2024-01-20,S003-P0003,Electronics,60,135,79.0,87.635,84.3542
2024-01-21,S003-P0003,Electronics,30,117,63.08,87.635,82.42881
2024-01-22,S003-P0003,Electronics,105,95,82.73,87.635,102.68441
2024-01-23,S003-P0003,Electronics,150,106,100.29,87.635,75.59045
2024-01-24,S003-P0003,Electronics,167,124,87.59,87.635,115.24971
2024-01-25,S003-P0003,Electronics,100,206,91.1,87.635,90.7046
2024-01-26,S003-P0003,Electronics,110,94,93.99,87.635,89.70751
2024-01-27,S003-P0003,Electronics,84,95,82.05,87.635,95.317924
2024-01-28,S003-P0003,Electronics,164,116,88.0,87.635,126.25857
2024-01-29,S003-P0003,Electronics,87,184,87.23,87.635,97.06704
2024-01-30,S003-P0003,Electronics,103,95,91.96,87.635,97.0132
2023-10-03,S003-P0004,Groceries,101,507,22.1,22.985,116.59428
2023-10-04,S003-P0004,Groceries,157,446,23.5,22.985,140.12877
2023-10-05,S003-P0004,Groceries,40,297,16.79,22.985,114.840645
2023-10-06,S003-P0004,Groceries,87,267,20.06,22.985,112.03968
2023-10-07,S003-P0004,Groceries,55,723,16.7,22.985,83.299
2023-10-08,S003-P0004,Groceries,42,671,17.82,22.985,66.19124
2023-10-09,S003-P0004,Groceries,55,633,19.83,22.985,61.53606
2023-10-10,S003-P0004,Groceries,99,580,24.39,22.985,60.757156
2023-10-11,S003-P0004,Groceries,64,474,18.47,22.985,90.81785
2023-10-12,S003-P0004,Groceries,47,408,18.2,22.985,70.65028
2023-10-13,S003-P0004,Groceries,114,377,19.5,22.985,85.74972
2023-10-14,S003-P0004,Groceries,68,290,21.92,22.985,69.62447
2023-10-15,S003-P0004,Groceries,98,214,20.78,22.985,70.302956
2023-10-16,S003-P0004,Groceries,55,485,20.92,22.985,76.05748
2023-10-17,S003-P0004,Groceries,125,420,19.87,22.985,92.36864
2023-10-18,S003-P0004,Groceries,127,281,20.26,22.985,102.46723
2023-10-19,S003-P0004,Groceries,42,140,14.13,22.985,102.7821
2023-10-20,S003-P0004,Groceries,82,453,19.62,22.985,92.817055
2023-10-21,S003-P0004,Groceries,44,356,18.99,22.985,69.01121
2023-10-22,S003-P0004,Groceries,103,321,22.33,22.985,69.99624
2023-10-23,S003-P0004,Groceries,89,198,21.34,22.985,75.547226
2023-10-24,S003-P0004,Groceries,85,125,19.93,22.985,77.137085
2023-10-25,S003-P0004,Groceries,103,335,24.76,22.985,104.962074
2023-10-26,S003-P0004,Groceries,231,260,29.94,22.985,111.2297
2023-10-27,S003-P0004,Groceries,95,35,21.69,22.985,113.89796
2023-10-28,S003-P0004,Groceries,136,271,19.49,22.985,146.78134
2023-10-29,S003-P0004,Groceries,123,974,23.72,22.985,115.31744
2023-10-30,S003-P0004,Groceries,81,838,20.71,22.985,119.09608
2023-10-31,S003-P0004,Groceries,106,755,21.34,22.985,115.25123
2023-11-01,S003-P0004,Groceries,89,688,17.72,22.985,148.32744
2023-11-02,S003-P0004,Groceries,143,602,25.25,22.985,110.3931
2023-11-03,S003-P0004,Groceries,121,435,23.57,22.985,113.897896
2023-11-04,S003-P0004,Groceries,170,292,25.59,22.985,144.8355
2023-11-05,S003-P0004,Groceries,63,111,18.32,22.985,145.39992
2023-11-06,S003-P0004,Groceries,138,60,27.53,22.985,117.20464
2023-11-07,S003-P0004,Groceries,127,532,24.03,22.985,116.901405
2023-11-08,S003-P0004,Groceries,105,403,21.3,22.985,148.08806
2023-11-09,S003-P0004,Groceries,49,330,17.41,22.985,112.55593
2023-11-10,S003-P0004,Groceries,131,280,25.67,22.985,111.9551
2023-11-11,S003-P0004,Groceries,182,169,26.58,22.985,138.9259
2023-11-12,S003-P0004,Groceries,131,11,23.07,22.985,111.942406
2023-11-13,S003-P0004,Groceries,116,375,24.51,22.985,111.132805
2023-11-14,S003-P0004,Groceries,53,723,20.76,22.985,115.03887
2023-11-15,S003-P0004,Groceries,150,675,25.73,22.985,114.085205
2023-11-16,S003-P0004,Groceries,118,528,23.36,22.985,116.504425
2023-11-17,S003-P0004,Groceries,131,441,26.98,22.985,113.87717
2023-11-18,S003-P0004,Groceries,233,332,26.75,22.985,142.14081
2023-11-19,S003-P0004,Groceries,110,78,20.23,22.985,149.13004
2023-11-20,S003-P0004,Groceries,91,462,22.59,22.985,121.491455
2023-11-21,S003-P0004,Groceries,142,368,26.51,22.985,115.30527
2023-11-22,S003-P0004,Groceries,149,250,25.58,22.985,118.74795
2023-11-23,S003-P0004,Groceries,122,132,22.34,22.985,146.40886
2023-11-24,S003-P0004,Groceries,226,404,24.66,22.985,150.63388
2023-11-25,S003-P0004,Groceries,112,148,21.78,22.985,119.316086
2023-11-26,S003-P0004,Groceries,108,45,23.88,22.985,124.982506
2023-11-27,S003-P0004,Groceries,152,771,25.84,22.985,115.03617
2023-11-28,S003-P0004,Groceries,121,648,19.65,22.985,158.68951
2023-11-29,S003-P0004,Groceries,128,563,24.12,22.985,120.60623
2023-11-30,S003-P0004,Groceries,19,434,17.09,22.985,123.09103
2023-12-01,S003-P0004,Groceries,181,417,24.81,22.985,142.59468
2023-12-02,S003-P0004,Groceries,141,226,26.38,22.985,116.84077
2023-12-03,S003-P0004,Groceries,171,118,25.83,22.985,122.03816
2023-12-04,S003-P0004,Groceries,78,601,20.43,22.985,123.271065
2023-12-05,S003-P0004,Groceries,159,549,26.32,22.985,151.93234
2023-12-06,S003-P0004,Groceries,222,437,27.67,22.985,154.14496
2023-12-07,S003-P0004,Groceries,102,239,22.2,22.985,130.29752
2023-12-08,S003-P0004,Groceries,73,171,21.24,22.985,127.98224
2023-12-09,S003-P0004,Groceries,141,652,27.79,22.985,121.62638
2023-12-10,S003-P0004,Groceries,71,486,20.01,22.985,123.96799
2023-12-11,S003-P0004,Groceries,157,423,22.08,22.985,150.21236
2023-12-12,S003-P0004,Groceries,91,253,20.32,22.985,153.8136
2023-12-13,S003-P0004,Groceries,170,195,30.13,22.985,118.216255
2023-12-14,S003-P0004,Groceries,127,600,25.32,22.985,120.96154
2023-12-15,S003-P0004,Groceries,143,457,25.2,22.985,124.149
2023-12-16,S003-P0004,Groceries,107,291,21.32,22.985,151.68147
2023-12-17,S003-P0004,Groceries,122,224,22.48,22.985,122.44049
2023-12-18,S003-P0004,Groceries,114,526,25.64,22.985,119.737495
2023-12-19,S003-P0004,Groceries,148,414,25.59,22.985,120.94027
2023-12-20,S003-P0004,Groceries,87,255,20.06,22.985,116.07842
2023-12-21,S003-P0004,Groceries,150,188,27.07,22.985,123.738525
2023-12-22,S003-P0004,Groceries,198,562,23.06,22.985,149.02019
2023-12-23,S003-P0004,Groceries,130,367,26.89,22.985,129.6114
2023-12-24,S003-P0004,Groceries,176,246,24.7,22.985,151.05705
2023-12-25,S003-P0004,Groceries,134,793,20.4,22.985,157.1166
2023-12-26,S003-P0004,Groceries,160,656,29.36,22.985,127.06202
2023-12-27,S003-P0004,Groceries,48,559,17.37,22.985,100.873604
2023-12-28,S003-P0004,Groceries,86,514,19.87,22.985,107.99567
2023-12-29,S003-P0004,Groceries,57,416,19.95,22.985,83.74222
2023-12-30,S003-P0004,Groceries,72,349,20.05,22.985,76.97242
2023-12-31,S003-P0004,Groceries,67,292,21.85,22.985,81.23526
2024-01-01,S003-P0004,Groceries,59,251,20.13,22.985,73.81462
2024-01-02,S003-P0004,Groceries,112,193,24.19,22.985,74.61628
2024-01-03,S003-P0004,Groceries,85,85,19.92,22.985,82.86878
2024-01-04,S003-P0004,Groceries,31,13,18.01,22.985,92.52705
2024-01-05,S003-P0004,Groceries,96,382,22.93,22.985,73.1744
2024-01-06,S003-P0004,Groceries,110,312,22.83,22.985,80.62154
2024-01-07,S003-P0004,Groceries,114,213,25.63,22.985,91.62896
2024-01-08,S003-P0004,Groceries,90,101,19.12,22.985,117.890305
2024-01-09,S003-P0004,Groceries,63,440,21.54,22.985,116.65287
2024-01-10,S003-P0004,Groceries,68,376,19.78,22.985,115.43581
2024-01-11,S003-P0004,Groceries,224,327,27.59,22.985,137.03374
2024-01-12,S003-P0004,Groceries,173,98,25.79,22.985,146.99388
2024-01-13,S003-P0004,Groceries,217,0,30.49,22.985,119.315056
2024-01-14,S003-P0004,Groceries,187,792,23.62,22.985,152.00304
2024-01-15,S003-P0004,Groceries,168,585,28.49,22.985,129.9853
2024-01-16,S003-P0004,Groceries,96,466,20.52,22.985,155.39867
2024-01-17,S003-P0004,Groceries,85,364,23.27,22.985,125.838104
2024-01-18,S003-P0004,Groceries,185,288,23.8,22.985,146.34833
2024-01-19,S003-P0004,Groceries,91,168,21.37,22.985,123.12444
2024-01-20,S003-P0004,Groceries,174,79,23.13,22.985,151.27672
2024-01-21,S003-P0004,Groceries,88,528,19.99,22.985,153.88942
2024-01-22,S003-P0004,Groceries,162,432,25.22,22.985,121.19503
2024-01-23,S003-P0004,Groceries,93,292,20.47,22.985,123.3279
2024-01-24,S003-P0004,Groceries,92,220,22.69,22.985,123.35726
2024-01-25,S003-P0004,Groceries,162,591,28.02,22.985,119.16076
2024-01-26,S003-P0004,Groceries,189,452,24.06,22.985,155.41508
2024-01-27,S003-P0004,Groceries,134,320,24.5,22.985,126.25936
2024-01-28,S003-P0004,Groceries,175,239,23.19,22.985,155.23291
2024-01-29,S003-P0004,Groceries,100,634,23.24,22.985,124.88952
2024-01-30,S003-P0004,Groceries,84,552,20.93,22.985,124.99376
2023-10-03,S003-P0005,Toys,92,482,17.97,20.94,121.347595
2023-10-04,S003-P0005,Toys,92,379,22.41,20.94,92.08474
2023-10-05,S003-P0005,Toys,125,272,24.95,20.94,92.691414
2023-10-06,S003-P0005,Toys,62,161,20.16,20.94,88.44484
2023-10-07,S003-P0005,Toys,25,91,17.4,20.94,55.406094
2023-10-08,S003-P0005,Toys,46,476,19.96,20.94,46.062855
2023-10-09,S003-P0005,Toys,27,439,14.03,20.94,59.404285
2023-10-10,S003-P0005,Toys,22,409,14.57,20.94,53.241257
2023-10-11,S003-P0005,Toys,29,391,17.71,20.94,41.190044
2023-10-12,S003-P0005,Toys,14,356,14.78,20.94,48.26313
2023-10-13,S003-P0005,Toys,79,345,16.92,20.94,49.60368
2023-10-14,S003-P0005,Toys,26,274,13.8,20.94,50.66619
2023-10-15,S003-P0005,Toys,28,248,16.67,20.94,39.73302
2023-10-16,S003-P0005,Toys,23,223,13.79,20.94,47.153072
2023-10-17,S003-P0005,Toys,29,555,18.63,20.94,36.764065
2023-10-18,S003-P0005,Toys,15,521,17.49,20.94,36.433533
2023-10-19,S003-P0005,Toys,46,512,19.95,20.94,35.571915
2023-10-20,S003-P0005,Toys,27,473,16.63,20.94,34.35455
2023-10-21,S003-P0005,Toys,53,440,17.51,20.94,35.39502
2023-10-22,S003-P0005,Toys,13,394,13.17,20.94,49.51875
2023-10-23,S003-P0005,Toys,32,382,15.05,20.94,47.202053
2023-10-24,S003-P0005,Toys,13,349,13.03,20.94,43.14526
2023-10-25,S003-P0005,Toys,98,334,22.93,20.94,76.45244
2023-10-26,S003-P0005,Toys,191,263,26.91,20.94,78.585915
2023-10-27,S003-P0005,Toys,63,106,18.22,20.94,88.05755
2023-10-28,S003-P0005,Toys,55,43,18.66,20.94,88.5244
2023-10-29,S003-P0005,Toys,149,461,26.76,20.94,91.449646
2023-10-30,S003-P0005,Toys,51,985,18.35,20.94,93.528366
2023-10-31,S003-P0005,Toys,117,931,23.03,20.94,93.173454
2023-11-01,S003-P0005,Toys,165,807,22.09,20.94,125.088936
2023-11-02,S003-P0005,Toys,96,623,20.48,20.94,95.45252
2023-11-03,S003-P0005,Toys,135,562,20.56,20.94,126.96116
2023-11-04,S003-P0005,Toys,127,441,21.14,20.94,130.82439
2023-11-05,S003-P0005,Toys,165,322,22.08,20.94,130.72655
2023-11-06,S003-P0005,Toys,117,136,24.31,20.94,103.73449
2023-11-07,S003-P0005,Toys,95,600,20.4,20.94,104.24346
2023-11-08,S003-P0005,Toys,82,520,21.71,20.94,103.64236
2023-11-09,S003-P0005,Toys,45,453,19.91,20.94,102.84625
2023-11-10,S003-P0005,Toys,64,413,20.29,20.94,100.98908
2023-11-11,S003-P0005,Toys,148,351,25.34,20.94,97.8234
2023-11-12,S003-P0005,Toys,41,213,16.76,20.94,98.259254
2023-11-13,S003-P0005,Toys,61,172,16.9,20.94,125.970116
2023-11-14,S003-P0005,Toys,43,133,14.07,20.94,124.16143
2023-11-15,S003-P0005,Toys,74,619,18.98,20.94,95.88358
2023-11-16,S003-P0005,Toys,73,553,19.94,20.94,95.03588
2023-11-17,S003-P0005,Toys,67,487,18.52,20.94,91.52708
2023-11-18,S003-P0005,Toys,118,437,25.7,20.94,90.07564
2023-11-19,S003-P0005,Toys,122,344,19.76,20.94,117.607185
2023-11-20,S003-P0005,Toys,112,232,22.66,20.94,118.29365
2023-11-21,S003-P0005,Toys,71,146,20.86,20.94,93.5803
2023-11-22,S003-P0005,Toys,69,614,19.63,20.94,92.597305
2023-11-23,S003-P0005,Toys,130,559,20.26,20.94,117.862465
2023-11-24,S003-P0005,Toys,89,456,19.99,20.94,91.51263
2023-11-25,S003-P0005,Toys,100,359,17.27,20.94,116.44523
2023-11-26,S003-P0005,Toys,82,260,22.79,20.94,87.6675
2023-11-27,S003-P0005,Toys,111,763,23.89,20.94,90.13047
2023-11-28,S003-P0005,Toys,95,649,23.84,20.94,91.42095
2023-11-29,S003-P0005,Toys,98,588,20.6,20.94,90.8287
2023-11-30,S003-P0005,Toys,133,516,24.25,20.94,91.45846
2023-12-01,S003-P0005,Toys,162,375,24.85,20.94,122.00121
2023-12-02,S003-P0005,Toys,162,244,27.7,20.94,97.967
2023-12-03,S003-P0005,Toys,125,73,22.42,20.94,99.300064
2023-12-04,S003-P0005,Toys,153,530,25.68,20.94,102.47565
2023-12-05,S003-P0005,Toys,163,350,23.44,20.94,135.4922
2023-12-06,S003-P0005,Toys,68,247,21.69,20.94,112.277
2023-12-07,S003-P0005,Toys,83,171,19.57,20.94,107.7863
2023-12-08,S003-P0005,Toys,132,612,25.44,20.94,106.64581
2023-12-09,S003-P0005,Toys,89,465,21.11,20.94,106.72322
2023-12-10,S003-P0005,Toys,99,379,21.85,20.94,107.95606
2023-12-11,S003-P0005,Toys,74,314,20.04,20.94,106.66678
2023-12-12,S003-P0005,Toys,119,256,18.37,20.94,132.19662
2023-12-13,S003-P0005,Toys,63,151,20.21,20.94,101.750565
2023-12-14,S003-P0005,Toys,115,545,21.66,20.94,131.22629
2023-12-15,S003-P0005,Toys,110,434,20.22,20.94,127.048805
2023-12-16,S003-P0005,Toys,52,352,18.42,20.94,129.73978
2023-12-17,S003-P0005,Toys,123,290,20.89,20.94,122.93113
2023-12-18,S003-P0005,Toys,68,207,20.61,20.94,95.424866
2023-12-19,S003-P0005,Toys,110,657,19.07,20.94,121.79303
2023-12-20,S003-P0005,Toys,55,588,18.58,20.94,92.67569
2023-12-21,S003-P0005,Toys,68,549,20.61,20.94,97.535545
2023-12-22,S003-P0005,Toys,98,496,19.46,20.94,114.220024
2023-12-23,S003-P0005,Toys,84,411,20.77,20.94,89.36091
2023-12-24,S003-P0005,Toys,87,312,22.08,20.94,90.34506
2023-12-25,S003-P0005,Toys,93,211,21.36,20.94,88.99026
2023-12-26,S003-P0005,Toys,163,134,26.45,20.94,89.88333
2023-12-27,S003-P0005,Toys,17,0,15.09,20.94,63.036224
2023-12-28,S003-P0005,Toys,21,322,15.28,20.94,72.71583
2023-12-29,S003-P0005,Toys,29,300,16.74,20.94,43.231766
2023-12-30,S003-P0005,Toys,28,1058,16.75,20.94,43.496925
2023-12-31,S003-P0005,Toys,17,1034,17.64,20.94,38.49903
2024-01-01,S003-P0005,Toys,26,1024,16.56,20.94,35.695816
2024-01-02,S003-P0005,Toys,19,1006,16.05,20.94,39.403656
2024-01-03,S003-P0005,Toys,57,984,16.8,20.94,38.433575
2024-01-04,S003-P0005,Toys,50,934,19.28,20.94,35.00105
2024-01-05,S003-P0005,Toys,30,901,14.98,20.94,45.002365
2024-01-06,S003-P0005,Toys,38,882,17.43,20.94,36.443775
2024-01-07,S003-P0005,Toys,7,841,15.24,20.94,35.214832
2024-01-08,S003-P0005,Toys,35,836,16.29,20.94,33.556618
2024-01-09,S003-P0005,Toys,12,815,16.37,20.94,74.72427
2024-01-10,S003-P0005,Toys,130,803,22.81,20.94,69.97059
2024-01-11,S003-P0005,Toys,141,667,27.56,20.94,80.54066
2024-01-12,S003-P0005,Toys,140,564,24.8,20.94,89.54525
2024-01-13,S003-P0005,Toys,107,449,23.58,20.94,89.94729
2024-01-14,S003-P0005,Toys,122,380,22.25,20.94,97.68008
2024-01-15,S003-P0005,Toys,140,301,26.07,20.94,100.15796
2024-01-16,S003-P0005,Toys,124,703,21.12,20.94,136.2657
2024-01-17,S003-P0005,Toys,84,627,21.84,20.94,99.420296
2024-01-18,S003-P0005,Toys,113,573,24.01,20.94,101.39637
2024-01-19,S003-P0005,Toys,145,486,22.26,20.94,130.93243
2024-01-20,S003-P0005,Toys,111,322,20.3,20.94,136.38312
2024-01-21,S003-P0005,Toys,42,232,15.72,20.94,132.08118
2024-01-22,S003-P0005,Toys,128,191,25.18,20.94,99.78928
2024-01-23,S003-P0005,Toys,74,726,19.97,20.94,100.7783
2024-01-24,S003-P0005,Toys,85,656,19.73,20.94,132.50589
2024-01-25,S003-P0005,Toys,147,555,27.97,20.94,94.874405
2024-01-26,S003-P0005,Toys,86,396,16.47,20.94,128.91536
2024-01-27,S003-P0005,Toys,109,337,21.24,20.94,130.77492
2024-01-28,S003-P0005,Toys,29,256,15.89,20.94,98.64053
2024-01-29,S003-P0005,Toys,66,822,20.48,20.94,97.66732
2024-01-30,S003-P0005,Toys,130,782,25.32,20.94,90.06313
2023-10-03,S003-P0006,Toys,48,114,31.31,36.485,91.701836
2023-10-04,S003-P0006,Toys,109,108,32.88,36.485,115.684654
2023-10-05,S003-P0006,Toys,69,99,34.05,36.485,90.60578
2023-10-06,S003-P0006,Toys,123,99,42.84,36.485,88.26447
2023-10-07,S003-P0006,Toys,25,143,28.55,36.485,53.355373
2023-10-08,S003-P0006,Toys,15,128,30.33,36.485,49.019142
2023-10-09,S003-P0006,Toys,25,117,30.05,36.485,41.910686
2023-10-10,S003-P0006,Toys,32,97,27.75,36.485,51.11797
2023-10-11,S003-P0006,Toys,54,117,28.75,36.485,45.543884
2023-10-12,S003-P0006,Toys,17,114,29.04,36.485,37.033276
2023-10-13,S003-P0006,Toys,36,95,29.89,36.485,38.94364
2023-10-14,S003-P0006,Toys,19,116,22.0,36.485,48.00212
2023-10-15,S003-P0006,Toys,52,97,31.77,36.485,36.136074
2023-10-16,S003-P0006,Toys,31,113,27.56,36.485,49.554356
2023-10-17,S003-P0006,Toys,34,91,28.14,36.485,39.298077
2023-10-18,S003-P0006,Toys,10,114,22.47,36.485,48.224995
2023-10-19,S003-P0006,Toys,39,107,28.56,36.485,43.20093
2023-10-20,S003-P0006,Toys,18,129,29.09,36.485,34.860554
2023-10-21,S003-P0006,Toys,24,114,29.96,36.485,33.81027
2023-10-22,S003-P0006,Toys,21,94,24.83,36.485,41.468693
2023-10-23,S003-P0006,Toys,49,123,24.89,36.485,41.2298
2023-10-24,S003-P0006,Toys,42,143,30.56,36.485,31.686779
2023-10-25,S003-P0006,Toys,155,101,39.65,36.485,107.46145
2023-10-26,S003-P0006,Toys,96,166,41.4,36.485,82.072075
2023-10-27,S003-P0006,Toys,141,181,47.55,36.485,87.39912
2023-10-28,S003-P0006,Toys,104,187,38.38,36.485,90.517044
2023-10-29,S003-P0006,Toys,78,80,33.29,36.485,95.40802
2023-10-30,S003-P0006,Toys,113,106,41.59,36.485,91.865135
2023-10-31,S003-P0006,Toys,77,102,35.08,36.485,95.5822
2023-11-01,S003-P0006,Toys,110,103,37.12,36.485,95.5451
2023-11-02,S003-P0006,Toys,56,115,32.28,36.485,95.74614
2023-11-03,S003-P0006,Toys,89,141,36.53,36.485,92.68325
2023-11-04,S003-P0006,Toys,138,139,42.6,36.485,93.48995
2023-11-05,S003-P0006,Toys,108,191,43.13,36.485,96.38163
2023-11-06,S003-P0006,Toys,82,86,39.46,36.485,97.84732
2023-11-07,S003-P0006,Toys,88,85,40.39,36.485,97.48678
2023-11-08,S003-P0006,Toys,60,100,32.81,36.485,99.31002
2023-11-09,S003-P0006,Toys,138,123,33.62,36.485,125.052895
2023-11-10,S003-P0006,Toys,84,184,28.38,36.485,125.6418
2023-11-11,S003-P0006,Toys,154,120,49.38,36.485,94.9766
2023-11-12,S003-P0006,Toys,116,129,33.1,36.485,128.53368
2023-11-13,S003-P0006,Toys,134,189,41.93,36.485,134.36182
2023-11-14,S003-P0006,Toys,104,152,36.32,36.485,106.584984
2023-11-15,S003-P0006,Toys,156,116,40.07,36.485,134.24916
2023-11-16,S003-P0006,Toys,108,159,40.89,36.485,104.58209
2023-11-17,S003-P0006,Toys,167,152,40.98,36.485,135.66325
2023-11-18,S003-P0006,Toys,183,173,40.58,36.485,134.30893
2023-11-19,S003-P0006,Toys,103,212,38.15,36.485,112.6604
2023-11-20,S003-P0006,Toys,60,94,32.84,36.485,108.0667
2023-11-21,S003-P0006,Toys,135,95,44.5,36.485,109.6412
2023-11-22,S003-P0006,Toys,161,152,40.67,36.485,139.54002
2023-11-23,S003-P0006,Toys,70,200,35.9,36.485,110.178894
2023-11-24,S003-P0006,Toys,67,142,32.04,36.485,107.9265
2023-11-25,S003-P0006,Toys,96,141,37.23,36.485,105.05042
2023-11-26,S003-P0006,Toys,84,173,37.73,36.485,102.901726
2023-11-27,S003-P0006,Toys,95,116,29.45,36.485,129.95572
2023-11-28,S003-P0006,Toys,115,111,31.42,36.485,129.19463
2023-11-29,S003-P0006,Toys,126,128,43.33,36.485,99.572876
2023-11-30,S003-P0006,Toys,102,102,40.14,36.485,101.17427
2023-12-01,S003-P0006,Toys,118,108,37.99,36.485,103.222145
2023-12-02,S003-P0006,Toys,60,123,31.18,36.485,103.91368
2023-12-03,S003-P0006,Toys,110,136,34.98,36.485,131.15897
2023-12-04,S003-P0006,Toys,128,180,43.58,36.485,98.73347
2023-12-05,S003-P0006,Toys,59,189,32.78,36.485,104.43153
2023-12-06,S003-P0006,Toys,191,126,41.44,36.485,128.70726
2023-12-07,S003-P0006,Toys,111,203,32.62,36.485,134.70012
2023-12-08,S003-P0006,Toys,116,118,31.51,36.485,138.19609
2023-12-09,S003-P0006,Toys,155,157,42.31,36.485,132.19836
2023-12-10,S003-P0006,Toys,110,221,43.31,36.485,109.093025
2023-12-11,S003-P0006,Toys,119,108,42.4,36.485,103.643814
2023-12-12,S003-P0006,Toys,136,146,37.54,36.485,138.05771
2023-12-13,S003-P0006,Toys,123,155,40.73,36.485,107.75005
2023-12-14,S003-P0006,Toys,65,189,33.56,36.485,107.224045
2023-12-15,S003-P0006,Toys,97,142,35.38,36.485,134.70772
2023-12-16,S003-P0006,Toys,87,156,34.39,36.485,102.81441
2023-12-17,S003-P0006,Toys,138,171,40.38,36.485,132.49559
2023-12-18,S003-P0006,Toys,94,181,32.9,36.485,131.6047
2023-12-19,S003-P0006,Toys,55,71,33.95,36.485,101.650246
2023-12-20,S003-P0006,Toys,132,64,41.76,36.485,95.92991
2023-12-21,S003-P0006,Toys,173,118,39.51,36.485,130.85168
2023-12-22,S003-P0006,Toys,90,183,36.68,36.485,102.89605
2023-12-23,S003-P0006,Toys,57,93,34.31,36.485,103.01533
2023-12-24,S003-P0006,Toys,127,109,43.42,36.485,101.09765
2023-12-25,S003-P0006,Toys,75,104,32.97,36.485,103.73852
2023-12-26,S003-P0006,Toys,102,129,36.13,36.485,102.57542
2023-12-27,S003-P0006,Toys,5,170,26.06,36.485,63.17589
2023-12-28,S003-P0006,Toys,30,165,30.76,36.485,57.418495
2023-12-29,S003-P0006,Toys,33,143,29.58,36.485,47.95225
2023-12-30,S003-P0006,Toys,26,104,28.72,36.485,47.312565
2023-12-31,S003-P0006,Toys,49,75,33.23,36.485,40.0036
2024-01-01,S003-P0006,Toys,57,100,32.42,36.485,37.881145
2024-01-02,S003-P0006,Toys,41,103,25.42,36.485,57.503727
2024-01-03,S003-P0006,Toys,27,115,23.9,36.485,54.341698
2024-01-04,S003-P0006,Toys,42,86,28.9,36.485,49.437866
2024-01-05,S003-P0006,Toys,26,91,28.73,36.485,39.060276
2024-01-06,S003-P0006,Toys,7,119,29.23,36.485,41.9345
2024-01-07,S003-P0006,Toys,34,111,29.54,36.485,37.003365
2024-01-08,S003-P0006,Toys,10,79,22.51,36.485,41.88758
2024-01-09,S003-P0006,Toys,91,121,36.61,36.485,75.13857
2024-01-10,S003-P0006,Toys,100,132,39.81,36.485,77.82589
2024-01-11,S003-P0006,Toys,140,106,42.84,36.485,88.56881
2024-01-12,S003-P0006,Toys,85,117,35.92,36.485,120.20692
2024-01-13,S003-P0006,Toys,90,128,36.63,36.485,95.32201
2024-01-14,S003-P0006,Toys,46,121,31.21,36.485,93.582405
2024-01-15,S003-P0006,Toys,80,142,35.45,36.485,93.50115
2024-01-16,S003-P0006,Toys,66,123,35.47,36.485,86.820496
2024-01-17,S003-P0006,Toys,84,147,35.81,36.485,83.89384
2024-01-18,S003-P0006,Toys,85,153,34.07,36.485,83.2385
2024-01-19,S003-P0006,Toys,72,167,38.18,36.485,85.53225
2024-01-20,S003-P0006,Toys,79,87,37.14,36.485,84.201546
2024-01-21,S003-P0006,Toys,63,82,29.52,36.485,110.87673
2024-01-22,S003-P0006,Toys,114,97,43.89,36.485,82.71708
2024-01-23,S003-P0006,Toys,179,119,47.58,36.485,114.83103
2024-01-24,S003-P0006,Toys,105,181,31.96,36.485,118.87149
2024-01-25,S003-P0006,Toys,103,193,32.21,36.485,122.542175
2024-01-26,S003-P0006,Toys,120,75,38.21,36.485,88.30652
2024-01-27,S003-P0006,Toys,122,126,42.74,36.485,92.30479
2024-01-28,S003-P0006,Toys,111,137,35.1,36.485,126.42008
2024-01-29,S003-P0006,Toys,88,151,38.3,36.485,97.39061
2024-01-30,S003-P0006,Toys,147,156,48.42,36.485,97.62793
2023-10-03,S003-P0007,Groceries,132,0,17.19,16.23,111.3252
2023-10-04,S003-P0007,Groceries,116,868,18.15,16.23,108.82912
2023-10-05,S003-P0007,Groceries,111,751,17.87,16.23,111.01885
2023-10-06,S003-P0007,Groceries,187,653,15.8,16.23,141.89256
2023-10-07,S003-P0007,Groceries,58,507,12.66,16.23,101.63359
2023-10-08,S003-P0007,Groceries,78,462,14.47,16.23,80.16134
2023-10-09,S003-P0007,Groceries,105,402,17.53,16.23,74.99167
2023-10-10,S003-P0007,Groceries,65,1116,13.74,16.23,107.361755
2023-10-11,S003-P0007,Groceries,102,1070,13.2,16.23,103.46989
2023-10-12,S003-P0007,Groceries,62,969,14.38,16.23,79.98381
2023-10-13,S003-P0007,Groceries,82,899,15.41,16.23,81.366745
2023-10-14,S003-P0007,Groceries,59,838,12.77,16.23,103.030556
2023-10-15,S003-P0007,Groceries,71,802,13.36,16.23,76.74077
2023-10-16,S003-P0007,Groceries,64,754,14.46,16.23,75.49633
2023-10-17,S003-P0007,Groceries,56,700,14.75,16.23,74.795456
2023-10-18,S003-P0007,Groceries,78,646,13.71,16.23,88.71017
2023-10-19,S003-P0007,Groceries,42,561,12.56,16.23,68.169846
2023-10-20,S003-P0007,Groceries,30,530,12.63,16.23,65.05563
2023-10-21,S003-P0007,Groceries,109,508,16.02,16.23,72.33377
2023-10-22,S003-P0007,Groceries,65,440,13.06,16.23,61.03083
2023-10-23,S003-P0007,Groceries,34,390,13.53,16.23,67.08575
2023-10-24,S003-P0007,Groceries,79,369,15.26,16.23,61.619457
2023-10-25,S003-P0007,Groceries,187,789,18.88,16.23,134.8822
2023-10-26,S003-P0007,Groceries,118,648,17.36,16.23,106.66789
2023-10-27,S003-P0007,Groceries,131,535,18.07,16.23,106.818
2023-10-28,S003-P0007,Groceries,111,383,17.88,16.23,104.09681
2023-10-29,S003-P0007,Groceries,197,864,20.47,16.23,109.93674
2023-10-30,S003-P0007,Groceries,87,737,15.68,16.23,112.84258
2023-10-31,S003-P0007,Groceries,112,675,15.36,16.23,115.1763
2023-11-01,S003-P0007,Groceries,147,606,17.91,16.23,113.245964
2023-11-02,S003-P0007,Groceries,196,1343,22.71,16.23,117.35875
2023-11-03,S003-P0007,Groceries,155,1164,18.34,16.23,117.04035
2023-11-04,S003-P0007,Groceries,202,1039,20.73,16.23,123.49908
2023-11-05,S003-P0007,Groceries,218,811,17.95,16.23,154.926
2023-11-06,S003-P0007,Groceries,133,676,18.19,16.23,134.40892
2023-11-07,S003-P0007,Groceries,167,581,18.95,16.23,160.44582
2023-11-08,S003-P0007,Groceries,148,468,18.98,16.23,133.01286
2023-11-09,S003-P0007,Groceries,171,1269,19.14,16.23,129.76642
2023-11-10,S003-P0007,Groceries,160,1072,20.69,16.23,132.90703
2023-11-11,S003-P0007,Groceries,197,946,21.64,16.23,131.96236
2023-11-12,S003-P0007,Groceries,167,764,18.0,16.23,137.71805
2023-11-13,S003-P0007,Groceries,112,572,15.36,16.23,169.38872
2023-11-14,S003-P0007,Groceries,91,493,15.94,16.23,142.00005
2023-11-15,S003-P0007,Groceries,138,402,18.47,16.23,137.62366
2023-11-16,S003-P0007,Groceries,153,314,17.31,16.23,167.33833
2023-11-17,S003-P0007,Groceries,109,212,15.12,16.23,162.84215
2023-11-18,S003-P0007,Groceries,125,112,16.82,16.23,159.54787
2023-11-19,S003-P0007,Groceries,157,542,20.47,16.23,126.77837
2023-11-20,S003-P0007,Groceries,74,394,14.25,16.23,127.43406
2023-11-21,S003-P0007,Groceries,209,329,17.83,16.23,151.48077
2023-11-22,S003-P0007,Groceries,248,99,23.09,16.23,161.01065
2023-11-23,S003-P0007,Groceries,157,552,15.35,16.23,163.74088
2023-11-24,S003-P0007,Groceries,118,430,16.48,16.23,136.38158
2023-11-25,S003-P0007,Groceries,121,1057,17.54,16.23,129.99146
2023-11-26,S003-P0007,Groceries,75,950,11.31,16.23,159.53871
2023-11-27,S003-P0007,Groceries,146,878,18.87,16.23,128.33258
2023-11-28,S003-P0007,Groceries,108,769,16.01,16.23,128.86374
2023-11-29,S003-P0007,Groceries,149,688,18.11,16.23,123.62139
2023-11-30,S003-P0007,Groceries,137,556,18.41,16.23,125.91866
2023-12-01,S003-P0007,Groceries,72,449,15.67,16.23,127.67067
2023-12-02,S003-P0007,Groceries,102,396,15.64,16.23,153.49678
2023-12-03,S003-P0007,Groceries,142,784,18.67,16.23,122.40563
2023-12-04,S003-P0007,Groceries,75,683,13.54,16.23,117.93093
2023-12-05,S003-P0007,Groceries,102,638,15.69,16.23,119.41439
2023-12-06,S003-P0007,Groceries,98,575,12.23,16.23,142.51477
2023-12-07,S003-P0007,Groceries,152,475,16.32,16.23,142.93785
2023-12-08,S003-P0007,Groceries,143,375,19.69,16.23,112.82313
2023-12-09,S003-P0007,Groceries,110,232,16.02,16.23,117.28411
2023-12-10,S003-P0007,Groceries,174,136,15.27,16.23,141.55772
2023-12-11,S003-P0007,Groceries,167,503,17.89,16.23,150.85829
2023-12-12,S003-P0007,Groceries,121,356,17.55,16.23,120.31202
2023-12-13,S003-P0007,Groceries,115,277,17.22,16.23,120.88914
2023-12-14,S003-P0007,Groceries,109,804,15.22,16.23,115.33407
2023-12-15,S003-P0007,Groceries,164,704,16.85,16.23,149.12775
2023-12-16,S003-P0007,Groceries,20,584,10.17,16.23,150.02875
2023-12-17,S003-P0007,Groceries,106,571,16.73,16.23,116.16548
2023-12-18,S003-P0007,Groceries,141,495,18.61,16.23,108.629326
2023-12-19,S003-P0007,Groceries,53,1052,11.08,16.23,144.82817
2023-12-20,S003-P0007,Groceries,71,994,13.36,16.23,112.272026
2023-12-21,S003-P0007,Groceries,166,938,21.0,16.23,108.755135
2023-12-22,S003-P0007,Groceries,114,820,16.29,16.23,107.66581
2023-12-23,S003-P0007,Groceries,109,729,14.24,16.23,140.14867
2023-12-24,S003-P0007,Groceries,199,633,17.37,16.23,139.12541
2023-12-25,S003-P0007,Groceries,130,397,18.04,16.23,115.41546
2023-12-26,S003-P0007,Groceries,91,288,15.93,16.23,116.15358
2023-12-27,S003-P0007,Groceries,74,194,15.02,16.23,77.928986
2023-12-28,S003-P0007,Groceries,86,809,15.63,16.23,78.948235
2023-12-29,S003-P0007,Groceries,76,723,15.11,16.23,78.97551
2023-12-30,S003-P0007,Groceries,59,652,12.75,16.23,79.26266
2023-12-31,S003-P0007,Groceries,25,589,12.39,16.23,74.027435
2024-01-01,S003-P0007,Groceries,78,565,12.03,16.23,76.83372
2024-01-02,S003-P0007,Groceries,80,513,16.16,16.23,63.80757
2024-01-03,S003-P0007,Groceries,48,454,12.89,16.23,87.759865
2024-01-04,S003-P0007,Groceries,28,419,10.53,16.23,83.608025
2024-01-05,S003-P0007,Groceries,64,396,13.73,16.23,55.392406
2024-01-06,S003-P0007,Groceries,92,354,14.37,16.23,58.285942
2024-01-07,S003-P0007,Groceries,79,249,16.1,16.23,66.38167
2024-01-08,S003-P0007,Groceries,67,184,14.64,16.23,69.48765
2024-01-09,S003-P0007,Groceries,105,105,17.55,16.23,102.47459
2024-01-10,S003-P0007,Groceries,166,353,17.98,16.23,142.05806
2024-01-11,S003-P0007,Groceries,76,243,14.37,16.23,111.52155
2024-01-12,S003-P0007,Groceries,152,158,17.29,16.23,110.92556
2024-01-13,S003-P0007,Groceries,158,400,18.5,16.23,144.40588
2024-01-14,S003-P0007,Groceries,128,1036,17.9,16.23,118.41093
2024-01-15,S003-P0007,Groceries,143,900,18.73,16.23,115.65468
2024-01-16,S003-P0007,Groceries,131,777,14.47,16.23,147.12468
2024-01-17,S003-P0007,Groceries,75,622,14.24,16.23,144.27971
2024-01-18,S003-P0007,Groceries,99,561,14.73,16.23,114.4432
2024-01-19,S003-P0007,Groceries,81,456,14.59,16.23,109.07411
2024-01-20,S003-P0007,Groceries,162,372,16.8,16.23,140.16948
2024-01-21,S003-P0007,Groceries,87,215,14.9,16.23,105.961815
2024-01-22,S003-P0007,Groceries,65,121,14.53,16.23,112.33972
2024-01-23,S003-P0007,Groceries,65,54,14.5,16.23,104.600975
2024-01-24,S003-P0007,Groceries,56,755,13.34,16.23,103.04768
2024-01-25,S003-P0007,Groceries,145,715,16.83,16.23,120.59725
2024-01-26,S003-P0007,Groceries,83,592,14.67,16.23,95.297485
2024-01-27,S003-P0007,Groceries,162,533,16.6,16.23,125.35548
2024-01-28,S003-P0007,Groceries,123,435,18.55,16.23,99.91138
2024-01-29,S003-P0007,Groceries,113,322,16.25,16.23,102.88166
2024-01-30,S003-P0007,Groceries,114,187,17.13,16.23,107.38366
2023-10-03,S003-P0008,Clothing,37,476,83.96,111.56,99.35749
2023-10-04,S003-P0008,Clothing,120,442,111.84,111.56,119.016396
2023-10-05,S003-P0008,Clothing,116,353,123.43,111.56,94.673195
2023-10-06,S003-P0008,Clothing,138,231,138.92,111.56,93.15742
2023-10-07,S003-P0008,Clothing,85,136,100.6,111.56,62.948895
2023-10-08,S003-P0008,Clothing,96,308,91.55,111.56,85.86007
2023-10-09,S003-P0008,Clothing,66,198,98.91,111.56,65.09469
2023-10-10,S003-P0008,Clothing,88,153,107.22,111.56,64.805626
2023-10-11,S003-P0008,Clothing,72,200,106.43,111.56,72.579704
2023-10-12,S003-P0008,Clothing,88,154,101.61,111.56,92.568474
2023-10-13,S003-P0008,Clothing,88,247,101.67,111.56,76.66089
2023-10-14,S003-P0008,Clothing,70,186,106.0,111.56,77.79978
2023-10-15,S003-P0008,Clothing,94,268,115.14,111.56,78.649475
2023-10-16,S003-P0008,Clothing,63,192,97.62,111.56,76.24577
2023-10-17,S003-P0008,Clothing,55,124,95.0,111.56,81.673805
2023-10-18,S003-P0008,Clothing,133,201,103.98,111.56,92.54585
2023-10-19,S003-P0008,Clothing,114,68,110.69,111.56,103.23798
2023-10-20,S003-P0008,Clothing,92,234,102.83,111.56,76.35093
2023-10-21,S003-P0008,Clothing,151,132,123.45,111.56,105.348946
2023-10-22,S003-P0008,Clothing,91,219,108.24,111.56,84.40444
2023-10-23,S003-P0008,Clothing,148,451,121.55,111.56,108.81705
2023-10-24,S003-P0008,Clothing,123,287,126.15,111.56,88.20056
2023-10-25,S003-P0008,Clothing,77,198,108.64,111.56,115.1282
2023-10-26,S003-P0008,Clothing,128,372,121.45,111.56,116.745155
2023-10-27,S003-P0008,Clothing,144,239,113.27,111.56,146.36412
2023-10-28,S003-P0008,Clothing,126,106,114.83,111.56,113.56381
2023-10-29,S003-P0008,Clothing,110,338,109.27,111.56,112.61518
2023-10-30,S003-P0008,Clothing,98,254,116.76,111.56,112.267006
2023-10-31,S003-P0008,Clothing,118,173,111.89,111.56,112.83322
2023-11-01,S003-P0008,Clothing,86,307,106.26,111.56,113.601234
2023-11-02,S003-P0008,Clothing,94,215,109.31,111.56,111.25068
2023-11-03,S003-P0008,Clothing,169,148,122.39,111.56,138.54543
2023-11-04,S003-P0008,Clothing,122,208,119.13,111.56,109.61854
2023-11-05,S003-P0008,Clothing,110,401,102.18,111.56,141.86987
2023-11-06,S003-P0008,Clothing,135,328,130.92,111.56,111.26192
2023-11-07,S003-P0008,Clothing,91,205,113.85,111.56,112.49271
2023-11-08,S003-P0008,Clothing,58,372,101.37,111.56,110.86124
2023-11-09,S003-P0008,Clothing,87,310,94.72,111.56,139.22011
2023-11-10,S003-P0008,Clothing,76,243,91.2,111.56,137.5168
2023-11-11,S003-P0008,Clothing,118,176,130.94,111.56,101.937325
2023-11-12,S003-P0008,Clothing,160,85,119.51,111.56,132.92937
2023-11-13,S003-P0008,Clothing,77,275,103.01,111.56,133.2948
2023-11-14,S003-P0008,Clothing,40,572,84.89,111.56,107.28296
2023-11-15,S003-P0008,Clothing,190,529,151.97,111.56,101.45049
2023-11-16,S003-P0008,Clothing,131,346,122.48,111.56,105.38099
2023-11-17,S003-P0008,Clothing,79,206,86.17,111.56,135.97678
2023-11-18,S003-P0008,Clothing,100,151,92.64,111.56,133.9846
2023-11-19,S003-P0008,Clothing,108,204,114.11,111.56,104.679306
2023-11-20,S003-P0008,Clothing,113,125,109.6,111.56,133.46773
2023-11-21,S003-P0008,Clothing,90,257,107.4,111.56,103.51114
2023-11-22,S003-P0008,Clothing,97,161,110.22,111.56,103.19247
2023-11-23,S003-P0008,Clothing,95,82,121.64,111.56,101.59103
2023-11-24,S003-P0008,Clothing,113,185,103.98,111.56,129.88539
2023-11-25,S003-P0008,Clothing,128,250,128.19,111.56,100.14771
2023-11-26,S003-P0008,Clothing,81,161,109.94,111.56,99.60752
2023-11-27,S003-P0008,Clothing,57,332,95.94,111.56,99.6274
2023-11-28,S003-P0008,Clothing,77,264,114.44,111.56,99.814095
2023-11-29,S003-P0008,Clothing,89,197,113.35,111.56,97.19657
2023-11-30,S003-P0008,Clothing,115,133,129.62,111.56,94.01014
2023-12-01,S003-P0008,Clothing,71,209,106.2,111.56,94.45239
2023-12-02,S003-P0008,Clothing,128,133,121.46,111.56,94.153275
2023-12-03,S003-P0008,Clothing,106,177,119.79,111.56,98.804955
2023-12-04,S003-P0008,Clothing,197,356,146.5,111.56,125.966515
2023-12-05,S003-P0008,Clothing,83,222,87.39,111.56,132.08563
2023-12-06,S003-P0008,Clothing,108,568,108.44,111.56,105.51688
2023-12-07,S003-P0008,Clothing,124,497,126.82,111.56,102.0456
2023-12-08,S003-P0008,Clothing,54,371,104.96,111.56,105.89516
2023-12-09,S003-P0008,Clothing,102,309,124.32,111.56,101.96494
2023-12-10,S003-P0008,Clothing,114,226,110.41,111.56,102.267845
2023-12-11,S003-P0008,Clothing,72,94,112.38,111.56,101.69674
2023-12-12,S003-P0008,Clothing,151,252,109.6,111.56,127.874725
2023-12-13,S003-P0008,Clothing,85,109,105.86,111.56,100.077614
2023-12-14,S003-P0008,Clothing,166,384,107.25,111.56,131.8179
2023-12-15,S003-P0008,Clothing,192,230,128.81,111.56,132.90063
2023-12-16,S003-P0008,Clothing,64,472,108.83,111.56,111.74926
2023-12-17,S003-P0008,Clothing,104,427,100.0,111.56,134.10219
2023-12-18,S003-P0008,Clothing,106,356,126.02,111.56,102.77454
2023-12-19,S003-P0008,Clothing,135,273,124.51,111.56,106.35402
2023-12-20,S003-P0008,Clothing,224,171,123.78,111.56,136.2798
2023-12-21,S003-P0008,Clothing,150,322,136.5,111.56,113.4481
2023-12-22,S003-P0008,Clothing,135,565,111.3,111.56,143.10742
2023-12-23,S003-P0008,Clothing,159,447,110.68,111.56,145.55667
2023-12-24,S003-P0008,Clothing,133,340,137.13,111.56,122.13073
2023-12-25,S003-P0008,Clothing,103,203,106.71,111.56,116.363304
2023-12-26,S003-P0008,Clothing,112,133,109.08,111.56,147.78809
2023-12-27,S003-P0008,Clothing,53,253,89.46,111.56,83.22547
2023-12-28,S003-P0008,Clothing,77,191,108.73,111.56,74.89512
2023-12-29,S003-P0008,Clothing,103,102,118.64,111.56,72.401276
2023-12-30,S003-P0008,Clothing,128,191,121.68,111.56,78.64799
2023-12-31,S003-P0008,Clothing,178,234,139.54,111.56,90.232
2024-01-01,S003-P0008,Clothing,38,49,88.45,111.56,100.86504
2024-01-02,S003-P0008,Clothing,120,430,125.01,111.56,100.84308
2024-01-03,S003-P0008,Clothing,115,315,97.25,111.56,114.39532
2024-01-04,S003-P0008,Clothing,121,228,100.32,111.56,120.61294
2024-01-05,S003-P0008,Clothing,212,135,136.49,111.56,115.76276
2024-01-06,S003-P0008,Clothing,189,276,151.72,111.56,109.343315
2024-01-07,S003-P0008,Clothing,93,443,108.6,111.56,109.828735
2024-01-08,S003-P0008,Clothing,191,385,152.28,111.56,110.58226
2024-01-09,S003-P0008,Clothing,93,196,108.51,111.56,171.8238
2024-01-10,S003-P0008,Clothing,118,507,130.93,111.56,139.6056
2024-01-11,S003-P0008,Clothing,107,428,95.93,111.56,164.5234
2024-01-12,S003-P0008,Clothing,75,305,102.46,111.56,129.99269
2024-01-13,S003-P0008,Clothing,168,239,136.34,111.56,126.76142
2024-01-14,S003-P0008,Clothing,111,59,115.33,111.56,127.41854
2024-01-15,S003-P0008,Clothing,129,275,122.23,111.56,127.781204
2024-01-16,S003-P0008,Clothing,120,168,105.36,111.56,157.29826
2024-01-17,S003-P0008,Clothing,155,326,116.7,111.56,154.06564
2024-01-18,S003-P0008,Clothing,50,171,98.21,111.56,123.35356
2024-01-19,S003-P0008,Clothing,106,424,125.9,111.56,119.55287
2024-01-20,S003-P0008,Clothing,116,337,123.62,111.56,117.03229
2024-01-21,S003-P0008,Clothing,107,214,113.92,111.56,118.68325
2024-01-22,S003-P0008,Clothing,122,140,119.74,111.56,119.00652
2024-01-23,S003-P0008,Clothing,88,207,84.54,111.56,148.20023
2024-01-24,S003-P0008,Clothing,187,374,120.7,111.56,147.14342
2024-01-25,S003-P0008,Clothing,109,156,114.87,111.56,117.02327
2024-01-26,S003-P0008,Clothing,135,379,130.97,111.56,121.320526
2024-01-27,S003-P0008,Clothing,149,233,115.85,111.56,150.33983
2024-01-28,S003-P0008,Clothing,74,102,107.28,111.56,120.03482
2024-01-29,S003-P0008,Clothing,166,322,150.24,111.56,117.43337
2024-01-30,S003-P0008,Clothing,114,170,116.51,111.56,119.45986
2023-10-03,S003-P0009,Groceries,42,198,37.63,53.78,146.27545
2023-10-04,S003-P0009,Groceries,144,158,62.44,53.78,114.845406
2023-10-05,S003-P0009,Groceries,81,163,53.93,53.78,114.753586
2023-10-06,S003-P0009,Groceries,147,104,63.05,53.78,109.77588
2023-10-07,S003-P0009,Groceries,92,161,47.85,53.78,78.43439
2023-10-08,S003-P0009,Groceries,87,54,49.49,53.78,106.998314
2023-10-09,S003-P0009,Groceries,51,71,43.54,53.78,79.84513
2023-10-10,S003-P0009,Groceries,96,68,56.78,53.78,74.33561
2023-10-11,S003-P0009,Groceries,61,113,47.64,53.78,79.649796
2023-10-12,S003-P0009,Groceries,97,44,51.32,53.78,78.82203
2023-10-13,S003-P0009,Groceries,30,88,39.9,53.78,87.330055
2023-10-14,S003-P0009,Groceries,67,52,41.43,53.78,94.592766
2023-10-15,S003-P0009,Groceries,77,64,47.79,53.78,71.722
2023-10-16,S003-P0009,Groceries,70,71,46.63,53.78,73.69298
2023-10-17,S003-P0009,Groceries,59,97,42.51,53.78,74.39523
2023-10-18,S003-P0009,Groceries,82,106,38.53,53.78,88.64006
2023-10-19,S003-P0009,Groceries,46,120,47.26,53.78,70.638916
2023-10-20,S003-P0009,Groceries,61,75,50.19,53.78,67.49676
2023-10-21,S003-P0009,Groceries,111,102,42.36,53.78,85.90366
2023-10-22,S003-P0009,Groceries,92,136,50.38,53.78,66.483574
2023-10-23,S003-P0009,Groceries,129,39,50.4,53.78,100.94195
2023-10-24,S003-P0009,Groceries,82,153,46.19,53.78,79.17499
2023-10-25,S003-P0009,Groceries,163,68,65.84,53.78,109.163605
2023-10-26,S003-P0009,Groceries,185,133,59.39,53.78,150.57622
2023-10-27,S003-P0009,Groceries,169,195,56.41,53.78,144.80217
2023-10-28,S003-P0009,Groceries,147,201,53.57,53.78,150.211
2023-10-29,S003-P0009,Groceries,171,25,70.87,53.78,116.68952
2023-10-30,S003-P0009,Groceries,107,148,52.84,53.78,121.08683
2023-10-31,S003-P0009,Groceries,120,78,55.33,53.78,118.886406
2023-11-01,S003-P0009,Groceries,95,127,51.05,53.78,119.52619
2023-11-02,S003-P0009,Groceries,148,141,53.28,53.78,147.11247
2023-11-03,S003-P0009,Groceries,158,203,48.68,53.78,146.86362
2023-11-04,S003-P0009,Groceries,115,78,51.31,53.78,147.40927
2023-11-05,S003-P0009,Groceries,133,124,54.46,53.78,117.60849
2023-11-06,S003-P0009,Groceries,119,154,61.08,53.78,117.27271
2023-11-07,S003-P0009,Groceries,141,195,62.02,53.78,117.63717
2023-11-08,S003-P0009,Groceries,111,40,42.43,53.78,148.18385
2023-11-09,S003-P0009,Groceries,172,94,63.99,53.78,119.76542
2023-11-10,S003-P0009,Groceries,121,160,58.29,53.78,118.68177
2023-11-11,S003-P0009,Groceries,185,148,73.53,53.78,121.30451
2023-11-12,S003-P0009,Groceries,101,207,49.24,53.78,123.126114
2023-11-13,S003-P0009,Groceries,108,129,50.5,53.78,158.86359
2023-11-14,S003-P0009,Groceries,188,131,55.57,53.78,153.94283
2023-11-15,S003-P0009,Groceries,190,191,67.03,53.78,129.73033
2023-11-16,S003-P0009,Groceries,126,224,59.26,53.78,127.004326
2023-11-17,S003-P0009,Groceries,39,143,43.7,53.78,129.253
2023-11-18,S003-P0009,Groceries,155,102,50.89,53.78,153.7914
2023-11-19,S003-P0009,Groceries,181,149,72.81,53.78,124.10439
2023-11-20,S003-P0009,Groceries,133,195,60.57,53.78,124.91057
2023-11-21,S003-P0009,Groceries,108,63,47.62,53.78,154.41551
2023-11-22,S003-P0009,Groceries,100,87,49.17,53.78,123.403206
2023-11-23,S003-P0009,Groceries,138,115,55.21,53.78,125.56043
2023-11-24,S003-P0009,Groceries,90,179,47.53,53.78,122.19506
2023-11-25,S003-P0009,Groceries,144,115,46.85,53.78,152.0282
2023-11-26,S003-P0009,Groceries,89,161,52.58,53.78,117.77944
2023-11-27,S003-P0009,Groceries,109,87,56.21,53.78,121.2747
2023-11-28,S003-P0009,Groceries,172,112,63.95,53.78,146.81334
2023-11-29,S003-P0009,Groceries,204,183,65.95,53.78,119.03124
2023-11-30,S003-P0009,Groceries,91,185,55.76,53.78,120.807076
2023-12-01,S003-P0009,Groceries,83,80,43.76,53.78,152.1187
2023-12-02,S003-P0009,Groceries,94,95,50.63,53.78,120.87274
2023-12-03,S003-P0009,Groceries,169,142,50.15,53.78,148.18866
2023-12-04,S003-P0009,Groceries,162,215,51.83,53.78,145.56485
2023-12-05,S003-P0009,Groceries,118,117,57.84,53.78,120.88753
2023-12-06,S003-P0009,Groceries,265,129,75.3,53.78,144.5818
2023-12-07,S003-P0009,Groceries,179,301,72.37,53.78,123.809105
2023-12-08,S003-P0009,Groceries,183,129,62.52,53.78,129.52754
2023-12-09,S003-P0009,Groceries,140,195,55.5,53.78,129.32158
2023-12-10,S003-P0009,Groceries,165,92,66.18,53.78,134.3554
2023-12-11,S003-P0009,Groceries,167,175,63.08,53.78,132.73581
2023-12-12,S003-P0009,Groceries,150,189,47.72,53.78,166.98773
2023-12-13,S003-P0009,Groceries,239,208,75.36,53.78,165.90388
2023-12-14,S003-P0009,Groceries,130,198,63.15,53.78,138.4827
2023-12-15,S003-P0009,Groceries,97,58,48.6,53.78,137.86708
2023-12-16,S003-P0009,Groceries,69,108,48.96,53.78,136.38216
2023-12-17,S003-P0009,Groceries,172,117,50.61,53.78,160.25258
2023-12-18,S003-P0009,Groceries,152,161,47.93,53.78,160.24449
2023-12-19,S003-P0009,Groceries,106,217,52.87,53.78,132.0251
2023-12-20,S003-P0009,Groceries,113,96,59.83,53.78,125.75693
2023-12-21,S003-P0009,Groceries,116,103,48.43,53.78,157.51501
2023-12-22,S003-P0009,Groceries,70,127,49.24,53.78,124.89707
2023-12-23,S003-P0009,Groceries,126,76,56.31,53.78,123.82958
2023-12-24,S003-P0009,Groceries,125,134,55.94,53.78,119.429665
2023-12-25,S003-P0009,Groceries,60,153,47.45,53.78,119.64446
2023-12-26,S003-P0009,Groceries,203,90,58.39,53.78,146.63551
2023-12-27,S003-P0009,Groceries,39,165,39.27,53.78,87.69659
2023-12-28,S003-P0009,Groceries,59,129,44.82,53.78,91.83819
2023-12-29,S003-P0009,Groceries,92,77,53.2,53.78,73.66753
2023-12-30,S003-P0009,Groceries,76,98,50.27,53.78,82.95843
2023-12-31,S003-P0009,Groceries,68,121,48.85,53.78,84.32113
2024-01-01,S003-P0009,Groceries,86,50,54.8,53.78,79.70433
2024-01-02,S003-P0009,Groceries,59,83,35.45,53.78,101.810776
2024-01-03,S003-P0009,Groceries,73,106,49.75,53.78,78.01241
2024-01-04,S003-P0009,Groceries,49,96,45.54,53.78,75.81931
2024-01-05,S003-P0009,Groceries,69,62,44.11,53.78,69.59829
2024-01-06,S003-P0009,Groceries,57,66,42.24,53.78,86.738106
2024-01-07,S003-P0009,Groceries,40,66,41.48,53.78,68.22512
2024-01-08,S003-P0009,Groceries,47,88,47.4,53.78,59.121994
2024-01-09,S003-P0009,Groceries,138,47,58.2,53.78,127.8231
2024-01-10,S003-P0009,Groceries,88,164,49.63,53.78,98.92521
2024-01-11,S003-P0009,Groceries,175,107,64.37,53.78,133.47304
2024-01-12,S003-P0009,Groceries,106,155,50.16,53.78,106.21705
2024-01-13,S003-P0009,Groceries,102,45,54.94,53.78,108.76183
2024-01-14,S003-P0009,Groceries,81,105,46.0,53.78,105.80567
2024-01-15,S003-P0009,Groceries,131,85,63.32,53.78,109.12058
2024-01-16,S003-P0009,Groceries,110,143,53.49,53.78,137.50847
2024-01-17,S003-P0009,Groceries,161,156,55.18,53.78,135.54631
2024-01-18,S003-P0009,Groceries,24,197,43.07,53.78,103.51346
2024-01-19,S003-P0009,Groceries,128,176,59.61,53.78,106.17571
2024-01-20,S003-P0009,Groceries,106,72,49.75,53.78,135.92085
2024-01-21,S003-P0009,Groceries,133,98,54.39,53.78,138.29858
2024-01-22,S003-P0009,Groceries,106,124,55.7,53.78,102.98194
2024-01-23,S003-P0009,Groceries,121,98,52.59,53.78,105.053955
2024-01-24,S003-P0009,Groceries,193,127,59.98,53.78,135.96544
2024-01-25,S003-P0009,Groceries,180,159,68.95,53.78,109.637764
2024-01-26,S003-P0009,Groceries,94,201,50.76,53.78,110.65763
2024-01-27,S003-P0009,Groceries,164,97,59.53,53.78,145.3088
2024-01-28,S003-P0009,Groceries,103,146,55.11,53.78,113.18737
2024-01-29,S003-P0009,Groceries,138,40,61.48,53.78,117.61048
2024-01-30,S003-P0009,Groceries,151,123,63.68,53.78,113.4905
2023-10-03,S003-P0010,Groceries,103,112,37.67,38.805,142.86856
2023-10-04,S003-P0010,Groceries,153,157,39.0,38.805,144.36212
2023-10-05,S003-P0010,Groceries,91,187,40.28,38.805,113.11903
2023-10-06,S003-P0010,Groceries,180,89,47.32,38.805,109.06416
2023-10-07,S003-P0010,Groceries,67,209,31.64,38.805,104.24725
2023-10-08,S003-P0010,Groceries,57,140,35.59,38.805,83.12486
2023-10-09,S003-P0010,Groceries,53,85,31.64,38.805,72.13363
2023-10-10,S003-P0010,Groceries,61,100,32.63,38.805,70.88935
2023-10-11,S003-P0010,Groceries,70,106,37.36,38.805,67.406136
2023-10-12,S003-P0010,Groceries,85,134,35.49,38.805,91.749115
2023-10-13,S003-P0010,Groceries,101,149,39.57,38.805,74.0622
2023-10-14,S003-P0010,Groceries,80,165,31.04,38.805,105.296974
2023-10-15,S003-P0010,Groceries,62,103,36.38,38.805,78.534485
2023-10-16,S003-P0010,Groceries,105,103,38.1,38.805,75.75769
2023-10-17,S003-P0010,Groceries,31,118,27.48,38.805,82.602615
2023-10-18,S003-P0010,Groceries,78,86,34.72,38.805,75.44024
2023-10-19,S003-P0010,Groceries,113,104,34.94,38.805,93.64643
2023-10-20,S003-P0010,Groceries,97,121,41.1,38.805,75.526085
2023-10-21,S003-P0010,Groceries,92,134,36.36,38.805,104.825584
2023-10-22,S003-P0010,Groceries,125,127,31.99,38.805,104.29961
2023-10-23,S003-P0010,Groceries,63,181,32.95,38.805,80.159325
2023-10-24,S003-P0010,Groceries,58,126,34.02,38.805,82.407616
2023-10-25,S003-P0010,Groceries,111,79,40.84,38.805,109.40207
2023-10-26,S003-P0010,Groceries,137,130,39.76,38.805,110.29484
2023-10-27,S003-P0010,Groceries,134,151,46.15,38.805,107.221664
2023-10-28,S003-P0010,Groceries,121,117,39.94,38.805,138.4297
2023-10-29,S003-P0010,Groceries,160,138,47.21,38.805,109.69508
2023-10-30,S003-P0010,Groceries,157,145,42.09,38.805,111.680145
2023-10-31,S003-P0010,Groceries,116,164,41.55,38.805,113.83398
2023-11-01,S003-P0010,Groceries,99,185,37.24,38.805,114.760925
2023-11-02,S003-P0010,Groceries,111,93,32.72,38.805,145.69316
2023-11-03,S003-P0010,Groceries,153,134,48.68,38.805,113.87644
2023-11-04,S003-P0010,Groceries,270,142,54.98,38.805,148.05629
2023-11-05,S003-P0010,Groceries,78,304,36.62,38.805,121.518105
2023-11-06,S003-P0010,Groceries,70,210,35.54,38.805,123.169205
2023-11-07,S003-P0010,Groceries,90,161,34.33,38.805,146.48886
2023-11-08,S003-P0010,Groceries,204,62,41.74,38.805,151.57787
2023-11-09,S003-P0010,Groceries,133,219,39.07,38.805,149.7101
2023-11-10,S003-P0010,Groceries,131,107,43.41,38.805,120.437935
2023-11-11,S003-P0010,Groceries,219,138,51.95,38.805,114.8527
2023-11-12,S003-P0010,Groceries,130,206,36.83,38.805,160.69717
2023-11-13,S003-P0010,Groceries,136,105,41.72,38.805,126.239815
2023-11-14,S003-P0010,Groceries,69,121,31.82,38.805,127.35786
2023-11-15,S003-P0010,Groceries,174,114,39.21,38.805,151.46468
2023-11-16,S003-P0010,Groceries,125,141,40.37,38.805,126.06521
2023-11-17,S003-P0010,Groceries,100,101,37.49,38.805,125.73229
2023-11-18,S003-P0010,Groceries,171,105,48.58,38.805,120.01403
2023-11-19,S003-P0010,Groceries,200,199,49.59,38.805,156.07895
2023-11-20,S003-P0010,Groceries,76,186,38.19,38.805,127.88938
2023-11-21,S003-P0010,Groceries,139,121,40.06,38.805,127.98767
2023-11-22,S003-P0010,Groceries,204,149,44.53,38.805,157.1191
2023-11-23,S003-P0010,Groceries,69,185,33.51,38.805,157.6559
2023-11-24,S003-P0010,Groceries,116,111,41.51,38.805,126.93504
2023-11-25,S003-P0010,Groceries,125,97,40.58,38.805,123.934
2023-11-26,S003-P0010,Groceries,48,131,32.64,38.805,121.367775
2023-11-27,S003-P0010,Groceries,152,84,43.72,38.805,116.94344
2023-11-28,S003-P0010,Groceries,131,180,41.15,38.805,121.96023
2023-11-29,S003-P0010,Groceries,125,206,40.38,38.805,120.5473
2023-11-30,S003-P0010,Groceries,85,124,33.74,38.805,121.05041
2023-12-01,S003-P0010,Groceries,161,137,44.89,38.805,119.195946
2023-12-02,S003-P0010,Groceries,100,178,37.46,38.805,123.00913
2023-12-03,S003-P0010,Groceries,118,110,41.75,38.805,121.7159
2023-12-04,S003-P0010,Groceries,131,124,41.25,38.805,120.51105
2023-12-05,S003-P0010,Groceries,97,169,38.99,38.805,121.36419
2023-12-06,S003-P0010,Groceries,182,100,52.7,38.805,119.4643
2023-12-07,S003-P0010,Groceries,109,189,42.68,38.805,125.51597
2023-12-08,S003-P0010,Groceries,176,68,38.86,38.805,152.93806
2023-12-09,S003-P0010,Groceries,108,152,32.33,38.805,155.34575
2023-12-10,S003-P0010,Groceries,146,152,34.04,38.805,158.13666
2023-12-11,S003-P0010,Groceries,77,128,27.32,38.805,151.65263
2023-12-12,S003-P0010,Groceries,129,137,41.01,38.805,123.78009
2023-12-13,S003-P0010,Groceries,144,178,40.58,38.805,116.11006
2023-12-14,S003-P0010,Groceries,79,191,33.05,38.805,122.9327
2023-12-15,S003-P0010,Groceries,51,113,33.03,38.805,118.26794
2023-12-16,S003-P0010,Groceries,52,131,29.87,38.805,113.10537
2023-12-17,S003-P0010,Groceries,106,88,34.17,38.805,130.31071
2023-12-18,S003-P0010,Groceries,100,130,31.58,38.805,135.41638
2023-12-19,S003-P0010,Groceries,38,164,33.01,38.805,102.453224
2023-12-20,S003-P0010,Groceries,224,135,47.14,38.805,124.76885
2023-12-21,S003-P0010,Groceries,181,200,52.57,38.805,101.87788
2023-12-22,S003-P0010,Groceries,104,160,37.83,38.805,113.92809
2023-12-23,S003-P0010,Groceries,84,160,35.38,38.805,111.893654
2023-12-24,S003-P0010,Groceries,207,90,39.94,38.805,141.74364
2023-12-25,S003-P0010,Groceries,4,197,24.33,38.805,145.77277
2023-12-26,S003-P0010,Groceries,172,193,48.68,38.805,117.521324
2023-12-27,S003-P0010,Groceries,96,236,32.75,38.805,95.96978
2023-12-28,S003-P0010,Groceries,123,162,40.29,38.805,95.3157
2023-12-29,S003-P0010,Groceries,66,188,33.18,38.805,89.63575
2023-12-30,S003-P0010,Groceries,86,113,39.66,38.805,96.03095
2023-12-31,S003-P0010,Groceries,95,155,38.83,38.805,81.60232
2024-01-01,S003-P0010,Groceries,94,168,30.53,38.805,107.973015
2024-01-02,S003-P0010,Groceries,52,81,33.26,38.805,85.4052
2024-01-03,S003-P0010,Groceries,58,78,32.32,38.805,77.17825
2024-01-04,S003-P0010,Groceries,45,97,30.61,38.805,86.674225
2024-01-05,S003-P0010,Groceries,193,109,48.76,38.805,78.88288
2024-01-06,S003-P0010,Groceries,75,209,38.05,38.805,84.437
2024-01-07,S003-P0010,Groceries,68,123,30.04,38.805,110.59935
2024-01-08,S003-P0010,Groceries,56,133,33.67,38.805,76.26023
2024-01-09,S003-P0010,Groceries,161,71,44.78,38.805,110.01736
2024-01-10,S003-P0010,Groceries,186,181,39.92,38.805,148.5064
2024-01-11,S003-P0010,Groceries,124,257,40.35,38.805,121.15882
2024-01-12,S003-P0010,Groceries,116,122,39.43,38.805,119.667366
2024-01-13,S003-P0010,Groceries,107,127,40.35,38.805,123.39399
2024-01-14,S003-P0010,Groceries,114,126,41.18,38.805,124.531296
2024-01-15,S003-P0010,Groceries,119,129,39.73,38.805,117.986404
2024-01-16,S003-P0010,Groceries,142,184,35.41,38.805,149.05197
2024-01-17,S003-P0010,Groceries,98,252,35.31,38.805,148.8931
2024-01-18,S003-P0010,Groceries,122,180,40.08,38.805,115.30463
2024-01-19,S003-P0010,Groceries,116,192,43.73,38.805,114.56737
2024-01-20,S003-P0010,Groceries,58,95,34.03,38.805,114.94996
2024-01-21,S003-P0010,Groceries,77,87,32.77,38.805,142.09239
2024-01-22,S003-P0010,Groceries,94,99,36.78,38.805,108.84753
2024-01-23,S003-P0010,Groceries,96,148,36.99,38.805,105.85906
2024-01-24,S003-P0010,Groceries,228,159,44.21,38.805,131.30078
2024-01-25,S003-P0010,Groceries,90,195,40.17,38.805,108.02602
2024-01-26,S003-P0010,Groceries,18,132,28.88,38.805,112.46126
2024-01-27,S003-P0010,Groceries,137,120,37.63,38.805,130.40154
2024-01-28,S003-P0010,Groceries,104,151,35.91,38.805,105.1824
2024-01-29,S003-P0010,Groceries,94,135,34.81,38.805,106.43281
2024-01-30,S003-P0010,Groceries,132,111,45.8,38.805,109.107475
2023-10-03,S003-P0011,Electronics,107,356,128.63,118.72,100.26599
2023-10-04,S003-P0011,Electronics,65,239,100.22,118.72,100.61103
2023-10-05,S003-P0011,Electronics,204,193,168.65,118.72,98.68285
2023-10-06,S003-P0011,Electronics,51,60,105.59,118.72,104.33672
2023-10-07,S003-P0011,Electronics,49,399,99.08,118.72,94.44421
2023-10-08,S003-P0011,Electronics,72,355,96.25,118.72,74.17944
2023-10-09,S003-P0011,Electronics,38,280,100.23,118.72,61.922253
2023-10-10,S003-P0011,Electronics,158,255,112.16,118.72,73.361145
2023-10-11,S003-P0011,Electronics,35,102,88.95,118.72,67.40467
2023-10-12,S003-P0011,Electronics,51,336,79.25,118.72,86.67404
2023-10-13,S003-P0011,Electronics,64,283,116.5,118.72,62.981052
2023-10-14,S003-P0011,Electronics,54,208,96.2,118.72,67.43426
2023-10-15,S003-P0011,Electronics,49,159,104.55,118.72,65.60854
2023-10-16,S003-P0011,Electronics,62,115,104.13,118.72,60.383175
2023-10-17,S003-P0011,Electronics,148,148,137.69,118.72,81.30389
2023-10-18,S003-P0011,Electronics,75,47,121.24,118.72,73.8504
2023-10-19,S003-P0011,Electronics,78,268,92.21,118.72,98.39188
2023-10-20,S003-P0011,Electronics,56,213,101.87,118.72,67.73837
2023-10-21,S003-P0011,Electronics,99,150,118.52,118.72,86.29662
2023-10-22,S003-P0011,Electronics,78,72,110.56,118.72,72.42729
2023-10-23,S003-P0011,Electronics,64,237,99.28,118.72,95.20341
2023-10-24,S003-P0011,Electronics,57,181,113.73,118.72,72.0655
2023-10-25,S003-P0011,Electronics,177,115,149.43,118.72,100.80021
2023-10-26,S003-P0011,Electronics,99,0,106.59,118.72,146.90146
2023-10-27,S003-P0011,Electronics,77,376,109.88,118.72,109.02725
2023-10-28,S003-P0011,Electronics,114,314,131.65,118.72,107.66948
2023-10-29,S003-P0011,Electronics,41,190,106.62,118.72,104.236855
2023-10-30,S003-P0011,Electronics,84,147,112.65,118.72,106.20895
2023-10-31,S003-P0011,Electronics,134,77,132.88,118.72,100.06305
2023-11-01,S003-P0011,Electronics,93,156,116.36,118.72,99.4454
2023-11-02,S003-P0011,Electronics,142,383,135.38,118.72,99.56791
2023-11-03,S003-P0011,Electronics,108,222,128.84,118.72,105.26368
2023-11-04,S003-P0011,Electronics,151,110,115.72,118.72,132.81395
2023-11-05,S003-P0011,Electronics,145,215,144.13,118.72,106.90269
2023-11-06,S003-P0011,Electronics,181,316,142.3,118.72,140.08994
2023-11-07,S003-P0011,Electronics,104,190,127.19,118.72,112.88114
2023-11-08,S003-P0011,Electronics,113,418,117.83,118.72,110.8066
2023-11-09,S003-P0011,Electronics,76,318,115.58,118.72,111.018456
2023-11-10,S003-P0011,Electronics,139,254,141.86,118.72,110.77197
2023-11-11,S003-P0011,Electronics,190,164,130.25,118.72,143.45491
2023-11-12,S003-P0011,Electronics,48,305,104.14,118.72,112.79137
2023-11-13,S003-P0011,Electronics,104,275,127.13,118.72,114.84351
2023-11-14,S003-P0011,Electronics,150,161,146.2,118.72,112.35274
2023-11-15,S003-P0011,Electronics,98,42,105.27,118.72,147.4051
2023-11-16,S003-P0011,Electronics,100,258,132.43,118.72,111.89364
2023-11-17,S003-P0011,Electronics,188,139,129.48,118.72,138.84174
2023-11-18,S003-P0011,Electronics,56,168,90.7,118.72,141.88234
2023-11-19,S003-P0011,Electronics,122,463,134.75,118.72,111.03822
2023-11-20,S003-P0011,Electronics,109,346,116.59,118.72,110.96308
2023-11-21,S003-P0011,Electronics,84,227,106.49,118.72,140.92625
2023-11-22,S003-P0011,Electronics,138,166,127.13,118.72,108.04299
2023-11-23,S003-P0011,Electronics,77,211,110.32,118.72,110.93894
2023-11-24,S003-P0011,Electronics,136,453,110.79,118.72,138.87883
2023-11-25,S003-P0011,Electronics,127,353,122.41,118.72,137.33653
2023-11-26,S003-P0011,Electronics,123,209,127.98,118.72,139.48877
2023-11-27,S003-P0011,Electronics,96,129,117.92,118.72,109.316734
2023-11-28,S003-P0011,Electronics,92,289,122.38,118.72,108.35206
2023-11-29,S003-P0011,Electronics,142,201,128.74,118.72,103.8482
2023-11-30,S003-P0011,Electronics,140,108,134.88,118.72,105.80419
2023-12-01,S003-P0011,Electronics,199,341,141.57,118.72,137.83386
2023-12-02,S003-P0011,Electronics,105,214,127.71,118.72,112.816414
2023-12-03,S003-P0011,Electronics,156,569,148.73,118.72,113.0648
2023-12-04,S003-P0011,Electronics,94,423,103.68,118.72,143.54404
2023-12-05,S003-P0011,Electronics,59,351,108.75,118.72,117.16088
2023-12-06,S003-P0011,Electronics,215,292,147.23,118.72,135.51945
2023-12-07,S003-P0011,Electronics,169,58,121.71,118.72,144.78406
2023-12-08,S003-P0011,Electronics,120,413,140.97,118.72,117.66996
2023-12-09,S003-P0011,Electronics,69,313,84.68,118.72,142.13644
2023-12-10,S003-P0011,Electronics,67,265,112.06,118.72,114.325554
2023-12-11,S003-P0011,Electronics,146,196,123.03,118.72,137.59059
2023-12-12,S003-P0011,Electronics,97,69,124.25,118.72,107.993355
2023-12-13,S003-P0011,Electronics,103,269,133.52,118.72,109.63291
2023-12-14,S003-P0011,Electronics,138,151,141.5,118.72,109.08155
2023-12-15,S003-P0011,Electronics,104,0,127.39,118.72,107.629486
2023-12-16,S003-P0011,Electronics,66,229,88.21,118.72,139.81087
2023-12-17,S003-P0011,Electronics,144,351,136.14,118.72,107.14448
2023-12-18,S003-P0011,Electronics,121,214,127.36,118.72,110.27211
2023-12-19,S003-P0011,Electronics,124,81,115.17,118.72,142.5627
2023-12-20,S003-P0011,Electronics,141,248,135.34,118.72,111.571175
2023-12-21,S003-P0011,Electronics,131,97,131.31,118.72,113.55733
2023-12-22,S003-P0011,Electronics,73,249,108.51,118.72,145.14253
2023-12-23,S003-P0011,Electronics,111,175,123.66,118.72,113.53034
2023-12-24,S003-P0011,Electronics,65,49,100.28,118.72,112.52544
2023-12-25,S003-P0011,Electronics,131,230,145.58,118.72,111.18974
2023-12-26,S003-P0011,Electronics,122,120,106.42,118.72,136.60872
2023-12-27,S003-P0011,Electronics,37,253,94.49,118.72,78.421875
2023-12-28,S003-P0011,Electronics,64,219,110.85,118.72,66.77964
2023-12-29,S003-P0011,Electronics,96,153,124.1,118.72,62.137203
2023-12-30,S003-P0011,Electronics,18,78,87.03,118.72,66.41903
2023-12-31,S003-P0011,Electronics,31,292,91.94,118.72,62.211697
2024-01-01,S003-P0011,Electronics,53,263,95.58,118.72,61.91532
2024-01-02,S003-P0011,Electronics,57,214,107.89,118.72,51.743107
2024-01-03,S003-P0011,Electronics,40,147,75.82,118.72,65.075264
2024-01-04,S003-P0011,Electronics,67,102,100.76,118.72,61.499268
2024-01-05,S003-P0011,Electronics,48,60,82.21,118.72,61.162575
2024-01-06,S003-P0011,Electronics,108,126,101.8,118.72,67.064606
2024-01-07,S003-P0011,Electronics,54,0,112.13,118.72,56.89448
2024-01-08,S003-P0011,Electronics,53,240,100.56,118.72,61.643936
2024-01-09,S003-P0011,Electronics,56,197,102.02,118.72,98.169975
2024-01-10,S003-P0011,Electronics,46,141,103.39,118.72,101.090126
2024-01-11,S003-P0011,Electronics,157,99,141.16,118.72,119.04681
2024-01-12,S003-P0011,Electronics,72,77,107.99,118.72,95.11985
2024-01-13,S003-P0011,Electronics,64,393,88.73,118.72,127.20346
2024-01-14,S003-P0011,Electronics,116,350,139.35,118.72,94.45913
2024-01-15,S003-P0011,Electronics,87,278,95.15,118.72,123.90641
2024-01-16,S003-P0011,Electronics,66,198,100.59,118.72,95.8267
2024-01-17,S003-P0011,Electronics,194,140,147.29,118.72,116.01968
2024-01-18,S003-P0011,Electronics,108,0,135.74,118.72,91.212975
2024-01-19,S003-P0011,Electronics,133,417,131.93,118.72,98.51359
2024-01-20,S003-P0011,Electronics,166,324,136.86,118.72,132.85817
2024-01-21,S003-P0011,Electronics,75,211,103.82,118.72,104.93407
2024-01-22,S003-P0011,Electronics,141,427,142.74,118.72,106.748116
2024-01-23,S003-P0011,Electronics,102,309,119.84,118.72,107.99714
2024-01-24,S003-P0011,Electronics,81,194,105.93,118.72,109.4117
2024-01-25,S003-P0011,Electronics,106,103,128.25,118.72,107.21137
2024-01-26,S003-P0011,Electronics,91,130,115.73,118.72,106.02835
2024-01-27,S003-P0011,Electronics,101,226,132.62,118.72,105.60572
2024-01-28,S003-P0011,Electronics,106,165,121.83,118.72,104.15544
2024-01-29,S003-P0011,Electronics,114,250,118.4,118.72,103.29312
2024-01-30,S003-P0011,Electronics,134,143,147.24,118.72,107.127556
2023-10-03,S003-P0012,Furniture,144,135,110.23,91.27,98.0803
2023-10-04,S003-P0012,Furniture,68,159,91.51,91.27,77.6599
2023-10-05,S003-P0012,Furniture,70,429,92.03,91.27,77.6728
2023-10-06,S003-P0012,Furniture,76,367,94.16,91.27,76.66108
2023-10-07,S003-P0012,Furniture,50,321,89.99,91.27,41.92072
2023-10-08,S003-P0012,Furniture,38,280,77.22,91.27,39.538834
2023-10-09,S003-P0012,Furniture,42,243,87.31,91.27,37.50213
2023-10-10,S003-P0012,Furniture,67,193,85.81,91.27,46.999393
2023-10-11,S003-P0012,Furniture,28,131,78.06,91.27,39.133957
2023-10-12,S003-P0012,Furniture,50,229,76.7,91.27,48.61558
2023-10-13,S003-P0012,Furniture,70,169,72.96,91.27,48.53651
2023-10-14,S003-P0012,Furniture,45,88,79.53,91.27,49.915215
2023-10-15,S003-P0012,Furniture,30,184,79.02,91.27,42.272125
2023-10-16,S003-P0012,Furniture,16,163,82.21,91.27,38.56126
2023-10-17,S003-P0012,Furniture,35,148,84.68,91.27,36.611713
2023-10-18,S003-P0012,Furniture,47,115,80.0,91.27,46.100277
2023-10-19,S003-P0012,Furniture,38,76,81.22,91.27,35.60175
2023-10-20,S003-P0012,Furniture,39,126,64.61,91.27,45.810127
2023-10-21,S003-P0012,Furniture,35,80,66.89,91.27,45.52176
2023-10-22,S003-P0012,Furniture,25,109,76.83,91.27,32.44182
2023-10-23,S003-P0012,Furniture,35,79,80.4,91.27,37.271744
2023-10-24,S003-P0012,Furniture,25,102,73.16,91.27,34.84135
2023-10-25,S003-P0012,Furniture,98,130,96.35,91.27,107.87913
2023-10-26,S003-P0012,Furniture,99,60,96.78,91.27,81.66572
2023-10-27,S003-P0012,Furniture,68,178,91.31,91.27,87.012436
2023-10-28,S003-P0012,Furniture,82,355,91.27,91.27,81.73544
2023-10-29,S003-P0012,Furniture,79,272,95.22,91.27,84.37974
2023-10-30,S003-P0012,Furniture,83,182,101.62,91.27,82.002205
2023-10-31,S003-P0012,Furniture,107,124,110.34,91.27,85.316154
2023-11-01,S003-P0012,Furniture,72,184,88.06,91.27,112.64744
2023-11-02,S003-P0012,Furniture,56,356,92.09,91.27,85.81805
2023-11-03,S003-P0012,Furniture,29,294,78.21,91.27,107.30497
2023-11-04,S003-P0012,Furniture,116,262,113.3,91.27,80.76669
2023-11-05,S003-P0012,Furniture,32,158,75.25,91.27,85.49944
2023-11-06,S003-P0012,Furniture,81,373,95.72,91.27,82.94309
2023-11-07,S003-P0012,Furniture,32,281,79.43,91.27,83.4806
2023-11-08,S003-P0012,Furniture,51,245,85.74,91.27,82.73617
2023-11-09,S003-P0012,Furniture,105,189,98.64,91.27,99.8543
2023-11-10,S003-P0012,Furniture,91,81,82.48,91.27,106.55895
2023-11-11,S003-P0012,Furniture,81,193,90.89,91.27,77.81575
2023-11-12,S003-P0012,Furniture,71,102,92.64,91.27,81.12159
2023-11-13,S003-P0012,Furniture,74,171,93.61,91.27,78.27758
2023-11-14,S003-P0012,Furniture,58,117,78.29,91.27,105.094
2023-11-15,S003-P0012,Furniture,71,231,92.21,91.27,78.33587
2023-11-16,S003-P0012,Furniture,74,184,103.89,91.27,79.01047
2023-11-17,S003-P0012,Furniture,73,99,98.06,91.27,78.96522
2023-11-18,S003-P0012,Furniture,152,166,119.45,91.27,102.59439
2023-11-19,S003-P0012,Furniture,85,0,76.91,91.27,108.394325
2023-11-20,S003-P0012,Furniture,116,335,113.55,91.27,81.830376
2023-11-21,S003-P0012,Furniture,100,254,96.91,91.27,84.06598
2023-11-22,S003-P0012,Furniture,91,192,99.4,91.27,85.08434
2023-11-23,S003-P0012,Furniture,158,273,96.1,91.27,113.051994
2023-11-24,S003-P0012,Furniture,146,158,105.44,91.27,118.27128
2023-11-25,S003-P0012,Furniture,108,376,116.42,91.27,91.85713
2023-11-26,S003-P0012,Furniture,126,253,93.51,91.27,119.00715
2023-11-27,S003-P0012,Furniture,70,131,87.35,91.27,93.35472
2023-11-28,S003-P0012,Furniture,52,311,81.71,91.27,95.76772
2023-11-29,S003-P0012,Furniture,102,264,102.88,91.27,90.797356
2023-11-30,S003-P0012,Furniture,84,173,96.67,91.27,93.04086
2023-12-01,S003-P0012,Furniture,95,325,105.92,91.27,89.58831
2023-12-02,S003-P0012,Furniture,165,265,110.12,91.27,115.36379
2023-12-03,S003-P0012,Furniture,100,165,90.77,91.27,121.972244
2023-12-04,S003-P0012,Furniture,92,423,99.69,91.27,95.17704
2023-12-05,S003-P0012,Furniture,57,325,83.35,91.27,94.248055
2023-12-06,S003-P0012,Furniture,72,267,97.76,91.27,94.694405
2023-12-07,S003-P0012,Furniture,93,205,100.1,91.27,88.920654
2023-12-08,S003-P0012,Furniture,78,107,100.11,91.27,90.75221
2023-12-09,S003-P0012,Furniture,85,196,76.73,91.27,112.97666
2023-12-10,S003-P0012,Furniture,73,134,87.94,91.27,115.005486
2023-12-11,S003-P0012,Furniture,54,261,73.16,91.27,113.86038
2023-12-12,S003-P0012,Furniture,79,224,95.04,91.27,86.76048
2023-12-13,S003-P0012,Furniture,89,138,103.82,91.27,86.214714
2023-12-14,S003-P0012,Furniture,82,200,101.47,91.27,86.843
2023-12-15,S003-P0012,Furniture,113,125,101.08,91.27,108.509315
2023-12-16,S003-P0012,Furniture,77,184,89.51,91.27,85.01546
2023-12-17,S003-P0012,Furniture,122,289,92.45,91.27,110.09162
2023-12-18,S003-P0012,Furniture,55,180,82.74,91.27,84.00764
2023-12-19,S003-P0012,Furniture,79,366,80.37,91.27,111.009605
2023-12-20,S003-P0012,Furniture,49,283,89.55,91.27,81.38115
2023-12-21,S003-P0012,Furniture,37,252,81.29,91.27,80.08661
2023-12-22,S003-P0012,Furniture,102,220,102.88,91.27,98.62632
2023-12-23,S003-P0012,Furniture,81,116,101.1,91.27,75.04733
2023-12-24,S003-P0012,Furniture,53,256,86.42,91.27,78.768845
2023-12-25,S003-P0012,Furniture,76,207,74.55,91.27,97.62431
2023-12-26,S003-P0012,Furniture,113,144,112.35,91.27,73.90164
2023-12-27,S003-P0012,Furniture,30,223,78.92,91.27,40.277317
2023-12-28,S003-P0012,Furniture,43,455,87.49,91.27,39.795437
2023-12-29,S003-P0012,Furniture,29,423,82.8,91.27,34.18828
2023-12-30,S003-P0012,Furniture,44,398,88.09,91.27,32.542656
2023-12-31,S003-P0012,Furniture,37,367,81.32,91.27,31.41341
2024-01-01,S003-P0012,Furniture,23,325,80.5,91.27,29.895256
2024-01-02,S003-P0012,Furniture,28,299,82.13,91.27,29.952444
2024-01-03,S003-P0012,Furniture,35,277,76.26,91.27,28.246923
2024-01-04,S003-P0012,Furniture,22,256,75.95,91.27,30.989157
2024-01-05,S003-P0012,Furniture,46,232,88.59,91.27,29.348558
2024-01-06,S003-P0012,Furniture,35,180,80.18,91.27,29.967651
2024-01-07,S003-P0012,Furniture,41,146,82.46,91.27,42.48351
2024-01-08,S003-P0012,Furniture,22,111,84.27,91.27,31.490269
2024-01-09,S003-P0012,Furniture,139,163,108.9,91.27,99.38798
2024-01-10,S003-P0012,Furniture,67,33,91.24,91.27,79.32819
2024-01-11,S003-P0012,Furniture,87,307,86.75,91.27,111.56557
2024-01-12,S003-P0012,Furniture,102,221,86.83,91.27,112.65576
2024-01-13,S003-P0012,Furniture,69,119,86.49,91.27,113.22312
2024-01-14,S003-P0012,Furniture,58,267,88.05,91.27,85.60032
2024-01-15,S003-P0012,Furniture,98,219,101.57,91.27,83.39226
2024-01-16,S003-P0012,Furniture,106,135,115.54,91.27,85.083015
2024-01-17,S003-P0012,Furniture,66,227,75.48,91.27,107.9394
2024-01-18,S003-P0012,Furniture,91,185,83.58,91.27,111.86985
2024-01-19,S003-P0012,Furniture,87,121,108.4,91.27,80.39961
2024-01-20,S003-P0012,Furniture,133,201,107.45,91.27,84.031136
2024-01-21,S003-P0012,Furniture,92,72,94.5,91.27,88.06429
2024-01-22,S003-P0012,Furniture,94,298,100.2,91.27,122.58993
2024-01-23,S003-P0012,Furniture,109,220,83.13,91.27,115.608444
2024-01-24,S003-P0012,Furniture,111,152,111.65,91.27,91.51791
2024-01-25,S003-P0012,Furniture,85,300,86.23,91.27,120.30386
2024-01-26,S003-P0012,Furniture,93,204,105.19,91.27,91.367775
2024-01-27,S003-P0012,Furniture,107,117,99.1,91.27,90.468346
2024-01-28,S003-P0012,Furniture,112,222,117.96,91.27,94.788
2024-01-29,S003-P0012,Furniture,43,121,92.1,91.27,94.9409
2024-01-30,S003-P0012,Furniture,49,286,84.97,91.27,94.40091
2023-10-03,S003-P0013,Groceries,96,306,65.2,72.36,136.54198
2023-10-04,S003-P0013,Groceries,125,207,75.29,72.36,109.51
2023-10-05,S003-P0013,Groceries,83,716,62.4,72.36,108.20506
2023-10-06,S003-P0013,Groceries,116,637,73.13,72.36,104.27817
2023-10-07,S003-P0013,Groceries,17,517,53.45,72.36,72.53602
2023-10-08,S003-P0013,Groceries,92,503,67.64,72.36,62.649395
2023-10-09,S003-P0013,Groceries,70,407,62.56,72.36,65.32981
2023-10-10,S003-P0013,Groceries,87,334,62.84,72.36,88.478775
2023-10-11,S003-P0013,Groceries,80,251,65.14,72.36,71.64898
2023-10-12,S003-P0013,Groceries,119,175,62.38,72.36,99.2652
2023-10-13,S003-P0013,Groceries,76,96,71.13,72.36,80.23965
2023-10-14,S003-P0013,Groceries,107,464,71.12,72.36,77.926765
2023-10-15,S003-P0013,Groceries,94,348,68.4,72.36,82.936745
2023-10-16,S003-P0013,Groceries,90,264,59.69,72.36,106.57636
2023-10-17,S003-P0013,Groceries,97,180,54.37,72.36,107.03855
2023-10-18,S003-P0013,Groceries,98,495,72.89,72.36,76.56855
2023-10-19,S003-P0013,Groceries,61,383,63.93,72.36,85.52676
2023-10-20,S003-P0013,Groceries,143,322,62.78,72.36,99.45816
2023-10-21,S003-P0013,Groceries,26,192,58.55,72.36,87.11263
2023-10-22,S003-P0013,Groceries,122,174,70.43,72.36,95.435135
2023-10-23,S003-P0013,Groceries,89,40,63.18,72.36,103.19113
2023-10-24,S003-P0013,Groceries,76,488,67.62,72.36,80.25674
2023-10-25,S003-P0013,Groceries,158,435,73.51,72.36,146.25769
2023-10-26,S003-P0013,Groceries,84,269,69.56,72.36,111.51008
2023-10-27,S003-P0013,Groceries,167,187,94.18,72.36,113.07897
2023-10-28,S003-P0013,Groceries,198,79,87.26,72.36,109.72396
2023-10-29,S003-P0013,Groceries,110,638,68.18,72.36,120.33111
2023-10-30,S003-P0013,Groceries,132,510,76.81,72.36,116.39923
2023-10-31,S003-P0013,Groceries,107,384,75.01,72.36,120.58704
2023-11-01,S003-P0013,Groceries,118,940,69.55,72.36,148.13683
2023-11-02,S003-P0013,Groceries,181,815,97.82,72.36,119.81188
2023-11-03,S003-P0013,Groceries,103,631,70.18,72.36,121.17449
2023-11-04,S003-P0013,Groceries,95,558,72.15,72.36,122.816826
2023-11-05,S003-P0013,Groceries,88,492,56.38,72.36,148.62022
2023-11-06,S003-P0013,Groceries,133,431,77.25,72.36,122.011116
2023-11-07,S003-P0013,Groceries,84,329,62.58,72.36,118.57659
2023-11-08,S003-P0013,Groceries,128,274,67.98,72.36,146.35481
2023-11-09,S003-P0013,Groceries,32,154,56.88,72.36,111.88769
2023-11-10,S003-P0013,Groceries,75,706,70.78,72.36,114.5858
2023-11-11,S003-P0013,Groceries,94,624,75.66,72.36,106.7631
2023-11-12,S003-P0013,Groceries,94,520,71.83,72.36,108.32601
2023-11-13,S003-P0013,Groceries,82,417,68.89,72.36,99.67481
2023-11-14,S003-P0013,Groceries,92,332,64.35,72.36,132.8356
2023-11-15,S003-P0013,Groceries,101,262,77.41,72.36,102.41648
2023-11-16,S003-P0013,Groceries,264,173,100.9,72.36,131.2166
2023-11-17,S003-P0013,Groceries,54,0,62.29,72.36,107.328926
2023-11-18,S003-P0013,Groceries,169,378,80.92,72.36,139.87657
2023-11-19,S003-P0013,Groceries,125,243,79.25,72.36,110.19836
2023-11-20,S003-P0013,Groceries,118,1040,58.33,72.36,144.4575
2023-11-21,S003-P0013,Groceries,152,951,67.79,72.36,136.92348
2023-11-22,S003-P0013,Groceries,111,801,68.4,72.36,114.5154
2023-11-23,S003-P0013,Groceries,107,733,59.93,72.36,138.4654
2023-11-24,S003-P0013,Groceries,105,614,74.42,72.36,113.73982
2023-11-25,S003-P0013,Groceries,102,540,62.64,72.36,138.33327
2023-11-26,S003-P0013,Groceries,87,477,70.11,72.36,108.61474
2023-11-27,S003-P0013,Groceries,149,377,85.21,72.36,105.13018
2023-11-28,S003-P0013,Groceries,117,232,77.32,72.36,107.373055
2023-11-29,S003-P0013,Groceries,126,104,79.53,72.36,104.78881
2023-11-30,S003-P0013,Groceries,134,19,77.42,72.36,108.705734
2023-12-01,S003-P0013,Groceries,160,584,73.89,72.36,137.40538
2023-12-02,S003-P0013,Groceries,114,473,57.59,72.36,143.30923
2023-12-03,S003-P0013,Groceries,113,352,80.49,72.36,113.51556
2023-12-04,S003-P0013,Groceries,141,858,74.45,72.36,139.36948
2023-12-05,S003-P0013,Groceries,138,726,69.4,72.36,141.97144
2023-12-06,S003-P0013,Groceries,80,612,61.64,72.36,145.10065
2023-12-07,S003-P0013,Groceries,132,553,85.22,72.36,111.79983
2023-12-08,S003-P0013,Groceries,140,445,78.62,72.36,110.13021
2023-12-09,S003-P0013,Groceries,93,296,75.31,72.36,111.98327
2023-12-10,S003-P0013,Groceries,149,215,85.08,72.36,110.58636
2023-12-11,S003-P0013,Groceries,94,607,75.77,72.36,116.61996
2023-12-12,S003-P0013,Groceries,137,543,82.3,72.36,113.74387
2023-12-13,S003-P0013,Groceries,117,442,61.15,72.36,144.89569
2023-12-14,S003-P0013,Groceries,102,370,66.33,72.36,115.50752
2023-12-15,S003-P0013,Groceries,105,260,67.14,72.36,112.622375
2023-12-16,S003-P0013,Groceries,152,787,85.77,72.36,113.76412
2023-12-17,S003-P0013,Groceries,152,693,68.59,72.36,143.42838
2023-12-18,S003-P0013,Groceries,106,525,74.7,72.36,117.50195
2023-12-19,S003-P0013,Groceries,116,417,69.44,72.36,115.78861
2023-12-20,S003-P0013,Groceries,15,334,44.48,72.36,146.66896
2023-12-21,S003-P0013,Groceries,153,322,81.74,72.36,111.825424
2023-12-22,S003-P0013,Groceries,125,216,75.15,72.36,146.3691
2023-12-23,S003-P0013,Groceries,141,657,78.99,72.36,114.90761
2023-12-24,S003-P0013,Groceries,157,529,82.72,72.36,113.67662
2023-12-25,S003-P0013,Groceries,129,396,84.44,72.36,117.716194
2023-12-26,S003-P0013,Groceries,55,256,56.35,72.36,116.071785
2023-12-27,S003-P0013,Groceries,85,214,62.38,72.36,95.441635
2023-12-28,S003-P0013,Groceries,92,804,71.4,72.36,72.00788
2023-12-29,S003-P0013,Groceries,45,732,63.28,72.36,76.569756
2023-12-30,S003-P0013,Groceries,72,689,63.3,72.36,73.266464
2023-12-31,S003-P0013,Groceries,105,603,74.56,72.36,68.96686
2024-01-01,S003-P0013,Groceries,67,492,61.97,72.36,79.86924
2024-01-02,S003-P0013,Groceries,82,448,54.54,72.36,101.51216
2024-01-03,S003-P0013,Groceries,36,391,54.93,72.36,78.1348
2024-01-04,S003-P0013,Groceries,85,366,62.84,72.36,68.47589
2024-01-05,S003-P0013,Groceries,95,270,57.69,72.36,89.82695
2024-01-06,S003-P0013,Groceries,90,195,70.85,72.36,77.23093
2024-01-07,S003-P0013,Groceries,140,92,62.13,72.36,94.045906
2024-01-08,S003-P0013,Groceries,69,350,62.29,72.36,84.39151
2024-01-09,S003-P0013,Groceries,162,292,79.4,72.36,139.52237
2024-01-10,S003-P0013,Groceries,117,193,65.29,72.36,149.38947
2024-01-11,S003-P0013,Groceries,83,734,65.69,72.36,114.54665
2024-01-12,S003-P0013,Groceries,88,671,66.81,72.36,114.75617
2024-01-13,S003-P0013,Groceries,124,603,79.21,72.36,110.40874
2024-01-14,S003-P0013,Groceries,151,507,81.32,72.36,113.818474
2024-01-15,S003-P0013,Groceries,87,387,66.75,72.36,111.79637
2024-01-16,S003-P0013,Groceries,148,308,72.09,72.36,142.09927
2024-01-17,S003-P0013,Groceries,144,135,66.28,72.36,140.45009
2024-01-18,S003-P0013,Groceries,111,539,68.43,72.36,113.717735
2024-01-19,S003-P0013,Groceries,137,428,86.66,72.36,110.67922
2024-01-20,S003-P0013,Groceries,206,286,98.76,72.36,112.96662
2024-01-21,S003-P0013,Groceries,112,54,72.44,72.36,118.7085
2024-01-22,S003-P0013,Groceries,174,0,86.66,72.36,123.6893
2024-01-23,S003-P0013,Groceries,57,558,50.48,72.36,156.21703
2024-01-24,S003-P0013,Groceries,70,1308,59.52,72.36,126.506714
2024-01-25,S003-P0013,Groceries,220,1262,92.02,72.36,141.09042
2024-01-26,S003-P0013,Groceries,52,1116,58.44,72.36,122.57394
2024-01-27,S003-P0013,Groceries,152,1066,77.3,72.36,153.29744
2024-01-28,S003-P0013,Groceries,121,969,74.15,72.36,117.54656
2024-01-29,S003-P0013,Groceries,109,852,71.63,72.36,119.5165
2024-01-30,S003-P0013,Groceries,121,781,74.45,72.36,121.787636
2023-10-03,S003-P0014,Groceries,90,599,97.54,93.75,103.25982
2023-10-04,S003-P0014,Groceries,134,499,95.78,93.75,99.69639
2023-10-05,S003-P0014,Groceries,86,360,91.2,93.75,103.13268
2023-10-06,S003-P0014,Groceries,84,295,90.73,93.75,104.40147
2023-10-07,S003-P0014,Groceries,86,198,91.21,93.75,70.87144
2023-10-08,S003-P0014,Groceries,86,106,77.7,93.75,87.72694
2023-10-09,S003-P0014,Groceries,48,210,75.05,93.75,88.821465
2023-10-10,S003-P0014,Groceries,71,172,77.83,93.75,61.66232
2023-10-11,S003-P0014,Groceries,59,417,62.06,93.75,87.38035
2023-10-12,S003-P0014,Groceries,96,358,89.55,93.75,72.30909
2023-10-13,S003-P0014,Groceries,130,244,94.73,93.75,68.22205
2023-10-14,S003-P0014,Groceries,92,123,78.59,93.75,107.1592
2023-10-15,S003-P0014,Groceries,100,50,75.65,93.75,106.69592
2023-10-16,S003-P0014,Groceries,48,345,75.37,93.75,75.61052
2023-10-17,S003-P0014,Groceries,136,304,85.67,93.75,93.38334
2023-10-18,S003-P0014,Groceries,62,149,79.44,93.75,103.04771
2023-10-19,S003-P0014,Groceries,82,80,67.58,93.75,97.71682
2023-10-20,S003-P0014,Groceries,60,425,78.85,93.75,68.294
2023-10-21,S003-P0014,Groceries,49,369,75.36,93.75,70.117805
2023-10-22,S003-P0014,Groceries,65,330,80.12,93.75,81.06605
2023-10-23,S003-P0014,Groceries,93,279,84.23,93.75,61.976315
2023-10-24,S003-P0014,Groceries,51,222,80.37,93.75,69.255394
2023-10-25,S003-P0014,Groceries,150,184,117.39,93.75,100.57696
2023-10-26,S003-P0014,Groceries,100,292,90.58,93.75,107.76295
2023-10-27,S003-P0014,Groceries,175,218,119.12,93.75,104.99817
2023-10-28,S003-P0014,Groceries,115,459,90.49,93.75,109.919525
2023-10-29,S003-P0014,Groceries,95,373,94.08,93.75,112.0555
2023-10-30,S003-P0014,Groceries,67,291,85.25,93.75,109.28669
2023-10-31,S003-P0014,Groceries,68,222,77.2,93.75,111.50289
2023-11-01,S003-P0014,Groceries,107,164,88.05,93.75,106.55451
2023-11-02,S003-P0014,Groceries,67,80,72.48,93.75,135.45786
2023-11-03,S003-P0014,Groceries,59,225,65.51,93.75,130.98708
2023-11-04,S003-P0014,Groceries,185,530,97.96,93.75,127.00179
2023-11-05,S003-P0014,Groceries,120,369,86.76,93.75,134.25932
2023-11-06,S003-P0014,Groceries,68,294,81.26,93.75,109.42907
2023-11-07,S003-P0014,Groceries,122,795,102.54,93.75,101.20983
2023-11-08,S003-P0014,Groceries,213,686,103.69,93.75,132.9934
2023-11-09,S003-P0014,Groceries,157,464,107.48,93.75,103.67244
2023-11-10,S003-P0014,Groceries,146,313,82.52,93.75,138.11154
2023-11-11,S003-P0014,Groceries,200,688,107.99,93.75,134.58182
2023-11-12,S003-P0014,Groceries,192,469,98.43,93.75,147.36684
2023-11-13,S003-P0014,Groceries,103,321,91.83,93.75,120.48411
2023-11-14,S003-P0014,Groceries,182,223,95.92,93.75,149.7716
2023-11-15,S003-P0014,Groceries,171,630,105.7,93.75,149.26714
2023-11-16,S003-P0014,Groceries,116,452,105.95,93.75,124.52191
2023-11-17,S003-P0014,Groceries,109,360,98.67,93.75,120.313835
2023-11-18,S003-P0014,Groceries,80,246,84.86,93.75,118.33373
2023-11-19,S003-P0014,Groceries,96,181,89.34,93.75,114.45035
2023-11-20,S003-P0014,Groceries,113,449,89.83,93.75,115.06638
2023-11-21,S003-P0014,Groceries,101,332,96.14,93.75,114.159515
2023-11-22,S003-P0014,Groceries,85,252,81.81,93.75,111.50704
2023-11-23,S003-P0014,Groceries,129,161,104.9,93.75,107.9867
2023-11-24,S003-P0014,Groceries,128,332,99.11,93.75,110.527016
2023-11-25,S003-P0014,Groceries,80,181,80.6,93.75,111.47627
2023-11-26,S003-P0014,Groceries,158,459,102.62,93.75,110.780205
2023-11-27,S003-P0014,Groceries,107,304,97.74,93.75,111.835365
2023-11-28,S003-P0014,Groceries,147,181,110.55,93.75,114.96186
2023-11-29,S003-P0014,Groceries,127,467,93.8,93.75,118.26078
2023-11-30,S003-P0014,Groceries,120,347,107.2,93.75,121.16545
2023-12-01,S003-P0014,Groceries,149,219,110.99,93.75,117.897804
2023-12-02,S003-P0014,Groceries,136,69,96.35,93.75,122.26648
2023-12-03,S003-P0014,Groceries,185,376,103.1,93.75,153.4911
2023-12-04,S003-P0014,Groceries,124,175,103.21,93.75,125.05225
2023-12-05,S003-P0014,Groceries,121,377,102.25,93.75,123.505035
2023-12-06,S003-P0014,Groceries,94,265,98.6,93.75,122.98729
2023-12-07,S003-P0014,Groceries,42,153,69.79,93.75,122.16743
2023-12-08,S003-P0014,Groceries,79,522,93.96,93.75,118.51562
2023-12-09,S003-P0014,Groceries,137,449,80.56,93.75,135.95586
2023-12-10,S003-P0014,Groceries,142,302,91.66,93.75,140.49406
2023-12-11,S003-P0014,Groceries,198,155,99.82,93.75,140.49818
2023-12-12,S003-P0014,Groceries,167,342,87.6,93.75,144.2346
2023-12-13,S003-P0014,Groceries,104,177,91.72,93.75,119.3408
2023-12-14,S003-P0014,Groceries,124,640,86.93,93.75,146.25233
2023-12-15,S003-P0014,Groceries,97,499,99.77,93.75,117.26841
2023-12-16,S003-P0014,Groceries,153,413,95.55,93.75,143.39848
2023-12-17,S003-P0014,Groceries,108,258,103.54,93.75,115.639015
2023-12-18,S003-P0014,Groceries,99,186,90.61,93.75,114.351204
2023-12-19,S003-P0014,Groceries,168,578,111.0,93.75,112.52258
2023-12-20,S003-P0014,Groceries,171,386,112.21,93.75,117.42362
2023-12-21,S003-P0014,Groceries,211,235,111.06,93.75,152.402
2023-12-22,S003-P0014,Groceries,141,78,103.02,93.75,125.72787
2023-12-23,S003-P0014,Groceries,220,549,112.21,93.75,156.62749
2023-12-24,S003-P0014,Groceries,130,370,94.68,93.75,158.37431
2023-12-25,S003-P0014,Groceries,70,274,81.86,93.75,130.88283
2023-12-26,S003-P0014,Groceries,63,874,79.75,93.75,120.614174
2023-12-27,S003-P0014,Groceries,66,804,85.07,93.75,78.62716
2023-12-28,S003-P0014,Groceries,79,751,93.63,93.75,72.89146
2023-12-29,S003-P0014,Groceries,69,676,90.43,93.75,75.50904
2023-12-30,S003-P0014,Groceries,86,594,96.01,93.75,72.35272
2023-12-31,S003-P0014,Groceries,73,510,78.44,93.75,77.30643
2024-01-01,S003-P0014,Groceries,115,440,85.47,93.75,97.05096
2024-01-02,S003-P0014,Groceries,128,341,110.01,93.75,89.506584
2024-01-03,S003-P0014,Groceries,64,230,88.78,93.75,91.97003
2024-01-04,S003-P0014,Groceries,101,157,91.35,93.75,94.8013
2024-01-05,S003-P0014,Groceries,135,345,85.47,93.75,105.20415
2024-01-06,S003-P0014,Groceries,62,200,75.29,93.75,96.97509
2024-01-07,S003-P0014,Groceries,78,136,88.94,93.75,87.558464
2024-01-08,S003-P0014,Groceries,25,485,72.11,93.75,84.0709
2024-01-09,S003-P0014,Groceries,127,464,83.45,93.75,137.4155
2024-01-10,S003-P0014,Groceries,119,367,107.01,93.75,113.15842
2024-01-11,S003-P0014,Groceries,66,236,80.59,93.75,111.25996
2024-01-12,S003-P0014,Groceries,112,187,89.42,93.75,113.12161
2024-01-13,S003-P0014,Groceries,92,480,93.2,93.75,111.175446
2024-01-14,S003-P0014,Groceries,183,374,109.67,93.75,110.67915
2024-01-15,S003-P0014,Groceries,154,181,112.79,93.75,112.70379
2024-01-16,S003-P0014,Groceries,144,46,92.22,93.75,147.08264
2024-01-17,S003-P0014,Groceries,75,618,83.31,93.75,112.78263
2024-01-18,S003-P0014,Groceries,172,541,88.73,93.75,145.39024
2024-01-19,S003-P0014,Groceries,160,380,103.09,93.75,143.03784
2024-01-20,S003-P0014,Groceries,151,217,88.19,93.75,151.76096
2024-01-21,S003-P0014,Groceries,218,590,119.49,93.75,147.1967
2024-01-22,S003-P0014,Groceries,86,408,68.37,93.75,156.88664
2024-01-23,S003-P0014,Groceries,115,337,100.38,93.75,122.21071
2024-01-24,S003-P0014,Groceries,104,890,96.98,93.75,119.2218
2024-01-25,S003-P0014,Groceries,115,816,100.44,93.75,117.431206
2024-01-26,S003-P0014,Groceries,128,713,99.02,93.75,117.04037
2024-01-27,S003-P0014,Groceries,65,598,76.13,93.75,150.85596
2024-01-28,S003-P0014,Groceries,138,533,102.03,93.75,113.39454
2024-01-29,S003-P0014,Groceries,96,410,94.39,93.75,115.16636
2024-01-30,S003-P0014,Groceries,157,350,119.68,93.75,115.683846
2023-10-03,S003-P0015,Groceries,58,116,85.02,96.225,101.23994
2023-10-04,S003-P0015,Groceries,66,57,83.45,96.225,101.14016
2023-10-05,S003-P0015,Groceries,70,707,93.8,96.225,101.74799
2023-10-06,S003-P0015,Groceries,129,641,91.01,96.225,124.4351
2023-10-07,S003-P0015,Groceries,25,534,58.75,96.225,75.46349
2023-10-08,S003-P0015,Groceries,78,512,77.21,96.225,67.775795
2023-10-09,S003-P0015,Groceries,114,438,82.67,96.225,62.488537
2023-10-10,S003-P0015,Groceries,95,306,87.26,96.225,61.477665
2023-10-11,S003-P0015,Groceries,125,244,96.09,96.225,67.552086
2023-10-12,S003-P0015,Groceries,132,142,114.71,96.225,73.904335
2023-10-13,S003-P0015,Groceries,102,491,104.76,96.225,82.838905
2023-10-14,S003-P0015,Groceries,82,383,83.46,96.225,86.16967
2023-10-15,S003-P0015,Groceries,197,325,123.21,96.225,110.93924
2023-10-16,S003-P0015,Groceries,67,171,88.13,96.225,92.78879
2023-10-17,S003-P0015,Groceries,145,115,113.39,96.225,90.34289
2023-10-18,S003-P0015,Groceries,76,18,91.1,96.225,99.23776
2023-10-19,S003-P0015,Groceries,44,722,84.73,96.225,93.186264
2023-10-20,S003-P0015,Groceries,55,690,84.3,96.225,86.963844
2023-10-21,S003-P0015,Groceries,67,641,87.98,96.225,77.97757
2023-10-22,S003-P0015,Groceries,45,568,64.73,96.225,95.580826
2023-10-23,S003-P0015,Groceries,45,520,76.96,96.225,70.19742
2023-10-24,S003-P0015,Groceries,88,466,75.98,96.225,80.05341
2023-10-25,S003-P0015,Groceries,83,371,88.23,96.225,107.07768
2023-10-26,S003-P0015,Groceries,52,290,62.3,96.225,137.06352
2023-10-27,S003-P0015,Groceries,89,248,100.26,96.225,102.71479
2023-10-28,S003-P0015,Groceries,119,182,89.25,96.225,126.93438
2023-10-29,S003-P0015,Groceries,112,92,102.57,96.225,100.524055
2023-10-30,S003-P0015,Groceries,134,8,98.81,96.225,100.42626
2023-10-31,S003-P0015,Groceries,109,333,101.6,96.225,101.838585
2023-11-01,S003-P0015,Groceries,125,677,101.26,96.225,132.7262
2023-11-02,S003-P0015,Groceries,170,550,108.57,96.225,136.58609
2023-11-03,S003-P0015,Groceries,144,382,113.09,96.225,109.561226
2023-11-04,S003-P0015,Groceries,114,218,92.79,96.225,109.90832
2023-11-05,S003-P0015,Groceries,77,128,96.1,96.225,106.9312
2023-11-06,S003-P0015,Groceries,77,691,91.31,96.225,110.73259
2023-11-07,S003-P0015,Groceries,104,630,99.94,96.225,106.40473
2023-11-08,S003-P0015,Groceries,116,550,98.68,96.225,106.41672
2023-11-09,S003-P0015,Groceries,109,444,91.45,96.225,102.987854
2023-11-10,S003-P0015,Groceries,27,336,75.18,96.225,103.225296
2023-11-11,S003-P0015,Groceries,118,313,88.77,96.225,130.00764
2023-11-12,S003-P0015,Groceries,117,214,98.6,96.225,102.196266
2023-11-13,S003-P0015,Groceries,118,525,109.94,96.225,101.46487
2023-11-14,S003-P0015,Groceries,144,414,119.06,96.225,100.692665
2023-11-15,S003-P0015,Groceries,117,245,98.85,96.225,102.580086
2023-11-16,S003-P0015,Groceries,101,158,99.14,96.225,108.08963
2023-11-17,S003-P0015,Groceries,69,94,84.14,96.225,107.675606
2023-11-18,S003-P0015,Groceries,149,597,114.63,96.225,106.87894
2023-11-19,S003-P0015,Groceries,119,438,110.3,96.225,106.683876
2023-11-20,S003-P0015,Groceries,200,352,110.28,96.225,138.72246
2023-11-21,S003-P0015,Groceries,104,116,89.48,96.225,143.04543
2023-11-22,S003-P0015,Groceries,193,546,115.2,96.225,144.61354
2023-11-23,S003-P0015,Groceries,205,355,111.89,96.225,142.22594
2023-11-24,S003-P0015,Groceries,75,224,90.52,96.225,123.22077
2023-11-25,S003-P0015,Groceries,73,159,90.0,96.225,114.46686
2023-11-26,S003-P0015,Groceries,111,873,80.69,96.225,141.88133
2023-11-27,S003-P0015,Groceries,136,751,92.84,96.225,141.42778
2023-11-28,S003-P0015,Groceries,156,642,93.37,96.225,140.5665
2023-11-29,S003-P0015,Groceries,80,504,97.07,96.225,111.713776
2023-11-30,S003-P0015,Groceries,144,416,112.84,96.225,109.88027
2023-12-01,S003-P0015,Groceries,108,307,106.67,96.225,111.38715
2023-12-02,S003-P0015,Groceries,110,919,80.56,96.225,143.69713
2023-12-03,S003-P0015,Groceries,128,795,96.38,96.225,140.22371
2023-12-04,S003-P0015,Groceries,160,665,118.11,96.225,112.767784
2023-12-05,S003-P0015,Groceries,96,524,97.41,96.225,112.683754
2023-12-06,S003-P0015,Groceries,144,445,95.02,96.225,144.07106
2023-12-07,S003-P0015,Groceries,70,329,80.02,96.225,113.85204
2023-12-08,S003-P0015,Groceries,49,859,82.19,96.225,114.60613
2023-12-09,S003-P0015,Groceries,50,812,78.3,96.225,105.97503
2023-12-10,S003-P0015,Groceries,93,767,101.4,96.225,105.38219
2023-12-11,S003-P0015,Groceries,78,671,91.7,96.225,99.52202
2023-12-12,S003-P0015,Groceries,87,593,89.74,96.225,100.121315
2023-12-13,S003-P0015,Groceries,90,505,81.1,96.225,123.41824
2023-12-14,S003-P0015,Groceries,73,451,67.46,96.225,122.7342
2023-12-15,S003-P0015,Groceries,49,373,82.17,96.225,91.70183
2023-12-16,S003-P0015,Groceries,189,335,114.84,96.225,112.557
2023-12-17,S003-P0015,Groceries,184,154,100.85,96.225,120.62119
2023-12-18,S003-P0015,Groceries,124,1,106.6,96.225,101.203186
2023-12-19,S003-P0015,Groceries,92,0,101.16,96.225,98.680565
2023-12-20,S003-P0015,Groceries,138,860,111.04,96.225,100.657265
2023-12-21,S003-P0015,Groceries,142,698,106.55,96.225,102.7981
2023-12-22,S003-P0015,Groceries,91,554,90.87,96.225,107.531975
2023-12-23,S003-P0015,Groceries,75,481,90.74,96.225,107.88572
2023-12-24,S003-P0015,Groceries,167,428,120.48,96.225,109.10505
2023-12-25,S003-P0015,Groceries,91,326,90.81,96.225,141.58344
2023-12-26,S003-P0015,Groceries,105,223,94.99,96.225,110.629814
2023-12-27,S003-P0015,Groceries,122,159,84.65,96.225,85.70252
2023-12-28,S003-P0015,Groceries,78,640,86.63,96.225,97.55695
2023-12-29,S003-P0015,Groceries,94,548,96.78,96.225,74.99218
2023-12-30,S003-P0015,Groceries,118,474,104.41,96.225,72.87735
2023-12-31,S003-P0015,Groceries,75,364,95.42,96.225,85.37103
2024-01-01,S003-P0015,Groceries,58,297,68.08,96.225,103.078575
2024-01-02,S003-P0015,Groceries,18,239,72.02,96.225,75.35961
2024-01-03,S003-P0015,Groceries,78,755,77.75,96.225,74.76276
2024-01-04,S003-P0015,Groceries,69,664,84.1,96.225,60.3809
2024-01-05,S003-P0015,Groceries,61,599,81.78,96.225,62.232304
2024-01-06,S003-P0015,Groceries,41,538,83.82,96.225,65.58964
2024-01-07,S003-P0015,Groceries,88,502,75.95,96.225,72.79315
2024-01-08,S003-P0015,Groceries,46,447,76.91,96.225,59.588707
2024-01-09,S003-P0015,Groceries,150,408,91.81,96.225,128.34593
2024-01-10,S003-P0015,Groceries,100,279,98.85,96.225,104.641945
2024-01-11,S003-P0015,Groceries,111,180,91.94,96.225,105.47805
2024-01-12,S003-P0015,Groceries,142,101,100.44,96.225,142.16125
2024-01-13,S003-P0015,Groceries,226,707,104.72,96.225,139.39458
2024-01-14,S003-P0015,Groceries,115,571,98.39,96.225,115.67067
2024-01-15,S003-P0015,Groceries,101,455,99.0,96.225,115.801
2024-01-16,S003-P0015,Groceries,88,356,99.68,96.225,112.89347
2024-01-17,S003-P0015,Groceries,79,1305,96.61,96.225,111.802574
2024-01-18,S003-P0015,Groceries,142,1236,101.21,96.225,105.1612
2024-01-19,S003-P0015,Groceries,93,1082,91.38,96.225,109.226074
2024-01-20,S003-P0015,Groceries,237,999,128.82,96.225,140.95592
2024-01-21,S003-P0015,Groceries,68,820,83.85,96.225,116.82157
2024-01-22,S003-P0015,Groceries,188,750,127.26,96.225,121.42043
2024-01-23,S003-P0015,Groceries,112,589,97.09,96.225,121.38555
2024-01-24,S003-P0015,Groceries,154,509,110.29,96.225,124.917015
2024-01-25,S003-P0015,Groceries,188,330,127.18,96.225,121.1548
2024-01-26,S003-P0015,Groceries,146,867,89.83,96.225,161.7817
2024-01-27,S003-P0015,Groceries,183,728,100.6,96.225,160.72386
2024-01-28,S003-P0015,Groceries,126,609,80.27,96.225,164.67418
2024-01-29,S003-P0015,Groceries,81,464,87.74,96.225,129.60678
2024-01-30,S003-P0015,Groceries,134,413,104.09,96.225,129.03506
2023-10-03,S003-P0016,Electronics,41,293,78.07,95.545,100.887085
2023-10-04,S003-P0016,Electronics,95,259,90.1,95.545,129.75844
2023-10-05,S003-P0016,Electronics,93,178,89.5,95.545,124.075676
2023-10-06,S003-P0016,Electronics,149,331,99.55,95.545,128.3844
2023-10-07,S003-P0016,Electronics,35,179,71.54,95.545,83.357605
2023-10-08,S003-P0016,Electronics,49,427,80.67,95.545,61.433163
2023-10-09,S003-P0016,Electronics,24,380,60.33,95.545,64.71726
2023-10-10,S003-P0016,Electronics,64,352,80.89,95.545,50.222164
2023-10-11,S003-P0016,Electronics,55,275,78.21,95.545,50.374405
2023-10-12,S003-P0016,Electronics,101,224,96.97,95.545,52.62695
2023-10-13,S003-P0016,Electronics,70,119,72.52,95.545,81.90284
2023-10-14,S003-P0016,Electronics,93,225,94.48,95.545,65.20827
2023-10-15,S003-P0016,Electronics,67,140,81.59,95.545,69.60137
2023-10-16,S003-P0016,Electronics,52,272,81.12,95.545,71.192406
2023-10-17,S003-P0016,Electronics,52,220,85.78,95.545,66.5569
2023-10-18,S003-P0016,Electronics,65,182,81.12,95.545,82.44759
2023-10-19,S003-P0016,Electronics,51,134,81.12,95.545,61.61838
2023-10-20,S003-P0016,Electronics,42,197,82.35,95.545,62.049194
2023-10-21,S003-P0016,Electronics,85,167,96.91,95.545,52.81498
2023-10-22,S003-P0016,Electronics,29,99,74.04,95.545,61.901382
2023-10-23,S003-P0016,Electronics,59,263,83.43,95.545,71.68034
2023-10-24,S003-P0016,Electronics,35,201,84.42,95.545,54.7279
2023-10-25,S003-P0016,Electronics,111,176,105.51,95.545,91.99596
2023-10-26,S003-P0016,Electronics,172,66,119.25,95.545,97.59883
2023-10-27,S003-P0016,Electronics,147,250,105.69,95.545,96.58163
2023-10-28,S003-P0016,Electronics,110,489,78.8,95.545,131.32738
2023-10-29,S003-P0016,Electronics,61,406,88.91,95.545,102.15506
2023-10-30,S003-P0016,Electronics,121,340,98.02,95.545,104.763115
2023-10-31,S003-P0016,Electronics,127,218,110.81,95.545,100.6514
2023-11-01,S003-P0016,Electronics,120,96,92.12,95.545,135.60843
2023-11-02,S003-P0016,Electronics,112,263,105.89,95.545,102.77604
2023-11-03,S003-P0016,Electronics,159,187,102.33,95.545,134.20735
2023-11-04,S003-P0016,Electronics,90,254,93.59,95.545,106.163765
2023-11-05,S003-P0016,Electronics,148,194,100.28,95.545,133.93413
2023-11-06,S003-P0016,Electronics,116,234,101.69,95.545,107.685326
2023-11-07,S003-P0016,Electronics,165,355,130.01,95.545,106.92309
2023-11-08,S003-P0016,Electronics,95,196,90.04,95.545,109.15487
2023-11-09,S003-P0016,Electronics,102,447,87.1,95.545,139.29881
2023-11-10,S003-P0016,Electronics,100,367,101.76,95.545,109.32445
2023-11-11,S003-P0016,Electronics,107,252,104.09,95.545,108.06426
2023-11-12,S003-P0016,Electronics,120,125,91.34,95.545,137.3478
2023-11-13,S003-P0016,Electronics,67,219,81.73,95.545,135.81789
2023-11-14,S003-P0016,Electronics,85,148,87.02,95.545,108.86433
2023-11-15,S003-P0016,Electronics,82,49,95.81,95.545,105.37413
2023-11-16,S003-P0016,Electronics,88,182,97.89,95.545,103.81824
2023-11-17,S003-P0016,Electronics,95,269,85.14,95.545,127.11989
2023-11-18,S003-P0016,Electronics,137,182,114.06,95.545,98.59498
2023-11-19,S003-P0016,Electronics,131,48,101.02,95.545,128.90337
2023-11-20,S003-P0016,Electronics,149,227,124.56,95.545,103.04223
2023-11-21,S003-P0016,Electronics,115,339,101.18,95.545,131.53375
2023-11-22,S003-P0016,Electronics,96,227,95.19,95.545,105.94686
2023-11-23,S003-P0016,Electronics,143,137,110.16,95.545,132.86449
2023-11-24,S003-P0016,Electronics,93,224,99.42,95.545,106.25916
2023-11-25,S003-P0016,Electronics,134,142,107.46,95.545,100.72915
2023-11-26,S003-P0016,Electronics,120,196,102.93,95.545,105.6929
2023-11-27,S003-P0016,Electronics,94,335,99.99,95.545,105.230415
2023-11-28,S003-P0016,Electronics,97,258,95.93,95.545,108.146996
2023-11-29,S003-P0016,Electronics,184,199,123.42,95.545,105.936935
2023-11-30,S003-P0016,Electronics,93,199,104.9,95.545,111.93197
2023-12-01,S003-P0016,Electronics,176,427,113.75,95.545,137.2837
2023-12-02,S003-P0016,Electronics,173,258,119.99,95.545,114.258064
2023-12-03,S003-P0016,Electronics,152,82,89.4,95.545,143.49615
2023-12-04,S003-P0016,Electronics,129,347,83.63,95.545,146.26945
2023-12-05,S003-P0016,Electronics,100,211,81.41,95.545,147.01617
2023-12-06,S003-P0016,Electronics,109,110,99.7,95.545,115.79905
2023-12-07,S003-P0016,Electronics,103,187,86.47,95.545,142.44536
2023-12-08,S003-P0016,Electronics,156,92,114.24,95.545,144.62715
2023-12-09,S003-P0016,Electronics,53,165,77.55,95.545,112.32037
2023-12-10,S003-P0016,Electronics,97,454,106.0,95.545,113.68007
2023-12-11,S003-P0016,Electronics,112,366,100.21,95.545,105.21485
2023-12-12,S003-P0016,Electronics,165,266,123.63,95.545,110.38327
2023-12-13,S003-P0016,Electronics,74,88,93.0,95.545,108.087
2023-12-14,S003-P0016,Electronics,86,333,102.19,95.545,113.17212
2023-12-15,S003-P0016,Electronics,123,231,109.36,95.545,107.466995
2023-12-16,S003-P0016,Electronics,105,91,103.34,95.545,113.01305
2023-12-17,S003-P0016,Electronics,99,197,96.37,95.545,106.86854
2023-12-18,S003-P0016,Electronics,221,87,128.01,95.545,139.34363
2023-12-19,S003-P0016,Electronics,65,203,94.96,95.545,111.90894
2023-12-20,S003-P0016,Electronics,54,602,77.71,95.545,117.09301
2023-12-21,S003-P0016,Electronics,132,552,112.57,95.545,110.220955
2023-12-22,S003-P0016,Electronics,158,415,108.36,95.545,145.8308
2023-12-23,S003-P0016,Electronics,105,282,98.03,95.545,139.3429
2023-12-24,S003-P0016,Electronics,82,191,91.0,95.545,114.88408
2023-12-25,S003-P0016,Electronics,34,335,71.82,95.545,105.131775
2023-12-26,S003-P0016,Electronics,246,308,120.44,95.545,131.30884
2023-12-27,S003-P0016,Electronics,74,56,93.05,95.545,72.02793
2023-12-28,S003-P0016,Electronics,39,468,73.3,95.545,88.3966
2023-12-29,S003-P0016,Electronics,63,432,89.49,95.545,65.80288
2023-12-30,S003-P0016,Electronics,40,358,85.96,95.545,67.282
2023-12-31,S003-P0016,Electronics,99,328,96.54,95.545,59.414394
2024-01-01,S003-P0016,Electronics,49,214,76.26,95.545,68.93444
2024-01-02,S003-P0016,Electronics,65,178,94.97,95.545,66.654335
2024-01-03,S003-P0016,Electronics,38,121,72.92,95.545,66.11473
2024-01-04,S003-P0016,Electronics,92,241,89.14,95.545,64.76589
2024-01-05,S003-P0016,Electronics,75,179,88.9,95.545,67.795494
2024-01-06,S003-P0016,Electronics,64,306,84.96,95.545,71.10271
2024-01-07,S003-P0016,Electronics,19,257,55.99,95.545,86.83197
2024-01-08,S003-P0016,Electronics,76,239,84.48,95.545,72.61826
2024-01-09,S003-P0016,Electronics,73,175,83.55,95.545,128.86934
2024-01-10,S003-P0016,Electronics,139,125,86.09,95.545,127.70103
2024-01-11,S003-P0016,Electronics,59,190,79.43,95.545,100.91773
2024-01-12,S003-P0016,Electronics,167,452,117.53,95.545,102.75486
2024-01-13,S003-P0016,Electronics,119,331,81.25,95.545,137.1667
2024-01-14,S003-P0016,Electronics,123,200,98.12,95.545,139.4969
2024-01-15,S003-P0016,Electronics,100,61,91.55,95.545,134.28963
2024-01-16,S003-P0016,Electronics,124,248,86.8,95.545,136.83376
2024-01-17,S003-P0016,Electronics,105,136,98.08,95.545,102.32258
2024-01-18,S003-P0016,Electronics,205,356,115.33,95.545,134.09192
2024-01-19,S003-P0016,Electronics,57,227,91.96,95.545,105.50995
2024-01-20,S003-P0016,Electronics,99,536,101.64,95.545,110.210884
2024-01-21,S003-P0016,Electronics,135,445,113.65,95.545,106.05552
2024-01-22,S003-P0016,Electronics,156,300,120.46,95.545,111.931725
2024-01-23,S003-P0016,Electronics,111,195,79.17,95.545,140.56903
2024-01-24,S003-P0016,Electronics,82,432,86.1,95.545,114.05074
2024-01-25,S003-P0016,Electronics,151,356,112.47,95.545,109.898384
2024-01-26,S003-P0016,Electronics,157,220,108.65,95.545,112.95205
2024-01-27,S003-P0016,Electronics,88,403,97.8,95.545,116.06003
2024-01-28,S003-P0016,Electronics,65,327,85.53,95.545,115.79522
2024-01-29,S003-P0016,Electronics,111,267,100.15,95.545,113.504395
2024-01-30,S003-P0016,Electronics,124,161,104.37,95.545,114.70859
2023-10-03,S003-P0017,Furniture,91,112,135.62,112.87,84.08657
2023-10-04,S003-P0017,Furniture,91,471,122.38,112.87,86.772385
2023-10-05,S003-P0017,Furniture,67,368,118.2,112.87,86.734634
2023-10-06,S003-P0017,Furniture,30,289,97.11,112.87,85.74734
2023-10-07,S003-P0017,Furniture,30,262,107.41,112.87,44.189816
2023-10-08,S003-P0017,Furniture,45,239,97.67,112.87,48.788662
2023-10-09,S003-P0017,Furniture,32,202,97.84,112.87,39.86835
2023-10-10,S003-P0017,Furniture,35,165,88.87,112.87,49.12109
2023-10-11,S003-P0017,Furniture,21,125,93.11,112.87,36.2581
2023-10-12,S003-P0017,Furniture,23,297,93.92,112.87,44.098507
2023-10-13,S003-P0017,Furniture,38,271,105.8,112.87,34.275784
2023-10-14,S003-P0017,Furniture,16,232,91.47,112.87,34.38686
2023-10-15,S003-P0017,Furniture,38,220,111.31,112.87,32.91059
2023-10-16,S003-P0017,Furniture,35,190,94.11,112.87,32.52166
2023-10-17,S003-P0017,Furniture,64,168,110.98,112.87,47.21787
2023-10-18,S003-P0017,Furniture,34,118,83.0,112.87,48.548298
2023-10-19,S003-P0017,Furniture,71,228,90.09,112.87,47.00944
2023-10-20,S003-P0017,Furniture,35,167,93.37,112.87,48.834248
2023-10-21,S003-P0017,Furniture,21,425,98.35,112.87,40.994614
2023-10-22,S003-P0017,Furniture,20,410,97.75,112.87,37.51407
2023-10-23,S003-P0017,Furniture,46,390,103.75,112.87,36.170956
2023-10-24,S003-P0017,Furniture,38,360,100.06,112.87,47.892635
2023-10-25,S003-P0017,Furniture,71,337,119.92,112.87,81.50511
2023-10-26,S003-P0017,Furniture,131,260,115.25,112.87,105.17024
2023-10-27,S003-P0017,Furniture,53,122,106.72,112.87,84.0644
2023-10-28,S003-P0017,Furniture,93,67,97.07,112.87,107.54331
2023-10-29,S003-P0017,Furniture,88,303,114.86,112.87,83.135956
2023-10-30,S003-P0017,Furniture,59,655,108.71,112.87,84.66915
2023-10-31,S003-P0017,Furniture,65,589,111.65,112.87,83.03479
2023-11-01,S003-P0017,Furniture,106,548,128.27,112.87,81.75247
2023-11-02,S003-P0017,Furniture,86,437,95.06,112.87,110.18455
2023-11-03,S003-P0017,Furniture,75,377,115.56,112.87,80.489204
2023-11-04,S003-P0017,Furniture,162,289,125.99,112.87,110.516235
2023-11-05,S003-P0017,Furniture,93,114,129.51,112.87,84.08843
2023-11-06,S003-P0017,Furniture,27,31,101.0,112.87,89.69309
2023-11-07,S003-P0017,Furniture,100,267,125.66,112.87,114.26559
2023-11-08,S003-P0017,Furniture,106,886,108.3,112.87,115.442924
2023-11-09,S003-P0017,Furniture,81,779,104.68,112.87,116.04581
2023-11-10,S003-P0017,Furniture,39,689,100.96,112.87,85.161606
2023-11-11,S003-P0017,Furniture,67,644,118.48,112.87,83.39318
2023-11-12,S003-P0017,Furniture,85,587,126.28,112.87,82.19957
2023-11-13,S003-P0017,Furniture,74,502,121.38,112.87,84.09315
2023-11-14,S003-P0017,Furniture,89,428,114.6,112.87,107.36486
2023-11-15,S003-P0017,Furniture,92,322,101.83,112.87,108.45664
2023-11-16,S003-P0017,Furniture,82,231,131.18,112.87,81.181946
2023-11-17,S003-P0017,Furniture,100,179,132.49,112.87,83.662834
2023-11-18,S003-P0017,Furniture,61,418,115.79,112.87,81.80931
2023-11-19,S003-P0017,Furniture,72,379,114.45,112.87,81.77403
2023-11-20,S003-P0017,Furniture,82,305,112.46,112.87,80.22197
2023-11-21,S003-P0017,Furniture,78,233,116.46,112.87,82.40694
2023-11-22,S003-P0017,Furniture,131,164,109.65,112.87,107.38806
2023-11-23,S003-P0017,Furniture,97,32,110.45,112.87,109.63113
2023-11-24,S003-P0017,Furniture,96,277,117.76,112.87,86.59992
2023-11-25,S003-P0017,Furniture,65,211,117.23,112.87,87.554214
2023-11-26,S003-P0017,Furniture,98,735,111.89,112.87,111.33552
2023-11-27,S003-P0017,Furniture,78,641,123.03,112.87,83.40373
2023-11-28,S003-P0017,Furniture,74,589,115.38,112.87,83.84928
2023-11-29,S003-P0017,Furniture,84,520,125.56,112.87,82.198166
2023-11-30,S003-P0017,Furniture,60,466,109.46,112.87,82.60799
2023-12-01,S003-P0017,Furniture,22,398,93.41,112.87,79.69355
2023-12-02,S003-P0017,Furniture,51,379,111.52,112.87,77.19519
2023-12-03,S003-P0017,Furniture,91,321,128.94,112.87,72.745224
2023-12-04,S003-P0017,Furniture,77,235,116.5,112.87,77.25213
2023-12-05,S003-P0017,Furniture,41,154,107.05,112.87,76.65769
2023-12-06,S003-P0017,Furniture,142,113,119.31,112.87,96.80124
2023-12-07,S003-P0017,Furniture,34,370,104.1,112.87,74.88497
2023-12-08,S003-P0017,Furniture,110,332,109.73,112.87,102.74633
2023-12-09,S003-P0017,Furniture,35,231,109.96,112.87,74.145424
2023-12-10,S003-P0017,Furniture,74,859,121.19,112.87,79.34072
2023-12-11,S003-P0017,Furniture,61,774,103.44,112.87,98.04171
2023-12-12,S003-P0017,Furniture,117,702,118.99,112.87,104.279274
2023-12-13,S003-P0017,Furniture,87,585,126.99,112.87,73.819786
2023-12-14,S003-P0017,Furniture,88,481,127.63,112.87,79.4638
2023-12-15,S003-P0017,Furniture,91,401,96.61,112.87,103.01214
2023-12-16,S003-P0017,Furniture,68,341,106.93,112.87,107.416725
2023-12-17,S003-P0017,Furniture,74,298,121.14,112.87,77.79713
2023-12-18,S003-P0017,Furniture,82,246,118.5,112.87,79.14065
2023-12-19,S003-P0017,Furniture,59,543,109.1,112.87,77.39602
2023-12-20,S003-P0017,Furniture,130,494,138.0,112.87,101.79172
2023-12-21,S003-P0017,Furniture,103,415,120.41,112.87,75.160355
2023-12-22,S003-P0017,Furniture,109,305,122.29,112.87,107.963875
2023-12-23,S003-P0017,Furniture,91,190,128.87,112.87,82.05679
2023-12-24,S003-P0017,Furniture,87,545,100.11,112.87,108.5896
2023-12-25,S003-P0017,Furniture,65,479,105.75,112.87,83.24978
2023-12-26,S003-P0017,Furniture,67,418,106.39,112.87,84.092064
2023-12-27,S003-P0017,Furniture,52,347,88.11,112.87,52.442802
2023-12-28,S003-P0017,Furniture,36,302,105.01,112.87,43.111126
2023-12-29,S003-P0017,Furniture,43,280,107.64,112.87,37.604687
2023-12-30,S003-P0017,Furniture,10,231,93.66,112.87,36.28968
2023-12-31,S003-P0017,Furniture,51,224,111.18,112.87,34.174942
2024-01-01,S003-P0017,Furniture,16,167,86.46,112.87,32.351933
2024-01-02,S003-P0017,Furniture,27,149,100.93,112.87,33.112286
2024-01-03,S003-P0017,Furniture,27,131,101.06,112.87,27.798353
2024-01-04,S003-P0017,Furniture,13,267,99.95,112.87,30.287708
2024-01-05,S003-P0017,Furniture,15,256,71.62,112.87,36.637047
2024-01-06,S003-P0017,Furniture,34,241,98.75,112.87,28.377113
2024-01-07,S003-P0017,Furniture,20,209,102.81,112.87,29.23275
2024-01-08,S003-P0017,Furniture,18,186,86.67,112.87,37.20279
2024-01-09,S003-P0017,Furniture,50,168,116.72,112.87,68.402885
2024-01-10,S003-P0017,Furniture,69,133,112.72,112.87,99.05973
2024-01-11,S003-P0017,Furniture,120,61,141.34,112.87,74.23493
2024-01-12,S003-P0017,Furniture,94,0,117.04,112.87,82.17566
2024-01-13,S003-P0017,Furniture,109,167,102.6,112.87,110.54122
2024-01-14,S003-P0017,Furniture,65,391,111.16,112.87,86.287865
2024-01-15,S003-P0017,Furniture,68,888,118.65,112.87,87.70207
2024-01-16,S003-P0017,Furniture,70,824,125.76,112.87,81.75578
2024-01-17,S003-P0017,Furniture,95,752,130.71,112.87,80.19334
2024-01-18,S003-P0017,Furniture,87,658,120.81,112.87,81.09689
2024-01-19,S003-P0017,Furniture,79,569,117.18,112.87,82.072136
2024-01-20,S003-P0017,Furniture,101,507,99.69,112.87,106.33054
2024-01-21,S003-P0017,Furniture,61,387,109.51,112.87,109.57285
2024-01-22,S003-P0017,Furniture,129,339,130.74,112.87,109.79589
2024-01-23,S003-P0017,Furniture,101,248,140.33,112.87,82.222755
2024-01-24,S003-P0017,Furniture,79,143,92.79,112.87,114.04483
2024-01-25,S003-P0017,Furniture,64,72,105.14,112.87,84.87925
2024-01-26,S003-P0017,Furniture,118,576,140.6,112.87,83.95732
2024-01-27,S003-P0017,Furniture,117,488,110.74,112.87,112.08585
2024-01-28,S003-P0017,Furniture,131,401,138.64,112.87,117.121155
2024-01-29,S003-P0017,Furniture,77,317,129.08,112.87,89.72602
2024-01-30,S003-P0017,Furniture,118,239,140.72,112.87,90.65441
2023-10-03,S003-P0018,Furniture,71,619,119.58,124.805,85.86633
2023-10-04,S003-P0018,Furniture,66,538,123.93,124.805,85.53625
2023-10-05,S003-P0018,Furniture,72,483,100.07,124.805,110.55867
2023-10-06,S003-P0018,Furniture,104,428,133.9,124.805,83.219826
2023-10-07,S003-P0018,Furniture,74,313,100.79,124.805,62.94466
2023-10-08,S003-P0018,Furniture,43,237,100.57,124.805,60.26596
2023-10-09,S003-P0018,Furniture,20,198,97.56,124.805,44.860962
2023-10-10,S003-P0018,Furniture,65,572,123.39,124.805,41.44223
2023-10-11,S003-P0018,Furniture,63,508,129.22,124.805,44.11681
2023-10-12,S003-P0018,Furniture,73,459,113.76,124.805,65.73376
2023-10-13,S003-P0018,Furniture,35,382,91.28,124.805,67.11439
2023-10-14,S003-P0018,Furniture,59,361,127.01,124.805,48.4583
2023-10-15,S003-P0018,Furniture,34,321,86.48,124.805,64.917
2023-10-16,S003-P0018,Furniture,64,298,129.65,124.805,45.26068
2023-10-17,S003-P0018,Furniture,56,241,125.94,124.805,47.99074
2023-10-18,S003-P0018,Furniture,22,174,114.85,124.805,53.162754
2023-10-19,S003-P0018,Furniture,69,157,112.28,124.805,59.03764
2023-10-20,S003-P0018,Furniture,33,366,86.02,124.805,58.59867
2023-10-21,S003-P0018,Furniture,29,341,106.7,124.805,41.515602
2023-10-22,S003-P0018,Furniture,70,312,125.51,124.805,42.68886
2023-10-23,S003-P0018,Furniture,25,241,99.7,124.805,44.0444
2023-10-24,S003-P0018,Furniture,12,219,98.84,124.805,45.695812
2023-10-25,S003-P0018,Furniture,89,210,134.45,124.805,84.38023
2023-10-26,S003-P0018,Furniture,92,445,142.86,124.805,88.79869
2023-10-27,S003-P0018,Furniture,95,367,130.24,124.805,86.060936
2023-10-28,S003-P0018,Furniture,85,257,110.17,124.805,114.49027
2023-10-29,S003-P0018,Furniture,48,161,115.96,124.805,84.655205
2023-10-30,S003-P0018,Furniture,38,440,117.19,124.805,88.528175
2023-10-31,S003-P0018,Furniture,44,397,126.16,124.805,80.71766
2023-11-01,S003-P0018,Furniture,96,359,137.8,124.805,80.49881
2023-11-02,S003-P0018,Furniture,127,284,128.16,124.805,107.4318
2023-11-03,S003-P0018,Furniture,27,181,88.1,124.805,107.427956
2023-11-04,S003-P0018,Furniture,54,165,112.37,124.805,82.73731
2023-11-05,S003-P0018,Furniture,75,436,106.39,124.805,101.48983
2023-11-06,S003-P0018,Furniture,52,382,117.52,124.805,78.56112
2023-11-07,S003-P0018,Furniture,73,344,120.73,124.805,81.55162
2023-11-08,S003-P0018,Furniture,108,296,120.72,124.805,101.783195
2023-11-09,S003-P0018,Furniture,81,214,103.35,124.805,105.81223
2023-11-10,S003-P0018,Furniture,100,149,139.2,124.805,78.85892
2023-11-11,S003-P0018,Furniture,113,277,161.17,124.805,80.60151
2023-11-12,S003-P0018,Furniture,149,151,144.96,124.805,108.90801
2023-11-13,S003-P0018,Furniture,96,42,137.33,124.805,84.18469
2023-11-14,S003-P0018,Furniture,58,359,114.12,124.805,88.713585
2023-11-15,S003-P0018,Furniture,146,306,152.06,124.805,114.308266
2023-11-16,S003-P0018,Furniture,82,727,138.04,124.805,88.803734
2023-11-17,S003-P0018,Furniture,88,656,134.15,124.805,90.39997
2023-11-18,S003-P0018,Furniture,40,563,106.33,124.805,88.194145
2023-11-19,S003-P0018,Furniture,81,519,103.18,124.805,113.66041
2023-11-20,S003-P0018,Furniture,93,433,151.34,124.805,81.8176
2023-11-21,S003-P0018,Furniture,70,371,132.72,124.805,85.91898
2023-11-22,S003-P0018,Furniture,120,323,123.73,124.805,109.89046
2023-11-23,S003-P0018,Furniture,84,196,125.45,124.805,85.02233
2023-11-24,S003-P0018,Furniture,132,500,154.02,124.805,86.510124
2023-11-25,S003-P0018,Furniture,93,396,128.27,124.805,117.29045
2023-11-26,S003-P0018,Furniture,73,306,133.84,124.805,88.98965
2023-11-27,S003-P0018,Furniture,71,223,132.77,124.805,88.64582
2023-11-28,S003-P0018,Furniture,67,765,138.17,124.805,90.86314
2023-11-29,S003-P0018,Furniture,117,712,155.01,124.805,86.86213
2023-11-30,S003-P0018,Furniture,62,598,128.76,124.805,88.23022
2023-12-01,S003-P0018,Furniture,36,552,109.77,124.805,86.861885
2023-12-02,S003-P0018,Furniture,90,526,127.32,124.805,110.01387
2023-12-03,S003-P0018,Furniture,122,470,157.43,124.805,83.38613
2023-12-04,S003-P0018,Furniture,54,327,118.28,124.805,87.60316
2023-12-05,S003-P0018,Furniture,92,272,121.52,124.805,114.766785
2023-12-06,S003-P0018,Furniture,97,199,131.07,124.805,85.58338
2023-12-07,S003-P0018,Furniture,48,511,128.04,124.805,88.40319
2023-12-08,S003-P0018,Furniture,70,477,119.19,124.805,84.26499
2023-12-09,S003-P0018,Furniture,56,406,119.33,124.805,82.24341
2023-12-10,S003-P0018,Furniture,104,359,133.08,124.805,105.706276
2023-12-11,S003-P0018,Furniture,78,241,122.59,124.805,79.96217
2023-12-12,S003-P0018,Furniture,77,149,143.26,124.805,84.7082
2023-12-13,S003-P0018,Furniture,80,100,130.12,124.805,103.50841
2023-12-14,S003-P0018,Furniture,58,487,133.25,124.805,79.50016
2023-12-15,S003-P0018,Furniture,45,442,114.21,124.805,104.58979
2023-12-16,S003-P0018,Furniture,18,396,102.25,124.805,74.49446
2023-12-17,S003-P0018,Furniture,67,374,110.39,124.805,92.78171
2023-12-18,S003-P0018,Furniture,114,329,153.92,124.805,68.0479
2023-12-19,S003-P0018,Furniture,120,251,125.46,124.805,102.704865
2023-12-20,S003-P0018,Furniture,117,172,155.07,124.805,78.342
2023-12-21,S003-P0018,Furniture,101,45,139.8,124.805,106.44664
2023-12-22,S003-P0018,Furniture,82,442,138.26,124.805,82.73974
2023-12-23,S003-P0018,Furniture,102,379,124.69,124.805,110.02224
2023-12-24,S003-P0018,Furniture,54,315,118.45,124.805,83.1702
2023-12-25,S003-P0018,Furniture,55,734,118.68,124.805,81.41702
2023-12-26,S003-P0018,Furniture,103,692,156.06,124.805,80.064644
2023-12-27,S003-P0018,Furniture,49,616,122.24,124.805,41.887764
2023-12-28,S003-P0018,Furniture,40,584,94.4,124.805,57.63043
2023-12-29,S003-P0018,Furniture,30,544,119.38,124.805,36.094288
2023-12-30,S003-P0018,Furniture,42,510,112.55,124.805,36.40347
2023-12-31,S003-P0018,Furniture,15,473,106.11,124.805,33.953976
2024-01-01,S003-P0018,Furniture,26,462,88.03,124.805,40.32114
2024-01-02,S003-P0018,Furniture,21,444,97.8,124.805,27.982157
2024-01-03,S003-P0018,Furniture,50,424,116.45,124.805,27.29009
2024-01-04,S003-P0018,Furniture,42,364,95.24,124.805,42.728085
2024-01-05,S003-P0018,Furniture,71,318,106.5,124.805,42.719395
2024-01-06,S003-P0018,Furniture,45,257,108.57,124.805,36.289436
2024-01-07,S003-P0018,Furniture,21,216,103.27,124.805,41.656982
2024-01-08,S003-P0018,Furniture,23,199,115.51,124.805,38.532352
2024-01-09,S003-P0018,Furniture,53,486,124.42,124.805,77.53466
2024-01-10,S003-P0018,Furniture,61,433,135.04,124.805,82.16806
2024-01-11,S003-P0018,Furniture,69,385,118.61,124.805,103.52327
2024-01-12,S003-P0018,Furniture,77,324,114.4,124.805,104.61722
2024-01-13,S003-P0018,Furniture,58,238,120.07,124.805,77.28207
2024-01-14,S003-P0018,Furniture,67,197,117.87,124.805,79.82069
2024-01-15,S003-P0018,Furniture,92,148,143.12,124.805,79.04012
2024-01-16,S003-P0018,Furniture,49,345,122.52,124.805,78.86556
2024-01-17,S003-P0018,Furniture,40,296,111.96,124.805,74.175995
2024-01-18,S003-P0018,Furniture,73,255,120.62,124.805,70.555954
2024-01-19,S003-P0018,Furniture,92,618,120.3,124.805,96.11553
2024-01-20,S003-P0018,Furniture,111,537,144.67,124.805,71.071365
2024-01-21,S003-P0018,Furniture,68,404,138.66,124.805,76.743866
2024-01-22,S003-P0018,Furniture,102,347,140.17,124.805,106.07448
2024-01-23,S003-P0018,Furniture,100,284,139.33,124.805,78.21522
2024-01-24,S003-P0018,Furniture,59,588,121.0,124.805,84.05407
2024-01-25,S003-P0018,Furniture,102,544,140.65,124.805,79.84491
2024-01-26,S003-P0018,Furniture,114,481,115.1,124.805,107.42038
2024-01-27,S003-P0018,Furniture,16,392,95.39,124.805,112.161995
2024-01-28,S003-P0018,Furniture,97,374,137.92,124.805,105.95851
2024-01-29,S003-P0018,Furniture,79,313,136.75,124.805,75.49583
2024-01-30,S003-P0018,Furniture,90,652,142.21,124.805,82.42227
2023-10-03,S003-P0019,Groceries,113,171,60.96,55.07,119.217125
2023-10-04,S003-P0019,Groceries,166,218,60.75,55.07,122.460686
2023-10-05,S003-P0019,Groceries,82,255,52.32,55.07,119.77788
2023-10-06,S003-P0019,Groceries,103,170,56.14,55.07,117.5254
2023-10-07,S003-P0019,Groceries,134,51,58.43,55.07,102.38299
2023-10-08,S003-P0019,Groceries,84,110,49.85,55.07,108.49262
2023-10-09,S003-P0019,Groceries,103,98,44.83,55.07,101.894844
2023-10-10,S003-P0019,Groceries,54,117,47.15,55.07,79.86556
2023-10-11,S003-P0019,Groceries,111,142,57.53,55.07,77.94098
2023-10-12,S003-P0019,Groceries,78,186,38.62,55.07,109.18684
2023-10-13,S003-P0019,Groceries,171,113,51.38,55.07,106.01365
2023-10-14,S003-P0019,Groceries,64,165,48.99,55.07,89.6137
2023-10-15,S003-P0019,Groceries,57,113,50.22,55.07,88.99338
2023-10-16,S003-P0019,Groceries,67,123,49.57,55.07,83.17138
2023-10-17,S003-P0019,Groceries,103,144,42.02,55.07,101.54691
2023-10-18,S003-P0019,Groceries,54,151,44.73,55.07,81.27015
2023-10-19,S003-P0019,Groceries,62,101,43.68,55.07,96.951866
2023-10-20,S003-P0019,Groceries,61,106,45.8,55.07,70.121124
2023-10-21,S003-P0019,Groceries,83,120,47.12,55.07,88.98258
2023-10-22,S003-P0019,Groceries,84,113,55.35,55.07,73.75526
2023-10-23,S003-P0019,Groceries,87,122,53.08,55.07,74.36875
2023-10-24,S003-P0019,Groceries,64,132,46.4,55.07,78.96707
2023-10-25,S003-P0019,Groceries,176,67,69.35,55.07,105.18072
2023-10-26,S003-P0019,Groceries,82,149,46.96,55.07,152.80684
2023-10-27,S003-P0019,Groceries,81,52,52.13,55.07,112.49738
2023-10-28,S003-P0019,Groceries,60,89,38.55,55.07,141.35307
2023-10-29,S003-P0019,Groceries,123,121,62.93,55.07,103.20173
2023-10-30,S003-P0019,Groceries,151,143,64.89,55.07,112.154976
2023-10-31,S003-P0019,Groceries,68,167,47.27,55.07,106.72277
2023-11-01,S003-P0019,Groceries,156,103,52.63,55.07,135.6397
2023-11-02,S003-P0019,Groceries,126,152,57.02,55.07,138.03531
2023-11-03,S003-P0019,Groceries,69,150,47.32,55.07,113.98832
2023-11-04,S003-P0019,Groceries,186,100,63.68,55.07,134.8986
2023-11-05,S003-P0019,Groceries,79,168,51.7,55.07,107.24919
2023-11-06,S003-P0019,Groceries,137,89,65.49,55.07,107.69331
2023-11-07,S003-P0019,Groceries,100,150,52.69,55.07,110.21097
2023-11-08,S003-P0019,Groceries,137,176,62.27,55.07,110.414665
2023-11-09,S003-P0019,Groceries,117,158,55.74,55.07,109.69734
2023-11-10,S003-P0019,Groceries,158,158,52.24,55.07,140.59134
2023-11-11,S003-P0019,Groceries,116,201,58.43,55.07,114.83723
2023-11-12,S003-P0019,Groceries,132,101,64.52,55.07,115.46877
2023-11-13,S003-P0019,Groceries,92,153,56.83,55.07,114.5409
2023-11-14,S003-P0019,Groceries,59,136,48.13,55.07,116.08516
2023-11-15,S003-P0019,Groceries,94,99,48.76,55.07,142.16072
2023-11-16,S003-P0019,Groceries,131,76,58.02,55.07,112.696075
2023-11-17,S003-P0019,Groceries,123,157,56.65,55.07,109.88915
2023-11-18,S003-P0019,Groceries,146,186,51.06,55.07,137.12785
2023-11-19,S003-P0019,Groceries,69,202,44.82,55.07,110.44965
2023-11-20,S003-P0019,Groceries,85,136,55.64,55.07,111.86234
2023-11-21,S003-P0019,Groceries,129,162,51.2,55.07,132.40976
2023-11-22,S003-P0019,Groceries,172,165,58.3,55.07,136.55421
2023-11-23,S003-P0019,Groceries,101,195,52.84,55.07,105.49321
2023-11-24,S003-P0019,Groceries,95,93,57.56,55.07,109.1186
2023-11-25,S003-P0019,Groceries,146,88,63.85,55.07,105.90842
2023-11-26,S003-P0019,Groceries,158,120,55.73,55.07,139.47227
2023-11-27,S003-P0019,Groceries,82,190,41.19,55.07,141.51674
2023-11-28,S003-P0019,Groceries,176,113,65.66,55.07,112.879326
2023-11-29,S003-P0019,Groceries,122,189,62.64,55.07,113.71415
2023-11-30,S003-P0019,Groceries,80,95,46.74,55.07,117.355415
2023-12-01,S003-P0019,Groceries,108,93,57.04,55.07,113.039665
2023-12-02,S003-P0019,Groceries,221,128,69.5,55.07,145.71555
2023-12-03,S003-P0019,Groceries,166,181,56.92,55.07,145.31592
2023-12-04,S003-P0019,Groceries,163,215,66.98,55.07,120.41271
2023-12-05,S003-P0019,Groceries,121,293,62.52,55.07,116.28608
2023-12-06,S003-P0019,Groceries,174,200,65.47,55.07,152.70595
2023-12-07,S003-P0019,Groceries,143,231,66.66,55.07,120.888466
2023-12-08,S003-P0019,Groceries,106,109,50.98,55.07,125.20062
2023-12-09,S003-P0019,Groceries,67,163,49.43,55.07,117.483864
2023-12-10,S003-P0019,Groceries,107,113,51.15,55.07,119.934845
2023-12-11,S003-P0019,Groceries,122,111,53.65,55.07,115.56868
2023-12-12,S003-P0019,Groceries,77,120,38.5,55.07,148.85843
2023-12-13,S003-P0019,Groceries,153,135,61.82,55.07,141.20654
2023-12-14,S003-P0019,Groceries,112,172,57.71,55.07,115.26299
2023-12-15,S003-P0019,Groceries,54,176,47.06,55.07,116.081955
2023-12-16,S003-P0019,Groceries,94,113,49.07,55.07,113.02192
2023-12-17,S003-P0019,Groceries,127,95,51.43,55.07,141.61674
2023-12-18,S003-P0019,Groceries,19,149,34.3,55.07,137.33896
2023-12-19,S003-P0019,Groceries,93,131,54.22,55.07,104.944695
2023-12-20,S003-P0019,Groceries,65,161,46.61,55.07,99.468315
2023-12-21,S003-P0019,Groceries,190,102,60.55,55.07,127.56797
2023-12-22,S003-P0019,Groceries,123,191,62.81,55.07,102.77815
2023-12-23,S003-P0019,Groceries,196,105,65.4,55.07,135.37833
2023-12-24,S003-P0019,Groceries,83,185,55.29,55.07,108.50205
2023-12-25,S003-P0019,Groceries,115,117,58.24,55.07,112.05672
2023-12-26,S003-P0019,Groceries,126,96,57.29,55.07,106.51562
2023-12-27,S003-P0019,Groceries,91,101,42.55,55.07,95.30443
2023-12-28,S003-P0019,Groceries,88,110,53.43,55.07,77.55503
2023-12-29,S003-P0019,Groceries,69,114,49.82,55.07,74.13227
2023-12-30,S003-P0019,Groceries,53,123,44.63,55.07,75.57781
2023-12-31,S003-P0019,Groceries,135,72,58.69,55.07,67.710014
2024-01-01,S003-P0019,Groceries,99,143,55.31,55.07,85.039474
2024-01-02,S003-P0019,Groceries,29,154,44.91,55.07,90.20255
2024-01-03,S003-P0019,Groceries,93,121,57.18,55.07,76.01896
2024-01-04,S003-P0019,Groceries,45,122,45.59,55.07,76.430916
2024-01-05,S003-P0019,Groceries,94,78,51.59,55.07,89.955475
2024-01-06,S003-P0019,Groceries,84,97,49.96,55.07,73.69652
2024-01-07,S003-P0019,Groceries,86,80,42.36,55.07,90.292336
2024-01-08,S003-P0019,Groceries,82,91,39.22,55.07,96.6014
2024-01-09,S003-P0019,Groceries,140,102,49.61,55.07,134.29414
2024-01-10,S003-P0019,Groceries,104,176,50.72,55.07,110.429504
2024-01-11,S003-P0019,Groceries,185,77,63.98,55.07,109.03189
2024-01-12,S003-P0019,Groceries,150,158,64.64,55.07,116.28236
2024-01-13,S003-P0019,Groceries,117,173,49.86,55.07,151.45871
2024-01-14,S003-P0019,Groceries,85,196,52.83,55.07,120.604515
2024-01-15,S003-P0019,Groceries,128,129,57.41,55.07,116.87211
2024-01-16,S003-P0019,Groceries,114,148,55.19,55.07,115.94312
2024-01-17,S003-P0019,Groceries,128,128,57.6,55.07,115.86747
2024-01-18,S003-P0019,Groceries,156,128,62.35,55.07,146.03235
2024-01-19,S003-P0019,Groceries,151,168,64.77,55.07,116.704765
2024-01-20,S003-P0019,Groceries,147,206,67.43,55.07,118.677536
2024-01-21,S003-P0019,Groceries,107,237,53.86,55.07,120.285164
2024-01-22,S003-P0019,Groceries,184,135,55.86,55.07,152.96638
2024-01-23,S003-P0019,Groceries,103,212,53.08,55.07,123.104454
2024-01-24,S003-P0019,Groceries,128,99,54.65,55.07,154.36827
2024-01-25,S003-P0019,Groceries,154,115,61.92,55.07,149.1667
2024-01-26,S003-P0019,Groceries,114,128,43.58,55.07,151.57106
2024-01-27,S003-P0019,Groceries,66,109,49.37,55.07,117.869194
2024-01-28,S003-P0019,Groceries,188,121,68.01,55.07,116.35218
2024-01-29,S003-P0019,Groceries,81,182,52.03,55.07,120.406395
2024-01-30,S003-P0019,Groceries,132,108,61.45,55.07,121.00254
2023-10-03,S003-P0020,Clothing,84,303,71.5,71.74,88.49788
2023-10-04,S003-P0020,Clothing,103,888,76.3,71.74,90.669716
2023-10-05,S003-P0020,Clothing,53,788,51.1,71.74,121.3277
2023-10-06,S003-P0020,Clothing,67,744,60.22,71.74,120.38453
2023-10-07,S003-P0020,Clothing,138,681,80.57,71.74,47.665356
2023-10-08,S003-P0020,Clothing,79,543,70.37,71.74,62.972897
2023-10-09,S003-P0020,Clothing,92,476,73.4,71.74,63.35572
2023-10-10,S003-P0020,Clothing,73,421,65.12,71.74,69.91347
2023-10-11,S003-P0020,Clothing,71,367,72.01,71.74,71.602875
2023-10-12,S003-P0020,Clothing,112,297,74.57,71.74,72.0286
2023-10-13,S003-P0020,Clothing,140,178,64.09,71.74,104.61665
2023-10-14,S003-P0020,Clothing,68,38,67.63,71.74,79.28569
2023-10-15,S003-P0020,Clothing,94,0,77.81,71.74,83.271614
2023-10-16,S003-P0020,Clothing,194,372,77.96,71.74,104.18681
2023-10-17,S003-P0020,Clothing,114,835,78.85,71.74,91.443245
2023-10-18,S003-P0020,Clothing,69,762,50.8,71.74,114.73976
2023-10-19,S003-P0020,Clothing,139,706,80.76,71.74,87.28828
2023-10-20,S003-P0020,Clothing,64,570,59.88,71.74,93.59818
2023-10-21,S003-P0020,Clothing,102,517,68.42,71.74,113.790375
2023-10-22,S003-P0020,Clothing,57,447,58.41,71.74,92.648705
2023-10-23,S003-P0020,Clothing,155,409,66.78,71.74,105.42725
2023-10-24,S003-P0020,Clothing,109,226,73.53,71.74,89.55702
2023-10-25,S003-P0020,Clothing,59,109,51.56,71.74,153.43352
2023-10-26,S003-P0020,Clothing,159,43,75.81,71.74,149.17444
2023-10-27,S003-P0020,Clothing,109,524,73.72,71.74,146.93904
2023-10-28,S003-P0020,Clothing,78,404,66.32,71.74,121.20353
2023-10-29,S003-P0020,Clothing,94,357,77.96,71.74,113.43296
2023-10-30,S003-P0020,Clothing,117,910,83.88,71.74,111.648094
2023-10-31,S003-P0020,Clothing,116,780,79.47,71.74,108.83963
2023-11-01,S003-P0020,Clothing,128,653,74.21,71.74,111.55579
2023-11-02,S003-P0020,Clothing,108,516,61.19,71.74,140.67073
2023-11-03,S003-P0020,Clothing,121,410,76.41,71.74,140.41624
2023-11-04,S003-P0020,Clothing,71,302,64.59,71.74,112.74018
2023-11-05,S003-P0020,Clothing,110,226,77.89,71.74,114.03023
2023-11-06,S003-P0020,Clothing,98,160,71.2,71.74,106.319405
2023-11-07,S003-P0020,Clothing,122,473,76.88,71.74,107.91328
2023-11-08,S003-P0020,Clothing,81,336,67.15,71.74,105.55959
2023-11-09,S003-P0020,Clothing,94,247,69.99,71.74,107.49645
2023-11-10,S003-P0020,Clothing,124,156,73.17,71.74,133.29951
2023-11-11,S003-P0020,Clothing,96,478,74.37,71.74,105.22408
2023-11-12,S003-P0020,Clothing,120,400,76.1,71.74,104.178986
2023-11-13,S003-P0020,Clothing,103,302,80.25,71.74,106.07588
2023-11-14,S003-P0020,Clothing,94,179,73.99,71.74,102.23268
2023-11-15,S003-P0020,Clothing,142,102,81.35,71.74,134.01796
2023-11-16,S003-P0020,Clothing,97,439,70.77,71.74,104.803276
2023-11-17,S003-P0020,Clothing,174,353,88.81,71.74,133.00262
2023-11-18,S003-P0020,Clothing,128,239,82.31,71.74,102.26867
2023-11-19,S003-P0020,Clothing,67,693,63.94,71.74,106.05978
2023-11-20,S003-P0020,Clothing,76,643,66.06,71.74,104.07441
2023-11-21,S003-P0020,Clothing,76,568,59.15,71.74,133.02452
2023-11-22,S003-P0020,Clothing,99,512,71.42,71.74,100.38834
2023-11-23,S003-P0020,Clothing,62,412,62.48,71.74,100.178955
2023-11-24,S003-P0020,Clothing,58,374,68.46,71.74,96.840416
2023-11-25,S003-P0020,Clothing,91,320,62.21,71.74,117.49846
2023-11-26,S003-P0020,Clothing,114,263,62.4,71.74,120.36231
2023-11-27,S003-P0020,Clothing,84,185,56.44,71.74,120.72762
2023-11-28,S003-P0020,Clothing,110,117,65.55,71.74,119.50672
2023-11-29,S003-P0020,Clothing,95,372,74.32,71.74,89.209015
2023-11-30,S003-P0020,Clothing,116,299,79.36,71.74,93.36648
2023-12-01,S003-P0020,Clothing,144,176,86.4,71.74,91.98083
2023-12-02,S003-P0020,Clothing,146,513,65.07,71.74,124.74472
2023-12-03,S003-P0020,Clothing,121,357,72.69,71.74,98.77961
2023-12-04,S003-P0020,Clothing,203,258,75.81,71.74,128.48058
2023-12-05,S003-P0020,Clothing,128,754,78.06,71.74,136.05421
2023-12-06,S003-P0020,Clothing,182,655,90.64,71.74,138.95079
2023-12-07,S003-P0020,Clothing,175,536,84.69,71.74,109.02203
2023-12-08,S003-P0020,Clothing,146,374,65.24,71.74,144.50243
2023-12-09,S003-P0020,Clothing,106,214,69.18,71.74,142.09108
2023-12-10,S003-P0020,Clothing,60,816,65.45,71.74,113.55326
2023-12-11,S003-P0020,Clothing,106,762,60.83,71.74,132.98524
2023-12-12,S003-P0020,Clothing,109,650,81.8,71.74,104.758224
2023-12-13,S003-P0020,Clothing,199,544,100.08,71.74,103.69899
2023-12-14,S003-P0020,Clothing,118,341,80.03,71.74,110.29047
2023-12-15,S003-P0020,Clothing,172,205,83.87,71.74,111.07553
2023-12-16,S003-P0020,Clothing,144,89,86.43,71.74,117.806984
2023-12-17,S003-P0020,Clothing,142,753,77.26,71.74,120.35871
2023-12-18,S003-P0020,Clothing,295,666,92.91,71.74,149.49391
2023-12-19,S003-P0020,Clothing,119,411,75.97,71.74,131.84885
2023-12-20,S003-P0020,Clothing,95,283,66.77,71.74,132.32695
2023-12-21,S003-P0020,Clothing,148,185,82.96,71.74,129.32625
2023-12-22,S003-P0020,Clothing,161,1300,71.5,71.74,166.95149
2023-12-23,S003-P0020,Clothing,223,1134,83.64,71.74,163.37544
2023-12-24,S003-P0020,Clothing,147,938,91.68,71.74,139.68289
2023-12-25,S003-P0020,Clothing,111,828,70.47,71.74,135.95488
2023-12-26,S003-P0020,Clothing,119,735,72.24,71.74,135.02261
2023-12-27,S003-P0020,Clothing,155,660,89.21,71.74,106.035614
2023-12-28,S003-P0020,Clothing,172,474,93.34,71.74,112.04658
2023-12-29,S003-P0020,Clothing,122,337,80.83,71.74,116.31416
2023-12-30,S003-P0020,Clothing,204,232,101.19,71.74,114.58268
2023-12-31,S003-P0020,Clothing,106,45,73.22,71.74,123.5558
2024-01-01,S003-P0020,Clothing,56,554,61.32,71.74,121.71575
2024-01-02,S003-P0020,Clothing,122,508,68.13,71.74,130.21606
2024-01-03,S003-P0020,Clothing,58,1168,61.84,71.74,110.193474
2024-01-04,S003-P0020,Clothing,116,1101,83.55,71.74,105.20321
2024-01-05,S003-P0020,Clothing,248,1018,94.38,71.74,126.54552
2024-01-06,S003-P0020,Clothing,98,748,63.08,71.74,142.4271
2024-01-07,S003-P0020,Clothing,102,636,75.96,71.74,117.577965
2024-01-08,S003-P0020,Clothing,119,534,75.95,71.74,128.24565
2024-01-09,S003-P0020,Clothing,71,1407,68.28,71.74,138.10542
2024-01-10,S003-P0020,Clothing,109,1354,73.76,71.74,128.3152
2024-01-11,S003-P0020,Clothing,181,1248,90.55,71.74,128.93706
2024-01-12,S003-P0020,Clothing,127,1072,82.13,71.74,128.59956
2024-01-13,S003-P0020,Clothing,125,963,81.62,71.74,133.85234
2024-01-14,S003-P0020,Clothing,214,884,93.27,71.74,157.24738
2024-01-15,S003-P0020,Clothing,126,684,77.52,71.74,134.44
2024-01-16,S003-P0020,Clothing,104,590,68.91,71.74,129.86984
2024-01-17,S003-P0020,Clothing,77,488,69.88,71.74,129.96333
2024-01-18,S003-P0020,Clothing,139,1397,76.63,71.74,154.22008
2024-01-19,S003-P0020,Clothing,75,1237,72.84,71.74,122.205605
2024-01-20,S003-P0020,Clothing,98,1176,74.93,71.74,121.47404
2024-01-21,S003-P0020,Clothing,97,1105,56.01,71.74,145.24861
2024-01-22,S003-P0020,Clothing,119,1034,71.83,71.74,143.21217
2024-01-23,S003-P0020,Clothing,142,949,85.98,71.74,112.88726
2024-01-24,S003-P0020,Clothing,115,849,62.55,71.74,144.60544
2024-01-25,S003-P0020,Clothing,158,723,89.86,71.74,114.27091
2024-01-26,S003-P0020,Clothing,69,593,60.98,71.74,112.776955
2024-01-27,S003-P0020,Clothing,114,511,78.96,71.74,116.890785
2024-01-28,S003-P0020,Clothing,161,384,81.08,71.74,145.58641
2024-01-29,S003-P0020,Clothing,109,192,73.8,71.74,116.65655
2024-01-30,S003-P0020,Clothing,96,113,70.6,71.74,112.130745
2023-10-03,S004-P0001,Groceries,74,363,9.71,11.055,121.228935
2023-10-04,S004-P0001,Groceries,106,305,11.39,11.055,117.51306
2023-10-05,S004-P0001,Groceries,219,1204,15.54,11.055,114.445045
2023-10-06,S004-P0001,Groceries,54,964,9.49,11.055,116.30691
2023-10-07,S004-P0001,Groceries,70,900,10.62,11.055,87.666306
2023-10-08,S004-P0001,Groceries,62,836,9.28,11.055,79.097824
2023-10-09,S004-P0001,Groceries,83,785,8.33,11.055,99.73719
2023-10-10,S004-P0001,Groceries,45,721,9.16,11.055,74.55773
2023-10-11,S004-P0001,Groceries,108,690,12.06,11.055,78.79798
2023-10-12,S004-P0001,Groceries,146,623,11.56,11.055,106.838875
2023-10-13,S004-P0001,Groceries,86,493,10.11,11.055,88.27433
2023-10-14,S004-P0001,Groceries,130,432,11.04,11.055,90.47671
2023-10-15,S004-P0001,Groceries,56,346,9.57,11.055,94.35248
2023-10-16,S004-P0001,Groceries,47,774,8.76,11.055,89.802376
2023-10-17,S004-P0001,Groceries,90,737,9.65,11.055,101.09218
2023-10-18,S004-P0001,Groceries,75,658,10.26,11.055,82.05194
2023-10-19,S004-P0001,Groceries,100,613,8.82,11.055,103.10227
2023-10-20,S004-P0001,Groceries,108,500,9.07,11.055,101.23805
2023-10-21,S004-P0001,Groceries,73,400,10.19,11.055,78.64178
2023-10-22,S004-P0001,Groceries,114,328,11.08,11.055,83.52175
2023-10-23,S004-P0001,Groceries,103,241,8.92,11.055,113.88685
2023-10-24,S004-P0001,Groceries,51,621,9.39,11.055,87.26852
2023-10-25,S004-P0001,Groceries,251,573,13.19,11.055,145.1779
2023-10-26,S004-P0001,Groceries,214,315,13.74,11.055,157.17943
2023-10-27,S004-P0001,Groceries,186,124,15.1,11.055,128.60522
2023-10-28,S004-P0001,Groceries,67,0,8.97,11.055,124.90951
2023-10-29,S004-P0001,Groceries,110,858,11.53,11.055,127.18754
2023-10-30,S004-P0001,Groceries,154,785,13.84,11.055,126.86786
2023-10-31,S004-P0001,Groceries,148,677,11.63,11.055,125.42951
2023-11-01,S004-P0001,Groceries,134,568,9.31,11.055,154.39455
2023-11-02,S004-P0001,Groceries,162,463,13.47,11.055,125.49787
2023-11-03,S004-P0001,Groceries,92,351,8.6,11.055,155.10497
2023-11-04,S004-P0001,Groceries,91,276,10.3,11.055,129.92648
2023-11-05,S004-P0001,Groceries,131,692,11.09,11.055,123.42588
2023-11-06,S004-P0001,Groceries,109,606,10.9,11.055,125.31405
2023-11-07,S004-P0001,Groceries,231,523,14.38,11.055,149.84871
2023-11-08,S004-P0001,Groceries,152,359,11.76,11.055,158.33727
2023-11-09,S004-P0001,Groceries,165,206,12.22,11.055,125.42646
2023-11-10,S004-P0001,Groceries,132,92,11.1,11.055,126.508965
2023-11-11,S004-P0001,Groceries,150,915,13.0,11.055,125.31042
2023-11-12,S004-P0001,Groceries,133,785,11.13,11.055,160.31544
2023-11-13,S004-P0001,Groceries,159,680,10.01,11.055,159.2352
2023-11-14,S004-P0001,Groceries,101,572,11.8,11.055,130.6873
2023-11-15,S004-P0001,Groceries,150,467,13.01,11.055,128.11342
2023-11-16,S004-P0001,Groceries,191,312,10.87,11.055,155.774
2023-11-17,S004-P0001,Groceries,133,709,13.04,11.055,130.93303
2023-11-18,S004-P0001,Groceries,164,607,10.67,11.055,155.64503
2023-11-19,S004-P0001,Groceries,157,486,11.93,11.055,128.51534
2023-11-20,S004-P0001,Groceries,88,336,8.06,11.055,157.59406
2023-11-21,S004-P0001,Groceries,82,275,9.97,11.055,126.63004
2023-11-22,S004-P0001,Groceries,69,714,10.03,11.055,123.932526
2023-11-23,S004-P0001,Groceries,89,661,10.77,11.055,120.326164
2023-11-24,S004-P0001,Groceries,67,584,9.47,11.055,111.681786
2023-11-25,S004-P0001,Groceries,124,529,11.41,11.055,112.11893
2023-11-26,S004-P0001,Groceries,112,418,9.17,11.055,136.60144
2023-11-27,S004-P0001,Groceries,106,311,10.24,11.055,112.32157
2023-11-28,S004-P0001,Groceries,74,213,9.72,11.055,107.65289
2023-11-29,S004-P0001,Groceries,58,691,9.64,11.055,110.63817
2023-11-30,S004-P0001,Groceries,108,656,11.46,11.055,102.72155
2023-12-01,S004-P0001,Groceries,69,569,9.51,11.055,105.30457
2023-12-02,S004-P0001,Groceries,30,514,8.15,11.055,125.22092
2023-12-03,S004-P0001,Groceries,106,489,10.24,11.055,97.523964
2023-12-04,S004-P0001,Groceries,231,378,12.62,11.055,122.76657
2023-12-05,S004-P0001,Groceries,117,141,11.2,11.055,104.52859
2023-12-06,S004-P0001,Groceries,65,32,9.88,11.055,105.023125
2023-12-07,S004-P0001,Groceries,131,465,11.67,11.055,104.23209
2023-12-08,S004-P0001,Groceries,189,1366,11.56,11.055,138.05797
2023-12-09,S004-P0001,Groceries,101,1163,11.22,11.055,109.73079
2023-12-10,S004-P0001,Groceries,75,1082,8.21,11.055,134.58945
2023-12-11,S004-P0001,Groceries,80,1001,9.4,11.055,103.82917
2023-12-12,S004-P0001,Groceries,146,909,11.5,11.055,133.00581
2023-12-13,S004-P0001,Groceries,125,774,10.89,11.055,104.35546
2023-12-14,S004-P0001,Groceries,99,637,10.55,11.055,104.37556
2023-12-15,S004-P0001,Groceries,203,542,12.7,11.055,131.54643
2023-12-16,S004-P0001,Groceries,137,386,11.27,11.055,107.96526
2023-12-17,S004-P0001,Groceries,53,286,8.95,11.055,114.5374
2023-12-18,S004-P0001,Groceries,110,232,10.94,11.055,108.32748
2023-12-19,S004-P0001,Groceries,144,1017,12.79,11.055,108.56243
2023-12-20,S004-P0001,Groceries,99,865,10.02,11.055,109.33303
2023-12-21,S004-P0001,Groceries,131,791,12.33,11.055,113.826645
2023-12-22,S004-P0001,Groceries,135,671,12.44,11.055,112.80293
2023-12-23,S004-P0001,Groceries,108,566,12.08,11.055,113.06902
2023-12-24,S004-P0001,Groceries,193,476,11.52,11.055,143.73454
2023-12-25,S004-P0001,Groceries,155,249,11.23,11.055,153.06035
2023-12-26,S004-P0001,Groceries,191,82,12.99,11.055,150.5543
2023-12-27,S004-P0001,Groceries,85,0,9.04,11.055,109.03591
2023-12-28,S004-P0001,Groceries,90,892,11.38,11.055,97.05046
2023-12-29,S004-P0001,Groceries,70,818,10.61,11.055,82.92413
2023-12-30,S004-P0001,Groceries,80,773,9.88,11.055,84.94288
2023-12-31,S004-P0001,Groceries,82,719,9.46,11.055,78.57439
2024-01-01,S004-P0001,Groceries,31,621,9.09,11.055,83.51967
2024-01-02,S004-P0001,Groceries,101,594,11.22,11.055,73.48763
2024-01-03,S004-P0001,Groceries,90,486,8.63,11.055,97.11803
2024-01-04,S004-P0001,Groceries,124,379,10.25,11.055,103.396255
2024-01-05,S004-P0001,Groceries,39,275,8.94,11.055,84.81897
2024-01-06,S004-P0001,Groceries,80,251,7.84,11.055,94.17057
2024-01-07,S004-P0001,Groceries,75,180,9.71,11.055,69.77765
2024-01-08,S004-P0001,Groceries,106,567,9.11,11.055,87.04061
2024-01-09,S004-P0001,Groceries,128,457,11.0,11.055,111.42962
2024-01-10,S004-P0001,Groceries,128,347,12.18,11.055,111.1359
2024-01-11,S004-P0001,Groceries,199,230,11.69,11.055,147.65443
2024-01-12,S004-P0001,Groceries,85,7,10.06,11.055,116.90653
2024-01-13,S004-P0001,Groceries,112,512,10.39,11.055,153.08153
2024-01-14,S004-P0001,Groceries,4,393,8.07,11.055,113.09792
2024-01-15,S004-P0001,Groceries,192,1209,13.83,11.055,115.457375
2024-01-16,S004-P0001,Groceries,117,1085,11.19,11.055,113.47713
2024-01-17,S004-P0001,Groceries,78,958,10.9,11.055,118.2523
2024-01-18,S004-P0001,Groceries,95,886,11.58,11.055,112.04798
2024-01-19,S004-P0001,Groceries,116,827,9.27,11.055,137.98628
2024-01-20,S004-P0001,Groceries,115,756,11.72,11.055,110.23345
2024-01-21,S004-P0001,Groceries,63,677,7.86,11.055,141.52345
2024-01-22,S004-P0001,Groceries,152,610,10.33,11.055,139.01704
2024-01-23,S004-P0001,Groceries,65,494,10.42,11.055,109.704834
2024-01-24,S004-P0001,Groceries,115,432,10.5,11.055,141.07062
2024-01-25,S004-P0001,Groceries,135,308,12.46,11.055,103.314995
2024-01-26,S004-P0001,Groceries,86,875,9.59,11.055,107.65456
2024-01-27,S004-P0001,Groceries,120,772,12.53,11.055,108.56611
2024-01-28,S004-P0001,Groceries,175,649,13.93,11.055,112.10741
2024-01-29,S004-P0001,Groceries,171,515,12.4,11.055,114.02053
2024-01-30,S004-P0001,Groceries,123,342,11.43,11.055,117.175674
2023-10-03,S004-P0002,Groceries,140,193,21.92,20.0,136.95268
2023-10-04,S004-P0002,Groceries,76,105,17.83,20.0,131.1978
2023-10-05,S004-P0002,Groceries,227,269,24.59,20.0,131.65416
2023-10-06,S004-P0002,Groceries,138,104,21.81,20.0,108.50062
2023-10-07,S004-P0002,Groceries,62,461,16.98,20.0,82.044136
2023-10-08,S004-P0002,Groceries,192,394,21.03,20.0,89.61863
2023-10-09,S004-P0002,Groceries,94,199,19.01,20.0,82.89156
2023-10-10,S004-P0002,Groceries,42,539,14.91,20.0,82.62885
2023-10-11,S004-P0002,Groceries,46,513,15.11,20.0,83.802666
2023-10-12,S004-P0002,Groceries,91,477,20.88,20.0,71.70897
2023-10-13,S004-P0002,Groceries,44,386,16.68,20.0,81.605385
2023-10-14,S004-P0002,Groceries,108,333,18.89,20.0,96.093666
2023-10-15,S004-P0002,Groceries,50,203,17.09,20.0,81.13238
2023-10-16,S004-P0002,Groceries,56,172,16.61,20.0,73.16984
2023-10-17,S004-P0002,Groceries,141,112,19.54,20.0,92.51988
2023-10-18,S004-P0002,Groceries,154,25,19.02,20.0,102.16845
2023-10-19,S004-P0002,Groceries,101,236,19.39,20.0,80.99175
2023-10-20,S004-P0002,Groceries,66,470,17.23,20.0,82.65423
2023-10-21,S004-P0002,Groceries,76,405,16.96,20.0,82.319595
2023-10-22,S004-P0002,Groceries,57,333,17.57,20.0,81.47019
2023-10-23,S004-P0002,Groceries,45,291,14.25,20.0,98.909035
2023-10-24,S004-P0002,Groceries,38,243,14.67,20.0,70.79122
2023-10-25,S004-P0002,Groceries,195,216,25.39,20.0,136.33328
2023-10-26,S004-P0002,Groceries,203,2,24.48,20.0,144.23268
2023-10-27,S004-P0002,Groceries,99,374,19.29,20.0,115.75678
2023-10-28,S004-P0002,Groceries,96,698,20.19,20.0,112.04332
2023-10-29,S004-P0002,Groceries,81,589,19.13,20.0,110.3655
2023-10-30,S004-P0002,Groceries,108,496,20.97,20.0,110.76845
2023-10-31,S004-P0002,Groceries,90,386,17.77,20.0,107.40807
2023-11-01,S004-P0002,Groceries,124,284,19.86,20.0,105.23238
2023-11-02,S004-P0002,Groceries,91,156,18.81,20.0,106.32388
2023-11-03,S004-P0002,Groceries,139,311,20.63,20.0,135.29074
2023-11-04,S004-P0002,Groceries,138,225,20.67,20.0,108.92265
2023-11-05,S004-P0002,Groceries,119,350,22.85,20.0,110.55921
2023-11-06,S004-P0002,Groceries,162,249,25.89,20.0,109.00953
2023-11-07,S004-P0002,Groceries,32,132,13.52,20.0,144.58073
2023-11-08,S004-P0002,Groceries,140,456,18.49,20.0,142.98872
2023-11-09,S004-P0002,Groceries,65,308,17.19,20.0,109.76111
2023-11-10,S004-P0002,Groceries,115,243,19.21,20.0,139.24834
2023-11-11,S004-P0002,Groceries,83,134,16.38,20.0,132.34587
2023-11-12,S004-P0002,Groceries,89,315,15.54,20.0,138.64775
2023-11-13,S004-P0002,Groceries,104,248,18.63,20.0,101.421486
2023-11-14,S004-P0002,Groceries,106,184,19.71,20.0,106.78269
2023-11-15,S004-P0002,Groceries,244,114,22.54,20.0,128.37137
2023-11-16,S004-P0002,Groceries,80,246,19.11,20.0,107.99065
2023-11-17,S004-P0002,Groceries,85,677,20.44,20.0,110.33078
2023-11-18,S004-P0002,Groceries,199,576,21.64,20.0,132.06668
2023-11-19,S004-P0002,Groceries,136,447,21.66,20.0,109.41895
2023-11-20,S004-P0002,Groceries,118,300,18.41,20.0,138.36671
2023-11-21,S004-P0002,Groceries,62,189,16.11,20.0,111.84155
2023-11-22,S004-P0002,Groceries,166,117,23.55,20.0,108.582085
2023-11-23,S004-P0002,Groceries,52,12,17.23,20.0,112.159195
2023-11-24,S004-P0002,Groceries,147,293,23.62,20.0,111.7568
2023-11-25,S004-P0002,Groceries,87,186,18.52,20.0,145.60089
2023-11-26,S004-P0002,Groceries,53,435,15.55,20.0,112.8624
2023-11-27,S004-P0002,Groceries,141,397,22.05,20.0,109.77183
2023-11-28,S004-P0002,Groceries,90,281,17.78,20.0,110.24539
2023-11-29,S004-P0002,Groceries,101,210,18.45,20.0,105.696304
2023-11-30,S004-P0002,Groceries,123,116,19.76,20.0,106.607666
2023-12-01,S004-P0002,Groceries,149,247,18.96,20.0,136.36479
2023-12-02,S004-P0002,Groceries,85,86,17.47,20.0,109.976685
2023-12-03,S004-P0002,Groceries,85,304,18.38,20.0,107.934685
2023-12-04,S004-P0002,Groceries,109,224,16.63,20.0,132.77954
2023-12-05,S004-P0002,Groceries,163,151,24.66,20.0,106.812965
2023-12-06,S004-P0002,Groceries,97,202,19.17,20.0,109.11908
2023-12-07,S004-P0002,Groceries,78,388,18.0,20.0,111.0515
2023-12-08,S004-P0002,Groceries,93,335,19.99,20.0,107.86817
2023-12-09,S004-P0002,Groceries,82,238,18.24,20.0,108.8711
2023-12-10,S004-P0002,Groceries,128,164,23.48,20.0,108.19496
2023-12-11,S004-P0002,Groceries,84,12,17.4,20.0,106.46713
2023-12-12,S004-P0002,Groceries,99,234,16.28,20.0,130.04912
2023-12-13,S004-P0002,Groceries,188,137,26.31,20.0,105.12035
2023-12-14,S004-P0002,Groceries,143,236,23.32,20.0,109.23167
2023-12-15,S004-P0002,Groceries,155,579,22.89,20.0,114.21376
2023-12-16,S004-P0002,Groceries,194,446,26.73,20.0,111.16857
2023-12-17,S004-P0002,Groceries,143,234,23.34,20.0,121.242165
2023-12-18,S004-P0002,Groceries,44,63,15.04,20.0,122.67413
2023-12-19,S004-P0002,Groceries,195,253,28.24,20.0,122.568306
2023-12-20,S004-P0002,Groceries,238,27,25.23,20.0,154.1769
2023-12-21,S004-P0002,Groceries,226,382,22.79,20.0,164.16576
2023-12-22,S004-P0002,Groceries,107,677,19.83,20.0,167.36307
2023-12-23,S004-P0002,Groceries,116,553,20.35,20.0,164.6599
2023-12-24,S004-P0002,Groceries,126,440,17.76,20.0,156.7007
2023-12-25,S004-P0002,Groceries,128,304,21.2,20.0,130.06258
2023-12-26,S004-P0002,Groceries,85,179,18.48,20.0,124.70769
2023-12-27,S004-P0002,Groceries,103,95,17.38,20.0,103.34531
2023-12-28,S004-P0002,Groceries,91,177,16.72,20.0,99.7162
2023-12-29,S004-P0002,Groceries,46,308,16.82,20.0,84.82283
2023-12-30,S004-P0002,Groceries,69,253,16.53,20.0,74.37029
2023-12-31,S004-P0002,Groceries,50,176,17.07,20.0,74.398865
2024-01-01,S004-P0002,Groceries,115,128,18.04,20.0,83.91678
2024-01-02,S004-P0002,Groceries,94,23,20.0,20.0,81.41682
2024-01-03,S004-P0002,Groceries,104,211,16.58,20.0,104.04067
2024-01-04,S004-P0002,Groceries,56,110,17.52,20.0,90.342705
2024-01-05,S004-P0002,Groceries,54,284,16.46,20.0,75.112175
2024-01-06,S004-P0002,Groceries,50,238,15.38,20.0,77.07924
2024-01-07,S004-P0002,Groceries,86,200,16.56,20.0,82.40827
2024-01-08,S004-P0002,Groceries,63,105,16.17,20.0,71.00776
2024-01-09,S004-P0002,Groceries,80,242,19.07,20.0,103.40959
2024-01-10,S004-P0002,Groceries,132,181,23.77,20.0,111.323296
2024-01-11,S004-P0002,Groceries,83,96,17.39,20.0,104.03767
2024-01-12,S004-P0002,Groceries,61,321,17.84,20.0,113.22335
2024-01-13,S004-P0002,Groceries,102,262,20.55,20.0,100.984406
2024-01-14,S004-P0002,Groceries,211,146,27.88,20.0,105.107506
2024-01-15,S004-P0002,Groceries,197,0,21.27,20.0,139.99565
2024-01-16,S004-P0002,Groceries,11,486,11.59,20.0,148.60226
2024-01-17,S004-P0002,Groceries,107,476,20.92,20.0,110.116615
2024-01-18,S004-P0002,Groceries,113,360,20.24,20.0,108.701225
2024-01-19,S004-P0002,Groceries,41,268,15.61,20.0,108.680084
2024-01-20,S004-P0002,Groceries,68,220,14.44,20.0,138.47513
2024-01-21,S004-P0002,Groceries,42,162,16.56,20.0,97.74748
2024-01-22,S004-P0002,Groceries,84,129,20.4,20.0,98.757286
2024-01-23,S004-P0002,Groceries,79,35,19.04,20.0,94.59106
2024-01-24,S004-P0002,Groceries,110,200,17.8,20.0,122.180305
2024-01-25,S004-P0002,Groceries,105,103,16.62,20.0,119.318184
2024-01-26,S004-P0002,Groceries,108,210,17.66,20.0,123.35586
2024-01-27,S004-P0002,Groceries,170,112,21.15,20.0,122.713554
2024-01-28,S004-P0002,Groceries,97,239,20.25,20.0,96.43273
2024-01-29,S004-P0002,Groceries,137,436,21.77,20.0,96.676735
2024-01-30,S004-P0002,Groceries,57,273,17.57,20.0,101.64028
2023-10-03,S004-P0003,Furniture,78,169,149.07,129.36,74.36924
2023-10-04,S004-P0003,Furniture,92,88,148.64,129.36,76.28977
2023-10-05,S004-P0003,Furniture,91,311,116.72,129.36,103.93116
2023-10-06,S004-P0003,Furniture,117,254,152.72,129.36,105.08312
2023-10-07,S004-P0003,Furniture,36,155,120.59,129.36,44.50945
2023-10-08,S004-P0003,Furniture,30,415,117.58,129.36,43.274574
2023-10-09,S004-P0003,Furniture,39,384,109.98,129.36,50.350903
2023-10-10,S004-P0003,Furniture,25,355,114.79,129.36,37.777164
2023-10-11,S004-P0003,Furniture,30,329,105.76,129.36,43.88387
2023-10-12,S004-P0003,Furniture,28,304,104.78,129.36,30.011705
2023-10-13,S004-P0003,Furniture,31,282,117.98,129.36,31.368448
2023-10-14,S004-P0003,Furniture,42,262,129.89,129.36,31.504353
2023-10-15,S004-P0003,Furniture,34,229,113.29,129.36,32.956173
2023-10-16,S004-P0003,Furniture,52,205,128.7,129.36,34.256645
2023-10-17,S004-P0003,Furniture,38,172,108.57,129.36,48.858665
2023-10-18,S004-P0003,Furniture,64,134,121.17,129.36,49.92148
2023-10-19,S004-P0003,Furniture,66,244,101.48,129.36,48.878483
2023-10-20,S004-P0003,Furniture,35,169,108.07,129.36,40.18248
2023-10-21,S004-P0003,Furniture,40,130,122.37,129.36,40.77995
2023-10-22,S004-P0003,Furniture,27,295,116.22,129.36,41.74671
2023-10-23,S004-P0003,Furniture,56,276,116.85,129.36,49.481983
2023-10-24,S004-P0003,Furniture,43,221,111.41,129.36,39.377674
2023-10-25,S004-P0003,Furniture,160,173,144.28,129.36,108.81982
2023-10-26,S004-P0003,Furniture,90,22,147.34,129.36,88.53507
2023-10-27,S004-P0003,Furniture,91,134,155.99,129.36,87.61263
2023-10-28,S004-P0003,Furniture,97,457,136.09,129.36,90.852394
2023-10-29,S004-P0003,Furniture,40,383,122.4,129.36,91.16248
2023-10-30,S004-P0003,Furniture,74,347,132.35,129.36,90.51011
2023-10-31,S004-P0003,Furniture,100,271,152.75,129.36,86.426765
2023-11-01,S004-P0003,Furniture,69,176,144.35,129.36,88.2901
2023-11-02,S004-P0003,Furniture,52,116,121.91,129.36,84.5448
2023-11-03,S004-P0003,Furniture,76,418,140.28,129.36,87.66801
2023-11-04,S004-P0003,Furniture,57,345,117.67,129.36,84.82543
2023-11-05,S004-P0003,Furniture,134,287,152.36,129.36,85.043594
2023-11-06,S004-P0003,Furniture,98,148,121.35,129.36,115.9016
2023-11-07,S004-P0003,Furniture,72,52,131.28,129.36,88.50363
2023-11-08,S004-P0003,Furniture,112,438,133.36,129.36,113.73675
2023-11-09,S004-P0003,Furniture,105,340,146.87,129.36,90.7652
2023-11-10,S004-P0003,Furniture,53,223,129.06,129.36,87.8408
2023-11-11,S004-P0003,Furniture,71,188,123.36,129.36,116.470116
2023-11-12,S004-P0003,Furniture,21,501,84.76,129.36,112.34849
2023-11-13,S004-P0003,Furniture,56,476,137.36,129.36,84.58541
2023-11-14,S004-P0003,Furniture,163,434,138.06,129.36,105.70016
2023-11-15,S004-P0003,Furniture,194,298,179.52,129.36,114.42719
2023-11-16,S004-P0003,Furniture,57,66,131.0,129.36,91.3824
2023-11-17,S004-P0003,Furniture,107,526,140.64,129.36,95.25406
2023-11-18,S004-P0003,Furniture,97,428,143.17,129.36,121.41781
2023-11-19,S004-P0003,Furniture,123,318,146.6,129.36,122.887535
2023-11-20,S004-P0003,Furniture,52,209,121.92,129.36,91.11898
2023-11-21,S004-P0003,Furniture,67,156,143.12,129.36,93.507355
2023-11-22,S004-P0003,Furniture,65,477,142.13,129.36,86.42781
2023-11-23,S004-P0003,Furniture,119,414,128.0,129.36,113.13217
2023-11-24,S004-P0003,Furniture,78,301,127.31,129.36,85.16474
2023-11-25,S004-P0003,Furniture,123,238,155.95,129.36,88.50387
2023-11-26,S004-P0003,Furniture,67,519,122.29,129.36,86.957756
2023-11-27,S004-P0003,Furniture,180,477,154.14,129.36,117.98721
2023-11-28,S004-P0003,Furniture,61,272,132.82,129.36,94.12192
2023-11-29,S004-P0003,Furniture,140,230,181.41,129.36,96.37652
2023-11-30,S004-P0003,Furniture,82,700,143.45,129.36,93.95938
2023-12-01,S004-P0003,Furniture,96,635,135.4,129.36,128.92531
2023-12-02,S004-P0003,Furniture,34,561,107.11,129.36,125.385826
2023-12-03,S004-P0003,Furniture,86,524,131.04,129.36,95.53268
2023-12-04,S004-P0003,Furniture,52,425,115.74,129.36,91.62423
2023-12-05,S004-P0003,Furniture,91,383,140.66,129.36,92.01588
2023-12-06,S004-P0003,Furniture,168,274,157.17,129.36,113.850655
2023-12-07,S004-P0003,Furniture,79,113,142.21,129.36,93.46699
2023-12-08,S004-P0003,Furniture,68,48,122.74,129.36,91.94077
2023-12-09,S004-P0003,Furniture,93,591,126.66,129.36,118.72639
2023-12-10,S004-P0003,Furniture,44,528,112.02,129.36,116.591576
2023-12-11,S004-P0003,Furniture,79,485,142.12,129.36,88.59667
2023-12-12,S004-P0003,Furniture,97,424,136.11,129.36,108.52293
2023-12-13,S004-P0003,Furniture,110,318,141.62,129.36,83.306145
2023-12-14,S004-P0003,Furniture,106,226,139.98,129.36,86.923515
2023-12-15,S004-P0003,Furniture,145,108,157.73,129.36,90.44254
2023-12-16,S004-P0003,Furniture,115,393,128.0,129.36,121.47519
2023-12-17,S004-P0003,Furniture,76,304,133.24,129.36,97.22521
2023-12-18,S004-P0003,Furniture,72,574,117.77,129.36,122.39916
2023-12-19,S004-P0003,Furniture,142,521,138.94,129.36,123.47424
2023-12-20,S004-P0003,Furniture,92,398,140.46,129.36,91.18225
2023-12-21,S004-P0003,Furniture,108,331,141.04,129.36,94.626564
2023-12-22,S004-P0003,Furniture,44,661,112.09,129.36,92.76858
2023-12-23,S004-P0003,Furniture,56,632,137.42,129.36,97.25537
2023-12-24,S004-P0003,Furniture,88,589,131.66,129.36,84.90332
2023-12-25,S004-P0003,Furniture,75,504,140.05,129.36,91.43978
2023-12-26,S004-P0003,Furniture,85,456,145.14,129.36,84.0936
2023-12-27,S004-P0003,Furniture,55,397,116.48,129.36,59.235737
2023-12-28,S004-P0003,Furniture,28,331,104.76,129.36,44.668926
2023-12-29,S004-P0003,Furniture,20,300,112.46,129.36,39.819424
2023-12-30,S004-P0003,Furniture,34,283,125.75,129.36,34.93963
2023-12-31,S004-P0003,Furniture,6,249,94.77,129.36,31.643894
2024-01-01,S004-P0003,Furniture,24,244,114.31,129.36,32.33923
2024-01-02,S004-P0003,Furniture,58,228,138.53,129.36,29.878944
2024-01-03,S004-P0003,Furniture,16,161,99.55,129.36,31.45241
2024-01-04,S004-P0003,Furniture,30,149,117.47,129.36,35.350704
2024-01-05,S004-P0003,Furniture,73,276,111.19,129.36,40.240948
2024-01-06,S004-P0003,Furniture,32,217,94.95,129.36,49.496784
2024-01-07,S004-P0003,Furniture,39,180,115.92,129.36,37.668343
2024-01-08,S004-P0003,Furniture,50,369,95.65,129.36,46.820087
2024-01-09,S004-P0003,Furniture,60,336,125.67,129.36,76.88535
2024-01-10,S004-P0003,Furniture,96,275,113.03,129.36,109.93012
2024-01-11,S004-P0003,Furniture,87,176,109.65,129.36,111.82781
2024-01-12,S004-P0003,Furniture,39,91,122.08,129.36,84.19483
2024-01-13,S004-P0003,Furniture,59,340,125.27,129.36,82.760826
2024-01-14,S004-P0003,Furniture,72,278,124.55,129.36,78.36316
2024-01-15,S004-P0003,Furniture,53,206,129.07,129.36,84.36198
2024-01-16,S004-P0003,Furniture,51,151,121.49,129.36,99.54868
2024-01-17,S004-P0003,Furniture,51,331,128.07,129.36,71.53629
2024-01-18,S004-P0003,Furniture,52,281,128.35,129.36,71.28767
2024-01-19,S004-P0003,Furniture,80,232,128.44,129.36,91.91346
2024-01-20,S004-P0003,Furniture,70,180,130.48,129.36,66.944984
2024-01-21,S004-P0003,Furniture,33,99,119.13,129.36,74.10245
2024-01-22,S004-P0003,Furniture,75,348,110.47,129.36,92.034325
2024-01-23,S004-P0003,Furniture,77,266,127.07,129.36,68.283966
2024-01-24,S004-P0003,Furniture,116,196,143.64,129.36,97.376884
2024-01-25,S004-P0003,Furniture,68,96,136.36,129.36,68.369705
2024-01-26,S004-P0003,Furniture,106,255,139.9,129.36,73.83665
2024-01-27,S004-P0003,Furniture,73,423,138.81,129.36,77.47287
2024-01-28,S004-P0003,Furniture,126,342,139.28,129.36,105.16004
2024-01-29,S004-P0003,Furniture,74,204,139.28,129.36,76.10659
2024-01-30,S004-P0003,Furniture,59,153,131.83,129.36,81.00496
2023-10-03,S004-P0004,Groceries,113,604,50.72,53.504999999999995,116.90499
2023-10-04,S004-P0004,Groceries,129,525,44.44,53.504999999999995,139.8365
2023-10-05,S004-P0004,Groceries,101,421,57.17,53.504999999999995,108.38055
2023-10-06,S004-P0004,Groceries,103,300,54.71,53.504999999999995,107.976265
2023-10-07,S004-P0004,Groceries,63,181,40.42,53.504999999999995,92.93415
2023-10-08,S004-P0004,Groceries,83,119,48.48,53.504999999999995,70.98643
2023-10-09,S004-P0004,Groceries,59,319,46.75,53.504999999999995,70.096344
2023-10-10,S004-P0004,Groceries,65,267,50.38,53.504999999999995,69.251335
2023-10-11,S004-P0004,Groceries,124,209,55.37,53.504999999999995,92.52032
2023-10-12,S004-P0004,Groceries,50,100,45.17,53.504999999999995,76.11794
2023-10-13,S004-P0004,Groceries,92,251,44.78,53.504999999999995,99.34887
2023-10-14,S004-P0004,Groceries,53,566,41.16,53.504999999999995,73.98474
2023-10-15,S004-P0004,Groceries,84,522,46.21,53.504999999999995,71.70727
2023-10-16,S004-P0004,Groceries,82,448,50.89,53.504999999999995,75.36146
2023-10-17,S004-P0004,Groceries,81,397,48.02,53.504999999999995,97.06906
2023-10-18,S004-P0004,Groceries,120,320,48.6,53.504999999999995,98.08366
2023-10-19,S004-P0004,Groceries,60,202,39.64,53.504999999999995,97.01104
2023-10-20,S004-P0004,Groceries,142,153,46.23,53.504999999999995,92.75829
2023-10-21,S004-P0004,Groceries,81,400,48.04,53.504999999999995,71.588646
2023-10-22,S004-P0004,Groceries,69,342,48.53,53.504999999999995,79.75388
2023-10-23,S004-P0004,Groceries,39,763,41.08,53.504999999999995,75.90688
2023-10-24,S004-P0004,Groceries,59,733,42.19,53.504999999999995,73.40276
2023-10-25,S004-P0004,Groceries,132,665,59.76,53.504999999999995,105.90956
2023-10-26,S004-P0004,Groceries,136,559,54.44,53.504999999999995,106.66453
2023-10-27,S004-P0004,Groceries,175,466,67.34,53.504999999999995,103.90644
2023-10-28,S004-P0004,Groceries,151,270,49.84,53.504999999999995,140.40564
2023-10-29,S004-P0004,Groceries,116,147,57.01,53.504999999999995,115.31704
2023-10-30,S004-P0004,Groceries,102,497,54.42,53.504999999999995,114.5876
2023-10-31,S004-P0004,Groceries,108,402,55.45,53.504999999999995,112.50381
2023-11-01,S004-P0004,Groceries,49,315,37.98,53.504999999999995,144.32869
2023-11-02,S004-P0004,Groceries,83,262,48.57,53.504999999999995,110.54041
2023-11-03,S004-P0004,Groceries,114,497,53.72,53.504999999999995,108.20325
2023-11-04,S004-P0004,Groceries,180,407,51.24,53.504999999999995,135.91621
2023-11-05,S004-P0004,Groceries,81,284,48.12,53.504999999999995,134.771
2023-11-06,S004-P0004,Groceries,122,188,52.27,53.504999999999995,114.79129
2023-11-07,S004-P0004,Groceries,112,758,56.32,53.504999999999995,109.145546
2023-11-08,S004-P0004,Groceries,157,655,54.57,53.504999999999995,141.14024
2023-11-09,S004-P0004,Groceries,122,482,52.27,53.504999999999995,106.82493
2023-11-10,S004-P0004,Groceries,80,345,50.48,53.504999999999995,111.23038
2023-11-11,S004-P0004,Groceries,153,283,53.54,53.504999999999995,132.80176
2023-11-12,S004-P0004,Groceries,85,157,48.68,53.504999999999995,109.706894
2023-11-13,S004-P0004,Groceries,115,78,51.01,53.504999999999995,108.38948
2023-11-14,S004-P0004,Groceries,133,451,56.96,53.504999999999995,111.17684
2023-11-15,S004-P0004,Groceries,93,317,47.54,53.504999999999995,110.38596
2023-11-16,S004-P0004,Groceries,118,227,57.27,53.504999999999995,112.004135
2023-11-17,S004-P0004,Groceries,118,565,51.59,53.504999999999995,111.703255
2023-11-18,S004-P0004,Groceries,126,447,46.33,53.504999999999995,141.53108
2023-11-19,S004-P0004,Groceries,166,334,51.9,53.504999999999995,138.49358
2023-11-20,S004-P0004,Groceries,116,155,53.88,53.504999999999995,112.82166
2023-11-21,S004-P0004,Groceries,74,347,49.44,53.504999999999995,112.44815
2023-11-22,S004-P0004,Groceries,169,296,66.32,53.504999999999995,109.90021
2023-11-23,S004-P0004,Groceries,199,132,53.82,53.504999999999995,146.63135
2023-11-24,S004-P0004,Groceries,107,0,44.26,53.504999999999995,148.23264
2023-11-25,S004-P0004,Groceries,134,510,56.96,53.504999999999995,118.12656
2023-11-26,S004-P0004,Groceries,124,1023,61.4,53.504999999999995,115.809105
2023-11-27,S004-P0004,Groceries,53,932,43.41,53.504999999999995,116.35055
2023-11-28,S004-P0004,Groceries,215,896,63.3,53.504999999999995,144.94887
2023-11-29,S004-P0004,Groceries,134,641,54.18,53.504999999999995,121.260475
2023-11-30,S004-P0004,Groceries,152,500,63.28,53.504999999999995,120.26342
2023-12-01,S004-P0004,Groceries,143,330,52.02,53.504999999999995,149.28717
2023-12-02,S004-P0004,Groceries,98,175,48.35,53.504999999999995,122.639885
2023-12-03,S004-P0004,Groceries,116,527,59.93,53.504999999999995,122.5307
2023-12-04,S004-P0004,Groceries,120,440,51.84,53.504999999999995,119.5474
2023-12-05,S004-P0004,Groceries,4,342,27.83,53.504999999999995,148.8552
2023-12-06,S004-P0004,Groceries,217,338,59.16,53.504999999999995,147.76086
2023-12-07,S004-P0004,Groceries,208,536,77.11,53.504999999999995,115.559296
2023-12-08,S004-P0004,Groceries,133,313,53.94,53.504999999999995,129.36644
2023-12-09,S004-P0004,Groceries,160,181,68.23,53.504999999999995,126.33596
2023-12-10,S004-P0004,Groceries,125,665,61.7,53.504999999999995,131.8327
2023-12-11,S004-P0004,Groceries,69,552,43.72,53.504999999999995,160.85594
2023-12-12,S004-P0004,Groceries,134,499,56.97,53.504999999999995,157.87663
2023-12-13,S004-P0004,Groceries,64,374,42.96,53.504999999999995,122.58878
2023-12-14,S004-P0004,Groceries,116,324,59.94,53.504999999999995,123.42237
2023-12-15,S004-P0004,Groceries,88,251,49.43,53.504999999999995,119.01714
2023-12-16,S004-P0004,Groceries,175,172,53.92,53.504999999999995,148.02412
2023-12-17,S004-P0004,Groceries,133,403,56.9,53.504999999999995,115.51809
2023-12-18,S004-P0004,Groceries,130,285,56.37,53.504999999999995,119.66636
2023-12-19,S004-P0004,Groceries,102,580,51.77,53.504999999999995,118.26425
2023-12-20,S004-P0004,Groceries,89,510,46.97,53.504999999999995,119.83323
2023-12-21,S004-P0004,Groceries,92,456,49.94,53.504999999999995,116.10133
2023-12-22,S004-P0004,Groceries,157,376,57.84,53.504999999999995,147.33574
2023-12-23,S004-P0004,Groceries,86,269,46.47,53.504999999999995,113.168495
2023-12-24,S004-P0004,Groceries,90,206,41.8,53.504999999999995,144.1705
2023-12-25,S004-P0004,Groceries,209,612,55.03,53.504999999999995,139.5073
2023-12-26,S004-P0004,Groceries,111,401,56.11,53.504999999999995,115.51775
2023-12-27,S004-P0004,Groceries,65,329,50.35,53.504999999999995,93.39202
2023-12-28,S004-P0004,Groceries,82,855,48.29,53.504999999999995,93.255455
2023-12-29,S004-P0004,Groceries,56,798,44.03,53.504999999999995,80.69453
2023-12-30,S004-P0004,Groceries,116,754,59.88,53.504999999999995,68.64688
2023-12-31,S004-P0004,Groceries,59,634,49.27,53.504999999999995,83.09897
2024-01-01,S004-P0004,Groceries,101,573,54.24,53.504999999999995,75.87214
2024-01-02,S004-P0004,Groceries,33,461,42.21,53.504999999999995,81.8015
2024-01-03,S004-P0004,Groceries,69,438,46.12,53.504999999999995,76.24566
2024-01-04,S004-P0004,Groceries,76,384,52.39,53.504999999999995,70.89972
2024-01-05,S004-P0004,Groceries,74,329,49.41,53.504999999999995,69.39343
2024-01-06,S004-P0004,Groceries,82,245,48.26,53.504999999999995,71.666145
2024-01-07,S004-P0004,Groceries,90,160,55.06,53.504999999999995,76.43455
2024-01-08,S004-P0004,Groceries,100,64,46.01,53.504999999999995,99.67009
2024-01-09,S004-P0004,Groceries,94,287,53.0,53.504999999999995,109.26906
2024-01-10,S004-P0004,Groceries,164,186,62.09,53.504999999999995,108.387276
2024-01-11,S004-P0004,Groceries,188,373,62.72,53.504999999999995,146.46242
2024-01-12,S004-P0004,Groceries,147,236,56.14,53.504999999999995,149.06596
2024-01-13,S004-P0004,Groceries,144,613,61.84,53.504999999999995,118.95848
2024-01-14,S004-P0004,Groceries,143,475,49.46,53.504999999999995,148.43527
2024-01-15,S004-P0004,Groceries,168,342,66.17,53.504999999999995,121.0944
2024-01-16,S004-P0004,Groceries,121,216,45.63,53.504999999999995,149.49222
2024-01-17,S004-P0004,Groceries,136,497,60.45,53.504999999999995,119.21832
2024-01-18,S004-P0004,Groceries,178,368,53.65,53.504999999999995,147.5935
2024-01-19,S004-P0004,Groceries,95,203,55.98,53.504999999999995,123.76673
2024-01-20,S004-P0004,Groceries,201,479,60.62,53.504999999999995,150.67801
2024-01-21,S004-P0004,Groceries,122,300,49.24,53.504999999999995,157.65712
2024-01-22,S004-P0004,Groceries,120,220,54.77,53.504999999999995,124.90911
2024-01-23,S004-P0004,Groceries,162,752,61.67,53.504999999999995,122.0132
2024-01-24,S004-P0004,Groceries,140,591,55.03,53.504999999999995,123.257935
2024-01-25,S004-P0004,Groceries,95,480,53.29,53.504999999999995,124.580894
2024-01-26,S004-P0004,Groceries,216,378,59.81,53.504999999999995,154.57535
2024-01-27,S004-P0004,Groceries,158,222,67.8,53.504999999999995,128.73143
2024-01-28,S004-P0004,Groceries,136,43,48.42,53.504999999999995,162.41574
2024-01-29,S004-P0004,Groceries,132,522,56.55,53.504999999999995,129.47978
2024-01-30,S004-P0004,Groceries,132,439,62.88,53.504999999999995,130.35161
2023-10-03,S004-P0005,Clothing,77,107,57.76,70.665,123.242645
2023-10-04,S004-P0005,Clothing,126,123,80.56,70.665,92.53797
2023-10-05,S004-P0005,Clothing,98,139,73.6,70.665,96.623116
2023-10-06,S004-P0005,Clothing,99,189,69.92,70.665,92.85987
2023-10-07,S004-P0005,Clothing,121,84,79.23,70.665,61.52306
2023-10-08,S004-P0005,Clothing,90,117,67.87,70.665,65.54656
2023-10-09,S004-P0005,Clothing,133,136,69.09,70.665,91.547844
2023-10-10,S004-P0005,Clothing,88,146,56.28,70.665,97.07588
2023-10-11,S004-P0005,Clothing,75,139,67.93,70.665,73.07341
2023-10-12,S004-P0005,Clothing,131,80,65.36,70.665,95.26526
2023-10-13,S004-P0005,Clothing,114,140,65.31,70.665,104.95356
2023-10-14,S004-P0005,Clothing,137,132,65.61,70.665,104.51243
2023-10-15,S004-P0005,Clothing,131,151,85.94,70.665,81.24286
2023-10-16,S004-P0005,Clothing,125,153,76.09,70.665,109.3929
2023-10-17,S004-P0005,Clothing,116,191,74.14,70.665,88.09051
2023-10-18,S004-P0005,Clothing,108,117,80.07,70.665,89.47735
2023-10-19,S004-P0005,Clothing,126,154,76.14,70.665,89.406715
2023-10-20,S004-P0005,Clothing,74,148,64.18,70.665,92.36834
2023-10-21,S004-P0005,Clothing,76,104,64.78,70.665,88.91128
2023-10-22,S004-P0005,Clothing,51,125,46.61,70.665,105.69424
2023-10-23,S004-P0005,Clothing,94,74,61.85,70.665,97.06299
2023-10-24,S004-P0005,Clothing,117,91,70.35,70.665,95.70132
2023-10-25,S004-P0005,Clothing,127,135,80.77,70.665,117.62029
2023-10-26,S004-P0005,Clothing,89,133,67.81,70.665,113.97394
2023-10-27,S004-P0005,Clothing,117,142,78.19,70.665,111.85918
2023-10-28,S004-P0005,Clothing,132,187,81.84,70.665,111.20709
2023-10-29,S004-P0005,Clothing,117,174,70.49,70.665,113.65946
2023-10-30,S004-P0005,Clothing,88,215,64.0,70.665,111.514915
2023-10-31,S004-P0005,Clothing,119,116,78.74,70.665,113.99048
2023-11-01,S004-P0005,Clothing,133,130,64.94,70.665,142.81223
2023-11-02,S004-P0005,Clothing,151,158,91.09,70.665,114.5088
2023-11-03,S004-P0005,Clothing,140,139,71.21,70.665,144.01367
2023-11-04,S004-P0005,Clothing,65,192,58.63,70.665,145.93396
2023-11-05,S004-P0005,Clothing,78,144,65.16,70.665,143.40956
2023-11-06,S004-P0005,Clothing,90,53,67.96,70.665,113.18191
2023-11-07,S004-P0005,Clothing,77,82,68.57,70.665,108.853165
2023-11-08,S004-P0005,Clothing,73,99,60.84,70.665,104.63736
2023-11-09,S004-P0005,Clothing,141,96,84.09,70.665,100.61828
2023-11-10,S004-P0005,Clothing,96,163,65.88,70.665,104.666954
2023-11-11,S004-P0005,Clothing,99,104,70.02,70.665,102.67666
2023-11-12,S004-P0005,Clothing,104,112,71.27,70.665,102.9726
2023-11-13,S004-P0005,Clothing,85,157,55.54,70.665,131.44438
2023-11-14,S004-P0005,Clothing,45,92,54.33,70.665,131.93486
2023-11-15,S004-P0005,Clothing,139,103,75.18,70.665,101.40571
2023-11-16,S004-P0005,Clothing,61,122,61.34,70.665,99.76754
2023-11-17,S004-P0005,Clothing,96,81,73.15,70.665,98.9245
2023-11-18,S004-P0005,Clothing,118,96,70.69,70.665,100.05656
2023-11-19,S004-P0005,Clothing,123,150,59.74,70.665,129.5128
2023-11-20,S004-P0005,Clothing,195,158,92.02,70.665,127.423065
2023-11-21,S004-P0005,Clothing,55,203,56.77,70.665,105.012245
2023-11-22,S004-P0005,Clothing,89,167,67.77,70.665,104.82877
2023-11-23,S004-P0005,Clothing,176,81,69.48,70.665,130.18668
2023-11-24,S004-P0005,Clothing,149,184,77.35,70.665,105.12621
2023-11-25,S004-P0005,Clothing,87,166,63.84,70.665,131.6096
2023-11-26,S004-P0005,Clothing,66,109,62.28,70.665,105.65647
2023-11-27,S004-P0005,Clothing,75,117,68.09,70.665,100.876976
2023-11-28,S004-P0005,Clothing,108,149,72.19,70.665,102.72276
2023-11-29,S004-P0005,Clothing,168,206,81.67,70.665,97.555145
2023-11-30,S004-P0005,Clothing,110,248,76.59,70.665,103.52705
2023-12-01,S004-P0005,Clothing,124,119,71.54,70.665,129.06761
2023-12-02,S004-P0005,Clothing,92,157,72.22,70.665,108.30201
2023-12-03,S004-P0005,Clothing,76,62,64.85,70.665,105.96943
2023-12-04,S004-P0005,Clothing,30,89,57.11,70.665,104.19654
2023-12-05,S004-P0005,Clothing,185,105,79.75,70.665,121.88613
2023-12-06,S004-P0005,Clothing,154,221,82.6,70.665,99.63503
2023-12-07,S004-P0005,Clothing,100,83,70.47,70.665,104.950264
2023-12-08,S004-P0005,Clothing,33,102,60.79,70.665,107.141335
2023-12-09,S004-P0005,Clothing,104,71,75.1,70.665,104.21575
2023-12-10,S004-P0005,Clothing,104,84,75.1,70.665,107.853035
2023-12-11,S004-P0005,Clothing,150,120,90.91,70.665,104.70048
2023-12-12,S004-P0005,Clothing,136,135,62.18,70.665,136.52676
2023-12-13,S004-P0005,Clothing,116,131,77.95,70.665,107.31527
2023-12-14,S004-P0005,Clothing,96,171,62.09,70.665,136.75166
2023-12-15,S004-P0005,Clothing,179,97,78.6,70.665,137.82152
2023-12-16,S004-P0005,Clothing,76,145,64.74,70.665,141.8384
2023-12-17,S004-P0005,Clothing,206,78,84.89,70.665,138.86171
2023-12-18,S004-P0005,Clothing,111,235,76.88,70.665,109.260864
2023-12-19,S004-P0005,Clothing,167,108,67.88,70.665,147.38449
2023-12-20,S004-P0005,Clothing,105,177,71.47,70.665,109.70701
2023-12-21,S004-P0005,Clothing,129,72,77.03,70.665,118.66386
2023-12-22,S004-P0005,Clothing,122,153,67.46,70.665,140.36346
2023-12-23,S004-P0005,Clothing,88,204,74.92,70.665,119.70652
2023-12-24,S004-P0005,Clothing,84,134,66.53,70.665,110.09864
2023-12-25,S004-P0005,Clothing,162,139,80.3,70.665,113.03164
2023-12-26,S004-P0005,Clothing,157,153,87.93,70.665,112.00463
2023-12-27,S004-P0005,Clothing,116,193,70.31,70.665,92.12214
2023-12-28,S004-P0005,Clothing,193,62,72.47,70.665,111.41068
2023-12-29,S004-P0005,Clothing,82,205,69.75,70.665,103.141304
2023-12-30,S004-P0005,Clothing,134,111,78.23,70.665,96.82769
2023-12-31,S004-P0005,Clothing,71,159,67.13,70.665,105.3883
2024-01-01,S004-P0005,Clothing,141,76,84.1,70.665,99.10451
2024-01-02,S004-P0005,Clothing,204,152,84.44,70.665,127.23382
2024-01-03,S004-P0005,Clothing,160,209,79.3,70.665,132.52834
2024-01-04,S004-P0005,Clothing,81,157,66.01,70.665,112.715324
2024-01-05,S004-P0005,Clothing,128,97,72.35,70.665,123.92828
2024-01-06,S004-P0005,Clothing,113,153,77.27,70.665,105.23566
2024-01-07,S004-P0005,Clothing,110,160,76.67,70.665,104.82101
2024-01-08,S004-P0005,Clothing,127,144,80.76,70.665,107.49095
2024-01-09,S004-P0005,Clothing,53,158,56.39,70.665,124.32699
2024-01-10,S004-P0005,Clothing,85,106,66.92,70.665,126.64648
2024-01-11,S004-P0005,Clothing,91,116,68.19,70.665,120.7026
2024-01-12,S004-P0005,Clothing,93,109,76.22,70.665,121.12102
2024-01-13,S004-P0005,Clothing,189,135,90.66,70.665,113.389946
2024-01-14,S004-P0005,Clothing,67,162,65.98,70.665,120.51752
2024-01-15,S004-P0005,Clothing,105,119,71.46,70.665,121.34544
2024-01-16,S004-P0005,Clothing,117,145,69.94,70.665,149.7552
2024-01-17,S004-P0005,Clothing,103,120,70.89,70.665,117.38667
2024-01-18,S004-P0005,Clothing,101,123,74.46,70.665,112.59983
2024-01-19,S004-P0005,Clothing,148,100,68.56,70.665,144.01677
2024-01-20,S004-P0005,Clothing,198,153,73.55,70.665,144.63107
2024-01-21,S004-P0005,Clothing,106,220,59.65,70.665,150.98627
2024-01-22,S004-P0005,Clothing,31,117,54.41,70.665,118.92037
2024-01-23,S004-P0005,Clothing,80,95,62.4,70.665,111.929794
2024-01-24,S004-P0005,Clothing,101,116,66.44,70.665,133.7133
2024-01-25,S004-P0005,Clothing,105,132,67.77,70.665,104.973335
2024-01-26,S004-P0005,Clothing,151,94,82.01,70.665,134.03041
2024-01-27,S004-P0005,Clothing,222,128,88.12,70.665,131.80019
2024-01-28,S004-P0005,Clothing,153,209,78.25,70.665,109.84909
2024-01-29,S004-P0005,Clothing,56,232,63.33,70.665,113.589806
2024-01-30,S004-P0005,Clothing,98,184,77.49,70.665,112.36361
2023-10-03,S004-P0006,Groceries,96,259,34.41,36.345,106.06721
2023-10-04,S004-P0006,Groceries,225,146,44.08,36.345,131.04828
2023-10-05,S004-P0006,Groceries,71,0,33.26,36.345,111.42581
2023-10-06,S004-P0006,Groceries,147,378,38.19,36.345,109.70354
2023-10-07,S004-P0006,Groceries,61,256,33.81,36.345,79.5405
2023-10-08,S004-P0006,Groceries,46,199,27.25,36.345,79.52222
2023-10-09,S004-P0006,Groceries,82,165,32.91,36.345,69.95256
2023-10-10,S004-P0006,Groceries,66,71,27.75,36.345,94.45721
2023-10-11,S004-P0006,Groceries,107,190,35.62,36.345,88.92306
2023-10-12,S004-P0006,Groceries,53,72,31.12,36.345,73.88815
2023-10-13,S004-P0006,Groceries,90,219,37.49,36.345,78.33049
2023-10-14,S004-P0006,Groceries,38,139,22.01,36.345,101.5874
2023-10-15,S004-P0006,Groceries,56,259,29.93,36.345,73.98305
2023-10-16,S004-P0006,Groceries,75,221,31.98,36.345,86.16947
2023-10-17,S004-P0006,Groceries,80,159,36.25,36.345,70.418785
2023-10-18,S004-P0006,Groceries,85,93,29.45,36.345,93.564445
2023-10-19,S004-P0006,Groceries,29,193,22.26,36.345,90.443245
2023-10-20,S004-P0006,Groceries,55,160,31.34,36.345,61.574497
2023-10-21,S004-P0006,Groceries,79,110,34.22,36.345,63.019447
2023-10-22,S004-P0006,Groceries,60,142,28.79,36.345,84.58663
2023-10-23,S004-P0006,Groceries,103,254,35.26,36.345,84.167076
2023-10-24,S004-P0006,Groceries,55,141,32.98,36.345,66.067894
2023-10-25,S004-P0006,Groceries,124,345,33.77,36.345,135.53453
2023-10-26,S004-P0006,Groceries,34,252,27.3,36.345,104.88302
2023-10-27,S004-P0006,Groceries,149,218,40.64,36.345,101.58771
2023-10-28,S004-P0006,Groceries,155,72,43.4,36.345,99.103386
2023-10-29,S004-P0006,Groceries,141,323,39.7,36.345,105.3557
2023-10-30,S004-P0006,Groceries,90,222,35.62,36.345,102.05345
2023-10-31,S004-P0006,Groceries,142,456,37.71,36.345,106.89366
2023-11-01,S004-P0006,Groceries,114,359,34.62,36.345,108.37264
2023-11-02,S004-P0006,Groceries,115,237,34.79,36.345,111.212944
2023-11-03,S004-P0006,Groceries,146,149,40.2,36.345,106.95597
2023-11-04,S004-P0006,Groceries,109,219,37.9,36.345,111.129456
2023-11-05,S004-P0006,Groceries,167,142,42.53,36.345,111.2525
2023-11-06,S004-P0006,Groceries,135,247,41.07,36.345,119.05967
2023-11-07,S004-P0006,Groceries,119,457,37.1,36.345,115.565765
2023-11-08,S004-P0006,Groceries,160,347,46.33,36.345,118.1968
2023-11-09,S004-P0006,Groceries,215,172,42.71,36.345,152.78783
2023-11-10,S004-P0006,Groceries,145,273,38.07,36.345,155.61775
2023-11-11,S004-P0006,Groceries,173,554,41.07,36.345,126.26259
2023-11-12,S004-P0006,Groceries,128,356,32.18,36.345,153.31001
2023-11-13,S004-P0006,Groceries,119,255,35.2,36.345,157.48427
2023-11-14,S004-P0006,Groceries,126,135,35.96,36.345,125.99501
2023-11-15,S004-P0006,Groceries,106,297,31.61,36.345,155.9778
2023-11-16,S004-P0006,Groceries,155,202,41.23,36.345,120.327126
2023-11-17,S004-P0006,Groceries,82,29,32.85,36.345,154.4373
2023-11-18,S004-P0006,Groceries,144,364,35.8,36.345,149.06998
2023-11-19,S004-P0006,Groceries,129,267,40.33,36.345,121.285484
2023-11-20,S004-P0006,Groceries,109,146,36.04,36.345,120.011955
2023-11-21,S004-P0006,Groceries,118,261,37.08,36.345,116.420235
2023-11-22,S004-P0006,Groceries,85,189,29.71,36.345,149.35532
2023-11-23,S004-P0006,Groceries,144,363,42.08,36.345,116.386055
2023-11-24,S004-P0006,Groceries,98,232,34.73,36.345,118.78615
2023-11-25,S004-P0006,Groceries,155,134,41.16,36.345,115.846054
2023-11-26,S004-P0006,Groceries,111,256,38.1,36.345,116.09304
2023-11-27,S004-P0006,Groceries,183,497,37.02,36.345,150.36427
2023-11-28,S004-P0006,Groceries,188,374,42.49,36.345,151.32828
2023-11-29,S004-P0006,Groceries,161,211,44.2,36.345,127.308235
2023-11-30,S004-P0006,Groceries,121,495,37.34,36.345,121.65768
2023-12-01,S004-P0006,Groceries,55,399,28.2,36.345,124.95554
2023-12-02,S004-P0006,Groceries,154,357,43.28,36.345,122.85949
2023-12-03,S004-P0006,Groceries,96,204,28.67,36.345,153.8532
2023-12-04,S004-P0006,Groceries,129,430,38.26,36.345,118.72403
2023-12-05,S004-P0006,Groceries,81,320,36.29,36.345,119.83886
2023-12-06,S004-P0006,Groceries,169,234,38.35,36.345,145.41133
2023-12-07,S004-P0006,Groceries,177,117,34.54,36.345,149.15112
2023-12-08,S004-P0006,Groceries,125,347,37.73,36.345,153.47015
2023-12-09,S004-P0006,Groceries,96,265,29.03,36.345,146.64647
2023-12-10,S004-P0006,Groceries,145,162,40.08,36.345,116.575195
2023-12-11,S004-P0006,Groceries,63,56,29.09,36.345,114.888466
2023-12-12,S004-P0006,Groceries,100,321,27.6,36.345,146.34065
2023-12-13,S004-P0006,Groceries,89,226,31.95,36.345,111.38805
2023-12-14,S004-P0006,Groceries,95,148,32.59,36.345,110.95954
2023-12-15,S004-P0006,Groceries,50,239,27.51,36.345,138.16286
2023-12-16,S004-P0006,Groceries,129,206,42.42,36.345,106.96306
2023-12-17,S004-P0006,Groceries,61,88,25.34,36.345,132.82951
2023-12-18,S004-P0006,Groceries,105,292,33.69,36.345,134.1941
2023-12-19,S004-P0006,Groceries,128,214,40.24,36.345,100.78626
2023-12-20,S004-P0006,Groceries,141,124,41.8,36.345,106.06172
2023-12-21,S004-P0006,Groceries,71,307,26.33,36.345,132.35275
2023-12-22,S004-P0006,Groceries,73,241,30.23,36.345,105.68502
2023-12-23,S004-P0006,Groceries,130,168,42.54,36.345,100.465355
2023-12-24,S004-P0006,Groceries,122,38,41.55,36.345,105.26728
2023-12-25,S004-P0006,Groceries,94,302,34.3,36.345,101.49087
2023-12-26,S004-P0006,Groceries,91,193,32.14,36.345,105.825966
2023-12-27,S004-P0006,Groceries,43,123,26.93,36.345,64.856125
2023-12-28,S004-P0006,Groceries,55,281,31.38,36.345,65.970604
2023-12-29,S004-P0006,Groceries,63,221,32.35,36.345,54.55999
2023-12-30,S004-P0006,Groceries,89,150,35.49,36.345,55.618084
2023-12-31,S004-P0006,Groceries,56,95,31.5,36.345,58.24226
2024-01-01,S004-P0006,Groceries,129,205,40.3,36.345,62.69244
2024-01-02,S004-P0006,Groceries,63,120,25.83,36.345,97.06747
2024-01-03,S004-P0006,Groceries,71,292,30.0,36.345,97.29638
2024-01-04,S004-P0006,Groceries,113,237,32.66,36.345,80.23175
2024-01-05,S004-P0006,Groceries,33,163,27.33,36.345,73.81278
2024-01-06,S004-P0006,Groceries,103,363,33.48,36.345,67.9367
2024-01-07,S004-P0006,Groceries,63,284,30.7,36.345,71.816444
2024-01-08,S004-P0006,Groceries,149,237,36.01,36.345,86.97892
2024-01-09,S004-P0006,Groceries,150,136,40.62,36.345,109.959145
2024-01-10,S004-P0006,Groceries,154,337,43.36,36.345,109.32795
2024-01-11,S004-P0006,Groceries,105,216,33.63,36.345,113.843155
2024-01-12,S004-P0006,Groceries,100,491,27.61,36.345,146.39003
2024-01-13,S004-P0006,Groceries,65,423,29.35,36.345,116.79374
2024-01-14,S004-P0006,Groceries,73,350,30.15,36.345,113.028496
2024-01-15,S004-P0006,Groceries,92,289,32.25,36.345,109.176834
2024-01-16,S004-P0006,Groceries,55,204,33.03,36.345,105.54676
2024-01-17,S004-P0006,Groceries,30,142,26.9,36.345,99.87196
2024-01-18,S004-P0006,Groceries,101,110,35.1,36.345,92.81648
2024-01-19,S004-P0006,Groceries,80,24,34.34,36.345,94.382866
2024-01-20,S004-P0006,Groceries,89,236,37.32,36.345,95.073845
2024-01-21,S004-P0006,Groceries,87,173,26.4,36.345,118.29871
2024-01-22,S004-P0006,Groceries,157,264,41.36,36.345,93.61939
2024-01-23,S004-P0006,Groceries,119,90,33.26,36.345,128.45438
2024-01-24,S004-P0006,Groceries,121,329,35.16,36.345,130.09088
2024-01-25,S004-P0006,Groceries,191,207,45.29,36.345,126.98327
2024-01-26,S004-P0006,Groceries,140,10,41.58,36.345,102.337326
2024-01-27,S004-P0006,Groceries,87,306,35.19,36.345,104.95958
2024-01-28,S004-P0006,Groceries,223,518,38.72,36.345,135.26765
2024-01-29,S004-P0006,Groceries,118,253,41.05,36.345,111.00682
2024-01-30,S004-P0006,Groceries,98,134,36.62,36.345,116.778725
2023-10-03,S004-P0007,Groceries,81,399,24.43,28.37,117.102806
2023-10-04,S004-P0007,Groceries,75,319,27.91,28.37,111.2786
2023-10-05,S004-P0007,Groceries,147,238,35.19,28.37,108.37551
2023-10-06,S004-P0007,Groceries,190,753,35.45,28.37,145.2612
2023-10-07,S004-P0007,Groceries,107,526,24.89,28.37,99.95466
2023-10-08,S004-P0007,Groceries,33,421,23.77,28.37,80.41701
2023-10-09,S004-P0007,Groceries,73,389,26.38,28.37,67.09841
2023-10-10,S004-P0007,Groceries,106,1070,27.91,28.37,89.93097
2023-10-11,S004-P0007,Groceries,27,981,16.52,28.37,99.56491
2023-10-12,S004-P0007,Groceries,71,954,27.51,28.37,68.46322
2023-10-13,S004-P0007,Groceries,88,875,27.82,28.37,67.40217
2023-10-14,S004-P0007,Groceries,25,785,17.23,28.37,96.21856
2023-10-15,S004-P0007,Groceries,86,758,26.18,28.37,66.203896
2023-10-16,S004-P0007,Groceries,52,663,25.63,28.37,71.687195
2023-10-17,S004-P0007,Groceries,93,626,25.4,28.37,68.249985
2023-10-18,S004-P0007,Groceries,111,535,26.82,28.37,99.815895
2023-10-19,S004-P0007,Groceries,62,442,25.35,28.37,74.778534
2023-10-20,S004-P0007,Groceries,68,392,24.63,28.37,76.05088
2023-10-21,S004-P0007,Groceries,64,327,22.85,28.37,93.78173
2023-10-22,S004-P0007,Groceries,94,280,29.82,28.37,70.70085
2023-10-23,S004-P0007,Groceries,107,183,28.02,28.37,75.24629
2023-10-24,S004-P0007,Groceries,46,98,21.4,28.37,81.040184
2023-10-25,S004-P0007,Groceries,156,43,28.8,28.37,137.00957
2023-10-26,S004-P0007,Groceries,124,380,28.05,28.37,113.53141
2023-10-27,S004-P0007,Groceries,154,245,34.01,28.37,109.07122
2023-10-28,S004-P0007,Groceries,102,138,29.09,28.37,111.067375
2023-10-29,S004-P0007,Groceries,70,657,23.51,28.37,111.63737
2023-10-30,S004-P0007,Groceries,31,592,23.58,28.37,110.60412
2023-10-31,S004-P0007,Groceries,141,573,31.06,28.37,108.28385
2023-11-01,S004-P0007,Groceries,79,410,26.9,28.37,107.58762
2023-11-02,S004-P0007,Groceries,75,317,25.25,28.37,105.47764
2023-11-03,S004-P0007,Groceries,136,260,30.61,28.37,103.428566
2023-11-04,S004-P0007,Groceries,134,753,30.42,28.37,106.27034
2023-11-05,S004-P0007,Groceries,168,599,31.87,28.37,137.03801
2023-11-06,S004-P0007,Groceries,133,415,32.07,28.37,111.00405
2023-11-07,S004-P0007,Groceries,157,335,27.1,28.37,139.01459
2023-11-08,S004-P0007,Groceries,169,164,31.95,28.37,113.614235
2023-11-09,S004-P0007,Groceries,176,726,36.16,28.37,116.38964
2023-11-10,S004-P0007,Groceries,115,597,28.77,28.37,118.33875
2023-11-11,S004-P0007,Groceries,90,523,29.45,28.37,117.69875
2023-11-12,S004-P0007,Groceries,132,418,28.76,28.37,121.091095
2023-11-13,S004-P0007,Groceries,206,1025,31.17,28.37,152.369
2023-11-14,S004-P0007,Groceries,120,778,27.73,28.37,124.75626
2023-11-15,S004-P0007,Groceries,109,674,31.31,28.37,122.592316
2023-11-16,S004-P0007,Groceries,185,597,33.07,28.37,150.86913
2023-11-17,S004-P0007,Groceries,193,400,32.07,28.37,158.10939
2023-11-18,S004-P0007,Groceries,170,236,30.25,28.37,155.50462
2023-11-19,S004-P0007,Groceries,160,81,36.44,28.37,124.88815
2023-11-20,S004-P0007,Groceries,71,645,23.6,28.37,122.307526
2023-11-21,S004-P0007,Groceries,162,574,31.14,28.37,152.06732
2023-11-22,S004-P0007,Groceries,192,419,33.68,28.37,156.8106
2023-11-23,S004-P0007,Groceries,115,281,25.8,28.37,156.07271
2023-11-24,S004-P0007,Groceries,159,185,34.54,28.37,123.883224
2023-11-25,S004-P0007,Groceries,103,751,27.67,28.37,123.43285
2023-11-26,S004-P0007,Groceries,184,641,31.03,28.37,155.63942
2023-11-27,S004-P0007,Groceries,105,435,29.39,28.37,127.10914
2023-11-28,S004-P0007,Groceries,113,358,28.63,28.37,126.248985
2023-11-29,S004-P0007,Groceries,204,239,38.82,28.37,120.63894
2023-11-30,S004-P0007,Groceries,116,722,28.81,28.37,129.9808
2023-12-01,S004-P0007,Groceries,41,633,23.31,28.37,128.0021
2023-12-02,S004-P0007,Groceries,147,609,26.35,28.37,153.90205
2023-12-03,S004-P0007,Groceries,70,468,24.8,28.37,121.72449
2023-12-04,S004-P0007,Groceries,101,403,29.06,28.37,121.77184
2023-12-05,S004-P0007,Groceries,39,282,21.89,28.37,117.48905
2023-12-06,S004-P0007,Groceries,201,725,32.76,28.37,143.4132
2023-12-07,S004-P0007,Groceries,160,512,31.15,28.37,145.03227
2023-12-08,S004-P0007,Groceries,128,343,28.39,28.37,121.386
2023-12-09,S004-P0007,Groceries,198,222,34.39,28.37,116.81596
2023-12-10,S004-P0007,Groceries,139,719,30.87,28.37,152.57307
2023-12-11,S004-P0007,Groceries,89,581,22.31,28.37,152.65883
2023-12-12,S004-P0007,Groceries,120,489,29.25,28.37,122.4513
2023-12-13,S004-P0007,Groceries,61,358,25.27,28.37,117.81632
2023-12-14,S004-P0007,Groceries,138,301,29.3,28.37,116.55619
2023-12-15,S004-P0007,Groceries,15,183,19.76,28.37,147.08405
2023-12-16,S004-P0007,Groceries,220,666,33.97,28.37,142.93758
2023-12-17,S004-P0007,Groceries,110,517,29.85,28.37,112.32759
2023-12-18,S004-P0007,Groceries,154,451,34.06,28.37,122.05456
2023-12-19,S004-P0007,Groceries,124,353,26.28,28.37,146.60861
2023-12-20,S004-P0007,Groceries,70,998,24.68,28.37,124.50533
2023-12-21,S004-P0007,Groceries,101,929,26.13,28.37,114.36039
2023-12-22,S004-P0007,Groceries,120,815,29.3,28.37,116.77596
2023-12-23,S004-P0007,Groceries,128,714,28.42,28.37,140.3693
2023-12-24,S004-P0007,Groceries,221,634,38.25,28.37,144.10255
2023-12-25,S004-P0007,Groceries,58,396,22.46,28.37,115.88232
2023-12-26,S004-P0007,Groceries,153,342,33.99,28.37,119.846214
2023-12-27,S004-P0007,Groceries,105,216,29.42,28.37,80.529724
2023-12-28,S004-P0007,Groceries,55,996,25.94,28.37,99.06725
2023-12-29,S004-P0007,Groceries,26,940,23.06,28.37,83.19604
2023-12-30,S004-P0007,Groceries,105,914,27.84,28.37,71.74663
2023-12-31,S004-P0007,Groceries,116,792,28.84,28.37,74.20221
2024-01-01,S004-P0007,Groceries,42,711,21.07,28.37,114.64226
2024-01-02,S004-P0007,Groceries,46,670,22.56,28.37,83.87111
2024-01-03,S004-P0007,Groceries,75,620,22.55,28.37,84.11555
2024-01-04,S004-P0007,Groceries,88,542,23.59,28.37,85.71473
2024-01-05,S004-P0007,Groceries,50,442,21.77,28.37,70.43352
2024-01-06,S004-P0007,Groceries,72,405,26.29,28.37,66.05543
2024-01-07,S004-P0007,Groceries,77,351,28.18,28.37,66.48701
2024-01-08,S004-P0007,Groceries,39,303,21.98,28.37,68.1933
2024-01-09,S004-P0007,Groceries,116,262,28.93,28.37,104.45698
2024-01-10,S004-P0007,Groceries,125,137,25.01,28.37,139.38339
2024-01-11,S004-P0007,Groceries,98,357,28.74,28.37,110.48202
2024-01-12,S004-P0007,Groceries,107,252,29.61,28.37,110.25533
2024-01-13,S004-P0007,Groceries,210,148,29.5,28.37,137.02878
2024-01-14,S004-P0007,Groceries,146,428,33.25,28.37,114.34974
2024-01-15,S004-P0007,Groceries,157,304,30.93,28.37,115.76269
2024-01-16,S004-P0007,Groceries,158,188,25.84,28.37,146.93085
2024-01-17,S004-P0007,Groceries,81,867,21.72,28.37,150.95432
2024-01-18,S004-P0007,Groceries,38,815,23.02,28.37,115.658226
2024-01-19,S004-P0007,Groceries,103,773,29.19,28.37,109.81857
2024-01-20,S004-P0007,Groceries,116,689,24.03,28.37,135.89874
2024-01-21,S004-P0007,Groceries,52,583,21.95,28.37,108.511086
2024-01-22,S004-P0007,Groceries,69,537,24.65,28.37,106.32339
2024-01-23,S004-P0007,Groceries,86,474,27.55,28.37,101.59348
2024-01-24,S004-P0007,Groceries,76,416,25.27,28.37,98.67344
2024-01-25,S004-P0007,Groceries,152,356,27.08,28.37,122.297485
2024-01-26,S004-P0007,Groceries,94,216,26.87,28.37,96.14828
2024-01-27,S004-P0007,Groceries,218,115,36.14,28.37,127.45162
2024-01-28,S004-P0007,Groceries,156,0,34.25,28.37,104.915985
2024-01-29,S004-P0007,Groceries,89,641,26.37,28.37,109.91828
2024-01-30,S004-P0007,Groceries,154,574,32.25,28.37,109.403534
2023-10-03,S004-P0008,Furniture,60,197,88.77,91.49000000000001,77.74962
2023-10-04,S004-P0008,Furniture,83,130,80.29,91.49000000000001,104.73852
2023-10-05,S004-P0008,Furniture,33,119,84.14,91.49000000000001,77.49376
2023-10-06,S004-P0008,Furniture,40,81,81.99,91.49000000000001,77.49828
2023-10-07,S004-P0008,Furniture,26,86,77.37,91.49000000000001,35.98436
2023-10-08,S004-P0008,Furniture,33,55,66.37,91.49000000000001,46.59482
2023-10-09,S004-P0008,Furniture,37,72,76.86,91.49000000000001,30.722912
2023-10-10,S004-P0008,Furniture,26,92,81.35,91.49000000000001,33.58309
2023-10-11,S004-P0008,Furniture,28,67,82.14,91.49000000000001,31.698715
2023-10-12,S004-P0008,Furniture,41,90,69.3,91.49000000000001,40.271595
2023-10-13,S004-P0008,Furniture,37,113,76.7,91.49000000000001,30.895855
2023-10-14,S004-P0008,Furniture,42,72,78.32,91.49000000000001,31.154295
2023-10-15,S004-P0008,Furniture,34,83,84.16,91.49000000000001,33.897987
2023-10-16,S004-P0008,Furniture,27,100,77.79,91.49000000000001,32.370586
2023-10-17,S004-P0008,Furniture,39,73,77.43,91.49000000000001,35.10913
2023-10-18,S004-P0008,Furniture,20,93,66.88,91.49000000000001,45.254295
2023-10-19,S004-P0008,Furniture,51,78,85.51,91.49000000000001,41.891743
2023-10-20,S004-P0008,Furniture,35,76,80.3,91.49000000000001,33.004185
2023-10-21,S004-P0008,Furniture,83,102,91.58,91.49000000000001,47.079903
2023-10-22,S004-P0008,Furniture,44,99,83.38,91.49000000000001,40.40629
2023-10-23,S004-P0008,Furniture,28,98,65.7,91.49000000000001,56.23305
2023-10-24,S004-P0008,Furniture,30,80,82.74,91.49000000000001,39.83278
2023-10-25,S004-P0008,Furniture,90,97,104.1,91.49000000000001,79.20262
2023-10-26,S004-P0008,Furniture,107,116,99.18,91.49000000000001,84.27799
2023-10-27,S004-P0008,Furniture,46,119,70.0,91.49000000000001,111.26173
2023-10-28,S004-P0008,Furniture,119,71,102.83,91.49000000000001,85.57885
2023-10-29,S004-P0008,Furniture,60,111,98.34,91.49000000000001,86.3369
2023-10-30,S004-P0008,Furniture,71,124,97.51,91.49000000000001,88.12127
2023-10-31,S004-P0008,Furniture,108,116,110.46,91.49000000000001,84.40418
2023-11-01,S004-P0008,Furniture,83,99,96.43,91.49000000000001,88.55398
2023-11-02,S004-P0008,Furniture,77,75,94.54,91.49000000000001,84.51968
2023-11-03,S004-P0008,Furniture,102,86,97.5,91.49000000000001,114.52877
2023-11-04,S004-P0008,Furniture,56,119,96.81,91.49000000000001,85.76696
2023-11-05,S004-P0008,Furniture,179,56,128.51,91.49000000000001,114.85619
2023-11-06,S004-P0008,Furniture,46,204,88.46,91.49000000000001,88.782936
2023-11-07,S004-P0008,Furniture,73,152,93.29,91.49000000000001,93.89608
2023-11-08,S004-P0008,Furniture,46,78,88.63,91.49000000000001,86.51598
2023-11-09,S004-P0008,Furniture,105,73,87.63,91.49000000000001,115.38065
2023-11-10,S004-P0008,Furniture,110,109,88.97,91.49000000000001,113.04332
2023-11-11,S004-P0008,Furniture,106,107,98.93,91.49000000000001,87.93792
2023-11-12,S004-P0008,Furniture,66,109,85.94,91.49000000000001,112.228035
2023-11-13,S004-P0008,Furniture,108,107,82.73,91.49000000000001,118.74077
2023-11-14,S004-P0008,Furniture,76,153,94.31,91.49000000000001,87.336586
2023-11-15,S004-P0008,Furniture,55,72,91.64,91.49000000000001,91.5441
2023-11-16,S004-P0008,Furniture,63,89,94.54,91.49000000000001,82.820946
2023-11-17,S004-P0008,Furniture,67,105,75.87,91.49000000000001,110.11116
2023-11-18,S004-P0008,Furniture,144,111,110.38,91.49000000000001,105.92246
2023-11-19,S004-P0008,Furniture,86,127,102.78,91.49000000000001,84.548386
2023-11-20,S004-P0008,Furniture,45,150,74.25,91.49000000000001,109.88794
2023-11-21,S004-P0008,Furniture,68,121,96.37,91.49000000000001,83.76043
2023-11-22,S004-P0008,Furniture,110,123,100.07,91.49000000000001,84.43784
2023-11-23,S004-P0008,Furniture,67,184,100.86,91.49000000000001,85.48114
2023-11-24,S004-P0008,Furniture,172,104,99.71,91.49000000000001,107.79509
2023-11-25,S004-P0008,Furniture,95,168,105.85,91.49000000000001,85.75736
2023-11-26,S004-P0008,Furniture,49,78,85.07,91.49000000000001,89.33473
2023-11-27,S004-P0008,Furniture,24,90,84.94,91.49000000000001,89.50806
2023-11-28,S004-P0008,Furniture,49,65,85.01,91.49000000000001,82.20614
2023-11-29,S004-P0008,Furniture,123,65,109.66,91.49000000000001,77.8032
2023-11-30,S004-P0008,Furniture,65,127,100.38,91.49000000000001,85.00685
2023-12-01,S004-P0008,Furniture,94,76,94.84,91.49000000000001,84.36058
2023-12-02,S004-P0008,Furniture,72,79,97.72,91.49000000000001,85.14266
2023-12-03,S004-P0008,Furniture,39,95,86.21,91.49000000000001,86.82272
2023-12-04,S004-P0008,Furniture,101,107,97.11,91.49000000000001,104.9906
2023-12-05,S004-P0008,Furniture,130,104,93.38,91.49000000000001,109.95182
2023-12-06,S004-P0008,Furniture,58,155,92.95,91.49000000000001,81.35934
2023-12-07,S004-P0008,Furniture,51,107,85.71,91.49000000000001,84.257256
2023-12-08,S004-P0008,Furniture,42,123,87.12,91.49000000000001,81.76282
2023-12-09,S004-P0008,Furniture,63,77,89.61,91.49000000000001,76.08146
2023-12-10,S004-P0008,Furniture,57,77,92.28,91.49000000000001,78.14651
2023-12-11,S004-P0008,Furniture,48,81,89.32,91.49000000000001,74.28916
2023-12-12,S004-P0008,Furniture,117,100,89.76,91.49000000000001,94.01538
2023-12-13,S004-P0008,Furniture,98,119,106.89,91.49000000000001,74.07935
2023-12-14,S004-P0008,Furniture,111,150,99.66,91.49000000000001,103.85331
2023-12-15,S004-P0008,Furniture,50,159,67.58,91.49000000000001,106.9986
2023-12-16,S004-P0008,Furniture,51,125,95.13,91.49000000000001,78.02391
2023-12-17,S004-P0008,Furniture,121,68,102.85,91.49000000000001,96.99663
2023-12-18,S004-P0008,Furniture,93,129,105.12,91.49000000000001,74.68819
2023-12-19,S004-P0008,Furniture,112,111,111.9,91.49000000000001,80.4963
2023-12-20,S004-P0008,Furniture,105,116,103.81,91.49000000000001,108.0787
2023-12-21,S004-P0008,Furniture,85,94,102.24,91.49000000000001,84.72134
2023-12-22,S004-P0008,Furniture,72,124,78.33,91.49000000000001,109.73623
2023-12-23,S004-P0008,Furniture,71,145,87.25,91.49000000000001,112.401024
2023-12-24,S004-P0008,Furniture,35,64,89.05,91.49000000000001,80.018166
2023-12-25,S004-P0008,Furniture,59,88,88.56,91.49000000000001,78.42627
2023-12-26,S004-P0008,Furniture,106,119,98.65,91.49000000000001,97.447136
2023-12-27,S004-P0008,Furniture,42,148,87.07,91.49000000000001,38.618877
2023-12-28,S004-P0008,Furniture,52,116,81.62,91.49000000000001,36.11
2023-12-29,S004-P0008,Furniture,22,59,79.98,91.49000000000001,34.54937
2023-12-30,S004-P0008,Furniture,38,95,85.6,91.49000000000001,33.50925
2023-12-31,S004-P0008,Furniture,30,55,78.63,91.49000000000001,30.98409
2024-01-01,S004-P0008,Furniture,49,71,84.75,91.49000000000001,27.742199
2024-01-02,S004-P0008,Furniture,18,79,78.81,91.49000000000001,32.45172
2024-01-03,S004-P0008,Furniture,51,66,76.08,91.49000000000001,39.30927
2024-01-04,S004-P0008,Furniture,34,91,75.91,91.49000000000001,41.484886
2024-01-05,S004-P0008,Furniture,37,65,72.7,91.49000000000001,41.08034
2024-01-06,S004-P0008,Furniture,28,87,77.94,91.49000000000001,33.18026
2024-01-07,S004-P0008,Furniture,46,59,79.56,91.49000000000001,32.894978
2024-01-08,S004-P0008,Furniture,6,64,78.52,91.49000000000001,34.592922
2024-01-09,S004-P0008,Furniture,49,57,80.81,91.49000000000001,98.507164
2024-01-10,S004-P0008,Furniture,79,78,95.03,91.49000000000001,71.60252
2024-01-11,S004-P0008,Furniture,103,87,87.1,91.49000000000001,103.65194
2024-01-12,S004-P0008,Furniture,47,90,80.0,91.49000000000001,78.47102
2024-01-13,S004-P0008,Furniture,66,100,100.55,91.49000000000001,79.73664
2024-01-14,S004-P0008,Furniture,96,93,100.93,91.49000000000001,74.71616
2024-01-15,S004-P0008,Furniture,71,109,87.58,91.49000000000001,80.83685
2024-01-16,S004-P0008,Furniture,140,140,108.96,91.49000000000001,107.16433
2024-01-17,S004-P0008,Furniture,120,141,96.74,91.49000000000001,105.85781
2024-01-18,S004-P0008,Furniture,46,169,93.39,91.49000000000001,82.311584
2024-01-19,S004-P0008,Furniture,76,116,89.39,91.49000000000001,81.27885
2024-01-20,S004-P0008,Furniture,81,117,106.19,91.49000000000001,82.62658
2024-01-21,S004-P0008,Furniture,101,118,113.84,91.49000000000001,82.8926
2024-01-22,S004-P0008,Furniture,44,109,83.1,91.49000000000001,82.74194
2024-01-23,S004-P0008,Furniture,72,75,87.36,91.49000000000001,111.10332
2024-01-24,S004-P0008,Furniture,78,74,78.78,91.49000000000001,104.84137
2024-01-25,S004-P0008,Furniture,96,99,111.7,91.49000000000001,78.76203
2024-01-26,S004-P0008,Furniture,109,118,116.52,91.49000000000001,79.37127
2024-01-27,S004-P0008,Furniture,83,140,86.53,91.49000000000001,111.79661
2024-01-28,S004-P0008,Furniture,73,148,88.42,91.49000000000001,82.784966
2024-01-29,S004-P0008,Furniture,83,85,91.33,91.49000000000001,84.47358
2024-01-30,S004-P0008,Furniture,69,92,86.87,91.49000000000001,82.811485
2023-10-03,S004-P0009,Clothing,97,389,87.18,111.1,118.13956
2023-10-04,S004-P0009,Clothing,52,284,93.72,111.1,87.476776
2023-10-05,S004-P0009,Clothing,121,235,125.34,111.1,87.64393
2023-10-06,S004-P0009,Clothing,91,97,119.85,111.1,85.3311
2023-10-07,S004-P0009,Clothing,55,20,99.97,111.1,53.30867
2023-10-08,S004-P0009,Clothing,99,330,104.63,111.1,63.014202
2023-10-09,S004-P0009,Clothing,132,268,116.5,111.1,54.225704
2023-10-10,S004-P0009,Clothing,98,120,110.67,111.1,60.299213
2023-10-11,S004-P0009,Clothing,62,382,107.86,111.1,71.47261
2023-10-12,S004-P0009,Clothing,60,343,91.76,111.1,67.86767
2023-10-13,S004-P0009,Clothing,73,279,101.12,111.1,72.863914
2023-10-14,S004-P0009,Clothing,115,216,110.11,111.1,90.77322
2023-10-15,S004-P0009,Clothing,140,88,125.59,111.1,74.48531
2023-10-16,S004-P0009,Clothing,43,236,95.42,111.1,76.59872
2023-10-17,S004-P0009,Clothing,141,192,139.91,111.1,81.490654
2023-10-18,S004-P0009,Clothing,86,445,100.66,111.1,113.64059
2023-10-19,S004-P0009,Clothing,105,379,113.13,111.1,87.828705
2023-10-20,S004-P0009,Clothing,50,258,93.14,111.1,86.6082
2023-10-21,S004-P0009,Clothing,104,206,95.16,111.1,99.64945
2023-10-22,S004-P0009,Clothing,50,463,97.97,111.1,80.731094
2023-10-23,S004-P0009,Clothing,134,404,97.65,111.1,95.317505
2023-10-24,S004-P0009,Clothing,131,278,122.54,111.1,78.98151
2023-10-25,S004-P0009,Clothing,133,145,116.99,111.1,113.77114
2023-10-26,S004-P0009,Clothing,151,328,116.35,111.1,149.80765
2023-10-27,S004-P0009,Clothing,133,166,109.33,111.1,146.53273
2023-10-28,S004-P0009,Clothing,75,507,86.04,111.1,149.17332
2023-10-29,S004-P0009,Clothing,73,420,101.54,111.1,114.222626
2023-10-30,S004-P0009,Clothing,83,336,110.73,111.1,113.33149
2023-10-31,S004-P0009,Clothing,174,280,138.52,111.1,109.15201
2023-11-01,S004-P0009,Clothing,82,96,116.32,111.1,112.436485
2023-11-02,S004-P0009,Clothing,134,0,97.75,111.1,139.04716
2023-11-03,S004-P0009,Clothing,101,559,111.49,111.1,138.32637
2023-11-04,S004-P0009,Clothing,82,455,104.36,111.1,140.5392
2023-11-05,S004-P0009,Clothing,155,389,145.68,111.1,109.80129
2023-11-06,S004-P0009,Clothing,76,245,102.58,111.1,112.05721
2023-11-07,S004-P0009,Clothing,47,198,92.16,111.1,107.66804
2023-11-08,S004-P0009,Clothing,91,714,89.95,111.1,132.03891
2023-11-09,S004-P0009,Clothing,92,643,114.03,111.1,104.52109
2023-11-10,S004-P0009,Clothing,75,538,113.3,111.1,102.47076
2023-11-11,S004-P0009,Clothing,103,462,112.02,111.1,98.69674
2023-11-12,S004-P0009,Clothing,94,396,121.07,111.1,99.21561
2023-11-13,S004-P0009,Clothing,98,292,87.46,111.1,127.765205
2023-11-14,S004-P0009,Clothing,113,223,96.55,111.1,127.62763
2023-11-15,S004-P0009,Clothing,121,152,125.23,111.1,100.07017
2023-11-16,S004-P0009,Clothing,98,420,116.54,111.1,98.712425
2023-11-17,S004-P0009,Clothing,95,329,121.33,111.1,101.34693
2023-11-18,S004-P0009,Clothing,77,238,92.16,111.1,128.55643
2023-11-19,S004-P0009,Clothing,75,171,101.8,111.1,97.80985
2023-11-20,S004-P0009,Clothing,38,345,93.5,111.1,95.15693
2023-11-21,S004-P0009,Clothing,118,306,117.47,111.1,115.94118
2023-11-22,S004-P0009,Clothing,122,213,125.83,111.1,90.496666
2023-11-23,S004-P0009,Clothing,88,120,112.45,111.1,94.70359
2023-11-24,S004-P0009,Clothing,70,455,100.25,111.1,93.18976
2023-11-25,S004-P0009,Clothing,91,382,91.01,111.1,119.49413
2023-11-26,S004-P0009,Clothing,94,278,108.91,111.1,91.62209
2023-11-27,S004-P0009,Clothing,63,208,108.4,111.1,92.00395
2023-11-28,S004-P0009,Clothing,151,170,102.63,111.1,112.321556
2023-11-29,S004-P0009,Clothing,55,235,99.83,111.1,88.28743
2023-11-30,S004-P0009,Clothing,126,187,127.19,111.1,91.38824
2023-12-01,S004-P0009,Clothing,52,511,83.94,111.1,121.973045
2023-12-02,S004-P0009,Clothing,124,458,120.18,111.1,93.18142
2023-12-03,S004-P0009,Clothing,118,318,93.19,111.1,121.571236
2023-12-04,S004-P0009,Clothing,59,195,76.06,111.1,125.30051
2023-12-05,S004-P0009,Clothing,175,141,146.2,111.1,92.558914
2023-12-06,S004-P0009,Clothing,271,369,155.42,111.1,130.23064
2023-12-07,S004-P0009,Clothing,187,142,150.61,111.1,107.73885
2023-12-08,S004-P0009,Clothing,161,502,148.12,111.1,115.2144
2023-12-09,S004-P0009,Clothing,123,1272,119.87,111.1,114.83308
2023-12-10,S004-P0009,Clothing,137,1137,118.29,111.1,121.36915
2023-12-11,S004-P0009,Clothing,192,1047,137.26,111.1,120.04472
2023-12-12,S004-P0009,Clothing,142,930,113.45,111.1,154.34294
2023-12-13,S004-P0009,Clothing,178,815,132.55,111.1,154.95274
2023-12-14,S004-P0009,Clothing,93,664,103.04,111.1,127.83661
2023-12-15,S004-P0009,Clothing,74,560,112.69,111.1,125.576805
2023-12-16,S004-P0009,Clothing,77,511,108.48,111.1,122.72225
2023-12-17,S004-P0009,Clothing,121,429,99.04,111.1,141.99254
2023-12-18,S004-P0009,Clothing,112,320,115.51,111.1,144.17409
2023-12-19,S004-P0009,Clothing,113,218,128.63,111.1,113.141754
2023-12-20,S004-P0009,Clothing,88,455,112.51,111.1,111.438156
2023-12-21,S004-P0009,Clothing,162,402,133.65,111.1,140.15898
2023-12-22,S004-P0009,Clothing,90,215,107.45,111.1,112.02224
2023-12-23,S004-P0009,Clothing,45,140,96.04,111.1,115.41896
2023-12-24,S004-P0009,Clothing,89,520,101.69,111.1,107.03279
2023-12-25,S004-P0009,Clothing,140,465,132.67,111.1,107.45603
2023-12-26,S004-P0009,Clothing,111,323,108.63,111.1,138.69174
2023-12-27,S004-P0009,Clothing,131,238,129.21,111.1,79.35249
2023-12-28,S004-P0009,Clothing,103,637,106.56,111.1,82.74363
2023-12-29,S004-P0009,Clothing,107,568,113.79,111.1,92.37973
2023-12-30,S004-P0009,Clothing,40,453,94.06,111.1,90.773674
2023-12-31,S004-P0009,Clothing,143,428,120.46,111.1,86.647644
2024-01-01,S004-P0009,Clothing,121,287,132.09,111.1,90.860435
2024-01-02,S004-P0009,Clothing,166,186,114.09,111.1,121.258446
2024-01-03,S004-P0009,Clothing,115,537,116.45,111.1,98.69479
2024-01-04,S004-P0009,Clothing,116,450,111.15,111.1,101.70168
2024-01-05,S004-P0009,Clothing,188,319,151.23,111.1,99.28605
2024-01-06,S004-P0009,Clothing,195,122,123.04,111.1,129.73004
2024-01-07,S004-P0009,Clothing,110,0,115.06,111.1,110.07203
2024-01-08,S004-P0009,Clothing,132,565,116.66,111.1,109.709496
2024-01-09,S004-P0009,Clothing,82,475,99.37,111.1,164.56729
2024-01-10,S004-P0009,Clothing,125,385,127.0,111.1,129.33025
2024-01-11,S004-P0009,Clothing,142,299,106.67,111.1,157.3076
2024-01-12,S004-P0009,Clothing,101,165,123.8,111.1,125.83166
2024-01-13,S004-P0009,Clothing,118,438,117.81,111.1,123.62598
2024-01-14,S004-P0009,Clothing,89,306,113.05,111.1,121.27644
2024-01-15,S004-P0009,Clothing,88,211,112.59,111.1,123.32554
2024-01-16,S004-P0009,Clothing,169,153,129.38,111.1,147.93324
2024-01-17,S004-P0009,Clothing,99,353,87.7,111.1,148.1606
2024-01-18,S004-P0009,Clothing,110,260,115.0,111.1,116.41629
2024-01-19,S004-P0009,Clothing,60,749,102.02,111.1,114.07533
2024-01-20,S004-P0009,Clothing,192,695,114.35,111.1,141.62834
2024-01-21,S004-P0009,Clothing,84,528,94.27,111.1,146.23926
2024-01-22,S004-P0009,Clothing,97,467,116.18,111.1,117.43116
2024-01-23,S004-P0009,Clothing,99,352,110.95,111.1,110.88863
2024-01-24,S004-P0009,Clothing,176,238,123.36,111.1,145.26186
2024-01-25,S004-P0009,Clothing,189,36,159.48,111.1,111.93578
2024-01-26,S004-P0009,Clothing,168,328,143.4,111.1,117.812454
2024-01-27,S004-P0009,Clothing,175,754,109.71,111.1,149.75272
2024-01-28,S004-P0009,Clothing,82,581,116.31,111.1,125.95039
2024-01-29,S004-P0009,Clothing,42,510,94.97,111.1,123.84965
2024-01-30,S004-P0009,Clothing,127,472,120.79,111.1,114.65212
2023-10-03,S004-P0010,Groceries,103,442,24.97,25.615000000000002,145.63301
2023-10-04,S004-P0010,Groceries,99,324,24.69,25.615000000000002,146.23279
2023-10-05,S004-P0010,Groceries,189,219,32.09,25.615000000000002,111.60247
2023-10-06,S004-P0010,Groceries,136,610,29.17,25.615000000000002,114.37093
2023-10-07,S004-P0010,Groceries,78,466,19.38,25.615000000000002,104.29946
2023-10-08,S004-P0010,Groceries,69,402,22.3,25.615000000000002,83.58702
2023-10-09,S004-P0010,Groceries,85,1224,23.54,25.615000000000002,78.6086
2023-10-10,S004-P0010,Groceries,37,1130,20.72,25.615000000000002,81.39361
2023-10-11,S004-P0010,Groceries,112,1107,27.11,25.615000000000002,74.04543
2023-10-12,S004-P0010,Groceries,81,1026,19.32,25.615000000000002,109.063065
2023-10-13,S004-P0010,Groceries,109,951,26.86,25.615000000000002,82.28896
2023-10-14,S004-P0010,Groceries,85,847,20.92,25.615000000000002,114.59238
2023-10-15,S004-P0010,Groceries,109,770,28.31,25.615000000000002,84.654816
2023-10-16,S004-P0010,Groceries,77,678,21.75,25.615000000000002,92.00043
2023-10-17,S004-P0010,Groceries,102,596,27.66,25.615000000000002,89.79349
2023-10-18,S004-P0010,Groceries,49,490,22.86,25.615000000000002,93.59241
2023-10-19,S004-P0010,Groceries,112,439,25.7,25.615000000000002,104.53118
2023-10-20,S004-P0010,Groceries,74,305,22.72,25.615000000000002,87.236626
2023-10-21,S004-P0010,Groceries,50,218,17.5,25.615000000000002,104.722855
2023-10-22,S004-P0010,Groceries,128,184,22.49,25.615000000000002,94.59216
2023-10-23,S004-P0010,Groceries,68,401,22.18,25.615000000000002,76.861015
2023-10-24,S004-P0010,Groceries,21,349,19.32,25.615000000000002,84.67475
2023-10-25,S004-P0010,Groceries,177,325,31.13,25.615000000000002,112.405914
2023-10-26,S004-P0010,Groceries,199,148,32.79,25.615000000000002,120.08285
2023-10-27,S004-P0010,Groceries,63,26,24.16,25.615000000000002,116.9759
2023-10-28,S004-P0010,Groceries,127,0,25.57,25.615000000000002,146.17719
2023-10-29,S004-P0010,Groceries,107,847,25.34,25.615000000000002,117.55838
2023-10-30,S004-P0010,Groceries,112,735,27.11,25.615000000000002,118.9519
2023-10-31,S004-P0010,Groceries,132,651,27.41,25.615000000000002,113.45319
2023-11-01,S004-P0010,Groceries,93,564,25.5,25.615000000000002,115.92211
2023-11-02,S004-P0010,Groceries,163,508,26.83,25.615000000000002,142.75352
2023-11-03,S004-P0010,Groceries,154,329,30.75,25.615000000000002,116.93987
2023-11-04,S004-P0010,Groceries,116,148,23.37,25.615000000000002,148.45784
2023-11-05,S004-P0010,Groceries,110,73,24.29,25.615000000000002,115.88144
2023-11-06,S004-P0010,Groceries,52,632,20.88,25.615000000000002,114.75153
2023-11-07,S004-P0010,Groceries,118,593,22.16,25.615000000000002,145.055
2023-11-08,S004-P0010,Groceries,125,498,21.19,25.615000000000002,142.29562
2023-11-09,S004-P0010,Groceries,140,363,23.62,25.615000000000002,140.86589
2023-11-10,S004-P0010,Groceries,43,225,20.14,25.615000000000002,107.71215
2023-11-11,S004-P0010,Groceries,148,176,31.88,25.615000000000002,108.99024
2023-11-12,S004-P0010,Groceries,161,574,26.43,25.615000000000002,138.77281
2023-11-13,S004-P0010,Groceries,80,440,22.0,25.615000000000002,112.70215
2023-11-14,S004-P0010,Groceries,57,386,22.41,25.615000000000002,108.15063
2023-11-15,S004-P0010,Groceries,193,325,30.66,25.615000000000002,134.60695
2023-11-16,S004-P0010,Groceries,99,846,27.38,25.615000000000002,109.5211
2023-11-17,S004-P0010,Groceries,82,734,25.87,25.615000000000002,112.97385
2023-11-18,S004-P0010,Groceries,84,664,24.78,25.615000000000002,104.93626
2023-11-19,S004-P0010,Groceries,189,589,25.29,25.615000000000002,134.76424
2023-11-20,S004-P0010,Groceries,150,437,27.34,25.615000000000002,106.68957
2023-11-21,S004-P0010,Groceries,52,285,19.79,25.615000000000002,112.16727
2023-11-22,S004-P0010,Groceries,90,225,21.25,25.615000000000002,136.2422
2023-11-23,S004-P0010,Groceries,157,932,23.27,25.615000000000002,137.9506
2023-11-24,S004-P0010,Groceries,96,769,27.11,25.615000000000002,108.11306
2023-11-25,S004-P0010,Groceries,50,681,19.64,25.615000000000002,110.243195
2023-11-26,S004-P0010,Groceries,113,650,27.2,25.615000000000002,101.81634
2023-11-27,S004-P0010,Groceries,116,516,27.48,25.615000000000002,105.08329
2023-11-28,S004-P0010,Groceries,144,401,29.91,25.615000000000002,103.108055
2023-11-29,S004-P0010,Groceries,133,261,27.41,25.615000000000002,108.00259
2023-11-30,S004-P0010,Groceries,112,107,24.42,25.615000000000002,105.093376
2023-12-01,S004-P0010,Groceries,46,2,20.45,25.615000000000002,108.616264
2023-12-02,S004-P0010,Groceries,130,591,25.86,25.615000000000002,111.81379
2023-12-03,S004-P0010,Groceries,130,438,27.23,25.615000000000002,110.48971
2023-12-04,S004-P0010,Groceries,36,318,21.73,25.615000000000002,107.1401
2023-12-05,S004-P0010,Groceries,55,282,22.3,25.615000000000002,106.83599
2023-12-06,S004-P0010,Groceries,143,232,29.82,25.615000000000002,102.321396
2023-12-07,S004-P0010,Groceries,180,663,31.33,25.615000000000002,107.449356
2023-12-08,S004-P0010,Groceries,77,451,20.32,25.615000000000002,136.70259
2023-12-09,S004-P0010,Groceries,250,387,33.16,25.615000000000002,138.06512
2023-12-10,S004-P0010,Groceries,139,156,27.94,25.615000000000002,147.50279
2023-12-11,S004-P0010,Groceries,59,746,17.88,25.615000000000002,154.4958
2023-12-12,S004-P0010,Groceries,96,691,23.19,25.615000000000002,113.41103
2023-12-13,S004-P0010,Groceries,118,582,27.71,25.615000000000002,113.992004
2023-12-14,S004-P0010,Groceries,106,463,28.07,25.615000000000002,108.88239
2023-12-15,S004-P0010,Groceries,129,369,28.64,25.615000000000002,114.41237
2023-12-16,S004-P0010,Groceries,159,264,29.61,25.615000000000002,108.28418
2023-12-17,S004-P0010,Groceries,162,79,28.15,25.615000000000002,145.72081
2023-12-18,S004-P0010,Groceries,167,345,28.48,25.615000000000002,145.63844
2023-12-19,S004-P0010,Groceries,82,159,24.54,25.615000000000002,121.83251
2023-12-20,S004-P0010,Groceries,120,704,21.95,25.615000000000002,143.68295
2023-12-21,S004-P0010,Groceries,209,573,31.94,25.615000000000002,113.82527
2023-12-22,S004-P0010,Groceries,47,443,21.56,25.615000000000002,119.35706
2023-12-23,S004-P0010,Groceries,103,389,27.76,25.615000000000002,122.283104
2023-12-24,S004-P0010,Groceries,202,270,29.67,25.615000000000002,144.61101
2023-12-25,S004-P0010,Groceries,148,1110,24.16,25.615000000000002,154.28192
2023-12-26,S004-P0010,Groceries,165,970,33.38,25.615000000000002,120.714714
2023-12-27,S004-P0010,Groceries,133,793,21.69,25.615000000000002,117.6258
2023-12-28,S004-P0010,Groceries,60,711,20.4,25.615000000000002,95.60767
2023-12-29,S004-P0010,Groceries,34,646,20.44,25.615000000000002,93.07132
2023-12-30,S004-P0010,Groceries,145,611,28.41,25.615000000000002,74.68039
2023-12-31,S004-P0010,Groceries,31,448,19.13,25.615000000000002,91.52596
2024-01-01,S004-P0010,Groceries,153,419,29.02,25.615000000000002,104.60418
2024-01-02,S004-P0010,Groceries,89,293,26.52,25.615000000000002,94.0064
2024-01-03,S004-P0010,Groceries,77,866,24.14,25.615000000000002,98.76113
2024-01-04,S004-P0010,Groceries,118,804,23.3,25.615000000000002,109.38526
2024-01-05,S004-P0010,Groceries,123,678,22.46,25.615000000000002,111.49256
2024-01-06,S004-P0010,Groceries,76,533,25.34,25.615000000000002,92.79975
2024-01-07,S004-P0010,Groceries,91,465,21.34,25.615000000000002,112.34877
2024-01-08,S004-P0010,Groceries,127,387,27.04,25.615000000000002,85.16946
2024-01-09,S004-P0010,Groceries,101,290,27.58,25.615000000000002,115.84313
2024-01-10,S004-P0010,Groceries,215,222,32.2,25.615000000000002,150.48827
2024-01-11,S004-P0010,Groceries,159,91,32.86,25.615000000000002,121.428474
2024-01-12,S004-P0010,Groceries,106,540,26.62,25.615000000000002,128.05443
2024-01-13,S004-P0010,Groceries,114,461,25.94,25.615000000000002,121.05041
2024-01-14,S004-P0010,Groceries,51,1119,20.81,25.615000000000002,126.43662
2024-01-15,S004-P0010,Groceries,155,1063,29.3,25.615000000000002,121.81872
2024-01-16,S004-P0010,Groceries,64,879,18.21,25.615000000000002,153.75218
2024-01-17,S004-P0010,Groceries,89,839,22.54,25.615000000000002,148.59225
2024-01-18,S004-P0010,Groceries,161,760,29.74,25.615000000000002,109.75347
2024-01-19,S004-P0010,Groceries,119,600,26.33,25.615000000000002,115.50881
2024-01-20,S004-P0010,Groceries,119,468,26.26,25.615000000000002,119.19971
2024-01-21,S004-P0010,Groceries,165,337,25.01,25.615000000000002,148.39699
2024-01-22,S004-P0010,Groceries,86,218,26.23,25.615000000000002,121.45737
2024-01-23,S004-P0010,Groceries,138,154,26.44,25.615000000000002,118.312096
2024-01-24,S004-P0010,Groceries,129,440,22.58,25.615000000000002,152.76817
2024-01-25,S004-P0010,Groceries,140,290,31.07,25.615000000000002,118.68255
2024-01-26,S004-P0010,Groceries,103,166,25.05,25.615000000000002,117.669304
2024-01-27,S004-P0010,Groceries,131,598,25.76,25.615000000000002,151.96205
2024-01-28,S004-P0010,Groceries,122,515,28.05,25.615000000000002,119.28602
2024-01-29,S004-P0010,Groceries,115,383,24.64,25.615000000000002,117.64968
2024-01-30,S004-P0010,Groceries,117,247,27.62,25.615000000000002,118.58021
2023-10-03,S004-P0011,Clothing,112,330,59.72,58.195,101.98777
2023-10-04,S004-P0011,Clothing,74,240,58.29,58.195,98.904526
2023-10-05,S004-P0011,Clothing,127,194,65.89,58.195,97.925476
2023-10-06,S004-P0011,Clothing,149,47,66.58,58.195,100.27233
2023-10-07,S004-P0011,Clothing,127,447,55.5,58.195,91.90323
2023-10-08,S004-P0011,Clothing,101,349,48.58,58.195,93.33033
2023-10-09,S004-P0011,Clothing,146,240,62.72,58.195,68.66483
2023-10-10,S004-P0011,Clothing,38,688,41.0,58.195,104.842186
2023-10-11,S004-P0011,Clothing,102,653,54.83,58.195,79.11514
2023-10-12,S004-P0011,Clothing,47,566,44.85,58.195,105.192726
2023-10-13,S004-P0011,Clothing,95,511,59.57,58.195,81.83053
2023-10-14,S004-P0011,Clothing,114,423,57.0,58.195,81.26664
2023-10-15,S004-P0011,Clothing,71,349,52.06,58.195,84.62967
2023-10-16,S004-P0011,Clothing,95,282,59.52,58.195,83.28929
2023-10-17,S004-P0011,Clothing,90,202,43.9,58.195,109.86911
2023-10-18,S004-P0011,Clothing,52,498,51.14,58.195,84.431206
2023-10-19,S004-P0011,Clothing,95,453,56.48,58.195,96.805176
2023-10-20,S004-P0011,Clothing,110,365,62.68,58.195,76.468735
2023-10-21,S004-P0011,Clothing,111,261,50.19,58.195,106.758995
2023-10-22,S004-P0011,Clothing,58,166,49.44,58.195,84.76011
2023-10-23,S004-P0011,Clothing,147,569,55.95,58.195,98.19157
2023-10-24,S004-P0011,Clothing,107,416,65.25,58.195,85.368
2023-10-25,S004-P0011,Clothing,58,341,49.73,58.195,113.172905
2023-10-26,S004-P0011,Clothing,158,273,61.38,58.195,144.40132
2023-10-27,S004-P0011,Clothing,103,664,61.12,58.195,110.871574
2023-10-28,S004-P0011,Clothing,121,551,58.33,58.195,113.82941
2023-10-29,S004-P0011,Clothing,80,477,56.59,58.195,108.25009
2023-10-30,S004-P0011,Clothing,109,386,62.46,58.195,112.990944
2023-10-31,S004-P0011,Clothing,74,291,55.39,58.195,107.67078
2023-11-01,S004-P0011,Clothing,161,704,65.51,58.195,110.673546
2023-11-02,S004-P0011,Clothing,66,559,53.94,58.195,109.468185
2023-11-03,S004-P0011,Clothing,119,503,64.47,58.195,108.92308
2023-11-04,S004-P0011,Clothing,120,422,48.38,58.195,139.89587
2023-11-05,S004-P0011,Clothing,89,1010,61.44,58.195,113.3146
2023-11-06,S004-P0011,Clothing,91,945,47.11,58.195,135.98186
2023-11-07,S004-P0011,Clothing,143,864,69.16,58.195,109.11361
2023-11-08,S004-P0011,Clothing,64,754,53.42,58.195,107.1169
2023-11-09,S004-P0011,Clothing,108,714,62.28,58.195,110.032486
2023-11-10,S004-P0011,Clothing,116,646,57.35,58.195,106.75462
2023-11-11,S004-P0011,Clothing,199,518,67.69,58.195,137.9795
2023-11-12,S004-P0011,Clothing,104,396,58.37,58.195,107.09222
2023-11-13,S004-P0011,Clothing,77,331,56.1,58.195,115.79033
2023-11-14,S004-P0011,Clothing,68,247,48.88,58.195,107.142296
2023-11-15,S004-P0011,Clothing,124,1070,52.32,58.195,140.73473
2023-11-16,S004-P0011,Clothing,125,996,62.19,58.195,105.217514
2023-11-17,S004-P0011,Clothing,107,907,48.94,58.195,137.457
2023-11-18,S004-P0011,Clothing,77,781,53.04,58.195,131.13043
2023-11-19,S004-P0011,Clothing,77,719,53.16,58.195,105.482124
2023-11-20,S004-P0011,Clothing,121,627,64.79,58.195,103.50031
2023-11-21,S004-P0011,Clothing,82,539,48.45,58.195,131.93929
2023-11-22,S004-P0011,Clothing,43,453,46.77,58.195,98.58386
2023-11-23,S004-P0011,Clothing,102,405,57.88,58.195,96.238335
2023-11-24,S004-P0011,Clothing,121,341,55.01,58.195,124.18209
2023-11-25,S004-P0011,Clothing,148,219,56.19,58.195,122.23248
2023-11-26,S004-P0011,Clothing,112,75,49.8,58.195,123.738434
2023-11-27,S004-P0011,Clothing,139,396,68.36,58.195,96.69673
2023-11-28,S004-P0011,Clothing,118,245,57.74,58.195,99.032394
2023-11-29,S004-P0011,Clothing,129,831,62.8,58.195,103.23561
2023-11-30,S004-P0011,Clothing,62,702,53.05,58.195,102.20657
2023-12-01,S004-P0011,Clothing,206,654,77.32,58.195,132.23393
2023-12-02,S004-P0011,Clothing,60,466,52.66,58.195,107.41251
2023-12-03,S004-P0011,Clothing,106,427,65.15,58.195,110.207726
2023-12-04,S004-P0011,Clothing,102,346,48.8,58.195,130.21913
2023-12-05,S004-P0011,Clothing,145,1238,69.5,58.195,107.4112
2023-12-06,S004-P0011,Clothing,183,1090,69.41,58.195,134.70366
2023-12-07,S004-P0011,Clothing,190,930,66.8,58.195,142.78105
2023-12-08,S004-P0011,Clothing,92,710,55.98,58.195,110.672485
2023-12-09,S004-P0011,Clothing,124,628,55.05,58.195,139.71742
2023-12-10,S004-P0011,Clothing,75,522,55.64,58.195,109.63664
2023-12-11,S004-P0011,Clothing,113,450,56.58,58.195,139.50757
2023-12-12,S004-P0011,Clothing,93,375,56.12,58.195,102.04573
2023-12-13,S004-P0011,Clothing,122,273,65.05,58.195,110.196785
2023-12-14,S004-P0011,Clothing,62,133,47.83,58.195,103.93431
2023-12-15,S004-P0011,Clothing,108,524,58.92,58.195,106.16405
2023-12-16,S004-P0011,Clothing,101,414,47.96,58.195,133.27986
2023-12-17,S004-P0011,Clothing,175,327,75.46,58.195,106.42162
2023-12-18,S004-P0011,Clothing,82,133,54.1,58.195,107.75055
2023-12-19,S004-P0011,Clothing,133,34,60.36,58.195,142.21297
2023-12-20,S004-P0011,Clothing,77,446,53.09,58.195,107.15874
2023-12-21,S004-P0011,Clothing,91,364,55.84,58.195,113.63051
2023-12-22,S004-P0011,Clothing,175,297,67.91,58.195,134.1493
2023-12-23,S004-P0011,Clothing,108,709,62.19,58.195,108.97274
2023-12-24,S004-P0011,Clothing,110,591,62.63,58.195,107.09673
2023-12-25,S004-P0011,Clothing,115,469,67.01,58.195,109.97338
2023-12-26,S004-P0011,Clothing,153,371,53.42,58.195,138.3757
2023-12-27,S004-P0011,Clothing,95,227,56.69,58.195,80.56359
2023-12-28,S004-P0011,Clothing,59,143,55.24,58.195,83.21793
2023-12-29,S004-P0011,Clothing,189,606,78.37,58.195,77.71641
2023-12-30,S004-P0011,Clothing,102,429,61.04,58.195,93.32481
2023-12-31,S004-P0011,Clothing,120,316,61.33,58.195,97.11642
2024-01-01,S004-P0011,Clothing,110,196,47.0,58.195,120.15311
2024-01-02,S004-P0011,Clothing,108,867,59.04,58.195,98.37583
2024-01-03,S004-P0011,Clothing,151,775,55.88,58.195,115.956505
2024-01-04,S004-P0011,Clothing,114,644,57.04,58.195,124.169014
2024-01-05,S004-P0011,Clothing,206,563,68.78,58.195,118.48486
2024-01-06,S004-P0011,Clothing,209,340,64.91,58.195,131.53662
2024-01-07,S004-P0011,Clothing,122,127,61.68,58.195,109.220726
2024-01-08,S004-P0011,Clothing,161,37,68.96,58.195,110.87879
2024-01-09,S004-P0011,Clothing,99,908,63.57,58.195,131.56386
2024-01-10,S004-P0011,Clothing,130,810,66.67,58.195,135.54262
2024-01-11,S004-P0011,Clothing,262,671,78.11,58.195,164.5534
2024-01-12,S004-P0011,Clothing,8,366,38.17,58.195,140.83629
2024-01-13,S004-P0011,Clothing,215,357,70.91,58.195,165.7491
2024-01-14,S004-P0011,Clothing,120,173,64.57,58.195,134.47523
2024-01-15,S004-P0011,Clothing,158,1307,68.31,58.195,171.75194
2024-01-16,S004-P0011,Clothing,80,1212,53.78,58.195,136.04797
2024-01-17,S004-P0011,Clothing,104,1146,46.12,58.195,162.4117
2024-01-18,S004-P0011,Clothing,181,1040,76.73,58.195,123.0915
2024-01-19,S004-P0011,Clothing,101,850,63.91,58.195,131.77814
2024-01-20,S004-P0011,Clothing,101,778,54.7,58.195,163.06581
2024-01-21,S004-P0011,Clothing,116,683,63.84,58.195,127.6737
2024-01-22,S004-P0011,Clothing,168,604,70.38,58.195,130.33955
2024-01-23,S004-P0011,Clothing,131,426,66.86,58.195,128.65779
2024-01-24,S004-P0011,Clothing,82,280,54.02,58.195,130.07571
2024-01-25,S004-P0011,Clothing,153,221,74.85,58.195,124.209785
2024-01-26,S004-P0011,Clothing,88,851,58.18,58.195,129.60281
2024-01-27,S004-P0011,Clothing,55,767,46.54,58.195,125.85997
2024-01-28,S004-P0011,Clothing,55,720,46.46,58.195,122.066826
2024-01-29,S004-P0011,Clothing,97,680,63.24,58.195,116.31074
2024-01-30,S004-P0011,Clothing,96,596,53.84,58.195,111.182915
2023-10-03,S004-P0012,Electronics,137,125,118.11,106.785,125.68313
2023-10-04,S004-P0012,Electronics,34,164,96.56,106.785,99.79584
2023-10-05,S004-P0012,Electronics,103,140,118.25,106.785,98.17736
2023-10-06,S004-P0012,Electronics,70,150,100.41,106.785,96.77682
2023-10-07,S004-P0012,Electronics,46,90,86.56,106.785,57.28209
2023-10-08,S004-P0012,Electronics,47,49,96.91,106.785,54.13905
2023-10-09,S004-P0012,Electronics,47,68,96.82,106.785,50.50688
2023-10-10,S004-P0012,Electronics,63,72,92.64,106.785,63.409607
2023-10-11,S004-P0012,Electronics,49,89,92.33,106.785,47.830425
2023-10-12,S004-P0012,Electronics,56,93,90.3,106.785,65.35679
2023-10-13,S004-P0012,Electronics,36,88,69.25,106.785,64.261696
2023-10-14,S004-P0012,Electronics,72,46,90.45,106.785,55.37442
2023-10-15,S004-P0012,Electronics,61,81,96.89,106.785,48.593567
2023-10-16,S004-P0012,Electronics,40,95,89.47,106.785,50.829586
2023-10-17,S004-P0012,Electronics,33,69,86.47,106.785,51.821712
2023-10-18,S004-P0012,Electronics,80,85,93.0,106.785,58.6399
2023-10-19,S004-P0012,Electronics,88,108,118.58,106.785,50.76456
2023-10-20,S004-P0012,Electronics,23,148,83.01,106.785,78.740105
2023-10-21,S004-P0012,Electronics,52,131,79.06,106.785,69.87197
2023-10-22,S004-P0012,Electronics,51,91,88.31,106.785,47.17477
2023-10-23,S004-P0012,Electronics,70,111,105.52,106.785,54.829224
2023-10-24,S004-P0012,Electronics,59,119,106.73,106.785,54.03847
2023-10-25,S004-P0012,Electronics,108,73,108.02,106.785,124.1787
2023-10-26,S004-P0012,Electronics,128,124,134.68,106.785,92.834206
2023-10-27,S004-P0012,Electronics,119,147,124.58,106.785,99.18157
2023-10-28,S004-P0012,Electronics,110,176,120.78,106.785,93.66514
2023-10-29,S004-P0012,Electronics,49,60,92.2,106.785,97.765045
2023-10-30,S004-P0012,Electronics,90,65,101.76,106.785,97.954605
2023-10-31,S004-P0012,Electronics,65,74,109.1,106.785,100.62937
2023-11-01,S004-P0012,Electronics,220,84,146.04,106.785,123.87786
2023-11-02,S004-P0012,Electronics,115,189,129.31,106.785,99.92718
2023-11-03,S004-P0012,Electronics,98,65,104.12,106.785,130.35712
2023-11-04,S004-P0012,Electronics,153,109,137.63,106.785,103.375
2023-11-05,S004-P0012,Electronics,41,161,85.12,106.785,107.727715
2023-11-06,S004-P0012,Electronics,92,116,108.15,106.785,105.253746
2023-11-07,S004-P0012,Electronics,99,159,116.7,106.785,105.12924
2023-11-08,S004-P0012,Electronics,92,59,102.48,106.785,103.02967
2023-11-09,S004-P0012,Electronics,133,102,116.73,106.785,131.20534
2023-11-10,S004-P0012,Electronics,145,158,127.14,106.785,133.07211
2023-11-11,S004-P0012,Electronics,133,196,129.64,106.785,101.696754
2023-11-12,S004-P0012,Electronics,115,104,110.42,106.785,105.545334
2023-11-13,S004-P0012,Electronics,106,123,113.6,106.785,105.38213
2023-11-14,S004-P0012,Electronics,169,162,128.41,106.785,136.3834
2023-11-15,S004-P0012,Electronics,87,158,112.27,106.785,108.24482
2023-11-16,S004-P0012,Electronics,113,102,128.54,106.785,108.8794
2023-11-17,S004-P0012,Electronics,159,145,132.48,106.785,107.89062
2023-11-18,S004-P0012,Electronics,202,214,123.47,106.785,140.99133
2023-11-19,S004-P0012,Electronics,111,265,90.91,106.785,143.75096
2023-11-20,S004-P0012,Electronics,74,174,101.29,106.785,117.787254
2023-11-21,S004-P0012,Electronics,86,107,111.6,106.785,113.0545
2023-11-22,S004-P0012,Electronics,162,147,133.75,106.785,111.20114
2023-11-23,S004-P0012,Electronics,214,196,120.57,106.785,142.48485
2023-11-24,S004-P0012,Electronics,174,206,137.74,106.785,147.04411
2023-11-25,S004-P0012,Electronics,119,203,124.38,106.785,116.802826
2023-11-26,S004-P0012,Electronics,108,109,102.05,106.785,143.81465
2023-11-27,S004-P0012,Electronics,139,96,132.08,106.785,115.237015
2023-11-28,S004-P0012,Electronics,108,113,113.7,106.785,118.13555
2023-11-29,S004-P0012,Electronics,145,97,141.47,106.785,115.418625
2023-11-30,S004-P0012,Electronics,110,121,114.58,106.785,115.79023
2023-12-01,S004-P0012,Electronics,108,130,126.36,106.785,118.98084
2023-12-02,S004-P0012,Electronics,99,171,104.32,106.785,146.75511
2023-12-03,S004-P0012,Electronics,121,69,118.65,106.785,145.09518
2023-12-04,S004-P0012,Electronics,109,128,114.3,106.785,114.00503
2023-12-05,S004-P0012,Electronics,130,166,128.79,106.785,115.71733
2023-12-06,S004-P0012,Electronics,137,151,138.13,106.785,113.59424
2023-12-07,S004-P0012,Electronics,116,117,129.91,106.785,115.096214
2023-12-08,S004-P0012,Electronics,97,153,115.8,106.785,114.61819
2023-12-09,S004-P0012,Electronics,81,71,98.82,106.785,145.67357
2023-12-10,S004-P0012,Electronics,88,92,94.62,106.785,141.27559
2023-12-11,S004-P0012,Electronics,89,119,94.95,106.785,136.87828
2023-12-12,S004-P0012,Electronics,138,106,131.62,106.785,105.20975
2023-12-13,S004-P0012,Electronics,105,155,107.09,106.785,107.24439
2023-12-14,S004-P0012,Electronics,97,50,104.26,106.785,109.17733
2023-12-15,S004-P0012,Electronics,108,114,96.27,106.785,136.48366
2023-12-16,S004-P0012,Electronics,64,143,92.79,106.785,108.81156
2023-12-17,S004-P0012,Electronics,144,98,114.03,106.785,131.40755
2023-12-18,S004-P0012,Electronics,96,152,109.8,106.785,101.668434
2023-12-19,S004-P0012,Electronics,137,42,117.35,106.785,132.02661
2023-12-20,S004-P0012,Electronics,80,158,115.33,106.785,104.06398
2023-12-21,S004-P0012,Electronics,113,110,115.51,106.785,102.78135
2023-12-22,S004-P0012,Electronics,173,126,114.74,106.785,132.73656
2023-12-23,S004-P0012,Electronics,123,203,119.78,106.785,106.05282
2023-12-24,S004-P0012,Electronics,51,127,98.38,106.785,106.859856
2023-12-25,S004-P0012,Electronics,160,67,111.98,106.785,131.99333
2023-12-26,S004-P0012,Electronics,141,174,132.8,106.785,104.49174
2023-12-27,S004-P0012,Electronics,65,200,98.32,106.785,81.17975
2023-12-28,S004-P0012,Electronics,44,126,90.92,106.785,78.10192
2023-12-29,S004-P0012,Electronics,37,99,92.7,106.785,65.51437
2023-12-30,S004-P0012,Electronics,56,65,105.34,106.785,59.33784
2023-12-31,S004-P0012,Electronics,49,70,92.33,106.785,55.748547
2024-01-01,S004-P0012,Electronics,74,86,107.12,106.785,54.21351
2024-01-02,S004-P0012,Electronics,67,122,109.97,106.785,55.170666
2024-01-03,S004-P0012,Electronics,80,69,103.79,106.785,59.2865
2024-01-04,S004-P0012,Electronics,45,83,86.43,106.785,64.99651
2024-01-05,S004-P0012,Electronics,65,92,98.16,106.785,61.609768
2024-01-06,S004-P0012,Electronics,49,104,97.43,106.785,61.005337
2024-01-07,S004-P0012,Electronics,75,67,101.68,106.785,75.86746
2024-01-08,S004-P0012,Electronics,36,73,97.45,106.785,59.536
2024-01-09,S004-P0012,Electronics,147,91,115.01,106.785,124.868065
2024-01-10,S004-P0012,Electronics,121,169,118.72,106.785,99.116264
2024-01-11,S004-P0012,Electronics,190,27,121.34,106.785,133.03099
2024-01-12,S004-P0012,Electronics,98,153,91.71,106.785,138.95073
2024-01-13,S004-P0012,Electronics,189,49,135.28,106.785,139.51213
2024-01-14,S004-P0012,Electronics,128,214,115.24,106.785,110.702065
2024-01-15,S004-P0012,Electronics,90,70,113.39,106.785,113.24247
2024-01-16,S004-P0012,Electronics,90,97,119.29,106.785,112.200195
2024-01-17,S004-P0012,Electronics,109,127,107.92,106.785,138.06339
2024-01-18,S004-P0012,Electronics,144,145,107.21,106.785,135.46779
2024-01-19,S004-P0012,Electronics,66,133,93.75,106.785,105.96949
2024-01-20,S004-P0012,Electronics,159,93,132.53,106.785,104.52328
2024-01-21,S004-P0012,Electronics,79,173,108.98,106.785,108.64129
2024-01-22,S004-P0012,Electronics,107,115,113.59,106.785,142.32341
2024-01-23,S004-P0012,Electronics,99,135,105.2,106.785,135.86848
2024-01-24,S004-P0012,Electronics,87,160,106.65,106.785,107.72757
2024-01-25,S004-P0012,Electronics,120,93,99.94,106.785,130.08748
2024-01-26,S004-P0012,Electronics,81,120,115.69,106.785,101.453224
2024-01-27,S004-P0012,Electronics,51,123,88.58,106.785,101.0631
2024-01-28,S004-P0012,Electronics,146,67,127.82,106.785,98.73218
2024-01-29,S004-P0012,Electronics,166,159,142.51,106.785,103.1025
2024-01-30,S004-P0012,Electronics,91,201,119.62,106.785,108.69927
2023-10-03,S004-P0013,Groceries,200,185,24.76,20.34,123.77264
2023-10-04,S004-P0013,Groceries,143,0,23.62,20.34,104.14808
2023-10-05,S004-P0013,Groceries,127,409,21.33,20.34,104.05595
2023-10-06,S004-P0013,Groceries,145,867,23.74,20.34,104.497925
2023-10-07,S004-P0013,Groceries,78,765,17.3,20.34,76.092155
2023-10-08,S004-P0013,Groceries,61,681,17.12,20.34,76.92587
2023-10-09,S004-P0013,Groceries,110,633,20.23,20.34,74.16342
2023-10-10,S004-P0013,Groceries,81,523,14.54,20.34,101.77711
2023-10-11,S004-P0013,Groceries,78,469,18.21,20.34,77.47976
2023-10-12,S004-P0013,Groceries,96,419,18.41,20.34,103.82186
2023-10-13,S004-P0013,Groceries,54,338,16.65,20.34,82.621506
2023-10-14,S004-P0013,Groceries,66,275,16.55,20.34,78.078
2023-10-15,S004-P0013,Groceries,117,206,21.84,20.34,73.939156
2023-10-16,S004-P0013,Groceries,117,97,17.27,20.34,103.81328
2023-10-17,S004-P0013,Groceries,51,219,13.05,20.34,108.45564
2023-10-18,S004-P0013,Groceries,51,509,17.34,20.34,75.792366
2023-10-19,S004-P0013,Groceries,58,453,16.07,20.34,70.34487
2023-10-20,S004-P0013,Groceries,82,383,18.47,20.34,85.238594
2023-10-21,S004-P0013,Groceries,41,315,15.87,20.34,71.39599
2023-10-22,S004-P0013,Groceries,84,280,14.68,20.34,78.516106
2023-10-23,S004-P0013,Groceries,56,219,14.16,20.34,81.978676
2023-10-24,S004-P0013,Groceries,35,163,16.3,20.34,60.95589
2023-10-25,S004-P0013,Groceries,261,363,29.93,20.34,133.18442
2023-10-26,S004-P0013,Groceries,117,75,21.87,20.34,111.05988
2023-10-27,S004-P0013,Groceries,80,0,19.35,20.34,116.140366
2023-10-28,S004-P0013,Groceries,57,711,17.8,20.34,108.05433
2023-10-29,S004-P0013,Groceries,115,671,20.6,20.34,112.8561
2023-10-30,S004-P0013,Groceries,83,576,19.54,20.34,105.417595
2023-10-31,S004-P0013,Groceries,71,518,16.83,20.34,106.86717
2023-11-01,S004-P0013,Groceries,209,446,22.19,20.34,127.5261
2023-11-02,S004-P0013,Groceries,160,252,26.06,20.34,109.96188
2023-11-03,S004-P0013,Groceries,109,147,22.42,20.34,109.106964
2023-11-04,S004-P0013,Groceries,103,527,21.98,20.34,113.63189
2023-11-05,S004-P0013,Groceries,161,414,22.35,20.34,140.3279
2023-11-06,S004-P0013,Groceries,97,227,18.45,20.34,115.53223
2023-11-07,S004-P0013,Groceries,102,125,19.75,20.34,113.07757
2023-11-08,S004-P0013,Groceries,161,416,22.36,20.34,138.40166
2023-11-09,S004-P0013,Groceries,136,286,24.39,20.34,108.711586
2023-11-10,S004-P0013,Groceries,111,186,20.39,20.34,112.880394
2023-11-11,S004-P0013,Groceries,126,526,22.45,20.34,112.906
2023-11-12,S004-P0013,Groceries,188,377,26.68,20.34,115.10635
2023-11-13,S004-P0013,Groceries,121,160,19.93,20.34,116.47038
2023-11-14,S004-P0013,Groceries,112,45,18.28,20.34,151.80432
2023-11-15,S004-P0013,Groceries,134,643,24.23,20.34,121.40063
2023-11-16,S004-P0013,Groceries,4,517,11.95,20.34,148.12225
2023-11-17,S004-P0013,Groceries,91,513,20.11,20.34,115.814125
2023-11-18,S004-P0013,Groceries,126,454,16.84,20.34,139.06277
2023-11-19,S004-P0013,Groceries,93,335,20.23,20.34,112.37548
2023-11-20,S004-P0013,Groceries,33,246,14.46,20.34,135.80846
2023-11-21,S004-P0013,Groceries,104,610,17.82,20.34,135.56396
2023-11-22,S004-P0013,Groceries,90,534,18.03,20.34,100.61992
2023-11-23,S004-P0013,Groceries,122,468,21.02,20.34,134.06087
2023-11-24,S004-P0013,Groceries,71,368,18.72,20.34,98.49906
2023-11-25,S004-P0013,Groceries,82,292,14.61,20.34,127.124306
2023-11-26,S004-P0013,Groceries,50,198,17.28,20.34,94.96373
2023-11-27,S004-P0013,Groceries,133,161,21.79,20.34,96.73816
2023-11-28,S004-P0013,Groceries,89,294,19.94,20.34,94.64321
2023-11-29,S004-P0013,Groceries,155,239,24.46,20.34,95.61464
2023-11-30,S004-P0013,Groceries,173,398,23.1,20.34,97.69589
2023-12-01,S004-P0013,Groceries,112,209,17.19,20.34,134.90309
2023-12-02,S004-P0013,Groceries,116,530,19.51,20.34,133.88109
2023-12-03,S004-P0013,Groceries,110,414,21.4,20.34,108.03454
2023-12-04,S004-P0013,Groceries,112,324,17.19,20.34,134.46466
2023-12-05,S004-P0013,Groceries,196,201,24.48,20.34,135.00603
2023-12-06,S004-P0013,Groceries,120,429,18.76,20.34,140.50465
2023-12-07,S004-P0013,Groceries,165,307,23.86,20.34,108.38911
2023-12-08,S004-P0013,Groceries,85,823,19.65,20.34,106.76415
2023-12-09,S004-P0013,Groceries,127,722,22.53,20.34,110.88441
2023-12-10,S004-P0013,Groceries,79,574,18.27,20.34,107.13209
2023-12-11,S004-P0013,Groceries,128,489,21.37,20.34,112.9648
2023-12-12,S004-P0013,Groceries,157,362,25.83,20.34,107.260155
2023-12-13,S004-P0013,Groceries,194,255,22.8,20.34,143.90114
2023-12-14,S004-P0013,Groceries,186,68,26.55,20.34,113.52903
2023-12-15,S004-P0013,Groceries,117,477,21.85,20.34,121.10739
2023-12-16,S004-P0013,Groceries,4,338,14.94,20.34,119.873436
2023-12-17,S004-P0013,Groceries,176,966,20.69,20.34,145.01547
2023-12-18,S004-P0013,Groceries,131,756,22.81,20.34,114.698746
2023-12-19,S004-P0013,Groceries,77,601,17.2,20.34,120.17358
2023-12-20,S004-P0013,Groceries,148,548,18.93,20.34,146.82448
2023-12-21,S004-P0013,Groceries,148,381,23.98,20.34,118.77534
2023-12-22,S004-P0013,Groceries,118,255,19.61,20.34,149.12505
2023-12-23,S004-P0013,Groceries,182,155,24.96,20.34,122.845474
2023-12-24,S004-P0013,Groceries,130,510,20.47,20.34,123.220024
2023-12-25,S004-P0013,Groceries,83,363,18.52,20.34,126.54859
2023-12-26,S004-P0013,Groceries,96,963,18.39,20.34,122.68763
2023-12-27,S004-P0013,Groceries,86,894,16.78,20.34,100.09978
2023-12-28,S004-P0013,Groceries,48,823,16.33,20.34,81.43326
2023-12-29,S004-P0013,Groceries,94,782,20.27,20.34,73.56469
2023-12-30,S004-P0013,Groceries,62,707,16.28,20.34,75.364746
2023-12-31,S004-P0013,Groceries,47,655,16.26,20.34,78.96449
2024-01-01,S004-P0013,Groceries,116,621,19.62,20.34,70.26325
2024-01-02,S004-P0013,Groceries,105,531,19.9,20.34,106.721695
2024-01-03,S004-P0013,Groceries,87,424,17.86,20.34,90.21479
2024-01-04,S004-P0013,Groceries,45,328,17.82,20.34,84.5637
2024-01-05,S004-P0013,Groceries,114,301,18.41,20.34,94.18389
2024-01-06,S004-P0013,Groceries,67,165,17.47,20.34,79.847435
2024-01-07,S004-P0013,Groceries,89,90,17.94,20.34,95.735855
2024-01-08,S004-P0013,Groceries,87,437,17.83,20.34,76.898575
2024-01-09,S004-P0013,Groceries,111,373,19.32,20.34,140.48363
2024-01-10,S004-P0013,Groceries,161,305,23.55,20.34,142.89886
2024-01-11,S004-P0013,Groceries,144,174,22.51,20.34,109.12213
2024-01-12,S004-P0013,Groceries,76,439,17.16,20.34,115.22847
2024-01-13,S004-P0013,Groceries,85,374,19.7,20.34,111.30695
2024-01-14,S004-P0013,Groceries,101,313,20.78,20.34,114.08002
2024-01-15,S004-P0013,Groceries,59,218,17.88,20.34,107.154625
2024-01-16,S004-P0013,Groceries,122,161,16.64,20.34,132.12886
2024-01-17,S004-P0013,Groceries,173,285,19.23,20.34,130.69257
2024-01-18,S004-P0013,Groceries,107,139,20.07,20.34,103.80639
2024-01-19,S004-P0013,Groceries,55,412,17.6,20.34,106.56164
2024-01-20,S004-P0013,Groceries,143,360,22.43,20.34,106.1966
2024-01-21,S004-P0013,Groceries,51,262,16.45,20.34,107.46921
2024-01-22,S004-P0013,Groceries,158,219,23.35,20.34,108.69909
2024-01-23,S004-P0013,Groceries,153,545,22.99,20.34,141.26291
2024-01-24,S004-P0013,Groceries,94,380,20.31,20.34,113.341354
2024-01-25,S004-P0013,Groceries,212,319,21.21,20.34,140.52551
2024-01-26,S004-P0013,Groceries,146,505,25.07,20.34,115.080956
2024-01-27,S004-P0013,Groceries,151,390,18.11,20.34,148.92033
2024-01-28,S004-P0013,Groceries,146,255,23.84,20.34,118.92967
2024-01-29,S004-P0013,Groceries,120,464,19.83,20.34,120.87949
2024-01-30,S004-P0013,Groceries,34,389,16.21,20.34,121.797035
2023-10-03,S004-P0014,Furniture,108,112,178.33,155.89,82.42242
2023-10-04,S004-P0014,Furniture,65,136,153.7,155.89,82.43894
2023-10-05,S004-P0014,Furniture,145,304,209.9,155.89,79.96377
2023-10-06,S004-P0014,Furniture,130,183,181.11,155.89,85.29779
2023-10-07,S004-P0014,Furniture,29,353,133.29,155.89,55.012703
2023-10-08,S004-P0014,Furniture,19,328,120.92,155.89,68.51361
2023-10-09,S004-P0014,Furniture,87,317,138.31,155.89,54.53025
2023-10-10,S004-P0014,Furniture,25,257,131.11,155.89,47.32714
2023-10-11,S004-P0014,Furniture,53,229,122.44,155.89,60.582417
2023-10-12,S004-P0014,Furniture,62,173,126.4,155.89,54.56091
2023-10-13,S004-P0014,Furniture,32,101,142.01,155.89,46.822723
2023-10-14,S004-P0014,Furniture,42,223,140.2,155.89,59.154137
2023-10-15,S004-P0014,Furniture,57,197,133.77,155.89,56.971085
2023-10-16,S004-P0014,Furniture,55,154,155.97,155.89,44.80783
2023-10-17,S004-P0014,Furniture,29,105,132.77,155.89,64.20272
2023-10-18,S004-P0014,Furniture,26,199,131.12,155.89,57.644287
2023-10-19,S004-P0014,Furniture,45,171,126.49,155.89,49.10649
2023-10-20,S004-P0014,Furniture,30,136,148.38,155.89,38.459797
2023-10-21,S004-P0014,Furniture,40,117,139.37,155.89,37.889053
2023-10-22,S004-P0014,Furniture,41,84,116.49,155.89,49.486683
2023-10-23,S004-P0014,Furniture,43,134,148.97,155.89,38.016663
2023-10-24,S004-P0014,Furniture,23,91,144.03,155.89,40.27384
2023-10-25,S004-P0014,Furniture,121,180,195.69,155.89,84.06395
2023-10-26,S004-P0014,Furniture,113,69,190.54,155.89,88.1631
2023-10-27,S004-P0014,Furniture,85,268,165.5,155.89,88.97298
2023-10-28,S004-P0014,Furniture,63,196,152.73,155.89,91.32085
2023-10-29,S004-P0014,Furniture,65,155,153.48,155.89,90.846344
2023-10-30,S004-P0014,Furniture,63,79,152.17,155.89,88.64133
2023-10-31,S004-P0014,Furniture,90,165,168.27,155.89,87.37192
2023-11-01,S004-P0014,Furniture,55,94,156.01,155.89,85.85539
2023-11-02,S004-P0014,Furniture,85,215,148.0,155.89,109.784485
2023-11-03,S004-P0014,Furniture,123,145,157.71,155.89,110.366325
2023-11-04,S004-P0014,Furniture,144,257,176.24,155.89,114.48638
2023-11-05,S004-P0014,Furniture,50,114,145.02,155.89,115.41387
2023-11-06,S004-P0014,Furniture,70,304,148.31,155.89,90.230606
2023-11-07,S004-P0014,Furniture,83,230,172.97,155.89,86.25018
2023-11-08,S004-P0014,Furniture,94,165,152.38,155.89,113.138115
2023-11-09,S004-P0014,Furniture,91,85,168.41,155.89,84.69209
2023-11-10,S004-P0014,Furniture,133,244,162.16,155.89,111.88891
2023-11-11,S004-P0014,Furniture,144,95,165.17,155.89,111.20263
2023-11-12,S004-P0014,Furniture,58,278,118.18,155.89,119.543045
2023-11-13,S004-P0014,Furniture,49,229,144.8,155.89,91.729126
2023-11-14,S004-P0014,Furniture,95,195,142.0,155.89,111.37684
2023-11-15,S004-P0014,Furniture,134,101,162.96,155.89,115.1851
2023-11-16,S004-P0014,Furniture,51,205,138.24,155.89,89.0427
2023-11-17,S004-P0014,Furniture,105,373,185.83,155.89,88.60454
2023-11-18,S004-P0014,Furniture,102,281,174.35,155.89,84.940094
2023-11-19,S004-P0014,Furniture,62,219,168.45,155.89,87.96346
2023-11-20,S004-P0014,Furniture,51,173,145.45,155.89,87.47501
2023-11-21,S004-P0014,Furniture,108,125,178.15,155.89,87.24109
2023-11-22,S004-P0014,Furniture,68,24,164.0,155.89,85.6446
2023-11-23,S004-P0014,Furniture,55,229,148.39,155.89,85.661514
2023-11-24,S004-P0014,Furniture,68,169,155.86,155.89,83.37775
2023-11-25,S004-P0014,Furniture,57,126,148.7,155.89,82.146454
2023-11-26,S004-P0014,Furniture,54,211,163.78,155.89,79.29565
2023-11-27,S004-P0014,Furniture,68,147,155.05,155.89,76.72079
2023-11-28,S004-P0014,Furniture,104,92,167.11,155.89,76.73484
2023-11-29,S004-P0014,Furniture,25,137,138.28,155.89,79.17612
2023-11-30,S004-P0014,Furniture,97,321,171.52,155.89,77.94259
2023-12-01,S004-P0014,Furniture,62,210,144.15,155.89,81.120636
2023-12-02,S004-P0014,Furniture,49,154,152.39,155.89,78.90661
2023-12-03,S004-P0014,Furniture,69,106,147.83,155.89,98.757805
2023-12-04,S004-P0014,Furniture,102,157,183.97,155.89,74.071365
2023-12-05,S004-P0014,Furniture,59,58,142.82,155.89,77.884544
2023-12-06,S004-P0014,Furniture,24,247,137.42,155.89,76.35913
2023-12-07,S004-P0014,Furniture,54,232,155.36,155.89,72.35631
2023-12-08,S004-P0014,Furniture,66,192,146.26,155.89,69.117386
2023-12-09,S004-P0014,Furniture,137,142,184.89,155.89,95.74648
2023-12-10,S004-P0014,Furniture,66,53,121.79,155.89,100.18116
2023-12-11,S004-P0014,Furniture,82,312,145.04,155.89,102.43246
2023-12-12,S004-P0014,Furniture,65,244,137.77,155.89,98.47235
2023-12-13,S004-P0014,Furniture,87,199,157.79,155.89,74.98597
2023-12-14,S004-P0014,Furniture,92,145,150.28,155.89,102.03728
2023-12-15,S004-P0014,Furniture,41,276,139.69,155.89,74.92259
2023-12-16,S004-P0014,Furniture,177,243,171.94,155.89,95.71559
2023-12-17,S004-P0014,Furniture,43,55,148.57,155.89,75.49139
2023-12-18,S004-P0014,Furniture,49,343,144.44,155.89,81.54118
2023-12-19,S004-P0014,Furniture,53,296,162.78,155.89,77.74065
2023-12-20,S004-P0014,Furniture,71,245,165.8,155.89,74.48326
2023-12-21,S004-P0014,Furniture,107,166,177.1,155.89,98.601006
2023-12-22,S004-P0014,Furniture,44,101,134.67,155.89,76.15257
2023-12-23,S004-P0014,Furniture,89,260,140.98,155.89,97.89985
2023-12-24,S004-P0014,Furniture,149,178,191.23,155.89,98.40603
2023-12-25,S004-P0014,Furniture,72,15,149.78,155.89,78.91681
2023-12-26,S004-P0014,Furniture,41,346,140.01,155.89,81.88021
2023-12-27,S004-P0014,Furniture,17,300,133.19,155.89,37.74111
2023-12-28,S004-P0014,Furniture,37,288,145.26,155.89,35.99031
2023-12-29,S004-P0014,Furniture,29,260,147.73,155.89,31.931545
2023-12-30,S004-P0014,Furniture,36,240,144.5,155.89,32.30505
2023-12-31,S004-P0014,Furniture,27,217,125.11,155.89,26.825954
2024-01-01,S004-P0014,Furniture,64,198,128.98,155.89,37.882114
2024-01-02,S004-P0014,Furniture,15,136,118.99,155.89,31.038492
2024-01-03,S004-P0014,Furniture,57,120,141.26,155.89,31.463104
2024-01-04,S004-P0014,Furniture,42,53,148.36,155.89,32.14239
2024-01-05,S004-P0014,Furniture,43,145,141.08,155.89,47.577877
2024-01-06,S004-P0014,Furniture,51,100,153.46,155.89,36.992107
2024-01-07,S004-P0014,Furniture,30,67,133.41,155.89,36.26105
2024-01-08,S004-P0014,Furniture,32,149,134.85,155.89,36.541584
2024-01-09,S004-P0014,Furniture,74,112,158.44,155.89,102.27769
2024-01-10,S004-P0014,Furniture,69,57,164.17,155.89,80.99189
2024-01-11,S004-P0014,Furniture,101,179,165.39,155.89,83.17466
2024-01-12,S004-P0014,Furniture,86,68,174.64,155.89,85.64409
2024-01-13,S004-P0014,Furniture,117,169,193.46,155.89,84.173256
2024-01-14,S004-P0014,Furniture,104,237,195.33,155.89,88.947975
2024-01-15,S004-P0014,Furniture,54,158,147.44,155.89,88.950386
2024-01-16,S004-P0014,Furniture,108,326,159.54,155.89,117.672554
2024-01-17,S004-P0014,Furniture,70,229,156.05,155.89,84.428566
2024-01-18,S004-P0014,Furniture,82,157,144.86,155.89,114.33932
2024-01-19,S004-P0014,Furniture,78,63,153.09,155.89,109.832756
2024-01-20,S004-P0014,Furniture,110,199,170.12,155.89,110.160645
2024-01-21,S004-P0014,Furniture,110,68,160.58,155.89,111.06141
2024-01-22,S004-P0014,Furniture,103,218,147.67,155.89,117.55969
2024-01-23,S004-P0014,Furniture,90,137,168.0,155.89,85.81303
2024-01-24,S004-P0014,Furniture,65,238,170.31,155.89,88.35688
2024-01-25,S004-P0014,Furniture,57,167,157.17,155.89,85.36968
2024-01-26,S004-P0014,Furniture,85,111,173.79,155.89,81.76493
2024-01-27,S004-P0014,Furniture,112,148,142.69,155.89,106.36584
2024-01-28,S004-P0014,Furniture,126,45,188.25,155.89,81.04084
2024-01-29,S004-P0014,Furniture,83,252,164.0,155.89,85.36681
2024-01-30,S004-P0014,Furniture,39,379,138.93,155.89,90.86008
2023-10-03,S004-P0015,Furniture,74,253,91.92,89.98,81.84312
2023-10-04,S004-P0015,Furniture,50,167,88.54,89.98,80.72547
2023-10-05,S004-P0015,Furniture,59,119,87.12,89.98,80.25776
2023-10-06,S004-P0015,Furniture,137,274,106.88,89.98,102.84209
2023-10-07,S004-P0015,Furniture,38,190,71.75,89.98,58.057003
2023-10-08,S004-P0015,Furniture,12,147,67.83,89.98,54.47212
2023-10-09,S004-P0015,Furniture,46,474,73.48,89.98,41.457813
2023-10-10,S004-P0015,Furniture,53,432,89.43,89.98,36.215195
2023-10-11,S004-P0015,Furniture,19,394,77.75,89.98,35.527447
2023-10-12,S004-P0015,Furniture,31,379,73.71,89.98,35.054134
2023-10-13,S004-P0015,Furniture,29,350,81.05,89.98,33.770634
2023-10-14,S004-P0015,Furniture,74,319,96.8,89.98,35.077847
2023-10-15,S004-P0015,Furniture,68,265,71.09,89.98,56.387867
2023-10-16,S004-P0015,Furniture,72,219,101.2,89.98,44.327763
2023-10-17,S004-P0015,Furniture,39,160,84.7,89.98,50.254055
2023-10-18,S004-P0015,Furniture,75,320,97.09,89.98,53.653122
2023-10-19,S004-P0015,Furniture,44,271,86.58,89.98,53.420273
2023-10-20,S004-P0015,Furniture,40,225,80.56,89.98,53.159546
2023-10-21,S004-P0015,Furniture,16,198,76.62,89.98,48.474834
2023-10-22,S004-P0015,Furniture,46,187,73.49,89.98,56.84075
2023-10-23,S004-P0015,Furniture,23,149,75.19,89.98,40.636047
2023-10-24,S004-P0015,Furniture,42,135,76.61,89.98,50.642395
2023-10-25,S004-P0015,Furniture,42,216,85.76,89.98,80.18777
2023-10-26,S004-P0015,Furniture,79,174,83.06,89.98,106.82089
2023-10-27,S004-P0015,Furniture,87,104,101.24,89.98,81.46943
2023-10-28,S004-P0015,Furniture,6,199,58.46,89.98,108.60296
2023-10-29,S004-P0015,Furniture,83,406,90.07,89.98,79.136986
2023-10-30,S004-P0015,Furniture,55,322,90.22,89.98,81.20823
2023-10-31,S004-P0015,Furniture,86,269,106.25,89.98,79.76003
2023-11-01,S004-P0015,Furniture,80,215,93.69,89.98,106.47658
2023-11-02,S004-P0015,Furniture,106,147,102.41,89.98,106.159386
2023-11-03,S004-P0015,Furniture,69,301,95.21,89.98,82.5088
2023-11-04,S004-P0015,Furniture,19,251,73.8,89.98,82.56975
2023-11-05,S004-P0015,Furniture,94,524,93.55,89.98,77.81452
2023-11-06,S004-P0015,Furniture,81,459,104.35,89.98,80.75616
2023-11-07,S004-P0015,Furniture,49,404,92.95,89.98,78.55769
2023-11-08,S004-P0015,Furniture,93,372,92.99,89.98,77.97023
2023-11-09,S004-P0015,Furniture,67,299,89.84,89.98,80.75617
2023-11-10,S004-P0015,Furniture,66,245,94.09,89.98,78.45701
2023-11-11,S004-P0015,Furniture,107,517,96.83,89.98,102.16529
2023-11-12,S004-P0015,Furniture,93,389,103.45,89.98,78.082504
2023-11-13,S004-P0015,Furniture,76,333,92.78,89.98,78.849464
2023-11-14,S004-P0015,Furniture,93,256,93.15,89.98,79.52923
2023-11-15,S004-P0015,Furniture,94,176,109.44,89.98,80.88125
2023-11-16,S004-P0015,Furniture,75,63,102.15,89.98,81.74314
2023-11-17,S004-P0015,Furniture,29,294,85.47,89.98,82.84508
2023-11-18,S004-P0015,Furniture,105,273,96.81,89.98,79.69696
2023-11-19,S004-P0015,Furniture,97,182,99.48,89.98,80.62262
2023-11-20,S004-P0015,Furniture,95,108,87.74,89.98,109.74143
2023-11-21,S004-P0015,Furniture,81,275,89.24,89.98,108.42225
2023-11-22,S004-P0015,Furniture,149,203,92.14,89.98,110.31147
2023-11-23,S004-P0015,Furniture,69,80,76.18,89.98,113.972244
2023-11-24,S004-P0015,Furniture,29,319,85.56,89.98,87.232216
2023-11-25,S004-P0015,Furniture,60,661,82.85,89.98,79.6547
2023-11-26,S004-P0015,Furniture,60,589,72.67,89.98,103.76222
2023-11-27,S004-P0015,Furniture,47,525,78.71,89.98,103.26606
2023-11-28,S004-P0015,Furniture,113,475,99.4,89.98,98.32814
2023-11-29,S004-P0015,Furniture,85,384,100.67,89.98,76.26527
2023-11-30,S004-P0015,Furniture,60,297,87.29,89.98,79.9266
2023-12-01,S004-P0015,Furniture,61,244,87.48,89.98,79.340065
2023-12-02,S004-P0015,Furniture,110,172,92.17,89.98,104.22971
2023-12-03,S004-P0015,Furniture,112,57,82.52,89.98,104.526024
2023-12-04,S004-P0015,Furniture,89,150,91.95,89.98,79.79434
2023-12-05,S004-P0015,Furniture,98,345,105.06,89.98,81.74734
2023-12-06,S004-P0015,Furniture,95,267,78.15,89.98,106.957756
2023-12-07,S004-P0015,Furniture,34,181,74.71,89.98,83.32189
2023-12-08,S004-P0015,Furniture,51,438,93.61,89.98,82.49229
2023-12-09,S004-P0015,Furniture,87,388,101.42,89.98,73.64593
2023-12-10,S004-P0015,Furniture,53,309,84.97,89.98,80.872574
2023-12-11,S004-P0015,Furniture,30,248,73.51,89.98,75.93797
2023-12-12,S004-P0015,Furniture,35,213,87.7,89.98,74.5133
2023-12-13,S004-P0015,Furniture,68,190,84.67,89.98,91.01652
2023-12-14,S004-P0015,Furniture,96,133,83.55,89.98,92.34249
2023-12-15,S004-P0015,Furniture,50,72,84.14,89.98,68.53513
2023-12-16,S004-P0015,Furniture,119,274,95.65,89.98,92.66132
2023-12-17,S004-P0015,Furniture,66,373,70.49,89.98,96.04892
2023-12-18,S004-P0015,Furniture,85,323,100.6,89.98,72.98147
2023-12-19,S004-P0015,Furniture,100,259,95.29,89.98,72.14612
2023-12-20,S004-P0015,Furniture,89,187,102.24,89.98,74.81286
2023-12-21,S004-P0015,Furniture,68,304,89.98,89.98,77.25096
2023-12-22,S004-P0015,Furniture,37,263,75.55,89.98,78.103264
2023-12-23,S004-P0015,Furniture,74,232,91.78,89.98,75.550285
2023-12-24,S004-P0015,Furniture,77,167,97.79,89.98,76.36668
2023-12-25,S004-P0015,Furniture,120,107,101.43,89.98,99.51198
2023-12-26,S004-P0015,Furniture,79,262,93.74,89.98,75.2402
2023-12-27,S004-P0015,Furniture,51,175,79.48,89.98,51.039673
2023-12-28,S004-P0015,Furniture,47,522,78.21,89.98,48.89081
2023-12-29,S004-P0015,Furniture,26,471,84.33,89.98,34.93695
2023-12-30,S004-P0015,Furniture,27,444,80.59,89.98,32.63515
2023-12-31,S004-P0015,Furniture,25,424,75.74,89.98,26.605644
2024-01-01,S004-P0015,Furniture,53,409,84.82,89.98,35.546272
2024-01-02,S004-P0015,Furniture,21,375,82.51,89.98,30.040613
2024-01-03,S004-P0015,Furniture,26,356,60.25,89.98,38.536873
2024-01-04,S004-P0015,Furniture,23,339,71.34,89.98,26.494175
2024-01-05,S004-P0015,Furniture,23,321,75.27,89.98,29.464455
2024-01-06,S004-P0015,Furniture,42,295,85.91,89.98,30.081919
2024-01-07,S004-P0015,Furniture,35,255,66.77,89.98,39.948376
2024-01-08,S004-P0015,Furniture,46,217,87.22,89.98,29.980923
2024-01-09,S004-P0015,Furniture,78,168,83.47,89.98,103.35056
2024-01-10,S004-P0015,Furniture,32,91,82.1,89.98,79.104355
2024-01-11,S004-P0015,Furniture,67,231,94.54,89.98,79.83632
2024-01-12,S004-P0015,Furniture,21,393,74.46,89.98,100.92377
2024-01-13,S004-P0015,Furniture,131,368,92.12,89.98,99.13633
2024-01-14,S004-P0015,Furniture,144,275,121.1,89.98,75.83277
2024-01-15,S004-P0015,Furniture,127,106,109.65,89.98,82.17655
2024-01-16,S004-P0015,Furniture,69,322,94.95,89.98,91.19959
2024-01-17,S004-P0015,Furniture,65,269,89.14,89.98,87.7432
2024-01-18,S004-P0015,Furniture,71,622,100.82,89.98,87.91794
2024-01-19,S004-P0015,Furniture,29,546,81.11,89.98,83.846375
2024-01-20,S004-P0015,Furniture,55,514,85.39,89.98,106.17012
2024-01-21,S004-P0015,Furniture,67,453,89.39,89.98,72.74844
2024-01-22,S004-P0015,Furniture,71,375,95.97,89.98,82.50143
2024-01-23,S004-P0015,Furniture,61,291,83.07,89.98,74.81107
2024-01-24,S004-P0015,Furniture,69,247,99.96,89.98,82.365974
2024-01-25,S004-P0015,Furniture,73,168,86.99,89.98,72.01022
2024-01-26,S004-P0015,Furniture,89,111,91.45,89.98,101.32653
2024-01-27,S004-P0015,Furniture,131,282,87.52,89.98,100.3984
2024-01-28,S004-P0015,Furniture,88,126,76.2,89.98,106.226746
2024-01-29,S004-P0015,Furniture,66,346,84.8,89.98,79.88259
2024-01-30,S004-P0015,Furniture,40,292,80.54,89.98,81.48143
2023-10-03,S004-P0016,Furniture,77,247,112.78,109.68,79.66266
2023-10-04,S004-P0016,Furniture,109,552,119.27,109.68,102.5158
2023-10-05,S004-P0016,Furniture,106,480,117.47,109.68,105.46225
2023-10-06,S004-P0016,Furniture,106,370,118.28,109.68,110.03718
2023-10-07,S004-P0016,Furniture,29,295,93.6,109.68,59.437614
2023-10-08,S004-P0016,Furniture,22,272,100.79,109.68,44.215527
2023-10-09,S004-P0016,Furniture,45,251,99.94,109.68,46.157055
2023-10-10,S004-P0016,Furniture,34,204,95.54,109.68,39.570164
2023-10-11,S004-P0016,Furniture,39,169,92.67,109.68,34.820656
2023-10-12,S004-P0016,Furniture,42,129,109.68,109.68,36.119335
2023-10-13,S004-P0016,Furniture,81,101,108.52,109.68,47.350792
2023-10-14,S004-P0016,Furniture,43,39,94.3,109.68,43.887993
2023-10-15,S004-P0016,Furniture,23,136,91.33,109.68,40.910873
2023-10-16,S004-P0016,Furniture,21,340,95.31,109.68,39.808376
2023-10-17,S004-P0016,Furniture,41,318,98.85,109.68,35.74756
2023-10-18,S004-P0016,Furniture,17,272,83.97,109.68,51.32482
2023-10-19,S004-P0016,Furniture,36,256,96.36,109.68,32.982338
2023-10-20,S004-P0016,Furniture,22,231,91.14,109.68,34.95184
2023-10-21,S004-P0016,Furniture,35,213,91.11,109.68,31.233269
2023-10-22,S004-P0016,Furniture,20,189,94.89,109.68,35.828007
2023-10-23,S004-P0016,Furniture,54,168,97.77,109.68,40.893078
2023-10-24,S004-P0016,Furniture,28,105,93.09,109.68,34.256077
2023-10-25,S004-P0016,Furniture,101,78,122.25,109.68,78.34208
2023-10-26,S004-P0016,Furniture,53,145,103.52,109.68,81.88122
2023-10-27,S004-P0016,Furniture,68,92,115.31,109.68,80.16955
2023-10-28,S004-P0016,Furniture,119,338,123.14,109.68,107.619835
2023-10-29,S004-P0016,Furniture,29,211,98.82,109.68,80.34161
2023-10-30,S004-P0016,Furniture,67,179,115.07,109.68,80.975815
2023-10-31,S004-P0016,Furniture,85,406,122.61,109.68,76.02975
2023-11-01,S004-P0016,Furniture,111,350,120.04,109.68,107.65419
2023-11-02,S004-P0016,Furniture,59,244,111.65,109.68,78.245735
2023-11-03,S004-P0016,Furniture,81,204,108.24,109.68,105.7615
2023-11-04,S004-P0016,Furniture,93,412,126.07,109.68,76.13631
2023-11-05,S004-P0016,Furniture,97,331,100.6,109.68,107.95132
2023-11-06,S004-P0016,Furniture,58,254,105.21,109.68,79.949875
2023-11-07,S004-P0016,Furniture,90,185,112.27,109.68,83.33639
2023-11-08,S004-P0016,Furniture,99,359,121.64,109.68,79.248375
2023-11-09,S004-P0016,Furniture,117,296,115.6,109.68,110.89215
2023-11-10,S004-P0016,Furniture,90,210,112.08,109.68,83.67421
2023-11-11,S004-P0016,Furniture,90,108,118.09,109.68,84.123985
2023-11-12,S004-P0016,Furniture,117,450,107.49,109.68,112.363625
2023-11-13,S004-P0016,Furniture,85,311,109.7,109.68,114.70122
2023-11-14,S004-P0016,Furniture,48,214,106.96,109.68,89.21954
2023-11-15,S004-P0016,Furniture,50,157,113.23,109.68,85.05941
2023-11-16,S004-P0016,Furniture,89,98,130.79,109.68,80.17857
2023-11-17,S004-P0016,Furniture,111,13,112.33,109.68,108.92071
2023-11-18,S004-P0016,Furniture,82,155,127.41,109.68,81.29533
2023-11-19,S004-P0016,Furniture,99,378,121.57,109.68,107.09794
2023-11-20,S004-P0016,Furniture,88,277,123.56,109.68,81.107124
2023-11-21,S004-P0016,Furniture,65,189,102.65,109.68,111.837944
2023-11-22,S004-P0016,Furniture,83,149,115.09,109.68,84.17241
2023-11-23,S004-P0016,Furniture,76,288,99.81,109.68,109.00609
2023-11-24,S004-P0016,Furniture,36,198,107.0,109.68,79.70925
2023-11-25,S004-P0016,Furniture,91,170,131.8,109.68,78.978645
2023-11-26,S004-P0016,Furniture,91,83,118.34,109.68,78.76884
2023-11-27,S004-P0016,Furniture,97,13,134.41,109.68,79.972595
2023-11-28,S004-P0016,Furniture,61,234,118.09,109.68,81.44396
2023-11-29,S004-P0016,Furniture,81,176,127.24,109.68,82.760185
2023-11-30,S004-P0016,Furniture,42,455,104.5,109.68,83.15783
2023-12-01,S004-P0016,Furniture,65,421,85.61,109.68,103.274086
2023-12-02,S004-P0016,Furniture,76,361,112.73,109.68,76.5044
2023-12-03,S004-P0016,Furniture,43,286,93.79,109.68,102.402695
2023-12-04,S004-P0016,Furniture,94,256,112.99,109.68,100.50162
2023-12-05,S004-P0016,Furniture,106,161,124.63,109.68,99.47028
2023-12-06,S004-P0016,Furniture,57,56,110.44,109.68,77.43177
2023-12-07,S004-P0016,Furniture,102,247,102.44,109.68,101.26082
2023-12-08,S004-P0016,Furniture,138,134,129.69,109.68,102.37404
2023-12-09,S004-P0016,Furniture,84,0,115.63,109.68,80.26857
2023-12-10,S004-P0016,Furniture,71,309,110.76,109.68,83.19467
2023-12-11,S004-P0016,Furniture,70,728,110.42,109.68,80.55341
2023-12-12,S004-P0016,Furniture,86,654,116.32,109.68,79.22579
2023-12-13,S004-P0016,Furniture,85,576,110.25,109.68,81.49559
2023-12-14,S004-P0016,Furniture,47,478,100.81,109.68,81.465294
2023-12-15,S004-P0016,Furniture,62,446,106.77,109.68,78.487465
2023-12-16,S004-P0016,Furniture,96,396,120.47,109.68,77.51287
2023-12-17,S004-P0016,Furniture,73,336,117.31,109.68,79.59623
2023-12-18,S004-P0016,Furniture,76,249,89.04,109.68,102.43684
2023-12-19,S004-P0016,Furniture,58,195,99.99,109.68,75.75394
2023-12-20,S004-P0016,Furniture,33,147,95.1,109.68,76.85002
2023-12-21,S004-P0016,Furniture,127,315,140.09,109.68,75.09437
2023-12-22,S004-P0016,Furniture,113,185,127.23,109.68,106.968346
2023-12-23,S004-P0016,Furniture,88,85,98.94,109.68,106.55406
2023-12-24,S004-P0016,Furniture,41,354,109.51,109.68,80.14596
2023-12-25,S004-P0016,Furniture,74,322,118.03,109.68,78.943535
2023-12-26,S004-P0016,Furniture,100,254,109.49,109.68,102.00559
2023-12-27,S004-P0016,Furniture,27,137,97.99,109.68,42.02173
2023-12-28,S004-P0016,Furniture,27,120,102.99,109.68,37.910534
2023-12-29,S004-P0016,Furniture,40,389,109.08,109.68,32.438637
2023-12-30,S004-P0016,Furniture,51,343,97.28,109.68,33.33754
2023-12-31,S004-P0016,Furniture,44,304,99.7,109.68,31.556303
2024-01-01,S004-P0016,Furniture,30,265,94.04,109.68,31.538048
2024-01-02,S004-P0016,Furniture,51,242,102.72,109.68,33.06229
2024-01-03,S004-P0016,Furniture,26,188,92.59,109.68,34.31784
2024-01-04,S004-P0016,Furniture,35,168,91.22,109.68,33.63377
2024-01-05,S004-P0016,Furniture,29,137,89.08,109.68,30.54923
2024-01-06,S004-P0016,Furniture,35,118,101.46,109.68,33.003727
2024-01-07,S004-P0016,Furniture,88,84,97.6,109.68,42.931606
2024-01-08,S004-P0016,Furniture,73,13,92.6,109.68,50.55862
2024-01-09,S004-P0016,Furniture,54,109,82.07,109.68,111.76065
2024-01-10,S004-P0016,Furniture,111,360,106.62,109.68,114.11667
2024-01-11,S004-P0016,Furniture,94,293,126.2,109.68,85.49518
2024-01-12,S004-P0016,Furniture,40,216,109.11,109.68,92.193115
2024-01-13,S004-P0016,Furniture,132,498,119.81,109.68,111.75211
2024-01-14,S004-P0016,Furniture,48,350,95.55,109.68,116.916534
2024-01-15,S004-P0016,Furniture,51,306,96.79,109.68,117.43331
2024-01-16,S004-P0016,Furniture,82,248,109.14,109.68,105.31414
2024-01-17,S004-P0016,Furniture,69,155,104.08,109.68,77.612366
2024-01-18,S004-P0016,Furniture,110,103,106.47,109.68,108.172615
2024-01-19,S004-P0016,Furniture,44,309,110.73,109.68,78.3561
2024-01-20,S004-P0016,Furniture,142,266,146.5,109.68,81.55172
2024-01-21,S004-P0016,Furniture,76,135,118.55,109.68,85.69038
2024-01-22,S004-P0016,Furniture,81,83,114.6,109.68,89.57043
2024-01-23,S004-P0016,Furniture,84,435,109.98,109.68,115.24688
2024-01-24,S004-P0016,Furniture,65,351,108.22,109.68,88.01215
2024-01-25,S004-P0016,Furniture,85,301,122.47,109.68,84.95196
2024-01-26,S004-P0016,Furniture,91,241,124.94,109.68,83.88822
2024-01-27,S004-P0016,Furniture,77,169,118.96,109.68,85.61216
2024-01-28,S004-P0016,Furniture,87,78,111.03,109.68,85.86543
2024-01-29,S004-P0016,Furniture,71,230,110.55,109.68,86.948906
2024-01-30,S004-P0016,Furniture,43,153,110.44,109.68,87.06747
2023-10-03,S004-P0017,Clothing,83,103,84.16,94.60499999999999,84.20258
2023-10-04,S004-P0017,Clothing,114,113,93.29,94.60499999999999,83.70608
2023-10-05,S004-P0017,Clothing,98,134,93.11,94.60499999999999,84.94145
2023-10-06,S004-P0017,Clothing,114,171,108.82,94.60499999999999,83.834694
2023-10-07,S004-P0017,Clothing,55,194,80.1,94.60499999999999,53.318
2023-10-08,S004-P0017,Clothing,97,146,88.09,94.60499999999999,68.98316
2023-10-09,S004-P0017,Clothing,96,190,102.72,94.60499999999999,56.396793
2023-10-10,S004-P0017,Clothing,162,111,89.24,94.60499999999999,78.81437
2023-10-11,S004-P0017,Clothing,53,177,83.83,94.60499999999999,68.84933
2023-10-12,S004-P0017,Clothing,147,114,96.22,94.60499999999999,89.728645
2023-10-13,S004-P0017,Clothing,134,138,109.96,94.60499999999999,78.949295
2023-10-14,S004-P0017,Clothing,88,135,94.98,94.60499999999999,82.883995
2023-10-15,S004-P0017,Clothing,105,151,90.47,94.60499999999999,85.1576
2023-10-16,S004-P0017,Clothing,85,189,84.8,94.60499999999999,84.43565
2023-10-17,S004-P0017,Clothing,157,138,105.26,94.60499999999999,110.78986
2023-10-18,S004-P0017,Clothing,153,158,110.03,94.60499999999999,113.65191
2023-10-19,S004-P0017,Clothing,152,175,86.89,94.60499999999999,115.65687
2023-10-20,S004-P0017,Clothing,71,183,84.81,94.60499999999999,112.00114
2023-10-21,S004-P0017,Clothing,40,130,75.64,94.60499999999999,89.131645
2023-10-22,S004-P0017,Clothing,41,100,71.76,94.60499999999999,75.172
2023-10-23,S004-P0017,Clothing,107,110,101.36,94.60499999999999,71.39654
2023-10-24,S004-P0017,Clothing,137,134,87.75,94.60499999999999,96.218
2023-10-25,S004-P0017,Clothing,139,153,105.74,94.60499999999999,113.78119
2023-10-26,S004-P0017,Clothing,161,199,101.03,94.60499999999999,142.22478
2023-10-27,S004-P0017,Clothing,115,189,98.4,94.60499999999999,117.53954
2023-10-28,S004-P0017,Clothing,93,201,87.03,94.60499999999999,142.95064
2023-10-29,S004-P0017,Clothing,101,102,99.23,94.60499999999999,116.74036
2023-10-30,S004-P0017,Clothing,50,119,78.74,94.60499999999999,112.9208
2023-10-31,S004-P0017,Clothing,121,124,105.73,94.60499999999999,112.00585
2023-11-01,S004-P0017,Clothing,88,156,100.08,94.60499999999999,107.80805
2023-11-02,S004-P0017,Clothing,96,155,87.26,94.60499999999999,136.83525
2023-11-03,S004-P0017,Clothing,93,155,91.63,94.60499999999999,104.781364
2023-11-04,S004-P0017,Clothing,137,174,105.03,94.60499999999999,136.29996
2023-11-05,S004-P0017,Clothing,114,205,98.31,94.60499999999999,104.05871
2023-11-06,S004-P0017,Clothing,83,113,88.81,94.60499999999999,106.623245
2023-11-07,S004-P0017,Clothing,143,125,90.42,94.60499999999999,131.1332
2023-11-08,S004-P0017,Clothing,169,156,103.04,94.60499999999999,134.19498
2023-11-09,S004-P0017,Clothing,222,161,131.45,94.60499999999999,136.38997
2023-11-10,S004-P0017,Clothing,142,231,106.97,94.60499999999999,109.71736
2023-11-11,S004-P0017,Clothing,142,64,101.36,94.60499999999999,109.5294
2023-11-12,S004-P0017,Clothing,137,152,116.79,94.60499999999999,112.2096
2023-11-13,S004-P0017,Clothing,97,159,93.16,94.60499999999999,116.34794
2023-11-14,S004-P0017,Clothing,81,180,74.13,94.60499999999999,145.3983
2023-11-15,S004-P0017,Clothing,117,118,82.46,94.60499999999999,145.166
2023-11-16,S004-P0017,Clothing,70,137,84.44,94.60499999999999,111.978134
2023-11-17,S004-P0017,Clothing,77,116,96.3,94.60499999999999,112.012695
2023-11-18,S004-P0017,Clothing,128,109,102.28,94.60499999999999,104.41422
2023-11-19,S004-P0017,Clothing,97,151,98.01,94.60499999999999,105.98988
2023-11-20,S004-P0017,Clothing,114,173,108.86,94.60499999999999,102.76329
2023-11-21,S004-P0017,Clothing,96,146,97.73,94.60499999999999,105.78159
2023-11-22,S004-P0017,Clothing,154,192,99.1,94.60499999999999,131.62872
2023-11-23,S004-P0017,Clothing,101,199,94.02,94.60499999999999,133.99675
2023-11-24,S004-P0017,Clothing,110,108,107.52,94.60499999999999,106.857834
2023-11-25,S004-P0017,Clothing,53,137,88.09,94.60499999999999,105.237564
2023-11-26,S004-P0017,Clothing,142,105,106.65,94.60499999999999,130.62239
2023-11-27,S004-P0017,Clothing,115,153,98.72,94.60499999999999,103.84763
2023-11-28,S004-P0017,Clothing,133,174,115.31,94.60499999999999,105.942764
2023-11-29,S004-P0017,Clothing,61,195,90.76,94.60499999999999,106.1697
2023-11-30,S004-P0017,Clothing,71,129,89.57,94.60499999999999,105.50567
2023-12-01,S004-P0017,Clothing,112,108,97.39,94.60499999999999,101.74088
2023-12-02,S004-P0017,Clothing,112,127,97.83,94.60499999999999,105.73599
2023-12-03,S004-P0017,Clothing,104,161,100.36,94.60499999999999,101.61002
2023-12-04,S004-P0017,Clothing,78,206,91.97,94.60499999999999,101.7482
2023-12-05,S004-P0017,Clothing,148,127,108.4,94.60499999999999,101.53785
2023-12-06,S004-P0017,Clothing,117,171,99.05,94.60499999999999,137.58806
2023-12-07,S004-P0017,Clothing,76,170,91.12,94.60499999999999,106.06803
2023-12-08,S004-P0017,Clothing,88,98,79.95,94.60499999999999,126.24195
2023-12-09,S004-P0017,Clothing,145,135,113.58,94.60499999999999,98.70902
2023-12-10,S004-P0017,Clothing,77,170,91.59,94.60499999999999,103.73312
2023-12-11,S004-P0017,Clothing,36,120,74.05,94.60499999999999,133.54886
2023-12-12,S004-P0017,Clothing,49,97,65.04,94.60499999999999,124.90444
2023-12-13,S004-P0017,Clothing,111,113,102.47,94.60499999999999,94.06245
2023-12-14,S004-P0017,Clothing,173,132,116.08,94.60499999999999,97.27915
2023-12-15,S004-P0017,Clothing,209,148,100.74,94.60499999999999,132.1143
2023-12-16,S004-P0017,Clothing,68,242,70.01,94.60499999999999,133.91554
2023-12-17,S004-P0017,Clothing,100,163,99.07,94.60499999999999,108.62614
2023-12-18,S004-P0017,Clothing,75,154,81.64,94.60499999999999,106.431816
2023-12-19,S004-P0017,Clothing,134,139,109.97,94.60499999999999,106.586815
2023-12-20,S004-P0017,Clothing,92,162,86.59,94.60499999999999,132.93907
2023-12-21,S004-P0017,Clothing,67,153,88.22,94.60499999999999,105.36137
2023-12-22,S004-P0017,Clothing,145,103,95.53,94.60499999999999,126.01707
2023-12-23,S004-P0017,Clothing,136,172,104.98,94.60499999999999,103.56082
2023-12-24,S004-P0017,Clothing,162,187,95.4,94.60499999999999,130.35765
2023-12-25,S004-P0017,Clothing,101,200,89.27,94.60499999999999,110.184845
2023-12-26,S004-P0017,Clothing,167,114,120.6,94.60499999999999,105.22236
2023-12-27,S004-P0017,Clothing,165,176,108.18,94.60499999999999,104.33026
2023-12-28,S004-P0017,Clothing,128,198,113.66,94.60499999999999,87.49207
2023-12-29,S004-P0017,Clothing,108,224,91.35,94.60499999999999,92.5368
2023-12-30,S004-P0017,Clothing,191,134,128.41,94.60499999999999,91.4553
2023-12-31,S004-P0017,Clothing,143,203,112.88,94.60499999999999,103.66137
2024-01-01,S004-P0017,Clothing,119,202,94.51,94.60499999999999,103.47962
2024-01-02,S004-P0017,Clothing,123,85,106.42,94.60499999999999,109.83259
2024-01-03,S004-P0017,Clothing,117,103,94.1,94.60499999999999,107.47646
2024-01-04,S004-P0017,Clothing,150,132,115.36,94.60499999999999,111.322624
2024-01-05,S004-P0017,Clothing,193,136,109.8,94.60499999999999,133.5834
2024-01-06,S004-P0017,Clothing,102,231,89.65,94.60499999999999,115.35265
2024-01-07,S004-P0017,Clothing,106,127,100.98,94.60499999999999,112.43171
2024-01-08,S004-P0017,Clothing,234,127,134.88,94.60499999999999,130.4651
2024-01-09,S004-P0017,Clothing,111,237,107.84,94.60499999999999,140.0096
2024-01-10,S004-P0017,Clothing,168,136,96.92,94.60499999999999,167.92732
2024-01-11,S004-P0017,Clothing,95,173,97.19,94.60499999999999,134.02673
2024-01-12,S004-P0017,Clothing,74,161,90.5,94.60499999999999,133.94115
2024-01-13,S004-P0017,Clothing,126,109,80.51,94.60499999999999,152.87689
2024-01-14,S004-P0017,Clothing,80,149,87.94,94.60499999999999,126.51264
2024-01-15,S004-P0017,Clothing,108,130,91.29,94.60499999999999,120.92083
2024-01-16,S004-P0017,Clothing,116,164,104.08,94.60499999999999,121.23917
2024-01-17,S004-P0017,Clothing,140,188,100.68,94.60499999999999,118.6623
2024-01-18,S004-P0017,Clothing,79,172,92.09,94.60499999999999,121.48307
2024-01-19,S004-P0017,Clothing,127,90,107.82,94.60499999999999,121.27795
2024-01-20,S004-P0017,Clothing,206,102,112.45,94.60499999999999,150.82141
2024-01-21,S004-P0017,Clothing,173,208,103.3,94.60499999999999,157.5254
2024-01-22,S004-P0017,Clothing,177,249,111.67,94.60499999999999,157.57666
2024-01-23,S004-P0017,Clothing,28,218,79.41,94.60499999999999,124.93133
2024-01-24,S004-P0017,Clothing,169,199,91.04,94.60499999999999,148.816
2024-01-25,S004-P0017,Clothing,134,253,115.81,94.60499999999999,117.013054
2024-01-26,S004-P0017,Clothing,135,155,110.35,94.60499999999999,123.79879
2024-01-27,S004-P0017,Clothing,68,174,69.85,94.60499999999999,153.50826
2024-01-28,S004-P0017,Clothing,116,120,78.13,94.60499999999999,154.92143
2024-01-29,S004-P0017,Clothing,132,101,103.66,94.60499999999999,116.40128
2024-01-30,S004-P0017,Clothing,121,166,105.91,94.60499999999999,119.58741
2023-10-03,S004-P0018,Furniture,65,157,148.02,148.99,79.27752
2023-10-04,S004-P0018,Furniture,60,111,153.29,148.99,79.0151
2023-10-05,S004-P0018,Furniture,98,132,140.04,148.99,101.25469
2023-10-06,S004-P0018,Furniture,77,158,163.22,148.99,78.714615
2023-10-07,S004-P0018,Furniture,37,78,117.64,148.99,53.62062
2023-10-08,S004-P0018,Furniture,41,85,106.72,148.99,45.770496
2023-10-09,S004-P0018,Furniture,41,101,149.77,148.99,35.774216
2023-10-10,S004-P0018,Furniture,36,118,139.16,148.99,36.866478
2023-10-11,S004-P0018,Furniture,15,94,133.6,148.99,36.775707
2023-10-12,S004-P0018,Furniture,75,81,137.73,148.99,44.726696
2023-10-13,S004-P0018,Furniture,16,104,114.38,148.99,49.922092
2023-10-14,S004-P0018,Furniture,49,93,154.61,148.99,37.747677
2023-10-15,S004-P0018,Furniture,39,90,119.9,148.99,49.591038
2023-10-16,S004-P0018,Furniture,56,105,143.21,148.99,35.633358
2023-10-17,S004-P0018,Furniture,66,106,141.18,148.99,40.25333
2023-10-18,S004-P0018,Furniture,53,88,141.4,148.99,46.156807
2023-10-19,S004-P0018,Furniture,47,80,116.37,148.99,59.89682
2023-10-20,S004-P0018,Furniture,29,86,121.86,148.99,56.246033
2023-10-21,S004-P0018,Furniture,34,101,131.34,148.99,39.37598
2023-10-22,S004-P0018,Furniture,14,119,126.46,148.99,41.731373
2023-10-23,S004-P0018,Furniture,31,110,136.53,148.99,36.888493
2023-10-24,S004-P0018,Furniture,36,85,132.45,148.99,36.685284
2023-10-25,S004-P0018,Furniture,88,110,160.58,148.99,81.45089
2023-10-26,S004-P0018,Furniture,95,115,156.14,148.99,83.08155
2023-10-27,S004-P0018,Furniture,82,153,166.0,148.99,81.8724
2023-10-28,S004-P0018,Furniture,98,63,165.76,148.99,110.08079
2023-10-29,S004-P0018,Furniture,78,113,163.82,148.99,83.82658
2023-10-30,S004-P0018,Furniture,54,121,149.84,148.99,86.38197
2023-10-31,S004-P0018,Furniture,41,145,134.91,148.99,82.20228
2023-11-01,S004-P0018,Furniture,80,97,156.33,148.99,82.16865
2023-11-02,S004-P0018,Furniture,86,122,126.21,148.99,105.822716
2023-11-03,S004-P0018,Furniture,105,153,134.43,148.99,107.09561
2023-11-04,S004-P0018,Furniture,41,162,149.53,148.99,79.5538
2023-11-05,S004-P0018,Furniture,116,120,146.53,148.99,103.71232
2023-11-06,S004-P0018,Furniture,73,111,152.25,148.99,79.45518
2023-11-07,S004-P0018,Furniture,80,142,148.57,148.99,85.06085
2023-11-08,S004-P0018,Furniture,77,155,137.16,148.99,106.45699
2023-11-09,S004-P0018,Furniture,71,83,126.0,148.99,110.6464
2023-11-10,S004-P0018,Furniture,86,67,159.55,148.99,79.04926
2023-11-11,S004-P0018,Furniture,70,101,150.5,148.99,81.59822
2023-11-12,S004-P0018,Furniture,77,121,137.54,148.99,106.22222
2023-11-13,S004-P0018,Furniture,60,148,137.78,148.99,80.01758
2023-11-14,S004-P0018,Furniture,75,83,161.88,148.99,80.819595
2023-11-15,S004-P0018,Furniture,130,66,174.27,148.99,103.601265
2023-11-16,S004-P0018,Furniture,118,113,168.35,148.99,79.63879
2023-11-17,S004-P0018,Furniture,64,138,155.71,148.99,83.60178
2023-11-18,S004-P0018,Furniture,106,78,189.36,148.99,82.08111
2023-11-19,S004-P0018,Furniture,77,106,146.15,148.99,112.68921
2023-11-20,S004-P0018,Furniture,112,84,183.14,148.99,84.60342
2023-11-21,S004-P0018,Furniture,65,121,147.86,148.99,84.83737
2023-11-22,S004-P0018,Furniture,103,120,159.56,148.99,113.263535
2023-11-23,S004-P0018,Furniture,91,137,170.89,148.99,84.26033
2023-11-24,S004-P0018,Furniture,48,128,138.89,148.99,86.97971
2023-11-25,S004-P0018,Furniture,125,71,171.98,148.99,111.09544
2023-11-26,S004-P0018,Furniture,38,136,133.12,148.99,85.49154
2023-11-27,S004-P0018,Furniture,80,106,173.61,148.99,84.42983
2023-11-28,S004-P0018,Furniture,85,118,167.68,148.99,82.32257
2023-11-29,S004-P0018,Furniture,25,103,126.13,148.99,82.40609
2023-11-30,S004-P0018,Furniture,90,88,161.47,148.99,78.49091
2023-12-01,S004-P0018,Furniture,70,138,142.88,148.99,80.71159
2023-12-02,S004-P0018,Furniture,65,81,132.68,148.99,106.49709
2023-12-03,S004-P0018,Furniture,63,87,147.42,148.99,78.05943
2023-12-04,S004-P0018,Furniture,88,83,169.6,148.99,79.03936
2023-12-05,S004-P0018,Furniture,62,83,139.14,148.99,103.92814
2023-12-06,S004-P0018,Furniture,100,77,158.91,148.99,78.34615
2023-12-07,S004-P0018,Furniture,85,112,167.6,148.99,81.08253
2023-12-08,S004-P0018,Furniture,91,108,171.43,148.99,79.03092
2023-12-09,S004-P0018,Furniture,88,125,161.07,148.99,79.9804
2023-12-10,S004-P0018,Furniture,91,148,128.53,148.99,108.76061
2023-12-11,S004-P0018,Furniture,98,197,165.79,148.99,81.54389
2023-12-12,S004-P0018,Furniture,26,134,133.73,148.99,84.652626
2023-12-13,S004-P0018,Furniture,72,112,128.35,148.99,105.186035
2023-12-14,S004-P0018,Furniture,82,131,157.85,148.99,76.91828
2023-12-15,S004-P0018,Furniture,51,169,118.43,148.99,105.81838
2023-12-16,S004-P0018,Furniture,104,111,169.52,148.99,74.78767
2023-12-17,S004-P0018,Furniture,118,118,158.69,148.99,106.04777
2023-12-18,S004-P0018,Furniture,86,145,168.05,148.99,79.8615
2023-12-19,S004-P0018,Furniture,26,152,120.12,148.99,107.60984
2023-12-20,S004-P0018,Furniture,69,131,158.38,148.99,79.399254
2023-12-21,S004-P0018,Furniture,120,124,169.18,148.99,99.604126
2023-12-22,S004-P0018,Furniture,70,154,150.4,148.99,78.24799
2023-12-23,S004-P0018,Furniture,59,83,129.62,148.99,107.62633
2023-12-24,S004-P0018,Furniture,92,69,180.72,148.99,76.58369
2023-12-25,S004-P0018,Furniture,113,94,165.69,148.99,77.88231
2023-12-26,S004-P0018,Furniture,104,102,169.39,148.99,82.426254
2023-12-27,S004-P0018,Furniture,28,123,127.46,148.99,49.117916
2023-12-28,S004-P0018,Furniture,27,104,127.34,148.99,58.19778
2023-12-29,S004-P0018,Furniture,32,82,129.73,148.99,36.159252
2023-12-30,S004-P0018,Furniture,25,96,133.05,148.99,38.17109
2023-12-31,S004-P0018,Furniture,40,73,134.78,148.99,31.350407
2024-01-01,S004-P0018,Furniture,71,78,119.5,148.99,39.856506
2024-01-02,S004-P0018,Furniture,34,98,124.58,148.99,34.316593
2024-01-03,S004-P0018,Furniture,36,110,146.38,148.99,35.871365
2024-01-04,S004-P0018,Furniture,32,86,109.55,148.99,46.99661
2024-01-05,S004-P0018,Furniture,36,103,118.46,148.99,43.06463
2024-01-06,S004-P0018,Furniture,24,126,139.64,148.99,37.17124
2024-01-07,S004-P0018,Furniture,31,107,136.67,148.99,34.99381
2024-01-08,S004-P0018,Furniture,16,74,121.27,148.99,33.435223
2024-01-09,S004-P0018,Furniture,48,114,154.21,148.99,74.54995
2024-01-10,S004-P0018,Furniture,62,140,138.72,148.99,72.63071
2024-01-11,S004-P0018,Furniture,75,68,137.77,148.99,102.752365
2024-01-12,S004-P0018,Furniture,71,64,151.38,148.99,102.48048
2024-01-13,S004-P0018,Furniture,84,63,158.06,148.99,73.08098
2024-01-14,S004-P0018,Furniture,59,92,152.73,148.99,81.04737
2024-01-15,S004-P0018,Furniture,54,93,142.4,148.99,78.659386
2024-01-16,S004-P0018,Furniture,77,100,155.15,148.99,75.69604
2024-01-17,S004-P0018,Furniture,82,110,157.75,148.99,72.70547
2024-01-18,S004-P0018,Furniture,51,117,140.47,148.99,73.306526
2024-01-19,S004-P0018,Furniture,48,142,109.52,148.99,98.36965
2024-01-20,S004-P0018,Furniture,38,113,133.56,148.99,70.86154
2024-01-21,S004-P0018,Furniture,61,84,153.74,148.99,69.21165
2024-01-22,S004-P0018,Furniture,159,96,177.34,148.99,91.52859
2024-01-23,S004-P0018,Furniture,39,187,140.94,148.99,72.880516
2024-01-24,S004-P0018,Furniture,52,160,140.92,148.99,78.25378
2024-01-25,S004-P0018,Furniture,96,106,164.78,148.99,69.15282
2024-01-26,S004-P0018,Furniture,69,110,149.85,148.99,103.31034
2024-01-27,S004-P0018,Furniture,84,108,140.63,148.99,101.398926
2024-01-28,S004-P0018,Furniture,89,103,135.83,148.99,101.061516
2024-01-29,S004-P0018,Furniture,97,120,165.4,148.99,72.04546
2024-01-30,S004-P0018,Furniture,66,97,156.83,148.99,80.14684
2023-10-03,S004-P0019,Clothing,124,131,69.12,58.855000000000004,90.83765
2023-10-04,S004-P0019,Clothing,98,133,60.59,58.855000000000004,90.25756
2023-10-05,S004-P0019,Clothing,103,121,58.4,58.855000000000004,91.38188
2023-10-06,S004-P0019,Clothing,104,171,58.55,58.855000000000004,95.16796
2023-10-07,S004-P0019,Clothing,131,198,63.61,58.855000000000004,80.83138
2023-10-08,S004-P0019,Clothing,176,227,68.46,58.855000000000004,85.65839
2023-10-09,S004-P0019,Clothing,163,224,55.17,58.855000000000004,94.07728
2023-10-10,S004-P0019,Clothing,68,239,57.45,58.855000000000004,75.46126
2023-10-11,S004-P0019,Clothing,68,159,54.64,58.855000000000004,77.08858
2023-10-12,S004-P0019,Clothing,88,118,49.27,58.855000000000004,94.83291
2023-10-13,S004-P0019,Clothing,131,153,60.06,58.855000000000004,96.14783
2023-10-14,S004-P0019,Clothing,96,164,54.11,58.855000000000004,78.52715
2023-10-15,S004-P0019,Clothing,114,165,60.57,58.855000000000004,81.97054
2023-10-16,S004-P0019,Clothing,74,201,50.09,58.855000000000004,81.673836
2023-10-17,S004-P0019,Clothing,87,130,49.18,58.855000000000004,104.56436
2023-10-18,S004-P0019,Clothing,92,136,56.34,58.855000000000004,83.173485
2023-10-19,S004-P0019,Clothing,87,121,46.06,58.855000000000004,103.541725
2023-10-20,S004-P0019,Clothing,26,122,46.23,58.855000000000004,79.13267
2023-10-21,S004-P0019,Clothing,156,106,56.97,58.855000000000004,84.47311
2023-10-22,S004-P0019,Clothing,148,184,67.03,58.855000000000004,77.08232
2023-10-23,S004-P0019,Clothing,84,256,57.8,58.855000000000004,85.91691
2023-10-24,S004-P0019,Clothing,89,170,61.8,58.855000000000004,89.638794
2023-10-25,S004-P0019,Clothing,126,81,62.69,58.855000000000004,116.574905
2023-10-26,S004-P0019,Clothing,143,130,65.97,58.855000000000004,155.73003
2023-10-27,S004-P0019,Clothing,107,170,56.06,58.855000000000004,119.5501
2023-10-28,S004-P0019,Clothing,141,178,65.48,58.855000000000004,146.88712
2023-10-29,S004-P0019,Clothing,29,208,46.74,58.855000000000004,115.21042
2023-10-30,S004-P0019,Clothing,77,190,56.38,58.855000000000004,116.971306
2023-10-31,S004-P0019,Clothing,144,125,62.71,58.855000000000004,108.52745
2023-11-01,S004-P0019,Clothing,120,117,61.45,58.855000000000004,141.59625
2023-11-02,S004-P0019,Clothing,186,143,65.88,58.855000000000004,134.35435
2023-11-03,S004-P0019,Clothing,88,231,52.69,58.855000000000004,111.902916
2023-11-04,S004-P0019,Clothing,77,154,50.68,58.855000000000004,139.97102
2023-11-05,S004-P0019,Clothing,123,85,62.11,58.855000000000004,109.142586
2023-11-06,S004-P0019,Clothing,104,106,55.52,58.855000000000004,111.53688
2023-11-07,S004-P0019,Clothing,87,150,55.44,58.855000000000004,108.1819
2023-11-08,S004-P0019,Clothing,75,182,56.0,58.855000000000004,107.15298
2023-11-09,S004-P0019,Clothing,83,106,57.55,58.855000000000004,106.52537
2023-11-10,S004-P0019,Clothing,173,150,56.66,58.855000000000004,127.87257
2023-11-11,S004-P0019,Clothing,146,188,66.65,58.855000000000004,105.262856
2023-11-12,S004-P0019,Clothing,95,204,54.04,58.855000000000004,106.93704
2023-11-13,S004-P0019,Clothing,122,100,61.96,58.855000000000004,107.24424
2023-11-14,S004-P0019,Clothing,126,131,59.61,58.855000000000004,111.07938
2023-11-15,S004-P0019,Clothing,174,169,59.84,58.855000000000004,142.49413
2023-11-16,S004-P0019,Clothing,124,249,65.83,58.855000000000004,112.87254
2023-11-17,S004-P0019,Clothing,102,106,61.36,58.855000000000004,113.43375
2023-11-18,S004-P0019,Clothing,163,111,55.22,58.855000000000004,138.57454
2023-11-19,S004-P0019,Clothing,87,157,58.37,58.855000000000004,115.3033
2023-11-20,S004-P0019,Clothing,88,157,55.38,58.855000000000004,113.3507
2023-11-21,S004-P0019,Clothing,175,185,64.52,58.855000000000004,138.86902
2023-11-22,S004-P0019,Clothing,117,183,50.83,58.855000000000004,144.07994
2023-11-23,S004-P0019,Clothing,86,171,55.03,58.855000000000004,113.42429
2023-11-24,S004-P0019,Clothing,143,69,73.3,58.855000000000004,111.6315
2023-11-25,S004-P0019,Clothing,92,137,56.26,58.855000000000004,109.53276
2023-11-26,S004-P0019,Clothing,147,106,63.25,58.855000000000004,137.63817
2023-11-27,S004-P0019,Clothing,151,155,59.87,58.855000000000004,144.36693
2023-11-28,S004-P0019,Clothing,94,122,56.78,58.855000000000004,112.46048
2023-11-29,S004-P0019,Clothing,86,138,55.19,58.855000000000004,110.88499
2023-11-30,S004-P0019,Clothing,91,132,59.09,58.855000000000004,107.37951
2023-12-01,S004-P0019,Clothing,105,139,58.84,58.855000000000004,109.88027
2023-12-02,S004-P0019,Clothing,171,169,71.1,58.855000000000004,137.36415
2023-12-03,S004-P0019,Clothing,39,154,38.97,58.855000000000004,139.21811
2023-12-04,S004-P0019,Clothing,136,125,68.23,58.855000000000004,105.81315
2023-12-05,S004-P0019,Clothing,170,154,78.82,58.855000000000004,108.73962
2023-12-06,S004-P0019,Clothing,94,145,56.67,58.855000000000004,143.59393
2023-12-07,S004-P0019,Clothing,77,141,53.36,58.855000000000004,111.74273
2023-12-08,S004-P0019,Clothing,90,143,59.02,58.855000000000004,110.72911
2023-12-09,S004-P0019,Clothing,117,152,64.38,58.855000000000004,105.72079
2023-12-10,S004-P0019,Clothing,121,159,61.7,58.855000000000004,104.17396
2023-12-11,S004-P0019,Clothing,87,154,58.25,58.855000000000004,106.63188
2023-12-12,S004-P0019,Clothing,132,155,56.8,58.855000000000004,132.25105
2023-12-13,S004-P0019,Clothing,78,149,53.52,58.855000000000004,136.416
2023-12-14,S004-P0019,Clothing,131,69,67.12,58.855000000000004,107.17959
2023-12-15,S004-P0019,Clothing,120,150,61.64,58.855000000000004,104.50059
2023-12-16,S004-P0019,Clothing,138,165,64.99,58.855000000000004,104.89758
2023-12-17,S004-P0019,Clothing,153,178,57.19,58.855000000000004,135.82632
2023-12-18,S004-P0019,Clothing,114,215,60.39,58.855000000000004,141.35146
2023-12-19,S004-P0019,Clothing,90,100,55.92,58.855000000000004,109.63264
2023-12-20,S004-P0019,Clothing,105,132,58.69,58.855000000000004,107.18592
2023-12-21,S004-P0019,Clothing,123,110,55.12,58.855000000000004,135.78966
2023-12-22,S004-P0019,Clothing,81,134,57.08,58.855000000000004,108.30138
2023-12-23,S004-P0019,Clothing,160,129,69.1,58.855000000000004,132.7696
2023-12-24,S004-P0019,Clothing,107,170,62.29,58.855000000000004,105.08443
2023-12-25,S004-P0019,Clothing,218,151,80.36,58.855000000000004,105.305855
2023-12-26,S004-P0019,Clothing,138,261,64.89,58.855000000000004,112.52215
2023-12-27,S004-P0019,Clothing,156,104,68.3,58.855000000000004,111.263054
2023-12-28,S004-P0019,Clothing,145,164,69.85,58.855000000000004,94.98168
2023-12-29,S004-P0019,Clothing,98,222,57.52,58.855000000000004,98.71362
2023-12-30,S004-P0019,Clothing,147,125,74.0,58.855000000000004,98.38691
2023-12-31,S004-P0019,Clothing,137,175,64.7,58.855000000000004,102.70364
2024-01-01,S004-P0019,Clothing,161,163,73.14,58.855000000000004,104.79453
2024-01-02,S004-P0019,Clothing,59,147,50.14,58.855000000000004,109.38605
2024-01-03,S004-P0019,Clothing,155,102,68.31,58.855000000000004,107.89797
2024-01-04,S004-P0019,Clothing,87,181,58.39,58.855000000000004,110.85978
2024-01-05,S004-P0019,Clothing,121,86,51.37,58.855000000000004,131.58592
2024-01-06,S004-P0019,Clothing,139,130,72.37,58.855000000000004,103.5878
2024-01-07,S004-P0019,Clothing,161,178,61.55,58.855000000000004,130.9388
2024-01-08,S004-P0019,Clothing,168,174,63.43,58.855000000000004,133.25412
2024-01-09,S004-P0019,Clothing,116,200,57.34,58.855000000000004,167.41481
2024-01-10,S004-P0019,Clothing,82,63,54.56,58.855000000000004,131.47948
2024-01-11,S004-P0019,Clothing,102,97,58.17,58.855000000000004,125.84402
2024-01-12,S004-P0019,Clothing,46,125,45.11,58.855000000000004,124.145546
2024-01-13,S004-P0019,Clothing,141,96,55.36,58.855000000000004,148.07036
2024-01-14,S004-P0019,Clothing,10,156,38.74,58.855000000000004,113.40287
2024-01-15,S004-P0019,Clothing,121,144,68.55,58.855000000000004,115.93725
2024-01-16,S004-P0019,Clothing,83,128,54.63,58.855000000000004,108.8128
2024-01-17,S004-P0019,Clothing,101,136,61.21,58.855000000000004,112.00904
2024-01-18,S004-P0019,Clothing,152,150,57.14,58.855000000000004,136.06769
2024-01-19,S004-P0019,Clothing,91,205,62.34,58.855000000000004,110.47918
2024-01-20,S004-P0019,Clothing,117,146,61.15,58.855000000000004,108.52583
2024-01-21,S004-P0019,Clothing,82,146,60.45,58.855000000000004,110.937965
2024-01-22,S004-P0019,Clothing,157,150,64.68,58.855000000000004,138.50987
2024-01-23,S004-P0019,Clothing,90,148,58.99,58.855000000000004,107.95212
2024-01-24,S004-P0019,Clothing,69,172,49.03,58.855000000000004,139.45018
2024-01-25,S004-P0019,Clothing,112,110,50.01,58.855000000000004,134.063
2024-01-26,S004-P0019,Clothing,258,154,82.81,58.855000000000004,132.2356
2024-01-27,S004-P0019,Clothing,59,298,47.41,58.855000000000004,111.799095
2024-01-28,S004-P0019,Clothing,58,240,52.51,58.855000000000004,115.194565
2024-01-29,S004-P0019,Clothing,120,182,61.62,58.855000000000004,103.33582
2024-01-30,S004-P0019,Clothing,126,219,62.67,58.855000000000004,110.709694
2023-10-03,S004-P0020,Furniture,70,156,128.89,121.03999999999999,86.29978
2023-10-04,S004-P0020,Furniture,96,253,133.97,121.03999999999999,86.06345
2023-10-05,S004-P0020,Furniture,101,177,115.02,121.03999999999999,117.94817
2023-10-06,S004-P0020,Furniture,142,62,145.6,121.03999999999999,114.2307
2023-10-07,S004-P0020,Furniture,21,163,105.85,121.03999999999999,55.352356
2023-10-08,S004-P0020,Furniture,29,390,104.38,121.03999999999999,52.956688
2023-10-09,S004-P0020,Furniture,23,362,112.47,121.03999999999999,45.79704
2023-10-10,S004-P0020,Furniture,23,345,96.38,121.03999999999999,47.29789
2023-10-11,S004-P0020,Furniture,42,320,116.0,121.03999999999999,40.10804
2023-10-12,S004-P0020,Furniture,51,285,113.92,121.03999999999999,39.201603
2023-10-13,S004-P0020,Furniture,50,241,101.59,121.03999999999999,55.78168
2023-10-14,S004-P0020,Furniture,43,200,104.48,121.03999999999999,40.804417
2023-10-15,S004-P0020,Furniture,24,159,107.45,121.03999999999999,43.60191
2023-10-16,S004-P0020,Furniture,14,131,92.27,121.03999999999999,51.572346
2023-10-17,S004-P0020,Furniture,38,115,114.02,121.03999999999999,37.488842
2023-10-18,S004-P0020,Furniture,29,91,87.7,121.03999999999999,47.90075
2023-10-19,S004-P0020,Furniture,20,134,110.94,121.03999999999999,35.85417
2023-10-20,S004-P0020,Furniture,35,116,106.82,121.03999999999999,34.929665
2023-10-21,S004-P0020,Furniture,43,92,104.77,121.03999999999999,44.037594
2023-10-22,S004-P0020,Furniture,30,58,110.06,121.03999999999999,36.344494
2023-10-23,S004-P0020,Furniture,62,121,98.79,121.03999999999999,47.55141
2023-10-24,S004-P0020,Furniture,21,84,95.24,121.03999999999999,36.817276
2023-10-25,S004-P0020,Furniture,108,197,124.67,121.03999999999999,108.503136
2023-10-26,S004-P0020,Furniture,38,90,96.76,121.03999999999999,114.61326
2023-10-27,S004-P0020,Furniture,78,267,106.06,121.03999999999999,109.10134
2023-10-28,S004-P0020,Furniture,60,177,117.57,121.03999999999999,84.90496
2023-10-29,S004-P0020,Furniture,54,118,121.52,121.03999999999999,80.36135
2023-10-30,S004-P0020,Furniture,59,82,117.63,121.03999999999999,79.34675
2023-10-31,S004-P0020,Furniture,111,119,140.77,121.03999999999999,79.72089
2023-11-01,S004-P0020,Furniture,118,52,151.75,121.03999999999999,77.64611
2023-11-02,S004-P0020,Furniture,129,192,141.16,121.03999999999999,107.59843
2023-11-03,S004-P0020,Furniture,96,258,133.65,121.03999999999999,109.53442
2023-11-04,S004-P0020,Furniture,38,189,114.0,121.03999999999999,86.15565
2023-11-05,S004-P0020,Furniture,81,158,126.97,121.03999999999999,84.18828
2023-11-06,S004-P0020,Furniture,76,92,131.75,121.03999999999999,82.60493
2023-11-07,S004-P0020,Furniture,88,194,137.67,121.03999999999999,81.63191
2023-11-08,S004-P0020,Furniture,55,111,115.75,121.03999999999999,80.03442
2023-11-09,S004-P0020,Furniture,80,243,120.13,121.03999999999999,81.30284
2023-11-10,S004-P0020,Furniture,139,160,144.25,121.03999999999999,107.88726
2023-11-11,S004-P0020,Furniture,87,0,123.29,121.03999999999999,83.058464
2023-11-12,S004-P0020,Furniture,102,283,129.59,121.03999999999999,85.67144
2023-11-13,S004-P0020,Furniture,97,215,134.05,121.03999999999999,85.78208
2023-11-14,S004-P0020,Furniture,80,130,127.02,121.03999999999999,86.69431
2023-11-15,S004-P0020,Furniture,56,233,91.81,121.03999999999999,114.55341
2023-11-16,S004-P0020,Furniture,105,182,138.35,121.03999999999999,84.14376
2023-11-17,S004-P0020,Furniture,46,90,94.13,121.03999999999999,114.832504
2023-11-18,S004-P0020,Furniture,82,242,121.0,121.03999999999999,86.18212
2023-11-19,S004-P0020,Furniture,88,178,137.54,121.03999999999999,86.596306
2023-11-20,S004-P0020,Furniture,47,98,118.32,121.03999999999999,86.240906
2023-11-21,S004-P0020,Furniture,75,213,118.34,121.03999999999999,107.57655
2023-11-22,S004-P0020,Furniture,48,143,118.45,121.03999999999999,83.48554
2023-11-23,S004-P0020,Furniture,21,89,106.09,121.03999999999999,80.115685
2023-11-24,S004-P0020,Furniture,39,73,114.29,121.03999999999999,73.13319
2023-11-25,S004-P0020,Furniture,75,41,124.51,121.03999999999999,92.62939
2023-11-26,S004-P0020,Furniture,84,74,128.37,121.03999999999999,95.16975
2023-11-27,S004-P0020,Furniture,64,172,106.35,121.03999999999999,98.18489
2023-11-28,S004-P0020,Furniture,59,132,99.0,121.03999999999999,98.71253
2023-11-29,S004-P0020,Furniture,57,85,129.44,121.03999999999999,71.28669
2023-11-30,S004-P0020,Furniture,76,161,125.07,121.03999999999999,71.360306
2023-12-01,S004-P0020,Furniture,60,70,124.31,121.03999999999999,73.64308
2023-12-02,S004-P0020,Furniture,74,184,117.64,121.03999999999999,96.34858
2023-12-03,S004-P0020,Furniture,65,118,126.81,121.03999999999999,70.99713
2023-12-04,S004-P0020,Furniture,4,220,73.59,121.03999999999999,94.94133
2023-12-05,S004-P0020,Furniture,125,215,131.53,121.03999999999999,90.51308
2023-12-06,S004-P0020,Furniture,79,137,105.01,121.03999999999999,97.81696
2023-12-07,S004-P0020,Furniture,85,273,128.83,121.03999999999999,74.8815
2023-12-08,S004-P0020,Furniture,122,202,138.01,121.03999999999999,101.18249
2023-12-09,S004-P0020,Furniture,106,57,116.57,121.03999999999999,102.01556
2023-12-10,S004-P0020,Furniture,22,196,101.0,121.03999999999999,78.419365
2023-12-11,S004-P0020,Furniture,107,355,138.54,121.03999999999999,100.52456
2023-12-12,S004-P0020,Furniture,64,235,119.35,121.03999999999999,71.93584
2023-12-13,S004-P0020,Furniture,61,162,118.3,121.03999999999999,78.12312
2023-12-14,S004-P0020,Furniture,47,118,112.25,121.03999999999999,73.78213
2023-12-15,S004-P0020,Furniture,56,179,129.05,121.03999999999999,72.505005
2023-12-16,S004-P0020,Furniture,86,127,129.35,121.03999999999999,66.350174
2023-12-17,S004-P0020,Furniture,44,47,116.71,121.03999999999999,73.38296
2023-12-18,S004-P0020,Furniture,97,187,126.88,121.03999999999999,93.43891
2023-12-19,S004-P0020,Furniture,65,86,133.25,121.03999999999999,68.25252
2023-12-20,S004-P0020,Furniture,88,223,144.76,121.03999999999999,71.63112
2023-12-21,S004-P0020,Furniture,132,130,150.11,121.03999999999999,71.552315
2023-12-22,S004-P0020,Furniture,146,28,147.24,121.03999999999999,105.09146
2023-12-23,S004-P0020,Furniture,35,280,106.62,121.03999999999999,108.64761
2023-12-24,S004-P0020,Furniture,49,573,107.14,121.03999999999999,83.33035
2023-12-25,S004-P0020,Furniture,77,516,125.43,121.03999999999999,76.90386
2023-12-26,S004-P0020,Furniture,52,440,127.08,121.03999999999999,80.563095
2023-12-27,S004-P0020,Furniture,28,399,103.92,121.03999999999999,40.85642
2023-12-28,S004-P0020,Furniture,23,370,101.3,121.03999999999999,35.062904
2023-12-29,S004-P0020,Furniture,44,349,123.09,121.03999999999999,31.298288
2023-12-30,S004-P0020,Furniture,50,302,125.81,121.03999999999999,30.188805
2023-12-31,S004-P0020,Furniture,47,254,112.11,121.03999999999999,30.738491
2024-01-01,S004-P0020,Furniture,66,206,126.95,121.03999999999999,31.055481
2024-01-02,S004-P0020,Furniture,49,149,95.4,121.03999999999999,50.02695
2024-01-03,S004-P0020,Furniture,33,100,111.54,121.03999999999999,39.59001
2024-01-04,S004-P0020,Furniture,19,80,110.43,121.03999999999999,38.0986
2024-01-05,S004-P0020,Furniture,38,138,91.03,121.03999999999999,44.508823
2024-01-06,S004-P0020,Furniture,49,104,106.74,121.03999999999999,42.535595
2024-01-07,S004-P0020,Furniture,22,62,106.26,121.03999999999999,38.34461
2024-01-08,S004-P0020,Furniture,39,164,90.41,121.03999999999999,43.826607
2024-01-09,S004-P0020,Furniture,48,124,118.67,121.03999999999999,74.654305
2024-01-10,S004-P0020,Furniture,73,90,130.33,121.03999999999999,74.38576
2024-01-11,S004-P0020,Furniture,73,108,123.81,121.03999999999999,81.45849
2024-01-12,S004-P0020,Furniture,70,153,122.41,121.03999999999999,82.73138
2024-01-13,S004-P0020,Furniture,66,86,127.0,121.03999999999999,80.84579
2024-01-14,S004-P0020,Furniture,72,175,104.07,121.03999999999999,102.70182
2024-01-15,S004-P0020,Furniture,64,128,119.77,121.03999999999999,78.70399
2024-01-16,S004-P0020,Furniture,49,214,112.89,121.03999999999999,76.025925
2024-01-17,S004-P0020,Furniture,71,173,122.86,121.03999999999999,74.41607
2024-01-18,S004-P0020,Furniture,87,115,108.19,121.03999999999999,95.132195
2024-01-19,S004-P0020,Furniture,61,178,112.44,121.03999999999999,71.8834
2024-01-20,S004-P0020,Furniture,83,117,142.16,121.03999999999999,73.93128
2024-01-21,S004-P0020,Furniture,89,46,109.0,121.03999999999999,97.08063
2024-01-22,S004-P0020,Furniture,157,152,152.02,121.03999999999999,103.92431
2024-01-23,S004-P0020,Furniture,59,151,124.06,121.03999999999999,80.12901
2024-01-24,S004-P0020,Furniture,73,470,109.66,121.03999999999999,108.7223
2024-01-25,S004-P0020,Furniture,44,384,116.9,121.03999999999999,76.52619
2024-01-26,S004-P0020,Furniture,74,340,130.71,121.03999999999999,79.23089
2024-01-27,S004-P0020,Furniture,68,255,121.73,121.03999999999999,72.0109
2024-01-28,S004-P0020,Furniture,75,209,103.74,121.03999999999999,100.15543
2024-01-29,S004-P0020,Furniture,63,149,132.36,121.03999999999999,71.33339
2024-01-30,S004-P0020,Furniture,93,79,132.53,121.03999999999999,73.75746
2023-10-03,S005-P0001,Groceries,57,213,10.94,11.795,105.58543
2023-10-04,S005-P0001,Groceries,99,551,11.44,11.795,105.170166
2023-10-05,S005-P0001,Groceries,104,485,12.27,11.795,101.244156
2023-10-06,S005-P0001,Groceries,185,383,14.72,11.795,99.84214
2023-10-07,S005-P0001,Groceries,95,202,11.26,11.795,71.411835
2023-10-08,S005-P0001,Groceries,71,566,10.97,11.795,77.44416
2023-10-09,S005-P0001,Groceries,133,500,10.59,11.795,91.39983
2023-10-10,S005-P0001,Groceries,81,416,11.33,11.795,77.1813
2023-10-11,S005-P0001,Groceries,100,348,11.51,11.795,80.913124
2023-10-12,S005-P0001,Groceries,59,252,9.37,11.795,109.455986
2023-10-13,S005-P0001,Groceries,37,204,9.08,11.795,80.90206
2023-10-14,S005-P0001,Groceries,47,174,9.01,11.795,73.00965
2023-10-15,S005-P0001,Groceries,32,126,8.45,11.795,67.317764
2023-10-16,S005-P0001,Groceries,81,91,11.33,11.795,64.1297
2023-10-17,S005-P0001,Groceries,74,25,9.31,11.795,80.80266
2023-10-18,S005-P0001,Groceries,70,176,9.83,11.795,67.036934
2023-10-19,S005-P0001,Groceries,88,120,10.4,11.795,87.05502
2023-10-20,S005-P0001,Groceries,158,201,12.88,11.795,90.81849
2023-10-21,S005-P0001,Groceries,102,54,12.83,11.795,75.43085
2023-10-22,S005-P0001,Groceries,61,271,10.0,11.795,81.89979
2023-10-23,S005-P0001,Groceries,74,199,8.84,11.795,99.24056
2023-10-24,S005-P0001,Groceries,19,148,8.87,11.795,78.312004
2023-10-25,S005-P0001,Groceries,209,133,13.84,11.795,131.671
2023-10-26,S005-P0001,Groceries,82,0,10.19,11.795,145.84467
2023-10-27,S005-P0001,Groceries,137,398,12.87,11.795,113.38927
2023-10-28,S005-P0001,Groceries,176,248,13.59,11.795,109.86858
2023-10-29,S005-P0001,Groceries,180,102,15.28,11.795,113.47907
2023-10-30,S005-P0001,Groceries,137,419,12.89,11.795,116.02084
2023-10-31,S005-P0001,Groceries,122,307,13.64,11.795,118.29903
2023-11-01,S005-P0001,Groceries,223,232,14.45,11.795,148.76033
2023-11-02,S005-P0001,Groceries,119,60,11.56,11.795,124.36347
2023-11-03,S005-P0001,Groceries,185,378,13.86,11.795,151.92494
2023-11-04,S005-P0001,Groceries,68,197,10.28,11.795,122.502335
2023-11-05,S005-P0001,Groceries,60,515,9.98,11.795,121.04092
2023-11-06,S005-P0001,Groceries,91,467,12.36,11.795,119.58985
2023-11-07,S005-P0001,Groceries,97,375,9.47,11.795,145.40761
2023-11-08,S005-P0001,Groceries,102,276,9.75,11.795,140.32597
2023-11-09,S005-P0001,Groceries,70,203,11.49,11.795,109.62025
2023-11-10,S005-P0001,Groceries,86,152,11.53,11.795,108.8281
2023-11-11,S005-P0001,Groceries,112,64,11.3,11.795,106.62834
2023-11-12,S005-P0001,Groceries,126,195,11.07,11.795,134.6421
2023-11-13,S005-P0001,Groceries,127,294,12.49,11.795,131.2869
2023-11-14,S005-P0001,Groceries,88,179,11.62,11.795,107.58006
2023-11-15,S005-P0001,Groceries,78,401,10.65,11.795,106.319664
2023-11-16,S005-P0001,Groceries,82,335,10.8,11.795,132.24962
2023-11-17,S005-P0001,Groceries,76,240,10.58,11.795,102.38144
2023-11-18,S005-P0001,Groceries,169,155,13.34,11.795,126.53289
2023-11-19,S005-P0001,Groceries,130,10,13.98,11.795,99.40685
2023-11-20,S005-P0001,Groceries,145,322,11.1,11.795,130.5463
2023-11-21,S005-P0001,Groceries,66,227,9.68,11.795,104.41869
2023-11-22,S005-P0001,Groceries,110,415,13.14,11.795,103.4799
2023-11-23,S005-P0001,Groceries,133,333,12.07,11.795,102.26896
2023-11-24,S005-P0001,Groceries,103,234,11.58,11.795,100.99209
2023-11-25,S005-P0001,Groceries,103,150,10.99,11.795,100.56284
2023-11-26,S005-P0001,Groceries,97,291,10.19,11.795,130.15938
2023-11-27,S005-P0001,Groceries,181,219,13.8,11.795,101.82595
2023-11-28,S005-P0001,Groceries,82,83,11.39,11.795,106.11463
2023-11-29,S005-P0001,Groceries,125,376,12.39,11.795,107.61806
2023-11-30,S005-P0001,Groceries,101,251,12.14,11.795,106.40127
2023-12-01,S005-P0001,Groceries,161,136,14.53,11.795,110.08823
2023-12-02,S005-P0001,Groceries,105,0,11.08,11.795,139.93471
2023-12-03,S005-P0001,Groceries,80,359,11.29,11.795,114.0784
2023-12-04,S005-P0001,Groceries,186,268,11.65,11.795,131.9547
2023-12-05,S005-P0001,Groceries,119,97,13.54,11.795,114.17781
2023-12-06,S005-P0001,Groceries,126,395,12.42,11.795,111.37779
2023-12-07,S005-P0001,Groceries,174,257,13.54,11.795,113.84426
2023-12-08,S005-P0001,Groceries,163,110,12.31,11.795,147.13983
2023-12-09,S005-P0001,Groceries,6,329,8.35,11.795,122.54747
2023-12-10,S005-P0001,Groceries,206,325,13.85,11.795,144.12402
2023-12-11,S005-P0001,Groceries,121,113,12.27,11.795,117.86825
2023-12-12,S005-P0001,Groceries,125,363,11.11,11.795,151.1607
2023-12-13,S005-P0001,Groceries,160,269,14.48,11.795,121.43309
2023-12-14,S005-P0001,Groceries,72,87,10.41,11.795,121.80441
2023-12-15,S005-P0001,Groceries,175,310,12.82,11.795,151.32253
2023-12-16,S005-P0001,Groceries,87,145,11.57,11.795,120.67254
2023-12-17,S005-P0001,Groceries,59,390,9.91,11.795,124.41053
2023-12-18,S005-P0001,Groceries,94,354,11.88,11.795,117.197205
2023-12-19,S005-P0001,Groceries,58,254,10.43,11.795,119.026375
2023-12-20,S005-P0001,Groceries,95,186,11.9,11.795,107.994606
2023-12-21,S005-P0001,Groceries,196,77,15.08,11.795,108.16703
2023-12-22,S005-P0001,Groceries,155,176,13.54,11.795,111.50184
2023-12-23,S005-P0001,Groceries,118,431,11.54,11.795,117.75144
2023-12-24,S005-P0001,Groceries,206,301,13.72,11.795,146.61682
2023-12-25,S005-P0001,Groceries,166,122,13.17,11.795,156.07628
2023-12-26,S005-P0001,Groceries,140,342,12.96,11.795,153.907
2023-12-27,S005-P0001,Groceries,114,231,11.33,11.795,112.25545
2023-12-28,S005-P0001,Groceries,84,114,11.48,11.795,93.983215
2023-12-29,S005-P0001,Groceries,63,220,10.07,11.795,89.00935
2023-12-30,S005-P0001,Groceries,37,181,9.58,11.795,84.56543
2023-12-31,S005-P0001,Groceries,82,150,11.39,11.795,73.117836
2024-01-01,S005-P0001,Groceries,106,83,11.1,11.795,70.97352
2024-01-02,S005-P0001,Groceries,59,169,9.96,11.795,84.67858
2024-01-03,S005-P0001,Groceries,71,353,9.3,11.795,100.21723
2024-01-04,S005-P0001,Groceries,90,271,9.25,11.795,91.502495
2024-01-05,S005-P0001,Groceries,110,202,13.14,11.795,72.24935
2024-01-06,S005-P0001,Groceries,58,126,8.88,11.795,105.43651
2024-01-07,S005-P0001,Groceries,82,258,10.82,11.795,81.99221
2024-01-08,S005-P0001,Groceries,90,169,10.46,11.795,89.91417
2024-01-09,S005-P0001,Groceries,169,100,13.34,11.795,112.40185
2024-01-10,S005-P0001,Groceries,53,174,10.79,11.795,114.23395
2024-01-11,S005-P0001,Groceries,141,459,10.83,11.795,146.38718
2024-01-12,S005-P0001,Groceries,142,347,13.08,11.795,110.375786
2024-01-13,S005-P0001,Groceries,149,198,13.3,11.795,153.45918
2024-01-14,S005-P0001,Groceries,123,56,11.7,11.795,117.12817
2024-01-15,S005-P0001,Groceries,103,333,12.22,11.795,121.43204
2024-01-16,S005-P0001,Groceries,104,234,12.26,11.795,113.772224
2024-01-17,S005-P0001,Groceries,31,151,8.88,11.795,115.69138
2024-01-18,S005-P0001,Groceries,132,296,12.66,11.795,108.447655
2024-01-19,S005-P0001,Groceries,105,175,10.35,11.795,139.4482
2024-01-20,S005-P0001,Groceries,95,394,11.91,11.795,109.16071
2024-01-21,S005-P0001,Groceries,148,308,11.8,11.795,136.21043
2024-01-22,S005-P0001,Groceries,177,209,13.55,11.795,140.1884
2024-01-23,S005-P0001,Groceries,49,379,10.59,11.795,112.88065
2024-01-24,S005-P0001,Groceries,236,324,15.75,11.795,139.06242
2024-01-25,S005-P0001,Groceries,209,71,16.44,11.795,112.59255
2024-01-26,S005-P0001,Groceries,152,392,12.74,11.795,122.529396
2024-01-27,S005-P0001,Groceries,68,299,9.75,11.795,122.853516
2024-01-28,S005-P0001,Groceries,128,243,12.51,11.795,125.965866
2024-01-29,S005-P0001,Groceries,118,117,12.8,11.795,124.378685
2024-01-30,S005-P0001,Groceries,99,267,12.04,11.795,123.96823
2023-10-03,S005-P0002,Electronics,88,368,34.44,38.475,130.50725
2023-10-04,S005-P0002,Electronics,120,293,35.99,38.475,126.71711
2023-10-05,S005-P0002,Electronics,96,175,33.34,38.475,128.08653
2023-10-06,S005-P0002,Electronics,81,102,37.53,38.475,100.85143
2023-10-07,S005-P0002,Electronics,63,336,35.26,38.475,63.30766
2023-10-08,S005-P0002,Electronics,91,298,32.36,38.475,73.24313
2023-10-09,S005-P0002,Electronics,45,212,36.38,38.475,56.287594
2023-10-10,S005-P0002,Electronics,25,173,31.82,38.475,57.36617
2023-10-11,S005-P0002,Electronics,44,447,34.47,38.475,51.49844
2023-10-12,S005-P0002,Electronics,66,400,39.51,38.475,48.11141
2023-10-13,S005-P0002,Electronics,37,323,33.52,38.475,55.075108
2023-10-14,S005-P0002,Electronics,70,295,34.25,38.475,69.70164
2023-10-15,S005-P0002,Electronics,46,232,32.93,38.475,54.908283
2023-10-16,S005-P0002,Electronics,26,201,30.2,38.475,53.04601
2023-10-17,S005-P0002,Electronics,90,180,32.68,38.475,63.193592
2023-10-18,S005-P0002,Electronics,47,118,27.57,38.475,64.81336
2023-10-19,S005-P0002,Electronics,62,62,38.9,38.475,53.04831
2023-10-20,S005-P0002,Electronics,58,249,36.36,38.475,53.379047
2023-10-21,S005-P0002,Electronics,42,214,30.77,38.475,54.95906
2023-10-22,S005-P0002,Electronics,30,164,30.85,38.475,52.224285
2023-10-23,S005-P0002,Electronics,68,140,32.11,38.475,62.521465
2023-10-24,S005-P0002,Electronics,21,86,31.32,38.475,49.378925
2023-10-25,S005-P0002,Electronics,81,69,33.26,38.475,117.843124
2023-10-26,S005-P0002,Electronics,58,235,27.32,38.475,116.836815
2023-10-27,S005-P0002,Electronics,104,186,40.49,38.475,88.54514
2023-10-28,S005-P0002,Electronics,127,116,43.65,38.475,89.843636
2023-10-29,S005-P0002,Electronics,53,30,37.59,38.475,88.58134
2023-10-30,S005-P0002,Electronics,81,281,39.49,38.475,87.9614
2023-10-31,S005-P0002,Electronics,64,547,37.15,38.475,90.433556
2023-11-01,S005-P0002,Electronics,61,498,34.93,38.475,87.436745
2023-11-02,S005-P0002,Electronics,58,456,34.52,38.475,86.898445
2023-11-03,S005-P0002,Electronics,121,407,35.64,38.475,108.52832
2023-11-04,S005-P0002,Electronics,71,317,38.15,38.475,83.50531
2023-11-05,S005-P0002,Electronics,88,249,36.49,38.475,86.91866
2023-11-06,S005-P0002,Electronics,107,502,38.79,38.475,86.2644
2023-11-07,S005-P0002,Electronics,89,394,32.11,38.475,114.90531
2023-11-08,S005-P0002,Electronics,117,297,35.6,38.475,114.01107
2023-11-09,S005-P0002,Electronics,65,189,33.61,38.475,90.00108
2023-11-10,S005-P0002,Electronics,183,132,48.36,38.475,115.103905
2023-11-11,S005-P0002,Electronics,131,421,39.49,38.475,118.572395
2023-11-12,S005-P0002,Electronics,138,265,42.73,38.475,124.58948
2023-11-13,S005-P0002,Electronics,117,705,42.33,38.475,93.622116
2023-11-14,S005-P0002,Electronics,80,631,37.32,38.475,97.54754
2023-11-15,S005-P0002,Electronics,140,569,38.17,38.475,123.54949
2023-11-16,S005-P0002,Electronics,124,413,43.28,38.475,98.009224
2023-11-17,S005-P0002,Electronics,70,297,39.98,38.475,97.95346
2023-11-18,S005-P0002,Electronics,100,234,37.98,38.475,125.68606
2023-11-19,S005-P0002,Electronics,147,464,48.75,38.475,95.08032
2023-11-20,S005-P0002,Electronics,83,310,31.92,38.475,130.865
2023-11-21,S005-P0002,Electronics,132,242,41.94,38.475,99.34214
2023-11-22,S005-P0002,Electronics,125,486,45.59,38.475,101.04983
2023-11-23,S005-P0002,Electronics,68,339,35.82,38.475,101.91149
2023-11-24,S005-P0002,Electronics,95,289,41.47,38.475,102.30859
2023-11-25,S005-P0002,Electronics,108,177,36.77,38.475,130.95284
2023-11-26,S005-P0002,Electronics,38,75,33.66,38.475,98.710365
2023-11-27,S005-P0002,Electronics,117,293,42.25,38.475,97.91614
2023-11-28,S005-P0002,Electronics,92,162,41.02,38.475,98.13647
2023-11-29,S005-P0002,Electronics,86,93,36.28,38.475,98.128555
2023-11-30,S005-P0002,Electronics,120,309,44.99,38.475,98.18609
2023-12-01,S005-P0002,Electronics,142,214,38.36,38.475,126.85579
2023-12-02,S005-P0002,Electronics,70,61,39.98,38.475,100.70221
2023-12-03,S005-P0002,Electronics,121,427,47.52,38.475,101.18929
2023-12-04,S005-P0002,Electronics,93,324,33.0,38.475,127.64269
2023-12-05,S005-P0002,Electronics,88,218,38.49,38.475,100.78266
2023-12-06,S005-P0002,Electronics,128,140,43.65,38.475,98.70266
2023-12-07,S005-P0002,Electronics,34,351,33.09,38.475,101.47309
2023-12-08,S005-P0002,Electronics,119,322,40.36,38.475,98.66831
2023-12-09,S005-P0002,Electronics,88,238,38.44,38.475,100.99442
2023-12-10,S005-P0002,Electronics,101,175,40.14,38.475,100.96846
2023-12-11,S005-P0002,Electronics,77,510,39.0,38.475,100.60704
2023-12-12,S005-P0002,Electronics,158,450,47.62,38.475,125.23105
2023-12-13,S005-P0002,Electronics,65,264,37.37,38.475,99.80609
2023-12-14,S005-P0002,Electronics,165,199,48.48,38.475,99.390305
2023-12-15,S005-P0002,Electronics,119,554,42.45,38.475,102.12462
2023-12-16,S005-P0002,Electronics,177,427,50.08,38.475,105.0981
2023-12-17,S005-P0002,Electronics,140,251,45.2,38.475,108.76124
2023-12-18,S005-P0002,Electronics,130,119,41.71,38.475,116.04924
2023-12-19,S005-P0002,Electronics,92,454,43.25,38.475,114.85873
2023-12-20,S005-P0002,Electronics,155,381,37.32,38.475,144.07112
2023-12-21,S005-P0002,Electronics,143,204,37.97,38.475,147.12398
2023-12-22,S005-P0002,Electronics,106,95,36.24,38.475,150.37671
2023-12-23,S005-P0002,Electronics,133,528,39.79,38.475,143.7855
2023-12-24,S005-P0002,Electronics,114,408,37.17,38.475,145.69405
2023-12-25,S005-P0002,Electronics,92,295,38.9,38.475,113.80979
2023-12-26,S005-P0002,Electronics,92,227,38.96,38.475,112.08894
2023-12-27,S005-P0002,Electronics,38,162,31.86,38.475,83.96845
2023-12-28,S005-P0002,Electronics,75,440,30.6,38.475,76.33704
2023-12-29,S005-P0002,Electronics,38,362,31.98,38.475,55.89851
2023-12-30,S005-P0002,Electronics,44,331,34.38,38.475,56.701023
2023-12-31,S005-P0002,Electronics,66,304,35.51,38.475,49.436672
2024-01-01,S005-P0002,Electronics,57,255,29.03,38.475,70.86033
2024-01-02,S005-P0002,Electronics,86,208,40.23,38.475,56.001835
2024-01-03,S005-P0002,Electronics,43,116,30.88,38.475,80.401054
2024-01-04,S005-P0002,Electronics,59,66,32.9,38.475,64.98852
2024-01-05,S005-P0002,Electronics,82,288,35.71,38.475,57.251896
2024-01-06,S005-P0002,Electronics,42,224,35.96,38.475,68.1192
2024-01-07,S005-P0002,Electronics,67,197,32.01,38.475,76.7247
2024-01-08,S005-P0002,Electronics,65,387,33.58,38.475,60.110485
2024-01-09,S005-P0002,Electronics,149,343,48.92,38.475,97.007614
2024-01-10,S005-P0002,Electronics,67,175,39.54,38.475,110.019005
2024-01-11,S005-P0002,Electronics,83,121,37.82,38.475,103.16461
2024-01-12,S005-P0002,Electronics,83,458,35.82,38.475,105.52181
2024-01-13,S005-P0002,Electronics,43,396,34.3,38.475,103.17906
2024-01-14,S005-P0002,Electronics,72,350,38.35,38.475,98.56625
2024-01-15,S005-P0002,Electronics,187,266,40.63,38.475,115.706856
2024-01-16,S005-P0002,Electronics,95,144,31.1,38.475,128.2512
2024-01-17,S005-P0002,Electronics,47,57,36.75,38.475,97.35019
2024-01-18,S005-P0002,Electronics,106,567,45.22,38.475,95.25965
2024-01-19,S005-P0002,Electronics,37,449,33.52,38.475,93.31875
2024-01-20,S005-P0002,Electronics,78,423,29.33,38.475,120.34969
2024-01-21,S005-P0002,Electronics,64,335,37.21,38.475,88.975624
2024-01-22,S005-P0002,Electronics,109,289,41.1,38.475,86.47974
2024-01-23,S005-P0002,Electronics,100,183,44.35,38.475,91.18994
2024-01-24,S005-P0002,Electronics,70,107,32.36,38.475,122.07799
2024-01-25,S005-P0002,Electronics,101,377,33.9,38.475,118.82106
2024-01-26,S005-P0002,Electronics,84,256,31.54,38.475,119.28887
2024-01-27,S005-P0002,Electronics,83,194,33.49,38.475,117.690285
2024-01-28,S005-P0002,Electronics,115,97,46.61,38.475,88.18006
2024-01-29,S005-P0002,Electronics,118,274,44.71,38.475,89.868195
2024-01-30,S005-P0002,Electronics,136,156,49.68,38.475,92.61126
2023-10-03,S005-P0003,Toys,79,198,27.22,27.84,96.35479
2023-10-04,S005-P0003,Toys,118,123,30.91,27.84,94.15141
2023-10-05,S005-P0003,Toys,103,126,27.79,27.84,128.2383
2023-10-06,S005-P0003,Toys,101,144,29.28,27.84,127.227486
2023-10-07,S005-P0003,Toys,34,144,24.06,27.84,61.14362
2023-10-08,S005-P0003,Toys,24,114,23.13,27.84,55.217064
2023-10-09,S005-P0003,Toys,57,149,23.82,27.84,61.111515
2023-10-10,S005-P0003,Toys,36,104,24.31,27.84,48.88624
2023-10-11,S005-P0003,Toys,74,114,25.32,27.84,58.57189
2023-10-12,S005-P0003,Toys,57,102,23.75,27.84,45.25901
2023-10-13,S005-P0003,Toys,37,113,23.09,27.84,49.056767
2023-10-14,S005-P0003,Toys,30,134,21.29,27.84,49.4498
2023-10-15,S005-P0003,Toys,21,104,22.81,27.84,44.806408
2023-10-16,S005-P0003,Toys,30,135,22.55,27.84,42.562984
2023-10-17,S005-P0003,Toys,43,103,22.4,27.84,50.642876
2023-10-18,S005-P0003,Toys,54,103,22.2,27.84,50.87544
2023-10-19,S005-P0003,Toys,11,102,17.16,27.84,49.03004
2023-10-20,S005-P0003,Toys,16,90,23.42,27.84,38.379646
2023-10-21,S005-P0003,Toys,32,130,22.68,27.84,36.056152
2023-10-22,S005-P0003,Toys,52,100,24.53,27.84,38.124683
2023-10-23,S005-P0003,Toys,65,101,22.89,27.84,51.030132
2023-10-24,S005-P0003,Toys,35,126,22.96,27.84,41.198326
2023-10-25,S005-P0003,Toys,73,96,25.23,27.84,111.98131
2023-10-26,S005-P0003,Toys,74,128,26.77,27.84,88.22214
2023-10-27,S005-P0003,Toys,111,121,31.9,27.84,85.85984
2023-10-28,S005-P0003,Toys,84,139,26.23,27.84,85.47185
2023-10-29,S005-P0003,Toys,99,142,30.65,27.84,84.80961
2023-10-30,S005-P0003,Toys,113,153,30.51,27.84,85.13868
2023-10-31,S005-P0003,Toys,82,187,26.05,27.84,86.00313
2023-11-01,S005-P0003,Toys,57,108,26.43,27.84,89.43798
2023-11-02,S005-P0003,Toys,50,119,23.15,27.84,87.434006
2023-11-03,S005-P0003,Toys,68,115,26.08,27.84,86.05467
2023-11-04,S005-P0003,Toys,98,123,30.56,27.84,83.58245
2023-11-05,S005-P0003,Toys,56,134,24.98,27.84,85.094185
2023-11-06,S005-P0003,Toys,74,140,22.22,27.84,110.12941
2023-11-07,S005-P0003,Toys,80,135,28.77,27.84,81.93376
2023-11-08,S005-P0003,Toys,118,141,27.43,27.84,109.5393
2023-11-09,S005-P0003,Toys,106,158,29.74,27.84,84.92791
2023-11-10,S005-P0003,Toys,115,166,32.29,27.84,84.528885
2023-11-11,S005-P0003,Toys,124,179,28.23,27.84,112.5465
2023-11-12,S005-P0003,Toys,188,231,31.75,27.84,116.289566
2023-11-13,S005-P0003,Toys,113,245,30.39,27.84,94.79014
2023-11-14,S005-P0003,Toys,114,131,25.38,27.84,124.98344
2023-11-15,S005-P0003,Toys,126,154,30.04,27.84,124.86877
2023-11-16,S005-P0003,Toys,87,181,29.43,27.84,100.52818
2023-11-17,S005-P0003,Toys,53,97,24.7,27.84,100.33454
2023-11-18,S005-P0003,Toys,124,114,26.54,27.84,122.284096
2023-11-19,S005-P0003,Toys,64,126,25.73,27.84,121.7314
2023-11-20,S005-P0003,Toys,120,147,32.73,27.84,94.0245
2023-11-21,S005-P0003,Toys,69,165,27.67,27.84,95.20744
2023-11-22,S005-P0003,Toys,66,102,25.98,27.84,92.188255
2023-11-23,S005-P0003,Toys,123,103,29.81,27.84,116.23048
2023-11-24,S005-P0003,Toys,94,102,27.14,27.84,92.95819
2023-11-25,S005-P0003,Toys,100,106,29.21,27.84,91.86899
2023-11-26,S005-P0003,Toys,118,141,32.55,27.84,90.89587
2023-11-27,S005-P0003,Toys,129,111,26.58,27.84,118.96041
2023-11-28,S005-P0003,Toys,113,165,32.03,27.84,96.98194
2023-11-29,S005-P0003,Toys,89,162,29.69,27.84,98.222984
2023-11-30,S005-P0003,Toys,148,164,35.64,27.84,97.880394
2023-12-01,S005-P0003,Toys,192,161,35.84,27.84,132.06982
2023-12-02,S005-P0003,Toys,90,220,23.47,27.84,136.96103
2023-12-03,S005-P0003,Toys,144,117,33.35,27.84,108.91206
2023-12-04,S005-P0003,Toys,87,127,27.94,27.84,107.80253
2023-12-05,S005-P0003,Toys,127,154,31.7,27.84,107.34548
2023-12-06,S005-P0003,Toys,118,190,24.44,27.84,138.99892
2023-12-07,S005-P0003,Toys,113,232,28.85,27.84,111.564995
2023-12-08,S005-P0003,Toys,104,132,29.49,27.84,106.37484
2023-12-09,S005-P0003,Toys,92,174,26.77,27.84,137.9102
2023-12-10,S005-P0003,Toys,95,194,23.87,27.84,133.74648
2023-12-11,S005-P0003,Toys,85,80,29.24,27.84,105.42958
2023-12-12,S005-P0003,Toys,123,100,28.09,27.84,128.09094
2023-12-13,S005-P0003,Toys,118,127,30.96,27.84,100.868355
2023-12-14,S005-P0003,Toys,36,130,23.06,27.84,101.39562
2023-12-15,S005-P0003,Toys,119,104,30.95,27.84,103.1265
2023-12-16,S005-P0003,Toys,135,119,27.05,27.84,130.37592
2023-12-17,S005-P0003,Toys,142,142,33.24,27.84,103.765656
2023-12-18,S005-P0003,Toys,151,146,30.27,27.84,129.58144
2023-12-19,S005-P0003,Toys,72,229,22.02,27.84,139.98909
2023-12-20,S005-P0003,Toys,45,162,23.92,27.84,106.69549
2023-12-21,S005-P0003,Toys,99,132,29.15,27.84,104.697235
2023-12-22,S005-P0003,Toys,124,135,31.48,27.84,100.43168
2023-12-23,S005-P0003,Toys,104,150,29.59,27.84,102.0955
2023-12-24,S005-P0003,Toys,73,163,26.65,27.84,101.31676
2023-12-25,S005-P0003,Toys,56,164,26.32,27.84,103.35447
2023-12-26,S005-P0003,Toys,95,98,28.69,27.84,94.99914
2023-12-27,S005-P0003,Toys,44,120,19.85,27.84,70.24494
2023-12-28,S005-P0003,Toys,27,124,22.22,27.84,54.082745
2023-12-29,S005-P0003,Toys,18,92,21.39,27.84,45.121105
2023-12-30,S005-P0003,Toys,21,128,22.76,27.84,40.85819
2023-12-31,S005-P0003,Toys,49,111,26.96,27.84,35.934273
2024-01-01,S005-P0003,Toys,19,132,21.44,27.84,36.77758
2024-01-02,S005-P0003,Toys,23,115,21.87,27.84,36.00253
2024-01-03,S005-P0003,Toys,39,95,23.34,27.84,32.59946
2024-01-04,S005-P0003,Toys,28,102,23.5,27.84,36.753597
2024-01-05,S005-P0003,Toys,27,133,19.87,27.84,43.498955
2024-01-06,S005-P0003,Toys,71,104,20.87,27.84,43.994953
2024-01-07,S005-P0003,Toys,14,109,20.96,27.84,36.20699
2024-01-08,S005-P0003,Toys,31,99,17.84,27.84,48.200737
2024-01-09,S005-P0003,Toys,97,128,32.07,27.84,74.30153
2024-01-10,S005-P0003,Toys,115,162,27.46,27.84,113.03591
2024-01-11,S005-P0003,Toys,4,184,17.76,27.84,116.47139
2024-01-12,S005-P0003,Toys,83,180,27.6,27.84,88.66827
2024-01-13,S005-P0003,Toys,95,86,28.67,27.84,80.004005
2024-01-14,S005-P0003,Toys,78,90,27.07,27.84,87.94992
2024-01-15,S005-P0003,Toys,80,117,27.19,27.84,87.95499
2024-01-16,S005-P0003,Toys,74,103,23.94,27.84,111.44285
2024-01-17,S005-P0003,Toys,73,125,26.61,27.84,81.529724
2024-01-18,S005-P0003,Toys,43,154,23.75,27.84,81.774376
2024-01-19,S005-P0003,Toys,34,127,21.66,27.84,102.89455
2024-01-20,S005-P0003,Toys,104,99,29.57,27.84,71.20693
2024-01-21,S005-P0003,Toys,68,97,24.74,27.84,77.739006
2024-01-22,S005-P0003,Toys,183,116,33.25,27.84,106.551384
2024-01-23,S005-P0003,Toys,59,206,26.65,27.84,81.5487
2024-01-24,S005-P0003,Toys,150,145,32.06,27.84,115.236244
2024-01-25,S005-P0003,Toys,62,160,26.94,27.84,84.56214
2024-01-26,S005-P0003,Toys,80,97,30.23,27.84,91.22512
2024-01-27,S005-P0003,Toys,92,136,28.42,27.84,85.16076
2024-01-28,S005-P0003,Toys,113,140,25.66,27.84,117.69531
2024-01-29,S005-P0003,Toys,100,178,30.75,27.84,85.589226
2024-01-30,S005-P0003,Toys,121,212,32.93,27.84,90.76204
2023-10-03,S005-P0004,Groceries,93,194,7.98,7.68,115.14681
2023-10-04,S005-P0004,Groceries,146,100,7.05,7.68,144.00728
2023-10-05,S005-P0004,Groceries,121,152,7.46,7.68,111.60733
2023-10-06,S005-P0004,Groceries,134,179,8.6,7.68,110.632416
2023-10-07,S005-P0004,Groceries,152,146,6.81,7.68,99.48989
2023-10-08,S005-P0004,Groceries,87,177,7.42,7.68,87.54241
2023-10-09,S005-P0004,Groceries,49,115,6.11,7.68,81.21287
2023-10-10,S005-P0004,Groceries,57,109,7.0,7.68,78.97355
2023-10-11,S005-P0004,Groceries,164,115,7.97,7.68,94.36615
2023-10-12,S005-P0004,Groceries,64,170,7.19,7.68,85.39765
2023-10-13,S005-P0004,Groceries,65,99,6.14,7.68,108.01858
2023-10-14,S005-P0004,Groceries,38,103,6.49,7.68,80.98471
2023-10-15,S005-P0004,Groceries,78,120,6.83,7.68,71.9705
2023-10-16,S005-P0004,Groceries,56,137,6.28,7.68,77.11771
2023-10-17,S005-P0004,Groceries,80,79,6.86,7.68,90.94333
2023-10-18,S005-P0004,Groceries,126,87,6.65,7.68,89.741394
2023-10-19,S005-P0004,Groceries,177,106,8.25,7.68,94.82743
2023-10-20,S005-P0004,Groceries,107,157,6.68,7.68,113.6914
2023-10-21,S005-P0004,Groceries,99,169,7.33,7.68,83.29014
2023-10-22,S005-P0004,Groceries,60,170,6.38,7.68,85.66598
2023-10-23,S005-P0004,Groceries,66,102,6.89,7.68,82.78907
2023-10-24,S005-P0004,Groceries,56,92,6.97,7.68,82.653435
2023-10-25,S005-P0004,Groceries,92,108,7.94,7.68,110.09575
2023-10-26,S005-P0004,Groceries,143,128,8.85,7.68,109.86822
2023-10-27,S005-P0004,Groceries,125,169,8.38,7.68,107.30477
2023-10-28,S005-P0004,Groceries,169,166,9.01,7.68,138.82642
2023-10-29,S005-P0004,Groceries,87,185,6.67,7.68,111.67781
2023-10-30,S005-P0004,Groceries,94,84,7.6,7.68,110.84045
2023-10-31,S005-P0004,Groceries,145,133,9.37,7.68,107.70237
2023-11-01,S005-P0004,Groceries,128,144,7.58,7.68,143.58453
2023-11-02,S005-P0004,Groceries,73,136,7.42,7.68,109.070366
2023-11-03,S005-P0004,Groceries,120,149,7.82,7.68,109.21108
2023-11-04,S005-P0004,Groceries,112,143,6.35,7.68,138.35646
2023-11-05,S005-P0004,Groceries,141,140,7.92,7.68,136.31914
2023-11-06,S005-P0004,Groceries,62,197,6.44,7.68,110.10522
2023-11-07,S005-P0004,Groceries,129,159,8.07,7.68,109.491295
2023-11-08,S005-P0004,Groceries,141,183,7.48,7.68,137.04222
2023-11-09,S005-P0004,Groceries,78,206,7.18,7.68,108.32353
2023-11-10,S005-P0004,Groceries,132,144,8.55,7.68,105.14019
2023-11-11,S005-P0004,Groceries,146,199,7.14,7.68,135.73611
2023-11-12,S005-P0004,Groceries,92,183,7.14,7.68,106.3301
2023-11-13,S005-P0004,Groceries,116,81,7.75,7.68,107.18336
2023-11-14,S005-P0004,Groceries,115,129,8.13,7.68,107.69584
2023-11-15,S005-P0004,Groceries,82,93,7.3,7.68,107.68911
2023-11-16,S005-P0004,Groceries,140,92,8.75,7.68,107.743744
2023-11-17,S005-P0004,Groceries,103,156,8.25,7.68,110.70437
2023-11-18,S005-P0004,Groceries,142,151,7.06,7.68,136.25468
2023-11-19,S005-P0004,Groceries,233,184,8.9,7.68,137.9962
2023-11-20,S005-P0004,Groceries,72,230,6.7,7.68,114.57592
2023-11-21,S005-P0004,Groceries,194,186,9.63,7.68,116.298805
2023-11-22,S005-P0004,Groceries,65,156,6.52,7.68,117.00748
2023-11-23,S005-P0004,Groceries,113,79,7.27,7.68,150.74565
2023-11-24,S005-P0004,Groceries,177,114,8.24,7.68,145.28706
2023-11-25,S005-P0004,Groceries,102,174,7.79,7.68,120.59085
2023-11-26,S005-P0004,Groceries,183,183,9.86,7.68,114.154
2023-11-27,S005-P0004,Groceries,124,201,7.92,7.68,118.61121
2023-11-28,S005-P0004,Groceries,157,237,7.26,7.68,151.28914
2023-11-29,S005-P0004,Groceries,120,245,7.43,7.68,124.295204
2023-11-30,S005-P0004,Groceries,98,155,7.7,7.68,123.648506
2023-12-01,S005-P0004,Groceries,115,187,6.42,7.68,147.16339
2023-12-02,S005-P0004,Groceries,123,202,7.92,7.68,119.24337
2023-12-03,S005-P0004,Groceries,137,219,8.68,7.68,119.79968
2023-12-04,S005-P0004,Groceries,93,78,7.96,7.68,119.0604
2023-12-05,S005-P0004,Groceries,117,120,6.95,7.68,146.45639
2023-12-06,S005-P0004,Groceries,208,120,9.95,7.68,146.76482
2023-12-07,S005-P0004,Groceries,100,236,7.35,7.68,123.48278
2023-12-08,S005-P0004,Groceries,123,118,7.9,7.68,123.401665
2023-12-09,S005-P0004,Groceries,60,148,7.09,7.68,118.1285
2023-12-10,S005-P0004,Groceries,68,98,6.93,7.68,119.91267
2023-12-11,S005-P0004,Groceries,140,83,7.85,7.68,139.00403
2023-12-12,S005-P0004,Groceries,71,168,5.97,7.68,145.16096
2023-12-13,S005-P0004,Groceries,149,119,8.09,7.68,107.50377
2023-12-14,S005-P0004,Groceries,198,125,10.25,7.68,111.981895
2023-12-15,S005-P0004,Groceries,105,178,7.46,7.68,116.36509
2023-12-16,S005-P0004,Groceries,122,189,7.0,7.68,149.14757
2023-12-17,S005-P0004,Groceries,34,196,6.06,7.68,116.62464
2023-12-18,S005-P0004,Groceries,109,168,8.4,7.68,114.80714
2023-12-19,S005-P0004,Groceries,134,189,8.62,7.68,109.74526
2023-12-20,S005-P0004,Groceries,166,201,8.96,7.68,110.85279
2023-12-21,S005-P0004,Groceries,148,217,8.96,7.68,112.22924
2023-12-22,S005-P0004,Groceries,250,241,10.35,7.68,145.01419
2023-12-23,S005-P0004,Groceries,93,360,7.96,7.68,124.21873
2023-12-24,S005-P0004,Groceries,252,288,9.17,7.68,154.69092
2023-12-25,S005-P0004,Groceries,113,341,6.87,7.68,157.85266
2023-12-26,S005-P0004,Groceries,116,247,7.72,7.68,134.05042
2023-12-27,S005-P0004,Groceries,73,144,6.68,7.68,91.26024
2023-12-28,S005-P0004,Groceries,140,123,7.02,7.68,111.844315
2023-12-29,S005-P0004,Groceries,37,152,5.83,7.68,89.95582
2023-12-30,S005-P0004,Groceries,51,129,6.5,7.68,86.87393
2023-12-31,S005-P0004,Groceries,101,151,7.77,7.68,72.90159
2024-01-01,S005-P0004,Groceries,67,142,6.22,7.68,81.8609
2024-01-02,S005-P0004,Groceries,81,135,7.26,7.68,84.5946
2024-01-03,S005-P0004,Groceries,100,163,8.17,7.68,83.48446
2024-01-04,S005-P0004,Groceries,30,176,5.96,7.68,90.558174
2024-01-05,S005-P0004,Groceries,116,154,8.16,7.68,79.876465
2024-01-06,S005-P0004,Groceries,81,169,7.64,7.68,87.24757
2024-01-07,S005-P0004,Groceries,73,88,7.05,7.68,91.45607
2024-01-08,S005-P0004,Groceries,133,86,7.69,7.68,103.77926
2024-01-09,S005-P0004,Groceries,38,150,6.51,7.68,120.454796
2024-01-10,S005-P0004,Groceries,68,126,6.56,7.68,114.3035
2024-01-11,S005-P0004,Groceries,152,142,7.27,7.68,138.52481
2024-01-12,S005-P0004,Groceries,204,154,8.31,7.68,140.61647
2024-01-13,S005-P0004,Groceries,141,233,8.32,7.68,118.096436
2024-01-14,S005-P0004,Groceries,122,75,7.0,7.68,147.85374
2024-01-15,S005-P0004,Groceries,156,140,9.66,7.68,115.62774
2024-01-16,S005-P0004,Groceries,176,138,8.72,7.68,148.72119
2024-01-17,S005-P0004,Groceries,125,145,8.84,7.68,117.742744
2024-01-18,S005-P0004,Groceries,108,132,7.15,7.68,147.3094
2024-01-19,S005-P0004,Groceries,86,119,7.38,7.68,115.10733
2024-01-20,S005-P0004,Groceries,158,147,8.3,7.68,143.86937
2024-01-21,S005-P0004,Groceries,139,178,7.86,7.68,145.76523
2024-01-22,S005-P0004,Groceries,144,252,8.4,7.68,114.3818
2024-01-23,S005-P0004,Groceries,146,80,8.03,7.68,113.905975
2024-01-24,S005-P0004,Groceries,145,127,8.9,7.68,119.019485
2024-01-25,S005-P0004,Groceries,143,154,7.97,7.68,118.227516
2024-01-26,S005-P0004,Groceries,167,135,8.52,7.68,152.22865
2024-01-27,S005-P0004,Groceries,69,173,6.97,7.68,122.11358
2024-01-28,S005-P0004,Groceries,147,118,8.05,7.68,147.66014
2024-01-29,S005-P0004,Groceries,87,140,6.69,7.68,116.896126
2024-01-30,S005-P0004,Groceries,115,141,7.73,7.68,117.04498
2023-10-03,S005-P0005,Groceries,187,0,18.89,16.05,135.0203
2023-10-04,S005-P0005,Groceries,89,272,15.01,16.05,103.6824
2023-10-05,S005-P0005,Groceries,55,495,14.01,16.05,103.56914
2023-10-06,S005-P0005,Groceries,128,434,17.95,16.05,102.44146
2023-10-07,S005-P0005,Groceries,50,328,12.36,16.05,70.92431
2023-10-08,S005-P0005,Groceries,75,283,14.34,16.05,68.41143
2023-10-09,S005-P0005,Groceries,64,218,12.19,16.05,81.77997
2023-10-10,S005-P0005,Groceries,61,145,12.89,16.05,78.326385
2023-10-11,S005-P0005,Groceries,104,104,16.67,16.05,63.43083
2023-10-12,S005-P0005,Groceries,87,153,14.07,16.05,99.22987
2023-10-13,S005-P0005,Groceries,69,283,13.29,16.05,98.582085
2023-10-14,S005-P0005,Groceries,51,241,10.35,16.05,87.060936
2023-10-15,S005-P0005,Groceries,102,202,16.55,16.05,65.28066
2023-10-16,S005-P0005,Groceries,41,122,9.94,16.05,94.69778
2023-10-17,S005-P0005,Groceries,29,303,11.99,16.05,68.08422
2023-10-18,S005-P0005,Groceries,78,269,16.05,16.05,58.193665
2023-10-19,S005-P0005,Groceries,80,183,15.35,16.05,62.86098
2023-10-20,S005-P0005,Groceries,71,135,13.36,16.05,67.88683
2023-10-21,S005-P0005,Groceries,94,228,15.29,16.05,68.066956
2023-10-22,S005-P0005,Groceries,108,160,14.32,16.05,94.73074
2023-10-23,S005-P0005,Groceries,111,260,12.78,16.05,104.76507
2023-10-24,S005-P0005,Groceries,55,132,10.51,16.05,100.07571
2023-10-25,S005-P0005,Groceries,80,353,16.18,16.05,106.4042
2023-10-26,S005-P0005,Groceries,90,287,15.07,16.05,104.108536
2023-10-27,S005-P0005,Groceries,115,213,16.39,16.05,103.32096
2023-10-28,S005-P0005,Groceries,143,137,18.78,16.05,99.80898
2023-10-29,S005-P0005,Groceries,139,276,19.53,16.05,102.31357
2023-10-30,S005-P0005,Groceries,108,172,16.04,16.05,102.00225
2023-10-31,S005-P0005,Groceries,106,342,16.75,16.05,107.24091
2023-11-01,S005-P0005,Groceries,115,274,14.66,16.05,136.6215
2023-11-02,S005-P0005,Groceries,78,162,14.43,16.05,109.25354
2023-11-03,S005-P0005,Groceries,95,352,12.13,16.05,133.88853
2023-11-04,S005-P0005,Groceries,135,244,15.45,16.05,133.25934
2023-11-05,S005-P0005,Groceries,147,116,14.25,16.05,133.12521
2023-11-06,S005-P0005,Groceries,103,242,14.94,16.05,107.71948
2023-11-07,S005-P0005,Groceries,135,447,19.29,16.05,103.177505
2023-11-08,S005-P0005,Groceries,102,296,16.52,16.05,107.12374
2023-11-09,S005-P0005,Groceries,139,211,17.55,16.05,106.00051
2023-11-10,S005-P0005,Groceries,88,87,15.01,16.05,112.3825
2023-11-11,S005-P0005,Groceries,42,342,12.63,16.05,109.265755
2023-11-12,S005-P0005,Groceries,102,314,15.68,16.05,108.11895
2023-11-13,S005-P0005,Groceries,189,191,15.94,16.05,134.9645
2023-11-14,S005-P0005,Groceries,165,0,17.96,16.05,138.2649
2023-11-15,S005-P0005,Groceries,83,358,15.49,16.05,111.49766
2023-11-16,S005-P0005,Groceries,117,621,17.38,16.05,108.52593
2023-11-17,S005-P0005,Groceries,149,512,20.11,16.05,109.01851
2023-11-18,S005-P0005,Groceries,93,333,15.21,16.05,112.110245
2023-11-19,S005-P0005,Groceries,155,244,16.33,16.05,139.24416
2023-11-20,S005-P0005,Groceries,136,98,13.79,16.05,141.12578
2023-11-21,S005-P0005,Groceries,146,354,17.99,16.05,113.64469
2023-11-22,S005-P0005,Groceries,79,258,16.11,16.05,113.90716
2023-11-23,S005-P0005,Groceries,176,502,19.43,16.05,142.6389
2023-11-24,S005-P0005,Groceries,160,295,19.69,16.05,114.20732
2023-11-25,S005-P0005,Groceries,146,181,15.91,16.05,146.04596
2023-11-26,S005-P0005,Groceries,158,426,18.56,16.05,117.72195
2023-11-27,S005-P0005,Groceries,236,280,23.76,16.05,117.66084
2023-11-28,S005-P0005,Groceries,128,113,17.96,16.05,122.65237
2023-11-29,S005-P0005,Groceries,96,478,15.39,16.05,128.69801
2023-11-30,S005-P0005,Groceries,115,399,16.37,16.05,128.04944
2023-12-01,S005-P0005,Groceries,123,304,13.94,16.05,157.54445
2023-12-02,S005-P0005,Groceries,140,169,17.59,16.05,122.63337
2023-12-03,S005-P0005,Groceries,107,252,15.12,16.05,124.37397
2023-12-04,S005-P0005,Groceries,61,168,13.58,16.05,122.90468
2023-12-05,S005-P0005,Groceries,118,342,14.77,16.05,151.54727
2023-12-06,S005-P0005,Groceries,186,208,22.21,16.05,117.83491
2023-12-07,S005-P0005,Groceries,120,81,15.77,16.05,121.93755
2023-12-08,S005-P0005,Groceries,178,433,20.63,16.05,123.759964
2023-12-09,S005-P0005,Groceries,55,295,14.0,16.05,122.96778
2023-12-10,S005-P0005,Groceries,51,233,13.1,16.05,128.50873
2023-12-11,S005-P0005,Groceries,58,188,14.92,16.05,118.97465
2023-12-12,S005-P0005,Groceries,187,131,15.84,16.05,138.52689
2023-12-13,S005-P0005,Groceries,112,0,16.23,16.05,109.60848
2023-12-14,S005-P0005,Groceries,129,443,15.14,16.05,147.67006
2023-12-15,S005-P0005,Groceries,93,365,13.66,16.05,143.52892
2023-12-16,S005-P0005,Groceries,148,288,15.01,16.05,147.94815
2023-12-17,S005-P0005,Groceries,116,158,14.71,16.05,140.93745
2023-12-18,S005-P0005,Groceries,98,277,14.72,16.05,119.388084
2023-12-19,S005-P0005,Groceries,109,165,13.54,16.05,137.67474
2023-12-20,S005-P0005,Groceries,124,43,18.66,16.05,112.72173
2023-12-21,S005-P0005,Groceries,135,235,17.34,16.05,107.866196
2023-12-22,S005-P0005,Groceries,177,416,16.46,16.05,143.11928
2023-12-23,S005-P0005,Groceries,107,288,15.92,16.05,110.765884
2023-12-24,S005-P0005,Groceries,114,492,17.21,16.05,115.947426
2023-12-25,S005-P0005,Groceries,71,359,14.11,16.05,111.15936
2023-12-26,S005-P0005,Groceries,118,289,16.52,16.05,115.11727
2023-12-27,S005-P0005,Groceries,60,171,12.84,16.05,70.19745
2023-12-28,S005-P0005,Groceries,46,369,11.38,16.05,90.55749
2023-12-29,S005-P0005,Groceries,87,336,14.97,16.05,60.75881
2023-12-30,S005-P0005,Groceries,33,232,12.2,16.05,65.065285
2023-12-31,S005-P0005,Groceries,59,194,13.51,16.05,62.015446
2024-01-01,S005-P0005,Groceries,110,144,17.0,16.05,58.92516
2024-01-02,S005-P0005,Groceries,75,34,14.31,16.05,93.76679
2024-01-03,S005-P0005,Groceries,71,232,12.52,16.05,96.71369
2024-01-04,S005-P0005,Groceries,99,169,16.37,16.05,65.693436
2024-01-05,S005-P0005,Groceries,69,65,11.08,16.05,93.1707
2024-01-06,S005-P0005,Groceries,45,203,13.47,16.05,77.64942
2024-01-07,S005-P0005,Groceries,83,175,14.71,16.05,63.541264
2024-01-08,S005-P0005,Groceries,113,120,16.3,16.05,67.370865
2024-01-09,S005-P0005,Groceries,130,198,18.07,16.05,107.654594
2024-01-10,S005-P0005,Groceries,163,82,19.81,16.05,110.32371
2024-01-11,S005-P0005,Groceries,85,283,14.84,16.05,112.98217
2024-01-12,S005-P0005,Groceries,123,549,15.91,16.05,118.23374
2024-01-13,S005-P0005,Groceries,95,469,16.16,16.05,114.96049
2024-01-14,S005-P0005,Groceries,149,373,18.07,16.05,117.79633
2024-01-15,S005-P0005,Groceries,104,277,15.76,16.05,115.278625
2024-01-16,S005-P0005,Groceries,149,192,17.05,16.05,152.64166
2024-01-17,S005-P0005,Groceries,114,74,16.29,16.05,113.644714
2024-01-18,S005-P0005,Groceries,115,321,17.26,16.05,115.63474
2024-01-19,S005-P0005,Groceries,141,213,16.7,16.05,143.44731
2024-01-20,S005-P0005,Groceries,192,57,16.91,16.05,150.11978
2024-01-21,S005-P0005,Groceries,196,290,20.46,16.05,149.40984
2024-01-22,S005-P0005,Groceries,133,537,17.25,16.05,123.89042
2024-01-23,S005-P0005,Groceries,108,410,16.86,16.05,121.31341
2024-01-24,S005-P0005,Groceries,64,310,11.46,16.05,154.13214
2024-01-25,S005-P0005,Groceries,145,253,18.89,16.05,115.569336
2024-01-26,S005-P0005,Groceries,248,104,19.54,16.05,151.32413
2024-01-27,S005-P0005,Groceries,111,266,13.46,16.05,155.20042
2024-01-28,S005-P0005,Groceries,98,581,16.33,16.05,128.38821
2024-01-29,S005-P0005,Groceries,164,469,20.94,16.05,122.03424
2024-01-30,S005-P0005,Groceries,113,288,17.12,16.05,127.603096
2023-10-03,S005-P0006,Groceries,122,927,64.24,59.305,112.31366
2023-10-04,S005-P0006,Groceries,123,832,54.86,59.305,136.06372
2023-10-05,S005-P0006,Groceries,72,718,54.4,59.305,107.92216
2023-10-06,S005-P0006,Groceries,169,658,69.89,59.305,103.599365
2023-10-07,S005-P0006,Groceries,86,475,54.26,59.305,75.959625
2023-10-08,S005-P0006,Groceries,44,387,46.32,59.305,76.0709
2023-10-09,S005-P0006,Groceries,81,358,53.34,59.305,72.21545
2023-10-10,S005-P0006,Groceries,99,848,53.53,59.305,90.77425
2023-10-11,S005-P0006,Groceries,94,740,44.02,59.305,100.668144
2023-10-12,S005-P0006,Groceries,88,652,54.62,59.305,70.756386
2023-10-13,S005-P0006,Groceries,51,582,47.83,59.305,81.047035
2023-10-14,S005-P0006,Groceries,107,549,51.64,59.305,92.64213
2023-10-15,S005-P0006,Groceries,90,429,58.04,59.305,80.094215
2023-10-16,S005-P0006,Groceries,61,365,49.45,59.305,103.85131
2023-10-17,S005-P0006,Groceries,117,312,56.89,59.305,82.70453
2023-10-18,S005-P0006,Groceries,80,199,44.79,59.305,108.69596
2023-10-19,S005-P0006,Groceries,120,503,50.47,59.305,104.05601
2023-10-20,S005-P0006,Groceries,102,363,60.34,59.305,78.90432
2023-10-21,S005-P0006,Groceries,63,284,52.75,59.305,85.63306
2023-10-22,S005-P0006,Groceries,66,216,42.62,59.305,99.78533
2023-10-23,S005-P0006,Groceries,67,604,42.19,59.305,94.56452
2023-10-24,S005-P0006,Groceries,47,530,46.93,59.305,69.380356
2023-10-25,S005-P0006,Groceries,205,495,72.19,59.305,138.40533
2023-10-26,S005-P0006,Groceries,142,286,68.29,59.305,110.17528
2023-10-27,S005-P0006,Groceries,118,168,60.13,59.305,112.715225
2023-10-28,S005-P0006,Groceries,145,73,65.17,59.305,111.09603
2023-10-29,S005-P0006,Groceries,113,797,59.37,59.305,116.971596
2023-10-30,S005-P0006,Groceries,143,694,68.32,59.305,112.72164
2023-10-31,S005-P0006,Groceries,88,578,51.81,59.305,117.85922
2023-11-01,S005-P0006,Groceries,95,497,56.01,59.305,114.36169
2023-11-02,S005-P0006,Groceries,113,422,62.48,59.305,117.116516
2023-11-03,S005-P0006,Groceries,90,333,58.06,59.305,113.15643
2023-11-04,S005-P0006,Groceries,94,230,55.67,59.305,112.239815
2023-11-05,S005-P0006,Groceries,50,155,50.03,59.305,111.70476
2023-11-06,S005-P0006,Groceries,159,571,67.82,59.305,111.19611
2023-11-07,S005-P0006,Groceries,46,445,46.84,59.305,111.54552
2023-11-08,S005-P0006,Groceries,130,408,59.19,59.305,111.44471
2023-11-09,S005-P0006,Groceries,172,301,66.28,59.305,138.98225
2023-11-10,S005-P0006,Groceries,168,802,61.76,59.305,142.78413
2023-11-11,S005-P0006,Groceries,112,691,56.15,59.305,113.2896
2023-11-12,S005-P0006,Groceries,143,558,54.75,59.305,141.98596
2023-11-13,S005-P0006,Groceries,140,461,54.23,59.305,142.7108
2023-11-14,S005-P0006,Groceries,126,334,68.41,59.305,116.79825
2023-11-15,S005-P0006,Groceries,174,228,62.77,59.305,144.44994
2023-11-16,S005-P0006,Groceries,158,627,71.28,59.305,116.420815
2023-11-17,S005-P0006,Groceries,168,519,58.67,59.305,145.92104
2023-11-18,S005-P0006,Groceries,143,385,54.75,59.305,147.37892
2023-11-19,S005-P0006,Groceries,100,226,63.04,59.305,122.03172
2023-11-20,S005-P0006,Groceries,162,731,68.51,59.305,116.75219
2023-11-21,S005-P0006,Groceries,106,555,57.99,59.305,116.56693
2023-11-22,S005-P0006,Groceries,178,479,60.24,59.305,148.46687
2023-11-23,S005-P0006,Groceries,129,367,62.19,59.305,119.559685
2023-11-24,S005-P0006,Groceries,157,770,74.8,59.305,120.65983
2023-11-25,S005-P0006,Groceries,133,675,62.97,59.305,118.110466
2023-11-26,S005-P0006,Groceries,112,575,65.53,59.305,121.72952
2023-11-27,S005-P0006,Groceries,255,474,85.75,59.305,152.53636
2023-11-28,S005-P0006,Groceries,85,233,51.01,59.305,160.77386
2023-11-29,S005-P0006,Groceries,223,131,80.01,59.305,130.22218
2023-11-30,S005-P0006,Groceries,146,0,62.01,59.305,131.14995
2023-12-01,S005-P0006,Groceries,174,1216,70.75,59.305,136.94237
2023-12-02,S005-P0006,Groceries,123,1106,64.55,59.305,133.9452
2023-12-03,S005-P0006,Groceries,218,995,74.45,59.305,170.3294
2023-12-04,S005-P0006,Groceries,80,780,55.91,59.305,135.76833
2023-12-05,S005-P0006,Groceries,173,731,74.39,59.305,140.51064
2023-12-06,S005-P0006,Groceries,199,526,71.11,59.305,164.03845
2023-12-07,S005-P0006,Groceries,230,401,72.6,59.305,176.39722
2023-12-08,S005-P0006,Groceries,121,180,54.48,59.305,169.28905
2023-12-09,S005-P0006,Groceries,95,903,44.27,59.305,172.82729
2023-12-10,S005-P0006,Groceries,88,809,54.52,59.305,132.43643
2023-12-11,S005-P0006,Groceries,85,735,57.02,59.305,134.80495
2023-12-12,S005-P0006,Groceries,193,646,70.0,59.305,151.3325
2023-12-13,S005-P0006,Groceries,175,424,67.14,59.305,129.567
2023-12-14,S005-P0006,Groceries,131,246,59.47,59.305,125.30609
2023-12-15,S005-P0006,Groceries,48,120,44.75,59.305,161.04382
2023-12-16,S005-P0006,Groceries,122,782,64.27,59.305,125.25265
2023-12-17,S005-P0006,Groceries,151,675,55.25,59.305,156.35977
2023-12-18,S005-P0006,Groceries,123,535,57.71,59.305,154.75146
2023-12-19,S005-P0006,Groceries,97,448,53.41,59.305,123.83233
2023-12-20,S005-P0006,Groceries,70,362,48.66,59.305,119.338974
2023-12-21,S005-P0006,Groceries,222,900,62.94,59.305,146.29604
2023-12-22,S005-P0006,Groceries,133,710,66.36,59.305,118.14982
2023-12-23,S005-P0006,Groceries,119,561,57.33,59.305,123.487755
2023-12-24,S005-P0006,Groceries,177,440,75.11,59.305,120.36858
2023-12-25,S005-P0006,Groceries,177,1074,75.11,59.305,127.453354
2023-12-26,S005-P0006,Groceries,157,866,71.1,59.305,127.59051
2023-12-27,S005-P0006,Groceries,77,707,52.56,59.305,105.182785
2023-12-28,S005-P0006,Groceries,112,656,65.51,59.305,101.75525
2023-12-29,S005-P0006,Groceries,55,539,53.73,59.305,102.57838
2023-12-30,S005-P0006,Groceries,49,482,44.94,59.305,93.018394
2023-12-31,S005-P0006,Groceries,43,452,51.34,59.305,82.11706
2024-01-01,S005-P0006,Groceries,74,426,57.77,59.305,71.32425
2024-01-02,S005-P0006,Groceries,37,370,37.51,59.305,89.79555
2024-01-03,S005-P0006,Groceries,149,336,55.73,59.305,82.05578
2024-01-04,S005-P0006,Groceries,122,236,54.67,59.305,97.35529
2024-01-05,S005-P0006,Groceries,80,137,55.93,59.305,88.938705
2024-01-06,S005-P0006,Groceries,90,75,60.98,59.305,88.19759
2024-01-07,S005-P0006,Groceries,115,720,62.97,59.305,86.97105
2024-01-08,S005-P0006,Groceries,80,599,50.17,59.305,113.33665
2024-01-09,S005-P0006,Groceries,93,509,55.46,59.305,118.486046
2024-01-10,S005-P0006,Groceries,116,402,63.14,59.305,115.398476
2024-01-11,S005-P0006,Groceries,96,279,56.19,59.305,117.56604
2024-01-12,S005-P0006,Groceries,120,178,47.85,59.305,143.68427
2024-01-13,S005-P0006,Groceries,87,91,54.57,59.305,114.76688
2024-01-14,S005-P0006,Groceries,63,510,55.43,59.305,112.0118
2024-01-15,S005-P0006,Groceries,118,459,66.85,59.305,109.52443
2024-01-16,S005-P0006,Groceries,63,381,50.02,59.305,105.61631
2024-01-17,S005-P0006,Groceries,108,313,61.43,59.305,105.652596
2024-01-18,S005-P0006,Groceries,83,234,50.85,59.305,101.354385
2024-01-19,S005-P0006,Groceries,73,663,54.61,59.305,105.534935
2024-01-20,S005-P0006,Groceries,84,608,56.88,59.305,100.891815
2024-01-21,S005-P0006,Groceries,148,552,55.53,59.305,125.548775
2024-01-22,S005-P0006,Groceries,123,452,64.5,59.305,97.132286
2024-01-23,S005-P0006,Groceries,134,378,56.68,59.305,131.67348
2024-01-24,S005-P0006,Groceries,167,264,65.77,59.305,130.58028
2024-01-25,S005-P0006,Groceries,141,696,50.99,59.305,136.5064
2024-01-26,S005-P0006,Groceries,76,604,55.26,59.305,105.58403
2024-01-27,S005-P0006,Groceries,142,534,71.8,59.305,104.893
2024-01-28,S005-P0006,Groceries,112,408,46.74,59.305,135.2749
2024-01-29,S005-P0006,Groceries,78,327,52.66,59.305,110.02819
2024-01-30,S005-P0006,Groceries,163,266,72.4,59.305,106.72009
2023-10-03,S005-P0007,Groceries,124,402,84.82,82.395,115.86173
2023-10-04,S005-P0007,Groceries,69,683,78.09,82.395,110.91819
2023-10-05,S005-P0007,Groceries,125,607,94.35,82.395,111.24515
2023-10-06,S005-P0007,Groceries,118,496,73.78,82.395,148.19994
2023-10-07,S005-P0007,Groceries,108,368,71.43,82.395,98.40513
2023-10-08,S005-P0007,Groceries,50,269,72.8,82.395,79.155785
2023-10-09,S005-P0007,Groceries,42,211,66.87,82.395,71.98496
2023-10-10,S005-P0007,Groceries,82,180,66.21,82.395,82.21209
2023-10-11,S005-P0007,Groceries,88,110,66.88,82.395,84.73525
2023-10-12,S005-P0007,Groceries,48,240,68.71,82.395,66.51472
2023-10-13,S005-P0007,Groceries,53,204,73.65,82.395,66.15934
2023-10-14,S005-P0007,Groceries,45,162,57.01,82.395,79.39804
2023-10-15,S005-P0007,Groceries,108,124,76.28,82.395,60.381878
2023-10-16,S005-P0007,Groceries,112,120,86.05,82.395,71.96345
2023-10-17,S005-P0007,Groceries,61,208,68.3,82.395,75.15864
2023-10-18,S005-P0007,Groceries,110,149,64.03,82.395,99.386696
2023-10-19,S005-P0007,Groceries,91,75,84.62,82.395,79.4074
2023-10-20,S005-P0007,Groceries,88,258,75.47,82.395,83.02206
2023-10-21,S005-P0007,Groceries,102,165,78.87,82.395,110.06026
2023-10-22,S005-P0007,Groceries,57,51,67.58,82.395,84.106476
2023-10-23,S005-P0007,Groceries,86,221,83.14,82.395,84.31831
2023-10-24,S005-P0007,Groceries,55,118,66.83,82.395,81.78606
2023-10-25,S005-P0007,Groceries,97,209,61.42,82.395,141.34167
2023-10-26,S005-P0007,Groceries,108,134,76.39,82.395,109.553085
2023-10-27,S005-P0007,Groceries,196,255,114.54,82.395,108.81215
2023-10-28,S005-P0007,Groceries,167,58,95.97,82.395,109.707214
2023-10-29,S005-P0007,Groceries,103,317,83.63,82.395,114.23606
2023-10-30,S005-P0007,Groceries,111,581,81.14,82.395,111.216606
2023-10-31,S005-P0007,Groceries,40,485,62.98,82.395,116.10983
2023-11-01,S005-P0007,Groceries,84,452,70.44,82.395,114.010445
2023-11-02,S005-P0007,Groceries,230,382,112.1,82.395,110.59119
2023-11-03,S005-P0007,Groceries,155,127,92.65,82.395,112.35694
2023-11-04,S005-P0007,Groceries,69,530,74.21,82.395,119.28599
2023-11-05,S005-P0007,Groceries,118,464,70.04,82.395,148.21051
2023-11-06,S005-P0007,Groceries,108,363,84.85,82.395,122.1182
2023-11-07,S005-P0007,Groceries,235,266,89.48,82.395,146.21957
2023-11-08,S005-P0007,Groceries,142,8,99.17,82.395,121.7745
2023-11-09,S005-P0007,Groceries,151,472,91.44,82.395,121.65941
2023-11-10,S005-P0007,Groceries,140,304,89.0,82.395,123.299446
2023-11-11,S005-P0007,Groceries,139,144,88.41,82.395,126.05757
2023-11-12,S005-P0007,Groceries,76,335,76.3,82.395,126.79709
2023-11-13,S005-P0007,Groceries,114,261,72.81,82.395,153.38524
2023-11-14,S005-P0007,Groceries,113,160,90.77,82.395,121.779106
2023-11-15,S005-P0007,Groceries,156,232,102.97,82.395,124.51714
2023-11-16,S005-P0007,Groceries,149,76,85.81,82.395,153.11414
2023-11-17,S005-P0007,Groceries,148,350,90.74,82.395,153.06818
2023-11-18,S005-P0007,Groceries,124,182,84.47,82.395,150.24893
2023-11-19,S005-P0007,Groceries,154,382,87.71,82.395,123.31173
2023-11-20,S005-P0007,Groceries,141,230,88.86,82.395,120.73197
2023-11-21,S005-P0007,Groceries,59,426,64.1,82.395,148.6999
2023-11-22,S005-P0007,Groceries,179,364,93.3,82.395,147.1655
2023-11-23,S005-P0007,Groceries,115,235,65.11,82.395,153.61354
2023-11-24,S005-P0007,Groceries,79,532,69.25,82.395,122.59609
2023-11-25,S005-P0007,Groceries,124,451,80.32,82.395,113.87461
2023-11-26,S005-P0007,Groceries,100,342,65.24,82.395,145.60585
2023-11-27,S005-P0007,Groceries,133,239,91.63,82.395,114.85308
2023-11-28,S005-P0007,Groceries,86,139,74.65,82.395,117.48177
2023-11-29,S005-P0007,Groceries,130,327,95.76,82.395,112.09796
2023-11-30,S005-P0007,Groceries,62,176,68.8,82.395,112.60789
2023-12-01,S005-P0007,Groceries,102,379,78.89,82.395,112.179665
2023-12-02,S005-P0007,Groceries,95,273,65.12,82.395,142.0182
2023-12-03,S005-P0007,Groceries,131,216,86.47,82.395,108.692665
2023-12-04,S005-P0007,Groceries,100,75,82.73,82.395,106.57089
2023-12-05,S005-P0007,Groceries,58,253,67.82,82.395,109.49973
2023-12-06,S005-P0007,Groceries,205,195,88.94,82.395,132.18425
2023-12-07,S005-P0007,Groceries,142,47,79.33,82.395,141.30746
2023-12-08,S005-P0007,Groceries,151,344,96.46,82.395,112.51231
2023-12-09,S005-P0007,Groceries,74,240,71.73,82.395,111.39477
2023-12-10,S005-P0007,Groceries,124,440,70.54,82.395,141.37407
2023-12-11,S005-P0007,Groceries,46,343,53.73,82.395,141.98805
2023-12-12,S005-P0007,Groceries,156,298,97.88,82.395,110.34559
2023-12-13,S005-P0007,Groceries,158,178,93.32,82.395,109.186356
2023-12-14,S005-P0007,Groceries,46,325,67.95,82.395,114.82289
2023-12-15,S005-P0007,Groceries,73,276,60.28,82.395,138.41483
2023-12-16,S005-P0007,Groceries,111,203,76.78,82.395,137.66025
2023-12-17,S005-P0007,Groceries,126,84,94.45,82.395,105.456924
2023-12-18,S005-P0007,Groceries,172,249,102.25,82.395,105.55154
2023-12-19,S005-P0007,Groceries,144,145,70.98,82.395,138.973
2023-12-20,S005-P0007,Groceries,151,420,86.79,82.395,113.657845
2023-12-21,S005-P0007,Groceries,101,241,83.02,82.395,114.5311
2023-12-22,S005-P0007,Groceries,169,130,96.23,82.395,116.97681
2023-12-23,S005-P0007,Groceries,130,215,72.7,82.395,148.4197
2023-12-24,S005-P0007,Groceries,162,413,84.58,82.395,152.83861
2023-12-25,S005-P0007,Groceries,42,292,67.08,82.395,120.03702
2023-12-26,S005-P0007,Groceries,49,241,65.26,82.395,119.62355
2023-12-27,S005-P0007,Groceries,91,190,80.28,82.395,66.551155
2023-12-28,S005-P0007,Groceries,65,93,73.2,82.395,76.358635
2023-12-29,S005-P0007,Groceries,86,228,70.96,82.395,69.596115
2023-12-30,S005-P0007,Groceries,62,150,68.84,82.395,74.5325
2023-12-31,S005-P0007,Groceries,69,261,70.48,82.395,70.004776
2024-01-01,S005-P0007,Groceries,116,216,82.38,82.395,89.80761
2024-01-02,S005-P0007,Groceries,60,147,75.65,82.395,83.633
2024-01-03,S005-P0007,Groceries,88,365,67.53,82.395,90.559616
2024-01-04,S005-P0007,Groceries,111,284,77.03,82.395,93.318985
2024-01-05,S005-P0007,Groceries,70,165,74.51,82.395,76.83575
2024-01-06,S005-P0007,Groceries,80,300,69.48,82.395,76.21601
2024-01-07,S005-P0007,Groceries,53,232,69.89,82.395,75.44863
2024-01-08,S005-P0007,Groceries,56,190,70.71,82.395,68.98345
2024-01-09,S005-P0007,Groceries,111,127,81.23,82.395,106.13007
2024-01-10,S005-P0007,Groceries,154,57,92.28,82.395,141.44304
2024-01-11,S005-P0007,Groceries,126,257,89.75,82.395,109.869064
2024-01-12,S005-P0007,Groceries,105,421,79.77,82.395,110.93769
2024-01-13,S005-P0007,Groceries,196,303,85.82,82.395,142.74156
2024-01-14,S005-P0007,Groceries,143,92,99.42,82.395,116.905594
2024-01-15,S005-P0007,Groceries,95,458,77.3,82.395,115.7102
2024-01-16,S005-P0007,Groceries,195,401,85.71,82.395,142.71638
2024-01-17,S005-P0007,Groceries,90,236,72.0,82.395,149.89037
2024-01-18,S005-P0007,Groceries,138,521,83.66,82.395,116.906296
2024-01-19,S005-P0007,Groceries,51,420,73.07,82.395,114.492386
2024-01-20,S005-P0007,Groceries,81,368,69.37,82.395,146.25917
2024-01-21,S005-P0007,Groceries,142,287,89.46,82.395,107.04392
2024-01-22,S005-P0007,Groceries,80,142,81.26,82.395,116.57448
2024-01-23,S005-P0007,Groceries,65,350,69.65,82.395,110.81362
2024-01-24,S005-P0007,Groceries,56,299,67.05,82.395,108.257576
2024-01-25,S005-P0007,Groceries,37,236,52.48,82.395,129.29868
2024-01-26,S005-P0007,Groceries,99,206,78.25,82.395,97.97787
2024-01-27,S005-P0007,Groceries,92,101,68.5,82.395,124.311226
2024-01-28,S005-P0007,Groceries,96,211,77.49,82.395,93.43674
2024-01-29,S005-P0007,Groceries,133,134,91.74,82.395,97.40559
2024-01-30,S005-P0007,Groceries,56,261,74.58,82.395,101.76549
2023-10-03,S005-P0008,Groceries,84,208,59.84,62.49,108.622215
2023-10-04,S005-P0008,Groceries,183,109,71.95,62.49,130.79196
2023-10-05,S005-P0008,Groceries,88,160,60.81,62.49,106.14864
2023-10-06,S005-P0008,Groceries,104,105,60.7,62.49,109.55547
2023-10-07,S005-P0008,Groceries,72,151,54.47,62.49,72.94726
2023-10-08,S005-P0008,Groceries,126,85,64.95,62.49,89.13822
2023-10-09,S005-P0008,Groceries,51,151,50.36,62.49,74.49096
2023-10-10,S005-P0008,Groceries,84,106,53.88,62.49,73.8257
2023-10-11,S005-P0008,Groceries,76,91,52.32,62.49,77.43456
2023-10-12,S005-P0008,Groceries,39,96,39.96,62.49,96.31637
2023-10-13,S005-P0008,Groceries,85,116,57.18,62.49,73.9985
2023-10-14,S005-P0008,Groceries,82,106,56.47,62.49,76.76676
2023-10-15,S005-P0008,Groceries,91,120,58.36,62.49,78.73208
2023-10-16,S005-P0008,Groceries,62,142,55.34,62.49,77.60288
2023-10-17,S005-P0008,Groceries,103,88,60.49,62.49,80.50619
2023-10-18,S005-P0008,Groceries,90,108,54.74,62.49,108.49545
2023-10-19,S005-P0008,Groceries,91,112,54.93,62.49,105.013435
2023-10-20,S005-P0008,Groceries,104,123,64.09,62.49,77.26292
2023-10-21,S005-P0008,Groceries,88,146,51.6,62.49,106.321754
2023-10-22,S005-P0008,Groceries,72,156,54.29,62.49,84.37014
2023-10-23,S005-P0008,Groceries,82,72,47.58,62.49,100.90319
2023-10-24,S005-P0008,Groceries,51,83,50.47,62.49,77.629555
2023-10-25,S005-P0008,Groceries,105,73,57.78,62.49,107.63754
2023-10-26,S005-P0008,Groceries,106,115,64.55,62.49,108.08453
2023-10-27,S005-P0008,Groceries,200,140,75.6,62.49,132.99278
2023-10-28,S005-P0008,Groceries,179,164,79.67,62.49,106.98277
2023-10-29,S005-P0008,Groceries,119,206,67.24,62.49,111.63245
2023-10-30,S005-P0008,Groceries,96,133,59.2,62.49,111.5835
2023-10-31,S005-P0008,Groceries,85,122,60.02,62.49,112.59434
2023-11-01,S005-P0008,Groceries,113,154,65.95,62.49,111.31387
2023-11-02,S005-P0008,Groceries,104,123,60.69,62.49,110.33495
2023-11-03,S005-P0008,Groceries,188,141,65.24,62.49,137.81459
2023-11-04,S005-P0008,Groceries,145,179,76.27,62.49,110.5962
2023-11-05,S005-P0008,Groceries,90,197,51.46,62.49,144.11418
2023-11-06,S005-P0008,Groceries,66,113,50.46,62.49,115.33358
2023-11-07,S005-P0008,Groceries,130,132,69.42,62.49,114.38302
2023-11-08,S005-P0008,Groceries,130,128,65.96,62.49,110.10718
2023-11-09,S005-P0008,Groceries,198,126,75.1,62.49,140.11923
2023-11-10,S005-P0008,Groceries,150,189,55.22,62.49,142.71948
2023-11-11,S005-P0008,Groceries,67,212,53.33,62.49,113.9791
2023-11-12,S005-P0008,Groceries,122,133,53.55,62.49,140.35674
2023-11-13,S005-P0008,Groceries,146,168,57.44,62.49,141.4207
2023-11-14,S005-P0008,Groceries,99,200,66.22,62.49,113.90396
2023-11-15,S005-P0008,Groceries,114,90,62.86,62.49,112.58783
2023-11-16,S005-P0008,Groceries,162,115,80.0,62.49,111.38729
2023-11-17,S005-P0008,Groceries,143,144,56.9,62.49,145.86256
2023-11-18,S005-P0008,Groceries,112,163,52.56,62.49,143.47823
2023-11-19,S005-P0008,Groceries,107,136,61.18,62.49,116.76275
2023-11-20,S005-P0008,Groceries,88,182,47.98,62.49,139.9923
2023-11-21,S005-P0008,Groceries,105,128,64.3,62.49,110.19607
2023-11-22,S005-P0008,Groceries,57,121,54.36,62.49,111.121925
2023-11-23,S005-P0008,Groceries,126,70,68.63,62.49,107.64055
2023-11-24,S005-P0008,Groceries,218,107,83.12,62.49,136.1701
2023-11-25,S005-P0008,Groceries,43,202,51.29,62.49,111.05668
2023-11-26,S005-P0008,Groceries,97,165,62.64,62.49,109.50098
2023-11-27,S005-P0008,Groceries,140,97,71.59,62.49,109.43626
2023-11-28,S005-P0008,Groceries,88,132,60.81,62.49,109.269356
2023-11-29,S005-P0008,Groceries,101,130,60.17,62.49,108.612785
2023-11-30,S005-P0008,Groceries,79,185,52.95,62.49,110.071655
2023-12-01,S005-P0008,Groceries,165,91,72.74,62.49,106.006935
2023-12-02,S005-P0008,Groceries,110,188,61.82,62.49,110.33405
2023-12-03,S005-P0008,Groceries,134,84,70.33,62.49,113.33103
2023-12-04,S005-P0008,Groceries,115,151,62.75,62.49,141.99452
2023-12-05,S005-P0008,Groceries,212,178,81.87,62.49,143.80258
2023-12-06,S005-P0008,Groceries,172,252,82.14,62.49,117.87455
2023-12-07,S005-P0008,Groceries,189,104,81.75,62.49,122.6466
2023-12-08,S005-P0008,Groceries,54,205,48.35,62.49,118.54038
2023-12-09,S005-P0008,Groceries,96,166,56.12,62.49,123.863014
2023-12-10,S005-P0008,Groceries,110,98,61.76,62.49,121.31379
2023-12-11,S005-P0008,Groceries,35,131,47.18,62.49,122.59627
2023-12-12,S005-P0008,Groceries,237,93,86.77,62.49,138.32611
2023-12-13,S005-P0008,Groceries,103,217,57.41,62.49,119.99879
2023-12-14,S005-P0008,Groceries,182,119,64.2,62.49,152.14923
2023-12-15,S005-P0008,Groceries,37,213,45.15,62.49,154.37247
2023-12-16,S005-P0008,Groceries,159,177,75.36,62.49,121.91521
2023-12-17,S005-P0008,Groceries,122,196,64.13,62.49,151.19928
2023-12-18,S005-P0008,Groceries,180,122,79.89,62.49,122.44962
2023-12-19,S005-P0008,Groceries,139,161,71.33,62.49,121.031075
2023-12-20,S005-P0008,Groceries,119,176,60.46,62.49,157.25539
2023-12-21,S005-P0008,Groceries,82,147,53.44,62.49,121.667656
2023-12-22,S005-P0008,Groceries,179,60,71.58,62.49,153.5555
2023-12-23,S005-P0008,Groceries,158,163,67.25,62.49,151.60739
2023-12-24,S005-P0008,Groceries,127,230,68.72,62.49,126.63001
2023-12-25,S005-P0008,Groceries,71,108,51.41,62.49,120.25466
2023-12-26,S005-P0008,Groceries,210,145,72.39,62.49,151.16147
2023-12-27,S005-P0008,Groceries,84,251,63.1,62.49,89.41027
2023-12-28,S005-P0008,Groceries,66,159,50.5,62.49,99.298195
2023-12-29,S005-P0008,Groceries,113,84,62.67,62.49,82.775665
2023-12-30,S005-P0008,Groceries,54,95,51.02,62.49,94.03816
2023-12-31,S005-P0008,Groceries,101,97,57.16,62.49,87.07043
2024-01-01,S005-P0008,Groceries,28,94,43.45,62.49,90.53753
2024-01-02,S005-P0008,Groceries,75,63,57.98,62.49,80.52145
2024-01-03,S005-P0008,Groceries,172,84,61.69,62.49,92.91642
2024-01-04,S005-P0008,Groceries,88,181,57.51,62.49,113.89326
2024-01-05,S005-P0008,Groceries,81,101,49.88,62.49,112.98789
2024-01-06,S005-P0008,Groceries,87,124,60.55,62.49,80.25132
2024-01-07,S005-P0008,Groceries,90,152,64.3,62.49,81.110825
2024-01-08,S005-P0008,Groceries,55,180,53.91,62.49,85.58125
2024-01-09,S005-P0008,Groceries,129,127,62.28,62.49,144.77098
2024-01-10,S005-P0008,Groceries,78,136,58.54,62.49,112.10472
2024-01-11,S005-P0008,Groceries,236,168,86.67,62.49,142.07785
2024-01-12,S005-P0008,Groceries,134,250,66.67,62.49,118.030846
2024-01-13,S005-P0008,Groceries,132,151,66.2,62.49,119.34704
2024-01-14,S005-P0008,Groceries,101,156,60.06,62.49,120.04544
2024-01-15,S005-P0008,Groceries,131,171,69.59,62.49,123.007
2024-01-16,S005-P0008,Groceries,145,192,54.45,62.49,149.47467
2024-01-17,S005-P0008,Groceries,133,192,55.34,62.49,153.05174
2024-01-18,S005-P0008,Groceries,132,179,66.08,62.49,116.2711
2024-01-19,S005-P0008,Groceries,168,203,69.53,62.49,119.51231
2024-01-20,S005-P0008,Groceries,127,210,65.22,62.49,122.116035
2024-01-21,S005-P0008,Groceries,162,78,72.32,62.49,124.46161
2024-01-22,S005-P0008,Groceries,193,151,82.54,62.49,126.56875
2024-01-23,S005-P0008,Groceries,139,258,56.97,62.49,163.76436
2024-01-24,S005-P0008,Groceries,146,128,61.75,62.49,163.7192
2024-01-25,S005-P0008,Groceries,148,166,73.07,62.49,129.50873
2024-01-26,S005-P0008,Groceries,122,220,67.79,62.49,125.757484
2024-01-27,S005-P0008,Groceries,119,85,53.02,62.49,161.49261
2024-01-28,S005-P0008,Groceries,133,121,66.56,62.49,125.84263
2024-01-29,S005-P0008,Groceries,169,157,73.35,62.49,124.67558
2024-01-30,S005-P0008,Groceries,81,154,59.36,62.49,127.43606
2023-10-03,S005-P0009,Groceries,141,147,98.07,94.765,134.88759
2023-10-04,S005-P0009,Groceries,170,328,112.52,94.765,103.29507
2023-10-05,S005-P0009,Groceries,52,815,81.26,94.765,106.371284
2023-10-06,S005-P0009,Groceries,45,761,79.02,94.765,108.42575
2023-10-07,S005-P0009,Groceries,64,726,85.28,94.765,63.753315
2023-10-08,S005-P0009,Groceries,164,664,110.81,94.765,74.85646
2023-10-09,S005-P0009,Groceries,91,521,98.59,94.765,69.08923
2023-10-10,S005-P0009,Groceries,57,445,82.98,94.765,71.246445
2023-10-11,S005-P0009,Groceries,89,409,97.98,94.765,72.31772
2023-10-12,S005-P0009,Groceries,75,311,88.5,94.765,75.35868
2023-10-13,S005-P0009,Groceries,38,246,72.97,94.765,81.53583
2023-10-14,S005-P0009,Groceries,31,207,56.09,94.765,90.7394
2023-10-15,S005-P0009,Groceries,86,180,92.03,94.765,62.515873
2023-10-16,S005-P0009,Groceries,93,96,89.64,94.765,68.50738
2023-10-17,S005-P0009,Groceries,75,6,79.63,94.765,74.035965
2023-10-18,S005-P0009,Groceries,115,220,96.02,94.765,99.28939
2023-10-19,S005-P0009,Groceries,109,417,94.43,94.765,78.1916
2023-10-20,S005-P0009,Groceries,80,290,95.11,94.765,82.42698
2023-10-21,S005-P0009,Groceries,139,240,97.37,94.765,108.728325
2023-10-22,S005-P0009,Groceries,98,104,90.88,94.765,85.17165
2023-10-23,S005-P0009,Groceries,78,0,71.77,94.765,112.16987
2023-10-24,S005-P0009,Groceries,46,446,75.54,94.765,86.98013
2023-10-25,S005-P0009,Groceries,190,408,118.32,94.765,112.64674
2023-10-26,S005-P0009,Groceries,122,260,77.73,94.765,151.40576
2023-10-27,S005-P0009,Groceries,133,124,91.07,94.765,145.3258
2023-10-28,S005-P0009,Groceries,220,524,106.18,94.765,147.03787
2023-10-29,S005-P0009,Groceries,171,302,113.03,94.765,120.46984
2023-10-30,S005-P0009,Groceries,81,181,90.44,94.765,123.135666
2023-10-31,S005-P0009,Groceries,118,740,92.1,94.765,119.78278
2023-11-01,S005-P0009,Groceries,110,653,89.87,94.765,121.972824
2023-11-02,S005-P0009,Groceries,161,561,97.5,94.765,150.40862
2023-11-03,S005-P0009,Groceries,74,415,66.34,94.765,149.29189
2023-11-04,S005-P0009,Groceries,58,354,65.63,94.765,149.05663
2023-11-05,S005-P0009,Groceries,139,315,108.78,94.765,111.272446
2023-11-06,S005-P0009,Groceries,98,189,91.16,94.765,117.1572
2023-11-07,S005-P0009,Groceries,80,73,90.21,94.765,115.59264
2023-11-08,S005-P0009,Groceries,125,430,83.56,94.765,139.65564
2023-11-09,S005-P0009,Groceries,146,324,111.21,94.765,110.13141
2023-11-10,S005-P0009,Groceries,103,163,102.61,94.765,112.62908
2023-11-11,S005-P0009,Groceries,87,98,92.45,94.765,112.00674
2023-11-12,S005-P0009,Groceries,50,506,80.8,94.765,111.063934
2023-11-13,S005-P0009,Groceries,67,458,81.4,94.765,137.4901
2023-11-14,S005-P0009,Groceries,186,380,111.33,94.765,132.0678
2023-11-15,S005-P0009,Groceries,42,246,78.13,94.765,112.48798
2023-11-16,S005-P0009,Groceries,129,215,100.32,94.765,107.000916
2023-11-17,S005-P0009,Groceries,112,573,90.32,94.765,108.07783
2023-11-18,S005-P0009,Groceries,158,440,103.41,94.765,139.12718
2023-11-19,S005-P0009,Groceries,99,250,86.63,94.765,109.62064
2023-11-20,S005-P0009,Groceries,103,161,97.52,94.765,107.63494
2023-11-21,S005-P0009,Groceries,105,512,78.51,94.765,132.10484
2023-11-22,S005-P0009,Groceries,121,413,108.6,94.765,108.34879
2023-11-23,S005-P0009,Groceries,96,288,85.81,94.765,107.481
2023-11-24,S005-P0009,Groceries,135,217,96.78,94.765,105.43902
2023-11-25,S005-P0009,Groceries,138,56,91.46,94.765,134.17741
2023-11-26,S005-P0009,Groceries,122,266,103.6,94.765,109.72825
2023-11-27,S005-P0009,Groceries,123,128,109.21,94.765,108.63393
2023-11-28,S005-P0009,Groceries,119,443,82.02,94.765,138.90527
2023-11-29,S005-P0009,Groceries,129,372,100.55,94.765,106.96113
2023-11-30,S005-P0009,Groceries,111,251,95.13,94.765,112.25803
2023-12-01,S005-P0009,Groceries,275,124,127.86,94.765,138.76082
2023-12-02,S005-P0009,Groceries,130,453,100.81,94.765,118.177895
2023-12-03,S005-P0009,Groceries,154,323,89.69,94.765,149.79913
2023-12-04,S005-P0009,Groceries,147,1009,93.79,94.765,151.26048
2023-12-05,S005-P0009,Groceries,69,907,82.1,94.765,126.83312
2023-12-06,S005-P0009,Groceries,199,829,115.16,94.765,146.20082
2023-12-07,S005-P0009,Groceries,171,681,113.02,94.765,121.35473
2023-12-08,S005-P0009,Groceries,175,482,120.22,94.765,124.05241
2023-12-09,S005-P0009,Groceries,158,295,108.85,94.765,125.669426
2023-12-10,S005-P0009,Groceries,124,142,103.99,94.765,129.17322
2023-12-11,S005-P0009,Groceries,68,443,77.86,94.765,129.5906
2023-12-12,S005-P0009,Groceries,160,390,109.33,94.765,155.72563
2023-12-13,S005-P0009,Groceries,251,209,136.72,94.765,160.16315
2023-12-14,S005-P0009,Groceries,124,0,104.1,94.765,131.61464
2023-12-15,S005-P0009,Groceries,111,419,90.01,94.765,132.29024
2023-12-16,S005-P0009,Groceries,83,1005,82.12,94.765,127.04244
2023-12-17,S005-P0009,Groceries,179,907,102.49,94.765,161.09056
2023-12-18,S005-P0009,Groceries,262,799,132.36,94.765,159.11725
2023-12-19,S005-P0009,Groceries,151,598,118.73,94.765,137.22029
2023-12-20,S005-P0009,Groceries,96,501,95.37,94.765,133.1614
2023-12-21,S005-P0009,Groceries,148,1105,83.77,94.765,165.15048
2023-12-22,S005-P0009,Groceries,118,967,97.08,94.765,135.136
2023-12-23,S005-P0009,Groceries,115,879,95.89,94.765,132.50575
2023-12-24,S005-P0009,Groceries,117,743,96.56,94.765,127.93185
2023-12-25,S005-P0009,Groceries,66,660,77.22,94.765,128.0494
2023-12-26,S005-P0009,Groceries,86,596,72.74,94.765,157.35861
2023-12-27,S005-P0009,Groceries,102,511,97.15,94.765,82.41569
2023-12-28,S005-P0009,Groceries,92,394,84.65,94.765,85.29504
2023-12-29,S005-P0009,Groceries,110,306,89.74,94.765,90.328026
2023-12-30,S005-P0009,Groceries,49,233,76.15,94.765,93.10954
2023-12-31,S005-P0009,Groceries,65,200,85.39,94.765,92.31123
2024-01-01,S005-P0009,Groceries,90,437,93.27,94.765,76.845406
2024-01-02,S005-P0009,Groceries,77,361,70.57,94.765,104.317215
2024-01-03,S005-P0009,Groceries,26,278,76.87,94.765,81.875565
2024-01-04,S005-P0009,Groceries,72,248,87.72,94.765,71.914604
2024-01-05,S005-P0009,Groceries,62,168,84.6,94.765,67.47346
2024-01-06,S005-P0009,Groceries,100,108,77.32,94.765,85.257164
2024-01-07,S005-P0009,Groceries,62,180,76.1,94.765,73.51034
2024-01-08,S005-P0009,Groceries,71,136,83.11,94.765,69.75407
2024-01-09,S005-P0009,Groceries,75,405,74.61,94.765,141.08624
2024-01-10,S005-P0009,Groceries,105,321,98.2,94.765,105.39445
2024-01-11,S005-P0009,Groceries,115,235,81.11,94.765,134.82826
2024-01-12,S005-P0009,Groceries,219,136,127.26,94.765,106.95665
2024-01-13,S005-P0009,Groceries,170,331,106.76,94.765,114.54081
2024-01-14,S005-P0009,Groceries,136,143,107.82,94.765,117.959114
2024-01-15,S005-P0009,Groceries,103,803,92.54,94.765,119.715
2024-01-16,S005-P0009,Groceries,70,693,65.25,94.765,151.62007
2024-01-17,S005-P0009,Groceries,128,639,99.81,94.765,143.22923
2024-01-18,S005-P0009,Groceries,159,556,103.72,94.765,110.6092
2024-01-19,S005-P0009,Groceries,90,427,93.45,94.765,113.04663
2024-01-20,S005-P0009,Groceries,225,328,122.54,94.765,149.81761
2024-01-21,S005-P0009,Groceries,148,116,88.3,94.765,151.6274
2024-01-22,S005-P0009,Groceries,137,0,108.15,94.765,128.25241
2024-01-23,S005-P0009,Groceries,59,699,79.24,94.765,119.83096
2024-01-24,S005-P0009,Groceries,140,633,87.44,94.765,152.00258
2024-01-25,S005-P0009,Groceries,112,488,105.59,94.765,114.496475
2024-01-26,S005-P0009,Groceries,62,369,84.42,94.765,119.260765
2024-01-27,S005-P0009,Groceries,92,319,84.06,94.765,140.78462
2024-01-28,S005-P0009,Groceries,98,256,91.25,94.765,111.7188
2024-01-29,S005-P0009,Groceries,67,193,90.63,94.765,110.81097
2024-01-30,S005-P0009,Groceries,94,136,99.52,94.765,110.96357
2023-10-03,S005-P0010,Groceries,89,155,54.98,58.525000000000006,140.48286
2023-10-04,S005-P0010,Groceries,167,600,61.73,58.525000000000006,140.69374
2023-10-05,S005-P0010,Groceries,94,408,59.01,58.525000000000006,111.313835
2023-10-06,S005-P0010,Groceries,52,342,48.03,58.525000000000006,110.44356
2023-10-07,S005-P0010,Groceries,85,283,42.88,58.525000000000006,82.57524
2023-10-08,S005-P0010,Groceries,72,201,57.5,58.525000000000006,68.70875
2023-10-09,S005-P0010,Groceries,102,117,60.5,58.525000000000006,65.359535
2023-10-10,S005-P0010,Groceries,81,242,59.32,58.525000000000006,75.693085
2023-10-11,S005-P0010,Groceries,40,155,43.54,58.525000000000006,73.115234
2023-10-12,S005-P0010,Groceries,88,124,49.18,58.525000000000006,91.06408
2023-10-13,S005-P0010,Groceries,53,242,45.82,58.525000000000006,72.01619
2023-10-14,S005-P0010,Groceries,87,197,51.78,58.525000000000006,89.89777
2023-10-15,S005-P0010,Groceries,35,103,47.42,58.525000000000006,69.67381
2023-10-16,S005-P0010,Groceries,87,63,54.6,58.525000000000006,63.83948
2023-10-17,S005-P0010,Groceries,86,253,54.53,58.525000000000006,69.85317
2023-10-18,S005-P0010,Groceries,128,173,59.11,58.525000000000006,70.720894
2023-10-19,S005-P0010,Groceries,72,36,46.43,58.525000000000006,105.53715
2023-10-20,S005-P0010,Groceries,71,234,49.07,58.525000000000006,78.06108
2023-10-21,S005-P0010,Groceries,154,501,56.69,58.525000000000006,96.91498
2023-10-22,S005-P0010,Groceries,87,324,45.48,58.525000000000006,109.111084
2023-10-23,S005-P0010,Groceries,31,232,41.9,58.525000000000006,82.24752
2023-10-24,S005-P0010,Groceries,80,610,56.29,58.525000000000006,72.29031
2023-10-25,S005-P0010,Groceries,181,520,72.16,58.525000000000006,107.818596
2023-10-26,S005-P0010,Groceries,108,384,55.49,58.525000000000006,113.51922
2023-10-27,S005-P0010,Groceries,104,275,64.09,58.525000000000006,109.15911
2023-10-28,S005-P0010,Groceries,207,799,73.18,58.525000000000006,137.3866
2023-10-29,S005-P0010,Groceries,100,629,57.11,58.525000000000006,116.18296
2023-10-30,S005-P0010,Groceries,61,510,52.37,58.525000000000006,114.753525
2023-10-31,S005-P0010,Groceries,202,467,80.27,58.525000000000006,110.613075
2023-11-01,S005-P0010,Groceries,135,245,63.71,58.525000000000006,117.26206
2023-11-02,S005-P0010,Groceries,175,121,59.21,58.525000000000006,149.00981
2023-11-03,S005-P0010,Groceries,124,510,61.5,58.525000000000006,121.24122
2023-11-04,S005-P0010,Groceries,66,413,47.86,58.525000000000006,149.9131
2023-11-05,S005-P0010,Groceries,139,339,71.35,58.525000000000006,116.938286
2023-11-06,S005-P0010,Groceries,83,190,51.07,58.525000000000006,122.98287
2023-11-07,S005-P0010,Groceries,135,133,53.7,58.525000000000006,148.68498
2023-11-08,S005-P0010,Groceries,160,405,60.6,58.525000000000006,146.303
2023-11-09,S005-P0010,Groceries,100,242,50.64,58.525000000000006,149.39552
2023-11-10,S005-P0010,Groceries,131,158,66.34,58.525000000000006,115.920296
2023-11-11,S005-P0010,Groceries,92,511,58.65,58.525000000000006,116.98234
2023-11-12,S005-P0010,Groceries,159,435,61.03,58.525000000000006,141.78134
2023-11-13,S005-P0010,Groceries,106,332,58.33,58.525000000000006,115.80153
2023-11-14,S005-P0010,Groceries,109,264,58.92,58.525000000000006,116.86187
2023-11-15,S005-P0010,Groceries,142,746,51.28,58.525000000000006,141.61748
2023-11-16,S005-P0010,Groceries,78,600,55.74,58.525000000000006,114.37354
2023-11-17,S005-P0010,Groceries,103,518,63.97,58.525000000000006,113.81194
2023-11-18,S005-P0010,Groceries,117,421,60.38,58.525000000000006,112.327354
2023-11-19,S005-P0010,Groceries,297,320,84.23,58.525000000000006,142.27351
2023-11-20,S005-P0010,Groceries,95,109,59.17,58.525000000000006,119.20273
2023-11-21,S005-P0010,Groceries,133,47,63.13,58.525000000000006,124.49558
2023-11-22,S005-P0010,Groceries,206,922,64.01,58.525000000000006,150.14293
2023-11-23,S005-P0010,Groceries,99,689,54.02,58.525000000000006,157.75778
2023-11-24,S005-P0010,Groceries,90,574,55.04,58.525000000000006,125.06318
2023-11-25,S005-P0010,Groceries,89,494,55.08,58.525000000000006,121.20934
2023-11-26,S005-P0010,Groceries,209,411,77.29,58.525000000000006,116.08886
2023-11-27,S005-P0010,Groceries,149,222,66.33,58.525000000000006,122.44654
2023-11-28,S005-P0010,Groceries,52,89,47.93,58.525000000000006,124.5518
2023-11-29,S005-P0010,Groceries,108,676,65.08,58.525000000000006,122.31025
2023-11-30,S005-P0010,Groceries,78,595,53.03,58.525000000000006,121.48048
2023-12-01,S005-P0010,Groceries,191,503,82.21,58.525000000000006,116.63234
2023-12-02,S005-P0010,Groceries,30,297,46.24,58.525000000000006,122.87119
2023-12-03,S005-P0010,Groceries,131,267,66.2,58.525000000000006,118.139
2023-12-04,S005-P0010,Groceries,111,747,59.04,58.525000000000006,118.88922
2023-12-05,S005-P0010,Groceries,78,667,52.93,58.525000000000006,122.07407
2023-12-06,S005-P0010,Groceries,61,606,52.46,58.525000000000006,118.96045
2023-12-07,S005-P0010,Groceries,125,559,61.76,58.525000000000006,114.51623
2023-12-08,S005-P0010,Groceries,124,411,58.09,58.525000000000006,142.49768
2023-12-09,S005-P0010,Groceries,118,310,53.63,58.525000000000006,145.37328
2023-12-10,S005-P0010,Groceries,134,221,53.54,58.525000000000006,143.15929
2023-12-11,S005-P0010,Groceries,52,450,39.98,58.525000000000006,141.13658
2023-12-12,S005-P0010,Groceries,175,408,74.88,58.525000000000006,107.18714
2023-12-13,S005-P0010,Groceries,68,265,53.92,58.525000000000006,113.91336
2023-12-14,S005-P0010,Groceries,201,183,72.03,58.525000000000006,115.01783
2023-12-15,S005-P0010,Groceries,75,466,49.61,58.525000000000006,116.585304
2023-12-16,S005-P0010,Groceries,56,399,51.55,58.525000000000006,120.25548
2023-12-17,S005-P0010,Groceries,131,917,55.83,58.525000000000006,138.03758
2023-12-18,S005-P0010,Groceries,104,791,48.78,58.525000000000006,145.92842
2023-12-19,S005-P0010,Groceries,179,682,75.7,58.525000000000006,108.223335
2023-12-20,S005-P0010,Groceries,113,549,56.37,58.525000000000006,145.7863
2023-12-21,S005-P0010,Groceries,180,478,68.42,58.525000000000006,116.086395
2023-12-22,S005-P0010,Groceries,152,284,70.46,58.525000000000006,119.549286
2023-12-23,S005-P0010,Groceries,104,166,57.93,58.525000000000006,122.23409
2023-12-24,S005-P0010,Groceries,199,649,75.44,58.525000000000006,149.51329
2023-12-25,S005-P0010,Groceries,190,446,69.69,58.525000000000006,155.64317
2023-12-26,S005-P0010,Groceries,111,261,62.24,58.525000000000006,125.156685
2023-12-27,S005-P0010,Groceries,112,137,52.7,58.525000000000006,113.95129
2023-12-28,S005-P0010,Groceries,69,675,56.81,58.525000000000006,91.526405
2023-12-29,S005-P0010,Groceries,51,605,47.9,58.525000000000006,86.06323
2023-12-30,S005-P0010,Groceries,35,566,44.74,58.525000000000006,78.15118
2023-12-31,S005-P0010,Groceries,44,529,51.62,58.525000000000006,69.9712
2024-01-01,S005-P0010,Groceries,100,493,50.65,58.525000000000006,75.61628
2024-01-02,S005-P0010,Groceries,30,426,46.38,58.525000000000006,66.16932
2024-01-03,S005-P0010,Groceries,66,404,56.2,58.525000000000006,64.28377
2024-01-04,S005-P0010,Groceries,113,330,56.4,58.525000000000006,78.46354
2024-01-05,S005-P0010,Groceries,47,221,39.7,58.525000000000006,93.36668
2024-01-06,S005-P0010,Groceries,124,178,64.87,58.525000000000006,67.4956
2024-01-07,S005-P0010,Groceries,116,332,57.03,58.525000000000006,100.597084
2024-01-08,S005-P0010,Groceries,59,194,54.87,58.525000000000006,87.02474
2024-01-09,S005-P0010,Groceries,114,155,62.88,58.525000000000006,108.81445
2024-01-10,S005-P0010,Groceries,84,437,48.48,58.525000000000006,145.7978
2024-01-11,S005-P0010,Groceries,122,353,61.14,58.525000000000006,109.46267
2024-01-12,S005-P0010,Groceries,152,234,70.32,58.525000000000006,114.38281
2024-01-13,S005-P0010,Groceries,94,67,52.99,58.525000000000006,110.330376
2024-01-14,S005-P0010,Groceries,121,335,57.92,58.525000000000006,118.051315
2024-01-15,S005-P0010,Groceries,108,236,58.55,58.525000000000006,114.611885
2024-01-16,S005-P0010,Groceries,126,162,51.6,58.525000000000006,144.47829
2024-01-17,S005-P0010,Groceries,175,342,56.23,58.525000000000006,143.04243
2024-01-18,S005-P0010,Groceries,106,176,64.63,58.525000000000006,112.78068
2024-01-19,S005-P0010,Groceries,78,75,58.82,58.525000000000006,112.85801
2024-01-20,S005-P0010,Groceries,162,574,72.44,58.525000000000006,111.862564
2024-01-21,S005-P0010,Groceries,108,459,55.29,58.525000000000006,147.75432
2024-01-22,S005-P0010,Groceries,160,337,64.86,58.525000000000006,116.708015
2024-01-23,S005-P0010,Groceries,102,229,60.49,58.525000000000006,116.29336
2024-01-24,S005-P0010,Groceries,153,155,52.9,58.525000000000006,147.25488
2024-01-25,S005-P0010,Groceries,76,472,52.58,58.525000000000006,116.652916
2024-01-26,S005-P0010,Groceries,29,412,48.64,58.525000000000006,120.23632
2024-01-27,S005-P0010,Groceries,108,394,48.67,58.525000000000006,133.18059
2024-01-28,S005-P0010,Groceries,87,277,57.6,58.525000000000006,107.09086
2024-01-29,S005-P0010,Groceries,90,202,61.19,58.525000000000006,105.074196
2024-01-30,S005-P0010,Groceries,78,115,52.94,58.525000000000006,106.8202
2023-10-03,S005-P0011,Electronics,118,877,82.32,73.545,96.48875
2023-10-04,S005-P0011,Electronics,90,741,75.1,73.545,93.09037
2023-10-05,S005-P0011,Electronics,94,684,80.16,73.545,92.26125
2023-10-06,S005-P0011,Electronics,71,610,66.48,73.545,92.79282
2023-10-07,S005-P0011,Electronics,47,553,60.79,73.545,70.75793
2023-10-08,S005-P0011,Electronics,18,508,53.37,73.545,64.3593
2023-10-09,S005-P0011,Electronics,40,492,65.66,73.545,43.455936
2023-10-10,S005-P0011,Electronics,43,447,53.23,73.545,51.921295
2023-10-11,S005-P0011,Electronics,45,405,63.52,73.545,38.26721
2023-10-12,S005-P0011,Electronics,45,374,56.91,73.545,53.44
2023-10-13,S005-P0011,Electronics,40,322,65.59,73.545,38.760693
2023-10-14,S005-P0011,Electronics,44,294,66.76,73.545,38.954716
2023-10-15,S005-P0011,Electronics,64,264,72.17,73.545,40.488964
2023-10-16,S005-P0011,Electronics,58,196,66.89,73.545,44.31513
2023-10-17,S005-P0011,Electronics,88,155,70.26,73.545,68.66768
2023-10-18,S005-P0011,Electronics,43,74,66.47,73.545,53.85981
2023-10-19,S005-P0011,Electronics,49,309,51.06,73.545,68.75318
2023-10-20,S005-P0011,Electronics,46,256,67.36,73.545,49.738773
2023-10-21,S005-P0011,Electronics,114,220,67.47,73.545,63.258945
2023-10-22,S005-P0011,Electronics,80,112,68.64,73.545,54.549843
2023-10-23,S005-P0011,Electronics,65,38,68.54,73.545,83.119804
2023-10-24,S005-P0011,Electronics,40,0,58.99,73.545,65.720184
2023-10-25,S005-P0011,Electronics,111,505,80.43,73.545,95.312454
2023-10-26,S005-P0011,Electronics,66,404,61.26,73.545,130.99586
2023-10-27,S005-P0011,Electronics,116,353,81.54,73.545,93.039795
2023-10-28,S005-P0011,Electronics,85,281,77.8,73.545,97.23026
2023-10-29,S005-P0011,Electronics,72,220,70.34,73.545,93.615036
2023-10-30,S005-P0011,Electronics,97,160,85.19,73.545,97.511086
2023-10-31,S005-P0011,Electronics,69,461,69.79,73.545,92.920784
2023-11-01,S005-P0011,Electronics,139,385,87.4,73.545,91.3698
2023-11-02,S005-P0011,Electronics,151,230,95.39,73.545,94.02674
2023-11-03,S005-P0011,Electronics,114,88,81.24,73.545,96.13295
2023-11-04,S005-P0011,Electronics,110,0,75.53,73.545,128.61351
2023-11-05,S005-P0011,Electronics,75,665,79.01,73.545,102.90272
2023-11-06,S005-P0011,Electronics,121,585,78.54,73.545,129.26714
2023-11-07,S005-P0011,Electronics,119,485,91.33,73.545,102.37527
2023-11-08,S005-P0011,Electronics,143,362,98.15,73.545,100.70986
2023-11-09,S005-P0011,Electronics,87,194,70.4,73.545,101.81138
2023-11-10,S005-P0011,Electronics,53,136,69.24,73.545,102.91239
2023-11-11,S005-P0011,Electronics,73,549,70.53,73.545,131.76918
2023-11-12,S005-P0011,Electronics,78,502,71.79,73.545,100.56795
2023-11-13,S005-P0011,Electronics,130,438,85.32,73.545,101.4205
2023-11-14,S005-P0011,Electronics,59,334,70.87,73.545,97.24787
2023-11-15,S005-P0011,Electronics,99,276,73.37,73.545,126.48838
2023-11-16,S005-P0011,Electronics,71,176,70.17,73.545,96.8186
2023-11-17,S005-P0011,Electronics,158,544,81.96,73.545,122.88755
2023-11-18,S005-P0011,Electronics,131,374,71.19,73.545,123.636925
2023-11-19,S005-P0011,Electronics,100,226,77.55,73.545,97.1487
2023-11-20,S005-P0011,Electronics,77,129,68.09,73.545,95.481445
2023-11-21,S005-P0011,Electronics,149,737,75.89,73.545,127.54412
2023-11-22,S005-P0011,Electronics,78,603,72.07,73.545,99.18213
2023-11-23,S005-P0011,Electronics,67,525,72.85,73.545,100.57309
2023-11-24,S005-P0011,Electronics,136,472,81.68,73.545,120.18621
2023-11-25,S005-P0011,Electronics,128,385,75.22,73.545,127.4157
2023-11-26,S005-P0011,Electronics,170,266,79.33,73.545,126.705
2023-11-27,S005-P0011,Electronics,45,129,63.78,73.545,101.34593
2023-11-28,S005-P0011,Electronics,73,586,74.48,73.545,97.84639
2023-11-29,S005-P0011,Electronics,126,513,93.31,73.545,96.61955
2023-11-30,S005-P0011,Electronics,124,435,88.33,73.545,98.57217
2023-12-01,S005-P0011,Electronics,51,312,51.4,73.545,126.759094
2023-12-02,S005-P0011,Electronics,67,274,72.95,73.545,95.86571
2023-12-03,S005-P0011,Electronics,59,772,63.67,73.545,93.01382
2023-12-04,S005-P0011,Electronics,120,704,82.42,73.545,119.0357
2023-12-05,S005-P0011,Electronics,114,563,85.48,73.545,91.58337
2023-12-06,S005-P0011,Electronics,151,438,76.27,73.545,120.76189
2023-12-07,S005-P0011,Electronics,94,287,67.42,73.545,121.4186
2023-12-08,S005-P0011,Electronics,117,184,81.89,73.545,99.21539
2023-12-09,S005-P0011,Electronics,88,53,62.75,73.545,123.628395
2023-12-10,S005-P0011,Electronics,44,576,60.05,73.545,97.90449
2023-12-11,S005-P0011,Electronics,112,538,72.15,73.545,116.47093
2023-12-12,S005-P0011,Electronics,81,459,72.55,73.545,91.660286
2023-12-13,S005-P0011,Electronics,129,378,89.55,73.545,92.79271
2023-12-14,S005-P0011,Electronics,92,272,83.75,73.545,94.08254
2023-12-15,S005-P0011,Electronics,132,169,85.87,73.545,91.16348
2023-12-16,S005-P0011,Electronics,130,90,71.82,73.545,128.33148
2023-12-17,S005-P0011,Electronics,41,577,59.36,73.545,99.46693
2023-12-18,S005-P0011,Electronics,101,533,73.89,73.545,98.78622
2023-12-19,S005-P0011,Electronics,166,456,79.54,73.545,122.3939
2023-12-20,S005-P0011,Electronics,81,333,80.57,73.545,98.46234
2023-12-21,S005-P0011,Electronics,114,240,90.13,73.545,98.36508
2023-12-22,S005-P0011,Electronics,33,156,47.88,73.545,124.991516
2023-12-23,S005-P0011,Electronics,106,819,87.75,73.545,96.288376
2023-12-24,S005-P0011,Electronics,63,715,67.97,73.545,96.01307
2023-12-25,S005-P0011,Electronics,121,664,83.0,73.545,97.65255
2023-12-26,S005-P0011,Electronics,134,532,71.72,73.545,123.37661
2023-12-27,S005-P0011,Electronics,70,385,77.6,73.545,67.97496
2023-12-28,S005-P0011,Electronics,50,318,61.58,73.545,62.32602
2023-12-29,S005-P0011,Electronics,4,280,53.12,73.545,59.975056
2023-12-30,S005-P0011,Electronics,40,803,65.73,73.545,46.5936
2023-12-31,S005-P0011,Electronics,42,759,59.57,73.545,44.81364
2024-01-01,S005-P0011,Electronics,40,731,59.05,73.545,51.65204
2024-01-02,S005-P0011,Electronics,71,694,70.24,73.545,41.702644
2024-01-03,S005-P0011,Electronics,43,617,53.11,73.545,57.33328
2024-01-04,S005-P0011,Electronics,57,576,56.08,73.545,62.51253
2024-01-05,S005-P0011,Electronics,74,517,58.94,73.545,56.055508
2024-01-06,S005-P0011,Electronics,30,458,47.15,73.545,65.65446
2024-01-07,S005-P0011,Electronics,33,424,63.76,73.545,46.853886
2024-01-08,S005-P0011,Electronics,40,395,59.15,73.545,46.573544
2024-01-09,S005-P0011,Electronics,95,355,72.38,73.545,85.8399
2024-01-10,S005-P0011,Electronics,45,291,67.0,73.545,92.31733
2024-01-11,S005-P0011,Electronics,111,244,72.0,73.545,115.72141
2024-01-12,S005-P0011,Electronics,103,112,86.86,73.545,90.00395
2024-01-13,S005-P0011,Electronics,177,445,86.22,73.545,119.03809
2024-01-14,S005-P0011,Electronics,44,307,63.48,73.545,97.28343
2024-01-15,S005-P0011,Electronics,194,256,84.55,73.545,124.21348
2024-01-16,S005-P0011,Electronics,89,66,74.72,73.545,98.19541
2024-01-17,S005-P0011,Electronics,171,578,75.6,73.545,130.67964
2024-01-18,S005-P0011,Electronics,93,400,83.99,73.545,101.535515
2024-01-19,S005-P0011,Electronics,111,340,76.26,73.545,103.503
2024-01-20,S005-P0011,Electronics,172,209,90.85,73.545,136.51863
2024-01-21,S005-P0011,Electronics,81,689,76.64,73.545,111.234825
2024-01-22,S005-P0011,Electronics,81,597,76.68,73.545,109.05781
2024-01-23,S005-P0011,Electronics,104,532,74.44,73.545,105.88206
2024-01-24,S005-P0011,Electronics,74,446,74.7,73.545,109.32169
2024-01-25,S005-P0011,Electronics,85,364,73.62,73.545,103.27577
2024-01-26,S005-P0011,Electronics,118,310,81.97,73.545,102.62594
2024-01-27,S005-P0011,Electronics,89,189,74.94,73.545,101.09222
2024-01-28,S005-P0011,Electronics,112,90,76.43,73.545,101.848434
2024-01-29,S005-P0011,Electronics,51,320,72.1,73.545,104.03149
2024-01-30,S005-P0011,Electronics,74,269,74.76,73.545,102.72666
2023-10-03,S005-P0012,Furniture,54,901,90.03,120.705,108.588005
2023-10-04,S005-P0012,Furniture,73,853,135.31,120.705,78.50945
2023-10-05,S005-P0012,Furniture,22,783,105.25,120.705,79.63079
2023-10-06,S005-P0012,Furniture,40,763,113.35,120.705,76.21413
2023-10-07,S005-P0012,Furniture,56,734,127.25,120.705,36.80228
2023-10-08,S005-P0012,Furniture,34,694,104.81,120.705,37.1947
2023-10-09,S005-P0012,Furniture,22,659,99.47,120.705,34.010155
2023-10-10,S005-P0012,Furniture,19,645,82.85,120.705,40.649483
2023-10-11,S005-P0012,Furniture,35,631,111.14,120.705,29.884674
2023-10-12,S005-P0012,Furniture,54,598,100.93,120.705,40.326725
2023-10-13,S005-P0012,Furniture,57,550,114.66,120.705,44.46115
2023-10-14,S005-P0012,Furniture,33,497,82.52,120.705,45.082592
2023-10-15,S005-P0012,Furniture,37,474,111.9,120.705,37.56534
2023-10-16,S005-P0012,Furniture,28,445,113.57,120.705,36.11738
2023-10-17,S005-P0012,Furniture,46,413,116.07,120.705,37.370598
2023-10-18,S005-P0012,Furniture,31,372,97.62,120.705,49.81666
2023-10-19,S005-P0012,Furniture,43,353,108.94,120.705,37.470848
2023-10-20,S005-P0012,Furniture,53,312,89.43,120.705,47.566067
2023-10-21,S005-P0012,Furniture,60,260,116.15,120.705,47.394558
2023-10-22,S005-P0012,Furniture,23,223,105.58,120.705,36.732464
2023-10-23,S005-P0012,Furniture,10,207,94.34,120.705,41.026985
2023-10-24,S005-P0012,Furniture,37,200,117.88,120.705,33.877934
2023-10-25,S005-P0012,Furniture,64,452,111.53,120.705,106.69492
2023-10-26,S005-P0012,Furniture,87,383,128.4,120.705,77.34208
2023-10-27,S005-P0012,Furniture,98,284,132.87,120.705,85.11647
2023-10-28,S005-P0012,Furniture,66,222,119.18,120.705,79.008385
2023-10-29,S005-P0012,Furniture,102,175,141.97,120.705,82.117424
2023-10-30,S005-P0012,Furniture,43,462,114.9,120.705,81.67614
2023-10-31,S005-P0012,Furniture,35,426,110.85,120.705,83.799736
2023-11-01,S005-P0012,Furniture,110,403,122.84,120.705,102.64126
2023-11-02,S005-P0012,Furniture,77,318,123.79,120.705,80.21029
2023-11-03,S005-P0012,Furniture,43,261,85.99,120.705,104.05528
2023-11-04,S005-P0012,Furniture,114,230,139.77,120.705,78.22686
2023-11-05,S005-P0012,Furniture,110,669,145.8,120.705,82.909134
2023-11-06,S005-P0012,Furniture,101,589,141.7,120.705,84.69002
2023-11-07,S005-P0012,Furniture,66,526,125.31,120.705,85.0651
2023-11-08,S005-P0012,Furniture,62,451,117.25,120.705,88.07072
2023-11-09,S005-P0012,Furniture,60,401,96.65,120.705,112.01755
2023-11-10,S005-P0012,Furniture,78,352,124.12,120.705,111.10196
2023-11-11,S005-P0012,Furniture,73,302,122.03,120.705,81.5763
2023-11-12,S005-P0012,Furniture,42,228,108.45,120.705,83.92463
2023-11-13,S005-P0012,Furniture,48,184,111.04,120.705,79.87434
2023-11-14,S005-P0012,Furniture,100,409,111.55,120.705,103.03094
2023-11-15,S005-P0012,Furniture,37,315,106.21,120.705,76.85115
2023-11-16,S005-P0012,Furniture,75,292,122.8,120.705,78.31959
2023-11-17,S005-P0012,Furniture,79,225,131.35,120.705,75.95557
2023-11-18,S005-P0012,Furniture,134,499,140.6,120.705,102.21903
2023-11-19,S005-P0012,Furniture,130,360,131.72,120.705,103.74347
2023-11-20,S005-P0012,Furniture,86,280,141.96,120.705,81.5347
2023-11-21,S005-P0012,Furniture,148,198,155.23,120.705,79.60743
2023-11-22,S005-P0012,Furniture,151,629,156.07,120.705,86.669945
2023-11-23,S005-P0012,Furniture,133,526,117.28,120.705,119.5705
2023-11-24,S005-P0012,Furniture,108,413,114.55,120.705,122.518196
2023-11-25,S005-P0012,Furniture,90,319,129.79,120.705,95.461555
2023-11-26,S005-P0012,Furniture,93,754,116.06,120.705,123.89025
2023-11-27,S005-P0012,Furniture,98,672,133.07,120.705,94.418724
2023-11-28,S005-P0012,Furniture,55,598,126.8,120.705,97.83033
2023-11-29,S005-P0012,Furniture,111,542,153.72,120.705,91.708374
2023-11-30,S005-P0012,Furniture,119,444,134.97,120.705,93.53577
2023-12-01,S005-P0012,Furniture,72,302,134.9,120.705,94.292404
2023-12-02,S005-P0012,Furniture,151,238,147.6,120.705,119.11698
2023-12-03,S005-P0012,Furniture,103,62,112.39,120.705,124.16084
2023-12-04,S005-P0012,Furniture,101,519,127.65,120.705,96.99725
2023-12-05,S005-P0012,Furniture,57,437,121.08,120.705,96.82209
2023-12-06,S005-P0012,Furniture,83,391,140.27,120.705,96.38555
2023-12-07,S005-P0012,Furniture,92,323,123.76,120.705,91.32817
2023-12-08,S005-P0012,Furniture,58,253,115.45,120.705,94.36225
2023-12-09,S005-P0012,Furniture,82,200,106.25,120.705,116.88929
2023-12-10,S005-P0012,Furniture,82,397,118.84,120.705,116.55909
2023-12-11,S005-P0012,Furniture,140,311,134.52,120.705,115.77913
2023-12-12,S005-P0012,Furniture,92,150,130.62,120.705,91.79917
2023-12-13,S005-P0012,Furniture,95,80,131.88,120.705,93.36956
2023-12-14,S005-P0012,Furniture,56,335,127.06,120.705,93.18085
2023-12-15,S005-P0012,Furniture,77,861,98.0,120.705,114.88353
2023-12-16,S005-P0012,Furniture,53,793,113.07,120.705,87.36483
2023-12-17,S005-P0012,Furniture,121,749,135.86,120.705,110.05771
2023-12-18,S005-P0012,Furniture,86,668,127.86,120.705,81.501595
2023-12-19,S005-P0012,Furniture,94,597,116.72,120.705,114.108025
2023-12-20,S005-P0012,Furniture,69,525,114.12,120.705,87.099655
2023-12-21,S005-P0012,Furniture,65,467,131.37,120.705,87.75848
2023-12-22,S005-P0012,Furniture,91,400,123.47,120.705,107.53359
2023-12-23,S005-P0012,Furniture,96,298,132.0,120.705,81.77697
2023-12-24,S005-P0012,Furniture,62,195,123.6,120.705,85.59194
2023-12-25,S005-P0012,Furniture,67,140,94.29,120.705,104.29748
2023-12-26,S005-P0012,Furniture,85,496,134.23,120.705,77.49587
2023-12-27,S005-P0012,Furniture,44,417,121.06,120.705,41.069817
2023-12-28,S005-P0012,Furniture,41,379,108.13,120.705,40.62973
2023-12-29,S005-P0012,Furniture,51,350,112.15,120.705,38.506016
2023-12-30,S005-P0012,Furniture,15,295,96.6,120.705,36.196384
2023-12-31,S005-P0012,Furniture,32,286,104.09,120.705,33.655186
2024-01-01,S005-P0012,Furniture,19,257,103.52,120.705,30.191593
2024-01-02,S005-P0012,Furniture,22,236,110.76,120.705,30.609194
2024-01-03,S005-P0012,Furniture,18,213,108.65,120.705,26.856472
2024-01-04,S005-P0012,Furniture,38,194,101.39,120.705,28.854103
2024-01-05,S005-P0012,Furniture,49,160,117.46,120.705,28.43257
2024-01-06,S005-P0012,Furniture,46,117,109.86,120.705,32.097866
2024-01-07,S005-P0012,Furniture,61,71,116.82,120.705,45.471767
2024-01-08,S005-P0012,Furniture,54,180,119.9,120.705,36.019466
2024-01-09,S005-P0012,Furniture,91,139,108.2,120.705,110.009094
2024-01-10,S005-P0012,Furniture,96,30,146.4,120.705,84.1161
2024-01-11,S005-P0012,Furniture,73,223,96.49,120.705,112.427864
2024-01-12,S005-P0012,Furniture,83,139,106.58,120.705,118.61736
2024-01-13,S005-P0012,Furniture,102,435,106.48,120.705,116.62173
2024-01-14,S005-P0012,Furniture,57,325,115.16,120.705,86.45141
2024-01-15,S005-P0012,Furniture,132,279,155.88,120.705,86.85307
2024-01-16,S005-P0012,Furniture,72,150,121.94,120.705,90.32018
2024-01-17,S005-P0012,Furniture,112,547,132.01,120.705,116.87704
2024-01-18,S005-P0012,Furniture,123,444,129.11,120.705,114.24151
2024-01-19,S005-P0012,Furniture,63,363,111.79,120.705,90.1339
2024-01-20,S005-P0012,Furniture,105,299,129.15,120.705,90.68989
2024-01-21,S005-P0012,Furniture,96,201,132.22,120.705,92.04485
2024-01-22,S005-P0012,Furniture,123,514,136.53,120.705,122.728134
2024-01-23,S005-P0012,Furniture,110,391,123.75,120.705,120.72968
2024-01-24,S005-P0012,Furniture,60,262,110.28,120.705,94.5165
2024-01-25,S005-P0012,Furniture,4,218,77.45,120.705,118.7893
2024-01-26,S005-P0012,Furniture,65,623,125.1,120.705,85.37916
2024-01-27,S005-P0012,Furniture,66,551,125.3,120.705,82.54817
2024-01-28,S005-P0012,Furniture,96,495,146.74,120.705,81.813705
2024-01-29,S005-P0012,Furniture,71,436,127.95,120.705,84.8067
2024-01-30,S005-P0012,Furniture,54,375,107.91,120.705,85.1134
2023-10-03,S005-P0013,Groceries,208,306,90.92,74.14500000000001,155.287
2023-10-04,S005-P0013,Groceries,131,80,78.54,74.14500000000001,122.3915
2023-10-05,S005-P0013,Groceries,114,549,74.46,74.14500000000001,122.95473
2023-10-06,S005-P0013,Groceries,126,450,81.26,74.14500000000001,119.94326
2023-10-07,S005-P0013,Groceries,95,300,77.5,74.14500000000001,92.401146
2023-10-08,S005-P0013,Groceries,75,219,72.4,74.14500000000001,89.1036
2023-10-09,S005-P0013,Groceries,57,153,64.3,74.14500000000001,89.05923
2023-10-10,S005-P0013,Groceries,38,433,53.39,74.14500000000001,100.68473
2023-10-11,S005-P0013,Groceries,74,394,68.5,74.14500000000001,77.41598
2023-10-12,S005-P0013,Groceries,129,321,69.84,74.14500000000001,96.841896
2023-10-13,S005-P0013,Groceries,95,212,69.8,74.14500000000001,84.49616
2023-10-14,S005-P0013,Groceries,79,150,69.82,74.14500000000001,84.1834
2023-10-15,S005-P0013,Groceries,27,527,59.94,74.14500000000001,89.360756
2023-10-16,S005-P0013,Groceries,112,505,69.75,74.14500000000001,94.69591
2023-10-17,S005-P0013,Groceries,173,391,83.14,74.14500000000001,105.29371
2023-10-18,S005-P0013,Groceries,73,217,68.31,74.14500000000001,86.00806
2023-10-19,S005-P0013,Groceries,90,139,76.3,74.14500000000001,89.96503
2023-10-20,S005-P0013,Groceries,102,621,60.36,74.14500000000001,108.38921
2023-10-21,S005-P0013,Groceries,84,558,74.67,74.14500000000001,90.88115
2023-10-22,S005-P0013,Groceries,81,489,52.81,74.14500000000001,106.89859
2023-10-23,S005-P0013,Groceries,108,438,57.62,74.14500000000001,105.52633
2023-10-24,S005-P0013,Groceries,65,343,69.81,74.14500000000001,80.09833
2023-10-25,S005-P0013,Groceries,159,271,76.13,74.14500000000001,148.73088
2023-10-26,S005-P0013,Groceries,43,173,64.24,74.14500000000001,114.83721
2023-10-27,S005-P0013,Groceries,138,145,88.81,74.14500000000001,114.96418
2023-10-28,S005-P0013,Groceries,71,435,61.11,74.14500000000001,108.407585
2023-10-29,S005-P0013,Groceries,88,368,64.72,74.14500000000001,112.87748
2023-10-30,S005-P0013,Groceries,138,299,75.93,74.14500000000001,106.2473
2023-10-31,S005-P0013,Groceries,138,170,84.21,74.14500000000001,108.931
2023-11-01,S005-P0013,Groceries,140,86,72.17,74.14500000000001,136.9636
2023-11-02,S005-P0013,Groceries,146,483,82.0,74.14500000000001,113.26745
2023-11-03,S005-P0013,Groceries,120,339,80.01,74.14500000000001,110.6816
2023-11-04,S005-P0013,Groceries,100,208,74.94,74.14500000000001,115.101105
2023-11-05,S005-P0013,Groceries,167,610,81.72,74.14500000000001,140.54897
2023-11-06,S005-P0013,Groceries,109,465,73.07,74.14500000000001,117.113464
2023-11-07,S005-P0013,Groceries,81,395,66.49,74.14500000000001,112.81208
2023-11-08,S005-P0013,Groceries,42,341,45.47,74.14500000000001,142.46922
2023-11-09,S005-P0013,Groceries,101,312,71.53,74.14500000000001,107.73812
2023-11-10,S005-P0013,Groceries,148,203,78.0,74.14500000000001,110.160835
2023-11-11,S005-P0013,Groceries,140,37,80.26,74.14500000000001,108.49899
2023-11-12,S005-P0013,Groceries,85,261,67.5,74.14500000000001,111.57784
2023-11-13,S005-P0013,Groceries,89,573,76.07,74.14500000000001,109.42495
2023-11-14,S005-P0013,Groceries,150,475,82.68,74.14500000000001,140.17308
2023-11-15,S005-P0013,Groceries,96,303,73.93,74.14500000000001,110.67878
2023-11-16,S005-P0013,Groceries,134,227,75.07,74.14500000000001,135.28128
2023-11-17,S005-P0013,Groceries,30,551,57.77,74.14500000000001,106.68842
2023-11-18,S005-P0013,Groceries,95,525,58.17,74.14500000000001,129.89598
2023-11-19,S005-P0013,Groceries,39,437,59.98,74.14500000000001,99.224686
2023-11-20,S005-P0013,Groceries,74,397,54.06,74.14500000000001,123.9407
2023-11-21,S005-P0013,Groceries,102,337,60.37,74.14500000000001,119.41976
2023-11-22,S005-P0013,Groceries,66,256,66.72,74.14500000000001,93.58851
2023-11-23,S005-P0013,Groceries,116,193,71.07,74.14500000000001,120.479485
2023-11-24,S005-P0013,Groceries,59,373,64.93,74.14500000000001,90.988625
2023-11-25,S005-P0013,Groceries,72,322,53.83,74.14500000000001,115.015564
2023-11-26,S005-P0013,Groceries,116,264,74.67,74.14500000000001,85.02388
2023-11-27,S005-P0013,Groceries,125,177,81.24,74.14500000000001,91.02279
2023-11-28,S005-P0013,Groceries,122,84,80.36,74.14500000000001,90.25596
2023-11-29,S005-P0013,Groceries,118,388,79.36,74.14500000000001,91.98692
2023-11-30,S005-P0013,Groceries,161,257,80.9,74.14500000000001,95.09185
2023-12-01,S005-P0013,Groceries,160,70,76.26,74.14500000000001,131.29076
2023-12-02,S005-P0013,Groceries,258,319,85.33,74.14500000000001,134.9457
2023-12-03,S005-P0013,Groceries,104,97,79.87,74.14500000000001,111.7282
2023-12-04,S005-P0013,Groceries,127,399,61.27,74.14500000000001,144.90256
2023-12-05,S005-P0013,Groceries,161,1168,80.5,74.14500000000001,140.7516
2023-12-06,S005-P0013,Groceries,122,1033,72.35,74.14500000000001,153.00798
2023-12-07,S005-P0013,Groceries,96,908,70.08,74.14500000000001,111.95029
2023-12-08,S005-P0013,Groceries,122,803,80.47,74.14500000000001,114.40148
2023-12-09,S005-P0013,Groceries,123,693,80.67,74.14500000000001,107.29658
2023-12-10,S005-P0013,Groceries,119,580,79.65,74.14500000000001,110.07647
2023-12-11,S005-P0013,Groceries,134,477,78.84,74.14500000000001,112.20257
2023-12-12,S005-P0013,Groceries,89,354,68.35,74.14500000000001,112.96367
2023-12-13,S005-P0013,Groceries,128,270,64.71,74.14500000000001,141.89287
2023-12-14,S005-P0013,Groceries,175,181,88.56,74.14500000000001,114.45444
2023-12-15,S005-P0013,Groceries,104,28,68.4,74.14500000000001,115.98182
2023-12-16,S005-P0013,Groceries,35,443,58.92,74.14500000000001,119.52441
2023-12-17,S005-P0013,Groceries,208,403,90.77,74.14500000000001,140.04329
2023-12-18,S005-P0013,Groceries,134,182,79.16,74.14500000000001,118.46005
2023-12-19,S005-P0013,Groceries,199,34,104.52,74.14500000000001,122.14485
2023-12-20,S005-P0013,Groceries,134,741,78.99,74.14500000000001,155.63963
2023-12-21,S005-P0013,Groceries,129,587,77.88,74.14500000000001,127.186104
2023-12-22,S005-P0013,Groceries,157,461,80.15,74.14500000000001,159.56197
2023-12-23,S005-P0013,Groceries,133,307,87.51,74.14500000000001,130.04182
2023-12-24,S005-P0013,Groceries,115,191,78.71,74.14500000000001,125.49853
2023-12-25,S005-P0013,Groceries,103,641,75.75,74.14500000000001,124.09991
2023-12-26,S005-P0013,Groceries,145,533,86.12,74.14500000000001,123.32783
2023-12-27,S005-P0013,Groceries,47,401,52.17,74.14500000000001,110.40754
2023-12-28,S005-P0013,Groceries,49,358,59.34,74.14500000000001,88.67736
2023-12-29,S005-P0013,Groceries,92,319,69.43,74.14500000000001,70.270706
2023-12-30,S005-P0013,Groceries,36,220,53.33,74.14500000000001,77.78562
2023-12-31,S005-P0013,Groceries,89,181,68.75,74.14500000000001,74.24767
2024-01-01,S005-P0013,Groceries,38,393,59.78,74.14500000000001,74.72328
2024-01-02,S005-P0013,Groceries,84,349,59.89,74.14500000000001,85.95369
2024-01-03,S005-P0013,Groceries,100,292,74.94,74.14500000000001,68.683556
2024-01-04,S005-P0013,Groceries,64,190,62.83,74.14500000000001,77.06943
2024-01-05,S005-P0013,Groceries,92,141,62.1,74.14500000000001,99.477615
2024-01-06,S005-P0013,Groceries,77,398,62.47,74.14500000000001,78.24988
2024-01-07,S005-P0013,Groceries,63,320,59.0,74.14500000000001,96.54957
2024-01-08,S005-P0013,Groceries,85,278,67.82,74.14500000000001,76.81483
2024-01-09,S005-P0013,Groceries,59,189,58.49,74.14500000000001,141.4336
2024-01-10,S005-P0013,Groceries,121,145,75.91,74.14500000000001,137.85529
2024-01-11,S005-P0013,Groceries,121,315,80.11,74.14500000000001,105.12743
2024-01-12,S005-P0013,Groceries,87,220,71.79,74.14500000000001,109.13563
2024-01-13,S005-P0013,Groceries,49,152,56.14,74.14500000000001,105.79262
2024-01-14,S005-P0013,Groceries,112,428,70.15,74.14500000000001,106.3164
2024-01-15,S005-P0013,Groceries,97,315,66.79,74.14500000000001,102.25134
2024-01-16,S005-P0013,Groceries,104,208,64.53,74.14500000000001,133.3059
2024-01-17,S005-P0013,Groceries,229,124,85.41,74.14500000000001,128.25755
2024-01-18,S005-P0013,Groceries,155,337,93.06,74.14500000000001,103.69874
2024-01-19,S005-P0013,Groceries,92,164,72.88,74.14500000000001,112.02656
2024-01-20,S005-P0013,Groceries,205,857,100.86,74.14500000000001,108.80248
2024-01-21,S005-P0013,Groceries,107,634,72.69,74.14500000000001,118.03514
2024-01-22,S005-P0013,Groceries,143,552,85.45,74.14500000000001,120.08198
2024-01-23,S005-P0013,Groceries,101,389,60.26,74.14500000000001,152.09775
2024-01-24,S005-P0013,Groceries,163,282,85.81,74.14500000000001,121.68573
2024-01-25,S005-P0013,Groceries,151,134,65.58,74.14500000000001,152.7585
2024-01-26,S005-P0013,Groceries,127,0,81.68,74.14500000000001,124.334915
2024-01-27,S005-P0013,Groceries,175,546,83.52,74.14500000000001,153.38817
2024-01-28,S005-P0013,Groceries,116,407,83.01,74.14500000000001,124.99839
2024-01-29,S005-P0013,Groceries,142,309,80.88,74.14500000000001,121.288216
2024-01-30,S005-P0013,Groceries,97,792,78.12,74.14500000000001,125.27581
2023-10-03,S005-P0014,Furniture,58,525,156.0,155.73000000000002,82.39607
2023-10-04,S005-P0014,Furniture,99,468,161.99,155.73000000000002,80.55718
2023-10-05,S005-P0014,Furniture,51,379,151.48,155.73000000000002,81.812775
2023-10-06,S005-P0014,Furniture,103,329,172.93,155.73000000000002,81.28035
2023-10-07,S005-P0014,Furniture,37,264,129.2,155.73000000000002,45.137733
2023-10-08,S005-P0014,Furniture,62,221,126.72,155.73000000000002,57.200947
2023-10-09,S005-P0014,Furniture,65,466,126.26,155.73000000000002,49.84936
2023-10-10,S005-P0014,Furniture,46,423,141.24,155.73000000000002,39.640724
2023-10-11,S005-P0014,Furniture,37,381,122.06,155.73000000000002,56.329887
2023-10-12,S005-P0014,Furniture,45,357,125.67,155.73000000000002,50.472996
2023-10-13,S005-P0014,Furniture,37,312,129.28,155.73000000000002,40.137604
2023-10-14,S005-P0014,Furniture,36,286,114.01,155.73000000000002,50.600628
2023-10-15,S005-P0014,Furniture,23,261,127.77,155.73000000000002,48.92734
2023-10-16,S005-P0014,Furniture,28,237,138.18,155.73000000000002,36.91734
2023-10-17,S005-P0014,Furniture,63,210,133.51,155.73000000000002,46.166
2023-10-18,S005-P0014,Furniture,54,171,138.04,155.73000000000002,48.52385
2023-10-19,S005-P0014,Furniture,82,111,143.44,155.73000000000002,49.957115
2023-10-20,S005-P0014,Furniture,38,179,144.27,155.73000000000002,41.77149
2023-10-21,S005-P0014,Furniture,24,148,135.95,155.73000000000002,42.789097
2023-10-22,S005-P0014,Furniture,55,423,129.74,155.73000000000002,50.73511
2023-10-23,S005-P0014,Furniture,46,360,140.84,155.73000000000002,38.788048
2023-10-24,S005-P0014,Furniture,25,326,136.52,155.73000000000002,42.92317
2023-10-25,S005-P0014,Furniture,66,308,152.71,155.73000000000002,83.85719
2023-10-26,S005-P0014,Furniture,72,244,147.9,155.73000000000002,83.97972
2023-10-27,S005-P0014,Furniture,117,199,171.58,155.73000000000002,84.23847
2023-10-28,S005-P0014,Furniture,104,112,164.76,155.73000000000002,82.74259
2023-10-29,S005-P0014,Furniture,72,246,147.84,155.73000000000002,84.051346
2023-10-30,S005-P0014,Furniture,76,571,175.36,155.73000000000002,83.47906
2023-10-31,S005-P0014,Furniture,66,510,160.68,155.73000000000002,86.28741
2023-11-01,S005-P0014,Furniture,54,451,145.18,155.73000000000002,85.91029
2023-11-02,S005-P0014,Furniture,134,387,150.49,155.73000000000002,109.290146
2023-11-03,S005-P0014,Furniture,57,295,130.96,155.73000000000002,110.28596
2023-11-04,S005-P0014,Furniture,62,239,141.48,155.73000000000002,112.67158
2023-11-05,S005-P0014,Furniture,99,596,170.83,155.73000000000002,105.95281
2023-11-06,S005-P0014,Furniture,83,510,162.24,155.73000000000002,85.99989
2023-11-07,S005-P0014,Furniture,59,456,148.86,155.73000000000002,84.97579
2023-11-08,S005-P0014,Furniture,95,388,149.82,155.73000000000002,107.13545
2023-11-09,S005-P0014,Furniture,73,304,173.7,155.73000000000002,81.19929
2023-11-10,S005-P0014,Furniture,154,217,180.72,155.73000000000002,106.23439
2023-11-11,S005-P0014,Furniture,112,50,158.13,155.73000000000002,109.55955
2023-11-12,S005-P0014,Furniture,105,0,155.94,155.73000000000002,113.60786
2023-11-13,S005-P0014,Furniture,50,386,151.34,155.73000000000002,86.532845
2023-11-14,S005-P0014,Furniture,78,345,141.43,155.73000000000002,111.91624
2023-11-15,S005-P0014,Furniture,91,504,157.97,155.73000000000002,108.38491
2023-11-16,S005-P0014,Furniture,106,408,193.7,155.73000000000002,85.07771
2023-11-17,S005-P0014,Furniture,80,286,159.89,155.73000000000002,83.90731
2023-11-18,S005-P0014,Furniture,81,230,152.38,155.73000000000002,84.27801
2023-11-19,S005-P0014,Furniture,82,168,169.8,155.73000000000002,83.765114
2023-11-20,S005-P0014,Furniture,77,355,158.23,155.73000000000002,85.46814
2023-11-21,S005-P0014,Furniture,94,307,186.63,155.73000000000002,84.42698
2023-11-22,S005-P0014,Furniture,82,227,161.69,155.73000000000002,84.2834
2023-11-23,S005-P0014,Furniture,72,168,164.33,155.73000000000002,84.17857
2023-11-24,S005-P0014,Furniture,62,401,142.17,155.73000000000002,83.74919
2023-11-25,S005-P0014,Furniture,30,335,139.11,155.73000000000002,82.968796
2023-11-26,S005-P0014,Furniture,66,317,160.33,155.73000000000002,76.21717
2023-11-27,S005-P0014,Furniture,116,267,190.39,155.73000000000002,75.18665
2023-11-28,S005-P0014,Furniture,84,135,171.25,155.73000000000002,79.826546
2023-11-29,S005-P0014,Furniture,76,81,175.48,155.73000000000002,80.89326
2023-11-30,S005-P0014,Furniture,95,373,187.02,155.73000000000002,83.06971
2023-12-01,S005-P0014,Furniture,35,295,149.63,155.73000000000002,84.60639
2023-12-02,S005-P0014,Furniture,84,253,154.08,155.73000000000002,80.932045
2023-12-03,S005-P0014,Furniture,52,187,137.0,155.73000000000002,108.62411
2023-12-04,S005-P0014,Furniture,97,138,170.21,155.73000000000002,78.74589
2023-12-05,S005-P0014,Furniture,99,254,171.41,155.73000000000002,81.96043
2023-12-06,S005-P0014,Furniture,126,183,185.62,155.73000000000002,81.0736
2023-12-07,S005-P0014,Furniture,92,53,166.58,155.73000000000002,84.28738
2023-12-08,S005-P0014,Furniture,96,333,187.73,155.73000000000002,88.228355
2023-12-09,S005-P0014,Furniture,117,270,152.75,155.73000000000002,113.86132
2023-12-10,S005-P0014,Furniture,101,169,144.84,155.73000000000002,119.89579
2023-12-11,S005-P0014,Furniture,119,432,153.59,155.73000000000002,118.57673
2023-12-12,S005-P0014,Furniture,102,322,172.34,155.73000000000002,118.04833
2023-12-13,S005-P0014,Furniture,94,232,159.3,155.73000000000002,91.33244
2023-12-14,S005-P0014,Furniture,142,156,183.77,155.73000000000002,120.25382
2023-12-15,S005-P0014,Furniture,52,279,144.86,155.73000000000002,92.58733
2023-12-16,S005-P0014,Furniture,36,229,114.04,155.73000000000002,118.20818
2023-12-17,S005-P0014,Furniture,71,712,154.69,155.73000000000002,84.72308
2023-12-18,S005-P0014,Furniture,56,649,162.79,155.73000000000002,86.9302
2023-12-19,S005-P0014,Furniture,68,614,145.42,155.73000000000002,80.03479
2023-12-20,S005-P0014,Furniture,84,544,162.29,155.73000000000002,81.80803
2023-12-21,S005-P0014,Furniture,117,448,142.98,155.73000000000002,105.634605
2023-12-22,S005-P0014,Furniture,83,375,170.89,155.73000000000002,81.23206
2023-12-23,S005-P0014,Furniture,40,310,108.67,155.73000000000002,110.10827
2023-12-24,S005-P0014,Furniture,136,268,182.05,155.73000000000002,106.662926
2023-12-25,S005-P0014,Furniture,77,119,167.02,155.73000000000002,81.22172
2023-12-26,S005-P0014,Furniture,73,71,164.74,155.73000000000002,87.89212
2023-12-27,S005-P0014,Furniture,16,430,118.1,155.73000000000002,44.268105
2023-12-28,S005-P0014,Furniture,29,416,124.71,155.73000000000002,42.733192
2023-12-29,S005-P0014,Furniture,34,390,134.15,155.73000000000002,34.73806
2023-12-30,S005-P0014,Furniture,33,358,148.23,155.73000000000002,38.944485
2023-12-31,S005-P0014,Furniture,59,325,156.48,155.73000000000002,31.839804
2024-01-01,S005-P0014,Furniture,62,282,149.99,155.73000000000002,48.913216
2024-01-02,S005-P0014,Furniture,34,234,141.36,155.73000000000002,38.88712
2024-01-03,S005-P0014,Furniture,33,206,133.66,155.73000000000002,36.61156
2024-01-04,S005-P0014,Furniture,33,170,133.9,155.73000000000002,35.55644
2024-01-05,S005-P0014,Furniture,52,136,136.33,155.73000000000002,42.70634
2024-01-06,S005-P0014,Furniture,28,77,131.09,155.73000000000002,35.66057
2024-01-07,S005-P0014,Furniture,15,129,130.5,155.73000000000002,33.545437
2024-01-08,S005-P0014,Furniture,36,294,135.65,155.73000000000002,31.914385
2024-01-09,S005-P0014,Furniture,65,269,126.14,155.73000000000002,97.140785
2024-01-10,S005-P0014,Furniture,95,204,168.2,155.73000000000002,77.25078
2024-01-11,S005-P0014,Furniture,46,143,156.24,155.73000000000002,81.921074
2024-01-12,S005-P0014,Furniture,124,97,184.46,155.73000000000002,81.62103
2024-01-13,S005-P0014,Furniture,37,263,136.26,155.73000000000002,83.69513
2024-01-14,S005-P0014,Furniture,66,228,160.78,155.73000000000002,88.268906
2024-01-15,S005-P0014,Furniture,114,517,178.92,155.73000000000002,77.00513
2024-01-16,S005-P0014,Furniture,86,423,163.59,155.73000000000002,119.03261
2024-01-17,S005-P0014,Furniture,36,338,142.66,155.73000000000002,81.55942
2024-01-18,S005-P0014,Furniture,107,298,156.95,155.73000000000002,106.06577
2024-01-19,S005-P0014,Furniture,78,217,125.81,155.73000000000002,103.58428
2024-01-20,S005-P0014,Furniture,112,149,178.17,155.73000000000002,110.565834
2024-01-21,S005-P0014,Furniture,98,428,151.19,155.73000000000002,109.63998
2024-01-22,S005-P0014,Furniture,63,323,142.85,155.73000000000002,112.54393
2024-01-23,S005-P0014,Furniture,51,278,143.82,155.73000000000002,82.99519
2024-01-24,S005-P0014,Furniture,111,228,168.3,155.73000000000002,83.856895
2024-01-25,S005-P0014,Furniture,66,114,152.03,155.73000000000002,80.41508
2024-01-26,S005-P0014,Furniture,65,61,152.02,155.73000000000002,83.79984
2024-01-27,S005-P0014,Furniture,67,391,152.9,155.73000000000002,102.60853
2024-01-28,S005-P0014,Furniture,85,327,172.03,155.73000000000002,79.31989
2024-01-29,S005-P0014,Furniture,90,253,184.11,155.73000000000002,80.212944
2024-01-30,S005-P0014,Furniture,120,161,182.88,155.73000000000002,81.407234
2023-10-03,S005-P0015,Groceries,96,341,47.21,49.224999999999994,118.76174
2023-10-04,S005-P0015,Groceries,109,236,49.28,49.224999999999994,112.38378
2023-10-05,S005-P0015,Groceries,93,149,49.29,49.224999999999994,112.465
2023-10-06,S005-P0015,Groceries,249,247,71.21,49.224999999999994,138.02989
2023-10-07,S005-P0015,Groceries,73,0,43.63,49.224999999999994,109.78744
2023-10-08,S005-P0015,Groceries,130,558,49.89,49.224999999999994,107.2023
2023-10-09,S005-P0015,Groceries,64,429,37.81,49.224999999999994,106.743645
2023-10-10,S005-P0015,Groceries,73,363,43.54,49.224999999999994,83.524254
2023-10-11,S005-P0015,Groceries,124,286,48.94,49.224999999999994,80.26112
2023-10-12,S005-P0015,Groceries,124,159,49.0,49.224999999999994,83.55366
2023-10-13,S005-P0015,Groceries,123,277,57.06,49.224999999999994,90.44683
2023-10-14,S005-P0015,Groceries,100,203,45.41,49.224999999999994,95.25173
2023-10-15,S005-P0015,Groceries,104,359,43.48,49.224999999999994,121.132034
2023-10-16,S005-P0015,Groceries,69,271,42.89,49.224999999999994,97.31531
2023-10-17,S005-P0015,Groceries,137,228,59.53,49.224999999999994,92.7267
2023-10-18,S005-P0015,Groceries,43,101,38.87,49.224999999999994,98.23237
2023-10-19,S005-P0015,Groceries,111,393,55.1,49.224999999999994,93.26079
2023-10-20,S005-P0015,Groceries,79,306,44.49,49.224999999999994,95.25134
2023-10-21,S005-P0015,Groceries,91,224,51.61,49.224999999999994,91.06445
2023-10-22,S005-P0015,Groceries,83,116,40.18,49.224999999999994,114.3545
2023-10-23,S005-P0015,Groceries,39,204,38.32,49.224999999999994,87.9401
2023-10-24,S005-P0015,Groceries,48,170,37.41,49.224999999999994,96.815895
2023-10-25,S005-P0015,Groceries,73,115,48.41,49.224999999999994,110.718765
2023-10-26,S005-P0015,Groceries,237,58,57.76,49.224999999999994,138.0873
2023-10-27,S005-P0015,Groceries,104,131,46.0,49.224999999999994,112.31615
2023-10-28,S005-P0015,Groceries,208,440,51.24,49.224999999999994,141.81813
2023-10-29,S005-P0015,Groceries,64,246,46.77,49.224999999999994,115.51246
2023-10-30,S005-P0015,Groceries,82,689,47.41,49.224999999999994,118.39133
2023-10-31,S005-P0015,Groceries,110,606,54.88,49.224999999999994,112.75332
2023-11-01,S005-P0015,Groceries,156,520,53.7,49.224999999999994,146.37183
2023-11-02,S005-P0015,Groceries,132,402,41.86,49.224999999999994,140.40346
2023-11-03,S005-P0015,Groceries,111,260,55.08,49.224999999999994,115.51088
2023-11-04,S005-P0015,Groceries,124,127,54.44,49.224999999999994,111.55193
2023-11-05,S005-P0015,Groceries,127,273,52.17,49.224999999999994,112.58103
2023-11-06,S005-P0015,Groceries,139,182,56.87,49.224999999999994,114.22979
2023-11-07,S005-P0015,Groceries,125,338,51.66,49.224999999999994,116.750465
2023-11-08,S005-P0015,Groceries,90,250,48.8,49.224999999999994,114.48138
2023-11-09,S005-P0015,Groceries,76,193,44.09,49.224999999999994,114.38918
2023-11-10,S005-P0015,Groceries,125,294,49.16,49.224999999999994,111.1767
2023-11-11,S005-P0015,Groceries,126,191,49.02,49.224999999999994,144.16502
2023-11-12,S005-P0015,Groceries,85,342,50.45,49.224999999999994,111.07433
2023-11-13,S005-P0015,Groceries,91,257,46.5,49.224999999999994,109.51844
2023-11-14,S005-P0015,Groceries,83,174,45.26,49.224999999999994,109.332565
2023-11-15,S005-P0015,Groceries,115,110,50.21,49.224999999999994,108.30576
2023-11-16,S005-P0015,Groceries,196,185,62.9,49.224999999999994,107.79057
2023-11-17,S005-P0015,Groceries,99,199,47.59,49.224999999999994,111.30805
2023-11-18,S005-P0015,Groceries,118,567,56.25,49.224999999999994,111.01978
2023-11-19,S005-P0015,Groceries,93,455,49.35,49.224999999999994,112.70649
2023-11-20,S005-P0015,Groceries,129,360,41.39,49.224999999999994,142.01746
2023-11-21,S005-P0015,Groceries,203,214,60.82,49.224999999999994,140.66862
2023-11-22,S005-P0015,Groceries,172,8,46.76,49.224999999999994,145.06361
2023-11-23,S005-P0015,Groceries,167,362,51.88,49.224999999999994,146.10219
2023-11-24,S005-P0015,Groceries,102,594,48.26,49.224999999999994,119.05099
2023-11-25,S005-P0015,Groceries,50,494,38.02,49.224999999999994,117.51899
2023-11-26,S005-P0015,Groceries,110,446,43.94,49.224999999999994,143.6066
2023-11-27,S005-P0015,Groceries,237,353,54.87,49.224999999999994,143.45442
2023-11-28,S005-P0015,Groceries,102,143,40.6,49.224999999999994,145.7069
2023-11-29,S005-P0015,Groceries,158,537,63.22,49.224999999999994,121.2211
2023-11-30,S005-P0015,Groceries,95,411,47.09,49.224999999999994,113.15225
2023-12-01,S005-P0015,Groceries,135,341,53.24,49.224999999999994,120.234215
2023-12-02,S005-P0015,Groceries,180,247,57.06,49.224999999999994,147.13718
2023-12-03,S005-P0015,Groceries,69,308,40.81,49.224999999999994,155.49059
2023-12-04,S005-P0015,Groceries,105,256,46.15,49.224999999999994,115.827385
2023-12-05,S005-P0015,Groceries,75,137,46.37,49.224999999999994,118.04507
2023-12-06,S005-P0015,Groceries,132,255,49.89,49.224999999999994,140.49765
2023-12-07,S005-P0015,Groceries,78,152,46.82,49.224999999999994,114.0803
2023-12-08,S005-P0015,Groceries,77,290,41.98,49.224999999999994,109.1242
2023-12-09,S005-P0015,Groceries,67,209,47.3,49.224999999999994,108.67083
2023-12-10,S005-P0015,Groceries,57,161,43.32,49.224999999999994,105.31082
2023-12-11,S005-P0015,Groceries,50,110,40.06,49.224999999999994,99.92068
2023-12-12,S005-P0015,Groceries,99,163,47.65,49.224999999999994,94.52807
2023-12-13,S005-P0015,Groceries,48,91,37.5,49.224999999999994,124.35966
2023-12-14,S005-P0015,Groceries,121,241,51.08,49.224999999999994,116.00218
2023-12-15,S005-P0015,Groceries,93,164,49.33,49.224999999999994,91.43841
2023-12-16,S005-P0015,Groceries,137,364,47.61,49.224999999999994,117.1702
2023-12-17,S005-P0015,Groceries,87,264,38.2,49.224999999999994,121.91079
2023-12-18,S005-P0015,Groceries,100,201,47.77,49.224999999999994,95.29245
2023-12-19,S005-P0015,Groceries,178,89,66.77,49.224999999999994,94.985435
2023-12-20,S005-P0015,Groceries,44,177,41.21,49.224999999999994,97.765045
2023-12-21,S005-P0015,Groceries,144,522,60.76,49.224999999999994,100.39362
2023-12-22,S005-P0015,Groceries,179,435,63.59,49.224999999999994,103.28555
2023-12-23,S005-P0015,Groceries,144,266,54.78,49.224999999999994,108.80769
2023-12-24,S005-P0015,Groceries,86,115,48.19,49.224999999999994,111.02499
2023-12-25,S005-P0015,Groceries,190,330,55.1,49.224999999999994,139.34018
2023-12-26,S005-P0015,Groceries,103,205,53.59,49.224999999999994,113.13476
2023-12-27,S005-P0015,Groceries,84,513,37.8,49.224999999999994,104.63511
2023-12-28,S005-P0015,Groceries,106,443,46.33,49.224999999999994,93.784485
2023-12-29,S005-P0015,Groceries,91,373,48.97,49.224999999999994,79.38274
2023-12-30,S005-P0015,Groceries,65,275,42.43,49.224999999999994,78.43192
2023-12-31,S005-P0015,Groceries,64,233,42.22,49.224999999999994,78.68241
2024-01-01,S005-P0015,Groceries,164,167,57.85,49.224999999999994,89.25529
2024-01-02,S005-P0015,Groceries,105,0,46.2,49.224999999999994,87.87264
2024-01-03,S005-P0015,Groceries,69,331,40.57,49.224999999999994,113.765755
2024-01-04,S005-P0015,Groceries,75,253,48.68,49.224999999999994,89.25358
2024-01-05,S005-P0015,Groceries,103,165,50.91,49.224999999999994,76.73527
2024-01-06,S005-P0015,Groceries,71,62,45.72,49.224999999999994,88.803505
2024-01-07,S005-P0015,Groceries,66,219,35.92,49.224999999999994,102.564
2024-01-08,S005-P0015,Groceries,55,146,43.02,49.224999999999994,78.137115
2024-01-09,S005-P0015,Groceries,101,103,40.47,49.224999999999994,138.36781
2024-01-10,S005-P0015,Groceries,43,138,36.89,49.224999999999994,110.69856
2024-01-11,S005-P0015,Groceries,109,307,49.35,49.224999999999994,108.10892
2024-01-12,S005-P0015,Groceries,180,221,60.32,49.224999999999994,135.24092
2024-01-13,S005-P0015,Groceries,111,32,44.02,49.224999999999994,140.59108
2024-01-14,S005-P0015,Groceries,109,412,54.71,49.224999999999994,112.4453
2024-01-15,S005-P0015,Groceries,94,340,46.85,49.224999999999994,104.80043
2024-01-16,S005-P0015,Groceries,111,273,49.49,49.224999999999994,107.04177
2024-01-17,S005-P0015,Groceries,76,201,44.11,49.224999999999994,105.53364
2024-01-18,S005-P0015,Groceries,109,365,54.62,49.224999999999994,105.113434
2024-01-19,S005-P0015,Groceries,126,237,49.29,49.224999999999994,100.0947
2024-01-20,S005-P0015,Groceries,140,153,45.08,49.224999999999994,137.59715
2024-01-21,S005-P0015,Groceries,159,352,60.26,49.224999999999994,108.34463
2024-01-22,S005-P0015,Groceries,86,252,48.2,49.224999999999994,111.0284
2024-01-23,S005-P0015,Groceries,104,478,48.54,49.224999999999994,109.194695
2024-01-24,S005-P0015,Groceries,136,405,59.42,49.224999999999994,112.41321
2024-01-25,S005-P0015,Groceries,103,270,48.27,49.224999999999994,110.01061
2024-01-26,S005-P0015,Groceries,151,163,49.67,49.224999999999994,141.95207
2024-01-27,S005-P0015,Groceries,120,245,48.4,49.224999999999994,141.59045
2024-01-28,S005-P0015,Groceries,193,160,49.38,49.224999999999994,141.48534
2024-01-29,S005-P0015,Groceries,94,225,52.13,49.224999999999994,115.46889
2024-01-30,S005-P0015,Groceries,122,520,48.62,49.224999999999994,115.03108
2023-10-03,S005-P0016,Toys,83,167,33.61,32.76,103.92691
2023-10-04,S005-P0016,Toys,151,90,33.27,32.76,136.20448
2023-10-05,S005-P0016,Toys,82,590,31.78,32.76,135.49886
2023-10-06,S005-P0016,Toys,144,499,32.14,32.76,140.30421
2023-10-07,S005-P0016,Toys,22,347,23.83,32.76,89.18015
2023-10-08,S005-P0016,Toys,57,328,32.19,32.76,70.000145
2023-10-09,S005-P0016,Toys,50,276,26.79,32.76,72.853386
2023-10-10,S005-P0016,Toys,23,229,23.99,32.76,61.512726
2023-10-11,S005-P0016,Toys,21,209,25.04,32.76,52.95445
2023-10-12,S005-P0016,Toys,19,194,26.11,32.76,48.59559
2023-10-13,S005-P0016,Toys,17,178,23.16,32.76,53.38463
2023-10-14,S005-P0016,Toys,25,160,26.84,32.76,42.835007
2023-10-15,S005-P0016,Toys,27,145,25.68,32.76,39.93192
2023-10-16,S005-P0016,Toys,17,129,24.56,32.76,40.56551
2023-10-17,S005-P0016,Toys,11,114,26.52,32.76,37.134953
2023-10-18,S005-P0016,Toys,54,104,28.64,32.76,44.471043
2023-10-19,S005-P0016,Toys,20,60,27.67,32.76,35.868244
2023-10-20,S005-P0016,Toys,9,48,23.69,32.76,37.79124
2023-10-21,S005-P0016,Toys,23,224,26.59,32.76,32.439697
2023-10-22,S005-P0016,Toys,32,202,26.26,32.76,34.674366
2023-10-23,S005-P0016,Toys,30,170,21.69,32.76,44.758453
2023-10-24,S005-P0016,Toys,21,140,26.35,32.76,35.539997
2023-10-25,S005-P0016,Toys,93,127,32.99,32.76,77.82719
2023-10-26,S005-P0016,Toys,77,66,31.22,32.76,83.38389
2023-10-27,S005-P0016,Toys,81,0,31.74,32.76,80.56739
2023-10-28,S005-P0016,Toys,248,298,47.61,32.76,107.712975
2023-10-29,S005-P0016,Toys,75,46,31.07,32.76,88.132866
2023-10-30,S005-P0016,Toys,83,0,31.91,32.76,94.72945
2023-10-31,S005-P0016,Toys,72,762,34.0,32.76,89.680756
2023-11-01,S005-P0016,Toys,160,704,33.67,32.76,122.1256
2023-11-02,S005-P0016,Toys,115,553,35.38,32.76,90.247246
2023-11-03,S005-P0016,Toys,69,433,25.62,32.76,125.79012
2023-11-04,S005-P0016,Toys,128,370,38.85,32.76,90.94522
2023-11-05,S005-P0016,Toys,151,263,33.26,32.76,130.7126
2023-11-06,S005-P0016,Toys,51,117,29.83,32.76,101.421844
2023-11-07,S005-P0016,Toys,90,481,32.76,32.76,102.09964
2023-11-08,S005-P0016,Toys,65,407,33.18,32.76,96.837074
2023-11-09,S005-P0016,Toys,67,344,28.4,32.76,124.835014
2023-11-10,S005-P0016,Toys,80,289,34.98,32.76,93.52012
2023-11-11,S005-P0016,Toys,112,216,35.04,32.76,92.38532
2023-11-12,S005-P0016,Toys,128,99,34.78,32.76,117.85693
2023-11-13,S005-P0016,Toys,121,9,34.26,32.76,120.88137
2023-11-14,S005-P0016,Toys,124,373,38.35,32.76,98.51773
2023-11-15,S005-P0016,Toys,56,246,28.87,32.76,98.60154
2023-11-16,S005-P0016,Toys,124,586,38.45,32.76,95.161766
2023-11-17,S005-P0016,Toys,98,473,27.9,32.76,127.82096
2023-11-18,S005-P0016,Toys,128,397,40.98,32.76,99.37618
2023-11-19,S005-P0016,Toys,108,310,28.84,32.76,127.07363
2023-11-20,S005-P0016,Toys,75,196,31.04,32.76,100.5971
2023-11-21,S005-P0016,Toys,151,471,31.2,32.76,126.31815
2023-11-22,S005-P0016,Toys,98,371,33.6,32.76,102.36121
2023-11-23,S005-P0016,Toys,128,285,34.83,32.76,129.25902
2023-11-24,S005-P0016,Toys,84,624,31.92,32.76,101.42974
2023-11-25,S005-P0016,Toys,162,552,42.82,32.76,98.41508
2023-11-26,S005-P0016,Toys,140,366,40.25,32.76,104.59313
2023-11-27,S005-P0016,Toys,142,214,38.52,32.76,102.214676
2023-11-28,S005-P0016,Toys,79,95,31.42,32.76,108.13282
2023-11-29,S005-P0016,Toys,66,361,28.45,32.76,107.53841
2023-11-30,S005-P0016,Toys,74,292,29.33,32.76,108.83335
2023-12-01,S005-P0016,Toys,156,223,33.31,32.76,129.97464
2023-12-02,S005-P0016,Toys,118,115,37.74,32.76,101.93649
2023-12-03,S005-P0016,Toys,145,0,36.57,32.76,131.42522
2023-12-04,S005-P0016,Toys,83,453,30.11,32.76,136.3795
2023-12-05,S005-P0016,Toys,87,389,25.58,32.76,136.06781
2023-12-06,S005-P0016,Toys,76,747,29.53,32.76,103.13164
2023-12-07,S005-P0016,Toys,96,680,29.85,32.76,130.40862
2023-12-08,S005-P0016,Toys,133,621,29.63,32.76,127.097206
2023-12-09,S005-P0016,Toys,59,469,27.74,32.76,100.027
2023-12-10,S005-P0016,Toys,88,398,36.02,32.76,100.4466
2023-12-11,S005-P0016,Toys,78,336,31.39,32.76,93.93162
2023-12-12,S005-P0016,Toys,122,260,36.24,32.76,95.898994
2023-12-13,S005-P0016,Toys,118,149,39.69,32.76,95.83043
2023-12-14,S005-P0016,Toys,159,28,44.77,32.76,99.18229
2023-12-15,S005-P0016,Toys,25,423,26.83,32.76,100.67585
2023-12-16,S005-P0016,Toys,154,402,39.8,32.76,103.17008
2023-12-17,S005-P0016,Toys,111,697,36.9,32.76,105.86277
2023-12-18,S005-P0016,Toys,115,588,29.88,32.76,137.40387
2023-12-19,S005-P0016,Toys,185,463,40.97,32.76,104.224525
2023-12-20,S005-P0016,Toys,97,335,35.25,32.76,111.380066
2023-12-21,S005-P0016,Toys,115,259,33.58,32.76,113.06516
2023-12-22,S005-P0016,Toys,151,614,35.03,32.76,144.54846
2023-12-23,S005-P0016,Toys,131,454,33.04,32.76,147.57784
2023-12-24,S005-P0016,Toys,62,339,31.19,32.76,113.33025
2023-12-25,S005-P0016,Toys,96,279,35.14,32.76,111.95358
2023-12-26,S005-P0016,Toys,159,181,31.85,32.76,130.0235
2023-12-27,S005-P0016,Toys,18,71,26.07,32.76,77.20115
2023-12-28,S005-P0016,Toys,8,385,24.84,32.76,66.49358
2023-12-29,S005-P0016,Toys,11,838,23.91,32.76,52.531776
2023-12-30,S005-P0016,Toys,35,829,26.65,32.76,46.2553
2023-12-31,S005-P0016,Toys,25,796,26.84,32.76,43.23664
2024-01-01,S005-P0016,Toys,22,775,25.06,32.76,41.479473
2024-01-02,S005-P0016,Toys,14,762,26.87,32.76,39.728634
2024-01-03,S005-P0016,Toys,37,746,28.22,32.76,37.17061
2024-01-04,S005-P0016,Toys,40,703,28.57,32.76,40.011143
2024-01-05,S005-P0016,Toys,14,657,25.57,32.76,39.467846
2024-01-06,S005-P0016,Toys,30,644,25.98,32.76,38.5557
2024-01-07,S005-P0016,Toys,33,615,24.88,32.76,45.57204
2024-01-08,S005-P0016,Toys,18,583,22.15,32.76,46.61399
2024-01-09,S005-P0016,Toys,106,570,29.05,32.76,103.704796
2024-01-10,S005-P0016,Toys,154,482,37.74,32.76,109.96473
2024-01-11,S005-P0016,Toys,97,353,33.43,32.76,88.51882
2024-01-12,S005-P0016,Toys,111,270,35.01,32.76,94.59494
2024-01-13,S005-P0016,Toys,164,695,32.34,32.76,119.34971
2024-01-14,S005-P0016,Toys,106,551,30.53,32.76,128.92186
2024-01-15,S005-P0016,Toys,103,469,28.4,32.76,127.10769
2024-01-16,S005-P0016,Toys,148,372,30.9,32.76,124.99049
2024-01-17,S005-P0016,Toys,101,264,33.87,32.76,94.157074
2024-01-18,S005-P0016,Toys,138,150,31.59,32.76,128.15599
2024-01-19,S005-P0016,Toys,33,520,26.3,32.76,97.70803
2024-01-20,S005-P0016,Toys,122,492,40.23,32.76,100.19103
2024-01-21,S005-P0016,Toys,112,409,33.36,32.76,96.30662
2024-01-22,S005-P0016,Toys,126,293,34.76,32.76,102.11255
2024-01-23,S005-P0016,Toys,149,190,32.62,32.76,132.50273
2024-01-24,S005-P0016,Toys,83,57,35.45,32.76,105.88301
2024-01-25,S005-P0016,Toys,98,323,35.42,32.76,104.445786
2024-01-26,S005-P0016,Toys,69,223,33.65,32.76,103.76316
2024-01-27,S005-P0016,Toys,48,158,31.04,32.76,103.14954
2024-01-28,S005-P0016,Toys,65,368,31.57,32.76,95.59741
2024-01-29,S005-P0016,Toys,109,300,36.68,32.76,94.59888
2024-01-30,S005-P0016,Toys,64,233,29.8,32.76,94.08854
2023-10-03,S005-P0017,Toys,79,165,35.61,34.870000000000005,99.65218
2023-10-04,S005-P0017,Toys,121,117,38.87,34.870000000000005,100.87235
2023-10-05,S005-P0017,Toys,44,121,31.3,34.870000000000005,101.917076
2023-10-06,S005-P0017,Toys,46,80,28.37,34.870000000000005,100.935135
2023-10-07,S005-P0017,Toys,37,100,30.31,34.870000000000005,57.31121
2023-10-08,S005-P0017,Toys,15,112,23.23,34.870000000000005,63.980877
2023-10-09,S005-P0017,Toys,9,100,25.43,34.870000000000005,47.590317
2023-10-10,S005-P0017,Toys,63,94,25.19,34.870000000000005,50.507504
2023-10-11,S005-P0017,Toys,37,112,30.41,34.870000000000005,41.342136
2023-10-12,S005-P0017,Toys,45,81,28.09,34.870000000000005,55.285336
2023-10-13,S005-P0017,Toys,18,88,27.96,34.870000000000005,43.16696
2023-10-14,S005-P0017,Toys,19,124,26.66,34.870000000000005,39.852325
2023-10-15,S005-P0017,Toys,17,111,26.34,34.870000000000005,38.00941
2023-10-16,S005-P0017,Toys,17,101,27.87,34.870000000000005,36.151752
2023-10-17,S005-P0017,Toys,39,84,27.4,34.870000000000005,43.79859
2023-10-18,S005-P0017,Toys,8,96,25.33,34.870000000000005,42.93999
2023-10-19,S005-P0017,Toys,10,91,24.25,34.870000000000005,40.488895
2023-10-20,S005-P0017,Toys,34,81,23.71,34.870000000000005,37.607124
2023-10-21,S005-P0017,Toys,29,93,30.87,34.870000000000005,32.294853
2023-10-22,S005-P0017,Toys,18,118,29.43,34.870000000000005,32.159172
2023-10-23,S005-P0017,Toys,38,102,30.44,34.870000000000005,33.471775
2023-10-24,S005-P0017,Toys,27,107,24.46,34.870000000000005,42.04676
2023-10-25,S005-P0017,Toys,105,78,35.01,34.870000000000005,78.76667
2023-10-26,S005-P0017,Toys,105,101,34.86,34.870000000000005,111.42663
2023-10-27,S005-P0017,Toys,94,128,37.55,34.870000000000005,84.6591
2023-10-28,S005-P0017,Toys,127,119,37.27,34.870000000000005,111.49611
2023-10-29,S005-P0017,Toys,99,128,38.17,34.870000000000005,86.854515
2023-10-30,S005-P0017,Toys,94,141,37.56,34.870000000000005,88.29687
2023-10-31,S005-P0017,Toys,63,152,35.4,34.870000000000005,88.3757
2023-11-01,S005-P0017,Toys,130,104,39.89,34.870000000000005,85.896034
2023-11-02,S005-P0017,Toys,146,144,37.09,34.870000000000005,120.4736
2023-11-03,S005-P0017,Toys,77,140,33.6,34.870000000000005,90.215965
2023-11-04,S005-P0017,Toys,81,152,32.33,34.870000000000005,119.927155
2023-11-05,S005-P0017,Toys,97,143,35.9,34.870000000000005,91.83485
2023-11-06,S005-P0017,Toys,76,162,35.3,34.870000000000005,95.55447
2023-11-07,S005-P0017,Toys,131,101,37.96,34.870000000000005,120.22639
2023-11-08,S005-P0017,Toys,72,131,26.06,34.870000000000005,120.322136
2023-11-09,S005-P0017,Toys,87,112,28.92,34.870000000000005,119.72309
2023-11-10,S005-P0017,Toys,104,149,34.88,34.870000000000005,88.31317
2023-11-11,S005-P0017,Toys,72,168,36.54,34.870000000000005,92.39151
2023-11-12,S005-P0017,Toys,71,89,31.19,34.870000000000005,89.43582
2023-11-13,S005-P0017,Toys,121,82,36.87,34.870000000000005,90.39297
2023-11-14,S005-P0017,Toys,71,99,29.4,34.870000000000005,120.42498
2023-11-15,S005-P0017,Toys,67,123,30.55,34.870000000000005,119.45419
2023-11-16,S005-P0017,Toys,152,131,40.37,34.870000000000005,90.03088
2023-11-17,S005-P0017,Toys,42,154,32.61,34.870000000000005,93.6513
2023-11-18,S005-P0017,Toys,129,125,39.76,34.870000000000005,93.722694
2023-11-19,S005-P0017,Toys,84,156,36.21,34.870000000000005,96.35455
2023-11-20,S005-P0017,Toys,101,170,36.35,34.870000000000005,94.596176
2023-11-21,S005-P0017,Toys,112,200,37.73,34.870000000000005,93.69485
2023-11-22,S005-P0017,Toys,141,101,34.31,34.870000000000005,127.53369
2023-11-23,S005-P0017,Toys,179,172,40.98,34.870000000000005,125.78198
2023-11-24,S005-P0017,Toys,132,148,44.47,34.870000000000005,104.42659
2023-11-25,S005-P0017,Toys,97,166,37.93,34.870000000000005,103.87442
2023-11-26,S005-P0017,Toys,206,199,48.88,34.870000000000005,132.42073
2023-11-27,S005-P0017,Toys,78,187,31.97,34.870000000000005,109.527084
2023-11-28,S005-P0017,Toys,120,127,40.73,34.870000000000005,108.84664
2023-11-29,S005-P0017,Toys,95,112,33.84,34.870000000000005,106.79138
2023-11-30,S005-P0017,Toys,112,109,41.91,34.870000000000005,107.40093
2023-12-01,S005-P0017,Toys,156,139,42.93,34.870000000000005,105.51379
2023-12-02,S005-P0017,Toys,89,168,38.84,34.870000000000005,112.271194
2023-12-03,S005-P0017,Toys,118,86,38.38,34.870000000000005,110.58483
2023-12-04,S005-P0017,Toys,112,106,35.81,34.870000000000005,112.63553
2023-12-05,S005-P0017,Toys,92,120,35.31,34.870000000000005,113.999695
2023-12-06,S005-P0017,Toys,117,138,34.32,34.870000000000005,141.85483
2023-12-07,S005-P0017,Toys,84,154,38.19,34.870000000000005,111.581795
2023-12-08,S005-P0017,Toys,51,148,24.04,34.870000000000005,133.01898
2023-12-09,S005-P0017,Toys,36,91,28.62,34.870000000000005,104.48889
2023-12-10,S005-P0017,Toys,57,113,31.19,34.870000000000005,102.51577
2023-12-11,S005-P0017,Toys,69,115,32.61,34.870000000000005,118.96897
2023-12-12,S005-P0017,Toys,203,111,46.13,34.870000000000005,118.47312
2023-12-13,S005-P0017,Toys,155,224,42.88,34.870000000000005,100.38457
2023-12-14,S005-P0017,Toys,144,214,41.56,34.870000000000005,104.71115
2023-12-15,S005-P0017,Toys,55,222,24.49,34.870000000000005,133.26051
2023-12-16,S005-P0017,Toys,114,169,32.04,34.870000000000005,135.60146
2023-12-17,S005-P0017,Toys,100,211,34.5,34.870000000000005,102.2486
2023-12-18,S005-P0017,Toys,78,94,33.6,34.870000000000005,105.95867
2023-12-19,S005-P0017,Toys,138,82,45.38,34.870000000000005,101.77575
2023-12-20,S005-P0017,Toys,122,160,38.82,34.870000000000005,135.4529
2023-12-21,S005-P0017,Toys,75,196,31.65,34.870000000000005,104.17186
2023-12-22,S005-P0017,Toys,114,128,36.08,34.870000000000005,133.63188
2023-12-23,S005-P0017,Toys,129,146,37.73,34.870000000000005,101.25354
2023-12-24,S005-P0017,Toys,105,138,35.0,34.870000000000005,132.94826
2023-12-25,S005-P0017,Toys,107,156,37.08,34.870000000000005,103.29168
2023-12-26,S005-P0017,Toys,70,133,34.56,34.870000000000005,102.35665
2023-12-27,S005-P0017,Toys,25,137,23.12,34.870000000000005,73.38226
2023-12-28,S005-P0017,Toys,12,118,25.78,34.870000000000005,52.539913
2023-12-29,S005-P0017,Toys,25,106,30.36,34.870000000000005,45.701828
2023-12-30,S005-P0017,Toys,27,84,29.07,34.870000000000005,40.3136
2023-12-31,S005-P0017,Toys,14,104,26.01,34.870000000000005,38.814857
2024-01-01,S005-P0017,Toys,33,89,28.32,34.870000000000005,34.59305
2024-01-02,S005-P0017,Toys,16,109,26.33,34.870000000000005,34.939796
2024-01-03,S005-P0017,Toys,28,97,29.28,34.870000000000005,34.19739
2024-01-04,S005-P0017,Toys,17,117,26.46,34.870000000000005,32.860867
2024-01-05,S005-P0017,Toys,18,99,24.99,34.870000000000005,40.398243
2024-01-06,S005-P0017,Toys,8,81,28.07,34.870000000000005,32.342545
2024-01-07,S005-P0017,Toys,11,125,25.7,34.870000000000005,31.820202
2024-01-08,S005-P0017,Toys,7,115,20.98,34.870000000000005,35.080357
2024-01-09,S005-P0017,Toys,75,109,31.67,34.870000000000005,65.16114
2024-01-10,S005-P0017,Toys,82,128,34.13,34.870000000000005,100.9
2024-01-11,S005-P0017,Toys,92,150,37.26,34.870000000000005,79.48056
2024-01-12,S005-P0017,Toys,60,179,33.26,34.870000000000005,84.20594
2024-01-13,S005-P0017,Toys,146,139,34.73,34.870000000000005,104.908104
2024-01-14,S005-P0017,Toys,87,153,36.63,34.870000000000005,82.17119
2024-01-15,S005-P0017,Toys,101,160,36.43,34.870000000000005,86.10349
2024-01-16,S005-P0017,Toys,59,149,31.35,34.870000000000005,86.41282
2024-01-17,S005-P0017,Toys,83,106,34.31,34.870000000000005,87.14144
2024-01-18,S005-P0017,Toys,149,108,44.49,34.870000000000005,84.211716
2024-01-19,S005-P0017,Toys,99,164,36.29,34.870000000000005,88.58462
2024-01-20,S005-P0017,Toys,156,170,40.59,34.870000000000005,120.323364
2024-01-21,S005-P0017,Toys,118,194,38.45,34.870000000000005,124.99535
2024-01-22,S005-P0017,Toys,124,64,32.57,34.870000000000005,130.29808
2024-01-23,S005-P0017,Toys,30,104,28.01,34.870000000000005,97.19249
2024-01-24,S005-P0017,Toys,93,71,29.49,34.870000000000005,122.70516
2024-01-25,S005-P0017,Toys,117,101,40.46,34.870000000000005,86.09274
2024-01-26,S005-P0017,Toys,75,147,35.19,34.870000000000005,95.64575
2024-01-27,S005-P0017,Toys,111,162,35.64,34.870000000000005,121.94532
2024-01-28,S005-P0017,Toys,106,150,33.15,34.870000000000005,119.33524
2024-01-29,S005-P0017,Toys,132,137,44.56,34.870000000000005,92.46284
2024-01-30,S005-P0017,Toys,137,137,42.92,34.870000000000005,96.248695
2023-10-03,S005-P0018,Clothing,214,166,30.39,21.98,95.96097
2023-10-04,S005-P0018,Clothing,91,174,19.31,21.98,99.6317
2023-10-05,S005-P0018,Clothing,30,100,13.49,21.98,133.48193
2023-10-06,S005-P0018,Clothing,122,78,23.72,21.98,98.835365
2023-10-07,S005-P0018,Clothing,109,112,18.24,21.98,83.65817
2023-10-08,S005-P0018,Clothing,150,125,20.33,21.98,89.23226
2023-10-09,S005-P0018,Clothing,160,157,25.15,21.98,71.10749
2023-10-10,S005-P0018,Clothing,190,175,27.15,21.98,77.63058
2023-10-11,S005-P0018,Clothing,139,153,24.98,21.98,91.72803
2023-10-12,S005-P0018,Clothing,98,201,18.5,21.98,123.07392
2023-10-13,S005-P0018,Clothing,192,103,27.33,21.98,121.27397
2023-10-14,S005-P0018,Clothing,189,190,30.12,21.98,103.023705
2023-10-15,S005-P0018,Clothing,209,185,27.03,21.98,132.03404
2023-10-16,S005-P0018,Clothing,134,235,24.64,21.98,109.13067
2023-10-17,S005-P0018,Clothing,72,114,18.09,21.98,110.74543
2023-10-18,S005-P0018,Clothing,139,127,26.32,21.98,106.3729
2023-10-19,S005-P0018,Clothing,260,151,31.99,21.98,134.2614
2023-10-20,S005-P0018,Clothing,170,229,24.47,21.98,139.02576
2023-10-21,S005-P0018,Clothing,75,31,19.31,21.98,114.73466
2023-10-22,S005-P0018,Clothing,133,62,24.53,21.98,111.817116
2023-10-23,S005-P0018,Clothing,88,158,20.23,21.98,114.1584
2023-10-24,S005-P0018,Clothing,115,85,21.98,21.98,110.627594
2023-10-25,S005-P0018,Clothing,73,101,21.24,21.98,136.46931
2023-10-26,S005-P0018,Clothing,141,115,23.84,21.98,132.86888
2023-10-27,S005-P0018,Clothing,79,138,19.56,21.98,131.79015
2023-10-28,S005-P0018,Clothing,136,68,20.85,21.98,156.80797
2023-10-29,S005-P0018,Clothing,146,155,24.15,21.98,125.949745
2023-10-30,S005-P0018,Clothing,74,150,18.23,21.98,127.56184
2023-10-31,S005-P0018,Clothing,109,98,22.77,21.98,124.60798
2023-11-01,S005-P0018,Clothing,79,136,20.63,21.98,124.675026
2023-11-02,S005-P0018,Clothing,142,83,21.19,21.98,151.19315
2023-11-03,S005-P0018,Clothing,172,154,25.95,21.98,147.64174
2023-11-04,S005-P0018,Clothing,79,204,19.54,21.98,123.89912
2023-11-05,S005-P0018,Clothing,103,149,18.82,21.98,144.77505
2023-11-06,S005-P0018,Clothing,91,157,21.52,21.98,116.97843
2023-11-07,S005-P0018,Clothing,105,58,22.47,21.98,115.64521
2023-11-08,S005-P0018,Clothing,191,104,22.72,21.98,140.61778
2023-11-09,S005-P0018,Clothing,166,162,24.22,21.98,142.84949
2023-11-10,S005-P0018,Clothing,110,220,24.09,21.98,115.80384
2023-11-11,S005-P0018,Clothing,159,141,26.42,21.98,112.28604
2023-11-12,S005-P0018,Clothing,74,130,15.97,21.98,148.75157
2023-11-13,S005-P0018,Clothing,169,74,27.14,21.98,113.390495
2023-11-14,S005-P0018,Clothing,62,186,17.43,21.98,118.655785
2023-11-15,S005-P0018,Clothing,101,116,19.99,21.98,147.20638
2023-11-16,S005-P0018,Clothing,101,156,22.19,21.98,113.157776
2023-11-17,S005-P0018,Clothing,132,64,24.44,21.98,115.19375
2023-11-18,S005-P0018,Clothing,49,121,17.49,21.98,109.489204
2023-11-19,S005-P0018,Clothing,152,71,23.34,21.98,139.2021
2023-11-20,S005-P0018,Clothing,144,177,25.36,21.98,107.51384
2023-11-21,S005-P0018,Clothing,140,186,25.05,21.98,112.7093
2023-11-22,S005-P0018,Clothing,162,228,22.45,21.98,140.38213
2023-11-23,S005-P0018,Clothing,146,43,26.78,21.98,113.89969
2023-11-24,S005-P0018,Clothing,86,172,19.99,21.98,113.42452
2023-11-25,S005-P0018,Clothing,89,106,17.07,21.98,144.44548
2023-11-26,S005-P0018,Clothing,86,108,20.0,21.98,113.994896
2023-11-27,S005-P0018,Clothing,103,130,21.27,21.98,110.46705
2023-11-28,S005-P0018,Clothing,122,160,23.72,21.98,107.68683
2023-11-29,S005-P0018,Clothing,103,159,21.16,21.98,109.62533
2023-11-30,S005-P0018,Clothing,87,38,21.16,21.98,109.68035
2023-12-01,S005-P0018,Clothing,144,95,22.83,21.98,108.97744
2023-12-02,S005-P0018,Clothing,193,135,25.85,21.98,141.8073
2023-12-03,S005-P0018,Clothing,122,185,22.55,21.98,114.53112
2023-12-04,S005-P0018,Clothing,68,55,20.83,21.98,114.40587
2023-12-05,S005-P0018,Clothing,176,83,23.53,21.98,140.40938
2023-12-06,S005-P0018,Clothing,118,158,23.42,21.98,113.04658
2023-12-07,S005-P0018,Clothing,131,181,25.68,21.98,115.72124
2023-12-08,S005-P0018,Clothing,176,102,27.69,21.98,112.64709
2023-12-09,S005-P0018,Clothing,108,203,22.75,21.98,117.37347
2023-12-10,S005-P0018,Clothing,106,85,18.98,21.98,148.48116
2023-12-11,S005-P0018,Clothing,74,107,20.25,21.98,119.9362
2023-12-12,S005-P0018,Clothing,82,105,21.91,21.98,117.28388
2023-12-13,S005-P0018,Clothing,145,106,19.07,21.98,133.66016
2023-12-14,S005-P0018,Clothing,175,157,26.17,21.98,111.23726
2023-12-15,S005-P0018,Clothing,171,187,21.57,21.98,141.91156
2023-12-16,S005-P0018,Clothing,121,200,21.31,21.98,116.5277
2023-12-17,S005-P0018,Clothing,47,126,16.45,21.98,145.12343
2023-12-18,S005-P0018,Clothing,77,95,20.48,21.98,115.23715
2023-12-19,S005-P0018,Clothing,82,124,19.76,21.98,134.54349
2023-12-20,S005-P0018,Clothing,150,121,24.39,21.98,108.64867
2023-12-21,S005-P0018,Clothing,87,123,19.07,21.98,137.2598
2023-12-22,S005-P0018,Clothing,197,128,27.71,21.98,111.33349
2023-12-23,S005-P0018,Clothing,130,227,20.45,21.98,141.70625
2023-12-24,S005-P0018,Clothing,174,98,26.11,21.98,122.00662
2023-12-25,S005-P0018,Clothing,101,174,22.22,21.98,115.45482
2023-12-26,S005-P0018,Clothing,68,79,17.86,21.98,123.87586
2023-12-27,S005-P0018,Clothing,60,79,19.2,21.98,76.448654
2023-12-28,S005-P0018,Clothing,193,70,24.54,21.98,93.56209
2023-12-29,S005-P0018,Clothing,194,166,27.47,21.98,83.04636
2023-12-30,S005-P0018,Clothing,138,175,24.91,21.98,99.97993
2023-12-31,S005-P0018,Clothing,197,207,27.74,21.98,100.66524
2024-01-01,S005-P0018,Clothing,172,188,25.91,21.98,138.49571
2024-01-02,S005-P0018,Clothing,128,157,21.75,21.98,116.409584
2024-01-03,S005-P0018,Clothing,83,168,18.83,21.98,117.438194
2024-01-04,S005-P0018,Clothing,168,72,21.65,21.98,131.33301
2024-01-05,S005-P0018,Clothing,217,141,29.03,21.98,135.64761
2024-01-06,S005-P0018,Clothing,155,174,23.54,21.98,118.417015
2024-01-07,S005-P0018,Clothing,86,172,21.13,21.98,121.02411
2024-01-08,S005-P0018,Clothing,79,96,18.55,21.98,113.870735
2024-01-09,S005-P0018,Clothing,61,95,18.34,21.98,135.22563
2024-01-10,S005-P0018,Clothing,83,93,20.89,21.98,133.63466
2024-01-11,S005-P0018,Clothing,78,94,17.32,21.98,154.7055
2024-01-12,S005-P0018,Clothing,72,94,16.92,21.98,149.84834
2024-01-13,S005-P0018,Clothing,123,78,21.45,21.98,115.68344
2024-01-14,S005-P0018,Clothing,83,148,19.86,21.98,116.09582
2024-01-15,S005-P0018,Clothing,96,78,21.88,21.98,117.44085
2024-01-16,S005-P0018,Clothing,115,104,22.06,21.98,111.675446
2024-01-17,S005-P0018,Clothing,184,116,28.23,21.98,111.70546
2024-01-18,S005-P0018,Clothing,146,202,25.45,21.98,115.33373
2024-01-19,S005-P0018,Clothing,151,92,23.09,21.98,150.17094
2024-01-20,S005-P0018,Clothing,135,134,24.66,21.98,119.482155
2024-01-21,S005-P0018,Clothing,121,176,21.33,21.98,121.6114
2024-01-22,S005-P0018,Clothing,260,44,25.35,21.98,154.19374
2024-01-23,S005-P0018,Clothing,144,280,25.31,21.98,129.84802
2024-01-24,S005-P0018,Clothing,139,172,22.45,21.98,129.35136
2024-01-25,S005-P0018,Clothing,175,165,26.18,21.98,127.19533
2024-01-26,S005-P0018,Clothing,135,165,18.54,21.98,168.90721
2024-01-27,S005-P0018,Clothing,136,214,22.13,21.98,162.38115
2024-01-28,S005-P0018,Clothing,115,113,20.79,21.98,161.21837
2024-01-29,S005-P0018,Clothing,202,143,27.99,21.98,122.930954
2024-01-30,S005-P0018,Clothing,68,197,17.81,21.98,128.91844
2023-10-03,S005-P0019,Furniture,82,140,143.38,128.62,80.09384
2023-10-04,S005-P0019,Furniture,89,191,146.65,128.62,81.63659
2023-10-05,S005-P0019,Furniture,48,107,132.69,128.62,80.76823
2023-10-06,S005-P0019,Furniture,75,268,125.95,128.62,80.83053
2023-10-07,S005-P0019,Furniture,31,208,100.03,128.62,53.946552
2023-10-08,S005-P0019,Furniture,34,179,101.18,128.62,48.14304
2023-10-09,S005-P0019,Furniture,48,151,112.93,128.62,42.589973
2023-10-10,S005-P0019,Furniture,20,116,106.41,128.62,33.780514
2023-10-11,S005-P0019,Furniture,48,183,119.93,128.62,31.403616
2023-10-12,S005-P0019,Furniture,51,146,107.64,128.62,44.665363
2023-10-13,S005-P0019,Furniture,31,94,111.71,128.62,45.130592
2023-10-14,S005-P0019,Furniture,22,151,119.37,128.62,34.297726
2023-10-15,S005-P0019,Furniture,9,134,112.59,128.62,34.4313
2023-10-16,S005-P0019,Furniture,46,126,125.03,128.62,32.57916
2023-10-17,S005-P0019,Furniture,53,86,115.81,128.62,45.11983
2023-10-18,S005-P0019,Furniture,46,98,125.15,128.62,36.23512
2023-10-19,S005-P0019,Furniture,32,163,106.6,128.62,50.588326
2023-10-20,S005-P0019,Furniture,41,131,110.63,128.62,35.61385
2023-10-21,S005-P0019,Furniture,59,94,118.4,128.62,46.122105
2023-10-22,S005-P0019,Furniture,39,141,121.56,128.62,38.06737
2023-10-23,S005-P0019,Furniture,26,110,121.37,128.62,39.258495
2023-10-24,S005-P0019,Furniture,32,87,118.19,128.62,37.92389
2023-10-25,S005-P0019,Furniture,70,52,137.11,128.62,77.91057
2023-10-26,S005-P0019,Furniture,47,66,99.33,128.62,108.67269
2023-10-27,S005-P0019,Furniture,132,131,168.18,128.62,77.26656
2023-10-28,S005-P0019,Furniture,124,43,155.33,128.62,113.36417
2023-10-29,S005-P0019,Furniture,75,214,132.33,128.62,84.00578
2023-10-30,S005-P0019,Furniture,57,403,137.73,128.62,87.864296
2023-10-31,S005-P0019,Furniture,59,362,131.91,128.62,84.54884
2023-11-01,S005-P0019,Furniture,146,317,140.24,128.62,109.91934
2023-11-02,S005-P0019,Furniture,61,163,112.85,128.62,112.37937
2023-11-03,S005-P0019,Furniture,54,370,122.91,128.62,85.97637
2023-11-04,S005-P0019,Furniture,74,315,111.22,128.62,105.24658
2023-11-05,S005-P0019,Furniture,73,228,124.67,128.62,82.65331
2023-11-06,S005-P0019,Furniture,77,173,148.3,128.62,83.74363
2023-11-07,S005-P0019,Furniture,80,125,134.91,128.62,82.71028
2023-11-08,S005-P0019,Furniture,73,223,138.49,128.62,80.892044
2023-11-09,S005-P0019,Furniture,46,150,125.01,128.62,83.24926
2023-11-10,S005-P0019,Furniture,70,102,115.62,128.62,102.64055
2023-11-11,S005-P0019,Furniture,51,19,121.2,128.62,77.633766
2023-11-12,S005-P0019,Furniture,93,160,148.69,128.62,76.5926
2023-11-13,S005-P0019,Furniture,73,50,124.79,128.62,77.56513
2023-11-14,S005-P0019,Furniture,41,193,116.58,128.62,78.14046
2023-11-15,S005-P0019,Furniture,114,155,143.43,128.62,100.72618
2023-11-16,S005-P0019,Furniture,72,39,131.09,128.62,77.487274
2023-11-17,S005-P0019,Furniture,87,225,153.15,128.62,80.86163
2023-11-18,S005-P0019,Furniture,90,127,139.5,128.62,102.899925
2023-11-19,S005-P0019,Furniture,96,205,158.09,128.62,77.85186
2023-11-20,S005-P0019,Furniture,85,140,152.1,128.62,79.898964
2023-11-21,S005-P0019,Furniture,95,236,112.26,128.62,104.16208
2023-11-22,S005-P0019,Furniture,112,140,141.48,128.62,107.44811
2023-11-23,S005-P0019,Furniture,84,218,144.18,128.62,82.21609
2023-11-24,S005-P0019,Furniture,76,162,133.16,128.62,82.15342
2023-11-25,S005-P0019,Furniture,85,274,130.39,128.62,82.12502
2023-11-26,S005-P0019,Furniture,135,189,152.55,128.62,110.18445
2023-11-27,S005-P0019,Furniture,101,83,129.87,128.62,111.221985
2023-11-28,S005-P0019,Furniture,47,293,125.51,128.62,85.93716
2023-11-29,S005-P0019,Furniture,70,255,123.61,128.62,81.13485
2023-11-30,S005-P0019,Furniture,56,179,130.32,128.62,82.66992
2023-12-01,S005-P0019,Furniture,83,120,136.22,128.62,79.72872
2023-12-02,S005-P0019,Furniture,96,34,127.6,128.62,105.72631
2023-12-03,S005-P0019,Furniture,41,155,92.19,128.62,105.56498
2023-12-04,S005-P0019,Furniture,77,287,140.49,128.62,76.63621
2023-12-05,S005-P0019,Furniture,86,207,145.38,128.62,78.370674
2023-12-06,S005-P0019,Furniture,128,131,149.45,128.62,105.63497
2023-12-07,S005-P0019,Furniture,51,170,127.71,128.62,79.92696
2023-12-08,S005-P0019,Furniture,60,340,125.39,128.62,80.265205
2023-12-09,S005-P0019,Furniture,44,285,130.79,128.62,78.298485
2023-12-10,S005-P0019,Furniture,111,257,149.49,128.62,74.281654
2023-12-11,S005-P0019,Furniture,94,146,157.03,128.62,79.06396
2023-12-12,S005-P0019,Furniture,86,294,114.77,128.62,104.119514
2023-12-13,S005-P0019,Furniture,126,201,132.21,128.62,106.756935
2023-12-14,S005-P0019,Furniture,63,52,140.57,128.62,84.07452
2023-12-15,S005-P0019,Furniture,112,310,150.06,128.62,84.83258
2023-12-16,S005-P0019,Furniture,95,188,142.24,128.62,83.51623
2023-12-17,S005-P0019,Furniture,135,112,143.03,128.62,114.243706
2023-12-18,S005-P0019,Furniture,85,198,129.51,128.62,114.89852
2023-12-19,S005-P0019,Furniture,86,424,137.54,128.62,90.59183
2023-12-20,S005-P0019,Furniture,41,339,110.38,128.62,85.91424
2023-12-21,S005-P0019,Furniture,103,301,115.41,128.62,111.17455
2023-12-22,S005-P0019,Furniture,52,199,121.79,128.62,81.89826
2023-12-23,S005-P0019,Furniture,80,163,120.75,128.62,110.32092
2023-12-24,S005-P0019,Furniture,88,93,146.07,128.62,76.17471
2023-12-25,S005-P0019,Furniture,66,189,134.99,128.62,83.09803
2023-12-26,S005-P0019,Furniture,66,145,128.45,128.62,78.60409
2023-12-27,S005-P0019,Furniture,32,69,100.29,128.62,49.4195
2023-12-28,S005-P0019,Furniture,16,164,99.15,128.62,36.396557
2023-12-29,S005-P0019,Furniture,37,145,120.71,128.62,30.80826
2023-12-30,S005-P0019,Furniture,50,107,127.02,128.62,29.807465
2023-12-31,S005-P0019,Furniture,37,63,114.49,128.62,30.553165
2024-01-01,S005-P0019,Furniture,40,117,128.77,128.62,32.322742
2024-01-02,S005-P0019,Furniture,32,84,112.15,128.62,33.21599
2024-01-03,S005-P0019,Furniture,17,154,116.39,128.62,33.480618
2024-01-04,S005-P0019,Furniture,7,136,111.11,128.62,31.90983
2024-01-05,S005-P0019,Furniture,25,130,86.22,128.62,36.650013
2024-01-06,S005-P0019,Furniture,42,114,123.1,128.62,29.423256
2024-01-07,S005-P0019,Furniture,37,73,108.69,128.62,39.776134
2024-01-08,S005-P0019,Furniture,52,106,114.69,128.62,41.574287
2024-01-09,S005-P0019,Furniture,129,69,141.83,128.62,101.3058
2024-01-10,S005-P0019,Furniture,39,111,121.62,128.62,79.24522
2024-01-11,S005-P0019,Furniture,84,299,129.69,128.62,84.21582
2024-01-12,S005-P0019,Furniture,82,200,150.83,128.62,82.97695
2024-01-13,S005-P0019,Furniture,113,145,125.41,128.62,107.85947
2024-01-14,S005-P0019,Furniture,71,233,144.92,128.62,83.703125
2024-01-15,S005-P0019,Furniture,25,191,108.52,128.62,85.27748
2024-01-16,S005-P0019,Furniture,64,169,134.18,128.62,81.765656
2024-01-17,S005-P0019,Furniture,69,127,136.88,128.62,76.27477
2024-01-18,S005-P0019,Furniture,143,216,156.16,128.62,102.345795
2024-01-19,S005-P0019,Furniture,88,107,139.07,128.62,75.52194
2024-01-20,S005-P0019,Furniture,72,338,138.09,128.62,82.206764
2024-01-21,S005-P0019,Furniture,114,261,158.93,128.62,83.5024
2024-01-22,S005-P0019,Furniture,149,188,139.5,128.62,115.81683
2024-01-23,S005-P0019,Furniture,51,304,114.84,128.62,89.0272
2024-01-24,S005-P0019,Furniture,89,252,123.5,128.62,117.77835
2024-01-25,S005-P0019,Furniture,97,147,126.82,128.62,112.95407
2024-01-26,S005-P0019,Furniture,89,83,139.19,128.62,115.236244
2024-01-27,S005-P0019,Furniture,63,194,120.38,128.62,85.36668
2024-01-28,S005-P0019,Furniture,77,133,140.55,128.62,86.837364
2024-01-29,S005-P0019,Furniture,63,41,120.56,128.62,82.28231
2024-01-30,S005-P0019,Furniture,84,125,151.72,128.62,86.21438
2023-10-03,S005-P0020,Toys,114,131,31.2,28.615000000000002,91.426704
2023-10-04,S005-P0020,Toys,120,178,30.13,28.615000000000002,91.75697
2023-10-05,S005-P0020,Toys,96,181,27.96,28.615000000000002,123.232185
2023-10-06,S005-P0020,Toys,66,116,26.47,28.615000000000002,123.42492
2023-10-07,S005-P0020,Toys,37,110,23.6,28.615000000000002,54.55647
2023-10-08,S005-P0020,Toys,22,127,23.39,28.615000000000002,52.29981
2023-10-09,S005-P0020,Toys,47,105,24.59,28.615000000000002,47.002365
2023-10-10,S005-P0020,Toys,25,129,22.48,28.615000000000002,49.985924
2023-10-11,S005-P0020,Toys,26,102,21.45,28.615000000000002,42.083523
2023-10-12,S005-P0020,Toys,42,82,24.12,28.615000000000002,41.50635
2023-10-13,S005-P0020,Toys,49,104,20.71,28.615000000000002,53.116024
2023-10-14,S005-P0020,Toys,10,100,23.31,28.615000000000002,41.72115
2023-10-15,S005-P0020,Toys,32,89,25.72,28.615000000000002,39.43011
2023-10-16,S005-P0020,Toys,37,117,23.61,28.615000000000002,48.670998
2023-10-17,S005-P0020,Toys,52,93,25.14,28.615000000000002,38.296337
2023-10-18,S005-P0020,Toys,18,85,18.11,28.615000000000002,53.206585
2023-10-19,S005-P0020,Toys,35,118,24.69,28.615000000000002,35.813763
2023-10-20,S005-P0020,Toys,15,88,21.5,28.615000000000002,37.00904
2023-10-21,S005-P0020,Toys,43,127,20.19,28.615000000000002,47.472214
2023-10-22,S005-P0020,Toys,32,101,23.22,28.615000000000002,36.250053
2023-10-23,S005-P0020,Toys,40,132,21.43,28.615000000000002,47.630096
2023-10-24,S005-P0020,Toys,14,87,21.39,28.615000000000002,35.720406
2023-10-25,S005-P0020,Toys,156,128,33.34,28.615000000000002,105.85795
2023-10-26,S005-P0020,Toys,141,136,28.13,28.615000000000002,116.33614
2023-10-27,S005-P0020,Toys,116,145,31.35,28.615000000000002,116.017494
2023-10-28,S005-P0020,Toys,107,171,30.51,28.615000000000002,92.85738
2023-10-29,S005-P0020,Toys,31,193,24.35,28.615000000000002,89.117874
2023-10-30,S005-P0020,Toys,67,173,28.05,28.615000000000002,91.07433
2023-10-31,S005-P0020,Toys,36,101,23.61,28.615000000000002,88.63984
2023-11-01,S005-P0020,Toys,36,115,22.38,28.615000000000002,84.21075
2023-11-02,S005-P0020,Toys,72,74,24.25,28.615000000000002,103.93206
2023-11-03,S005-P0020,Toys,111,73,27.72,28.615000000000002,104.09826
2023-11-04,S005-P0020,Toys,101,112,31.55,28.615000000000002,81.14049
2023-11-05,S005-P0020,Toys,88,108,28.66,28.615000000000002,84.41564
2023-11-06,S005-P0020,Toys,75,127,27.32,28.615000000000002,83.25298
2023-11-07,S005-P0020,Toys,136,101,31.6,28.615000000000002,86.52945
2023-11-08,S005-P0020,Toys,110,150,30.88,28.615000000000002,86.161964
2023-11-09,S005-P0020,Toys,91,189,27.5,28.615000000000002,87.97967
2023-11-10,S005-P0020,Toys,86,82,28.46,28.615000000000002,117.433876
2023-11-11,S005-P0020,Toys,83,108,29.68,28.615000000000002,91.20701
2023-11-12,S005-P0020,Toys,98,130,28.08,28.615000000000002,91.88008
2023-11-13,S005-P0020,Toys,85,126,29.85,28.615000000000002,91.44132
2023-11-14,S005-P0020,Toys,76,138,27.52,28.615000000000002,89.75469
2023-11-15,S005-P0020,Toys,59,142,21.8,28.615000000000002,118.11101
2023-11-16,S005-P0020,Toys,98,91,31.19,28.615000000000002,88.68292
2023-11-17,S005-P0020,Toys,134,121,27.99,28.615000000000002,118.4521
2023-11-18,S005-P0020,Toys,47,120,25.96,28.615000000000002,87.025536
2023-11-19,S005-P0020,Toys,39,123,23.85,28.615000000000002,88.30759
2023-11-20,S005-P0020,Toys,68,80,28.09,28.615000000000002,82.08951
2023-11-21,S005-P0020,Toys,80,77,26.32,28.615000000000002,107.73408
2023-11-22,S005-P0020,Toys,68,116,29.57,28.615000000000002,78.983505
2023-11-23,S005-P0020,Toys,83,132,28.15,28.615000000000002,78.98989
2023-11-24,S005-P0020,Toys,124,130,35.69,28.615000000000002,79.88529
2023-11-25,S005-P0020,Toys,76,123,27.45,28.615000000000002,111.15753
2023-11-26,S005-P0020,Toys,95,123,27.85,28.615000000000002,110.404076
2023-11-27,S005-P0020,Toys,40,128,19.94,28.615000000000002,111.05935
2023-11-28,S005-P0020,Toys,75,89,24.29,28.615000000000002,108.35464
2023-11-29,S005-P0020,Toys,65,84,27.86,28.615000000000002,80.74901
2023-11-30,S005-P0020,Toys,70,83,28.35,28.615000000000002,83.07069
2023-12-01,S005-P0020,Toys,35,93,23.41,28.615000000000002,76.81884
2023-12-02,S005-P0020,Toys,103,111,26.74,28.615000000000002,100.40652
2023-12-03,S005-P0020,Toys,80,90,26.4,28.615000000000002,75.232414
2023-12-04,S005-P0020,Toys,85,77,23.57,28.615000000000002,103.35589
2023-12-05,S005-P0020,Toys,151,89,30.9,28.615000000000002,102.05505
2023-12-06,S005-P0020,Toys,48,178,23.32,28.615000000000002,107.48026
2023-12-07,S005-P0020,Toys,69,129,28.21,28.615000000000002,83.93676
2023-12-08,S005-P0020,Toys,116,152,26.1,28.615000000000002,100.85543
2023-12-09,S005-P0020,Toys,48,175,20.62,28.615000000000002,107.86691
2023-12-10,S005-P0020,Toys,77,125,29.04,28.615000000000002,76.43282
2023-12-11,S005-P0020,Toys,67,156,22.47,28.615000000000002,103.261086
2023-12-12,S005-P0020,Toys,62,76,26.11,28.615000000000002,75.35087
2023-12-13,S005-P0020,Toys,96,89,29.43,28.615000000000002,78.49041
2023-12-14,S005-P0020,Toys,85,105,29.85,28.615000000000002,78.534706
2023-12-15,S005-P0020,Toys,116,82,31.32,28.615000000000002,78.860664
2023-12-16,S005-P0020,Toys,149,95,32.87,28.615000000000002,80.989944
2023-12-17,S005-P0020,Toys,93,164,32.3,28.615000000000002,86.88134
2023-12-18,S005-P0020,Toys,157,157,33.58,28.615000000000002,116.31928
2023-12-19,S005-P0020,Toys,91,183,29.02,28.615000000000002,90.610954
2023-12-20,S005-P0020,Toys,117,109,31.55,28.615000000000002,92.9496
2023-12-21,S005-P0020,Toys,77,159,29.12,28.615000000000002,92.32715
2023-12-22,S005-P0020,Toys,115,80,26.07,28.615000000000002,124.21833
2023-12-23,S005-P0020,Toys,129,137,32.59,28.615000000000002,121.43803
2023-12-24,S005-P0020,Toys,84,147,31.34,28.615000000000002,97.96608
2023-12-25,S005-P0020,Toys,95,123,32.6,28.615000000000002,98.02337
2023-12-26,S005-P0020,Toys,93,134,30.71,28.615000000000002,96.048965
2023-12-27,S005-P0020,Toys,40,158,25.25,28.615000000000002,60.831345
2023-12-28,S005-P0020,Toys,28,126,23.97,28.615000000000002,54.112732
2023-12-29,S005-P0020,Toys,10,107,22.15,28.615000000000002,45.739418
2023-12-30,S005-P0020,Toys,35,99,23.45,28.615000000000002,38.601368
2023-12-31,S005-P0020,Toys,18,127,21.83,28.615000000000002,35.141125
2024-01-01,S005-P0020,Toys,16,107,22.74,28.615000000000002,33.278225
2024-01-02,S005-P0020,Toys,53,93,23.94,28.615000000000002,38.902184
2024-01-03,S005-P0020,Toys,25,87,22.55,28.615000000000002,32.84773
2024-01-04,S005-P0020,Toys,10,111,22.14,28.615000000000002,35.133255
2024-01-05,S005-P0020,Toys,39,102,18.9,28.615000000000002,41.719704
2024-01-06,S005-P0020,Toys,59,106,24.53,28.615000000000002,39.665714
2024-01-07,S005-P0020,Toys,34,111,23.29,28.615000000000002,37.76238
2024-01-08,S005-P0020,Toys,14,76,20.32,28.615000000000002,47.822674
2024-01-09,S005-P0020,Toys,125,111,34.01,28.615000000000002,75.38525
2024-01-10,S005-P0020,Toys,83,135,28.21,28.615000000000002,87.36489
2024-01-11,S005-P0020,Toys,80,157,29.38,28.615000000000002,92.13863
2024-01-12,S005-P0020,Toys,79,72,26.32,28.615000000000002,89.26636
2024-01-13,S005-P0020,Toys,116,90,31.4,28.615000000000002,91.904335
2024-01-14,S005-P0020,Toys,116,152,27.9,28.615000000000002,119.864204
2024-01-15,S005-P0020,Toys,73,158,27.1,28.615000000000002,93.86784
2024-01-16,S005-P0020,Toys,89,102,28.78,28.615000000000002,88.407455
2024-01-17,S005-P0020,Toys,108,114,32.3,28.615000000000002,90.02772
2024-01-18,S005-P0020,Toys,169,134,32.76,28.615000000000002,119.98082
2024-01-19,S005-P0020,Toys,68,225,28.11,28.615000000000002,94.13188
2024-01-20,S005-P0020,Toys,117,170,29.85,28.615000000000002,91.720665
2024-01-21,S005-P0020,Toys,68,181,23.89,28.615000000000002,127.69963
2024-01-22,S005-P0020,Toys,112,121,27.78,28.615000000000002,126.8248
2024-01-23,S005-P0020,Toys,97,133,29.56,28.615000000000002,93.90278
2024-01-24,S005-P0020,Toys,121,110,26.86,28.615000000000002,123.436066
2024-01-25,S005-P0020,Toys,63,164,24.89,28.615000000000002,94.197136
2024-01-26,S005-P0020,Toys,134,99,34.99,28.615000000000002,95.62779
2024-01-27,S005-P0020,Toys,38,133,22.55,28.615000000000002,95.84591
2024-01-28,S005-P0020,Toys,130,105,30.87,28.615000000000002,125.33335
2024-01-29,S005-P0020,Toys,105,144,31.95,28.615000000000002,92.23601
2024-01-30,S005-P0020,Toys,73,126,25.78,28.615000000000002,97.79863
