data,sku,categoria,demanda,estoque,preco,preco_ref,pred
2023-10-03,S001-P0001,Electronics,72,100,69.78,66.465,96.96045
2023-10-04,S001-P0001,Electronics,90,335,70.52,66.465,98.08611
2023-10-05,S001-P0001,Electronics,78,236,64.25,66.465,86.86245
2023-10-06,S001-P0001,Electronics,80,186,61.29,66.465,97.10344
2023-10-07,S001-P0001,Electronics,58,289,56.62,66.465,45.81526
2023-10-08,S001-P0001,Electronics,23,239,51.89,66.465,53.45789
2023-10-09,S001-P0001,Electronics,44,220,50.11,66.465,67.08704
2023-10-10,S001-P0001,Electronics,43,178,56.24,66.465,45.863594
2023-10-11,S001-P0001,Electronics,82,126,68.63,66.465,56.918404
2023-10-12,S001-P0001,Electronics,49,132,45.63,66.465,62.176743
2023-10-13,S001-P0001,Electronics,38,279,55.13,66.465,47.447388
2023-10-14,S001-P0001,Electronics,34,245,54.3,66.465,46.069195
2023-10-15,S001-P0001,Electronics,28,220,52.8,66.465,49.130028
2023-10-16,S001-P0001,Electronics,46,196,63.18,66.465,45.85048
2023-10-17,S001-P0001,Electronics,66,168,61.48,66.465,76.567604
2023-10-18,S001-P0001,Electronics,20,126,48.5,66.465,46.268726
2023-10-19,S001-P0001,Electronics,53,229,46.32,66.465,78.156334
2023-10-20,S001-P0001,Electronics,77,167,60.71,66.465,75.31961
2023-10-21,S001-P0001,Electronics,36,78,51.79,66.465,56.916924
2023-10-22,S001-P0001,Electronics,47,214,57.28,66.465,53.45789
2023-10-23,S001-P0001,Electronics,101,171,61.6,66.465,67.08704
2023-10-24,S001-P0001,Electronics,53,62,61.7,66.465,45.980568
2023-10-25,S001-P0001,Electronics,152,182,76.92,66.465,123.28291
2023-10-26,S001-P0001,Electronics,106,68,55.83,66.465,123.59855
2023-10-27,S001-P0001,Electronics,143,288,78.95,66.465,106.68314
2023-10-28,S001-P0001,Electronics,114,143,80.26,66.465,107.76145
2023-10-29,S001-P0001,Electronics,162,285,87.76,66.465,105.596565
2023-10-30,S001-P0001,Electronics,109,181,75.22,66.465,87.71815
2023-10-31,S001-P0001,Electronics,66,393,68.12,66.465,87.32423
2023-11-01,S001-P0001,Electronics,99,346,54.56,66.465,117.33869
2023-11-02,S001-P0001,Electronics,128,245,83.79,66.465,104.49186
2023-11-03,S001-P0001,Electronics,137,102,65.53,66.465,111.118004
2023-11-04,S001-P0001,Electronics,120,269,73.56,66.465,83.7248
2023-11-05,S001-P0001,Electronics,105,444,70.31,66.465,84.94867
2023-11-06,S001-P0001,Electronics,97,354,76.05,66.465,84.27478
2023-11-07,S001-P0001,Electronics,99,255,65.04,66.465,110.77682
2023-11-08,S001-P0001,Electronics,144,187,71.06,66.465,141.57613
2023-11-09,S001-P0001,Electronics,117,259,81.04,66.465,84.39077
2023-11-10,S001-P0001,Electronics,77,450,70.95,66.465,87.551865
2023-11-11,S001-P0001,Electronics,91,394,74.61,66.465,86.16002
2023-11-12,S001-P0001,Electronics,95,308,64.26,66.465,110.48464
2023-11-13,S001-P0001,Electronics,35,227,45.27,66.465,128.23578
2023-11-14,S001-P0001,Electronics,122,196,74.19,66.465,85.182816
2023-11-15,S001-P0001,Electronics,90,99,63.41,66.465,84.68124
2023-11-16,S001-P0001,Electronics,164,276,66.28,66.465,129.71242
2023-11-17,S001-P0001,Electronics,102,90,69.56,66.465,84.16993
2023-11-18,S001-P0001,Electronics,106,269,62.72,66.465,111.58888
2023-11-19,S001-P0001,Electronics,127,199,79.47,66.465,106.94266
2023-11-20,S001-P0001,Electronics,132,314,72.66,66.465,112.60601
2023-11-21,S001-P0001,Electronics,56,192,56.23,66.465,105.88533
2023-11-22,S001-P0001,Electronics,100,430,65.68,66.465,96.84377
2023-11-23,S001-P0001,Electronics,71,324,66.1,66.465,83.619064
2023-11-24,S001-P0001,Electronics,56,244,62.5,66.465,97.23414
2023-11-25,S001-P0001,Electronics,107,210,78.53,66.465,84.460625
2023-11-26,S001-P0001,Electronics,148,94,71.06,66.465,137.68245
2023-11-27,S001-P0001,Electronics,88,196,73.78,66.465,103.69994
2023-11-28,S001-P0001,Electronics,139,347,82.38,66.465,85.5595
2023-11-29,S001-P0001,Electronics,148,240,89.0,66.465,106.83366
2023-11-30,S001-P0001,Electronics,99,443,72.7,66.465,94.73722
2023-12-01,S001-P0001,Electronics,109,326,79.16,66.465,103.90841
2023-12-02,S001-P0001,Electronics,160,202,74.29,66.465,124.13463
2023-12-03,S001-P0001,Electronics,119,43,73.4,66.465,95.8863
2023-12-04,S001-P0001,Electronics,73,275,59.94,66.465,122.529305
2023-12-05,S001-P0001,Electronics,24,407,54.67,66.465,97.874664
2023-12-06,S001-P0001,Electronics,142,385,74.73,66.465,108.47307
2023-12-07,S001-P0001,Electronics,131,264,84.62,66.465,95.428825
2023-12-08,S001-P0001,Electronics,147,165,79.68,66.465,123.52706
2023-12-09,S001-P0001,Electronics,99,237,65.53,66.465,86.23446
2023-12-10,S001-P0001,Electronics,127,129,62.63,66.465,106.93325
2023-12-11,S001-P0001,Electronics,67,199,65.11,66.465,85.9053
2023-12-12,S001-P0001,Electronics,161,422,78.41,66.465,134.8849
2023-12-13,S001-P0001,Electronics,40,279,52.83,66.465,108.47307
2023-12-14,S001-P0001,Electronics,75,232,63.56,66.465,104.45887
2023-12-15,S001-P0001,Electronics,69,151,58.53,66.465,108.66641
2023-12-16,S001-P0001,Electronics,70,267,59.21,66.465,99.37592
2023-12-17,S001-P0001,Electronics,36,220,57.75,66.465,94.751045
2023-12-18,S001-P0001,Electronics,109,194,71.38,66.465,96.8979
2023-12-19,S001-P0001,Electronics,118,67,69.63,66.465,107.63189
2023-12-20,S001-P0001,Electronics,104,235,74.02,66.465,86.51203
2023-12-21,S001-P0001,Electronics,136,412,73.32,66.465,105.10317
2023-12-22,S001-P0001,Electronics,64,255,67.67,66.465,103.90841
2023-12-23,S001-P0001,Electronics,89,184,70.41,66.465,85.919846
2023-12-24,S001-P0001,Electronics,147,112,66.4,66.465,132.22014
2023-12-25,S001-P0001,Electronics,72,206,55.88,66.465,109.4987
2023-12-26,S001-P0001,Electronics,132,422,60.45,66.465,110.53019
2023-12-27,S001-P0001,Electronics,51,303,51.49,66.465,64.809746
2023-12-28,S001-P0001,Electronics,73,261,63.06,66.465,58.453217
2023-12-29,S001-P0001,Electronics,90,183,70.67,66.465,59.559044
2023-12-30,S001-P0001,Electronics,54,104,61.96,66.465,47.047382
2023-12-31,S001-P0001,Electronics,60,259,63.43,66.465,53.24981
2024-01-01,S001-P0001,Electronics,62,216,63.94,66.465,51.357353
2024-01-02,S001-P0001,Electronics,31,150,56.35,66.465,52.695618
2024-01-03,S001-P0001,Electronics,52,230,54.9,66.465,72.98347
2024-01-04,S001-P0001,Electronics,47,173,50.78,66.465,62.599495
2024-01-05,S001-P0001,Electronics,71,127,59.46,66.465,56.653706
2024-01-06,S001-P0001,Electronics,52,186,46.04,66.465,72.27436
2024-01-07,S001-P0001,Electronics,71,297,66.0,66.465,46.67709
2024-01-08,S001-P0001,Electronics,28,224,46.91,66.465,69.27859
2024-01-09,S001-P0001,Electronics,75,192,66.86,66.465,83.03288
2024-01-10,S001-P0001,Electronics,98,117,65.22,66.465,83.81388
2024-01-11,S001-P0001,Electronics,141,198,65.28,66.465,110.19209
2024-01-12,S001-P0001,Electronics,83,227,68.78,66.465,94.65987
2024-01-13,S001-P0001,Electronics,111,466,64.28,66.465,134.83757
2024-01-14,S001-P0001,Electronics,74,337,63.17,66.465,83.38928
2024-01-15,S001-P0001,Electronics,114,254,68.71,66.465,94.36218
2024-01-16,S001-P0001,Electronics,31,164,53.71,66.465,82.74324
2024-01-17,S001-P0001,Electronics,88,394,63.1,66.465,96.515564
2024-01-18,S001-P0001,Electronics,86,327,69.59,66.465,101.59677
2024-01-19,S001-P0001,Electronics,90,273,55.71,66.465,107.92904
2024-01-20,S001-P0001,Electronics,141,196,78.34,66.465,104.39728
2024-01-21,S001-P0001,Electronics,109,218,60.17,66.465,120.97637
2024-01-22,S001-P0001,Electronics,218,372,90.63,66.465,134.1183
2024-01-23,S001-P0001,Electronics,68,135,68.85,66.465,83.03288
2024-01-24,S001-P0001,Electronics,98,441,58.06,66.465,123.27468
2024-01-25,S001-P0001,Electronics,137,325,77.43,66.465,101.91491
2024-01-26,S001-P0001,Electronics,72,237,69.69,66.465,94.482635
2024-01-27,S001-P0001,Electronics,99,471,72.78,66.465,83.5324
2024-01-28,S001-P0001,Electronics,139,371,82.25,66.465,93.74296
2024-01-29,S001-P0001,Electronics,112,259,79.88,66.465,94.08848
2024-01-30,S001-P0001,Electronics,111,383,71.56,66.465,82.86273
2023-10-03,S001-P0002,Clothing,64,104,49.65,66.89500000000001,133.64293
2023-10-04,S001-P0002,Clothing,242,92,86.92,66.89500000000001,134.41284
2023-10-05,S001-P0002,Clothing,185,256,66.94,66.89500000000001,121.51241
2023-10-06,S001-P0002,Clothing,97,82,65.62,66.89500000000001,101.51692
2023-10-07,S001-P0002,Clothing,67,86,59.19,66.89500000000001,88.29595
2023-10-08,S001-P0002,Clothing,191,99,81.63,66.89500000000001,124.81095
2023-10-09,S001-P0002,Clothing,128,194,72.45,66.89500000000001,96.63564
2023-10-10,S001-P0002,Clothing,161,180,79.66,66.89500000000001,88.51016
2023-10-11,S001-P0002,Clothing,110,259,72.12,66.89500000000001,105.35938
2023-10-12,S001-P0002,Clothing,141,174,75.24,66.89500000000001,89.30523
2023-10-13,S001-P0002,Clothing,95,149,65.21,66.89500000000001,89.85702
2023-10-14,S001-P0002,Clothing,184,200,80.23,66.89500000000001,112.7044
2023-10-15,S001-P0002,Clothing,114,279,69.35,66.89500000000001,90.4962
2023-10-16,S001-P0002,Clothing,54,156,59.31,66.89500000000001,88.5792
2023-10-17,S001-P0002,Clothing,80,98,52.62,66.89500000000001,133.1792
2023-10-18,S001-P0002,Clothing,156,141,66.15,66.89500000000001,111.964874
2023-10-19,S001-P0002,Clothing,43,197,56.77,66.89500000000001,106.798
2023-10-20,S001-P0002,Clothing,154,164,78.06,66.89500000000001,107.34162
2023-10-21,S001-P0002,Clothing,90,198,60.7,66.89500000000001,105.02025
2023-10-22,S001-P0002,Clothing,106,138,67.62,66.89500000000001,99.22364
2023-10-23,S001-P0002,Clothing,153,124,61.49,66.89500000000001,121.94947
2023-10-24,S001-P0002,Clothing,89,184,63.95,66.89500000000001,88.41072
2023-10-25,S001-P0002,Clothing,185,123,80.28,66.89500000000001,135.04701
2023-10-26,S001-P0002,Clothing,144,201,56.96,66.89500000000001,131.0388
2023-10-27,S001-P0002,Clothing,66,191,55.89,66.89500000000001,111.037285
2023-10-28,S001-P0002,Clothing,192,123,82.05,66.89500000000001,113.78713
2023-10-29,S001-P0002,Clothing,92,181,68.08,66.89500000000001,112.82819
2023-10-30,S001-P0002,Clothing,91,85,60.99,66.89500000000001,91.05101
2023-10-31,S001-P0002,Clothing,61,81,52.09,66.89500000000001,91.21409
2023-11-01,S001-P0002,Clothing,87,75,63.54,66.89500000000001,91.44529
2023-11-02,S001-P0002,Clothing,61,99,60.86,66.89500000000001,114.05856
2023-11-03,S001-P0002,Clothing,95,116,55.51,66.89500000000001,120.13195
2023-11-04,S001-P0002,Clothing,85,122,66.39,66.89500000000001,91.98399
2023-11-05,S001-P0002,Clothing,94,168,65.12,66.89500000000001,93.32941
2023-11-06,S001-P0002,Clothing,97,64,69.14,66.89500000000001,92.83603
2023-11-07,S001-P0002,Clothing,153,114,58.47,66.89500000000001,120.20345
2023-11-08,S001-P0002,Clothing,19,140,46.11,66.89500000000001,148.43687
2023-11-09,S001-P0002,Clothing,99,120,66.07,66.89500000000001,91.381935
2023-11-10,S001-P0002,Clothing,111,122,65.08,66.89500000000001,121.140144
2023-11-11,S001-P0002,Clothing,115,108,55.64,66.89500000000001,120.647545
2023-11-12,S001-P0002,Clothing,157,103,70.87,66.89500000000001,121.53472
2023-11-13,S001-P0002,Clothing,147,184,76.66,66.89500000000001,101.88413
2023-11-14,S001-P0002,Clothing,113,267,69.18,66.89500000000001,91.16032
2023-11-15,S001-P0002,Clothing,104,158,52.99,66.89500000000001,120.39002
2023-11-16,S001-P0002,Clothing,66,137,59.0,66.89500000000001,102.16328
2023-11-17,S001-P0002,Clothing,139,92,74.88,66.89500000000001,93.0375
2023-11-18,S001-P0002,Clothing,119,115,59.33,66.89500000000001,120.378105
2023-11-19,S001-P0002,Clothing,92,151,64.59,66.89500000000001,114.12521
2023-11-20,S001-P0002,Clothing,21,166,38.87,66.89500000000001,119.25695
2023-11-21,S001-P0002,Clothing,180,149,79.31,66.89500000000001,113.66006
2023-11-22,S001-P0002,Clothing,116,204,73.55,66.89500000000001,103.46132
2023-11-23,S001-P0002,Clothing,54,71,59.28,66.89500000000001,92.14535
2023-11-24,S001-P0002,Clothing,68,79,53.34,66.89500000000001,101.80312
2023-11-25,S001-P0002,Clothing,75,100,57.6,66.89500000000001,121.58928
2023-11-26,S001-P0002,Clothing,131,102,77.0,66.89500000000001,115.22368
2023-11-27,S001-P0002,Clothing,121,131,70.87,66.89500000000001,113.15479
2023-11-28,S001-P0002,Clothing,58,153,54.34,66.89500000000001,90.54723
2023-11-29,S001-P0002,Clothing,62,87,55.26,66.89500000000001,114.61299
2023-11-30,S001-P0002,Clothing,165,107,80.57,66.89500000000001,102.8777
2023-12-01,S001-P0002,Clothing,156,189,58.96,66.89500000000001,163.86703
2023-12-02,S001-P0002,Clothing,83,276,59.27,66.89500000000001,121.61475
2023-12-03,S001-P0002,Clothing,78,213,58.57,66.89500000000001,121.72162
2023-12-04,S001-P0002,Clothing,191,142,81.66,66.89500000000001,151.57826
2023-12-05,S001-P0002,Clothing,127,161,72.28,66.89500000000001,121.650635
2023-12-06,S001-P0002,Clothing,114,178,69.37,66.89500000000001,133.07655
2023-12-07,S001-P0002,Clothing,154,161,74.11,66.89500000000001,121.65331
2023-12-08,S001-P0002,Clothing,129,164,72.69,66.89500000000001,122.09073
2023-12-09,S001-P0002,Clothing,95,190,61.96,66.89500000000001,109.95687
2023-12-10,S001-P0002,Clothing,143,81,71.91,66.89500000000001,109.32775
2023-12-11,S001-P0002,Clothing,43,166,56.75,66.89500000000001,109.96543
2023-12-12,S001-P0002,Clothing,130,125,69.05,66.89500000000001,167.76347
2023-12-13,S001-P0002,Clothing,177,152,78.71,66.89500000000001,132.5505
2023-12-14,S001-P0002,Clothing,111,158,65.27,66.89500000000001,133.36536
2023-12-15,S001-P0002,Clothing,188,175,85.49,66.89500000000001,109.509056
2023-12-16,S001-P0002,Clothing,66,193,62.11,66.89500000000001,123.10133
2023-12-17,S001-P0002,Clothing,107,129,67.87,66.89500000000001,121.72162
2023-12-18,S001-P0002,Clothing,170,151,81.66,66.89500000000001,121.37299
2023-12-19,S001-P0002,Clothing,133,213,77.44,66.89500000000001,133.51688
2023-12-20,S001-P0002,Clothing,206,68,79.92,66.89500000000001,139.54034
2023-12-21,S001-P0002,Clothing,184,213,80.27,66.89500000000001,164.90556
2023-12-22,S001-P0002,Clothing,148,239,68.75,66.89500000000001,164.8878
2023-12-23,S001-P0002,Clothing,131,100,62.11,66.89500000000001,139.60783
2023-12-24,S001-P0002,Clothing,127,132,61.43,66.89500000000001,164.55177
2023-12-25,S001-P0002,Clothing,64,113,61.52,66.89500000000001,109.96543
2023-12-26,S001-P0002,Clothing,154,106,74.03,66.89500000000001,109.30027
2023-12-27,S001-P0002,Clothing,96,170,51.68,66.89500000000001,127.62127
2023-12-28,S001-P0002,Clothing,150,78,61.74,66.89500000000001,149.22237
2023-12-29,S001-P0002,Clothing,253,177,99.66,66.89500000000001,121.55516
2023-12-30,S001-P0002,Clothing,97,210,62.13,66.89500000000001,103.10211
2023-12-31,S001-P0002,Clothing,141,121,75.21,66.89500000000001,112.38214
2024-01-01,S001-P0002,Clothing,105,149,57.3,66.89500000000001,137.74484
2024-01-02,S001-P0002,Clothing,172,145,77.85,66.89500000000001,112.17217
2024-01-03,S001-P0002,Clothing,156,203,70.58,66.89500000000001,138.37817
2024-01-04,S001-P0002,Clothing,115,165,66.2,66.89500000000001,105.93545
2024-01-05,S001-P0002,Clothing,62,156,55.01,66.89500000000001,122.40558
2024-01-06,S001-P0002,Clothing,157,110,74.57,66.89500000000001,111.569214
2024-01-07,S001-P0002,Clothing,132,157,62.39,66.89500000000001,130.05177
2024-01-08,S001-P0002,Clothing,172,131,77.67,66.89500000000001,112.07653
2024-01-09,S001-P0002,Clothing,73,158,54.47,66.89500000000001,109.74889
2024-01-10,S001-P0002,Clothing,147,86,76.49,66.89500000000001,111.124016
2024-01-11,S001-P0002,Clothing,111,147,65.25,66.89500000000001,111.06689
2024-01-12,S001-P0002,Clothing,131,169,73.1,66.89500000000001,124.74781
2024-01-13,S001-P0002,Clothing,103,191,70.62,66.89500000000001,137.38658
2024-01-14,S001-P0002,Clothing,119,102,67.02,66.89500000000001,110.02582
2024-01-15,S001-P0002,Clothing,123,111,56.35,66.89500000000001,153.78624
2024-01-16,S001-P0002,Clothing,153,104,65.64,66.89500000000001,139.59192
2024-01-17,S001-P0002,Clothing,115,179,65.95,66.89500000000001,124.11701
2024-01-18,S001-P0002,Clothing,134,200,73.82,66.89500000000001,136.07019
2024-01-19,S001-P0002,Clothing,39,187,50.26,66.89500000000001,109.31125
2024-01-20,S001-P0002,Clothing,120,145,60.02,66.89500000000001,169.26527
2024-01-21,S001-P0002,Clothing,121,145,70.84,66.89500000000001,124.47233
2024-01-22,S001-P0002,Clothing,147,198,76.48,66.89500000000001,134.70512
2024-01-23,S001-P0002,Clothing,71,226,56.87,66.89500000000001,109.74889
2024-01-24,S001-P0002,Clothing,150,142,65.73,66.89500000000001,157.07562
2024-01-25,S001-P0002,Clothing,91,164,48.2,66.89500000000001,166.47804
2024-01-26,S001-P0002,Clothing,144,67,71.85,66.89500000000001,156.77208
2024-01-27,S001-P0002,Clothing,125,156,56.71,66.89500000000001,139.79214
2024-01-28,S001-P0002,Clothing,114,210,73.11,66.89500000000001,125.11518
2024-01-29,S001-P0002,Clothing,64,111,61.6,66.89500000000001,123.83579
2024-01-30,S001-P0002,Clothing,119,136,70.55,66.89500000000001,110.92242
2023-10-03,S001-P0003,Clothing,86,101,56.17,55.055,102.151634
2023-10-04,S001-P0003,Clothing,99,399,55.75,55.055,102.2649
2023-10-05,S001-P0003,Clothing,148,298,55.02,55.055,120.996124
2023-10-06,S001-P0003,Clothing,174,889,65.82,55.055,132.21002
2023-10-07,S001-P0003,Clothing,67,734,47.35,55.055,88.29595
2023-10-08,S001-P0003,Clothing,114,662,58.43,55.055,98.64263
2023-10-09,S001-P0003,Clothing,87,577,48.14,55.055,122.37121
2023-10-10,S001-P0003,Clothing,145,513,67.48,55.055,88.51016
2023-10-11,S001-P0003,Clothing,191,397,65.37,55.055,133.54305
2023-10-12,S001-P0003,Clothing,76,242,54.17,55.055,89.32796
2023-10-13,S001-P0003,Clothing,57,175,48.09,55.055,89.834206
2023-10-14,S001-P0003,Clothing,67,784,49.95,55.055,88.4675
2023-10-15,S001-P0003,Clothing,80,726,49.7,55.055,90.38464
2023-10-16,S001-P0003,Clothing,76,663,51.49,55.055,88.5792
2023-10-17,S001-P0003,Clothing,230,591,59.82,55.055,132.39175
2023-10-18,S001-P0003,Clothing,108,320,45.26,55.055,112.1593
2023-10-19,S001-P0003,Clothing,114,227,43.92,55.055,132.50424
2023-10-20,S001-P0003,Clothing,150,101,61.81,55.055,106.807755
2023-10-21,S001-P0003,Clothing,140,818,60.13,55.055,105.22173
2023-10-22,S001-P0003,Clothing,105,681,56.78,55.055,99.22364
2023-10-23,S001-P0003,Clothing,167,557,57.45,55.055,121.82247
2023-10-24,S001-P0003,Clothing,80,374,55.02,55.055,88.41072
2023-10-25,S001-P0003,Clothing,150,295,58.29,55.055,134.41284
2023-10-26,S001-P0003,Clothing,87,140,56.38,55.055,101.97088
2023-10-27,S001-P0003,Clothing,82,741,52.59,55.055,112.08037
2023-10-28,S001-P0003,Clothing,131,686,61.65,55.055,113.78713
2023-10-29,S001-P0003,Clothing,174,591,65.98,55.055,112.13801
2023-10-30,S001-P0003,Clothing,86,455,53.36,55.055,91.533455
2023-10-31,S001-P0003,Clothing,106,387,54.17,55.055,91.46921
2023-11-01,S001-P0003,Clothing,119,285,53.39,55.055,90.091606
2023-11-02,S001-P0003,Clothing,113,875,61.4,55.055,114.05856
2023-11-03,S001-P0003,Clothing,70,746,45.31,55.055,90.651596
2023-11-04,S001-P0003,Clothing,86,667,50.75,55.055,91.1957
2023-11-05,S001-P0003,Clothing,102,595,53.49,55.055,93.32941
2023-11-06,S001-P0003,Clothing,140,495,56.55,55.055,119.59611
2023-11-07,S001-P0003,Clothing,105,409,53.85,55.055,91.17235
2023-11-08,S001-P0003,Clothing,214,289,72.73,55.055,148.43687
2023-11-09,S001-P0003,Clothing,96,49,52.35,55.055,91.09751
2023-11-10,S001-P0003,Clothing,115,569,61.71,55.055,92.60748
2023-11-11,S001-P0003,Clothing,128,437,54.56,55.055,121.2287
2023-11-12,S001-P0003,Clothing,138,1242,49.68,55.055,118.80027
2023-11-13,S001-P0003,Clothing,159,1092,63.29,55.055,101.58082
2023-11-14,S001-P0003,Clothing,130,907,48.45,55.055,119.56225
2023-11-15,S001-P0003,Clothing,149,816,58.45,55.055,121.32675
2023-11-16,S001-P0003,Clothing,120,716,59.53,55.055,102.16328
2023-11-17,S001-P0003,Clothing,107,576,51.44,55.055,91.78581
2023-11-18,S001-P0003,Clothing,154,484,62.41,55.055,121.58928
2023-11-19,S001-P0003,Clothing,130,318,52.15,55.055,145.20888
2023-11-20,S001-P0003,Clothing,125,221,60.56,55.055,91.80893
2023-11-21,S001-P0003,Clothing,107,82,54.17,55.055,113.66006
2023-11-22,S001-P0003,Clothing,139,656,63.13,55.055,102.68284
2023-11-23,S001-P0003,Clothing,125,507,57.24,55.055,121.17518
2023-11-24,S001-P0003,Clothing,102,368,53.41,55.055,102.65039
2023-11-25,S001-P0003,Clothing,90,275,48.7,55.055,90.848015
2023-11-26,S001-P0003,Clothing,178,179,63.13,55.055,113.215065
2023-11-27,S001-P0003,Clothing,144,524,50.59,55.055,142.8408
2023-11-28,S001-P0003,Clothing,41,382,40.57,55.055,90.005424
2023-11-29,S001-P0003,Clothing,103,341,53.58,55.055,113.8821
2023-11-30,S001-P0003,Clothing,135,1032,56.13,55.055,101.71421
2023-12-01,S001-P0003,Clothing,227,888,63.42,55.055,164.37332
2023-12-02,S001-P0003,Clothing,209,704,67.89,55.055,155.51883
2023-12-03,S001-P0003,Clothing,181,561,74.56,55.055,122.39048
2023-12-04,S001-P0003,Clothing,134,390,65.38,55.055,121.37299
2023-12-05,S001-P0003,Clothing,133,1069,55.85,55.055,121.141075
2023-12-06,S001-P0003,Clothing,183,941,56.96,55.055,166.86278
2023-12-07,S001-P0003,Clothing,123,722,60.14,55.055,122.08505
2023-12-08,S001-P0003,Clothing,92,629,51.71,55.055,122.09073
2023-12-09,S001-P0003,Clothing,162,534,57.15,55.055,139.60783
2023-12-10,S001-P0003,Clothing,201,408,55.83,55.055,136.97275
2023-12-11,S001-P0003,Clothing,203,195,67.3,55.055,109.802345
2023-12-12,S001-P0003,Clothing,181,31,55.9,55.055,165.90504
2023-12-13,S001-P0003,Clothing,130,586,61.44,55.055,133.70769
2023-12-14,S001-P0003,Clothing,133,434,65.25,55.055,133.79362
2023-12-15,S001-P0003,Clothing,71,1195,48.04,55.055,108.770424
2023-12-16,S001-P0003,Clothing,187,1147,61.06,55.055,155.51883
2023-12-17,S001-P0003,Clothing,114,957,55.46,55.055,121.05277
2023-12-18,S001-P0003,Clothing,176,866,55.19,55.055,150.27037
2023-12-19,S001-P0003,Clothing,129,706,58.01,55.055,167.76347
2023-12-20,S001-P0003,Clothing,179,588,66.9,55.055,110.156105
2023-12-21,S001-P0003,Clothing,192,467,65.56,55.055,132.93707
2023-12-22,S001-P0003,Clothing,162,328,67.27,55.055,133.28583
2023-12-23,S001-P0003,Clothing,134,183,59.04,55.055,109.95687
2023-12-24,S001-P0003,Clothing,135,903,59.02,55.055,132.94284
2023-12-25,S001-P0003,Clothing,100,809,55.92,55.055,109.73881
2023-12-26,S001-P0003,Clothing,91,701,48.83,55.055,109.30027
2023-12-27,S001-P0003,Clothing,128,646,51.4,55.055,127.80197
2023-12-28,S001-P0003,Clothing,183,554,67.36,55.055,122.49021
2023-12-29,S001-P0003,Clothing,153,346,62.13,55.055,121.25539
2023-12-30,S001-P0003,Clothing,80,233,49.5,55.055,103.10211
2023-12-31,S001-P0003,Clothing,4,183,40.36,55.055,112.79621
2024-01-01,S001-P0003,Clothing,104,914,59.56,55.055,112.59394
2024-01-02,S001-P0003,Clothing,126,792,54.56,55.055,111.70107
2024-01-03,S001-P0003,Clothing,175,646,69.7,55.055,111.763565
2024-01-04,S001-P0003,Clothing,78,499,54.54,55.055,106.37084
2024-01-05,S001-P0003,Clothing,161,438,53.02,55.055,147.83937
2024-01-06,S001-P0003,Clothing,188,314,54.04,55.055,137.4302
2024-01-07,S001-P0003,Clothing,108,948,57.4,55.055,107.063515
2024-01-08,S001-P0003,Clothing,108,830,54.28,55.055,138.14438
2024-01-09,S001-P0003,Clothing,54,757,45.1,55.055,110.17692
2024-01-10,S001-P0003,Clothing,124,725,45.24,55.055,139.69276
2024-01-11,S001-P0003,Clothing,168,598,54.7,55.055,140.19193
2024-01-12,S001-P0003,Clothing,105,466,59.77,55.055,125.39062
2024-01-13,S001-P0003,Clothing,125,356,63.7,55.055,137.38658
2024-01-14,S001-P0003,Clothing,66,247,49.65,55.055,110.02582
2024-01-15,S001-P0003,Clothing,107,827,51.47,55.055,122.78246
2024-01-16,S001-P0003,Clothing,145,759,57.81,55.055,141.08426
2024-01-17,S001-P0003,Clothing,88,643,50.95,55.055,124.11701
2024-01-18,S001-P0003,Clothing,110,574,60.85,55.055,136.07019
2024-01-19,S001-P0003,Clothing,136,480,59.3,55.055,140.59923
2024-01-20,S001-P0003,Clothing,109,354,57.54,55.055,136.65334
2024-01-21,S001-P0003,Clothing,96,287,52.34,55.055,124.47233
2024-01-22,S001-P0003,Clothing,182,207,59.78,55.055,166.0808
2024-01-23,S001-P0003,Clothing,101,574,59.03,55.055,110.92242
2024-01-24,S001-P0003,Clothing,238,514,76.92,55.055,157.75267
2024-01-25,S001-P0003,Clothing,215,343,81.12,55.055,136.07019
2024-01-26,S001-P0003,Clothing,95,949,55.06,55.055,124.74781
2024-01-27,S001-P0003,Clothing,69,874,50.23,55.055,111.23611
2024-01-28,S001-P0003,Clothing,192,809,65.47,55.055,155.92284
2024-01-29,S001-P0003,Clothing,198,656,73.87,55.055,123.30912
2024-01-30,S001-P0003,Clothing,137,434,59.46,55.055,109.74889
2023-10-03,S001-P0004,Electronics,68,61,103.45,100.08500000000001,96.96045
2023-10-04,S001-P0004,Electronics,100,234,104.02,100.08500000000001,123.28291
2023-10-05,S001-P0004,Electronics,44,124,89.55,100.08500000000001,86.58033
2023-10-06,S001-P0004,Electronics,146,233,113.87,100.08500000000001,97.10344
2023-10-07,S001-P0004,Electronics,75,127,95.74,100.08500000000001,60.223236
2023-10-08,S001-P0004,Electronics,90,309,100.7,100.08500000000001,53.881214
2023-10-09,S001-P0004,Electronics,47,240,81.68,100.08500000000001,51.066376
2023-10-10,S001-P0004,Electronics,38,195,87.64,100.08500000000001,46.454918
2023-10-11,S001-P0004,Electronics,72,155,74.82,100.08500000000001,77.11887
2023-10-12,S001-P0004,Electronics,57,104,85.08,100.08500000000001,48.24177
2023-10-13,S001-P0004,Electronics,44,220,76.25,100.08500000000001,61.066566
2023-10-14,S001-P0004,Electronics,50,171,96.57,100.08500000000001,46.512627
2023-10-15,S001-P0004,Electronics,48,123,90.99,100.08500000000001,48.74419
2023-10-16,S001-P0004,Electronics,49,91,91.39,100.08500000000001,45.85048
2023-10-17,S001-P0004,Electronics,69,129,83.14,100.08500000000001,76.32149
2023-10-18,S001-P0004,Electronics,71,48,83.62,100.08500000000001,59.9138
2023-10-19,S001-P0004,Electronics,113,135,97.43,100.08500000000001,76.85141
2023-10-20,S001-P0004,Electronics,99,182,103.67,100.08500000000001,75.31961
2023-10-21,S001-P0004,Electronics,66,328,102.79,100.08500000000001,56.95365
2023-10-22,S001-P0004,Electronics,37,265,82.79,100.08500000000001,53.45789
2023-10-23,S001-P0004,Electronics,45,221,90.02,100.08500000000001,50.4466
2023-10-24,S001-P0004,Electronics,42,170,80.09,100.08500000000001,45.875694
2023-10-25,S001-P0004,Electronics,96,130,102.87,100.08500000000001,98.08611
2023-10-26,S001-P0004,Electronics,62,24,91.14,100.08500000000001,96.24652
2023-10-27,S001-P0004,Electronics,131,176,114.96,100.08500000000001,106.004555
2023-10-28,S001-P0004,Electronics,133,76,102.56,100.08500000000001,135.47792
2023-10-29,S001-P0004,Electronics,90,248,100.59,100.08500000000001,106.106544
2023-10-30,S001-P0004,Electronics,56,190,93.88,100.08500000000001,87.71815
2023-10-31,S001-P0004,Electronics,88,144,105.69,100.08500000000001,87.48954
2023-11-01,S001-P0004,Electronics,114,90,90.79,100.08500000000001,117.33869
2023-11-02,S001-P0004,Electronics,66,174,97.79,100.08500000000001,104.79571
2023-11-03,S001-P0004,Electronics,94,320,102.06,100.08500000000001,86.19317
2023-11-04,S001-P0004,Electronics,104,249,93.62,100.08500000000001,111.58888
2023-11-05,S001-P0004,Electronics,115,139,97.04,100.08500000000001,109.9013
2023-11-06,S001-P0004,Electronics,94,313,102.19,100.08500000000001,83.985695
2023-11-07,S001-P0004,Electronics,92,223,101.48,100.08500000000001,83.65154
2023-11-08,S001-P0004,Electronics,118,167,97.98,100.08500000000001,142.08022
2023-11-09,S001-P0004,Electronics,141,260,112.27,100.08500000000001,83.393654
2023-11-10,S001-P0004,Electronics,88,92,100.09,100.08500000000001,86.19317
2023-11-11,S001-P0004,Electronics,132,292,109.14,100.08500000000001,114.283165
2023-11-12,S001-P0004,Electronics,108,167,107.04,100.08500000000001,87.41875
2023-11-13,S001-P0004,Electronics,112,316,120.3,100.08500000000001,93.704994
2023-11-14,S001-P0004,Electronics,95,184,108.07,100.08500000000001,85.5595
2023-11-15,S001-P0004,Electronics,110,84,119.31,100.08500000000001,84.994835
2023-11-16,S001-P0004,Electronics,48,161,82.13,100.08500000000001,94.515236
2023-11-17,S001-P0004,Electronics,49,335,91.59,100.08500000000001,85.14542
2023-11-18,S001-P0004,Electronics,103,283,99.95,100.08500000000001,109.631874
2023-11-19,S001-P0004,Electronics,212,219,118.76,100.08500000000001,137.67015
2023-11-20,S001-P0004,Electronics,63,59,91.63,100.08500000000001,83.87709
2023-11-21,S001-P0004,Electronics,98,497,98.32,100.08500000000001,105.88533
2023-11-22,S001-P0004,Electronics,109,429,113.18,100.08500000000001,96.64631
2023-11-23,S001-P0004,Electronics,81,331,86.68,100.08500000000001,115.359
2023-11-24,S001-P0004,Electronics,94,251,85.05,100.08500000000001,124.96396
2023-11-25,S001-P0004,Electronics,84,185,98.88,100.08500000000001,83.918175
2023-11-26,S001-P0004,Electronics,116,121,103.97,100.08500000000001,105.67684
2023-11-27,S001-P0004,Electronics,126,203,112.95,100.08500000000001,102.79139
2023-11-28,S001-P0004,Electronics,98,82,92.82,100.08500000000001,114.712715
2023-11-29,S001-P0004,Electronics,122,243,117.73,100.08500000000001,106.723274
2023-11-30,S001-P0004,Electronics,125,143,112.49,100.08500000000001,94.515236
2023-12-01,S001-P0004,Electronics,90,293,84.02,100.08500000000001,133.56372
2023-12-02,S001-P0004,Electronics,114,235,115.05,100.08500000000001,98.31792
2023-12-03,S001-P0004,Electronics,20,108,76.95,100.08500000000001,95.8863
2023-12-04,S001-P0004,Electronics,82,277,98.33,100.08500000000001,96.8979
2023-12-05,S001-P0004,Electronics,133,225,115.23,100.08500000000001,123.39968
2023-12-06,S001-P0004,Electronics,152,131,102.98,100.08500000000001,136.08383
2023-12-07,S001-P0004,Electronics,87,213,100.11,100.08500000000001,95.93095
2023-12-08,S001-P0004,Electronics,99,432,109.44,100.08500000000001,95.83239
2023-12-09,S001-P0004,Electronics,78,333,101.93,100.08500000000001,85.70617
2023-12-10,S001-P0004,Electronics,93,252,107.4,100.08500000000001,84.025055
2023-12-11,S001-P0004,Electronics,101,172,88.33,100.08500000000001,109.4987
2023-12-12,S001-P0004,Electronics,151,68,121.63,100.08500000000001,134.61797
2023-12-13,S001-P0004,Electronics,90,214,106.25,100.08500000000001,107.44282
2023-12-14,S001-P0004,Electronics,85,468,104.43,100.08500000000001,104.080666
2023-12-15,S001-P0004,Electronics,104,377,105.84,100.08500000000001,84.41783
2023-12-16,S001-P0004,Electronics,109,261,84.82,100.08500000000001,124.95309
2023-12-17,S001-P0004,Electronics,85,187,99.34,100.08500000000001,95.19782
2023-12-18,S001-P0004,Electronics,155,341,136.43,100.08500000000001,96.161995
2023-12-19,S001-P0004,Electronics,110,217,113.45,100.08500000000001,106.49539
2023-12-20,S001-P0004,Electronics,64,458,96.82,100.08500000000001,86.51203
2023-12-21,S001-P0004,Electronics,152,403,122.38,100.08500000000001,104.45887
2023-12-22,S001-P0004,Electronics,99,284,82.23,100.08500000000001,133.56372
2023-12-23,S001-P0004,Electronics,55,171,89.06,100.08500000000001,85.919846
2023-12-24,S001-P0004,Electronics,213,136,120.47,100.08500000000001,132.30563
2023-12-25,S001-P0004,Electronics,119,0,104.93,100.08500000000001,109.62241
2023-12-26,S001-P0004,Electronics,107,472,106.81,100.08500000000001,85.35778
2023-12-27,S001-P0004,Electronics,36,398,91.28,100.08500000000001,47.534122
2023-12-28,S001-P0004,Electronics,63,371,77.38,100.08500000000001,81.562065
2023-12-29,S001-P0004,Electronics,39,305,87.74,100.08500000000001,59.01789
2023-12-30,S001-P0004,Electronics,42,269,80.14,100.08500000000001,47.013535
2023-12-31,S001-P0004,Electronics,48,228,86.21,100.08500000000001,52.97585
2024-01-01,S001-P0004,Electronics,19,190,72.65,100.08500000000001,50.629223
2024-01-02,S001-P0004,Electronics,46,169,81.27,100.08500000000001,51.68593
2024-01-03,S001-P0004,Electronics,38,138,92.32,100.08500000000001,54.24916
2024-01-04,S001-P0004,Electronics,13,106,74.63,100.08500000000001,44.633896
2024-01-05,S001-P0004,Electronics,55,96,88.72,100.08500000000001,56.653706
2024-01-06,S001-P0004,Electronics,19,33,76.51,100.08500000000001,52.063316
2024-01-07,S001-P0004,Electronics,49,145,86.6,100.08500000000001,46.109417
2024-01-08,S001-P0004,Electronics,79,101,86.31,100.08500000000001,69.27859
2024-01-09,S001-P0004,Electronics,105,39,100.39,100.08500000000001,82.86273
2024-01-10,S001-P0004,Electronics,100,145,115.57,100.08500000000001,83.87139
2024-01-11,S001-P0004,Electronics,149,217,101.97,100.08500000000001,109.330284
2024-01-12,S001-P0004,Electronics,140,110,117.73,100.08500000000001,122.327415
2024-01-13,S001-P0004,Electronics,151,259,128.34,100.08500000000001,104.299934
2024-01-14,S001-P0004,Electronics,128,138,113.69,100.08500000000001,108.19129
2024-01-15,S001-P0004,Electronics,89,354,105.91,100.08500000000001,94.02447
2024-01-16,S001-P0004,Electronics,64,251,82.38,100.08500000000001,109.727
2024-01-17,S001-P0004,Electronics,84,205,109.74,100.08500000000001,96.512146
2024-01-18,S001-P0004,Electronics,157,120,110.84,100.08500000000001,132.31786
2024-01-19,S001-P0004,Electronics,101,200,104.68,100.08500000000001,83.04666
2024-01-20,S001-P0004,Electronics,135,451,116.16,100.08500000000001,135.5395
2024-01-21,S001-P0004,Electronics,162,316,111.33,100.08500000000001,120.97637
2024-01-22,S001-P0004,Electronics,91,154,95.96,100.08500000000001,102.36778
2024-01-23,S001-P0004,Electronics,35,316,91.08,100.08500000000001,83.03288
2024-01-24,S001-P0004,Electronics,126,291,125.56,100.08500000000001,96.512146
2024-01-25,S001-P0004,Electronics,89,203,111.47,100.08500000000001,101.72946
2024-01-26,S001-P0004,Electronics,67,380,73.5,100.08500000000001,121.6269
2024-01-27,S001-P0004,Electronics,114,317,115.1,100.08500000000001,83.5324
2024-01-28,S001-P0004,Electronics,108,214,101.63,100.08500000000001,121.79647
2024-01-29,S001-P0004,Electronics,76,138,91.24,100.08500000000001,94.36218
2024-01-30,S001-P0004,Electronics,84,241,93.82,100.08500000000001,82.86273
2023-10-03,S001-P0005,Groceries,115,606,55.99,58.88,147.72746
2023-10-04,S001-P0005,Groceries,113,519,62.26,58.88,116.67953
2023-10-05,S001-P0005,Groceries,137,410,70.35,58.88,98.877785
2023-10-06,S001-P0005,Groceries,88,256,54.36,58.88,115.34673
2023-10-07,S001-P0005,Groceries,49,163,49.75,58.88,66.65606
2023-10-08,S001-P0005,Groceries,66,589,53.03,58.88,77.48473
2023-10-09,S001-P0005,Groceries,97,546,47.34,58.88,96.55584
2023-10-10,S001-P0005,Groceries,53,476,40.34,58.88,87.2332
2023-10-11,S001-P0005,Groceries,54,428,50.68,58.88,81.91151
2023-10-12,S001-P0005,Groceries,102,386,53.7,58.88,87.729416
2023-10-13,S001-P0005,Groceries,79,318,47.19,58.88,86.717
2023-10-14,S001-P0005,Groceries,153,251,52.49,58.88,87.859795
2023-10-15,S001-P0005,Groceries,50,159,47.37,58.88,70.7149
2023-10-16,S001-P0005,Groceries,114,446,55.9,58.88,87.33772
2023-10-17,S001-P0005,Groceries,56,363,51.01,58.88,81.61103
2023-10-18,S001-P0005,Groceries,37,964,42.69,58.88,67.29409
2023-10-19,S001-P0005,Groceries,109,935,61.35,58.88,82.46895
2023-10-20,S001-P0005,Groceries,66,854,53.01,58.88,83.51728
2023-10-21,S001-P0005,Groceries,80,794,50.22,58.88,81.85644
2023-10-22,S001-P0005,Groceries,128,709,52.11,58.88,97.68284
2023-10-23,S001-P0005,Groceries,75,621,41.1,58.88,96.619675
2023-10-24,S001-P0005,Groceries,44,541,43.82,58.88,86.326675
2023-10-25,S001-P0005,Groceries,93,501,58.28,58.88,116.67953
2023-10-26,S001-P0005,Groceries,79,403,55.55,58.88,114.47215
2023-10-27,S001-P0005,Groceries,168,313,65.6,58.88,126.699524
2023-10-28,S001-P0005,Groceries,136,207,70.26,58.88,127.57418
2023-10-29,S001-P0005,Groceries,125,73,64.57,58.88,126.929726
2023-10-30,S001-P0005,Groceries,178,350,74.97,58.88,103.60012
2023-10-31,S001-P0005,Groceries,86,1042,53.94,58.88,103.85676
2023-11-01,S001-P0005,Groceries,143,939,54.48,58.88,137.50758
2023-11-02,S001-P0005,Groceries,102,797,60.15,58.88,127.125114
2023-11-03,S001-P0005,Groceries,182,700,68.13,58.88,137.1041
2023-11-04,S001-P0005,Groceries,59,578,43.44,58.88,133.08208
2023-11-05,S001-P0005,Groceries,116,518,56.6,58.88,134.73293
2023-11-06,S001-P0005,Groceries,101,381,59.82,58.88,95.44497
2023-11-07,S001-P0005,Groceries,98,1113,56.24,58.88,94.23478
2023-11-08,S001-P0005,Groceries,149,1023,69.2,58.88,126.26042
2023-11-09,S001-P0005,Groceries,83,868,56.37,58.88,97.369804
2023-11-10,S001-P0005,Groceries,139,792,63.68,58.88,99.85207
2023-11-11,S001-P0005,Groceries,93,694,55.3,58.88,97.65945
2023-11-12,S001-P0005,Groceries,135,592,66.45,58.88,101.53309
2023-11-13,S001-P0005,Groceries,180,479,60.33,58.88,153.14394
2023-11-14,S001-P0005,Groceries,185,297,60.32,58.88,137.14987
2023-11-15,S001-P0005,Groceries,81,183,55.93,58.88,96.29732
2023-11-16,S001-P0005,Groceries,116,550,62.71,58.88,111.26153
2023-11-17,S001-P0005,Groceries,54,418,50.76,58.88,97.58938
2023-11-18,S001-P0005,Groceries,57,1181,48.59,58.88,94.474106
2023-11-19,S001-P0005,Groceries,155,1144,62.96,58.88,168.2274
2023-11-20,S001-P0005,Groceries,180,962,71.44,58.88,137.19559
2023-11-21,S001-P0005,Groceries,102,797,63.29,58.88,126.352165
2023-11-22,S001-P0005,Groceries,184,677,80.1,58.88,113.19741
2023-11-23,S001-P0005,Groceries,168,530,65.33,58.88,137.87834
2023-11-24,S001-P0005,Groceries,70,413,53.74,58.88,114.42535
2023-11-25,S001-P0005,Groceries,173,359,62.84,58.88,133.41472
2023-11-26,S001-P0005,Groceries,95,902,61.69,58.88,129.71088
2023-11-27,S001-P0005,Groceries,158,830,67.48,58.88,125.3018
2023-11-28,S001-P0005,Groceries,113,694,62.21,58.88,98.78799
2023-11-29,S001-P0005,Groceries,78,612,52.49,58.88,126.06312
2023-11-30,S001-P0005,Groceries,146,547,72.24,58.88,111.819786
2023-12-01,S001-P0005,Groceries,150,453,59.03,58.88,166.57332
2023-12-02,S001-P0005,Groceries,118,306,56.79,58.88,118.10793
2023-12-03,S001-P0005,Groceries,121,173,60.34,58.88,113.84837
2023-12-04,S001-P0005,Groceries,101,591,59.9,58.88,115.57627
2023-12-05,S001-P0005,Groceries,132,502,49.39,58.88,150.5802
2023-12-06,S001-P0005,Groceries,111,381,58.52,58.88,129.62346
2023-12-07,S001-P0005,Groceries,130,276,62.28,58.88,114.58457
2023-12-08,S001-P0005,Groceries,125,184,64.52,58.88,116.63549
2023-12-09,S001-P0005,Groceries,79,673,58.45,58.88,101.87852
2023-12-10,S001-P0005,Groceries,100,615,53.66,58.88,97.53391
2023-12-11,S001-P0005,Groceries,99,510,56.27,58.88,101.82652
2023-12-12,S001-P0005,Groceries,198,432,63.05,58.88,163.8461
2023-12-13,S001-P0005,Groceries,69,308,50.78,58.88,129.62346
2023-12-14,S001-P0005,Groceries,181,257,59.58,58.88,160.8011
2023-12-15,S001-P0005,Groceries,136,70,50.0,58.88,129.88951
2023-12-16,S001-P0005,Groceries,103,905,45.21,58.88,151.45876
2023-12-17,S001-P0005,Groceries,158,791,67.33,58.88,153.68452
2023-12-18,S001-P0005,Groceries,138,659,67.04,58.88,116.02195
2023-12-19,S001-P0005,Groceries,159,568,63.69,58.88,165.11716
2023-12-20,S001-P0005,Groceries,80,422,52.9,58.88,102.29575
2023-12-21,S001-P0005,Groceries,100,357,62.82,58.88,126.68248
2023-12-22,S001-P0005,Groceries,183,295,68.41,58.88,168.08989
2023-12-23,S001-P0005,Groceries,43,825,43.62,58.88,101.5349
2023-12-24,S001-P0005,Groceries,113,779,62.12,58.88,126.409645
2023-12-25,S001-P0005,Groceries,59,661,54.4,58.88,102.34138
2023-12-26,S001-P0005,Groceries,129,604,62.14,58.88,101.227356
2023-12-27,S001-P0005,Groceries,57,504,48.64,58.88,70.83418
2023-12-28,S001-P0005,Groceries,93,436,55.15,58.88,117.79669
2023-12-29,S001-P0005,Groceries,56,365,48.52,58.88,88.87809
2023-12-30,S001-P0005,Groceries,76,916,55.02,58.88,71.02448
2023-12-31,S001-P0005,Groceries,38,839,45.15,58.88,80.54304
2024-01-01,S001-P0005,Groceries,54,799,53.31,58.88,80.52517
2024-01-02,S001-P0005,Groceries,126,754,57.89,58.88,105.47402
2024-01-03,S001-P0005,Groceries,79,623,41.66,58.88,104.13967
2024-01-04,S001-P0005,Groceries,56,558,53.7,58.88,73.084206
2024-01-05,S001-P0005,Groceries,96,513,55.87,58.88,117.46848
2024-01-06,S001-P0005,Groceries,145,423,64.93,58.88,79.32448
2024-01-07,S001-P0005,Groceries,56,249,51.11,58.88,74.31168
2024-01-08,S001-P0005,Groceries,74,205,49.04,58.88,78.78011
2024-01-09,S001-P0005,Groceries,143,135,71.58,58.88,100.354164
2024-01-10,S001-P0005,Groceries,135,576,59.82,58.88,100.23634
2024-01-11,S001-P0005,Groceries,90,428,60.72,58.88,99.86173
2024-01-12,S001-P0005,Groceries,91,351,52.09,58.88,114.67727
2024-01-13,S001-P0005,Groceries,128,291,65.12,58.88,127.13825
2024-01-14,S001-P0005,Groceries,118,755,66.44,58.88,101.32495
2024-01-15,S001-P0005,Groceries,51,638,52.62,58.88,114.22458
2024-01-16,S001-P0005,Groceries,132,590,59.02,58.88,134.10558
2024-01-17,S001-P0005,Groceries,159,432,75.05,58.88,115.4853
2024-01-18,S001-P0005,Groceries,163,265,72.03,58.88,124.05692
2024-01-19,S001-P0005,Groceries,98,129,53.3,58.88,135.73663
2024-01-20,S001-P0005,Groceries,174,495,63.06,58.88,165.67781
2024-01-21,S001-P0005,Groceries,197,345,59.06,58.88,150.28685
2024-01-22,S001-P0005,Groceries,68,736,56.27,58.88,125.09817
2024-01-23,S001-P0005,Groceries,81,687,53.09,58.88,99.65357
2024-01-24,S001-P0005,Groceries,127,602,48.68,58.88,150.25426
2024-01-25,S001-P0005,Groceries,169,1466,73.28,58.88,122.93125
2024-01-26,S001-P0005,Groceries,166,1359,61.21,58.88,151.59975
2024-01-27,S001-P0005,Groceries,183,1208,64.51,58.88,134.95953
2024-01-28,S001-P0005,Groceries,83,1094,53.51,58.88,115.018684
2024-01-29,S001-P0005,Groceries,123,1024,64.26,58.88,113.43983
2024-01-30,S001-P0005,Groceries,29,946,45.82,58.88,100.354164
2023-10-03,S001-P0006,Toys,99,228,43.86,37.775000000000006,94.19184
2023-10-04,S001-P0006,Toys,91,119,36.54,37.775000000000006,124.82165
2023-10-05,S001-P0006,Toys,83,31,37.42,37.775000000000006,81.85801
2023-10-06,S001-P0006,Toys,87,239,42.03,37.775000000000006,96.10482
2023-10-07,S001-P0006,Toys,24,152,32.94,37.775000000000006,30.02413
2023-10-08,S001-P0006,Toys,34,335,30.97,37.775000000000006,36.53602
2023-10-09,S001-P0006,Toys,24,304,31.4,37.775000000000006,33.381325
2023-10-10,S001-P0006,Toys,15,275,26.97,37.775000000000006,40.10812
2023-10-11,S001-P0006,Toys,34,260,31.04,37.775000000000006,56.92784
2023-10-12,S001-P0006,Toys,33,235,29.31,37.775000000000006,30.187647
2023-10-13,S001-P0006,Toys,33,202,30.91,37.775000000000006,29.784233
2023-10-14,S001-P0006,Toys,35,163,25.94,37.775000000000006,41.470783
2023-10-15,S001-P0006,Toys,30,123,30.53,37.775000000000006,33.142067
2023-10-16,S001-P0006,Toys,39,98,28.37,37.775000000000006,40.919617
2023-10-17,S001-P0006,Toys,33,62,30.83,37.775000000000006,37.01918
2023-10-18,S001-P0006,Toys,32,120,26.0,37.775000000000006,41.414658
2023-10-19,S001-P0006,Toys,47,84,27.24,37.775000000000006,60.38587
2023-10-20,S001-P0006,Toys,45,55,34.19,37.775000000000006,38.51737
2023-10-21,S001-P0006,Toys,37,100,33.09,37.775000000000006,37.761765
2023-10-22,S001-P0006,Toys,41,228,25.25,37.775000000000006,52.844193
2023-10-23,S001-P0006,Toys,26,187,28.42,37.775000000000006,47.608612
2023-10-24,S001-P0006,Toys,37,168,29.79,37.775000000000006,26.715683
2023-10-25,S001-P0006,Toys,140,144,42.32,37.775000000000006,124.50617
2023-10-26,S001-P0006,Toys,49,46,34.72,37.775000000000006,92.89164
2023-10-27,S001-P0006,Toys,72,3,34.2,37.775000000000006,105.8756
2023-10-28,S001-P0006,Toys,147,463,43.37,37.775000000000006,103.62665
2023-10-29,S001-P0006,Toys,133,363,46.26,37.775000000000006,105.216515
2023-10-30,S001-P0006,Toys,102,249,42.04,37.775000000000006,84.97507
2023-10-31,S001-P0006,Toys,77,547,36.75,37.775000000000006,84.34904
2023-11-01,S001-P0006,Toys,120,471,44.45,37.775000000000006,88.23257
2023-11-02,S001-P0006,Toys,53,373,31.82,37.775000000000006,103.61914
2023-11-03,S001-P0006,Toys,63,316,34.79,37.775000000000006,89.11942
2023-11-04,S001-P0006,Toys,62,247,38.52,37.775000000000006,82.67153
2023-11-05,S001-P0006,Toys,109,179,38.7,37.775000000000006,83.75054
2023-11-06,S001-P0006,Toys,94,92,40.9,37.775000000000006,81.36657
2023-11-07,S001-P0006,Toys,60,0,38.16,37.775000000000006,82.02606
2023-11-08,S001-P0006,Toys,61,352,34.55,37.775000000000006,108.33422
2023-11-09,S001-P0006,Toys,110,280,36.3,37.775000000000006,116.8054
2023-11-10,S001-P0006,Toys,84,180,31.66,37.775000000000006,117.20246
2023-11-11,S001-P0006,Toys,64,83,38.79,37.775000000000006,88.024376
2023-11-12,S001-P0006,Toys,77,415,28.98,37.775000000000006,116.66186
2023-11-13,S001-P0006,Toys,97,332,39.16,37.775000000000006,129.8394
2023-11-14,S001-P0006,Toys,69,255,37.47,37.775000000000006,87.35844
2023-11-15,S001-P0006,Toys,149,174,43.68,37.775000000000006,111.80094
2023-11-16,S001-P0006,Toys,124,75,47.4,37.775000000000006,95.91224
2023-11-17,S001-P0006,Toys,115,0,36.87,37.775000000000006,110.90472
2023-11-18,S001-P0006,Toys,32,510,29.16,37.775000000000006,110.93043
2023-11-19,S001-P0006,Toys,103,488,42.19,37.775000000000006,106.99688
2023-11-20,S001-P0006,Toys,94,420,38.97,37.775000000000006,85.90966
2023-11-21,S001-P0006,Toys,126,323,42.94,37.775000000000006,106.306175
2023-11-22,S001-P0006,Toys,168,237,40.92,37.775000000000006,131.04681
2023-11-23,S001-P0006,Toys,66,47,39.01,37.775000000000006,85.09586
2023-11-24,S001-P0006,Toys,96,401,39.09,37.775000000000006,98.63314
2023-11-25,S001-P0006,Toys,52,335,35.19,37.775000000000006,82.67153
2023-11-26,S001-P0006,Toys,103,300,44.46,37.775000000000006,108.01521
2023-11-27,S001-P0006,Toys,114,227,34.48,37.775000000000006,141.59392
2023-11-28,S001-P0006,Toys,78,136,34.69,37.775000000000006,117.691475
2023-11-29,S001-P0006,Toys,98,392,43.69,37.775000000000006,109.395424
2023-11-30,S001-P0006,Toys,75,288,38.36,37.775000000000006,95.10036
2023-12-01,S001-P0006,Toys,69,224,37.55,37.775000000000006,105.75814
2023-12-02,S001-P0006,Toys,138,167,47.0,37.775000000000006,94.472786
2023-12-03,S001-P0006,Toys,134,18,44.02,37.775000000000006,128.32999
2023-12-04,S001-P0006,Toys,99,209,39.42,37.775000000000006,95.29447
2023-12-05,S001-P0006,Toys,112,577,39.03,37.775000000000006,93.35753
2023-12-06,S001-P0006,Toys,190,471,48.44,37.775000000000006,136.08083
2023-12-07,S001-P0006,Toys,85,271,37.62,37.775000000000006,125.35081
2023-12-08,S001-P0006,Toys,195,218,48.99,37.775000000000006,127.25971
2023-12-09,S001-P0006,Toys,116,685,37.02,37.775000000000006,110.853676
2023-12-10,S001-P0006,Toys,110,595,40.97,37.775000000000006,84.74661
2023-12-11,S001-P0006,Toys,88,495,36.14,37.775000000000006,84.587425
2023-12-12,S001-P0006,Toys,151,419,36.53,37.775000000000006,135.5255
2023-12-13,S001-P0006,Toys,113,322,43.62,37.775000000000006,103.231186
2023-12-14,S001-P0006,Toys,162,248,47.67,37.775000000000006,101.10679
2023-12-15,S001-P0006,Toys,157,583,44.34,37.775000000000006,113.84309
2023-12-16,S001-P0006,Toys,85,402,37.69,37.775000000000006,94.472786
2023-12-17,S001-P0006,Toys,102,320,39.86,37.775000000000006,128.32999
2023-12-18,S001-P0006,Toys,130,242,36.26,37.775000000000006,127.0869
2023-12-19,S001-P0006,Toys,84,118,39.51,37.775000000000006,103.38157
2023-12-20,S001-P0006,Toys,78,274,38.73,37.775000000000006,83.77218
2023-12-21,S001-P0006,Toys,127,204,36.35,37.775000000000006,135.80638
2023-12-22,S001-P0006,Toys,96,61,37.1,37.775000000000006,104.775734
2023-12-23,S001-P0006,Toys,52,269,36.98,37.775000000000006,83.5543
2023-12-24,S001-P0006,Toys,72,208,37.94,37.775000000000006,104.940926
2023-12-25,S001-P0006,Toys,107,149,38.44,37.775000000000006,84.587425
2023-12-26,S001-P0006,Toys,38,82,33.21,37.775000000000006,82.94066
2023-12-27,S001-P0006,Toys,41,218,33.71,37.775000000000006,28.706175
2023-12-28,S001-P0006,Toys,35,535,31.18,37.775000000000006,35.460114
2023-12-29,S001-P0006,Toys,13,498,31.4,37.775000000000006,38.230774
2023-12-30,S001-P0006,Toys,21,487,29.33,37.775000000000006,27.770346
2023-12-31,S001-P0006,Toys,44,467,34.06,37.775000000000006,36.54329
2024-01-01,S001-P0006,Toys,16,424,31.89,37.775000000000006,33.883125
2024-01-02,S001-P0006,Toys,79,406,32.71,37.775000000000006,48.976242
2024-01-03,S001-P0006,Toys,22,315,26.47,37.775000000000006,50.18229
2024-01-04,S001-P0006,Toys,26,289,28.34,37.775000000000006,40.861687
2024-01-05,S001-P0006,Toys,15,264,30.12,37.775000000000006,36.126945
2024-01-06,S001-P0006,Toys,24,248,29.69,37.775000000000006,32.70552
2024-01-07,S001-P0006,Toys,48,220,36.41,37.775000000000006,28.377588
2024-01-08,S001-P0006,Toys,26,186,28.42,37.775000000000006,49.720455
2024-01-09,S001-P0006,Toys,83,164,37.41,37.775000000000006,81.96282
2024-01-10,S001-P0006,Toys,53,92,35.32,37.775000000000006,83.797874
2024-01-11,S001-P0006,Toys,85,42,39.76,37.775000000000006,80.93386
2024-01-12,S001-P0006,Toys,110,240,38.89,37.775000000000006,126.02973
2024-01-13,S001-P0006,Toys,81,170,37.27,37.775000000000006,101.69883
2024-01-14,S001-P0006,Toys,72,376,35.92,37.775000000000006,84.79689
2024-01-15,S001-P0006,Toys,75,303,34.46,37.775000000000006,92.99165
2024-01-16,S001-P0006,Toys,60,230,38.26,37.775000000000006,82.90501
2024-01-17,S001-P0006,Toys,58,173,34.21,37.775000000000006,93.2649
2024-01-18,S001-P0006,Toys,51,113,35.02,37.775000000000006,100.90287
2024-01-19,S001-P0006,Toys,44,71,34.08,37.775000000000006,86.004166
2024-01-20,S001-P0006,Toys,103,168,44.35,37.775000000000006,102.953316
2024-01-21,S001-P0006,Toys,75,73,30.27,37.775000000000006,123.4729
2024-01-22,S001-P0006,Toys,116,17,43.9,37.775000000000006,103.43665
2024-01-23,S001-P0006,Toys,125,255,38.43,37.775000000000006,109.640144
2024-01-24,S001-P0006,Toys,28,128,23.95,37.775000000000006,125.441
2024-01-25,S001-P0006,Toys,147,376,36.19,37.775000000000006,136.99991
2024-01-26,S001-P0006,Toys,67,225,37.22,37.775000000000006,95.63086
2024-01-27,S001-P0006,Toys,80,165,36.98,37.775000000000006,82.72022
2024-01-28,S001-P0006,Toys,127,613,40.88,37.775000000000006,126.064644
2024-01-29,S001-P0006,Toys,113,506,41.34,37.775000000000006,93.3772
2024-01-30,S001-P0006,Toys,96,436,37.13,37.775000000000006,81.96282
2023-10-03,S001-P0007,Groceries,188,521,32.2,24.380000000000003,115.64568
2023-10-04,S001-P0007,Groceries,68,305,22.39,24.380000000000003,116.960495
2023-10-05,S001-P0007,Groceries,151,229,30.72,24.380000000000003,98.877785
2023-10-06,S001-P0007,Groceries,206,978,25.25,24.380000000000003,149.62096
2023-10-07,S001-P0007,Groceries,109,823,21.91,24.380000000000003,87.36303
2023-10-08,S001-P0007,Groceries,113,712,24.73,24.380000000000003,77.464165
2023-10-09,S001-P0007,Groceries,49,640,19.78,24.380000000000003,74.32754
2023-10-10,S001-P0007,Groceries,63,585,19.78,24.380000000000003,87.12377
2023-10-11,S001-P0007,Groceries,133,545,26.29,24.380000000000003,107.699165
2023-10-12,S001-P0007,Groceries,77,447,21.94,24.380000000000003,68.24139
2023-10-13,S001-P0007,Groceries,117,369,23.72,24.380000000000003,68.80588
2023-10-14,S001-P0007,Groceries,118,271,23.81,24.380000000000003,87.45457
2023-10-15,S001-P0007,Groceries,74,629,21.69,24.380000000000003,70.85366
2023-10-16,S001-P0007,Groceries,80,569,21.01,24.380000000000003,67.7571
2023-10-17,S001-P0007,Groceries,75,519,22.93,24.380000000000003,81.72552
2023-10-18,S001-P0007,Groceries,75,436,19.5,24.380000000000003,87.28853
2023-10-19,S001-P0007,Groceries,91,388,24.3,24.380000000000003,82.72863
2023-10-20,S001-P0007,Groceries,108,300,24.33,24.380000000000003,83.31866
2023-10-21,S001-P0007,Groceries,92,213,20.7,24.380000000000003,107.26267
2023-10-22,S001-P0007,Groceries,103,137,25.23,24.380000000000003,77.48473
2023-10-23,S001-P0007,Groceries,64,413,22.03,24.380000000000003,74.173325
2023-10-24,S001-P0007,Groceries,88,373,21.63,24.380000000000003,66.84769
2023-10-25,S001-P0007,Groceries,128,314,25.83,24.380000000000003,148.98839
2023-10-26,S001-P0007,Groceries,84,171,23.69,24.380000000000003,114.20743
2023-10-27,S001-P0007,Groceries,94,99,24.53,24.380000000000003,126.96891
2023-10-28,S001-P0007,Groceries,140,410,26.82,24.380000000000003,127.71826
2023-10-29,S001-P0007,Groceries,183,277,30.11,24.380000000000003,126.59292
2023-10-30,S001-P0007,Groceries,89,122,24.09,24.380000000000003,103.432625
2023-10-31,S001-P0007,Groceries,80,21,22.21,24.380000000000003,103.96941
2023-11-01,S001-P0007,Groceries,68,654,22.35,24.380000000000003,98.76273
2023-11-02,S001-P0007,Groceries,177,596,28.16,24.380000000000003,126.89549
2023-11-03,S001-P0007,Groceries,103,446,25.27,24.380000000000003,102.787865
2023-11-04,S001-P0007,Groceries,99,358,22.44,24.380000000000003,94.474106
2023-11-05,S001-P0007,Groceries,203,297,29.91,24.380000000000003,133.67064
2023-11-06,S001-P0007,Groceries,173,851,31.01,24.380000000000003,95.44497
2023-11-07,S001-P0007,Groceries,236,729,34.25,24.380000000000003,133.9806
2023-11-08,S001-P0007,Groceries,204,516,33.52,24.380000000000003,126.26042
2023-11-09,S001-P0007,Groceries,116,310,23.7,24.380000000000003,96.724815
2023-11-10,S001-P0007,Groceries,110,171,27.22,24.380000000000003,102.787865
2023-11-11,S001-P0007,Groceries,114,1152,26.17,24.380000000000003,99.27389
2023-11-12,S001-P0007,Groceries,92,1034,21.92,24.380000000000003,100.14849
2023-11-13,S001-P0007,Groceries,152,961,21.98,24.380000000000003,153.27008
2023-11-14,S001-P0007,Groceries,55,870,21.34,24.380000000000003,98.78799
2023-11-15,S001-P0007,Groceries,77,835,20.8,24.380000000000003,95.328476
2023-11-16,S001-P0007,Groceries,174,762,24.52,24.380000000000003,155.67244
2023-11-17,S001-P0007,Groceries,134,597,24.83,24.380000000000003,132.93956
2023-11-18,S001-P0007,Groceries,139,491,23.75,24.380000000000003,133.08208
2023-11-19,S001-P0007,Groceries,145,375,30.22,24.380000000000003,129.71088
2023-11-20,S001-P0007,Groceries,90,1020,22.97,24.380000000000003,96.87285
2023-11-21,S001-P0007,Groceries,96,940,19.47,24.380000000000003,170.44583
2023-11-22,S001-P0007,Groceries,131,837,24.65,24.380000000000003,154.39394
2023-11-23,S001-P0007,Groceries,141,755,21.28,24.380000000000003,138.39893
2023-11-24,S001-P0007,Groceries,140,587,26.9,24.380000000000003,114.42535
2023-11-25,S001-P0007,Groceries,106,432,25.54,24.380000000000003,95.656944
2023-11-26,S001-P0007,Groceries,86,351,21.49,24.380000000000003,169.43535
2023-11-27,S001-P0007,Groceries,80,291,22.12,24.380000000000003,125.0663
2023-11-28,S001-P0007,Groceries,120,784,26.65,24.380000000000003,98.78799
2023-11-29,S001-P0007,Groceries,113,673,23.48,24.380000000000003,126.06312
2023-11-30,S001-P0007,Groceries,89,573,21.66,24.380000000000003,111.19989
2023-12-01,S001-P0007,Groceries,141,514,25.54,24.380000000000003,126.420265
2023-12-02,S001-P0007,Groceries,213,415,27.4,24.380000000000003,151.94205
2023-12-03,S001-P0007,Groceries,129,209,25.98,24.380000000000003,113.84837
2023-12-04,S001-P0007,Groceries,104,66,24.03,24.380000000000003,115.57627
2023-12-05,S001-P0007,Groceries,66,568,20.02,24.380000000000003,117.51913
2023-12-06,S001-P0007,Groceries,138,489,25.15,24.380000000000003,165.79704
2023-12-07,S001-P0007,Groceries,127,366,24.33,24.380000000000003,148.43633
2023-12-08,S001-P0007,Groceries,141,273,28.38,24.380000000000003,116.63549
2023-12-09,S001-P0007,Groceries,113,115,23.49,24.380000000000003,101.5349
2023-12-10,S001-P0007,Groceries,82,601,18.81,24.380000000000003,129.56052
2023-12-11,S001-P0007,Groceries,79,519,17.48,24.380000000000003,129.66054
2023-12-12,S001-P0007,Groceries,55,441,21.32,24.380000000000003,129.7621
2023-12-13,S001-P0007,Groceries,168,390,28.96,24.380000000000003,129.62346
2023-12-14,S001-P0007,Groceries,68,195,21.23,24.380000000000003,125.62324
2023-12-15,S001-P0007,Groceries,100,140,18.73,24.380000000000003,129.88951
2023-12-16,S001-P0007,Groceries,193,57,26.14,24.380000000000003,151.94205
2023-12-17,S001-P0007,Groceries,174,798,32.67,24.380000000000003,115.74296
2023-12-18,S001-P0007,Groceries,115,659,23.61,24.380000000000003,115.15543
2023-12-19,S001-P0007,Groceries,250,584,35.38,24.380000000000003,166.48247
2023-12-20,S001-P0007,Groceries,65,1042,22.12,24.380000000000003,102.29575
2023-12-21,S001-P0007,Groceries,163,983,30.18,24.380000000000003,126.68248
2023-12-22,S001-P0007,Groceries,135,849,27.86,24.380000000000003,127.590904
2023-12-23,S001-P0007,Groceries,92,765,18.25,24.380000000000003,133.34523
2023-12-24,S001-P0007,Groceries,220,680,29.34,24.380000000000003,164.04143
2023-12-25,S001-P0007,Groceries,102,441,26.46,24.380000000000003,102.34138
2023-12-26,S001-P0007,Groceries,126,380,27.15,24.380000000000003,101.227356
2023-12-27,S001-P0007,Groceries,15,269,19.0,24.380000000000003,71.151665
2023-12-28,S001-P0007,Groceries,90,1167,21.78,24.380000000000003,88.90763
2023-12-29,S001-P0007,Groceries,91,1086,24.23,24.380000000000003,89.97192
2023-12-30,S001-P0007,Groceries,69,993,21.37,24.380000000000003,70.86538
2023-12-31,S001-P0007,Groceries,81,923,23.44,24.380000000000003,81.632835
2024-01-01,S001-P0007,Groceries,98,851,19.89,24.380000000000003,103.78217
2024-01-02,S001-P0007,Groceries,83,734,23.6,24.380000000000003,80.736786
2024-01-03,S001-P0007,Groceries,61,648,17.22,24.380000000000003,104.13967
2024-01-04,S001-P0007,Groceries,105,602,20.06,24.380000000000003,93.87571
2024-01-05,S001-P0007,Groceries,79,497,22.1,24.380000000000003,89.89352
2024-01-06,S001-P0007,Groceries,55,406,19.2,24.380000000000003,79.32448
2024-01-07,S001-P0007,Groceries,46,371,20.61,24.380000000000003,73.40146
2024-01-08,S001-P0007,Groceries,90,335,22.97,24.380000000000003,79.48977
2024-01-09,S001-P0007,Groceries,75,278,24.12,24.380000000000003,100.354164
2024-01-10,S001-P0007,Groceries,131,211,26.11,24.380000000000003,135.81313
2024-01-11,S001-P0007,Groceries,81,85,23.41,24.380000000000003,99.15925
2024-01-12,S001-P0007,Groceries,181,334,29.98,24.380000000000003,114.67727
2024-01-13,S001-P0007,Groceries,60,152,17.12,24.380000000000003,163.02864
2024-01-14,S001-P0007,Groceries,185,697,28.8,24.380000000000003,99.53443
2024-01-15,S001-P0007,Groceries,78,500,22.06,24.380000000000003,113.43983
2024-01-16,S001-P0007,Groceries,184,433,25.55,24.380000000000003,133.17203
2024-01-17,S001-P0007,Groceries,122,316,21.17,24.380000000000003,150.25426
2024-01-18,S001-P0007,Groceries,62,922,20.77,24.380000000000003,122.20177
2024-01-19,S001-P0007,Groceries,21,876,18.53,24.380000000000003,100.00699
2024-01-20,S001-P0007,Groceries,29,862,18.14,24.380000000000003,167.18509
2024-01-21,S001-P0007,Groceries,93,838,21.97,24.380000000000003,114.04412
2024-01-22,S001-P0007,Groceries,106,740,24.19,24.380000000000003,123.42858
2024-01-23,S001-P0007,Groceries,11,649,17.69,24.380000000000003,99.65357
2024-01-24,S001-P0007,Groceries,86,640,22.67,24.380000000000003,114.89712
2024-01-25,S001-P0007,Groceries,105,552,22.89,24.380000000000003,163.42058
2024-01-26,S001-P0007,Groceries,99,438,23.64,24.380000000000003,114.67727
2024-01-27,S001-P0007,Groceries,157,332,26.57,24.380000000000003,134.95953
2024-01-28,S001-P0007,Groceries,92,226,24.32,24.380000000000003,116.40747
2024-01-29,S001-P0007,Groceries,173,136,29.47,24.380000000000003,113.43983
2024-01-30,S001-P0007,Groceries,80,476,24.57,24.380000000000003,100.354164
2023-10-03,S001-P0008,Electronics,47,146,37.74,41.72,97.30289
2023-10-04,S001-P0008,Electronics,140,106,46.13,41.72,123.49008
2023-10-05,S001-P0008,Electronics,121,158,46.29,41.72,87.23679
2023-10-06,S001-P0008,Electronics,103,164,48.56,41.72,95.36862
2023-10-07,S001-P0008,Electronics,45,73,37.34,41.72,46.069195
2023-10-08,S001-P0008,Electronics,46,89,31.58,41.72,68.96828
2023-10-09,S001-P0008,Electronics,25,48,32.64,41.72,50.52232
2023-10-10,S001-P0008,Electronics,83,70,40.82,41.72,45.863594
2023-10-11,S001-P0008,Electronics,63,84,38.03,41.72,56.918404
2023-10-12,S001-P0008,Electronics,93,105,33.42,41.72,62.176743
2023-10-13,S001-P0008,Electronics,24,136,32.54,41.72,47.31077
2023-10-14,S001-P0008,Electronics,39,108,32.79,41.72,45.81526
2023-10-15,S001-P0008,Electronics,65,84,42.58,41.72,48.74419
2023-10-16,S001-P0008,Electronics,42,75,37.0,41.72,45.85048
2023-10-17,S001-P0008,Electronics,47,79,35.72,41.72,57.10592
2023-10-18,S001-P0008,Electronics,73,91,37.5,41.72,60.232178
2023-10-19,S001-P0008,Electronics,101,97,36.69,41.72,77.269615
2023-10-20,S001-P0008,Electronics,61,142,37.74,41.72,57.398712
2023-10-21,S001-P0008,Electronics,116,72,43.18,41.72,77.051384
2023-10-22,S001-P0008,Electronics,67,106,40.68,41.72,53.45789
2023-10-23,S001-P0008,Electronics,57,34,33.03,41.72,67.08704
2023-10-24,S001-P0008,Electronics,43,51,39.09,41.72,46.248367
2023-10-25,S001-P0008,Electronics,69,63,38.83,41.72,98.48523
2023-10-26,S001-P0008,Electronics,128,68,52.47,41.72,95.77822
2023-10-27,S001-P0008,Electronics,47,141,32.11,41.72,135.24883
2023-10-28,S001-P0008,Electronics,55,107,35.03,41.72,108.02625
2023-10-29,S001-P0008,Electronics,137,41,48.59,41.72,105.596565
2023-10-30,S001-P0008,Electronics,105,139,46.45,41.72,87.71815
2023-10-31,S001-P0008,Electronics,42,155,35.06,41.72,87.48954
2023-11-01,S001-P0008,Electronics,70,106,39.14,41.72,86.56593
2023-11-02,S001-P0008,Electronics,128,83,49.82,41.72,104.49186
2023-11-03,S001-P0008,Electronics,142,121,46.43,41.72,111.17278
2023-11-04,S001-P0008,Electronics,81,156,38.52,41.72,83.7248
2023-11-05,S001-P0008,Electronics,86,89,38.99,41.72,110.09519
2023-11-06,S001-P0008,Electronics,113,79,45.16,41.72,83.81678
2023-11-07,S001-P0008,Electronics,63,103,42.13,41.72,84.15197
2023-11-08,S001-P0008,Electronics,133,63,48.11,41.72,106.723274
2023-11-09,S001-P0008,Electronics,114,119,37.7,41.72,116.5563
2023-11-10,S001-P0008,Electronics,74,91,35.18,41.72,111.118004
2023-11-11,S001-P0008,Electronics,127,83,44.68,41.72,85.30018
2023-11-12,S001-P0008,Electronics,129,152,44.74,41.72,110.48464
2023-11-13,S001-P0008,Electronics,139,169,46.32,41.72,126.61784
2023-11-14,S001-P0008,Electronics,95,182,42.69,41.72,85.28091
2023-11-15,S001-P0008,Electronics,96,81,42.85,41.72,84.80701
2023-11-16,S001-P0008,Electronics,114,121,42.91,41.72,94.515236
2023-11-17,S001-P0008,Electronics,81,121,34.28,41.72,109.83084
2023-11-18,S001-P0008,Electronics,40,38,31.12,41.72,110.360435
2023-11-19,S001-P0008,Electronics,90,63,41.94,41.72,106.11265
2023-11-20,S001-P0008,Electronics,65,80,34.32,41.72,113.033745
2023-11-21,S001-P0008,Electronics,57,89,39.19,41.72,105.501396
2023-11-22,S001-P0008,Electronics,81,107,42.73,41.72,96.55738
2023-11-23,S001-P0008,Electronics,89,124,46.32,41.72,84.39077
2023-11-24,S001-P0008,Electronics,163,107,52.21,41.72,125.12564
2023-11-25,S001-P0008,Electronics,52,183,36.47,41.72,83.918175
2023-11-26,S001-P0008,Electronics,63,151,42.19,41.72,106.94266
2023-11-27,S001-P0008,Electronics,127,91,49.64,41.72,103.69994
2023-11-28,S001-P0008,Electronics,149,117,50.29,41.72,85.28091
2023-11-29,S001-P0008,Electronics,97,144,42.86,41.72,106.723274
2023-11-30,S001-P0008,Electronics,113,63,45.08,41.72,94.515236
2023-12-01,S001-P0008,Electronics,43,114,35.08,41.72,104.33748
2023-12-02,S001-P0008,Electronics,89,72,43.95,41.72,98.31792
2023-12-03,S001-P0008,Electronics,111,104,47.31,41.72,95.19782
2023-12-04,S001-P0008,Electronics,37,115,28.98,41.72,123.2054
2023-12-05,S001-P0008,Electronics,121,91,43.9,41.72,123.39968
2023-12-06,S001-P0008,Electronics,61,131,41.96,41.72,107.44282
2023-12-07,S001-P0008,Electronics,108,80,46.8,41.72,95.93095
2023-12-08,S001-P0008,Electronics,103,124,43.7,41.72,96.64413
2023-12-09,S001-P0008,Electronics,120,150,43.83,41.72,86.23446
2023-12-10,S001-P0008,Electronics,74,171,37.62,41.72,84.57345
2023-12-11,S001-P0008,Electronics,105,100,46.37,41.72,85.9053
2023-12-12,S001-P0008,Electronics,165,134,46.65,41.72,135.19954
2023-12-13,S001-P0008,Electronics,102,193,43.57,41.72,108.47307
2023-12-14,S001-P0008,Electronics,86,90,36.99,41.72,132.54616
2023-12-15,S001-P0008,Electronics,152,108,47.76,41.72,108.66641
2023-12-16,S001-P0008,Electronics,99,149,43.06,41.72,99.37592
2023-12-17,S001-P0008,Electronics,106,54,41.89,41.72,122.16026
2023-12-18,S001-P0008,Electronics,47,85,39.7,41.72,96.161995
2023-12-19,S001-P0008,Electronics,89,86,44.04,41.72,107.05489
2023-12-20,S001-P0008,Electronics,141,99,46.33,41.72,110.76764
2023-12-21,S001-P0008,Electronics,59,125,39.52,41.72,104.080666
2023-12-22,S001-P0008,Electronics,111,85,42.37,41.72,134.10883
2023-12-23,S001-P0008,Electronics,174,120,53.74,41.72,110.38218
2023-12-24,S001-P0008,Electronics,190,202,55.97,41.72,103.50895
2023-12-25,S001-P0008,Electronics,46,181,35.54,41.72,86.88081
2023-12-26,S001-P0008,Electronics,142,138,43.76,41.72,110.11212
2023-12-27,S001-P0008,Electronics,56,139,39.05,41.72,47.534122
2023-12-28,S001-P0008,Electronics,34,99,33.95,41.72,58.453217
2023-12-29,S001-P0008,Electronics,64,75,38.27,41.72,59.01789
2023-12-30,S001-P0008,Electronics,26,66,36.41,41.72,47.281452
2023-12-31,S001-P0008,Electronics,52,36,40.42,41.72,53.61519
2024-01-01,S001-P0008,Electronics,27,60,32.87,41.72,50.629223
2024-01-02,S001-P0008,Electronics,41,78,38.66,41.72,53.77267
2024-01-03,S001-P0008,Electronics,69,87,38.86,41.72,73.82069
2024-01-04,S001-P0008,Electronics,91,74,39.57,41.72,62.812946
2024-01-05,S001-P0008,Electronics,69,91,36.65,41.72,80.30945
2024-01-06,S001-P0008,Electronics,34,69,32.13,41.72,52.063316
2024-01-07,S001-P0008,Electronics,56,87,41.11,41.72,46.67709
2024-01-08,S001-P0008,Electronics,48,93,35.92,41.72,51.357353
2024-01-09,S001-P0008,Electronics,134,63,42.74,41.72,109.637276
2024-01-10,S001-P0008,Electronics,87,110,43.74,41.72,83.63624
2024-01-11,S001-P0008,Electronics,165,117,47.08,41.72,109.0799
2024-01-12,S001-P0008,Electronics,143,157,52.03,41.72,94.65987
2024-01-13,S001-P0008,Electronics,80,154,40.55,41.72,104.24275
2024-01-14,S001-P0008,Electronics,100,101,43.29,41.72,83.11406
2024-01-15,S001-P0008,Electronics,96,88,40.53,41.72,94.36218
2024-01-16,S001-P0008,Electronics,122,118,41.55,41.72,109.727
2024-01-17,S001-P0008,Electronics,88,148,39.19,41.72,123.141075
2024-01-18,S001-P0008,Electronics,181,53,57.82,41.72,101.59677
2024-01-19,S001-P0008,Electronics,83,168,45.36,41.72,83.40128
2024-01-20,S001-P0008,Electronics,126,94,49.58,41.72,104.299934
2024-01-21,S001-P0008,Electronics,141,150,49.14,41.72,93.96823
2024-01-22,S001-P0008,Electronics,97,147,45.18,41.72,102.25036
2024-01-23,S001-P0008,Electronics,83,73,38.73,41.72,110.06811
2024-01-24,S001-P0008,Electronics,106,89,41.64,41.72,123.141075
2024-01-25,S001-P0008,Electronics,110,122,49.6,41.72,101.72946
2024-01-26,S001-P0008,Electronics,112,147,42.64,41.72,94.87739
2024-01-27,S001-P0008,Electronics,102,145,36.72,41.72,109.6796
2024-01-28,S001-P0008,Electronics,118,41,50.82,41.72,93.74296
2024-01-29,S001-P0008,Electronics,109,118,47.02,41.72,94.08848
2024-01-30,S001-P0008,Electronics,53,162,34.68,41.72,82.86273
2023-10-03,S001-P0009,Clothing,79,231,67.6,89.34,133.09904
2023-10-04,S001-P0009,Clothing,92,160,88.12,89.34,102.2649
2023-10-05,S001-P0009,Clothing,95,141,84.56,89.34,93.08555
2023-10-06,S001-P0009,Clothing,112,124,89.51,89.34,101.10229
2023-10-07,S001-P0009,Clothing,156,178,101.76,89.34,88.50458
2023-10-08,S001-P0009,Clothing,149,176,78.87,89.34,124.21523
2023-10-09,S001-P0009,Clothing,99,178,81.32,89.34,96.609276
2023-10-10,S001-P0009,Clothing,68,203,77.2,89.34,88.36097
2023-10-11,S001-P0009,Clothing,119,161,96.26,89.34,105.35938
2023-10-12,S001-P0009,Clothing,93,169,93.11,89.34,89.32796
2023-10-13,S001-P0009,Clothing,92,194,92.85,89.34,89.85702
2023-10-14,S001-P0009,Clothing,124,112,92.69,89.34,112.7044
2023-10-15,S001-P0009,Clothing,127,136,93.39,89.34,90.548996
2023-10-16,S001-P0009,Clothing,91,148,83.22,89.34,88.55494
2023-10-17,S001-P0009,Clothing,163,144,115.04,89.34,105.579155
2023-10-18,S001-P0009,Clothing,108,143,69.8,89.34,112.1593
2023-10-19,S001-P0009,Clothing,61,182,75.14,89.34,106.30496
2023-10-20,S001-P0009,Clothing,129,131,94.08,89.34,106.607475
2023-10-21,S001-P0009,Clothing,166,153,93.77,89.34,133.40007
2023-10-22,S001-P0009,Clothing,88,137,87.11,89.34,98.64263
2023-10-23,S001-P0009,Clothing,176,145,107.18,89.34,122.37121
2023-10-24,S001-P0009,Clothing,121,184,96.98,89.34,88.41072
2023-10-25,S001-P0009,Clothing,118,241,96.13,89.34,102.845314
2023-10-26,S001-P0009,Clothing,168,100,104.89,89.34,132.03201
2023-10-27,S001-P0009,Clothing,146,168,87.78,89.34,143.43398
2023-10-28,S001-P0009,Clothing,255,143,129.46,89.34,148.78084
2023-10-29,S001-P0009,Clothing,126,223,93.31,89.34,111.46517
2023-10-30,S001-P0009,Clothing,120,80,86.98,89.34,91.05101
2023-10-31,S001-P0009,Clothing,124,110,87.93,89.34,91.21409
2023-11-01,S001-P0009,Clothing,74,164,87.34,89.34,91.44529
2023-11-02,S001-P0009,Clothing,183,170,92.26,89.34,144.31067
2023-11-03,S001-P0009,Clothing,126,173,82.72,89.34,119.246605
2023-11-04,S001-P0009,Clothing,94,138,70.99,89.34,120.378105
2023-11-05,S001-P0009,Clothing,69,163,73.23,89.34,92.81393
2023-11-06,S001-P0009,Clothing,165,117,115.86,89.34,92.83603
2023-11-07,S001-P0009,Clothing,104,172,82.59,89.34,91.17235
2023-11-08,S001-P0009,Clothing,126,225,73.82,89.34,146.61424
2023-11-09,S001-P0009,Clothing,95,142,89.1,89.34,91.381935
2023-11-10,S001-P0009,Clothing,87,172,86.8,89.34,91.6131
2023-11-11,S001-P0009,Clothing,154,171,112.45,89.34,91.645134
2023-11-12,S001-P0009,Clothing,150,178,105.42,89.34,93.75336
2023-11-13,S001-P0009,Clothing,139,171,76.67,89.34,130.92252
2023-11-14,S001-P0009,Clothing,204,143,115.12,89.34,121.12877
2023-11-15,S001-P0009,Clothing,48,204,71.54,89.34,91.525024
2023-11-16,S001-P0009,Clothing,55,170,73.28,89.34,102.16328
2023-11-17,S001-P0009,Clothing,82,133,80.85,89.34,91.78581
2023-11-18,S001-P0009,Clothing,137,121,90.85,89.34,120.84054
2023-11-19,S001-P0009,Clothing,45,112,70.24,89.34,113.215065
2023-11-20,S001-P0009,Clothing,110,109,93.65,89.34,91.191605
2023-11-21,S001-P0009,Clothing,87,129,73.71,89.34,147.23076
2023-11-22,S001-P0009,Clothing,142,117,103.21,89.34,103.46132
2023-11-23,S001-P0009,Clothing,125,160,98.04,89.34,92.14535
2023-11-24,S001-P0009,Clothing,130,184,104.95,89.34,103.61679
2023-11-25,S001-P0009,Clothing,180,247,102.5,89.34,120.84054
2023-11-26,S001-P0009,Clothing,117,267,91.04,89.34,114.12521
2023-11-27,S001-P0009,Clothing,212,138,130.35,89.34,113.71337
2023-11-28,S001-P0009,Clothing,180,223,103.11,89.34,121.12877
2023-11-29,S001-P0009,Clothing,46,240,74.71,89.34,114.61299
2023-11-30,S001-P0009,Clothing,154,210,101.23,89.34,102.16328
2023-12-01,S001-P0009,Clothing,152,227,95.58,89.34,165.49509
2023-12-02,S001-P0009,Clothing,204,186,115.61,89.34,122.22442
2023-12-03,S001-P0009,Clothing,162,274,92.72,89.34,152.60133
2023-12-04,S001-P0009,Clothing,188,132,87.67,89.34,150.27037
2023-12-05,S001-P0009,Clothing,181,226,114.61,89.34,121.650635
2023-12-06,S001-P0009,Clothing,37,228,57.48,89.34,166.86278
2023-12-07,S001-P0009,Clothing,188,185,116.84,89.34,121.65331
2023-12-08,S001-P0009,Clothing,330,198,167.34,89.34,122.83
2023-12-09,S001-P0009,Clothing,125,383,93.01,89.34,109.355644
2023-12-10,S001-P0009,Clothing,220,285,119.63,89.34,108.74272
2023-12-11,S001-P0009,Clothing,84,325,81.37,89.34,109.802345
2023-12-12,S001-P0009,Clothing,285,256,116.51,89.34,166.5115
2023-12-13,S001-P0009,Clothing,281,367,114.07,89.34,166.2563
2023-12-14,S001-P0009,Clothing,102,406,86.69,89.34,133.36536
2023-12-15,S001-P0009,Clothing,214,316,124.55,89.34,109.509056
2023-12-16,S001-P0009,Clothing,177,123,102.22,89.34,121.61475
2023-12-17,S001-P0009,Clothing,92,215,69.72,89.34,151.51656
2023-12-18,S001-P0009,Clothing,136,139,91.24,89.34,151.57826
2023-12-19,S001-P0009,Clothing,214,121,118.39,89.34,132.84114
2023-12-20,S001-P0009,Clothing,174,218,112.73,89.34,110.75735
2023-12-21,S001-P0009,Clothing,134,182,90.6,89.34,164.90556
2023-12-22,S001-P0009,Clothing,143,213,103.56,89.34,133.28583
2023-12-23,S001-P0009,Clothing,98,201,94.79,89.34,110.55811
2023-12-24,S001-P0009,Clothing,113,101,84.97,89.34,132.94284
2023-12-25,S001-P0009,Clothing,85,120,86.18,89.34,109.73881
2023-12-26,S001-P0009,Clothing,189,141,87.8,89.34,137.77213
2023-12-27,S001-P0009,Clothing,99,177,85.75,89.34,103.12156
2023-12-28,S001-P0009,Clothing,85,188,86.08,89.34,123.118355
2023-12-29,S001-P0009,Clothing,137,101,96.17,89.34,121.25539
2023-12-30,S001-P0009,Clothing,89,160,91.98,89.34,103.83191
2023-12-31,S001-P0009,Clothing,146,150,104.19,89.34,112.79621
2024-01-01,S001-P0009,Clothing,76,175,79.29,89.34,112.30245
2024-01-02,S001-P0009,Clothing,213,112,111.76,89.34,138.61388
2024-01-03,S001-P0009,Clothing,93,237,88.49,89.34,111.763565
2024-01-04,S001-P0009,Clothing,146,153,104.17,89.34,106.37084
2024-01-05,S001-P0009,Clothing,50,130,75.68,89.34,122.91512
2024-01-06,S001-P0009,Clothing,132,141,85.2,89.34,138.2096
2024-01-07,S001-P0009,Clothing,153,166,101.11,89.34,106.74396
2024-01-08,S001-P0009,Clothing,139,213,102.1,89.34,112.59394
2024-01-09,S001-P0009,Clothing,140,287,82.05,89.34,139.59192
2024-01-10,S001-P0009,Clothing,103,132,86.9,89.34,110.485405
2024-01-11,S001-P0009,Clothing,201,131,107.98,89.34,140.4659
2024-01-12,S001-P0009,Clothing,112,210,99.31,89.34,125.39062
2024-01-13,S001-P0009,Clothing,145,98,103.92,89.34,136.65334
2024-01-14,S001-P0009,Clothing,99,145,81.27,89.34,109.48236
2024-01-15,S001-P0009,Clothing,97,125,85.19,89.34,123.30912
2024-01-16,S001-P0009,Clothing,248,123,114.56,89.34,140.2809
2024-01-17,S001-P0009,Clothing,184,278,109.46,89.34,157.75267
2024-01-18,S001-P0009,Clothing,141,74,97.82,89.34,135.55669
2024-01-19,S001-P0009,Clothing,100,138,95.41,89.34,110.69529
2024-01-20,S001-P0009,Clothing,174,149,106.61,89.34,170.00063
2024-01-21,S001-P0009,Clothing,169,233,88.94,89.34,154.611
2024-01-22,S001-P0009,Clothing,183,237,103.66,89.34,134.38277
2024-01-23,S001-P0009,Clothing,95,330,80.16,89.34,109.74889
2024-01-24,S001-P0009,Clothing,153,247,95.68,89.34,157.75267
2024-01-25,S001-P0009,Clothing,210,102,116.84,89.34,135.04362
2024-01-26,S001-P0009,Clothing,119,202,91.54,89.34,124.74781
2024-01-27,S001-P0009,Clothing,198,204,94.59,89.34,139.79214
2024-01-28,S001-P0009,Clothing,164,260,103.92,89.34,123.82949
2024-01-29,S001-P0009,Clothing,133,93,95.56,89.34,123.30912
2024-01-30,S001-P0009,Clothing,84,128,90.35,89.34,110.92242
2023-10-03,S001-P0010,Furniture,66,325,93.39,118.37,97.9563
2023-10-04,S001-P0010,Furniture,125,263,113.46,118.37,98.80976
2023-10-05,S001-P0010,Furniture,97,119,131.66,118.37,66.25338
2023-10-06,S001-P0010,Furniture,84,461,119.18,118.37,74.26761
2023-10-07,S001-P0010,Furniture,49,401,93.31,118.37,41.209183
2023-10-08,S001-P0010,Furniture,15,358,95.96,118.37,36.64579
2023-10-09,S001-P0010,Furniture,27,341,106.23,118.37,34.24238
2023-10-10,S001-P0010,Furniture,28,316,106.83,118.37,32.3274
2023-10-11,S001-P0010,Furniture,50,288,117.19,118.37,39.695625
2023-10-12,S001-P0010,Furniture,62,241,103.21,118.37,41.30035
2023-10-13,S001-P0010,Furniture,32,191,103.25,118.37,32.327118
2023-10-14,S001-P0010,Furniture,59,153,114.56,118.37,42.08244
2023-10-15,S001-P0010,Furniture,27,85,106.66,118.37,33.52202
2023-10-16,S001-P0010,Furniture,12,330,89.44,118.37,31.34965
2023-10-17,S001-P0010,Furniture,16,318,95.97,118.37,38.64973
2023-10-18,S001-P0010,Furniture,37,304,111.05,118.37,32.790726
2023-10-19,S001-P0010,Furniture,42,267,95.27,118.37,54.288334
2023-10-20,S001-P0010,Furniture,35,219,99.05,118.37,39.484337
2023-10-21,S001-P0010,Furniture,60,182,109.39,118.37,53.881126
2023-10-22,S001-P0010,Furniture,27,118,95.79,118.37,47.105858
2023-10-23,S001-P0010,Furniture,29,98,107.4,118.37,34.24238
2023-10-24,S001-P0010,Furniture,31,71,97.3,118.37,30.8279
2023-10-25,S001-P0010,Furniture,62,276,122.74,118.37,75.62679
2023-10-26,S001-P0010,Furniture,64,203,116.83,118.37,74.36082
2023-10-27,S001-P0010,Furniture,96,154,124.14,118.37,82.186195
2023-10-28,S001-P0010,Furniture,95,66,116.85,118.37,107.15686
2023-10-29,S001-P0010,Furniture,72,233,126.92,118.37,80.960526
2023-10-30,S001-P0010,Furniture,90,154,135.49,118.37,66.26839
2023-10-31,S001-P0010,Furniture,62,383,122.75,118.37,66.26626
2023-11-01,S001-P0010,Furniture,82,322,131.85,118.37,63.31919
2023-11-02,S001-P0010,Furniture,107,225,121.56,118.37,109.61831
2023-11-03,S001-P0010,Furniture,82,133,118.35,118.37,65.10978
2023-11-04,S001-P0010,Furniture,91,56,107.34,118.37,84.65113
2023-11-05,S001-P0010,Furniture,67,340,125.0,118.37,63.89491
2023-11-06,S001-P0010,Furniture,79,281,137.13,118.37,64.81738
2023-11-07,S001-P0010,Furniture,90,203,114.92,118.37,82.76284
2023-11-08,S001-P0010,Furniture,143,471,143.64,118.37,109.482735
2023-11-09,S001-P0010,Furniture,98,330,111.15,118.37,87.44843
2023-11-10,S001-P0010,Furniture,52,252,118.05,118.37,65.619995
2023-11-11,S001-P0010,Furniture,100,213,133.19,118.37,63.409035
2023-11-12,S001-P0010,Furniture,92,827,115.92,118.37,84.801796
2023-11-13,S001-P0010,Furniture,49,758,116.6,118.37,71.15212
2023-11-14,S001-P0010,Furniture,75,702,121.53,118.37,62.927174
2023-11-15,S001-P0010,Furniture,114,613,123.22,118.37,84.8326
2023-11-16,S001-P0010,Furniture,71,526,126.78,118.37,70.56169
2023-11-17,S001-P0010,Furniture,64,454,116.82,118.37,63.334534
2023-11-18,S001-P0010,Furniture,48,412,122.37,118.37,63.33071
2023-11-19,S001-P0010,Furniture,118,355,124.71,118.37,107.55459
2023-11-20,S001-P0010,Furniture,79,236,137.38,118.37,62.93592
2023-11-21,S001-P0010,Furniture,82,160,138.79,118.37,80.01888
2023-11-22,S001-P0010,Furniture,114,104,109.83,118.37,100.17486
2023-11-23,S001-P0010,Furniture,108,522,128.41,118.37,86.68032
2023-11-24,S001-P0010,Furniture,89,398,128.15,118.37,73.25694
2023-11-25,S001-P0010,Furniture,42,321,119.13,118.37,63.33071
2023-11-26,S001-P0010,Furniture,85,294,126.12,118.37,80.926445
2023-11-27,S001-P0010,Furniture,112,219,145.42,118.37,79.78281
2023-11-28,S001-P0010,Furniture,99,556,132.59,118.37,62.544052
2023-11-29,S001-P0010,Furniture,113,468,153.59,118.37,80.86298
2023-11-30,S001-P0010,Furniture,65,393,117.92,118.37,70.56169
2023-12-01,S001-P0010,Furniture,88,316,134.51,118.37,83.73743
2023-12-02,S001-P0010,Furniture,119,228,148.58,118.37,77.47368
2023-12-03,S001-P0010,Furniture,111,512,152.63,118.37,75.66539
2023-12-04,S001-P0010,Furniture,116,382,139.95,118.37,75.577774
2023-12-05,S001-P0010,Furniture,95,281,123.96,118.37,76.77075
2023-12-06,S001-P0010,Furniture,126,223,159.87,118.37,85.97559
2023-12-07,S001-P0010,Furniture,47,82,115.53,118.37,74.14409
2023-12-08,S001-P0010,Furniture,105,437,113.8,118.37,99.64964
2023-12-09,S001-P0010,Furniture,61,314,96.32,118.37,88.58423
2023-12-10,S001-P0010,Furniture,107,267,121.64,118.37,87.255516
2023-12-11,S001-P0010,Furniture,103,200,111.61,118.37,88.66675
2023-12-12,S001-P0010,Furniture,94,581,137.12,118.37,84.844475
2023-12-13,S001-P0010,Furniture,92,496,122.79,118.37,85.20127
2023-12-14,S001-P0010,Furniture,79,427,123.37,118.37,81.24555
2023-12-15,S001-P0010,Furniture,111,358,152.57,118.37,66.89918
2023-12-16,S001-P0010,Furniture,42,258,107.27,118.37,77.65966
2023-12-17,S001-P0010,Furniture,105,230,127.2,118.37,98.29171
2023-12-18,S001-P0010,Furniture,68,112,94.09,118.37,99.31662
2023-12-19,S001-P0010,Furniture,85,600,126.34,118.37,84.322
2023-12-20,S001-P0010,Furniture,110,536,136.95,118.37,88.814064
2023-12-21,S001-P0010,Furniture,104,404,142.03,118.37,81.91801
2023-12-22,S001-P0010,Furniture,84,279,139.49,118.37,83.73743
2023-12-23,S001-P0010,Furniture,60,199,121.83,118.37,66.55276
2023-12-24,S001-P0010,Furniture,81,150,103.59,118.37,108.208015
2023-12-25,S001-P0010,Furniture,82,471,110.94,118.37,88.61589
2023-12-26,S001-P0010,Furniture,73,377,134.41,118.37,65.91546
2023-12-27,S001-P0010,Furniture,45,315,86.13,118.37,45.94156
2023-12-28,S001-P0010,Furniture,29,271,96.61,118.37,39.572674
2023-12-29,S001-P0010,Furniture,20,248,103.41,118.37,40.694237
2023-12-30,S001-P0010,Furniture,23,226,94.22,118.37,32.06051
2023-12-31,S001-P0010,Furniture,58,199,120.8,118.37,37.499157
2024-01-01,S001-P0010,Furniture,64,137,97.43,118.37,50.338577
2024-01-02,S001-P0010,Furniture,34,67,98.63,118.37,36.267967
2024-01-03,S001-P0010,Furniture,31,45,97.38,118.37,36.94246
2024-01-04,S001-P0010,Furniture,37,220,100.08,118.37,46.795753
2024-01-05,S001-P0010,Furniture,57,182,102.06,118.37,59.067863
2024-01-06,S001-P0010,Furniture,24,118,104.84,118.37,37.986504
2024-01-07,S001-P0010,Furniture,43,96,101.74,118.37,45.326912
2024-01-08,S001-P0010,Furniture,24,47,99.95,118.37,35.524105
2024-01-09,S001-P0010,Furniture,63,282,116.97,118.37,64.31659
2024-01-10,S001-P0010,Furniture,59,213,96.92,118.37,87.2443
2024-01-11,S001-P0010,Furniture,43,160,102.58,118.37,63.47385
2024-01-12,S001-P0010,Furniture,76,111,128.89,118.37,75.47765
2024-01-13,S001-P0010,Furniture,96,303,130.73,118.37,82.139465
2024-01-14,S001-P0010,Furniture,46,230,109.5,118.37,67.28683
2024-01-15,S001-P0010,Furniture,77,192,122.88,118.37,72.887794
2024-01-16,S001-P0010,Furniture,66,443,98.06,118.37,86.34168
2024-01-17,S001-P0010,Furniture,94,386,109.67,118.37,99.19414
2024-01-18,S001-P0010,Furniture,71,313,120.44,118.37,79.91959
2024-01-19,S001-P0010,Furniture,31,233,113.97,118.37,66.90705
2024-01-20,S001-P0010,Furniture,92,199,136.09,118.37,82.73378
2024-01-21,S001-P0010,Furniture,69,495,100.46,118.37,96.32632
2024-01-22,S001-P0010,Furniture,89,451,127.99,118.37,79.74935
2024-01-23,S001-P0010,Furniture,74,377,127.84,118.37,64.31659
2024-01-24,S001-P0010,Furniture,149,311,121.76,118.37,98.95699
2024-01-25,S001-P0010,Furniture,79,210,130.3,118.37,79.91959
2024-01-26,S001-P0010,Furniture,91,128,143.16,118.37,75.47765
2024-01-27,S001-P0010,Furniture,68,46,112.68,118.37,87.83559
2024-01-28,S001-P0010,Furniture,82,640,118.39,118.37,75.09814
2024-01-29,S001-P0010,Furniture,68,583,125.31,118.37,73.49674
2024-01-30,S001-P0010,Furniture,69,518,125.82,118.37,64.31659
2023-10-03,S001-P0011,Furniture,67,216,149.88,150.84,75.02468
2023-10-04,S001-P0011,Furniture,104,141,169.91,150.84,76.46664
2023-10-05,S001-P0011,Furniture,65,180,148.21,150.84,66.52131
2023-10-06,S001-P0011,Furniture,86,322,168.7,150.84,72.66435
2023-10-07,S001-P0011,Furniture,23,245,99.39,150.84,41.31005
2023-10-08,S001-P0011,Furniture,25,217,126.63,150.84,47.105858
2023-10-09,S001-P0011,Furniture,24,198,125.66,150.84,34.218887
2023-10-10,S001-P0011,Furniture,48,176,110.29,150.84,40.86145
2023-10-11,S001-P0011,Furniture,36,126,132.67,150.84,38.8841
2023-10-12,S001-P0011,Furniture,36,186,125.32,150.84,41.247974
2023-10-13,S001-P0011,Furniture,24,147,139.85,150.84,32.895462
2023-10-14,S001-P0011,Furniture,18,132,136.24,150.84,33.24292
2023-10-15,S001-P0011,Furniture,38,111,141.22,150.84,33.9699
2023-10-16,S001-P0011,Furniture,34,69,138.77,150.84,31.627653
2023-10-17,S001-P0011,Furniture,79,100,132.0,150.84,53.012497
2023-10-18,S001-P0011,Furniture,17,102,128.94,150.84,33.49262
2023-10-19,S001-P0011,Furniture,20,271,123.45,150.84,54.819992
2023-10-20,S001-P0011,Furniture,32,254,137.56,150.84,39.79264
2023-10-21,S001-P0011,Furniture,42,224,114.49,150.84,53.280956
2023-10-22,S001-P0011,Furniture,67,184,157.99,150.84,36.960804
2023-10-23,S001-P0011,Furniture,42,120,135.87,150.84,45.340233
2023-10-24,S001-P0011,Furniture,22,206,131.56,150.84,31.165077
2023-10-25,S001-P0011,Furniture,105,182,161.75,150.84,76.46664
2023-10-26,S001-P0011,Furniture,110,110,146.15,150.84,96.74206
2023-10-27,S001-P0011,Furniture,110,254,182.59,150.84,81.3867
2023-10-28,S001-P0011,Furniture,117,187,187.05,150.84,83.50637
2023-10-29,S001-P0011,Furniture,77,256,163.68,150.84,80.355156
2023-10-30,S001-P0011,Furniture,86,169,160.4,150.84,66.541405
2023-10-31,S001-P0011,Furniture,53,84,141.9,150.84,67.077934
2023-11-01,S001-P0011,Furniture,39,242,149.25,150.84,63.82722
2023-11-02,S001-P0011,Furniture,71,197,160.2,150.84,79.25852
2023-11-03,S001-P0011,Furniture,64,136,156.17,150.84,65.619995
2023-11-04,S001-P0011,Furniture,29,240,128.62,150.84,81.448006
2023-11-05,S001-P0011,Furniture,71,216,151.59,150.84,64.109566
2023-11-06,S001-P0011,Furniture,78,173,146.99,150.84,84.898735
2023-11-07,S001-P0011,Furniture,78,247,156.09,150.84,62.904495
2023-11-08,S001-P0011,Furniture,82,179,157.64,150.84,81.559265
2023-11-09,S001-P0011,Furniture,77,293,163.4,150.84,61.8874
2023-11-10,S001-P0011,Furniture,36,215,147.41,150.84,65.619995
2023-11-11,S001-P0011,Furniture,108,186,154.49,150.84,85.20479
2023-11-12,S001-P0011,Furniture,74,101,161.82,150.84,65.947945
2023-11-13,S001-P0011,Furniture,96,253,183.83,150.84,71.10824
2023-11-14,S001-P0011,Furniture,43,145,136.95,150.84,62.544052
2023-11-15,S001-P0011,Furniture,69,272,142.35,150.84,83.77866
2023-11-16,S001-P0011,Furniture,85,222,159.66,150.84,70.56169
2023-11-17,S001-P0011,Furniture,119,167,158.42,150.84,83.585785
2023-11-18,S001-P0011,Furniture,116,178,139.6,150.84,84.65113
2023-11-19,S001-P0011,Furniture,83,311,158.58,150.84,80.926445
2023-11-20,S001-P0011,Furniture,46,246,137.92,150.84,64.19389
2023-11-21,S001-P0011,Furniture,88,209,152.42,150.84,108.85325
2023-11-22,S001-P0011,Furniture,41,120,142.88,150.84,72.09531
2023-11-23,S001-P0011,Furniture,43,232,136.57,150.84,62.63804
2023-11-24,S001-P0011,Furniture,114,190,175.64,150.84,96.91193
2023-11-25,S001-P0011,Furniture,65,86,125.44,150.84,83.25091
2023-11-26,S001-P0011,Furniture,75,235,121.92,150.84,107.74581
2023-11-27,S001-P0011,Furniture,103,186,169.73,150.84,79.672134
2023-11-28,S001-P0011,Furniture,71,276,152.0,150.84,62.927174
2023-11-29,S001-P0011,Furniture,105,215,180.18,150.84,80.7816
2023-11-30,S001-P0011,Furniture,101,145,168.47,150.84,71.24525
2023-12-01,S001-P0011,Furniture,151,245,186.15,150.84,109.67353
2023-12-02,S001-P0011,Furniture,78,70,155.8,150.84,77.47368
2023-12-03,S001-P0011,Furniture,75,326,162.27,150.84,75.8787
2023-12-04,S001-P0011,Furniture,124,245,150.76,150.84,99.31662
2023-12-05,S001-P0011,Furniture,61,125,162.63,150.84,76.92932
2023-12-06,S001-P0011,Furniture,136,272,158.27,150.84,110.972786
2023-12-07,S001-P0011,Furniture,120,181,169.96,150.84,97.89354
2023-12-08,S001-P0011,Furniture,51,409,148.8,150.84,76.55368
2023-12-09,S001-P0011,Furniture,82,358,157.64,150.84,88.19834
2023-12-10,S001-P0011,Furniture,79,278,165.11,150.84,67.1127
2023-12-11,S001-P0011,Furniture,92,217,137.77,150.84,88.61589
2023-12-12,S001-P0011,Furniture,85,120,159.55,150.84,84.12714
2023-12-13,S001-P0011,Furniture,75,245,146.12,150.84,85.20127
2023-12-14,S001-P0011,Furniture,44,163,144.38,150.84,81.22466
2023-12-15,S001-P0011,Furniture,42,123,136.25,150.84,67.0737
2023-12-16,S001-P0011,Furniture,66,168,140.95,150.84,100.40818
2023-12-17,S001-P0011,Furniture,93,127,181.87,150.84,75.66539
2023-12-18,S001-P0011,Furniture,85,183,168.18,150.84,75.577774
2023-12-19,S001-P0011,Furniture,92,316,163.51,150.84,109.675804
2023-12-20,S001-P0011,Furniture,71,232,160.24,150.84,66.6965
2023-12-21,S001-P0011,Furniture,74,162,153.15,150.84,81.24555
2023-12-22,S001-P0011,Furniture,116,246,156.94,150.84,109.03525
2023-12-23,S001-P0011,Furniture,58,142,152.39,150.84,66.26216
2023-12-24,S001-P0011,Furniture,75,304,154.47,150.84,82.774796
2023-12-25,S001-P0011,Furniture,59,254,138.04,150.84,68.00441
2023-12-26,S001-P0011,Furniture,71,202,134.99,150.84,88.07949
2023-12-27,S001-P0011,Furniture,19,126,130.0,150.84,32.805874
2023-12-28,S001-P0011,Furniture,66,259,157.22,150.84,39.940895
2023-12-29,S001-P0011,Furniture,59,208,145.11,150.84,40.411125
2023-12-30,S001-P0011,Furniture,28,155,127.97,150.84,32.06051
2023-12-31,S001-P0011,Furniture,25,247,140.19,150.84,38.10673
2024-01-01,S001-P0011,Furniture,31,227,123.26,150.84,51.629604
2024-01-02,S001-P0011,Furniture,39,193,149.12,150.84,37.60298
2024-01-03,S001-P0011,Furniture,23,160,125.44,150.84,54.37596
2024-01-04,S001-P0011,Furniture,46,137,124.02,150.84,46.281063
2024-01-05,S001-P0011,Furniture,63,103,124.58,150.84,58.347527
2024-01-06,S001-P0011,Furniture,35,130,109.87,150.84,53.04368
2024-01-07,S001-P0011,Furniture,18,222,129.5,150.84,33.14901
2024-01-08,S001-P0011,Furniture,72,204,144.87,150.84,35.155296
2024-01-09,S001-P0011,Furniture,84,154,159.29,150.84,64.31659
2024-01-10,S001-P0011,Furniture,43,246,136.59,150.84,64.747986
2024-01-11,S001-P0011,Furniture,128,210,152.51,150.84,86.01083
2024-01-12,S001-P0011,Furniture,58,133,144.73,150.84,75.36362
2024-01-13,S001-P0011,Furniture,183,337,191.71,150.84,109.21995
2024-01-14,S001-P0011,Furniture,81,190,166.0,150.84,67.556725
2024-01-15,S001-P0011,Furniture,76,391,138.8,150.84,97.20842
2024-01-16,S001-P0011,Furniture,50,313,133.22,150.84,64.19394
2024-01-17,S001-P0011,Furniture,94,277,130.22,150.84,98.95699
2024-01-18,S001-P0011,Furniture,86,219,151.86,150.84,79.59264
2024-01-19,S001-P0011,Furniture,69,339,159.24,150.84,66.790955
2024-01-20,S001-P0011,Furniture,114,295,146.18,150.84,108.86997
2024-01-21,S001-P0011,Furniture,68,201,166.55,150.84,74.9871
2024-01-22,S001-P0011,Furniture,100,402,159.25,150.84,79.74935
2024-01-23,S001-P0011,Furniture,145,324,192.51,150.84,64.19394
2024-01-24,S001-P0011,Furniture,40,162,134.63,150.84,74.92535
2024-01-25,S001-P0011,Furniture,92,430,172.65,150.84,80.31765
2024-01-26,S001-P0011,Furniture,106,356,170.78,150.84,75.455055
2024-01-27,S001-P0011,Furniture,79,243,156.51,150.84,64.78168
2024-01-28,S001-P0011,Furniture,95,192,183.39,150.84,74.9871
2024-01-29,S001-P0011,Furniture,65,249,148.68,150.84,72.85471
2024-01-30,S001-P0011,Furniture,44,204,144.42,150.84,64.31659
2023-10-03,S001-P0012,Groceries,215,197,90.7,81.95,148.6777
2023-10-04,S001-P0012,Groceries,119,358,93.27,81.95,116.960495
2023-10-05,S001-P0012,Groceries,101,278,79.29,81.95,99.16476
2023-10-06,S001-P0012,Groceries,104,170,80.28,81.95,115.41758
2023-10-07,S001-P0012,Groceries,83,272,74.58,81.95,67.060616
2023-10-08,S001-P0012,Groceries,49,222,69.28,81.95,77.464165
2023-10-09,S001-P0012,Groceries,64,191,73.57,81.95,74.173325
2023-10-10,S001-P0012,Groceries,94,151,72.97,81.95,87.11279
2023-10-11,S001-P0012,Groceries,29,165,57.44,81.95,82.19717
2023-10-12,S001-P0012,Groceries,103,353,67.38,81.95,88.0087
2023-10-13,S001-P0012,Groceries,78,282,69.23,81.95,86.717
2023-10-14,S001-P0012,Groceries,98,229,65.32,81.95,87.859795
2023-10-15,S001-P0012,Groceries,46,157,64.93,81.95,70.85366
2023-10-16,S001-P0012,Groceries,94,306,81.82,81.95,67.18342
2023-10-17,S001-P0012,Groceries,76,193,72.78,81.95,82.061844
2023-10-18,S001-P0012,Groceries,80,127,61.49,81.95,87.69775
2023-10-19,S001-P0012,Groceries,79,194,69.71,81.95,83.11286
2023-10-20,S001-P0012,Groceries,77,112,68.8,81.95,106.597374
2023-10-21,S001-P0012,Groceries,141,231,80.37,81.95,107.26267
2023-10-22,S001-P0012,Groceries,77,82,77.1,81.95,77.464165
2023-10-23,S001-P0012,Groceries,61,317,76.58,81.95,74.173325
2023-10-24,S001-P0012,Groceries,83,247,82.74,81.95,66.3943
2023-10-25,S001-P0012,Groceries,124,178,75.78,81.95,149.0511
2023-10-26,S001-P0012,Groceries,120,242,88.78,81.95,114.20743
2023-10-27,S001-P0012,Groceries,96,156,78.13,81.95,126.96891
2023-10-28,S001-P0012,Groceries,106,298,84.87,81.95,127.57418
2023-10-29,S001-P0012,Groceries,195,201,109.23,81.95,126.929726
2023-10-30,S001-P0012,Groceries,144,64,85.88,81.95,103.591896
2023-10-31,S001-P0012,Groceries,71,353,79.29,81.95,104.08207
2023-11-01,S001-P0012,Groceries,164,293,90.25,81.95,137.7031
2023-11-02,S001-P0012,Groceries,115,121,83.18,81.95,127.125114
2023-11-03,S001-P0012,Groceries,103,406,75.31,81.95,135.73563
2023-11-04,S001-P0012,Groceries,156,332,103.78,81.95,95.656944
2023-11-05,S001-P0012,Groceries,107,159,85.15,81.95,96.658775
2023-11-06,S001-P0012,Groceries,123,407,89.48,81.95,95.44497
2023-11-07,S001-P0012,Groceries,133,290,92.22,81.95,94.66123
2023-11-08,S001-P0012,Groceries,133,133,92.36,81.95,126.26042
2023-11-09,S001-P0012,Groceries,148,291,91.28,81.95,137.94327
2023-11-10,S001-P0012,Groceries,172,164,82.5,81.95,134.54309
2023-11-11,S001-P0012,Groceries,100,351,74.9,81.95,97.65945
2023-11-12,S001-P0012,Groceries,130,267,86.84,81.95,101.53309
2023-11-13,S001-P0012,Groceries,85,148,71.18,81.95,110.90374
2023-11-14,S001-P0012,Groceries,76,327,60.53,81.95,137.14987
2023-11-15,S001-P0012,Groceries,129,259,91.33,81.95,96.29732
2023-11-16,S001-P0012,Groceries,173,149,103.18,81.95,111.819786
2023-11-17,S001-P0012,Groceries,148,232,91.25,81.95,94.77557
2023-11-18,S001-P0012,Groceries,155,418,78.61,81.95,133.08208
2023-11-19,S001-P0012,Groceries,193,308,92.43,81.95,168.2274
2023-11-20,S001-P0012,Groceries,127,125,95.37,81.95,97.331795
2023-11-21,S001-P0012,Groceries,97,450,78.3,81.95,125.72016
2023-11-22,S001-P0012,Groceries,59,372,75.77,81.95,113.19741
2023-11-23,S001-P0012,Groceries,142,313,80.56,81.95,137.87834
2023-11-24,S001-P0012,Groceries,159,206,94.13,81.95,153.46921
2023-11-25,S001-P0012,Groceries,169,410,96.7,81.95,94.474106
2023-11-26,S001-P0012,Groceries,145,294,90.55,81.95,169.43535
2023-11-27,S001-P0012,Groceries,92,555,81.05,81.95,125.3018
2023-11-28,S001-P0012,Groceries,117,483,92.52,81.95,98.78799
2023-11-29,S001-P0012,Groceries,137,379,93.47,81.95,126.87931
2023-11-30,S001-P0012,Groceries,117,250,88.05,81.95,111.26153
2023-12-01,S001-P0012,Groceries,67,140,70.7,81.95,127.590904
2023-12-02,S001-P0012,Groceries,137,334,84.12,81.95,154.099
2023-12-03,S001-P0012,Groceries,162,212,85.21,81.95,152.16798
2023-12-04,S001-P0012,Groceries,146,396,101.07,81.95,116.02195
2023-12-05,S001-P0012,Groceries,34,225,61.93,81.95,117.934784
2023-12-06,S001-P0012,Groceries,118,203,88.17,81.95,130.56017
2023-12-07,S001-P0012,Groceries,176,78,104.12,81.95,114.58457
2023-12-08,S001-P0012,Groceries,153,220,97.7,81.95,116.63549
2023-12-09,S001-P0012,Groceries,159,522,94.16,81.95,135.11739
2023-12-10,S001-P0012,Groceries,169,346,92.05,81.95,132.67328
2023-12-11,S001-P0012,Groceries,116,166,65.81,81.95,129.66054
2023-12-12,S001-P0012,Groceries,89,344,72.29,81.95,128.6934
2023-12-13,S001-P0012,Groceries,107,266,89.74,81.95,130.56017
2023-12-14,S001-P0012,Groceries,94,173,77.48,81.95,125.62324
2023-12-15,S001-P0012,Groceries,124,305,80.35,81.95,131.9282
2023-12-16,S001-P0012,Groceries,112,208,91.13,81.95,119.20684
2023-12-17,S001-P0012,Groceries,170,355,96.94,81.95,153.68452
2023-12-18,S001-P0012,Groceries,170,252,92.18,81.95,115.15543
2023-12-19,S001-P0012,Groceries,239,440,108.5,81.95,165.11716
2023-12-20,S001-P0012,Groceries,98,232,78.63,81.95,102.29575
2023-12-21,S001-P0012,Groceries,49,713,65.6,81.95,124.82186
2023-12-22,S001-P0012,Groceries,141,669,89.66,81.95,168.08989
2023-12-23,S001-P0012,Groceries,83,550,74.66,81.95,101.5349
2023-12-24,S001-P0012,Groceries,140,486,94.34,81.95,128.00664
2023-12-25,S001-P0012,Groceries,112,328,78.06,81.95,131.936
2023-12-26,S001-P0012,Groceries,109,199,81.53,81.95,101.227356
2023-12-27,S001-P0012,Groceries,50,120,62.65,81.95,70.71426
2023-12-28,S001-P0012,Groceries,111,255,86.22,81.95,90.32264
2023-12-29,S001-P0012,Groceries,86,186,75.61,81.95,88.87809
2023-12-30,S001-P0012,Groceries,28,282,57.28,81.95,70.71061
2023-12-31,S001-P0012,Groceries,43,251,67.86,81.95,81.632835
2024-01-01,S001-P0012,Groceries,15,212,63.12,81.95,80.52517
2024-01-02,S001-P0012,Groceries,50,196,66.26,81.95,79.721245
2024-01-03,S001-P0012,Groceries,113,144,82.56,81.95,79.42902
2024-01-04,S001-P0012,Groceries,40,13,67.01,81.95,73.084206
2024-01-05,S001-P0012,Groceries,63,260,69.53,81.95,89.89352
2024-01-06,S001-P0012,Groceries,122,217,84.82,81.95,79.923355
2024-01-07,S001-P0012,Groceries,108,127,81.01,81.95,96.30221
2024-01-08,S001-P0012,Groceries,43,267,71.18,81.95,80.52517
2024-01-09,S001-P0012,Groceries,185,239,80.01,81.95,132.53436
2024-01-10,S001-P0012,Groceries,58,38,71.73,81.95,100.45191
2024-01-11,S001-P0012,Groceries,133,304,72.86,81.95,131.92726
2024-01-12,S001-P0012,Groceries,169,166,96.9,81.95,154.31429
2024-01-13,S001-P0012,Groceries,117,359,69.37,81.95,163.02864
2024-01-14,S001-P0012,Groceries,117,277,88.01,81.95,100.30001
2024-01-15,S001-P0012,Groceries,54,149,67.16,81.95,113.43983
2024-01-16,S001-P0012,Groceries,87,289,79.63,81.95,99.65357
2024-01-17,S001-P0012,Groceries,127,197,81.25,81.95,151.62163
2024-01-18,S001-P0012,Groceries,75,54,65.04,81.95,162.74777
2024-01-19,S001-P0012,Groceries,100,286,83.37,81.95,100.00699
2024-01-20,S001-P0012,Groceries,139,184,98.81,81.95,128.27011
2024-01-21,S001-P0012,Groceries,154,80,103.34,81.95,116.40747
2024-01-22,S001-P0012,Groceries,69,255,62.94,81.95,161.06963
2024-01-23,S001-P0012,Groceries,121,544,75.62,81.95,134.10558
2024-01-24,S001-P0012,Groceries,126,415,95.33,81.95,115.4853
2024-01-25,S001-P0012,Groceries,112,298,77.87,81.95,163.42058
2024-01-26,S001-P0012,Groceries,125,228,90.14,81.95,115.60164
2024-01-27,S001-P0012,Groceries,159,373,94.57,81.95,100.07669
2024-01-28,S001-P0012,Groceries,65,199,69.97,81.95,114.04412
2024-01-29,S001-P0012,Groceries,174,505,103.5,81.95,113.43983
2024-01-30,S001-P0012,Groceries,86,396,83.66,81.95,100.354164
2023-10-03,S001-P0013,Toys,106,136,27.24,30.62,125.26394
2023-10-04,S001-P0013,Toys,84,100,30.46,30.62,95.01702
2023-10-05,S001-P0013,Toys,86,115,30.62,30.62,81.85801
2023-10-06,S001-P0013,Toys,71,148,30.54,30.62,96.159584
2023-10-07,S001-P0013,Toys,31,90,23.49,30.62,28.688015
2023-10-08,S001-P0013,Toys,21,120,23.75,30.62,36.53602
2023-10-09,S001-P0013,Toys,41,97,28.64,30.62,33.97175
2023-10-10,S001-P0013,Toys,47,111,24.93,30.62,40.10812
2023-10-11,S001-P0013,Toys,14,62,22.95,30.62,37.59174
2023-10-12,S001-P0013,Toys,28,102,23.21,30.62,41.94027
2023-10-13,S001-P0013,Toys,23,71,22.69,30.62,29.784233
2023-10-14,S001-P0013,Toys,12,103,22.86,30.62,29.047375
2023-10-15,S001-P0013,Toys,33,95,23.72,30.62,33.05876
2023-10-16,S001-P0013,Toys,48,108,26.58,30.62,41.614098
2023-10-17,S001-P0013,Toys,35,111,22.4,30.62,56.42737
2023-10-18,S001-P0013,Toys,51,75,28.35,30.62,29.63897
2023-10-19,S001-P0013,Toys,70,76,28.86,30.62,38.128952
2023-10-20,S001-P0013,Toys,18,76,22.09,30.62,57.411057
2023-10-21,S001-P0013,Toys,44,114,29.01,30.62,39.128242
2023-10-22,S001-P0013,Toys,69,75,27.21,30.62,50.80694
2023-10-23,S001-P0013,Toys,15,98,21.96,30.62,47.608612
2023-10-24,S001-P0013,Toys,10,84,23.85,30.62,27.596134
2023-10-25,S001-P0013,Toys,102,74,27.24,30.62,124.95122
2023-10-26,S001-P0013,Toys,118,114,37.72,30.62,92.89164
2023-10-27,S001-P0013,Toys,91,121,31.19,30.62,105.42095
2023-10-28,S001-P0013,Toys,56,117,28.86,30.62,103.88177
2023-10-29,S001-P0013,Toys,25,111,24.11,30.62,106.030815
2023-10-30,S001-P0013,Toys,131,86,37.27,30.62,84.97507
2023-10-31,S001-P0013,Toys,92,147,31.21,30.62,84.69337
2023-11-01,S001-P0013,Toys,121,173,30.73,30.62,118.637474
2023-11-02,S001-P0013,Toys,93,177,31.23,30.62,103.61914
2023-11-03,S001-P0013,Toys,104,85,32.56,30.62,89.74048
2023-11-04,S001-P0013,Toys,110,124,33.12,30.62,82.06606
2023-11-05,S001-P0013,Toys,103,118,30.66,30.62,111.4775
2023-11-06,S001-P0013,Toys,76,143,32.76,30.62,82.13654
2023-11-07,S001-P0013,Toys,85,83,32.16,30.62,81.47498
2023-11-08,S001-P0013,Toys,153,109,31.3,30.62,142.91003
2023-11-09,S001-P0013,Toys,60,138,26.41,30.62,84.508484
2023-11-10,S001-P0013,Toys,69,77,30.33,30.62,90.43847
2023-11-11,S001-P0013,Toys,86,65,33.95,30.62,88.024376
2023-11-12,S001-P0013,Toys,49,81,26.76,30.62,89.60114
2023-11-13,S001-P0013,Toys,61,102,27.92,30.62,95.00094
2023-11-14,S001-P0013,Toys,114,124,30.07,30.62,117.691475
2023-11-15,S001-P0013,Toys,79,105,31.44,30.62,82.594864
2023-11-16,S001-P0013,Toys,115,93,33.62,30.62,130.30435
2023-11-17,S001-P0013,Toys,46,105,26.3,30.62,83.58874
2023-11-18,S001-P0013,Toys,59,113,23.36,30.62,109.18254
2023-11-19,S001-P0013,Toys,39,113,25.7,30.62,106.99688
2023-11-20,S001-P0013,Toys,91,76,29.52,30.62,116.94506
2023-11-21,S001-P0013,Toys,61,99,25.06,30.62,142.76134
2023-11-22,S001-P0013,Toys,101,112,35.67,30.62,99.62424
2023-11-23,S001-P0013,Toys,102,128,26.82,30.62,116.57705
2023-11-24,S001-P0013,Toys,53,124,28.54,30.62,99.32964
2023-11-25,S001-P0013,Toys,33,75,22.18,30.62,109.18254
2023-11-26,S001-P0013,Toys,68,96,28.69,30.62,106.17159
2023-11-27,S001-P0013,Toys,133,99,39.43,30.62,105.73696
2023-11-28,S001-P0013,Toys,126,125,36.62,30.62,87.35844
2023-11-29,S001-P0013,Toys,94,147,33.11,30.62,109.395424
2023-11-30,S001-P0013,Toys,73,163,30.84,30.62,95.91224
2023-12-01,S001-P0013,Toys,65,76,23.94,30.62,137.66026
2023-12-02,S001-P0013,Toys,161,72,34.19,30.62,123.80622
2023-12-03,S001-P0013,Toys,115,169,33.73,30.62,95.384575
2023-12-04,S001-P0013,Toys,134,166,33.61,30.62,127.66341
2023-12-05,S001-P0013,Toys,45,177,24.81,30.62,124.12219
2023-12-06,S001-P0013,Toys,136,135,28.37,30.62,136.61627
2023-12-07,S001-P0013,Toys,83,178,30.18,30.62,92.935005
2023-12-08,S001-P0013,Toys,103,92,34.12,30.62,95.7429
2023-12-09,S001-P0013,Toys,45,127,26.18,30.62,82.776955
2023-12-10,S001-P0013,Toys,101,100,32.17,30.62,84.74661
2023-12-11,S001-P0013,Toys,100,107,33.78,30.62,85.47892
2023-12-12,S001-P0013,Toys,65,95,31.47,30.62,103.38157
2023-12-13,S001-P0013,Toys,77,121,28.1,30.62,136.5139
2023-12-14,S001-P0013,Toys,100,107,32.13,30.62,101.42941
2023-12-15,S001-P0013,Toys,122,156,34.4,30.62,85.15469
2023-12-16,S001-P0013,Toys,65,150,28.4,30.62,94.472786
2023-12-17,S001-P0013,Toys,146,93,36.8,30.62,128.32999
2023-12-18,S001-P0013,Toys,83,137,31.94,30.62,95.91216
2023-12-19,S001-P0013,Toys,143,136,36.64,30.62,102.18631
2023-12-20,S001-P0013,Toys,128,125,31.04,30.62,112.2587
2023-12-21,S001-P0013,Toys,108,126,34.72,30.62,101.42941
2023-12-22,S001-P0013,Toys,123,139,29.07,30.62,137.66026
2023-12-23,S001-P0013,Toys,54,148,28.72,30.62,82.99609
2023-12-24,S001-P0013,Toys,161,113,38.47,30.62,104.940926
2023-12-25,S001-P0013,Toys,115,195,35.47,30.62,84.83956
2023-12-26,S001-P0013,Toys,75,93,32.6,30.62,82.94066
2023-12-27,S001-P0013,Toys,44,114,21.77,30.62,40.85667
2023-12-28,S001-P0013,Toys,30,73,27.37,30.62,36.834923
2023-12-29,S001-P0013,Toys,28,105,25.84,30.62,37.420242
2023-12-30,S001-P0013,Toys,13,84,25.4,30.62,28.611881
2023-12-31,S001-P0013,Toys,42,75,25.89,30.62,35.190453
2024-01-01,S001-P0013,Toys,21,97,23.79,30.62,33.291424
2024-01-02,S001-P0013,Toys,16,72,20.8,30.62,49.66422
2024-01-03,S001-P0013,Toys,47,110,25.1,30.62,32.925533
2024-01-04,S001-P0013,Toys,23,79,22.7,30.62,26.284554
2024-01-05,S001-P0013,Toys,16,114,20.8,30.62,56.43603
2024-01-06,S001-P0013,Toys,34,95,27.91,30.62,34.384605
2024-01-07,S001-P0013,Toys,28,113,21.74,30.62,40.35462
2024-01-08,S001-P0013,Toys,25,84,24.17,30.62,33.291424
2024-01-09,S001-P0013,Toys,129,109,29.21,30.62,110.54511
2024-01-10,S001-P0013,Toys,163,146,36.65,30.62,110.51661
2024-01-11,S001-P0013,Toys,74,175,30.87,30.62,80.93386
2024-01-12,S001-P0013,Toys,36,94,24.02,30.62,93.47761
2024-01-13,S001-P0013,Toys,138,102,37.95,30.62,102.953316
2024-01-14,S001-P0013,Toys,63,118,28.17,30.62,85.14023
2024-01-15,S001-P0013,Toys,77,141,31.26,30.62,93.3772
2024-01-16,S001-P0013,Toys,152,76,31.22,30.62,110.54511
2024-01-17,S001-P0013,Toys,135,153,33.9,30.62,125.73229
2024-01-18,S001-P0013,Toys,61,162,27.88,30.62,100.436424
2024-01-19,S001-P0013,Toys,105,125,32.67,30.62,85.49236
2024-01-20,S001-P0013,Toys,120,146,32.4,30.62,101.075554
2024-01-21,S001-P0013,Toys,132,168,39.25,30.62,95.597694
2024-01-22,S001-P0013,Toys,91,185,29.56,30.62,102.20614
2024-01-23,S001-P0013,Toys,99,117,26.94,30.62,110.06019
2024-01-24,S001-P0013,Toys,84,168,33.73,30.62,94.233665
2024-01-25,S001-P0013,Toys,174,98,39.74,30.62,136.00218
2024-01-26,S001-P0013,Toys,104,200,30.78,30.62,93.47761
2024-01-27,S001-P0013,Toys,69,101,22.75,30.62,110.2425
2024-01-28,S001-P0013,Toys,57,92,27.54,30.62,94.21002
2024-01-29,S001-P0013,Toys,109,93,33.06,30.62,93.3772
2024-01-30,S001-P0013,Toys,116,91,33.76,30.62,82.296364
2023-10-03,S001-P0014,Groceries,126,676,83.86,72.255,115.916985
2023-10-04,S001-P0014,Groceries,86,586,66.38,72.255,116.67953
2023-10-05,S001-P0014,Groceries,28,490,53.07,72.255,99.16476
2023-10-06,S001-P0014,Groceries,39,460,55.71,72.255,115.41758
2023-10-07,S001-P0014,Groceries,70,422,62.67,72.255,67.060616
2023-10-08,S001-P0014,Groceries,82,370,51.75,72.255,97.68632
2023-10-09,S001-P0014,Groceries,211,279,75.06,72.255,96.619675
2023-10-10,S001-P0014,Groceries,42,57,56.31,72.255,66.895035
2023-10-11,S001-P0014,Groceries,143,26,75.29,72.255,107.699165
2023-10-12,S001-P0014,Groceries,75,532,60.3,72.255,87.729416
2023-10-13,S001-P0014,Groceries,71,479,66.4,72.255,68.5124
2023-10-14,S001-P0014,Groceries,69,425,58.92,72.255,87.36303
2023-10-15,S001-P0014,Groceries,103,382,55.55,72.255,88.71131
2023-10-16,S001-P0014,Groceries,56,276,62.86,72.255,67.18342
2023-10-17,S001-P0014,Groceries,86,240,62.88,72.255,107.397125
2023-10-18,S001-P0014,Groceries,116,492,61.03,72.255,87.69775
2023-10-19,S001-P0014,Groceries,139,374,65.25,72.255,106.56918
2023-10-20,S001-P0014,Groceries,93,228,71.7,72.255,83.51728
2023-10-21,S001-P0014,Groceries,101,160,66.16,72.255,81.85644
2023-10-22,S001-P0014,Groceries,70,480,59.17,72.255,97.924614
2023-10-23,S001-P0014,Groceries,80,435,68.44,72.255,74.32754
2023-10-24,S001-P0014,Groceries,27,383,50.13,72.255,66.84769
2023-10-25,S001-P0014,Groceries,91,357,64.1,72.255,116.43461
2023-10-26,S001-P0014,Groceries,144,279,75.51,72.255,114.867714
2023-10-27,S001-P0014,Groceries,21,160,57.13,72.255,127.41596
2023-10-28,S001-P0014,Groceries,165,146,80.06,72.255,127.71826
2023-10-29,S001-P0014,Groceries,113,427,72.57,72.255,126.929726
2023-10-30,S001-P0014,Groceries,113,356,76.38,72.255,103.432625
2023-10-31,S001-P0014,Groceries,116,674,69.37,72.255,103.85676
2023-11-01,S001-P0014,Groceries,138,546,78.12,72.255,98.32737
2023-11-02,S001-P0014,Groceries,194,433,80.87,72.255,171.74467
2023-11-03,S001-P0014,Groceries,83,218,55.46,72.255,134.54309
2023-11-04,S001-P0014,Groceries,84,137,54.87,72.255,133.02824
2023-11-05,S001-P0014,Groceries,84,701,54.94,72.255,131.86562
2023-11-06,S001-P0014,Groceries,102,607,66.48,72.255,95.512985
2023-11-07,S001-P0014,Groceries,98,513,72.75,72.255,94.66123
2023-11-08,S001-P0014,Groceries,101,437,69.7,72.255,170.69145
2023-11-09,S001-P0014,Groceries,71,362,62.82,72.255,96.724815
2023-11-10,S001-P0014,Groceries,132,292,64.02,72.255,133.52495
2023-11-11,S001-P0014,Groceries,173,171,76.46,72.255,136.85579
2023-11-12,S001-P0014,Groceries,112,23,60.09,72.255,133.4915
2023-11-13,S001-P0014,Groceries,140,348,78.64,72.255,110.90374
2023-11-14,S001-P0014,Groceries,153,816,67.92,72.255,137.14987
2023-11-15,S001-P0014,Groceries,145,700,67.33,72.255,133.99174
2023-11-16,S001-P0014,Groceries,86,574,69.96,72.255,111.819786
2023-11-17,S001-P0014,Groceries,75,495,70.82,72.255,97.58938
2023-11-18,S001-P0014,Groceries,135,430,81.78,72.255,95.656944
2023-11-19,S001-P0014,Groceries,112,279,72.34,72.255,128.85704
2023-11-20,S001-P0014,Groceries,111,155,75.93,72.255,96.87285
2023-11-21,S001-P0014,Groceries,94,390,64.73,72.255,125.59467
2023-11-22,S001-P0014,Groceries,74,310,67.17,72.255,112.24418
2023-11-23,S001-P0014,Groceries,127,239,84.06,72.255,97.369804
2023-11-24,S001-P0014,Groceries,150,151,81.19,72.255,114.42535
2023-11-25,S001-P0014,Groceries,176,19,87.14,72.255,95.01707
2023-11-26,S001-P0014,Groceries,108,454,71.56,72.255,128.85704
2023-11-27,S001-P0014,Groceries,169,338,89.97,72.255,125.76115
2023-11-28,S001-P0014,Groceries,80,766,65.14,72.255,97.79283
2023-11-29,S001-P0014,Groceries,65,697,64.93,72.255,126.87931
2023-11-30,S001-P0014,Groceries,122,632,78.66,72.255,111.819786
2023-12-01,S001-P0014,Groceries,105,509,74.56,72.255,129.02383
2023-12-02,S001-P0014,Groceries,83,418,72.83,72.255,119.20684
2023-12-03,S001-P0014,Groceries,113,331,61.22,72.255,150.72131
2023-12-04,S001-P0014,Groceries,5,203,47.92,72.255,115.57627
2023-12-05,S001-P0014,Groceries,85,199,66.32,72.255,117.934784
2023-12-06,S001-P0014,Groceries,78,510,68.01,72.255,130.09181
2023-12-07,S001-P0014,Groceries,59,446,57.21,72.255,114.25526
2023-12-08,S001-P0014,Groceries,140,384,83.03,72.255,116.63549
2023-12-09,S001-P0014,Groceries,123,262,59.08,72.255,133.34523
2023-12-10,S001-P0014,Groceries,196,171,86.33,72.255,131.0794
2023-12-11,S001-P0014,Groceries,91,475,56.24,72.255,129.66054
2023-12-12,S001-P0014,Groceries,73,417,60.05,72.255,166.48247
2023-12-13,S001-P0014,Groceries,139,956,78.55,72.255,130.09181
2023-12-14,S001-P0014,Groceries,186,806,79.88,72.255,161.25783
2023-12-15,S001-P0014,Groceries,100,593,69.52,72.255,98.0332
2023-12-16,S001-P0014,Groceries,140,522,74.7,72.255,154.099
2023-12-17,S001-P0014,Groceries,104,425,70.29,72.255,113.84837
2023-12-18,S001-P0014,Groceries,115,336,76.91,72.255,115.57627
2023-12-19,S001-P0014,Groceries,148,202,80.71,72.255,129.16176
2023-12-20,S001-P0014,Groceries,133,97,85.43,72.255,102.431984
2023-12-21,S001-P0014,Groceries,175,395,77.63,72.255,161.25783
2023-12-22,S001-P0014,Groceries,75,265,64.04,72.255,127.590904
2023-12-23,S001-P0014,Groceries,133,214,73.12,72.255,135.11739
2023-12-24,S001-P0014,Groceries,120,675,74.08,72.255,167.09773
2023-12-25,S001-P0014,Groceries,77,533,67.76,72.255,102.34138
2023-12-26,S001-P0014,Groceries,109,452,75.56,72.255,101.227356
2023-12-27,S001-P0014,Groceries,45,368,54.11,72.255,70.71426
2023-12-28,S001-P0014,Groceries,73,317,66.93,72.255,89.57316
2023-12-29,S001-P0014,Groceries,127,248,79.78,72.255,88.87809
2023-12-30,S001-P0014,Groceries,75,98,63.86,72.255,70.86538
2023-12-31,S001-P0014,Groceries,78,35,67.93,72.255,81.632835
2024-01-01,S001-P0014,Groceries,53,334,55.75,72.255,105.02679
2024-01-02,S001-P0014,Groceries,104,290,78.28,72.255,80.736786
2024-01-03,S001-P0014,Groceries,78,226,68.03,72.255,80.52038
2024-01-04,S001-P0014,Groceries,39,173,55.71,72.255,72.2015
2024-01-05,S001-P0014,Groceries,111,506,60.03,72.255,114.779274
2024-01-06,S001-P0014,Groceries,65,421,61.53,72.255,79.32448
2024-01-07,S001-P0014,Groceries,109,345,71.76,72.255,73.40146
2024-01-08,S001-P0014,Groceries,98,247,72.92,72.255,79.48977
2024-01-09,S001-P0014,Groceries,108,176,56.45,72.255,132.53436
2024-01-10,S001-P0014,Groceries,134,415,73.44,72.255,100.23634
2024-01-11,S001-P0014,Groceries,55,287,62.47,72.255,99.86173
2024-01-12,S001-P0014,Groceries,171,240,81.38,72.255,114.67727
2024-01-13,S001-P0014,Groceries,91,410,71.28,72.255,127.13825
2024-01-14,S001-P0014,Groceries,119,313,77.97,72.255,101.32495
2024-01-15,S001-P0014,Groceries,105,650,70.53,72.255,112.84821
2024-01-16,S001-P0014,Groceries,76,533,56.99,72.255,133.17203
2024-01-17,S001-P0014,Groceries,52,452,61.86,72.255,115.4853
2024-01-18,S001-P0014,Groceries,169,398,70.92,72.255,161.53983
2024-01-19,S001-P0014,Groceries,109,287,59.56,72.255,131.6725
2024-01-20,S001-P0014,Groceries,186,219,74.22,72.255,163.02864
2024-01-21,S001-P0014,Groceries,128,612,60.03,72.255,150.28685
2024-01-22,S001-P0014,Groceries,193,524,86.07,72.255,163.79082
2024-01-23,S001-P0014,Groceries,86,362,73.71,72.255,100.354164
2024-01-24,S001-P0014,Groceries,172,290,86.18,72.255,114.89712
2024-01-25,S001-P0014,Groceries,67,693,58.86,72.255,122.20177
2024-01-26,S001-P0014,Groceries,116,636,77.16,72.255,116.93908
2024-01-27,S001-P0014,Groceries,178,518,73.74,72.255,133.96089
2024-01-28,S001-P0014,Groceries,59,342,63.59,72.255,115.018684
2024-01-29,S001-P0014,Groceries,77,287,64.29,72.255,112.84821
2024-01-30,S001-P0014,Groceries,86,660,69.99,72.255,100.354164
2023-10-03,S001-P0015,Toys,129,143,16.93,14.895,93.87207
2023-10-04,S001-P0015,Toys,100,153,15.5,14.895,95.071785
2023-10-05,S001-P0015,Toys,87,156,15.62,14.895,81.85801
2023-10-06,S001-P0015,Toys,104,101,14.91,14.895,126.65649
2023-10-07,S001-P0015,Toys,76,117,14.25,14.895,41.03885
2023-10-08,S001-P0015,Toys,9,156,8.59,14.895,52.844193
2023-10-09,S001-P0015,Toys,87,149,14.8,14.895,47.608612
2023-10-10,S001-P0015,Toys,61,173,12.84,14.895,28.742294
2023-10-11,S001-P0015,Toys,41,107,11.86,14.895,37.59174
2023-10-12,S001-P0015,Toys,29,69,11.28,14.895,30.187647
2023-10-13,S001-P0015,Toys,39,100,13.74,14.895,30.240423
2023-10-14,S001-P0015,Toys,27,117,11.76,14.895,28.688015
2023-10-15,S001-P0015,Toys,39,87,11.01,14.895,46.3123
2023-10-16,S001-P0015,Toys,9,96,12.05,14.895,31.192205
2023-10-17,S001-P0015,Toys,67,88,14.56,14.895,38.7884
2023-10-18,S001-P0015,Toys,29,107,12.55,14.895,30.475609
2023-10-19,S001-P0015,Toys,29,76,12.51,14.895,39.679806
2023-10-20,S001-P0015,Toys,33,106,11.49,14.895,38.385696
2023-10-21,S001-P0015,Toys,4,72,11.79,14.895,39.128242
2023-10-22,S001-P0015,Toys,17,68,8.93,14.895,52.844193
2023-10-23,S001-P0015,Toys,26,107,11.77,14.895,33.381325
2023-10-24,S001-P0015,Toys,37,84,9.71,14.895,43.117928
2023-10-25,S001-P0015,Toys,38,105,12.34,14.895,95.071785
2023-10-26,S001-P0015,Toys,119,74,13.69,14.895,123.934494
2023-10-27,S001-P0015,Toys,66,139,13.07,14.895,105.8756
2023-10-28,S001-P0015,Toys,195,79,18.22,14.895,137.45029
2023-10-29,S001-P0015,Toys,102,170,16.46,14.895,105.40281
2023-10-30,S001-P0015,Toys,141,53,18.53,14.895,84.97507
2023-10-31,S001-P0015,Toys,38,132,13.01,14.895,84.68992
2023-11-01,S001-P0015,Toys,59,99,12.01,14.895,118.637474
2023-11-02,S001-P0015,Toys,72,114,12.48,14.895,141.89223
2023-11-03,S001-P0015,Toys,33,106,12.1,14.895,89.74048
2023-11-04,S001-P0015,Toys,112,71,15.29,14.895,81.64206
2023-11-05,S001-P0015,Toys,92,101,15.11,14.895,84.09785
2023-11-06,S001-P0015,Toys,89,109,14.94,14.895,81.36657
2023-11-07,S001-P0015,Toys,143,138,19.65,14.895,82.02606
2023-11-08,S001-P0015,Toys,159,143,18.52,14.895,108.33422
2023-11-09,S001-P0015,Toys,94,129,16.01,14.895,85.09586
2023-11-10,S001-P0015,Toys,77,146,15.9,14.895,90.43847
2023-11-11,S001-P0015,Toys,129,95,14.11,14.895,117.81109
2023-11-12,S001-P0015,Toys,104,123,16.56,14.895,90.20943
2023-11-13,S001-P0015,Toys,66,119,15.29,14.895,96.65389
2023-11-14,S001-P0015,Toys,126,140,16.85,14.895,86.872185
2023-11-15,S001-P0015,Toys,84,157,14.68,14.895,82.594864
2023-11-16,S001-P0015,Toys,107,74,15.87,14.895,95.10036
2023-11-17,S001-P0015,Toys,64,96,15.19,14.895,84.79997
2023-11-18,S001-P0015,Toys,93,74,15.13,14.895,81.64206
2023-11-19,S001-P0015,Toys,166,99,20.94,14.895,108.01521
2023-11-20,S001-P0015,Toys,71,187,13.24,14.895,116.57232
2023-11-21,S001-P0015,Toys,142,143,15.67,14.895,142.36452
2023-11-22,S001-P0015,Toys,59,149,11.16,14.895,130.86867
2023-11-23,S001-P0015,Toys,144,102,16.82,14.895,117.65814
2023-11-24,S001-P0015,Toys,127,143,16.89,14.895,99.32964
2023-11-25,S001-P0015,Toys,59,164,13.37,14.895,81.64206
2023-11-26,S001-P0015,Toys,166,104,17.77,14.895,142.0813
2023-11-27,S001-P0015,Toys,137,163,13.75,14.895,141.59392
2023-11-28,S001-P0015,Toys,70,168,11.64,14.895,117.56028
2023-11-29,S001-P0015,Toys,128,112,16.07,14.895,107.32717
2023-11-30,S001-P0015,Toys,47,170,12.12,14.895,94.674355
2023-12-01,S001-P0015,Toys,82,137,14.56,14.895,104.775734
2023-12-02,S001-P0015,Toys,155,148,15.44,14.895,123.80622
2023-12-03,S001-P0015,Toys,96,171,14.52,14.895,128.32999
2023-12-04,S001-P0015,Toys,131,70,16.22,14.895,95.29447
2023-12-05,S001-P0015,Toys,52,130,14.48,14.895,94.79316
2023-12-06,S001-P0015,Toys,73,76,11.9,14.895,136.10704
2023-12-07,S001-P0015,Toys,54,59,13.88,14.895,92.92931
2023-12-08,S001-P0015,Toys,73,68,15.65,14.895,96.82842
2023-12-09,S001-P0015,Toys,65,70,13.72,14.895,82.776955
2023-12-10,S001-P0015,Toys,69,86,13.93,14.895,84.74661
2023-12-11,S001-P0015,Toys,86,108,14.03,14.895,84.587425
2023-12-12,S001-P0015,Toys,95,106,16.07,14.895,103.38157
2023-12-13,S001-P0015,Toys,31,112,9.96,14.895,136.61627
2023-12-14,S001-P0015,Toys,99,77,13.72,14.895,135.80638
2023-12-15,S001-P0015,Toys,49,106,13.62,14.895,85.15469
2023-12-16,S001-P0015,Toys,135,118,15.35,14.895,123.80622
2023-12-17,S001-P0015,Toys,71,117,11.68,14.895,126.62133
2023-12-18,S001-P0015,Toys,114,126,16.22,14.895,95.91216
2023-12-19,S001-P0015,Toys,150,171,18.06,14.895,102.18631
2023-12-20,S001-P0015,Toys,35,188,12.84,14.895,83.16993
2023-12-21,S001-P0015,Toys,106,163,15.0,14.895,101.10679
2023-12-22,S001-P0015,Toys,132,153,18.03,14.895,104.967
2023-12-23,S001-P0015,Toys,122,209,18.44,14.895,83.5543
2023-12-24,S001-P0015,Toys,91,117,16.7,14.895,105.82108
2023-12-25,S001-P0015,Toys,104,122,14.92,14.895,114.90208
2023-12-26,S001-P0015,Toys,104,103,17.44,14.895,82.94066
2023-12-27,S001-P0015,Toys,58,116,12.69,14.895,41.427265
2023-12-28,S001-P0015,Toys,32,111,10.69,14.895,56.844734
2023-12-29,S001-P0015,Toys,41,76,13.87,14.895,38.230774
2023-12-30,S001-P0015,Toys,38,81,13.01,14.895,28.025852
2023-12-31,S001-P0015,Toys,63,102,14.34,14.895,35.720108
2024-01-01,S001-P0015,Toys,12,104,9.81,14.895,48.968994
2024-01-02,S001-P0015,Toys,18,90,11.94,14.895,33.80534
2024-01-03,S001-P0015,Toys,33,69,10.74,14.895,49.422085
2024-01-04,S001-P0015,Toys,10,90,10.9,14.895,26.284554
2024-01-05,S001-P0015,Toys,73,83,14.16,14.895,35.312485
2024-01-06,S001-P0015,Toys,46,109,13.46,14.895,34.384605
2024-01-07,S001-P0015,Toys,10,115,9.21,14.895,40.35462
2024-01-08,S001-P0015,Toys,16,109,11.81,14.895,33.883125
2024-01-09,S001-P0015,Toys,122,91,13.83,14.895,110.54511
2024-01-10,S001-P0015,Toys,89,128,16.55,14.895,83.797874
2024-01-11,S001-P0015,Toys,64,170,14.42,14.895,80.93386
2024-01-12,S001-P0015,Toys,138,95,14.72,14.895,124.1486
2024-01-13,S001-P0015,Toys,156,129,16.44,14.895,135.28894
2024-01-14,S001-P0015,Toys,108,157,17.67,14.895,85.739845
2024-01-15,S001-P0015,Toys,112,196,16.97,14.895,93.3772
2024-01-16,S001-P0015,Toys,97,94,17.05,14.895,82.90501
2024-01-17,S001-P0015,Toys,99,88,15.45,14.895,93.2649
2024-01-18,S001-P0015,Toys,74,109,14.2,14.895,100.41605
2024-01-19,S001-P0015,Toys,78,123,15.94,14.895,86.004166
2024-01-20,S001-P0015,Toys,181,105,16.54,14.895,135.06844
2024-01-21,S001-P0015,Toys,152,174,17.23,14.895,93.223976
2024-01-22,S001-P0015,Toys,83,150,16.23,14.895,103.43665
2024-01-23,S001-P0015,Toys,118,96,17.32,14.895,82.90501
2024-01-24,S001-P0015,Toys,90,110,15.78,14.895,93.2649
2024-01-25,S001-P0015,Toys,170,104,20.09,14.895,100.41605
2024-01-26,S001-P0015,Toys,148,149,14.94,14.895,123.72176
2024-01-27,S001-P0015,Toys,144,156,14.97,14.895,109.79652
2024-01-28,S001-P0015,Toys,80,155,14.46,14.895,126.064644
2024-01-29,S001-P0015,Toys,86,66,15.59,14.895,93.3772
2024-01-30,S001-P0015,Toys,83,80,13.88,14.895,81.96282
2023-10-03,S001-P0016,Groceries,108,402,40.07,38.36,115.916985
2023-10-04,S001-P0016,Groceries,129,283,36.41,38.36,148.74696
2023-10-05,S001-P0016,Groceries,160,687,44.26,38.36,130.50829
2023-10-06,S001-P0016,Groceries,136,505,32.77,38.36,149.62096
2023-10-07,S001-P0016,Groceries,129,390,40.56,38.36,87.45457
2023-10-08,S001-P0016,Groceries,33,295,32.05,38.36,77.48473
2023-10-09,S001-P0016,Groceries,102,257,31.09,38.36,96.619675
2023-10-10,S001-P0016,Groceries,64,468,30.99,38.36,67.333855
2023-10-11,S001-P0016,Groceries,102,416,39.35,38.36,81.78681
2023-10-12,S001-P0016,Groceries,87,320,37.39,38.36,68.24139
2023-10-13,S001-P0016,Groceries,78,235,32.4,38.36,86.717
2023-10-14,S001-P0016,Groceries,61,160,32.22,38.36,67.060616
2023-10-15,S001-P0016,Groceries,95,119,38.39,38.36,70.7149
2023-10-16,S001-P0016,Groceries,77,279,36.11,38.36,67.36521
2023-10-17,S001-P0016,Groceries,31,201,28.66,38.36,81.72552
2023-10-18,S001-P0016,Groceries,63,169,30.73,38.36,87.28853
2023-10-19,S001-P0016,Groceries,110,315,38.3,38.36,82.72863
2023-10-20,S001-P0016,Groceries,120,229,39.47,38.36,83.31866
2023-10-21,S001-P0016,Groceries,94,86,40.29,38.36,81.742195
2023-10-22,S001-P0016,Groceries,54,307,33.22,38.36,77.464165
2023-10-23,S001-P0016,Groceries,84,273,31.17,38.36,96.55584
2023-10-24,S001-P0016,Groceries,63,178,36.07,38.36,66.3943
2023-10-25,S001-P0016,Groceries,155,109,46.14,38.36,116.960495
2023-10-26,S001-P0016,Groceries,167,224,47.6,38.36,114.47215
2023-10-27,S001-P0016,Groceries,146,91,47.36,38.36,127.41596
2023-10-28,S001-P0016,Groceries,152,396,41.1,38.36,163.18138
2023-10-29,S001-P0016,Groceries,72,265,35.42,38.36,127.41112
2023-10-30,S001-P0016,Groceries,83,710,36.87,38.36,103.432625
2023-10-31,S001-P0016,Groceries,105,646,41.75,38.36,104.08207
2023-11-01,S001-P0016,Groceries,144,570,38.03,38.36,137.7031
2023-11-02,S001-P0016,Groceries,122,457,37.66,38.36,126.89549
2023-11-03,S001-P0016,Groceries,137,367,41.44,38.36,137.1041
2023-11-04,S001-P0016,Groceries,129,258,40.65,38.36,95.01707
2023-11-05,S001-P0016,Groceries,172,110,38.59,38.36,132.76782
2023-11-06,S001-P0016,Groceries,84,359,33.28,38.36,95.512985
2023-11-07,S001-P0016,Groceries,123,269,39.81,38.36,94.23478
2023-11-08,S001-P0016,Groceries,102,714,39.34,38.36,126.87931
2023-11-09,S001-P0016,Groceries,91,640,28.42,38.36,138.39893
2023-11-10,S001-P0016,Groceries,69,566,33.22,38.36,99.85207
2023-11-11,S001-P0016,Groceries,65,517,32.82,38.36,98.27715
2023-11-12,S001-P0016,Groceries,133,472,38.77,38.36,135.69635
2023-11-13,S001-P0016,Groceries,114,351,34.45,38.36,153.14394
2023-11-14,S001-P0016,Groceries,93,226,36.2,38.36,97.373436
2023-11-15,S001-P0016,Groceries,92,116,40.1,38.36,96.29732
2023-11-16,S001-P0016,Groceries,52,333,34.64,38.36,111.819786
2023-11-17,S001-P0016,Groceries,173,299,45.86,38.36,134.13136
2023-11-18,S001-P0016,Groceries,101,130,37.22,38.36,95.01707
2023-11-19,S001-P0016,Groceries,179,40,44.29,38.36,169.43535
2023-11-20,S001-P0016,Groceries,88,620,35.5,38.36,97.03498
2023-11-21,S001-P0016,Groceries,249,558,55.1,38.36,170.09581
2023-11-22,S001-P0016,Groceries,83,391,38.8,38.36,113.19741
2023-11-23,S001-P0016,Groceries,121,300,35.2,38.36,137.9953
2023-11-24,S001-P0016,Groceries,104,931,39.56,38.36,114.42535
2023-11-25,S001-P0016,Groceries,125,816,40.0,38.36,94.474106
2023-11-26,S001-P0016,Groceries,97,670,34.8,38.36,128.18028
2023-11-27,S001-P0016,Groceries,108,595,36.03,38.36,125.0663
2023-11-28,S001-P0016,Groceries,139,475,44.02,38.36,98.78799
2023-11-29,S001-P0016,Groceries,117,386,39.19,38.36,126.26042
2023-11-30,S001-P0016,Groceries,87,306,39.3,38.36,111.819786
2023-12-01,S001-P0016,Groceries,145,228,35.38,38.36,163.54025
2023-12-02,S001-P0016,Groceries,85,457,39.05,38.36,119.20684
2023-12-03,S001-P0016,Groceries,205,358,46.98,38.36,152.16798
2023-12-04,S001-P0016,Groceries,103,119,33.54,38.36,149.91145
2023-12-05,S001-P0016,Groceries,225,18,49.26,38.36,151.7711
2023-12-06,S001-P0016,Groceries,100,670,37.06,38.36,130.09181
2023-12-07,S001-P0016,Groceries,235,552,47.48,38.36,148.15816
2023-12-08,S001-P0016,Groceries,88,934,31.58,38.36,151.66676
2023-12-09,S001-P0016,Groceries,132,867,40.97,38.36,101.67111
2023-12-10,S001-P0016,Groceries,68,757,36.79,38.36,98.84049
2023-12-11,S001-P0016,Groceries,89,701,39.62,38.36,102.34138
2023-12-12,S001-P0016,Groceries,132,609,45.43,38.36,129.7621
2023-12-13,S001-P0016,Groceries,145,501,44.86,38.36,130.56017
2023-12-14,S001-P0016,Groceries,171,379,50.75,38.36,126.68248
2023-12-15,S001-P0016,Groceries,49,218,32.52,38.36,99.46107
2023-12-16,S001-P0016,Groceries,86,176,35.31,38.36,118.10793
2023-12-17,S001-P0016,Groceries,135,629,45.86,38.36,115.74296
2023-12-18,S001-P0016,Groceries,129,526,32.1,38.36,148.30841
2023-12-19,S001-P0016,Groceries,110,403,38.3,38.36,129.16176
2023-12-20,S001-P0016,Groceries,68,281,34.95,38.36,102.431984
2023-12-21,S001-P0016,Groceries,83,236,33.25,38.36,124.82186
2023-12-22,S001-P0016,Groceries,157,175,39.46,38.36,166.57332
2023-12-23,S001-P0016,Groceries,173,63,40.82,38.36,133.7176
2023-12-24,S001-P0016,Groceries,126,201,42.35,38.36,128.00664
2023-12-25,S001-P0016,Groceries,63,567,32.49,38.36,101.82652
2023-12-26,S001-P0016,Groceries,114,504,36.72,38.36,134.36617
2023-12-27,S001-P0016,Groceries,51,378,34.48,38.36,71.151665
2023-12-28,S001-P0016,Groceries,99,345,41.05,38.36,90.32264
2023-12-29,S001-P0016,Groceries,86,269,33.56,38.36,88.10867
2023-12-30,S001-P0016,Groceries,56,181,30.13,38.36,70.71061
2023-12-31,S001-P0016,Groceries,68,380,33.26,38.36,80.54304
2024-01-01,S001-P0016,Groceries,79,334,38.28,38.36,80.52517
2024-01-02,S001-P0016,Groceries,65,253,32.84,38.36,79.721245
2024-01-03,S001-P0016,Groceries,85,179,35.26,38.36,79.42902
2024-01-04,S001-P0016,Groceries,58,98,31.95,38.36,72.2015
2024-01-05,S001-P0016,Groceries,57,57,31.89,38.36,89.89352
2024-01-06,S001-P0016,Groceries,88,255,35.68,38.36,79.923355
2024-01-07,S001-P0016,Groceries,112,168,32.01,38.36,94.24132
2024-01-08,S001-P0016,Groceries,76,82,28.38,38.36,103.49754
2024-01-09,S001-P0016,Groceries,96,275,32.43,38.36,133.17203
2024-01-10,S001-P0016,Groceries,112,181,32.07,38.36,133.19693
2024-01-11,S001-P0016,Groceries,88,66,35.58,38.36,98.484825
2024-01-12,S001-P0016,Groceries,66,275,32.92,38.36,114.67727
2024-01-13,S001-P0016,Groceries,166,235,40.44,38.36,165.67781
2024-01-14,S001-P0016,Groceries,172,92,38.15,38.36,131.13449
2024-01-15,S001-P0016,Groceries,236,0,48.07,38.36,149.24347
2024-01-16,S001-P0016,Groceries,110,485,34.27,38.36,134.10558
2024-01-17,S001-P0016,Groceries,110,358,40.4,38.36,115.4853
2024-01-18,S001-P0016,Groceries,171,835,45.68,38.36,163.42058
2024-01-19,S001-P0016,Groceries,115,724,41.02,38.36,100.00699
2024-01-20,S001-P0016,Groceries,191,647,48.23,38.36,127.13825
2024-01-21,S001-P0016,Groceries,130,473,42.92,38.36,115.018684
2024-01-22,S001-P0016,Groceries,159,376,44.28,38.36,124.04536
2024-01-23,S001-P0016,Groceries,115,220,34.5,38.36,133.17203
2024-01-24,S001-P0016,Groceries,146,98,44.96,38.36,114.89712
2024-01-25,S001-P0016,Groceries,156,392,48.63,38.36,124.05692
2024-01-26,S001-P0016,Groceries,113,206,42.88,38.36,116.93908
2024-01-27,S001-P0016,Groceries,62,522,34.24,38.36,100.75886
2024-01-28,S001-P0016,Groceries,140,466,46.54,38.36,116.40747
2024-01-29,S001-P0016,Groceries,99,303,37.05,38.36,113.43983
2024-01-30,S001-P0016,Groceries,90,225,35.9,38.36,99.65357
2023-10-03,S001-P0017,Toys,85,130,21.97,21.045,93.756775
2023-10-04,S001-P0017,Toys,77,31,19.22,21.045,95.071785
2023-10-05,S001-P0017,Toys,77,78,20.31,21.045,81.85801
2023-10-06,S001-P0017,Toys,72,109,22.09,21.045,96.10482
2023-10-07,S001-P0017,Toys,24,62,17.34,21.045,30.02413
2023-10-08,S001-P0017,Toys,41,38,15.83,21.045,50.80694
2023-10-09,S001-P0017,Toys,13,50,15.69,21.045,32.964417
2023-10-10,S001-P0017,Toys,38,39,15.65,21.045,40.10812
2023-10-11,S001-P0017,Toys,17,66,16.86,21.045,38.34107
2023-10-12,S001-P0017,Toys,59,45,16.99,21.045,41.944138
2023-10-13,S001-P0017,Toys,51,57,18.46,21.045,29.675526
2023-10-14,S001-P0017,Toys,14,76,16.6,21.045,29.047375
2023-10-15,S001-P0017,Toys,34,65,19.11,21.045,33.596756
2023-10-16,S001-P0017,Toys,8,87,16.18,21.045,30.470436
2023-10-17,S001-P0017,Toys,45,78,15.16,21.045,56.42737
2023-10-18,S001-P0017,Toys,42,98,15.01,21.045,41.414658
2023-10-19,S001-P0017,Toys,4,72,15.03,21.045,58.786186
2023-10-20,S001-P0017,Toys,18,67,14.36,21.045,57.411057
2023-10-21,S001-P0017,Toys,49,47,20.24,21.045,39.128242
2023-10-22,S001-P0017,Toys,60,50,18.07,21.045,36.53602
2023-10-23,S001-P0017,Toys,35,59,19.13,21.045,33.97175
2023-10-24,S001-P0017,Toys,69,70,19.66,21.045,41.91797
2023-10-25,S001-P0017,Toys,89,77,20.05,21.045,95.071785
2023-10-26,S001-P0017,Toys,116,95,19.46,21.045,123.26556
2023-10-27,S001-P0017,Toys,124,98,26.3,21.045,105.376076
2023-10-28,S001-P0017,Toys,111,129,21.6,21.045,137.5678
2023-10-29,S001-P0017,Toys,62,132,20.26,21.045,105.40281
2023-10-30,S001-P0017,Toys,86,68,22.09,21.045,84.570335
2023-10-31,S001-P0017,Toys,100,84,21.88,21.045,84.69337
2023-11-01,S001-P0017,Toys,42,89,19.76,21.045,88.23257
2023-11-02,S001-P0017,Toys,110,63,20.31,21.045,142.26497
2023-11-03,S001-P0017,Toys,71,119,20.91,21.045,89.74048
2023-11-04,S001-P0017,Toys,102,67,19.59,21.045,109.18254
2023-11-05,S001-P0017,Toys,83,95,19.66,21.045,83.75054
2023-11-06,S001-P0017,Toys,85,119,21.96,21.045,82.13654
2023-11-07,S001-P0017,Toys,97,143,17.2,21.045,109.14214
2023-11-08,S001-P0017,Toys,141,55,20.98,21.045,143.2048
2023-11-09,S001-P0017,Toys,53,156,16.47,21.045,116.8054
2023-11-10,S001-P0017,Toys,46,96,19.04,21.045,89.74048
2023-11-11,S001-P0017,Toys,103,64,23.34,21.045,88.024376
2023-11-12,S001-P0017,Toys,93,90,23.8,21.045,90.20943
2023-11-13,S001-P0017,Toys,104,113,23.4,21.045,95.612526
2023-11-14,S001-P0017,Toys,126,100,22.58,21.045,118.11785
2023-11-15,S001-P0017,Toys,160,101,22.15,21.045,110.17758
2023-11-16,S001-P0017,Toys,40,172,16.74,21.045,94.674355
2023-11-17,S001-P0017,Toys,87,143,22.17,21.045,84.01706
2023-11-18,S001-P0017,Toys,77,66,20.26,21.045,81.64206
2023-11-19,S001-P0017,Toys,85,75,23.13,21.045,108.01521
2023-11-20,S001-P0017,Toys,60,85,19.07,21.045,85.90966
2023-11-21,S001-P0017,Toys,122,94,22.34,21.045,106.306175
2023-11-22,S001-P0017,Toys,84,129,18.66,21.045,131.37967
2023-11-23,S001-P0017,Toys,71,74,15.71,21.045,116.57705
2023-11-24,S001-P0017,Toys,144,80,26.49,21.045,99.32964
2023-11-25,S001-P0017,Toys,90,167,23.56,21.045,82.67153
2023-11-26,S001-P0017,Toys,120,74,22.05,21.045,142.0813
2023-11-27,S001-P0017,Toys,37,134,17.4,21.045,104.49601
2023-11-28,S001-P0017,Toys,124,100,26.24,21.045,87.35844
2023-11-29,S001-P0017,Toys,99,172,20.76,21.045,107.32717
2023-11-30,S001-P0017,Toys,144,107,23.83,21.045,94.674355
2023-12-01,S001-P0017,Toys,101,177,21.97,21.045,104.775734
2023-12-02,S001-P0017,Toys,48,97,20.22,21.045,95.489044
2023-12-03,S001-P0017,Toys,126,51,26.47,21.045,96.307365
2023-12-04,S001-P0017,Toys,20,102,15.38,21.045,95.29447
2023-12-05,S001-P0017,Toys,86,88,20.92,21.045,93.35753
2023-12-06,S001-P0017,Toys,161,114,22.2,21.045,136.10704
2023-12-07,S001-P0017,Toys,73,174,18.96,21.045,92.935005
2023-12-08,S001-P0017,Toys,123,98,18.64,21.045,126.29008
2023-12-09,S001-P0017,Toys,77,128,20.31,21.045,82.99609
2023-12-10,S001-P0017,Toys,133,53,23.11,21.045,84.735344
2023-12-11,S001-P0017,Toys,136,151,23.3,21.045,114.90208
2023-12-12,S001-P0017,Toys,194,216,27.25,21.045,135.38983
2023-12-13,S001-P0017,Toys,96,314,24.06,21.045,104.42278
2023-12-14,S001-P0017,Toys,107,226,23.68,21.045,101.42941
2023-12-15,S001-P0017,Toys,111,117,18.0,21.045,113.338905
2023-12-16,S001-P0017,Toys,130,139,19.08,21.045,124.37601
2023-12-17,S001-P0017,Toys,114,152,24.19,21.045,96.307365
2023-12-18,S001-P0017,Toys,65,30,21.56,21.045,96.852715
2023-12-19,S001-P0017,Toys,122,64,23.49,21.045,101.646675
2023-12-20,S001-P0017,Toys,137,141,23.23,21.045,111.901955
2023-12-21,S001-P0017,Toys,84,195,19.71,21.045,101.10679
2023-12-22,S001-P0017,Toys,140,98,20.93,21.045,137.66026
2023-12-23,S001-P0017,Toys,82,161,22.89,21.045,83.5543
2023-12-24,S001-P0017,Toys,154,66,20.45,21.045,137.43506
2023-12-25,S001-P0017,Toys,86,164,23.25,21.045,85.47892
2023-12-26,S001-P0017,Toys,114,65,22.91,21.045,82.031166
2023-12-27,S001-P0017,Toys,18,119,13.36,21.045,40.85667
2023-12-28,S001-P0017,Toys,63,101,21.36,21.045,36.834923
2023-12-29,S001-P0017,Toys,34,52,17.24,21.045,37.420242
2023-12-30,S001-P0017,Toys,24,75,16.46,21.045,27.770346
2023-12-31,S001-P0017,Toys,34,57,18.15,21.045,36.54329
2024-01-01,S001-P0017,Toys,13,69,16.52,21.045,33.291424
2024-01-02,S001-P0017,Toys,31,55,16.98,21.045,32.198265
2024-01-03,S001-P0017,Toys,34,82,17.19,21.045,32.925533
2024-01-04,S001-P0017,Toys,5,50,15.96,21.045,26.65797
2024-01-05,S001-P0017,Toys,9,47,12.83,21.045,55.468197
2024-01-06,S001-P0017,Toys,11,39,17.21,21.045,34.384605
2024-01-07,S001-P0017,Toys,18,82,16.06,21.045,28.148796
2024-01-08,S001-P0017,Toys,28,60,14.91,21.045,48.968994
2024-01-09,S001-P0017,Toys,99,77,23.05,21.045,82.296364
2024-01-10,S001-P0017,Toys,66,133,15.41,21.045,111.56176
2024-01-11,S001-P0017,Toys,56,56,18.77,21.045,80.93386
2024-01-12,S001-P0017,Toys,113,82,24.15,21.045,95.63086
2024-01-13,S001-P0017,Toys,167,122,26.73,21.045,135.7198
2024-01-14,S001-P0017,Toys,33,172,17.12,21.045,84.79689
2024-01-15,S001-P0017,Toys,100,135,20.82,21.045,92.99165
2024-01-16,S001-P0017,Toys,81,121,20.63,21.045,82.296364
2024-01-17,S001-P0017,Toys,123,61,24.92,21.045,93.2649
2024-01-18,S001-P0017,Toys,147,120,28.09,21.045,100.90287
2024-01-19,S001-P0017,Toys,80,166,20.53,21.045,85.49236
2024-01-20,S001-P0017,Toys,209,100,29.79,21.045,135.7198
2024-01-21,S001-P0017,Toys,103,246,19.86,21.045,124.94378
2024-01-22,S001-P0017,Toys,226,182,29.27,21.045,135.66127
2024-01-23,S001-P0017,Toys,100,193,24.35,21.045,82.90501
2024-01-24,S001-P0017,Toys,100,122,19.65,21.045,125.37621
2024-01-25,S001-P0017,Toys,100,155,23.1,21.045,100.41605
2024-01-26,S001-P0017,Toys,77,49,21.4,21.045,94.40801
2024-01-27,S001-P0017,Toys,131,82,21.66,21.045,109.409225
2024-01-28,S001-P0017,Toys,144,105,20.91,21.045,123.4729
2024-01-29,S001-P0017,Toys,108,143,22.57,21.045,93.3772
2024-01-30,S001-P0017,Toys,80,186,21.59,21.045,82.296364
2023-10-03,S001-P0018,Groceries,158,205,76.64,59.795,115.916985
2023-10-04,S001-P0018,Groceries,128,186,63.42,59.795,116.67953
2023-10-05,S001-P0018,Groceries,78,165,51.16,59.795,130.50829
2023-10-06,S001-P0018,Groceries,177,165,72.49,59.795,115.34673
2023-10-07,S001-P0018,Groceries,81,209,51.34,59.795,87.36303
2023-10-08,S001-P0018,Groceries,64,159,45.86,59.795,97.924614
2023-10-09,S001-P0018,Groceries,101,146,58.29,59.795,74.32754
2023-10-10,S001-P0018,Groceries,28,149,46.8,59.795,66.667366
2023-10-11,S001-P0018,Groceries,80,126,57.1,59.795,81.91151
2023-10-12,S001-P0018,Groceries,99,99,51.78,59.795,87.729416
2023-10-13,S001-P0018,Groceries,163,97,62.73,59.795,86.717
2023-10-14,S001-P0018,Groceries,106,167,59.29,59.795,66.65606
2023-10-15,S001-P0018,Groceries,83,139,51.93,59.795,89.24896
2023-10-16,S001-P0018,Groceries,98,159,57.65,59.795,67.7571
2023-10-17,S001-P0018,Groceries,141,209,65.79,59.795,82.061844
2023-10-18,S001-P0018,Groceries,125,224,69.62,59.795,66.78359
2023-10-19,S001-P0018,Groceries,148,112,63.3,59.795,105.977776
2023-10-20,S001-P0018,Groceries,129,141,63.46,59.795,107.015526
2023-10-21,S001-P0018,Groceries,33,154,47.79,59.795,81.639786
2023-10-22,S001-P0018,Groceries,68,126,54.67,59.795,77.48473
2023-10-23,S001-P0018,Groceries,40,125,46.61,59.795,74.664406
2023-10-24,S001-P0018,Groceries,93,129,59.8,59.795,66.3943
2023-10-25,S001-P0018,Groceries,117,144,58.06,59.795,116.43461
2023-10-26,S001-P0018,Groceries,80,170,57.1,59.795,114.20743
2023-10-27,S001-P0018,Groceries,62,153,56.4,59.795,127.41596
2023-10-28,S001-P0018,Groceries,155,160,57.08,59.795,163.0066
2023-10-29,S001-P0018,Groceries,103,198,64.94,59.795,127.41112
2023-10-30,S001-P0018,Groceries,117,133,67.89,59.795,103.60012
2023-10-31,S001-P0018,Groceries,100,109,55.12,59.795,103.85676
2023-11-01,S001-P0018,Groceries,90,111,62.25,59.795,99.81585
2023-11-02,S001-P0018,Groceries,167,105,63.38,59.795,171.47197
2023-11-03,S001-P0018,Groceries,111,148,57.03,59.795,137.1041
2023-11-04,S001-P0018,Groceries,37,147,45.96,59.795,94.474106
2023-11-05,S001-P0018,Groceries,72,116,46.81,59.795,132.76782
2023-11-06,S001-P0018,Groceries,75,137,59.18,59.795,95.44497
2023-11-07,S001-P0018,Groceries,129,164,60.3,59.795,94.23478
2023-11-08,S001-P0018,Groceries,210,158,70.81,59.795,170.44365
2023-11-09,S001-P0018,Groceries,206,241,78.04,59.795,137.94327
2023-11-10,S001-P0018,Groceries,85,306,58.12,59.795,102.787865
2023-11-11,S001-P0018,Groceries,79,218,54.18,59.795,98.27715
2023-11-12,S001-P0018,Groceries,150,124,60.02,59.795,134.46928
2023-11-13,S001-P0018,Groceries,66,182,48.92,59.795,110.90374
2023-11-14,S001-P0018,Groceries,95,106,60.23,59.795,97.79283
2023-11-15,S001-P0018,Groceries,182,114,69.46,59.795,134.29759
2023-11-16,S001-P0018,Groceries,88,174,61.75,59.795,111.819786
2023-11-17,S001-P0018,Groceries,48,171,53.44,59.795,97.58938
2023-11-18,S001-P0018,Groceries,112,116,63.63,59.795,95.656944
2023-11-19,S001-P0018,Groceries,114,134,60.64,59.795,169.43535
2023-11-20,S001-P0018,Groceries,117,114,67.93,59.795,97.331795
2023-11-21,S001-P0018,Groceries,140,156,65.79,59.795,125.72016
2023-11-22,S001-P0018,Groceries,195,166,71.73,59.795,154.39394
2023-11-23,S001-P0018,Groceries,101,208,61.28,59.795,97.369804
2023-11-24,S001-P0018,Groceries,135,120,64.59,59.795,113.2638
2023-11-25,S001-P0018,Groceries,157,117,61.13,59.795,133.08208
2023-11-26,S001-P0018,Groceries,102,183,55.37,59.795,128.18028
2023-11-27,S001-P0018,Groceries,34,223,43.05,59.795,125.0663
2023-11-28,S001-P0018,Groceries,118,194,58.38,59.795,97.373436
2023-11-29,S001-P0018,Groceries,112,233,57.22,59.795,126.06312
2023-11-30,S001-P0018,Groceries,89,131,58.94,59.795,111.819786
2023-12-01,S001-P0018,Groceries,180,121,81.27,59.795,129.02383
2023-12-02,S001-P0018,Groceries,115,146,54.02,59.795,151.94205
2023-12-03,S001-P0018,Groceries,157,132,68.72,59.795,113.84837
2023-12-04,S001-P0018,Groceries,108,152,62.81,59.795,116.02195
2023-12-05,S001-P0018,Groceries,145,129,59.59,59.795,151.7711
2023-12-06,S001-P0018,Groceries,100,129,61.13,59.795,130.09181
2023-12-07,S001-P0018,Groceries,143,180,66.08,59.795,114.25526
2023-12-08,S001-P0018,Groceries,86,169,55.29,59.795,115.07153
2023-12-09,S001-P0018,Groceries,152,179,75.27,59.795,101.87852
2023-12-10,S001-P0018,Groceries,177,154,72.66,59.795,132.67328
2023-12-11,S001-P0018,Groceries,55,150,46.86,59.795,101.82652
2023-12-12,S001-P0018,Groceries,161,100,66.12,59.795,128.6934
2023-12-13,S001-P0018,Groceries,142,159,59.1,59.795,165.79704
2023-12-14,S001-P0018,Groceries,140,169,65.5,59.795,124.82186
2023-12-15,S001-P0018,Groceries,128,144,53.4,59.795,130.8709
2023-12-16,S001-P0018,Groceries,34,173,47.84,59.795,118.56831
2023-12-17,S001-P0018,Groceries,94,138,54.04,59.795,153.68452
2023-12-18,S001-P0018,Groceries,76,177,53.42,59.795,115.15543
2023-12-19,S001-P0018,Groceries,134,115,60.76,59.795,165.11716
2023-12-20,S001-P0018,Groceries,92,118,56.47,59.795,102.18947
2023-12-21,S001-P0018,Groceries,112,148,60.28,59.795,162.42006
2023-12-22,S001-P0018,Groceries,157,145,65.38,59.795,126.420265
2023-12-23,S001-P0018,Groceries,181,201,61.14,59.795,133.34523
2023-12-24,S001-P0018,Groceries,132,202,67.51,59.795,126.409645
2023-12-25,S001-P0018,Groceries,52,179,54.33,59.795,102.34138
2023-12-26,S001-P0018,Groceries,120,148,61.95,59.795,101.227356
2023-12-27,S001-P0018,Groceries,62,161,53.63,59.795,70.83418
2023-12-28,S001-P0018,Groceries,121,89,58.89,59.795,117.79669
2023-12-29,S001-P0018,Groceries,73,114,55.75,59.795,88.87809
2023-12-30,S001-P0018,Groceries,56,115,55.07,59.795,71.02448
2023-12-31,S001-P0018,Groceries,55,106,54.77,59.795,81.632835
2024-01-01,S001-P0018,Groceries,101,108,52.08,59.795,104.30465
2024-01-02,S001-P0018,Groceries,97,125,60.58,59.795,79.721245
2024-01-03,S001-P0018,Groceries,78,112,53.79,59.795,78.72399
2024-01-04,S001-P0018,Groceries,41,107,41.5,59.795,94.17478
2024-01-05,S001-P0018,Groceries,105,114,55.55,59.795,116.33073
2024-01-06,S001-P0018,Groceries,70,164,52.29,59.795,79.32448
2024-01-07,S001-P0018,Groceries,56,173,52.39,59.795,73.40146
2024-01-08,S001-P0018,Groceries,76,116,59.22,59.795,80.52517
2024-01-09,S001-P0018,Groceries,103,113,58.69,59.795,99.65357
2024-01-10,S001-P0018,Groceries,70,170,55.2,59.795,100.89312
2024-01-11,S001-P0018,Groceries,125,114,52.89,59.795,131.78072
2024-01-12,S001-P0018,Groceries,100,150,54.71,59.795,152.87433
2024-01-13,S001-P0018,Groceries,87,164,58.51,59.795,127.13825
2024-01-14,S001-P0018,Groceries,69,195,54.97,59.795,100.30001
2024-01-15,S001-P0018,Groceries,80,153,60.13,59.795,114.22458
2024-01-16,S001-P0018,Groceries,103,182,58.56,59.795,99.4184
2024-01-17,S001-P0018,Groceries,148,210,67.19,59.795,114.89712
2024-01-18,S001-P0018,Groceries,151,183,75.25,59.795,124.05692
2024-01-19,S001-P0018,Groceries,120,237,55.32,59.795,134.37135
2024-01-20,S001-P0018,Groceries,167,106,70.86,59.795,127.13825
2024-01-21,S001-P0018,Groceries,132,157,64.26,59.795,115.018684
2024-01-22,S001-P0018,Groceries,132,183,50.75,59.795,160.06902
2024-01-23,S001-P0018,Groceries,123,173,65.81,59.795,100.354164
2024-01-24,S001-P0018,Groceries,145,177,70.14,59.795,115.4853
2024-01-25,S001-P0018,Groceries,189,143,83.27,59.795,124.05692
2024-01-26,S001-P0018,Groceries,116,208,51.53,59.795,151.59975
2024-01-27,S001-P0018,Groceries,156,230,57.94,59.795,133.96089
2024-01-28,S001-P0018,Groceries,245,248,80.7,59.795,152.53471
2024-01-29,S001-P0018,Groceries,103,209,58.58,59.795,112.84821
2024-01-30,S001-P0018,Groceries,70,130,52.32,59.795,99.4184
2023-10-03,S001-P0019,Furniture,108,125,133.05,104.525,74.69555
2023-10-04,S001-P0019,Furniture,98,144,128.73,104.525,75.62679
2023-10-05,S001-P0019,Furniture,78,135,108.53,104.525,66.25338
2023-10-06,S001-P0019,Furniture,98,47,116.03,104.525,74.26761
2023-10-07,S001-P0019,Furniture,38,80,77.32,104.525,41.31005
2023-10-08,S001-P0019,Furniture,40,107,88.97,104.525,47.105858
2023-10-09,S001-P0019,Furniture,51,80,86.9,104.525,45.51998
2023-10-10,S001-P0019,Furniture,28,91,94.05,104.525,33.030785
2023-10-11,S001-P0019,Furniture,36,71,92.18,104.525,38.8841
2023-10-12,S001-P0019,Furniture,40,82,89.13,104.525,41.56105
2023-10-13,S001-P0019,Furniture,23,102,77.55,104.525,41.90808
2023-10-14,S001-P0019,Furniture,46,87,91.31,104.525,31.908718
2023-10-15,S001-P0019,Furniture,46,108,106.84,104.525,33.9699
2023-10-16,S001-P0019,Furniture,18,73,90.15,104.525,32.126373
2023-10-17,S001-P0019,Furniture,28,51,79.04,104.525,53.012497
2023-10-18,S001-P0019,Furniture,46,82,91.05,104.525,32.21681
2023-10-19,S001-P0019,Furniture,60,81,96.21,104.525,54.819992
2023-10-20,S001-P0019,Furniture,35,89,91.9,104.525,39.47555
2023-10-21,S001-P0019,Furniture,48,98,91.47,104.525,53.356987
2023-10-22,S001-P0019,Furniture,16,104,84.64,104.525,36.724983
2023-10-23,S001-P0019,Furniture,46,89,101.12,104.525,34.24238
2023-10-24,S001-P0019,Furniture,24,99,83.08,104.525,30.8279
2023-10-25,S001-P0019,Furniture,90,80,107.27,104.525,76.46664
2023-10-26,S001-P0019,Furniture,88,82,105.78,104.525,95.84321
2023-10-27,S001-P0019,Furniture,79,100,103.23,104.525,82.186195
2023-10-28,S001-P0019,Furniture,130,97,120.84,104.525,107.15686
2023-10-29,S001-P0019,Furniture,83,144,104.74,104.525,81.97666
2023-10-30,S001-P0019,Furniture,65,60,98.04,104.525,67.20608
2023-10-31,S001-P0019,Furniture,42,63,99.52,104.525,66.26626
2023-11-01,S001-P0019,Furniture,124,70,119.55,104.525,86.04363
2023-11-02,S001-P0019,Furniture,131,103,101.82,104.525,111.29688
2023-11-03,S001-P0019,Furniture,51,133,103.3,104.525,65.619995
2023-11-04,S001-P0019,Furniture,69,87,83.03,104.525,84.65113
2023-11-05,S001-P0019,Furniture,104,119,118.58,104.525,63.89491
2023-11-06,S001-P0019,Furniture,75,161,113.01,104.525,65.03773
2023-11-07,S001-P0019,Furniture,86,99,117.6,104.525,62.94232
2023-11-08,S001-P0019,Furniture,85,107,105.22,104.525,81.559265
2023-11-09,S001-P0019,Furniture,24,123,92.39,104.525,62.184864
2023-11-10,S001-P0019,Furniture,83,107,98.73,104.525,84.84312
2023-11-11,S001-P0019,Furniture,41,94,94.06,104.525,63.363873
2023-11-12,S001-P0019,Furniture,71,110,105.43,104.525,65.40927
2023-11-13,S001-P0019,Furniture,98,91,122.37,104.525,71.15212
2023-11-14,S001-P0019,Furniture,79,115,109.08,104.525,62.544052
2023-11-15,S001-P0019,Furniture,74,129,90.04,104.525,84.8326
2023-11-16,S001-P0019,Furniture,30,50,99.86,104.525,70.25146
2023-11-17,S001-P0019,Furniture,55,82,110.51,104.525,63.523712
2023-11-18,S001-P0019,Furniture,85,86,98.58,104.525,83.25091
2023-11-19,S001-P0019,Furniture,68,96,115.96,104.525,81.1592
2023-11-20,S001-P0019,Furniture,88,122,111.99,104.525,64.19389
2023-11-21,S001-P0019,Furniture,83,157,97.99,104.525,109.38273
2023-11-22,S001-P0019,Furniture,133,105,122.84,104.525,97.8856
2023-11-23,S001-P0019,Furniture,74,153,112.82,104.525,61.8874
2023-11-24,S001-P0019,Furniture,60,108,112.77,104.525,73.78076
2023-11-25,S001-P0019,Furniture,22,129,86.99,104.525,63.355484
2023-11-26,S001-P0019,Furniture,126,109,119.46,104.525,107.825035
2023-11-27,S001-P0019,Furniture,167,149,127.5,104.525,108.23679
2023-11-28,S001-P0019,Furniture,66,187,98.28,104.525,62.927174
2023-11-29,S001-P0019,Furniture,139,147,131.8,104.525,80.7816
2023-11-30,S001-P0019,Furniture,71,174,111.32,104.525,70.56169
2023-12-01,S001-P0019,Furniture,91,124,125.9,104.525,83.73743
2023-12-02,S001-P0019,Furniture,106,119,118.86,104.525,100.54807
2023-12-03,S001-P0019,Furniture,161,95,132.28,104.525,98.29171
2023-12-04,S001-P0019,Furniture,60,180,112.38,104.525,75.73776
2023-12-05,S001-P0019,Furniture,71,111,111.38,104.525,76.650734
2023-12-06,S001-P0019,Furniture,93,112,114.0,104.525,110.71058
2023-12-07,S001-P0019,Furniture,107,113,126.02,104.525,73.60784
2023-12-08,S001-P0019,Furniture,71,113,105.81,104.525,76.55368
2023-12-09,S001-P0019,Furniture,59,135,106.71,104.525,66.26216
2023-12-10,S001-P0019,Furniture,108,64,113.79,104.525,67.57102
2023-12-11,S001-P0019,Furniture,45,100,90.95,104.525,68.00441
2023-12-12,S001-P0019,Furniture,100,61,103.82,104.525,109.99054
2023-12-13,S001-P0019,Furniture,172,118,129.52,104.525,110.73196
2023-12-14,S001-P0019,Furniture,63,138,108.2,104.525,81.91801
2023-12-15,S001-P0019,Furniture,84,92,110.38,104.525,67.498886
2023-12-16,S001-P0019,Furniture,41,92,93.93,104.525,77.65966
2023-12-17,S001-P0019,Furniture,64,97,91.59,104.525,98.46691
2023-12-18,S001-P0019,Furniture,95,81,108.88,104.525,99.9862
2023-12-19,S001-P0019,Furniture,108,113,132.96,104.525,84.844475
2023-12-20,S001-P0019,Furniture,62,107,113.42,104.525,66.88572
2023-12-21,S001-P0019,Furniture,108,121,106.38,104.525,107.33178
2023-12-22,S001-P0019,Furniture,17,143,85.04,104.525,83.78199
2023-12-23,S001-P0019,Furniture,98,123,104.08,104.525,88.120735
2023-12-24,S001-P0019,Furniture,76,96,107.44,104.525,83.149994
2023-12-25,S001-P0019,Furniture,74,103,118.6,104.525,67.91119
2023-12-26,S001-P0019,Furniture,58,98,111.58,104.525,65.91546
2023-12-27,S001-P0019,Furniture,47,87,91.36,104.525,45.870712
2023-12-28,S001-P0019,Furniture,28,87,94.09,104.525,40.717255
2023-12-29,S001-P0019,Furniture,28,65,93.94,104.525,40.694237
2023-12-30,S001-P0019,Furniture,49,98,97.43,104.525,32.029236
2023-12-31,S001-P0019,Furniture,47,104,91.36,104.525,37.24673
2024-01-01,S001-P0019,Furniture,6,55,89.76,104.525,36.116596
2024-01-02,S001-P0019,Furniture,30,99,85.26,104.525,36.267967
2024-01-03,S001-P0019,Furniture,29,63,89.61,104.525,37.262135
2024-01-04,S001-P0019,Furniture,38,92,88.41,104.525,30.824432
2024-01-05,S001-P0019,Furniture,41,105,84.5,104.525,59.067863
2024-01-06,S001-P0019,Furniture,28,80,98.97,104.525,37.986504
2024-01-07,S001-P0019,Furniture,36,105,87.64,104.525,45.57077
2024-01-08,S001-P0019,Furniture,33,75,86.52,104.525,51.629604
2024-01-09,S001-P0019,Furniture,51,103,92.48,104.525,86.88367
2024-01-10,S001-P0019,Furniture,34,120,96.51,104.525,65.262825
2024-01-11,S001-P0019,Furniture,56,98,99.72,104.525,63.47385
2024-01-12,S001-P0019,Furniture,123,94,125.45,104.525,75.455055
2024-01-13,S001-P0019,Furniture,120,120,103.51,104.525,108.86997
2024-01-14,S001-P0019,Furniture,60,149,112.38,104.525,67.556725
2024-01-15,S001-P0019,Furniture,35,96,91.89,104.525,72.85471
2024-01-16,S001-P0019,Furniture,54,59,94.06,104.525,64.19394
2024-01-17,S001-P0019,Furniture,100,60,117.15,104.525,75.17276
2024-01-18,S001-P0019,Furniture,96,102,95.96,104.525,106.67663
2024-01-19,S001-P0019,Furniture,58,84,100.6,104.525,66.862625
2024-01-20,S001-P0019,Furniture,72,83,111.87,104.525,82.73378
2024-01-21,S001-P0019,Furniture,64,88,97.54,104.525,75.09814
2024-01-22,S001-P0019,Furniture,71,90,94.76,104.525,107.27005
2024-01-23,S001-P0019,Furniture,53,71,99.06,104.525,64.31659
2024-01-24,S001-P0019,Furniture,153,93,108.33,104.525,98.95699
2024-01-25,S001-P0019,Furniture,115,150,109.81,104.525,105.95576
2024-01-26,S001-P0019,Furniture,153,146,122.74,104.525,97.0572
2024-01-27,S001-P0019,Furniture,77,130,119.78,104.525,65.15734
2024-01-28,S001-P0019,Furniture,80,114,109.37,104.525,74.94431
2024-01-29,S001-P0019,Furniture,105,97,131.71,104.525,73.49674
2024-01-30,S001-P0019,Furniture,61,110,96.8,104.525,64.19394
2023-10-03,S001-P0020,Furniture,87,266,124.42,110.82,75.02468
2023-10-04,S001-P0020,Furniture,52,195,109.4,110.82,75.62679
2023-10-05,S001-P0020,Furniture,83,159,104.38,110.82,85.99191
2023-10-06,S001-P0020,Furniture,140,71,124.9,110.82,96.15966
2023-10-07,S001-P0020,Furniture,50,362,108.56,110.82,33.24292
2023-10-08,S001-P0020,Furniture,25,316,92.88,110.82,36.724983
2023-10-09,S001-P0020,Furniture,40,292,104.58,110.82,34.51449
2023-10-10,S001-P0020,Furniture,33,898,101.55,110.82,32.3274
2023-10-11,S001-P0020,Furniture,21,877,91.53,110.82,39.196327
2023-10-12,S001-P0020,Furniture,36,859,102.91,110.82,32.16018
2023-10-13,S001-P0020,Furniture,44,835,83.69,110.82,42.6408
2023-10-14,S001-P0020,Furniture,32,802,100.96,110.82,33.24292
2023-10-15,S001-P0020,Furniture,32,765,96.12,110.82,33.52202
2023-10-16,S001-P0020,Furniture,25,734,77.48,110.82,41.247597
2023-10-17,S001-P0020,Furniture,34,711,91.71,110.82,38.64973
2023-10-18,S001-P0020,Furniture,28,672,78.43,110.82,41.168964
2023-10-19,S001-P0020,Furniture,22,641,101.9,110.82,40.304565
2023-10-20,S001-P0020,Furniture,23,617,87.38,110.82,39.484337
2023-10-21,S001-P0020,Furniture,37,592,87.6,110.82,53.356987
2023-10-22,S001-P0020,Furniture,35,557,92.0,110.82,36.724983
2023-10-23,S001-P0020,Furniture,69,530,99.33,110.82,45.212967
2023-10-24,S001-P0020,Furniture,24,455,102.68,110.82,31.92158
2023-10-25,S001-P0020,Furniture,80,429,108.68,110.82,97.34208
2023-10-26,S001-P0020,Furniture,139,338,131.42,110.82,95.84321
2023-10-27,S001-P0020,Furniture,73,224,93.73,110.82,107.1361
2023-10-28,S001-P0020,Furniture,60,176,118.72,110.82,83.39381
2023-10-29,S001-P0020,Furniture,51,133,114.84,110.82,80.355156
2023-10-30,S001-P0020,Furniture,65,598,108.95,110.82,67.20608
2023-10-31,S001-P0020,Furniture,79,524,121.17,110.82,66.581436
2023-11-01,S001-P0020,Furniture,79,459,109.01,110.82,63.920048
2023-11-02,S001-P0020,Furniture,48,406,102.19,110.82,109.20249
2023-11-03,S001-P0020,Furniture,110,374,113.15,110.82,84.96564
2023-11-04,S001-P0020,Furniture,59,283,107.04,110.82,63.355484
2023-11-05,S001-P0020,Furniture,65,224,115.19,110.82,63.89491
2023-11-06,S001-P0020,Furniture,71,173,123.92,110.82,64.81738
2023-11-07,S001-P0020,Furniture,76,482,119.67,110.82,62.94232
2023-11-08,S001-P0020,Furniture,42,414,105.16,110.82,80.7816
2023-11-09,S001-P0020,Furniture,18,377,95.09,110.82,61.8874
2023-11-10,S001-P0020,Furniture,100,365,109.45,110.82,84.96564
2023-11-11,S001-P0020,Furniture,58,278,101.06,110.82,63.363873
2023-11-12,S001-P0020,Furniture,58,242,118.19,110.82,65.947945
2023-11-13,S001-P0020,Furniture,57,193,117.52,110.82,71.10824
2023-11-14,S001-P0020,Furniture,103,473,131.17,110.82,62.96711
2023-11-15,S001-P0020,Furniture,121,402,118.29,110.82,83.77866
2023-11-16,S001-P0020,Furniture,75,302,113.02,110.82,71.24525
2023-11-17,S001-P0020,Furniture,45,240,90.5,110.82,83.35806
2023-11-18,S001-P0020,Furniture,52,672,98.73,110.82,63.457558
2023-11-19,S001-P0020,Furniture,102,625,117.7,110.82,80.926445
2023-11-20,S001-P0020,Furniture,35,542,102.3,110.82,63.358242
2023-11-21,S001-P0020,Furniture,65,506,90.99,110.82,110.38361
2023-11-22,S001-P0020,Furniture,85,462,130.25,110.82,72.67155
2023-11-23,S001-P0020,Furniture,25,390,93.05,110.82,62.63804
2023-11-24,S001-P0020,Furniture,54,366,104.66,110.82,73.15594
2023-11-25,S001-P0020,Furniture,68,319,104.69,110.82,81.448006
2023-11-26,S001-P0020,Furniture,119,238,124.45,110.82,108.43518
2023-11-27,S001-P0020,Furniture,67,134,98.68,110.82,108.23679
2023-11-28,S001-P0020,Furniture,67,53,86.92,110.82,88.0977
2023-11-29,S001-P0020,Furniture,89,263,125.45,110.82,80.86298
2023-11-30,S001-P0020,Furniture,56,673,111.29,110.82,70.56169
2023-12-01,S001-P0020,Furniture,98,634,122.33,110.82,83.926346
2023-12-02,S001-P0020,Furniture,140,519,116.16,110.82,100.930756
2023-12-03,S001-P0020,Furniture,70,393,123.52,110.82,75.66539
2023-12-04,S001-P0020,Furniture,72,317,88.5,110.82,99.31662
2023-12-05,S001-P0020,Furniture,110,245,106.05,110.82,100.44918
2023-12-06,S001-P0020,Furniture,68,726,110.24,110.82,110.71058
2023-12-07,S001-P0020,Furniture,83,654,129.47,110.82,74.14409
2023-12-08,S001-P0020,Furniture,68,592,99.01,110.82,99.50118
2023-12-09,S001-P0020,Furniture,61,529,89.48,110.82,88.58423
2023-12-10,S001-P0020,Furniture,52,487,115.12,110.82,66.79203
2023-12-11,S001-P0020,Furniture,105,440,105.62,110.82,88.61589
2023-12-12,S001-P0020,Furniture,65,325,108.99,110.82,84.12714
2023-12-13,S001-P0020,Furniture,124,277,140.46,110.82,85.44021
2023-12-14,S001-P0020,Furniture,72,146,117.89,110.82,81.91801
2023-12-15,S001-P0020,Furniture,64,539,108.82,110.82,67.0737
2023-12-16,S001-P0020,Furniture,123,483,132.79,110.82,77.47368
2023-12-17,S001-P0020,Furniture,75,362,107.37,110.82,76.167274
2023-12-18,S001-P0020,Furniture,67,275,98.74,110.82,99.57931
2023-12-19,S001-P0020,Furniture,96,219,128.5,110.82,84.322
2023-12-20,S001-P0020,Furniture,79,629,121.14,110.82,66.88572
2023-12-21,S001-P0020,Furniture,65,548,103.49,110.82,81.24555
2023-12-22,S001-P0020,Furniture,110,505,120.89,110.82,109.67353
2023-12-23,S001-P0020,Furniture,94,394,120.86,110.82,88.19834
2023-12-24,S001-P0020,Furniture,61,329,119.42,110.82,82.548096
2023-12-25,S001-P0020,Furniture,89,279,112.78,110.82,68.00441
2023-12-26,S001-P0020,Furniture,74,173,125.32,110.82,65.91546
2023-12-27,S001-P0020,Furniture,45,506,106.67,110.82,32.410175
2023-12-28,S001-P0020,Furniture,26,460,93.51,110.82,39.940895
2023-12-29,S001-P0020,Furniture,37,441,92.84,110.82,40.411125
2023-12-30,S001-P0020,Furniture,15,408,93.79,110.82,32.029236
2023-12-31,S001-P0020,Furniture,27,390,104.13,110.82,38.10673
2024-01-01,S001-P0020,Furniture,25,372,88.2,110.82,35.155296
2024-01-02,S001-P0020,Furniture,38,354,93.1,110.82,54.105484
2024-01-03,S001-P0020,Furniture,28,330,89.49,110.82,36.94246
2024-01-04,S001-P0020,Furniture,18,308,100.14,110.82,32.12965
2024-01-05,S001-P0020,Furniture,65,287,109.22,110.82,60.145172
2024-01-06,S001-P0020,Furniture,25,226,88.4,110.82,54.654953
2024-01-07,S001-P0020,Furniture,15,199,88.76,110.82,33.210144
2024-01-08,S001-P0020,Furniture,37,186,81.49,110.82,50.338577
2024-01-09,S001-P0020,Furniture,59,412,112.55,110.82,64.31659
2024-01-10,S001-P0020,Furniture,65,343,109.33,110.82,64.89394
2024-01-11,S001-P0020,Furniture,109,271,127.09,110.82,63.687706
2024-01-12,S001-P0020,Furniture,73,194,112.42,110.82,75.36362
2024-01-13,S001-P0020,Furniture,47,112,112.99,110.82,83.45121
2024-01-14,S001-P0020,Furniture,77,77,101.42,110.82,86.960976
2024-01-15,S001-P0020,Furniture,64,484,114.76,110.82,73.49674
2024-01-16,S001-P0020,Furniture,69,444,110.59,110.82,64.19394
2024-01-17,S001-P0020,Furniture,71,364,111.29,110.82,74.92535
2024-01-18,S001-P0020,Furniture,119,283,108.93,110.82,106.67663
2024-01-19,S001-P0020,Furniture,65,147,115.18,110.82,66.90705
2024-01-20,S001-P0020,Furniture,66,79,109.61,110.82,82.73378
2024-01-21,S001-P0020,Furniture,104,10,118.6,110.82,96.29609
2024-01-22,S001-P0020,Furniture,54,452,99.32,110.82,107.62634
2024-01-23,S001-P0020,Furniture,83,388,110.35,110.82,64.19394
2024-01-24,S001-P0020,Furniture,82,303,115.98,110.82,100.184074
2024-01-25,S001-P0020,Furniture,48,724,102.4,110.82,79.91959
2024-01-26,S001-P0020,Furniture,69,672,116.87,110.82,75.36362
2024-01-27,S001-P0020,Furniture,79,624,120.96,110.82,64.78168
2024-01-28,S001-P0020,Furniture,103,534,98.47,110.82,96.493004
2024-01-29,S001-P0020,Furniture,72,416,118.04,110.82,72.887794
2024-01-30,S001-P0020,Furniture,73,333,112.5,110.82,64.31659
2023-10-03,S002-P0001,Groceries,76,187,79.05,80.685,98.29951
2023-10-04,S002-P0001,Groceries,122,440,83.04,80.685,99.24177
2023-10-05,S002-P0001,Groceries,97,295,76.56,80.685,124.6759
2023-10-06,S002-P0001,Groceries,179,213,97.49,80.685,100.21457
2023-10-07,S002-P0001,Groceries,55,392,62.51,80.685,64.7554
2023-10-08,S002-P0001,Groceries,114,353,81.03,80.685,81.84174
2023-10-09,S002-P0001,Groceries,53,720,62.03,80.685,94.185814
2023-10-10,S002-P0001,Groceries,42,657,62.58,80.685,72.87353
2023-10-11,S002-P0001,Groceries,46,631,63.54,80.685,65.4277
2023-10-12,S002-P0001,Groceries,111,591,71.13,80.685,102.78188
2023-10-13,S002-P0001,Groceries,65,478,76.06,80.685,67.71673
2023-10-14,S002-P0001,Groceries,105,409,82.85,80.685,65.41627
2023-10-15,S002-P0001,Groceries,53,333,72.65,80.685,75.4735
2023-10-16,S002-P0001,Groceries,101,289,81.72,80.685,72.47127
2023-10-17,S002-P0001,Groceries,132,213,67.52,80.685,84.25526
2023-10-18,S002-P0001,Groceries,53,57,61.98,80.685,73.018
2023-10-19,S002-P0001,Groceries,118,370,77.73,80.685,84.66978
2023-10-20,S002-P0001,Groceries,72,237,62.47,80.685,84.404045
2023-10-21,S002-P0001,Groceries,102,172,86.33,80.685,72.89398
2023-10-22,S002-P0001,Groceries,57,460,66.46,80.685,81.79621
2023-10-23,S002-P0001,Groceries,138,414,72.36,80.685,103.20454
2023-10-24,S002-P0001,Groceries,73,311,74.38,80.685,80.38861
2023-10-25,S002-P0001,Groceries,86,260,69.68,80.685,129.03384
2023-10-26,S002-P0001,Groceries,178,656,91.7,80.685,145.39806
2023-10-27,S002-P0001,Groceries,131,467,85.21,80.685,111.73167
2023-10-28,S002-P0001,Groceries,136,365,91.16,80.685,123.30055
2023-10-29,S002-P0001,Groceries,90,212,79.03,80.685,112.79688
2023-10-30,S002-P0001,Groceries,181,506,108.61,80.685,112.18536
2023-10-31,S002-P0001,Groceries,164,309,98.77,80.685,98.29348
2023-11-01,S002-P0001,Groceries,189,173,78.96,80.685,152.5455
2023-11-02,S002-P0001,Groceries,220,468,113.83,80.685,124.21135
2023-11-03,S002-P0001,Groceries,155,224,80.99,80.685,148.6298
2023-11-04,S002-P0001,Groceries,127,557,84.35,80.685,95.37563
2023-11-05,S002-P0001,Groceries,136,431,91.09,80.685,99.09492
2023-11-06,S002-P0001,Groceries,73,276,70.43,80.685,96.46259
2023-11-07,S002-P0001,Groceries,146,202,88.96,80.685,167.94887
2023-11-08,S002-P0001,Groceries,115,462,72.65,80.685,131.47858
2023-11-09,S002-P0001,Groceries,134,351,85.88,80.685,97.5684
2023-11-10,S002-P0001,Groceries,174,243,101.33,80.685,113.49479
2023-11-11,S002-P0001,Groceries,85,106,77.59,80.685,95.59586
2023-11-12,S002-P0001,Groceries,213,397,106.06,80.685,166.81361
2023-11-13,S002-P0001,Groceries,168,874,84.75,80.685,167.02942
2023-11-14,S002-P0001,Groceries,109,744,75.55,80.685,110.30067
2023-11-15,S002-P0001,Groceries,64,660,68.1,80.685,97.538605
2023-11-16,S002-P0001,Groceries,147,614,89.15,80.685,133.7158
2023-11-17,S002-P0001,Groceries,112,506,89.28,80.685,97.92686
2023-11-18,S002-P0001,Groceries,69,439,62.19,80.685,167.77904
2023-11-19,S002-P0001,Groceries,123,386,78.94,80.685,113.70802
2023-11-20,S002-P0001,Groceries,178,239,91.75,80.685,150.79799
2023-11-21,S002-P0001,Groceries,104,54,74.48,80.685,95.79191
2023-11-22,S002-P0001,Groceries,123,348,78.95,80.685,96.73046
2023-11-23,S002-P0001,Groceries,141,654,87.91,80.685,110.02787
2023-11-24,S002-P0001,Groceries,61,517,67.69,80.685,96.478355
2023-11-25,S002-P0001,Groceries,78,457,71.63,80.685,95.68772
2023-11-26,S002-P0001,Groceries,30,407,53.43,80.685,131.80458
2023-11-27,S002-P0001,Groceries,74,387,74.69,80.685,123.04159
2023-11-28,S002-P0001,Groceries,42,336,59.5,80.685,96.69308
2023-11-29,S002-P0001,Groceries,112,310,84.83,80.685,98.05732
2023-11-30,S002-P0001,Groceries,116,207,77.38,80.685,97.34727
2023-12-01,S002-P0001,Groceries,121,135,91.79,80.685,112.30365
2023-12-02,S002-P0001,Groceries,151,447,80.14,80.685,146.54948
2023-12-03,S002-P0001,Groceries,116,301,81.29,80.685,95.101494
2023-12-04,S002-P0001,Groceries,145,230,88.66,80.685,159.04597
2023-12-05,S002-P0001,Groceries,113,628,85.0,80.685,123.39578
2023-12-06,S002-P0001,Groceries,143,528,93.09,80.685,124.24346
2023-12-07,S002-P0001,Groceries,161,425,97.93,80.685,120.400604
2023-12-08,S002-P0001,Groceries,116,280,77.39,80.685,129.57712
2023-12-09,S002-P0001,Groceries,113,180,89.56,80.685,124.19902
2023-12-10,S002-P0001,Groceries,198,655,85.06,80.685,144.13737
2023-12-11,S002-P0001,Groceries,69,497,65.89,80.685,99.99209
2023-12-12,S002-P0001,Groceries,101,433,73.56,80.685,130.04689
2023-12-13,S002-P0001,Groceries,158,907,92.37,80.685,123.91587
2023-12-14,S002-P0001,Groceries,164,745,98.73,80.685,120.400604
2023-12-15,S002-P0001,Groceries,182,636,97.96,80.685,162.4576
2023-12-16,S002-P0001,Groceries,83,444,73.09,80.685,97.55809
2023-12-17,S002-P0001,Groceries,53,347,62.1,80.685,95.101494
2023-12-18,S002-P0001,Groceries,138,304,87.08,80.685,120.84269
2023-12-19,S002-P0001,Groceries,67,176,76.61,80.685,112.02128
2023-12-20,S002-P0001,Groceries,140,125,92.36,80.685,98.400185
2023-12-21,S002-P0001,Groceries,145,352,93.51,80.685,109.204124
2023-12-22,S002-P0001,Groceries,127,227,84.11,80.685,110.490364
2023-12-23,S002-P0001,Groceries,77,637,71.53,80.685,112.29568
2023-12-24,S002-P0001,Groceries,108,559,79.37,80.685,147.98116
2023-12-25,S002-P0001,Groceries,203,441,103.45,80.685,129.51938
2023-12-26,S002-P0001,Groceries,119,274,69.43,80.685,159.00662
2023-12-27,S002-P0001,Groceries,72,132,58.58,80.685,111.71986
2023-12-28,S002-P0001,Groceries,116,739,90.47,80.685,69.19761
2023-12-29,S002-P0001,Groceries,63,606,71.68,80.685,85.041794
2023-12-30,S002-P0001,Groceries,58,567,66.94,80.685,76.2957
2023-12-31,S002-P0001,Groceries,137,523,86.96,80.685,85.183174
2024-01-01,S002-P0001,Groceries,51,363,72.07,80.685,77.367096
2024-01-02,S002-P0001,Groceries,75,323,78.88,80.685,85.659386
2024-01-03,S002-P0001,Groceries,113,263,80.67,80.685,101.12734
2024-01-04,S002-P0001,Groceries,67,184,61.34,80.685,112.30513
2024-01-05,S002-P0001,Groceries,38,139,58.53,80.685,75.029274
2024-01-06,S002-P0001,Groceries,104,406,66.07,80.685,100.54641
2024-01-07,S002-P0001,Groceries,61,291,74.79,80.685,87.1322
2024-01-08,S002-P0001,Groceries,94,234,59.93,80.685,110.28284
2024-01-09,S002-P0001,Groceries,93,127,79.6,80.685,109.70347
2024-01-10,S002-P0001,Groceries,78,17,71.6,80.685,97.65992
2024-01-11,S002-P0001,Groceries,143,293,74.41,80.685,130.05045
2024-01-12,S002-P0001,Groceries,63,192,71.74,80.685,110.09813
2024-01-13,S002-P0001,Groceries,211,362,105.56,80.685,148.83931
2024-01-14,S002-P0001,Groceries,78,592,68.06,80.685,108.79782
2024-01-15,S002-P0001,Groceries,120,502,87.01,80.685,109.88395
2024-01-16,S002-P0001,Groceries,129,419,84.54,80.685,96.95573
2024-01-17,S002-P0001,Groceries,154,267,90.89,80.685,109.607155
2024-01-18,S002-P0001,Groceries,139,146,87.19,80.685,118.37379
2024-01-19,S002-P0001,Groceries,232,461,99.29,80.685,132.07698
2024-01-20,S002-P0001,Groceries,155,192,101.49,80.685,123.04142
2024-01-21,S002-P0001,Groceries,99,58,64.23,80.685,129.7837
2024-01-22,S002-P0001,Groceries,51,826,64.98,80.685,132.0259
2024-01-23,S002-P0001,Groceries,87,786,78.22,80.685,96.94961
2024-01-24,S002-P0001,Groceries,89,681,66.18,80.685,160.2488
2024-01-25,S002-P0001,Groceries,49,607,67.98,80.685,118.7964
2024-01-26,S002-P0001,Groceries,102,554,78.03,80.685,122.44764
2024-01-27,S002-P0001,Groceries,150,447,99.84,80.685,123.04142
2024-01-28,S002-P0001,Groceries,151,354,95.25,80.685,110.60844
2024-01-29,S002-P0001,Groceries,57,177,63.0,80.685,96.85114
2024-01-30,S002-P0001,Groceries,87,569,78.18,80.685,96.94961
2023-10-03,S002-P0002,Toys,79,188,23.54,31.07,111.92419
2023-10-04,S002-P0002,Toys,129,128,31.08,31.07,111.08444
2023-10-05,S002-P0002,Toys,191,151,36.81,31.07,131.5222
2023-10-06,S002-P0002,Toys,80,230,31.47,31.07,86.164894
2023-10-07,S002-P0002,Toys,11,467,23.85,31.07,28.531784
2023-10-08,S002-P0002,Toys,21,455,23.65,31.07,57.82959
2023-10-09,S002-P0002,Toys,25,433,26.75,31.07,33.304226
2023-10-10,S002-P0002,Toys,31,409,23.43,31.07,33.40548
2023-10-11,S002-P0002,Toys,12,385,22.72,31.07,29.839397
2023-10-12,S002-P0002,Toys,28,371,25.68,31.07,40.33595
2023-10-13,S002-P0002,Toys,12,341,22.72,31.07,30.40551
2023-10-14,S002-P0002,Toys,46,328,23.33,31.07,40.92128
2023-10-15,S002-P0002,Toys,47,295,27.83,31.07,36.794746
2023-10-16,S002-P0002,Toys,62,245,29.5,31.07,32.49831
2023-10-17,S002-P0002,Toys,34,183,19.8,31.07,44.36554
2023-10-18,S002-P0002,Toys,43,146,20.54,31.07,48.808823
2023-10-19,S002-P0002,Toys,11,111,23.84,31.07,31.226665
2023-10-20,S002-P0002,Toys,27,173,24.3,31.07,31.773037
2023-10-21,S002-P0002,Toys,12,151,21.52,31.07,33.349174
2023-10-22,S002-P0002,Toys,42,140,27.27,31.07,41.430283
2023-10-23,S002-P0002,Toys,76,112,24.5,31.07,55.098328
2023-10-24,S002-P0002,Toys,36,136,28.01,31.07,39.980804
2023-10-25,S002-P0002,Toys,108,235,27.32,31.07,111.91824
2023-10-26,S002-P0002,Toys,128,165,31.28,31.07,119.61222
2023-10-27,S002-P0002,Toys,88,216,32.33,31.07,95.32707
2023-10-28,S002-P0002,Toys,148,360,38.98,31.07,103.123085
2023-10-29,S002-P0002,Toys,129,189,34.9,31.07,95.72099
2023-10-30,S002-P0002,Toys,89,331,29.24,31.07,93.790596
2023-10-31,S002-P0002,Toys,106,243,34.3,31.07,83.728516
2023-11-01,S002-P0002,Toys,89,173,34.21,31.07,96.670906
2023-11-02,S002-P0002,Toys,111,268,33.09,31.07,101.53332
2023-11-03,S002-P0002,Toys,133,159,35.34,31.07,129.66013
2023-11-04,S002-P0002,Toys,110,278,32.92,31.07,78.57854
2023-11-05,S002-P0002,Toys,80,178,33.06,31.07,82.65826
2023-11-06,S002-P0002,Toys,58,281,30.55,31.07,79.91084
2023-11-07,S002-P0002,Toys,151,242,31.43,31.07,139.69096
2023-11-08,S002-P0002,Toys,106,139,30.69,31.07,108.51734
2023-11-09,S002-P0002,Toys,114,342,35.16,31.07,77.929695
2023-11-10,S002-P0002,Toys,159,210,35.95,31.07,128.60335
2023-11-11,S002-P0002,Toys,81,72,28.4,31.07,108.62077
2023-11-12,S002-P0002,Toys,133,316,29.43,31.07,139.93758
2023-11-13,S002-P0002,Toys,85,228,33.64,31.07,103.044876
2023-11-14,S002-P0002,Toys,106,447,36.17,31.07,95.654175
2023-11-15,S002-P0002,Toys,133,323,27.98,31.07,116.34437
2023-11-16,S002-P0002,Toys,52,237,28.34,31.07,76.94508
2023-11-17,S002-P0002,Toys,54,455,27.06,31.07,82.30626
2023-11-18,S002-P0002,Toys,143,419,28.83,31.07,140.11812
2023-11-19,S002-P0002,Toys,26,248,24.23,31.07,96.63859
2023-11-20,S002-P0002,Toys,86,219,30.42,31.07,127.27489
2023-11-21,S002-P0002,Toys,98,134,31.73,31.07,77.82906
2023-11-22,S002-P0002,Toys,91,213,32.63,31.07,78.85322
2023-11-23,S002-P0002,Toys,88,118,32.32,31.07,93.04138
2023-11-24,S002-P0002,Toys,67,191,27.07,31.07,82.30626
2023-11-25,S002-P0002,Toys,128,146,34.83,31.07,108.62077
2023-11-26,S002-P0002,Toys,77,109,31.07,31.07,82.65826
2023-11-27,S002-P0002,Toys,110,273,34.82,31.07,103.044876
2023-11-28,S002-P0002,Toys,30,185,24.65,31.07,84.477905
2023-11-29,S002-P0002,Toys,133,354,39.32,31.07,85.9801
2023-11-30,S002-P0002,Toys,72,201,30.61,31.07,82.74381
2023-12-01,S002-P0002,Toys,107,409,27.23,31.07,125.64707
2023-12-02,S002-P0002,Toys,143,297,36.38,31.07,94.316536
2023-12-03,S002-P0002,Toys,90,161,32.59,31.07,85.996445
2023-12-04,S002-P0002,Toys,194,312,37.11,31.07,136.2544
2023-12-05,S002-P0002,Toys,102,136,33.93,31.07,102.09573
2023-12-06,S002-P0002,Toys,85,363,32.01,31.07,103.90928
2023-12-07,S002-P0002,Toys,69,271,30.26,31.07,101.75486
2023-12-08,S002-P0002,Toys,80,202,29.77,31.07,86.2513
2023-12-09,S002-P0002,Toys,106,148,32.54,31.07,102.74131
2023-12-10,S002-P0002,Toys,96,250,33.21,31.07,95.661125
2023-12-11,S002-P0002,Toys,115,151,35.37,31.07,85.97507
2023-12-12,S002-P0002,Toys,65,224,23.8,31.07,111.12257
2023-12-13,S002-P0002,Toys,99,361,31.79,31.07,102.93101
2023-12-14,S002-P0002,Toys,168,268,41.13,31.07,102.55291
2023-12-15,S002-P0002,Toys,147,126,34.97,31.07,104.75773
2023-12-16,S002-P0002,Toys,108,356,36.37,31.07,85.6817
2023-12-17,S002-P0002,Toys,122,242,36.07,31.07,85.996445
2023-12-18,S002-P0002,Toys,139,146,37.93,31.07,105.37
2023-12-19,S002-P0002,Toys,115,226,33.55,31.07,94.187744
2023-12-20,S002-P0002,Toys,130,433,31.4,31.07,111.950966
2023-12-21,S002-P0002,Toys,108,349,27.67,31.07,124.06776
2023-12-22,S002-P0002,Toys,200,250,40.01,31.07,126.63285
2023-12-23,S002-P0002,Toys,155,103,31.37,31.07,122.931435
2023-12-24,S002-P0002,Toys,142,437,30.21,31.07,125.82775
2023-12-25,S002-P0002,Toys,78,293,29.54,31.07,85.75013
2023-12-26,S002-P0002,Toys,75,209,30.92,31.07,102.09573
2023-12-27,S002-P0002,Toys,58,148,21.8,31.07,53.975075
2023-12-28,S002-P0002,Toys,29,232,19.37,31.07,41.486217
2023-12-29,S002-P0002,Toys,33,202,26.24,31.07,37.27384
2023-12-30,S002-P0002,Toys,41,172,28.55,31.07,32.449905
2023-12-31,S002-P0002,Toys,39,135,26.93,31.07,37.59381
2024-01-01,S002-P0002,Toys,48,193,24.97,31.07,45.510834
2024-01-02,S002-P0002,Toys,52,152,26.95,31.07,32.509617
2024-01-03,S002-P0002,Toys,7,99,18.43,31.07,45.422268
2024-01-04,S002-P0002,Toys,29,200,23.24,31.07,31.907711
2024-01-05,S002-P0002,Toys,30,172,25.92,31.07,30.278393
2024-01-06,S002-P0002,Toys,38,137,26.87,31.07,31.001644
2024-01-07,S002-P0002,Toys,25,106,20.07,31.07,51.165
2024-01-08,S002-P0002,Toys,20,162,24.78,31.07,32.97589
2024-01-09,S002-P0002,Toys,69,140,27.21,31.07,92.50549
2024-01-10,S002-P0002,Toys,134,77,35.46,31.07,83.90256
2024-01-11,S002-P0002,Toys,110,117,32.93,31.07,82.05426
2024-01-12,S002-P0002,Toys,117,329,33.71,31.07,94.5247
2024-01-13,S002-P0002,Toys,115,236,33.58,31.07,93.09438
2024-01-14,S002-P0002,Toys,145,166,40.71,31.07,95.02964
2024-01-15,S002-P0002,Toys,98,244,28.12,31.07,122.8191
2024-01-16,S002-P0002,Toys,127,178,32.98,31.07,109.258064
2024-01-17,S002-P0002,Toys,52,255,26.92,31.07,93.39811
2024-01-18,S002-P0002,Toys,73,194,32.34,31.07,100.81648
2024-01-19,S002-P0002,Toys,26,142,24.18,31.07,85.89596
2024-01-20,S002-P0002,Toys,60,282,26.16,31.07,133.58472
2024-01-21,S002-P0002,Toys,47,228,26.32,31.07,85.55374
2024-01-22,S002-P0002,Toys,56,189,28.76,31.07,84.17901
2024-01-23,S002-P0002,Toys,57,146,27.45,31.07,83.05958
2024-01-24,S002-P0002,Toys,80,231,28.29,31.07,134.06631
2024-01-25,S002-P0002,Toys,54,178,22.91,31.07,134.06935
2024-01-26,S002-P0002,Toys,111,287,31.25,31.07,134.99414
2024-01-27,S002-P0002,Toys,196,217,35.45,31.07,134.00816
2024-01-28,S002-P0002,Toys,104,290,30.74,31.07,94.522224
2024-01-29,S002-P0002,Toys,69,583,27.26,31.07,84.31686
2024-01-30,S002-P0002,Toys,78,515,28.08,31.07,83.05958
2023-10-03,S002-P0003,Groceries,93,328,71.73,79.725,98.88012
2023-10-04,S002-P0003,Groceries,107,239,87.84,79.725,99.29555
2023-10-05,S002-P0003,Groceries,175,591,85.67,79.725,161.15405
2023-10-06,S002-P0003,Groceries,142,397,78.79,79.725,131.04987
2023-10-07,S002-P0003,Groceries,40,244,65.58,79.725,64.51065
2023-10-08,S002-P0003,Groceries,157,220,96.81,79.725,81.84174
2023-10-09,S002-P0003,Groceries,187,588,78.65,79.725,93.975716
2023-10-10,S002-P0003,Groceries,123,462,83.44,79.725,72.78375
2023-10-11,S002-P0003,Groceries,68,344,69.09,79.725,85.05483
2023-10-12,S002-P0003,Groceries,83,785,80.95,79.725,80.85691
2023-10-13,S002-P0003,Groceries,77,717,67.77,79.725,67.5112
2023-10-14,S002-P0003,Groceries,18,670,59.6,79.725,65.41627
2023-10-15,S002-P0003,Groceries,110,655,75.69,79.725,75.269646
2023-10-16,S002-P0003,Groceries,62,573,67.49,79.725,72.76329
2023-10-17,S002-P0003,Groceries,71,524,58.22,79.725,84.25526
2023-10-18,S002-P0003,Groceries,60,474,63.8,79.725,94.399414
2023-10-19,S002-P0003,Groceries,89,411,62.8,79.725,84.5447
2023-10-20,S002-P0003,Groceries,49,342,64.5,79.725,66.80953
2023-10-21,S002-P0003,Groceries,109,283,79.68,79.725,72.84212
2023-10-22,S002-P0003,Groceries,98,178,77.0,79.725,81.84174
2023-10-23,S002-P0003,Groceries,114,104,72.6,79.725,102.99298
2023-10-24,S002-P0003,Groceries,114,337,80.97,79.725,80.38861
2023-10-25,S002-P0003,Groceries,113,203,71.54,79.725,129.11371
2023-10-26,S002-P0003,Groceries,45,129,66.83,79.725,111.42211
2023-10-27,S002-P0003,Groceries,83,480,72.88,79.725,111.73167
2023-10-28,S002-P0003,Groceries,68,425,65.62,79.725,123.7768
2023-10-29,S002-P0003,Groceries,128,344,88.94,79.725,113.35272
2023-10-30,S002-P0003,Groceries,69,254,73.18,79.725,112.37251
2023-10-31,S002-P0003,Groceries,76,193,67.7,79.725,98.88012
2023-11-01,S002-P0003,Groceries,99,579,81.32,79.725,111.08148
2023-11-02,S002-P0003,Groceries,74,468,74.52,79.725,124.21135
2023-11-03,S002-P0003,Groceries,48,394,60.87,79.725,112.55819
2023-11-04,S002-P0003,Groceries,119,343,91.13,79.725,95.59586
2023-11-05,S002-P0003,Groceries,4,218,55.92,79.725,99.09492
2023-11-06,S002-P0003,Groceries,90,215,62.31,79.725,132.76567
2023-11-07,S002-P0003,Groceries,117,507,81.76,79.725,124.39199
2023-11-08,S002-P0003,Groceries,191,421,79.39,79.725,132.33545
2023-11-09,S002-P0003,Groceries,61,259,74.89,79.725,96.71101
2023-11-10,S002-P0003,Groceries,89,205,74.39,79.725,112.55819
2023-11-11,S002-P0003,Groceries,115,673,77.06,79.725,131.23494
2023-11-12,S002-P0003,Groceries,140,546,83.02,79.725,166.81361
2023-11-13,S002-P0003,Groceries,91,421,79.17,79.725,122.311516
2023-11-14,S002-P0003,Groceries,119,325,69.41,79.725,151.71512
2023-11-15,S002-P0003,Groceries,159,187,87.15,79.725,135.42018
2023-11-16,S002-P0003,Groceries,117,23,77.38,79.725,97.5684
2023-11-17,S002-P0003,Groceries,137,338,86.82,79.725,96.478355
2023-11-18,S002-P0003,Groceries,103,692,61.68,79.725,168.32193
2023-11-19,S002-P0003,Groceries,184,621,92.98,79.725,149.50671
2023-11-20,S002-P0003,Groceries,84,468,77.29,79.725,107.77454
2023-11-21,S002-P0003,Groceries,123,370,92.35,79.725,95.30425
2023-11-22,S002-P0003,Groceries,76,227,75.01,79.725,96.41159
2023-11-23,S002-P0003,Groceries,110,150,79.9,79.725,153.1138
2023-11-24,S002-P0003,Groceries,93,345,71.81,79.725,95.662056
2023-11-25,S002-P0003,Groceries,119,247,77.88,79.725,95.68772
2023-11-26,S002-P0003,Groceries,91,145,71.21,79.725,97.214905
2023-11-27,S002-P0003,Groceries,170,70,95.08,79.725,166.83336
2023-11-28,S002-P0003,Groceries,82,424,72.57,79.725,96.69308
2023-11-29,S002-P0003,Groceries,124,327,83.31,79.725,97.538605
2023-11-30,S002-P0003,Groceries,91,691,75.23,79.725,96.87136
2023-12-01,S002-P0003,Groceries,121,608,74.18,79.725,147.02332
2023-12-02,S002-P0003,Groceries,179,471,86.57,79.725,146.54948
2023-12-03,S002-P0003,Groceries,72,294,73.98,79.725,95.51058
2023-12-04,S002-P0003,Groceries,135,234,90.8,79.725,121.29382
2023-12-05,S002-P0003,Groceries,82,671,76.76,79.725,123.39578
2023-12-06,S002-P0003,Groceries,193,610,95.17,79.725,160.79799
2023-12-07,S002-P0003,Groceries,99,397,81.15,79.725,119.7359
2023-12-08,S002-P0003,Groceries,117,289,86.03,79.725,95.83726
2023-12-09,S002-P0003,Groceries,146,890,84.57,79.725,162.32457
2023-12-10,S002-P0003,Groceries,154,800,90.85,79.725,147.98116
2023-12-11,S002-P0003,Groceries,95,682,75.92,79.725,99.99209
2023-12-12,S002-P0003,Groceries,104,618,70.14,79.725,129.6322
2023-12-13,S002-P0003,Groceries,62,537,67.73,79.725,123.62945
2023-12-14,S002-P0003,Groceries,102,471,86.4,79.725,120.400604
2023-12-15,S002-P0003,Groceries,91,407,83.23,79.725,123.46061
2023-12-16,S002-P0003,Groceries,145,319,84.17,79.725,130.88324
2023-12-17,S002-P0003,Groceries,66,185,76.15,79.725,95.51058
2023-12-18,S002-P0003,Groceries,154,136,76.82,79.725,156.77956
2023-12-19,S002-P0003,Groceries,116,492,76.83,79.725,146.69296
2023-12-20,S002-P0003,Groceries,118,379,86.46,79.725,98.400185
2023-12-21,S002-P0003,Groceries,147,270,94.14,79.725,109.204124
2023-12-22,S002-P0003,Groceries,91,134,74.9,79.725,110.490364
2023-12-23,S002-P0003,Groceries,144,406,88.72,79.725,112.44767
2023-12-24,S002-P0003,Groceries,69,240,69.64,79.725,109.999054
2023-12-25,S002-P0003,Groceries,95,189,72.08,79.725,99.99209
2023-12-26,S002-P0003,Groceries,50,537,71.63,79.725,123.39578
2023-12-27,S002-P0003,Groceries,74,502,55.93,79.725,111.71986
2023-12-28,S002-P0003,Groceries,69,437,65.9,79.725,69.23845
2023-12-29,S002-P0003,Groceries,89,394,74.6,79.725,84.10868
2023-12-30,S002-P0003,Groceries,14,309,55.7,79.725,76.2957
2023-12-31,S002-P0003,Groceries,34,297,67.16,79.725,86.10717
2024-01-01,S002-P0003,Groceries,91,261,75.17,79.725,76.32205
2024-01-02,S002-P0003,Groceries,127,157,88.88,79.725,84.98265
2024-01-03,S002-P0003,Groceries,119,30,91.08,79.725,76.812775
2024-01-04,S002-P0003,Groceries,93,313,79.76,79.725,87.19467
2024-01-05,S002-P0003,Groceries,89,202,66.27,79.725,100.96572
2024-01-06,S002-P0003,Groceries,94,559,67.9,79.725,100.928276
2024-01-07,S002-P0003,Groceries,72,496,66.71,79.725,85.32498
2024-01-08,S002-P0003,Groceries,66,451,64.92,79.725,110.852806
2024-01-09,S002-P0003,Groceries,50,403,71.81,79.725,109.70347
2024-01-10,S002-P0003,Groceries,148,358,84.34,79.725,132.89925
2024-01-11,S002-P0003,Groceries,193,236,79.87,79.725,129.92361
2024-01-12,S002-P0003,Groceries,47,68,63.89,79.725,109.56922
2024-01-13,S002-P0003,Groceries,72,402,73.95,79.725,110.07408
2024-01-14,S002-P0003,Groceries,76,904,79.11,79.725,110.60844
2024-01-15,S002-P0003,Groceries,62,838,71.34,79.725,109.88395
2024-01-16,S002-P0003,Groceries,95,786,71.71,79.725,132.28981
2024-01-17,S002-P0003,Groceries,77,716,71.66,79.725,109.795135
2024-01-18,S002-P0003,Groceries,101,641,81.94,79.725,119.395584
2024-01-19,S002-P0003,Groceries,100,524,68.68,79.725,130.96027
2024-01-20,S002-P0003,Groceries,38,442,58.51,79.725,121.33491
2024-01-21,S002-P0003,Groceries,82,407,80.9,79.725,97.9321
2024-01-22,S002-P0003,Groceries,168,328,79.69,79.725,130.02501
2024-01-23,S002-P0003,Groceries,110,212,88.72,79.725,97.49305
2024-01-24,S002-P0003,Groceries,60,144,56.59,79.725,160.2488
2024-01-25,S002-P0003,Groceries,78,523,71.68,79.725,118.37379
2024-01-26,S002-P0003,Groceries,159,431,87.6,79.725,121.54437
2024-01-27,S002-P0003,Groceries,143,322,88.5,79.725,122.12513
2024-01-28,S002-P0003,Groceries,170,168,79.16,79.725,145.76674
2024-01-29,S002-P0003,Groceries,102,481,82.18,79.725,97.14718
2024-01-30,S002-P0003,Groceries,79,388,72.2,79.725,96.94961
2023-10-03,S002-P0004,Groceries,88,280,40.74,41.235,98.29951
2023-10-04,S002-P0004,Groceries,216,189,46.91,41.235,129.59944
2023-10-05,S002-P0004,Groceries,138,366,47.82,41.235,124.51035
2023-10-06,S002-P0004,Groceries,44,223,31.19,41.235,99.70977
2023-10-07,S002-P0004,Groceries,54,705,32.31,41.235,84.02294
2023-10-08,S002-P0004,Groceries,103,657,42.96,41.235,81.84174
2023-10-09,S002-P0004,Groceries,87,575,36.59,41.235,72.76329
2023-10-10,S002-P0004,Groceries,62,514,35.34,41.235,72.78375
2023-10-11,S002-P0004,Groceries,35,459,28.12,41.235,84.985985
2023-10-12,S002-P0004,Groceries,80,436,35.77,41.235,81.07953
2023-10-13,S002-P0004,Groceries,82,380,37.82,41.235,85.722206
2023-10-14,S002-P0004,Groceries,54,324,34.17,41.235,65.278175
2023-10-15,S002-P0004,Groceries,63,282,35.45,41.235,75.25969
2023-10-16,S002-P0004,Groceries,78,218,39.38,41.235,72.47127
2023-10-17,S002-P0004,Groceries,59,153,27.61,41.235,84.25526
2023-10-18,S002-P0004,Groceries,13,88,24.32,41.235,93.96435
2023-10-19,S002-P0004,Groceries,121,269,40.66,41.235,84.49822
2023-10-20,S002-P0004,Groceries,93,142,37.29,41.235,84.66508
2023-10-21,S002-P0004,Groceries,76,72,35.27,41.235,72.82696
2023-10-22,S002-P0004,Groceries,127,319,43.98,41.235,81.84174
2023-10-23,S002-P0004,Groceries,58,222,38.57,41.235,79.6497
2023-10-24,S002-P0004,Groceries,114,186,46.76,41.235,80.354294
2023-10-25,S002-P0004,Groceries,44,429,32.88,41.235,96.790276
2023-10-26,S002-P0004,Groceries,123,381,43.25,41.235,111.67096
2023-10-27,S002-P0004,Groceries,139,238,47.96,41.235,112.08999
2023-10-28,S002-P0004,Groceries,174,133,44.42,41.235,159.2866
2023-10-29,S002-P0004,Groceries,124,357,45.85,41.235,112.79688
2023-10-30,S002-P0004,Groceries,123,229,45.65,41.235,112.37251
2023-10-31,S002-P0004,Groceries,26,599,32.16,41.235,98.29348
2023-11-01,S002-P0004,Groceries,149,571,39.41,41.235,152.28423
2023-11-02,S002-P0004,Groceries,147,453,46.4,41.235,124.861855
2023-11-03,S002-P0004,Groceries,73,357,38.65,41.235,114.48339
2023-11-04,S002-P0004,Groceries,179,279,47.9,41.235,130.84863
2023-11-05,S002-P0004,Groceries,87,560,34.25,41.235,130.73587
2023-11-06,S002-P0004,Groceries,118,464,47.33,41.235,95.836235
2023-11-07,S002-P0004,Groceries,102,362,40.65,41.235,124.39199
2023-11-08,S002-P0004,Groceries,136,280,37.5,41.235,132.33545
2023-11-09,S002-P0004,Groceries,59,171,36.74,41.235,97.00417
2023-11-10,S002-P0004,Groceries,117,492,47.19,41.235,114.48339
2023-11-11,S002-P0004,Groceries,165,360,41.2,41.235,130.57991
2023-11-12,S002-P0004,Groceries,98,194,42.15,41.235,128.43907
2023-11-13,S002-P0004,Groceries,106,95,45.65,41.235,123.04159
2023-11-14,S002-P0004,Groceries,166,515,51.73,41.235,110.41955
2023-11-15,S002-P0004,Groceries,110,375,46.22,41.235,98.05732
2023-11-16,S002-P0004,Groceries,129,300,44.17,41.235,97.00417
2023-11-17,S002-P0004,Groceries,149,654,46.8,41.235,96.478355
2023-11-18,S002-P0004,Groceries,123,516,34.28,41.235,168.32193
2023-11-19,S002-P0004,Groceries,87,387,32.16,41.235,148.58128
2023-11-20,S002-P0004,Groceries,97,314,44.2,41.235,108.1401
2023-11-21,S002-P0004,Groceries,126,205,41.53,41.235,95.79191
2023-11-22,S002-P0004,Groceries,133,105,47.13,41.235,96.46242
2023-11-23,S002-P0004,Groceries,139,233,42.82,41.235,153.27141
2023-11-24,S002-P0004,Groceries,164,478,48.75,41.235,132.253
2023-11-25,S002-P0004,Groceries,114,359,44.38,41.235,95.59586
2023-11-26,S002-P0004,Groceries,73,256,36.8,41.235,97.93455
2023-11-27,S002-P0004,Groceries,112,660,39.69,41.235,122.31095
2023-11-28,S002-P0004,Groceries,134,571,35.41,41.235,135.3679
2023-11-29,S002-P0004,Groceries,74,439,34.92,41.235,97.538605
2023-11-30,S002-P0004,Groceries,39,374,33.93,41.235,96.79189
2023-12-01,S002-P0004,Groceries,168,345,41.54,41.235,145.70264
2023-12-02,S002-P0004,Groceries,54,212,34.18,41.235,112.29568
2023-12-03,S002-P0004,Groceries,114,155,42.2,41.235,95.14565
2023-12-04,S002-P0004,Groceries,102,622,38.49,41.235,120.47927
2023-12-05,S002-P0004,Groceries,208,504,54.47,41.235,161.22023
2023-12-06,S002-P0004,Groceries,125,320,34.5,41.235,158.84862
2023-12-07,S002-P0004,Groceries,137,201,45.29,41.235,119.7359
2023-12-08,S002-P0004,Groceries,74,754,36.79,41.235,95.09001
2023-12-09,S002-P0004,Groceries,168,704,49.4,41.235,123.44962
2023-12-10,S002-P0004,Groceries,154,505,52.61,41.235,111.21606
2023-12-11,S002-P0004,Groceries,136,400,35.65,41.235,127.83935
2023-12-12,S002-P0004,Groceries,131,265,36.92,41.235,129.1306
2023-12-13,S002-P0004,Groceries,114,613,42.25,41.235,123.91587
2023-12-14,S002-P0004,Groceries,110,492,43.88,41.235,120.400604
2023-12-15,S002-P0004,Groceries,116,423,42.32,41.235,120.75465
2023-12-16,S002-P0004,Groceries,141,302,40.63,41.235,129.96622
2023-12-17,S002-P0004,Groceries,146,145,48.91,41.235,95.14565
2023-12-18,S002-P0004,Groceries,92,400,39.18,41.235,120.47927
2023-12-19,S002-P0004,Groceries,54,307,37.97,41.235,112.02128
2023-12-20,S002-P0004,Groceries,93,612,43.7,41.235,98.400185
2023-12-21,S002-P0004,Groceries,150,539,44.55,41.235,109.23435
2023-12-22,S002-P0004,Groceries,178,422,42.08,41.235,144.56068
2023-12-23,S002-P0004,Groceries,135,209,47.37,41.235,112.867226
2023-12-24,S002-P0004,Groceries,205,59,45.68,41.235,145.38272
2023-12-25,S002-P0004,Groceries,112,555,39.52,41.235,128.75851
2023-12-26,S002-P0004,Groceries,99,474,38.12,41.235,122.59497
2023-12-27,S002-P0004,Groceries,79,1033,41.56,41.235,85.085686
2023-12-28,S002-P0004,Groceries,58,967,27.47,41.235,91.40336
2023-12-29,S002-P0004,Groceries,73,899,38.69,41.235,84.10868
2023-12-30,S002-P0004,Groceries,90,819,39.03,41.235,76.2957
2023-12-31,S002-P0004,Groceries,69,763,38.15,41.235,86.10717
2024-01-01,S002-P0004,Groceries,75,708,38.93,41.235,77.367096
2024-01-02,S002-P0004,Groceries,94,659,41.64,41.235,84.98265
2024-01-03,S002-P0004,Groceries,86,561,40.59,41.235,76.812775
2024-01-04,S002-P0004,Groceries,52,507,37.6,41.235,87.19467
2024-01-05,S002-P0004,Groceries,72,464,38.52,41.235,76.80715
2024-01-06,S002-P0004,Groceries,32,382,33.01,41.235,77.141945
2024-01-07,S002-P0004,Groceries,105,350,43.14,41.235,87.1322
2024-01-08,S002-P0004,Groceries,45,254,29.37,41.235,110.431755
2024-01-09,S002-P0004,Groceries,142,216,48.39,41.235,109.70347
2024-01-10,S002-P0004,Groceries,150,424,46.84,41.235,97.65992
2024-01-11,S002-P0004,Groceries,111,298,33.04,41.235,129.92361
2024-01-12,S002-P0004,Groceries,98,227,35.51,41.235,146.9333
2024-01-13,S002-P0004,Groceries,72,659,34.67,41.235,109.72761
2024-01-14,S002-P0004,Groceries,111,597,34.72,41.235,145.76674
2024-01-15,S002-P0004,Groceries,139,466,45.42,41.235,109.03035
2024-01-16,S002-P0004,Groceries,208,367,54.52,41.235,133.35707
2024-01-17,S002-P0004,Groceries,87,230,42.76,41.235,110.271065
2024-01-18,S002-P0004,Groceries,188,618,41.02,41.235,157.78566
2024-01-19,S002-P0004,Groceries,152,458,49.75,41.235,97.50291
2024-01-20,S002-P0004,Groceries,235,291,48.36,41.235,159.62004
2024-01-21,S002-P0004,Groceries,181,760,50.88,41.235,133.13388
2024-01-22,S002-P0004,Groceries,108,556,41.27,41.235,96.85114
2024-01-23,S002-P0004,Groceries,123,427,45.63,41.235,96.94961
2024-01-24,S002-P0004,Groceries,128,332,46.31,41.235,121.635155
2024-01-25,S002-P0004,Groceries,109,236,41.51,41.235,118.7964
2024-01-26,S002-P0004,Groceries,122,531,34.13,41.235,158.84755
2024-01-27,S002-P0004,Groceries,111,454,41.75,41.235,121.33491
2024-01-28,S002-P0004,Groceries,124,328,38.55,41.235,146.72095
2024-01-29,S002-P0004,Groceries,139,250,45.5,41.235,97.14718
2024-01-30,S002-P0004,Groceries,73,129,36.61,41.235,96.95573
2023-10-03,S002-P0005,Electronics,106,227,76.81,86.265,111.053856
2023-10-04,S002-P0005,Electronics,63,110,82.61,86.265,85.72558
2023-10-05,S002-P0005,Electronics,81,376,92.82,86.265,104.28657
2023-10-06,S002-P0005,Electronics,100,284,84.76,86.265,87.574745
2023-10-07,S002-P0005,Electronics,39,217,71.5,86.265,45.75562
2023-10-08,S002-P0005,Electronics,41,172,79.98,86.265,57.70031
2023-10-09,S002-P0005,Electronics,51,519,70.59,86.265,66.927025
2023-10-10,S002-P0005,Electronics,78,468,65.58,86.265,68.82116
2023-10-11,S002-P0005,Electronics,30,388,68.77,86.265,47.10314
2023-10-12,S002-P0005,Electronics,72,354,81.03,86.265,77.56771
2023-10-13,S002-P0005,Electronics,66,283,75.23,86.265,60.029617
2023-10-14,S002-P0005,Electronics,68,205,67.32,86.265,60.39585
2023-10-15,S002-P0005,Electronics,45,132,77.26,86.265,52.549004
2023-10-16,S002-P0005,Electronics,79,364,82.9,86.265,66.43104
2023-10-17,S002-P0005,Electronics,44,278,76.67,86.265,46.135574
2023-10-18,S002-P0005,Electronics,28,226,68.2,86.265,52.63195
2023-10-19,S002-P0005,Electronics,47,201,73.66,86.265,48.91532
2023-10-20,S002-P0005,Electronics,26,522,64.1,86.265,47.111683
2023-10-21,S002-P0005,Electronics,38,497,74.84,86.265,51.734573
2023-10-22,S002-P0005,Electronics,42,459,57.12,86.265,76.78554
2023-10-23,S002-P0005,Electronics,88,428,76.72,86.265,75.04937
2023-10-24,S002-P0005,Electronics,93,358,82.35,86.265,76.29836
2023-10-25,S002-P0005,Electronics,70,299,76.47,86.265,87.19362
2023-10-26,S002-P0005,Electronics,140,225,100.97,86.265,94.65699
2023-10-27,S002-P0005,Electronics,90,385,90.99,86.265,95.335365
2023-10-28,S002-P0005,Electronics,123,318,101.06,86.265,106.12455
2023-10-29,S002-P0005,Electronics,114,176,103.49,86.265,95.755806
2023-10-30,S002-P0005,Electronics,46,713,69.72,86.265,96.15905
2023-10-31,S002-P0005,Electronics,101,668,94.4,86.265,85.26894
2023-11-01,S002-P0005,Electronics,143,598,85.84,86.265,129.01225
2023-11-02,S002-P0005,Electronics,83,427,84.34,86.265,102.78425
2023-11-03,S002-P0005,Electronics,77,360,65.25,86.265,125.15665
2023-11-04,S002-P0005,Electronics,149,287,91.91,86.265,111.58825
2023-11-05,S002-P0005,Electronics,179,860,112.3,86.265,110.12223
2023-11-06,S002-P0005,Electronics,99,668,84.32,86.265,83.84031
2023-11-07,S002-P0005,Electronics,97,593,93.26,86.265,106.00244
2023-11-08,S002-P0005,Electronics,94,505,92.28,86.265,84.40287
2023-11-09,S002-P0005,Electronics,93,419,87.21,86.265,81.06608
2023-11-10,S002-P0005,Electronics,18,341,61.94,86.265,96.97734
2023-11-11,S002-P0005,Electronics,113,327,103.35,86.265,84.41314
2023-11-12,S002-P0005,Electronics,158,249,106.51,86.265,106.21375
2023-11-13,S002-P0005,Electronics,107,552,86.04,86.265,138.09875
2023-11-14,S002-P0005,Electronics,180,477,88.99,86.265,129.0556
2023-11-15,S002-P0005,Electronics,46,303,73.64,86.265,85.51206
2023-11-16,S002-P0005,Electronics,116,852,99.14,86.265,81.48378
2023-11-17,S002-P0005,Electronics,114,768,98.34,86.265,87.13104
2023-11-18,S002-P0005,Electronics,83,646,80.08,86.265,105.56727
2023-11-19,S002-P0005,Electronics,143,594,101.57,86.265,124.44465
2023-11-20,S002-P0005,Electronics,124,457,81.17,86.265,125.43497
2023-11-21,S002-P0005,Electronics,66,368,83.59,86.265,83.77389
2023-11-22,S002-P0005,Electronics,112,314,88.04,86.265,84.17204
2023-11-23,S002-P0005,Electronics,138,835,94.57,86.265,126.23915
2023-11-24,S002-P0005,Electronics,85,735,80.49,86.265,86.41355
2023-11-25,S002-P0005,Electronics,54,653,63.87,86.265,111.58825
2023-11-26,S002-P0005,Electronics,85,616,94.09,86.265,88.21213
2023-11-27,S002-P0005,Electronics,142,526,112.69,86.265,103.50992
2023-11-28,S002-P0005,Electronics,51,434,74.95,86.265,83.931435
2023-11-29,S002-P0005,Electronics,85,397,84.9,86.265,85.51206
2023-11-30,S002-P0005,Electronics,143,334,96.73,86.265,82.05424
2023-12-01,S002-P0005,Electronics,119,813,84.12,86.265,120.195915
2023-12-02,S002-P0005,Electronics,97,732,93.15,86.265,95.27853
2023-12-03,S002-P0005,Electronics,61,620,82.09,86.265,83.0693
2023-12-04,S002-P0005,Electronics,114,552,93.56,86.265,103.48844
2023-12-05,S002-P0005,Electronics,163,425,102.2,86.265,132.1247
2023-12-06,S002-P0005,Electronics,145,291,102.18,86.265,106.005974
2023-12-07,S002-P0005,Electronics,63,151,87.15,86.265,102.03623
2023-12-08,S002-P0005,Electronics,86,112,80.75,86.265,83.5436
2023-12-09,S002-P0005,Electronics,75,724,77.67,86.265,105.5752
2023-12-10,S002-P0005,Electronics,97,651,93.27,86.265,93.61358
2023-12-11,S002-P0005,Electronics,63,554,78.51,86.265,86.41082
2023-12-12,S002-P0005,Electronics,86,502,76.29,86.265,108.3799
2023-12-13,S002-P0005,Electronics,103,445,100.14,86.265,105.23334
2023-12-14,S002-P0005,Electronics,184,342,102.15,86.265,130.12997
2023-12-15,S002-P0005,Electronics,147,192,91.55,86.265,131.95448
2023-12-16,S002-P0005,Electronics,82,85,79.68,86.265,108.843925
2023-12-17,S002-P0005,Electronics,84,381,66.75,86.265,107.40136
2023-12-18,S002-P0005,Electronics,137,1075,100.23,86.265,103.48844
2023-12-19,S002-P0005,Electronics,101,939,79.44,86.265,120.96463
2023-12-20,S002-P0005,Electronics,122,859,95.86,86.265,85.85691
2023-12-21,S002-P0005,Electronics,110,745,102.17,86.265,93.63175
2023-12-22,S002-P0005,Electronics,157,675,94.87,86.265,120.16372
2023-12-23,S002-P0005,Electronics,99,496,89.15,86.265,95.73471
2023-12-24,S002-P0005,Electronics,139,400,111.77,86.265,92.97151
2023-12-25,S002-P0005,Electronics,91,289,86.63,86.265,87.22978
2023-12-26,S002-P0005,Electronics,63,773,82.68,86.265,104.50919
2023-12-27,S002-P0005,Electronics,54,725,71.78,86.265,57.80781
2023-12-28,S002-P0005,Electronics,72,683,72.68,86.265,62.56835
2023-12-29,S002-P0005,Electronics,71,604,85.19,86.265,56.188057
2023-12-30,S002-P0005,Electronics,47,546,69.87,86.265,52.14321
2023-12-31,S002-P0005,Electronics,44,516,69.12,86.265,55.627285
2024-01-01,S002-P0005,Electronics,55,472,84.38,86.265,48.943584
2024-01-02,S002-P0005,Electronics,54,437,72.03,86.265,77.21062
2024-01-03,S002-P0005,Electronics,97,393,73.59,86.265,68.23786
2024-01-04,S002-P0005,Electronics,39,284,71.36,86.265,55.5542
2024-01-05,S002-P0005,Electronics,75,258,73.44,86.265,66.44706
2024-01-06,S002-P0005,Electronics,42,191,72.45,86.265,50.010914
2024-01-07,S002-P0005,Electronics,57,497,76.83,86.265,54.51654
2024-01-08,S002-P0005,Electronics,93,442,91.85,86.265,53.760323
2024-01-09,S002-P0005,Electronics,115,373,98.71,86.265,93.90601
2024-01-10,S002-P0005,Electronics,74,271,81.41,86.265,84.51868
2024-01-11,S002-P0005,Electronics,81,213,83.71,86.265,83.34614
2024-01-12,S002-P0005,Electronics,103,586,85.54,86.265,93.26162
2024-01-13,S002-P0005,Electronics,30,487,65.17,86.265,94.633644
2024-01-14,S002-P0005,Electronics,99,462,88.91,86.265,92.47386
2024-01-15,S002-P0005,Electronics,63,346,82.57,86.265,92.85236
2024-01-16,S002-P0005,Electronics,115,286,77.99,86.265,110.39103
2024-01-17,S002-P0005,Electronics,113,167,98.17,86.265,94.824394
2024-01-18,S002-P0005,Electronics,37,374,70.61,86.265,100.95834
2024-01-19,S002-P0005,Electronics,115,348,88.89,86.265,109.15711
2024-01-20,S002-P0005,Electronics,199,224,98.39,86.265,134.12071
2024-01-21,S002-P0005,Electronics,88,601,85.69,86.265,108.76353
2024-01-22,S002-P0005,Electronics,79,517,87.7,86.265,84.130585
2024-01-23,S002-P0005,Electronics,95,460,87.64,86.265,83.73839
2024-01-24,S002-P0005,Electronics,77,1218,77.82,86.265,134.53708
2024-01-25,S002-P0005,Electronics,133,1130,104.22,86.265,100.69094
2024-01-26,S002-P0005,Electronics,175,992,98.74,86.265,132.57161
2024-01-27,S002-P0005,Electronics,132,862,83.2,86.265,134.13145
2024-01-28,S002-P0005,Electronics,101,728,94.35,86.265,92.1422
2024-01-29,S002-P0005,Electronics,68,625,88.55,86.265,83.9975
2024-01-30,S002-P0005,Electronics,138,552,105.91,86.265,83.3854
2023-10-03,S002-P0006,Clothing,98,75,59.56,63.71,88.091415
2023-10-04,S002-P0006,Clothing,129,105,57.62,63.71,115.78327
2023-10-05,S002-P0006,Clothing,15,138,45.64,63.71,107.852104
2023-10-06,S002-P0006,Clothing,58,127,57.54,63.71,88.72931
2023-10-07,S002-P0006,Clothing,70,64,60.08,63.71,86.94869
2023-10-08,S002-P0006,Clothing,84,70,66.57,63.71,104.29052
2023-10-09,S002-P0006,Clothing,125,72,68.29,63.71,93.12794
2023-10-10,S002-P0006,Clothing,114,146,58.73,63.71,117.92576
2023-10-11,S002-P0006,Clothing,119,113,56.72,63.71,107.94779
2023-10-12,S002-P0006,Clothing,152,146,70.31,63.71,102.67009
2023-10-13,S002-P0006,Clothing,63,166,58.67,63.71,86.804665
2023-10-14,S002-P0006,Clothing,118,115,52.89,63.71,108.144325
2023-10-15,S002-P0006,Clothing,117,137,70.33,63.71,95.68351
2023-10-16,S002-P0006,Clothing,147,174,64.83,63.71,116.69437
2023-10-17,S002-P0006,Clothing,114,177,69.62,63.71,87.08305
2023-10-18,S002-P0006,Clothing,96,98,56.0,63.71,118.13389
2023-10-19,S002-P0006,Clothing,70,101,50.68,63.71,108.70244
2023-10-20,S002-P0006,Clothing,62,111,55.37,63.71,88.05123
2023-10-21,S002-P0006,Clothing,111,44,69.11,63.71,93.67112
2023-10-22,S002-P0006,Clothing,77,104,58.43,63.71,130.32018
2023-10-23,S002-P0006,Clothing,72,82,57.33,63.71,127.5158
2023-10-24,S002-P0006,Clothing,114,97,69.83,63.71,102.23706
2023-10-25,S002-P0006,Clothing,142,147,63.8,63.71,118.28415
2023-10-26,S002-P0006,Clothing,93,134,65.13,63.71,98.42836
2023-10-27,S002-P0006,Clothing,127,133,76.43,63.71,97.42606
2023-10-28,S002-P0006,Clothing,142,153,72.1,63.71,107.92329
2023-10-29,S002-P0006,Clothing,45,133,51.93,63.71,97.7213
2023-10-30,S002-P0006,Clothing,78,86,61.76,63.71,97.586296
2023-10-31,S002-P0006,Clothing,108,126,65.0,63.71,88.23533
2023-11-01,S002-P0006,Clothing,145,116,76.43,63.71,98.02802
2023-11-02,S002-P0006,Clothing,163,131,80.41,63.71,109.37458
2023-11-03,S002-P0006,Clothing,99,200,66.44,63.71,98.29189
2023-11-04,S002-P0006,Clothing,60,131,57.94,63.71,87.839455
2023-11-05,S002-P0006,Clothing,141,93,71.78,63.71,91.26138
2023-11-06,S002-P0006,Clothing,87,116,60.55,63.71,89.019905
2023-11-07,S002-P0006,Clothing,137,132,67.23,63.71,108.62586
2023-11-08,S002-P0006,Clothing,80,170,62.28,63.71,88.10995
2023-11-09,S002-P0006,Clothing,98,114,56.3,63.71,118.4827
2023-11-10,S002-P0006,Clothing,105,134,53.42,63.71,126.40986
2023-11-11,S002-P0006,Clothing,127,134,65.27,63.71,87.86211
2023-11-12,S002-P0006,Clothing,194,173,82.53,63.71,140.8459
2023-11-13,S002-P0006,Clothing,176,223,62.51,63.71,139.61128
2023-11-14,S002-P0006,Clothing,56,228,57.05,63.71,98.55558
2023-11-15,S002-P0006,Clothing,70,167,47.42,63.71,115.96081
2023-11-16,S002-P0006,Clothing,91,88,64.77,63.71,90.57023
2023-11-17,S002-P0006,Clothing,85,107,57.02,63.71,115.99612
2023-11-18,S002-P0006,Clothing,88,80,51.31,63.71,142.09348
2023-11-19,S002-P0006,Clothing,100,82,63.22,63.71,98.411575
2023-11-20,S002-P0006,Clothing,164,120,72.55,63.71,98.06367
2023-11-21,S002-P0006,Clothing,84,171,63.21,63.71,88.40136
2023-11-22,S002-P0006,Clothing,143,76,72.12,63.71,116.93852
2023-11-23,S002-P0006,Clothing,65,119,55.95,63.71,98.58924
2023-11-24,S002-P0006,Clothing,74,46,54.89,63.71,89.57157
2023-11-25,S002-P0006,Clothing,133,81,77.68,63.71,88.06627
2023-11-26,S002-P0006,Clothing,42,134,56.7,63.71,91.82447
2023-11-27,S002-P0006,Clothing,140,84,59.62,63.71,139.61128
2023-11-28,S002-P0006,Clothing,77,161,49.36,63.71,115.8295
2023-11-29,S002-P0006,Clothing,69,79,53.89,63.71,86.90827
2023-11-30,S002-P0006,Clothing,73,73,60.82,63.71,88.589
2023-12-01,S002-P0006,Clothing,124,96,71.9,63.71,116.446846
2023-12-02,S002-P0006,Clothing,161,133,80.1,63.71,116.62087
2023-12-03,S002-P0006,Clothing,137,187,67.19,63.71,133.66136
2023-12-04,S002-P0006,Clothing,80,25,62.19,63.71,127.87088
2023-12-05,S002-P0006,Clothing,158,85,71.34,63.71,127.992645
2023-12-06,S002-P0006,Clothing,86,157,50.24,63.71,160.84775
2023-12-07,S002-P0006,Clothing,161,65,71.66,63.71,160.38957
2023-12-08,S002-P0006,Clothing,176,129,66.64,63.71,132.50867
2023-12-09,S002-P0006,Clothing,146,221,60.53,63.71,161.32213
2023-12-10,S002-P0006,Clothing,115,55,69.96,63.71,116.05706
2023-12-11,S002-P0006,Clothing,125,100,65.0,63.71,106.859116
2023-12-12,S002-P0006,Clothing,100,146,53.34,63.71,134.6089
2023-12-13,S002-P0006,Clothing,140,128,75.41,63.71,128.30147
2023-12-14,S002-P0006,Clothing,203,138,80.21,63.71,129.21556
2023-12-15,S002-P0006,Clothing,255,199,95.18,63.71,159.97316
2023-12-16,S002-P0006,Clothing,36,280,52.72,63.71,105.46636
2023-12-17,S002-P0006,Clothing,148,250,61.67,63.71,133.07869
2023-12-18,S002-P0006,Clothing,214,144,77.13,63.71,158.76985
2023-12-19,S002-P0006,Clothing,121,232,75.1,63.71,117.1452
2023-12-20,S002-P0006,Clothing,107,139,68.18,63.71,106.224625
2023-12-21,S002-P0006,Clothing,106,176,54.39,63.71,148.15196
2023-12-22,S002-P0006,Clothing,40,58,50.67,63.71,115.18998
2023-12-23,S002-P0006,Clothing,94,69,65.38,63.71,117.32229
2023-12-24,S002-P0006,Clothing,90,97,64.42,63.71,116.05706
2023-12-25,S002-P0006,Clothing,142,143,75.94,63.71,106.56382
2023-12-26,S002-P0006,Clothing,97,156,66.02,63.71,128.6691
2023-12-27,S002-P0006,Clothing,139,65,71.23,63.71,117.04934
2023-12-28,S002-P0006,Clothing,81,126,59.43,63.71,102.59598
2023-12-29,S002-P0006,Clothing,76,150,58.2,63.71,117.10382
2023-12-30,S002-P0006,Clothing,157,88,75.24,63.71,107.17691
2023-12-31,S002-P0006,Clothing,121,172,75.0,63.71,118.46222
2024-01-01,S002-P0006,Clothing,83,73,59.7,63.71,109.25954
2024-01-02,S002-P0006,Clothing,201,80,84.08,63.71,145.81137
2024-01-03,S002-P0006,Clothing,128,198,57.46,63.71,133.5077
2024-01-04,S002-P0006,Clothing,205,100,80.26,63.71,146.19023
2024-01-05,S002-P0006,Clothing,136,173,78.52,63.71,110.28461
2024-01-06,S002-P0006,Clothing,102,160,60.32,63.71,108.36322
2024-01-07,S002-P0006,Clothing,103,68,67.4,63.71,121.11344
2024-01-08,S002-P0006,Clothing,195,116,82.8,63.71,145.48083
2024-01-09,S002-P0006,Clothing,138,201,67.44,63.71,118.898476
2024-01-10,S002-P0006,Clothing,113,52,65.99,63.71,106.67599
2024-01-11,S002-P0006,Clothing,90,99,64.49,63.71,108.913895
2024-01-12,S002-P0006,Clothing,117,90,52.81,63.71,148.99898
2024-01-13,S002-P0006,Clothing,85,117,60.03,63.71,119.21312
2024-01-14,S002-P0006,Clothing,113,123,69.41,63.71,118.892975
2024-01-15,S002-P0006,Clothing,103,181,70.86,63.71,119.486786
2024-01-16,S002-P0006,Clothing,91,75,68.14,63.71,107.03657
2024-01-17,S002-P0006,Clothing,21,108,49.39,63.71,119.66775
2024-01-18,S002-P0006,Clothing,72,95,54.45,63.71,131.28218
2024-01-19,S002-P0006,Clothing,87,100,57.48,63.71,105.52828
2024-01-20,S002-P0006,Clothing,96,96,62.42,63.71,131.14111
2024-01-21,S002-P0006,Clothing,84,140,50.49,63.71,135.36726
2024-01-22,S002-P0006,Clothing,88,61,64.09,63.71,107.975945
2024-01-23,S002-P0006,Clothing,80,102,52.88,63.71,136.03596
2024-01-24,S002-P0006,Clothing,165,91,60.63,63.71,163.47234
2024-01-25,S002-P0006,Clothing,226,134,79.33,63.71,162.75969
2024-01-26,S002-P0006,Clothing,121,252,64.21,63.71,130.11868
2024-01-27,S002-P0006,Clothing,167,112,81.28,63.71,132.2422
2024-01-28,S002-P0006,Clothing,167,181,72.83,63.71,148.97733
2024-01-29,S002-P0006,Clothing,100,167,63.2,63.71,108.15239
2024-01-30,S002-P0006,Clothing,118,98,63.58,63.71,106.341835
2023-10-03,S002-P0007,Toys,86,244,26.23,26.064999999999998,83.728516
2023-10-04,S002-P0007,Toys,79,168,28.45,26.064999999999998,85.36216
2023-10-05,S002-P0007,Toys,138,436,29.31,26.064999999999998,99.20856
2023-10-06,S002-P0007,Toys,64,349,20.16,26.064999999999998,116.199585
2023-10-07,S002-P0007,Toys,46,274,21.43,26.064999999999998,44.114536
2023-10-08,S002-P0007,Toys,30,571,21.21,26.064999999999998,41.430283
2023-10-09,S002-P0007,Toys,13,552,18.61,26.064999999999998,32.40625
2023-10-10,S002-P0007,Toys,38,539,18.2,26.064999999999998,48.26532
2023-10-11,S002-P0007,Toys,37,514,19.57,26.064999999999998,41.185997
2023-10-12,S002-P0007,Toys,17,490,21.1,26.064999999999998,40.33595
2023-10-13,S002-P0007,Toys,15,475,21.96,26.064999999999998,31.217728
2023-10-14,S002-P0007,Toys,26,461,19.63,26.064999999999998,41.019333
2023-10-15,S002-P0007,Toys,47,431,25.22,26.064999999999998,36.794746
2023-10-16,S002-P0007,Toys,13,378,20.69,26.064999999999998,33.304226
2023-10-17,S002-P0007,Toys,41,370,22.13,26.064999999999998,28.258833
2023-10-18,S002-P0007,Toys,77,336,22.82,26.064999999999998,47.805817
2023-10-19,S002-P0007,Toys,7,277,21.19,26.064999999999998,31.226665
2023-10-20,S002-P0007,Toys,12,273,21.66,26.064999999999998,32.23669
2023-10-21,S002-P0007,Toys,43,266,18.85,26.064999999999998,47.95898
2023-10-22,S002-P0007,Toys,39,222,23.15,26.064999999999998,41.430283
2023-10-23,S002-P0007,Toys,31,177,21.24,26.064999999999998,36.6155
2023-10-24,S002-P0007,Toys,30,156,21.17,26.064999999999998,38.64924
2023-10-25,S002-P0007,Toys,101,125,22.95,26.064999999999998,111.91824
2023-10-26,S002-P0007,Toys,125,8,31.37,26.064999999999998,90.65954
2023-10-27,S002-P0007,Toys,52,86,24.42,26.064999999999998,95.32707
2023-10-28,S002-P0007,Toys,130,357,31.89,26.064999999999998,103.123085
2023-10-29,S002-P0007,Toys,59,672,23.77,26.064999999999998,95.72099
2023-10-30,S002-P0007,Toys,121,627,30.98,26.064999999999998,93.655495
2023-10-31,S002-P0007,Toys,76,494,24.04,26.064999999999998,83.57239
2023-11-01,S002-P0007,Toys,44,429,23.69,26.064999999999998,96.670906
2023-11-02,S002-P0007,Toys,109,378,31.4,26.064999999999998,102.43868
2023-11-03,S002-P0007,Toys,87,255,29.21,26.064999999999998,97.65696
2023-11-04,S002-P0007,Toys,162,153,33.01,26.064999999999998,78.57854
2023-11-05,S002-P0007,Toys,105,312,25.08,26.064999999999998,109.25814
2023-11-06,S002-P0007,Toys,57,237,26.21,26.064999999999998,79.91084
2023-11-07,S002-P0007,Toys,225,740,38.69,26.064999999999998,140.7278
2023-11-08,S002-P0007,Toys,76,582,26.67,26.064999999999998,79.231575
2023-11-09,S002-P0007,Toys,158,524,34.53,26.064999999999998,76.94508
2023-11-10,S002-P0007,Toys,89,1151,25.14,26.064999999999998,96.58132
2023-11-11,S002-P0007,Toys,75,1050,25.28,26.064999999999998,78.58827
2023-11-12,S002-P0007,Toys,132,985,33.71,26.064999999999998,106.09538
2023-11-13,S002-P0007,Toys,155,853,30.64,26.064999999999998,139.2947
2023-11-14,S002-P0007,Toys,113,679,31.8,26.064999999999998,95.654175
2023-11-15,S002-P0007,Toys,93,587,28.34,26.064999999999998,85.9801
2023-11-16,S002-P0007,Toys,83,513,23.25,26.064999999999998,106.72889
2023-11-17,S002-P0007,Toys,89,426,25.18,26.064999999999998,109.07702
2023-11-18,S002-P0007,Toys,167,360,29.8,26.064999999999998,140.12933
2023-11-19,S002-P0007,Toys,90,241,28.05,26.064999999999998,97.3146
2023-11-20,S002-P0007,Toys,118,158,32.27,26.064999999999998,94.33147
2023-11-21,S002-P0007,Toys,107,496,23.39,26.064999999999998,108.46606
2023-11-22,S002-P0007,Toys,74,425,22.34,26.064999999999998,108.42559
2023-11-23,S002-P0007,Toys,136,363,24.33,26.064999999999998,125.91133
2023-11-24,S002-P0007,Toys,118,208,27.65,26.064999999999998,82.30626
2023-11-25,S002-P0007,Toys,124,77,29.67,26.064999999999998,78.58827
2023-11-26,S002-P0007,Toys,125,426,28.25,26.064999999999998,109.50866
2023-11-27,S002-P0007,Toys,128,302,28.5,26.064999999999998,101.31878
2023-11-28,S002-P0007,Toys,74,152,27.95,26.064999999999998,85.11906
2023-11-29,S002-P0007,Toys,88,496,27.82,26.064999999999998,85.33411
2023-11-30,S002-P0007,Toys,71,424,24.86,26.064999999999998,82.350975
2023-12-01,S002-P0007,Toys,50,346,23.0,26.064999999999998,96.248215
2023-12-02,S002-P0007,Toys,149,293,30.08,26.064999999999998,122.80601
2023-12-03,S002-P0007,Toys,58,136,23.73,26.064999999999998,85.44455
2023-12-04,S002-P0007,Toys,151,81,30.48,26.064999999999998,105.1533
2023-12-05,S002-P0007,Toys,44,472,21.29,26.064999999999998,102.08547
2023-12-06,S002-P0007,Toys,135,438,29.05,26.064999999999998,135.24373
2023-12-07,S002-P0007,Toys,112,308,27.13,26.064999999999998,134.60408
2023-12-08,S002-P0007,Toys,105,193,29.47,26.064999999999998,86.86872
2023-12-09,S002-P0007,Toys,53,452,25.82,26.064999999999998,103.78808
2023-12-10,S002-P0007,Toys,132,410,25.63,26.064999999999998,126.33016
2023-12-11,S002-P0007,Toys,131,328,26.88,26.064999999999998,114.164955
2023-12-12,S002-P0007,Toys,59,233,22.55,26.064999999999998,83.89199
2023-12-13,S002-P0007,Toys,113,562,27.22,26.064999999999998,102.93101
2023-12-14,S002-P0007,Toys,38,436,23.08,26.064999999999998,102.55291
2023-12-15,S002-P0007,Toys,105,413,22.06,26.064999999999998,136.2134
2023-12-16,S002-P0007,Toys,105,347,23.26,26.064999999999998,111.261925
2023-12-17,S002-P0007,Toys,100,241,28.96,26.064999999999998,85.996445
2023-12-18,S002-P0007,Toys,173,158,34.13,26.064999999999998,105.37
2023-12-19,S002-P0007,Toys,75,371,21.03,26.064999999999998,123.34527
2023-12-20,S002-P0007,Toys,57,314,23.68,26.064999999999998,85.40969
2023-12-21,S002-P0007,Toys,63,864,22.91,26.064999999999998,92.781975
2023-12-22,S002-P0007,Toys,42,817,23.49,26.064999999999998,96.9416
2023-12-23,S002-P0007,Toys,133,775,28.87,26.064999999999998,123.57786
2023-12-24,S002-P0007,Toys,126,621,24.86,26.064999999999998,125.82775
2023-12-25,S002-P0007,Toys,92,494,26.82,26.064999999999998,85.97507
2023-12-26,S002-P0007,Toys,76,422,24.02,26.064999999999998,102.08547
2023-12-27,S002-P0007,Toys,20,343,22.47,26.064999999999998,35.591766
2023-12-28,S002-P0007,Toys,19,331,20.18,26.064999999999998,27.24125
2023-12-29,S002-P0007,Toys,16,315,22.07,26.064999999999998,37.27384
2023-12-30,S002-P0007,Toys,9,304,18.28,26.064999999999998,31.470762
2023-12-31,S002-P0007,Toys,30,299,20.07,26.064999999999998,36.797844
2024-01-01,S002-P0007,Toys,36,269,20.49,26.064999999999998,45.510834
2024-01-02,S002-P0007,Toys,32,239,21.33,26.064999999999998,32.291344
2024-01-03,S002-P0007,Toys,61,204,21.46,26.064999999999998,45.471104
2024-01-04,S002-P0007,Toys,62,150,21.36,26.064999999999998,52.466064
2024-01-05,S002-P0007,Toys,9,81,19.35,26.064999999999998,30.278393
2024-01-06,S002-P0007,Toys,67,237,23.28,26.064999999999998,29.587198
2024-01-07,S002-P0007,Toys,49,191,21.71,26.064999999999998,33.053017
2024-01-08,S002-P0007,Toys,30,152,21.14,26.064999999999998,32.949726
2024-01-09,S002-P0007,Toys,67,326,25.87,26.064999999999998,92.58654
2024-01-10,S002-P0007,Toys,137,266,27.4,26.064999999999998,110.9923
2024-01-11,S002-P0007,Toys,50,131,24.24,26.064999999999998,81.73038
2024-01-12,S002-P0007,Toys,43,94,22.31,26.064999999999998,94.5247
2024-01-13,S002-P0007,Toys,56,526,23.54,26.064999999999998,122.57525
2024-01-14,S002-P0007,Toys,120,485,32.56,26.064999999999998,95.02964
2024-01-15,S002-P0007,Toys,115,412,30.43,26.064999999999998,93.921555
2024-01-16,S002-P0007,Toys,134,313,28.81,26.064999999999998,109.35304
2024-01-17,S002-P0007,Toys,99,161,21.65,26.064999999999998,124.00442
2024-01-18,S002-P0007,Toys,49,454,24.1,26.064999999999998,100.81648
2024-01-19,S002-P0007,Toys,61,415,25.25,26.064999999999998,85.89596
2024-01-20,S002-P0007,Toys,101,355,22.92,26.064999999999998,134.49104
2024-01-21,S002-P0007,Toys,47,262,23.9,26.064999999999998,85.5145
2024-01-22,S002-P0007,Toys,68,231,25.96,26.064999999999998,84.46574
2024-01-23,S002-P0007,Toys,104,425,26.47,26.064999999999998,83.05958
2024-01-24,S002-P0007,Toys,99,307,28.91,26.064999999999998,102.973564
2024-01-25,S002-P0007,Toys,155,196,28.8,26.064999999999998,134.06935
2024-01-26,S002-P0007,Toys,75,24,25.23,26.064999999999998,102.537834
2024-01-27,S002-P0007,Toys,174,271,28.81,26.064999999999998,134.00816
2024-01-28,S002-P0007,Toys,60,550,25.23,26.064999999999998,95.02964
2024-01-29,S002-P0007,Toys,129,491,30.06,26.064999999999998,84.31686
2024-01-30,S002-P0007,Toys,109,414,26.84,26.064999999999998,83.05958
2023-10-03,S002-P0008,Groceries,74,169,22.51,25.54,98.88012
2023-10-04,S002-P0008,Groceries,106,102,23.67,25.54,129.55269
2023-10-05,S002-P0008,Groceries,97,108,27.03,25.54,124.45069
2023-10-06,S002-P0008,Groceries,154,110,27.53,25.54,99.70977
2023-10-07,S002-P0008,Groceries,65,156,21.75,25.54,64.7554
2023-10-08,S002-P0008,Groceries,172,92,25.69,25.54,104.134285
2023-10-09,S002-P0008,Groceries,119,164,26.23,25.54,72.55151
2023-10-10,S002-P0008,Groceries,59,166,21.27,25.54,72.87353
2023-10-11,S002-P0008,Groceries,75,125,22.64,25.54,65.25779
2023-10-12,S002-P0008,Groceries,122,122,25.05,25.54,103.26788
2023-10-13,S002-P0008,Groceries,75,170,22.65,25.54,67.49665
2023-10-14,S002-P0008,Groceries,97,105,23.12,25.54,65.278175
2023-10-15,S002-P0008,Groceries,99,130,25.88,25.54,75.25969
2023-10-16,S002-P0008,Groceries,63,151,20.54,25.54,72.76329
2023-10-17,S002-P0008,Groceries,108,90,24.01,25.54,64.955246
2023-10-18,S002-P0008,Groceries,117,118,20.57,25.54,94.22213
2023-10-19,S002-P0008,Groceries,93,140,19.04,25.54,85.01357
2023-10-20,S002-P0008,Groceries,59,143,21.26,25.54,67.02723
2023-10-21,S002-P0008,Groceries,125,101,25.15,25.54,94.10678
2023-10-22,S002-P0008,Groceries,94,110,24.2,25.54,81.84174
2023-10-23,S002-P0008,Groceries,148,112,28.47,25.54,103.12644
2023-10-24,S002-P0008,Groceries,66,170,20.78,25.54,80.437874
2023-10-25,S002-P0008,Groceries,117,121,27.44,25.54,97.10298
2023-10-26,S002-P0008,Groceries,31,107,20.08,25.54,111.42211
2023-10-27,S002-P0008,Groceries,122,77,22.28,25.54,145.72295
2023-10-28,S002-P0008,Groceries,118,107,26.16,25.54,123.51368
2023-10-29,S002-P0008,Groceries,85,129,25.95,25.54,113.35272
2023-10-30,S002-P0008,Groceries,133,103,27.3,25.54,112.67489
2023-10-31,S002-P0008,Groceries,101,142,23.44,25.54,98.88012
2023-11-01,S002-P0008,Groceries,93,167,24.01,25.54,111.225044
2023-11-02,S002-P0008,Groceries,81,83,24.33,25.54,124.4071
2023-11-03,S002-P0008,Groceries,154,96,28.97,25.54,150.44318
2023-11-04,S002-P0008,Groceries,69,149,23.32,25.54,95.59586
2023-11-05,S002-P0008,Groceries,156,99,29.15,25.54,132.95891
2023-11-06,S002-P0008,Groceries,129,148,26.97,25.54,96.46259
2023-11-07,S002-P0008,Groceries,103,174,23.59,25.54,124.6621
2023-11-08,S002-P0008,Groceries,79,51,25.46,25.54,96.41159
2023-11-09,S002-P0008,Groceries,144,79,25.02,25.54,134.20244
2023-11-10,S002-P0008,Groceries,131,170,21.43,25.54,148.07373
2023-11-11,S002-P0008,Groceries,75,191,23.87,25.54,95.37563
2023-11-12,S002-P0008,Groceries,157,108,25.99,25.54,165.36586
2023-11-13,S002-P0008,Groceries,149,136,25.35,25.54,167.23967
2023-11-14,S002-P0008,Groceries,33,208,21.33,25.54,110.809235
2023-11-15,S002-P0008,Groceries,98,183,25.82,25.54,97.71388
2023-11-16,S002-P0008,Groceries,146,83,28.29,25.54,97.5684
2023-11-17,S002-P0008,Groceries,118,171,20.65,25.54,129.31453
2023-11-18,S002-P0008,Groceries,154,81,25.95,25.54,167.77904
2023-11-19,S002-P0008,Groceries,86,151,23.52,25.54,114.45805
2023-11-20,S002-P0008,Groceries,26,77,14.74,25.54,151.3967
2023-11-21,S002-P0008,Groceries,50,59,21.68,25.54,95.4939
2023-11-22,S002-P0008,Groceries,65,65,24.24,25.54,96.41159
2023-11-23,S002-P0008,Groceries,118,78,26.15,25.54,110.02787
2023-11-24,S002-P0008,Groceries,85,103,19.51,25.54,129.31453
2023-11-25,S002-P0008,Groceries,142,88,29.55,25.54,95.59586
2023-11-26,S002-P0008,Groceries,150,145,28.67,25.54,97.214905
2023-11-27,S002-P0008,Groceries,198,220,36.15,25.54,123.04159
2023-11-28,S002-P0008,Groceries,112,235,28.4,25.54,97.07027
2023-11-29,S002-P0008,Groceries,113,147,27.03,25.54,98.05732
2023-11-30,S002-P0008,Groceries,163,140,31.35,25.54,96.87136
2023-12-01,S002-P0008,Groceries,85,173,23.42,25.54,110.490364
2023-12-02,S002-P0008,Groceries,127,95,26.84,25.54,112.44767
2023-12-03,S002-P0008,Groceries,119,102,29.06,25.54,95.51058
2023-12-04,S002-P0008,Groceries,97,124,24.37,25.54,159.04597
2023-12-05,S002-P0008,Groceries,235,126,33.54,25.54,160.08421
2023-12-06,S002-P0008,Groceries,181,247,31.21,25.54,123.91587
2023-12-07,S002-P0008,Groceries,153,88,27.43,25.54,119.31718
2023-12-08,S002-P0008,Groceries,95,173,24.19,25.54,95.09001
2023-12-09,S002-P0008,Groceries,76,76,22.64,25.54,123.15368
2023-12-10,S002-P0008,Groceries,106,64,26.48,25.54,109.999054
2023-12-11,S002-P0008,Groceries,71,110,22.27,25.54,99.99209
2023-12-12,S002-P0008,Groceries,64,111,18.06,25.54,129.1306
2023-12-13,S002-P0008,Groceries,159,136,31.03,25.54,123.91587
2023-12-14,S002-P0008,Groceries,215,189,32.0,25.54,156.55
2023-12-15,S002-P0008,Groceries,211,241,29.8,25.54,159.3599
2023-12-16,S002-P0008,Groceries,104,340,26.28,25.54,97.55809
2023-12-17,S002-P0008,Groceries,105,276,23.59,25.54,127.33524
2023-12-18,S002-P0008,Groceries,119,178,24.84,25.54,120.47927
2023-12-19,S002-P0008,Groceries,73,36,22.49,25.54,111.60227
2023-12-20,S002-P0008,Groceries,68,87,18.36,25.54,130.2691
2023-12-21,S002-P0008,Groceries,126,89,25.33,25.54,109.23435
2023-12-22,S002-P0008,Groceries,178,137,24.45,25.54,144.56068
2023-12-23,S002-P0008,Groceries,127,171,23.82,25.54,146.54948
2023-12-24,S002-P0008,Groceries,146,176,28.32,25.54,109.12031
2023-12-25,S002-P0008,Groceries,122,144,26.42,25.54,99.68957
2023-12-26,S002-P0008,Groceries,223,149,31.0,25.54,160.08421
2023-12-27,S002-P0008,Groceries,97,234,25.69,25.54,84.50184
2023-12-28,S002-P0008,Groceries,105,135,26.38,25.54,69.19761
2023-12-29,S002-P0008,Groceries,115,109,25.83,25.54,83.41779
2023-12-30,S002-P0008,Groceries,76,132,23.89,25.54,76.91541
2023-12-31,S002-P0008,Groceries,47,67,20.36,25.54,85.183174
2024-01-01,S002-P0008,Groceries,52,63,21.88,25.54,77.367096
2024-01-02,S002-P0008,Groceries,58,62,21.22,25.54,84.5135
2024-01-03,S002-P0008,Groceries,81,66,18.26,25.54,100.13079
2024-01-04,S002-P0008,Groceries,64,95,17.14,25.54,112.151955
2024-01-05,S002-P0008,Groceries,114,97,21.73,25.54,100.96572
2024-01-06,S002-P0008,Groceries,68,120,23.25,25.54,76.332115
2024-01-07,S002-P0008,Groceries,104,58,27.69,25.54,87.1322
2024-01-08,S002-P0008,Groceries,73,116,23.69,25.54,85.90192
2024-01-09,S002-P0008,Groceries,145,127,25.1,25.54,146.17216
2024-01-10,S002-P0008,Groceries,73,134,24.91,25.54,98.06681
2024-01-11,S002-P0008,Groceries,189,79,30.18,25.54,131.33878
2024-01-12,S002-P0008,Groceries,106,219,27.88,25.54,111.05634
2024-01-13,S002-P0008,Groceries,85,122,23.39,25.54,109.72761
2024-01-14,S002-P0008,Groceries,142,122,31.06,25.54,110.60844
2024-01-15,S002-P0008,Groceries,72,116,22.43,25.54,109.34304
2024-01-16,S002-P0008,Groceries,110,147,20.14,25.54,130.51448
2024-01-17,S002-P0008,Groceries,92,156,21.31,25.54,146.85863
2024-01-18,S002-P0008,Groceries,127,48,28.27,25.54,119.395584
2024-01-19,S002-P0008,Groceries,105,112,23.74,25.54,95.63578
2024-01-20,S002-P0008,Groceries,118,89,26.02,25.54,121.33491
2024-01-21,S002-P0008,Groceries,132,124,30.21,25.54,97.9321
2024-01-22,S002-P0008,Groceries,66,114,20.74,25.54,96.85114
2024-01-23,S002-P0008,Groceries,157,107,24.67,25.54,131.40201
2024-01-24,S002-P0008,Groceries,130,128,22.49,25.54,159.808
2024-01-25,S002-P0008,Groceries,120,126,27.68,25.54,119.395584
2024-01-26,S002-P0008,Groceries,104,108,26.32,25.54,122.44764
2024-01-27,S002-P0008,Groceries,173,92,24.13,25.54,159.62004
2024-01-28,S002-P0008,Groceries,124,158,28.05,25.54,110.60844
2024-01-29,S002-P0008,Groceries,111,186,25.52,25.54,96.85114
2024-01-30,S002-P0008,Groceries,96,85,26.98,25.54,97.49305
2023-10-03,S002-P0009,Groceries,192,105,73.52,61.155,129.47255
2023-10-04,S002-P0009,Groceries,45,403,51.49,61.155,99.24177
2023-10-05,S002-P0009,Groceries,112,351,58.79,61.155,124.6759
2023-10-06,S002-P0009,Groceries,67,252,53.07,61.155,99.70977
2023-10-07,S002-P0009,Groceries,87,183,54.0,61.155,64.7554
2023-10-08,S002-P0009,Groceries,66,110,50.22,61.155,105.065414
2023-10-09,S002-P0009,Groceries,75,246,60.59,61.155,72.47127
2023-10-10,S002-P0009,Groceries,64,199,49.9,61.155,72.87353
2023-10-11,S002-P0009,Groceries,73,140,57.24,61.155,65.382545
2023-10-12,S002-P0009,Groceries,64,162,58.27,61.155,80.85691
2023-10-13,S002-P0009,Groceries,51,98,52.65,61.155,67.71673
2023-10-14,S002-P0009,Groceries,78,201,49.46,61.155,84.99789
2023-10-15,S002-P0009,Groceries,77,121,55.11,61.155,75.25969
2023-10-16,S002-P0009,Groceries,94,188,58.35,61.155,72.76329
2023-10-17,S002-P0009,Groceries,107,112,57.78,61.155,64.955246
2023-10-18,S002-P0009,Groceries,107,237,51.3,61.155,93.96435
2023-10-19,S002-P0009,Groceries,64,131,58.28,61.155,66.241646
2023-10-20,S002-P0009,Groceries,45,282,48.87,61.155,66.80953
2023-10-21,S002-P0009,Groceries,105,230,57.01,61.155,94.10678
2023-10-22,S002-P0009,Groceries,96,130,55.7,61.155,81.79621
2023-10-23,S002-P0009,Groceries,142,284,64.24,61.155,103.12644
2023-10-24,S002-P0009,Groceries,72,168,57.07,61.155,80.38861
2023-10-25,S002-P0009,Groceries,76,431,57.78,61.155,96.790276
2023-10-26,S002-P0009,Groceries,181,379,75.3,61.155,144.72716
2023-10-27,S002-P0009,Groceries,169,252,57.81,61.155,145.35246
2023-10-28,S002-P0009,Groceries,178,412,62.2,61.155,159.705
2023-10-29,S002-P0009,Groceries,108,254,61.27,61.155,112.79688
2023-10-30,S002-P0009,Groceries,99,488,62.65,61.155,112.37251
2023-10-31,S002-P0009,Groceries,76,425,60.97,61.155,98.29951
2023-11-01,S002-P0009,Groceries,74,339,60.39,61.155,111.41624
2023-11-02,S002-P0009,Groceries,177,294,58.98,61.155,170.26015
2023-11-03,S002-P0009,Groceries,162,144,63.58,61.155,148.6298
2023-11-04,S002-P0009,Groceries,144,297,57.51,61.155,130.57991
2023-11-05,S002-P0009,Groceries,107,204,57.87,61.155,97.214905
2023-11-06,S002-P0009,Groceries,74,419,57.47,61.155,95.673325
2023-11-07,S002-P0009,Groceries,113,348,65.5,61.155,124.39199
2023-11-08,S002-P0009,Groceries,139,256,53.13,61.155,132.33545
2023-11-09,S002-P0009,Groceries,125,132,68.01,61.155,96.71101
2023-11-10,S002-P0009,Groceries,91,256,57.89,61.155,113.49479
2023-11-11,S002-P0009,Groceries,131,196,65.75,61.155,95.37563
2023-11-12,S002-P0009,Groceries,66,233,52.87,61.155,127.41801
2023-11-13,S002-P0009,Groceries,136,161,55.45,61.155,167.46825
2023-11-14,S002-P0009,Groceries,147,72,61.56,61.155,151.57298
2023-11-15,S002-P0009,Groceries,64,310,58.24,61.155,98.05732
2023-11-16,S002-P0009,Groceries,75,247,57.72,61.155,97.00417
2023-11-17,S002-P0009,Groceries,138,167,63.6,61.155,95.662056
2023-11-18,S002-P0009,Groceries,169,26,57.76,61.155,168.32193
2023-11-19,S002-P0009,Groceries,178,329,78.85,61.155,114.45805
2023-11-20,S002-P0009,Groceries,139,518,70.78,61.155,108.1401
2023-11-21,S002-P0009,Groceries,142,418,57.21,61.155,131.04793
2023-11-22,S002-P0009,Groceries,90,255,60.65,61.155,96.41159
2023-11-23,S002-P0009,Groceries,107,172,57.75,61.155,110.134384
2023-11-24,S002-P0009,Groceries,129,271,72.44,61.155,97.92686
2023-11-25,S002-P0009,Groceries,206,167,71.26,61.155,130.57991
2023-11-26,S002-P0009,Groceries,61,235,54.69,61.155,99.09492
2023-11-27,S002-P0009,Groceries,35,586,49.42,61.155,123.04159
2023-11-28,S002-P0009,Groceries,199,551,62.36,61.155,135.3679
2023-11-29,S002-P0009,Groceries,84,334,59.43,61.155,97.71388
2023-11-30,S002-P0009,Groceries,61,242,52.09,61.155,96.87136
2023-12-01,S002-P0009,Groceries,118,185,52.5,61.155,144.56068
2023-12-02,S002-P0009,Groceries,143,51,71.7,61.155,112.44767
2023-12-03,S002-P0009,Groceries,67,227,44.81,61.155,126.03538
2023-12-04,S002-P0009,Groceries,181,466,71.07,61.155,157.86656
2023-12-05,S002-P0009,Groceries,89,279,57.31,61.155,122.59497
2023-12-06,S002-P0009,Groceries,91,193,54.54,61.155,160.79799
2023-12-07,S002-P0009,Groceries,186,135,80.53,61.155,119.7359
2023-12-08,S002-P0009,Groceries,166,164,76.34,61.155,95.11368
2023-12-09,S002-P0009,Groceries,159,411,75.01,61.155,124.19902
2023-12-10,S002-P0009,Groceries,92,312,58.15,61.155,109.999054
2023-12-11,S002-P0009,Groceries,152,209,73.47,61.155,99.96902
2023-12-12,S002-P0009,Groceries,244,31,87.57,61.155,130.04689
2023-12-13,S002-P0009,Groceries,182,348,63.78,61.155,159.76265
2023-12-14,S002-P0009,Groceries,193,612,77.83,61.155,119.7359
2023-12-15,S002-P0009,Groceries,130,453,65.32,61.155,120.75465
2023-12-16,S002-P0009,Groceries,88,352,63.42,61.155,97.77798
2023-12-17,S002-P0009,Groceries,127,268,58.06,61.155,127.33524
2023-12-18,S002-P0009,Groceries,194,159,61.53,61.155,155.82652
2023-12-19,S002-P0009,Groceries,83,290,53.27,61.155,111.565285
2023-12-20,S002-P0009,Groceries,124,578,67.71,61.155,98.400185
2023-12-21,S002-P0009,Groceries,174,492,65.76,61.155,142.59215
2023-12-22,S002-P0009,Groceries,81,383,58.95,61.155,111.315346
2023-12-23,S002-P0009,Groceries,160,317,71.08,61.155,112.29568
2023-12-24,S002-P0009,Groceries,85,215,56.78,61.155,109.999054
2023-12-25,S002-P0009,Groceries,110,411,64.93,61.155,99.96902
2023-12-26,S002-P0009,Groceries,249,317,83.59,61.155,160.08421
2023-12-27,S002-P0009,Groceries,105,142,60.68,61.155,84.50184
2023-12-28,S002-P0009,Groceries,66,505,52.74,61.155,69.23845
2023-12-29,S002-P0009,Groceries,128,459,65.16,61.155,84.10868
2023-12-30,S002-P0009,Groceries,74,307,54.42,61.155,76.07848
2023-12-31,S002-P0009,Groceries,35,224,46.72,61.155,84.34716
2024-01-01,S002-P0009,Groceries,89,196,60.54,61.155,77.367096
2024-01-02,S002-P0009,Groceries,116,92,49.57,61.155,111.12452
2024-01-03,S002-P0009,Groceries,80,200,55.61,61.155,75.391396
2024-01-04,S002-P0009,Groceries,44,310,48.62,61.155,85.66877
2024-01-05,S002-P0009,Groceries,66,260,52.91,61.155,75.029274
2024-01-06,S002-P0009,Groceries,92,203,51.44,61.155,100.54641
2024-01-07,S002-P0009,Groceries,120,124,66.94,61.155,87.1322
2024-01-08,S002-P0009,Groceries,91,236,60.94,61.155,85.90192
2024-01-09,S002-P0009,Groceries,150,353,65.76,61.155,148.03833
2024-01-10,S002-P0009,Groceries,106,213,57.54,61.155,97.65992
2024-01-11,S002-P0009,Groceries,109,388,54.39,61.155,130.05045
2024-01-12,S002-P0009,Groceries,116,270,59.42,61.155,109.56922
2024-01-13,S002-P0009,Groceries,138,178,70.5,61.155,110.07408
2024-01-14,S002-P0009,Groceries,111,221,58.58,61.155,108.79782
2024-01-15,S002-P0009,Groceries,71,104,59.85,61.155,109.88395
2024-01-16,S002-P0009,Groceries,123,265,56.78,61.155,131.40201
2024-01-17,S002-P0009,Groceries,184,120,60.05,61.155,146.6122
2024-01-18,S002-P0009,Groceries,150,242,69.23,61.155,118.37379
2024-01-19,S002-P0009,Groceries,80,520,52.73,61.155,95.63578
2024-01-20,S002-P0009,Groceries,139,435,56.61,61.155,160.52933
2024-01-21,S002-P0009,Groceries,157,341,55.92,61.155,129.7837
2024-01-22,S002-P0009,Groceries,116,174,59.52,61.155,96.85114
2024-01-23,S002-P0009,Groceries,61,385,52.02,61.155,96.94961
2024-01-24,S002-P0009,Groceries,284,320,80.61,61.155,160.2488
2024-01-25,S002-P0009,Groceries,135,0,73.74,61.155,119.395584
2024-01-26,S002-P0009,Groceries,135,603,70.03,61.155,122.44764
2024-01-27,S002-P0009,Groceries,148,447,64.97,61.155,161.46184
2024-01-28,S002-P0009,Groceries,131,348,69.17,61.155,110.60844
2024-01-29,S002-P0009,Groceries,85,210,59.69,61.155,97.14718
2024-01-30,S002-P0009,Groceries,108,153,58.06,61.155,96.95573
2023-10-03,S002-P0010,Groceries,191,210,98.64,88.11500000000001,128.70593
2023-10-04,S002-P0010,Groceries,134,294,78.44,88.11500000000001,130.30447
2023-10-05,S002-P0010,Groceries,117,194,94.5,88.11500000000001,124.45069
2023-10-06,S002-P0010,Groceries,79,111,87.55,88.11500000000001,100.80996
2023-10-07,S002-P0010,Groceries,126,103,72.67,88.11500000000001,84.4003
2023-10-08,S002-P0010,Groceries,87,139,76.99,88.11500000000001,81.79621
2023-10-09,S002-P0010,Groceries,33,158,66.02,88.11500000000001,72.76329
2023-10-10,S002-P0010,Groceries,47,133,66.58,88.11500000000001,72.87353
2023-10-11,S002-P0010,Groceries,104,80,85.98,88.11500000000001,65.25779
2023-10-12,S002-P0010,Groceries,122,100,90.91,88.11500000000001,103.26788
2023-10-13,S002-P0010,Groceries,52,109,75.18,88.11500000000001,67.49665
2023-10-14,S002-P0010,Groceries,66,115,67.56,88.11500000000001,84.99789
2023-10-15,S002-P0010,Groceries,94,96,78.99,88.11500000000001,75.269646
2023-10-16,S002-P0010,Groceries,80,99,79.21,88.11500000000001,72.76329
2023-10-17,S002-P0010,Groceries,47,105,70.03,88.11500000000001,64.955246
2023-10-18,S002-P0010,Groceries,57,115,76.82,88.11500000000001,72.91323
2023-10-19,S002-P0010,Groceries,61,138,73.87,88.11500000000001,84.66978
2023-10-20,S002-P0010,Groceries,71,100,85.17,88.11500000000001,66.65717
2023-10-21,S002-P0010,Groceries,113,101,88.24,88.11500000000001,94.34466
2023-10-22,S002-P0010,Groceries,102,151,75.89,88.11500000000001,104.134285
2023-10-23,S002-P0010,Groceries,93,194,83.0,88.11500000000001,79.71654
2023-10-24,S002-P0010,Groceries,88,84,85.91,88.11500000000001,80.38861
2023-10-25,S002-P0010,Groceries,124,100,91.32,88.11500000000001,96.650345
2023-10-26,S002-P0010,Groceries,46,110,69.69,88.11500000000001,111.67096
2023-10-27,S002-P0010,Groceries,87,62,85.52,88.11500000000001,112.08999
2023-10-28,S002-P0010,Groceries,161,98,84.72,88.11500000000001,159.705
2023-10-29,S002-P0010,Groceries,102,183,81.01,88.11500000000001,112.813194
2023-10-30,S002-P0010,Groceries,126,78,91.96,88.11500000000001,112.67489
2023-10-31,S002-P0010,Groceries,138,148,100.62,88.11500000000001,98.29951
2023-11-01,S002-P0010,Groceries,119,197,94.96,88.11500000000001,111.41624
2023-11-02,S002-P0010,Groceries,259,107,115.65,88.11500000000001,169.61409
2023-11-03,S002-P0010,Groceries,71,299,72.73,88.11500000000001,112.55819
2023-11-04,S002-P0010,Groceries,145,225,92.44,88.11500000000001,131.23494
2023-11-05,S002-P0010,Groceries,121,76,95.45,88.11500000000001,97.93455
2023-11-06,S002-P0010,Groceries,94,132,83.18,88.11500000000001,95.673325
2023-11-07,S002-P0010,Groceries,71,138,76.6,88.11500000000001,167.94887
2023-11-08,S002-P0010,Groceries,120,87,85.87,88.11500000000001,131.69682
2023-11-09,S002-P0010,Groceries,206,134,114.27,88.11500000000001,133.7158
2023-11-10,S002-P0010,Groceries,44,187,72.89,88.11500000000001,113.49479
2023-11-11,S002-P0010,Groceries,100,142,85.01,88.11500000000001,95.37563
2023-11-12,S002-P0010,Groceries,173,158,83.06,88.11500000000001,164.78787
2023-11-13,S002-P0010,Groceries,155,170,95.09,88.11500000000001,122.31095
2023-11-14,S002-P0010,Groceries,98,192,93.47,88.11500000000001,110.809235
2023-11-15,S002-P0010,Groceries,188,88,98.05,88.11500000000001,135.42018
2023-11-16,S002-P0010,Groceries,91,185,82.31,88.11500000000001,97.00417
2023-11-17,S002-P0010,Groceries,126,111,97.07,88.11500000000001,97.92686
2023-11-18,S002-P0010,Groceries,41,124,76.0,88.11500000000001,125.055504
2023-11-19,S002-P0010,Groceries,113,81,74.5,88.11500000000001,149.01044
2023-11-20,S002-P0010,Groceries,194,94,116.93,88.11500000000001,107.77454
2023-11-21,S002-P0010,Groceries,106,172,95.87,88.11500000000001,95.30425
2023-11-22,S002-P0010,Groceries,148,54,81.81,88.11500000000001,132.33545
2023-11-23,S002-P0010,Groceries,168,166,98.55,88.11500000000001,153.1138
2023-11-24,S002-P0010,Groceries,85,181,85.04,88.11500000000001,97.92686
2023-11-25,S002-P0010,Groceries,128,102,92.59,88.11500000000001,95.68772
2023-11-26,S002-P0010,Groceries,60,140,73.48,88.11500000000001,97.214905
2023-11-27,S002-P0010,Groceries,63,80,74.51,88.11500000000001,122.31095
2023-11-28,S002-P0010,Groceries,101,82,85.21,88.11500000000001,96.83048
2023-11-29,S002-P0010,Groceries,61,93,73.75,88.11500000000001,97.538605
2023-11-30,S002-P0010,Groceries,99,75,89.05,88.11500000000001,96.87136
2023-12-01,S002-P0010,Groceries,124,105,101.59,88.11500000000001,112.30365
2023-12-02,S002-P0010,Groceries,164,126,102.9,88.11500000000001,112.44767
2023-12-03,S002-P0010,Groceries,133,149,94.27,88.11500000000001,95.14565
2023-12-04,S002-P0010,Groceries,201,174,125.28,88.11500000000001,121.29382
2023-12-05,S002-P0010,Groceries,67,197,79.73,88.11500000000001,122.8814
2023-12-06,S002-P0010,Groceries,110,125,87.83,88.11500000000001,123.91587
2023-12-07,S002-P0010,Groceries,133,148,99.14,88.11500000000001,120.400604
2023-12-08,S002-P0010,Groceries,122,152,86.25,88.11500000000001,129.57712
2023-12-09,S002-P0010,Groceries,193,163,87.52,88.11500000000001,158.99774
2023-12-10,S002-P0010,Groceries,188,232,92.25,88.11500000000001,145.38272
2023-12-11,S002-P0010,Groceries,135,245,89.59,88.11500000000001,129.51938
2023-12-12,S002-P0010,Groceries,140,140,101.13,88.11500000000001,97.14469
2023-12-13,S002-P0010,Groceries,167,150,109.15,88.11500000000001,123.91587
2023-12-14,S002-P0010,Groceries,149,172,103.84,88.11500000000001,120.400604
2023-12-15,S002-P0010,Groceries,94,203,92.14,88.11500000000001,123.46061
2023-12-16,S002-P0010,Groceries,53,147,75.57,88.11500000000001,97.77798
2023-12-17,S002-P0010,Groceries,150,103,83.24,88.11500000000001,126.03538
2023-12-18,S002-P0010,Groceries,143,174,91.94,88.11500000000001,159.04597
2023-12-19,S002-P0010,Groceries,162,173,102.27,88.11500000000001,111.60227
2023-12-20,S002-P0010,Groceries,178,137,89.82,88.11500000000001,130.41827
2023-12-21,S002-P0010,Groceries,143,188,96.96,88.11500000000001,109.204124
2023-12-22,S002-P0010,Groceries,98,176,84.48,88.11500000000001,111.315346
2023-12-23,S002-P0010,Groceries,95,81,87.82,88.11500000000001,112.44767
2023-12-24,S002-P0010,Groceries,99,106,70.46,88.11500000000001,144.13737
2023-12-25,S002-P0010,Groceries,102,118,80.98,88.11500000000001,129.51938
2023-12-26,S002-P0010,Groceries,109,160,92.14,88.11500000000001,123.39578
2023-12-27,S002-P0010,Groceries,167,200,97.58,88.11500000000001,112.81382
2023-12-28,S002-P0010,Groceries,83,255,84.37,88.11500000000001,69.19761
2023-12-29,S002-P0010,Groceries,116,167,93.99,88.11500000000001,85.041794
2023-12-30,S002-P0010,Groceries,74,158,81.77,88.11500000000001,76.91541
2023-12-31,S002-P0010,Groceries,94,90,79.0,88.11500000000001,84.34716
2024-01-01,S002-P0010,Groceries,90,76,72.86,88.11500000000001,100.3395
2024-01-02,S002-P0010,Groceries,93,88,78.72,88.11500000000001,84.5135
2024-01-03,S002-P0010,Groceries,62,103,82.49,88.11500000000001,76.812775
2024-01-04,S002-P0010,Groceries,89,112,73.2,88.11500000000001,112.68632
2024-01-05,S002-P0010,Groceries,130,92,83.46,88.11500000000001,101.66415
2024-01-06,S002-P0010,Groceries,81,156,88.31,88.11500000000001,77.141945
2024-01-07,S002-P0010,Groceries,189,84,103.35,88.11500000000001,113.10627
2024-01-08,S002-P0010,Groceries,134,189,104.49,88.11500000000001,85.90192
2024-01-09,S002-P0010,Groceries,147,170,92.87,88.11500000000001,108.921425
2024-01-10,S002-P0010,Groceries,74,147,69.51,88.11500000000001,132.89925
2024-01-11,S002-P0010,Groceries,118,99,85.34,88.11500000000001,96.87139
2024-01-12,S002-P0010,Groceries,174,135,105.17,88.11500000000001,109.56922
2024-01-13,S002-P0010,Groceries,124,178,96.4,88.11500000000001,110.66221
2024-01-14,S002-P0010,Groceries,152,183,104.68,88.11500000000001,109.59576
2024-01-15,S002-P0010,Groceries,140,188,101.1,88.11500000000001,109.34304
2024-01-16,S002-P0010,Groceries,103,188,67.66,88.11500000000001,130.51448
2024-01-17,S002-P0010,Groceries,182,122,102.02,88.11500000000001,148.68661
2024-01-18,S002-P0010,Groceries,164,179,102.61,88.11500000000001,118.37379
2024-01-19,S002-P0010,Groceries,86,180,89.83,88.11500000000001,97.50291
2024-01-20,S002-P0010,Groceries,86,108,80.91,88.11500000000001,122.12513
2024-01-21,S002-P0010,Groceries,156,132,89.19,88.11500000000001,130.90044
2024-01-22,S002-P0010,Groceries,180,131,107.26,88.11500000000001,97.14718
2024-01-23,S002-P0010,Groceries,98,179,88.93,88.11500000000001,96.94961
2024-01-24,S002-P0010,Groceries,169,82,92.35,88.11500000000001,160.2488
2024-01-25,S002-P0010,Groceries,115,150,93.83,88.11500000000001,118.7964
2024-01-26,S002-P0010,Groceries,120,200,100.15,88.11500000000001,123.546074
2024-01-27,S002-P0010,Groceries,159,101,80.08,88.11500000000001,159.62004
2024-01-28,S002-P0010,Groceries,112,142,92.96,88.11500000000001,110.60844
2024-01-29,S002-P0010,Groceries,120,108,95.18,88.11500000000001,97.14718
2024-01-30,S002-P0010,Groceries,107,143,86.77,88.11500000000001,96.95573
2023-10-03,S002-P0011,Groceries,48,190,83.6,94.455,98.29951
2023-10-04,S002-P0011,Groceries,116,528,95.91,94.455,99.24177
2023-10-05,S002-P0011,Groceries,158,441,120.22,94.455,124.45069
2023-10-06,S002-P0011,Groceries,101,283,86.52,94.455,99.70977
2023-10-07,S002-P0011,Groceries,106,167,87.59,94.455,84.02294
2023-10-08,S002-P0011,Groceries,114,642,85.28,94.455,104.533
2023-10-09,S002-P0011,Groceries,37,543,76.23,94.455,72.47127
2023-10-10,S002-P0011,Groceries,90,499,74.27,94.455,93.853195
2023-10-11,S002-P0011,Groceries,66,432,85.25,94.455,65.25779
2023-10-12,S002-P0011,Groceries,113,377,94.69,94.455,103.26788
2023-10-13,S002-P0011,Groceries,87,299,91.78,94.455,67.49665
2023-10-14,S002-P0011,Groceries,79,219,89.29,94.455,65.20136
2023-10-15,S002-P0011,Groceries,63,490,88.7,94.455,75.4735
2023-10-16,S002-P0011,Groceries,112,414,94.75,94.455,72.55151
2023-10-17,S002-P0011,Groceries,73,330,68.93,94.455,84.25526
2023-10-18,S002-P0011,Groceries,92,243,98.35,94.455,72.87728
2023-10-19,S002-P0011,Groceries,97,160,89.88,94.455,84.66978
2023-10-20,S002-P0011,Groceries,40,58,73.15,94.455,66.80953
2023-10-21,S002-P0011,Groceries,33,255,59.85,94.455,94.12089
2023-10-22,S002-P0011,Groceries,70,232,86.38,94.455,81.84174
2023-10-23,S002-P0011,Groceries,89,150,83.22,94.455,103.12644
2023-10-24,S002-P0011,Groceries,76,78,92.95,94.455,80.354294
2023-10-25,S002-P0011,Groceries,96,250,94.74,94.455,97.10298
2023-10-26,S002-P0011,Groceries,181,158,102.33,94.455,146.12752
2023-10-27,S002-P0011,Groceries,110,0,89.25,94.455,111.73167
2023-10-28,S002-P0011,Groceries,114,343,95.25,94.455,123.51368
2023-10-29,S002-P0011,Groceries,105,715,87.7,94.455,112.813194
2023-10-30,S002-P0011,Groceries,104,634,92.23,94.455,112.37251
2023-10-31,S002-P0011,Groceries,57,534,82.31,94.455,98.29951
2023-11-01,S002-P0011,Groceries,101,475,101.44,94.455,111.41624
2023-11-02,S002-P0011,Groceries,141,367,108.67,94.455,124.4071
2023-11-03,S002-P0011,Groceries,150,265,105.96,94.455,113.49479
2023-11-04,S002-P0011,Groceries,169,146,88.31,94.455,131.02867
2023-11-05,S002-P0011,Groceries,35,464,71.43,94.455,97.214905
2023-11-06,S002-P0011,Groceries,100,425,85.83,94.455,131.36896
2023-11-07,S002-P0011,Groceries,119,321,96.75,94.455,124.39199
2023-11-08,S002-P0011,Groceries,111,200,99.27,94.455,96.46242
2023-11-09,S002-P0011,Groceries,134,107,95.82,94.455,97.5684
2023-11-10,S002-P0011,Groceries,90,423,92.62,94.455,113.49479
2023-11-11,S002-P0011,Groceries,131,348,89.69,94.455,130.84863
2023-11-12,S002-P0011,Groceries,150,219,105.72,94.455,127.41801
2023-11-13,S002-P0011,Groceries,38,101,76.24,94.455,122.311516
2023-11-14,S002-P0011,Groceries,78,438,88.87,94.455,110.809235
2023-11-15,S002-P0011,Groceries,34,352,63.22,94.455,135.58238
2023-11-16,S002-P0011,Groceries,32,320,74.42,94.455,96.71101
2023-11-17,S002-P0011,Groceries,138,300,96.95,94.455,132.253
2023-11-18,S002-P0011,Groceries,214,136,117.93,94.455,167.77904
2023-11-19,S002-P0011,Groceries,139,0,108.26,94.455,115.30842
2023-11-20,S002-P0011,Groceries,74,381,83.1,94.455,108.44141
2023-11-21,S002-P0011,Groceries,165,1073,91.8,94.455,131.67273
2023-11-22,S002-P0011,Groceries,86,952,91.55,94.455,96.46242
2023-11-23,S002-P0011,Groceries,130,853,100.07,94.455,110.02787
2023-11-24,S002-P0011,Groceries,93,713,84.4,94.455,132.253
2023-11-25,S002-P0011,Groceries,67,608,64.17,94.455,131.02867
2023-11-26,S002-P0011,Groceries,91,561,88.07,94.455,132.95891
2023-11-27,S002-P0011,Groceries,82,492,90.16,94.455,123.04159
2023-11-28,S002-P0011,Groceries,95,396,89.66,94.455,96.83048
2023-11-29,S002-P0011,Groceries,113,328,94.76,94.455,97.538605
2023-11-30,S002-P0011,Groceries,64,219,84.59,94.455,96.79189
2023-12-01,S002-P0011,Groceries,130,162,89.56,94.455,147.02332
2023-12-02,S002-P0011,Groceries,141,410,103.34,94.455,112.44767
2023-12-03,S002-P0011,Groceries,94,304,99.01,94.455,95.51058
2023-12-04,S002-P0011,Groceries,164,195,92.89,94.455,156.77956
2023-12-05,S002-P0011,Groceries,135,493,112.45,94.455,123.39578
2023-12-06,S002-P0011,Groceries,47,340,67.37,94.455,160.79799
2023-12-07,S002-P0011,Groceries,159,297,97.31,94.455,156.55
2023-12-08,S002-P0011,Groceries,139,113,97.37,94.455,95.09001
2023-12-09,S002-P0011,Groceries,163,0,97.49,94.455,160.00615
2023-12-10,S002-P0011,Groceries,124,399,103.47,94.455,109.999054
2023-12-11,S002-P0011,Groceries,82,252,75.88,94.455,128.13925
2023-12-12,S002-P0011,Groceries,108,727,103.76,94.455,97.35552
2023-12-13,S002-P0011,Groceries,141,606,114.61,94.455,124.24346
2023-12-14,S002-P0011,Groceries,123,453,103.2,94.455,119.7359
2023-12-15,S002-P0011,Groceries,135,320,101.61,94.455,122.02595
2023-12-16,S002-P0011,Groceries,159,187,108.53,94.455,130.88324
2023-12-17,S002-P0011,Groceries,79,67,89.37,94.455,95.14565
2023-12-18,S002-P0011,Groceries,205,459,128.91,94.455,121.29382
2023-12-19,S002-P0011,Groceries,130,257,94.93,94.455,147.72353
2023-12-20,S002-P0011,Groceries,119,141,101.75,94.455,98.17489
2023-12-21,S002-P0011,Groceries,63,721,80.15,94.455,109.204124
2023-12-22,S002-P0011,Groceries,25,647,68.58,94.455,148.53621
2023-12-23,S002-P0011,Groceries,98,626,90.41,94.455,112.44767
2023-12-24,S002-P0011,Groceries,124,548,103.46,94.455,111.21606
2023-12-25,S002-P0011,Groceries,42,406,77.71,94.455,99.68957
2023-12-26,S002-P0011,Groceries,192,372,112.46,94.455,161.22023
2023-12-27,S002-P0011,Groceries,108,147,93.37,94.455,84.077965
2023-12-28,S002-P0011,Groceries,82,60,90.36,94.455,69.19761
2023-12-29,S002-P0011,Groceries,84,594,90.91,94.455,85.041794
2023-12-30,S002-P0011,Groceries,65,538,89.4,94.455,76.91541
2023-12-31,S002-P0011,Groceries,75,481,83.25,94.455,84.34716
2024-01-01,S002-P0011,Groceries,129,410,78.88,94.455,99.957924
2024-01-02,S002-P0011,Groceries,77,258,88.76,94.455,84.98265
2024-01-03,S002-P0011,Groceries,135,204,96.14,94.455,101.12734
2024-01-04,S002-P0011,Groceries,44,501,62.62,94.455,112.30513
2024-01-05,S002-P0011,Groceries,106,469,92.49,94.455,102.460175
2024-01-06,S002-P0011,Groceries,99,369,90.56,94.455,101.46796
2024-01-07,S002-P0011,Groceries,99,265,95.43,94.455,86.20405
2024-01-08,S002-P0011,Groceries,79,161,89.36,94.455,85.90192
2024-01-09,S002-P0011,Groceries,165,85,110.48,94.455,109.128365
2024-01-10,S002-P0011,Groceries,123,283,103.12,94.455,98.06681
2024-01-11,S002-P0011,Groceries,201,178,108.59,94.455,130.48157
2024-01-12,S002-P0011,Groceries,61,582,79.31,94.455,110.09813
2024-01-13,S002-P0011,Groceries,155,542,107.21,94.455,148.83931
2024-01-14,S002-P0011,Groceries,97,405,90.06,94.455,109.59576
2024-01-15,S002-P0011,Groceries,225,344,101.31,94.455,143.43262
2024-01-16,S002-P0011,Groceries,105,111,97.5,94.455,97.49305
2024-01-17,S002-P0011,Groceries,96,30,74.62,94.455,146.6122
2024-01-18,S002-P0011,Groceries,130,596,105.32,94.455,119.395584
2024-01-19,S002-P0011,Groceries,103,490,87.15,94.455,95.63578
2024-01-20,S002-P0011,Groceries,136,383,84.66,94.455,159.62004
2024-01-21,S002-P0011,Groceries,118,284,91.5,94.455,96.02997
2024-01-22,S002-P0011,Groceries,146,150,99.21,94.455,96.85114
2024-01-23,S002-P0011,Groceries,69,506,90.65,94.455,97.49305
2024-01-24,S002-P0011,Groceries,119,447,101.76,94.455,121.635155
2024-01-25,S002-P0011,Groceries,80,330,94.44,94.455,119.395584
2024-01-26,S002-P0011,Groceries,78,266,88.91,94.455,123.546074
2024-01-27,S002-P0011,Groceries,66,177,80.91,94.455,122.12513
2024-01-28,S002-P0011,Groceries,121,125,107.83,94.455,110.60844
2024-01-29,S002-P0011,Groceries,152,239,101.16,94.455,96.85114
2024-01-30,S002-P0011,Groceries,62,73,83.8,94.455,97.49305
2023-10-03,S002-P0012,Electronics,87,328,53.65,63.57,111.053856
2023-10-04,S002-P0012,Electronics,88,255,67.15,63.57,85.72558
2023-10-05,S002-P0012,Electronics,119,192,66.9,63.57,104.87377
2023-10-06,S002-P0012,Electronics,50,660,58.47,63.57,86.26755
2023-10-07,S002-P0012,Electronics,27,608,53.22,63.57,45.999615
2023-10-08,S002-P0012,Electronics,29,591,50.89,63.57,58.01293
2023-10-09,S002-P0012,Electronics,47,572,60.83,63.57,50.819824
2023-10-10,S002-P0012,Electronics,31,534,45.64,63.57,68.14676
2023-10-11,S002-P0012,Electronics,51,507,55.66,63.57,47.10314
2023-10-12,S002-P0012,Electronics,51,448,49.5,63.57,78.38944
2023-10-13,S002-P0012,Electronics,104,398,55.92,63.57,60.866596
2023-10-14,S002-P0012,Electronics,70,323,53.68,63.57,60.127647
2023-10-15,S002-P0012,Electronics,63,248,58.12,63.57,53.54093
2023-10-16,S002-P0012,Electronics,78,181,61.75,63.57,50.9796
2023-10-17,S002-P0012,Electronics,27,556,55.98,63.57,46.135574
2023-10-18,S002-P0012,Electronics,62,538,52.12,63.57,67.61807
2023-10-19,S002-P0012,Electronics,30,467,56.81,63.57,48.241844
2023-10-20,S002-P0012,Electronics,90,440,53.39,63.57,61.25926
2023-10-21,S002-P0012,Electronics,38,339,41.86,63.57,68.47546
2023-10-22,S002-P0012,Electronics,72,307,63.43,63.57,58.01293
2023-10-23,S002-P0012,Electronics,68,254,62.7,63.57,56.08079
2023-10-24,S002-P0012,Electronics,43,622,59.74,63.57,57.50147
2023-10-25,S002-P0012,Electronics,127,576,64.67,63.57,112.11767
2023-10-26,S002-P0012,Electronics,76,499,61.07,63.57,94.65699
2023-10-27,S002-P0012,Electronics,99,448,69.75,63.57,95.335365
2023-10-28,S002-P0012,Electronics,66,374,59.04,63.57,106.12455
2023-10-29,S002-P0012,Electronics,91,849,71.36,63.57,95.755806
2023-10-30,S002-P0012,Electronics,93,767,68.41,63.57,95.54857
2023-10-31,S002-P0012,Electronics,56,656,62.96,63.57,85.03164
2023-11-01,S002-P0012,Electronics,133,608,69.8,63.57,127.59453
2023-11-02,S002-P0012,Electronics,89,507,67.51,63.57,103.218346
2023-11-03,S002-P0012,Electronics,115,430,58.7,63.57,125.02016
2023-11-04,S002-P0012,Electronics,112,331,72.8,63.57,83.971016
2023-11-05,S002-P0012,Electronics,38,835,52.98,63.57,87.797806
2023-11-06,S002-P0012,Electronics,104,803,67.41,63.57,83.98142
2023-11-07,S002-P0012,Electronics,82,715,62.53,63.57,105.38511
2023-11-08,S002-P0012,Electronics,70,650,59.82,63.57,84.40287
2023-11-09,S002-P0012,Electronics,70,580,59.84,63.57,111.07435
2023-11-10,S002-P0012,Electronics,88,503,56.66,63.57,125.02016
2023-11-11,S002-P0012,Electronics,129,426,76.62,63.57,84.41314
2023-11-12,S002-P0012,Electronics,140,292,75.13,63.57,106.21375
2023-11-13,S002-P0012,Electronics,71,182,63.33,63.57,103.50992
2023-11-14,S002-P0012,Electronics,91,119,57.61,63.57,127.30668
2023-11-15,S002-P0012,Electronics,148,553,72.97,63.57,85.24291
2023-11-16,S002-P0012,Electronics,108,422,68.01,63.57,80.90394
2023-11-17,S002-P0012,Electronics,99,314,65.95,63.57,86.41355
2023-11-18,S002-P0012,Electronics,203,212,78.82,63.57,141.10738
2023-11-19,S002-P0012,Electronics,107,632,67.71,63.57,124.44465
2023-11-20,S002-P0012,Electronics,43,540,51.28,63.57,93.07381
2023-11-21,S002-P0012,Electronics,74,504,63.88,63.57,83.77389
2023-11-22,S002-P0012,Electronics,124,1278,75.46,63.57,84.40287
2023-11-23,S002-P0012,Electronics,139,1168,70.98,63.57,125.50518
2023-11-24,S002-P0012,Electronics,159,1001,70.94,63.57,110.30536
2023-11-25,S002-P0012,Electronics,140,862,71.19,63.57,83.46197
2023-11-26,S002-P0012,Electronics,91,710,61.1,63.57,110.12223
2023-11-27,S002-P0012,Electronics,107,609,71.48,63.57,103.050026
2023-11-28,S002-P0012,Electronics,92,509,64.7,63.57,84.26318
2023-11-29,S002-P0012,Electronics,124,450,75.5,63.57,85.98397
2023-11-30,S002-P0012,Electronics,51,337,58.74,63.57,82.52357
2023-12-01,S002-P0012,Electronics,110,280,68.74,63.57,94.35415
2023-12-02,S002-P0012,Electronics,107,201,60.87,63.57,120.853775
2023-12-03,S002-P0012,Electronics,102,699,55.51,63.57,107.40136
2023-12-04,S002-P0012,Electronics,114,610,73.28,63.57,103.48844
2023-12-05,S002-P0012,Electronics,75,494,60.99,63.57,104.50919
2023-12-06,S002-P0012,Electronics,85,435,59.84,63.57,106.005974
2023-12-07,S002-P0012,Electronics,110,333,72.23,63.57,102.371925
2023-12-08,S002-P0012,Electronics,71,254,63.35,63.57,83.359024
2023-12-09,S002-P0012,Electronics,109,190,56.81,63.57,133.46078
2023-12-10,S002-P0012,Electronics,128,107,57.25,63.57,119.69041
2023-12-11,S002-P0012,Electronics,142,383,75.37,63.57,110.518295
2023-12-12,S002-P0012,Electronics,96,217,72.71,63.57,84.28078
2023-12-13,S002-P0012,Electronics,98,137,65.79,63.57,106.005974
2023-12-14,S002-P0012,Electronics,130,485,76.9,63.57,102.03623
2023-12-15,S002-P0012,Electronics,110,398,57.8,63.57,131.95448
2023-12-16,S002-P0012,Electronics,104,284,67.28,63.57,85.08032
2023-12-17,S002-P0012,Electronics,122,172,71.12,63.57,107.95576
2023-12-18,S002-P0012,Electronics,106,575,64.17,63.57,104.16608
2023-12-19,S002-P0012,Electronics,119,471,62.52,63.57,120.96463
2023-12-20,S002-P0012,Electronics,108,348,68.05,63.57,86.49666
2023-12-21,S002-P0012,Electronics,118,252,70.32,63.57,94.048744
2023-12-22,S002-P0012,Electronics,108,138,68.03,63.57,120.312965
2023-12-23,S002-P0012,Electronics,89,608,67.31,63.57,95.73471
2023-12-24,S002-P0012,Electronics,79,518,61.62,63.57,94.36791
2023-12-25,S002-P0012,Electronics,32,466,45.74,63.57,110.519905
2023-12-26,S002-P0012,Electronics,76,431,64.39,63.57,104.50919
2023-12-27,S002-P0012,Electronics,47,368,54.65,63.57,57.80781
2023-12-28,S002-P0012,Electronics,51,320,55.85,63.57,44.906578
2023-12-29,S002-P0012,Electronics,46,274,57.51,63.57,56.188057
2023-12-30,S002-P0012,Electronics,50,228,55.61,63.57,52.203434
2023-12-31,S002-P0012,Electronics,30,197,56.83,63.57,56.057167
2024-01-01,S002-P0012,Electronics,31,165,51.48,63.57,48.191597
2024-01-02,S002-P0012,Electronics,76,337,61.22,63.57,55.1743
2024-01-03,S002-P0012,Electronics,59,275,60.63,63.57,51.142433
2024-01-04,S002-P0012,Electronics,26,229,47.73,63.57,55.5542
2024-01-05,S002-P0012,Electronics,51,203,55.77,63.57,48.263397
2024-01-06,S002-P0012,Electronics,75,491,60.86,63.57,49.511765
2024-01-07,S002-P0012,Electronics,18,418,40.9,63.57,75.29939
2024-01-08,S002-P0012,Electronics,58,401,63.49,63.57,54.172318
2024-01-09,S002-P0012,Electronics,93,335,64.82,63.57,121.225876
2024-01-10,S002-P0012,Electronics,118,248,70.41,63.57,84.2833
2024-01-11,S002-P0012,Electronics,65,160,52.56,63.57,109.8388
2024-01-12,S002-P0012,Electronics,122,95,67.17,63.57,120.647865
2024-01-13,S002-P0012,Electronics,162,337,70.92,63.57,121.83827
2024-01-14,S002-P0012,Electronics,79,179,68.57,63.57,91.96293
2024-01-15,S002-P0012,Electronics,124,103,71.42,63.57,93.38832
2024-01-16,S002-P0012,Electronics,89,455,63.87,63.57,83.73839
2024-01-17,S002-P0012,Electronics,72,400,50.19,63.57,122.75427
2024-01-18,S002-P0012,Electronics,105,356,56.9,63.57,131.98418
2024-01-19,S002-P0012,Electronics,68,793,65.89,63.57,82.96476
2024-01-20,S002-P0012,Electronics,115,745,77.15,63.57,102.69396
2024-01-21,S002-P0012,Electronics,45,660,54.29,63.57,84.09399
2024-01-22,S002-P0012,Electronics,94,613,54.9,63.57,110.866234
2024-01-23,S002-P0012,Electronics,91,546,57.77,63.57,110.33013
2024-01-24,S002-P0012,Electronics,119,439,66.81,63.57,103.74186
2024-01-25,S002-P0012,Electronics,86,318,49.97,63.57,132.94853
2024-01-26,S002-P0012,Electronics,49,243,58.16,63.57,101.52103
2024-01-27,S002-P0012,Electronics,81,195,65.62,63.57,102.69396
2024-01-28,S002-P0012,Electronics,87,606,66.91,63.57,91.96293
2024-01-29,S002-P0012,Electronics,77,502,61.35,63.57,84.357925
2024-01-30,S002-P0012,Electronics,96,423,72.63,63.57,83.3854
2023-10-03,S002-P0013,Groceries,102,301,20.25,22.134999999999998,129.47255
2023-10-04,S002-P0013,Groceries,87,219,22.52,22.134999999999998,99.29555
2023-10-05,S002-P0013,Groceries,96,501,20.89,22.134999999999998,124.6759
2023-10-06,S002-P0013,Groceries,51,398,18.77,22.134999999999998,100.80996
2023-10-07,S002-P0013,Groceries,52,350,17.82,22.134999999999998,64.7554
2023-10-08,S002-P0013,Groceries,95,291,20.82,22.134999999999998,81.79621
2023-10-09,S002-P0013,Groceries,56,224,19.1,22.134999999999998,72.55151
2023-10-10,S002-P0013,Groceries,92,183,17.4,22.134999999999998,93.853195
2023-10-11,S002-P0013,Groceries,47,414,18.44,22.134999999999998,65.25779
2023-10-12,S002-P0013,Groceries,60,382,15.52,22.134999999999998,102.78188
2023-10-13,S002-P0013,Groceries,103,315,23.71,22.134999999999998,67.71673
2023-10-14,S002-P0013,Groceries,73,235,20.33,22.134999999999998,65.41627
2023-10-15,S002-P0013,Groceries,65,166,18.81,22.134999999999998,75.25969
2023-10-16,S002-P0013,Groceries,67,493,16.94,22.134999999999998,93.87899
2023-10-17,S002-P0013,Groceries,93,449,19.67,22.134999999999998,84.01054
2023-10-18,S002-P0013,Groceries,62,366,20.6,22.134999999999998,72.87728
2023-10-19,S002-P0013,Groceries,35,322,15.83,22.134999999999998,66.47411
2023-10-20,S002-P0013,Groceries,86,289,17.06,22.134999999999998,84.404045
2023-10-21,S002-P0013,Groceries,73,214,18.34,22.134999999999998,72.82696
2023-10-22,S002-P0013,Groceries,89,146,17.23,22.134999999999998,104.134285
2023-10-23,S002-P0013,Groceries,75,357,16.21,22.134999999999998,103.20454
2023-10-24,S002-P0013,Groceries,92,269,20.63,22.134999999999998,80.38861
2023-10-25,S002-P0013,Groceries,125,183,22.92,22.134999999999998,129.47638
2023-10-26,S002-P0013,Groceries,141,44,24.03,22.134999999999998,111.67096
2023-10-27,S002-P0013,Groceries,137,304,23.72,22.134999999999998,111.73167
2023-10-28,S002-P0013,Groceries,132,163,23.42,22.134999999999998,123.51368
2023-10-29,S002-P0013,Groceries,114,494,23.35,22.134999999999998,112.79688
2023-10-30,S002-P0013,Groceries,95,388,20.86,22.134999999999998,112.37251
2023-10-31,S002-P0013,Groceries,138,317,23.88,22.134999999999998,98.29348
2023-11-01,S002-P0013,Groceries,186,213,22.91,22.134999999999998,152.28423
2023-11-02,S002-P0013,Groceries,110,89,24.32,22.134999999999998,124.21135
2023-11-03,S002-P0013,Groceries,88,428,21.49,22.134999999999998,114.48339
2023-11-04,S002-P0013,Groceries,147,331,24.49,22.134999999999998,95.37563
2023-11-05,S002-P0013,Groceries,128,221,19.24,22.134999999999998,130.02574
2023-11-06,S002-P0013,Groceries,130,82,25.85,22.134999999999998,95.836235
2023-11-07,S002-P0013,Groceries,98,378,22.16,22.134999999999998,124.39199
2023-11-08,S002-P0013,Groceries,113,296,22.04,22.134999999999998,131.69682
2023-11-09,S002-P0013,Groceries,86,224,20.22,22.134999999999998,97.00417
2023-11-10,S002-P0013,Groceries,140,157,23.91,22.134999999999998,112.55819
2023-11-11,S002-P0013,Groceries,123,404,25.32,22.134999999999998,95.59586
2023-11-12,S002-P0013,Groceries,157,290,27.88,22.134999999999998,128.43907
2023-11-13,S002-P0013,Groceries,224,153,33.1,22.134999999999998,123.04159
2023-11-14,S002-P0013,Groceries,207,383,24.16,22.134999999999998,151.71512
2023-11-15,S002-P0013,Groceries,86,192,20.2,22.134999999999998,97.538605
2023-11-16,S002-P0013,Groceries,70,879,18.15,22.134999999999998,133.7158
2023-11-17,S002-P0013,Groceries,43,832,18.15,22.134999999999998,97.92686
2023-11-18,S002-P0013,Groceries,81,790,17.8,22.134999999999998,167.77904
2023-11-19,S002-P0013,Groceries,69,706,20.09,22.134999999999998,114.45805
2023-11-20,S002-P0013,Groceries,103,624,19.01,22.134999999999998,151.07944
2023-11-21,S002-P0013,Groceries,107,547,17.14,22.134999999999998,131.67273
2023-11-22,S002-P0013,Groceries,91,471,20.52,22.134999999999998,96.73046
2023-11-23,S002-P0013,Groceries,133,413,21.06,22.134999999999998,153.27141
2023-11-24,S002-P0013,Groceries,57,323,18.24,22.134999999999998,96.478355
2023-11-25,S002-P0013,Groceries,135,277,22.39,22.134999999999998,131.23494
2023-11-26,S002-P0013,Groceries,80,523,20.84,22.134999999999998,97.93455
2023-11-27,S002-P0013,Groceries,146,440,24.39,22.134999999999998,122.31095
2023-11-28,S002-P0013,Groceries,94,299,20.73,22.134999999999998,96.69308
2023-11-29,S002-P0013,Groceries,64,215,20.71,22.134999999999998,98.05732
2023-11-30,S002-P0013,Groceries,154,553,23.63,22.134999999999998,97.34727
2023-12-01,S002-P0013,Groceries,177,422,23.53,22.134999999999998,145.70264
2023-12-02,S002-P0013,Groceries,74,241,18.41,22.134999999999998,148.68793
2023-12-03,S002-P0013,Groceries,82,167,22.1,22.134999999999998,95.51058
2023-12-04,S002-P0013,Groceries,227,663,24.97,22.134999999999998,155.82652
2023-12-05,S002-P0013,Groceries,91,416,19.42,22.134999999999998,160.08421
2023-12-06,S002-P0013,Groceries,111,333,18.49,22.134999999999998,159.76265
2023-12-07,S002-P0013,Groceries,96,855,20.9,22.134999999999998,119.31718
2023-12-08,S002-P0013,Groceries,61,750,17.54,22.134999999999998,95.09001
2023-12-09,S002-P0013,Groceries,94,700,20.73,22.134999999999998,123.15368
2023-12-10,S002-P0013,Groceries,68,608,20.03,22.134999999999998,111.21606
2023-12-11,S002-P0013,Groceries,144,529,23.04,22.134999999999998,99.99209
2023-12-12,S002-P0013,Groceries,61,356,18.46,22.134999999999998,97.64382
2023-12-13,S002-P0013,Groceries,183,291,25.6,22.134999999999998,161.93633
2023-12-14,S002-P0013,Groceries,73,153,18.3,22.134999999999998,119.31718
2023-12-15,S002-P0013,Groceries,173,97,26.26,22.134999999999998,120.75465
2023-12-16,S002-P0013,Groceries,123,547,24.03,22.134999999999998,97.55809
2023-12-17,S002-P0013,Groceries,92,435,16.29,22.134999999999998,125.56452
2023-12-18,S002-P0013,Groceries,207,348,30.18,22.134999999999998,121.29382
2023-12-19,S002-P0013,Groceries,125,223,22.93,22.134999999999998,111.565285
2023-12-20,S002-P0013,Groceries,150,107,22.13,22.134999999999998,130.73831
2023-12-21,S002-P0013,Groceries,71,602,19.19,22.134999999999998,109.204124
2023-12-22,S002-P0013,Groceries,40,559,14.18,22.134999999999998,144.56068
2023-12-23,S002-P0013,Groceries,138,516,25.11,22.134999999999998,112.44767
2023-12-24,S002-P0013,Groceries,111,407,22.01,22.134999999999998,109.999054
2023-12-25,S002-P0013,Groceries,87,316,21.39,22.134999999999998,99.96902
2023-12-26,S002-P0013,Groceries,100,246,21.22,22.134999999999998,122.8814
2023-12-27,S002-P0013,Groceries,80,171,19.75,22.134999999999998,113.389046
2023-12-28,S002-P0013,Groceries,64,318,18.64,22.134999999999998,69.23845
2023-12-29,S002-P0013,Groceries,124,274,25.4,22.134999999999998,85.041794
2023-12-30,S002-P0013,Groceries,50,191,17.66,22.134999999999998,76.07848
2023-12-31,S002-P0013,Groceries,39,153,18.83,22.134999999999998,86.10717
2024-01-01,S002-P0013,Groceries,99,471,21.12,22.134999999999998,75.405426
2024-01-02,S002-P0013,Groceries,63,408,17.68,22.134999999999998,112.07027
2024-01-03,S002-P0013,Groceries,72,349,19.25,22.134999999999998,76.04235
2024-01-04,S002-P0013,Groceries,109,306,21.78,22.134999999999998,85.66877
2024-01-05,S002-P0013,Groceries,84,206,16.94,22.134999999999998,100.96572
2024-01-06,S002-P0013,Groceries,80,149,19.8,22.134999999999998,75.74414
2024-01-07,S002-P0013,Groceries,123,379,20.44,22.134999999999998,113.10627
2024-01-08,S002-P0013,Groceries,34,236,16.63,22.134999999999998,84.91115
2024-01-09,S002-P0013,Groceries,151,212,22.18,22.134999999999998,147.08388
2024-01-10,S002-P0013,Groceries,63,454,17.67,22.134999999999998,133.92136
2024-01-11,S002-P0013,Groceries,4,385,16.13,22.134999999999998,97.53643
2024-01-12,S002-P0013,Groceries,152,381,23.52,22.134999999999998,109.56922
2024-01-13,S002-P0013,Groceries,146,260,23.11,22.134999999999998,109.72761
2024-01-14,S002-P0013,Groceries,146,162,25.73,22.134999999999998,110.60844
2024-01-15,S002-P0013,Groceries,111,399,21.96,22.134999999999998,109.34304
2024-01-16,S002-P0013,Groceries,128,280,18.3,22.134999999999998,130.51448
2024-01-17,S002-P0013,Groceries,118,136,20.13,22.134999999999998,147.7238
2024-01-18,S002-P0013,Groceries,107,2,24.09,22.134999999999998,119.395584
2024-01-19,S002-P0013,Groceries,168,406,27.33,22.134999999999998,97.50291
2024-01-20,S002-P0013,Groceries,131,295,24.58,22.134999999999998,122.12513
2024-01-21,S002-P0013,Groceries,82,179,20.0,22.134999999999998,96.88328
2024-01-22,S002-P0013,Groceries,114,548,22.11,22.134999999999998,96.85114
2024-01-23,S002-P0013,Groceries,138,425,18.83,22.134999999999998,130.51448
2024-01-24,S002-P0013,Groceries,134,320,22.33,22.134999999999998,120.96465
2024-01-25,S002-P0013,Groceries,114,201,21.02,22.134999999999998,159.43007
2024-01-26,S002-P0013,Groceries,120,536,23.82,22.134999999999998,123.546074
2024-01-27,S002-P0013,Groceries,117,433,17.7,22.134999999999998,159.62004
2024-01-28,S002-P0013,Groceries,130,302,24.54,22.134999999999998,109.59576
2024-01-29,S002-P0013,Groceries,80,186,18.76,22.134999999999998,96.85114
2024-01-30,S002-P0013,Groceries,129,125,24.46,22.134999999999998,96.94961
2023-10-03,S002-P0014,Electronics,74,703,109.78,114.65,85.81712
2023-10-04,S002-P0014,Electronics,28,623,92.05,114.65,86.00374
2023-10-05,S002-P0014,Electronics,122,597,128.66,114.65,104.87377
2023-10-06,S002-P0014,Electronics,149,453,139.51,114.65,87.574745
2023-10-07,S002-P0014,Electronics,82,316,119.33,114.65,45.75562
2023-10-08,S002-P0014,Electronics,57,232,103.04,114.65,74.92094
2023-10-09,S002-P0014,Electronics,44,185,77.65,114.65,68.57619
2023-10-10,S002-P0014,Electronics,57,630,108.99,114.65,52.187424
2023-10-11,S002-P0014,Electronics,65,582,89.84,114.65,60.61256
2023-10-12,S002-P0014,Electronics,99,538,113.82,114.65,77.56771
2023-10-13,S002-P0014,Electronics,47,458,99.12,114.65,47.355774
2023-10-14,S002-P0014,Electronics,87,402,90.93,114.65,61.016304
2023-10-15,S002-P0014,Electronics,110,307,98.32,114.65,68.77674
2023-10-16,S002-P0014,Electronics,39,200,91.18,114.65,51.322376
2023-10-17,S002-P0014,Electronics,44,173,81.59,114.65,61.258884
2023-10-18,S002-P0014,Electronics,33,490,89.19,114.65,67.459236
2023-10-19,S002-P0014,Electronics,57,458,87.12,114.65,62.70426
2023-10-20,S002-P0014,Electronics,78,413,105.76,114.65,47.111683
2023-10-21,S002-P0014,Electronics,40,345,107.26,114.65,51.6422
2023-10-22,S002-P0014,Electronics,56,314,86.77,114.65,75.80302
2023-10-23,S002-P0014,Electronics,89,252,115.78,114.65,56.59589
2023-10-24,S002-P0014,Electronics,22,164,94.41,114.65,57.50147
2023-10-25,S002-P0014,Electronics,67,141,113.19,114.65,86.97074
2023-10-26,S002-P0014,Electronics,49,86,105.53,114.65,94.282326
2023-10-27,S002-P0014,Electronics,132,421,133.33,114.65,95.85856
2023-10-28,S002-P0014,Electronics,65,337,112.38,114.65,106.12455
2023-10-29,S002-P0014,Electronics,52,296,96.23,114.65,97.40497
2023-10-30,S002-P0014,Electronics,86,244,127.55,114.65,95.54857
2023-10-31,S002-P0014,Electronics,46,786,99.35,114.65,85.26894
2023-11-01,S002-P0014,Electronics,100,754,126.92,114.65,96.82925
2023-11-02,S002-P0014,Electronics,126,686,116.0,114.65,139.78487
2023-11-03,S002-P0014,Electronics,150,546,132.91,114.65,124.97262
2023-11-04,S002-P0014,Electronics,145,445,115.08,114.65,112.99048
2023-11-05,S002-P0014,Electronics,140,278,121.93,114.65,110.19538
2023-11-06,S002-P0014,Electronics,83,160,126.11,114.65,84.30987
2023-11-07,S002-P0014,Electronics,78,639,117.85,114.65,106.00244
2023-11-08,S002-P0014,Electronics,162,590,128.6,114.65,112.8189
2023-11-09,S002-P0014,Electronics,99,413,133.06,114.65,81.48378
2023-11-10,S002-P0014,Electronics,54,296,85.02,114.65,125.15665
2023-11-11,S002-P0014,Electronics,123,240,102.28,114.65,112.99048
2023-11-12,S002-P0014,Electronics,86,843,101.99,114.65,137.58334
2023-11-13,S002-P0014,Electronics,46,783,104.42,114.65,103.050026
2023-11-14,S002-P0014,Electronics,121,749,115.24,114.65,127.30668
2023-11-15,S002-P0014,Electronics,69,624,102.65,114.65,114.42077
2023-11-16,S002-P0014,Electronics,99,568,126.6,114.65,81.48378
2023-11-17,S002-P0014,Electronics,72,482,115.02,114.65,87.13104
2023-11-18,S002-P0014,Electronics,88,398,115.61,114.65,105.98196
2023-11-19,S002-P0014,Electronics,102,311,127.88,114.65,98.29175
2023-11-20,S002-P0014,Electronics,57,231,103.03,114.65,93.07381
2023-11-21,S002-P0014,Electronics,39,174,101.43,114.65,83.77389
2023-11-22,S002-P0014,Electronics,40,565,96.84,114.65,84.40287
2023-11-23,S002-P0014,Electronics,88,541,115.32,114.65,91.927536
2023-11-24,S002-P0014,Electronics,30,482,97.54,114.65,86.626526
2023-11-25,S002-P0014,Electronics,101,448,114.43,114.65,83.46197
2023-11-26,S002-P0014,Electronics,68,383,107.76,114.65,87.797806
2023-11-27,S002-P0014,Electronics,47,326,104.86,114.65,103.050026
2023-11-28,S002-P0014,Electronics,69,292,119.93,114.65,84.89345
2023-11-29,S002-P0014,Electronics,65,550,106.42,114.65,85.24291
2023-11-30,S002-P0014,Electronics,70,472,114.39,114.65,82.52357
2023-12-01,S002-P0014,Electronics,99,420,126.57,114.65,93.670555
2023-12-02,S002-P0014,Electronics,42,350,97.33,114.65,96.471436
2023-12-03,S002-P0014,Electronics,97,323,105.62,114.65,107.3529
2023-12-04,S002-P0014,Electronics,118,265,127.42,114.65,104.16608
2023-12-05,S002-P0014,Electronics,97,604,118.81,114.65,104.92883
2023-12-06,S002-P0014,Electronics,109,498,124.23,114.65,105.55157
2023-12-07,S002-P0014,Electronics,46,386,99.11,114.65,102.371925
2023-12-08,S002-P0014,Electronics,106,353,116.23,114.65,83.5436
2023-12-09,S002-P0014,Electronics,117,266,113.68,114.65,132.78691
2023-12-10,S002-P0014,Electronics,135,608,105.94,114.65,119.69041
2023-12-11,S002-P0014,Electronics,80,468,106.73,114.65,110.518295
2023-12-12,S002-P0014,Electronics,93,394,105.47,114.65,108.3799
2023-12-13,S002-P0014,Electronics,86,338,115.06,114.65,105.55157
2023-12-14,S002-P0014,Electronics,129,892,109.72,114.65,131.55046
2023-12-15,S002-P0014,Electronics,97,748,125.52,114.65,102.5441
2023-12-16,S002-P0014,Electronics,113,684,111.51,114.65,108.320625
2023-12-17,S002-P0014,Electronics,86,555,120.99,114.65,83.0693
2023-12-18,S002-P0014,Electronics,102,497,134.32,114.65,102.86855
2023-12-19,S002-P0014,Electronics,133,407,126.52,114.65,96.001305
2023-12-20,S002-P0014,Electronics,99,271,133.25,114.65,85.388245
2023-12-21,S002-P0014,Electronics,103,170,95.94,114.65,120.133095
2023-12-22,S002-P0014,Electronics,74,109,110.03,114.65,95.1214
2023-12-23,S002-P0014,Electronics,96,577,100.19,114.65,121.428505
2023-12-24,S002-P0014,Electronics,130,492,110.0,114.65,119.69041
2023-12-25,S002-P0014,Electronics,54,350,107.87,114.65,85.889854
2023-12-26,S002-P0014,Electronics,168,300,155.33,114.65,104.23937
2023-12-27,S002-P0014,Electronics,58,98,98.59,114.65,57.80781
2023-12-28,S002-P0014,Electronics,11,533,94.75,114.65,44.923283
2023-12-29,S002-P0014,Electronics,57,521,103.68,114.65,55.770767
2023-12-30,S002-P0014,Electronics,29,480,92.01,114.65,52.14321
2023-12-31,S002-P0014,Electronics,80,452,112.34,114.65,55.627285
2024-01-01,S002-P0014,Electronics,61,384,94.1,114.65,66.45342
2024-01-02,S002-P0014,Electronics,43,317,102.93,114.65,55.1743
2024-01-03,S002-P0014,Electronics,47,273,104.85,114.65,50.27291
2024-01-04,S002-P0014,Electronics,51,244,95.85,114.65,55.5542
2024-01-05,S002-P0014,Electronics,38,197,80.91,114.65,65.7443
2024-01-06,S002-P0014,Electronics,49,154,105.44,114.65,50.010914
2024-01-07,S002-P0014,Electronics,53,102,101.64,114.65,53.850216
2024-01-08,S002-P0014,Electronics,37,248,95.65,114.65,53.760323
2024-01-09,S002-P0014,Electronics,81,210,101.2,114.65,121.39623
2024-01-10,S002-P0014,Electronics,51,140,106.49,114.65,84.199745
2024-01-11,S002-P0014,Electronics,117,83,126.79,114.65,83.75491
2024-01-12,S002-P0014,Electronics,98,0,113.37,114.65,93.26162
2024-01-13,S002-P0014,Electronics,122,359,143.25,114.65,93.994225
2024-01-14,S002-P0014,Electronics,72,218,115.05,114.65,91.96293
2024-01-15,S002-P0014,Electronics,72,678,115.28,114.65,92.49874
2024-01-16,S002-P0014,Electronics,90,630,109.67,114.65,110.33013
2024-01-17,S002-P0014,Electronics,77,531,105.58,114.65,95.158165
2024-01-18,S002-P0014,Electronics,184,455,153.45,114.65,132.26094
2024-01-19,S002-P0014,Electronics,108,268,116.47,114.65,108.98437
2024-01-20,S002-P0014,Electronics,161,161,137.03,114.65,134.42879
2024-01-21,S002-P0014,Electronics,135,1,105.94,114.65,108.85713
2024-01-22,S002-P0014,Electronics,80,808,99.88,114.65,110.866234
2024-01-23,S002-P0014,Electronics,95,752,118.38,114.65,83.73839
2024-01-24,S002-P0014,Electronics,87,647,114.91,114.65,103.74186
2024-01-25,S002-P0014,Electronics,87,592,121.62,114.65,100.61102
2024-01-26,S002-P0014,Electronics,121,502,142.81,114.65,101.52103
2024-01-27,S002-P0014,Electronics,148,427,124.7,114.65,134.21225
2024-01-28,S002-P0014,Electronics,37,328,105.76,114.65,91.96293
2024-01-29,S002-P0014,Electronics,90,305,129.18,114.65,83.9975
2024-01-30,S002-P0014,Electronics,101,676,127.18,114.65,83.46721
2023-10-03,S002-P0015,Clothing,69,212,59.4,66.045,88.23533
2023-10-04,S002-P0015,Clothing,60,135,57.28,66.045,88.27382
2023-10-05,S002-P0015,Clothing,147,575,76.18,66.045,107.60005
2023-10-06,S002-P0015,Clothing,131,400,69.05,66.045,116.33805
2023-10-07,S002-P0015,Clothing,130,303,60.5,66.045,109.03976
2023-10-08,S002-P0015,Clothing,131,180,69.03,66.045,130.32018
2023-10-09,S002-P0015,Clothing,170,620,68.53,66.045,116.69437
2023-10-10,S002-P0015,Clothing,127,471,72.15,66.045,93.63297
2023-10-11,S002-P0015,Clothing,127,344,79.72,66.045,86.12997
2023-10-12,S002-P0015,Clothing,240,207,91.5,66.045,102.67009
2023-10-13,S002-P0015,Clothing,131,596,76.84,66.045,86.804665
2023-10-14,S002-P0015,Clothing,121,509,74.4,66.045,86.39117
2023-10-15,S002-P0015,Clothing,217,407,86.21,66.045,119.39225
2023-10-16,S002-P0015,Clothing,147,944,72.36,66.045,93.12794
2023-10-17,S002-P0015,Clothing,127,843,68.32,66.045,87.207954
2023-10-18,S002-P0015,Clothing,155,744,74.0,66.045,93.65181
2023-10-19,S002-P0015,Clothing,129,617,80.24,66.045,88.05136
2023-10-20,S002-P0015,Clothing,96,504,61.81,66.045,88.107
2023-10-21,S002-P0015,Clothing,69,394,56.29,66.045,93.84649
2023-10-22,S002-P0015,Clothing,60,347,54.41,66.045,130.32018
2023-10-23,S002-P0015,Clothing,105,278,70.75,66.045,101.24229
2023-10-24,S002-P0015,Clothing,157,173,62.01,66.045,128.4879
2023-10-25,S002-P0015,Clothing,63,77,58.11,66.045,89.28285
2023-10-26,S002-P0015,Clothing,99,7,52.01,66.045,126.73409
2023-10-27,S002-P0015,Clothing,82,371,65.64,66.045,97.42606
2023-10-28,S002-P0015,Clothing,128,825,60.93,66.045,141.23007
2023-10-29,S002-P0015,Clothing,137,706,78.08,66.045,97.7213
2023-10-30,S002-P0015,Clothing,112,595,76.29,66.045,97.88053
2023-10-31,S002-P0015,Clothing,102,512,73.92,66.045,88.38659
2023-11-01,S002-P0015,Clothing,163,404,71.46,66.045,129.27855
2023-11-02,S002-P0015,Clothing,95,284,64.91,66.045,140.70741
2023-11-03,S002-P0015,Clothing,125,208,75.29,66.045,99.13031
2023-11-04,S002-P0015,Clothing,103,95,63.27,66.045,87.86211
2023-11-05,S002-P0015,Clothing,109,685,64.64,66.045,90.81546
2023-11-06,S002-P0015,Clothing,23,575,54.92,66.045,89.854
2023-11-07,S002-P0015,Clothing,99,551,62.57,66.045,108.62586
2023-11-08,S002-P0015,Clothing,77,460,58.02,66.045,88.014915
2023-11-09,S002-P0015,Clothing,114,410,69.18,66.045,90.57023
2023-11-10,S002-P0015,Clothing,84,315,66.05,66.045,99.13031
2023-11-11,S002-P0015,Clothing,100,246,58.61,66.045,116.40482
2023-11-12,S002-P0015,Clothing,118,138,66.38,66.045,109.16391
2023-11-13,S002-P0015,Clothing,78,514,58.12,66.045,109.2732
2023-11-14,S002-P0015,Clothing,75,458,60.5,66.045,97.36587
2023-11-15,S002-P0015,Clothing,99,392,65.9,66.045,86.90827
2023-11-16,S002-P0015,Clothing,55,321,56.35,66.045,90.37324
2023-11-17,S002-P0015,Clothing,121,255,78.29,66.045,90.55194
2023-11-18,S002-P0015,Clothing,119,114,73.96,66.045,110.58599
2023-11-19,S002-P0015,Clothing,50,450,52.5,66.045,98.411575
2023-11-20,S002-P0015,Clothing,81,392,58.75,66.045,127.21049
2023-11-21,S002-P0015,Clothing,122,325,56.0,66.045,116.64419
2023-11-22,S002-P0015,Clothing,112,209,60.99,66.045,116.579254
2023-11-23,S002-P0015,Clothing,152,104,73.01,66.045,128.56514
2023-11-24,S002-P0015,Clothing,72,0,60.16,66.045,90.035255
2023-11-25,S002-P0015,Clothing,93,434,68.07,66.045,87.839455
2023-11-26,S002-P0015,Clothing,105,348,63.65,66.045,116.89475
2023-11-27,S002-P0015,Clothing,175,744,77.67,66.045,139.0334
2023-11-28,S002-P0015,Clothing,27,564,44.67,66.045,115.8295
2023-11-29,S002-P0015,Clothing,114,547,72.95,66.045,87.40397
2023-11-30,S002-P0015,Clothing,69,478,59.45,66.045,88.589
2023-12-01,S002-P0015,Clothing,149,1044,80.89,66.045,115.80877
2023-12-02,S002-P0015,Clothing,147,951,76.12,66.045,150.22023
2023-12-03,S002-P0015,Clothing,172,825,77.01,66.045,133.33357
2023-12-04,S002-P0015,Clothing,123,684,74.88,66.045,128.29808
2023-12-05,S002-P0015,Clothing,118,571,77.62,66.045,128.6691
2023-12-06,S002-P0015,Clothing,132,449,64.8,66.045,161.17009
2023-12-07,S002-P0015,Clothing,101,300,70.02,66.045,129.67947
2023-12-08,S002-P0015,Clothing,96,217,68.81,66.045,104.38674
2023-12-09,S002-P0015,Clothing,106,126,70.96,66.045,128.78477
2023-12-10,S002-P0015,Clothing,70,458,62.79,66.045,116.05706
2023-12-11,S002-P0015,Clothing,62,406,64.29,66.045,106.56382
2023-12-12,S002-P0015,Clothing,116,355,65.91,66.045,105.41578
2023-12-13,S002-P0015,Clothing,97,284,58.71,66.045,161.49245
2023-12-14,S002-P0015,Clothing,118,204,59.12,66.045,160.12746
2023-12-15,S002-P0015,Clothing,83,91,62.59,66.045,127.080864
2023-12-16,S002-P0015,Clothing,149,403,76.57,66.045,135.24211
2023-12-17,S002-P0015,Clothing,127,225,60.7,66.045,133.07869
2023-12-18,S002-P0015,Clothing,162,133,75.55,66.045,127.87353
2023-12-19,S002-P0015,Clothing,78,0,68.03,66.045,117.1452
2023-12-20,S002-P0015,Clothing,64,692,64.66,66.045,106.224625
2023-12-21,S002-P0015,Clothing,93,653,71.69,66.045,118.30186
2023-12-22,S002-P0015,Clothing,117,547,73.66,66.045,115.80877
2023-12-23,S002-P0015,Clothing,61,441,54.64,66.045,116.192894
2023-12-24,S002-P0015,Clothing,80,370,61.91,66.045,116.05706
2023-12-25,S002-P0015,Clothing,133,274,65.63,66.045,135.27309
2023-12-26,S002-P0015,Clothing,82,141,65.63,66.045,128.33086
2023-12-27,S002-P0015,Clothing,221,78,87.68,66.045,145.26028
2023-12-28,S002-P0015,Clothing,106,313,60.48,66.045,125.83599
2023-12-29,S002-P0015,Clothing,153,228,81.69,66.045,117.25756
2023-12-30,S002-P0015,Clothing,125,62,75.42,66.045,107.5557
2023-12-31,S002-P0015,Clothing,165,1052,76.13,66.045,118.210106
2024-01-01,S002-P0015,Clothing,121,876,58.8,66.045,134.08372
2024-01-02,S002-P0015,Clothing,185,779,89.0,66.045,119.98042
2024-01-03,S002-P0015,Clothing,139,563,74.54,66.045,134.95586
2024-01-04,S002-P0015,Clothing,154,421,86.24,66.045,121.80503
2024-01-05,S002-P0015,Clothing,133,320,69.4,66.045,109.15782
2024-01-06,S002-P0015,Clothing,31,844,48.57,66.045,108.36322
2024-01-07,S002-P0015,Clothing,230,815,89.41,66.045,146.18413
2024-01-08,S002-P0015,Clothing,100,567,62.77,66.045,119.015755
2024-01-09,S002-P0015,Clothing,135,493,62.06,66.045,151.32329
2024-01-10,S002-P0015,Clothing,96,349,65.26,66.045,106.67599
2024-01-11,S002-P0015,Clothing,90,1086,63.79,66.045,108.973656
2024-01-12,S002-P0015,Clothing,130,1012,60.34,66.045,148.99898
2024-01-13,S002-P0015,Clothing,162,928,71.37,66.045,152.33757
2024-01-14,S002-P0015,Clothing,137,761,82.3,66.045,118.892975
2024-01-15,S002-P0015,Clothing,170,638,77.01,66.045,119.145485
2024-01-16,S002-P0015,Clothing,92,482,64.49,66.045,106.55781
2024-01-17,S002-P0015,Clothing,99,401,69.46,66.045,119.66775
2024-01-18,S002-P0015,Clothing,125,306,75.42,66.045,131.93674
2024-01-19,S002-P0015,Clothing,123,810,78.82,66.045,106.21837
2024-01-20,S002-P0015,Clothing,202,678,83.63,66.045,165.11249
2024-01-21,S002-P0015,Clothing,139,503,70.67,66.045,106.04647
2024-01-22,S002-P0015,Clothing,111,390,68.63,66.045,107.975945
2024-01-23,S002-P0015,Clothing,108,260,71.59,66.045,107.03657
2024-01-24,S002-P0015,Clothing,79,1017,61.49,66.045,130.86508
2024-01-25,S002-P0015,Clothing,121,934,78.3,66.045,131.93674
2024-01-26,S002-P0015,Clothing,206,802,70.48,66.045,161.52016
2024-01-27,S002-P0015,Clothing,179,616,78.91,66.045,165.11249
2024-01-28,S002-P0015,Clothing,58,409,53.97,66.045,149.47269
2024-01-29,S002-P0015,Clothing,122,348,74.65,66.045,108.111824
2024-01-30,S002-P0015,Clothing,67,1039,62.11,66.045,107.03657
2023-10-03,S002-P0016,Clothing,70,0,76.95,85.41999999999999,88.23533
2023-10-04,S002-P0016,Clothing,156,357,100.8,85.41999999999999,117.444214
2023-10-05,S002-P0016,Clothing,117,261,80.72,85.41999999999999,139.6922
2023-10-06,S002-P0016,Clothing,130,128,77.95,85.41999999999999,115.134636
2023-10-07,S002-P0016,Clothing,121,303,81.07,85.41999999999999,108.880684
2023-10-08,S002-P0016,Clothing,81,229,80.08,85.41999999999999,104.00552
2023-10-09,S002-P0016,Clothing,72,160,64.6,85.41999999999999,117.10401
2023-10-10,S002-P0016,Clothing,144,80,97.72,85.41999999999999,93.63297
2023-10-11,S002-P0016,Clothing,144,124,97.61,85.41999999999999,86.12209
2023-10-12,S002-P0016,Clothing,77,314,74.88,85.41999999999999,102.67009
2023-10-13,S002-P0016,Clothing,157,248,90.01,85.41999999999999,108.07169
2023-10-14,S002-P0016,Clothing,92,89,78.74,85.41999999999999,86.31652
2023-10-15,S002-P0016,Clothing,133,290,99.65,85.41999999999999,95.31901
2023-10-16,S002-P0016,Clothing,92,190,87.69,85.41999999999999,92.95346
2023-10-17,S002-P0016,Clothing,114,355,94.05,85.41999999999999,87.08305
2023-10-18,S002-P0016,Clothing,54,268,57.28,85.41999999999999,117.64007
2023-10-19,S002-P0016,Clothing,44,226,77.2,85.41999999999999,88.05136
2023-10-20,S002-P0016,Clothing,90,196,91.74,85.41999999999999,88.12889
2023-10-21,S002-P0016,Clothing,94,137,88.22,85.41999999999999,93.80221
2023-10-22,S002-P0016,Clothing,95,223,83.89,85.41999999999999,104.02337
2023-10-23,S002-P0016,Clothing,172,160,105.25,85.41999999999999,127.5158
2023-10-24,S002-P0016,Clothing,98,211,80.58,85.41999999999999,101.88905
2023-10-25,S002-P0016,Clothing,62,440,70.92,85.41999999999999,89.535225
2023-10-26,S002-P0016,Clothing,95,379,84.08,85.41999999999999,98.07972
2023-10-27,S002-P0016,Clothing,101,275,85.7,85.41999999999999,97.04466
2023-10-28,S002-P0016,Clothing,151,195,83.0,85.41999999999999,140.52579
2023-10-29,S002-P0016,Clothing,54,38,80.42,85.41999999999999,98.317535
2023-10-30,S002-P0016,Clothing,111,295,93.19,85.41999999999999,97.88053
2023-10-31,S002-P0016,Clothing,157,181,106.69,85.41999999999999,88.23533
2023-11-01,S002-P0016,Clothing,149,44,94.0,85.41999999999999,129.72113
2023-11-02,S002-P0016,Clothing,95,274,88.56,85.41999999999999,109.37458
2023-11-03,S002-P0016,Clothing,104,456,76.65,85.41999999999999,127.01994
2023-11-04,S002-P0016,Clothing,93,386,83.53,85.41999999999999,87.839455
2023-11-05,S002-P0016,Clothing,120,310,71.86,85.41999999999999,116.38473
2023-11-06,S002-P0016,Clothing,88,237,81.95,85.41999999999999,89.019905
2023-11-07,S002-P0016,Clothing,108,170,83.19,85.41999999999999,108.62586
2023-11-08,S002-P0016,Clothing,74,96,74.2,85.41999999999999,88.014915
2023-11-09,S002-P0016,Clothing,147,260,81.9,85.41999999999999,118.82908
2023-11-10,S002-P0016,Clothing,104,145,91.14,85.41999999999999,99.13031
2023-11-11,S002-P0016,Clothing,62,323,78.76,85.41999999999999,87.839455
2023-11-12,S002-P0016,Clothing,142,254,97.07,85.41999999999999,140.8459
2023-11-13,S002-P0016,Clothing,137,129,79.71,85.41999999999999,139.61128
2023-11-14,S002-P0016,Clothing,93,380,79.05,85.41999999999999,97.36587
2023-11-15,S002-P0016,Clothing,102,274,81.62,85.41999999999999,86.90827
2023-11-16,S002-P0016,Clothing,80,202,79.93,85.41999999999999,90.57023
2023-11-17,S002-P0016,Clothing,126,150,92.54,85.41999999999999,115.99612
2023-11-18,S002-P0016,Clothing,78,35,83.6,85.41999999999999,109.80592
2023-11-19,S002-P0016,Clothing,136,240,90.67,85.41999999999999,128.7211
2023-11-20,S002-P0016,Clothing,124,135,91.9,85.41999999999999,98.06367
2023-11-21,S002-P0016,Clothing,146,283,92.66,85.41999999999999,116.63111
2023-11-22,S002-P0016,Clothing,120,133,90.83,85.41999999999999,88.014915
2023-11-23,S002-P0016,Clothing,107,329,72.76,85.41999999999999,129.51448
2023-11-24,S002-P0016,Clothing,64,251,83.44,85.41999999999999,90.55194
2023-11-25,S002-P0016,Clothing,46,189,66.7,85.41999999999999,87.86211
2023-11-26,S002-P0016,Clothing,88,149,77.69,85.41999999999999,90.81546
2023-11-27,S002-P0016,Clothing,100,66,90.11,85.41999999999999,109.393745
2023-11-28,S002-P0016,Clothing,82,194,89.17,85.41999999999999,87.38618
2023-11-29,S002-P0016,Clothing,74,123,73.99,85.41999999999999,86.90827
2023-11-30,S002-P0016,Clothing,107,227,92.13,85.41999999999999,88.97787
2023-12-01,S002-P0016,Clothing,149,127,93.51,85.41999999999999,147.03787
2023-12-02,S002-P0016,Clothing,94,184,88.08,85.41999999999999,116.62087
2023-12-03,S002-P0016,Clothing,205,454,109.01,85.41999999999999,133.66136
2023-12-04,S002-P0016,Clothing,144,209,92.6,85.41999999999999,159.38147
2023-12-05,S002-P0016,Clothing,189,102,93.02,85.41999999999999,160.89369
2023-12-06,S002-P0016,Clothing,81,283,80.14,85.41999999999999,128.30147
2023-12-07,S002-P0016,Clothing,187,647,103.37,85.41999999999999,160.38957
2023-12-08,S002-P0016,Clothing,131,451,88.61,85.41999999999999,132.73354
2023-12-09,S002-P0016,Clothing,143,347,102.62,85.41999999999999,128.28247
2023-12-10,S002-P0016,Clothing,105,208,82.24,85.41999999999999,115.602196
2023-12-11,S002-P0016,Clothing,67,97,76.15,85.41999999999999,106.859116
2023-12-12,S002-P0016,Clothing,98,257,89.45,85.41999999999999,106.03008
2023-12-13,S002-P0016,Clothing,84,150,80.93,85.41999999999999,128.30147
2023-12-14,S002-P0016,Clothing,86,71,81.34,85.41999999999999,129.21556
2023-12-15,S002-P0016,Clothing,182,181,114.28,85.41999999999999,127.080864
2023-12-16,S002-P0016,Clothing,82,37,80.24,85.41999999999999,105.21304
2023-12-17,S002-P0016,Clothing,102,329,85.98,85.41999999999999,105.20252
2023-12-18,S002-P0016,Clothing,101,228,81.17,85.41999999999999,159.38147
2023-12-19,S002-P0016,Clothing,118,139,90.47,85.41999999999999,116.52144
2023-12-20,S002-P0016,Clothing,95,305,79.58,85.41999999999999,105.668205
2023-12-21,S002-P0016,Clothing,159,243,107.47,85.41999999999999,117.83849
2023-12-22,S002-P0016,Clothing,119,76,81.23,85.41999999999999,147.03787
2023-12-23,S002-P0016,Clothing,128,322,87.91,85.41999999999999,149.56483
2023-12-24,S002-P0016,Clothing,150,171,99.46,85.41999999999999,116.05706
2023-12-25,S002-P0016,Clothing,132,40,94.17,85.41999999999999,106.859116
2023-12-26,S002-P0016,Clothing,154,340,83.65,85.41999999999999,160.5713
2023-12-27,S002-P0016,Clothing,130,225,93.91,85.41999999999999,117.290115
2023-12-28,S002-P0016,Clothing,116,360,94.65,85.41999999999999,103.02201
2023-12-29,S002-P0016,Clothing,114,237,84.71,85.41999999999999,117.10382
2023-12-30,S002-P0016,Clothing,125,153,92.56,85.41999999999999,107.17691
2023-12-31,S002-P0016,Clothing,62,274,74.52,85.41999999999999,118.210106
2024-01-01,S002-P0016,Clothing,134,222,105.19,85.41999999999999,109.777756
2024-01-02,S002-P0016,Clothing,127,130,88.26,85.41999999999999,118.46374
2024-01-03,S002-P0016,Clothing,92,229,78.91,85.41999999999999,108.32159
2024-01-04,S002-P0016,Clothing,107,122,82.87,85.41999999999999,120.84977
2024-01-05,S002-P0016,Clothing,117,0,90.05,85.41999999999999,109.15782
2024-01-06,S002-P0016,Clothing,129,247,88.7,85.41999999999999,108.36322
2024-01-07,S002-P0016,Clothing,134,424,94.68,85.41999999999999,146.18413
2024-01-08,S002-P0016,Clothing,184,291,90.63,85.41999999999999,144.48994
2024-01-09,S002-P0016,Clothing,237,174,109.75,85.41999999999999,151.32329
2024-01-10,S002-P0016,Clothing,102,409,85.9,85.41999999999999,136.98125
2024-01-11,S002-P0016,Clothing,132,301,104.71,85.41999999999999,108.88654
2024-01-12,S002-P0016,Clothing,113,194,89.07,85.41999999999999,118.58926
2024-01-13,S002-P0016,Clothing,173,424,100.44,85.41999999999999,152.97258
2024-01-14,S002-P0016,Clothing,155,305,95.72,85.41999999999999,149.47269
2024-01-15,S002-P0016,Clothing,88,127,68.28,85.41999999999999,149.95854
2024-01-16,S002-P0016,Clothing,159,397,84.8,85.41999999999999,136.14027
2024-01-17,S002-P0016,Clothing,88,233,77.72,85.41999999999999,119.14637
2024-01-18,S002-P0016,Clothing,173,174,99.92,85.41999999999999,162.96031
2024-01-19,S002-P0016,Clothing,32,60,66.38,85.41999999999999,105.75189
2024-01-20,S002-P0016,Clothing,224,404,114.02,85.41999999999999,131.14111
2024-01-21,S002-P0016,Clothing,103,223,95.75,85.41999999999999,106.18229
2024-01-22,S002-P0016,Clothing,49,588,78.88,85.41999999999999,108.111824
2024-01-23,S002-P0016,Clothing,106,540,68.86,85.41999999999999,136.14027
2024-01-24,S002-P0016,Clothing,72,425,77.42,85.41999999999999,130.86508
2024-01-25,S002-P0016,Clothing,132,344,89.47,85.41999999999999,131.28218
2024-01-26,S002-P0016,Clothing,101,204,85.82,85.41999999999999,130.39162
2024-01-27,S002-P0016,Clothing,110,127,88.42,85.41999999999999,131.6535
2024-01-28,S002-P0016,Clothing,61,246,74.48,85.41999999999999,118.32865
2024-01-29,S002-P0016,Clothing,137,197,95.49,85.41999999999999,108.15239
2024-01-30,S002-P0016,Clothing,105,88,91.5,85.41999999999999,106.55781
2023-10-03,S002-P0017,Toys,110,145,23.17,19.465,84.536896
2023-10-04,S002-P0017,Toys,73,398,19.4,19.465,85.36216
2023-10-05,S002-P0017,Toys,167,333,26.0,19.465,99.041985
2023-10-06,S002-P0017,Toys,69,221,19.12,19.465,86.48211
2023-10-07,S002-P0017,Toys,19,141,14.81,19.465,28.171389
2023-10-08,S002-P0017,Toys,63,545,14.03,19.465,58.986572
2023-10-09,S002-P0017,Toys,11,472,15.12,19.465,32.49831
2023-10-10,S002-P0017,Toys,41,461,14.59,19.465,47.271076
2023-10-11,S002-P0017,Toys,23,426,15.96,19.465,31.67997
2023-10-12,S002-P0017,Toys,28,401,13.71,19.465,58.006824
2023-10-13,S002-P0017,Toys,8,383,14.91,19.465,30.386421
2023-10-14,S002-P0017,Toys,27,374,14.62,19.465,29.071194
2023-10-15,S002-P0017,Toys,25,355,16.04,19.465,36.46846
2023-10-16,S002-P0017,Toys,44,337,18.33,19.465,33.304226
2023-10-17,S002-P0017,Toys,49,293,16.83,19.465,43.714233
2023-10-18,S002-P0017,Toys,16,250,13.01,19.465,48.144424
2023-10-19,S002-P0017,Toys,42,233,14.56,19.465,46.503464
2023-10-20,S002-P0017,Toys,30,193,14.76,19.465,44.867508
2023-10-21,S002-P0017,Toys,27,160,14.61,19.465,33.349174
2023-10-22,S002-P0017,Toys,16,137,16.25,19.465,41.6084
2023-10-23,S002-P0017,Toys,8,120,14.88,19.465,36.630077
2023-10-24,S002-P0017,Toys,17,198,12.4,19.465,56.562378
2023-10-25,S002-P0017,Toys,78,187,18.76,19.465,82.98371
2023-10-26,S002-P0017,Toys,104,109,19.33,19.465,119.61222
2023-10-27,S002-P0017,Toys,119,24,23.85,19.465,95.32707
2023-10-28,S002-P0017,Toys,164,272,19.37,19.465,136.88545
2023-10-29,S002-P0017,Toys,69,461,17.24,19.465,95.72099
2023-10-30,S002-P0017,Toys,71,397,18.27,19.465,93.790596
2023-10-31,S002-P0017,Toys,39,319,16.22,19.465,83.728516
2023-11-01,S002-P0017,Toys,90,295,20.6,19.465,96.670906
2023-11-02,S002-P0017,Toys,144,231,20.72,19.465,138.29668
2023-11-03,S002-P0017,Toys,117,71,23.66,19.465,97.65696
2023-11-04,S002-P0017,Toys,158,295,20.29,19.465,108.1701
2023-11-05,S002-P0017,Toys,59,148,16.6,19.465,82.391975
2023-11-06,S002-P0017,Toys,69,415,17.26,19.465,78.84471
2023-11-07,S002-P0017,Toys,156,364,22.57,19.465,140.04597
2023-11-08,S002-P0017,Toys,72,250,16.29,19.465,108.42559
2023-11-09,S002-P0017,Toys,103,183,20.41,19.465,107.42153
2023-11-10,S002-P0017,Toys,92,574,19.65,19.465,96.58132
2023-11-11,S002-P0017,Toys,129,481,20.99,19.465,78.57854
2023-11-12,S002-P0017,Toys,98,341,19.07,19.465,104.65037
2023-11-13,S002-P0017,Toys,101,241,20.3,19.465,102.1359
2023-11-14,S002-P0017,Toys,94,149,18.71,19.465,127.83363
2023-11-15,S002-P0017,Toys,110,389,16.53,19.465,116.34437
2023-11-16,S002-P0017,Toys,73,283,19.45,19.465,76.94508
2023-11-17,S002-P0017,Toys,97,204,20.01,19.465,82.30626
2023-11-18,S002-P0017,Toys,58,417,17.38,19.465,104.01734
2023-11-19,S002-P0017,Toys,73,353,18.42,19.465,96.30654
2023-11-20,S002-P0017,Toys,87,275,21.5,19.465,94.33147
2023-11-21,S002-P0017,Toys,115,208,21.21,19.465,77.845436
2023-11-22,S002-P0017,Toys,140,93,19.04,19.465,109.28629
2023-11-23,S002-P0017,Toys,143,308,19.22,19.465,125.91133
2023-11-24,S002-P0017,Toys,134,216,21.34,19.465,82.30626
2023-11-25,S002-P0017,Toys,31,470,16.5,19.465,78.90217
2023-11-26,S002-P0017,Toys,153,446,19.99,19.465,109.2839
2023-11-27,S002-P0017,Toys,113,286,21.14,19.465,102.1359
2023-11-28,S002-P0017,Toys,75,181,18.62,19.465,84.477905
2023-11-29,S002-P0017,Toys,82,561,21.11,19.465,85.9801
2023-11-30,S002-P0017,Toys,84,485,20.22,19.465,83.36199
2023-12-01,S002-P0017,Toys,108,423,23.05,19.465,96.9416
2023-12-02,S002-P0017,Toys,55,348,16.34,19.465,94.316536
2023-12-03,S002-P0017,Toys,108,297,21.89,19.465,85.996445
2023-12-04,S002-P0017,Toys,110,188,19.84,19.465,105.1533
2023-12-05,S002-P0017,Toys,39,120,17.08,19.465,102.09573
2023-12-06,S002-P0017,Toys,120,468,21.5,19.465,135.24373
2023-12-07,S002-P0017,Toys,108,362,23.03,19.465,102.55291
2023-12-08,S002-P0017,Toys,69,292,17.26,19.465,114.023155
2023-12-09,S002-P0017,Toys,66,223,18.01,19.465,102.80083
2023-12-10,S002-P0017,Toys,113,468,22.22,19.465,96.35043
2023-12-11,S002-P0017,Toys,132,373,19.82,19.465,114.164955
2023-12-12,S002-P0017,Toys,103,286,19.4,19.465,111.45355
2023-12-13,S002-P0017,Toys,132,217,22.31,19.465,102.93101
2023-12-14,S002-P0017,Toys,65,532,18.84,19.465,101.75486
2023-12-15,S002-P0017,Toys,129,476,19.63,19.465,136.52342
2023-12-16,S002-P0017,Toys,54,333,15.35,19.465,111.39663
2023-12-17,S002-P0017,Toys,101,298,22.53,19.465,85.996445
2023-12-18,S002-P0017,Toys,93,192,21.94,19.465,105.85574
2023-12-19,S002-P0017,Toys,56,133,18.25,19.465,94.187744
2023-12-20,S002-P0017,Toys,129,412,17.5,19.465,112.44634
2023-12-21,S002-P0017,Toys,92,298,19.64,19.465,92.781975
2023-12-22,S002-P0017,Toys,209,238,23.13,19.465,126.125145
2023-12-23,S002-P0017,Toys,118,452,23.77,19.465,95.94741
2023-12-24,S002-P0017,Toys,51,353,13.43,19.465,125.82775
2023-12-25,S002-P0017,Toys,97,979,19.99,19.465,85.75013
2023-12-26,S002-P0017,Toys,144,903,23.2,19.465,102.09573
2023-12-27,S002-P0017,Toys,39,786,13.61,19.465,53.80134
2023-12-28,S002-P0017,Toys,26,756,14.5,19.465,27.24125
2023-12-29,S002-P0017,Toys,22,729,15.05,19.465,36.548622
2023-12-30,S002-P0017,Toys,22,708,15.05,19.465,31.470762
2023-12-31,S002-P0017,Toys,27,690,16.2,19.465,37.59381
2024-01-01,S002-P0017,Toys,13,670,15.26,19.465,30.76559
2024-01-02,S002-P0017,Toys,17,662,14.71,19.465,32.291344
2024-01-03,S002-P0017,Toys,12,649,14.38,19.465,30.436378
2024-01-04,S002-P0017,Toys,15,636,15.35,19.465,32.90852
2024-01-05,S002-P0017,Toys,17,626,12.26,19.465,43.869827
2024-01-06,S002-P0017,Toys,26,610,14.51,19.465,29.587198
2024-01-07,S002-P0017,Toys,21,591,16.63,19.465,34.402164
2024-01-08,S002-P0017,Toys,66,567,15.15,19.465,51.29957
2024-01-09,S002-P0017,Toys,50,525,16.92,19.465,92.58654
2024-01-10,S002-P0017,Toys,43,482,14.61,19.465,110.9923
2024-01-11,S002-P0017,Toys,79,430,17.86,19.465,82.05426
2024-01-12,S002-P0017,Toys,132,374,22.37,19.465,94.46997
2024-01-13,S002-P0017,Toys,99,253,20.15,19.465,122.57525
2024-01-14,S002-P0017,Toys,90,159,21.68,19.465,95.02964
2024-01-15,S002-P0017,Toys,100,462,21.32,19.465,94.56643
2024-01-16,S002-P0017,Toys,100,360,21.33,19.465,83.167854
2024-01-17,S002-P0017,Toys,108,248,23.01,19.465,93.935135
2024-01-18,S002-P0017,Toys,96,142,21.01,19.465,99.7069
2024-01-19,S002-P0017,Toys,76,337,17.69,19.465,85.790215
2024-01-20,S002-P0017,Toys,156,254,18.93,19.465,134.49104
2024-01-21,S002-P0017,Toys,148,77,20.99,19.465,110.95083
2024-01-22,S002-P0017,Toys,136,0,21.31,19.465,110.73677
2024-01-23,S002-P0017,Toys,68,560,18.07,19.465,83.05958
2024-01-24,S002-P0017,Toys,99,508,15.91,19.465,135.58205
2024-01-25,S002-P0017,Toys,98,428,20.09,19.465,99.7069
2024-01-26,S002-P0017,Toys,81,325,19.01,19.465,102.70053
2024-01-27,S002-P0017,Toys,99,267,18.04,19.465,133.58472
2024-01-28,S002-P0017,Toys,124,164,20.59,19.465,123.21409
2024-01-29,S002-P0017,Toys,79,270,20.9,19.465,84.46574
2024-01-30,S002-P0017,Toys,72,204,20.36,19.465,83.792854
2023-10-03,S002-P0018,Clothing,60,222,24.56,26.64,88.38659
2023-10-04,S002-P0018,Clothing,62,172,24.78,26.64,88.44804
2023-10-05,S002-P0018,Clothing,187,123,30.87,26.64,139.6922
2023-10-06,S002-P0018,Clothing,111,195,26.33,26.64,88.19216
2023-10-07,S002-P0018,Clothing,113,112,25.07,26.64,108.98854
2023-10-08,S002-P0018,Clothing,162,155,28.64,26.64,129.69423
2023-10-09,S002-P0018,Clothing,80,235,27.8,26.64,93.135826
2023-10-10,S002-P0018,Clothing,170,149,36.61,26.64,93.74019
2023-10-11,S002-P0018,Clothing,116,181,28.28,26.64,86.124825
2023-10-12,S002-P0018,Clothing,157,103,30.03,26.64,128.78459
2023-10-13,S002-P0018,Clothing,83,133,25.26,26.64,109.02856
2023-10-14,S002-P0018,Clothing,131,123,28.01,26.64,86.31652
2023-10-15,S002-P0018,Clothing,89,123,21.79,26.64,119.12727
2023-10-16,S002-P0018,Clothing,77,158,24.74,26.64,93.12794
2023-10-17,S002-P0018,Clothing,122,75,30.28,26.64,87.08305
2023-10-18,S002-P0018,Clothing,134,121,29.89,26.64,93.53238
2023-10-19,S002-P0018,Clothing,64,146,23.61,26.64,109.17191
2023-10-20,S002-P0018,Clothing,142,95,28.93,26.64,110.14165
2023-10-21,S002-P0018,Clothing,76,121,27.44,26.64,93.80221
2023-10-22,S002-P0018,Clothing,83,144,26.69,26.64,104.00552
2023-10-23,S002-P0018,Clothing,118,63,28.37,26.64,101.352066
2023-10-24,S002-P0018,Clothing,62,129,26.08,26.64,102.23706
2023-10-25,S002-P0018,Clothing,58,63,24.34,26.64,89.14144
2023-10-26,S002-P0018,Clothing,89,55,24.49,26.64,97.81132
2023-10-27,S002-P0018,Clothing,79,92,23.65,26.64,97.08866
2023-10-28,S002-P0018,Clothing,166,96,29.21,26.64,142.2384
2023-10-29,S002-P0018,Clothing,122,162,28.79,26.64,97.7213
2023-10-30,S002-P0018,Clothing,51,175,22.54,26.64,97.586296
2023-10-31,S002-P0018,Clothing,75,144,24.68,26.64,88.23533
2023-11-01,S002-P0018,Clothing,97,81,27.97,26.64,98.02802
2023-11-02,S002-P0018,Clothing,135,123,29.82,26.64,140.70741
2023-11-03,S002-P0018,Clothing,39,163,19.19,26.64,127.77774
2023-11-04,S002-P0018,Clothing,99,134,26.66,26.64,87.86211
2023-11-05,S002-P0018,Clothing,68,177,21.27,26.64,116.49523
2023-11-06,S002-P0018,Clothing,72,136,26.99,26.64,89.854
2023-11-07,S002-P0018,Clothing,76,76,24.75,26.64,109.28635
2023-11-08,S002-P0018,Clothing,114,79,22.2,26.64,116.55581
2023-11-09,S002-P0018,Clothing,126,118,29.1,26.64,118.51092
2023-11-10,S002-P0018,Clothing,66,149,23.82,26.64,97.65643
2023-11-11,S002-P0018,Clothing,142,99,30.57,26.64,87.839455
2023-11-12,S002-P0018,Clothing,108,164,24.39,26.64,139.50438
2023-11-13,S002-P0018,Clothing,83,57,28.12,26.64,109.692986
2023-11-14,S002-P0018,Clothing,75,90,23.37,26.64,97.36587
2023-11-15,S002-P0018,Clothing,143,90,24.2,26.64,115.96081
2023-11-16,S002-P0018,Clothing,74,165,25.86,26.64,90.57023
2023-11-17,S002-P0018,Clothing,115,78,29.7,26.64,90.035255
2023-11-18,S002-P0018,Clothing,90,108,25.97,26.64,109.80592
2023-11-19,S002-P0018,Clothing,103,151,24.27,26.64,127.924324
2023-11-20,S002-P0018,Clothing,59,194,24.46,26.64,98.36407
2023-11-21,S002-P0018,Clothing,100,129,28.22,26.64,88.07361
2023-11-22,S002-P0018,Clothing,83,158,22.45,26.64,116.579254
2023-11-23,S002-P0018,Clothing,113,100,26.49,26.64,98.40164
2023-11-24,S002-P0018,Clothing,55,107,25.37,26.64,90.55194
2023-11-25,S002-P0018,Clothing,122,95,25.79,26.64,116.60561
2023-11-26,S002-P0018,Clothing,99,115,29.63,26.64,91.82447
2023-11-27,S002-P0018,Clothing,52,120,22.54,26.64,109.2732
2023-11-28,S002-P0018,Clothing,87,65,25.75,26.64,86.92722
2023-11-29,S002-P0018,Clothing,59,94,25.78,26.64,87.40397
2023-11-30,S002-P0018,Clothing,98,91,26.68,26.64,88.589
2023-12-01,S002-P0018,Clothing,68,105,26.64,26.64,116.446846
2023-12-02,S002-P0018,Clothing,161,120,32.16,26.64,150.22023
2023-12-03,S002-P0018,Clothing,84,188,26.74,26.64,105.20252
2023-12-04,S002-P0018,Clothing,61,116,24.63,26.64,127.87088
2023-12-05,S002-P0018,Clothing,107,135,22.82,26.64,160.5713
2023-12-06,S002-P0018,Clothing,163,154,32.38,26.64,128.30147
2023-12-07,S002-P0018,Clothing,102,146,28.43,26.64,129.67947
2023-12-08,S002-P0018,Clothing,70,142,22.9,26.64,104.09766
2023-12-09,S002-P0018,Clothing,120,88,30.12,26.64,128.78477
2023-12-10,S002-P0018,Clothing,130,120,24.84,26.64,146.23654
2023-12-11,S002-P0018,Clothing,103,142,28.55,26.64,106.56382
2023-12-12,S002-P0018,Clothing,76,145,26.06,26.64,106.03008
2023-12-13,S002-P0018,Clothing,148,84,30.96,26.64,162.00772
2023-12-14,S002-P0018,Clothing,175,139,37.1,26.64,129.67947
2023-12-15,S002-P0018,Clothing,213,153,36.67,26.64,159.97316
2023-12-16,S002-P0018,Clothing,102,208,29.9,26.64,105.92736
2023-12-17,S002-P0018,Clothing,74,138,21.8,26.64,133.07869
2023-12-18,S002-P0018,Clothing,78,74,26.2,26.64,128.29808
2023-12-19,S002-P0018,Clothing,102,93,26.95,26.64,149.28568
2023-12-20,S002-P0018,Clothing,152,130,31.38,26.64,105.668205
2023-12-21,S002-P0018,Clothing,141,162,30.36,26.64,148.83363
2023-12-22,S002-P0018,Clothing,140,218,30.35,26.64,115.80877
2023-12-23,S002-P0018,Clothing,159,99,28.71,26.64,149.56483
2023-12-24,S002-P0018,Clothing,45,129,24.41,26.64,116.55571
2023-12-25,S002-P0018,Clothing,129,89,30.91,26.64,106.56382
2023-12-26,S002-P0018,Clothing,125,126,32.21,26.64,128.6691
2023-12-27,S002-P0018,Clothing,136,190,28.43,26.64,117.04934
2023-12-28,S002-P0018,Clothing,119,173,25.3,26.64,125.793396
2023-12-29,S002-P0018,Clothing,126,189,30.71,26.64,117.61695
2023-12-30,S002-P0018,Clothing,136,101,29.92,26.64,106.97195
2023-12-31,S002-P0018,Clothing,48,150,23.47,26.64,118.30183
2024-01-01,S002-P0018,Clothing,138,109,27.0,26.64,134.71568
2024-01-02,S002-P0018,Clothing,205,155,37.99,26.64,119.17869
2024-01-03,S002-P0018,Clothing,150,177,32.89,26.64,108.99884
2024-01-04,S002-P0018,Clothing,47,253,18.69,26.64,145.73961
2024-01-05,S002-P0018,Clothing,99,223,22.24,26.64,134.24397
2024-01-06,S002-P0018,Clothing,180,155,32.08,26.64,108.36322
2024-01-07,S002-P0018,Clothing,100,188,29.73,26.64,121.11344
2024-01-08,S002-P0018,Clothing,107,88,28.92,26.64,119.96624
2024-01-09,S002-P0018,Clothing,86,102,26.92,26.64,119.94124
2024-01-10,S002-P0018,Clothing,82,118,25.26,26.64,106.67599
2024-01-11,S002-P0018,Clothing,98,140,25.23,26.64,137.79727
2024-01-12,S002-P0018,Clothing,175,105,29.96,26.64,149.79898
2024-01-13,S002-P0018,Clothing,84,166,24.1,26.64,119.21312
2024-01-14,S002-P0018,Clothing,113,92,31.07,26.64,118.892975
2024-01-15,S002-P0018,Clothing,67,148,22.72,26.64,119.145485
2024-01-16,S002-P0018,Clothing,23,104,21.16,26.64,106.55781
2024-01-17,S002-P0018,Clothing,95,76,26.4,26.64,119.66775
2024-01-18,S002-P0018,Clothing,65,81,25.05,26.64,131.93674
2024-01-19,S002-P0018,Clothing,112,91,23.16,26.64,135.00043
2024-01-20,S002-P0018,Clothing,73,121,23.21,26.64,131.14111
2024-01-21,S002-P0018,Clothing,99,118,28.2,26.64,106.18229
2024-01-22,S002-P0018,Clothing,16,100,18.32,26.64,137.30418
2024-01-23,S002-P0018,Clothing,67,83,23.94,26.64,106.55781
2024-01-24,S002-P0018,Clothing,103,86,28.51,26.64,131.991
2024-01-25,S002-P0018,Clothing,120,94,28.6,26.64,131.5923
2024-01-26,S002-P0018,Clothing,179,139,31.86,26.64,161.99515
2024-01-27,S002-P0018,Clothing,218,173,35.26,26.64,165.11249
2024-01-28,S002-P0018,Clothing,147,255,24.49,26.64,148.43819
2024-01-29,S002-P0018,Clothing,85,153,28.27,26.64,108.111824
2024-01-30,S002-P0018,Clothing,149,61,31.17,26.64,106.55781
2023-10-03,S002-P0019,Clothing,138,217,94.98,85.035,88.23533
2023-10-04,S002-P0019,Clothing,62,422,74.01,85.035,88.44804
2023-10-05,S002-P0019,Clothing,129,380,87.63,85.035,107.60005
2023-10-06,S002-P0019,Clothing,63,249,70.34,85.035,88.19216
2023-10-07,S002-P0019,Clothing,148,774,77.27,85.035,109.03976
2023-10-08,S002-P0019,Clothing,148,626,77.22,85.035,129.76112
2023-10-09,S002-P0019,Clothing,90,467,72.46,85.035,116.69437
2023-10-10,S002-P0019,Clothing,47,397,66.02,85.035,93.809425
2023-10-11,S002-P0019,Clothing,133,353,98.47,85.035,86.124825
2023-10-12,S002-P0019,Clothing,192,816,98.28,85.035,128.78459
2023-10-13,S002-P0019,Clothing,130,634,73.23,85.035,108.05899
2023-10-14,S002-P0019,Clothing,117,511,88.98,85.035,86.31652
2023-10-15,S002-P0019,Clothing,70,421,76.28,85.035,95.31901
2023-10-16,S002-P0019,Clothing,123,1008,95.58,85.035,93.135826
2023-10-17,S002-P0019,Clothing,211,905,108.57,85.035,108.74208
2023-10-18,S002-P0019,Clothing,115,655,88.31,85.035,93.65181
2023-10-19,S002-P0019,Clothing,144,529,90.99,85.035,108.920364
2023-10-20,S002-P0019,Clothing,64,432,78.53,85.035,88.05123
2023-10-21,S002-P0019,Clothing,159,1252,94.9,85.035,118.54486
2023-10-22,S002-P0019,Clothing,90,1133,77.27,85.035,104.02337
2023-10-23,S002-P0019,Clothing,44,1041,68.97,85.035,101.24229
2023-10-24,S002-P0019,Clothing,143,1015,106.8,85.035,102.23706
2023-10-25,S002-P0019,Clothing,61,868,69.66,85.035,89.535225
2023-10-26,S002-P0019,Clothing,137,815,74.72,85.035,126.73409
2023-10-27,S002-P0019,Clothing,70,682,80.15,85.035,97.04466
2023-10-28,S002-P0019,Clothing,101,613,75.77,85.035,142.2384
2023-10-29,S002-P0019,Clothing,69,539,71.95,85.035,97.63886
2023-10-30,S002-P0019,Clothing,137,470,104.82,85.035,97.88053
2023-10-31,S002-P0019,Clothing,71,343,76.54,85.035,88.23533
2023-11-01,S002-P0019,Clothing,127,284,91.72,85.035,129.72113
2023-11-02,S002-P0019,Clothing,205,172,113.24,85.035,140.70741
2023-11-03,S002-P0019,Clothing,73,565,76.76,85.035,97.65643
2023-11-04,S002-P0019,Clothing,123,492,90.45,85.035,116.981865
2023-11-05,S002-P0019,Clothing,74,382,73.13,85.035,90.81546
2023-11-06,S002-P0019,Clothing,97,1071,79.3,85.035,89.019905
2023-11-07,S002-P0019,Clothing,120,994,85.25,85.035,108.62586
2023-11-08,S002-P0019,Clothing,75,895,81.49,85.035,88.43862
2023-11-09,S002-P0019,Clothing,68,846,83.61,85.035,90.864975
2023-11-10,S002-P0019,Clothing,107,766,72.77,85.035,127.01994
2023-11-11,S002-P0019,Clothing,60,682,77.2,85.035,87.839455
2023-11-12,S002-P0019,Clothing,81,629,87.78,85.035,110.84574
2023-11-13,S002-P0019,Clothing,108,546,91.24,85.035,109.692986
2023-11-14,S002-P0019,Clothing,114,450,92.9,85.035,97.800285
2023-11-15,S002-P0019,Clothing,73,374,60.75,85.035,115.96081
2023-11-16,S002-P0019,Clothing,81,325,83.4,85.035,90.57023
2023-11-17,S002-P0019,Clothing,117,235,88.95,85.035,89.57157
2023-11-18,S002-P0019,Clothing,90,661,67.89,85.035,141.66484
2023-11-19,S002-P0019,Clothing,133,579,98.54,85.035,99.91916
2023-11-20,S002-P0019,Clothing,95,477,78.59,85.035,98.06367
2023-11-21,S002-P0019,Clothing,121,370,76.01,85.035,116.57415
2023-11-22,S002-P0019,Clothing,103,288,80.75,85.035,116.93852
2023-11-23,S002-P0019,Clothing,95,823,91.96,85.035,98.91947
2023-11-24,S002-P0019,Clothing,81,764,79.07,85.035,89.57157
2023-11-25,S002-P0019,Clothing,66,682,71.12,85.035,87.86211
2023-11-26,S002-P0019,Clothing,105,603,80.88,85.035,116.605736
2023-11-27,S002-P0019,Clothing,133,501,73.89,85.035,139.61128
2023-11-28,S002-P0019,Clothing,79,391,87.13,85.035,87.38618
2023-11-29,S002-P0019,Clothing,52,312,71.09,85.035,87.02924
2023-11-30,S002-P0019,Clothing,95,267,87.56,85.035,88.589
2023-12-01,S002-P0019,Clothing,145,595,102.11,85.035,115.80877
2023-12-02,S002-P0019,Clothing,119,457,89.38,85.035,150.22023
2023-12-03,S002-P0019,Clothing,104,315,81.13,85.035,133.66136
2023-12-04,S002-P0019,Clothing,117,224,98.7,85.035,128.29808
2023-12-05,S002-P0019,Clothing,170,738,103.79,85.035,128.33086
2023-12-06,S002-P0019,Clothing,155,607,88.34,85.035,161.17009
2023-12-07,S002-P0019,Clothing,110,432,91.76,85.035,129.67947
2023-12-08,S002-P0019,Clothing,142,317,95.77,85.035,104.09766
2023-12-09,S002-P0019,Clothing,161,894,101.08,85.035,127.88304
2023-12-10,S002-P0019,Clothing,120,781,99.86,85.035,116.55571
2023-12-11,S002-P0019,Clothing,84,652,79.91,85.035,106.51723
2023-12-12,S002-P0019,Clothing,174,565,82.84,85.035,134.70665
2023-12-13,S002-P0019,Clothing,205,459,106.99,85.035,161.49245
2023-12-14,S002-P0019,Clothing,43,331,72.32,85.035,129.67947
2023-12-15,S002-P0019,Clothing,129,290,97.28,85.035,127.56674
2023-12-16,S002-P0019,Clothing,79,951,78.64,85.035,105.46636
2023-12-17,S002-P0019,Clothing,119,881,84.45,85.035,133.33357
2023-12-18,S002-P0019,Clothing,153,786,88.83,85.035,159.07527
2023-12-19,S002-P0019,Clothing,81,680,79.0,85.035,116.098755
2023-12-20,S002-P0019,Clothing,43,631,65.09,85.035,105.668205
2023-12-21,S002-P0019,Clothing,129,601,87.53,85.035,148.83363
2023-12-22,S002-P0019,Clothing,117,459,98.8,85.035,116.446846
2023-12-23,S002-P0019,Clothing,143,377,85.33,85.035,149.01973
2023-12-24,S002-P0019,Clothing,87,279,89.45,85.035,116.55571
2023-12-25,S002-P0019,Clothing,126,197,96.63,85.035,106.56382
2023-12-26,S002-P0019,Clothing,120,557,94.7,85.035,128.33086
2023-12-27,S002-P0019,Clothing,243,420,123.7,85.035,145.26028
2023-12-28,S002-P0019,Clothing,96,244,83.23,85.035,102.59598
2023-12-29,S002-P0019,Clothing,149,137,98.03,85.035,117.25756
2023-12-30,S002-P0019,Clothing,97,19,83.33,85.035,106.97195
2023-12-31,S002-P0019,Clothing,109,861,86.76,85.035,118.210106
2024-01-01,S002-P0019,Clothing,151,746,98.69,85.035,109.25954
2024-01-02,S002-P0019,Clothing,127,628,87.22,85.035,118.46374
2024-01-03,S002-P0019,Clothing,105,504,85.94,85.035,108.99884
2024-01-04,S002-P0019,Clothing,164,412,107.45,85.035,121.32739
2024-01-05,S002-P0019,Clothing,130,239,87.78,85.035,135.16946
2024-01-06,S002-P0019,Clothing,88,108,85.5,85.035,109.942024
2024-01-07,S002-P0019,Clothing,75,24,73.01,85.035,145.82043
2024-01-08,S002-P0019,Clothing,92,784,73.6,85.035,144.97392
2024-01-09,S002-P0019,Clothing,110,724,78.05,85.035,151.75868
2024-01-10,S002-P0019,Clothing,121,595,95.02,85.035,107.13176
2024-01-11,S002-P0019,Clothing,88,480,85.54,85.035,108.88654
2024-01-12,S002-P0019,Clothing,182,420,107.24,85.035,118.58926
2024-01-13,S002-P0019,Clothing,172,278,82.49,85.035,151.52168
2024-01-14,S002-P0019,Clothing,110,77,96.67,85.035,118.892975
2024-01-15,S002-P0019,Clothing,98,0,88.36,85.035,119.486786
2024-01-16,S002-P0019,Clothing,82,641,87.95,85.035,107.03657
2024-01-17,S002-P0019,Clothing,89,562,90.2,85.035,120.20918
2024-01-18,S002-P0019,Clothing,137,491,79.68,85.035,162.75969
2024-01-19,S002-P0019,Clothing,57,388,72.31,85.035,105.52828
2024-01-20,S002-P0019,Clothing,158,337,111.27,85.035,132.2422
2024-01-21,S002-P0019,Clothing,57,218,72.37,85.035,106.04647
2024-01-22,S002-P0019,Clothing,173,645,86.91,85.035,137.9688
2024-01-23,S002-P0019,Clothing,125,468,96.2,85.035,106.55781
2024-01-24,S002-P0019,Clothing,176,380,99.42,85.035,164.18742
2024-01-25,S002-P0019,Clothing,131,244,88.24,85.035,163.19043
2024-01-26,S002-P0019,Clothing,146,820,86.18,85.035,161.7419
2024-01-27,S002-P0019,Clothing,79,671,78.58,85.035,131.6535
2024-01-28,S002-P0019,Clothing,117,578,88.79,85.035,117.98198
2024-01-29,S002-P0019,Clothing,118,447,89.3,85.035,108.15239
2024-01-30,S002-P0019,Clothing,118,339,89.18,85.035,106.341835
2023-10-03,S002-P0020,Furniture,83,83,126.82,119.63499999999999,62.801888
2023-10-04,S002-P0020,Furniture,33,234,116.37,119.63499999999999,63.35195
2023-10-05,S002-P0020,Furniture,142,198,144.88,119.63499999999999,104.152374
2023-10-06,S002-P0020,Furniture,100,28,120.17,119.63499999999999,84.848816
2023-10-07,S002-P0020,Furniture,46,0,122.32,119.63499999999999,31.619055
2023-10-08,S002-P0020,Furniture,23,411,111.45,119.63499999999999,40.271534
2023-10-09,S002-P0020,Furniture,25,386,106.7,119.63499999999999,33.581272
2023-10-10,S002-P0020,Furniture,32,364,110.04,119.63499999999999,35.5253
2023-10-11,S002-P0020,Furniture,42,340,114.38,119.63499999999999,32.27991
2023-10-12,S002-P0020,Furniture,31,315,109.56,119.63499999999999,39.33419
2023-10-13,S002-P0020,Furniture,47,282,110.73,119.63499999999999,41.635292
2023-10-14,S002-P0020,Furniture,31,242,115.24,119.63499999999999,32.682495
2023-10-15,S002-P0020,Furniture,32,220,98.88,119.63499999999999,36.038273
2023-10-16,S002-P0020,Furniture,17,188,92.0,119.63499999999999,44.9896
2023-10-17,S002-P0020,Furniture,23,170,100.07,119.63499999999999,31.159227
2023-10-18,S002-P0020,Furniture,56,153,102.85,119.63499999999999,47.13157
2023-10-19,S002-P0020,Furniture,43,113,121.08,119.63499999999999,33.192383
2023-10-20,S002-P0020,Furniture,46,76,104.59,119.63499999999999,31.943703
2023-10-21,S002-P0020,Furniture,53,186,100.83,119.63499999999999,47.099327
2023-10-22,S002-P0020,Furniture,54,124,120.11,119.63499999999999,40.271534
2023-10-23,S002-P0020,Furniture,85,72,114.34,119.63499999999999,51.231194
2023-10-24,S002-P0020,Furniture,56,167,114.79,119.63499999999999,38.91048
2023-10-25,S002-P0020,Furniture,92,120,116.05,119.63499999999999,86.66456
2023-10-26,S002-P0020,Furniture,70,291,107.57,119.63499999999999,94.85162
2023-10-27,S002-P0020,Furniture,127,246,130.87,119.63499999999999,95.16973
2023-10-28,S002-P0020,Furniture,27,145,107.79,119.63499999999999,80.9252
2023-10-29,S002-P0020,Furniture,75,114,136.95,119.63499999999999,71.54552
2023-10-30,S002-P0020,Furniture,34,482,105.21,119.63499999999999,72.96254
2023-10-31,S002-P0020,Furniture,56,448,115.1,119.63499999999999,62.801888
2023-11-01,S002-P0020,Furniture,78,383,124.3,119.63499999999999,70.93336
2023-11-02,S002-P0020,Furniture,99,317,118.59,119.63499999999999,108.72612
2023-11-03,S002-P0020,Furniture,57,209,103.27,119.63499999999999,96.71198
2023-11-04,S002-P0020,Furniture,54,144,126.25,119.63499999999999,62.633934
2023-11-05,S002-P0020,Furniture,83,359,133.43,119.63499999999999,65.48887
2023-11-06,S002-P0020,Furniture,108,287,137.54,119.63499999999999,63.329376
2023-11-07,S002-P0020,Furniture,91,171,137.16,119.63499999999999,78.97101
2023-11-08,S002-P0020,Furniture,81,93,119.58,119.63499999999999,62.58888
2023-11-09,S002-P0020,Furniture,59,328,122.49,119.63499999999999,61.082436
2023-11-10,S002-P0020,Furniture,101,273,111.95,119.63499999999999,97.22149
2023-11-11,S002-P0020,Furniture,57,159,121.36,119.63499999999999,62.633934
2023-11-12,S002-P0020,Furniture,28,109,97.18,119.63499999999999,80.16715
2023-11-13,S002-P0020,Furniture,105,337,143.64,119.63499999999999,78.62377
2023-11-14,S002-P0020,Furniture,89,253,136.28,119.63499999999999,69.8669
2023-11-15,S002-P0020,Furniture,102,156,134.82,119.63499999999999,85.4902
2023-11-16,S002-P0020,Furniture,75,363,122.92,119.63499999999999,60.440674
2023-11-17,S002-P0020,Furniture,42,303,108.46,119.63499999999999,83.50993
2023-11-18,S002-P0020,Furniture,115,270,140.45,119.63499999999999,79.36358
2023-11-19,S002-P0020,Furniture,14,158,101.55,119.63499999999999,72.76731
2023-11-20,S002-P0020,Furniture,66,144,125.85,119.63499999999999,70.73272
2023-11-21,S002-P0020,Furniture,52,397,113.1,119.63499999999999,82.88375
2023-11-22,S002-P0020,Furniture,50,338,112.17,119.63499999999999,62.523373
2023-11-23,S002-P0020,Furniture,73,306,116.2,119.63499999999999,68.84696
2023-11-24,S002-P0020,Furniture,33,261,99.33,119.63499999999999,64.637825
2023-11-25,S002-P0020,Furniture,104,239,120.67,119.63499999999999,84.33898
2023-11-26,S002-P0020,Furniture,77,150,111.02,119.63499999999999,83.814964
2023-11-27,S002-P0020,Furniture,66,71,106.96,119.63499999999999,107.10403
2023-11-28,S002-P0020,Furniture,38,299,90.06,119.63499999999999,86.15832
2023-11-29,S002-P0020,Furniture,71,258,115.06,119.63499999999999,62.101597
2023-11-30,S002-P0020,Furniture,71,205,128.14,119.63499999999999,60.31562
2023-12-01,S002-P0020,Furniture,58,140,122.1,119.63499999999999,73.31248
2023-12-02,S002-P0020,Furniture,90,297,115.24,119.63499999999999,95.37052
2023-12-03,S002-P0020,Furniture,43,214,109.44,119.63499999999999,64.85019
2023-12-04,S002-P0020,Furniture,62,186,117.34,119.63499999999999,105.18963
2023-12-05,S002-P0020,Furniture,54,397,108.25,119.63499999999999,104.93924
2023-12-06,S002-P0020,Furniture,52,351,100.48,119.63499999999999,105.57862
2023-12-07,S002-P0020,Furniture,36,302,111.6,119.63499999999999,78.011925
2023-12-08,S002-P0020,Furniture,92,271,115.91,119.63499999999999,85.07826
2023-12-09,S002-P0020,Furniture,88,184,114.47,119.63499999999999,104.84856
2023-12-10,S002-P0020,Furniture,48,124,117.4,119.63499999999999,72.33165
2023-12-11,S002-P0020,Furniture,140,313,126.28,119.63499999999999,87.113686
2023-12-12,S002-P0020,Furniture,71,179,121.64,119.63499999999999,64.131035
2023-12-13,S002-P0020,Furniture,73,102,128.89,119.63499999999999,82.40024
2023-12-14,S002-P0020,Furniture,76,444,130.19,119.63499999999999,77.9693
2023-12-15,S002-P0020,Furniture,76,384,137.43,119.63499999999999,80.11707
2023-12-16,S002-P0020,Furniture,34,297,105.2,119.63499999999999,64.17821
2023-12-17,S002-P0020,Furniture,51,259,118.95,119.63499999999999,64.91706
2023-12-18,S002-P0020,Furniture,129,208,124.13,119.63499999999999,104.54539
2023-12-19,S002-P0020,Furniture,47,115,116.82,119.63499999999999,73.23217
2023-12-20,S002-P0020,Furniture,87,81,135.5,119.63499999999999,65.10745
2023-12-21,S002-P0020,Furniture,82,416,126.25,119.63499999999999,71.52597
2023-12-22,S002-P0020,Furniture,134,318,141.43,119.63499999999999,95.70155
2023-12-23,S002-P0020,Furniture,110,163,109.58,119.63499999999999,95.899895
2023-12-24,S002-P0020,Furniture,82,35,119.78,119.63499999999999,72.704056
2023-12-25,S002-P0020,Furniture,110,329,146.23,119.63499999999999,66.05624
2023-12-26,S002-P0020,Furniture,130,225,155.56,119.63499999999999,81.1693
2023-12-27,S002-P0020,Furniture,34,87,116.84,119.63499999999999,40.463875
2023-12-28,S002-P0020,Furniture,33,389,104.67,119.63499999999999,30.998299
2023-12-29,S002-P0020,Furniture,44,353,121.35,119.63499999999999,39.535778
2023-12-30,S002-P0020,Furniture,50,316,112.41,119.63499999999999,35.849274
2023-12-31,S002-P0020,Furniture,26,282,112.54,119.63499999999999,40.067673
2024-01-01,S002-P0020,Furniture,55,258,126.93,119.63499999999999,33.498386
2024-01-02,S002-P0020,Furniture,44,219,91.19,119.63499999999999,55.93047
2024-01-03,S002-P0020,Furniture,40,184,107.75,119.63499999999999,34.697235
2024-01-04,S002-P0020,Furniture,37,145,112.31,119.63499999999999,38.72232
2024-01-05,S002-P0020,Furniture,33,115,98.82,119.63499999999999,46.764595
2024-01-06,S002-P0020,Furniture,49,85,88.4,119.63499999999999,49.27436
2024-01-07,S002-P0020,Furniture,31,137,104.09,119.63499999999999,37.907314
2024-01-08,S002-P0020,Furniture,42,111,108.6,119.63499999999999,54.66967
2024-01-09,S002-P0020,Furniture,90,226,136.97,119.63499999999999,71.42016
2024-01-10,S002-P0020,Furniture,49,130,111.73,119.63499999999999,62.667404
2024-01-11,S002-P0020,Furniture,90,98,129.57,119.63499999999999,62.179726
2024-01-12,S002-P0020,Furniture,77,292,137.46,119.63499999999999,72.23972
2024-01-13,S002-P0020,Furniture,88,236,128.96,119.63499999999999,71.677826
2024-01-14,S002-P0020,Furniture,89,163,115.74,119.63499999999999,93.37249
2024-01-15,S002-P0020,Furniture,59,107,110.15,119.63499999999999,70.166115
2024-01-16,S002-P0020,Furniture,66,269,125.62,119.63499999999999,62.019207
2024-01-17,S002-P0020,Furniture,63,209,124.09,119.63499999999999,72.36701
2024-01-18,S002-P0020,Furniture,85,167,120.31,119.63499999999999,103.53672
2024-01-19,S002-P0020,Furniture,44,87,115.32,119.63499999999999,65.73387
2024-01-20,S002-P0020,Furniture,92,195,130.42,119.63499999999999,79.631935
2024-01-21,S002-P0020,Furniture,20,106,78.34,119.63499999999999,86.207146
2024-01-22,S002-P0020,Furniture,106,82,129.83,119.63499999999999,86.059074
2024-01-23,S002-P0020,Furniture,39,235,107.17,119.63499999999999,61.94372
2024-01-24,S002-P0020,Furniture,49,189,88.4,119.63499999999999,105.91033
2024-01-25,S002-P0020,Furniture,56,396,121.1,119.63499999999999,77.66214
2024-01-26,S002-P0020,Furniture,119,344,150.44,119.63499999999999,79.231125
2024-01-27,S002-P0020,Furniture,72,256,121.95,119.63499999999999,79.59577
2024-01-28,S002-P0020,Furniture,134,177,125.79,119.63499999999999,93.20005
2024-01-29,S002-P0020,Furniture,43,383,114.95,119.63499999999999,63.509796
2024-01-30,S002-P0020,Furniture,82,332,140.31,119.63499999999999,62.35829
2023-10-03,S003-P0001,Toys,117,139,17.13,15.545,84.26731
2023-10-04,S003-P0001,Toys,92,65,15.78,15.545,94.83993
2023-10-05,S003-P0001,Toys,61,291,14.19,15.545,84.07273
2023-10-06,S003-P0001,Toys,102,221,17.21,15.545,98.29926
2023-10-07,S003-P0001,Toys,19,154,13.25,15.545,33.30063
2023-10-08,S003-P0001,Toys,32,309,14.01,15.545,36.33843
2023-10-09,S003-P0001,Toys,13,274,11.58,15.545,44.563057
2023-10-10,S003-P0001,Toys,15,265,12.31,15.545,38.119904
2023-10-11,S003-P0001,Toys,33,252,14.06,15.545,32.73767
2023-10-12,S003-P0001,Toys,36,219,11.38,15.545,53.520412
2023-10-13,S003-P0001,Toys,39,176,13.02,15.545,43.428288
2023-10-14,S003-P0001,Toys,18,137,13.13,15.545,33.30063
2023-10-15,S003-P0001,Toys,35,124,13.43,15.545,39.88026
2023-10-16,S003-P0001,Toys,18,92,12.51,15.545,36.48285
2023-10-17,S003-P0001,Toys,66,72,12.92,15.545,51.736343
2023-10-18,S003-P0001,Toys,27,32,12.37,15.545,31.960884
2023-10-19,S003-P0001,Toys,49,146,12.01,15.545,49.73005
2023-10-20,S003-P0001,Toys,38,98,12.21,15.545,49.678802
2023-10-21,S003-P0001,Toys,27,55,12.33,15.545,36.10366
2023-10-22,S003-P0001,Toys,34,115,12.69,15.545,37.45916
2023-10-23,S003-P0001,Toys,27,93,10.97,15.545,46.22681
2023-10-24,S003-P0001,Toys,11,65,12.73,15.545,32.34149
2023-10-25,S003-P0001,Toys,180,112,17.29,15.545,126.08618
2023-10-26,S003-P0001,Toys,180,0,19.42,15.545,132.39034
2023-10-27,S003-P0001,Toys,112,342,15.98,15.545,107.994415
2023-10-28,S003-P0001,Toys,71,611,14.66,15.545,86.073296
2023-10-29,S003-P0001,Toys,88,529,15.57,15.545,98.32559
2023-10-30,S003-P0001,Toys,117,438,16.26,15.545,94.87093
2023-10-31,S003-P0001,Toys,111,306,17.71,15.545,103.787155
2023-11-01,S003-P0001,Toys,93,208,15.04,15.545,117.09713
2023-11-02,S003-P0001,Toys,103,146,17.28,15.545,101.48696
2023-11-03,S003-P0001,Toys,161,218,16.22,15.545,127.59337
2023-11-04,S003-P0001,Toys,40,100,13.73,15.545,105.74264
2023-11-05,S003-P0001,Toys,113,328,16.94,15.545,98.143326
2023-11-06,S003-P0001,Toys,96,239,16.02,15.545,85.30099
2023-11-07,S003-P0001,Toys,108,170,16.61,15.545,128.2098
2023-11-08,S003-P0001,Toys,117,50,15.34,15.545,111.11517
2023-11-09,S003-P0001,Toys,83,193,16.98,15.545,83.415245
2023-11-10,S003-P0001,Toys,76,301,15.77,15.545,89.802284
2023-11-11,S003-P0001,Toys,47,235,13.4,15.545,105.74264
2023-11-12,S003-P0001,Toys,150,202,16.91,15.545,138.95355
2023-11-13,S003-P0001,Toys,100,75,12.83,15.545,109.55362
2023-11-14,S003-P0001,Toys,80,310,15.98,15.545,81.34138
2023-11-15,S003-P0001,Toys,129,241,18.73,15.545,106.850075
2023-11-16,S003-P0001,Toys,108,156,14.03,15.545,126.45045
2023-11-17,S003-P0001,Toys,73,340,15.57,15.545,98.32534
2023-11-18,S003-P0001,Toys,135,279,17.14,15.545,140.97093
2023-11-19,S003-P0001,Toys,116,188,17.99,15.545,107.260994
2023-11-20,S003-P0001,Toys,119,277,14.53,15.545,113.902306
2023-11-21,S003-P0001,Toys,132,160,18.9,15.545,95.353
2023-11-22,S003-P0001,Toys,34,322,12.7,15.545,105.040184
2023-11-23,S003-P0001,Toys,64,288,13.58,15.545,82.90246
2023-11-24,S003-P0001,Toys,135,235,18.05,15.545,98.05013
2023-11-25,S003-P0001,Toys,91,84,17.45,15.545,86.60317
2023-11-26,S003-P0001,Toys,104,231,16.41,15.545,111.96695
2023-11-27,S003-P0001,Toys,64,109,14.3,15.545,84.88697
2023-11-28,S003-P0001,Toys,66,280,15.98,15.545,81.34138
2023-11-29,S003-P0001,Toys,80,227,15.98,15.545,106.850075
2023-11-30,S003-P0001,Toys,122,134,17.35,15.545,92.39234
2023-12-01,S003-P0001,Toys,156,0,19.24,15.545,99.86796
2023-12-02,S003-P0001,Toys,177,261,16.91,15.545,127.40951
2023-12-03,S003-P0001,Toys,131,456,18.87,15.545,108.47353
2023-12-04,S003-P0001,Toys,126,373,15.62,15.545,140.23013
2023-12-05,S003-P0001,Toys,88,290,16.41,15.545,90.67158
2023-12-06,S003-P0001,Toys,64,212,14.28,15.545,108.16018
2023-12-07,S003-P0001,Toys,51,166,13.63,15.545,97.22156
2023-12-08,S003-P0001,Toys,127,126,14.91,15.545,129.05821
2023-12-09,S003-P0001,Toys,95,0,16.85,15.545,91.549995
2023-12-10,S003-P0001,Toys,105,278,13.91,15.545,117.7235
2023-12-11,S003-P0001,Toys,103,168,17.25,15.545,91.83295
2023-12-12,S003-P0001,Toys,147,45,15.81,15.545,116.167625
2023-12-13,S003-P0001,Toys,57,242,13.25,15.545,108.16018
2023-12-14,S003-P0001,Toys,74,505,14.85,15.545,97.22156
2023-12-15,S003-P0001,Toys,137,434,14.37,15.545,118.40728
2023-12-16,S003-P0001,Toys,108,320,15.82,15.545,91.02009
2023-12-17,S003-P0001,Toys,53,195,15.21,15.545,99.864815
2023-12-18,S003-P0001,Toys,68,157,14.49,15.545,108.76588
2023-12-19,S003-P0001,Toys,112,93,16.91,15.545,90.67158
2023-12-20,S003-P0001,Toys,117,127,19.03,15.545,108.161224
2023-12-21,S003-P0001,Toys,151,313,17.99,15.545,105.54357
2023-12-22,S003-P0001,Toys,55,134,14.56,15.545,92.42234
2023-12-23,S003-P0001,Toys,115,406,17.95,15.545,91.22076
2023-12-24,S003-P0001,Toys,163,328,18.58,15.545,117.85168
2023-12-25,S003-P0001,Toys,103,171,13.62,15.545,120.03601
2023-12-26,S003-P0001,Toys,175,428,18.1,15.545,136.92819
2023-12-27,S003-P0001,Toys,11,219,10.85,15.545,50.64864
2023-12-28,S003-P0001,Toys,41,208,13.79,15.545,34.853725
2023-12-29,S003-P0001,Toys,30,183,12.48,15.545,33.16883
2023-12-30,S003-P0001,Toys,47,163,14.89,15.545,35.525517
2023-12-31,S003-P0001,Toys,11,130,12.13,15.545,39.53763
2024-01-01,S003-P0001,Toys,31,121,12.55,15.545,34.10384
2024-01-02,S003-P0001,Toys,42,98,13.85,15.545,28.69254
2024-01-03,S003-P0001,Toys,22,59,11.4,15.545,42.511127
2024-01-04,S003-P0001,Toys,36,141,10.14,15.545,44.141953
2024-01-05,S003-P0001,Toys,34,107,13.38,15.545,36.560883
2024-01-06,S003-P0001,Toys,95,70,13.29,15.545,48.193798
2024-01-07,S003-P0001,Toys,8,56,12.56,15.545,32.189587
2024-01-08,S003-P0001,Toys,23,238,11.52,15.545,44.479538
2024-01-09,S003-P0001,Toys,109,224,15.87,15.545,90.6903
2024-01-10,S003-P0001,Toys,88,148,14.79,15.545,100.80664
2024-01-11,S003-P0001,Toys,164,255,18.52,15.545,139.15417
2024-01-12,S003-P0001,Toys,161,146,19.43,15.545,109.51913
2024-01-13,S003-P0001,Toys,151,371,17.85,15.545,127.8136
2024-01-14,S003-P0001,Toys,126,228,18.57,15.545,101.151855
2024-01-15,S003-P0001,Toys,101,89,16.29,15.545,107.23384
2024-01-16,S003-P0001,Toys,91,229,15.73,15.545,99.831474
2024-01-17,S003-P0001,Toys,94,125,15.91,15.545,91.46191
2024-01-18,S003-P0001,Toys,66,62,14.41,15.545,97.320625
2024-01-19,S003-P0001,Toys,115,197,17.0,15.545,139.16397
2024-01-20,S003-P0001,Toys,45,122,14.04,15.545,108.87197
2024-01-21,S003-P0001,Toys,52,349,11.39,15.545,118.10707
2024-01-22,S003-P0001,Toys,119,289,14.55,15.545,139.38213
2024-01-23,S003-P0001,Toys,89,169,17.35,15.545,99.54917
2024-01-24,S003-P0001,Toys,64,105,13.56,15.545,116.9708
2024-01-25,S003-P0001,Toys,73,192,14.02,15.545,106.35638
2024-01-26,S003-P0001,Toys,81,115,14.43,15.545,93.25668
2024-01-27,S003-P0001,Toys,125,208,19.45,15.545,91.27177
2024-01-28,S003-P0001,Toys,103,116,16.41,15.545,101.142525
2024-01-29,S003-P0001,Toys,55,244,14.6,15.545,90.72183
2024-01-30,S003-P0001,Toys,58,207,13.26,15.545,108.53593
2023-10-03,S003-P0002,Groceries,114,520,56.14,56.269999999999996,130.63832
2023-10-04,S003-P0002,Groceries,143,436,61.26,56.269999999999996,146.49794
2023-10-05,S003-P0002,Groceries,175,312,59.95,56.269999999999996,131.87782
2023-10-06,S003-P0002,Groceries,112,202,58.88,56.269999999999996,114.61115
2023-10-07,S003-P0002,Groceries,62,548,46.96,56.269999999999996,68.252594
2023-10-08,S003-P0002,Groceries,113,497,47.27,56.269999999999996,89.49555
2023-10-09,S003-P0002,Groceries,88,387,57.21,56.269999999999996,68.1217
2023-10-10,S003-P0002,Groceries,82,308,47.92,56.269999999999996,75.24165
2023-10-11,S003-P0002,Groceries,65,258,45.15,56.269999999999996,67.70789
2023-10-12,S003-P0002,Groceries,78,215,55.37,56.269999999999996,75.88958
2023-10-13,S003-P0002,Groceries,91,358,54.89,56.269999999999996,84.428
2023-10-14,S003-P0002,Groceries,100,285,50.61,56.269999999999996,87.83965
2023-10-15,S003-P0002,Groceries,92,191,58.06,56.269999999999996,78.452034
2023-10-16,S003-P0002,Groceries,75,89,52.05,56.269999999999996,75.14158
2023-10-17,S003-P0002,Groceries,132,294,56.07,56.269999999999996,96.58297
2023-10-18,S003-P0002,Groceries,89,161,43.08,56.269999999999996,88.23828
2023-10-19,S003-P0002,Groceries,57,95,51.13,56.269999999999996,68.887794
2023-10-20,S003-P0002,Groceries,97,403,53.12,56.269999999999996,70.91061
2023-10-21,S003-P0002,Groceries,44,312,43.73,56.269999999999996,75.12183
2023-10-22,S003-P0002,Groceries,59,264,46.51,56.269999999999996,71.868576
2023-10-23,S003-P0002,Groceries,79,229,50.01,56.269999999999996,87.87417
2023-10-24,S003-P0002,Groceries,58,157,46.42,56.269999999999996,67.48089
2023-10-25,S003-P0002,Groceries,172,106,63.08,56.269999999999996,146.49794
2023-10-26,S003-P0002,Groceries,131,280,46.83,56.269999999999996,163.21414
2023-10-27,S003-P0002,Groceries,94,135,52.66,56.269999999999996,125.77022
2023-10-28,S003-P0002,Groceries,104,525,51.64,56.269999999999996,101.60203
2023-10-29,S003-P0002,Groceries,149,434,65.69,56.269999999999996,115.98545
2023-10-30,S003-P0002,Groceries,103,317,54.32,56.269999999999996,113.90205
2023-10-31,S003-P0002,Groceries,157,253,67.2,56.269999999999996,125.39463
2023-11-01,S003-P0002,Groceries,78,499,49.89,56.269999999999996,104.28337
2023-11-02,S003-P0002,Groceries,131,413,62.39,56.269999999999996,127.54586
2023-11-03,S003-P0002,Groceries,100,286,42.46,56.269999999999996,151.25038
2023-11-04,S003-P0002,Groceries,112,225,62.01,56.269999999999996,128.4052
2023-11-05,S003-P0002,Groceries,141,560,67.59,56.269999999999996,118.30809
2023-11-06,S003-P0002,Groceries,100,459,53.64,56.269999999999996,103.26303
2023-11-07,S003-P0002,Groceries,98,393,50.7,56.269999999999996,153.57718
2023-11-08,S003-P0002,Groceries,65,292,47.57,56.269999999999996,137.10109
2023-11-09,S003-P0002,Groceries,156,215,63.46,56.269999999999996,104.30643
2023-11-10,S003-P0002,Groceries,198,69,63.69,56.269999999999996,137.17284
2023-11-11,S003-P0002,Groceries,132,0,53.29,56.269999999999996,168.42226
2023-11-12,S003-P0002,Groceries,212,417,69.29,56.269999999999996,166.78304
2023-11-13,S003-P0002,Groceries,87,959,51.53,56.269999999999996,103.32438
2023-11-14,S003-P0002,Groceries,131,861,56.25,56.269999999999996,102.64631
2023-11-15,S003-P0002,Groceries,230,725,67.99,56.269999999999996,169.9062
2023-11-16,S003-P0002,Groceries,67,450,50.44,56.269999999999996,114.50946
2023-11-17,S003-P0002,Groceries,137,401,63.62,56.269999999999996,118.05419
2023-11-18,S003-P0002,Groceries,28,1112,38.91,56.269999999999996,168.28503
2023-11-19,S003-P0002,Groceries,94,1091,52.54,56.269999999999996,129.75905
2023-11-20,S003-P0002,Groceries,156,1035,60.35,56.269999999999996,139.00352
2023-11-21,S003-P0002,Groceries,75,876,49.24,56.269999999999996,115.97366
2023-11-22,S003-P0002,Groceries,183,829,75.92,56.269999999999996,128.53862
2023-11-23,S003-P0002,Groceries,98,686,56.3,56.269999999999996,103.581894
2023-11-24,S003-P0002,Groceries,75,598,49.38,56.269999999999996,118.05419
2023-11-25,S003-P0002,Groceries,152,553,52.41,56.269999999999996,140.8227
2023-11-26,S003-P0002,Groceries,89,453,57.49,56.269999999999996,105.774826
2023-11-27,S003-P0002,Groceries,62,395,49.52,56.269999999999996,103.321526
2023-11-28,S003-P0002,Groceries,100,358,56.66,56.269999999999996,102.35601
2023-11-29,S003-P0002,Groceries,148,274,65.5,56.269999999999996,128.53862
2023-11-30,S003-P0002,Groceries,77,185,52.4,56.269999999999996,114.50946
2023-12-01,S003-P0002,Groceries,133,428,56.19,56.269999999999996,148.03453
2023-12-02,S003-P0002,Groceries,126,329,58.5,56.269999999999996,115.401146
2023-12-03,S003-P0002,Groceries,129,246,61.99,56.269999999999996,123.51838
2023-12-04,S003-P0002,Groceries,162,579,57.47,56.269999999999996,158.25221
2023-12-05,S003-P0002,Groceries,120,458,57.21,56.269999999999996,102.63526
2023-12-06,S003-P0002,Groceries,128,376,55.7,56.269999999999996,125.44433
2023-12-07,S003-P0002,Groceries,105,240,57.58,56.269999999999996,111.924126
2023-12-08,S003-P0002,Groceries,20,150,39.65,56.269999999999996,113.36445
2023-12-09,S003-P0002,Groceries,102,456,54.09,56.269999999999996,102.571266
2023-12-10,S003-P0002,Groceries,125,362,55.23,56.269999999999996,100.69175
2023-12-11,S003-P0002,Groceries,96,234,50.34,56.269999999999996,104.042496
2023-12-12,S003-P0002,Groceries,242,151,66.39,56.269999999999996,133.87807
2023-12-13,S003-P0002,Groceries,210,423,73.0,56.269999999999996,125.44433
2023-12-14,S003-P0002,Groceries,79,284,52.66,56.269999999999996,111.99093
2023-12-15,S003-P0002,Groceries,118,963,60.03,56.269999999999996,101.424965
2023-12-16,S003-P0002,Groceries,138,855,63.67,56.269999999999996,102.571266
2023-12-17,S003-P0002,Groceries,154,737,63.1,56.269999999999996,111.9889
2023-12-18,S003-P0002,Groceries,184,565,68.64,56.269999999999996,123.74775
2023-12-19,S003-P0002,Groceries,107,366,61.07,56.269999999999996,102.228035
2023-12-20,S003-P0002,Groceries,167,276,51.8,56.269999999999996,160.72119
2023-12-21,S003-P0002,Groceries,221,534,66.6,56.269999999999996,156.54659
2023-12-22,S003-P0002,Groceries,119,366,51.15,56.269999999999996,132.93423
2023-12-23,S003-P0002,Groceries,74,272,44.12,56.269999999999996,134.94656
2023-12-24,S003-P0002,Groceries,138,761,50.94,56.269999999999996,131.4793
2023-12-25,S003-P0002,Groceries,26,615,45.06,56.269999999999996,104.439156
2023-12-26,S003-P0002,Groceries,48,595,44.55,56.269999999999996,124.36556
2023-12-27,S003-P0002,Groceries,157,539,57.14,56.269999999999996,101.95904
2023-12-28,S003-P0002,Groceries,88,439,43.48,56.269999999999996,102.37594
2023-12-29,S003-P0002,Groceries,69,380,48.27,56.269999999999996,71.470985
2023-12-30,S003-P0002,Groceries,101,817,56.81,56.269999999999996,78.45685
2023-12-31,S003-P0002,Groceries,53,745,43.08,56.269999999999996,85.926506
2024-01-01,S003-P0002,Groceries,115,701,44.62,56.269999999999996,98.9275
2024-01-02,S003-P0002,Groceries,68,608,53.3,56.269999999999996,69.056694
2024-01-03,S003-P0002,Groceries,141,540,48.15,56.269999999999996,89.99743
2024-01-04,S003-P0002,Groceries,69,449,48.13,56.269999999999996,69.8348
2024-01-05,S003-P0002,Groceries,60,387,51.87,56.269999999999996,84.91562
2024-01-06,S003-P0002,Groceries,83,323,53.55,56.269999999999996,75.95674
2024-01-07,S003-P0002,Groceries,39,261,40.73,56.269999999999996,92.20268
2024-01-08,S003-P0002,Groceries,96,227,58.89,56.269999999999996,69.28023
2024-01-09,S003-P0002,Groceries,90,384,54.72,56.269999999999996,102.60335
2024-01-10,S003-P0002,Groceries,92,315,52.31,56.269999999999996,113.27808
2024-01-11,S003-P0002,Groceries,130,251,65.54,56.269999999999996,122.142525
2024-01-12,S003-P0002,Groceries,140,95,67.42,56.269999999999996,124.60845
2024-01-13,S003-P0002,Groceries,108,274,58.2,56.269999999999996,112.73431
2024-01-14,S003-P0002,Groceries,153,182,62.96,56.269999999999996,110.988365
2024-01-15,S003-P0002,Groceries,75,442,39.04,56.269999999999996,159.73743
2024-01-16,S003-P0002,Groceries,151,382,59.21,56.269999999999996,148.20343
2024-01-17,S003-P0002,Groceries,63,262,47.2,56.269999999999996,103.361626
2024-01-18,S003-P0002,Groceries,80,202,55.76,56.269999999999996,111.619804
2024-01-19,S003-P0002,Groceries,61,619,49.41,56.269999999999996,123.51831
2024-01-20,S003-P0002,Groceries,118,558,56.82,56.269999999999996,163.99727
2024-01-21,S003-P0002,Groceries,62,417,47.18,56.269999999999996,101.88603
2024-01-22,S003-P0002,Groceries,100,370,56.66,56.269999999999996,124.44666
2024-01-23,S003-P0002,Groceries,94,267,49.96,56.269999999999996,112.60583
2024-01-24,S003-P0002,Groceries,126,200,51.81,56.269999999999996,136.23227
2024-01-25,S003-P0002,Groceries,73,380,46.52,56.269999999999996,160.46114
2024-01-26,S003-P0002,Groceries,57,299,38.41,56.269999999999996,134.3076
2024-01-27,S003-P0002,Groceries,112,253,49.99,56.269999999999996,136.0695
2024-01-28,S003-P0002,Groceries,111,186,55.55,56.269999999999996,110.988365
2024-01-29,S003-P0002,Groceries,116,93,62.81,56.269999999999996,104.06277
2024-01-30,S003-P0002,Groceries,112,327,55.7,56.269999999999996,122.73763
2023-10-03,S003-P0003,Electronics,80,144,89.44,87.635,92.91961
2023-10-04,S003-P0003,Electronics,146,159,99.57,87.635,103.03154
2023-10-05,S003-P0003,Electronics,122,171,87.2,87.635,118.13546
2023-10-06,S003-P0003,Electronics,177,194,96.12,87.635,130.2659
2023-10-07,S003-P0003,Electronics,44,176,74.34,87.635,50.912025
2023-10-08,S003-P0003,Electronics,53,147,77.05,87.635,52.36853
2023-10-09,S003-P0003,Electronics,94,103,71.44,87.635,65.66758
2023-10-10,S003-P0003,Electronics,41,127,77.36,87.635,55.985916
2023-10-11,S003-P0003,Electronics,58,90,70.55,87.635,66.705536
2023-10-12,S003-P0003,Electronics,43,109,69.97,87.635,57.84359
2023-10-13,S003-P0003,Electronics,33,109,74.83,87.635,62.387123
2023-10-14,S003-P0003,Electronics,60,122,75.01,87.635,50.817963
2023-10-15,S003-P0003,Electronics,65,110,80.6,87.635,58.08776
2023-10-16,S003-P0003,Electronics,44,118,70.53,87.635,55.593685
2023-10-17,S003-P0003,Electronics,48,129,60.41,87.635,72.553696
2023-10-18,S003-P0003,Electronics,98,81,67.78,87.635,67.50962
2023-10-19,S003-P0003,Electronics,75,80,79.25,87.635,68.2914
2023-10-20,S003-P0003,Electronics,57,79,78.08,87.635,52.798565
2023-10-21,S003-P0003,Electronics,40,83,72.99,87.635,55.917297
2023-10-22,S003-P0003,Electronics,58,109,78.35,87.635,53.93375
2023-10-23,S003-P0003,Electronics,117,106,85.84,87.635,66.347115
2023-10-24,S003-P0003,Electronics,50,115,72.29,87.635,50.874393
2023-10-25,S003-P0003,Electronics,191,113,111.93,87.635,129.3955
2023-10-26,S003-P0003,Electronics,151,180,100.82,87.635,111.18752
2023-10-27,S003-P0003,Electronics,143,139,93.47,87.635,113.16706
2023-10-28,S003-P0003,Electronics,122,162,87.9,87.635,94.51101
2023-10-29,S003-P0003,Electronics,132,198,95.58,87.635,104.538284
2023-10-30,S003-P0003,Electronics,80,209,76.57,87.635,103.49071
2023-10-31,S003-P0003,Electronics,122,121,97.58,87.635,112.01496
2023-11-01,S003-P0003,Electronics,137,133,96.64,87.635,91.16166
2023-11-02,S003-P0003,Electronics,164,123,99.0,87.635,107.95965
2023-11-03,S003-P0003,Electronics,126,159,89.03,87.635,104.580605
2023-11-04,S003-P0003,Electronics,166,145,105.31,87.635,112.868065
2023-11-05,S003-P0003,Electronics,127,185,98.94,87.635,104.51162
2023-11-06,S003-P0003,Electronics,141,166,92.39,87.635,118.42964
2023-11-07,S003-P0003,Electronics,167,175,100.02,87.635,100.66955
2023-11-08,S003-P0003,Electronics,167,239,99.2,87.635,118.49246
2023-11-09,S003-P0003,Electronics,91,248,88.29,87.635,88.16947
2023-11-10,S003-P0003,Electronics,138,173,91.99,87.635,94.667274
2023-11-11,S003-P0003,Electronics,133,203,90.74,87.635,146.1729
2023-11-12,S003-P0003,Electronics,100,223,72.78,87.635,144.50833
2023-11-13,S003-P0003,Electronics,52,125,80.82,87.635,90.76181
2023-11-14,S003-P0003,Electronics,88,115,78.77,87.635,116.9475
2023-11-15,S003-P0003,Electronics,188,121,93.78,87.635,148.7359
2023-11-16,S003-P0003,Electronics,121,157,92.16,87.635,97.025604
2023-11-17,S003-P0003,Electronics,67,170,81.12,87.635,105.313774
2023-11-18,S003-P0003,Electronics,245,102,113.17,87.635,148.03221
2023-11-19,S003-P0003,Electronics,59,217,71.0,87.635,144.28566
2023-11-20,S003-P0003,Electronics,84,163,81.83,87.635,88.91685
2023-11-21,S003-P0003,Electronics,105,99,92.55,87.635,101.15798
2023-11-22,S003-P0003,Electronics,134,117,91.07,87.635,113.14092
2023-11-23,S003-P0003,Electronics,117,148,86.08,87.635,118.64805
2023-11-24,S003-P0003,Electronics,117,179,96.08,87.635,104.94718
2023-11-25,S003-P0003,Electronics,98,150,81.35,87.635,90.912796
2023-11-26,S003-P0003,Electronics,117,161,101.26,87.635,95.67048
2023-11-27,S003-P0003,Electronics,130,134,84.21,87.635,119.40905
2023-11-28,S003-P0003,Electronics,101,150,82.27,87.635,89.16539
2023-11-29,S003-P0003,Electronics,137,181,91.89,87.635,113.14092
2023-11-30,S003-P0003,Electronics,74,152,79.03,87.635,97.19293
2023-12-01,S003-P0003,Electronics,155,86,96.05,87.635,127.479485
2023-12-02,S003-P0003,Electronics,209,162,110.45,87.635,128.67836
2023-12-03,S003-P0003,Electronics,100,240,95.83,87.635,109.02192
2023-12-04,S003-P0003,Electronics,103,138,87.11,87.635,111.08955
2023-12-05,S003-P0003,Electronics,90,152,83.52,87.635,91.89193
2023-12-06,S003-P0003,Electronics,148,164,83.08,87.635,140.77293
2023-12-07,S003-P0003,Electronics,178,148,108.63,87.635,100.52875
2023-12-08,S003-P0003,Electronics,66,181,85.09,87.635,101.101326
2023-12-09,S003-P0003,Electronics,124,129,82.63,87.635,117.19758
2023-12-10,S003-P0003,Electronics,134,111,80.87,87.635,115.99741
2023-12-11,S003-P0003,Electronics,126,140,88.8,87.635,94.91563
2023-12-12,S003-P0003,Electronics,100,121,68.24,87.635,117.70115
2023-12-13,S003-P0003,Electronics,153,118,96.12,87.635,112.512794
2023-12-14,S003-P0003,Electronics,146,165,110.16,87.635,99.81503
2023-12-15,S003-P0003,Electronics,50,164,72.02,87.635,92.68926
2023-12-16,S003-P0003,Electronics,161,122,103.42,87.635,116.7674
2023-12-17,S003-P0003,Electronics,118,156,96.46,87.635,100.62183
2023-12-18,S003-P0003,Electronics,144,210,98.54,87.635,139.79369
2023-12-19,S003-P0003,Electronics,119,228,91.73,87.635,116.680595
2023-12-20,S003-P0003,Electronics,108,102,93.51,87.635,111.79687
2023-12-21,S003-P0003,Electronics,144,151,93.68,87.635,110.113884
2023-12-22,S003-P0003,Electronics,71,216,78.11,87.635,92.19732
2023-12-23,S003-P0003,Electronics,100,155,91.03,87.635,92.08103
2023-12-24,S003-P0003,Electronics,111,143,84.94,87.635,92.721565
2023-12-25,S003-P0003,Electronics,82,166,81.4,87.635,94.29757
2023-12-26,S003-P0003,Electronics,123,68,103.17,87.635,110.39682
2023-12-27,S003-P0003,Electronics,68,107,61.13,87.635,75.6044
2023-12-28,S003-P0003,Electronics,76,136,83.89,87.635,54.99372
2023-12-29,S003-P0003,Electronics,82,113,85.54,87.635,50.8165
2023-12-30,S003-P0003,Electronics,59,110,74.79,87.635,56.342957
2023-12-31,S003-P0003,Electronics,66,131,80.88,87.635,60.285347
2024-01-01,S003-P0003,Electronics,62,137,75.55,87.635,52.808525
2024-01-02,S003-P0003,Electronics,34,157,71.26,87.635,47.7767
2024-01-03,S003-P0003,Electronics,82,124,81.25,87.635,47.866264
2024-01-04,S003-P0003,Electronics,28,116,69.41,87.635,47.62585
2024-01-05,S003-P0003,Electronics,56,96,70.11,87.635,76.70156
2024-01-06,S003-P0003,Electronics,93,115,84.36,87.635,72.08921
2024-01-07,S003-P0003,Electronics,34,99,67.48,87.635,48.090534
2024-01-08,S003-P0003,Electronics,79,125,80.29,87.635,64.2069
2024-01-09,S003-P0003,Electronics,94,135,84.49,87.635,92.60663
2024-01-10,S003-P0003,Electronics,131,155,84.42,87.635,130.99005
2024-01-11,S003-P0003,Electronics,136,154,85.72,87.635,140.55257
2024-01-12,S003-P0003,Electronics,102,216,96.35,87.635,109.67015
2024-01-13,S003-P0003,Electronics,25,116,65.01,87.635,102.87076
2024-01-14,S003-P0003,Electronics,23,100,64.69,87.635,100.04508
2024-01-15,S003-P0003,Electronics,75,127,83.53,87.635,110.64867
2024-01-16,S003-P0003,Electronics,127,121,89.29,87.635,129.90639
2024-01-17,S003-P0003,Electronics,44,142,70.27,87.635,93.32987
2024-01-18,S003-P0003,Electronics,68,111,77.3,87.635,101.29711
2024-01-19,S003-P0003,Electronics,71,122,74.07,87.635,140.58836
2024-01-20,S003-P0003,Electronics,60,135,79.0,87.635,111.89414
2024-01-21,S003-P0003,Electronics,30,117,63.08,87.635,93.453285
2024-01-22,S003-P0003,Electronics,105,95,82.73,87.635,142.16122
2024-01-23,S003-P0003,Electronics,150,106,100.29,87.635,102.62412
2024-01-24,S003-P0003,Electronics,167,124,87.59,87.635,119.8072
2024-01-25,S003-P0003,Electronics,100,206,91.1,87.635,109.52501
2024-01-26,S003-P0003,Electronics,110,94,93.99,87.635,92.37027
2024-01-27,S003-P0003,Electronics,84,95,82.05,87.635,92.43376
2024-01-28,S003-P0003,Electronics,164,116,88.0,87.635,128.57602
2024-01-29,S003-P0003,Electronics,87,184,87.23,87.635,92.75695
2024-01-30,S003-P0003,Electronics,103,95,91.96,87.635,111.40922
2023-10-03,S003-P0004,Groceries,101,507,22.1,22.985,102.47425
2023-10-04,S003-P0004,Groceries,157,446,23.5,22.985,146.22182
2023-10-05,S003-P0004,Groceries,40,297,16.79,22.985,103.23742
2023-10-06,S003-P0004,Groceries,87,267,20.06,22.985,114.424095
2023-10-07,S003-P0004,Groceries,55,723,16.7,22.985,87.8171
2023-10-08,S003-P0004,Groceries,42,671,17.82,22.985,72.33569
2023-10-09,S003-P0004,Groceries,55,633,19.83,22.985,68.33599
2023-10-10,S003-P0004,Groceries,99,580,24.39,22.985,75.00636
2023-10-11,S003-P0004,Groceries,64,474,18.47,22.985,87.99332
2023-10-12,S003-P0004,Groceries,47,408,18.2,22.985,76.20773
2023-10-13,S003-P0004,Groceries,114,377,19.5,22.985,105.76621
2023-10-14,S003-P0004,Groceries,68,290,21.92,22.985,68.06876
2023-10-15,S003-P0004,Groceries,98,214,20.78,22.985,78.63901
2023-10-16,S003-P0004,Groceries,55,485,20.92,22.985,75.14158
2023-10-17,S003-P0004,Groceries,125,420,19.87,22.985,96.741905
2023-10-18,S003-P0004,Groceries,127,281,20.26,22.985,87.82949
2023-10-19,S003-P0004,Groceries,42,140,14.13,22.985,88.18496
2023-10-20,S003-P0004,Groceries,82,453,19.62,22.985,88.89239
2023-10-21,S003-P0004,Groceries,44,356,18.99,22.985,74.972496
2023-10-22,S003-P0004,Groceries,103,321,22.33,22.985,71.59259
2023-10-23,S003-P0004,Groceries,89,198,21.34,22.985,68.75071
2023-10-24,S003-P0004,Groceries,85,125,19.93,22.985,67.7102
2023-10-25,S003-P0004,Groceries,103,335,24.76,22.985,113.949776
2023-10-26,S003-P0004,Groceries,231,260,29.94,22.985,126.79423
2023-10-27,S003-P0004,Groceries,95,35,21.69,22.985,125.77022
2023-10-28,S003-P0004,Groceries,136,271,19.49,22.985,131.06743
2023-10-29,S003-P0004,Groceries,123,974,23.72,22.985,115.96862
2023-10-30,S003-P0004,Groceries,81,838,20.71,22.985,113.90205
2023-10-31,S003-P0004,Groceries,106,755,21.34,22.985,125.9115
2023-11-01,S003-P0004,Groceries,89,688,17.72,22.985,141.8713
2023-11-02,S003-P0004,Groceries,143,602,25.25,22.985,127.54586
2023-11-03,S003-P0004,Groceries,121,435,23.57,22.985,117.72492
2023-11-04,S003-P0004,Groceries,170,292,25.59,22.985,168.42226
2023-11-05,S003-P0004,Groceries,63,111,18.32,22.985,151.24477
2023-11-06,S003-P0004,Groceries,138,60,27.53,22.985,103.321526
2023-11-07,S003-P0004,Groceries,127,532,24.03,22.985,115.97366
2023-11-08,S003-P0004,Groceries,105,403,21.3,22.985,137.10109
2023-11-09,S003-P0004,Groceries,49,330,17.41,22.985,104.30643
2023-11-10,S003-P0004,Groceries,131,280,25.67,22.985,107.45479
2023-11-11,S003-P0004,Groceries,182,169,26.58,22.985,168.28503
2023-11-12,S003-P0004,Groceries,131,11,23.07,22.985,129.75905
2023-11-13,S003-P0004,Groceries,116,375,24.51,22.985,103.32438
2023-11-14,S003-P0004,Groceries,53,723,20.76,22.985,102.32318
2023-11-15,S003-P0004,Groceries,150,675,25.73,22.985,128.75414
2023-11-16,S003-P0004,Groceries,118,528,23.36,22.985,115.80459
2023-11-17,S003-P0004,Groceries,131,441,26.98,22.985,118.477425
2023-11-18,S003-P0004,Groceries,233,332,26.75,22.985,168.81374
2023-11-19,S003-P0004,Groceries,110,78,20.23,22.985,166.32755
2023-11-20,S003-P0004,Groceries,91,462,22.59,22.985,103.07407
2023-11-21,S003-P0004,Groceries,142,368,26.51,22.985,115.56045
2023-11-22,S003-P0004,Groceries,149,250,25.58,22.985,129.13675
2023-11-23,S003-P0004,Groceries,122,132,22.34,22.985,139.53975
2023-11-24,S003-P0004,Groceries,226,404,24.66,22.985,151.25038
2023-11-25,S003-P0004,Groceries,112,148,21.78,22.985,103.56214
2023-11-26,S003-P0004,Groceries,108,45,23.88,22.985,105.21096
2023-11-27,S003-P0004,Groceries,152,771,25.84,22.985,103.26303
2023-11-28,S003-P0004,Groceries,121,648,19.65,22.985,138.20065
2023-11-29,S003-P0004,Groceries,128,563,24.12,22.985,128.75414
2023-11-30,S003-P0004,Groceries,19,434,17.09,22.985,114.50946
2023-12-01,S003-P0004,Groceries,181,417,24.81,22.985,147.40495
2023-12-02,S003-P0004,Groceries,141,226,26.38,22.985,115.401146
2023-12-03,S003-P0004,Groceries,171,118,25.83,22.985,121.65704
2023-12-04,S003-P0004,Groceries,78,601,20.43,22.985,123.661644
2023-12-05,S003-P0004,Groceries,159,549,26.32,22.985,134.89253
2023-12-06,S003-P0004,Groceries,222,437,27.67,22.985,161.6385
2023-12-07,S003-P0004,Groceries,102,239,22.2,22.985,112.6319
2023-12-08,S003-P0004,Groceries,73,171,21.24,22.985,113.76865
2023-12-09,S003-P0004,Groceries,141,652,27.79,22.985,102.66269
2023-12-10,S003-P0004,Groceries,71,486,20.01,22.985,100.75634
2023-12-11,S003-P0004,Groceries,157,423,22.08,22.985,134.06775
2023-12-12,S003-P0004,Groceries,91,253,20.32,22.985,134.89253
2023-12-13,S003-P0004,Groceries,170,195,30.13,22.985,125.856636
2023-12-14,S003-P0004,Groceries,127,600,25.32,22.985,111.924126
2023-12-15,S003-P0004,Groceries,143,457,25.2,22.985,101.099724
2023-12-16,S003-P0004,Groceries,107,291,21.32,22.985,134.94656
2023-12-17,S003-P0004,Groceries,122,224,22.48,22.985,111.9889
2023-12-18,S003-P0004,Groceries,114,526,25.64,22.985,123.975075
2023-12-19,S003-P0004,Groceries,148,414,25.59,22.985,102.28224
2023-12-20,S003-P0004,Groceries,87,255,20.06,22.985,125.44433
2023-12-21,S003-P0004,Groceries,150,188,27.07,22.985,121.84781
2023-12-22,S003-P0004,Groceries,198,562,23.06,22.985,132.05472
2023-12-23,S003-P0004,Groceries,130,367,26.89,22.985,102.66269
2023-12-24,S003-P0004,Groceries,176,246,24.7,22.985,132.03967
2023-12-25,S003-P0004,Groceries,134,793,20.4,22.985,133.71568
2023-12-26,S003-P0004,Groceries,160,656,29.36,22.985,124.86346
2023-12-27,S003-P0004,Groceries,48,559,17.37,22.985,78.437386
2023-12-28,S003-P0004,Groceries,86,514,19.87,22.985,102.25794
2023-12-29,S003-P0004,Groceries,57,416,19.95,22.985,71.47494
2023-12-30,S003-P0004,Groceries,72,349,20.05,22.985,78.32496
2023-12-31,S003-P0004,Groceries,67,292,21.85,22.985,86.16959
2024-01-01,S003-P0004,Groceries,59,251,20.13,22.985,76.95257
2024-01-02,S003-P0004,Groceries,112,193,24.19,22.985,69.056694
2024-01-03,S003-P0004,Groceries,85,85,19.92,22.985,68.968376
2024-01-04,S003-P0004,Groceries,31,13,18.01,22.985,69.70961
2024-01-05,S003-P0004,Groceries,96,382,22.93,22.985,83.97788
2024-01-06,S003-P0004,Groceries,110,312,22.83,22.985,75.95674
2024-01-07,S003-P0004,Groceries,114,213,25.63,22.985,70.48829
2024-01-08,S003-P0004,Groceries,90,101,19.12,22.985,90.586845
2024-01-09,S003-P0004,Groceries,63,440,21.54,22.985,102.65275
2024-01-10,S003-P0004,Groceries,68,376,19.78,22.985,112.846245
2024-01-11,S003-P0004,Groceries,224,327,27.59,22.985,160.02223
2024-01-12,S003-P0004,Groceries,173,98,25.79,22.985,162.84612
2024-01-13,S003-P0004,Groceries,217,0,30.49,22.985,112.90057
2024-01-14,S003-P0004,Groceries,187,792,23.62,22.985,146.93944
2024-01-15,S003-P0004,Groceries,168,585,28.49,22.985,124.57365
2024-01-16,S003-P0004,Groceries,96,466,20.52,22.985,148.20343
2024-01-17,S003-P0004,Groceries,85,364,23.27,22.985,103.406235
2024-01-18,S003-P0004,Groceries,185,288,23.8,22.985,146.88612
2024-01-19,S003-P0004,Groceries,91,168,21.37,22.985,122.86333
2024-01-20,S003-P0004,Groceries,174,79,23.13,22.985,161.69484
2024-01-21,S003-P0004,Groceries,88,528,19.99,22.985,134.28767
2024-01-22,S003-P0004,Groceries,162,432,25.22,22.985,124.33316
2024-01-23,S003-P0004,Groceries,93,292,20.47,22.985,112.60583
2024-01-24,S003-P0004,Groceries,92,220,22.69,22.985,103.406235
2024-01-25,S003-P0004,Groceries,162,591,28.02,22.985,122.142525
2024-01-26,S003-P0004,Groceries,189,452,24.06,22.985,134.56541
2024-01-27,S003-P0004,Groceries,134,320,24.5,22.985,102.68558
2024-01-28,S003-P0004,Groceries,175,239,23.19,22.985,148.02164
2024-01-29,S003-P0004,Groceries,100,634,23.24,22.985,103.7275
2024-01-30,S003-P0004,Groceries,84,552,20.93,22.985,122.50837
2023-10-03,S003-P0005,Toys,92,482,17.97,20.94,113.395004
2023-10-04,S003-P0005,Toys,92,379,22.41,20.94,95.03545
2023-10-05,S003-P0005,Toys,125,272,24.95,20.94,83.87316
2023-10-06,S003-P0005,Toys,62,161,20.16,20.94,98.29926
2023-10-07,S003-P0005,Toys,25,91,17.4,20.94,32.022987
2023-10-08,S003-P0005,Toys,46,476,19.96,20.94,36.33843
2023-10-09,S003-P0005,Toys,27,439,14.03,20.94,44.84181
2023-10-10,S003-P0005,Toys,22,409,14.57,20.94,51.736343
2023-10-11,S003-P0005,Toys,29,391,17.71,20.94,32.73767
2023-10-12,S003-P0005,Toys,14,356,14.78,20.94,52.826733
2023-10-13,S003-P0005,Toys,79,345,16.92,20.94,63.608025
2023-10-14,S003-P0005,Toys,26,274,13.8,20.94,45.806305
2023-10-15,S003-P0005,Toys,28,248,16.67,20.94,40.288746
2023-10-16,S003-P0005,Toys,23,223,13.79,20.94,51.01967
2023-10-17,S003-P0005,Toys,29,555,18.63,20.94,38.119904
2023-10-18,S003-P0005,Toys,15,521,17.49,20.94,32.73767
2023-10-19,S003-P0005,Toys,46,512,19.95,20.94,33.622437
2023-10-20,S003-P0005,Toys,27,473,16.63,20.94,34.995663
2023-10-21,S003-P0005,Toys,53,440,17.51,20.94,36.10366
2023-10-22,S003-P0005,Toys,13,394,13.17,20.94,52.05052
2023-10-23,S003-P0005,Toys,32,382,15.05,20.94,46.22681
2023-10-24,S003-P0005,Toys,13,349,13.03,20.94,47.718384
2023-10-25,S003-P0005,Toys,98,334,22.93,20.94,95.03545
2023-10-26,S003-P0005,Toys,191,263,26.91,20.94,101.05351
2023-10-27,S003-P0005,Toys,63,106,18.22,20.94,107.994415
2023-10-28,S003-P0005,Toys,55,43,18.66,20.94,85.85632
2023-10-29,S003-P0005,Toys,149,461,26.76,20.94,97.929924
2023-10-30,S003-P0005,Toys,51,985,18.35,20.94,94.87093
2023-10-31,S003-P0005,Toys,117,931,23.03,20.94,103.16824
2023-11-01,S003-P0005,Toys,165,807,22.09,20.94,117.431595
2023-11-02,S003-P0005,Toys,96,623,20.48,20.94,101.05596
2023-11-03,S003-P0005,Toys,135,562,20.56,20.94,127.49664
2023-11-04,S003-P0005,Toys,127,441,21.14,20.94,140.09552
2023-11-05,S003-P0005,Toys,165,322,22.08,20.94,127.23989
2023-11-06,S003-P0005,Toys,117,136,24.31,20.94,85.30099
2023-11-07,S003-P0005,Toys,95,600,20.4,20.94,94.58212
2023-11-08,S003-P0005,Toys,82,520,21.71,20.94,82.32884
2023-11-09,S003-P0005,Toys,45,453,19.91,20.94,83.415245
2023-11-10,S003-P0005,Toys,64,413,20.29,20.94,90.338844
2023-11-11,S003-P0005,Toys,148,351,25.34,20.94,105.74264
2023-11-12,S003-P0005,Toys,41,213,16.76,20.94,105.71413
2023-11-13,S003-P0005,Toys,61,172,16.9,20.94,108.70478
2023-11-14,S003-P0005,Toys,43,133,14.07,20.94,111.068275
2023-11-15,S003-P0005,Toys,74,619,18.98,20.94,105.040184
2023-11-16,S003-P0005,Toys,73,553,19.94,20.94,92.746895
2023-11-17,S003-P0005,Toys,67,487,18.52,20.94,98.05013
2023-11-18,S003-P0005,Toys,118,437,25.7,20.94,106.732574
2023-11-19,S003-P0005,Toys,122,344,19.76,20.94,138.45782
2023-11-20,S003-P0005,Toys,112,232,22.66,20.94,114.077354
2023-11-21,S003-P0005,Toys,71,146,20.86,20.94,96.225136
2023-11-22,S003-P0005,Toys,69,614,19.63,20.94,105.040184
2023-11-23,S003-P0005,Toys,130,559,20.26,20.94,114.40846
2023-11-24,S003-P0005,Toys,89,456,19.99,20.94,98.05013
2023-11-25,S003-P0005,Toys,100,359,17.27,20.94,117.03353
2023-11-26,S003-P0005,Toys,82,260,22.79,20.94,87.13535
2023-11-27,S003-P0005,Toys,111,763,23.89,20.94,85.93523
2023-11-28,S003-P0005,Toys,95,649,23.84,20.94,81.34138
2023-11-29,S003-P0005,Toys,98,588,20.6,20.94,105.040184
2023-11-30,S003-P0005,Toys,133,516,24.25,20.94,92.746895
2023-12-01,S003-P0005,Toys,162,375,24.85,20.94,128.96126
2023-12-02,S003-P0005,Toys,162,244,27.7,20.94,99.21666
2023-12-03,S003-P0005,Toys,125,73,22.42,20.94,108.962875
2023-12-04,S003-P0005,Toys,153,530,25.68,20.94,108.59107
2023-12-05,S003-P0005,Toys,163,350,23.44,20.94,116.167625
2023-12-06,S003-P0005,Toys,68,247,21.69,20.94,108.161224
2023-12-07,S003-P0005,Toys,83,171,19.57,20.94,96.96443
2023-12-08,S003-P0005,Toys,132,612,25.44,20.94,99.86796
2023-12-09,S003-P0005,Toys,89,465,21.11,20.94,91.22076
2023-12-10,S003-P0005,Toys,99,379,21.85,20.94,91.739136
2023-12-11,S003-P0005,Toys,74,314,20.04,20.94,91.83295
2023-12-12,S003-P0005,Toys,119,256,18.37,20.94,117.34196
2023-12-13,S003-P0005,Toys,63,151,20.21,20.94,108.161224
2023-12-14,S003-P0005,Toys,115,545,21.66,20.94,126.989006
2023-12-15,S003-P0005,Toys,110,434,20.22,20.94,118.00689
2023-12-16,S003-P0005,Toys,52,352,18.42,20.94,115.9493
2023-12-17,S003-P0005,Toys,123,290,20.89,20.94,129.27534
2023-12-18,S003-P0005,Toys,68,207,20.61,20.94,108.59107
2023-12-19,S003-P0005,Toys,110,657,19.07,20.94,116.167625
2023-12-20,S003-P0005,Toys,55,588,18.58,20.94,108.16018
2023-12-21,S003-P0005,Toys,68,549,20.61,20.94,105.538216
2023-12-22,S003-P0005,Toys,98,496,19.46,20.94,118.00689
2023-12-23,S003-P0005,Toys,84,411,20.77,20.94,91.22076
2023-12-24,S003-P0005,Toys,87,312,22.08,20.94,91.739136
2023-12-25,S003-P0005,Toys,93,211,21.36,20.94,92.06701
2023-12-26,S003-P0005,Toys,163,134,26.45,20.94,107.085434
2023-12-27,S003-P0005,Toys,17,0,15.09,20.94,35.33934
2023-12-28,S003-P0005,Toys,21,322,15.28,20.94,50.598022
2023-12-29,S003-P0005,Toys,29,300,16.74,20.94,33.16883
2023-12-30,S003-P0005,Toys,28,1058,16.75,20.94,35.118656
2023-12-31,S003-P0005,Toys,17,1034,17.64,20.94,39.53763
2024-01-01,S003-P0005,Toys,26,1024,16.56,20.94,33.929497
2024-01-02,S003-P0005,Toys,19,1006,16.05,20.94,42.433517
2024-01-03,S003-P0005,Toys,57,984,16.8,20.94,42.511127
2024-01-04,S003-P0005,Toys,50,934,19.28,20.94,29.695211
2024-01-05,S003-P0005,Toys,30,901,14.98,20.94,54.44545
2024-01-06,S003-P0005,Toys,38,882,17.43,20.94,33.05774
2024-01-07,S003-P0005,Toys,7,841,15.24,20.94,31.921864
2024-01-08,S003-P0005,Toys,35,836,16.29,20.94,30.216877
2024-01-09,S003-P0005,Toys,12,815,16.37,20.94,90.64408
2024-01-10,S003-P0005,Toys,130,803,22.81,20.94,100.80664
2024-01-11,S003-P0005,Toys,141,667,27.56,20.94,106.08282
2024-01-12,S003-P0005,Toys,140,564,24.8,20.94,109.34582
2024-01-13,S003-P0005,Toys,107,449,23.58,20.94,100.167694
2024-01-14,S003-P0005,Toys,122,380,22.25,20.94,101.38133
2024-01-15,S003-P0005,Toys,140,301,26.07,20.94,107.5495
2024-01-16,S003-P0005,Toys,124,703,21.12,20.94,128.08913
2024-01-17,S003-P0005,Toys,84,627,21.84,20.94,91.27805
2024-01-18,S003-P0005,Toys,113,573,24.01,20.94,97.320625
2024-01-19,S003-P0005,Toys,145,486,22.26,20.94,139.58542
2024-01-20,S003-P0005,Toys,111,322,20.3,20.94,138.57555
2024-01-21,S003-P0005,Toys,42,232,15.72,20.94,117.745445
2024-01-22,S003-P0005,Toys,128,191,25.18,20.94,107.5495
2024-01-23,S003-P0005,Toys,74,726,19.97,20.94,99.831474
2024-01-24,S003-P0005,Toys,85,656,19.73,20.94,116.9708
2024-01-25,S003-P0005,Toys,147,555,27.97,20.94,106.08282
2024-01-26,S003-P0005,Toys,86,396,16.47,20.94,118.21714
2024-01-27,S003-P0005,Toys,109,337,21.24,20.94,116.27048
2024-01-28,S003-P0005,Toys,29,256,15.89,20.94,101.38133
2024-01-29,S003-P0005,Toys,66,822,20.48,20.94,90.72183
2024-01-30,S003-P0005,Toys,130,782,25.32,20.94,108.35465
2023-10-03,S003-P0006,Toys,48,114,31.31,36.485,84.26731
2023-10-04,S003-P0006,Toys,109,108,32.88,36.485,126.08618
2023-10-05,S003-P0006,Toys,69,99,34.05,36.485,84.07273
2023-10-06,S003-P0006,Toys,123,99,42.84,36.485,98.42772
2023-10-07,S003-P0006,Toys,25,143,28.55,36.485,32.022987
2023-10-08,S003-P0006,Toys,15,128,30.33,36.485,36.33843
2023-10-09,S003-P0006,Toys,25,117,30.05,36.485,32.82943
2023-10-10,S003-P0006,Toys,32,97,27.75,36.485,51.736343
2023-10-11,S003-P0006,Toys,54,117,28.75,36.485,47.649567
2023-10-12,S003-P0006,Toys,17,114,29.04,36.485,36.330284
2023-10-13,S003-P0006,Toys,36,95,29.89,36.485,43.428288
2023-10-14,S003-P0006,Toys,19,116,22.0,36.485,45.806305
2023-10-15,S003-P0006,Toys,52,97,31.77,36.485,40.288746
2023-10-16,S003-P0006,Toys,31,113,27.56,36.485,50.526196
2023-10-17,S003-P0006,Toys,34,91,28.14,36.485,35.842987
2023-10-18,S003-P0006,Toys,10,114,22.47,36.485,47.543045
2023-10-19,S003-P0006,Toys,39,107,28.56,36.485,48.58559
2023-10-20,S003-P0006,Toys,18,129,29.09,36.485,35.343544
2023-10-21,S003-P0006,Toys,24,114,29.96,36.485,38.550148
2023-10-22,S003-P0006,Toys,21,94,24.83,36.485,52.05052
2023-10-23,S003-P0006,Toys,49,123,24.89,36.485,47.057343
2023-10-24,S003-P0006,Toys,42,143,30.56,36.485,31.213608
2023-10-25,S003-P0006,Toys,155,101,39.65,36.485,126.08618
2023-10-26,S003-P0006,Toys,96,166,41.4,36.485,100.9544
2023-10-27,S003-P0006,Toys,141,181,47.55,36.485,107.58315
2023-10-28,S003-P0006,Toys,104,187,38.38,36.485,85.85632
2023-10-29,S003-P0006,Toys,78,80,33.29,36.485,98.32559
2023-10-30,S003-P0006,Toys,113,106,41.59,36.485,94.42033
2023-10-31,S003-P0006,Toys,77,102,35.08,36.485,103.275566
2023-11-01,S003-P0006,Toys,110,103,37.12,36.485,85.490486
2023-11-02,S003-P0006,Toys,56,115,32.28,36.485,101.05596
2023-11-03,S003-P0006,Toys,89,141,36.53,36.485,98.32534
2023-11-04,S003-P0006,Toys,138,139,42.6,36.485,105.74264
2023-11-05,S003-P0006,Toys,108,191,43.13,36.485,98.815895
2023-11-06,S003-P0006,Toys,82,86,39.46,36.485,85.93523
2023-11-07,S003-P0006,Toys,88,85,40.39,36.485,96.225136
2023-11-08,S003-P0006,Toys,60,100,32.81,36.485,81.70104
2023-11-09,S003-P0006,Toys,138,123,33.62,36.485,114.51945
2023-11-10,S003-P0006,Toys,84,184,28.38,36.485,116.66177
2023-11-11,S003-P0006,Toys,154,120,49.38,36.485,106.732574
2023-11-12,S003-P0006,Toys,116,129,33.1,36.485,138.37196
2023-11-13,S003-P0006,Toys,134,189,41.93,36.485,108.61993
2023-11-14,S003-P0006,Toys,104,152,36.32,36.485,80.81318
2023-11-15,S003-P0006,Toys,156,116,40.07,36.485,140.6562
2023-11-16,S003-P0006,Toys,108,159,40.89,36.485,93.38785
2023-11-17,S003-P0006,Toys,167,152,40.98,36.485,127.49664
2023-11-18,S003-P0006,Toys,183,173,40.58,36.485,140.09552
2023-11-19,S003-P0006,Toys,103,212,38.15,36.485,105.71413
2023-11-20,S003-P0006,Toys,60,94,32.84,36.485,84.88697
2023-11-21,S003-P0006,Toys,135,95,44.5,36.485,95.353
2023-11-22,S003-P0006,Toys,161,152,40.67,36.485,140.6562
2023-11-23,S003-P0006,Toys,70,200,35.9,36.485,82.96998
2023-11-24,S003-P0006,Toys,67,142,32.04,36.485,98.05013
2023-11-25,S003-P0006,Toys,96,141,37.23,36.485,85.559105
2023-11-26,S003-P0006,Toys,84,173,37.73,36.485,86.97018
2023-11-27,S003-P0006,Toys,95,116,29.45,36.485,114.35181
2023-11-28,S003-P0006,Toys,115,111,31.42,36.485,111.068275
2023-11-29,S003-P0006,Toys,126,128,43.33,36.485,105.87524
2023-11-30,S003-P0006,Toys,102,102,40.14,36.485,92.746895
2023-12-01,S003-P0006,Toys,118,108,37.99,36.485,99.98456
2023-12-02,S003-P0006,Toys,60,123,31.18,36.485,99.076996
2023-12-03,S003-P0006,Toys,110,136,34.98,36.485,140.30318
2023-12-04,S003-P0006,Toys,128,180,43.58,36.485,108.661575
2023-12-05,S003-P0006,Toys,59,189,32.78,36.485,90.67158
2023-12-06,S003-P0006,Toys,191,126,41.44,36.485,138.52345
2023-12-07,S003-P0006,Toys,111,203,32.62,36.485,129.06956
2023-12-08,S003-P0006,Toys,116,118,31.51,36.485,129.38118
2023-12-09,S003-P0006,Toys,155,157,42.31,36.485,115.9493
2023-12-10,S003-P0006,Toys,110,221,43.31,36.485,91.91113
2023-12-11,S003-P0006,Toys,119,108,42.4,36.485,91.83295
2023-12-12,S003-P0006,Toys,136,146,37.54,36.485,116.167625
2023-12-13,S003-P0006,Toys,123,155,40.73,36.485,107.96699
2023-12-14,S003-P0006,Toys,65,189,33.56,36.485,97.22156
2023-12-15,S003-P0006,Toys,97,142,35.38,36.485,118.00689
2023-12-16,S003-P0006,Toys,87,156,34.39,36.485,91.02009
2023-12-17,S003-P0006,Toys,138,171,40.38,36.485,129.11519
2023-12-18,S003-P0006,Toys,94,181,32.9,36.485,140.23013
2023-12-19,S003-P0006,Toys,55,71,33.95,36.485,90.97961
2023-12-20,S003-P0006,Toys,132,64,41.76,36.485,108.16018
2023-12-21,S003-P0006,Toys,173,118,39.51,36.485,138.73418
2023-12-22,S003-P0006,Toys,90,183,36.68,36.485,92.038734
2023-12-23,S003-P0006,Toys,57,93,34.31,36.485,91.22076
2023-12-24,S003-P0006,Toys,127,109,43.42,36.485,91.91113
2023-12-25,S003-P0006,Toys,75,104,32.97,36.485,92.06701
2023-12-26,S003-P0006,Toys,102,129,36.13,36.485,107.273415
2023-12-27,S003-P0006,Toys,5,170,26.06,36.485,35.375587
2023-12-28,S003-P0006,Toys,30,165,30.76,36.485,34.853725
2023-12-29,S003-P0006,Toys,33,143,29.58,36.485,33.375526
2023-12-30,S003-P0006,Toys,26,104,28.72,36.485,35.118656
2023-12-31,S003-P0006,Toys,49,75,33.23,36.485,39.53763
2024-01-01,S003-P0006,Toys,57,100,32.42,36.485,34.10384
2024-01-02,S003-P0006,Toys,41,103,25.42,36.485,42.016426
2024-01-03,S003-P0006,Toys,27,115,23.9,36.485,42.39581
2024-01-04,S003-P0006,Toys,42,86,28.9,36.485,42.70117
2024-01-05,S003-P0006,Toys,26,91,28.73,36.485,36.560883
2024-01-06,S003-P0006,Toys,7,119,29.23,36.485,33.830837
2024-01-07,S003-P0006,Toys,34,111,29.54,36.485,31.8112
2024-01-08,S003-P0006,Toys,10,79,22.51,36.485,44.470093
2024-01-09,S003-P0006,Toys,91,121,36.61,36.485,90.6903
2024-01-10,S003-P0006,Toys,100,132,39.81,36.485,100.53982
2024-01-11,S003-P0006,Toys,140,106,42.84,36.485,105.891335
2024-01-12,S003-P0006,Toys,85,117,35.92,36.485,139.16397
2024-01-13,S003-P0006,Toys,90,128,36.63,36.485,100.167694
2024-01-14,S003-P0006,Toys,46,121,31.21,36.485,101.142525
2024-01-15,S003-P0006,Toys,80,142,35.45,36.485,107.23384
2024-01-16,S003-P0006,Toys,66,123,35.47,36.485,99.54917
2024-01-17,S003-P0006,Toys,84,147,35.81,36.485,91.46191
2024-01-18,S003-P0006,Toys,85,153,34.07,36.485,97.974434
2024-01-19,S003-P0006,Toys,72,167,38.18,36.485,109.345825
2024-01-20,S003-P0006,Toys,79,87,37.14,36.485,108.87197
2024-01-21,S003-P0006,Toys,63,82,29.52,36.485,117.745445
2024-01-22,S003-P0006,Toys,114,97,43.89,36.485,107.5495
2024-01-23,S003-P0006,Toys,179,119,47.58,36.485,127.91091
2024-01-24,S003-P0006,Toys,105,181,31.96,36.485,119.06687
2024-01-25,S003-P0006,Toys,103,193,32.21,36.485,139.95764
2024-01-26,S003-P0006,Toys,120,75,38.21,36.485,93.25668
2024-01-27,S003-P0006,Toys,122,126,42.74,36.485,91.27177
2024-01-28,S003-P0006,Toys,111,137,35.1,36.485,127.75294
2024-01-29,S003-P0006,Toys,88,151,38.3,36.485,90.72183
2024-01-30,S003-P0006,Toys,147,156,48.42,36.485,108.34991
2023-10-03,S003-P0007,Groceries,132,0,17.19,16.23,102.47425
2023-10-04,S003-P0007,Groceries,116,868,18.15,16.23,113.949776
2023-10-05,S003-P0007,Groceries,111,751,17.87,16.23,101.17364
2023-10-06,S003-P0007,Groceries,187,653,15.8,16.23,147.3749
2023-10-07,S003-P0007,Groceries,58,507,12.66,16.23,87.83965
2023-10-08,S003-P0007,Groceries,78,462,14.47,16.23,72.03907
2023-10-09,S003-P0007,Groceries,105,402,17.53,16.23,68.1217
2023-10-10,S003-P0007,Groceries,65,1116,13.74,16.23,96.806526
2023-10-11,S003-P0007,Groceries,102,1070,13.2,16.23,87.82949
2023-10-12,S003-P0007,Groceries,62,969,14.38,16.23,75.88958
2023-10-13,S003-P0007,Groceries,82,899,15.41,16.23,84.428
2023-10-14,S003-P0007,Groceries,59,838,12.77,16.23,88.146416
2023-10-15,S003-P0007,Groceries,71,802,13.36,16.23,78.63901
2023-10-16,S003-P0007,Groceries,64,754,14.46,16.23,75.27064
2023-10-17,S003-P0007,Groceries,56,700,14.75,16.23,75.00636
2023-10-18,S003-P0007,Groceries,78,646,13.71,16.23,87.99332
2023-10-19,S003-P0007,Groceries,42,561,12.56,16.23,69.48847
2023-10-20,S003-P0007,Groceries,30,530,12.63,16.23,70.56697
2023-10-21,S003-P0007,Groceries,109,508,16.02,16.23,97.21493
2023-10-22,S003-P0007,Groceries,65,440,13.06,16.23,71.868576
2023-10-23,S003-P0007,Groceries,34,390,13.53,16.23,68.648
2023-10-24,S003-P0007,Groceries,79,369,15.26,16.23,67.48089
2023-10-25,S003-P0007,Groceries,187,789,18.88,16.23,146.22182
2023-10-26,S003-P0007,Groceries,118,648,17.36,16.23,126.662346
2023-10-27,S003-P0007,Groceries,131,535,18.07,16.23,126.0151
2023-10-28,S003-P0007,Groceries,111,383,17.88,16.23,100.40549
2023-10-29,S003-P0007,Groceries,197,864,20.47,16.23,115.96862
2023-10-30,S003-P0007,Groceries,87,737,15.68,16.23,113.80968
2023-10-31,S003-P0007,Groceries,112,675,15.36,16.23,125.9115
2023-11-01,S003-P0007,Groceries,147,606,17.91,16.23,104.5604
2023-11-02,S003-P0007,Groceries,196,1343,22.71,16.23,126.92896
2023-11-03,S003-P0007,Groceries,155,1164,18.34,16.23,117.72492
2023-11-04,S003-P0007,Groceries,202,1039,20.73,16.23,128.5342
2023-11-05,S003-P0007,Groceries,218,811,17.95,16.23,151.17776
2023-11-06,S003-P0007,Groceries,133,676,18.19,16.23,103.07407
2023-11-07,S003-P0007,Groceries,167,581,18.95,16.23,153.57718
2023-11-08,S003-P0007,Groceries,148,468,18.98,16.23,103.18043
2023-11-09,S003-P0007,Groceries,171,1269,19.14,16.23,104.30643
2023-11-10,S003-P0007,Groceries,160,1072,20.69,16.23,107.45479
2023-11-11,S003-P0007,Groceries,197,946,21.64,16.23,128.4052
2023-11-12,S003-P0007,Groceries,167,764,18.0,16.23,129.75905
2023-11-13,S003-P0007,Groceries,112,572,15.36,16.23,136.73322
2023-11-14,S003-P0007,Groceries,91,493,15.94,16.23,102.32318
2023-11-15,S003-P0007,Groceries,138,402,18.47,16.23,128.75414
2023-11-16,S003-P0007,Groceries,153,314,17.31,16.23,153.87228
2023-11-17,S003-P0007,Groceries,109,212,15.12,16.23,151.42107
2023-11-18,S003-P0007,Groceries,125,112,16.82,16.23,168.28503
2023-11-19,S003-P0007,Groceries,157,542,20.47,16.23,130.09456
2023-11-20,S003-P0007,Groceries,74,394,14.25,16.23,103.07407
2023-11-21,S003-P0007,Groceries,209,329,17.83,16.23,154.9194
2023-11-22,S003-P0007,Groceries,248,99,23.09,16.23,168.93883
2023-11-23,S003-P0007,Groceries,157,552,15.35,16.23,141.05159
2023-11-24,S003-P0007,Groceries,118,430,16.48,16.23,117.72492
2023-11-25,S003-P0007,Groceries,121,1057,17.54,16.23,104.05523
2023-11-26,S003-P0007,Groceries,75,950,11.31,16.23,135.14594
2023-11-27,S003-P0007,Groceries,146,878,18.87,16.23,103.07407
2023-11-28,S003-P0007,Groceries,108,769,16.01,16.23,102.35601
2023-11-29,S003-P0007,Groceries,149,688,18.11,16.23,128.75414
2023-11-30,S003-P0007,Groceries,137,556,18.41,16.23,115.02558
2023-12-01,S003-P0007,Groceries,72,449,15.67,16.23,114.215706
2023-12-02,S003-P0007,Groceries,102,396,15.64,16.23,149.32066
2023-12-03,S003-P0007,Groceries,142,784,18.67,16.23,122.587715
2023-12-04,S003-P0007,Groceries,75,683,13.54,16.23,123.661644
2023-12-05,S003-P0007,Groceries,102,638,15.69,16.23,102.28224
2023-12-06,S003-P0007,Groceries,98,575,12.23,16.23,160.72119
2023-12-07,S003-P0007,Groceries,152,475,16.32,16.23,144.1941
2023-12-08,S003-P0007,Groceries,143,375,19.69,16.23,114.215706
2023-12-09,S003-P0007,Groceries,110,232,16.02,16.23,102.78046
2023-12-10,S003-P0007,Groceries,174,136,15.27,16.23,131.11606
2023-12-11,S003-P0007,Groceries,167,503,17.89,16.23,134.41982
2023-12-12,S003-P0007,Groceries,121,356,17.55,16.23,102.28224
2023-12-13,S003-P0007,Groceries,115,277,17.22,16.23,125.38384
2023-12-14,S003-P0007,Groceries,109,804,15.22,16.23,112.6319
2023-12-15,S003-P0007,Groceries,164,704,16.85,16.23,132.93423
2023-12-16,S003-P0007,Groceries,20,584,10.17,16.23,134.56548
2023-12-17,S003-P0007,Groceries,106,571,16.73,16.23,113.002785
2023-12-18,S003-P0007,Groceries,141,495,18.61,16.23,123.74775
2023-12-19,S003-P0007,Groceries,53,1052,11.08,16.23,133.87807
2023-12-20,S003-P0007,Groceries,71,994,13.36,16.23,125.44433
2023-12-21,S003-P0007,Groceries,166,938,21.0,16.23,121.84781
2023-12-22,S003-P0007,Groceries,114,820,16.29,16.23,101.099724
2023-12-23,S003-P0007,Groceries,109,729,14.24,16.23,134.56548
2023-12-24,S003-P0007,Groceries,199,633,17.37,16.23,131.4793
2023-12-25,S003-P0007,Groceries,130,397,18.04,16.23,104.19076
2023-12-26,S003-P0007,Groceries,91,288,15.93,16.23,124.86346
2023-12-27,S003-P0007,Groceries,74,194,15.02,16.23,78.364845
2023-12-28,S003-P0007,Groceries,86,809,15.63,16.23,79.03472
2023-12-29,S003-P0007,Groceries,76,723,15.11,16.23,71.47494
2023-12-30,S003-P0007,Groceries,59,652,12.75,16.23,78.32496
2023-12-31,S003-P0007,Groceries,25,589,12.39,16.23,86.16959
2024-01-01,S003-P0007,Groceries,78,565,12.03,16.23,98.9275
2024-01-02,S003-P0007,Groceries,80,513,16.16,16.23,69.056694
2024-01-03,S003-P0007,Groceries,48,454,12.89,16.23,89.65922
2024-01-04,S003-P0007,Groceries,28,419,10.53,16.23,91.20609
2024-01-05,S003-P0007,Groceries,64,396,13.73,16.23,83.97788
2024-01-06,S003-P0007,Groceries,92,354,14.37,16.23,75.478424
2024-01-07,S003-P0007,Groceries,79,249,16.1,16.23,70.48829
2024-01-08,S003-P0007,Groceries,67,184,14.64,16.23,68.86347
2024-01-09,S003-P0007,Groceries,105,105,17.55,16.23,102.65275
2024-01-10,S003-P0007,Groceries,166,353,17.98,16.23,149.75386
2024-01-11,S003-P0007,Groceries,76,243,14.37,16.23,122.01086
2024-01-12,S003-P0007,Groceries,152,158,17.29,16.23,122.86333
2024-01-13,S003-P0007,Groceries,158,400,18.5,16.23,149.7399
2024-01-14,S003-P0007,Groceries,128,1036,17.9,16.23,111.65742
2024-01-15,S003-P0007,Groceries,143,900,18.73,16.23,124.57365
2024-01-16,S003-P0007,Groceries,131,777,14.47,16.23,147.61485
2024-01-17,S003-P0007,Groceries,75,622,14.24,16.23,137.2341
2024-01-18,S003-P0007,Groceries,99,561,14.73,16.23,112.09216
2024-01-19,S003-P0007,Groceries,81,456,14.59,16.23,122.86333
2024-01-20,S003-P0007,Groceries,162,372,16.8,16.23,162.84607
2024-01-21,S003-P0007,Groceries,87,215,14.9,16.23,101.88603
2024-01-22,S003-P0007,Groceries,65,121,14.53,16.23,124.57365
2024-01-23,S003-P0007,Groceries,65,54,14.5,16.23,112.08572
2024-01-24,S003-P0007,Groceries,56,755,13.34,16.23,103.3106
2024-01-25,S003-P0007,Groceries,145,715,16.83,16.23,160.0263
2024-01-26,S003-P0007,Groceries,83,592,14.67,16.23,101.94187
2024-01-27,S003-P0007,Groceries,162,533,16.6,16.23,135.6349
2024-01-28,S003-P0007,Groceries,123,435,18.55,16.23,112.47999
2024-01-29,S003-P0007,Groceries,113,322,16.25,16.23,103.7275
2024-01-30,S003-P0007,Groceries,114,187,17.13,16.23,122.62383
2023-10-03,S003-P0008,Clothing,37,476,83.96,111.56,89.33106
2023-10-04,S003-P0008,Clothing,120,442,111.84,111.56,128.60262
2023-10-05,S003-P0008,Clothing,116,353,123.43,111.56,91.418526
2023-10-06,S003-P0008,Clothing,138,231,138.92,111.56,98.49063
2023-10-07,S003-P0008,Clothing,85,136,100.6,111.56,88.335754
2023-10-08,S003-P0008,Clothing,96,308,91.55,111.56,110.867165
2023-10-09,S003-P0008,Clothing,66,198,98.91,111.56,88.120865
2023-10-10,S003-P0008,Clothing,88,153,107.22,111.56,95.36956
2023-10-11,S003-P0008,Clothing,72,200,106.43,111.56,88.67248
2023-10-12,S003-P0008,Clothing,88,154,101.61,111.56,117.739784
2023-10-13,S003-P0008,Clothing,88,247,101.67,111.56,103.845314
2023-10-14,S003-P0008,Clothing,70,186,106.0,111.56,88.25543
2023-10-15,S003-P0008,Clothing,94,268,115.14,111.56,97.251045
2023-10-16,S003-P0008,Clothing,63,192,97.62,111.56,95.277954
2023-10-17,S003-P0008,Clothing,55,124,95.0,111.56,95.36956
2023-10-18,S003-P0008,Clothing,133,201,103.98,111.56,109.82914
2023-10-19,S003-P0008,Clothing,114,68,110.69,111.56,109.35052
2023-10-20,S003-P0008,Clothing,92,234,102.83,111.56,90.35442
2023-10-21,S003-P0008,Clothing,151,132,123.45,111.56,118.536835
2023-10-22,S003-P0008,Clothing,91,219,108.24,111.56,91.15316
2023-10-23,S003-P0008,Clothing,148,451,121.55,111.56,109.42472
2023-10-24,S003-P0008,Clothing,123,287,126.15,111.56,88.61144
2023-10-25,S003-P0008,Clothing,77,198,108.64,111.56,98.468925
2023-10-26,S003-P0008,Clothing,128,372,121.45,111.56,107.77026
2023-10-27,S003-P0008,Clothing,144,239,113.27,111.56,137.4356
2023-10-28,S003-P0008,Clothing,126,106,114.83,111.56,90.43797
2023-10-29,S003-P0008,Clothing,110,338,109.27,111.56,99.153145
2023-10-30,S003-P0008,Clothing,98,254,116.76,111.56,97.854836
2023-10-31,S003-P0008,Clothing,118,173,111.89,111.56,107.774635
2023-11-01,S003-P0008,Clothing,86,307,106.26,111.56,85.32484
2023-11-02,S003-P0008,Clothing,94,215,109.31,111.56,106.44192
2023-11-03,S003-P0008,Clothing,169,148,122.39,111.56,124.77215
2023-11-04,S003-P0008,Clothing,122,208,119.13,111.56,105.918785
2023-11-05,S003-P0008,Clothing,110,401,102.18,111.56,124.5727
2023-11-06,S003-P0008,Clothing,135,328,130.92,111.56,86.79071
2023-11-07,S003-P0008,Clothing,91,205,113.85,111.56,95.192955
2023-11-08,S003-P0008,Clothing,58,372,101.37,111.56,86.446526
2023-11-09,S003-P0008,Clothing,87,310,94.72,111.56,114.62792
2023-11-10,S003-P0008,Clothing,76,243,91.2,111.56,111.83425
2023-11-11,S003-P0008,Clothing,118,176,130.94,111.56,106.85058
2023-11-12,S003-P0008,Clothing,160,85,119.51,111.56,137.40025
2023-11-13,S003-P0008,Clothing,77,275,103.01,111.56,114.89007
2023-11-14,S003-P0008,Clothing,40,572,84.89,111.56,86.87711
2023-11-15,S003-P0008,Clothing,190,529,151.97,111.56,105.86422
2023-11-16,S003-P0008,Clothing,131,346,122.48,111.56,95.58991
2023-11-17,S003-P0008,Clothing,79,206,86.17,111.56,123.82656
2023-11-18,S003-P0008,Clothing,100,151,92.64,111.56,139.46062
2023-11-19,S003-P0008,Clothing,108,204,114.11,111.56,106.8232
2023-11-20,S003-P0008,Clothing,113,125,109.6,111.56,112.6148
2023-11-21,S003-P0008,Clothing,90,257,107.4,111.56,94.6455
2023-11-22,S003-P0008,Clothing,97,161,110.22,111.56,105.53747
2023-11-23,S003-P0008,Clothing,95,82,121.64,111.56,86.07807
2023-11-24,S003-P0008,Clothing,113,185,103.98,111.56,124.77215
2023-11-25,S003-P0008,Clothing,128,250,128.19,111.56,85.11045
2023-11-26,S003-P0008,Clothing,81,161,109.94,111.56,89.61323
2023-11-27,S003-P0008,Clothing,57,332,95.94,111.56,86.79071
2023-11-28,S003-P0008,Clothing,77,264,114.44,111.56,86.33279
2023-11-29,S003-P0008,Clothing,89,197,113.35,111.56,106.53306
2023-11-30,S003-P0008,Clothing,115,133,129.62,111.56,95.85308
2023-12-01,S003-P0008,Clothing,71,209,106.2,111.56,114.57778
2023-12-02,S003-P0008,Clothing,128,133,121.46,111.56,115.42169
2023-12-03,S003-P0008,Clothing,106,177,119.79,111.56,125.56935
2023-12-04,S003-P0008,Clothing,197,356,146.5,111.56,156.91174
2023-12-05,S003-P0008,Clothing,83,222,87.39,111.56,134.50183
2023-12-06,S003-P0008,Clothing,108,568,108.44,111.56,126.37289
2023-12-07,S003-P0008,Clothing,124,497,126.82,111.56,115.45496
2023-12-08,S003-P0008,Clothing,54,371,104.96,111.56,114.58179
2023-12-09,S003-P0008,Clothing,102,309,124.32,111.56,104.90286
2023-12-10,S003-P0008,Clothing,114,226,110.41,111.56,104.10642
2023-12-11,S003-P0008,Clothing,72,94,112.38,111.56,107.02069
2023-12-12,S003-P0008,Clothing,151,252,109.6,111.56,134.05565
2023-12-13,S003-P0008,Clothing,85,109,105.86,111.56,126.37289
2023-12-14,S003-P0008,Clothing,166,384,107.25,111.56,145.84401
2023-12-15,S003-P0008,Clothing,192,230,128.81,111.56,130.82513
2023-12-16,S003-P0008,Clothing,64,472,108.83,111.56,104.90286
2023-12-17,S003-P0008,Clothing,104,427,100.0,111.56,144.5471
2023-12-18,S003-P0008,Clothing,106,356,126.02,111.56,125.82744
2023-12-19,S003-P0008,Clothing,135,273,124.51,111.56,104.95872
2023-12-20,S003-P0008,Clothing,224,171,123.78,111.56,158.77077
2023-12-21,S003-P0008,Clothing,150,322,136.5,111.56,126.78327
2023-12-22,S003-P0008,Clothing,135,565,111.3,111.56,130.91145
2023-12-23,S003-P0008,Clothing,159,447,110.68,111.56,134.30107
2023-12-24,S003-P0008,Clothing,133,340,137.13,111.56,104.242165
2023-12-25,S003-P0008,Clothing,103,203,106.71,111.56,107.91095
2023-12-26,S003-P0008,Clothing,112,133,109.08,111.56,159.03189
2023-12-27,S003-P0008,Clothing,53,253,89.46,111.56,106.35401
2023-12-28,S003-P0008,Clothing,77,191,108.73,111.56,108.519646
2023-12-29,S003-P0008,Clothing,103,102,118.64,111.56,100.31388
2023-12-30,S003-P0008,Clothing,128,191,121.68,111.56,105.94555
2023-12-31,S003-P0008,Clothing,178,234,139.54,111.56,117.20512
2024-01-01,S003-P0008,Clothing,38,49,88.45,111.56,107.29559
2024-01-02,S003-P0008,Clothing,120,430,125.01,111.56,100.495735
2024-01-03,S003-P0008,Clothing,115,315,97.25,111.56,123.32966
2024-01-04,S003-P0008,Clothing,121,228,100.32,111.56,125.01722
2024-01-05,S003-P0008,Clothing,212,135,136.49,111.56,142.55879
2024-01-06,S003-P0008,Clothing,189,276,151.72,111.56,106.923065
2024-01-07,S003-P0008,Clothing,93,443,108.6,111.56,102.64184
2024-01-08,S003-P0008,Clothing,191,385,152.28,111.56,100.8379
2024-01-09,S003-P0008,Clothing,93,196,108.51,111.56,135.14493
2024-01-10,S003-P0008,Clothing,118,507,130.93,111.56,117.72766
2024-01-11,S003-P0008,Clothing,107,428,95.93,111.56,160.03761
2024-01-12,S003-P0008,Clothing,75,305,102.46,111.56,128.08821
2024-01-13,S003-P0008,Clothing,168,239,136.34,111.56,117.44635
2024-01-14,S003-P0008,Clothing,111,59,115.33,111.56,116.48178
2024-01-15,S003-P0008,Clothing,129,275,122.23,111.56,127.99834
2024-01-16,S003-P0008,Clothing,120,168,105.36,111.56,148.90135
2024-01-17,S003-P0008,Clothing,155,326,116.7,111.56,135.51517
2024-01-18,S003-P0008,Clothing,50,171,98.21,111.56,116.51446
2024-01-19,S003-P0008,Clothing,106,424,125.9,111.56,128.61879
2024-01-20,S003-P0008,Clothing,116,337,123.62,111.56,129.61633
2024-01-21,S003-P0008,Clothing,107,214,113.92,111.56,104.521935
2024-01-22,S003-P0008,Clothing,122,140,119.74,111.56,127.99834
2024-01-23,S003-P0008,Clothing,88,207,84.54,111.56,148.53732
2024-01-24,S003-P0008,Clothing,187,374,120.7,111.56,135.51517
2024-01-25,S003-P0008,Clothing,109,156,114.87,111.56,128.34671
2024-01-26,S003-P0008,Clothing,135,379,130.97,111.56,104.2907
2024-01-27,S003-P0008,Clothing,149,233,115.85,111.56,135.12979
2024-01-28,S003-P0008,Clothing,74,102,107.28,111.56,117.61965
2024-01-29,S003-P0008,Clothing,166,322,150.24,111.56,106.70692
2024-01-30,S003-P0008,Clothing,114,170,116.51,111.56,128.69221
2023-10-03,S003-P0009,Groceries,42,198,37.63,53.78,130.40408
2023-10-04,S003-P0009,Groceries,144,158,62.44,53.78,113.93343
2023-10-05,S003-P0009,Groceries,81,163,53.93,53.78,101.17364
2023-10-06,S003-P0009,Groceries,147,104,63.05,53.78,115.105064
2023-10-07,S003-P0009,Groceries,92,161,47.85,53.78,68.252594
2023-10-08,S003-P0009,Groceries,87,54,49.49,53.78,89.07923
2023-10-09,S003-P0009,Groceries,51,71,43.54,53.78,68.33599
2023-10-10,S003-P0009,Groceries,96,68,56.78,53.78,75.00636
2023-10-11,S003-P0009,Groceries,61,113,47.64,53.78,67.501686
2023-10-12,S003-P0009,Groceries,97,44,51.32,53.78,75.78446
2023-10-13,S003-P0009,Groceries,30,88,39.9,53.78,84.428
2023-10-14,S003-P0009,Groceries,67,52,41.43,53.78,87.83965
2023-10-15,S003-P0009,Groceries,77,64,47.79,53.78,78.63901
2023-10-16,S003-P0009,Groceries,70,71,46.63,53.78,75.631935
2023-10-17,S003-P0009,Groceries,59,97,42.51,53.78,75.24165
2023-10-18,S003-P0009,Groceries,82,106,38.53,53.78,88.23828
2023-10-19,S003-P0009,Groceries,46,120,47.26,53.78,68.887794
2023-10-20,S003-P0009,Groceries,61,75,50.19,53.78,70.56697
2023-10-21,S003-P0009,Groceries,111,102,42.36,53.78,97.105705
2023-10-22,S003-P0009,Groceries,92,136,50.38,53.78,71.868576
2023-10-23,S003-P0009,Groceries,129,39,50.4,53.78,87.677895
2023-10-24,S003-P0009,Groceries,82,153,46.19,53.78,67.7102
2023-10-25,S003-P0009,Groceries,163,68,65.84,53.78,113.949776
2023-10-26,S003-P0009,Groceries,185,133,59.39,53.78,161.59612
2023-10-27,S003-P0009,Groceries,169,195,56.41,53.78,162.72722
2023-10-28,S003-P0009,Groceries,147,201,53.57,53.78,129.6385
2023-10-29,S003-P0009,Groceries,171,25,70.87,53.78,116.11357
2023-10-30,S003-P0009,Groceries,107,148,52.84,53.78,114.21264
2023-10-31,S003-P0009,Groceries,120,78,55.33,53.78,125.613
2023-11-01,S003-P0009,Groceries,95,127,51.05,53.78,104.28337
2023-11-02,S003-P0009,Groceries,148,141,53.28,53.78,170.71164
2023-11-03,S003-P0009,Groceries,158,203,48.68,53.78,151.25038
2023-11-04,S003-P0009,Groceries,115,78,51.31,53.78,168.42226
2023-11-05,S003-P0009,Groceries,133,124,54.46,53.78,117.732315
2023-11-06,S003-P0009,Groceries,119,154,61.08,53.78,103.321526
2023-11-07,S003-P0009,Groceries,141,195,62.02,53.78,115.68537
2023-11-08,S003-P0009,Groceries,111,40,42.43,53.78,139.07777
2023-11-09,S003-P0009,Groceries,172,94,63.99,53.78,104.30643
2023-11-10,S003-P0009,Groceries,121,160,58.29,53.78,107.45479
2023-11-11,S003-P0009,Groceries,185,148,73.53,53.78,128.4052
2023-11-12,S003-P0009,Groceries,101,207,49.24,53.78,129.75905
2023-11-13,S003-P0009,Groceries,108,129,50.5,53.78,136.73322
2023-11-14,S003-P0009,Groceries,188,131,55.57,53.78,138.20065
2023-11-15,S003-P0009,Groceries,190,191,67.03,53.78,129.13675
2023-11-16,S003-P0009,Groceries,126,224,59.26,53.78,114.50946
2023-11-17,S003-P0009,Groceries,39,143,43.7,53.78,118.477425
2023-11-18,S003-P0009,Groceries,155,102,50.89,53.78,169.62352
2023-11-19,S003-P0009,Groceries,181,149,72.81,53.78,130.09456
2023-11-20,S003-P0009,Groceries,133,195,60.57,53.78,103.321526
2023-11-21,S003-P0009,Groceries,108,63,47.62,53.78,154.24048
2023-11-22,S003-P0009,Groceries,100,87,49.17,53.78,129.13675
2023-11-23,S003-P0009,Groceries,138,115,55.21,53.78,104.30643
2023-11-24,S003-P0009,Groceries,90,179,47.53,53.78,117.72492
2023-11-25,S003-P0009,Groceries,144,115,46.85,53.78,140.8227
2023-11-26,S003-P0009,Groceries,89,161,52.58,53.78,105.21096
2023-11-27,S003-P0009,Groceries,109,87,56.21,53.78,103.07407
2023-11-28,S003-P0009,Groceries,172,112,63.95,53.78,136.26701
2023-11-29,S003-P0009,Groceries,204,183,65.95,53.78,129.13675
2023-11-30,S003-P0009,Groceries,91,185,55.76,53.78,114.50946
2023-12-01,S003-P0009,Groceries,83,80,43.76,53.78,148.03453
2023-12-02,S003-P0009,Groceries,94,95,50.63,53.78,115.53361
2023-12-03,S003-P0009,Groceries,169,142,50.15,53.78,157.12634
2023-12-04,S003-P0009,Groceries,162,215,51.83,53.78,157.72011
2023-12-05,S003-P0009,Groceries,118,117,57.84,53.78,102.228035
2023-12-06,S003-P0009,Groceries,265,129,75.3,53.78,161.6385
2023-12-07,S003-P0009,Groceries,179,301,72.37,53.78,111.924126
2023-12-08,S003-P0009,Groceries,183,129,62.52,53.78,113.36445
2023-12-09,S003-P0009,Groceries,140,195,55.5,53.78,102.78046
2023-12-10,S003-P0009,Groceries,165,92,66.18,53.78,101.218025
2023-12-11,S003-P0009,Groceries,167,175,63.08,53.78,104.042496
2023-12-12,S003-P0009,Groceries,150,189,47.72,53.78,133.55902
2023-12-13,S003-P0009,Groceries,239,208,75.36,53.78,162.11183
2023-12-14,S003-P0009,Groceries,130,198,63.15,53.78,111.924126
2023-12-15,S003-P0009,Groceries,97,58,48.6,53.78,100.977356
2023-12-16,S003-P0009,Groceries,69,108,48.96,53.78,102.571266
2023-12-17,S003-P0009,Groceries,172,117,50.61,53.78,145.72041
2023-12-18,S003-P0009,Groceries,152,161,47.93,53.78,157.72011
2023-12-19,S003-P0009,Groceries,106,217,52.87,53.78,102.28224
2023-12-20,S003-P0009,Groceries,113,96,59.83,53.78,125.856636
2023-12-21,S003-P0009,Groceries,116,103,48.43,53.78,156.54659
2023-12-22,S003-P0009,Groceries,70,127,49.24,53.78,101.099724
2023-12-23,S003-P0009,Groceries,126,76,56.31,53.78,102.571266
2023-12-24,S003-P0009,Groceries,125,134,55.94,53.78,100.69175
2023-12-25,S003-P0009,Groceries,60,153,47.45,53.78,104.19076
2023-12-26,S003-P0009,Groceries,203,90,58.39,53.78,160.11061
2023-12-27,S003-P0009,Groceries,39,165,39.27,53.78,78.437386
2023-12-28,S003-P0009,Groceries,59,129,44.82,53.78,79.22378
2023-12-29,S003-P0009,Groceries,92,77,53.2,53.78,71.47494
2023-12-30,S003-P0009,Groceries,76,98,50.27,53.78,78.45685
2023-12-31,S003-P0009,Groceries,68,121,48.85,53.78,85.93743
2024-01-01,S003-P0009,Groceries,86,50,54.8,53.78,76.95257
2024-01-02,S003-P0009,Groceries,59,83,35.45,53.78,89.88053
2024-01-03,S003-P0009,Groceries,73,106,49.75,53.78,68.89718
2024-01-04,S003-P0009,Groceries,49,96,45.54,53.78,69.70961
2024-01-05,S003-P0009,Groceries,69,62,44.11,53.78,83.27509
2024-01-06,S003-P0009,Groceries,57,66,42.24,53.78,99.74697
2024-01-07,S003-P0009,Groceries,40,66,41.48,53.78,70.15571
2024-01-08,S003-P0009,Groceries,47,88,47.4,53.78,69.28023
2024-01-09,S003-P0009,Groceries,138,47,58.2,53.78,136.28358
2024-01-10,S003-P0009,Groceries,88,164,49.63,53.78,113.27808
2024-01-11,S003-P0009,Groceries,175,107,64.37,53.78,160.46114
2024-01-12,S003-P0009,Groceries,106,155,50.16,53.78,122.86333
2024-01-13,S003-P0009,Groceries,102,45,54.94,53.78,112.73431
2024-01-14,S003-P0009,Groceries,81,105,46.0,53.78,110.988365
2024-01-15,S003-P0009,Groceries,131,85,63.32,53.78,124.57365
2024-01-16,S003-P0009,Groceries,110,143,53.49,53.78,148.97427
2024-01-17,S003-P0009,Groceries,161,156,55.18,53.78,136.23227
2024-01-18,S003-P0009,Groceries,24,197,43.07,53.78,111.619804
2024-01-19,S003-P0009,Groceries,128,176,59.61,53.78,124.60845
2024-01-20,S003-P0009,Groceries,106,72,49.75,53.78,162.84607
2024-01-21,S003-P0009,Groceries,133,98,54.39,53.78,135.44392
2024-01-22,S003-P0009,Groceries,106,124,55.7,53.78,124.44666
2024-01-23,S003-P0009,Groceries,121,98,52.59,53.78,112.60583
2024-01-24,S003-P0009,Groceries,193,127,59.98,53.78,136.23227
2024-01-25,S003-P0009,Groceries,180,159,68.95,53.78,122.01086
2024-01-26,S003-P0009,Groceries,94,201,50.76,53.78,102.062775
2024-01-27,S003-P0009,Groceries,164,97,59.53,53.78,136.72136
2024-01-28,S003-P0009,Groceries,103,146,55.11,53.78,111.65742
2024-01-29,S003-P0009,Groceries,138,40,61.48,53.78,103.7275
2024-01-30,S003-P0009,Groceries,151,123,63.68,53.78,122.62383
2023-10-03,S003-P0010,Groceries,103,112,37.67,38.805,130.63832
2023-10-04,S003-P0010,Groceries,153,157,39.0,38.805,146.53468
2023-10-05,S003-P0010,Groceries,91,187,40.28,38.805,101.17364
2023-10-06,S003-P0010,Groceries,180,89,47.32,38.805,114.61115
2023-10-07,S003-P0010,Groceries,67,209,31.64,38.805,88.146416
2023-10-08,S003-P0010,Groceries,57,140,35.59,38.805,71.79015
2023-10-09,S003-P0010,Groceries,53,85,31.64,38.805,68.33599
2023-10-10,S003-P0010,Groceries,61,100,32.63,38.805,75.24165
2023-10-11,S003-P0010,Groceries,70,106,37.36,38.805,67.501686
2023-10-12,S003-P0010,Groceries,85,134,35.49,38.805,96.81132
2023-10-13,S003-P0010,Groceries,101,149,39.57,38.805,84.428
2023-10-14,S003-P0010,Groceries,80,165,31.04,38.805,87.8171
2023-10-15,S003-P0010,Groceries,62,103,36.38,38.805,78.452034
2023-10-16,S003-P0010,Groceries,105,103,38.1,38.805,75.27064
2023-10-17,S003-P0010,Groceries,31,118,27.48,38.805,75.24165
2023-10-18,S003-P0010,Groceries,78,86,34.72,38.805,67.46048
2023-10-19,S003-P0010,Groceries,113,104,34.94,38.805,87.82078
2023-10-20,S003-P0010,Groceries,97,121,41.1,38.805,70.56697
2023-10-21,S003-P0010,Groceries,92,134,36.36,38.805,97.21493
2023-10-22,S003-P0010,Groceries,125,127,31.99,38.805,89.98205
2023-10-23,S003-P0010,Groceries,63,181,32.95,38.805,68.75071
2023-10-24,S003-P0010,Groceries,58,126,34.02,38.805,67.48089
2023-10-25,S003-P0010,Groceries,111,79,40.84,38.805,113.949776
2023-10-26,S003-P0010,Groceries,137,130,39.76,38.805,126.79423
2023-10-27,S003-P0010,Groceries,134,151,46.15,38.805,126.34842
2023-10-28,S003-P0010,Groceries,121,117,39.94,38.805,129.49623
2023-10-29,S003-P0010,Groceries,160,138,47.21,38.805,115.98545
2023-10-30,S003-P0010,Groceries,157,145,42.09,38.805,114.21264
2023-10-31,S003-P0010,Groceries,116,164,41.55,38.805,125.39463
2023-11-01,S003-P0010,Groceries,99,185,37.24,38.805,104.5604
2023-11-02,S003-P0010,Groceries,111,93,32.72,38.805,170.71164
2023-11-03,S003-P0010,Groceries,153,134,48.68,38.805,118.477425
2023-11-04,S003-P0010,Groceries,270,142,54.98,38.805,168.42226
2023-11-05,S003-P0010,Groceries,78,304,36.62,38.805,118.30809
2023-11-06,S003-P0010,Groceries,70,210,35.54,38.805,103.321526
2023-11-07,S003-P0010,Groceries,90,161,34.33,38.805,153.57718
2023-11-08,S003-P0010,Groceries,204,62,41.74,38.805,139.07777
2023-11-09,S003-P0010,Groceries,133,219,39.07,38.805,139.53975
2023-11-10,S003-P0010,Groceries,131,107,43.41,38.805,107.45479
2023-11-11,S003-P0010,Groceries,219,138,51.95,38.805,128.5342
2023-11-12,S003-P0010,Groceries,130,206,36.83,38.805,166.78304
2023-11-13,S003-P0010,Groceries,136,105,41.72,38.805,104.007355
2023-11-14,S003-P0010,Groceries,69,121,31.82,38.805,102.64631
2023-11-15,S003-P0010,Groceries,174,114,39.21,38.805,169.9062
2023-11-16,S003-P0010,Groceries,125,141,40.37,38.805,115.80459
2023-11-17,S003-P0010,Groceries,100,101,37.49,38.805,118.05419
2023-11-18,S003-P0010,Groceries,171,105,48.58,38.805,128.23517
2023-11-19,S003-P0010,Groceries,200,199,49.59,38.805,167.51253
2023-11-20,S003-P0010,Groceries,76,186,38.19,38.805,103.321526
2023-11-21,S003-P0010,Groceries,139,121,40.06,38.805,115.97366
2023-11-22,S003-P0010,Groceries,204,149,44.53,38.805,169.9062
2023-11-23,S003-P0010,Groceries,69,185,33.51,38.805,138.95415
2023-11-24,S003-P0010,Groceries,116,111,41.51,38.805,118.477425
2023-11-25,S003-P0010,Groceries,125,97,40.58,38.805,103.503624
2023-11-26,S003-P0010,Groceries,48,131,32.64,38.805,105.774826
2023-11-27,S003-P0010,Groceries,152,84,43.72,38.805,103.26303
2023-11-28,S003-P0010,Groceries,131,180,41.15,38.805,102.64631
2023-11-29,S003-P0010,Groceries,125,206,40.38,38.805,129.13675
2023-11-30,S003-P0010,Groceries,85,124,33.74,38.805,115.80459
2023-12-01,S003-P0010,Groceries,161,137,44.89,38.805,113.76865
2023-12-02,S003-P0010,Groceries,100,178,37.46,38.805,115.401146
2023-12-03,S003-P0010,Groceries,118,110,41.75,38.805,122.587715
2023-12-04,S003-P0010,Groceries,131,124,41.25,38.805,123.74775
2023-12-05,S003-P0010,Groceries,97,169,38.99,38.805,102.228035
2023-12-06,S003-P0010,Groceries,182,100,52.7,38.805,125.856636
2023-12-07,S003-P0010,Groceries,109,189,42.68,38.805,111.924126
2023-12-08,S003-P0010,Groceries,176,68,38.86,38.805,146.77939
2023-12-09,S003-P0010,Groceries,108,152,32.33,38.805,134.56548
2023-12-10,S003-P0010,Groceries,146,152,34.04,38.805,131.11606
2023-12-11,S003-P0010,Groceries,77,128,27.32,38.805,133.71568
2023-12-12,S003-P0010,Groceries,129,137,41.01,38.805,102.28224
2023-12-13,S003-P0010,Groceries,144,178,40.58,38.805,125.44433
2023-12-14,S003-P0010,Groceries,79,191,33.05,38.805,112.6319
2023-12-15,S003-P0010,Groceries,51,113,33.03,38.805,101.424965
2023-12-16,S003-P0010,Groceries,52,131,29.87,38.805,102.78046
2023-12-17,S003-P0010,Groceries,106,88,34.17,38.805,146.8913
2023-12-18,S003-P0010,Groceries,100,130,31.58,38.805,158.25221
2023-12-19,S003-P0010,Groceries,38,164,33.01,38.805,102.228035
2023-12-20,S003-P0010,Groceries,224,135,47.14,38.805,161.6385
2023-12-21,S003-P0010,Groceries,181,200,52.57,38.805,121.84781
2023-12-22,S003-P0010,Groceries,104,160,37.83,38.805,100.977356
2023-12-23,S003-P0010,Groceries,84,160,35.38,38.805,102.78046
2023-12-24,S003-P0010,Groceries,207,90,39.94,38.805,131.11606
2023-12-25,S003-P0010,Groceries,4,197,24.33,38.805,134.77188
2023-12-26,S003-P0010,Groceries,172,193,48.68,38.805,124.36556
2023-12-27,S003-P0010,Groceries,96,236,32.75,38.805,101.95548
2023-12-28,S003-P0010,Groceries,123,162,40.29,38.805,79.01193
2023-12-29,S003-P0010,Groceries,66,188,33.18,38.805,71.49375
2023-12-30,S003-P0010,Groceries,86,113,39.66,38.805,78.45685
2023-12-31,S003-P0010,Groceries,95,155,38.83,38.805,85.93743
2024-01-01,S003-P0010,Groceries,94,168,30.53,38.805,98.9275
2024-01-02,S003-P0010,Groceries,52,81,33.26,38.805,68.86313
2024-01-03,S003-P0010,Groceries,58,78,32.32,38.805,68.89718
2024-01-04,S003-P0010,Groceries,45,97,30.61,38.805,91.636215
2024-01-05,S003-P0010,Groceries,193,109,48.76,38.805,110.58813
2024-01-06,S003-P0010,Groceries,75,209,38.05,38.805,76.5242
2024-01-07,S003-P0010,Groceries,68,123,30.04,38.805,91.61717
2024-01-08,S003-P0010,Groceries,56,133,33.67,38.805,69.28023
2024-01-09,S003-P0010,Groceries,161,71,44.78,38.805,102.66471
2024-01-10,S003-P0010,Groceries,186,181,39.92,38.805,148.46498
2024-01-11,S003-P0010,Groceries,124,257,40.35,38.805,122.06837
2024-01-12,S003-P0010,Groceries,116,122,39.43,38.805,123.51831
2024-01-13,S003-P0010,Groceries,107,127,40.35,38.805,112.85615
2024-01-14,S003-P0010,Groceries,114,126,41.18,38.805,112.47999
2024-01-15,S003-P0010,Groceries,119,129,39.73,38.805,124.44666
2024-01-16,S003-P0010,Groceries,142,184,35.41,38.805,147.49379
2024-01-17,S003-P0010,Groceries,98,252,35.31,38.805,137.2341
2024-01-18,S003-P0010,Groceries,122,180,40.08,38.805,112.09216
2024-01-19,S003-P0010,Groceries,116,192,43.73,38.805,124.60845
2024-01-20,S003-P0010,Groceries,58,95,34.03,38.805,123.45624
2024-01-21,S003-P0010,Groceries,77,87,32.77,38.805,135.44392
2024-01-22,S003-P0010,Groceries,94,99,36.78,38.805,124.44666
2024-01-23,S003-P0010,Groceries,96,148,36.99,38.805,112.08572
2024-01-24,S003-P0010,Groceries,228,159,44.21,38.805,135.91925
2024-01-25,S003-P0010,Groceries,90,195,40.17,38.805,122.142525
2024-01-26,S003-P0010,Groceries,18,132,28.88,38.805,102.34564
2024-01-27,S003-P0010,Groceries,137,120,37.63,38.805,136.0695
2024-01-28,S003-P0010,Groceries,104,151,35.91,38.805,110.988365
2024-01-29,S003-P0010,Groceries,94,135,34.81,38.805,103.486916
2024-01-30,S003-P0010,Groceries,132,111,45.8,38.805,122.62383
2023-10-03,S003-P0011,Electronics,107,356,128.63,118.72,92.91961
2023-10-04,S003-P0011,Electronics,65,239,100.22,118.72,103.4
2023-10-05,S003-P0011,Electronics,204,193,168.65,118.72,93.03115
2023-10-06,S003-P0011,Electronics,51,60,105.59,118.72,102.79103
2023-10-07,S003-P0011,Electronics,49,399,99.08,118.72,64.51646
2023-10-08,S003-P0011,Electronics,72,355,96.25,118.72,67.45216
2023-10-09,S003-P0011,Electronics,38,280,100.23,118.72,50.857586
2023-10-10,S003-P0011,Electronics,158,255,112.16,118.72,73.22301
2023-10-11,S003-P0011,Electronics,35,102,88.95,118.72,50.889076
2023-10-12,S003-P0011,Electronics,51,336,79.25,118.72,75.141136
2023-10-13,S003-P0011,Electronics,64,283,116.5,118.72,62.387123
2023-10-14,S003-P0011,Electronics,54,208,96.2,118.72,50.817963
2023-10-15,S003-P0011,Electronics,49,159,104.55,118.72,57.721733
2023-10-16,S003-P0011,Electronics,62,115,104.13,118.72,55.961308
2023-10-17,S003-P0011,Electronics,148,148,137.69,118.72,72.01104
2023-10-18,S003-P0011,Electronics,75,47,121.24,118.72,51.05961
2023-10-19,S003-P0011,Electronics,78,268,92.21,118.72,69.27401
2023-10-20,S003-P0011,Electronics,56,213,101.87,118.72,52.921696
2023-10-21,S003-P0011,Electronics,99,150,118.52,118.72,71.78248
2023-10-22,S003-P0011,Electronics,78,72,110.56,118.72,54.283077
2023-10-23,S003-P0011,Electronics,64,237,99.28,118.72,66.347115
2023-10-24,S003-P0011,Electronics,57,181,113.73,118.72,51.025604
2023-10-25,S003-P0011,Electronics,177,115,149.43,118.72,103.03154
2023-10-26,S003-P0011,Electronics,99,0,106.59,118.72,139.65767
2023-10-27,S003-P0011,Electronics,77,376,109.88,118.72,113.16706
2023-10-28,S003-P0011,Electronics,114,314,131.65,118.72,94.457794
2023-10-29,S003-P0011,Electronics,41,190,106.62,118.72,103.80468
2023-10-30,S003-P0011,Electronics,84,147,112.65,118.72,103.49071
2023-10-31,S003-P0011,Electronics,134,77,132.88,118.72,112.308586
2023-11-01,S003-P0011,Electronics,93,156,116.36,118.72,91.16166
2023-11-02,S003-P0011,Electronics,142,383,135.38,118.72,107.95965
2023-11-03,S003-P0011,Electronics,108,222,128.84,118.72,105.313774
2023-11-04,S003-P0011,Electronics,151,110,115.72,118.72,149.0668
2023-11-05,S003-P0011,Electronics,145,215,144.13,118.72,104.51162
2023-11-06,S003-P0011,Electronics,181,316,142.3,118.72,118.42964
2023-11-07,S003-P0011,Electronics,104,190,127.19,118.72,101.15798
2023-11-08,S003-P0011,Electronics,113,418,117.83,118.72,90.36263
2023-11-09,S003-P0011,Electronics,76,318,115.58,118.72,87.85862
2023-11-10,S003-P0011,Electronics,139,254,141.86,118.72,95.20194
2023-11-11,S003-P0011,Electronics,190,164,130.25,118.72,148.03221
2023-11-12,S003-P0011,Electronics,48,305,104.14,118.72,113.650406
2023-11-13,S003-P0011,Electronics,104,275,127.13,118.72,90.76181
2023-11-14,S003-P0011,Electronics,150,161,146.2,118.72,89.363075
2023-11-15,S003-P0011,Electronics,98,42,105.27,118.72,148.7359
2023-11-16,S003-P0011,Electronics,100,258,132.43,118.72,97.583336
2023-11-17,S003-P0011,Electronics,188,139,129.48,118.72,131.72885
2023-11-18,S003-P0011,Electronics,56,168,90.7,118.72,148.03221
2023-11-19,S003-P0011,Electronics,122,463,134.75,118.72,113.650406
2023-11-20,S003-P0011,Electronics,109,346,116.59,118.72,88.53109
2023-11-21,S003-P0011,Electronics,84,227,106.49,118.72,134.12643
2023-11-22,S003-P0011,Electronics,138,166,127.13,118.72,113.14092
2023-11-23,S003-P0011,Electronics,77,211,110.32,118.72,87.85862
2023-11-24,S003-P0011,Electronics,136,453,110.79,118.72,132.0096
2023-11-25,S003-P0011,Electronics,127,353,122.41,118.72,120.757805
2023-11-26,S003-P0011,Electronics,123,209,127.98,118.72,118.14401
2023-11-27,S003-P0011,Electronics,96,129,117.92,118.72,88.91685
2023-11-28,S003-P0011,Electronics,92,289,122.38,118.72,89.363075
2023-11-29,S003-P0011,Electronics,142,201,128.74,118.72,113.14092
2023-11-30,S003-P0011,Electronics,140,108,134.88,118.72,97.19293
2023-12-01,S003-P0011,Electronics,199,341,141.57,118.72,127.479485
2023-12-02,S003-P0011,Electronics,105,214,127.71,118.72,101.494576
2023-12-03,S003-P0011,Electronics,156,569,148.73,118.72,109.02192
2023-12-04,S003-P0011,Electronics,94,423,103.68,118.72,139.78271
2023-12-05,S003-P0011,Electronics,59,351,108.75,118.72,91.89193
2023-12-06,S003-P0011,Electronics,215,292,147.23,118.72,140.43507
2023-12-07,S003-P0011,Electronics,169,58,121.71,118.72,127.29006
2023-12-08,S003-P0011,Electronics,120,413,140.97,118.72,101.101326
2023-12-09,S003-P0011,Electronics,69,313,84.68,118.72,117.72901
2023-12-10,S003-P0011,Electronics,67,265,112.06,118.72,92.22963
2023-12-11,S003-P0011,Electronics,146,196,123.03,118.72,118.38172
2023-12-12,S003-P0011,Electronics,97,69,124.25,118.72,91.68325
2023-12-13,S003-P0011,Electronics,103,269,133.52,118.72,111.30203
2023-12-14,S003-P0011,Electronics,138,151,141.5,118.72,99.81503
2023-12-15,S003-P0011,Electronics,104,0,127.39,118.72,91.85343
2023-12-16,S003-P0011,Electronics,66,229,88.21,118.72,117.72901
2023-12-17,S003-P0011,Electronics,144,351,136.14,118.72,101.22501
2023-12-18,S003-P0011,Electronics,121,214,127.36,118.72,111.08955
2023-12-19,S003-P0011,Electronics,124,81,115.17,118.72,116.72693
2023-12-20,S003-P0011,Electronics,141,248,135.34,118.72,111.79687
2023-12-21,S003-P0011,Electronics,131,97,131.31,118.72,110.113884
2023-12-22,S003-P0011,Electronics,73,249,108.51,118.72,116.02585
2023-12-23,S003-P0011,Electronics,111,175,123.66,118.72,92.08103
2023-12-24,S003-P0011,Electronics,65,49,100.28,118.72,92.721565
2023-12-25,S003-P0011,Electronics,131,230,145.58,118.72,93.88427
2023-12-26,S003-P0011,Electronics,122,120,106.42,118.72,140.02211
2023-12-27,S003-P0011,Electronics,37,253,94.49,118.72,56.5187
2023-12-28,S003-P0011,Electronics,64,219,110.85,118.72,54.99372
2023-12-29,S003-P0011,Electronics,96,153,124.1,118.72,50.815857
2023-12-30,S003-P0011,Electronics,18,78,87.03,118.72,56.202866
2023-12-31,S003-P0011,Electronics,31,292,91.94,118.72,60.221504
2024-01-01,S003-P0011,Electronics,53,263,95.58,118.72,69.62879
2024-01-02,S003-P0011,Electronics,57,214,107.89,118.72,47.45165
2024-01-03,S003-P0011,Electronics,40,147,75.82,118.72,64.207664
2024-01-04,S003-P0011,Electronics,67,102,100.76,118.72,64.06938
2024-01-05,S003-P0011,Electronics,48,60,82.21,118.72,75.979866
2024-01-06,S003-P0011,Electronics,108,126,101.8,118.72,72.85633
2024-01-07,S003-P0011,Electronics,54,0,112.13,118.72,47.99581
2024-01-08,S003-P0011,Electronics,53,240,100.56,118.72,46.912567
2024-01-09,S003-P0011,Electronics,56,197,102.02,118.72,92.204155
2024-01-10,S003-P0011,Electronics,46,141,103.39,118.72,103.24952
2024-01-11,S003-P0011,Electronics,157,99,141.16,118.72,140.0324
2024-01-12,S003-P0011,Electronics,72,77,107.99,118.72,109.76921
2024-01-13,S003-P0011,Electronics,64,393,88.73,118.72,130.62166
2024-01-14,S003-P0011,Electronics,116,350,139.35,118.72,99.94977
2024-01-15,S003-P0011,Electronics,87,278,95.15,118.72,142.64488
2024-01-16,S003-P0011,Electronics,66,198,100.59,118.72,102.62412
2024-01-17,S003-P0011,Electronics,194,140,147.29,118.72,119.68668
2024-01-18,S003-P0011,Electronics,108,0,135.74,118.72,100.77808
2024-01-19,S003-P0011,Electronics,133,417,131.93,118.72,109.76921
2024-01-20,S003-P0011,Electronics,166,324,136.86,118.72,142.1697
2024-01-21,S003-P0011,Electronics,75,211,103.82,118.72,93.453285
2024-01-22,S003-P0011,Electronics,141,427,142.74,118.72,110.45573
2024-01-23,S003-P0011,Electronics,102,309,119.84,118.72,102.62412
2024-01-24,S003-P0011,Electronics,81,194,105.93,118.72,93.32987
2024-01-25,S003-P0011,Electronics,106,103,128.25,118.72,109.52501
2024-01-26,S003-P0011,Electronics,91,130,115.73,118.72,92.68415
2024-01-27,S003-P0011,Electronics,101,226,132.62,118.72,92.4584
2024-01-28,S003-P0011,Electronics,106,165,121.83,118.72,100.04508
2024-01-29,S003-P0011,Electronics,114,250,118.4,118.72,93.22622
2024-01-30,S003-P0011,Electronics,134,143,147.24,118.72,111.36464
2023-10-03,S003-P0012,Furniture,144,135,110.23,91.27,90.68437
2023-10-04,S003-P0012,Furniture,68,159,91.51,91.27,78.510704
2023-10-05,S003-P0012,Furniture,70,429,92.03,91.27,71.90664
2023-10-06,S003-P0012,Furniture,76,367,94.16,91.27,79.361534
2023-10-07,S003-P0012,Furniture,50,321,89.99,91.27,34.381428
2023-10-08,S003-P0012,Furniture,38,280,77.22,91.27,34.983646
2023-10-09,S003-P0012,Furniture,42,243,87.31,91.27,33.53267
2023-10-10,S003-P0012,Furniture,67,193,85.81,91.27,49.887188
2023-10-11,S003-P0012,Furniture,28,131,78.06,91.27,33.75396
2023-10-12,S003-P0012,Furniture,50,229,76.7,91.27,50.82438
2023-10-13,S003-P0012,Furniture,70,169,72.96,91.27,56.791958
2023-10-14,S003-P0012,Furniture,45,88,79.53,91.27,45.38672
2023-10-15,S003-P0012,Furniture,30,184,79.02,91.27,38.54653
2023-10-16,S003-P0012,Furniture,16,163,82.21,91.27,36.477192
2023-10-17,S003-P0012,Furniture,35,148,84.68,91.27,37.91643
2023-10-18,S003-P0012,Furniture,47,115,80.0,91.27,45.808784
2023-10-19,S003-P0012,Furniture,38,76,81.22,91.27,35.513496
2023-10-20,S003-P0012,Furniture,39,126,64.61,91.27,45.894238
2023-10-21,S003-P0012,Furniture,35,80,66.89,91.27,50.75946
2023-10-22,S003-P0012,Furniture,25,109,76.83,91.27,36.11047
2023-10-23,S003-P0012,Furniture,35,79,80.4,91.27,33.573944
2023-10-24,S003-P0012,Furniture,25,102,73.16,91.27,33.381718
2023-10-25,S003-P0012,Furniture,98,130,96.35,91.27,101.015724
2023-10-26,S003-P0012,Furniture,99,60,96.78,91.27,85.846
2023-10-27,S003-P0012,Furniture,68,178,91.31,91.27,88.008446
2023-10-28,S003-P0012,Furniture,82,355,91.27,91.27,72.146614
2023-10-29,S003-P0012,Furniture,79,272,95.22,91.27,80.11576
2023-10-30,S003-P0012,Furniture,83,182,101.62,91.27,78.43418
2023-10-31,S003-P0012,Furniture,107,124,110.34,91.27,86.47596
2023-11-01,S003-P0012,Furniture,72,184,88.06,91.27,92.736824
2023-11-02,S003-P0012,Furniture,56,356,92.09,91.27,81.67217
2023-11-03,S003-P0012,Furniture,29,294,78.21,91.27,102.844826
2023-11-04,S003-P0012,Furniture,116,262,113.3,91.27,86.75625
2023-11-05,S003-P0012,Furniture,32,158,75.25,91.27,79.51472
2023-11-06,S003-P0012,Furniture,81,373,95.72,91.27,67.599144
2023-11-07,S003-P0012,Furniture,32,281,79.43,91.27,75.24615
2023-11-08,S003-P0012,Furniture,51,245,85.74,91.27,66.78994
2023-11-09,S003-P0012,Furniture,105,189,98.64,91.27,91.856865
2023-11-10,S003-P0012,Furniture,91,81,82.48,91.27,93.14494
2023-11-11,S003-P0012,Furniture,81,193,90.89,91.27,86.01172
2023-11-12,S003-P0012,Furniture,71,102,92.64,91.27,87.02773
2023-11-13,S003-P0012,Furniture,74,171,93.61,91.27,67.574135
2023-11-14,S003-P0012,Furniture,58,117,78.29,91.27,90.34445
2023-11-15,S003-P0012,Furniture,71,231,92.21,91.27,86.3294
2023-11-16,S003-P0012,Furniture,74,184,103.89,91.27,73.22331
2023-11-17,S003-P0012,Furniture,73,99,98.06,91.27,79.782166
2023-11-18,S003-P0012,Furniture,152,166,119.45,91.27,114.043396
2023-11-19,S003-P0012,Furniture,85,0,76.91,91.27,114.4929
2023-11-20,S003-P0012,Furniture,116,335,113.55,91.27,67.80987
2023-11-21,S003-P0012,Furniture,100,254,96.91,91.27,75.24615
2023-11-22,S003-P0012,Furniture,91,192,99.4,91.27,86.51886
2023-11-23,S003-P0012,Furniture,158,273,96.1,91.27,93.86108
2023-11-24,S003-P0012,Furniture,146,158,105.44,91.27,102.69209
2023-11-25,S003-P0012,Furniture,108,376,116.42,91.27,67.30403
2023-11-26,S003-P0012,Furniture,126,253,93.51,91.27,91.99417
2023-11-27,S003-P0012,Furniture,70,131,87.35,91.27,67.599144
2023-11-28,S003-P0012,Furniture,52,311,81.71,91.27,66.06018
2023-11-29,S003-P0012,Furniture,102,264,102.88,91.27,86.3294
2023-11-30,S003-P0012,Furniture,84,173,96.67,91.27,72.9705
2023-12-01,S003-P0012,Furniture,95,325,105.92,91.27,78.116325
2023-12-02,S003-P0012,Furniture,165,265,110.12,91.27,100.99594
2023-12-03,S003-P0012,Furniture,100,165,90.77,91.27,108.045456
2023-12-04,S003-P0012,Furniture,92,423,99.69,91.27,84.82009
2023-12-05,S003-P0012,Furniture,57,325,83.35,91.27,68.84155
2023-12-06,S003-P0012,Furniture,72,267,97.76,91.27,86.717674
2023-12-07,S003-P0012,Furniture,93,205,100.1,91.27,76.40104
2023-12-08,S003-P0012,Furniture,78,107,100.11,91.27,78.116325
2023-12-09,S003-P0012,Furniture,85,196,76.73,91.27,90.46917
2023-12-10,S003-P0012,Furniture,73,134,87.94,91.27,90.98299
2023-12-11,S003-P0012,Furniture,54,261,73.16,91.27,92.44565
2023-12-12,S003-P0012,Furniture,79,224,95.04,91.27,68.84155
2023-12-13,S003-P0012,Furniture,89,138,103.82,91.27,86.72943
2023-12-14,S003-P0012,Furniture,82,200,101.47,91.27,76.18855
2023-12-15,S003-P0012,Furniture,113,125,101.08,91.27,91.771996
2023-12-16,S003-P0012,Furniture,77,184,89.51,91.27,68.99809
2023-12-17,S003-P0012,Furniture,122,289,92.45,91.27,99.24006
2023-12-18,S003-P0012,Furniture,55,180,82.74,91.27,85.78085
2023-12-19,S003-P0012,Furniture,79,366,80.37,91.27,90.09064
2023-12-20,S003-P0012,Furniture,49,283,89.55,91.27,86.717674
2023-12-21,S003-P0012,Furniture,37,252,81.29,91.27,83.65127
2023-12-22,S003-P0012,Furniture,102,220,102.88,91.27,91.771996
2023-12-23,S003-P0012,Furniture,81,116,101.1,91.27,68.961784
2023-12-24,S003-P0012,Furniture,53,256,86.42,91.27,70.63115
2023-12-25,S003-P0012,Furniture,76,207,74.55,91.27,92.657974
2023-12-26,S003-P0012,Furniture,113,144,112.35,91.27,85.64777
2023-12-27,S003-P0012,Furniture,30,223,78.92,91.27,38.784187
2023-12-28,S003-P0012,Furniture,43,455,87.49,91.27,37.18892
2023-12-29,S003-P0012,Furniture,29,423,82.8,91.27,35.94526
2023-12-30,S003-P0012,Furniture,44,398,88.09,91.27,38.344673
2023-12-31,S003-P0012,Furniture,37,367,81.32,91.27,42.40709
2024-01-01,S003-P0012,Furniture,23,325,80.5,91.27,35.535393
2024-01-02,S003-P0012,Furniture,28,299,82.13,91.27,32.423874
2024-01-03,S003-P0012,Furniture,35,277,76.26,91.27,32.72362
2024-01-04,S003-P0012,Furniture,22,256,75.95,91.27,31.569191
2024-01-05,S003-P0012,Furniture,46,232,88.59,91.27,40.26342
2024-01-06,S003-P0012,Furniture,35,180,80.18,91.27,36.080616
2024-01-07,S003-P0012,Furniture,41,146,82.46,91.27,45.281067
2024-01-08,S003-P0012,Furniture,22,111,84.27,91.27,31.488623
2024-01-09,S003-P0012,Furniture,139,163,108.9,91.27,91.072136
2024-01-10,S003-P0012,Furniture,67,33,91.24,91.27,77.32488
2024-01-11,S003-P0012,Furniture,87,307,86.75,91.27,110.70837
2024-01-12,S003-P0012,Furniture,102,221,86.83,91.27,109.99954
2024-01-13,S003-P0012,Furniture,69,119,86.49,91.27,101.2871
2024-01-14,S003-P0012,Furniture,58,267,88.05,91.27,77.27907
2024-01-15,S003-P0012,Furniture,98,219,101.57,91.27,83.399055
2024-01-16,S003-P0012,Furniture,106,135,115.54,91.27,76.491684
2024-01-17,S003-P0012,Furniture,66,227,75.48,91.27,91.77737
2024-01-18,S003-P0012,Furniture,91,185,83.58,91.27,99.903755
2024-01-19,S003-P0012,Furniture,87,121,108.4,91.27,84.54763
2024-01-20,S003-P0012,Furniture,133,201,107.45,91.27,85.19729
2024-01-21,S003-P0012,Furniture,92,72,94.5,91.27,72.424965
2024-01-22,S003-P0012,Furniture,94,298,100.2,91.27,111.40708
2024-01-23,S003-P0012,Furniture,109,220,83.13,91.27,100.86918
2024-01-24,S003-P0012,Furniture,111,152,111.65,91.27,68.77567
2024-01-25,S003-P0012,Furniture,85,300,86.23,91.27,110.70837
2024-01-26,S003-P0012,Furniture,93,204,105.19,91.27,71.56335
2024-01-27,S003-P0012,Furniture,107,117,99.1,91.27,68.74393
2024-01-28,S003-P0012,Furniture,112,222,117.96,91.27,76.87745
2024-01-29,S003-P0012,Furniture,43,121,92.1,91.27,69.554405
2024-01-30,S003-P0012,Furniture,49,286,84.97,91.27,84.77721
2023-10-03,S003-P0013,Groceries,96,306,65.2,72.36,130.63832
2023-10-04,S003-P0013,Groceries,125,207,75.29,72.36,113.93343
2023-10-05,S003-P0013,Groceries,83,716,62.4,72.36,103.23742
2023-10-06,S003-P0013,Groceries,116,637,73.13,72.36,114.424095
2023-10-07,S003-P0013,Groceries,17,517,53.45,72.36,68.06876
2023-10-08,S003-P0013,Groceries,92,503,67.64,72.36,72.33569
2023-10-09,S003-P0013,Groceries,70,407,62.56,72.36,68.90793
2023-10-10,S003-P0013,Groceries,87,334,62.84,72.36,96.58297
2023-10-11,S003-P0013,Groceries,80,251,65.14,72.36,67.46048
2023-10-12,S003-P0013,Groceries,119,175,62.38,72.36,96.38046
2023-10-13,S003-P0013,Groceries,76,96,71.13,72.36,84.55268
2023-10-14,S003-P0013,Groceries,107,464,71.12,72.36,68.252594
2023-10-15,S003-P0013,Groceries,94,348,68.4,72.36,78.41738
2023-10-16,S003-P0013,Groceries,90,264,59.69,72.36,95.56463
2023-10-17,S003-P0013,Groceries,97,180,54.37,72.36,96.741905
2023-10-18,S003-P0013,Groceries,98,495,72.89,72.36,67.46048
2023-10-19,S003-P0013,Groceries,61,383,63.93,72.36,68.887794
2023-10-20,S003-P0013,Groceries,143,322,62.78,72.36,89.11492
2023-10-21,S003-P0013,Groceries,26,192,58.55,72.36,74.972496
2023-10-22,S003-P0013,Groceries,122,174,70.43,72.36,89.67112
2023-10-23,S003-P0013,Groceries,89,40,63.18,72.36,87.732544
2023-10-24,S003-P0013,Groceries,76,488,67.62,72.36,67.48089
2023-10-25,S003-P0013,Groceries,158,435,73.51,72.36,146.53468
2023-10-26,S003-P0013,Groceries,84,269,69.56,72.36,126.662346
2023-10-27,S003-P0013,Groceries,167,187,94.18,72.36,126.34842
2023-10-28,S003-P0013,Groceries,198,79,87.26,72.36,101.60203
2023-10-29,S003-P0013,Groceries,110,638,68.18,72.36,115.96862
2023-10-30,S003-P0013,Groceries,132,510,76.81,72.36,114.21264
2023-10-31,S003-P0013,Groceries,107,384,75.01,72.36,125.613
2023-11-01,S003-P0013,Groceries,118,940,69.55,72.36,140.21063
2023-11-02,S003-P0013,Groceries,181,815,97.82,72.36,126.92896
2023-11-03,S003-P0013,Groceries,103,631,70.18,72.36,117.72492
2023-11-04,S003-P0013,Groceries,95,558,72.15,72.36,128.23517
2023-11-05,S003-P0013,Groceries,88,492,56.38,72.36,150.9931
2023-11-06,S003-P0013,Groceries,133,431,77.25,72.36,103.07407
2023-11-07,S003-P0013,Groceries,84,329,62.58,72.36,115.97366
2023-11-08,S003-P0013,Groceries,128,274,67.98,72.36,137.68848
2023-11-09,S003-P0013,Groceries,32,154,56.88,72.36,103.12583
2023-11-10,S003-P0013,Groceries,75,706,70.78,72.36,107.45479
2023-11-11,S003-P0013,Groceries,94,624,75.66,72.36,128.4052
2023-11-12,S003-P0013,Groceries,94,520,71.83,72.36,129.61613
2023-11-13,S003-P0013,Groceries,82,417,68.89,72.36,103.32438
2023-11-14,S003-P0013,Groceries,92,332,64.35,72.36,136.26701
2023-11-15,S003-P0013,Groceries,101,262,77.41,72.36,128.53862
2023-11-16,S003-P0013,Groceries,264,173,100.9,72.36,154.64825
2023-11-17,S003-P0013,Groceries,54,0,62.29,72.36,118.05419
2023-11-18,S003-P0013,Groceries,169,378,80.92,72.36,168.28503
2023-11-19,S003-P0013,Groceries,125,243,79.25,72.36,129.61613
2023-11-20,S003-P0013,Groceries,118,1040,58.33,72.36,141.07481
2023-11-21,S003-P0013,Groceries,152,951,67.79,72.36,155.6616
2023-11-22,S003-P0013,Groceries,111,801,68.4,72.36,129.13675
2023-11-23,S003-P0013,Groceries,107,733,59.93,72.36,140.25452
2023-11-24,S003-P0013,Groceries,105,614,74.42,72.36,118.477425
2023-11-25,S003-P0013,Groceries,102,540,62.64,72.36,138.95624
2023-11-26,S003-P0013,Groceries,87,477,70.11,72.36,105.21096
2023-11-27,S003-P0013,Groceries,149,377,85.21,72.36,103.321526
2023-11-28,S003-P0013,Groceries,117,232,77.32,72.36,102.32318
2023-11-29,S003-P0013,Groceries,126,104,79.53,72.36,128.53862
2023-11-30,S003-P0013,Groceries,134,19,77.42,72.36,115.02558
2023-12-01,S003-P0013,Groceries,160,584,73.89,72.36,147.40495
2023-12-02,S003-P0013,Groceries,114,473,57.59,72.36,147.81047
2023-12-03,S003-P0013,Groceries,113,352,80.49,72.36,123.51838
2023-12-04,S003-P0013,Groceries,141,858,74.45,72.36,158.87155
2023-12-05,S003-P0013,Groceries,138,726,69.4,72.36,133.87807
2023-12-06,S003-P0013,Groceries,80,612,61.64,72.36,162.11183
2023-12-07,S003-P0013,Groceries,132,553,85.22,72.36,111.924126
2023-12-08,S003-P0013,Groceries,140,445,78.62,72.36,113.36445
2023-12-09,S003-P0013,Groceries,93,296,75.31,72.36,102.66269
2023-12-10,S003-P0013,Groceries,149,215,85.08,72.36,101.218025
2023-12-11,S003-P0013,Groceries,94,607,75.77,72.36,104.439156
2023-12-12,S003-P0013,Groceries,137,543,82.3,72.36,102.28224
2023-12-13,S003-P0013,Groceries,117,442,61.15,72.36,160.72119
2023-12-14,S003-P0013,Groceries,102,370,66.33,72.36,112.6319
2023-12-15,S003-P0013,Groceries,105,260,67.14,72.36,100.977356
2023-12-16,S003-P0013,Groceries,152,787,85.77,72.36,102.66269
2023-12-17,S003-P0013,Groceries,152,693,68.59,72.36,146.26164
2023-12-18,S003-P0013,Groceries,106,525,74.7,72.36,123.74775
2023-12-19,S003-P0013,Groceries,116,417,69.44,72.36,102.63526
2023-12-20,S003-P0013,Groceries,15,334,44.48,72.36,161.1652
2023-12-21,S003-P0013,Groceries,153,322,81.74,72.36,121.992226
2023-12-22,S003-P0013,Groceries,125,216,75.15,72.36,133.72984
2023-12-23,S003-P0013,Groceries,141,657,78.99,72.36,102.571266
2023-12-24,S003-P0013,Groceries,157,529,82.72,72.36,100.75634
2023-12-25,S003-P0013,Groceries,129,396,84.44,72.36,104.439156
2023-12-26,S003-P0013,Groceries,55,256,56.35,72.36,124.335236
2023-12-27,S003-P0013,Groceries,85,214,62.38,72.36,101.95904
2023-12-28,S003-P0013,Groceries,92,804,71.4,72.36,79.03472
2023-12-29,S003-P0013,Groceries,45,732,63.28,72.36,71.47494
2023-12-30,S003-P0013,Groceries,72,689,63.3,72.36,78.267815
2023-12-31,S003-P0013,Groceries,105,603,74.56,72.36,85.93743
2024-01-01,S003-P0013,Groceries,67,492,61.97,72.36,76.126755
2024-01-02,S003-P0013,Groceries,82,448,54.54,72.36,89.88053
2024-01-03,S003-P0013,Groceries,36,391,54.93,72.36,68.89718
2024-01-04,S003-P0013,Groceries,85,366,62.84,72.36,69.8348
2024-01-05,S003-P0013,Groceries,95,270,57.69,72.36,108.96984
2024-01-06,S003-P0013,Groceries,90,195,70.85,72.36,75.95674
2024-01-07,S003-P0013,Groceries,140,92,62.13,72.36,90.65479
2024-01-08,S003-P0013,Groceries,69,350,62.29,72.36,68.676346
2024-01-09,S003-P0013,Groceries,162,292,79.4,72.36,136.28358
2024-01-10,S003-P0013,Groceries,117,193,65.29,72.36,148.57065
2024-01-11,S003-P0013,Groceries,83,734,65.69,72.36,122.06837
2024-01-12,S003-P0013,Groceries,88,671,66.81,72.36,122.86333
2024-01-13,S003-P0013,Groceries,124,603,79.21,72.36,112.73431
2024-01-14,S003-P0013,Groceries,151,507,81.32,72.36,111.65742
2024-01-15,S003-P0013,Groceries,87,387,66.75,72.36,124.44666
2024-01-16,S003-P0013,Groceries,148,308,72.09,72.36,148.20343
2024-01-17,S003-P0013,Groceries,144,135,66.28,72.36,135.91925
2024-01-18,S003-P0013,Groceries,111,539,68.43,72.36,112.09216
2024-01-19,S003-P0013,Groceries,137,428,86.66,72.36,124.60845
2024-01-20,S003-P0013,Groceries,206,286,98.76,72.36,122.93366
2024-01-21,S003-P0013,Groceries,112,54,72.44,72.36,101.88603
2024-01-22,S003-P0013,Groceries,174,0,86.66,72.36,124.44666
2024-01-23,S003-P0013,Groceries,57,558,50.48,72.36,147.61485
2024-01-24,S003-P0013,Groceries,70,1308,59.52,72.36,103.361626
2024-01-25,S003-P0013,Groceries,220,1262,92.02,72.36,160.46114
2024-01-26,S003-P0013,Groceries,52,1116,58.44,72.36,101.94187
2024-01-27,S003-P0013,Groceries,152,1066,77.3,72.36,136.72136
2024-01-28,S003-P0013,Groceries,121,969,74.15,72.36,110.988365
2024-01-29,S003-P0013,Groceries,109,852,71.63,72.36,103.7275
2024-01-30,S003-P0013,Groceries,121,781,74.45,72.36,122.50837
2023-10-03,S003-P0014,Groceries,90,599,97.54,93.75,101.913445
2023-10-04,S003-P0014,Groceries,134,499,95.78,93.75,114.080536
2023-10-05,S003-P0014,Groceries,86,360,91.2,93.75,101.17364
2023-10-06,S003-P0014,Groceries,84,295,90.73,93.75,114.61115
2023-10-07,S003-P0014,Groceries,86,198,91.21,93.75,68.06876
2023-10-08,S003-P0014,Groceries,86,106,77.7,93.75,89.217766
2023-10-09,S003-P0014,Groceries,48,210,75.05,93.75,87.25516
2023-10-10,S003-P0014,Groceries,71,172,77.83,93.75,75.24165
2023-10-11,S003-P0014,Groceries,59,417,62.06,93.75,88.23828
2023-10-12,S003-P0014,Groceries,96,358,89.55,93.75,96.81132
2023-10-13,S003-P0014,Groceries,130,244,94.73,93.75,84.53507
2023-10-14,S003-P0014,Groceries,92,123,78.59,93.75,87.8171
2023-10-15,S003-P0014,Groceries,100,50,75.65,93.75,98.083275
2023-10-16,S003-P0014,Groceries,48,345,75.37,93.75,75.27064
2023-10-17,S003-P0014,Groceries,136,304,85.67,93.75,96.496155
2023-10-18,S003-P0014,Groceries,62,149,79.44,93.75,87.99332
2023-10-19,S003-P0014,Groceries,82,80,67.58,93.75,88.18496
2023-10-20,S003-P0014,Groceries,60,425,78.85,93.75,70.638374
2023-10-21,S003-P0014,Groceries,49,369,75.36,93.75,75.12183
2023-10-22,S003-P0014,Groceries,65,330,80.12,93.75,89.98136
2023-10-23,S003-P0014,Groceries,93,279,84.23,93.75,69.16442
2023-10-24,S003-P0014,Groceries,51,222,80.37,93.75,67.48089
2023-10-25,S003-P0014,Groceries,150,184,117.39,93.75,113.949776
2023-10-26,S003-P0014,Groceries,100,292,90.58,93.75,126.79423
2023-10-27,S003-P0014,Groceries,175,218,119.12,93.75,126.0151
2023-10-28,S003-P0014,Groceries,115,459,90.49,93.75,101.60203
2023-10-29,S003-P0014,Groceries,95,373,94.08,93.75,115.98545
2023-10-30,S003-P0014,Groceries,67,291,85.25,93.75,113.80968
2023-10-31,S003-P0014,Groceries,68,222,77.2,93.75,125.9115
2023-11-01,S003-P0014,Groceries,107,164,88.05,93.75,104.5604
2023-11-02,S003-P0014,Groceries,67,80,72.48,93.75,170.24602
2023-11-03,S003-P0014,Groceries,59,225,65.51,93.75,151.25038
2023-11-04,S003-P0014,Groceries,185,530,97.96,93.75,168.81374
2023-11-05,S003-P0014,Groceries,120,369,86.76,93.75,151.24477
2023-11-06,S003-P0014,Groceries,68,294,81.26,93.75,103.07407
2023-11-07,S003-P0014,Groceries,122,795,102.54,93.75,115.68537
2023-11-08,S003-P0014,Groceries,213,686,103.69,93.75,139.07777
2023-11-09,S003-P0014,Groceries,157,464,107.48,93.75,104.30643
2023-11-10,S003-P0014,Groceries,146,313,82.52,93.75,137.27664
2023-11-11,S003-P0014,Groceries,200,688,107.99,93.75,168.42226
2023-11-12,S003-P0014,Groceries,192,469,98.43,93.75,166.06859
2023-11-13,S003-P0014,Groceries,103,321,91.83,93.75,103.32438
2023-11-14,S003-P0014,Groceries,182,223,95.92,93.75,138.20065
2023-11-15,S003-P0014,Groceries,171,630,105.7,93.75,169.22609
2023-11-16,S003-P0014,Groceries,116,452,105.95,93.75,114.50946
2023-11-17,S003-P0014,Groceries,109,360,98.67,93.75,118.477425
2023-11-18,S003-P0014,Groceries,80,246,84.86,93.75,128.23517
2023-11-19,S003-P0014,Groceries,96,181,89.34,93.75,129.75905
2023-11-20,S003-P0014,Groceries,113,449,89.83,93.75,103.26303
2023-11-21,S003-P0014,Groceries,101,332,96.14,93.75,115.56045
2023-11-22,S003-P0014,Groceries,85,252,81.81,93.75,129.13675
2023-11-23,S003-P0014,Groceries,129,161,104.9,93.75,103.581894
2023-11-24,S003-P0014,Groceries,128,332,99.11,93.75,117.72492
2023-11-25,S003-P0014,Groceries,80,181,80.6,93.75,103.56214
2023-11-26,S003-P0014,Groceries,158,459,102.62,93.75,104.87978
2023-11-27,S003-P0014,Groceries,107,304,97.74,93.75,103.321526
2023-11-28,S003-P0014,Groceries,147,181,110.55,93.75,102.35601
2023-11-29,S003-P0014,Groceries,127,467,93.8,93.75,129.13675
2023-11-30,S003-P0014,Groceries,120,347,107.2,93.75,114.50946
2023-12-01,S003-P0014,Groceries,149,219,110.99,93.75,114.215706
2023-12-02,S003-P0014,Groceries,136,69,96.35,93.75,115.53361
2023-12-03,S003-P0014,Groceries,185,376,103.1,93.75,157.98543
2023-12-04,S003-P0014,Groceries,124,175,103.21,93.75,123.74775
2023-12-05,S003-P0014,Groceries,121,377,102.25,93.75,102.28224
2023-12-06,S003-P0014,Groceries,94,265,98.6,93.75,125.856636
2023-12-07,S003-P0014,Groceries,42,153,69.79,93.75,112.6319
2023-12-08,S003-P0014,Groceries,79,522,93.96,93.75,114.215706
2023-12-09,S003-P0014,Groceries,137,449,80.56,93.75,134.24644
2023-12-10,S003-P0014,Groceries,142,302,91.66,93.75,131.4793
2023-12-11,S003-P0014,Groceries,198,155,99.82,93.75,133.71568
2023-12-12,S003-P0014,Groceries,167,342,87.6,93.75,133.55902
2023-12-13,S003-P0014,Groceries,104,177,91.72,93.75,125.44433
2023-12-14,S003-P0014,Groceries,124,640,86.93,93.75,143.98476
2023-12-15,S003-P0014,Groceries,97,499,99.77,93.75,101.424965
2023-12-16,S003-P0014,Groceries,153,413,95.55,93.75,134.94656
2023-12-17,S003-P0014,Groceries,108,258,103.54,93.75,113.002785
2023-12-18,S003-P0014,Groceries,99,186,90.61,93.75,123.74775
2023-12-19,S003-P0014,Groceries,168,578,111.0,93.75,102.63526
2023-12-20,S003-P0014,Groceries,171,386,112.21,93.75,125.38384
2023-12-21,S003-P0014,Groceries,211,235,111.06,93.75,156.51929
2023-12-22,S003-P0014,Groceries,141,78,103.02,93.75,101.099724
2023-12-23,S003-P0014,Groceries,220,549,112.21,93.75,134.56548
2023-12-24,S003-P0014,Groceries,130,370,94.68,93.75,132.66435
2023-12-25,S003-P0014,Groceries,70,274,81.86,93.75,104.042496
2023-12-26,S003-P0014,Groceries,63,874,79.75,93.75,124.36556
2023-12-27,S003-P0014,Groceries,66,804,85.07,93.75,78.48659
2023-12-28,S003-P0014,Groceries,79,751,93.63,93.75,79.03472
2023-12-29,S003-P0014,Groceries,69,676,90.43,93.75,71.47494
2023-12-30,S003-P0014,Groceries,86,594,96.01,93.75,78.45685
2023-12-31,S003-P0014,Groceries,73,510,78.44,93.75,85.926506
2024-01-01,S003-P0014,Groceries,115,440,85.47,93.75,98.90386
2024-01-02,S003-P0014,Groceries,128,341,110.01,93.75,69.056694
2024-01-03,S003-P0014,Groceries,64,230,88.78,93.75,69.010895
2024-01-04,S003-P0014,Groceries,101,157,91.35,93.75,69.645744
2024-01-05,S003-P0014,Groceries,135,345,85.47,93.75,108.96984
2024-01-06,S003-P0014,Groceries,62,200,75.29,93.75,75.478424
2024-01-07,S003-P0014,Groceries,78,136,88.94,93.75,70.18897
2024-01-08,S003-P0014,Groceries,25,485,72.11,93.75,68.86347
2024-01-09,S003-P0014,Groceries,127,464,83.45,93.75,135.2791
2024-01-10,S003-P0014,Groceries,119,367,107.01,93.75,112.815895
2024-01-11,S003-P0014,Groceries,66,236,80.59,93.75,122.06837
2024-01-12,S003-P0014,Groceries,112,187,89.42,93.75,122.86333
2024-01-13,S003-P0014,Groceries,92,480,93.2,93.75,112.73431
2024-01-14,S003-P0014,Groceries,183,374,109.67,93.75,110.988365
2024-01-15,S003-P0014,Groceries,154,181,112.79,93.75,124.44666
2024-01-16,S003-P0014,Groceries,144,46,92.22,93.75,147.61485
2024-01-17,S003-P0014,Groceries,75,618,83.31,93.75,103.3106
2024-01-18,S003-P0014,Groceries,172,541,88.73,93.75,147.37914
2024-01-19,S003-P0014,Groceries,160,380,103.09,93.75,164.05637
2024-01-20,S003-P0014,Groceries,151,217,88.19,93.75,160.8419
2024-01-21,S003-P0014,Groceries,218,590,119.49,93.75,135.44392
2024-01-22,S003-P0014,Groceries,86,408,68.37,93.75,159.73743
2024-01-23,S003-P0014,Groceries,115,337,100.38,93.75,112.08572
2024-01-24,S003-P0014,Groceries,104,890,96.98,93.75,103.3106
2024-01-25,S003-P0014,Groceries,115,816,100.44,93.75,122.01086
2024-01-26,S003-P0014,Groceries,128,713,99.02,93.75,101.94187
2024-01-27,S003-P0014,Groceries,65,598,76.13,93.75,136.72136
2024-01-28,S003-P0014,Groceries,138,533,102.03,93.75,110.988365
2024-01-29,S003-P0014,Groceries,96,410,94.39,93.75,104.06277
2024-01-30,S003-P0014,Groceries,157,350,119.68,93.75,122.62383
2023-10-03,S003-P0015,Groceries,58,116,85.02,96.225,101.913445
2023-10-04,S003-P0015,Groceries,66,57,83.45,96.225,113.93343
2023-10-05,S003-P0015,Groceries,70,707,93.8,96.225,101.17364
2023-10-06,S003-P0015,Groceries,129,641,91.01,96.225,147.42265
2023-10-07,S003-P0015,Groceries,25,534,58.75,96.225,88.08749
2023-10-08,S003-P0015,Groceries,78,512,77.21,96.225,89.49555
2023-10-09,S003-P0015,Groceries,114,438,82.67,96.225,86.94851
2023-10-10,S003-P0015,Groceries,95,306,87.26,96.225,75.24165
2023-10-11,S003-P0015,Groceries,125,244,96.09,96.225,67.70789
2023-10-12,S003-P0015,Groceries,132,142,114.71,96.225,75.88958
2023-10-13,S003-P0015,Groceries,102,491,104.76,96.225,84.55268
2023-10-14,S003-P0015,Groceries,82,383,83.46,96.225,68.252594
2023-10-15,S003-P0015,Groceries,197,325,123.21,96.225,97.52453
2023-10-16,S003-P0015,Groceries,67,171,88.13,96.225,75.27064
2023-10-17,S003-P0015,Groceries,145,115,113.39,96.225,74.98191
2023-10-18,S003-P0015,Groceries,76,18,91.1,96.225,67.501686
2023-10-19,S003-P0015,Groceries,44,722,84.73,96.225,68.887794
2023-10-20,S003-P0015,Groceries,55,690,84.3,96.225,70.56697
2023-10-21,S003-P0015,Groceries,67,641,87.98,96.225,74.972496
2023-10-22,S003-P0015,Groceries,45,568,64.73,96.225,89.77475
2023-10-23,S003-P0015,Groceries,45,520,76.96,96.225,68.75071
2023-10-24,S003-P0015,Groceries,88,466,75.98,96.225,87.761314
2023-10-25,S003-P0015,Groceries,83,371,88.23,96.225,114.080536
2023-10-26,S003-P0015,Groceries,52,290,62.3,96.225,163.21414
2023-10-27,S003-P0015,Groceries,89,248,100.26,96.225,126.34842
2023-10-28,S003-P0015,Groceries,119,182,89.25,96.225,129.6385
2023-10-29,S003-P0015,Groceries,112,92,102.57,96.225,116.11357
2023-10-30,S003-P0015,Groceries,134,8,98.81,96.225,114.21264
2023-10-31,S003-P0015,Groceries,109,333,101.6,96.225,125.39463
2023-11-01,S003-P0015,Groceries,125,677,101.26,96.225,139.72011
2023-11-02,S003-P0015,Groceries,170,550,108.57,96.225,170.24602
2023-11-03,S003-P0015,Groceries,144,382,113.09,96.225,118.477425
2023-11-04,S003-P0015,Groceries,114,218,92.79,96.225,128.5342
2023-11-05,S003-P0015,Groceries,77,128,96.1,96.225,118.30809
2023-11-06,S003-P0015,Groceries,77,691,91.31,96.225,103.321526
2023-11-07,S003-P0015,Groceries,104,630,99.94,96.225,115.68537
2023-11-08,S003-P0015,Groceries,116,550,98.68,96.225,103.30192
2023-11-09,S003-P0015,Groceries,109,444,91.45,96.225,104.30643
2023-11-10,S003-P0015,Groceries,27,336,75.18,96.225,107.45479
2023-11-11,S003-P0015,Groceries,118,313,88.77,96.225,168.42226
2023-11-12,S003-P0015,Groceries,117,214,98.6,96.225,129.75905
2023-11-13,S003-P0015,Groceries,118,525,109.94,96.225,103.33651
2023-11-14,S003-P0015,Groceries,144,414,119.06,96.225,102.32318
2023-11-15,S003-P0015,Groceries,117,245,98.85,96.225,129.13675
2023-11-16,S003-P0015,Groceries,101,158,99.14,96.225,114.50946
2023-11-17,S003-P0015,Groceries,69,94,84.14,96.225,118.05419
2023-11-18,S003-P0015,Groceries,149,597,114.63,96.225,128.4052
2023-11-19,S003-P0015,Groceries,119,438,110.3,96.225,130.09456
2023-11-20,S003-P0015,Groceries,200,352,110.28,96.225,140.28517
2023-11-21,S003-P0015,Groceries,104,116,89.48,96.225,154.24048
2023-11-22,S003-P0015,Groceries,193,546,115.2,96.225,169.22609
2023-11-23,S003-P0015,Groceries,205,355,111.89,96.225,140.25452
2023-11-24,S003-P0015,Groceries,75,224,90.52,96.225,118.05419
2023-11-25,S003-P0015,Groceries,73,159,90.0,96.225,103.503624
2023-11-26,S003-P0015,Groceries,111,873,80.69,96.225,135.14594
2023-11-27,S003-P0015,Groceries,136,751,92.84,96.225,140.28517
2023-11-28,S003-P0015,Groceries,156,642,93.37,96.225,137.46375
2023-11-29,S003-P0015,Groceries,80,504,97.07,96.225,128.53862
2023-11-30,S003-P0015,Groceries,144,416,112.84,96.225,115.02558
2023-12-01,S003-P0015,Groceries,108,307,106.67,96.225,114.215706
2023-12-02,S003-P0015,Groceries,110,919,80.56,96.225,147.81047
2023-12-03,S003-P0015,Groceries,128,795,96.38,96.225,158.90663
2023-12-04,S003-P0015,Groceries,160,665,118.11,96.225,123.975075
2023-12-05,S003-P0015,Groceries,96,524,97.41,96.225,102.28224
2023-12-06,S003-P0015,Groceries,144,445,95.02,96.225,161.1652
2023-12-07,S003-P0015,Groceries,70,329,80.02,96.225,112.6319
2023-12-08,S003-P0015,Groceries,49,859,82.19,96.225,114.215706
2023-12-09,S003-P0015,Groceries,50,812,78.3,96.225,102.571266
2023-12-10,S003-P0015,Groceries,93,767,101.4,96.225,101.218025
2023-12-11,S003-P0015,Groceries,78,671,91.7,96.225,104.19076
2023-12-12,S003-P0015,Groceries,87,593,89.74,96.225,102.28224
2023-12-13,S003-P0015,Groceries,90,505,81.1,96.225,161.6385
2023-12-14,S003-P0015,Groceries,73,451,67.46,96.225,144.6262
2023-12-15,S003-P0015,Groceries,49,373,82.17,96.225,101.424965
2023-12-16,S003-P0015,Groceries,189,335,114.84,96.225,135.50677
2023-12-17,S003-P0015,Groceries,184,154,100.85,96.225,146.26164
2023-12-18,S003-P0015,Groceries,124,1,106.6,96.225,123.74775
2023-12-19,S003-P0015,Groceries,92,0,101.16,96.225,102.228035
2023-12-20,S003-P0015,Groceries,138,860,111.04,96.225,125.856636
2023-12-21,S003-P0015,Groceries,142,698,106.55,96.225,122.46432
2023-12-22,S003-P0015,Groceries,91,554,90.87,96.225,101.099724
2023-12-23,S003-P0015,Groceries,75,481,90.74,96.225,102.66269
2023-12-24,S003-P0015,Groceries,167,428,120.48,96.225,101.218025
2023-12-25,S003-P0015,Groceries,91,326,90.81,96.225,134.77188
2023-12-26,S003-P0015,Groceries,105,223,94.99,96.225,124.335236
2023-12-27,S003-P0015,Groceries,122,159,84.65,96.225,101.95548
2023-12-28,S003-P0015,Groceries,78,640,86.63,96.225,102.3345
2023-12-29,S003-P0015,Groceries,94,548,96.78,96.225,71.47494
2023-12-30,S003-P0015,Groceries,118,474,104.41,96.225,78.267815
2023-12-31,S003-P0015,Groceries,75,364,95.42,96.225,86.16959
2024-01-01,S003-P0015,Groceries,58,297,68.08,96.225,98.63126
2024-01-02,S003-P0015,Groceries,18,239,72.02,96.225,68.86313
2024-01-03,S003-P0015,Groceries,78,755,77.75,96.225,89.45552
2024-01-04,S003-P0015,Groceries,69,664,84.1,96.225,69.8348
2024-01-05,S003-P0015,Groceries,61,599,81.78,96.225,83.97788
2024-01-06,S003-P0015,Groceries,41,538,83.82,96.225,76.5242
2024-01-07,S003-P0015,Groceries,88,502,75.95,96.225,91.04141
2024-01-08,S003-P0015,Groceries,46,447,76.91,96.225,68.676346
2024-01-09,S003-P0015,Groceries,150,408,91.81,96.225,135.2791
2024-01-10,S003-P0015,Groceries,100,279,98.85,96.225,112.815895
2024-01-11,S003-P0015,Groceries,111,180,91.94,96.225,122.06837
2024-01-12,S003-P0015,Groceries,142,101,100.44,96.225,162.84612
2024-01-13,S003-P0015,Groceries,226,707,104.72,96.225,147.71086
2024-01-14,S003-P0015,Groceries,115,571,98.39,96.225,111.65742
2024-01-15,S003-P0015,Groceries,101,455,99.0,96.225,124.57365
2024-01-16,S003-P0015,Groceries,88,356,99.68,96.225,112.1273
2024-01-17,S003-P0015,Groceries,79,1305,96.61,96.225,103.406235
2024-01-18,S003-P0015,Groceries,142,1236,101.21,96.225,112.09216
2024-01-19,S003-P0015,Groceries,93,1082,91.38,96.225,122.86333
2024-01-20,S003-P0015,Groceries,237,999,128.82,96.225,163.99727
2024-01-21,S003-P0015,Groceries,68,820,83.85,96.225,101.6613
2024-01-22,S003-P0015,Groceries,188,750,127.26,96.225,124.57365
2024-01-23,S003-P0015,Groceries,112,589,97.09,96.225,112.60583
2024-01-24,S003-P0015,Groceries,154,509,110.29,96.225,103.3106
2024-01-25,S003-P0015,Groceries,188,330,127.18,96.225,122.142525
2024-01-26,S003-P0015,Groceries,146,867,89.83,96.225,134.3076
2024-01-27,S003-P0015,Groceries,183,728,100.6,96.225,135.6349
2024-01-28,S003-P0015,Groceries,126,609,80.27,96.225,146.93944
2024-01-29,S003-P0015,Groceries,81,464,87.74,96.225,103.486916
2024-01-30,S003-P0015,Groceries,134,413,104.09,96.225,122.73763
2023-10-03,S003-P0016,Electronics,41,293,78.07,95.545,92.8028
2023-10-04,S003-P0016,Electronics,95,259,90.1,95.545,129.3955
2023-10-05,S003-P0016,Electronics,93,178,89.5,95.545,117.73586
2023-10-06,S003-P0016,Electronics,149,331,99.55,95.545,130.2659
2023-10-07,S003-P0016,Electronics,35,179,71.54,95.545,64.7795
2023-10-08,S003-P0016,Electronics,49,427,80.67,95.545,52.79793
2023-10-09,S003-P0016,Electronics,24,380,60.33,95.545,66.51025
2023-10-10,S003-P0016,Electronics,64,352,80.89,95.545,56.12873
2023-10-11,S003-P0016,Electronics,55,275,78.21,95.545,50.889076
2023-10-12,S003-P0016,Electronics,101,224,96.97,95.545,57.622894
2023-10-13,S003-P0016,Electronics,70,119,72.52,95.545,81.518196
2023-10-14,S003-P0016,Electronics,93,225,94.48,95.545,50.912025
2023-10-15,S003-P0016,Electronics,67,140,81.59,95.545,58.858536
2023-10-16,S003-P0016,Electronics,52,272,81.12,95.545,55.961308
2023-10-17,S003-P0016,Electronics,52,220,85.78,95.545,55.985916
2023-10-18,S003-P0016,Electronics,65,182,81.12,95.545,66.705536
2023-10-19,S003-P0016,Electronics,51,134,81.12,95.545,53.12523
2023-10-20,S003-P0016,Electronics,42,197,82.35,95.545,52.86657
2023-10-21,S003-P0016,Electronics,85,167,96.91,95.545,55.95289
2023-10-22,S003-P0016,Electronics,29,99,74.04,95.545,53.93375
2023-10-23,S003-P0016,Electronics,59,263,83.43,95.545,65.861946
2023-10-24,S003-P0016,Electronics,35,201,84.42,95.545,51.025604
2023-10-25,S003-P0016,Electronics,111,176,105.51,95.545,102.795784
2023-10-26,S003-P0016,Electronics,172,66,119.25,95.545,111.55619
2023-10-27,S003-P0016,Electronics,147,250,105.69,95.545,113.16706
2023-10-28,S003-P0016,Electronics,110,489,78.8,95.545,119.80098
2023-10-29,S003-P0016,Electronics,61,406,88.91,95.545,103.80468
2023-10-30,S003-P0016,Electronics,121,340,98.02,95.545,103.49071
2023-10-31,S003-P0016,Electronics,127,218,110.81,95.545,112.01496
2023-11-01,S003-P0016,Electronics,120,96,92.12,95.545,121.445564
2023-11-02,S003-P0016,Electronics,112,263,105.89,95.545,107.94213
2023-11-03,S003-P0016,Electronics,159,187,102.33,95.545,131.72885
2023-11-04,S003-P0016,Electronics,90,254,93.59,95.545,112.868065
2023-11-05,S003-P0016,Electronics,148,194,100.28,95.545,131.53755
2023-11-06,S003-P0016,Electronics,116,234,101.69,95.545,88.91685
2023-11-07,S003-P0016,Electronics,165,355,130.01,95.545,101.804184
2023-11-08,S003-P0016,Electronics,95,196,90.04,95.545,90.36263
2023-11-09,S003-P0016,Electronics,102,447,87.1,95.545,118.64805
2023-11-10,S003-P0016,Electronics,100,367,101.76,95.545,95.20194
2023-11-11,S003-P0016,Electronics,107,252,104.09,95.545,113.58898
2023-11-12,S003-P0016,Electronics,120,125,91.34,95.545,144.50833
2023-11-13,S003-P0016,Electronics,67,219,81.73,95.545,117.77158
2023-11-14,S003-P0016,Electronics,85,148,87.02,95.545,89.16539
2023-11-15,S003-P0016,Electronics,82,49,95.81,95.545,113.11033
2023-11-16,S003-P0016,Electronics,88,182,97.89,95.545,97.19293
2023-11-17,S003-P0016,Electronics,95,269,85.14,95.545,131.72223
2023-11-18,S003-P0016,Electronics,137,182,114.06,95.545,113.58898
2023-11-19,S003-P0016,Electronics,131,48,101.02,95.545,144.28566
2023-11-20,S003-P0016,Electronics,149,227,124.56,95.545,89.3919
2023-11-21,S003-P0016,Electronics,115,339,101.18,95.545,133.4832
2023-11-22,S003-P0016,Electronics,96,227,95.19,95.545,113.14092
2023-11-23,S003-P0016,Electronics,143,137,110.16,95.545,118.14092
2023-11-24,S003-P0016,Electronics,93,224,99.42,95.545,105.313774
2023-11-25,S003-P0016,Electronics,134,142,107.46,95.545,91.3213
2023-11-26,S003-P0016,Electronics,120,196,102.93,95.545,95.38554
2023-11-27,S003-P0016,Electronics,94,335,99.99,95.545,89.3919
2023-11-28,S003-P0016,Electronics,97,258,95.93,95.545,89.363075
2023-11-29,S003-P0016,Electronics,184,199,123.42,95.545,113.11033
2023-11-30,S003-P0016,Electronics,93,199,104.9,95.545,97.583336
2023-12-01,S003-P0016,Electronics,176,427,113.75,95.545,127.479485
2023-12-02,S003-P0016,Electronics,173,258,119.99,95.545,102.160866
2023-12-03,S003-P0016,Electronics,152,82,89.4,95.545,137.98158
2023-12-04,S003-P0016,Electronics,129,347,83.63,95.545,139.90565
2023-12-05,S003-P0016,Electronics,100,211,81.41,95.545,117.2053
2023-12-06,S003-P0016,Electronics,109,110,99.7,95.545,111.79687
2023-12-07,S003-P0016,Electronics,103,187,86.47,95.545,126.696846
2023-12-08,S003-P0016,Electronics,156,92,114.24,95.545,127.47561
2023-12-09,S003-P0016,Electronics,53,165,77.55,95.545,92.45688
2023-12-10,S003-P0016,Electronics,97,454,106.0,95.545,91.787445
2023-12-11,S003-P0016,Electronics,112,366,100.21,95.545,94.91563
2023-12-12,S003-P0016,Electronics,165,266,123.63,95.545,91.68325
2023-12-13,S003-P0016,Electronics,74,88,93.0,95.545,111.79687
2023-12-14,S003-P0016,Electronics,86,333,102.19,95.545,99.81503
2023-12-15,S003-P0016,Electronics,123,231,109.36,95.545,92.19732
2023-12-16,S003-P0016,Electronics,105,91,103.34,95.545,92.08103
2023-12-17,S003-P0016,Electronics,99,197,96.37,95.545,100.83071
2023-12-18,S003-P0016,Electronics,221,87,128.01,95.545,139.79369
2023-12-19,S003-P0016,Electronics,65,203,94.96,95.545,91.68325
2023-12-20,S003-P0016,Electronics,54,602,77.71,95.545,112.512794
2023-12-21,S003-P0016,Electronics,132,552,112.57,95.545,109.28898
2023-12-22,S003-P0016,Electronics,158,415,108.36,95.545,116.15632
2023-12-23,S003-P0016,Electronics,105,282,98.03,95.545,116.7674
2023-12-24,S003-P0016,Electronics,82,191,91.0,95.545,92.22963
2023-12-25,S003-P0016,Electronics,34,335,71.82,95.545,94.91563
2023-12-26,S003-P0016,Electronics,246,308,120.44,95.545,139.76456
2023-12-27,S003-P0016,Electronics,74,56,93.05,95.545,56.563698
2023-12-28,S003-P0016,Electronics,39,468,73.3,95.545,55.57776
2023-12-29,S003-P0016,Electronics,63,432,89.49,95.545,50.8165
2023-12-30,S003-P0016,Electronics,40,358,85.96,95.545,56.73741
2023-12-31,S003-P0016,Electronics,99,328,96.54,95.545,60.285347
2024-01-01,S003-P0016,Electronics,49,214,76.26,95.545,53.20579
2024-01-02,S003-P0016,Electronics,65,178,94.97,95.545,47.7767
2024-01-03,S003-P0016,Electronics,38,121,72.92,95.545,47.72587
2024-01-04,S003-P0016,Electronics,92,241,89.14,95.545,47.913765
2024-01-05,S003-P0016,Electronics,75,179,88.9,95.545,58.112312
2024-01-06,S003-P0016,Electronics,64,306,84.96,95.545,53.303482
2024-01-07,S003-P0016,Electronics,19,257,55.99,95.545,62.623665
2024-01-08,S003-P0016,Electronics,76,239,84.48,95.545,64.2069
2024-01-09,S003-P0016,Electronics,73,175,83.55,95.545,119.10486
2024-01-10,S003-P0016,Electronics,139,125,86.09,95.545,131.40663
2024-01-11,S003-P0016,Electronics,59,190,79.43,95.545,110.1809
2024-01-12,S003-P0016,Electronics,167,452,117.53,95.545,109.76921
2024-01-13,S003-P0016,Electronics,119,331,81.25,95.545,130.99791
2024-01-14,S003-P0016,Electronics,123,200,98.12,95.545,128.42398
2024-01-15,S003-P0016,Electronics,100,61,91.55,95.545,141.94281
2024-01-16,S003-P0016,Electronics,124,248,86.8,95.545,130.78635
2024-01-17,S003-P0016,Electronics,105,136,98.08,95.545,93.32987
2024-01-18,S003-P0016,Electronics,205,356,115.33,95.545,129.38766
2024-01-19,S003-P0016,Electronics,57,227,91.96,95.545,109.67015
2024-01-20,S003-P0016,Electronics,99,536,101.64,95.545,111.89414
2024-01-21,S003-P0016,Electronics,135,445,113.65,95.545,92.63979
2024-01-22,S003-P0016,Electronics,156,300,120.46,95.545,110.45573
2024-01-23,S003-P0016,Electronics,111,195,79.17,95.545,130.78635
2024-01-24,S003-P0016,Electronics,82,432,86.1,95.545,93.32987
2024-01-25,S003-P0016,Electronics,151,356,112.47,95.545,110.1809
2024-01-26,S003-P0016,Electronics,157,220,108.65,95.545,93.03394
2024-01-27,S003-P0016,Electronics,88,403,97.8,95.545,92.4584
2024-01-28,S003-P0016,Electronics,65,327,85.53,95.545,100.41054
2024-01-29,S003-P0016,Electronics,111,267,100.15,95.545,92.75695
2024-01-30,S003-P0016,Electronics,124,161,104.37,95.545,111.40922
2023-10-03,S003-P0017,Furniture,91,112,135.62,112.87,69.38453
2023-10-04,S003-P0017,Furniture,91,471,122.38,112.87,78.510704
2023-10-05,S003-P0017,Furniture,67,368,118.2,112.87,71.09877
2023-10-06,S003-P0017,Furniture,30,289,97.11,112.87,79.361534
2023-10-07,S003-P0017,Furniture,30,262,107.41,112.87,35.15364
2023-10-08,S003-P0017,Furniture,45,239,97.67,112.87,45.76578
2023-10-09,S003-P0017,Furniture,32,202,97.84,112.87,33.26545
2023-10-10,S003-P0017,Furniture,35,165,88.87,112.87,49.887188
2023-10-11,S003-P0017,Furniture,21,125,93.11,112.87,33.682434
2023-10-12,S003-P0017,Furniture,23,297,93.92,112.87,50.5944
2023-10-13,S003-P0017,Furniture,38,271,105.8,112.87,42.094437
2023-10-14,S003-P0017,Furniture,16,232,91.47,112.87,34.381428
2023-10-15,S003-P0017,Furniture,38,220,111.31,112.87,38.887863
2023-10-16,S003-P0017,Furniture,35,190,94.11,112.87,36.22547
2023-10-17,S003-P0017,Furniture,64,168,110.98,112.87,50.099144
2023-10-18,S003-P0017,Furniture,34,118,83.0,112.87,45.02869
2023-10-19,S003-P0017,Furniture,71,228,90.09,112.87,46.42254
2023-10-20,S003-P0017,Furniture,35,167,93.37,112.87,45.80249
2023-10-21,S003-P0017,Furniture,21,425,98.35,112.87,37.562523
2023-10-22,S003-P0017,Furniture,20,410,97.75,112.87,36.25466
2023-10-23,S003-P0017,Furniture,46,390,103.75,112.87,33.573944
2023-10-24,S003-P0017,Furniture,38,360,100.06,112.87,45.423126
2023-10-25,S003-P0017,Furniture,71,337,119.92,112.87,78.510704
2023-10-26,S003-P0017,Furniture,131,260,115.25,112.87,112.490074
2023-10-27,S003-P0017,Furniture,53,122,106.72,112.87,87.524666
2023-10-28,S003-P0017,Furniture,93,67,97.07,112.87,94.6424
2023-10-29,S003-P0017,Furniture,88,303,114.86,112.87,80.62455
2023-10-30,S003-P0017,Furniture,59,655,108.71,112.87,78.89175
2023-10-31,S003-P0017,Furniture,65,589,111.65,112.87,86.66981
2023-11-01,S003-P0017,Furniture,106,548,128.27,112.87,66.62968
2023-11-02,S003-P0017,Furniture,86,437,95.06,112.87,116.50457
2023-11-03,S003-P0017,Furniture,75,377,115.56,112.87,79.782166
2023-11-04,S003-P0017,Furniture,162,289,125.99,112.87,116.54064
2023-11-05,S003-P0017,Furniture,93,114,129.51,112.87,80.238045
2023-11-06,S003-P0017,Furniture,27,31,101.0,112.87,67.80987
2023-11-07,S003-P0017,Furniture,100,267,125.66,112.87,102.52761
2023-11-08,S003-P0017,Furniture,106,886,108.3,112.87,91.377975
2023-11-09,S003-P0017,Furniture,81,779,104.68,112.87,93.13031
2023-11-10,S003-P0017,Furniture,39,689,100.96,112.87,72.0147
2023-11-11,S003-P0017,Furniture,67,644,118.48,112.87,86.34917
2023-11-12,S003-P0017,Furniture,85,587,126.28,112.87,87.02773
2023-11-13,S003-P0017,Furniture,74,502,121.38,112.87,67.574135
2023-11-14,S003-P0017,Furniture,89,428,114.6,112.87,89.39685
2023-11-15,S003-P0017,Furniture,92,322,101.83,112.87,117.69521
2023-11-16,S003-P0017,Furniture,82,231,131.18,112.87,73.22331
2023-11-17,S003-P0017,Furniture,100,179,132.49,112.87,80.35424
2023-11-18,S003-P0017,Furniture,61,418,115.79,112.87,86.75625
2023-11-19,S003-P0017,Furniture,72,379,114.45,112.87,87.02773
2023-11-20,S003-P0017,Furniture,82,305,112.46,112.87,67.599144
2023-11-21,S003-P0017,Furniture,78,233,116.46,112.87,75.24615
2023-11-22,S003-P0017,Furniture,131,164,109.65,112.87,117.69521
2023-11-23,S003-P0017,Furniture,97,32,110.45,112.87,93.13031
2023-11-24,S003-P0017,Furniture,96,277,117.76,112.87,79.306984
2023-11-25,S003-P0017,Furniture,65,211,117.23,112.87,67.30403
2023-11-26,S003-P0017,Furniture,98,735,111.89,112.87,91.699844
2023-11-27,S003-P0017,Furniture,78,641,123.03,112.87,68.2787
2023-11-28,S003-P0017,Furniture,74,589,115.38,112.87,66.098366
2023-11-29,S003-P0017,Furniture,84,520,125.56,112.87,86.51886
2023-11-30,S003-P0017,Furniture,60,466,109.46,112.87,72.969826
2023-12-01,S003-P0017,Furniture,22,398,93.41,112.87,78.76152
2023-12-02,S003-P0017,Furniture,51,379,111.52,112.87,78.07096
2023-12-03,S003-P0017,Furniture,91,321,128.94,112.87,84.811714
2023-12-04,S003-P0017,Furniture,77,235,116.5,112.87,84.82009
2023-12-05,S003-P0017,Furniture,41,154,107.05,112.87,68.56323
2023-12-06,S003-P0017,Furniture,142,113,119.31,112.87,111.707664
2023-12-07,S003-P0017,Furniture,34,370,104.1,112.87,76.18855
2023-12-08,S003-P0017,Furniture,110,332,109.73,112.87,99.672966
2023-12-09,S003-P0017,Furniture,35,231,109.96,112.87,69.418526
2023-12-10,S003-P0017,Furniture,74,859,121.19,112.87,70.744194
2023-12-11,S003-P0017,Furniture,61,774,103.44,112.87,92.56248
2023-12-12,S003-P0017,Furniture,117,702,118.99,112.87,90.29144
2023-12-13,S003-P0017,Furniture,87,585,126.99,112.87,86.72943
2023-12-14,S003-P0017,Furniture,88,481,127.63,112.87,76.40104
2023-12-15,S003-P0017,Furniture,91,401,96.61,112.87,91.13958
2023-12-16,S003-P0017,Furniture,68,341,106.93,112.87,90.76282
2023-12-17,S003-P0017,Furniture,74,298,121.14,112.87,77.64527
2023-12-18,S003-P0017,Furniture,82,246,118.5,112.87,84.82009
2023-12-19,S003-P0017,Furniture,59,543,109.1,112.87,68.56323
2023-12-20,S003-P0017,Furniture,130,494,138.0,112.87,110.66656
2023-12-21,S003-P0017,Furniture,103,415,120.41,112.87,84.25645
2023-12-22,S003-P0017,Furniture,109,305,122.29,112.87,91.37403
2023-12-23,S003-P0017,Furniture,91,190,128.87,112.87,69.418526
2023-12-24,S003-P0017,Furniture,87,545,100.11,112.87,91.06066
2023-12-25,S003-P0017,Furniture,65,479,105.75,112.87,71.19643
2023-12-26,S003-P0017,Furniture,67,418,106.39,112.87,86.043846
2023-12-27,S003-P0017,Furniture,52,347,88.11,112.87,53.950287
2023-12-28,S003-P0017,Furniture,36,302,105.01,112.87,37.795067
2023-12-29,S003-P0017,Furniture,43,280,107.64,112.87,35.710102
2023-12-30,S003-P0017,Furniture,10,231,93.66,112.87,38.344673
2023-12-31,S003-P0017,Furniture,51,224,111.18,112.87,42.679104
2024-01-01,S003-P0017,Furniture,16,167,86.46,112.87,35.028564
2024-01-02,S003-P0017,Furniture,27,149,100.93,112.87,32.359962
2024-01-03,S003-P0017,Furniture,27,131,101.06,112.87,32.67361
2024-01-04,S003-P0017,Furniture,13,267,99.95,112.87,32.19813
2024-01-05,S003-P0017,Furniture,15,256,71.62,112.87,55.060074
2024-01-06,S003-P0017,Furniture,34,241,98.75,112.87,36.49418
2024-01-07,S003-P0017,Furniture,20,209,102.81,112.87,34.119358
2024-01-08,S003-P0017,Furniture,18,186,86.67,112.87,44.936417
2024-01-09,S003-P0017,Furniture,50,168,116.72,112.87,68.23016
2024-01-10,S003-P0017,Furniture,69,133,112.72,112.87,102.11846
2024-01-11,S003-P0017,Furniture,120,61,141.34,112.87,83.69018
2024-01-12,S003-P0017,Furniture,94,0,117.04,112.87,84.78965
2024-01-13,S003-P0017,Furniture,109,167,102.6,112.87,101.39827
2024-01-14,S003-P0017,Furniture,65,391,111.16,112.87,77.27907
2024-01-15,S003-P0017,Furniture,68,888,118.65,112.87,83.54061
2024-01-16,S003-P0017,Furniture,70,824,125.76,112.87,76.491684
2024-01-17,S003-P0017,Furniture,95,752,130.71,112.87,68.77567
2024-01-18,S003-P0017,Furniture,87,658,120.81,112.87,75.37281
2024-01-19,S003-P0017,Furniture,79,569,117.18,112.87,84.60624
2024-01-20,S003-P0017,Furniture,101,507,99.69,112.87,112.228676
2024-01-21,S003-P0017,Furniture,61,387,109.51,112.87,92.32229
2024-01-22,S003-P0017,Furniture,129,339,130.74,112.87,111.40708
2024-01-23,S003-P0017,Furniture,101,248,140.33,112.87,76.491684
2024-01-24,S003-P0017,Furniture,79,143,92.79,112.87,91.77737
2024-01-25,S003-P0017,Furniture,64,72,105.14,112.87,83.81986
2024-01-26,S003-P0017,Furniture,118,576,140.6,112.87,71.279144
2024-01-27,S003-P0017,Furniture,117,488,110.74,112.87,91.41395
2024-01-28,S003-P0017,Furniture,131,401,138.64,112.87,99.10721
2024-01-29,S003-P0017,Furniture,77,317,129.08,112.87,69.554405
2024-01-30,S003-P0017,Furniture,118,239,140.72,112.87,84.61035
2023-10-03,S003-P0018,Furniture,71,619,119.58,124.805,69.87061
2023-10-04,S003-P0018,Furniture,66,538,123.93,124.805,78.510704
2023-10-05,S003-P0018,Furniture,72,483,100.07,124.805,94.89471
2023-10-06,S003-P0018,Furniture,104,428,133.9,124.805,79.61288
2023-10-07,S003-P0018,Furniture,74,313,100.79,124.805,45.031708
2023-10-08,S003-P0018,Furniture,43,237,100.57,124.805,46.168922
2023-10-09,S003-P0018,Furniture,20,198,97.56,124.805,33.273083
2023-10-10,S003-P0018,Furniture,65,572,123.39,124.805,37.417496
2023-10-11,S003-P0018,Furniture,63,508,129.22,124.805,34.136753
2023-10-12,S003-P0018,Furniture,73,459,113.76,124.805,50.82438
2023-10-13,S003-P0018,Furniture,35,382,91.28,124.805,56.791958
2023-10-14,S003-P0018,Furniture,59,361,127.01,124.805,34.381428
2023-10-15,S003-P0018,Furniture,34,321,86.48,124.805,51.77388
2023-10-16,S003-P0018,Furniture,64,298,129.65,124.805,36.477192
2023-10-17,S003-P0018,Furniture,56,241,125.94,124.805,37.417496
2023-10-18,S003-P0018,Furniture,22,174,114.85,124.805,34.136753
2023-10-19,S003-P0018,Furniture,69,157,112.28,124.805,45.245296
2023-10-20,S003-P0018,Furniture,33,366,86.02,124.805,45.894238
2023-10-21,S003-P0018,Furniture,29,341,106.7,124.805,37.47564
2023-10-22,S003-P0018,Furniture,70,312,125.51,124.805,36.11047
2023-10-23,S003-P0018,Furniture,25,241,99.7,124.805,34.069473
2023-10-24,S003-P0018,Furniture,12,219,98.84,124.805,33.381718
2023-10-25,S003-P0018,Furniture,89,210,134.45,124.805,78.510704
2023-10-26,S003-P0018,Furniture,92,445,142.86,124.805,85.520294
2023-10-27,S003-P0018,Furniture,95,367,130.24,124.805,88.008446
2023-10-28,S003-P0018,Furniture,85,257,110.17,124.805,94.6424
2023-10-29,S003-P0018,Furniture,48,161,115.96,124.805,80.11576
2023-10-30,S003-P0018,Furniture,38,440,117.19,124.805,78.031654
2023-10-31,S003-P0018,Furniture,44,397,126.16,124.805,86.47596
2023-11-01,S003-P0018,Furniture,96,359,137.8,124.805,66.750786
2023-11-02,S003-P0018,Furniture,127,284,128.16,124.805,115.04592
2023-11-03,S003-P0018,Furniture,27,181,88.1,124.805,103.49558
2023-11-04,S003-P0018,Furniture,54,165,112.37,124.805,86.01172
2023-11-05,S003-P0018,Furniture,75,436,106.39,124.805,103.40264
2023-11-06,S003-P0018,Furniture,52,382,117.52,124.805,67.80987
2023-11-07,S003-P0018,Furniture,73,344,120.73,124.805,75.24615
2023-11-08,S003-P0018,Furniture,108,296,120.72,124.805,91.377975
2023-11-09,S003-P0018,Furniture,81,214,103.35,124.805,93.86108
2023-11-10,S003-P0018,Furniture,100,149,139.2,124.805,72.12183
2023-11-11,S003-P0018,Furniture,113,277,161.17,124.805,86.75625
2023-11-12,S003-P0018,Furniture,149,151,144.96,124.805,113.71497
2023-11-13,S003-P0018,Furniture,96,42,137.33,124.805,67.82265
2023-11-14,S003-P0018,Furniture,58,359,114.12,124.805,66.06018
2023-11-15,S003-P0018,Furniture,146,306,152.06,124.805,114.77185
2023-11-16,S003-P0018,Furniture,82,727,138.04,124.805,73.22331
2023-11-17,S003-P0018,Furniture,88,656,134.15,124.805,79.782166
2023-11-18,S003-P0018,Furniture,40,563,106.33,124.805,86.01172
2023-11-19,S003-P0018,Furniture,81,519,103.18,124.805,114.4929
2023-11-20,S003-P0018,Furniture,93,433,151.34,124.805,68.2787
2023-11-21,S003-P0018,Furniture,70,371,132.72,124.805,75.52842
2023-11-22,S003-P0018,Furniture,120,323,123.73,124.805,117.69521
2023-11-23,S003-P0018,Furniture,84,196,125.45,124.805,64.845215
2023-11-24,S003-P0018,Furniture,132,500,154.02,124.805,79.306984
2023-11-25,S003-P0018,Furniture,93,396,128.27,124.805,92.27395
2023-11-26,S003-P0018,Furniture,73,306,133.84,124.805,73.55866
2023-11-27,S003-P0018,Furniture,71,223,132.77,124.805,67.80987
2023-11-28,S003-P0018,Furniture,67,765,138.17,124.805,66.862404
2023-11-29,S003-P0018,Furniture,117,712,155.01,124.805,86.883064
2023-11-30,S003-P0018,Furniture,62,598,128.76,124.805,72.969826
2023-12-01,S003-P0018,Furniture,36,552,109.77,124.805,78.76152
2023-12-02,S003-P0018,Furniture,90,526,127.32,124.805,100.573166
2023-12-03,S003-P0018,Furniture,122,470,157.43,124.805,84.31078
2023-12-04,S003-P0018,Furniture,54,327,118.28,124.805,85.78085
2023-12-05,S003-P0018,Furniture,92,272,121.52,124.805,90.29144
2023-12-06,S003-P0018,Furniture,97,199,131.07,124.805,87.09434
2023-12-07,S003-P0018,Furniture,48,511,128.04,124.805,76.18855
2023-12-08,S003-P0018,Furniture,70,477,119.19,124.805,78.76152
2023-12-09,S003-P0018,Furniture,56,406,119.33,124.805,68.99809
2023-12-10,S003-P0018,Furniture,104,359,133.08,124.805,90.98299
2023-12-11,S003-P0018,Furniture,78,241,122.59,124.805,71.19643
2023-12-12,S003-P0018,Furniture,77,149,143.26,124.805,69.04957
2023-12-13,S003-P0018,Furniture,80,100,130.12,124.805,110.66656
2023-12-14,S003-P0018,Furniture,58,487,133.25,124.805,76.18855
2023-12-15,S003-P0018,Furniture,45,442,114.21,124.805,91.771996
2023-12-16,S003-P0018,Furniture,18,396,102.25,124.805,68.961784
2023-12-17,S003-P0018,Furniture,67,374,110.39,124.805,99.24006
2023-12-18,S003-P0018,Furniture,114,329,153.92,124.805,84.82009
2023-12-19,S003-P0018,Furniture,120,251,125.46,124.805,90.09064
2023-12-20,S003-P0018,Furniture,117,172,155.07,124.805,86.717674
2023-12-21,S003-P0018,Furniture,101,45,139.8,124.805,108.61788
2023-12-22,S003-P0018,Furniture,82,442,138.26,124.805,70.536446
2023-12-23,S003-P0018,Furniture,102,379,124.69,124.805,90.368935
2023-12-24,S003-P0018,Furniture,54,315,118.45,124.805,70.63115
2023-12-25,S003-P0018,Furniture,55,734,118.68,124.805,71.19643
2023-12-26,S003-P0018,Furniture,103,692,156.06,124.805,85.65844
2023-12-27,S003-P0018,Furniture,49,616,122.24,124.805,38.784187
2023-12-28,S003-P0018,Furniture,40,584,94.4,124.805,51.96803
2023-12-29,S003-P0018,Furniture,30,544,119.38,124.805,35.94526
2023-12-30,S003-P0018,Furniture,42,510,112.55,124.805,38.164272
2023-12-31,S003-P0018,Furniture,15,473,106.11,124.805,42.679104
2024-01-01,S003-P0018,Furniture,26,462,88.03,124.805,48.8032
2024-01-02,S003-P0018,Furniture,21,444,97.8,124.805,32.3897
2024-01-03,S003-P0018,Furniture,50,424,116.45,124.805,32.72362
2024-01-04,S003-P0018,Furniture,42,364,95.24,124.805,45.27551
2024-01-05,S003-P0018,Furniture,71,318,106.5,124.805,55.160503
2024-01-06,S003-P0018,Furniture,45,257,108.57,124.805,36.080616
2024-01-07,S003-P0018,Furniture,21,216,103.27,124.805,34.067173
2024-01-08,S003-P0018,Furniture,23,199,115.51,124.805,31.488623
2024-01-09,S003-P0018,Furniture,53,486,124.42,124.805,68.256676
2024-01-10,S003-P0018,Furniture,61,433,135.04,124.805,77.36311
2024-01-11,S003-P0018,Furniture,69,385,118.61,124.805,110.69932
2024-01-12,S003-P0018,Furniture,77,324,114.4,124.805,109.99954
2024-01-13,S003-P0018,Furniture,58,238,120.07,124.805,76.95255
2024-01-14,S003-P0018,Furniture,67,197,117.87,124.805,77.27907
2024-01-15,S003-P0018,Furniture,92,148,143.12,124.805,83.54061
2024-01-16,S003-P0018,Furniture,49,345,122.52,124.805,76.491684
2024-01-17,S003-P0018,Furniture,40,296,111.96,124.805,68.77567
2024-01-18,S003-P0018,Furniture,73,255,120.62,124.805,75.512
2024-01-19,S003-P0018,Furniture,92,618,120.3,124.805,109.99954
2024-01-20,S003-P0018,Furniture,111,537,144.67,124.805,85.03355
2024-01-21,S003-P0018,Furniture,68,404,138.66,124.805,71.828285
2024-01-22,S003-P0018,Furniture,102,347,140.17,124.805,111.40708
2024-01-23,S003-P0018,Furniture,100,284,139.33,124.805,76.7414
2024-01-24,S003-P0018,Furniture,59,588,121.0,124.805,68.77567
2024-01-25,S003-P0018,Furniture,102,544,140.65,124.805,83.69018
2024-01-26,S003-P0018,Furniture,114,481,115.1,124.805,91.73617
2024-01-27,S003-P0018,Furniture,16,392,95.39,124.805,91.15168
2024-01-28,S003-P0018,Furniture,97,374,137.92,124.805,99.10721
2024-01-29,S003-P0018,Furniture,79,313,136.75,124.805,69.64873
2024-01-30,S003-P0018,Furniture,90,652,142.21,124.805,84.83981
2023-10-03,S003-P0019,Groceries,113,171,60.96,55.07,101.913445
2023-10-04,S003-P0019,Groceries,166,218,60.75,55.07,114.080536
2023-10-05,S003-P0019,Groceries,82,255,52.32,55.07,101.17364
2023-10-06,S003-P0019,Groceries,103,170,56.14,55.07,114.61115
2023-10-07,S003-P0019,Groceries,134,51,58.43,55.07,88.146416
2023-10-08,S003-P0019,Groceries,84,110,49.85,55.07,89.07923
2023-10-09,S003-P0019,Groceries,103,98,44.83,55.07,86.94851
2023-10-10,S003-P0019,Groceries,54,117,47.15,55.07,75.00636
2023-10-11,S003-P0019,Groceries,111,142,57.53,55.07,67.501686
2023-10-12,S003-P0019,Groceries,78,186,38.62,55.07,96.852394
2023-10-13,S003-P0019,Groceries,171,113,51.38,55.07,105.97231
2023-10-14,S003-P0019,Groceries,64,165,48.99,55.07,68.06876
2023-10-15,S003-P0019,Groceries,57,113,50.22,55.07,78.452034
2023-10-16,S003-P0019,Groceries,67,123,49.57,55.07,75.14158
2023-10-17,S003-P0019,Groceries,103,144,42.02,55.07,96.741905
2023-10-18,S003-P0019,Groceries,54,151,44.73,55.07,67.46048
2023-10-19,S003-P0019,Groceries,62,101,43.68,55.07,88.129616
2023-10-20,S003-P0019,Groceries,61,106,45.8,55.07,70.91061
2023-10-21,S003-P0019,Groceries,83,120,47.12,55.07,97.21493
2023-10-22,S003-P0019,Groceries,84,113,55.35,55.07,71.56405
2023-10-23,S003-P0019,Groceries,87,122,53.08,55.07,68.75071
2023-10-24,S003-P0019,Groceries,64,132,46.4,55.07,67.7102
2023-10-25,S003-P0019,Groceries,176,67,69.35,55.07,113.949776
2023-10-26,S003-P0019,Groceries,82,149,46.96,55.07,160.94923
2023-10-27,S003-P0019,Groceries,81,52,52.13,55.07,126.0151
2023-10-28,S003-P0019,Groceries,60,89,38.55,55.07,130.1612
2023-10-29,S003-P0019,Groceries,123,121,62.93,55.07,116.11357
2023-10-30,S003-P0019,Groceries,151,143,64.89,55.07,113.90205
2023-10-31,S003-P0019,Groceries,68,167,47.27,55.07,125.613
2023-11-01,S003-P0019,Groceries,156,103,52.63,55.07,140.91486
2023-11-02,S003-P0019,Groceries,126,152,57.02,55.07,169.94292
2023-11-03,S003-P0019,Groceries,69,150,47.32,55.07,118.05419
2023-11-04,S003-P0019,Groceries,186,100,63.68,55.07,168.42226
2023-11-05,S003-P0019,Groceries,79,168,51.7,55.07,117.977425
2023-11-06,S003-P0019,Groceries,137,89,65.49,55.07,103.321526
2023-11-07,S003-P0019,Groceries,100,150,52.69,55.07,115.97366
2023-11-08,S003-P0019,Groceries,137,176,62.27,55.07,103.18043
2023-11-09,S003-P0019,Groceries,117,158,55.74,55.07,103.581894
2023-11-10,S003-P0019,Groceries,158,158,52.24,55.07,137.27664
2023-11-11,S003-P0019,Groceries,116,201,58.43,55.07,128.4052
2023-11-12,S003-P0019,Groceries,132,101,64.52,55.07,130.09456
2023-11-13,S003-P0019,Groceries,92,153,56.83,55.07,103.33651
2023-11-14,S003-P0019,Groceries,59,136,48.13,55.07,102.35601
2023-11-15,S003-P0019,Groceries,94,99,48.76,55.07,169.22609
2023-11-16,S003-P0019,Groceries,131,76,58.02,55.07,115.80459
2023-11-17,S003-P0019,Groceries,123,157,56.65,55.07,117.72492
2023-11-18,S003-P0019,Groceries,146,186,51.06,55.07,168.81374
2023-11-19,S003-P0019,Groceries,69,202,44.82,55.07,129.75905
2023-11-20,S003-P0019,Groceries,85,136,55.64,55.07,103.321526
2023-11-21,S003-P0019,Groceries,129,162,51.2,55.07,154.9194
2023-11-22,S003-P0019,Groceries,172,165,58.3,55.07,169.22609
2023-11-23,S003-P0019,Groceries,101,195,52.84,55.07,104.30643
2023-11-24,S003-P0019,Groceries,95,93,57.56,55.07,118.477425
2023-11-25,S003-P0019,Groceries,146,88,63.85,55.07,104.05523
2023-11-26,S003-P0019,Groceries,158,120,55.73,55.07,135.07236
2023-11-27,S003-P0019,Groceries,82,190,41.19,55.07,141.07481
2023-11-28,S003-P0019,Groceries,176,113,65.66,55.07,102.64631
2023-11-29,S003-P0019,Groceries,122,189,62.64,55.07,128.53862
2023-11-30,S003-P0019,Groceries,80,95,46.74,55.07,115.80459
2023-12-01,S003-P0019,Groceries,108,93,57.04,55.07,113.76865
2023-12-02,S003-P0019,Groceries,221,128,69.5,55.07,148.7727
2023-12-03,S003-P0019,Groceries,166,181,56.92,55.07,157.98543
2023-12-04,S003-P0019,Groceries,163,215,66.98,55.07,123.74775
2023-12-05,S003-P0019,Groceries,121,293,62.52,55.07,102.228035
2023-12-06,S003-P0019,Groceries,174,200,65.47,55.07,162.11183
2023-12-07,S003-P0019,Groceries,143,231,66.66,55.07,111.924126
2023-12-08,S003-P0019,Groceries,106,109,50.98,55.07,113.36445
2023-12-09,S003-P0019,Groceries,67,163,49.43,55.07,102.66269
2023-12-10,S003-P0019,Groceries,107,113,51.15,55.07,100.69175
2023-12-11,S003-P0019,Groceries,122,111,53.65,55.07,104.042496
2023-12-12,S003-P0019,Groceries,77,120,38.5,55.07,133.55902
2023-12-13,S003-P0019,Groceries,153,135,61.82,55.07,162.11183
2023-12-14,S003-P0019,Groceries,112,172,57.71,55.07,111.924126
2023-12-15,S003-P0019,Groceries,54,176,47.06,55.07,101.424965
2023-12-16,S003-P0019,Groceries,94,113,49.07,55.07,102.78046
2023-12-17,S003-P0019,Groceries,127,95,51.43,55.07,146.8913
2023-12-18,S003-P0019,Groceries,19,149,34.3,55.07,158.25221
2023-12-19,S003-P0019,Groceries,93,131,54.22,55.07,102.228035
2023-12-20,S003-P0019,Groceries,65,161,46.61,55.07,125.44433
2023-12-21,S003-P0019,Groceries,190,102,60.55,55.07,156.54659
2023-12-22,S003-P0019,Groceries,123,191,62.81,55.07,101.424965
2023-12-23,S003-P0019,Groceries,196,105,65.4,55.07,134.94656
2023-12-24,S003-P0019,Groceries,83,185,55.29,55.07,101.218025
2023-12-25,S003-P0019,Groceries,115,117,58.24,55.07,104.439156
2023-12-26,S003-P0019,Groceries,126,96,57.29,55.07,124.36556
2023-12-27,S003-P0019,Groceries,91,101,42.55,55.07,102.11471
2023-12-28,S003-P0019,Groceries,88,110,53.43,55.07,79.03472
2023-12-29,S003-P0019,Groceries,69,114,49.82,55.07,71.470985
2023-12-30,S003-P0019,Groceries,53,123,44.63,55.07,78.267815
2023-12-31,S003-P0019,Groceries,135,72,58.69,55.07,85.926506
2024-01-01,S003-P0019,Groceries,99,143,55.31,55.07,76.95257
2024-01-02,S003-P0019,Groceries,29,154,44.91,55.07,69.056694
2024-01-03,S003-P0019,Groceries,93,121,57.18,55.07,69.010895
2024-01-04,S003-P0019,Groceries,45,122,45.59,55.07,69.70961
2024-01-05,S003-P0019,Groceries,94,78,51.59,55.07,110.58813
2024-01-06,S003-P0019,Groceries,84,97,49.96,55.07,75.95674
2024-01-07,S003-P0019,Groceries,86,80,42.36,55.07,91.04141
2024-01-08,S003-P0019,Groceries,82,91,39.22,55.07,91.22419
2024-01-09,S003-P0019,Groceries,140,102,49.61,55.07,134.97171
2024-01-10,S003-P0019,Groceries,104,176,50.72,55.07,113.27808
2024-01-11,S003-P0019,Groceries,185,77,63.98,55.07,122.06837
2024-01-12,S003-P0019,Groceries,150,158,64.64,55.07,124.60845
2024-01-13,S003-P0019,Groceries,117,173,49.86,55.07,148.84955
2024-01-14,S003-P0019,Groceries,85,196,52.83,55.07,112.47999
2024-01-15,S003-P0019,Groceries,128,129,57.41,55.07,124.33316
2024-01-16,S003-P0019,Groceries,114,148,55.19,55.07,112.08572
2024-01-17,S003-P0019,Groceries,128,128,57.6,55.07,103.3106
2024-01-18,S003-P0019,Groceries,156,128,62.35,55.07,146.76898
2024-01-19,S003-P0019,Groceries,151,168,64.77,55.07,123.51831
2024-01-20,S003-P0019,Groceries,147,206,67.43,55.07,123.45624
2024-01-21,S003-P0019,Groceries,107,237,53.86,55.07,101.6613
2024-01-22,S003-P0019,Groceries,184,135,55.86,55.07,159.73743
2024-01-23,S003-P0019,Groceries,103,212,53.08,55.07,112.60583
2024-01-24,S003-P0019,Groceries,128,99,54.65,55.07,137.2341
2024-01-25,S003-P0019,Groceries,154,115,61.92,55.07,160.46114
2024-01-26,S003-P0019,Groceries,114,128,43.58,55.07,134.3076
2024-01-27,S003-P0019,Groceries,66,109,49.37,55.07,102.66743
2024-01-28,S003-P0019,Groceries,188,121,68.01,55.07,111.65742
2024-01-29,S003-P0019,Groceries,81,182,52.03,55.07,104.06277
2024-01-30,S003-P0019,Groceries,132,108,61.45,55.07,122.50837
2023-10-03,S003-P0020,Clothing,84,303,71.5,71.74,89.24156
2023-10-04,S003-P0020,Clothing,103,888,76.3,71.74,98.43366
2023-10-05,S003-P0020,Clothing,53,788,51.1,71.74,118.05981
2023-10-06,S003-P0020,Clothing,67,744,60.22,71.74,126.90348
2023-10-07,S003-P0020,Clothing,138,681,80.57,71.74,88.23281
2023-10-08,S003-P0020,Clothing,79,543,70.37,71.74,90.3347
2023-10-09,S003-P0020,Clothing,92,476,73.4,71.74,88.007576
2023-10-10,S003-P0020,Clothing,73,421,65.12,71.74,95.55558
2023-10-11,S003-P0020,Clothing,71,367,72.01,71.74,88.72514
2023-10-12,S003-P0020,Clothing,112,297,74.57,71.74,95.66935
2023-10-13,S003-P0020,Clothing,140,178,64.09,71.74,128.4528
2023-10-14,S003-P0020,Clothing,68,38,67.63,71.74,88.23281
2023-10-15,S003-P0020,Clothing,94,0,77.81,71.74,97.251045
2023-10-16,S003-P0020,Clothing,194,372,77.96,71.74,118.75013
2023-10-17,S003-P0020,Clothing,114,835,78.85,71.74,95.31488
2023-10-18,S003-P0020,Clothing,69,762,50.8,71.74,110.0578
2023-10-19,S003-P0020,Clothing,139,706,80.76,71.74,89.8186
2023-10-20,S003-P0020,Clothing,64,570,59.88,71.74,90.35442
2023-10-21,S003-P0020,Clothing,102,517,68.42,71.74,118.536835
2023-10-22,S003-P0020,Clothing,57,447,58.41,71.74,91.31113
2023-10-23,S003-P0020,Clothing,155,409,66.78,71.74,109.996254
2023-10-24,S003-P0020,Clothing,109,226,73.53,71.74,88.61365
2023-10-25,S003-P0020,Clothing,59,109,51.56,71.74,128.26692
2023-10-26,S003-P0020,Clothing,159,43,75.81,71.74,138.17633
2023-10-27,S003-P0020,Clothing,109,524,73.72,71.74,138.3084
2023-10-28,S003-P0020,Clothing,78,404,66.32,71.74,90.43797
2023-10-29,S003-P0020,Clothing,94,357,77.96,71.74,99.21116
2023-10-30,S003-P0020,Clothing,117,910,83.88,71.74,97.977776
2023-10-31,S003-P0020,Clothing,116,780,79.47,71.74,107.549515
2023-11-01,S003-P0020,Clothing,128,653,74.21,71.74,85.32484
2023-11-02,S003-P0020,Clothing,108,516,61.19,71.74,139.36365
2023-11-03,S003-P0020,Clothing,121,410,76.41,71.74,125.613014
2023-11-04,S003-P0020,Clothing,71,302,64.59,71.74,105.918785
2023-11-05,S003-P0020,Clothing,110,226,77.89,71.74,97.5241
2023-11-06,S003-P0020,Clothing,98,160,71.2,71.74,86.79071
2023-11-07,S003-P0020,Clothing,122,473,76.88,71.74,94.76268
2023-11-08,S003-P0020,Clothing,81,336,67.15,71.74,86.9508
2023-11-09,S003-P0020,Clothing,94,247,69.99,71.74,85.9891
2023-11-10,S003-P0020,Clothing,124,156,73.17,71.74,113.13686
2023-11-11,S003-P0020,Clothing,96,478,74.37,71.74,106.26465
2023-11-12,S003-P0020,Clothing,120,400,76.1,71.74,106.8232
2023-11-13,S003-P0020,Clothing,103,302,80.25,71.74,88.2805
2023-11-14,S003-P0020,Clothing,94,179,73.99,71.74,86.33279
2023-11-15,S003-P0020,Clothing,142,102,81.35,71.74,139.7007
2023-11-16,S003-P0020,Clothing,97,439,70.77,71.74,95.58991
2023-11-17,S003-P0020,Clothing,174,353,88.81,71.74,125.613014
2023-11-18,S003-P0020,Clothing,128,239,82.31,71.74,106.26465
2023-11-19,S003-P0020,Clothing,67,693,63.94,71.74,107.25771
2023-11-20,S003-P0020,Clothing,76,643,66.06,71.74,86.79071
2023-11-21,S003-P0020,Clothing,76,568,59.15,71.74,125.58784
2023-11-22,S003-P0020,Clothing,99,512,71.42,71.74,105.86422
2023-11-23,S003-P0020,Clothing,62,412,62.48,71.74,85.9891
2023-11-24,S003-P0020,Clothing,58,374,68.46,71.74,96.29311
2023-11-25,S003-P0020,Clothing,91,320,62.21,71.74,113.20037
2023-11-26,S003-P0020,Clothing,114,263,62.4,71.74,115.26339
2023-11-27,S003-P0020,Clothing,84,185,56.44,71.74,113.39535
2023-11-28,S003-P0020,Clothing,110,117,65.55,71.74,114.2939
2023-11-29,S003-P0020,Clothing,95,372,74.32,71.74,106.53306
2023-11-30,S003-P0020,Clothing,116,299,79.36,71.74,95.581116
2023-12-01,S003-P0020,Clothing,144,176,86.4,71.74,114.57778
2023-12-02,S003-P0020,Clothing,146,513,65.07,71.74,146.90858
2023-12-03,S003-P0020,Clothing,121,357,72.69,71.74,125.03796
2023-12-04,S003-P0020,Clothing,203,258,75.81,71.74,156.96146
2023-12-05,S003-P0020,Clothing,128,754,78.06,71.74,133.92033
2023-12-06,S003-P0020,Clothing,182,655,90.64,71.74,160.19653
2023-12-07,S003-P0020,Clothing,175,536,84.69,71.74,115.74664
2023-12-08,S003-P0020,Clothing,146,374,65.24,71.74,144.54836
2023-12-09,S003-P0020,Clothing,106,214,69.18,71.74,134.0723
2023-12-10,S003-P0020,Clothing,60,816,65.45,71.74,104.005974
2023-12-11,S003-P0020,Clothing,106,762,60.83,71.74,135.34431
2023-12-12,S003-P0020,Clothing,109,650,81.8,71.74,104.88734
2023-12-13,S003-P0020,Clothing,199,544,100.08,71.74,126.31017
2023-12-14,S003-P0020,Clothing,118,341,80.03,71.74,115.487206
2023-12-15,S003-P0020,Clothing,172,205,83.87,71.74,104.073814
2023-12-16,S003-P0020,Clothing,144,89,86.43,71.74,104.90286
2023-12-17,S003-P0020,Clothing,142,753,77.26,71.74,114.22079
2023-12-18,S003-P0020,Clothing,295,666,92.91,71.74,156.96146
2023-12-19,S003-P0020,Clothing,119,411,75.97,71.74,105.31156
2023-12-20,S003-P0020,Clothing,95,283,66.77,71.74,126.37289
2023-12-21,S003-P0020,Clothing,148,185,82.96,71.74,126.46911
2023-12-22,S003-P0020,Clothing,161,1300,71.5,71.74,131.10387
2023-12-23,S003-P0020,Clothing,223,1134,83.64,71.74,134.30107
2023-12-24,S003-P0020,Clothing,147,938,91.68,71.74,104.242165
2023-12-25,S003-P0020,Clothing,111,828,70.47,71.74,107.91095
2023-12-26,S003-P0020,Clothing,119,735,72.24,71.74,125.86319
2023-12-27,S003-P0020,Clothing,155,660,89.21,71.74,106.27395
2023-12-28,S003-P0020,Clothing,172,474,93.34,71.74,108.71659
2023-12-29,S003-P0020,Clothing,122,337,80.83,71.74,100.31388
2023-12-30,S003-P0020,Clothing,204,232,101.19,71.74,105.94555
2023-12-31,S003-P0020,Clothing,106,45,73.22,71.74,117.238525
2024-01-01,S003-P0020,Clothing,56,554,61.32,71.74,107.4102
2024-01-02,S003-P0020,Clothing,122,508,68.13,71.74,123.66672
2024-01-03,S003-P0020,Clothing,58,1168,61.84,71.74,99.60002
2024-01-04,S003-P0020,Clothing,116,1101,83.55,71.74,102.68308
2024-01-05,S003-P0020,Clothing,248,1018,94.38,71.74,142.54616
2024-01-06,S003-P0020,Clothing,98,748,63.08,71.74,131.88753
2024-01-07,S003-P0020,Clothing,102,636,75.96,71.74,103.538185
2024-01-08,S003-P0020,Clothing,119,534,75.95,71.74,124.05465
2024-01-09,S003-P0020,Clothing,71,1407,68.28,71.74,105.18748
2024-01-10,S003-P0020,Clothing,109,1354,73.76,71.74,117.301865
2024-01-11,S003-P0020,Clothing,181,1248,90.55,71.74,128.18248
2024-01-12,S003-P0020,Clothing,127,1072,82.13,71.74,128.08821
2024-01-13,S003-P0020,Clothing,125,963,81.62,71.74,117.87216
2024-01-14,S003-P0020,Clothing,214,884,93.27,71.74,147.65356
2024-01-15,S003-P0020,Clothing,126,684,77.52,71.74,128.18355
2024-01-16,S003-P0020,Clothing,104,590,68.91,71.74,116.66021
2024-01-17,S003-P0020,Clothing,77,488,69.88,71.74,105.267
2024-01-18,S003-P0020,Clothing,139,1397,76.63,71.74,148.29997
2024-01-19,S003-P0020,Clothing,75,1237,72.84,71.74,128.61879
2024-01-20,S003-P0020,Clothing,98,1176,74.93,71.74,129.10713
2024-01-21,S003-P0020,Clothing,97,1105,56.01,71.74,133.8311
2024-01-22,S003-P0020,Clothing,119,1034,71.83,71.74,159.37733
2024-01-23,S003-P0020,Clothing,142,949,85.98,71.74,117.46283
2024-01-24,S003-P0020,Clothing,115,849,62.55,71.74,135.7109
2024-01-25,S003-P0020,Clothing,158,723,89.86,71.74,128.34671
2024-01-26,S003-P0020,Clothing,69,593,60.98,71.74,104.01198
2024-01-27,S003-P0020,Clothing,114,511,78.96,71.74,104.7669
2024-01-28,S003-P0020,Clothing,161,384,81.08,71.74,147.0836
2024-01-29,S003-P0020,Clothing,109,192,73.8,71.74,107.24302
2024-01-30,S003-P0020,Clothing,96,113,70.6,71.74,128.3221
2023-10-03,S004-P0001,Groceries,74,363,9.71,11.055,96.75014
2023-10-04,S004-P0001,Groceries,106,305,11.39,11.055,101.18945
2023-10-05,S004-P0001,Groceries,219,1204,15.54,11.055,123.99806
2023-10-06,S004-P0001,Groceries,54,964,9.49,11.055,123.81568
2023-10-07,S004-P0001,Groceries,70,900,10.62,11.055,64.90372
2023-10-08,S004-P0001,Groceries,62,836,9.28,11.055,69.21798
2023-10-09,S004-P0001,Groceries,83,785,8.33,11.055,103.19256
2023-10-10,S004-P0001,Groceries,45,721,9.16,11.055,63.965515
2023-10-11,S004-P0001,Groceries,108,690,12.06,11.055,64.66566
2023-10-12,S004-P0001,Groceries,146,623,11.56,11.055,85.40061
2023-10-13,S004-P0001,Groceries,86,493,10.11,11.055,74.54087
2023-10-14,S004-P0001,Groceries,130,432,11.04,11.055,79.34486
2023-10-15,S004-P0001,Groceries,56,346,9.57,11.055,82.85216
2023-10-16,S004-P0001,Groceries,47,774,8.76,11.055,64.78326
2023-10-17,S004-P0001,Groceries,90,737,9.65,11.055,94.570915
2023-10-18,S004-P0001,Groceries,75,658,10.26,11.055,71.585556
2023-10-19,S004-P0001,Groceries,100,613,8.82,11.055,86.553345
2023-10-20,S004-P0001,Groceries,108,500,9.07,11.055,85.22254
2023-10-21,S004-P0001,Groceries,73,400,10.19,11.055,64.04592
2023-10-22,S004-P0001,Groceries,114,328,11.08,11.055,68.5675
2023-10-23,S004-P0001,Groceries,103,241,8.92,11.055,84.50208
2023-10-24,S004-P0001,Groceries,51,621,9.39,11.055,63.965515
2023-10-25,S004-P0001,Groceries,251,573,13.19,11.055,162.05112
2023-10-26,S004-P0001,Groceries,214,315,13.74,11.055,160.13394
2023-10-27,S004-P0001,Groceries,186,124,15.1,11.055,124.12562
2023-10-28,S004-P0001,Groceries,67,0,8.97,11.055,97.16241
2023-10-29,S004-P0001,Groceries,110,858,11.53,11.055,96.99451
2023-10-30,S004-P0001,Groceries,154,785,13.84,11.055,97.40591
2023-10-31,S004-P0001,Groceries,148,677,11.63,11.055,124.38125
2023-11-01,S004-P0001,Groceries,134,568,9.31,11.055,136.06206
2023-11-02,S004-P0001,Groceries,162,463,13.47,11.055,109.29783
2023-11-03,S004-P0001,Groceries,92,351,8.6,11.055,131.37828
2023-11-04,S004-P0001,Groceries,91,276,10.3,11.055,110.84742
2023-11-05,S004-P0001,Groceries,131,692,11.09,11.055,111.81501
2023-11-06,S004-P0001,Groceries,109,606,10.9,11.055,95.45388
2023-11-07,S004-P0001,Groceries,231,523,14.38,11.055,166.9847
2023-11-08,S004-P0001,Groceries,152,359,11.76,11.055,151.65536
2023-11-09,S004-P0001,Groceries,165,206,12.22,11.055,109.57427
2023-11-10,S004-P0001,Groceries,132,92,11.1,11.055,124.16984
2023-11-11,S004-P0001,Groceries,150,915,13.0,11.055,123.90289
2023-11-12,S004-P0001,Groceries,133,785,11.13,11.055,149.62027
2023-11-13,S004-P0001,Groceries,159,680,10.01,11.055,132.6151
2023-11-14,S004-P0001,Groceries,101,572,11.8,11.055,94.694885
2023-11-15,S004-P0001,Groceries,150,467,13.01,11.055,124.17332
2023-11-16,S004-P0001,Groceries,191,312,10.87,11.055,152.45355
2023-11-17,S004-P0001,Groceries,133,709,13.04,11.055,126.276726
2023-11-18,S004-P0001,Groceries,164,607,10.67,11.055,166.81068
2023-11-19,S004-P0001,Groceries,157,486,11.93,11.055,111.81501
2023-11-20,S004-P0001,Groceries,88,336,8.06,11.055,136.25487
2023-11-21,S004-P0001,Groceries,82,275,9.97,11.055,97.03257
2023-11-22,S004-P0001,Groceries,69,714,10.03,11.055,123.30271
2023-11-23,S004-P0001,Groceries,89,661,10.77,11.055,109.29783
2023-11-24,S004-P0001,Groceries,67,584,9.47,11.055,112.41392
2023-11-25,S004-P0001,Groceries,124,529,11.41,11.055,97.400734
2023-11-26,S004-P0001,Groceries,112,418,9.17,11.055,131.57983
2023-11-27,S004-P0001,Groceries,106,311,10.24,11.055,109.236336
2023-11-28,S004-P0001,Groceries,74,213,9.72,11.055,110.57932
2023-11-29,S004-P0001,Groceries,58,691,9.64,11.055,124.17332
2023-11-30,S004-P0001,Groceries,108,656,11.46,11.055,96.89149
2023-12-01,S004-P0001,Groceries,69,569,9.51,11.055,95.85006
2023-12-02,S004-P0001,Groceries,30,514,8.15,11.055,131.97153
2023-12-03,S004-P0001,Groceries,106,489,10.24,11.055,95.58105
2023-12-04,S004-P0001,Groceries,231,378,12.62,11.055,127.27311
2023-12-05,S004-P0001,Groceries,117,141,11.2,11.055,124.458916
2023-12-06,S004-P0001,Groceries,65,32,9.88,11.055,125.33858
2023-12-07,S004-P0001,Groceries,131,465,11.67,11.055,120.70609
2023-12-08,S004-P0001,Groceries,189,1366,11.56,11.055,127.983376
2023-12-09,S004-P0001,Groceries,101,1163,11.22,11.055,125.7364
2023-12-10,S004-P0001,Groceries,75,1082,8.21,11.055,126.48251
2023-12-11,S004-P0001,Groceries,80,1001,9.4,11.055,98.76794
2023-12-12,S004-P0001,Groceries,146,909,11.5,11.055,130.46986
2023-12-13,S004-P0001,Groceries,125,774,10.89,11.055,114.277565
2023-12-14,S004-P0001,Groceries,99,637,10.55,11.055,109.85073
2023-12-15,S004-P0001,Groceries,203,542,12.7,11.055,128.69928
2023-12-16,S004-P0001,Groceries,137,386,11.27,11.055,124.564064
2023-12-17,S004-P0001,Groceries,53,286,8.95,11.055,109.839
2023-12-18,S004-P0001,Groceries,110,232,10.94,11.055,98.76794
2023-12-19,S004-P0001,Groceries,144,1017,12.79,11.055,124.458916
2023-12-20,S004-P0001,Groceries,99,865,10.02,11.055,98.77831
2023-12-21,S004-P0001,Groceries,131,791,12.33,11.055,121.7443
2023-12-22,S004-P0001,Groceries,135,671,12.44,11.055,96.71473
2023-12-23,S004-P0001,Groceries,108,566,12.08,11.055,98.91215
2023-12-24,S004-P0001,Groceries,193,476,11.52,11.055,144.92696
2023-12-25,S004-P0001,Groceries,155,249,11.23,11.055,145.81133
2023-12-26,S004-P0001,Groceries,191,82,12.99,11.055,147.50278
2023-12-27,S004-P0001,Groceries,85,0,9.04,11.055,90.46816
2023-12-28,S004-P0001,Groceries,90,892,11.38,11.055,69.69571
2023-12-29,S004-P0001,Groceries,70,818,10.61,11.055,69.27837
2023-12-30,S004-P0001,Groceries,80,773,9.88,11.055,84.68171
2023-12-31,S004-P0001,Groceries,82,719,9.46,11.055,69.92276
2024-01-01,S004-P0001,Groceries,31,621,9.09,11.055,85.25749
2024-01-02,S004-P0001,Groceries,101,594,11.22,11.055,85.86154
2024-01-03,S004-P0001,Groceries,90,486,8.63,11.055,88.585075
2024-01-04,S004-P0001,Groceries,124,379,10.25,11.055,101.342186
2024-01-05,S004-P0001,Groceries,39,275,8.94,11.055,86.44615
2024-01-06,S004-P0001,Groceries,80,251,7.84,11.055,109.88253
2024-01-07,S004-P0001,Groceries,75,180,9.71,11.055,78.05894
2024-01-08,S004-P0001,Groceries,106,567,9.11,11.055,109.700066
2024-01-09,S004-P0001,Groceries,128,457,11.0,11.055,96.60428
2024-01-10,S004-P0001,Groceries,128,347,12.18,11.055,111.301216
2024-01-11,S004-P0001,Groceries,199,230,11.69,11.055,157.1797
2024-01-12,S004-P0001,Groceries,85,7,10.06,11.055,96.22115
2024-01-13,S004-P0001,Groceries,112,512,10.39,11.055,147.18005
2024-01-14,S004-P0001,Groceries,4,393,8.07,11.055,112.24955
2024-01-15,S004-P0001,Groceries,192,1209,13.83,11.055,110.4356
2024-01-16,S004-P0001,Groceries,117,1085,11.19,11.055,96.60428
2024-01-17,S004-P0001,Groceries,78,958,10.9,11.055,98.48109
2024-01-18,S004-P0001,Groceries,95,886,11.58,11.055,97.0248
2024-01-19,S004-P0001,Groceries,116,827,9.27,11.055,128.71706
2024-01-20,S004-P0001,Groceries,115,756,11.72,11.055,123.79514
2024-01-21,S004-P0001,Groceries,63,677,7.86,11.055,129.47133
2024-01-22,S004-P0001,Groceries,152,610,10.33,11.055,142.90451
2024-01-23,S004-P0001,Groceries,65,494,10.42,11.055,110.45422
2024-01-24,S004-P0001,Groceries,115,432,10.5,11.055,131.13185
2024-01-25,S004-P0001,Groceries,135,308,12.46,11.055,107.397865
2024-01-26,S004-P0001,Groceries,86,875,9.59,11.055,122.124214
2024-01-27,S004-P0001,Groceries,120,772,12.53,11.055,111.37634
2024-01-28,S004-P0001,Groceries,175,649,13.93,11.055,122.74647
2024-01-29,S004-P0001,Groceries,171,515,12.4,11.055,119.56363
2024-01-30,S004-P0001,Groceries,123,342,11.43,11.055,97.013145
2023-10-03,S004-P0002,Groceries,140,193,21.92,20.0,127.07239
2023-10-04,S004-P0002,Groceries,76,105,17.83,20.0,131.41917
2023-10-05,S004-P0002,Groceries,227,269,24.59,20.0,160.13394
2023-10-06,S004-P0002,Groceries,138,104,21.81,20.0,123.81568
2023-10-07,S004-P0002,Groceries,62,461,16.98,20.0,64.689804
2023-10-08,S004-P0002,Groceries,192,394,21.03,20.0,86.75526
2023-10-09,S004-P0002,Groceries,94,199,19.01,20.0,78.978905
2023-10-10,S004-P0002,Groceries,42,539,14.91,20.0,64.54997
2023-10-11,S004-P0002,Groceries,46,513,15.11,20.0,64.93533
2023-10-12,S004-P0002,Groceries,91,477,20.88,20.0,65.907646
2023-10-13,S004-P0002,Groceries,44,386,16.68,20.0,74.54087
2023-10-14,S004-P0002,Groceries,108,333,18.89,20.0,104.90262
2023-10-15,S004-P0002,Groceries,50,203,17.09,20.0,82.8263
2023-10-16,S004-P0002,Groceries,56,172,16.61,20.0,64.78326
2023-10-17,S004-P0002,Groceries,141,112,19.54,20.0,94.43401
2023-10-18,S004-P0002,Groceries,154,25,19.02,20.0,94.53613
2023-10-19,S004-P0002,Groceries,101,236,19.39,20.0,66.49291
2023-10-20,S004-P0002,Groceries,66,470,17.23,20.0,67.05065
2023-10-21,S004-P0002,Groceries,76,405,16.96,20.0,64.48071
2023-10-22,S004-P0002,Groceries,57,333,17.57,20.0,68.10346
2023-10-23,S004-P0002,Groceries,45,291,14.25,20.0,84.1125
2023-10-24,S004-P0002,Groceries,38,243,14.67,20.0,64.54997
2023-10-25,S004-P0002,Groceries,195,216,25.39,20.0,160.06319
2023-10-26,S004-P0002,Groceries,203,2,24.48,20.0,160.13394
2023-10-27,S004-P0002,Groceries,99,374,19.29,20.0,123.97071
2023-10-28,S004-P0002,Groceries,96,698,20.19,20.0,97.24175
2023-10-29,S004-P0002,Groceries,81,589,19.13,20.0,96.99451
2023-10-30,S004-P0002,Groceries,108,496,20.97,20.0,97.38333
2023-10-31,S004-P0002,Groceries,90,386,17.77,20.0,124.38125
2023-11-01,S004-P0002,Groceries,124,284,19.86,20.0,98.18637
2023-11-02,S004-P0002,Groceries,91,156,18.81,20.0,109.57427
2023-11-03,S004-P0002,Groceries,139,311,20.63,20.0,132.44014
2023-11-04,S004-P0002,Groceries,138,225,20.67,20.0,110.321526
2023-11-05,S004-P0002,Groceries,119,350,22.85,20.0,114.05101
2023-11-06,S004-P0002,Groceries,162,249,25.89,20.0,94.95504
2023-11-07,S004-P0002,Groceries,32,132,13.52,20.0,166.89427
2023-11-08,S004-P0002,Groceries,140,456,18.49,20.0,151.35963
2023-11-09,S004-P0002,Groceries,65,308,17.19,20.0,109.29783
2023-11-10,S004-P0002,Groceries,115,243,19.21,20.0,163.721
2023-11-11,S004-P0002,Groceries,83,134,16.38,20.0,166.8032
2023-11-12,S004-P0002,Groceries,89,315,15.54,20.0,147.21936
2023-11-13,S004-P0002,Groceries,104,248,18.63,20.0,95.45388
2023-11-14,S004-P0002,Groceries,106,184,19.71,20.0,94.399055
2023-11-15,S004-P0002,Groceries,244,114,22.54,20.0,167.3814
2023-11-16,S004-P0002,Groceries,80,246,19.11,20.0,109.69672
2023-11-17,S004-P0002,Groceries,85,677,20.44,20.0,126.276726
2023-11-18,S004-P0002,Groceries,199,576,21.64,20.0,166.79326
2023-11-19,S004-P0002,Groceries,136,447,21.66,20.0,111.81501
2023-11-20,S004-P0002,Groceries,118,300,18.41,20.0,135.34352
2023-11-21,S004-P0002,Groceries,62,189,16.11,20.0,97.03257
2023-11-22,S004-P0002,Groceries,166,117,23.55,20.0,123.37098
2023-11-23,S004-P0002,Groceries,52,12,17.23,20.0,109.29783
2023-11-24,S004-P0002,Groceries,147,293,23.62,20.0,112.41392
2023-11-25,S004-P0002,Groceries,87,186,18.52,20.0,134.29
2023-11-26,S004-P0002,Groceries,53,435,15.55,20.0,99.44907
2023-11-27,S004-P0002,Groceries,141,397,22.05,20.0,109.33529
2023-11-28,S004-P0002,Groceries,90,281,17.78,20.0,110.08201
2023-11-29,S004-P0002,Groceries,101,210,18.45,20.0,123.37098
2023-11-30,S004-P0002,Groceries,123,116,19.76,20.0,96.22176
2023-12-01,S004-P0002,Groceries,149,247,18.96,20.0,127.983376
2023-12-02,S004-P0002,Groceries,85,86,17.47,20.0,98.189415
2023-12-03,S004-P0002,Groceries,85,304,18.38,20.0,95.58105
2023-12-04,S004-P0002,Groceries,109,224,16.63,20.0,127.27311
2023-12-05,S004-P0002,Groceries,163,151,24.66,20.0,124.458916
2023-12-06,S004-P0002,Groceries,97,202,19.17,20.0,124.816765
2023-12-07,S004-P0002,Groceries,78,388,18.0,20.0,121.16365
2023-12-08,S004-P0002,Groceries,93,335,19.99,20.0,96.71473
2023-12-09,S004-P0002,Groceries,82,238,18.24,20.0,124.564064
2023-12-10,S004-P0002,Groceries,128,164,23.48,20.0,96.2297
2023-12-11,S004-P0002,Groceries,84,12,17.4,20.0,98.76794
2023-12-12,S004-P0002,Groceries,99,234,16.28,20.0,129.94002
2023-12-13,S004-P0002,Groceries,188,137,26.31,20.0,114.493835
2023-12-14,S004-P0002,Groceries,143,236,23.32,20.0,110.267654
2023-12-15,S004-P0002,Groceries,155,579,22.89,20.0,96.120735
2023-12-16,S004-P0002,Groceries,194,446,26.73,20.0,125.7364
2023-12-17,S004-P0002,Groceries,143,234,23.34,20.0,111.70418
2023-12-18,S004-P0002,Groceries,44,63,15.04,20.0,98.76794
2023-12-19,S004-P0002,Groceries,195,253,28.24,20.0,125.033325
2023-12-20,S004-P0002,Groceries,238,27,25.23,20.0,131.52138
2023-12-21,S004-P0002,Groceries,226,382,22.79,20.0,155.92253
2023-12-22,S004-P0002,Groceries,107,677,19.83,20.0,129.79953
2023-12-23,S004-P0002,Groceries,116,553,20.35,20.0,131.97153
2023-12-24,S004-P0002,Groceries,126,440,17.76,20.0,145.96584
2023-12-25,S004-P0002,Groceries,128,304,21.2,20.0,111.55721
2023-12-26,S004-P0002,Groceries,85,179,18.48,20.0,113.52743
2023-12-27,S004-P0002,Groceries,103,95,17.38,20.0,90.42657
2023-12-28,S004-P0002,Groceries,91,177,16.72,20.0,90.54785
2023-12-29,S004-P0002,Groceries,46,308,16.82,20.0,69.27837
2023-12-30,S004-P0002,Groceries,69,253,16.53,20.0,84.68171
2023-12-31,S004-P0002,Groceries,50,176,17.07,20.0,69.91601
2024-01-01,S004-P0002,Groceries,115,128,18.04,20.0,109.700066
2024-01-02,S004-P0002,Groceries,94,23,20.0,20.0,85.86154
2024-01-03,S004-P0002,Groceries,104,211,16.58,20.0,88.585075
2024-01-04,S004-P0002,Groceries,56,110,17.52,20.0,77.10509
2024-01-05,S004-P0002,Groceries,54,284,16.46,20.0,86.44615
2024-01-06,S004-P0002,Groceries,50,238,15.38,20.0,84.57671
2024-01-07,S004-P0002,Groceries,86,200,16.56,20.0,103.22125
2024-01-08,S004-P0002,Groceries,63,105,16.17,20.0,83.89385
2024-01-09,S004-P0002,Groceries,80,242,19.07,20.0,97.710976
2024-01-10,S004-P0002,Groceries,132,181,23.77,20.0,111.301216
2024-01-11,S004-P0002,Groceries,83,96,17.39,20.0,118.04933
2024-01-12,S004-P0002,Groceries,61,321,17.84,20.0,97.6935
2024-01-13,S004-P0002,Groceries,102,262,20.55,20.0,111.37634
2024-01-14,S004-P0002,Groceries,211,146,27.88,20.0,111.22985
2024-01-15,S004-P0002,Groceries,197,0,21.27,20.0,142.90451
2024-01-16,S004-P0002,Groceries,11,486,11.59,20.0,129.84494
2024-01-17,S004-P0002,Groceries,107,476,20.92,20.0,97.86808
2024-01-18,S004-P0002,Groceries,113,360,20.24,20.0,96.51286
2024-01-19,S004-P0002,Groceries,41,268,15.61,20.0,96.22115
2024-01-20,S004-P0002,Groceries,68,220,14.44,20.0,158.76529
2024-01-21,S004-P0002,Groceries,42,162,16.56,20.0,98.081985
2024-01-22,S004-P0002,Groceries,84,129,20.4,20.0,110.89542
2024-01-23,S004-P0002,Groceries,79,35,19.04,20.0,110.45422
2024-01-24,S004-P0002,Groceries,110,200,17.8,20.0,130.82349
2024-01-25,S004-P0002,Groceries,105,103,16.62,20.0,144.03532
2024-01-26,S004-P0002,Groceries,108,210,17.66,20.0,160.08841
2024-01-27,S004-P0002,Groceries,170,112,21.15,20.0,146.05284
2024-01-28,S004-P0002,Groceries,97,239,20.25,20.0,123.83676
2024-01-29,S004-P0002,Groceries,137,436,21.77,20.0,120.09445
2024-01-30,S004-P0002,Groceries,57,273,17.57,20.0,97.710976
2023-10-03,S004-P0003,Furniture,78,169,149.07,129.36,66.01614
2023-10-04,S004-P0003,Furniture,92,88,148.64,129.36,66.82305
2023-10-05,S004-P0003,Furniture,91,311,116.72,129.36,106.412285
2023-10-06,S004-P0003,Furniture,117,254,152.72,129.36,106.48875
2023-10-07,S004-P0003,Furniture,36,155,120.59,129.36,32.45674
2023-10-08,S004-P0003,Furniture,30,415,117.58,129.36,33.45307
2023-10-09,S004-P0003,Furniture,39,384,109.98,129.36,50.039505
2023-10-10,S004-P0003,Furniture,25,355,114.79,129.36,30.862583
2023-10-11,S004-P0003,Furniture,30,329,105.76,129.36,41.28891
2023-10-12,S004-P0003,Furniture,28,304,104.78,129.36,31.21422
2023-10-13,S004-P0003,Furniture,31,282,117.98,129.36,36.053894
2023-10-14,S004-P0003,Furniture,42,262,129.89,129.36,38.588657
2023-10-15,S004-P0003,Furniture,34,229,113.29,129.36,40.24048
2023-10-16,S004-P0003,Furniture,52,205,128.7,129.36,30.9625
2023-10-17,S004-P0003,Furniture,38,172,108.57,129.36,45.414337
2023-10-18,S004-P0003,Furniture,64,134,121.17,129.36,46.36969
2023-10-19,S004-P0003,Furniture,66,244,101.48,129.36,40.009377
2023-10-20,S004-P0003,Furniture,35,169,108.07,129.36,32.486538
2023-10-21,S004-P0003,Furniture,40,130,122.37,129.36,30.461908
2023-10-22,S004-P0003,Furniture,27,295,116.22,129.36,33.807255
2023-10-23,S004-P0003,Furniture,56,276,116.85,129.36,39.030487
2023-10-24,S004-P0003,Furniture,43,221,111.41,129.36,30.020636
2023-10-25,S004-P0003,Furniture,160,173,144.28,129.36,108.11685
2023-10-26,S004-P0003,Furniture,90,22,147.34,129.36,81.5646
2023-10-27,S004-P0003,Furniture,91,134,155.99,129.36,79.93305
2023-10-28,S004-P0003,Furniture,97,457,136.09,129.36,66.34654
2023-10-29,S004-P0003,Furniture,40,383,122.4,129.36,68.47291
2023-10-30,S004-P0003,Furniture,74,347,132.35,129.36,68.584755
2023-10-31,S004-P0003,Furniture,100,271,152.75,129.36,82.41219
2023-11-01,S004-P0003,Furniture,69,176,144.35,129.36,65.81737
2023-11-02,S004-P0003,Furniture,52,116,121.91,129.36,70.24284
2023-11-03,S004-P0003,Furniture,76,418,140.28,129.36,67.10989
2023-11-04,S004-P0003,Furniture,57,345,117.67,129.36,73.87371
2023-11-05,S004-P0003,Furniture,134,287,152.36,129.36,73.89974
2023-11-06,S004-P0003,Furniture,98,148,121.35,129.36,86.058876
2023-11-07,S004-P0003,Furniture,72,52,131.28,129.36,81.79759
2023-11-08,S004-P0003,Furniture,112,438,133.36,129.36,99.66694
2023-11-09,S004-P0003,Furniture,105,340,146.87,129.36,70.24284
2023-11-10,S004-P0003,Furniture,53,223,129.06,129.36,82.119545
2023-11-11,S004-P0003,Furniture,71,188,123.36,129.36,108.589066
2023-11-12,S004-P0003,Furniture,21,501,84.76,129.36,96.580894
2023-11-13,S004-P0003,Furniture,56,476,137.36,129.36,63.786026
2023-11-14,S004-P0003,Furniture,163,434,138.06,129.36,85.581245
2023-11-15,S004-P0003,Furniture,194,298,179.52,129.36,109.454
2023-11-16,S004-P0003,Furniture,57,66,131.0,129.36,70.86058
2023-11-17,S004-P0003,Furniture,107,526,140.64,129.36,81.84658
2023-11-18,S004-P0003,Furniture,97,428,143.17,129.36,108.17596
2023-11-19,S004-P0003,Furniture,123,318,146.6,129.36,96.29303
2023-11-20,S004-P0003,Furniture,52,209,121.92,129.36,62.67751
2023-11-21,S004-P0003,Furniture,67,156,143.12,129.36,65.03375
2023-11-22,S004-P0003,Furniture,65,477,142.13,129.36,81.934746
2023-11-23,S004-P0003,Furniture,119,414,128.0,129.36,100.67661
2023-11-24,S004-P0003,Furniture,78,301,127.31,129.36,73.89921
2023-11-25,S004-P0003,Furniture,123,238,155.95,129.36,65.102394
2023-11-26,S004-P0003,Furniture,67,519,122.29,129.36,67.027626
2023-11-27,S004-P0003,Furniture,180,477,154.14,129.36,98.00376
2023-11-28,S004-P0003,Furniture,61,272,132.82,129.36,73.55393
2023-11-29,S004-P0003,Furniture,140,230,181.41,129.36,81.934746
2023-11-30,S004-P0003,Furniture,82,700,143.45,129.36,61.421967
2023-12-01,S004-P0003,Furniture,96,635,135.4,129.36,87.13572
2023-12-02,S004-P0003,Furniture,34,561,107.11,129.36,86.56829
2023-12-03,S004-P0003,Furniture,86,524,131.04,129.36,66.23649
2023-12-04,S004-P0003,Furniture,52,425,115.74,129.36,66.67802
2023-12-05,S004-P0003,Furniture,91,383,140.66,129.36,82.481834
2023-12-06,S004-P0003,Furniture,168,274,157.17,129.36,108.52922
2023-12-07,S004-P0003,Furniture,79,113,142.21,129.36,80.28705
2023-12-08,S004-P0003,Furniture,68,48,122.74,129.36,66.03346
2023-12-09,S004-P0003,Furniture,93,591,126.66,129.36,108.04909
2023-12-10,S004-P0003,Furniture,44,528,112.02,129.36,86.68583
2023-12-11,S004-P0003,Furniture,79,485,142.12,129.36,66.32546
2023-12-12,S004-P0003,Furniture,97,424,136.11,129.36,86.4752
2023-12-13,S004-P0003,Furniture,110,318,141.62,129.36,76.34536
2023-12-14,S004-P0003,Furniture,106,226,139.98,129.36,73.14548
2023-12-15,S004-P0003,Furniture,145,108,157.73,129.36,66.03346
2023-12-16,S004-P0003,Furniture,115,393,128.0,129.36,108.11035
2023-12-17,S004-P0003,Furniture,76,304,133.24,129.36,74.84456
2023-12-18,S004-P0003,Furniture,72,574,117.77,129.36,86.63004
2023-12-19,S004-P0003,Furniture,142,521,138.94,129.36,107.57008
2023-12-20,S004-P0003,Furniture,92,398,140.46,129.36,66.204124
2023-12-21,S004-P0003,Furniture,108,331,141.04,129.36,80.6143
2023-12-22,S004-P0003,Furniture,44,661,112.09,129.36,66.03346
2023-12-23,S004-P0003,Furniture,56,632,137.42,129.36,65.86027
2023-12-24,S004-P0003,Furniture,88,589,131.66,129.36,74.84456
2023-12-25,S004-P0003,Furniture,75,504,140.05,129.36,73.72929
2023-12-26,S004-P0003,Furniture,85,456,145.14,129.36,75.160255
2023-12-27,S004-P0003,Furniture,55,397,116.48,129.36,43.392315
2023-12-28,S004-P0003,Furniture,28,331,104.76,129.36,30.982168
2023-12-29,S004-P0003,Furniture,20,300,112.46,129.36,33.260143
2023-12-30,S004-P0003,Furniture,34,283,125.75,129.36,40.820263
2023-12-31,S004-P0003,Furniture,6,249,94.77,129.36,34.178867
2024-01-01,S004-P0003,Furniture,24,244,114.31,129.36,38.518665
2024-01-02,S004-P0003,Furniture,58,228,138.53,129.36,39.909657
2024-01-03,S004-P0003,Furniture,16,161,99.55,129.36,30.571209
2024-01-04,S004-P0003,Furniture,30,149,117.47,129.36,35.44101
2024-01-05,S004-P0003,Furniture,73,276,111.19,129.36,56.07492
2024-01-06,S004-P0003,Furniture,32,217,94.95,129.36,57.974
2024-01-07,S004-P0003,Furniture,39,180,115.92,129.36,36.25908
2024-01-08,S004-P0003,Furniture,50,369,95.65,129.36,55.316124
2024-01-09,S004-P0003,Furniture,60,336,125.67,129.36,64.19948
2024-01-10,S004-P0003,Furniture,96,275,113.03,129.36,98.32281
2024-01-11,S004-P0003,Furniture,87,176,109.65,129.36,106.42101
2024-01-12,S004-P0003,Furniture,39,91,122.08,129.36,65.66393
2024-01-13,S004-P0003,Furniture,59,340,125.27,129.36,74.17935
2024-01-14,S004-P0003,Furniture,72,278,124.55,129.36,73.758
2024-01-15,S004-P0003,Furniture,53,206,129.07,129.36,72.31901
2024-01-16,S004-P0003,Furniture,51,151,121.49,129.36,86.909935
2024-01-17,S004-P0003,Furniture,51,331,128.07,129.36,65.03008
2024-01-18,S004-P0003,Furniture,52,281,128.35,129.36,64.015526
2024-01-19,S004-P0003,Furniture,80,232,128.44,129.36,87.31925
2024-01-20,S004-P0003,Furniture,70,180,130.48,129.36,81.91079
2024-01-21,S004-P0003,Furniture,33,99,119.13,129.36,66.31603
2024-01-22,S004-P0003,Furniture,75,348,110.47,129.36,95.71951
2024-01-23,S004-P0003,Furniture,77,266,127.07,129.36,74.00008
2024-01-24,S004-P0003,Furniture,116,196,143.64,129.36,86.8099
2024-01-25,S004-P0003,Furniture,68,96,136.36,129.36,72.53219
2024-01-26,S004-P0003,Furniture,106,255,139.9,129.36,80.780525
2024-01-27,S004-P0003,Furniture,73,423,138.81,129.36,74.17935
2024-01-28,S004-P0003,Furniture,126,342,139.28,129.36,104.32505
2024-01-29,S004-P0003,Furniture,74,204,139.28,129.36,79.18987
2024-01-30,S004-P0003,Furniture,59,153,131.83,129.36,64.19948
2023-10-03,S004-P0004,Groceries,113,604,50.72,53.504999999999995,96.87501
2023-10-04,S004-P0004,Groceries,129,525,44.44,53.504999999999995,132.0027
2023-10-05,S004-P0004,Groceries,101,421,57.17,53.504999999999995,123.99806
2023-10-06,S004-P0004,Groceries,103,300,54.71,53.504999999999995,123.81568
2023-10-07,S004-P0004,Groceries,63,181,40.42,53.504999999999995,85.07104
2023-10-08,S004-P0004,Groceries,83,119,48.48,53.504999999999995,69.21798
2023-10-09,S004-P0004,Groceries,59,319,46.75,53.504999999999995,78.814674
2023-10-10,S004-P0004,Groceries,65,267,50.38,53.504999999999995,63.965515
2023-10-11,S004-P0004,Groceries,124,209,55.37,53.504999999999995,84.98692
2023-10-12,S004-P0004,Groceries,50,100,45.17,53.504999999999995,65.9817
2023-10-13,S004-P0004,Groceries,92,251,44.78,53.504999999999995,94.96577
2023-10-14,S004-P0004,Groceries,53,566,41.16,53.504999999999995,79.34486
2023-10-15,S004-P0004,Groceries,84,522,46.21,53.504999999999995,82.800446
2023-10-16,S004-P0004,Groceries,82,448,50.89,53.504999999999995,64.78326
2023-10-17,S004-P0004,Groceries,81,397,48.02,53.504999999999995,94.70781
2023-10-18,S004-P0004,Groceries,120,320,48.6,53.504999999999995,94.60502
2023-10-19,S004-P0004,Groceries,60,202,39.64,53.504999999999995,85.891815
2023-10-20,S004-P0004,Groceries,142,153,46.23,53.504999999999995,85.22254
2023-10-21,S004-P0004,Groceries,81,400,48.04,53.504999999999995,64.48071
2023-10-22,S004-P0004,Groceries,69,342,48.53,53.504999999999995,67.90008
2023-10-23,S004-P0004,Groceries,39,763,41.08,53.504999999999995,64.78326
2023-10-24,S004-P0004,Groceries,59,733,42.19,53.504999999999995,64.54997
2023-10-25,S004-P0004,Groceries,132,665,59.76,53.504999999999995,124.68598
2023-10-26,S004-P0004,Groceries,136,559,54.44,53.504999999999995,124.475945
2023-10-27,S004-P0004,Groceries,175,466,67.34,53.504999999999995,124.12562
2023-10-28,S004-P0004,Groceries,151,270,49.84,53.504999999999995,127.73005
2023-10-29,S004-P0004,Groceries,116,147,57.01,53.504999999999995,96.71009
2023-10-30,S004-P0004,Groceries,102,497,54.42,53.504999999999995,97.40591
2023-10-31,S004-P0004,Groceries,108,402,55.45,53.504999999999995,124.00017
2023-11-01,S004-P0004,Groceries,49,315,37.98,53.504999999999995,135.59807
2023-11-02,S004-P0004,Groceries,83,262,48.57,53.504999999999995,109.29783
2023-11-03,S004-P0004,Groceries,114,497,53.72,53.504999999999995,99.824875
2023-11-04,S004-P0004,Groceries,180,407,51.24,53.504999999999995,150.8045
2023-11-05,S004-P0004,Groceries,81,284,48.12,53.504999999999995,149.62027
2023-11-06,S004-P0004,Groceries,122,188,52.27,53.504999999999995,95.45388
2023-11-07,S004-P0004,Groceries,112,758,56.32,53.504999999999995,122.57863
2023-11-08,S004-P0004,Groceries,157,655,54.57,53.504999999999995,151.29198
2023-11-09,S004-P0004,Groceries,122,482,52.27,53.504999999999995,109.57427
2023-11-10,S004-P0004,Groceries,80,345,50.48,53.504999999999995,126.276726
2023-11-11,S004-P0004,Groceries,153,283,53.54,53.504999999999995,166.79326
2023-11-12,S004-P0004,Groceries,85,157,48.68,53.504999999999995,111.81501
2023-11-13,S004-P0004,Groceries,115,78,51.01,53.504999999999995,95.45388
2023-11-14,S004-P0004,Groceries,133,451,56.96,53.504999999999995,94.34257
2023-11-15,S004-P0004,Groceries,93,317,47.54,53.504999999999995,123.37098
2023-11-16,S004-P0004,Groceries,118,227,57.27,53.504999999999995,109.69672
2023-11-17,S004-P0004,Groceries,118,565,51.59,53.504999999999995,124.16984
2023-11-18,S004-P0004,Groceries,126,447,46.33,53.504999999999995,166.81068
2023-11-19,S004-P0004,Groceries,166,334,51.9,53.504999999999995,147.21936
2023-11-20,S004-P0004,Groceries,116,155,53.88,53.504999999999995,96.11105
2023-11-21,S004-P0004,Groceries,74,347,49.44,53.504999999999995,98.38583
2023-11-22,S004-P0004,Groceries,169,296,66.32,53.504999999999995,123.30271
2023-11-23,S004-P0004,Groceries,199,132,53.82,53.504999999999995,152.45355
2023-11-24,S004-P0004,Groceries,107,0,44.26,53.504999999999995,147.54024
2023-11-25,S004-P0004,Groceries,134,510,56.96,53.504999999999995,97.400734
2023-11-26,S004-P0004,Groceries,124,1023,61.4,53.504999999999995,101.11204
2023-11-27,S004-P0004,Groceries,53,932,43.41,53.504999999999995,109.236336
2023-11-28,S004-P0004,Groceries,215,896,63.3,53.504999999999995,150.78136
2023-11-29,S004-P0004,Groceries,134,641,54.18,53.504999999999995,123.37098
2023-11-30,S004-P0004,Groceries,152,500,63.28,53.504999999999995,96.89149
2023-12-01,S004-P0004,Groceries,143,330,52.02,53.504999999999995,127.983376
2023-12-02,S004-P0004,Groceries,98,175,48.35,53.504999999999995,98.189415
2023-12-03,S004-P0004,Groceries,116,527,59.93,53.504999999999995,96.2297
2023-12-04,S004-P0004,Groceries,120,440,51.84,53.504999999999995,98.76794
2023-12-05,S004-P0004,Groceries,4,342,27.83,53.504999999999995,158.27148
2023-12-06,S004-P0004,Groceries,217,338,59.16,53.504999999999995,159.47002
2023-12-07,S004-P0004,Groceries,208,536,77.11,53.504999999999995,121.7443
2023-12-08,S004-P0004,Groceries,133,313,53.94,53.504999999999995,95.85006
2023-12-09,S004-P0004,Groceries,160,181,68.23,53.504999999999995,125.7364
2023-12-10,S004-P0004,Groceries,125,665,61.7,53.504999999999995,96.2297
2023-12-11,S004-P0004,Groceries,69,552,43.72,53.504999999999995,128.49034
2023-12-12,S004-P0004,Groceries,134,499,56.97,53.504999999999995,131.04515
2023-12-13,S004-P0004,Groceries,64,374,42.96,53.504999999999995,114.277565
2023-12-14,S004-P0004,Groceries,116,324,59.94,53.504999999999995,110.738335
2023-12-15,S004-P0004,Groceries,88,251,49.43,53.504999999999995,96.120735
2023-12-16,S004-P0004,Groceries,175,172,53.92,53.504999999999995,160.12643
2023-12-17,S004-P0004,Groceries,133,403,56.9,53.504999999999995,110.69057
2023-12-18,S004-P0004,Groceries,130,285,56.37,53.504999999999995,98.76794
2023-12-19,S004-P0004,Groceries,102,580,51.77,53.504999999999995,124.458916
2023-12-20,S004-P0004,Groceries,89,510,46.97,53.504999999999995,98.77831
2023-12-21,S004-P0004,Groceries,92,456,49.94,53.504999999999995,120.70609
2023-12-22,S004-P0004,Groceries,157,376,57.84,53.504999999999995,129.79953
2023-12-23,S004-P0004,Groceries,86,269,46.47,53.504999999999995,98.189415
2023-12-24,S004-P0004,Groceries,90,206,41.8,53.504999999999995,145.96584
2023-12-25,S004-P0004,Groceries,209,612,55.03,53.504999999999995,144.24573
2023-12-26,S004-P0004,Groceries,111,401,56.11,53.504999999999995,114.07121
2023-12-27,S004-P0004,Groceries,65,329,50.35,53.504999999999995,68.56553
2023-12-28,S004-P0004,Groceries,82,855,48.29,53.504999999999995,90.35176
2023-12-29,S004-P0004,Groceries,56,798,44.03,53.504999999999995,69.04917
2023-12-30,S004-P0004,Groceries,116,754,59.88,53.504999999999995,85.969124
2023-12-31,S004-P0004,Groceries,59,634,49.27,53.504999999999995,70.14176
2024-01-01,S004-P0004,Groceries,101,573,54.24,53.504999999999995,84.51449
2024-01-02,S004-P0004,Groceries,33,461,42.21,53.504999999999995,84.917305
2024-01-03,S004-P0004,Groceries,69,438,46.12,53.504999999999995,66.26064
2024-01-04,S004-P0004,Groceries,76,384,52.39,53.504999999999995,77.95538
2024-01-05,S004-P0004,Groceries,74,329,49.41,53.504999999999995,86.44615
2024-01-06,S004-P0004,Groceries,82,245,48.26,53.504999999999995,84.57671
2024-01-07,S004-P0004,Groceries,90,160,55.06,53.504999999999995,79.5878
2024-01-08,S004-P0004,Groceries,100,64,46.01,53.504999999999995,109.943
2024-01-09,S004-P0004,Groceries,94,287,53.0,53.504999999999995,97.013145
2024-01-10,S004-P0004,Groceries,164,186,62.09,53.504999999999995,110.07369
2024-01-11,S004-P0004,Groceries,188,373,62.72,53.504999999999995,158.63718
2024-01-12,S004-P0004,Groceries,147,236,56.14,53.504999999999995,132.7087
2024-01-13,S004-P0004,Groceries,144,613,61.84,53.504999999999995,111.37634
2024-01-14,S004-P0004,Groceries,143,475,49.46,53.504999999999995,146.22427
2024-01-15,S004-P0004,Groceries,168,342,66.17,53.504999999999995,110.4356
2024-01-16,S004-P0004,Groceries,121,216,45.63,53.504999999999995,129.79066
2024-01-17,S004-P0004,Groceries,136,497,60.45,53.504999999999995,97.86808
2024-01-18,S004-P0004,Groceries,178,368,53.65,53.504999999999995,128.75026
2024-01-19,S004-P0004,Groceries,95,203,55.98,53.504999999999995,97.6935
2024-01-20,S004-P0004,Groceries,201,479,60.62,53.504999999999995,159.28833
2024-01-21,S004-P0004,Groceries,122,300,49.24,53.504999999999995,130.76036
2024-01-22,S004-P0004,Groceries,120,220,54.77,53.504999999999995,110.4356
2024-01-23,S004-P0004,Groceries,162,752,61.67,53.504999999999995,109.321236
2024-01-24,S004-P0004,Groceries,140,591,55.03,53.504999999999995,97.32746
2024-01-25,S004-P0004,Groceries,95,480,53.29,53.504999999999995,107.397865
2024-01-26,S004-P0004,Groceries,216,378,59.81,53.504999999999995,160.08841
2024-01-27,S004-P0004,Groceries,158,222,67.8,53.504999999999995,111.37634
2024-01-28,S004-P0004,Groceries,136,43,48.42,53.504999999999995,159.53485
2024-01-29,S004-P0004,Groceries,132,522,56.55,53.504999999999995,119.56363
2024-01-30,S004-P0004,Groceries,132,439,62.88,53.504999999999995,97.710976
2023-10-03,S004-P0005,Clothing,77,107,57.76,70.665,117.52724
2023-10-04,S004-P0005,Clothing,126,123,80.56,70.665,87.77004
2023-10-05,S004-P0005,Clothing,98,139,73.6,70.665,107.28422
2023-10-06,S004-P0005,Clothing,99,189,69.92,70.665,106.95017
2023-10-07,S004-P0005,Clothing,121,84,79.23,70.665,86.05629
2023-10-08,S004-P0005,Clothing,90,117,67.87,70.665,88.90353
2023-10-09,S004-P0005,Clothing,133,136,69.09,70.665,128.52336
2023-10-10,S004-P0005,Clothing,88,146,56.28,70.665,110.36979
2023-10-11,S004-P0005,Clothing,75,139,67.93,70.665,85.67452
2023-10-12,S004-P0005,Clothing,131,80,65.36,70.665,109.853676
2023-10-13,S004-P0005,Clothing,114,140,65.31,70.665,120.105675
2023-10-14,S004-P0005,Clothing,137,132,65.61,70.665,128.9848
2023-10-15,S004-P0005,Clothing,131,151,85.94,70.665,105.38775
2023-10-16,S004-P0005,Clothing,125,153,76.09,70.665,109.565094
2023-10-17,S004-P0005,Clothing,116,191,74.14,70.665,93.4974
2023-10-18,S004-P0005,Clothing,108,117,80.07,70.665,93.25091
2023-10-19,S004-P0005,Clothing,126,154,76.14,70.665,87.199005
2023-10-20,S004-P0005,Clothing,74,148,64.18,70.665,88.21789
2023-10-21,S004-P0005,Clothing,76,104,64.78,70.665,86.17687
2023-10-22,S004-P0005,Clothing,51,125,46.61,70.665,112.11543
2023-10-23,S004-P0005,Clothing,94,74,61.85,70.665,109.88113
2023-10-24,S004-P0005,Clothing,117,91,70.35,70.665,109.67751
2023-10-25,S004-P0005,Clothing,127,135,80.77,70.665,109.65352
2023-10-26,S004-P0005,Clothing,89,133,67.81,70.665,107.28422
2023-10-27,S004-P0005,Clothing,117,142,78.19,70.665,107.76928
2023-10-28,S004-P0005,Clothing,132,187,81.84,70.665,88.2645
2023-10-29,S004-P0005,Clothing,117,174,70.49,70.665,89.156845
2023-10-30,S004-P0005,Clothing,88,215,64.0,70.665,88.94631
2023-10-31,S004-P0005,Clothing,119,116,78.74,70.665,108.77683
2023-11-01,S004-P0005,Clothing,133,130,64.94,70.665,113.852615
2023-11-02,S004-P0005,Clothing,151,158,91.09,70.665,96.745445
2023-11-03,S004-P0005,Clothing,140,139,71.21,70.665,114.720825
2023-11-04,S004-P0005,Clothing,65,192,58.63,70.665,129.18538
2023-11-05,S004-P0005,Clothing,78,144,65.16,70.665,128.85777
2023-11-06,S004-P0005,Clothing,90,53,67.96,70.665,86.173225
2023-11-07,S004-P0005,Clothing,77,82,68.57,70.665,108.00056
2023-11-08,S004-P0005,Clothing,73,99,60.84,70.665,95.9063
2023-11-09,S004-P0005,Clothing,141,96,84.09,70.665,95.89462
2023-11-10,S004-P0005,Clothing,96,163,65.88,70.665,107.628334
2023-11-11,S004-P0005,Clothing,99,104,70.02,70.665,108.11935
2023-11-12,S004-P0005,Clothing,104,112,71.27,70.665,98.47416
2023-11-13,S004-P0005,Clothing,85,157,55.54,70.665,113.47281
2023-11-14,S004-P0005,Clothing,45,92,54.33,70.665,114.72176
2023-11-15,S004-P0005,Clothing,139,103,75.18,70.665,107.563515
2023-11-16,S004-P0005,Clothing,61,122,61.34,70.665,95.89462
2023-11-17,S004-P0005,Clothing,96,81,73.15,70.665,109.69033
2023-11-18,S004-P0005,Clothing,118,96,70.69,70.665,108.11935
2023-11-19,S004-P0005,Clothing,123,150,59.74,70.665,126.00848
2023-11-20,S004-P0005,Clothing,195,158,92.02,70.665,114.013176
2023-11-21,S004-P0005,Clothing,55,203,56.77,70.665,84.06136
2023-11-22,S004-P0005,Clothing,89,167,67.77,70.665,107.563515
2023-11-23,S004-P0005,Clothing,176,81,69.48,70.665,126.90595
2023-11-24,S004-P0005,Clothing,149,184,77.35,70.665,96.71283
2023-11-25,S004-P0005,Clothing,87,166,63.84,70.665,116.506584
2023-11-26,S004-P0005,Clothing,66,109,62.28,70.665,87.062225
2023-11-27,S004-P0005,Clothing,75,117,68.09,70.665,96.134026
2023-11-28,S004-P0005,Clothing,108,149,72.19,70.665,96.33318
2023-11-29,S004-P0005,Clothing,168,206,81.67,70.665,107.563515
2023-11-30,S004-P0005,Clothing,110,248,76.59,70.665,86.29252
2023-12-01,S004-P0005,Clothing,124,119,71.54,70.665,132.25827
2023-12-02,S004-P0005,Clothing,92,157,72.22,70.665,104.688484
2023-12-03,S004-P0005,Clothing,76,62,64.85,70.665,103.98609
2023-12-04,S004-P0005,Clothing,30,89,57.11,70.665,104.92817
2023-12-05,S004-P0005,Clothing,185,105,79.75,70.665,160.68684
2023-12-06,S004-P0005,Clothing,154,221,82.6,70.665,127.02495
2023-12-07,S004-P0005,Clothing,100,83,70.47,70.665,127.03475
2023-12-08,S004-P0005,Clothing,33,102,60.79,70.665,104.21688
2023-12-09,S004-P0005,Clothing,104,71,75.1,70.665,128.84795
2023-12-10,S004-P0005,Clothing,104,84,75.1,70.665,104.723976
2023-12-11,S004-P0005,Clothing,150,120,90.91,70.665,104.92817
2023-12-12,S004-P0005,Clothing,136,135,62.18,70.665,132.33748
2023-12-13,S004-P0005,Clothing,116,131,77.95,70.665,116.38444
2023-12-14,S004-P0005,Clothing,96,171,62.09,70.665,146.31175
2023-12-15,S004-P0005,Clothing,179,97,78.6,70.665,131.7168
2023-12-16,S004-P0005,Clothing,76,145,64.74,70.665,163.44173
2023-12-17,S004-P0005,Clothing,206,78,84.89,70.665,147.33127
2023-12-18,S004-P0005,Clothing,111,235,76.88,70.665,104.99318
2023-12-19,S004-P0005,Clothing,167,108,67.88,70.665,160.08037
2023-12-20,S004-P0005,Clothing,105,177,71.47,70.665,104.99261
2023-12-21,S004-P0005,Clothing,129,72,77.03,70.665,127.03475
2023-12-22,S004-P0005,Clothing,122,153,67.46,70.665,132.25827
2023-12-23,S004-P0005,Clothing,88,204,74.92,70.665,104.688484
2023-12-24,S004-P0005,Clothing,84,134,66.53,70.665,115.88024
2023-12-25,S004-P0005,Clothing,162,139,80.3,70.665,114.981636
2023-12-26,S004-P0005,Clothing,157,153,87.93,70.665,116.81558
2023-12-27,S004-P0005,Clothing,116,193,70.31,70.665,98.847984
2023-12-28,S004-P0005,Clothing,193,62,72.47,70.665,124.697235
2023-12-29,S004-P0005,Clothing,82,205,69.75,70.665,101.384636
2023-12-30,S004-P0005,Clothing,134,111,78.23,70.665,117.02746
2023-12-31,S004-P0005,Clothing,71,159,67.13,70.665,102.57543
2024-01-01,S004-P0005,Clothing,141,76,84.1,70.665,118.01914
2024-01-02,S004-P0005,Clothing,204,152,84.44,70.665,144.07336
2024-01-03,S004-P0005,Clothing,160,209,79.3,70.665,123.92393
2024-01-04,S004-P0005,Clothing,81,157,66.01,70.665,109.2897
2024-01-05,S004-P0005,Clothing,128,97,72.35,70.665,144.22539
2024-01-06,S004-P0005,Clothing,113,153,77.27,70.665,117.89755
2024-01-07,S004-P0005,Clothing,110,160,76.67,70.665,110.562065
2024-01-08,S004-P0005,Clothing,127,144,80.76,70.665,118.01914
2024-01-09,S004-P0005,Clothing,53,158,56.39,70.665,103.885796
2024-01-10,S004-P0005,Clothing,85,106,66.92,70.665,119.167305
2024-01-11,S004-P0005,Clothing,91,116,68.19,70.665,129.024
2024-01-12,S004-P0005,Clothing,93,109,76.22,70.665,105.373116
2024-01-13,S004-P0005,Clothing,189,135,90.66,70.665,118.73932
2024-01-14,S004-P0005,Clothing,67,162,65.98,70.665,119.84523
2024-01-15,S004-P0005,Clothing,105,119,71.46,70.665,117.2532
2024-01-16,S004-P0005,Clothing,117,145,69.94,70.665,134.80147
2024-01-17,S004-P0005,Clothing,103,120,70.89,70.665,104.157845
2024-01-18,S004-P0005,Clothing,101,123,74.46,70.665,105.140526
2024-01-19,S004-P0005,Clothing,148,100,68.56,70.665,133.89517
2024-01-20,S004-P0005,Clothing,198,153,73.55,70.665,162.3416
2024-01-21,S004-P0005,Clothing,106,220,59.65,70.665,133.68529
2024-01-22,S004-P0005,Clothing,31,117,54.41,70.665,117.80592
2024-01-23,S004-P0005,Clothing,80,95,62.4,70.665,118.29718
2024-01-24,S004-P0005,Clothing,101,116,66.44,70.665,135.22267
2024-01-25,S004-P0005,Clothing,105,132,67.77,70.665,116.90678
2024-01-26,S004-P0005,Clothing,151,94,82.01,70.665,162.87428
2024-01-27,S004-P0005,Clothing,222,128,88.12,70.665,151.88129
2024-01-28,S004-P0005,Clothing,153,209,78.25,70.665,129.92154
2024-01-29,S004-P0005,Clothing,56,232,63.33,70.665,129.04842
2024-01-30,S004-P0005,Clothing,98,184,77.49,70.665,104.99647
2023-10-03,S004-P0006,Groceries,96,259,34.41,36.345,96.87501
2023-10-04,S004-P0006,Groceries,225,146,44.08,36.345,131.1339
2023-10-05,S004-P0006,Groceries,71,0,33.26,36.345,123.99806
2023-10-06,S004-P0006,Groceries,147,378,38.19,36.345,123.97071
2023-10-07,S004-P0006,Groceries,61,256,33.81,36.345,64.90372
2023-10-08,S004-P0006,Groceries,46,199,27.25,36.345,69.26901
2023-10-09,S004-P0006,Groceries,82,165,32.91,36.345,78.978905
2023-10-10,S004-P0006,Groceries,66,71,27.75,36.345,83.95232
2023-10-11,S004-P0006,Groceries,107,190,35.62,36.345,84.98692
2023-10-12,S004-P0006,Groceries,53,72,31.12,36.345,65.907646
2023-10-13,S004-P0006,Groceries,90,219,37.49,36.345,74.65316
2023-10-14,S004-P0006,Groceries,38,139,22.01,36.345,104.245415
2023-10-15,S004-P0006,Groceries,56,259,29.93,36.345,82.8263
2023-10-16,S004-P0006,Groceries,75,221,31.98,36.345,84.16876
2023-10-17,S004-P0006,Groceries,80,159,36.25,36.345,71.663445
2023-10-18,S004-P0006,Groceries,85,93,29.45,36.345,94.60502
2023-10-19,S004-P0006,Groceries,29,193,22.26,36.345,86.553345
2023-10-20,S004-P0006,Groceries,55,160,31.34,36.345,67.05065
2023-10-21,S004-P0006,Groceries,79,110,34.22,36.345,64.04592
2023-10-22,S004-P0006,Groceries,60,142,28.79,36.345,85.89371
2023-10-23,S004-P0006,Groceries,103,254,35.26,36.345,84.16876
2023-10-24,S004-P0006,Groceries,55,141,32.98,36.345,63.965515
2023-10-25,S004-P0006,Groceries,124,345,33.77,36.345,160.51732
2023-10-26,S004-P0006,Groceries,34,252,27.3,36.345,124.475945
2023-10-27,S004-P0006,Groceries,149,218,40.64,36.345,123.81568
2023-10-28,S004-P0006,Groceries,155,72,43.4,36.345,97.24175
2023-10-29,S004-P0006,Groceries,141,323,39.7,36.345,96.71009
2023-10-30,S004-P0006,Groceries,90,222,35.62,36.345,97.38333
2023-10-31,S004-P0006,Groceries,142,456,37.71,36.345,124.38125
2023-11-01,S004-P0006,Groceries,114,359,34.62,36.345,98.18637
2023-11-02,S004-P0006,Groceries,115,237,34.79,36.345,109.57427
2023-11-03,S004-P0006,Groceries,146,149,40.2,36.345,99.824875
2023-11-04,S004-P0006,Groceries,109,219,37.9,36.345,110.84742
2023-11-05,S004-P0006,Groceries,167,142,42.53,36.345,111.81501
2023-11-06,S004-P0006,Groceries,135,247,41.07,36.345,94.95504
2023-11-07,S004-P0006,Groceries,119,457,37.1,36.345,122.57863
2023-11-08,S004-P0006,Groceries,160,347,46.33,36.345,112.22492
2023-11-09,S004-P0006,Groceries,215,172,42.71,36.345,152.23169
2023-11-10,S004-P0006,Groceries,145,273,38.07,36.345,164.62836
2023-11-11,S004-P0006,Groceries,173,554,41.07,36.345,122.64446
2023-11-12,S004-P0006,Groceries,128,356,32.18,36.345,147.7058
2023-11-13,S004-P0006,Groceries,119,255,35.2,36.345,130.54239
2023-11-14,S004-P0006,Groceries,126,135,35.96,36.345,94.399055
2023-11-15,S004-P0006,Groceries,106,297,31.61,36.345,167.39133
2023-11-16,S004-P0006,Groceries,155,202,41.23,36.345,109.29783
2023-11-17,S004-P0006,Groceries,82,29,32.85,36.345,164.62836
2023-11-18,S004-P0006,Groceries,144,364,35.8,36.345,166.8032
2023-11-19,S004-P0006,Groceries,129,267,40.33,36.345,114.05101
2023-11-20,S004-P0006,Groceries,109,146,36.04,36.345,95.75321
2023-11-21,S004-P0006,Groceries,118,261,37.08,36.345,97.542114
2023-11-22,S004-P0006,Groceries,85,189,29.71,36.345,167.40128
2023-11-23,S004-P0006,Groceries,144,363,42.08,36.345,109.29783
2023-11-24,S004-P0006,Groceries,98,232,34.73,36.345,112.41392
2023-11-25,S004-P0006,Groceries,155,134,41.16,36.345,97.400734
2023-11-26,S004-P0006,Groceries,111,256,38.1,36.345,100.16879
2023-11-27,S004-P0006,Groceries,183,497,37.02,36.345,151.45598
2023-11-28,S004-P0006,Groceries,188,374,42.49,36.345,150.78136
2023-11-29,S004-P0006,Groceries,161,211,44.2,36.345,124.17332
2023-11-30,S004-P0006,Groceries,121,495,37.34,36.345,96.24847
2023-12-01,S004-P0006,Groceries,55,399,28.2,36.345,95.85006
2023-12-02,S004-P0006,Groceries,154,357,43.28,36.345,98.91215
2023-12-03,S004-P0006,Groceries,96,204,28.67,36.345,125.890755
2023-12-04,S004-P0006,Groceries,129,430,38.26,36.345,98.70871
2023-12-05,S004-P0006,Groceries,81,320,36.29,36.345,125.033325
2023-12-06,S004-P0006,Groceries,169,234,38.35,36.345,160.91971
2023-12-07,S004-P0006,Groceries,177,117,34.54,36.345,155.92253
2023-12-08,S004-P0006,Groceries,125,347,37.73,36.345,129.79953
2023-12-09,S004-P0006,Groceries,96,265,29.03,36.345,160.12643
2023-12-10,S004-P0006,Groceries,145,162,40.08,36.345,95.58105
2023-12-11,S004-P0006,Groceries,63,56,29.09,36.345,98.76794
2023-12-12,S004-P0006,Groceries,100,321,27.6,36.345,129.79065
2023-12-13,S004-P0006,Groceries,89,226,31.95,36.345,114.277565
2023-12-14,S004-P0006,Groceries,95,148,32.59,36.345,109.85073
2023-12-15,S004-P0006,Groceries,50,239,27.51,36.345,128.69928
2023-12-16,S004-P0006,Groceries,129,206,42.42,36.345,125.7364
2023-12-17,S004-P0006,Groceries,61,88,25.34,36.345,144.92696
2023-12-18,S004-P0006,Groceries,105,292,33.69,36.345,128.49034
2023-12-19,S004-P0006,Groceries,128,214,40.24,36.345,124.458916
2023-12-20,S004-P0006,Groceries,141,124,41.8,36.345,98.893524
2023-12-21,S004-P0006,Groceries,71,307,26.33,36.345,155.92253
2023-12-22,S004-P0006,Groceries,73,241,30.23,36.345,95.85006
2023-12-23,S004-P0006,Groceries,130,168,42.54,36.345,98.91215
2023-12-24,S004-P0006,Groceries,122,38,41.55,36.345,111.70418
2023-12-25,S004-P0006,Groceries,94,302,34.3,36.345,111.55721
2023-12-26,S004-P0006,Groceries,91,193,32.14,36.345,113.18409
2023-12-27,S004-P0006,Groceries,43,123,26.93,36.345,68.22599
2023-12-28,S004-P0006,Groceries,55,281,31.38,36.345,69.4346
2023-12-29,S004-P0006,Groceries,63,221,32.35,36.345,69.27837
2023-12-30,S004-P0006,Groceries,89,150,35.49,36.345,85.969124
2023-12-31,S004-P0006,Groceries,56,95,31.5,36.345,69.91601
2024-01-01,S004-P0006,Groceries,129,205,40.3,36.345,85.25749
2024-01-02,S004-P0006,Groceries,63,120,25.83,36.345,110.266945
2024-01-03,S004-P0006,Groceries,71,292,30.0,36.345,89.93234
2024-01-04,S004-P0006,Groceries,113,237,32.66,36.345,101.342186
2024-01-05,S004-P0006,Groceries,33,163,27.33,36.345,86.44615
2024-01-06,S004-P0006,Groceries,103,363,33.48,36.345,84.57671
2024-01-07,S004-P0006,Groceries,63,284,30.7,36.345,78.80204
2024-01-08,S004-P0006,Groceries,149,237,36.01,36.345,109.700066
2024-01-09,S004-P0006,Groceries,150,136,40.62,36.345,96.60428
2024-01-10,S004-P0006,Groceries,154,337,43.36,36.345,110.58727
2024-01-11,S004-P0006,Groceries,105,216,33.63,36.345,118.04933
2024-01-12,S004-P0006,Groceries,100,491,27.61,36.345,128.71706
2024-01-13,S004-P0006,Groceries,65,423,29.35,36.345,110.0899
2024-01-14,S004-P0006,Groceries,73,350,30.15,36.345,110.34165
2024-01-15,S004-P0006,Groceries,92,289,32.25,36.345,110.042244
2024-01-16,S004-P0006,Groceries,55,204,33.03,36.345,97.710976
2024-01-17,S004-P0006,Groceries,30,142,26.9,36.345,97.32746
2024-01-18,S004-P0006,Groceries,101,110,35.1,36.345,96.51286
2024-01-19,S004-P0006,Groceries,80,24,34.34,36.345,96.7629
2024-01-20,S004-P0006,Groceries,89,236,37.32,36.345,123.79514
2024-01-21,S004-P0006,Groceries,87,173,26.4,36.345,128.30084
2024-01-22,S004-P0006,Groceries,157,264,41.36,36.345,110.042244
2024-01-23,S004-P0006,Groceries,119,90,33.26,36.345,146.3165
2024-01-24,S004-P0006,Groceries,121,329,35.16,36.345,131.13185
2024-01-25,S004-P0006,Groceries,191,207,45.29,36.345,144.86671
2024-01-26,S004-P0006,Groceries,140,10,41.58,36.345,123.169914
2024-01-27,S004-P0006,Groceries,87,306,35.19,36.345,111.37634
2024-01-28,S004-P0006,Groceries,223,518,38.72,36.345,158.0047
2024-01-29,S004-P0006,Groceries,118,253,41.05,36.345,120.85457
2024-01-30,S004-P0006,Groceries,98,134,36.62,36.345,97.013145
2023-10-03,S004-P0007,Groceries,81,399,24.43,28.37,96.87501
2023-10-04,S004-P0007,Groceries,75,319,27.91,28.37,101.11533
2023-10-05,S004-P0007,Groceries,147,238,35.19,28.37,123.99806
2023-10-06,S004-P0007,Groceries,190,753,35.45,28.37,162.70155
2023-10-07,S004-P0007,Groceries,107,526,24.89,28.37,85.20254
2023-10-08,S004-P0007,Groceries,33,421,23.77,28.37,69.18668
2023-10-09,S004-P0007,Groceries,73,389,26.38,28.37,78.978905
2023-10-10,S004-P0007,Groceries,106,1070,27.91,28.37,84.057846
2023-10-11,S004-P0007,Groceries,27,981,16.52,28.37,85.27729
2023-10-12,S004-P0007,Groceries,71,954,27.51,28.37,65.907646
2023-10-13,S004-P0007,Groceries,88,875,27.82,28.37,74.54087
2023-10-14,S004-P0007,Groceries,25,785,17.23,28.37,104.245415
2023-10-15,S004-P0007,Groceries,86,758,26.18,28.37,82.800446
2023-10-16,S004-P0007,Groceries,52,663,25.63,28.37,64.458824
2023-10-17,S004-P0007,Groceries,93,626,25.4,28.37,71.99522
2023-10-18,S004-P0007,Groceries,111,535,26.82,28.37,94.741905
2023-10-19,S004-P0007,Groceries,62,442,25.35,28.37,65.907646
2023-10-20,S004-P0007,Groceries,68,392,24.63,28.37,67.05065
2023-10-21,S004-P0007,Groceries,64,327,22.85,28.37,83.96732
2023-10-22,S004-P0007,Groceries,94,280,29.82,28.37,67.90008
2023-10-23,S004-P0007,Groceries,107,183,28.02,28.37,65.384315
2023-10-24,S004-P0007,Groceries,46,98,21.4,28.37,64.54997
2023-10-25,S004-P0007,Groceries,156,43,28.8,28.37,161.26453
2023-10-26,S004-P0007,Groceries,124,380,28.05,28.37,124.475945
2023-10-27,S004-P0007,Groceries,154,245,34.01,28.37,123.81568
2023-10-28,S004-P0007,Groceries,102,138,29.09,28.37,97.54928
2023-10-29,S004-P0007,Groceries,70,657,23.51,28.37,96.90561
2023-10-30,S004-P0007,Groceries,31,592,23.58,28.37,97.40591
2023-10-31,S004-P0007,Groceries,141,573,31.06,28.37,124.38125
2023-11-01,S004-P0007,Groceries,79,410,26.9,28.37,98.49203
2023-11-02,S004-P0007,Groceries,75,317,25.25,28.37,109.29783
2023-11-03,S004-P0007,Groceries,136,260,30.61,28.37,98.79699
2023-11-04,S004-P0007,Groceries,134,753,30.42,28.37,110.321526
2023-11-05,S004-P0007,Groceries,168,599,31.87,28.37,149.62027
2023-11-06,S004-P0007,Groceries,133,415,32.07,28.37,94.95504
2023-11-07,S004-P0007,Groceries,157,335,27.1,28.37,167.11829
2023-11-08,S004-P0007,Groceries,169,164,31.95,28.37,111.03426
2023-11-09,S004-P0007,Groceries,176,726,36.16,28.37,109.69672
2023-11-10,S004-P0007,Groceries,115,597,28.77,28.37,124.16984
2023-11-11,S004-P0007,Groceries,90,523,29.45,28.37,123.90289
2023-11-12,S004-P0007,Groceries,132,418,28.76,28.37,111.81501
2023-11-13,S004-P0007,Groceries,206,1025,31.17,28.37,131.71144
2023-11-14,S004-P0007,Groceries,120,778,27.73,28.37,94.399055
2023-11-15,S004-P0007,Groceries,109,674,31.31,28.37,124.17332
2023-11-16,S004-P0007,Groceries,185,597,33.07,28.37,152.09544
2023-11-17,S004-P0007,Groceries,193,400,32.07,28.37,163.721
2023-11-18,S004-P0007,Groceries,170,236,30.25,28.37,166.8032
2023-11-19,S004-P0007,Groceries,160,81,36.44,28.37,114.05101
2023-11-20,S004-P0007,Groceries,71,645,23.6,28.37,96.11105
2023-11-21,S004-P0007,Groceries,162,574,31.14,28.37,134.52464
2023-11-22,S004-P0007,Groceries,192,419,33.68,28.37,167.40128
2023-11-23,S004-P0007,Groceries,115,281,25.8,28.37,152.09544
2023-11-24,S004-P0007,Groceries,159,185,34.54,28.37,113.64596
2023-11-25,S004-P0007,Groceries,103,751,27.67,28.37,97.400734
2023-11-26,S004-P0007,Groceries,184,641,31.03,28.37,132.1443
2023-11-27,S004-P0007,Groceries,105,435,29.39,28.37,109.81256
2023-11-28,S004-P0007,Groceries,113,358,28.63,28.37,110.57932
2023-11-29,S004-P0007,Groceries,204,239,38.82,28.37,124.17332
2023-11-30,S004-P0007,Groceries,116,722,28.81,28.37,96.22176
2023-12-01,S004-P0007,Groceries,41,633,23.31,28.37,96.120735
2023-12-02,S004-P0007,Groceries,147,609,26.35,28.37,130.4795
2023-12-03,S004-P0007,Groceries,70,468,24.8,28.37,95.82665
2023-12-04,S004-P0007,Groceries,101,403,29.06,28.37,98.70871
2023-12-05,S004-P0007,Groceries,39,282,21.89,28.37,123.91039
2023-12-06,S004-P0007,Groceries,201,725,32.76,28.37,160.91971
2023-12-07,S004-P0007,Groceries,160,512,31.15,28.37,157.37614
2023-12-08,S004-P0007,Groceries,128,343,28.39,28.37,95.85006
2023-12-09,S004-P0007,Groceries,198,222,34.39,28.37,124.564064
2023-12-10,S004-P0007,Groceries,139,719,30.87,28.37,128.4854
2023-12-11,S004-P0007,Groceries,89,581,22.31,28.37,127.41096
2023-12-12,S004-P0007,Groceries,120,489,29.25,28.37,97.86427
2023-12-13,S004-P0007,Groceries,61,358,25.27,28.37,114.493835
2023-12-14,S004-P0007,Groceries,138,301,29.3,28.37,109.85073
2023-12-15,S004-P0007,Groceries,15,183,19.76,28.37,129.79953
2023-12-16,S004-P0007,Groceries,220,666,33.97,28.37,160.12643
2023-12-17,S004-P0007,Groceries,110,517,29.85,28.37,110.69057
2023-12-18,S004-P0007,Groceries,154,451,34.06,28.37,99.329796
2023-12-19,S004-P0007,Groceries,124,353,26.28,28.37,158.97653
2023-12-20,S004-P0007,Groceries,70,998,24.68,28.37,98.77831
2023-12-21,S004-P0007,Groceries,101,929,26.13,28.37,120.70609
2023-12-22,S004-P0007,Groceries,120,815,29.3,28.37,96.120735
2023-12-23,S004-P0007,Groceries,128,714,28.42,28.37,131.97153
2023-12-24,S004-P0007,Groceries,221,634,38.25,28.37,148.70924
2023-12-25,S004-P0007,Groceries,58,396,22.46,28.37,111.246086
2023-12-26,S004-P0007,Groceries,153,342,33.99,28.37,113.52743
2023-12-27,S004-P0007,Groceries,105,216,29.42,28.37,68.56553
2023-12-28,S004-P0007,Groceries,55,996,25.94,28.37,69.69571
2023-12-29,S004-P0007,Groceries,26,940,23.06,28.37,69.27837
2023-12-30,S004-P0007,Groceries,105,914,27.84,28.37,84.68171
2023-12-31,S004-P0007,Groceries,116,792,28.84,28.37,69.92276
2024-01-01,S004-P0007,Groceries,42,711,21.07,28.37,110.50996
2024-01-02,S004-P0007,Groceries,46,670,22.56,28.37,84.1579
2024-01-03,S004-P0007,Groceries,75,620,22.55,28.37,89.19111
2024-01-04,S004-P0007,Groceries,88,542,23.59,28.37,101.342186
2024-01-05,S004-P0007,Groceries,50,442,21.77,28.37,85.72541
2024-01-06,S004-P0007,Groceries,72,405,26.29,28.37,86.36648
2024-01-07,S004-P0007,Groceries,77,351,28.18,28.37,79.5878
2024-01-08,S004-P0007,Groceries,39,303,21.98,28.37,84.51449
2024-01-09,S004-P0007,Groceries,116,262,28.93,28.37,97.013145
2024-01-10,S004-P0007,Groceries,125,137,25.01,28.37,146.50389
2024-01-11,S004-P0007,Groceries,98,357,28.74,28.37,118.36475
2024-01-12,S004-P0007,Groceries,107,252,29.61,28.37,96.7629
2024-01-13,S004-P0007,Groceries,210,148,29.5,28.37,145.63266
2024-01-14,S004-P0007,Groceries,146,428,33.25,28.37,111.22985
2024-01-15,S004-P0007,Groceries,157,304,30.93,28.37,110.042244
2024-01-16,S004-P0007,Groceries,158,188,25.84,28.37,129.79066
2024-01-17,S004-P0007,Groceries,81,867,21.72,28.37,130.82349
2024-01-18,S004-P0007,Groceries,38,815,23.02,28.37,96.51286
2024-01-19,S004-P0007,Groceries,103,773,29.19,28.37,96.7629
2024-01-20,S004-P0007,Groceries,116,689,24.03,28.37,158.76529
2024-01-21,S004-P0007,Groceries,52,583,21.95,28.37,96.493065
2024-01-22,S004-P0007,Groceries,69,537,24.65,28.37,110.042244
2024-01-23,S004-P0007,Groceries,86,474,27.55,28.37,110.45422
2024-01-24,S004-P0007,Groceries,76,416,25.27,28.37,97.86808
2024-01-25,S004-P0007,Groceries,152,356,27.08,28.37,144.03532
2024-01-26,S004-P0007,Groceries,94,216,26.87,28.37,122.124214
2024-01-27,S004-P0007,Groceries,218,115,36.14,28.37,148.39262
2024-01-28,S004-P0007,Groceries,156,0,34.25,28.37,122.74647
2024-01-29,S004-P0007,Groceries,89,641,26.37,28.37,119.56363
2024-01-30,S004-P0007,Groceries,154,574,32.25,28.37,96.60428
2023-10-03,S004-P0008,Furniture,60,197,88.77,91.49000000000001,65.99766
2023-10-04,S004-P0008,Furniture,83,130,80.29,91.49000000000001,87.97547
2023-10-05,S004-P0008,Furniture,33,119,84.14,91.49000000000001,81.39304
2023-10-06,S004-P0008,Furniture,40,81,81.99,91.49000000000001,80.23888
2023-10-07,S004-P0008,Furniture,26,86,77.37,91.49000000000001,31.603725
2023-10-08,S004-P0008,Furniture,33,55,66.37,91.49000000000001,43.78378
2023-10-09,S004-P0008,Furniture,37,72,76.86,91.49000000000001,36.148552
2023-10-10,S004-P0008,Furniture,26,92,81.35,91.49000000000001,30.258957
2023-10-11,S004-P0008,Furniture,28,67,82.14,91.49000000000001,31.622547
2023-10-12,S004-P0008,Furniture,41,90,69.3,91.49000000000001,39.986214
2023-10-13,S004-P0008,Furniture,37,113,76.7,91.49000000000001,35.88974
2023-10-14,S004-P0008,Furniture,42,72,78.32,91.49000000000001,37.324047
2023-10-15,S004-P0008,Furniture,34,83,84.16,91.49000000000001,40.31202
2023-10-16,S004-P0008,Furniture,27,100,77.79,91.49000000000001,30.9625
2023-10-17,S004-P0008,Furniture,39,73,77.43,91.49000000000001,34.248875
2023-10-18,S004-P0008,Furniture,20,93,66.88,91.49000000000001,45.516087
2023-10-19,S004-P0008,Furniture,51,78,85.51,91.49000000000001,40.744358
2023-10-20,S004-P0008,Furniture,35,76,80.3,91.49000000000001,32.719376
2023-10-21,S004-P0008,Furniture,83,102,91.58,91.49000000000001,40.604748
2023-10-22,S004-P0008,Furniture,44,99,83.38,91.49000000000001,33.797096
2023-10-23,S004-P0008,Furniture,28,98,65.7,91.49000000000001,39.260353
2023-10-24,S004-P0008,Furniture,30,80,82.74,91.49000000000001,30.862583
2023-10-25,S004-P0008,Furniture,90,97,104.1,91.49000000000001,83.31251
2023-10-26,S004-P0008,Furniture,107,116,99.18,91.49000000000001,81.93133
2023-10-27,S004-P0008,Furniture,46,119,70.0,91.49000000000001,107.44256
2023-10-28,S004-P0008,Furniture,119,71,102.83,91.49000000000001,66.34654
2023-10-29,S004-P0008,Furniture,60,111,98.34,91.49000000000001,68.2721
2023-10-30,S004-P0008,Furniture,71,124,97.51,91.49000000000001,67.63603
2023-10-31,S004-P0008,Furniture,108,116,110.46,91.49000000000001,82.44497
2023-11-01,S004-P0008,Furniture,83,99,96.43,91.49000000000001,65.254776
2023-11-02,S004-P0008,Furniture,77,75,94.54,91.49000000000001,70.233116
2023-11-03,S004-P0008,Furniture,102,86,97.5,91.49000000000001,86.16198
2023-11-04,S004-P0008,Furniture,56,119,96.81,91.49000000000001,74.43708
2023-11-05,S004-P0008,Furniture,179,56,128.51,91.49000000000001,96.64854
2023-11-06,S004-P0008,Furniture,46,204,88.46,91.49000000000001,63.66147
2023-11-07,S004-P0008,Furniture,73,152,93.29,91.49000000000001,81.146324
2023-11-08,S004-P0008,Furniture,46,78,88.63,91.49000000000001,74.33512
2023-11-09,S004-P0008,Furniture,105,73,87.63,91.49000000000001,99.49699
2023-11-10,S004-P0008,Furniture,110,109,88.97,91.49000000000001,107.26072
2023-11-11,S004-P0008,Furniture,106,107,98.93,91.49000000000001,82.17945
2023-11-12,S004-P0008,Furniture,66,109,85.94,91.49000000000001,96.64854
2023-11-13,S004-P0008,Furniture,108,107,82.73,91.49000000000001,86.83726
2023-11-14,S004-P0008,Furniture,76,153,94.31,91.49000000000001,62.736214
2023-11-15,S004-P0008,Furniture,55,72,91.64,91.49000000000001,81.934746
2023-11-16,S004-P0008,Furniture,63,89,94.54,91.49000000000001,70.86058
2023-11-17,S004-P0008,Furniture,67,105,75.87,91.49000000000001,107.3834
2023-11-18,S004-P0008,Furniture,144,111,110.38,91.49000000000001,108.589066
2023-11-19,S004-P0008,Furniture,86,127,102.78,91.49000000000001,74.87852
2023-11-20,S004-P0008,Furniture,45,150,74.25,91.49000000000001,86.81924
2023-11-21,S004-P0008,Furniture,68,121,96.37,91.49000000000001,64.31912
2023-11-22,S004-P0008,Furniture,110,123,100.07,91.49000000000001,82.8165
2023-11-23,S004-P0008,Furniture,67,184,100.86,91.49000000000001,70.86058
2023-11-24,S004-P0008,Furniture,172,104,99.71,91.49000000000001,96.79345
2023-11-25,S004-P0008,Furniture,95,168,105.85,91.49000000000001,65.102394
2023-11-26,S004-P0008,Furniture,49,78,85.07,91.49000000000001,67.30001
2023-11-27,S004-P0008,Furniture,24,90,84.94,91.49000000000001,71.25675
2023-11-28,S004-P0008,Furniture,49,65,85.01,91.49000000000001,73.37547
2023-11-29,S004-P0008,Furniture,123,65,109.66,91.49000000000001,82.8165
2023-11-30,S004-P0008,Furniture,65,127,100.38,91.49000000000001,61.89872
2023-12-01,S004-P0008,Furniture,94,76,94.84,91.49000000000001,66.03346
2023-12-02,S004-P0008,Furniture,72,79,97.72,91.49000000000001,65.86027
2023-12-03,S004-P0008,Furniture,39,95,86.21,91.49000000000001,65.674324
2023-12-04,S004-P0008,Furniture,101,107,97.11,91.49000000000001,86.85677
2023-12-05,S004-P0008,Furniture,130,104,93.38,91.49000000000001,107.92565
2023-12-06,S004-P0008,Furniture,58,155,92.95,91.49000000000001,83.57601
2023-12-07,S004-P0008,Furniture,51,107,85.71,91.49000000000001,80.6143
2023-12-08,S004-P0008,Furniture,42,123,87.12,91.49000000000001,65.62371
2023-12-09,S004-P0008,Furniture,63,77,89.61,91.49000000000001,83.421394
2023-12-10,S004-P0008,Furniture,57,77,92.28,91.49000000000001,65.674324
2023-12-11,S004-P0008,Furniture,48,81,89.32,91.49000000000001,66.32546
2023-12-12,S004-P0008,Furniture,117,100,89.76,91.49000000000001,87.10678
2023-12-13,S004-P0008,Furniture,98,119,106.89,91.49000000000001,76.33296
2023-12-14,S004-P0008,Furniture,111,150,99.66,91.49000000000001,95.94108
2023-12-15,S004-P0008,Furniture,50,159,67.58,91.49000000000001,86.81178
2023-12-16,S004-P0008,Furniture,51,125,95.13,91.49000000000001,83.53669
2023-12-17,S004-P0008,Furniture,121,68,102.85,91.49000000000001,96.714066
2023-12-18,S004-P0008,Furniture,93,129,105.12,91.49000000000001,66.37989
2023-12-19,S004-P0008,Furniture,112,111,111.9,91.49000000000001,82.481834
2023-12-20,S004-P0008,Furniture,105,116,103.81,91.49000000000001,87.36868
2023-12-21,S004-P0008,Furniture,85,94,102.24,91.49000000000001,80.47313
2023-12-22,S004-P0008,Furniture,72,124,78.33,91.49000000000001,86.718025
2023-12-23,S004-P0008,Furniture,71,145,87.25,91.49000000000001,86.56829
2023-12-24,S004-P0008,Furniture,35,64,89.05,91.49000000000001,74.413
2023-12-25,S004-P0008,Furniture,59,88,88.56,91.49000000000001,73.77753
2023-12-26,S004-P0008,Furniture,106,119,98.65,91.49000000000001,98.478386
2023-12-27,S004-P0008,Furniture,42,148,87.07,91.49000000000001,31.983578
2023-12-28,S004-P0008,Furniture,52,116,81.62,91.49000000000001,30.982168
2023-12-29,S004-P0008,Furniture,22,59,79.98,91.49000000000001,33.06793
2023-12-30,S004-P0008,Furniture,38,95,85.6,91.49000000000001,40.820263
2023-12-31,S004-P0008,Furniture,30,55,78.63,91.49000000000001,33.918816
2024-01-01,S004-P0008,Furniture,49,71,84.75,91.49000000000001,37.161926
2024-01-02,S004-P0008,Furniture,18,79,78.81,91.49000000000001,39.909657
2024-01-03,S004-P0008,Furniture,51,66,76.08,91.49000000000001,42.666275
2024-01-04,S004-P0008,Furniture,34,91,75.91,91.49000000000001,51.540577
2024-01-05,S004-P0008,Furniture,37,65,72.7,91.49000000000001,56.495728
2024-01-06,S004-P0008,Furniture,28,87,77.94,91.49000000000001,39.317062
2024-01-07,S004-P0008,Furniture,46,59,79.56,91.49000000000001,36.187515
2024-01-08,S004-P0008,Furniture,6,64,78.52,91.49000000000001,38.518665
2024-01-09,S004-P0008,Furniture,49,57,80.81,91.49000000000001,86.909935
2024-01-10,S004-P0008,Furniture,79,78,95.03,91.49000000000001,74.72347
2024-01-11,S004-P0008,Furniture,103,87,87.1,91.49000000000001,105.58076
2024-01-12,S004-P0008,Furniture,47,90,80.0,91.49000000000001,65.68285
2024-01-13,S004-P0008,Furniture,66,100,100.55,91.49000000000001,74.3709
2024-01-14,S004-P0008,Furniture,96,93,100.93,91.49000000000001,73.254395
2024-01-15,S004-P0008,Furniture,71,109,87.58,91.49000000000001,72.67849
2024-01-16,S004-P0008,Furniture,140,140,108.96,91.49000000000001,86.07733
2024-01-17,S004-P0008,Furniture,120,141,96.74,91.49000000000001,86.3147
2024-01-18,S004-P0008,Furniture,46,169,93.39,91.49000000000001,64.015526
2024-01-19,S004-P0008,Furniture,76,116,89.39,91.49000000000001,65.68285
2024-01-20,S004-P0008,Furniture,81,117,106.19,91.49000000000001,81.773155
2024-01-21,S004-P0008,Furniture,101,118,113.84,91.49000000000001,66.54118
2024-01-22,S004-P0008,Furniture,44,109,83.1,91.49000000000001,72.67849
2024-01-23,S004-P0008,Furniture,72,75,87.36,91.49000000000001,97.37791
2024-01-24,S004-P0008,Furniture,78,74,78.78,91.49000000000001,86.02038
2024-01-25,S004-P0008,Furniture,96,99,111.7,91.49000000000001,72.53219
2024-01-26,S004-P0008,Furniture,109,118,116.52,91.49000000000001,80.645874
2024-01-27,S004-P0008,Furniture,83,140,86.53,91.49000000000001,98.084816
2024-01-28,S004-P0008,Furniture,73,148,88.42,91.49000000000001,80.538315
2024-01-29,S004-P0008,Furniture,83,85,91.33,91.49000000000001,78.99005
2024-01-30,S004-P0008,Furniture,69,92,86.87,91.49000000000001,64.201035
2023-10-03,S004-P0009,Clothing,97,389,87.18,111.1,117.68236
2023-10-04,S004-P0009,Clothing,52,284,93.72,111.1,87.77004
2023-10-05,S004-P0009,Clothing,121,235,125.34,111.1,107.28422
2023-10-06,S004-P0009,Clothing,91,97,119.85,111.1,107.76928
2023-10-07,S004-P0009,Clothing,55,20,99.97,111.1,85.883095
2023-10-08,S004-P0009,Clothing,99,330,104.63,111.1,111.53089
2023-10-09,S004-P0009,Clothing,132,268,116.5,111.1,102.41872
2023-10-10,S004-P0009,Clothing,98,120,110.67,111.1,85.980064
2023-10-11,S004-P0009,Clothing,62,382,107.86,111.1,85.67452
2023-10-12,S004-P0009,Clothing,60,343,91.76,111.1,87.199005
2023-10-13,S004-P0009,Clothing,73,279,101.12,111.1,95.527504
2023-10-14,S004-P0009,Clothing,115,216,110.11,111.1,129.27747
2023-10-15,S004-P0009,Clothing,140,88,125.59,111.1,104.92824
2023-10-16,S004-P0009,Clothing,43,236,95.42,111.1,87.059746
2023-10-17,S004-P0009,Clothing,141,192,139.91,111.1,93.30619
2023-10-18,S004-P0009,Clothing,86,445,100.66,111.1,118.910255
2023-10-19,S004-P0009,Clothing,105,379,113.13,111.1,86.92594
2023-10-20,S004-P0009,Clothing,50,258,93.14,111.1,88.07243
2023-10-21,S004-P0009,Clothing,104,206,95.16,111.1,110.16736
2023-10-22,S004-P0009,Clothing,50,463,97.97,111.1,89.27185
2023-10-23,S004-P0009,Clothing,134,404,97.65,111.1,110.54432
2023-10-24,S004-P0009,Clothing,131,278,122.54,111.1,85.980064
2023-10-25,S004-P0009,Clothing,133,145,116.99,111.1,108.98495
2023-10-26,S004-P0009,Clothing,151,328,116.35,111.1,138.56601
2023-10-27,S004-P0009,Clothing,133,166,109.33,111.1,138.10042
2023-10-28,S004-P0009,Clothing,75,507,86.04,111.1,117.65543
2023-10-29,S004-P0009,Clothing,73,420,101.54,111.1,88.79276
2023-10-30,S004-P0009,Clothing,83,336,110.73,111.1,88.717804
2023-10-31,S004-P0009,Clothing,174,280,138.52,111.1,108.77683
2023-11-01,S004-P0009,Clothing,82,96,116.32,111.1,86.082634
2023-11-02,S004-P0009,Clothing,134,0,97.75,111.1,126.90595
2023-11-03,S004-P0009,Clothing,101,559,111.49,111.1,115.89756
2023-11-04,S004-P0009,Clothing,82,455,104.36,111.1,130.0446
2023-11-05,S004-P0009,Clothing,155,389,145.68,111.1,99.61782
2023-11-06,S004-P0009,Clothing,76,245,102.58,111.1,86.496925
2023-11-07,S004-P0009,Clothing,47,198,92.16,111.1,108.00056
2023-11-08,S004-P0009,Clothing,91,714,89.95,111.1,127.52949
2023-11-09,S004-P0009,Clothing,92,643,114.03,111.1,95.89462
2023-11-10,S004-P0009,Clothing,75,538,113.3,111.1,109.69033
2023-11-11,S004-P0009,Clothing,103,462,112.02,111.1,108.11935
2023-11-12,S004-P0009,Clothing,94,396,121.07,111.1,99.61782
2023-11-13,S004-P0009,Clothing,98,292,87.46,111.1,113.47281
2023-11-14,S004-P0009,Clothing,113,223,96.55,111.1,114.31875
2023-11-15,S004-P0009,Clothing,121,152,125.23,111.1,109.07271
2023-11-16,S004-P0009,Clothing,98,420,116.54,111.1,96.745445
2023-11-17,S004-P0009,Clothing,95,329,121.33,111.1,109.69033
2023-11-18,S004-P0009,Clothing,77,238,92.16,111.1,142.33537
2023-11-19,S004-P0009,Clothing,75,171,101.8,111.1,97.46934
2023-11-20,S004-P0009,Clothing,38,345,93.5,111.1,85.553505
2023-11-21,S004-P0009,Clothing,118,306,117.47,111.1,115.38753
2023-11-22,S004-P0009,Clothing,122,213,125.83,111.1,108.27158
2023-11-23,S004-P0009,Clothing,88,120,112.45,111.1,96.745445
2023-11-24,S004-P0009,Clothing,70,455,100.25,111.1,97.60548
2023-11-25,S004-P0009,Clothing,91,382,91.01,111.1,114.7714
2023-11-26,S004-P0009,Clothing,94,278,108.91,111.1,87.062225
2023-11-27,S004-P0009,Clothing,63,208,108.4,111.1,96.68534
2023-11-28,S004-P0009,Clothing,151,170,102.63,111.1,126.89892
2023-11-29,S004-P0009,Clothing,55,235,99.83,111.1,108.27158
2023-11-30,S004-P0009,Clothing,126,187,127.19,111.1,86.29252
2023-12-01,S004-P0009,Clothing,52,511,83.94,111.1,132.25827
2023-12-02,S004-P0009,Clothing,124,458,120.18,111.1,104.46822
2023-12-03,S004-P0009,Clothing,118,318,93.19,111.1,131.52608
2023-12-04,S004-P0009,Clothing,59,195,76.06,111.1,133.0525
2023-12-05,S004-P0009,Clothing,175,141,146.2,111.1,128.0194
2023-12-06,S004-P0009,Clothing,271,369,155.42,111.1,162.0999
2023-12-07,S004-P0009,Clothing,187,142,150.61,111.1,127.03475
2023-12-08,S004-P0009,Clothing,161,502,148.12,111.1,104.21688
2023-12-09,S004-P0009,Clothing,123,1272,119.87,111.1,128.22343
2023-12-10,S004-P0009,Clothing,137,1137,118.29,111.1,103.38631
2023-12-11,S004-P0009,Clothing,192,1047,137.26,111.1,105.37085
2023-12-12,S004-P0009,Clothing,142,930,113.45,111.1,133.63608
2023-12-13,S004-P0009,Clothing,178,815,132.55,111.1,150.01634
2023-12-14,S004-P0009,Clothing,93,664,103.04,111.1,115.140045
2023-12-15,S004-P0009,Clothing,74,560,112.69,111.1,104.21688
2023-12-16,S004-P0009,Clothing,77,511,108.48,111.1,128.84795
2023-12-17,S004-P0009,Clothing,121,429,99.04,111.1,146.15009
2023-12-18,S004-P0009,Clothing,112,320,115.51,111.1,132.84206
2023-12-19,S004-P0009,Clothing,113,218,128.63,111.1,128.0194
2023-12-20,S004-P0009,Clothing,88,455,112.51,111.1,105.20611
2023-12-21,S004-P0009,Clothing,162,402,133.65,111.1,159.13658
2023-12-22,S004-P0009,Clothing,90,215,107.45,111.1,102.866844
2023-12-23,S004-P0009,Clothing,45,140,96.04,111.1,104.688484
2023-12-24,S004-P0009,Clothing,89,520,101.69,111.1,115.88024
2023-12-25,S004-P0009,Clothing,140,465,132.67,111.1,115.658585
2023-12-26,S004-P0009,Clothing,111,323,108.63,111.1,148.9503
2023-12-27,S004-P0009,Clothing,131,238,129.21,111.1,99.09299
2023-12-28,S004-P0009,Clothing,103,637,106.56,111.1,101.27379
2023-12-29,S004-P0009,Clothing,107,568,113.79,111.1,100.60139
2023-12-30,S004-P0009,Clothing,40,453,94.06,111.1,117.43651
2023-12-31,S004-P0009,Clothing,143,428,120.46,111.1,101.87995
2024-01-01,S004-P0009,Clothing,121,287,132.09,111.1,118.01914
2024-01-02,S004-P0009,Clothing,166,186,114.09,111.1,143.68454
2024-01-03,S004-P0009,Clothing,115,537,116.45,111.1,99.642006
2024-01-04,S004-P0009,Clothing,116,450,111.15,111.1,109.08378
2024-01-05,S004-P0009,Clothing,188,319,151.23,111.1,118.81502
2024-01-06,S004-P0009,Clothing,195,122,123.04,111.1,143.71521
2024-01-07,S004-P0009,Clothing,110,0,115.06,111.1,110.562065
2024-01-08,S004-P0009,Clothing,132,565,116.66,111.1,117.67707
2024-01-09,S004-P0009,Clothing,82,475,99.37,111.1,135.44972
2024-01-10,S004-P0009,Clothing,125,385,127.0,111.1,119.93848
2024-01-11,S004-P0009,Clothing,142,299,106.67,111.1,160.87541
2024-01-12,S004-P0009,Clothing,101,165,123.8,111.1,105.373116
2024-01-13,S004-P0009,Clothing,118,438,117.81,111.1,118.73932
2024-01-14,S004-P0009,Clothing,89,306,113.05,111.1,119.13215
2024-01-15,S004-P0009,Clothing,88,211,112.59,111.1,118.48598
2024-01-16,S004-P0009,Clothing,169,153,129.38,111.1,135.44972
2024-01-17,S004-P0009,Clothing,99,353,87.7,111.1,134.40395
2024-01-18,S004-P0009,Clothing,110,260,115.0,111.1,105.140526
2024-01-19,S004-P0009,Clothing,60,749,102.02,111.1,104.638466
2024-01-20,S004-P0009,Clothing,192,695,114.35,111.1,162.3416
2024-01-21,S004-P0009,Clothing,84,528,94.27,111.1,134.2552
2024-01-22,S004-P0009,Clothing,97,467,116.18,111.1,118.48598
2024-01-23,S004-P0009,Clothing,99,352,110.95,111.1,118.910355
2024-01-24,S004-P0009,Clothing,176,238,123.36,111.1,134.668
2024-01-25,S004-P0009,Clothing,189,36,159.48,111.1,118.269196
2024-01-26,S004-P0009,Clothing,168,328,143.4,111.1,131.14061
2024-01-27,S004-P0009,Clothing,175,754,109.71,111.1,150.60605
2024-01-28,S004-P0009,Clothing,82,581,116.31,111.1,130.90147
2024-01-29,S004-P0009,Clothing,42,510,94.97,111.1,129.04842
2024-01-30,S004-P0009,Clothing,127,472,120.79,111.1,103.885796
2023-10-03,S004-P0010,Groceries,103,442,24.97,25.615000000000002,127.07239
2023-10-04,S004-P0010,Groceries,99,324,24.69,25.615000000000002,131.41917
2023-10-05,S004-P0010,Groceries,189,219,32.09,25.615000000000002,123.9141
2023-10-06,S004-P0010,Groceries,136,610,29.17,25.615000000000002,123.81568
2023-10-07,S004-P0010,Groceries,78,466,19.38,25.615000000000002,85.20254
2023-10-08,S004-P0010,Groceries,69,402,22.3,25.615000000000002,69.21798
2023-10-09,S004-P0010,Groceries,85,1224,23.54,25.615000000000002,79.21833
2023-10-10,S004-P0010,Groceries,37,1130,20.72,25.615000000000002,64.07455
2023-10-11,S004-P0010,Groceries,112,1107,27.11,25.615000000000002,64.63404
2023-10-12,S004-P0010,Groceries,81,1026,19.32,25.615000000000002,86.553345
2023-10-13,S004-P0010,Groceries,109,951,26.86,25.615000000000002,74.65316
2023-10-14,S004-P0010,Groceries,85,847,20.92,25.615000000000002,104.40841
2023-10-15,S004-P0010,Groceries,109,770,28.31,25.615000000000002,82.85216
2023-10-16,S004-P0010,Groceries,77,678,21.75,25.615000000000002,65.384315
2023-10-17,S004-P0010,Groceries,102,596,27.66,25.615000000000002,71.663445
2023-10-18,S004-P0010,Groceries,49,490,22.86,25.615000000000002,71.585556
2023-10-19,S004-P0010,Groceries,112,439,25.7,25.615000000000002,85.40061
2023-10-20,S004-P0010,Groceries,74,305,22.72,25.615000000000002,67.05065
2023-10-21,S004-P0010,Groceries,50,218,17.5,25.615000000000002,83.97893
2023-10-22,S004-P0010,Groceries,128,184,22.49,25.615000000000002,86.14725
2023-10-23,S004-P0010,Groceries,68,401,22.18,25.615000000000002,64.78326
2023-10-24,S004-P0010,Groceries,21,349,19.32,25.615000000000002,63.965515
2023-10-25,S004-P0010,Groceries,177,325,31.13,25.615000000000002,124.68598
2023-10-26,S004-P0010,Groceries,199,148,32.79,25.615000000000002,124.475945
2023-10-27,S004-P0010,Groceries,63,26,24.16,25.615000000000002,124.12562
2023-10-28,S004-P0010,Groceries,127,0,25.57,25.615000000000002,127.53043
2023-10-29,S004-P0010,Groceries,107,847,25.34,25.615000000000002,96.90561
2023-10-30,S004-P0010,Groceries,112,735,27.11,25.615000000000002,97.40591
2023-10-31,S004-P0010,Groceries,132,651,27.41,25.615000000000002,124.19071
2023-11-01,S004-P0010,Groceries,93,564,25.5,25.615000000000002,99.32107
2023-11-02,S004-P0010,Groceries,163,508,26.83,25.615000000000002,152.09544
2023-11-03,S004-P0010,Groceries,154,329,30.75,25.615000000000002,99.824875
2023-11-04,S004-P0010,Groceries,116,148,23.37,25.615000000000002,150.8055
2023-11-05,S004-P0010,Groceries,110,73,24.29,25.615000000000002,111.81501
2023-11-06,S004-P0010,Groceries,52,632,20.88,25.615000000000002,95.45388
2023-11-07,S004-P0010,Groceries,118,593,22.16,25.615000000000002,166.97536
2023-11-08,S004-P0010,Groceries,125,498,21.19,25.615000000000002,151.76353
2023-11-09,S004-P0010,Groceries,140,363,23.62,25.615000000000002,152.23169
2023-11-10,S004-P0010,Groceries,43,225,20.14,25.615000000000002,124.9873
2023-11-11,S004-P0010,Groceries,148,176,31.88,25.615000000000002,123.90289
2023-11-12,S004-P0010,Groceries,161,574,26.43,25.615000000000002,147.7058
2023-11-13,S004-P0010,Groceries,80,440,22.0,25.615000000000002,95.45388
2023-11-14,S004-P0010,Groceries,57,386,22.41,25.615000000000002,94.694885
2023-11-15,S004-P0010,Groceries,193,325,30.66,25.615000000000002,167.49
2023-11-16,S004-P0010,Groceries,99,846,27.38,25.615000000000002,109.69672
2023-11-17,S004-P0010,Groceries,82,734,25.87,25.615000000000002,126.276726
2023-11-18,S004-P0010,Groceries,84,664,24.78,25.615000000000002,122.88529
2023-11-19,S004-P0010,Groceries,189,589,25.29,25.615000000000002,147.21936
2023-11-20,S004-P0010,Groceries,150,437,27.34,25.615000000000002,96.11105
2023-11-21,S004-P0010,Groceries,52,285,19.79,25.615000000000002,97.03257
2023-11-22,S004-P0010,Groceries,90,225,21.25,25.615000000000002,167.39133
2023-11-23,S004-P0010,Groceries,157,932,23.27,25.615000000000002,152.45355
2023-11-24,S004-P0010,Groceries,96,769,27.11,25.615000000000002,113.64596
2023-11-25,S004-P0010,Groceries,50,681,19.64,25.615000000000002,97.400734
2023-11-26,S004-P0010,Groceries,113,650,27.2,25.615000000000002,100.16879
2023-11-27,S004-P0010,Groceries,116,516,27.48,25.615000000000002,109.33529
2023-11-28,S004-P0010,Groceries,144,401,29.91,25.615000000000002,110.57932
2023-11-29,S004-P0010,Groceries,133,261,27.41,25.615000000000002,123.37098
2023-11-30,S004-P0010,Groceries,112,107,24.42,25.615000000000002,96.22176
2023-12-01,S004-P0010,Groceries,46,2,20.45,25.615000000000002,96.120735
2023-12-02,S004-P0010,Groceries,130,591,25.86,25.615000000000002,98.189415
2023-12-03,S004-P0010,Groceries,130,438,27.23,25.615000000000002,95.58105
2023-12-04,S004-P0010,Groceries,36,318,21.73,25.615000000000002,99.329796
2023-12-05,S004-P0010,Groceries,55,282,22.3,25.615000000000002,124.458916
2023-12-06,S004-P0010,Groceries,143,232,29.82,25.615000000000002,125.33858
2023-12-07,S004-P0010,Groceries,180,663,31.33,25.615000000000002,121.16365
2023-12-08,S004-P0010,Groceries,77,451,20.32,25.615000000000002,127.983376
2023-12-09,S004-P0010,Groceries,250,387,33.16,25.615000000000002,161.31273
2023-12-10,S004-P0010,Groceries,139,156,27.94,25.615000000000002,128.4854
2023-12-11,S004-P0010,Groceries,59,746,17.88,25.615000000000002,127.27311
2023-12-12,S004-P0010,Groceries,96,691,23.19,25.615000000000002,97.716095
2023-12-13,S004-P0010,Groceries,118,582,27.71,25.615000000000002,114.493835
2023-12-14,S004-P0010,Groceries,106,463,28.07,25.615000000000002,110.738335
2023-12-15,S004-P0010,Groceries,129,369,28.64,25.615000000000002,96.71473
2023-12-16,S004-P0010,Groceries,159,264,29.61,25.615000000000002,125.13848
2023-12-17,S004-P0010,Groceries,162,79,28.15,25.615000000000002,147.21819
2023-12-18,S004-P0010,Groceries,167,345,28.48,25.615000000000002,127.90334
2023-12-19,S004-P0010,Groceries,82,159,24.54,25.615000000000002,125.033325
2023-12-20,S004-P0010,Groceries,120,704,21.95,25.615000000000002,131.09636
2023-12-21,S004-P0010,Groceries,209,573,31.94,25.615000000000002,120.70609
2023-12-22,S004-P0010,Groceries,47,443,21.56,25.615000000000002,96.120735
2023-12-23,S004-P0010,Groceries,103,389,27.76,25.615000000000002,98.91215
2023-12-24,S004-P0010,Groceries,202,270,29.67,25.615000000000002,147.21819
2023-12-25,S004-P0010,Groceries,148,1110,24.16,25.615000000000002,144.83327
2023-12-26,S004-P0010,Groceries,165,970,33.38,25.615000000000002,114.07121
2023-12-27,S004-P0010,Groceries,133,793,21.69,25.615000000000002,90.58274
2023-12-28,S004-P0010,Groceries,60,711,20.4,25.615000000000002,69.46403
2023-12-29,S004-P0010,Groceries,34,646,20.44,25.615000000000002,69.27837
2023-12-30,S004-P0010,Groceries,145,611,28.41,25.615000000000002,84.68171
2023-12-31,S004-P0010,Groceries,31,448,19.13,25.615000000000002,69.92276
2024-01-01,S004-P0010,Groceries,153,419,29.02,25.615000000000002,110.50996
2024-01-02,S004-P0010,Groceries,89,293,26.52,25.615000000000002,85.86154
2024-01-03,S004-P0010,Groceries,77,866,24.14,25.615000000000002,66.77616
2024-01-04,S004-P0010,Groceries,118,804,23.3,25.615000000000002,100.958824
2024-01-05,S004-P0010,Groceries,123,678,22.46,25.615000000000002,111.2833
2024-01-06,S004-P0010,Groceries,76,533,25.34,25.615000000000002,86.36648
2024-01-07,S004-P0010,Groceries,91,465,21.34,25.615000000000002,102.565865
2024-01-08,S004-P0010,Groceries,127,387,27.04,25.615000000000002,84.51449
2024-01-09,S004-P0010,Groceries,101,290,27.58,25.615000000000002,97.710976
2024-01-10,S004-P0010,Groceries,215,222,32.2,25.615000000000002,146.89464
2024-01-11,S004-P0010,Groceries,159,91,32.86,25.615000000000002,118.995605
2024-01-12,S004-P0010,Groceries,106,540,26.62,25.615000000000002,97.6935
2024-01-13,S004-P0010,Groceries,114,461,25.94,25.615000000000002,110.63575
2024-01-14,S004-P0010,Groceries,51,1119,20.81,25.615000000000002,111.22985
2024-01-15,S004-P0010,Groceries,155,1063,29.3,25.615000000000002,110.4356
2024-01-16,S004-P0010,Groceries,64,879,18.21,25.615000000000002,129.79066
2024-01-17,S004-P0010,Groceries,89,839,22.54,25.615000000000002,131.13185
2024-01-18,S004-P0010,Groceries,161,760,29.74,25.615000000000002,96.163605
2024-01-19,S004-P0010,Groceries,119,600,26.33,25.615000000000002,96.7629
2024-01-20,S004-P0010,Groceries,119,468,26.26,25.615000000000002,121.65341
2024-01-21,S004-P0010,Groceries,165,337,25.01,25.615000000000002,128.30084
2024-01-22,S004-P0010,Groceries,86,218,26.23,25.615000000000002,110.89542
2024-01-23,S004-P0010,Groceries,138,154,26.44,25.615000000000002,109.321236
2024-01-24,S004-P0010,Groceries,129,440,22.58,25.615000000000002,130.73927
2024-01-25,S004-P0010,Groceries,140,290,31.07,25.615000000000002,108.26952
2024-01-26,S004-P0010,Groceries,103,166,25.05,25.615000000000002,123.169914
2024-01-27,S004-P0010,Groceries,131,598,25.76,25.615000000000002,147.18005
2024-01-28,S004-P0010,Groceries,122,515,28.05,25.615000000000002,122.74647
2024-01-29,S004-P0010,Groceries,115,383,24.64,25.615000000000002,119.56363
2024-01-30,S004-P0010,Groceries,117,247,27.62,25.615000000000002,97.013145
2023-10-03,S004-P0011,Clothing,112,330,59.72,58.195,87.73815
2023-10-04,S004-P0011,Clothing,74,240,58.29,58.195,88.1793
2023-10-05,S004-P0011,Clothing,127,194,65.89,58.195,107.718575
2023-10-06,S004-P0011,Clothing,149,47,66.58,58.195,106.95017
2023-10-07,S004-P0011,Clothing,127,447,55.5,58.195,109.57435
2023-10-08,S004-P0011,Clothing,101,349,48.58,58.195,111.765816
2023-10-09,S004-P0011,Clothing,146,240,62.72,58.195,102.41872
2023-10-10,S004-P0011,Clothing,38,688,41.0,58.195,109.85671
2023-10-11,S004-P0011,Clothing,102,653,54.83,58.195,86.10939
2023-10-12,S004-P0011,Clothing,47,566,44.85,58.195,109.43956
2023-10-13,S004-P0011,Clothing,95,511,59.57,58.195,95.26615
2023-10-14,S004-P0011,Clothing,114,423,57.0,58.195,102.31414
2023-10-15,S004-P0011,Clothing,71,349,52.06,58.195,105.119934
2023-10-16,S004-P0011,Clothing,95,282,59.52,58.195,87.03023
2023-10-17,S004-P0011,Clothing,90,202,43.9,58.195,119.25428
2023-10-18,S004-P0011,Clothing,52,498,51.14,58.195,93.25091
2023-10-19,S004-P0011,Clothing,95,453,56.48,58.195,109.20052
2023-10-20,S004-P0011,Clothing,110,365,62.68,58.195,87.98561
2023-10-21,S004-P0011,Clothing,111,261,50.19,58.195,110.16736
2023-10-22,S004-P0011,Clothing,58,166,49.44,58.195,89.43163
2023-10-23,S004-P0011,Clothing,147,569,55.95,58.195,110.19714
2023-10-24,S004-P0011,Clothing,107,416,65.25,58.195,85.76197
2023-10-25,S004-P0011,Clothing,58,341,49.73,58.195,109.65352
2023-10-26,S004-P0011,Clothing,158,273,61.38,58.195,138.56601
2023-10-27,S004-P0011,Clothing,103,664,61.12,58.195,107.76928
2023-10-28,S004-P0011,Clothing,121,551,58.33,58.195,87.724556
2023-10-29,S004-P0011,Clothing,80,477,56.59,58.195,88.85151
2023-10-30,S004-P0011,Clothing,109,386,62.46,58.195,88.853294
2023-10-31,S004-P0011,Clothing,74,291,55.39,58.195,108.77683
2023-11-01,S004-P0011,Clothing,161,704,65.51,58.195,84.190216
2023-11-02,S004-P0011,Clothing,66,559,53.94,58.195,96.745445
2023-11-03,S004-P0011,Clothing,119,503,64.47,58.195,86.62933
2023-11-04,S004-P0011,Clothing,120,422,48.38,58.195,127.80749
2023-11-05,S004-P0011,Clothing,89,1010,61.44,58.195,99.61782
2023-11-06,S004-P0011,Clothing,91,945,47.11,58.195,113.41156
2023-11-07,S004-P0011,Clothing,143,864,69.16,58.195,108.00056
2023-11-08,S004-P0011,Clothing,64,754,53.42,58.195,96.575195
2023-11-09,S004-P0011,Clothing,108,714,62.28,58.195,95.89462
2023-11-10,S004-P0011,Clothing,116,646,57.35,58.195,107.628334
2023-11-11,S004-P0011,Clothing,199,518,67.69,58.195,141.66022
2023-11-12,S004-P0011,Clothing,104,396,58.37,58.195,98.47416
2023-11-13,S004-P0011,Clothing,77,331,56.1,58.195,86.496925
2023-11-14,S004-P0011,Clothing,68,247,48.88,58.195,85.05216
2023-11-15,S004-P0011,Clothing,124,1070,52.32,58.195,141.24274
2023-11-16,S004-P0011,Clothing,125,996,62.19,58.195,95.69994
2023-11-17,S004-P0011,Clothing,107,907,48.94,58.195,138.2476
2023-11-18,S004-P0011,Clothing,77,781,53.04,58.195,143.05235
2023-11-19,S004-P0011,Clothing,77,719,53.16,58.195,97.46934
2023-11-20,S004-P0011,Clothing,121,627,64.79,58.195,86.139465
2023-11-21,S004-P0011,Clothing,82,539,48.45,58.195,114.64883
2023-11-22,S004-P0011,Clothing,43,453,46.77,58.195,108.27158
2023-11-23,S004-P0011,Clothing,102,405,57.88,58.195,95.89462
2023-11-24,S004-P0011,Clothing,121,341,55.01,58.195,127.675835
2023-11-25,S004-P0011,Clothing,148,219,56.19,58.195,114.7714
2023-11-26,S004-P0011,Clothing,112,75,49.8,58.195,113.57516
2023-11-27,S004-P0011,Clothing,139,396,68.36,58.195,96.68534
2023-11-28,S004-P0011,Clothing,118,245,57.74,58.195,95.662155
2023-11-29,S004-P0011,Clothing,129,831,62.8,58.195,107.563515
2023-11-30,S004-P0011,Clothing,62,702,53.05,58.195,85.49788
2023-12-01,S004-P0011,Clothing,206,654,77.32,58.195,132.86298
2023-12-02,S004-P0011,Clothing,60,466,52.66,58.195,104.688484
2023-12-03,S004-P0011,Clothing,106,427,65.15,58.195,104.723976
2023-12-04,S004-P0011,Clothing,102,346,48.8,58.195,132.68991
2023-12-05,S004-P0011,Clothing,145,1238,69.5,58.195,127.4561
2023-12-06,S004-P0011,Clothing,183,1090,69.41,58.195,162.96361
2023-12-07,S004-P0011,Clothing,190,930,66.8,58.195,158.73013
2023-12-08,S004-P0011,Clothing,92,710,55.98,58.195,103.45899
2023-12-09,S004-P0011,Clothing,124,628,55.05,58.195,161.81013
2023-12-10,S004-P0011,Clothing,75,522,55.64,58.195,104.723976
2023-12-11,S004-P0011,Clothing,113,450,56.58,58.195,132.72845
2023-12-12,S004-P0011,Clothing,93,375,56.12,58.195,104.2449
2023-12-13,S004-P0011,Clothing,122,273,65.05,58.195,116.98438
2023-12-14,S004-P0011,Clothing,62,133,47.83,58.195,115.140045
2023-12-15,S004-P0011,Clothing,108,524,58.92,58.195,102.866844
2023-12-16,S004-P0011,Clothing,101,414,47.96,58.195,161.0508
2023-12-17,S004-P0011,Clothing,175,327,75.46,58.195,116.4621
2023-12-18,S004-P0011,Clothing,82,133,54.1,58.195,105.37085
2023-12-19,S004-P0011,Clothing,133,34,60.36,58.195,162.3343
2023-12-20,S004-P0011,Clothing,77,446,53.09,58.195,104.77914
2023-12-21,S004-P0011,Clothing,91,364,55.84,58.195,127.03475
2023-12-22,S004-P0011,Clothing,175,297,67.91,58.195,132.86298
2023-12-23,S004-P0011,Clothing,108,709,62.19,58.195,104.46822
2023-12-24,S004-P0011,Clothing,110,591,62.63,58.195,117.13215
2023-12-25,S004-P0011,Clothing,115,469,67.01,58.195,115.658585
2023-12-26,S004-P0011,Clothing,153,371,53.42,58.195,147.60027
2023-12-27,S004-P0011,Clothing,95,227,56.69,58.195,99.09299
2023-12-28,S004-P0011,Clothing,59,143,55.24,58.195,101.775505
2023-12-29,S004-P0011,Clothing,189,606,78.37,58.195,101.384636
2023-12-30,S004-P0011,Clothing,102,429,61.04,58.195,117.43651
2023-12-31,S004-P0011,Clothing,120,316,61.33,58.195,102.20716
2024-01-01,S004-P0011,Clothing,110,196,47.0,58.195,143.39194
2024-01-02,S004-P0011,Clothing,108,867,59.04,58.195,117.93139
2024-01-03,S004-P0011,Clothing,151,775,55.88,58.195,123.71787
2024-01-04,S004-P0011,Clothing,114,644,57.04,58.195,134.79932
2024-01-05,S004-P0011,Clothing,206,563,68.78,58.195,143.80882
2024-01-06,S004-P0011,Clothing,209,340,64.91,58.195,143.43056
2024-01-07,S004-P0011,Clothing,122,127,61.68,58.195,110.562065
2024-01-08,S004-P0011,Clothing,161,37,68.96,58.195,117.67707
2024-01-09,S004-P0011,Clothing,99,908,63.57,58.195,104.99647
2024-01-10,S004-P0011,Clothing,130,810,66.67,58.195,119.167305
2024-01-11,S004-P0011,Clothing,262,671,78.11,58.195,160.87541
2024-01-12,S004-P0011,Clothing,8,366,38.17,58.195,103.976845
2024-01-13,S004-P0011,Clothing,215,357,70.91,58.195,151.88129
2024-01-14,S004-P0011,Clothing,120,173,64.57,58.195,119.84523
2024-01-15,S004-P0011,Clothing,158,1307,68.31,58.195,149.51976
2024-01-16,S004-P0011,Clothing,80,1212,53.78,58.195,104.36586
2024-01-17,S004-P0011,Clothing,104,1146,46.12,58.195,134.40395
2024-01-18,S004-P0011,Clothing,181,1040,76.73,58.195,105.140526
2024-01-19,S004-P0011,Clothing,101,850,63.91,58.195,105.373116
2024-01-20,S004-P0011,Clothing,101,778,54.7,58.195,164.40468
2024-01-21,S004-P0011,Clothing,116,683,63.84,58.195,104.70389
2024-01-22,S004-P0011,Clothing,168,604,70.38,58.195,117.80592
2024-01-23,S004-P0011,Clothing,131,426,66.86,58.195,119.6215
2024-01-24,S004-P0011,Clothing,82,280,54.02,58.195,104.157845
2024-01-25,S004-P0011,Clothing,153,221,74.85,58.195,118.269196
2024-01-26,S004-P0011,Clothing,88,851,58.18,58.195,131.14061
2024-01-27,S004-P0011,Clothing,55,767,46.54,58.195,118.73932
2024-01-28,S004-P0011,Clothing,55,720,46.46,58.195,129.92154
2024-01-29,S004-P0011,Clothing,97,680,63.24,58.195,129.62868
2024-01-30,S004-P0011,Clothing,96,596,53.84,58.195,103.885796
2023-10-03,S004-P0012,Electronics,137,125,118.11,106.785,110.74178
2023-10-04,S004-P0012,Electronics,34,164,96.56,106.785,87.160645
2023-10-05,S004-P0012,Electronics,103,140,118.25,106.785,104.43824
2023-10-06,S004-P0012,Electronics,70,150,100.41,106.785,104.89177
2023-10-07,S004-P0012,Electronics,46,90,86.56,106.785,45.15899
2023-10-08,S004-P0012,Electronics,47,49,96.91,106.785,48.5049
2023-10-09,S004-P0012,Electronics,47,68,96.82,106.785,55.681973
2023-10-10,S004-P0012,Electronics,63,72,92.64,106.785,59.208046
2023-10-11,S004-P0012,Electronics,49,89,92.33,106.785,45.488796
2023-10-12,S004-P0012,Electronics,56,93,90.3,106.785,60.30104
2023-10-13,S004-P0012,Electronics,36,88,69.25,106.785,67.37446
2023-10-14,S004-P0012,Electronics,72,46,90.45,106.785,74.6756
2023-10-15,S004-P0012,Electronics,61,81,96.89,106.785,58.7175
2023-10-16,S004-P0012,Electronics,40,95,89.47,106.785,46.215733
2023-10-17,S004-P0012,Electronics,33,69,86.47,106.785,50.617516
2023-10-18,S004-P0012,Electronics,80,85,93.0,106.785,65.73507
2023-10-19,S004-P0012,Electronics,88,108,118.58,106.785,47.78045
2023-10-20,S004-P0012,Electronics,23,148,83.01,106.785,60.56277
2023-10-21,S004-P0012,Electronics,52,131,79.06,106.785,58.784904
2023-10-22,S004-P0012,Electronics,51,91,88.31,106.785,48.89612
2023-10-23,S004-P0012,Electronics,70,111,105.52,106.785,45.834614
2023-10-24,S004-P0012,Electronics,59,119,106.73,106.785,45.088795
2023-10-25,S004-P0012,Electronics,108,73,108.02,106.785,134.78087
2023-10-26,S004-P0012,Electronics,128,124,134.68,106.785,104.43824
2023-10-27,S004-P0012,Electronics,119,147,124.58,106.785,104.56675
2023-10-28,S004-P0012,Electronics,110,176,120.78,106.785,87.418915
2023-10-29,S004-P0012,Electronics,49,60,92.2,106.785,87.7087
2023-10-30,S004-P0012,Electronics,90,65,101.76,106.785,88.02364
2023-10-31,S004-P0012,Electronics,65,74,109.1,106.785,105.630974
2023-11-01,S004-P0012,Electronics,220,84,146.04,106.785,115.231026
2023-11-02,S004-P0012,Electronics,115,189,129.31,106.785,93.232994
2023-11-03,S004-P0012,Electronics,98,65,104.12,106.785,110.90156
2023-11-04,S004-P0012,Electronics,153,109,137.63,106.785,95.69169
2023-11-05,S004-P0012,Electronics,41,161,85.12,106.785,94.83706
2023-11-06,S004-P0012,Electronics,92,116,108.15,106.785,81.67892
2023-11-07,S004-P0012,Electronics,99,159,116.7,106.785,105.656204
2023-11-08,S004-P0012,Electronics,92,59,102.48,106.785,95.80342
2023-11-09,S004-P0012,Electronics,133,102,116.73,106.785,127.36999
2023-11-10,S004-P0012,Electronics,145,158,127.14,106.785,137.62949
2023-11-11,S004-P0012,Electronics,133,196,129.64,106.785,106.753456
2023-11-12,S004-P0012,Electronics,115,104,110.42,106.785,94.83706
2023-11-13,S004-P0012,Electronics,106,123,113.6,106.785,81.856255
2023-11-14,S004-P0012,Electronics,169,162,128.41,106.785,110.488365
2023-11-15,S004-P0012,Electronics,87,158,112.27,106.785,107.30825
2023-11-16,S004-P0012,Electronics,113,102,128.54,106.785,93.232994
2023-11-17,S004-P0012,Electronics,159,145,132.48,106.785,104.87046
2023-11-18,S004-P0012,Electronics,202,214,123.47,106.785,141.66487
2023-11-19,S004-P0012,Electronics,111,265,90.91,106.785,124.04028
2023-11-20,S004-P0012,Electronics,74,174,101.29,106.785,81.12284
2023-11-21,S004-P0012,Electronics,86,107,111.6,106.785,84.01554
2023-11-22,S004-P0012,Electronics,162,147,133.75,106.785,106.725815
2023-11-23,S004-P0012,Electronics,214,196,120.57,106.785,129.20985
2023-11-24,S004-P0012,Electronics,174,206,137.74,106.785,124.357765
2023-11-25,S004-P0012,Electronics,119,203,124.38,106.785,85.9291
2023-11-26,S004-P0012,Electronics,108,109,102.05,106.785,110.79767
2023-11-27,S004-P0012,Electronics,139,96,132.08,106.785,92.82168
2023-11-28,S004-P0012,Electronics,108,113,113.7,106.785,94.35874
2023-11-29,S004-P0012,Electronics,145,97,141.47,106.785,107.30825
2023-11-30,S004-P0012,Electronics,110,121,114.58,106.785,80.60198
2023-12-01,S004-P0012,Electronics,108,130,126.36,106.785,83.7967
2023-12-02,S004-P0012,Electronics,99,171,104.32,106.785,109.45669
2023-12-03,S004-P0012,Electronics,121,69,118.65,106.785,107.158806
2023-12-04,S004-P0012,Electronics,109,128,114.3,106.785,86.13828
2023-12-05,S004-P0012,Electronics,130,166,128.79,106.785,106.13303
2023-12-06,S004-P0012,Electronics,137,151,138.13,106.785,107.08997
2023-12-07,S004-P0012,Electronics,116,117,129.91,106.785,103.90157
2023-12-08,S004-P0012,Electronics,97,153,115.8,106.785,83.58551
2023-12-09,S004-P0012,Electronics,81,71,98.82,106.785,134.27745
2023-12-10,S004-P0012,Electronics,88,92,94.62,106.785,106.85618
2023-12-11,S004-P0012,Electronics,89,119,94.95,106.785,109.00901
2023-12-12,S004-P0012,Electronics,138,106,131.62,106.785,85.1574
2023-12-13,S004-P0012,Electronics,105,155,107.09,106.785,99.333595
2023-12-14,S004-P0012,Electronics,97,50,104.26,106.785,96.25202
2023-12-15,S004-P0012,Electronics,108,114,96.27,106.785,107.7001
2023-12-16,S004-P0012,Electronics,64,143,92.79,106.785,107.558556
2023-12-17,S004-P0012,Electronics,144,98,114.03,106.785,120.18317
2023-12-18,S004-P0012,Electronics,96,152,109.8,106.785,85.5718
2023-12-19,S004-P0012,Electronics,137,42,117.35,106.785,133.6417
2023-12-20,S004-P0012,Electronics,80,158,115.33,106.785,85.61873
2023-12-21,S004-P0012,Electronics,113,110,115.51,106.785,104.5886
2023-12-22,S004-P0012,Electronics,173,126,114.74,106.785,107.95455
2023-12-23,S004-P0012,Electronics,123,203,119.78,106.785,85.422264
2023-12-24,S004-P0012,Electronics,51,127,98.38,106.785,95.115166
2023-12-25,S004-P0012,Electronics,160,67,111.98,106.785,122.485146
2023-12-26,S004-P0012,Electronics,141,174,132.8,106.785,97.800476
2023-12-27,S004-P0012,Electronics,65,200,98.32,106.785,46.046097
2023-12-28,S004-P0012,Electronics,44,126,90.92,106.785,44.92055
2023-12-29,S004-P0012,Electronics,37,99,92.7,106.785,46.78746
2023-12-30,S004-P0012,Electronics,56,65,105.34,106.785,59.158375
2023-12-31,S004-P0012,Electronics,49,70,92.33,106.785,47.48744
2024-01-01,S004-P0012,Electronics,74,86,107.12,106.785,55.17606
2024-01-02,S004-P0012,Electronics,67,122,109.97,106.785,57.27404
2024-01-03,S004-P0012,Electronics,80,69,103.79,106.785,43.24048
2024-01-04,S004-P0012,Electronics,45,83,86.43,106.785,49.765575
2024-01-05,S004-P0012,Electronics,65,92,98.16,106.785,54.871002
2024-01-06,S004-P0012,Electronics,49,104,97.43,106.785,57.798813
2024-01-07,S004-P0012,Electronics,75,67,101.68,106.785,70.03158
2024-01-08,S004-P0012,Electronics,36,73,97.45,106.785,56.051132
2024-01-09,S004-P0012,Electronics,147,91,115.01,106.785,109.32862
2024-01-10,S004-P0012,Electronics,121,169,118.72,106.785,96.30842
2024-01-11,S004-P0012,Electronics,190,27,121.34,106.785,132.66154
2024-01-12,S004-P0012,Electronics,98,153,91.71,106.785,108.38647
2024-01-13,S004-P0012,Electronics,189,49,135.28,106.785,122.7696
2024-01-14,S004-P0012,Electronics,128,214,115.24,106.785,93.70817
2024-01-15,S004-P0012,Electronics,90,70,113.39,106.785,93.87995
2024-01-16,S004-P0012,Electronics,90,97,119.29,106.785,83.80196
2024-01-17,S004-P0012,Electronics,109,127,107.92,106.785,110.0121
2024-01-18,S004-P0012,Electronics,144,145,107.21,106.785,109.23701
2024-01-19,S004-P0012,Electronics,66,133,93.75,106.785,84.01855
2024-01-20,S004-P0012,Electronics,159,93,132.53,106.785,104.15024
2024-01-21,S004-P0012,Electronics,79,173,108.98,106.785,83.609146
2024-01-22,S004-P0012,Electronics,107,115,113.59,106.785,122.19913
2024-01-23,S004-P0012,Electronics,99,135,105.2,106.785,122.62467
2024-01-24,S004-P0012,Electronics,87,160,106.65,106.785,84.51595
2024-01-25,S004-P0012,Electronics,120,93,99.94,106.785,121.09649
2024-01-26,S004-P0012,Electronics,81,120,115.69,106.785,102.205956
2024-01-27,S004-P0012,Electronics,51,123,88.58,106.785,95.60843
2024-01-28,S004-P0012,Electronics,146,67,127.82,106.785,101.48784
2024-01-29,S004-P0012,Electronics,166,159,142.51,106.785,102.5555
2024-01-30,S004-P0012,Electronics,91,201,119.62,106.785,83.80196
2023-10-03,S004-P0013,Groceries,200,185,24.76,20.34,127.07239
2023-10-04,S004-P0013,Groceries,143,0,23.62,20.34,101.11533
2023-10-05,S004-P0013,Groceries,127,409,21.33,20.34,124.475945
2023-10-06,S004-P0013,Groceries,145,867,23.74,20.34,123.81568
2023-10-07,S004-P0013,Groceries,78,765,17.3,20.34,64.794876
2023-10-08,S004-P0013,Groceries,61,681,17.12,20.34,69.26901
2023-10-09,S004-P0013,Groceries,110,633,20.23,20.34,79.21833
2023-10-10,S004-P0013,Groceries,81,523,14.54,20.34,84.229996
2023-10-11,S004-P0013,Groceries,78,469,18.21,20.34,64.93533
2023-10-12,S004-P0013,Groceries,96,419,18.41,20.34,85.40061
2023-10-13,S004-P0013,Groceries,54,338,16.65,20.34,74.59585
2023-10-14,S004-P0013,Groceries,66,275,16.55,20.34,79.34486
2023-10-15,S004-P0013,Groceries,117,206,21.84,20.34,82.8263
2023-10-16,S004-P0013,Groceries,117,97,17.27,20.34,84.50208
2023-10-17,S004-P0013,Groceries,51,219,13.05,20.34,94.29711
2023-10-18,S004-P0013,Groceries,51,509,17.34,20.34,71.585556
2023-10-19,S004-P0013,Groceries,58,453,16.07,20.34,66.49291
2023-10-20,S004-P0013,Groceries,82,383,18.47,20.34,85.19655
2023-10-21,S004-P0013,Groceries,41,315,15.87,20.34,64.04592
2023-10-22,S004-P0013,Groceries,84,280,14.68,20.34,86.14725
2023-10-23,S004-P0013,Groceries,56,219,14.16,20.34,84.217384
2023-10-24,S004-P0013,Groceries,35,163,16.3,20.34,64.07455
2023-10-25,S004-P0013,Groceries,261,363,29.93,20.34,160.06319
2023-10-26,S004-P0013,Groceries,117,75,21.87,20.34,123.9141
2023-10-27,S004-P0013,Groceries,80,0,19.35,20.34,124.12562
2023-10-28,S004-P0013,Groceries,57,711,17.8,20.34,97.24175
2023-10-29,S004-P0013,Groceries,115,671,20.6,20.34,96.71009
2023-10-30,S004-P0013,Groceries,83,576,19.54,20.34,97.38333
2023-10-31,S004-P0013,Groceries,71,518,16.83,20.34,124.38125
2023-11-01,S004-P0013,Groceries,209,446,22.19,20.34,136.06206
2023-11-02,S004-P0013,Groceries,160,252,26.06,20.34,109.69672
2023-11-03,S004-P0013,Groceries,109,147,22.42,20.34,100.89497
2023-11-04,S004-P0013,Groceries,103,527,21.98,20.34,111.58961
2023-11-05,S004-P0013,Groceries,161,414,22.35,20.34,149.62027
2023-11-06,S004-P0013,Groceries,97,227,18.45,20.34,95.45388
2023-11-07,S004-P0013,Groceries,102,125,19.75,20.34,122.446815
2023-11-08,S004-P0013,Groceries,161,416,22.36,20.34,151.65536
2023-11-09,S004-P0013,Groceries,136,286,24.39,20.34,109.69672
2023-11-10,S004-P0013,Groceries,111,186,20.39,20.34,124.9873
2023-11-11,S004-P0013,Groceries,126,526,22.45,20.34,122.88529
2023-11-12,S004-P0013,Groceries,188,377,26.68,20.34,114.05101
2023-11-13,S004-P0013,Groceries,121,160,19.93,20.34,95.45388
2023-11-14,S004-P0013,Groceries,112,45,18.28,20.34,130.24052
2023-11-15,S004-P0013,Groceries,134,643,24.23,20.34,124.17332
2023-11-16,S004-P0013,Groceries,4,517,11.95,20.34,152.23169
2023-11-17,S004-P0013,Groceries,91,513,20.11,20.34,124.9873
2023-11-18,S004-P0013,Groceries,126,454,16.84,20.34,166.81068
2023-11-19,S004-P0013,Groceries,93,335,20.23,20.34,112.730774
2023-11-20,S004-P0013,Groceries,33,246,14.46,20.34,135.34352
2023-11-21,S004-P0013,Groceries,104,610,17.82,20.34,134.52464
2023-11-22,S004-P0013,Groceries,90,534,18.03,20.34,123.37098
2023-11-23,S004-P0013,Groceries,122,468,21.02,20.34,152.05739
2023-11-24,S004-P0013,Groceries,71,368,18.72,20.34,112.41392
2023-11-25,S004-P0013,Groceries,82,292,14.61,20.34,135.01491
2023-11-26,S004-P0013,Groceries,50,198,17.28,20.34,101.11204
2023-11-27,S004-P0013,Groceries,133,161,21.79,20.34,109.33529
2023-11-28,S004-P0013,Groceries,89,294,19.94,20.34,110.57932
2023-11-29,S004-P0013,Groceries,155,239,24.46,20.34,123.30271
2023-11-30,S004-P0013,Groceries,173,398,23.1,20.34,96.22176
2023-12-01,S004-P0013,Groceries,112,209,17.19,20.34,127.983376
2023-12-02,S004-P0013,Groceries,116,530,19.51,20.34,131.31316
2023-12-03,S004-P0013,Groceries,110,414,21.4,20.34,96.2297
2023-12-04,S004-P0013,Groceries,112,324,17.19,20.34,127.41096
2023-12-05,S004-P0013,Groceries,196,201,24.48,20.34,161.53824
2023-12-06,S004-P0013,Groceries,120,429,18.76,20.34,160.91971
2023-12-07,S004-P0013,Groceries,165,307,23.86,20.34,121.16365
2023-12-08,S004-P0013,Groceries,85,823,19.65,20.34,96.120735
2023-12-09,S004-P0013,Groceries,127,722,22.53,20.34,125.13848
2023-12-10,S004-P0013,Groceries,79,574,18.27,20.34,95.82665
2023-12-11,S004-P0013,Groceries,128,489,21.37,20.34,98.76794
2023-12-12,S004-P0013,Groceries,157,362,25.83,20.34,98.450615
2023-12-13,S004-P0013,Groceries,194,255,22.8,20.34,147.33437
2023-12-14,S004-P0013,Groceries,186,68,26.55,20.34,110.267654
2023-12-15,S004-P0013,Groceries,117,477,21.85,20.34,96.120735
2023-12-16,S004-P0013,Groceries,4,338,14.94,20.34,125.7364
2023-12-17,S004-P0013,Groceries,176,966,20.69,20.34,145.96584
2023-12-18,S004-P0013,Groceries,131,756,22.81,20.34,99.329796
2023-12-19,S004-P0013,Groceries,77,601,17.2,20.34,123.91039
2023-12-20,S004-P0013,Groceries,148,548,18.93,20.34,131.09636
2023-12-21,S004-P0013,Groceries,148,381,23.98,20.34,121.7443
2023-12-22,S004-P0013,Groceries,118,255,19.61,20.34,128.69928
2023-12-23,S004-P0013,Groceries,182,155,24.96,20.34,98.31893
2023-12-24,S004-P0013,Groceries,130,510,20.47,20.34,109.839
2023-12-25,S004-P0013,Groceries,83,363,18.52,20.34,111.246086
2023-12-26,S004-P0013,Groceries,96,963,18.39,20.34,113.18409
2023-12-27,S004-P0013,Groceries,86,894,16.78,20.34,90.46816
2023-12-28,S004-P0013,Groceries,48,823,16.33,20.34,69.4346
2023-12-29,S004-P0013,Groceries,94,782,20.27,20.34,69.04917
2023-12-30,S004-P0013,Groceries,62,707,16.28,20.34,84.68171
2023-12-31,S004-P0013,Groceries,47,655,16.26,20.34,69.91601
2024-01-01,S004-P0013,Groceries,116,621,19.62,20.34,83.89385
2024-01-02,S004-P0013,Groceries,105,531,19.9,20.34,112.13641
2024-01-03,S004-P0013,Groceries,87,424,17.86,20.34,66.085785
2024-01-04,S004-P0013,Groceries,45,328,17.82,20.34,77.95538
2024-01-05,S004-P0013,Groceries,114,301,18.41,20.34,112.00633
2024-01-06,S004-P0013,Groceries,67,165,17.47,20.34,84.57671
2024-01-07,S004-P0013,Groceries,89,90,17.94,20.34,104.1862
2024-01-08,S004-P0013,Groceries,87,437,17.83,20.34,83.89385
2024-01-09,S004-P0013,Groceries,111,373,19.32,20.34,131.83762
2024-01-10,S004-P0013,Groceries,161,305,23.55,20.34,147.96104
2024-01-11,S004-P0013,Groceries,144,174,22.51,20.34,118.36475
2024-01-12,S004-P0013,Groceries,76,439,17.16,20.34,96.22115
2024-01-13,S004-P0013,Groceries,85,374,19.7,20.34,111.37634
2024-01-14,S004-P0013,Groceries,101,313,20.78,20.34,112.24955
2024-01-15,S004-P0013,Groceries,59,218,17.88,20.34,110.4356
2024-01-16,S004-P0013,Groceries,122,161,16.64,20.34,129.79066
2024-01-17,S004-P0013,Groceries,173,285,19.23,20.34,130.73927
2024-01-18,S004-P0013,Groceries,107,139,20.07,20.34,96.163605
2024-01-19,S004-P0013,Groceries,55,412,17.6,20.34,96.7629
2024-01-20,S004-P0013,Groceries,143,360,22.43,20.34,122.630554
2024-01-21,S004-P0013,Groceries,51,262,16.45,20.34,96.493065
2024-01-22,S004-P0013,Groceries,158,219,23.35,20.34,110.042244
2024-01-23,S004-P0013,Groceries,153,545,22.99,20.34,147.53053
2024-01-24,S004-P0013,Groceries,94,380,20.31,20.34,97.86808
2024-01-25,S004-P0013,Groceries,212,319,21.21,20.34,143.73201
2024-01-26,S004-P0013,Groceries,146,505,25.07,20.34,124.31874
2024-01-27,S004-P0013,Groceries,151,390,18.11,20.34,145.63266
2024-01-28,S004-P0013,Groceries,146,255,23.84,20.34,123.83676
2024-01-29,S004-P0013,Groceries,120,464,19.83,20.34,119.56363
2024-01-30,S004-P0013,Groceries,34,389,16.21,20.34,97.710976
2023-10-03,S004-P0014,Furniture,108,112,178.33,155.89,65.99766
2023-10-04,S004-P0014,Furniture,65,136,153.7,155.89,66.82305
2023-10-05,S004-P0014,Furniture,145,304,209.9,155.89,81.39304
2023-10-06,S004-P0014,Furniture,130,183,181.11,155.89,81.05683
2023-10-07,S004-P0014,Furniture,29,353,133.29,155.89,31.603725
2023-10-08,S004-P0014,Furniture,19,328,120.92,155.89,42.744183
2023-10-09,S004-P0014,Furniture,87,317,138.31,155.89,50.40454
2023-10-10,S004-P0014,Furniture,25,257,131.11,155.89,30.258957
2023-10-11,S004-P0014,Furniture,53,229,122.44,155.89,40.254406
2023-10-12,S004-P0014,Furniture,62,173,126.4,155.89,40.009377
2023-10-13,S004-P0014,Furniture,32,101,142.01,155.89,36.053894
2023-10-14,S004-P0014,Furniture,42,223,140.2,155.89,52.073593
2023-10-15,S004-P0014,Furniture,57,197,133.77,155.89,52.476517
2023-10-16,S004-P0014,Furniture,55,154,155.97,155.89,30.936947
2023-10-17,S004-P0014,Furniture,29,105,132.77,155.89,45.907276
2023-10-18,S004-P0014,Furniture,26,199,131.12,155.89,46.36969
2023-10-19,S004-P0014,Furniture,45,171,126.49,155.89,39.986214
2023-10-20,S004-P0014,Furniture,30,136,148.38,155.89,33.159954
2023-10-21,S004-P0014,Furniture,40,117,139.37,155.89,30.16445
2023-10-22,S004-P0014,Furniture,41,84,116.49,155.89,43.31784
2023-10-23,S004-P0014,Furniture,43,134,148.97,155.89,30.936947
2023-10-24,S004-P0014,Furniture,23,91,144.03,155.89,30.862583
2023-10-25,S004-P0014,Furniture,121,180,195.69,155.89,83.31251
2023-10-26,S004-P0014,Furniture,113,69,190.54,155.89,81.39304
2023-10-27,S004-P0014,Furniture,85,268,165.5,155.89,80.23888
2023-10-28,S004-P0014,Furniture,63,196,152.73,155.89,66.21624
2023-10-29,S004-P0014,Furniture,65,155,153.48,155.89,68.97788
2023-10-30,S004-P0014,Furniture,63,79,152.17,155.89,68.584755
2023-10-31,S004-P0014,Furniture,90,165,168.27,155.89,82.44497
2023-11-01,S004-P0014,Furniture,55,94,156.01,155.89,65.81737
2023-11-02,S004-P0014,Furniture,85,215,148.0,155.89,98.427376
2023-11-03,S004-P0014,Furniture,123,145,157.71,155.89,86.362335
2023-11-04,S004-P0014,Furniture,144,257,176.24,155.89,98.4954
2023-11-05,S004-P0014,Furniture,50,114,145.02,155.89,96.64854
2023-11-06,S004-P0014,Furniture,70,304,148.31,155.89,63.78469
2023-11-07,S004-P0014,Furniture,83,230,172.97,155.89,81.08172
2023-11-08,S004-P0014,Furniture,94,165,152.38,155.89,98.69337
2023-11-09,S004-P0014,Furniture,91,85,168.41,155.89,70.24284
2023-11-10,S004-P0014,Furniture,133,244,162.16,155.89,107.26072
2023-11-11,S004-P0014,Furniture,144,95,165.17,155.89,110.324684
2023-11-12,S004-P0014,Furniture,58,278,118.18,155.89,96.580894
2023-11-13,S004-P0014,Furniture,49,229,144.8,155.89,63.66147
2023-11-14,S004-P0014,Furniture,95,195,142.0,155.89,85.581245
2023-11-15,S004-P0014,Furniture,134,101,162.96,155.89,110.48078
2023-11-16,S004-P0014,Furniture,51,205,138.24,155.89,70.24284
2023-11-17,S004-P0014,Furniture,105,373,185.83,155.89,82.119545
2023-11-18,S004-P0014,Furniture,102,281,174.35,155.89,82.17945
2023-11-19,S004-P0014,Furniture,62,219,168.45,155.89,74.87852
2023-11-20,S004-P0014,Furniture,51,173,145.45,155.89,62.67751
2023-11-21,S004-P0014,Furniture,108,125,178.15,155.89,64.18286
2023-11-22,S004-P0014,Furniture,68,24,164.0,155.89,81.934746
2023-11-23,S004-P0014,Furniture,55,229,148.39,155.89,70.233116
2023-11-24,S004-P0014,Furniture,68,169,155.86,155.89,74.236626
2023-11-25,S004-P0014,Furniture,57,126,148.7,155.89,64.8832
2023-11-26,S004-P0014,Furniture,54,211,163.78,155.89,67.62304
2023-11-27,S004-P0014,Furniture,68,147,155.05,155.89,70.544365
2023-11-28,S004-P0014,Furniture,104,92,167.11,155.89,73.32212
2023-11-29,S004-P0014,Furniture,25,137,138.28,155.89,81.934746
2023-11-30,S004-P0014,Furniture,97,321,171.52,155.89,61.597916
2023-12-01,S004-P0014,Furniture,62,210,144.15,155.89,66.03346
2023-12-02,S004-P0014,Furniture,49,154,152.39,155.89,65.76205
2023-12-03,S004-P0014,Furniture,69,106,147.83,155.89,86.68583
2023-12-04,S004-P0014,Furniture,102,157,183.97,155.89,66.37989
2023-12-05,S004-P0014,Furniture,59,58,142.82,155.89,82.695724
2023-12-06,S004-P0014,Furniture,24,247,137.42,155.89,83.57601
2023-12-07,S004-P0014,Furniture,54,232,155.36,155.89,80.28705
2023-12-08,S004-P0014,Furniture,66,192,146.26,155.89,66.03346
2023-12-09,S004-P0014,Furniture,137,142,184.89,155.89,108.41244
2023-12-10,S004-P0014,Furniture,66,53,121.79,155.89,86.57796
2023-12-11,S004-P0014,Furniture,82,312,145.04,155.89,86.7187
2023-12-12,S004-P0014,Furniture,65,244,137.77,155.89,86.30331
2023-12-13,S004-P0014,Furniture,87,199,157.79,155.89,76.34536
2023-12-14,S004-P0014,Furniture,92,145,150.28,155.89,96.30092
2023-12-15,S004-P0014,Furniture,41,276,139.69,155.89,66.03346
2023-12-16,S004-P0014,Furniture,177,243,171.94,155.89,108.43041
2023-12-17,S004-P0014,Furniture,43,55,148.57,155.89,74.58402
2023-12-18,S004-P0014,Furniture,49,343,144.44,155.89,66.67802
2023-12-19,S004-P0014,Furniture,53,296,162.78,155.89,82.82823
2023-12-20,S004-P0014,Furniture,71,245,165.8,155.89,66.1617
2023-12-21,S004-P0014,Furniture,107,166,177.1,155.89,104.85355
2023-12-22,S004-P0014,Furniture,44,101,134.67,155.89,66.03346
2023-12-23,S004-P0014,Furniture,89,260,140.98,155.89,86.90011
2023-12-24,S004-P0014,Furniture,149,178,191.23,155.89,96.74907
2023-12-25,S004-P0014,Furniture,72,15,149.78,155.89,74.326515
2023-12-26,S004-P0014,Furniture,41,346,140.01,155.89,75.18069
2023-12-27,S004-P0014,Furniture,17,300,133.19,155.89,31.983578
2023-12-28,S004-P0014,Furniture,37,288,145.26,155.89,31.112173
2023-12-29,S004-P0014,Furniture,29,260,147.73,155.89,33.260143
2023-12-30,S004-P0014,Furniture,36,240,144.5,155.89,39.65
2023-12-31,S004-P0014,Furniture,27,217,125.11,155.89,34.178867
2024-01-01,S004-P0014,Furniture,64,198,128.98,155.89,55.44464
2024-01-02,S004-P0014,Furniture,15,136,118.99,155.89,38.234768
2024-01-03,S004-P0014,Furniture,57,120,141.26,155.89,30.571209
2024-01-04,S004-P0014,Furniture,42,53,148.36,155.89,35.44101
2024-01-05,S004-P0014,Furniture,43,145,141.08,155.89,57.202293
2024-01-06,S004-P0014,Furniture,51,100,153.46,155.89,39.317062
2024-01-07,S004-P0014,Furniture,30,67,133.41,155.89,36.187515
2024-01-08,S004-P0014,Furniture,32,149,134.85,155.89,37.55142
2024-01-09,S004-P0014,Furniture,74,112,158.44,155.89,86.909935
2024-01-10,S004-P0014,Furniture,69,57,164.17,155.89,74.59747
2024-01-11,S004-P0014,Furniture,101,179,165.39,155.89,79.47723
2024-01-12,S004-P0014,Furniture,86,68,174.64,155.89,65.66393
2024-01-13,S004-P0014,Furniture,117,169,193.46,155.89,74.17935
2024-01-14,S004-P0014,Furniture,104,237,195.33,155.89,73.268906
2024-01-15,S004-P0014,Furniture,54,158,147.44,155.89,72.67849
2024-01-16,S004-P0014,Furniture,108,326,159.54,155.89,86.07733
2024-01-17,S004-P0014,Furniture,70,229,156.05,155.89,64.82548
2024-01-18,S004-P0014,Furniture,82,157,144.86,155.89,85.25968
2024-01-19,S004-P0014,Furniture,78,63,153.09,155.89,87.31925
2024-01-20,S004-P0014,Furniture,110,199,170.12,155.89,107.74794
2024-01-21,S004-P0014,Furniture,110,68,160.58,155.89,86.86029
2024-01-22,S004-P0014,Furniture,103,218,147.67,155.89,95.61611
2024-01-23,S004-P0014,Furniture,90,137,168.0,155.89,73.78947
2024-01-24,S004-P0014,Furniture,65,238,170.31,155.89,65.03008
2024-01-25,S004-P0014,Furniture,57,167,157.17,155.89,72.53219
2024-01-26,S004-P0014,Furniture,85,111,173.79,155.89,80.460686
2024-01-27,S004-P0014,Furniture,112,148,142.69,155.89,97.98809
2024-01-28,S004-P0014,Furniture,126,45,188.25,155.89,80.538315
2024-01-29,S004-P0014,Furniture,83,252,164.0,155.89,78.99005
2024-01-30,S004-P0014,Furniture,39,379,138.93,155.89,64.201035
2023-10-03,S004-P0015,Furniture,74,253,91.92,89.98,65.99766
2023-10-04,S004-P0015,Furniture,50,167,88.54,89.98,66.82305
2023-10-05,S004-P0015,Furniture,59,119,87.12,89.98,81.5646
2023-10-06,S004-P0015,Furniture,137,274,106.88,89.98,106.48875
2023-10-07,S004-P0015,Furniture,38,190,71.75,89.98,41.01031
2023-10-08,S004-P0015,Furniture,12,147,67.83,89.98,42.744183
2023-10-09,S004-P0015,Furniture,46,474,73.48,89.98,49.905556
2023-10-10,S004-P0015,Furniture,53,432,89.43,89.98,30.258957
2023-10-11,S004-P0015,Furniture,19,394,77.75,89.98,32.29511
2023-10-12,S004-P0015,Furniture,31,379,73.71,89.98,31.21422
2023-10-13,S004-P0015,Furniture,29,350,81.05,89.98,36.50511
2023-10-14,S004-P0015,Furniture,74,319,96.8,89.98,37.770294
2023-10-15,S004-P0015,Furniture,68,265,71.09,89.98,53.871647
2023-10-16,S004-P0015,Furniture,72,219,101.2,89.98,30.936947
2023-10-17,S004-P0015,Furniture,39,160,84.7,89.98,34.582203
2023-10-18,S004-P0015,Furniture,75,320,97.09,89.98,34.9274
2023-10-19,S004-P0015,Furniture,44,271,86.58,89.98,31.373077
2023-10-20,S004-P0015,Furniture,40,225,80.56,89.98,32.486538
2023-10-21,S004-P0015,Furniture,16,198,76.62,89.98,30.461908
2023-10-22,S004-P0015,Furniture,46,187,73.49,89.98,42.753407
2023-10-23,S004-P0015,Furniture,23,149,75.19,89.98,30.9625
2023-10-24,S004-P0015,Furniture,42,135,76.61,89.98,39.55221
2023-10-25,S004-P0015,Furniture,42,216,85.76,89.98,83.31251
2023-10-26,S004-P0015,Furniture,79,174,83.06,89.98,105.73412
2023-10-27,S004-P0015,Furniture,87,104,101.24,89.98,80.23888
2023-10-28,S004-P0015,Furniture,6,199,58.46,89.98,87.69659
2023-10-29,S004-P0015,Furniture,83,406,90.07,89.98,68.97788
2023-10-30,S004-P0015,Furniture,55,322,90.22,89.98,67.63603
2023-10-31,S004-P0015,Furniture,86,269,106.25,89.98,82.41219
2023-11-01,S004-P0015,Furniture,80,215,93.69,89.98,87.22675
2023-11-02,S004-P0015,Furniture,106,147,102.41,89.98,97.78454
2023-11-03,S004-P0015,Furniture,69,301,95.21,89.98,66.84234
2023-11-04,S004-P0015,Furniture,19,251,73.8,89.98,74.002975
2023-11-05,S004-P0015,Furniture,94,524,93.55,89.98,73.89974
2023-11-06,S004-P0015,Furniture,81,459,104.35,89.98,63.786026
2023-11-07,S004-P0015,Furniture,49,404,92.95,89.98,81.08172
2023-11-08,S004-P0015,Furniture,93,372,92.99,89.98,74.390564
2023-11-09,S004-P0015,Furniture,67,299,89.84,89.98,70.233116
2023-11-10,S004-P0015,Furniture,66,245,94.09,89.98,82.44431
2023-11-11,S004-P0015,Furniture,107,517,96.83,89.98,108.589066
2023-11-12,S004-P0015,Furniture,93,389,103.45,89.98,74.87852
2023-11-13,S004-P0015,Furniture,76,333,92.78,89.98,63.66147
2023-11-14,S004-P0015,Furniture,93,256,93.15,89.98,62.72869
2023-11-15,S004-P0015,Furniture,94,176,109.44,89.98,81.934746
2023-11-16,S004-P0015,Furniture,75,63,102.15,89.98,70.86058
2023-11-17,S004-P0015,Furniture,29,294,85.47,89.98,82.44431
2023-11-18,S004-P0015,Furniture,105,273,96.81,89.98,82.17945
2023-11-19,S004-P0015,Furniture,97,182,99.48,89.98,73.89974
2023-11-20,S004-P0015,Furniture,95,108,87.74,89.98,86.81924
2023-11-21,S004-P0015,Furniture,81,275,89.24,89.98,86.21276
2023-11-22,S004-P0015,Furniture,149,203,92.14,89.98,111.55819
2023-11-23,S004-P0015,Furniture,69,80,76.18,89.98,99.49699
2023-11-24,S004-P0015,Furniture,29,319,85.56,89.98,74.888565
2023-11-25,S004-P0015,Furniture,60,661,82.85,89.98,64.8832
2023-11-26,S004-P0015,Furniture,60,589,72.67,89.98,87.06188
2023-11-27,S004-P0015,Furniture,47,525,78.71,89.98,96.289085
2023-11-28,S004-P0015,Furniture,113,475,99.4,89.98,97.386604
2023-11-29,S004-P0015,Furniture,85,384,100.67,89.98,82.16499
2023-11-30,S004-P0015,Furniture,60,297,87.29,89.98,61.597916
2023-12-01,S004-P0015,Furniture,61,244,87.48,89.98,66.03346
2023-12-02,S004-P0015,Furniture,110,172,92.17,89.98,86.90011
2023-12-03,S004-P0015,Furniture,112,57,82.52,89.98,86.57796
2023-12-04,S004-P0015,Furniture,89,150,91.95,89.98,66.67802
2023-12-05,S004-P0015,Furniture,98,345,105.06,89.98,82.82823
2023-12-06,S004-P0015,Furniture,95,267,78.15,89.98,108.83788
2023-12-07,S004-P0015,Furniture,34,181,74.71,89.98,80.6143
2023-12-08,S004-P0015,Furniture,51,438,93.61,89.98,65.62371
2023-12-09,S004-P0015,Furniture,87,388,101.42,89.98,83.34143
2023-12-10,S004-P0015,Furniture,53,309,84.97,89.98,65.797035
2023-12-11,S004-P0015,Furniture,30,248,73.51,89.98,66.67802
2023-12-12,S004-P0015,Furniture,35,213,87.7,89.98,65.29621
2023-12-13,S004-P0015,Furniture,68,190,84.67,89.98,99.30678
2023-12-14,S004-P0015,Furniture,96,133,83.55,89.98,96.30092
2023-12-15,S004-P0015,Furniture,50,72,84.14,89.98,65.68506
2023-12-16,S004-P0015,Furniture,119,274,95.65,89.98,108.04909
2023-12-17,S004-P0015,Furniture,66,373,70.49,89.98,96.95914
2023-12-18,S004-P0015,Furniture,85,323,100.6,89.98,66.37989
2023-12-19,S004-P0015,Furniture,100,259,95.29,89.98,82.695724
2023-12-20,S004-P0015,Furniture,89,187,102.24,89.98,66.095055
2023-12-21,S004-P0015,Furniture,68,304,89.98,89.98,80.28705
2023-12-22,S004-P0015,Furniture,37,263,75.55,89.98,66.03346
2023-12-23,S004-P0015,Furniture,74,232,91.78,89.98,65.86887
2023-12-24,S004-P0015,Furniture,77,167,97.79,89.98,74.413
2023-12-25,S004-P0015,Furniture,120,107,101.43,89.98,97.834236
2023-12-26,S004-P0015,Furniture,79,262,93.74,89.98,75.160255
2023-12-27,S004-P0015,Furniture,51,175,79.48,89.98,43.392315
2023-12-28,S004-P0015,Furniture,47,522,78.21,89.98,43.669575
2023-12-29,S004-P0015,Furniture,26,471,84.33,89.98,33.260143
2023-12-30,S004-P0015,Furniture,27,444,80.59,89.98,40.820263
2023-12-31,S004-P0015,Furniture,25,424,75.74,89.98,33.918816
2024-01-01,S004-P0015,Furniture,53,409,84.82,89.98,56.39039
2024-01-02,S004-P0015,Furniture,21,375,82.51,89.98,39.909657
2024-01-03,S004-P0015,Furniture,26,356,60.25,89.98,42.688118
2024-01-04,S004-P0015,Furniture,23,339,71.34,89.98,34.74641
2024-01-05,S004-P0015,Furniture,23,321,75.27,89.98,39.213757
2024-01-06,S004-P0015,Furniture,42,295,85.91,89.98,40.449257
2024-01-07,S004-P0015,Furniture,35,255,66.77,89.98,49.74869
2024-01-08,S004-P0015,Furniture,46,217,87.22,89.98,37.55142
2024-01-09,S004-P0015,Furniture,78,168,83.47,89.98,86.07733
2024-01-10,S004-P0015,Furniture,32,91,82.1,89.98,74.59747
2024-01-11,S004-P0015,Furniture,67,231,94.54,89.98,80.10395
2024-01-12,S004-P0015,Furniture,21,393,74.46,89.98,87.31925
2024-01-13,S004-P0015,Furniture,131,368,92.12,89.98,97.98809
2024-01-14,S004-P0015,Furniture,144,275,121.1,89.98,73.254395
2024-01-15,S004-P0015,Furniture,127,106,109.65,89.98,72.28623
2024-01-16,S004-P0015,Furniture,69,322,94.95,89.98,64.488846
2024-01-17,S004-P0015,Furniture,65,269,89.14,89.98,64.80851
2024-01-18,S004-P0015,Furniture,71,622,100.82,89.98,64.015526
2024-01-19,S004-P0015,Furniture,29,546,81.11,89.98,65.66393
2024-01-20,S004-P0015,Furniture,55,514,85.39,89.98,107.74794
2024-01-21,S004-P0015,Furniture,67,453,89.39,89.98,66.28851
2024-01-22,S004-P0015,Furniture,71,375,95.97,89.98,72.31901
2024-01-23,S004-P0015,Furniture,61,291,83.07,89.98,74.00008
2024-01-24,S004-P0015,Furniture,69,247,99.96,89.98,65.03008
2024-01-25,S004-P0015,Furniture,73,168,86.99,89.98,72.61679
2024-01-26,S004-P0015,Furniture,89,111,91.45,89.98,105.16421
2024-01-27,S004-P0015,Furniture,131,282,87.52,89.98,97.98809
2024-01-28,S004-P0015,Furniture,88,126,76.2,89.98,104.47324
2024-01-29,S004-P0015,Furniture,66,346,84.8,89.98,78.99005
2024-01-30,S004-P0015,Furniture,40,292,80.54,89.98,64.201035
2023-10-03,S004-P0016,Furniture,77,247,112.78,109.68,66.24763
2023-10-04,S004-P0016,Furniture,109,552,119.27,109.68,86.30091
2023-10-05,S004-P0016,Furniture,106,480,117.47,109.68,105.45313
2023-10-06,S004-P0016,Furniture,106,370,118.28,109.68,106.48875
2023-10-07,S004-P0016,Furniture,29,295,93.6,109.68,41.42941
2023-10-08,S004-P0016,Furniture,22,272,100.79,109.68,33.835598
2023-10-09,S004-P0016,Furniture,45,251,99.94,109.68,50.039505
2023-10-10,S004-P0016,Furniture,34,204,95.54,109.68,30.020636
2023-10-11,S004-P0016,Furniture,39,169,92.67,109.68,31.276953
2023-10-12,S004-P0016,Furniture,42,129,109.68,109.68,31.934378
2023-10-13,S004-P0016,Furniture,81,101,108.52,109.68,46.16739
2023-10-14,S004-P0016,Furniture,43,39,94.3,109.68,37.324047
2023-10-15,S004-P0016,Furniture,23,136,91.33,109.68,40.499847
2023-10-16,S004-P0016,Furniture,21,340,95.31,109.68,30.936947
2023-10-17,S004-P0016,Furniture,41,318,98.85,109.68,34.582203
2023-10-18,S004-P0016,Furniture,17,272,83.97,109.68,45.872673
2023-10-19,S004-P0016,Furniture,36,256,96.36,109.68,31.21422
2023-10-20,S004-P0016,Furniture,22,231,91.14,109.68,32.719376
2023-10-21,S004-P0016,Furniture,35,213,91.11,109.68,30.16445
2023-10-22,S004-P0016,Furniture,20,189,94.89,109.68,34.05538
2023-10-23,S004-P0016,Furniture,54,168,97.77,109.68,39.030487
2023-10-24,S004-P0016,Furniture,28,105,93.09,109.68,30.020636
2023-10-25,S004-P0016,Furniture,101,78,122.25,109.68,83.62399
2023-10-26,S004-P0016,Furniture,53,145,103.52,109.68,81.5646
2023-10-27,S004-P0016,Furniture,68,92,115.31,109.68,80.23888
2023-10-28,S004-P0016,Furniture,119,338,123.14,109.68,86.91825
2023-10-29,S004-P0016,Furniture,29,211,98.82,109.68,68.47291
2023-10-30,S004-P0016,Furniture,67,179,115.07,109.68,67.63603
2023-10-31,S004-P0016,Furniture,85,406,122.61,109.68,82.41219
2023-11-01,S004-P0016,Furniture,111,350,120.04,109.68,87.22675
2023-11-02,S004-P0016,Furniture,59,244,111.65,109.68,70.86058
2023-11-03,S004-P0016,Furniture,81,204,108.24,109.68,86.229546
2023-11-04,S004-P0016,Furniture,93,412,126.07,109.68,74.43708
2023-11-05,S004-P0016,Furniture,97,331,100.6,109.68,96.580894
2023-11-06,S004-P0016,Furniture,58,254,105.21,109.68,63.78469
2023-11-07,S004-P0016,Furniture,90,185,112.27,109.68,81.79759
2023-11-08,S004-P0016,Furniture,99,359,121.64,109.68,74.390564
2023-11-09,S004-P0016,Furniture,117,296,115.6,109.68,98.427376
2023-11-10,S004-P0016,Furniture,90,210,112.08,109.68,81.84658
2023-11-11,S004-P0016,Furniture,90,108,118.09,109.68,82.17945
2023-11-12,S004-P0016,Furniture,117,450,107.49,109.68,96.580894
2023-11-13,S004-P0016,Furniture,85,311,109.7,109.68,85.46125
2023-11-14,S004-P0016,Furniture,48,214,106.96,109.68,62.865265
2023-11-15,S004-P0016,Furniture,50,157,113.23,109.68,81.934746
2023-11-16,S004-P0016,Furniture,89,98,130.79,109.68,70.86058
2023-11-17,S004-P0016,Furniture,111,13,112.33,109.68,107.26072
2023-11-18,S004-P0016,Furniture,82,155,127.41,109.68,82.02043
2023-11-19,S004-P0016,Furniture,99,378,121.57,109.68,96.64854
2023-11-20,S004-P0016,Furniture,88,277,123.56,109.68,62.575405
2023-11-21,S004-P0016,Furniture,65,189,102.65,109.68,86.21276
2023-11-22,S004-P0016,Furniture,83,149,115.09,109.68,82.8165
2023-11-23,S004-P0016,Furniture,76,288,99.81,109.68,99.49699
2023-11-24,S004-P0016,Furniture,36,198,107.0,109.68,74.888565
2023-11-25,S004-P0016,Furniture,91,170,131.8,109.68,65.73176
2023-11-26,S004-P0016,Furniture,91,83,118.34,109.68,67.027626
2023-11-27,S004-P0016,Furniture,97,13,134.41,109.68,71.25675
2023-11-28,S004-P0016,Furniture,61,234,118.09,109.68,73.55393
2023-11-29,S004-P0016,Furniture,81,176,127.24,109.68,81.934746
2023-11-30,S004-P0016,Furniture,42,455,104.5,109.68,61.421967
2023-12-01,S004-P0016,Furniture,65,421,85.61,109.68,86.81178
2023-12-02,S004-P0016,Furniture,76,361,112.73,109.68,65.76205
2023-12-03,S004-P0016,Furniture,43,286,93.79,109.68,86.53519
2023-12-04,S004-P0016,Furniture,94,256,112.99,109.68,86.63004
2023-12-05,S004-P0016,Furniture,106,161,124.63,109.68,107.597496
2023-12-06,S004-P0016,Furniture,57,56,110.44,109.68,83.57601
2023-12-07,S004-P0016,Furniture,102,247,102.44,109.68,106.40296
2023-12-08,S004-P0016,Furniture,138,134,129.69,109.68,86.761406
2023-12-09,S004-P0016,Furniture,84,0,115.63,109.68,83.421394
2023-12-10,S004-P0016,Furniture,71,309,110.76,109.68,65.797035
2023-12-11,S004-P0016,Furniture,70,728,110.42,109.68,66.37989
2023-12-12,S004-P0016,Furniture,86,654,116.32,109.68,65.36966
2023-12-13,S004-P0016,Furniture,85,576,110.25,109.68,76.34536
2023-12-14,S004-P0016,Furniture,47,478,100.81,109.68,73.14548
2023-12-15,S004-P0016,Furniture,62,446,106.77,109.68,66.03346
2023-12-16,S004-P0016,Furniture,96,396,120.47,109.68,83.421394
2023-12-17,S004-P0016,Furniture,73,336,117.31,109.68,74.413
2023-12-18,S004-P0016,Furniture,76,249,89.04,109.68,86.938194
2023-12-19,S004-P0016,Furniture,58,195,99.99,109.68,82.695724
2023-12-20,S004-P0016,Furniture,33,147,95.1,109.68,66.204124
2023-12-21,S004-P0016,Furniture,127,315,140.09,109.68,80.47313
2023-12-22,S004-P0016,Furniture,113,185,127.23,109.68,87.13572
2023-12-23,S004-P0016,Furniture,88,85,98.94,109.68,86.90011
2023-12-24,S004-P0016,Furniture,41,354,109.51,109.68,74.413
2023-12-25,S004-P0016,Furniture,74,322,118.03,109.68,73.77753
2023-12-26,S004-P0016,Furniture,100,254,109.49,109.68,98.27975
2023-12-27,S004-P0016,Furniture,27,137,97.99,109.68,31.447449
2023-12-28,S004-P0016,Furniture,27,120,102.99,109.68,31.741142
2023-12-29,S004-P0016,Furniture,40,389,109.08,109.68,33.260143
2023-12-30,S004-P0016,Furniture,51,343,97.28,109.68,39.09636
2023-12-31,S004-P0016,Furniture,44,304,99.7,109.68,34.178867
2024-01-01,S004-P0016,Furniture,30,265,94.04,109.68,37.161926
2024-01-02,S004-P0016,Furniture,51,242,102.72,109.68,38.921497
2024-01-03,S004-P0016,Furniture,26,188,92.59,109.68,30.912125
2024-01-04,S004-P0016,Furniture,35,168,91.22,109.68,34.74641
2024-01-05,S004-P0016,Furniture,29,137,89.08,109.68,38.55837
2024-01-06,S004-P0016,Furniture,35,118,101.46,109.68,40.449257
2024-01-07,S004-P0016,Furniture,88,84,97.6,109.68,49.905056
2024-01-08,S004-P0016,Furniture,73,13,92.6,109.68,55.316124
2024-01-09,S004-P0016,Furniture,54,109,82.07,109.68,85.3327
2024-01-10,S004-P0016,Furniture,111,360,106.62,109.68,98.162796
2024-01-11,S004-P0016,Furniture,94,293,126.2,109.68,79.64504
2024-01-12,S004-P0016,Furniture,40,216,109.11,109.68,65.909195
2024-01-13,S004-P0016,Furniture,132,498,119.81,109.68,97.816795
2024-01-14,S004-P0016,Furniture,48,350,95.55,109.68,94.86004
2024-01-15,S004-P0016,Furniture,51,306,96.79,109.68,95.71627
2024-01-16,S004-P0016,Furniture,82,248,109.14,109.68,86.909935
2024-01-17,S004-P0016,Furniture,69,155,104.08,109.68,64.82548
2024-01-18,S004-P0016,Furniture,110,103,106.47,109.68,85.25968
2024-01-19,S004-P0016,Furniture,44,309,110.73,109.68,65.909195
2024-01-20,S004-P0016,Furniture,142,266,146.5,109.68,81.75034
2024-01-21,S004-P0016,Furniture,76,135,118.55,109.68,66.31603
2024-01-22,S004-P0016,Furniture,81,83,114.6,109.68,72.67849
2024-01-23,S004-P0016,Furniture,84,435,109.98,109.68,97.84917
2024-01-24,S004-P0016,Furniture,65,351,108.22,109.68,64.80851
2024-01-25,S004-P0016,Furniture,85,301,122.47,109.68,72.53219
2024-01-26,S004-P0016,Furniture,91,241,124.94,109.68,80.460686
2024-01-27,S004-P0016,Furniture,77,169,118.96,109.68,74.17935
2024-01-28,S004-P0016,Furniture,87,78,111.03,109.68,80.538315
2024-01-29,S004-P0016,Furniture,71,230,110.55,109.68,78.92564
2024-01-30,S004-P0016,Furniture,43,153,110.44,109.68,64.488846
2023-10-03,S004-P0017,Clothing,83,103,84.16,94.60499999999999,87.73815
2023-10-04,S004-P0017,Clothing,114,113,93.29,94.60499999999999,87.6269
2023-10-05,S004-P0017,Clothing,98,134,93.11,94.60499999999999,107.190025
2023-10-06,S004-P0017,Clothing,114,171,108.82,94.60499999999999,107.76928
2023-10-07,S004-P0017,Clothing,55,194,80.1,94.60499999999999,86.05629
2023-10-08,S004-P0017,Clothing,97,146,88.09,94.60499999999999,111.65141
2023-10-09,S004-P0017,Clothing,96,190,102.72,94.60499999999999,102.0194
2023-10-10,S004-P0017,Clothing,162,111,89.24,94.60499999999999,110.36979
2023-10-11,S004-P0017,Clothing,53,177,83.83,94.60499999999999,85.8688
2023-10-12,S004-P0017,Clothing,147,114,96.22,94.60499999999999,109.853676
2023-10-13,S004-P0017,Clothing,134,138,109.96,94.60499999999999,95.10818
2023-10-14,S004-P0017,Clothing,88,135,94.98,94.60499999999999,101.59782
2023-10-15,S004-P0017,Clothing,105,151,90.47,94.60499999999999,104.92824
2023-10-16,S004-P0017,Clothing,85,189,84.8,94.60499999999999,87.18353
2023-10-17,S004-P0017,Clothing,157,138,105.26,94.60499999999999,118.77996
2023-10-18,S004-P0017,Clothing,153,158,110.03,94.60499999999999,118.910255
2023-10-19,S004-P0017,Clothing,152,175,86.89,94.60499999999999,110.2843
2023-10-20,S004-P0017,Clothing,71,183,84.81,94.60499999999999,110.792854
2023-10-21,S004-P0017,Clothing,40,130,75.64,94.60499999999999,85.863625
2023-10-22,S004-P0017,Clothing,41,100,71.76,94.60499999999999,89.43163
2023-10-23,S004-P0017,Clothing,107,110,101.36,94.60499999999999,87.03023
2023-10-24,S004-P0017,Clothing,137,134,87.75,94.60499999999999,110.36979
2023-10-25,S004-P0017,Clothing,139,153,105.74,94.60499999999999,108.98495
2023-10-26,S004-P0017,Clothing,161,199,101.03,94.60499999999999,138.56601
2023-10-27,S004-P0017,Clothing,115,189,98.4,94.60499999999999,106.95017
2023-10-28,S004-P0017,Clothing,93,201,87.03,94.60499999999999,117.78511
2023-10-29,S004-P0017,Clothing,101,102,99.23,94.60499999999999,88.79276
2023-10-30,S004-P0017,Clothing,50,119,78.74,94.60499999999999,88.717804
2023-10-31,S004-P0017,Clothing,121,124,105.73,94.60499999999999,109.41798
2023-11-01,S004-P0017,Clothing,88,156,100.08,94.60499999999999,86.082634
2023-11-02,S004-P0017,Clothing,96,155,87.26,94.60499999999999,126.31557
2023-11-03,S004-P0017,Clothing,93,155,91.63,94.60499999999999,85.71366
2023-11-04,S004-P0017,Clothing,137,174,105.03,94.60499999999999,130.0446
2023-11-05,S004-P0017,Clothing,114,205,98.31,94.60499999999999,98.47416
2023-11-06,S004-P0017,Clothing,83,113,88.81,94.60499999999999,86.496925
2023-11-07,S004-P0017,Clothing,143,125,90.42,94.60499999999999,140.73326
2023-11-08,S004-P0017,Clothing,169,156,103.04,94.60499999999999,128.715
2023-11-09,S004-P0017,Clothing,222,161,131.45,94.60499999999999,126.65569
2023-11-10,S004-P0017,Clothing,142,231,106.97,94.60499999999999,108.56551
2023-11-11,S004-P0017,Clothing,142,64,101.36,94.60499999999999,108.11935
2023-11-12,S004-P0017,Clothing,137,152,116.79,94.60499999999999,99.61782
2023-11-13,S004-P0017,Clothing,97,159,93.16,94.60499999999999,86.496925
2023-11-14,S004-P0017,Clothing,81,180,74.13,94.60499999999999,114.47788
2023-11-15,S004-P0017,Clothing,117,118,82.46,94.60499999999999,140.87599
2023-11-16,S004-P0017,Clothing,70,137,84.44,94.60499999999999,95.69994
2023-11-17,S004-P0017,Clothing,77,116,96.3,94.60499999999999,109.69033
2023-11-18,S004-P0017,Clothing,128,109,102.28,94.60499999999999,108.11935
2023-11-19,S004-P0017,Clothing,97,151,98.01,94.60499999999999,99.61782
2023-11-20,S004-P0017,Clothing,114,173,108.86,94.60499999999999,86.139465
2023-11-21,S004-P0017,Clothing,96,146,97.73,94.60499999999999,84.62064
2023-11-22,S004-P0017,Clothing,154,192,99.1,94.60499999999999,141.9032
2023-11-23,S004-P0017,Clothing,101,199,94.02,94.60499999999999,126.65569
2023-11-24,S004-P0017,Clothing,110,108,107.52,94.60499999999999,98.62505
2023-11-25,S004-P0017,Clothing,53,137,88.09,94.60499999999999,86.29563
2023-11-26,S004-P0017,Clothing,142,105,106.65,94.60499999999999,116.603065
2023-11-27,S004-P0017,Clothing,115,153,98.72,94.60499999999999,96.134026
2023-11-28,S004-P0017,Clothing,133,174,115.31,94.60499999999999,97.20512
2023-11-29,S004-P0017,Clothing,61,195,90.76,94.60499999999999,109.07271
2023-11-30,S004-P0017,Clothing,71,129,89.57,94.60499999999999,86.29252
2023-12-01,S004-P0017,Clothing,112,108,97.39,94.60499999999999,102.866844
2023-12-02,S004-P0017,Clothing,112,127,97.83,94.60499999999999,104.46822
2023-12-03,S004-P0017,Clothing,104,161,100.36,94.60499999999999,104.723976
2023-12-04,S004-P0017,Clothing,78,206,91.97,94.60499999999999,104.92817
2023-12-05,S004-P0017,Clothing,148,127,108.4,94.60499999999999,126.89281
2023-12-06,S004-P0017,Clothing,117,171,99.05,94.60499999999999,162.96361
2023-12-07,S004-P0017,Clothing,76,170,91.12,94.60499999999999,127.41033
2023-12-08,S004-P0017,Clothing,88,98,79.95,94.60499999999999,131.7168
2023-12-09,S004-P0017,Clothing,145,135,113.58,94.60499999999999,128.84795
2023-12-10,S004-P0017,Clothing,77,170,91.59,94.60499999999999,103.98609
2023-12-11,S004-P0017,Clothing,36,120,74.05,94.60499999999999,132.84206
2023-12-12,S004-P0017,Clothing,49,97,65.04,94.60499999999999,132.33748
2023-12-13,S004-P0017,Clothing,111,113,102.47,94.60499999999999,116.38444
2023-12-14,S004-P0017,Clothing,173,132,116.08,94.60499999999999,115.140045
2023-12-15,S004-P0017,Clothing,209,148,100.74,94.60499999999999,131.3329
2023-12-16,S004-P0017,Clothing,68,242,70.01,94.60499999999999,161.0508
2023-12-17,S004-P0017,Clothing,100,163,99.07,94.60499999999999,116.4621
2023-12-18,S004-P0017,Clothing,75,154,81.64,94.60499999999999,105.37085
2023-12-19,S004-P0017,Clothing,134,139,109.97,94.60499999999999,127.4561
2023-12-20,S004-P0017,Clothing,92,162,86.59,94.60499999999999,134.92455
2023-12-21,S004-P0017,Clothing,67,153,88.22,94.60499999999999,127.03475
2023-12-22,S004-P0017,Clothing,145,103,95.53,94.60499999999999,131.7168
2023-12-23,S004-P0017,Clothing,136,172,104.98,94.60499999999999,104.29334
2023-12-24,S004-P0017,Clothing,162,187,95.4,94.60499999999999,146.701
2023-12-25,S004-P0017,Clothing,101,200,89.27,94.60499999999999,114.981636
2023-12-26,S004-P0017,Clothing,167,114,120.6,94.60499999999999,116.25228
2023-12-27,S004-P0017,Clothing,165,176,108.18,94.60499999999999,124.14712
2023-12-28,S004-P0017,Clothing,128,198,113.66,94.60499999999999,101.775505
2023-12-29,S004-P0017,Clothing,108,224,91.35,94.60499999999999,100.60139
2023-12-30,S004-P0017,Clothing,191,134,128.41,94.60499999999999,117.43651
2023-12-31,S004-P0017,Clothing,143,203,112.88,94.60499999999999,102.57543
2024-01-01,S004-P0017,Clothing,119,202,94.51,94.60499999999999,117.67707
2024-01-02,S004-P0017,Clothing,123,85,106.42,94.60499999999999,117.93139
2024-01-03,S004-P0017,Clothing,117,103,94.1,94.60499999999999,99.642006
2024-01-04,S004-P0017,Clothing,150,132,115.36,94.60499999999999,109.89621
2024-01-05,S004-P0017,Clothing,193,136,109.8,94.60499999999999,144.22539
2024-01-06,S004-P0017,Clothing,102,231,89.65,94.60499999999999,117.57628
2024-01-07,S004-P0017,Clothing,106,127,100.98,94.60499999999999,111.14109
2024-01-08,S004-P0017,Clothing,234,127,134.88,94.60499999999999,143.84685
2024-01-09,S004-P0017,Clothing,111,237,107.84,94.60499999999999,104.99647
2024-01-10,S004-P0017,Clothing,168,136,96.92,94.60499999999999,150.84505
2024-01-11,S004-P0017,Clothing,95,173,97.19,94.60499999999999,130.06229
2024-01-12,S004-P0017,Clothing,74,161,90.5,94.60499999999999,104.638466
2024-01-13,S004-P0017,Clothing,126,109,80.51,94.60499999999999,150.60605
2024-01-14,S004-P0017,Clothing,80,149,87.94,94.60499999999999,119.13215
2024-01-15,S004-P0017,Clothing,108,130,91.29,94.60499999999999,117.2532
2024-01-16,S004-P0017,Clothing,116,164,104.08,94.60499999999999,104.36586
2024-01-17,S004-P0017,Clothing,140,188,100.68,94.60499999999999,104.157845
2024-01-18,S004-P0017,Clothing,79,172,92.09,94.60499999999999,105.1361
2024-01-19,S004-P0017,Clothing,127,90,107.82,94.60499999999999,105.373116
2024-01-20,S004-P0017,Clothing,206,102,112.45,94.60499999999999,163.02928
2024-01-21,S004-P0017,Clothing,173,208,103.3,94.60499999999999,133.88777
2024-01-22,S004-P0017,Clothing,177,249,111.67,94.60499999999999,149.51976
2024-01-23,S004-P0017,Clothing,28,218,79.41,94.60499999999999,119.6215
2024-01-24,S004-P0017,Clothing,169,199,91.04,94.60499999999999,134.40395
2024-01-25,S004-P0017,Clothing,134,253,115.81,94.60499999999999,118.269196
2024-01-26,S004-P0017,Clothing,135,155,110.35,94.60499999999999,131.14061
2024-01-27,S004-P0017,Clothing,68,174,69.85,94.60499999999999,150.60605
2024-01-28,S004-P0017,Clothing,116,120,78.13,94.60499999999999,160.64581
2024-01-29,S004-P0017,Clothing,132,101,103.66,94.60499999999999,128.6397
2024-01-30,S004-P0017,Clothing,121,166,105.91,94.60499999999999,104.99647
2023-10-03,S004-P0018,Furniture,65,157,148.02,148.99,66.24763
2023-10-04,S004-P0018,Furniture,60,111,153.29,148.99,66.82305
2023-10-05,S004-P0018,Furniture,98,132,140.04,148.99,105.73412
2023-10-06,S004-P0018,Furniture,77,158,163.22,148.99,80.23888
2023-10-07,S004-P0018,Furniture,37,78,117.64,148.99,40.652603
2023-10-08,S004-P0018,Furniture,41,85,106.72,148.99,43.78378
2023-10-09,S004-P0018,Furniture,41,101,149.77,148.99,36.65576
2023-10-10,S004-P0018,Furniture,36,118,139.16,148.99,30.862583
2023-10-11,S004-P0018,Furniture,15,94,133.6,148.99,32.29511
2023-10-12,S004-P0018,Furniture,75,81,137.73,148.99,40.292862
2023-10-13,S004-P0018,Furniture,16,104,114.38,148.99,46.188507
2023-10-14,S004-P0018,Furniture,49,93,154.61,148.99,38.588657
2023-10-15,S004-P0018,Furniture,39,90,119.9,148.99,52.476517
2023-10-16,S004-P0018,Furniture,56,105,143.21,148.99,30.9625
2023-10-17,S004-P0018,Furniture,66,106,141.18,148.99,34.248875
2023-10-18,S004-P0018,Furniture,53,88,141.4,148.99,34.46549
2023-10-19,S004-P0018,Furniture,47,80,116.37,148.99,39.986214
2023-10-20,S004-P0018,Furniture,29,86,121.86,148.99,40.78724
2023-10-21,S004-P0018,Furniture,34,101,131.34,148.99,30.461908
2023-10-22,S004-P0018,Furniture,14,119,126.46,148.99,34.05538
2023-10-23,S004-P0018,Furniture,31,110,136.53,148.99,30.936947
2023-10-24,S004-P0018,Furniture,36,85,132.45,148.99,30.258957
2023-10-25,S004-P0018,Furniture,88,110,160.58,148.99,83.62399
2023-10-26,S004-P0018,Furniture,95,115,156.14,148.99,81.93133
2023-10-27,S004-P0018,Furniture,82,153,166.0,148.99,80.23888
2023-10-28,S004-P0018,Furniture,98,63,165.76,148.99,86.91825
2023-10-29,S004-P0018,Furniture,78,113,163.82,148.99,68.47291
2023-10-30,S004-P0018,Furniture,54,121,149.84,148.99,67.63603
2023-10-31,S004-P0018,Furniture,41,145,134.91,148.99,82.44497
2023-11-01,S004-P0018,Furniture,80,97,156.33,148.99,65.254776
2023-11-02,S004-P0018,Furniture,86,122,126.21,148.99,100.67661
2023-11-03,S004-P0018,Furniture,105,153,134.43,148.99,86.89459
2023-11-04,S004-P0018,Furniture,41,162,149.53,148.99,74.43708
2023-11-05,S004-P0018,Furniture,116,120,146.53,148.99,96.580894
2023-11-06,S004-P0018,Furniture,73,111,152.25,148.99,63.78469
2023-11-07,S004-P0018,Furniture,80,142,148.57,148.99,81.79759
2023-11-08,S004-P0018,Furniture,77,155,137.16,148.99,99.66694
2023-11-09,S004-P0018,Furniture,71,83,126.0,148.99,100.67661
2023-11-10,S004-P0018,Furniture,86,67,159.55,148.99,81.84658
2023-11-11,S004-P0018,Furniture,70,101,150.5,148.99,82.17945
2023-11-12,S004-P0018,Furniture,77,121,137.54,148.99,96.18763
2023-11-13,S004-P0018,Furniture,60,148,137.78,148.99,63.78469
2023-11-14,S004-P0018,Furniture,75,83,161.88,148.99,62.865265
2023-11-15,S004-P0018,Furniture,130,66,174.27,148.99,109.454
2023-11-16,S004-P0018,Furniture,118,113,168.35,148.99,70.24284
2023-11-17,S004-P0018,Furniture,64,138,155.71,148.99,82.44431
2023-11-18,S004-P0018,Furniture,106,78,189.36,148.99,82.02043
2023-11-19,S004-P0018,Furniture,77,106,146.15,148.99,96.29303
2023-11-20,S004-P0018,Furniture,112,84,183.14,148.99,62.575405
2023-11-21,S004-P0018,Furniture,65,121,147.86,148.99,64.18286
2023-11-22,S004-P0018,Furniture,103,120,159.56,148.99,109.780464
2023-11-23,S004-P0018,Furniture,91,137,170.89,148.99,70.86058
2023-11-24,S004-P0018,Furniture,48,128,138.89,148.99,74.236626
2023-11-25,S004-P0018,Furniture,125,71,171.98,148.99,86.05258
2023-11-26,S004-P0018,Furniture,38,136,133.12,148.99,67.027626
2023-11-27,S004-P0018,Furniture,80,106,173.61,148.99,71.25675
2023-11-28,S004-P0018,Furniture,85,118,167.68,148.99,73.37547
2023-11-29,S004-P0018,Furniture,25,103,126.13,148.99,82.8165
2023-11-30,S004-P0018,Furniture,90,88,161.47,148.99,61.597916
2023-12-01,S004-P0018,Furniture,70,138,142.88,148.99,66.03346
2023-12-02,S004-P0018,Furniture,65,81,132.68,148.99,86.56829
2023-12-03,S004-P0018,Furniture,63,87,147.42,148.99,65.797035
2023-12-04,S004-P0018,Furniture,88,83,169.6,148.99,66.32546
2023-12-05,S004-P0018,Furniture,62,83,139.14,148.99,107.597496
2023-12-06,S004-P0018,Furniture,100,77,158.91,148.99,83.638145
2023-12-07,S004-P0018,Furniture,85,112,167.6,148.99,80.47313
2023-12-08,S004-P0018,Furniture,91,108,171.43,148.99,65.68506
2023-12-09,S004-P0018,Furniture,88,125,161.07,148.99,83.34143
2023-12-10,S004-P0018,Furniture,91,148,128.53,148.99,86.57796
2023-12-11,S004-P0018,Furniture,98,197,165.79,148.99,66.67802
2023-12-12,S004-P0018,Furniture,26,134,133.73,148.99,65.24198
2023-12-13,S004-P0018,Furniture,72,112,128.35,148.99,99.255424
2023-12-14,S004-P0018,Furniture,82,131,157.85,148.99,72.606255
2023-12-15,S004-P0018,Furniture,51,169,118.43,148.99,86.718025
2023-12-16,S004-P0018,Furniture,104,111,169.52,148.99,83.34143
2023-12-17,S004-P0018,Furniture,118,118,158.69,148.99,96.714066
2023-12-18,S004-P0018,Furniture,86,145,168.05,148.99,66.32546
2023-12-19,S004-P0018,Furniture,26,152,120.12,148.99,107.597496
2023-12-20,S004-P0018,Furniture,69,131,158.38,148.99,66.095055
2023-12-21,S004-P0018,Furniture,120,124,169.18,148.99,104.85355
2023-12-22,S004-P0018,Furniture,70,154,150.4,148.99,66.03346
2023-12-23,S004-P0018,Furniture,59,83,129.62,148.99,86.56829
2023-12-24,S004-P0018,Furniture,92,69,180.72,148.99,74.413
2023-12-25,S004-P0018,Furniture,113,94,165.69,148.99,74.326515
2023-12-26,S004-P0018,Furniture,104,102,169.39,148.99,75.18069
2023-12-27,S004-P0018,Furniture,28,123,127.46,148.99,31.327364
2023-12-28,S004-P0018,Furniture,27,104,127.34,148.99,43.70506
2023-12-29,S004-P0018,Furniture,32,82,129.73,148.99,33.201836
2023-12-30,S004-P0018,Furniture,25,96,133.05,148.99,39.65
2023-12-31,S004-P0018,Furniture,40,73,134.78,148.99,33.918816
2024-01-01,S004-P0018,Furniture,71,78,119.5,148.99,55.316124
2024-01-02,S004-P0018,Furniture,34,98,124.58,148.99,38.234768
2024-01-03,S004-P0018,Furniture,36,110,146.38,148.99,31.34658
2024-01-04,S004-P0018,Furniture,32,86,109.55,148.99,49.97696
2024-01-05,S004-P0018,Furniture,36,103,118.46,148.99,56.495728
2024-01-06,S004-P0018,Furniture,24,126,139.64,148.99,40.449257
2024-01-07,S004-P0018,Furniture,31,107,136.67,148.99,36.25908
2024-01-08,S004-P0018,Furniture,16,74,121.27,148.99,37.161926
2024-01-09,S004-P0018,Furniture,48,114,154.21,148.99,64.488846
2024-01-10,S004-P0018,Furniture,62,140,138.72,148.99,74.72347
2024-01-11,S004-P0018,Furniture,75,68,137.77,148.99,105.249214
2024-01-12,S004-P0018,Furniture,71,64,151.38,148.99,87.31925
2024-01-13,S004-P0018,Furniture,84,63,158.06,148.99,74.366554
2024-01-14,S004-P0018,Furniture,59,92,152.73,148.99,73.268906
2024-01-15,S004-P0018,Furniture,54,93,142.4,148.99,72.28623
2024-01-16,S004-P0018,Furniture,77,100,155.15,148.99,64.19948
2024-01-17,S004-P0018,Furniture,82,110,157.75,148.99,64.80851
2024-01-18,S004-P0018,Furniture,51,117,140.47,148.99,64.29775
2024-01-19,S004-P0018,Furniture,48,142,109.52,148.99,86.73034
2024-01-20,S004-P0018,Furniture,38,113,133.56,148.99,81.75034
2024-01-21,S004-P0018,Furniture,61,84,153.74,148.99,66.54118
2024-01-22,S004-P0018,Furniture,159,96,177.34,148.99,95.61611
2024-01-23,S004-P0018,Furniture,39,187,140.94,148.99,73.78947
2024-01-24,S004-P0018,Furniture,52,160,140.92,148.99,64.80851
2024-01-25,S004-P0018,Furniture,96,106,164.78,148.99,72.61679
2024-01-26,S004-P0018,Furniture,69,110,149.85,148.99,105.69633
2024-01-27,S004-P0018,Furniture,84,108,140.63,148.99,97.816795
2024-01-28,S004-P0018,Furniture,89,103,135.83,148.99,104.32505
2024-01-29,S004-P0018,Furniture,97,120,165.4,148.99,78.99005
2024-01-30,S004-P0018,Furniture,66,97,156.83,148.99,64.19948
2023-10-03,S004-P0019,Clothing,124,131,69.12,58.855000000000004,88.39973
2023-10-04,S004-P0019,Clothing,98,133,60.59,58.855000000000004,88.1793
2023-10-05,S004-P0019,Clothing,103,121,58.4,58.855000000000004,107.28422
2023-10-06,S004-P0019,Clothing,104,171,58.55,58.855000000000004,106.95017
2023-10-07,S004-P0019,Clothing,131,198,63.61,58.855000000000004,109.394936
2023-10-08,S004-P0019,Clothing,176,227,68.46,58.855000000000004,111.65141
2023-10-09,S004-P0019,Clothing,163,224,55.17,58.855000000000004,128.89012
2023-10-10,S004-P0019,Clothing,68,239,57.45,58.855000000000004,85.76197
2023-10-11,S004-P0019,Clothing,68,159,54.64,58.855000000000004,85.8688
2023-10-12,S004-P0019,Clothing,88,118,49.27,58.855000000000004,109.853676
2023-10-13,S004-P0019,Clothing,131,153,60.06,58.855000000000004,120.20936
2023-10-14,S004-P0019,Clothing,96,164,54.11,58.855000000000004,102.31414
2023-10-15,S004-P0019,Clothing,114,165,60.57,58.855000000000004,105.119934
2023-10-16,S004-P0019,Clothing,74,201,50.09,58.855000000000004,87.18353
2023-10-17,S004-P0019,Clothing,87,130,49.18,58.855000000000004,118.945564
2023-10-18,S004-P0019,Clothing,92,136,56.34,58.855000000000004,93.412575
2023-10-19,S004-P0019,Clothing,87,121,46.06,58.855000000000004,110.2843
2023-10-20,S004-P0019,Clothing,26,122,46.23,58.855000000000004,87.98561
2023-10-21,S004-P0019,Clothing,156,106,56.97,58.855000000000004,110.39675
2023-10-22,S004-P0019,Clothing,148,184,67.03,58.855000000000004,89.27185
2023-10-23,S004-P0019,Clothing,84,256,57.8,58.855000000000004,87.03023
2023-10-24,S004-P0019,Clothing,89,170,61.8,58.855000000000004,85.76197
2023-10-25,S004-P0019,Clothing,126,81,62.69,58.855000000000004,108.98495
2023-10-26,S004-P0019,Clothing,143,130,65.97,58.855000000000004,139.38396
2023-10-27,S004-P0019,Clothing,107,170,56.06,58.855000000000004,106.95017
2023-10-28,S004-P0019,Clothing,141,178,65.48,58.855000000000004,117.78511
2023-10-29,S004-P0019,Clothing,29,208,46.74,58.855000000000004,88.85151
2023-10-30,S004-P0019,Clothing,77,190,56.38,58.855000000000004,88.853294
2023-10-31,S004-P0019,Clothing,144,125,62.71,58.855000000000004,108.28036
2023-11-01,S004-P0019,Clothing,120,117,61.45,58.855000000000004,115.9579
2023-11-02,S004-P0019,Clothing,186,143,65.88,58.855000000000004,126.50166
2023-11-03,S004-P0019,Clothing,88,231,52.69,58.855000000000004,85.71366
2023-11-04,S004-P0019,Clothing,77,154,50.68,58.855000000000004,130.0446
2023-11-05,S004-P0019,Clothing,123,85,62.11,58.855000000000004,97.46934
2023-11-06,S004-P0019,Clothing,104,106,55.52,58.855000000000004,86.173225
2023-11-07,S004-P0019,Clothing,87,150,55.44,58.855000000000004,108.00056
2023-11-08,S004-P0019,Clothing,75,182,56.0,58.855000000000004,97.42436
2023-11-09,S004-P0019,Clothing,83,106,57.55,58.855000000000004,96.745445
2023-11-10,S004-P0019,Clothing,173,150,56.66,58.855000000000004,138.2476
2023-11-11,S004-P0019,Clothing,146,188,66.65,58.855000000000004,108.822975
2023-11-12,S004-P0019,Clothing,95,204,54.04,58.855000000000004,97.46934
2023-11-13,S004-P0019,Clothing,122,100,61.96,58.855000000000004,86.173225
2023-11-14,S004-P0019,Clothing,126,131,59.61,58.855000000000004,85.05216
2023-11-15,S004-P0019,Clothing,174,169,59.84,58.855000000000004,140.87599
2023-11-16,S004-P0019,Clothing,124,249,65.83,58.855000000000004,96.745445
2023-11-17,S004-P0019,Clothing,102,106,61.36,58.855000000000004,108.56551
2023-11-18,S004-P0019,Clothing,163,111,55.22,58.855000000000004,141.13216
2023-11-19,S004-P0019,Clothing,87,157,58.37,58.855000000000004,99.61782
2023-11-20,S004-P0019,Clothing,88,157,55.38,58.855000000000004,85.08701
2023-11-21,S004-P0019,Clothing,175,185,64.52,58.855000000000004,114.64883
2023-11-22,S004-P0019,Clothing,117,183,50.83,58.855000000000004,140.87599
2023-11-23,S004-P0019,Clothing,86,171,55.03,58.855000000000004,95.69994
2023-11-24,S004-P0019,Clothing,143,69,73.3,58.855000000000004,98.62505
2023-11-25,S004-P0019,Clothing,92,137,56.26,58.855000000000004,84.634735
2023-11-26,S004-P0019,Clothing,147,106,63.25,58.855000000000004,116.603065
2023-11-27,S004-P0019,Clothing,151,155,59.87,58.855000000000004,124.871765
2023-11-28,S004-P0019,Clothing,94,122,56.78,58.855000000000004,96.33318
2023-11-29,S004-P0019,Clothing,86,138,55.19,58.855000000000004,108.27158
2023-11-30,S004-P0019,Clothing,91,132,59.09,58.855000000000004,86.29252
2023-12-01,S004-P0019,Clothing,105,139,58.84,58.855000000000004,103.45899
2023-12-02,S004-P0019,Clothing,171,169,71.1,58.855000000000004,135.0356
2023-12-03,S004-P0019,Clothing,39,154,38.97,58.855000000000004,131.78448
2023-12-04,S004-P0019,Clothing,136,125,68.23,58.855000000000004,104.92817
2023-12-05,S004-P0019,Clothing,170,154,78.82,58.855000000000004,128.0194
2023-12-06,S004-P0019,Clothing,94,145,56.67,58.855000000000004,162.96361
2023-12-07,S004-P0019,Clothing,77,141,53.36,58.855000000000004,126.748344
2023-12-08,S004-P0019,Clothing,90,143,59.02,58.855000000000004,104.21688
2023-12-09,S004-P0019,Clothing,117,152,64.38,58.855000000000004,128.22343
2023-12-10,S004-P0019,Clothing,121,159,61.7,58.855000000000004,103.38631
2023-12-11,S004-P0019,Clothing,87,154,58.25,58.855000000000004,104.92817
2023-12-12,S004-P0019,Clothing,132,155,56.8,58.855000000000004,132.85757
2023-12-13,S004-P0019,Clothing,78,149,53.52,58.855000000000004,150.01634
2023-12-14,S004-P0019,Clothing,131,69,67.12,58.855000000000004,115.398674
2023-12-15,S004-P0019,Clothing,120,150,61.64,58.855000000000004,103.45899
2023-12-16,S004-P0019,Clothing,138,165,64.99,58.855000000000004,127.59893
2023-12-17,S004-P0019,Clothing,153,178,57.19,58.855000000000004,146.701
2023-12-18,S004-P0019,Clothing,114,215,60.39,58.855000000000004,132.84206
2023-12-19,S004-P0019,Clothing,90,100,55.92,58.855000000000004,127.4561
2023-12-20,S004-P0019,Clothing,105,132,58.69,58.855000000000004,104.77914
2023-12-21,S004-P0019,Clothing,123,110,55.12,58.855000000000004,158.33946
2023-12-22,S004-P0019,Clothing,81,134,57.08,58.855000000000004,104.21688
2023-12-23,S004-P0019,Clothing,160,129,69.1,58.855000000000004,135.0356
2023-12-24,S004-P0019,Clothing,107,170,62.29,58.855000000000004,117.13215
2023-12-25,S004-P0019,Clothing,218,151,80.36,58.855000000000004,115.21267
2023-12-26,S004-P0019,Clothing,138,261,64.89,58.855000000000004,115.689
2023-12-27,S004-P0019,Clothing,156,104,68.3,58.855000000000004,124.14712
2023-12-28,S004-P0019,Clothing,145,164,69.85,58.855000000000004,101.775505
2023-12-29,S004-P0019,Clothing,98,222,57.52,58.855000000000004,100.9286
2023-12-30,S004-P0019,Clothing,147,125,74.0,58.855000000000004,117.43651
2023-12-31,S004-P0019,Clothing,137,175,64.7,58.855000000000004,101.87995
2024-01-01,S004-P0019,Clothing,161,163,73.14,58.855000000000004,117.733925
2024-01-02,S004-P0019,Clothing,59,147,50.14,58.855000000000004,117.93139
2024-01-03,S004-P0019,Clothing,155,102,68.31,58.855000000000004,99.83496
2024-01-04,S004-P0019,Clothing,87,181,58.39,58.855000000000004,109.2897
2024-01-05,S004-P0019,Clothing,121,86,51.37,58.855000000000004,143.82948
2024-01-06,S004-P0019,Clothing,139,130,72.37,58.855000000000004,118.32596
2024-01-07,S004-P0019,Clothing,161,178,61.55,58.855000000000004,134.65157
2024-01-08,S004-P0019,Clothing,168,174,63.43,58.855000000000004,143.53174
2024-01-09,S004-P0019,Clothing,116,200,57.34,58.855000000000004,134.80147
2024-01-10,S004-P0019,Clothing,82,63,54.56,58.855000000000004,119.167305
2024-01-11,S004-P0019,Clothing,102,97,58.17,58.855000000000004,129.024
2024-01-12,S004-P0019,Clothing,46,125,45.11,58.855000000000004,103.976845
2024-01-13,S004-P0019,Clothing,141,96,55.36,58.855000000000004,151.21892
2024-01-14,S004-P0019,Clothing,10,156,38.74,58.855000000000004,118.499344
2024-01-15,S004-P0019,Clothing,121,144,68.55,58.855000000000004,118.48598
2024-01-16,S004-P0019,Clothing,83,128,54.63,58.855000000000004,104.36586
2024-01-17,S004-P0019,Clothing,101,136,61.21,58.855000000000004,104.56753
2024-01-18,S004-P0019,Clothing,152,150,57.14,58.855000000000004,134.31337
2024-01-19,S004-P0019,Clothing,91,205,62.34,58.855000000000004,105.373116
2024-01-20,S004-P0019,Clothing,117,146,61.15,58.855000000000004,130.98726
2024-01-21,S004-P0019,Clothing,82,146,60.45,58.855000000000004,105.43687
2024-01-22,S004-P0019,Clothing,157,150,64.68,58.855000000000004,148.97313
2024-01-23,S004-P0019,Clothing,90,148,58.99,58.855000000000004,119.6215
2024-01-24,S004-P0019,Clothing,69,172,49.03,58.855000000000004,135.22267
2024-01-25,S004-P0019,Clothing,112,110,50.01,58.855000000000004,148.60751
2024-01-26,S004-P0019,Clothing,258,154,82.81,58.855000000000004,162.16383
2024-01-27,S004-P0019,Clothing,59,298,47.41,58.855000000000004,118.73932
2024-01-28,S004-P0019,Clothing,58,240,52.51,58.855000000000004,130.90147
2024-01-29,S004-P0019,Clothing,120,182,61.62,58.855000000000004,128.6397
2024-01-30,S004-P0019,Clothing,126,219,62.67,58.855000000000004,103.885796
2023-10-03,S004-P0020,Furniture,70,156,128.89,121.03999999999999,66.01614
2023-10-04,S004-P0020,Furniture,96,253,133.97,121.03999999999999,66.82305
2023-10-05,S004-P0020,Furniture,101,177,115.02,121.03999999999999,105.73412
2023-10-06,S004-P0020,Furniture,142,62,145.6,121.03999999999999,106.67654
2023-10-07,S004-P0020,Furniture,21,163,105.85,121.03999999999999,31.603725
2023-10-08,S004-P0020,Furniture,29,390,104.38,121.03999999999999,33.45307
2023-10-09,S004-P0020,Furniture,23,362,112.47,121.03999999999999,36.65576
2023-10-10,S004-P0020,Furniture,23,345,96.38,121.03999999999999,30.020636
2023-10-11,S004-P0020,Furniture,42,320,116.0,121.03999999999999,32.29511
2023-10-12,S004-P0020,Furniture,51,285,113.92,121.03999999999999,31.373077
2023-10-13,S004-P0020,Furniture,50,241,101.59,121.03999999999999,46.188507
2023-10-14,S004-P0020,Furniture,43,200,104.48,121.03999999999999,37.324047
2023-10-15,S004-P0020,Furniture,24,159,107.45,121.03999999999999,40.24048
2023-10-16,S004-P0020,Furniture,14,131,92.27,121.03999999999999,39.331852
2023-10-17,S004-P0020,Furniture,38,115,114.02,121.03999999999999,34.582203
2023-10-18,S004-P0020,Furniture,29,91,87.7,121.03999999999999,45.516087
2023-10-19,S004-P0020,Furniture,20,134,110.94,121.03999999999999,31.934378
2023-10-20,S004-P0020,Furniture,35,116,106.82,121.03999999999999,32.719376
2023-10-21,S004-P0020,Furniture,43,92,104.77,121.03999999999999,40.604748
2023-10-22,S004-P0020,Furniture,30,58,110.06,121.03999999999999,34.05538
2023-10-23,S004-P0020,Furniture,62,121,98.79,121.03999999999999,39.764267
2023-10-24,S004-P0020,Furniture,21,84,95.24,121.03999999999999,30.020636
2023-10-25,S004-P0020,Furniture,108,197,124.67,121.03999999999999,107.14126
2023-10-26,S004-P0020,Furniture,38,90,96.76,121.03999999999999,105.45313
2023-10-27,S004-P0020,Furniture,78,267,106.06,121.03999999999999,106.94015
2023-10-28,S004-P0020,Furniture,60,177,117.57,121.03999999999999,66.34654
2023-10-29,S004-P0020,Furniture,54,118,121.52,121.03999999999999,68.2721
2023-10-30,S004-P0020,Furniture,59,82,117.63,121.03999999999999,67.96051
2023-10-31,S004-P0020,Furniture,111,119,140.77,121.03999999999999,82.44497
2023-11-01,S004-P0020,Furniture,118,52,151.75,121.03999999999999,65.81737
2023-11-02,S004-P0020,Furniture,129,192,141.16,121.03999999999999,97.78454
2023-11-03,S004-P0020,Furniture,96,258,133.65,121.03999999999999,86.16198
2023-11-04,S004-P0020,Furniture,38,189,114.0,121.03999999999999,74.43708
2023-11-05,S004-P0020,Furniture,81,158,126.97,121.03999999999999,73.89974
2023-11-06,S004-P0020,Furniture,76,92,131.75,121.03999999999999,63.66147
2023-11-07,S004-P0020,Furniture,88,194,137.67,121.03999999999999,81.146324
2023-11-08,S004-P0020,Furniture,55,111,115.75,121.03999999999999,74.390564
2023-11-09,S004-P0020,Furniture,80,243,120.13,121.03999999999999,70.24284
2023-11-10,S004-P0020,Furniture,139,160,144.25,121.03999999999999,107.36634
2023-11-11,S004-P0020,Furniture,87,0,123.29,121.03999999999999,82.17945
2023-11-12,S004-P0020,Furniture,102,283,129.59,121.03999999999999,73.89974
2023-11-13,S004-P0020,Furniture,97,215,134.05,121.03999999999999,63.78469
2023-11-14,S004-P0020,Furniture,80,130,127.02,121.03999999999999,62.736214
2023-11-15,S004-P0020,Furniture,56,233,91.81,121.03999999999999,111.55819
2023-11-16,S004-P0020,Furniture,105,182,138.35,121.03999999999999,70.233116
2023-11-17,S004-P0020,Furniture,46,90,94.13,121.03999999999999,107.26072
2023-11-18,S004-P0020,Furniture,82,242,121.0,121.03999999999999,82.17945
2023-11-19,S004-P0020,Furniture,88,178,137.54,121.03999999999999,74.20377
2023-11-20,S004-P0020,Furniture,47,98,118.32,121.03999999999999,63.08847
2023-11-21,S004-P0020,Furniture,75,213,118.34,121.03999999999999,86.21276
2023-11-22,S004-P0020,Furniture,48,143,118.45,121.03999999999999,82.16499
2023-11-23,S004-P0020,Furniture,21,89,106.09,121.03999999999999,70.86058
2023-11-24,S004-P0020,Furniture,39,73,114.29,121.03999999999999,74.236626
2023-11-25,S004-P0020,Furniture,75,41,124.51,121.03999999999999,86.05258
2023-11-26,S004-P0020,Furniture,84,74,128.37,121.03999999999999,86.07138
2023-11-27,S004-P0020,Furniture,64,172,106.35,121.03999999999999,98.00376
2023-11-28,S004-P0020,Furniture,59,132,99.0,121.03999999999999,98.634544
2023-11-29,S004-P0020,Furniture,57,85,129.44,121.03999999999999,81.934746
2023-11-30,S004-P0020,Furniture,76,161,125.07,121.03999999999999,61.597916
2023-12-01,S004-P0020,Furniture,60,70,124.31,121.03999999999999,65.62371
2023-12-02,S004-P0020,Furniture,74,184,117.64,121.03999999999999,86.66561
2023-12-03,S004-P0020,Furniture,65,118,126.81,121.03999999999999,65.797035
2023-12-04,S004-P0020,Furniture,4,220,73.59,121.03999999999999,86.938194
2023-12-05,S004-P0020,Furniture,125,215,131.53,121.03999999999999,107.398056
2023-12-06,S004-P0020,Furniture,79,137,105.01,121.03999999999999,108.83788
2023-12-07,S004-P0020,Furniture,85,273,128.83,121.03999999999999,80.6143
2023-12-08,S004-P0020,Furniture,122,202,138.01,121.03999999999999,87.13572
2023-12-09,S004-P0020,Furniture,106,57,116.57,121.03999999999999,108.11035
2023-12-10,S004-P0020,Furniture,22,196,101.0,121.03999999999999,66.23649
2023-12-11,S004-P0020,Furniture,107,355,138.54,121.03999999999999,86.85677
2023-12-12,S004-P0020,Furniture,64,235,119.35,121.03999999999999,65.36966
2023-12-13,S004-P0020,Furniture,61,162,118.3,121.03999999999999,76.34536
2023-12-14,S004-P0020,Furniture,47,118,112.25,121.03999999999999,72.606255
2023-12-15,S004-P0020,Furniture,56,179,129.05,121.03999999999999,65.62371
2023-12-16,S004-P0020,Furniture,86,127,129.35,121.03999999999999,83.421394
2023-12-17,S004-P0020,Furniture,44,47,116.71,121.03999999999999,74.413
2023-12-18,S004-P0020,Furniture,97,187,126.88,121.03999999999999,86.63004
2023-12-19,S004-P0020,Furniture,65,86,133.25,121.03999999999999,82.82823
2023-12-20,S004-P0020,Furniture,88,223,144.76,121.03999999999999,66.1617
2023-12-21,S004-P0020,Furniture,132,130,150.11,121.03999999999999,80.28705
2023-12-22,S004-P0020,Furniture,146,28,147.24,121.03999999999999,86.761406
2023-12-23,S004-P0020,Furniture,35,280,106.62,121.03999999999999,86.66561
2023-12-24,S004-P0020,Furniture,49,573,107.14,121.03999999999999,74.84456
2023-12-25,S004-P0020,Furniture,77,516,125.43,121.03999999999999,74.326515
2023-12-26,S004-P0020,Furniture,52,440,127.08,121.03999999999999,75.279274
2023-12-27,S004-P0020,Furniture,28,399,103.92,121.03999999999999,31.447449
2023-12-28,S004-P0020,Furniture,23,370,101.3,121.03999999999999,30.982168
2023-12-29,S004-P0020,Furniture,44,349,123.09,121.03999999999999,33.260143
2023-12-30,S004-P0020,Furniture,50,302,125.81,121.03999999999999,40.820263
2023-12-31,S004-P0020,Furniture,47,254,112.11,121.03999999999999,33.918816
2024-01-01,S004-P0020,Furniture,66,206,126.95,121.03999999999999,38.518665
2024-01-02,S004-P0020,Furniture,49,149,95.4,121.03999999999999,57.46989
2024-01-03,S004-P0020,Furniture,33,100,111.54,121.03999999999999,31.34658
2024-01-04,S004-P0020,Furniture,19,80,110.43,121.03999999999999,36.373528
2024-01-05,S004-P0020,Furniture,38,138,91.03,121.03999999999999,56.07492
2024-01-06,S004-P0020,Furniture,49,104,106.74,121.03999999999999,58.638157
2024-01-07,S004-P0020,Furniture,22,62,106.26,121.03999999999999,36.87765
2024-01-08,S004-P0020,Furniture,39,164,90.41,121.03999999999999,55.316124
2024-01-09,S004-P0020,Furniture,48,124,118.67,121.03999999999999,64.488846
2024-01-10,S004-P0020,Furniture,73,90,130.33,121.03999999999999,74.59747
2024-01-11,S004-P0020,Furniture,73,108,123.81,121.03999999999999,79.64504
2024-01-12,S004-P0020,Furniture,70,153,122.41,121.03999999999999,65.66393
2024-01-13,S004-P0020,Furniture,66,86,127.0,121.03999999999999,74.3709
2024-01-14,S004-P0020,Furniture,72,175,104.07,121.03999999999999,94.78053
2024-01-15,S004-P0020,Furniture,64,128,119.77,121.03999999999999,72.28623
2024-01-16,S004-P0020,Furniture,49,214,112.89,121.03999999999999,64.201035
2024-01-17,S004-P0020,Furniture,71,173,122.86,121.03999999999999,64.80851
2024-01-18,S004-P0020,Furniture,87,115,108.19,121.03999999999999,85.99998
2024-01-19,S004-P0020,Furniture,61,178,112.44,121.03999999999999,65.68285
2024-01-20,S004-P0020,Furniture,83,117,142.16,121.03999999999999,81.773155
2024-01-21,S004-P0020,Furniture,89,46,109.0,121.03999999999999,86.72526
2024-01-22,S004-P0020,Furniture,157,152,152.02,121.03999999999999,95.71627
2024-01-23,S004-P0020,Furniture,59,151,124.06,121.03999999999999,73.77305
2024-01-24,S004-P0020,Furniture,73,470,109.66,121.03999999999999,86.3147
2024-01-25,S004-P0020,Furniture,44,384,116.9,121.03999999999999,72.50085
2024-01-26,S004-P0020,Furniture,74,340,130.71,121.03999999999999,80.645874
2024-01-27,S004-P0020,Furniture,68,255,121.73,121.03999999999999,74.17935
2024-01-28,S004-P0020,Furniture,75,209,103.74,121.03999999999999,104.47324
2024-01-29,S004-P0020,Furniture,63,149,132.36,121.03999999999999,79.18987
2024-01-30,S004-P0020,Furniture,93,79,132.53,121.03999999999999,64.201035
2023-10-03,S005-P0001,Groceries,57,213,10.94,11.795,112.67846
2023-10-04,S005-P0001,Groceries,99,551,11.44,11.795,113.933235
2023-10-05,S005-P0001,Groceries,104,485,12.27,11.795,99.02984
2023-10-06,S005-P0001,Groceries,185,383,14.72,11.795,114.277214
2023-10-07,S005-P0001,Groceries,95,202,11.26,11.795,66.7937
2023-10-08,S005-P0001,Groceries,71,566,10.97,11.795,76.81446
2023-10-09,S005-P0001,Groceries,133,500,10.59,11.795,95.06161
2023-10-10,S005-P0001,Groceries,81,416,11.33,11.795,66.78344
2023-10-11,S005-P0001,Groceries,100,348,11.51,11.795,82.006454
2023-10-12,S005-P0001,Groceries,59,252,9.37,11.795,86.63921
2023-10-13,S005-P0001,Groceries,37,204,9.08,11.795,68.34236
2023-10-14,S005-P0001,Groceries,47,174,9.01,11.795,66.7937
2023-10-15,S005-P0001,Groceries,32,126,8.45,11.795,69.89498
2023-10-16,S005-P0001,Groceries,81,91,11.33,11.795,67.09026
2023-10-17,S005-P0001,Groceries,74,25,9.31,11.795,103.91657
2023-10-18,S005-P0001,Groceries,70,176,9.83,11.795,66.98781
2023-10-19,S005-P0001,Groceries,88,120,10.4,11.795,104.05156
2023-10-20,S005-P0001,Groceries,158,201,12.88,11.795,105.19423
2023-10-21,S005-P0001,Groceries,102,54,12.83,11.795,81.99294
2023-10-22,S005-P0001,Groceries,61,271,10.0,11.795,76.81102
2023-10-23,S005-P0001,Groceries,74,199,8.84,11.795,95.080574
2023-10-24,S005-P0001,Groceries,19,148,8.87,11.795,66.11521
2023-10-25,S005-P0001,Groceries,209,133,13.84,11.795,146.16628
2023-10-26,S005-P0001,Groceries,82,0,10.19,11.795,146.71233
2023-10-27,S005-P0001,Groceries,137,398,12.87,11.795,126.375694
2023-10-28,S005-P0001,Groceries,176,248,13.59,11.795,125.890114
2023-10-29,S005-P0001,Groceries,180,102,15.28,11.795,127.5792
2023-10-30,S005-P0001,Groceries,137,419,12.89,11.795,102.42854
2023-10-31,S005-P0001,Groceries,122,307,13.64,11.795,100.30622
2023-11-01,S005-P0001,Groceries,223,232,14.45,11.795,136.59781
2023-11-02,S005-P0001,Groceries,119,60,11.56,11.795,127.131294
2023-11-03,S005-P0001,Groceries,185,378,13.86,11.795,134.6676
2023-11-04,S005-P0001,Groceries,68,197,10.28,11.795,98.88059
2023-11-05,S005-P0001,Groceries,60,515,9.98,11.795,101.47651
2023-11-06,S005-P0001,Groceries,91,467,12.36,11.795,99.71129
2023-11-07,S005-P0001,Groceries,97,375,9.47,11.795,133.8311
2023-11-08,S005-P0001,Groceries,102,276,9.75,11.795,169.9449
2023-11-09,S005-P0001,Groceries,70,203,11.49,11.795,99.426765
2023-11-10,S005-P0001,Groceries,86,152,11.53,11.795,103.617516
2023-11-11,S005-P0001,Groceries,112,64,11.3,11.795,99.93841
2023-11-12,S005-P0001,Groceries,126,195,11.07,11.795,134.58272
2023-11-13,S005-P0001,Groceries,127,294,12.49,11.795,151.52173
2023-11-14,S005-P0001,Groceries,88,179,11.62,11.795,99.07413
2023-11-15,S005-P0001,Groceries,78,401,10.65,11.795,100.01177
2023-11-16,S005-P0001,Groceries,82,335,10.8,11.795,154.19304
2023-11-17,S005-P0001,Groceries,76,240,10.58,11.795,100.12333
2023-11-18,S005-P0001,Groceries,169,155,13.34,11.795,132.8922
2023-11-19,S005-P0001,Groceries,130,10,13.98,11.795,130.8831
2023-11-20,S005-P0001,Groceries,145,322,11.1,11.795,135.5988
2023-11-21,S005-P0001,Groceries,66,227,9.68,11.795,127.01032
2023-11-22,S005-P0001,Groceries,110,415,13.14,11.795,113.45312
2023-11-23,S005-P0001,Groceries,133,333,12.07,11.795,100.387115
2023-11-24,S005-P0001,Groceries,103,234,11.58,11.795,115.08622
2023-11-25,S005-P0001,Groceries,103,150,10.99,11.795,98.88059
2023-11-26,S005-P0001,Groceries,97,291,10.19,11.795,167.62071
2023-11-27,S005-P0001,Groceries,181,219,13.8,11.795,124.740135
2023-11-28,S005-P0001,Groceries,82,83,11.39,11.795,99.07413
2023-11-29,S005-P0001,Groceries,125,376,12.39,11.795,127.4123
2023-11-30,S005-P0001,Groceries,101,251,12.14,11.795,112.7809
2023-12-01,S005-P0001,Groceries,161,136,14.53,11.795,124.73664
2023-12-02,S005-P0001,Groceries,105,0,11.08,11.795,149.67982
2023-12-03,S005-P0001,Groceries,80,359,11.29,11.795,111.29403
2023-12-04,S005-P0001,Groceries,186,268,11.65,11.795,144.78874
2023-12-05,S005-P0001,Groceries,119,97,13.54,11.795,112.921104
2023-12-06,S005-P0001,Groceries,126,395,12.42,11.795,124.8144
2023-12-07,S005-P0001,Groceries,174,257,13.54,11.795,110.82064
2023-12-08,S005-P0001,Groceries,163,110,12.31,11.795,147.08618
2023-12-09,S005-P0001,Groceries,6,329,8.35,11.795,100.393814
2023-12-10,S005-P0001,Groceries,206,325,13.85,11.795,129.28642
2023-12-11,S005-P0001,Groceries,121,113,12.27,11.795,102.51085
2023-12-12,S005-P0001,Groceries,125,363,11.11,11.795,161.24858
2023-12-13,S005-P0001,Groceries,160,269,14.48,11.795,125.05342
2023-12-14,S005-P0001,Groceries,72,87,10.41,11.795,120.930565
2023-12-15,S005-P0001,Groceries,175,310,12.82,11.795,130.0409
2023-12-16,S005-P0001,Groceries,87,145,11.57,11.795,113.53617
2023-12-17,S005-P0001,Groceries,59,390,9.91,11.795,110.86907
2023-12-18,S005-P0001,Groceries,94,354,11.88,11.795,112.60256
2023-12-19,S005-P0001,Groceries,58,254,10.43,11.795,124.71203
2023-12-20,S005-P0001,Groceries,95,186,11.9,11.795,101.184364
2023-12-21,S005-P0001,Groceries,196,77,15.08,11.795,120.930565
2023-12-22,S005-P0001,Groceries,155,176,13.54,11.795,122.6182
2023-12-23,S005-P0001,Groceries,118,431,11.54,11.795,100.59481
2023-12-24,S005-P0001,Groceries,206,301,13.72,11.795,159.61407
2023-12-25,S005-P0001,Groceries,166,122,13.17,11.795,131.38797
2023-12-26,S005-P0001,Groceries,140,342,12.96,11.795,131.68507
2023-12-27,S005-P0001,Groceries,114,231,11.33,11.795,91.16439
2023-12-28,S005-P0001,Groceries,84,114,11.48,11.795,87.499016
2023-12-29,S005-P0001,Groceries,63,220,10.07,11.795,84.467476
2023-12-30,S005-P0001,Groceries,37,181,9.58,11.795,69.819496
2023-12-31,S005-P0001,Groceries,82,150,11.39,11.795,78.65679
2024-01-01,S005-P0001,Groceries,106,83,11.1,11.795,76.80787
2024-01-02,S005-P0001,Groceries,59,169,9.96,11.795,77.797585
2024-01-03,S005-P0001,Groceries,71,353,9.3,11.795,101.97243
2024-01-04,S005-P0001,Groceries,90,271,9.25,11.795,94.11661
2024-01-05,S005-P0001,Groceries,110,202,13.14,11.795,86.48664
2024-01-06,S005-P0001,Groceries,58,126,8.88,11.795,102.10487
2024-01-07,S005-P0001,Groceries,82,258,10.82,11.795,71.76085
2024-01-08,S005-P0001,Groceries,90,169,10.46,11.795,102.31252
2024-01-09,S005-P0001,Groceries,169,100,13.34,11.795,99.66651
2024-01-10,S005-P0001,Groceries,53,174,10.79,11.795,100.53385
2024-01-11,S005-P0001,Groceries,141,459,10.83,11.795,131.9047
2024-01-12,S005-P0001,Groceries,142,347,13.08,11.795,111.82301
2024-01-13,S005-P0001,Groceries,149,198,13.3,11.795,163.87476
2024-01-14,S005-P0001,Groceries,123,56,11.7,11.795,98.36158
2024-01-15,S005-P0001,Groceries,103,333,12.22,11.795,111.44958
2024-01-16,S005-P0001,Groceries,104,234,12.26,11.795,99.427574
2024-01-17,S005-P0001,Groceries,31,151,8.88,11.795,111.86648
2024-01-18,S005-P0001,Groceries,132,296,12.66,11.795,120.65638
2024-01-19,S005-P0001,Groceries,105,175,10.35,11.795,133.091
2024-01-20,S005-P0001,Groceries,95,394,11.91,11.795,124.25288
2024-01-21,S005-P0001,Groceries,148,308,11.8,11.795,147.78255
2024-01-22,S005-P0001,Groceries,177,209,13.55,11.795,159.18108
2024-01-23,S005-P0001,Groceries,49,379,10.59,11.795,99.99682
2024-01-24,S005-P0001,Groceries,236,324,15.75,11.795,150.22826
2024-01-25,S005-P0001,Groceries,209,71,16.44,11.795,120.86614
2024-01-26,S005-P0001,Groceries,152,392,12.74,11.795,111.3608
2024-01-27,S005-P0001,Groceries,68,299,9.75,11.795,100.12229
2024-01-28,S005-P0001,Groceries,128,243,12.51,11.795,110.60119
2024-01-29,S005-P0001,Groceries,118,117,12.8,11.795,110.99952
2024-01-30,S005-P0001,Groceries,99,267,12.04,11.795,99.427574
2023-10-03,S005-P0002,Electronics,88,368,34.44,38.475,124.34789
2023-10-04,S005-P0002,Electronics,120,293,35.99,38.475,125.34805
2023-10-05,S005-P0002,Electronics,96,175,33.34,38.475,113.91889
2023-10-06,S005-P0002,Electronics,81,102,37.53,38.475,99.8374
2023-10-07,S005-P0002,Electronics,63,336,35.26,38.475,48.43741
2023-10-08,S005-P0002,Electronics,91,298,32.36,38.475,70.64739
2023-10-09,S005-P0002,Electronics,45,212,36.38,38.475,53.15399
2023-10-10,S005-P0002,Electronics,25,173,31.82,38.475,48.77471
2023-10-11,S005-P0002,Electronics,44,447,34.47,38.475,59.94062
2023-10-12,S005-P0002,Electronics,66,400,39.51,38.475,50.18199
2023-10-13,S005-P0002,Electronics,37,323,33.52,38.475,50.125107
2023-10-14,S005-P0002,Electronics,70,295,34.25,38.475,62.401325
2023-10-15,S005-P0002,Electronics,46,232,32.93,38.475,49.89707
2023-10-16,S005-P0002,Electronics,26,201,30.2,38.475,48.878105
2023-10-17,S005-P0002,Electronics,90,180,32.68,38.475,78.91889
2023-10-18,S005-P0002,Electronics,47,118,27.57,38.475,63.87155
2023-10-19,S005-P0002,Electronics,62,62,38.9,38.475,61.832058
2023-10-20,S005-P0002,Electronics,58,249,36.36,38.475,59.1102
2023-10-21,S005-P0002,Electronics,42,214,30.77,38.475,59.96892
2023-10-22,S005-P0002,Electronics,30,164,30.85,38.475,55.673065
2023-10-23,S005-P0002,Electronics,68,140,32.11,38.475,69.208534
2023-10-24,S005-P0002,Electronics,21,86,31.32,38.475,48.58198
2023-10-25,S005-P0002,Electronics,81,69,33.26,38.475,125.34805
2023-10-26,S005-P0002,Electronics,58,235,27.32,38.475,125.488914
2023-10-27,S005-P0002,Electronics,104,186,40.49,38.475,108.84321
2023-10-28,S005-P0002,Electronics,127,116,43.65,38.475,108.561935
2023-10-29,S005-P0002,Electronics,53,30,37.59,38.475,108.469536
2023-10-30,S005-P0002,Electronics,81,281,39.49,38.475,89.76808
2023-10-31,S005-P0002,Electronics,64,547,37.15,38.475,87.92747
2023-11-01,S005-P0002,Electronics,61,498,34.93,38.475,88.3574
2023-11-02,S005-P0002,Electronics,58,456,34.52,38.475,105.90269
2023-11-03,S005-P0002,Electronics,121,407,35.64,38.475,115.21115
2023-11-04,S005-P0002,Electronics,71,317,38.15,38.475,87.8931
2023-11-05,S005-P0002,Electronics,88,249,36.49,38.475,90.8832
2023-11-06,S005-P0002,Electronics,107,502,38.79,38.475,87.587425
2023-11-07,S005-P0002,Electronics,89,394,32.11,38.475,116.115746
2023-11-08,S005-P0002,Electronics,117,297,35.6,38.475,143.77538
2023-11-09,S005-P0002,Electronics,65,189,33.61,38.475,85.28164
2023-11-10,S005-P0002,Electronics,183,132,48.36,38.475,114.44186
2023-11-11,S005-P0002,Electronics,131,421,39.49,38.475,115.66303
2023-11-12,S005-P0002,Electronics,138,265,42.73,38.475,114.14802
2023-11-13,S005-P0002,Electronics,117,705,42.33,38.475,97.63924
2023-11-14,S005-P0002,Electronics,80,631,37.32,38.475,87.316734
2023-11-15,S005-P0002,Electronics,140,569,38.17,38.475,115.730736
2023-11-16,S005-P0002,Electronics,124,413,43.28,38.475,96.066605
2023-11-17,S005-P0002,Electronics,70,297,39.98,38.475,90.43566
2023-11-18,S005-P0002,Electronics,100,234,37.98,38.475,112.58561
2023-11-19,S005-P0002,Electronics,147,464,48.75,38.475,109.74769
2023-11-20,S005-P0002,Electronics,83,310,31.92,38.475,114.40425
2023-11-21,S005-P0002,Electronics,132,242,41.94,38.475,107.618935
2023-11-22,S005-P0002,Electronics,125,486,45.59,38.475,98.549034
2023-11-23,S005-P0002,Electronics,68,339,35.82,38.475,85.28164
2023-11-24,S005-P0002,Electronics,95,289,41.47,38.475,101.182365
2023-11-25,S005-P0002,Electronics,108,177,36.77,38.475,113.261116
2023-11-26,S005-P0002,Electronics,38,75,33.66,38.475,108.88381
2023-11-27,S005-P0002,Electronics,117,293,42.25,38.475,106.69041
2023-11-28,S005-P0002,Electronics,92,162,41.02,38.475,87.43273
2023-11-29,S005-P0002,Electronics,86,93,36.28,38.475,108.75883
2023-11-30,S005-P0002,Electronics,120,309,44.99,38.475,96.782394
2023-12-01,S005-P0002,Electronics,142,214,38.36,38.475,133.85901
2023-12-02,S005-P0002,Electronics,70,61,39.98,38.475,97.88172
2023-12-03,S005-P0002,Electronics,121,427,47.52,38.475,95.34523
2023-12-04,S005-P0002,Electronics,93,324,33.0,38.475,123.454124
2023-12-05,S005-P0002,Electronics,88,218,38.49,38.475,98.078186
2023-12-06,S005-P0002,Electronics,128,140,43.65,38.475,108.53964
2023-12-07,S005-P0002,Electronics,34,351,33.09,38.475,96.13706
2023-12-08,S005-P0002,Electronics,119,322,40.36,38.475,97.55602
2023-12-09,S005-P0002,Electronics,88,238,38.44,38.475,88.39489
2023-12-10,S005-P0002,Electronics,101,175,40.14,38.475,86.96949
2023-12-11,S005-P0002,Electronics,77,510,39.0,38.475,89.27264
2023-12-12,S005-P0002,Electronics,158,450,47.62,38.475,133.87247
2023-12-13,S005-P0002,Electronics,65,264,37.37,38.475,107.62155
2023-12-14,S005-P0002,Electronics,165,199,48.48,38.475,105.25979
2023-12-15,S005-P0002,Electronics,119,554,42.45,38.475,86.93259
2023-12-16,S005-P0002,Electronics,177,427,50.08,38.475,99.198296
2023-12-17,S005-P0002,Electronics,140,251,45.2,38.475,96.69486
2023-12-18,S005-P0002,Electronics,130,119,41.71,38.475,98.91243
2023-12-19,S005-P0002,Electronics,92,454,43.25,38.475,106.55648
2023-12-20,S005-P0002,Electronics,155,381,37.32,38.475,112.50549
2023-12-21,S005-P0002,Electronics,143,204,37.97,38.475,132.87035
2023-12-22,S005-P0002,Electronics,106,95,36.24,38.475,133.85901
2023-12-23,S005-P0002,Electronics,133,528,39.79,38.475,111.02643
2023-12-24,S005-P0002,Electronics,114,408,37.17,38.475,132.84174
2023-12-25,S005-P0002,Electronics,92,295,38.9,38.475,90.23994
2023-12-26,S005-P0002,Electronics,92,227,38.96,38.475,88.122314
2023-12-27,S005-P0002,Electronics,38,162,31.86,38.475,64.52276
2023-12-28,S005-P0002,Electronics,75,440,30.6,38.475,80.30921
2023-12-29,S005-P0002,Electronics,38,362,31.98,38.475,57.279373
2023-12-30,S005-P0002,Electronics,44,331,34.38,38.475,47.422764
2023-12-31,S005-P0002,Electronics,66,304,35.51,38.475,52.437283
2024-01-01,S005-P0002,Electronics,57,255,29.03,38.475,67.81759
2024-01-02,S005-P0002,Electronics,86,208,40.23,38.475,51.26763
2024-01-03,S005-P0002,Electronics,43,116,30.88,38.475,69.14289
2024-01-04,S005-P0002,Electronics,59,66,32.9,38.475,45.068226
2024-01-05,S005-P0002,Electronics,82,288,35.71,38.475,54.837353
2024-01-06,S005-P0002,Electronics,42,224,35.96,38.475,51.947193
2024-01-07,S005-P0002,Electronics,67,197,32.01,38.475,60.5152
2024-01-08,S005-P0002,Electronics,65,387,33.58,38.475,49.459656
2024-01-09,S005-P0002,Electronics,149,343,48.92,38.475,86.17214
2024-01-10,S005-P0002,Electronics,67,175,39.54,38.475,86.995476
2024-01-11,S005-P0002,Electronics,83,121,37.82,38.475,86.59399
2024-01-12,S005-P0002,Electronics,83,458,35.82,38.475,95.95396
2024-01-13,S005-P0002,Electronics,43,396,34.3,38.475,105.31396
2024-01-14,S005-P0002,Electronics,72,350,38.35,38.475,86.10504
2024-01-15,S005-P0002,Electronics,187,266,40.63,38.475,124.46555
2024-01-16,S005-P0002,Electronics,95,144,31.1,38.475,112.65235
2024-01-17,S005-P0002,Electronics,47,57,36.75,38.475,96.811516
2024-01-18,S005-P0002,Electronics,106,567,45.22,38.475,102.53292
2024-01-19,S005-P0002,Electronics,37,449,33.52,38.475,85.89317
2024-01-20,S005-P0002,Electronics,78,423,29.33,38.475,135.89099
2024-01-21,S005-P0002,Electronics,64,335,37.21,38.475,94.607124
2024-01-22,S005-P0002,Electronics,109,289,41.1,38.475,103.8066
2024-01-23,S005-P0002,Electronics,100,183,44.35,38.475,86.17214
2024-01-24,S005-P0002,Electronics,70,107,32.36,38.475,123.89689
2024-01-25,S005-P0002,Electronics,101,377,33.9,38.475,133.69896
2024-01-26,S005-P0002,Electronics,84,256,31.54,38.475,123.25426
2024-01-27,S005-P0002,Electronics,83,194,33.49,38.475,112.77229
2024-01-28,S005-P0002,Electronics,115,97,46.61,38.475,94.607124
2024-01-29,S005-P0002,Electronics,118,274,44.71,38.475,94.98522
2024-01-30,S005-P0002,Electronics,136,156,49.68,38.475,86.17214
2023-10-03,S005-P0003,Toys,79,198,27.22,27.84,96.97776
2023-10-04,S005-P0003,Toys,118,123,30.91,27.84,97.75982
2023-10-05,S005-P0003,Toys,103,126,27.79,27.84,112.28785
2023-10-06,S005-P0003,Toys,101,144,29.28,27.84,130.55371
2023-10-07,S005-P0003,Toys,34,144,24.06,27.84,33.374535
2023-10-08,S005-P0003,Toys,24,114,23.13,27.84,40.730812
2023-10-09,S005-P0003,Toys,57,149,23.82,27.84,49.279293
2023-10-10,S005-P0003,Toys,36,104,24.31,27.84,34.087425
2023-10-11,S005-P0003,Toys,74,114,25.32,27.84,58.76655
2023-10-12,S005-P0003,Toys,57,102,23.75,27.84,33.647545
2023-10-13,S005-P0003,Toys,37,113,23.09,27.84,35.861435
2023-10-14,S005-P0003,Toys,30,134,21.29,27.84,32.80764
2023-10-15,S005-P0003,Toys,21,104,22.81,27.84,35.94791
2023-10-16,S005-P0003,Toys,30,135,22.55,27.84,31.576355
2023-10-17,S005-P0003,Toys,43,103,22.4,27.84,58.51013
2023-10-18,S005-P0003,Toys,54,103,22.2,27.84,44.36178
2023-10-19,S005-P0003,Toys,11,102,17.16,27.84,61.51186
2023-10-20,S005-P0003,Toys,16,90,23.42,27.84,44.596905
2023-10-21,S005-P0003,Toys,32,130,22.68,27.84,43.05384
2023-10-22,S005-P0003,Toys,52,100,24.53,27.84,40.81057
2023-10-23,S005-P0003,Toys,65,101,22.89,27.84,49.62245
2023-10-24,S005-P0003,Toys,35,126,22.96,27.84,33.033783
2023-10-25,S005-P0003,Toys,73,96,25.23,27.84,126.031746
2023-10-26,S005-P0003,Toys,74,128,26.77,27.84,94.72868
2023-10-27,S005-P0003,Toys,111,121,31.9,27.84,109.02233
2023-10-28,S005-P0003,Toys,84,139,26.23,27.84,106.81965
2023-10-29,S005-P0003,Toys,99,142,30.65,27.84,108.44461
2023-10-30,S005-P0003,Toys,113,153,30.51,27.84,89.08676
2023-10-31,S005-P0003,Toys,82,187,26.05,27.84,87.703896
2023-11-01,S005-P0003,Toys,57,108,26.43,27.84,87.60462
2023-11-02,S005-P0003,Toys,50,119,23.15,27.84,103.12032
2023-11-03,S005-P0003,Toys,68,115,26.08,27.84,88.69599
2023-11-04,S005-P0003,Toys,98,123,30.56,27.84,81.69285
2023-11-05,S005-P0003,Toys,56,134,24.98,27.84,84.870995
2023-11-06,S005-P0003,Toys,74,140,22.22,27.84,110.60787
2023-11-07,S005-P0003,Toys,80,135,28.77,27.84,81.13567
2023-11-08,S005-P0003,Toys,118,141,27.43,27.84,143.4265
2023-11-09,S005-P0003,Toys,106,158,29.74,27.84,84.90607
2023-11-10,S005-P0003,Toys,115,166,32.29,27.84,89.190865
2023-11-11,S005-P0003,Toys,124,179,28.23,27.84,118.5859
2023-11-12,S005-P0003,Toys,188,231,31.75,27.84,117.78172
2023-11-13,S005-P0003,Toys,113,245,30.39,27.84,94.942314
2023-11-14,S005-P0003,Toys,114,131,25.38,27.84,117.85665
2023-11-15,S005-P0003,Toys,126,154,30.04,27.84,111.835976
2023-11-16,S005-P0003,Toys,87,181,29.43,27.84,96.346794
2023-11-17,S005-P0003,Toys,53,97,24.7,27.84,84.5086
2023-11-18,S005-P0003,Toys,124,114,26.54,27.84,111.911415
2023-11-19,S005-P0003,Toys,64,126,25.73,27.84,143.24567
2023-11-20,S005-P0003,Toys,120,147,32.73,27.84,86.251724
2023-11-21,S005-P0003,Toys,69,165,27.67,27.84,107.4351
2023-11-22,S005-P0003,Toys,66,102,25.98,27.84,98.42423
2023-11-23,S005-P0003,Toys,123,103,29.81,27.84,115.305214
2023-11-24,S005-P0003,Toys,94,102,27.14,27.84,98.642136
2023-11-25,S005-P0003,Toys,100,106,29.21,27.84,81.69285
2023-11-26,S005-P0003,Toys,118,141,32.55,27.84,107.66786
2023-11-27,S005-P0003,Toys,129,111,26.58,27.84,140.7812
2023-11-28,S005-P0003,Toys,113,165,32.03,27.84,87.434906
2023-11-29,S005-P0003,Toys,89,162,29.69,27.84,107.73168
2023-11-30,S005-P0003,Toys,148,164,35.64,27.84,96.346794
2023-12-01,S005-P0003,Toys,192,161,35.84,27.84,138.70866
2023-12-02,S005-P0003,Toys,90,220,23.47,27.84,124.78599
2023-12-03,S005-P0003,Toys,144,117,33.35,27.84,97.87127
2023-12-04,S005-P0003,Toys,87,127,27.94,27.84,98.90943
2023-12-05,S005-P0003,Toys,127,154,31.7,27.84,96.66099
2023-12-06,S005-P0003,Toys,118,190,24.44,27.84,137.07162
2023-12-07,S005-P0003,Toys,113,232,28.85,27.84,95.49539
2023-12-08,S005-P0003,Toys,104,132,29.49,27.84,98.00575
2023-12-09,S005-P0003,Toys,92,174,26.77,27.84,113.91514
2023-12-10,S005-P0003,Toys,95,194,23.87,27.84,115.26119
2023-12-11,S005-P0003,Toys,85,80,29.24,27.84,90.45092
2023-12-12,S005-P0003,Toys,123,100,28.09,27.84,135.711
2023-12-13,S005-P0003,Toys,118,127,30.96,27.84,105.61271
2023-12-14,S005-P0003,Toys,36,130,23.06,27.84,104.23659
2023-12-15,S005-P0003,Toys,119,104,30.95,27.84,89.02885
2023-12-16,S005-P0003,Toys,135,119,27.05,27.84,124.78599
2023-12-17,S005-P0003,Toys,142,142,33.24,27.84,98.035576
2023-12-18,S005-P0003,Toys,151,146,30.27,27.84,127.66997
2023-12-19,S005-P0003,Toys,72,229,22.02,27.84,136.09802
2023-12-20,S005-P0003,Toys,45,162,23.92,27.84,88.31506
2023-12-21,S005-P0003,Toys,99,132,29.15,27.84,104.443375
2023-12-22,S005-P0003,Toys,124,135,31.48,27.84,107.06066
2023-12-23,S005-P0003,Toys,104,150,29.59,27.84,88.479836
2023-12-24,S005-P0003,Toys,73,163,26.65,27.84,106.612755
2023-12-25,S005-P0003,Toys,56,164,26.32,27.84,90.45092
2023-12-26,S005-P0003,Toys,95,98,28.69,27.84,87.463066
2023-12-27,S005-P0003,Toys,44,120,19.85,27.84,42.749424
2023-12-28,S005-P0003,Toys,27,124,22.22,27.84,36.68617
2023-12-29,S005-P0003,Toys,18,92,21.39,27.84,38.821487
2023-12-30,S005-P0003,Toys,21,128,22.76,27.84,29.67416
2023-12-31,S005-P0003,Toys,49,111,26.96,27.84,36.84706
2024-01-01,S005-P0003,Toys,19,132,21.44,27.84,32.390316
2024-01-02,S005-P0003,Toys,23,115,21.87,27.84,30.838879
2024-01-03,S005-P0003,Toys,39,95,23.34,27.84,31.315277
2024-01-04,S005-P0003,Toys,28,102,23.5,27.84,26.77213
2024-01-05,S005-P0003,Toys,27,133,19.87,27.84,52.545662
2024-01-06,S005-P0003,Toys,71,104,20.87,27.84,46.680656
2024-01-07,S005-P0003,Toys,14,109,20.96,27.84,29.999687
2024-01-08,S005-P0003,Toys,31,99,17.84,27.84,47.755882
2024-01-09,S005-P0003,Toys,97,128,32.07,27.84,87.0543
2024-01-10,S005-P0003,Toys,115,162,27.46,27.84,112.71094
2024-01-11,S005-P0003,Toys,4,184,17.76,27.84,112.46958
2024-01-12,S005-P0003,Toys,83,180,27.6,27.84,96.935875
2024-01-13,S005-P0003,Toys,95,86,28.67,27.84,104.35106
2024-01-14,S005-P0003,Toys,78,90,27.07,27.84,88.22952
2024-01-15,S005-P0003,Toys,80,117,27.19,27.84,96.75825
2024-01-16,S005-P0003,Toys,74,103,23.94,27.84,111.584946
2024-01-17,S005-P0003,Toys,73,125,26.61,27.84,96.18433
2024-01-18,S005-P0003,Toys,43,154,23.75,27.84,102.29902
2024-01-19,S005-P0003,Toys,34,127,21.66,27.84,113.84628
2024-01-20,S005-P0003,Toys,104,99,29.57,27.84,104.73105
2024-01-21,S005-P0003,Toys,68,97,24.74,27.84,97.034996
2024-01-22,S005-P0003,Toys,183,116,33.25,27.84,135.8457
2024-01-23,S005-P0003,Toys,59,206,26.65,27.84,86.36939
2024-01-24,S005-P0003,Toys,150,145,32.06,27.84,124.34985
2024-01-25,S005-P0003,Toys,62,160,26.94,27.84,102.29902
2024-01-26,S005-P0003,Toys,80,97,30.23,27.84,97.19703
2024-01-27,S005-P0003,Toys,92,136,28.42,27.84,86.94253
2024-01-28,S005-P0003,Toys,113,140,25.66,27.84,124.81064
2024-01-29,S005-P0003,Toys,100,178,30.75,27.84,96.71296
2024-01-30,S005-P0003,Toys,121,212,32.93,27.84,87.0543
2023-10-03,S005-P0004,Groceries,93,194,7.98,7.68,112.67846
2023-10-04,S005-P0004,Groceries,146,100,7.05,7.68,147.01723
2023-10-05,S005-P0004,Groceries,121,152,7.46,7.68,99.685524
2023-10-06,S005-P0004,Groceries,134,179,8.6,7.68,114.88518
2023-10-07,S005-P0004,Groceries,152,146,6.81,7.68,86.54818
2023-10-08,S005-P0004,Groceries,87,177,7.42,7.68,76.88597
2023-10-09,S005-P0004,Groceries,49,115,6.11,7.68,74.13672
2023-10-10,S005-P0004,Groceries,57,109,7.0,7.68,66.78344
2023-10-11,S005-P0004,Groceries,164,115,7.97,7.68,104.357735
2023-10-12,S005-P0004,Groceries,64,170,7.19,7.68,68.07409
2023-10-13,S005-P0004,Groceries,65,99,6.14,7.68,85.8066
2023-10-14,S005-P0004,Groceries,38,103,6.49,7.68,66.94895
2023-10-15,S005-P0004,Groceries,78,120,6.83,7.68,69.783394
2023-10-16,S005-P0004,Groceries,56,137,6.28,7.68,67.24149
2023-10-17,S005-P0004,Groceries,80,79,6.86,7.68,104.61378
2023-10-18,S005-P0004,Groceries,126,87,6.65,7.68,86.449455
2023-10-19,S005-P0004,Groceries,177,106,8.25,7.68,104.05156
2023-10-20,S005-P0004,Groceries,107,157,6.68,7.68,104.95251
2023-10-21,S005-P0004,Groceries,99,169,7.33,7.68,81.94613
2023-10-22,S005-P0004,Groceries,60,170,6.38,7.68,76.81102
2023-10-23,S005-P0004,Groceries,66,102,6.89,7.68,74.1036
2023-10-24,S005-P0004,Groceries,56,92,6.97,7.68,66.12977
2023-10-25,S005-P0004,Groceries,92,108,7.94,7.68,113.24621
2023-10-26,S005-P0004,Groceries,143,128,8.85,7.68,113.45687
2023-10-27,S005-P0004,Groceries,125,169,8.38,7.68,127.07512
2023-10-28,S005-P0004,Groceries,169,166,9.01,7.68,161.21437
2023-10-29,S005-P0004,Groceries,87,185,6.67,7.68,127.23048
2023-10-30,S005-P0004,Groceries,94,84,7.6,7.68,101.91965
2023-10-31,S005-P0004,Groceries,145,133,9.37,7.68,100.30622
2023-11-01,S005-P0004,Groceries,128,144,7.58,7.68,136.59781
2023-11-02,S005-P0004,Groceries,73,136,7.42,7.68,126.68012
2023-11-03,S005-P0004,Groceries,120,149,7.82,7.68,101.604416
2023-11-04,S005-P0004,Groceries,112,143,6.35,7.68,133.21239
2023-11-05,S005-P0004,Groceries,141,140,7.92,7.68,134.87852
2023-11-06,S005-P0004,Groceries,62,197,6.44,7.68,99.912865
2023-11-07,S005-P0004,Groceries,129,159,8.07,7.68,98.692986
2023-11-08,S005-P0004,Groceries,141,183,7.48,7.68,169.70207
2023-11-09,S005-P0004,Groceries,78,206,7.18,7.68,99.61865
2023-11-10,S005-P0004,Groceries,132,144,8.55,7.68,103.617516
2023-11-11,S005-P0004,Groceries,146,199,7.14,7.68,136.14105
2023-11-12,S005-P0004,Groceries,92,183,7.14,7.68,102.27092
2023-11-13,S005-P0004,Groceries,116,81,7.75,7.68,110.96482
2023-11-14,S005-P0004,Groceries,115,129,8.13,7.68,99.07413
2023-11-15,S005-P0004,Groceries,82,93,7.3,7.68,99.52705
2023-11-16,S005-P0004,Groceries,140,92,8.75,7.68,112.7809
2023-11-17,S005-P0004,Groceries,103,156,8.25,7.68,101.10704
2023-11-18,S005-P0004,Groceries,142,151,7.06,7.68,132.65228
2023-11-19,S005-P0004,Groceries,233,184,8.9,7.68,166.96898
2023-11-20,S005-P0004,Groceries,72,230,6.7,7.68,99.01565
2023-11-21,S005-P0004,Groceries,194,186,9.63,7.68,126.89957
2023-11-22,S005-P0004,Groceries,65,156,6.52,7.68,113.276825
2023-11-23,S005-P0004,Groceries,113,79,7.27,7.68,137.07956
2023-11-24,S005-P0004,Groceries,177,114,8.24,7.68,150.80728
2023-11-25,S005-P0004,Groceries,102,174,7.79,7.68,98.56921
2023-11-26,S005-P0004,Groceries,183,183,9.86,7.68,130.20209
2023-11-27,S005-P0004,Groceries,124,201,7.92,7.68,124.740135
2023-11-28,S005-P0004,Groceries,157,237,7.26,7.68,136.8715
2023-11-29,S005-P0004,Groceries,120,245,7.43,7.68,127.4123
2023-11-30,S005-P0004,Groceries,98,155,7.7,7.68,112.7809
2023-12-01,S005-P0004,Groceries,115,187,6.42,7.68,159.1515
2023-12-02,S005-P0004,Groceries,123,202,7.92,7.68,113.53617
2023-12-03,S005-P0004,Groceries,137,219,8.68,7.68,111.29403
2023-12-04,S005-P0004,Groceries,93,78,7.96,7.68,112.69966
2023-12-05,S005-P0004,Groceries,117,120,6.95,7.68,147.81006
2023-12-06,S005-P0004,Groceries,208,120,9.95,7.68,162.9569
2023-12-07,S005-P0004,Groceries,100,236,7.35,7.68,110.691475
2023-12-08,S005-P0004,Groceries,123,118,7.9,7.68,112.21168
2023-12-09,S005-P0004,Groceries,60,148,7.09,7.68,100.53344
2023-12-10,S005-P0004,Groceries,68,98,6.93,7.68,97.84663
2023-12-11,S005-P0004,Groceries,140,83,7.85,7.68,131.38797
2023-12-12,S005-P0004,Groceries,71,168,5.97,7.68,161.24858
2023-12-13,S005-P0004,Groceries,149,119,8.09,7.68,124.8144
2023-12-14,S005-P0004,Groceries,198,125,10.25,7.68,121.5954
2023-12-15,S005-P0004,Groceries,105,178,7.46,7.68,98.41238
2023-12-16,S005-P0004,Groceries,122,189,7.0,7.68,147.66957
2023-12-17,S005-P0004,Groceries,34,196,6.06,7.68,112.31297
2023-12-18,S005-P0004,Groceries,109,168,8.4,7.68,112.69966
2023-12-19,S005-P0004,Groceries,134,189,8.62,7.68,124.71203
2023-12-20,S005-P0004,Groceries,166,201,8.96,7.68,101.154
2023-12-21,S005-P0004,Groceries,148,217,8.96,7.68,121.5954
2023-12-22,S005-P0004,Groceries,250,241,10.35,7.68,161.8351
2023-12-23,S005-P0004,Groceries,93,360,7.96,7.68,100.53344
2023-12-24,S005-P0004,Groceries,252,288,9.17,7.68,158.32903
2023-12-25,S005-P0004,Groceries,113,341,6.87,7.68,131.38797
2023-12-26,S005-P0004,Groceries,116,247,7.72,7.68,100.45968
2023-12-27,S005-P0004,Groceries,73,144,6.68,7.68,69.98507
2023-12-28,S005-P0004,Groceries,140,123,7.02,7.68,114.136665
2023-12-29,S005-P0004,Groceries,37,152,5.83,7.68,84.467476
2023-12-30,S005-P0004,Groceries,51,129,6.5,7.68,69.81492
2023-12-31,S005-P0004,Groceries,101,151,7.77,7.68,78.65679
2024-01-01,S005-P0004,Groceries,67,142,6.22,7.68,76.80787
2024-01-02,S005-P0004,Groceries,81,135,7.26,7.68,78.53363
2024-01-03,S005-P0004,Groceries,100,163,8.17,7.68,78.31402
2024-01-04,S005-P0004,Groceries,30,176,5.96,7.68,71.390396
2024-01-05,S005-P0004,Groceries,116,154,8.16,7.68,85.94771
2024-01-06,S005-P0004,Groceries,81,169,7.64,7.68,78.431206
2024-01-07,S005-P0004,Groceries,73,88,7.05,7.68,72.20738
2024-01-08,S005-P0004,Groceries,133,86,7.69,7.68,102.31252
2024-01-09,S005-P0004,Groceries,38,150,6.51,7.68,99.99682
2024-01-10,S005-P0004,Groceries,68,126,6.56,7.68,100.50855
2024-01-11,S005-P0004,Groceries,152,142,7.27,7.68,131.58308
2024-01-12,S005-P0004,Groceries,204,154,8.31,7.68,148.02875
2024-01-13,S005-P0004,Groceries,141,233,8.32,7.68,122.968994
2024-01-14,S005-P0004,Groceries,122,75,7.0,7.68,132.98412
2024-01-15,S005-P0004,Groceries,156,140,9.66,7.68,111.44958
2024-01-16,S005-P0004,Groceries,176,138,8.72,7.68,135.18443
2024-01-17,S005-P0004,Groceries,125,145,8.84,7.68,112.24148
2024-01-18,S005-P0004,Groceries,108,132,7.15,7.68,160.48363
2024-01-19,S005-P0004,Groceries,86,119,7.38,7.68,98.643295
2024-01-20,S005-P0004,Groceries,158,147,8.3,7.68,163.87476
2024-01-21,S005-P0004,Groceries,139,178,7.86,7.68,150.53093
2024-01-22,S005-P0004,Groceries,144,252,8.4,7.68,120.84434
2024-01-23,S005-P0004,Groceries,146,80,8.03,7.68,99.66651
2024-01-24,S005-P0004,Groceries,145,127,8.9,7.68,112.24148
2024-01-25,S005-P0004,Groceries,143,154,7.97,7.68,120.65638
2024-01-26,S005-P0004,Groceries,167,135,8.52,7.68,150.80678
2024-01-27,S005-P0004,Groceries,69,173,6.97,7.68,100.458916
2024-01-28,S005-P0004,Groceries,147,118,8.05,7.68,150.53093
2024-01-29,S005-P0004,Groceries,87,140,6.69,7.68,110.742485
2024-01-30,S005-P0004,Groceries,115,141,7.73,7.68,99.427574
2023-10-03,S005-P0005,Groceries,187,0,18.89,16.05,145.68623
2023-10-04,S005-P0005,Groceries,89,272,15.01,16.05,113.933235
2023-10-05,S005-P0005,Groceries,55,495,14.01,16.05,99.13497
2023-10-06,S005-P0005,Groceries,128,434,17.95,16.05,114.88518
2023-10-07,S005-P0005,Groceries,50,328,12.36,16.05,66.7937
2023-10-08,S005-P0005,Groceries,75,283,14.34,16.05,76.81446
2023-10-09,S005-P0005,Groceries,64,218,12.19,16.05,95.080574
2023-10-10,S005-P0005,Groceries,61,145,12.89,16.05,86.34243
2023-10-11,S005-P0005,Groceries,104,104,16.67,16.05,82.006454
2023-10-12,S005-P0005,Groceries,87,153,14.07,16.05,86.63921
2023-10-13,S005-P0005,Groceries,69,283,13.29,16.05,86.08503
2023-10-14,S005-P0005,Groceries,51,241,10.35,16.05,86.54818
2023-10-15,S005-P0005,Groceries,102,202,16.55,16.05,69.783394
2023-10-16,S005-P0005,Groceries,41,122,9.94,16.05,86.63164
2023-10-17,S005-P0005,Groceries,29,303,11.99,16.05,81.96497
2023-10-18,S005-P0005,Groceries,78,269,16.05,16.05,66.983864
2023-10-19,S005-P0005,Groceries,80,183,15.35,16.05,82.459915
2023-10-20,S005-P0005,Groceries,71,135,13.36,16.05,82.38848
2023-10-21,S005-P0005,Groceries,94,228,15.29,16.05,81.94613
2023-10-22,S005-P0005,Groceries,108,160,14.32,16.05,96.206
2023-10-23,S005-P0005,Groceries,111,260,12.78,16.05,95.06161
2023-10-24,S005-P0005,Groceries,55,132,10.51,16.05,86.23355
2023-10-25,S005-P0005,Groceries,80,353,16.18,16.05,113.24621
2023-10-26,S005-P0005,Groceries,90,287,15.07,16.05,113.7185
2023-10-27,S005-P0005,Groceries,115,213,16.39,16.05,126.57363
2023-10-28,S005-P0005,Groceries,143,137,18.78,16.05,125.57059
2023-10-29,S005-P0005,Groceries,139,276,19.53,16.05,127.5792
2023-10-30,S005-P0005,Groceries,108,172,16.04,16.05,102.42854
2023-10-31,S005-P0005,Groceries,106,342,16.75,16.05,100.30622
2023-11-01,S005-P0005,Groceries,115,274,14.66,16.05,136.59781
2023-11-02,S005-P0005,Groceries,78,162,14.43,16.05,127.131294
2023-11-03,S005-P0005,Groceries,95,352,12.13,16.05,133.60812
2023-11-04,S005-P0005,Groceries,135,244,15.45,16.05,132.65228
2023-11-05,S005-P0005,Groceries,147,116,14.25,16.05,132.39687
2023-11-06,S005-P0005,Groceries,103,242,14.94,16.05,100.48756
2023-11-07,S005-P0005,Groceries,135,447,19.29,16.05,98.39558
2023-11-08,S005-P0005,Groceries,102,296,16.52,16.05,127.222984
2023-11-09,S005-P0005,Groceries,139,211,17.55,16.05,100.387115
2023-11-10,S005-P0005,Groceries,88,87,15.01,16.05,102.37897
2023-11-11,S005-P0005,Groceries,42,342,12.63,16.05,99.93841
2023-11-12,S005-P0005,Groceries,102,314,15.68,16.05,102.27092
2023-11-13,S005-P0005,Groceries,189,191,15.94,16.05,152.59239
2023-11-14,S005-P0005,Groceries,165,0,17.96,16.05,135.907
2023-11-15,S005-P0005,Groceries,83,358,15.49,16.05,99.29987
2023-11-16,S005-P0005,Groceries,117,621,17.38,16.05,112.80302
2023-11-17,S005-P0005,Groceries,149,512,20.11,16.05,101.10704
2023-11-18,S005-P0005,Groceries,93,333,15.21,16.05,98.88059
2023-11-19,S005-P0005,Groceries,155,244,16.33,16.05,166.96898
2023-11-20,S005-P0005,Groceries,136,98,13.79,16.05,136.3533
2023-11-21,S005-P0005,Groceries,146,354,17.99,16.05,126.89957
2023-11-22,S005-P0005,Groceries,79,258,16.11,16.05,113.45312
2023-11-23,S005-P0005,Groceries,176,502,19.43,16.05,137.07956
2023-11-24,S005-P0005,Groceries,160,295,19.69,16.05,115.9595
2023-11-25,S005-P0005,Groceries,146,181,15.91,16.05,132.65228
2023-11-26,S005-P0005,Groceries,158,426,18.56,16.05,129.90546
2023-11-27,S005-P0005,Groceries,236,280,23.76,16.05,125.33606
2023-11-28,S005-P0005,Groceries,128,113,17.96,16.05,99.07413
2023-11-29,S005-P0005,Groceries,96,478,15.39,16.05,127.4123
2023-11-30,S005-P0005,Groceries,115,399,16.37,16.05,112.80302
2023-12-01,S005-P0005,Groceries,123,304,13.94,16.05,159.1515
2023-12-02,S005-P0005,Groceries,140,169,17.59,16.05,113.46874
2023-12-03,S005-P0005,Groceries,107,252,15.12,16.05,110.86907
2023-12-04,S005-P0005,Groceries,61,168,13.58,16.05,112.55005
2023-12-05,S005-P0005,Groceries,118,342,14.77,16.05,147.81006
2023-12-06,S005-P0005,Groceries,186,208,22.21,16.05,125.526695
2023-12-07,S005-P0005,Groceries,120,81,15.77,16.05,110.82064
2023-12-08,S005-P0005,Groceries,178,433,20.63,16.05,112.66973
2023-12-09,S005-P0005,Groceries,55,295,14.0,16.05,100.393814
2023-12-10,S005-P0005,Groceries,51,233,13.1,16.05,97.84663
2023-12-11,S005-P0005,Groceries,58,188,14.92,16.05,102.41561
2023-12-12,S005-P0005,Groceries,187,131,15.84,16.05,159.3835
2023-12-13,S005-P0005,Groceries,112,0,16.23,16.05,125.05342
2023-12-14,S005-P0005,Groceries,129,443,15.14,16.05,157.12224
2023-12-15,S005-P0005,Groceries,93,365,13.66,16.05,130.0409
2023-12-16,S005-P0005,Groceries,148,288,15.01,16.05,147.12926
2023-12-17,S005-P0005,Groceries,116,158,14.71,16.05,147.84773
2023-12-18,S005-P0005,Groceries,98,277,14.72,16.05,112.55005
2023-12-19,S005-P0005,Groceries,109,165,13.54,16.05,160.30444
2023-12-20,S005-P0005,Groceries,124,43,18.66,16.05,101.184364
2023-12-21,S005-P0005,Groceries,135,235,17.34,16.05,120.930565
2023-12-22,S005-P0005,Groceries,177,416,16.46,16.05,160.3713
2023-12-23,S005-P0005,Groceries,107,288,15.92,16.05,100.59481
2023-12-24,S005-P0005,Groceries,114,492,17.21,16.05,124.15977
2023-12-25,S005-P0005,Groceries,71,359,14.11,16.05,102.51085
2023-12-26,S005-P0005,Groceries,118,289,16.52,16.05,100.137825
2023-12-27,S005-P0005,Groceries,60,171,12.84,16.05,69.98507
2023-12-28,S005-P0005,Groceries,46,369,11.38,16.05,114.136665
2023-12-29,S005-P0005,Groceries,87,336,14.97,16.05,85.077126
2023-12-30,S005-P0005,Groceries,33,232,12.2,16.05,69.819496
2023-12-31,S005-P0005,Groceries,59,194,13.51,16.05,77.95217
2024-01-01,S005-P0005,Groceries,110,144,17.0,16.05,78.27767
2024-01-02,S005-P0005,Groceries,75,34,14.31,16.05,102.531105
2024-01-03,S005-P0005,Groceries,71,232,12.52,16.05,101.76569
2024-01-04,S005-P0005,Groceries,99,169,16.37,16.05,70.851074
2024-01-05,S005-P0005,Groceries,69,65,11.08,16.05,111.98208
2024-01-06,S005-P0005,Groceries,45,203,13.47,16.05,77.68099
2024-01-07,S005-P0005,Groceries,83,175,14.71,16.05,71.382744
2024-01-08,S005-P0005,Groceries,113,120,16.3,16.05,77.45656
2024-01-09,S005-P0005,Groceries,130,198,18.07,16.05,99.99682
2024-01-10,S005-P0005,Groceries,163,82,19.81,16.05,100.22164
2024-01-11,S005-P0005,Groceries,85,283,14.84,16.05,99.87403
2024-01-12,S005-P0005,Groceries,123,549,15.91,16.05,111.3608
2024-01-13,S005-P0005,Groceries,95,469,16.16,16.05,123.382835
2024-01-14,S005-P0005,Groceries,149,373,18.07,16.05,98.36158
2024-01-15,S005-P0005,Groceries,104,277,15.76,16.05,110.742485
2024-01-16,S005-P0005,Groceries,149,192,17.05,16.05,134.23672
2024-01-17,S005-P0005,Groceries,114,74,16.29,16.05,111.64355
2024-01-18,S005-P0005,Groceries,115,321,17.26,16.05,120.86614
2024-01-19,S005-P0005,Groceries,141,213,16.7,16.05,134.16068
2024-01-20,S005-P0005,Groceries,192,57,16.91,16.05,161.06691
2024-01-21,S005-P0005,Groceries,196,290,20.46,16.05,150.53093
2024-01-22,S005-P0005,Groceries,133,537,17.25,16.05,120.84434
2024-01-23,S005-P0005,Groceries,108,410,16.86,16.05,99.99682
2024-01-24,S005-P0005,Groceries,64,310,11.46,16.05,147.84001
2024-01-25,S005-P0005,Groceries,145,253,18.89,16.05,120.86614
2024-01-26,S005-P0005,Groceries,248,104,19.54,16.05,148.02875
2024-01-27,S005-P0005,Groceries,111,266,13.46,16.05,133.22908
2024-01-28,S005-P0005,Groceries,98,581,16.33,16.05,111.3816
2024-01-29,S005-P0005,Groceries,164,469,20.94,16.05,111.44958
2024-01-30,S005-P0005,Groceries,113,288,17.12,16.05,99.427574
2023-10-03,S005-P0006,Groceries,122,927,64.24,59.305,112.67846
2023-10-04,S005-P0006,Groceries,123,832,54.86,59.305,146.11588
2023-10-05,S005-P0006,Groceries,72,718,54.4,59.305,99.13497
2023-10-06,S005-P0006,Groceries,169,658,69.89,59.305,114.277214
2023-10-07,S005-P0006,Groceries,86,475,54.26,59.305,66.7937
2023-10-08,S005-P0006,Groceries,44,387,46.32,59.305,76.81102
2023-10-09,S005-P0006,Groceries,81,358,53.34,59.305,74.1036
2023-10-10,S005-P0006,Groceries,99,848,53.53,59.305,86.33311
2023-10-11,S005-P0006,Groceries,94,740,44.02,59.305,104.13918
2023-10-12,S005-P0006,Groceries,88,652,54.62,59.305,67.76696
2023-10-13,S005-P0006,Groceries,51,582,47.83,59.305,68.03321
2023-10-14,S005-P0006,Groceries,107,549,51.64,59.305,86.45738
2023-10-15,S005-P0006,Groceries,90,429,58.04,59.305,69.783394
2023-10-16,S005-P0006,Groceries,61,365,49.45,59.305,86.68015
2023-10-17,S005-P0006,Groceries,117,312,56.89,59.305,82.02057
2023-10-18,S005-P0006,Groceries,80,199,44.79,59.305,86.35861
2023-10-19,S005-P0006,Groceries,120,503,50.47,59.305,103.79173
2023-10-20,S005-P0006,Groceries,102,363,60.34,59.305,82.583755
2023-10-21,S005-P0006,Groceries,63,284,52.75,59.305,81.99294
2023-10-22,S005-P0006,Groceries,66,216,42.62,59.305,96.128944
2023-10-23,S005-P0006,Groceries,67,604,42.19,59.305,95.06161
2023-10-24,S005-P0006,Groceries,47,530,46.93,59.305,66.66109
2023-10-25,S005-P0006,Groceries,205,495,72.19,59.305,146.11588
2023-10-26,S005-P0006,Groceries,142,286,68.29,59.305,113.469536
2023-10-27,S005-P0006,Groceries,118,168,60.13,59.305,126.375694
2023-10-28,S005-P0006,Groceries,145,73,65.17,59.305,125.890114
2023-10-29,S005-P0006,Groceries,113,797,59.37,59.305,127.36734
2023-10-30,S005-P0006,Groceries,143,694,68.32,59.305,102.42854
2023-10-31,S005-P0006,Groceries,88,578,51.81,59.305,100.63415
2023-11-01,S005-P0006,Groceries,95,497,56.01,59.305,100.08151
2023-11-02,S005-P0006,Groceries,113,422,62.48,59.305,126.69842
2023-11-03,S005-P0006,Groceries,90,333,58.06,59.305,102.37897
2023-11-04,S005-P0006,Groceries,94,230,55.67,59.305,98.88059
2023-11-05,S005-P0006,Groceries,50,155,50.03,59.305,102.43185
2023-11-06,S005-P0006,Groceries,159,571,67.82,59.305,100.48756
2023-11-07,S005-P0006,Groceries,46,445,46.84,59.305,98.692986
2023-11-08,S005-P0006,Groceries,130,408,59.19,59.305,127.4123
2023-11-09,S005-P0006,Groceries,172,301,66.28,59.305,137.24797
2023-11-10,S005-P0006,Groceries,168,802,61.76,59.305,134.05699
2023-11-11,S005-P0006,Groceries,112,691,56.15,59.305,99.93841
2023-11-12,S005-P0006,Groceries,143,558,54.75,59.305,134.58272
2023-11-13,S005-P0006,Groceries,140,461,54.23,59.305,152.14789
2023-11-14,S005-P0006,Groceries,126,334,68.41,59.305,99.07413
2023-11-15,S005-P0006,Groceries,174,228,62.77,59.305,133.6874
2023-11-16,S005-P0006,Groceries,158,627,71.28,59.305,112.80302
2023-11-17,S005-P0006,Groceries,168,519,58.67,59.305,132.42363
2023-11-18,S005-P0006,Groceries,143,385,54.75,59.305,132.65228
2023-11-19,S005-P0006,Groceries,100,226,63.04,59.305,130.8831
2023-11-20,S005-P0006,Groceries,162,731,68.51,59.305,99.01565
2023-11-21,S005-P0006,Groceries,106,555,57.99,59.305,126.89957
2023-11-22,S005-P0006,Groceries,178,479,60.24,59.305,153.43434
2023-11-23,S005-P0006,Groceries,129,367,62.19,59.305,100.387115
2023-11-24,S005-P0006,Groceries,157,770,74.8,59.305,116.90225
2023-11-25,S005-P0006,Groceries,133,675,62.97,59.305,98.88059
2023-11-26,S005-P0006,Groceries,112,575,65.53,59.305,130.8831
2023-11-27,S005-P0006,Groceries,255,474,85.75,59.305,167.70079
2023-11-28,S005-P0006,Groceries,85,233,51.01,59.305,136.0549
2023-11-29,S005-P0006,Groceries,223,131,80.01,59.305,127.28366
2023-11-30,S005-P0006,Groceries,146,0,62.01,59.305,113.20886
2023-12-01,S005-P0006,Groceries,174,1216,70.75,59.305,123.64234
2023-12-02,S005-P0006,Groceries,123,1106,64.55,59.305,113.53617
2023-12-03,S005-P0006,Groceries,218,995,74.45,59.305,147.84773
2023-12-04,S005-P0006,Groceries,80,780,55.91,59.305,112.69966
2023-12-05,S005-P0006,Groceries,173,731,74.39,59.305,112.921104
2023-12-06,S005-P0006,Groceries,199,526,71.11,59.305,162.01276
2023-12-07,S005-P0006,Groceries,230,401,72.6,59.305,144.49199
2023-12-08,S005-P0006,Groceries,121,180,54.48,59.305,148.26419
2023-12-09,S005-P0006,Groceries,95,903,44.27,59.305,131.45155
2023-12-10,S005-P0006,Groceries,88,809,54.52,59.305,98.30225
2023-12-11,S005-P0006,Groceries,85,735,57.02,59.305,102.41561
2023-12-12,S005-P0006,Groceries,193,646,70.0,59.305,161.24858
2023-12-13,S005-P0006,Groceries,175,424,67.14,59.305,124.8144
2023-12-14,S005-P0006,Groceries,131,246,59.47,59.305,120.930565
2023-12-15,S005-P0006,Groceries,48,120,44.75,59.305,131.35445
2023-12-16,S005-P0006,Groceries,122,782,64.27,59.305,113.53617
2023-12-17,S005-P0006,Groceries,151,675,55.25,59.305,145.56635
2023-12-18,S005-P0006,Groceries,123,535,57.71,59.305,145.84396
2023-12-19,S005-P0006,Groceries,97,448,53.41,59.305,123.75875
2023-12-20,S005-P0006,Groceries,70,362,48.66,59.305,101.47988
2023-12-21,S005-P0006,Groceries,222,900,62.94,59.305,156.97433
2023-12-22,S005-P0006,Groceries,133,710,66.36,59.305,123.64234
2023-12-23,S005-P0006,Groceries,119,561,57.33,59.305,100.59481
2023-12-24,S005-P0006,Groceries,177,440,75.11,59.305,124.15977
2023-12-25,S005-P0006,Groceries,177,1074,75.11,59.305,102.41561
2023-12-26,S005-P0006,Groceries,157,866,71.1,59.305,100.10125
2023-12-27,S005-P0006,Groceries,77,707,52.56,59.305,69.92484
2023-12-28,S005-P0006,Groceries,112,656,65.51,59.305,87.499016
2023-12-29,S005-P0006,Groceries,55,539,53.73,59.305,85.754295
2023-12-30,S005-P0006,Groceries,49,482,44.94,59.305,69.82407
2023-12-31,S005-P0006,Groceries,43,452,51.34,59.305,78.65679
2024-01-01,S005-P0006,Groceries,74,426,57.77,59.305,78.27767
2024-01-02,S005-P0006,Groceries,37,370,37.51,59.305,101.85067
2024-01-03,S005-P0006,Groceries,149,336,55.73,59.305,101.76569
2024-01-04,S005-P0006,Groceries,122,236,54.67,59.305,94.32094
2024-01-05,S005-P0006,Groceries,80,137,55.93,59.305,86.48664
2024-01-06,S005-P0006,Groceries,90,75,60.98,59.305,78.431206
2024-01-07,S005-P0006,Groceries,115,720,62.97,59.305,71.76085
2024-01-08,S005-P0006,Groceries,80,599,50.17,59.305,102.31252
2024-01-09,S005-P0006,Groceries,93,509,55.46,59.305,99.66651
2024-01-10,S005-P0006,Groceries,116,402,63.14,59.305,100.53385
2024-01-11,S005-P0006,Groceries,96,279,56.19,59.305,99.87403
2024-01-12,S005-P0006,Groceries,120,178,47.85,59.305,147.16539
2024-01-13,S005-P0006,Groceries,87,91,54.57,59.305,123.382835
2024-01-14,S005-P0006,Groceries,63,510,55.43,59.305,99.7909
2024-01-15,S005-P0006,Groceries,118,459,66.85,59.305,111.44958
2024-01-16,S005-P0006,Groceries,63,381,50.02,59.305,99.427574
2024-01-17,S005-P0006,Groceries,108,313,61.43,59.305,111.86648
2024-01-18,S005-P0006,Groceries,83,234,50.85,59.305,120.65638
2024-01-19,S005-P0006,Groceries,73,663,54.61,59.305,98.643295
2024-01-20,S005-P0006,Groceries,84,608,56.88,59.305,124.25288
2024-01-21,S005-P0006,Groceries,148,552,55.53,59.305,147.78255
2024-01-22,S005-P0006,Groceries,123,452,64.5,59.305,121.345024
2024-01-23,S005-P0006,Groceries,134,378,56.68,59.305,134.23672
2024-01-24,S005-P0006,Groceries,167,264,65.77,59.305,150.22826
2024-01-25,S005-P0006,Groceries,141,696,50.99,59.305,159.00327
2024-01-26,S005-P0006,Groceries,76,604,55.26,59.305,112.6694
2024-01-27,S005-P0006,Groceries,142,534,71.8,59.305,100.458916
2024-01-28,S005-P0006,Groceries,112,408,46.74,59.305,146.69087
2024-01-29,S005-P0006,Groceries,78,327,52.66,59.305,110.742485
2024-01-30,S005-P0006,Groceries,163,266,72.4,59.305,99.99682
2023-10-03,S005-P0007,Groceries,124,402,84.82,82.395,112.79922
2023-10-04,S005-P0007,Groceries,69,683,78.09,82.395,113.24621
2023-10-05,S005-P0007,Groceries,125,607,94.35,82.395,99.02984
2023-10-06,S005-P0007,Groceries,118,496,73.78,82.395,146.8159
2023-10-07,S005-P0007,Groceries,108,368,71.43,82.395,86.45738
2023-10-08,S005-P0007,Groceries,50,269,72.8,82.395,76.88597
2023-10-09,S005-P0007,Groceries,42,211,66.87,82.395,74.1036
2023-10-10,S005-P0007,Groceries,82,180,66.21,82.395,86.33311
2023-10-11,S005-P0007,Groceries,88,110,66.88,82.395,104.015526
2023-10-12,S005-P0007,Groceries,48,240,68.71,82.395,68.07409
2023-10-13,S005-P0007,Groceries,53,204,73.65,82.395,67.74006
2023-10-14,S005-P0007,Groceries,45,162,57.01,82.395,86.45738
2023-10-15,S005-P0007,Groceries,108,124,76.28,82.395,69.89498
2023-10-16,S005-P0007,Groceries,112,120,86.05,82.395,67.08614
2023-10-17,S005-P0007,Groceries,61,208,68.3,82.395,82.02057
2023-10-18,S005-P0007,Groceries,110,149,64.03,82.395,86.449455
2023-10-19,S005-P0007,Groceries,91,75,84.62,82.395,82.52062
2023-10-20,S005-P0007,Groceries,88,258,75.47,82.395,82.48611
2023-10-21,S005-P0007,Groceries,102,165,78.87,82.395,104.77336
2023-10-22,S005-P0007,Groceries,57,51,67.58,82.395,76.81446
2023-10-23,S005-P0007,Groceries,86,221,83.14,82.395,74.09449
2023-10-24,S005-P0007,Groceries,55,118,66.83,82.395,66.66109
2023-10-25,S005-P0007,Groceries,97,209,61.42,82.395,147.01723
2023-10-26,S005-P0007,Groceries,108,134,76.39,82.395,113.7185
2023-10-27,S005-P0007,Groceries,196,255,114.54,82.395,127.07512
2023-10-28,S005-P0007,Groceries,167,58,95.97,82.395,125.615776
2023-10-29,S005-P0007,Groceries,103,317,83.63,82.395,127.36734
2023-10-30,S005-P0007,Groceries,111,581,81.14,82.395,103.01471
2023-10-31,S005-P0007,Groceries,40,485,62.98,82.395,100.63415
2023-11-01,S005-P0007,Groceries,84,452,70.44,82.395,100.48856
2023-11-02,S005-P0007,Groceries,230,382,112.1,82.395,126.69842
2023-11-03,S005-P0007,Groceries,155,127,92.65,82.395,102.37897
2023-11-04,S005-P0007,Groceries,69,530,74.21,82.395,98.94128
2023-11-05,S005-P0007,Groceries,118,464,70.04,82.395,132.8388
2023-11-06,S005-P0007,Groceries,108,363,84.85,82.395,99.912865
2023-11-07,S005-P0007,Groceries,235,266,89.48,82.395,133.8311
2023-11-08,S005-P0007,Groceries,142,8,99.17,82.395,127.222984
2023-11-09,S005-P0007,Groceries,151,472,91.44,82.395,100.387115
2023-11-10,S005-P0007,Groceries,140,304,89.0,82.395,102.37897
2023-11-11,S005-P0007,Groceries,139,144,88.41,82.395,99.93841
2023-11-12,S005-P0007,Groceries,76,335,76.3,82.395,104.51049
2023-11-13,S005-P0007,Groceries,114,261,72.81,82.395,152.14789
2023-11-14,S005-P0007,Groceries,113,160,90.77,82.395,99.07413
2023-11-15,S005-P0007,Groceries,156,232,102.97,82.395,99.29987
2023-11-16,S005-P0007,Groceries,149,76,85.81,82.395,154.34769
2023-11-17,S005-P0007,Groceries,148,350,90.74,82.395,134.28471
2023-11-18,S005-P0007,Groceries,124,182,84.47,82.395,132.8922
2023-11-19,S005-P0007,Groceries,154,382,87.71,82.395,129.90546
2023-11-20,S005-P0007,Groceries,141,230,88.86,82.395,98.78632
2023-11-21,S005-P0007,Groceries,59,426,64.1,82.395,169.36589
2023-11-22,S005-P0007,Groceries,179,364,93.3,82.395,153.15092
2023-11-23,S005-P0007,Groceries,115,235,65.11,82.395,138.17836
2023-11-24,S005-P0007,Groceries,79,532,69.25,82.395,115.08622
2023-11-25,S005-P0007,Groceries,124,451,80.32,82.395,98.88059
2023-11-26,S005-P0007,Groceries,100,342,65.24,82.395,166.53511
2023-11-27,S005-P0007,Groceries,133,239,91.63,82.395,125.33606
2023-11-28,S005-P0007,Groceries,86,139,74.65,82.395,99.77705
2023-11-29,S005-P0007,Groceries,130,327,95.76,82.395,127.222984
2023-11-30,S005-P0007,Groceries,62,176,68.8,82.395,112.80302
2023-12-01,S005-P0007,Groceries,102,379,78.89,82.395,122.6182
2023-12-02,S005-P0007,Groceries,95,273,65.12,82.395,147.66957
2023-12-03,S005-P0007,Groceries,131,216,86.47,82.395,111.29403
2023-12-04,S005-P0007,Groceries,100,75,82.73,82.395,112.69966
2023-12-05,S005-P0007,Groceries,58,253,67.82,82.395,112.721504
2023-12-06,S005-P0007,Groceries,205,195,88.94,82.395,161.06865
2023-12-07,S005-P0007,Groceries,142,47,79.33,82.395,143.64302
2023-12-08,S005-P0007,Groceries,151,344,96.46,82.395,112.66973
2023-12-09,S005-P0007,Groceries,74,240,71.73,82.395,100.59481
2023-12-10,S005-P0007,Groceries,124,440,70.54,82.395,127.69597
2023-12-11,S005-P0007,Groceries,46,343,53.73,82.395,130.60611
2023-12-12,S005-P0007,Groceries,156,298,97.88,82.395,123.99616
2023-12-13,S005-P0007,Groceries,158,178,93.32,82.395,124.8144
2023-12-14,S005-P0007,Groceries,46,325,67.95,82.395,121.5954
2023-12-15,S005-P0007,Groceries,73,276,60.28,82.395,129.25652
2023-12-16,S005-P0007,Groceries,111,203,76.78,82.395,148.56192
2023-12-17,S005-P0007,Groceries,126,84,94.45,82.395,112.31297
2023-12-18,S005-P0007,Groceries,172,249,102.25,82.395,112.60256
2023-12-19,S005-P0007,Groceries,144,145,70.98,82.395,159.3835
2023-12-20,S005-P0007,Groceries,151,420,86.79,82.395,101.47988
2023-12-21,S005-P0007,Groceries,101,241,83.02,82.395,121.0898
2023-12-22,S005-P0007,Groceries,169,130,96.23,82.395,122.6182
2023-12-23,S005-P0007,Groceries,130,215,72.7,82.395,131.55267
2023-12-24,S005-P0007,Groceries,162,413,84.58,82.395,161.05476
2023-12-25,S005-P0007,Groceries,42,292,67.08,82.395,102.26722
2023-12-26,S005-P0007,Groceries,49,241,65.26,82.395,100.45968
2023-12-27,S005-P0007,Groceries,91,190,80.28,82.395,69.92484
2023-12-28,S005-P0007,Groceries,65,93,73.2,82.395,87.499016
2023-12-29,S005-P0007,Groceries,86,228,70.96,82.395,84.467476
2023-12-30,S005-P0007,Groceries,62,150,68.84,82.395,69.819496
2023-12-31,S005-P0007,Groceries,69,261,70.48,82.395,77.95217
2024-01-01,S005-P0007,Groceries,116,216,82.38,82.395,102.73792
2024-01-02,S005-P0007,Groceries,60,147,75.65,82.395,78.53363
2024-01-03,S005-P0007,Groceries,88,365,67.53,82.395,101.97243
2024-01-04,S005-P0007,Groceries,111,284,77.03,82.395,94.62371
2024-01-05,S005-P0007,Groceries,70,165,74.51,82.395,86.48664
2024-01-06,S005-P0007,Groceries,80,300,69.48,82.395,77.11325
2024-01-07,S005-P0007,Groceries,53,232,69.89,82.395,72.20738
2024-01-08,S005-P0007,Groceries,56,190,70.71,82.395,78.27767
2024-01-09,S005-P0007,Groceries,111,127,81.23,82.395,99.66651
2024-01-10,S005-P0007,Groceries,154,57,92.28,82.395,135.80122
2024-01-11,S005-P0007,Groceries,126,257,89.75,82.395,99.87403
2024-01-12,S005-P0007,Groceries,105,421,79.77,82.395,111.3608
2024-01-13,S005-P0007,Groceries,196,303,85.82,82.395,161.06691
2024-01-14,S005-P0007,Groceries,143,92,99.42,82.395,99.7909
2024-01-15,S005-P0007,Groceries,95,458,77.3,82.395,110.99952
2024-01-16,S005-P0007,Groceries,195,401,85.71,82.395,132.7484
2024-01-17,S005-P0007,Groceries,90,236,72.0,82.395,150.22826
2024-01-18,S005-P0007,Groceries,138,521,83.66,82.395,120.65638
2024-01-19,S005-P0007,Groceries,51,420,73.07,82.395,99.45142
2024-01-20,S005-P0007,Groceries,81,368,69.37,82.395,162.71193
2024-01-21,S005-P0007,Groceries,142,287,89.46,82.395,111.3816
2024-01-22,S005-P0007,Groceries,80,142,81.26,82.395,122.082985
2024-01-23,S005-P0007,Groceries,65,350,69.65,82.395,99.427574
2024-01-24,S005-P0007,Groceries,56,299,67.05,82.395,111.64355
2024-01-25,S005-P0007,Groceries,37,236,52.48,82.395,158.96877
2024-01-26,S005-P0007,Groceries,99,206,78.25,82.395,111.82301
2024-01-27,S005-P0007,Groceries,92,101,68.5,82.395,134.86057
2024-01-28,S005-P0007,Groceries,96,211,77.49,82.395,111.3816
2024-01-29,S005-P0007,Groceries,133,134,91.74,82.395,110.99952
2024-01-30,S005-P0007,Groceries,56,261,74.58,82.395,99.99682
2023-10-03,S005-P0008,Groceries,84,208,59.84,62.49,112.79922
2023-10-04,S005-P0008,Groceries,183,109,71.95,62.49,146.11588
2023-10-05,S005-P0008,Groceries,88,160,60.81,62.49,99.02984
2023-10-06,S005-P0008,Groceries,104,105,60.7,62.49,114.162704
2023-10-07,S005-P0008,Groceries,72,151,54.47,62.49,66.7937
2023-10-08,S005-P0008,Groceries,126,85,64.95,62.49,96.5042
2023-10-09,S005-P0008,Groceries,51,151,50.36,62.49,74.1036
2023-10-10,S005-P0008,Groceries,84,106,53.88,62.49,66.89947
2023-10-11,S005-P0008,Groceries,76,91,52.32,62.49,82.187065
2023-10-12,S005-P0008,Groceries,39,96,39.96,62.49,86.86719
2023-10-13,S005-P0008,Groceries,85,116,57.18,62.49,68.03321
2023-10-14,S005-P0008,Groceries,82,106,56.47,62.49,66.73257
2023-10-15,S005-P0008,Groceries,91,120,58.36,62.49,69.783394
2023-10-16,S005-P0008,Groceries,62,142,55.34,62.49,67.09026
2023-10-17,S005-P0008,Groceries,103,88,60.49,62.49,82.02057
2023-10-18,S005-P0008,Groceries,90,108,54.74,62.49,86.39761
2023-10-19,S005-P0008,Groceries,91,112,54.93,62.49,104.05156
2023-10-20,S005-P0008,Groceries,104,123,64.09,62.49,82.48611
2023-10-21,S005-P0008,Groceries,88,146,51.6,62.49,104.39157
2023-10-22,S005-P0008,Groceries,72,156,54.29,62.49,76.81102
2023-10-23,S005-P0008,Groceries,82,72,47.58,62.49,95.080574
2023-10-24,S005-P0008,Groceries,51,83,50.47,62.49,66.11521
2023-10-25,S005-P0008,Groceries,105,73,57.78,62.49,113.933235
2023-10-26,S005-P0008,Groceries,106,115,64.55,62.49,113.45687
2023-10-27,S005-P0008,Groceries,200,140,75.6,62.49,162.89255
2023-10-28,S005-P0008,Groceries,179,164,79.67,62.49,125.57059
2023-10-29,S005-P0008,Groceries,119,206,67.24,62.49,127.5792
2023-10-30,S005-P0008,Groceries,96,133,59.2,62.49,102.42854
2023-10-31,S005-P0008,Groceries,85,122,60.02,62.49,100.0256
2023-11-01,S005-P0008,Groceries,113,154,65.95,62.49,100.08151
2023-11-02,S005-P0008,Groceries,104,123,60.69,62.49,127.131294
2023-11-03,S005-P0008,Groceries,188,141,65.24,62.49,134.05699
2023-11-04,S005-P0008,Groceries,145,179,76.27,62.49,98.94128
2023-11-05,S005-P0008,Groceries,90,197,51.46,62.49,132.8388
2023-11-06,S005-P0008,Groceries,66,113,50.46,62.49,100.48756
2023-11-07,S005-P0008,Groceries,130,132,69.42,62.49,98.692986
2023-11-08,S005-P0008,Groceries,130,128,65.96,62.49,127.28366
2023-11-09,S005-P0008,Groceries,198,126,75.1,62.49,137.07956
2023-11-10,S005-P0008,Groceries,150,189,55.22,62.49,133.60812
2023-11-11,S005-P0008,Groceries,67,212,53.33,62.49,99.93841
2023-11-12,S005-P0008,Groceries,122,133,53.55,62.49,134.05525
2023-11-13,S005-P0008,Groceries,146,168,57.44,62.49,152.59239
2023-11-14,S005-P0008,Groceries,99,200,66.22,62.49,99.07413
2023-11-15,S005-P0008,Groceries,114,90,62.86,62.49,99.52705
2023-11-16,S005-P0008,Groceries,162,115,80.0,62.49,112.7809
2023-11-17,S005-P0008,Groceries,143,144,56.9,62.49,131.68364
2023-11-18,S005-P0008,Groceries,112,163,52.56,62.49,132.65228
2023-11-19,S005-P0008,Groceries,107,136,61.18,62.49,129.90546
2023-11-20,S005-P0008,Groceries,88,182,47.98,62.49,136.3533
2023-11-21,S005-P0008,Groceries,105,128,64.3,62.49,126.82277
2023-11-22,S005-P0008,Groceries,57,121,54.36,62.49,113.276825
2023-11-23,S005-P0008,Groceries,126,70,68.63,62.49,99.426765
2023-11-24,S005-P0008,Groceries,218,107,83.12,62.49,151.66734
2023-11-25,S005-P0008,Groceries,43,202,51.29,62.49,98.94128
2023-11-26,S005-P0008,Groceries,97,165,62.64,62.49,130.20209
2023-11-27,S005-P0008,Groceries,140,97,71.59,62.49,125.33606
2023-11-28,S005-P0008,Groceries,88,132,60.81,62.49,99.07413
2023-11-29,S005-P0008,Groceries,101,130,60.17,62.49,127.28366
2023-11-30,S005-P0008,Groceries,79,185,52.95,62.49,113.20886
2023-12-01,S005-P0008,Groceries,165,91,72.74,62.49,122.6182
2023-12-02,S005-P0008,Groceries,110,188,61.82,62.49,113.46874
2023-12-03,S005-P0008,Groceries,134,84,70.33,62.49,111.29403
2023-12-04,S005-P0008,Groceries,115,151,62.75,62.49,146.47514
2023-12-05,S005-P0008,Groceries,212,178,81.87,62.49,148.79707
2023-12-06,S005-P0008,Groceries,172,252,82.14,62.49,125.526695
2023-12-07,S005-P0008,Groceries,189,104,81.75,62.49,110.58904
2023-12-08,S005-P0008,Groceries,54,205,48.35,62.49,112.21168
2023-12-09,S005-P0008,Groceries,96,166,56.12,62.49,100.59481
2023-12-10,S005-P0008,Groceries,110,98,61.76,62.49,98.30225
2023-12-11,S005-P0008,Groceries,35,131,47.18,62.49,102.26722
2023-12-12,S005-P0008,Groceries,237,93,86.77,62.49,162.20595
2023-12-13,S005-P0008,Groceries,103,217,57.41,62.49,124.8144
2023-12-14,S005-P0008,Groceries,182,119,64.2,62.49,157.12224
2023-12-15,S005-P0008,Groceries,37,213,45.15,62.49,131.35445
2023-12-16,S005-P0008,Groceries,159,177,75.36,62.49,113.80189
2023-12-17,S005-P0008,Groceries,122,196,64.13,62.49,149.1706
2023-12-18,S005-P0008,Groceries,180,122,79.89,62.49,112.69966
2023-12-19,S005-P0008,Groceries,139,161,71.33,62.49,124.71203
2023-12-20,S005-P0008,Groceries,119,176,60.46,62.49,132.7706
2023-12-21,S005-P0008,Groceries,82,147,53.44,62.49,120.930565
2023-12-22,S005-P0008,Groceries,179,60,71.58,62.49,163.4231
2023-12-23,S005-P0008,Groceries,158,163,67.25,62.49,131.88556
2023-12-24,S005-P0008,Groceries,127,230,68.72,62.49,124.15977
2023-12-25,S005-P0008,Groceries,71,108,51.41,62.49,102.51085
2023-12-26,S005-P0008,Groceries,210,145,72.39,62.49,130.94058
2023-12-27,S005-P0008,Groceries,84,251,63.1,62.49,69.920265
2023-12-28,S005-P0008,Groceries,66,159,50.5,62.49,86.49927
2023-12-29,S005-P0008,Groceries,113,84,62.67,62.49,85.077126
2023-12-30,S005-P0008,Groceries,54,95,51.02,62.49,69.819496
2023-12-31,S005-P0008,Groceries,101,97,57.16,62.49,77.2517
2024-01-01,S005-P0008,Groceries,28,94,43.45,62.49,76.80787
2024-01-02,S005-P0008,Groceries,75,63,57.98,62.49,77.797585
2024-01-03,S005-P0008,Groceries,172,84,61.69,62.49,101.55896
2024-01-04,S005-P0008,Groceries,88,181,57.51,62.49,94.62371
2024-01-05,S005-P0008,Groceries,81,101,49.88,62.49,112.4921
2024-01-06,S005-P0008,Groceries,87,124,60.55,62.49,77.68099
2024-01-07,S005-P0008,Groceries,90,152,64.3,62.49,72.20738
2024-01-08,S005-P0008,Groceries,55,180,53.91,62.49,77.45656
2024-01-09,S005-P0008,Groceries,129,127,62.28,62.49,135.18443
2024-01-10,S005-P0008,Groceries,78,136,58.54,62.49,100.53385
2024-01-11,S005-P0008,Groceries,236,168,86.67,62.49,132.99812
2024-01-12,S005-P0008,Groceries,134,250,66.67,62.49,111.82301
2024-01-13,S005-P0008,Groceries,132,151,66.2,62.49,122.968994
2024-01-14,S005-P0008,Groceries,101,156,60.06,62.49,98.36158
2024-01-15,S005-P0008,Groceries,131,171,69.59,62.49,111.44958
2024-01-16,S005-P0008,Groceries,145,192,54.45,62.49,132.7484
2024-01-17,S005-P0008,Groceries,133,192,55.34,62.49,147.84001
2024-01-18,S005-P0008,Groceries,132,179,66.08,62.49,120.65638
2024-01-19,S005-P0008,Groceries,168,203,69.53,62.49,98.13299
2024-01-20,S005-P0008,Groceries,127,210,65.22,62.49,122.968994
2024-01-21,S005-P0008,Groceries,162,78,72.32,62.49,111.3816
2024-01-22,S005-P0008,Groceries,193,151,82.54,62.49,122.082985
2024-01-23,S005-P0008,Groceries,139,258,56.97,62.49,133.42712
2024-01-24,S005-P0008,Groceries,146,128,61.75,62.49,149.26286
2024-01-25,S005-P0008,Groceries,148,166,73.07,62.49,120.86614
2024-01-26,S005-P0008,Groceries,122,220,67.79,62.49,111.82301
2024-01-27,S005-P0008,Groceries,119,85,53.02,62.49,133.22908
2024-01-28,S005-P0008,Groceries,133,121,66.56,62.49,111.3816
2024-01-29,S005-P0008,Groceries,169,157,73.35,62.49,110.742485
2024-01-30,S005-P0008,Groceries,81,154,59.36,62.49,99.427574
2023-10-03,S005-P0009,Groceries,141,147,98.07,94.765,145.68623
2023-10-04,S005-P0009,Groceries,170,328,112.52,94.765,113.933235
2023-10-05,S005-P0009,Groceries,52,815,81.26,94.765,99.02984
2023-10-06,S005-P0009,Groceries,45,761,79.02,94.765,114.277214
2023-10-07,S005-P0009,Groceries,64,726,85.28,94.765,66.94895
2023-10-08,S005-P0009,Groceries,164,664,110.81,94.765,96.5042
2023-10-09,S005-P0009,Groceries,91,521,98.59,94.765,74.09449
2023-10-10,S005-P0009,Groceries,57,445,82.98,94.765,66.78344
2023-10-11,S005-P0009,Groceries,89,409,97.98,94.765,82.07201
2023-10-12,S005-P0009,Groceries,75,311,88.5,94.765,68.07409
2023-10-13,S005-P0009,Groceries,38,246,72.97,94.765,68.34236
2023-10-14,S005-P0009,Groceries,31,207,56.09,94.765,86.54818
2023-10-15,S005-P0009,Groceries,86,180,92.03,94.765,69.783394
2023-10-16,S005-P0009,Groceries,93,96,89.64,94.765,67.08614
2023-10-17,S005-P0009,Groceries,75,6,79.63,94.765,82.02057
2023-10-18,S005-P0009,Groceries,115,220,96.02,94.765,86.47933
2023-10-19,S005-P0009,Groceries,109,417,94.43,94.765,82.459915
2023-10-20,S005-P0009,Groceries,80,290,95.11,94.765,82.583755
2023-10-21,S005-P0009,Groceries,139,240,97.37,94.765,104.39157
2023-10-22,S005-P0009,Groceries,98,104,90.88,94.765,76.81102
2023-10-23,S005-P0009,Groceries,78,0,71.77,94.765,95.080574
2023-10-24,S005-P0009,Groceries,46,446,75.54,94.765,66.11521
2023-10-25,S005-P0009,Groceries,190,408,118.32,94.765,113.933235
2023-10-26,S005-P0009,Groceries,122,260,77.73,94.765,148.24211
2023-10-27,S005-P0009,Groceries,133,124,91.07,94.765,162.28734
2023-10-28,S005-P0009,Groceries,220,524,106.18,94.765,160.61273
2023-10-29,S005-P0009,Groceries,171,302,113.03,94.765,127.36734
2023-10-30,S005-P0009,Groceries,81,181,90.44,94.765,102.42854
2023-10-31,S005-P0009,Groceries,118,740,92.1,94.765,100.63415
2023-11-01,S005-P0009,Groceries,110,653,89.87,94.765,100.48856
2023-11-02,S005-P0009,Groceries,161,561,97.5,94.765,171.1858
2023-11-03,S005-P0009,Groceries,74,415,66.34,94.765,133.60812
2023-11-04,S005-P0009,Groceries,58,354,65.63,94.765,133.21239
2023-11-05,S005-P0009,Groceries,139,315,108.78,94.765,101.47651
2023-11-06,S005-P0009,Groceries,98,189,91.16,94.765,99.912865
2023-11-07,S005-P0009,Groceries,80,73,90.21,94.765,98.39558
2023-11-08,S005-P0009,Groceries,125,430,83.56,94.765,169.9449
2023-11-09,S005-P0009,Groceries,146,324,111.21,94.765,99.426765
2023-11-10,S005-P0009,Groceries,103,163,102.61,94.765,103.617516
2023-11-11,S005-P0009,Groceries,87,98,92.45,94.765,99.813324
2023-11-12,S005-P0009,Groceries,50,506,80.8,94.765,103.30961
2023-11-13,S005-P0009,Groceries,67,458,81.4,94.765,151.52173
2023-11-14,S005-P0009,Groceries,186,380,111.33,94.765,135.907
2023-11-15,S005-P0009,Groceries,42,246,78.13,94.765,99.52705
2023-11-16,S005-P0009,Groceries,129,215,100.32,94.765,112.80302
2023-11-17,S005-P0009,Groceries,112,573,90.32,94.765,99.488365
2023-11-18,S005-P0009,Groceries,158,440,103.41,94.765,132.8922
2023-11-19,S005-P0009,Groceries,99,250,86.63,94.765,129.90546
2023-11-20,S005-P0009,Groceries,103,161,97.52,94.765,99.01565
2023-11-21,S005-P0009,Groceries,105,512,78.51,94.765,169.60774
2023-11-22,S005-P0009,Groceries,121,413,108.6,94.765,113.45312
2023-11-23,S005-P0009,Groceries,96,288,85.81,94.765,100.387115
2023-11-24,S005-P0009,Groceries,135,217,96.78,94.765,115.08622
2023-11-25,S005-P0009,Groceries,138,56,91.46,94.765,132.65228
2023-11-26,S005-P0009,Groceries,122,266,103.6,94.765,130.8831
2023-11-27,S005-P0009,Groceries,123,128,109.21,94.765,125.33606
2023-11-28,S005-P0009,Groceries,119,443,82.02,94.765,136.29861
2023-11-29,S005-P0009,Groceries,129,372,100.55,94.765,127.28366
2023-11-30,S005-P0009,Groceries,111,251,95.13,94.765,112.80302
2023-12-01,S005-P0009,Groceries,275,124,127.86,94.765,160.3713
2023-12-02,S005-P0009,Groceries,130,453,100.81,94.765,113.53617
2023-12-03,S005-P0009,Groceries,154,323,89.69,94.765,145.56635
2023-12-04,S005-P0009,Groceries,147,1009,93.79,94.765,145.30167
2023-12-05,S005-P0009,Groceries,69,907,82.1,94.765,112.76882
2023-12-06,S005-P0009,Groceries,199,829,115.16,94.765,162.9569
2023-12-07,S005-P0009,Groceries,171,681,113.02,94.765,110.691475
2023-12-08,S005-P0009,Groceries,175,482,120.22,94.765,113.4008
2023-12-09,S005-P0009,Groceries,158,295,108.85,94.765,100.59481
2023-12-10,S005-P0009,Groceries,124,142,103.99,94.765,97.84663
2023-12-11,S005-P0009,Groceries,68,443,77.86,94.765,102.51085
2023-12-12,S005-P0009,Groceries,160,390,109.33,94.765,162.20595
2023-12-13,S005-P0009,Groceries,251,209,136.72,94.765,162.9569
2023-12-14,S005-P0009,Groceries,124,0,104.1,94.765,121.0898
2023-12-15,S005-P0009,Groceries,111,419,90.01,94.765,98.41238
2023-12-16,S005-P0009,Groceries,83,1005,82.12,94.765,113.46874
2023-12-17,S005-P0009,Groceries,179,907,102.49,94.765,146.61226
2023-12-18,S005-P0009,Groceries,262,799,132.36,94.765,145.84396
2023-12-19,S005-P0009,Groceries,151,598,118.73,94.765,124.71203
2023-12-20,S005-P0009,Groceries,96,501,95.37,94.765,101.154
2023-12-21,S005-P0009,Groceries,148,1105,83.77,94.765,156.97433
2023-12-22,S005-P0009,Groceries,118,967,97.08,94.765,123.64234
2023-12-23,S005-P0009,Groceries,115,879,95.89,94.765,100.59481
2023-12-24,S005-P0009,Groceries,117,743,96.56,94.765,121.8335
2023-12-25,S005-P0009,Groceries,66,660,77.22,94.765,102.51085
2023-12-26,S005-P0009,Groceries,86,596,72.74,94.765,130.8251
2023-12-27,S005-P0009,Groceries,102,511,97.15,94.765,69.92484
2023-12-28,S005-P0009,Groceries,92,394,84.65,94.765,86.49927
2023-12-29,S005-P0009,Groceries,110,306,89.74,94.765,84.467476
2023-12-30,S005-P0009,Groceries,49,233,76.15,94.765,69.82407
2023-12-31,S005-P0009,Groceries,65,200,85.39,94.765,78.65679
2024-01-01,S005-P0009,Groceries,90,437,93.27,94.765,77.45656
2024-01-02,S005-P0009,Groceries,77,361,70.57,94.765,101.85067
2024-01-03,S005-P0009,Groceries,26,278,76.87,94.765,78.31402
2024-01-04,S005-P0009,Groceries,72,248,87.72,94.765,71.390396
2024-01-05,S005-P0009,Groceries,62,168,84.6,94.765,85.94771
2024-01-06,S005-P0009,Groceries,100,108,77.32,94.765,101.87135
2024-01-07,S005-P0009,Groceries,62,180,76.1,94.765,71.382744
2024-01-08,S005-P0009,Groceries,71,136,83.11,94.765,77.45656
2024-01-09,S005-P0009,Groceries,75,405,74.61,94.765,133.42712
2024-01-10,S005-P0009,Groceries,105,321,98.2,94.765,100.53385
2024-01-11,S005-P0009,Groceries,115,235,81.11,94.765,131.58308
2024-01-12,S005-P0009,Groceries,219,136,127.26,94.765,111.3608
2024-01-13,S005-P0009,Groceries,170,331,106.76,94.765,122.968994
2024-01-14,S005-P0009,Groceries,136,143,107.82,94.765,98.9972
2024-01-15,S005-P0009,Groceries,103,803,92.54,94.765,110.99952
2024-01-16,S005-P0009,Groceries,70,693,65.25,94.765,132.7484
2024-01-17,S005-P0009,Groceries,128,639,99.81,94.765,150.22826
2024-01-18,S005-P0009,Groceries,159,556,103.72,94.765,120.65638
2024-01-19,S005-P0009,Groceries,90,427,93.45,94.765,99.45142
2024-01-20,S005-P0009,Groceries,225,328,122.54,94.765,163.87476
2024-01-21,S005-P0009,Groceries,148,116,88.3,94.765,146.69087
2024-01-22,S005-P0009,Groceries,137,0,108.15,94.765,122.082985
2024-01-23,S005-P0009,Groceries,59,699,79.24,94.765,99.427574
2024-01-24,S005-P0009,Groceries,140,633,87.44,94.765,148.48051
2024-01-25,S005-P0009,Groceries,112,488,105.59,94.765,121.38421
2024-01-26,S005-P0009,Groceries,62,369,84.42,94.765,112.6694
2024-01-27,S005-P0009,Groceries,92,319,84.06,94.765,134.86057
2024-01-28,S005-P0009,Groceries,98,256,91.25,94.765,111.3816
2024-01-29,S005-P0009,Groceries,67,193,90.63,94.765,111.44958
2024-01-30,S005-P0009,Groceries,94,136,99.52,94.765,99.99682
2023-10-03,S005-P0010,Groceries,89,155,54.98,58.525000000000006,146.07874
2023-10-04,S005-P0010,Groceries,167,600,61.73,58.525000000000006,146.16628
2023-10-05,S005-P0010,Groceries,94,408,59.01,58.525000000000006,99.02984
2023-10-06,S005-P0010,Groceries,52,342,48.03,58.525000000000006,114.162704
2023-10-07,S005-P0010,Groceries,85,283,42.88,58.525000000000006,86.54818
2023-10-08,S005-P0010,Groceries,72,201,57.5,58.525000000000006,76.88597
2023-10-09,S005-P0010,Groceries,102,117,60.5,58.525000000000006,74.1036
2023-10-10,S005-P0010,Groceries,81,242,59.32,58.525000000000006,66.78344
2023-10-11,S005-P0010,Groceries,40,155,43.54,58.525000000000006,82.187065
2023-10-12,S005-P0010,Groceries,88,124,49.18,58.525000000000006,86.63921
2023-10-13,S005-P0010,Groceries,53,242,45.82,58.525000000000006,68.34236
2023-10-14,S005-P0010,Groceries,87,197,51.78,58.525000000000006,86.49944
2023-10-15,S005-P0010,Groceries,35,103,47.42,58.525000000000006,69.783394
2023-10-16,S005-P0010,Groceries,87,63,54.6,58.525000000000006,67.24149
2023-10-17,S005-P0010,Groceries,86,253,54.53,58.525000000000006,81.96497
2023-10-18,S005-P0010,Groceries,128,173,59.11,58.525000000000006,66.98781
2023-10-19,S005-P0010,Groceries,72,36,46.43,58.525000000000006,104.05156
2023-10-20,S005-P0010,Groceries,71,234,49.07,58.525000000000006,82.38848
2023-10-21,S005-P0010,Groceries,154,501,56.69,58.525000000000006,104.20981
2023-10-22,S005-P0010,Groceries,87,324,45.48,58.525000000000006,96.18128
2023-10-23,S005-P0010,Groceries,31,232,41.9,58.525000000000006,74.13672
2023-10-24,S005-P0010,Groceries,80,610,56.29,58.525000000000006,66.12977
2023-10-25,S005-P0010,Groceries,181,520,72.16,58.525000000000006,113.933235
2023-10-26,S005-P0010,Groceries,108,384,55.49,58.525000000000006,113.7185
2023-10-27,S005-P0010,Groceries,104,275,64.09,58.525000000000006,127.07512
2023-10-28,S005-P0010,Groceries,207,799,73.18,58.525000000000006,161.21437
2023-10-29,S005-P0010,Groceries,100,629,57.11,58.525000000000006,127.36734
2023-10-30,S005-P0010,Groceries,61,510,52.37,58.525000000000006,101.91965
2023-10-31,S005-P0010,Groceries,202,467,80.27,58.525000000000006,100.0256
2023-11-01,S005-P0010,Groceries,135,245,63.71,58.525000000000006,100.08151
2023-11-02,S005-P0010,Groceries,175,121,59.21,58.525000000000006,171.64401
2023-11-03,S005-P0010,Groceries,124,510,61.5,58.525000000000006,101.604416
2023-11-04,S005-P0010,Groceries,66,413,47.86,58.525000000000006,132.50594
2023-11-05,S005-P0010,Groceries,139,339,71.35,58.525000000000006,102.43185
2023-11-06,S005-P0010,Groceries,83,190,51.07,58.525000000000006,100.48756
2023-11-07,S005-P0010,Groceries,135,133,53.7,58.525000000000006,133.1635
2023-11-08,S005-P0010,Groceries,160,405,60.6,58.525000000000006,169.9449
2023-11-09,S005-P0010,Groceries,100,242,50.64,58.525000000000006,137.52135
2023-11-10,S005-P0010,Groceries,131,158,66.34,58.525000000000006,102.37897
2023-11-11,S005-P0010,Groceries,92,511,58.65,58.525000000000006,99.58403
2023-11-12,S005-P0010,Groceries,159,435,61.03,58.525000000000006,135.17104
2023-11-13,S005-P0010,Groceries,106,332,58.33,58.525000000000006,110.96482
2023-11-14,S005-P0010,Groceries,109,264,58.92,58.525000000000006,99.370155
2023-11-15,S005-P0010,Groceries,142,746,51.28,58.525000000000006,134.38223
2023-11-16,S005-P0010,Groceries,78,600,55.74,58.525000000000006,112.7809
2023-11-17,S005-P0010,Groceries,103,518,63.97,58.525000000000006,101.10704
2023-11-18,S005-P0010,Groceries,117,421,60.38,58.525000000000006,98.56921
2023-11-19,S005-P0010,Groceries,297,320,84.23,58.525000000000006,167.62071
2023-11-20,S005-P0010,Groceries,95,109,59.17,58.525000000000006,99.01565
2023-11-21,S005-P0010,Groceries,133,47,63.13,58.525000000000006,127.01032
2023-11-22,S005-P0010,Groceries,206,922,64.01,58.525000000000006,153.80403
2023-11-23,S005-P0010,Groceries,99,689,54.02,58.525000000000006,137.07956
2023-11-24,S005-P0010,Groceries,90,574,55.04,58.525000000000006,115.08622
2023-11-25,S005-P0010,Groceries,89,494,55.08,58.525000000000006,98.56921
2023-11-26,S005-P0010,Groceries,209,411,77.29,58.525000000000006,129.90546
2023-11-27,S005-P0010,Groceries,149,222,66.33,58.525000000000006,124.78377
2023-11-28,S005-P0010,Groceries,52,89,47.93,58.525000000000006,99.77705
2023-11-29,S005-P0010,Groceries,108,676,65.08,58.525000000000006,127.222984
2023-11-30,S005-P0010,Groceries,78,595,53.03,58.525000000000006,112.80302
2023-12-01,S005-P0010,Groceries,191,503,82.21,58.525000000000006,124.73664
2023-12-02,S005-P0010,Groceries,30,297,46.24,58.525000000000006,113.80189
2023-12-03,S005-P0010,Groceries,131,267,66.2,58.525000000000006,111.29403
2023-12-04,S005-P0010,Groceries,111,747,59.04,58.525000000000006,112.55005
2023-12-05,S005-P0010,Groceries,78,667,52.93,58.525000000000006,112.76882
2023-12-06,S005-P0010,Groceries,61,606,52.46,58.525000000000006,125.526695
2023-12-07,S005-P0010,Groceries,125,559,61.76,58.525000000000006,110.691475
2023-12-08,S005-P0010,Groceries,124,411,58.09,58.525000000000006,148.26419
2023-12-09,S005-P0010,Groceries,118,310,53.63,58.525000000000006,131.55267
2023-12-10,S005-P0010,Groceries,134,221,53.54,58.525000000000006,128.2019
2023-12-11,S005-P0010,Groceries,52,450,39.98,58.525000000000006,130.60611
2023-12-12,S005-P0010,Groceries,175,408,74.88,58.525000000000006,124.71203
2023-12-13,S005-P0010,Groceries,68,265,53.92,58.525000000000006,125.05342
2023-12-14,S005-P0010,Groceries,201,183,72.03,58.525000000000006,120.930565
2023-12-15,S005-P0010,Groceries,75,466,49.61,58.525000000000006,98.41238
2023-12-16,S005-P0010,Groceries,56,399,51.55,58.525000000000006,113.53617
2023-12-17,S005-P0010,Groceries,131,917,55.83,58.525000000000006,146.61226
2023-12-18,S005-P0010,Groceries,104,791,48.78,58.525000000000006,145.30167
2023-12-19,S005-P0010,Groceries,179,682,75.7,58.525000000000006,124.71203
2023-12-20,S005-P0010,Groceries,113,549,56.37,58.525000000000006,132.7706
2023-12-21,S005-P0010,Groceries,180,478,68.42,58.525000000000006,120.930565
2023-12-22,S005-P0010,Groceries,152,284,70.46,58.525000000000006,123.64234
2023-12-23,S005-P0010,Groceries,104,166,57.93,58.525000000000006,100.393814
2023-12-24,S005-P0010,Groceries,199,649,75.44,58.525000000000006,162.57477
2023-12-25,S005-P0010,Groceries,190,446,69.69,58.525000000000006,131.38797
2023-12-26,S005-P0010,Groceries,111,261,62.24,58.525000000000006,100.10125
2023-12-27,S005-P0010,Groceries,112,137,52.7,58.525000000000006,91.060005
2023-12-28,S005-P0010,Groceries,69,675,56.81,58.525000000000006,87.499016
2023-12-29,S005-P0010,Groceries,51,605,47.9,58.525000000000006,84.467476
2023-12-30,S005-P0010,Groceries,35,566,44.74,58.525000000000006,69.82407
2023-12-31,S005-P0010,Groceries,44,529,51.62,58.525000000000006,78.65679
2024-01-01,S005-P0010,Groceries,100,493,50.65,58.525000000000006,101.96941
2024-01-02,S005-P0010,Groceries,30,426,46.38,58.525000000000006,77.797585
2024-01-03,S005-P0010,Groceries,66,404,56.2,58.525000000000006,78.31402
2024-01-04,S005-P0010,Groceries,113,330,56.4,58.525000000000006,94.62371
2024-01-05,S005-P0010,Groceries,47,221,39.7,58.525000000000006,112.4921
2024-01-06,S005-P0010,Groceries,124,178,64.87,58.525000000000006,77.68099
2024-01-07,S005-P0010,Groceries,116,332,57.03,58.525000000000006,93.441154
2024-01-08,S005-P0010,Groceries,59,194,54.87,58.525000000000006,78.27767
2024-01-09,S005-P0010,Groceries,114,155,62.88,58.525000000000006,99.99682
2024-01-10,S005-P0010,Groceries,84,437,48.48,58.525000000000006,134.84471
2024-01-11,S005-P0010,Groceries,122,353,61.14,58.525000000000006,99.71201
2024-01-12,S005-P0010,Groceries,152,234,70.32,58.525000000000006,111.82301
2024-01-13,S005-P0010,Groceries,94,67,52.99,58.525000000000006,122.968994
2024-01-14,S005-P0010,Groceries,121,335,57.92,58.525000000000006,98.36158
2024-01-15,S005-P0010,Groceries,108,236,58.55,58.525000000000006,110.742485
2024-01-16,S005-P0010,Groceries,126,162,51.6,58.525000000000006,132.7484
2024-01-17,S005-P0010,Groceries,175,342,56.23,58.525000000000006,147.84001
2024-01-18,S005-P0010,Groceries,106,176,64.63,58.525000000000006,121.38421
2024-01-19,S005-P0010,Groceries,78,75,58.82,58.525000000000006,99.45142
2024-01-20,S005-P0010,Groceries,162,574,72.44,58.525000000000006,124.25288
2024-01-21,S005-P0010,Groceries,108,459,55.29,58.525000000000006,148.97078
2024-01-22,S005-P0010,Groceries,160,337,64.86,58.525000000000006,120.84434
2024-01-23,S005-P0010,Groceries,102,229,60.49,58.525000000000006,99.99682
2024-01-24,S005-P0010,Groceries,153,155,52.9,58.525000000000006,147.84001
2024-01-25,S005-P0010,Groceries,76,472,52.58,58.525000000000006,120.86614
2024-01-26,S005-P0010,Groceries,29,412,48.64,58.525000000000006,112.6694
2024-01-27,S005-P0010,Groceries,108,394,48.67,58.525000000000006,133.22908
2024-01-28,S005-P0010,Groceries,87,277,57.6,58.525000000000006,111.3816
2024-01-29,S005-P0010,Groceries,90,202,61.19,58.525000000000006,111.44958
2024-01-30,S005-P0010,Groceries,78,115,52.94,58.525000000000006,99.427574
2023-10-03,S005-P0011,Electronics,118,877,82.32,73.545,97.42248
2023-10-04,S005-P0011,Electronics,90,741,75.1,73.545,98.42228
2023-10-05,S005-P0011,Electronics,94,684,80.16,73.545,87.95012
2023-10-06,S005-P0011,Electronics,71,610,66.48,73.545,99.8374
2023-10-07,S005-P0011,Electronics,47,553,60.79,73.545,62.401325
2023-10-08,S005-P0011,Electronics,18,508,53.37,73.545,69.22222
2023-10-09,S005-P0011,Electronics,40,492,65.66,73.545,53.46397
2023-10-10,S005-P0011,Electronics,43,447,53.23,73.545,63.22969
2023-10-11,S005-P0011,Electronics,45,405,63.52,73.545,60.370094
2023-10-12,S005-P0011,Electronics,45,374,56.91,73.545,64.28531
2023-10-13,S005-P0011,Electronics,40,322,65.59,73.545,49.65662
2023-10-14,S005-P0011,Electronics,44,294,66.76,73.545,48.43741
2023-10-15,S005-P0011,Electronics,64,264,72.17,73.545,49.815742
2023-10-16,S005-P0011,Electronics,58,196,66.89,73.545,48.878105
2023-10-17,S005-P0011,Electronics,88,155,70.26,73.545,78.589
2023-10-18,S005-P0011,Electronics,43,74,66.47,73.545,48.6735
2023-10-19,S005-P0011,Electronics,49,309,51.06,73.545,81.15003
2023-10-20,S005-P0011,Electronics,46,256,67.36,73.545,59.27596
2023-10-21,S005-P0011,Electronics,114,220,67.47,73.545,79.12625
2023-10-22,S005-P0011,Electronics,80,112,68.64,73.545,55.673065
2023-10-23,S005-P0011,Electronics,65,38,68.54,73.545,68.81405
2023-10-24,S005-P0011,Electronics,40,0,58.99,73.545,48.97293
2023-10-25,S005-P0011,Electronics,111,505,80.43,73.545,98.42228
2023-10-26,S005-P0011,Electronics,66,404,61.26,73.545,124.46242
2023-10-27,S005-P0011,Electronics,116,353,81.54,73.545,108.84321
2023-10-28,S005-P0011,Electronics,85,281,77.8,73.545,108.52321
2023-10-29,S005-P0011,Electronics,72,220,70.34,73.545,108.93861
2023-10-30,S005-P0011,Electronics,97,160,85.19,73.545,89.39292
2023-10-31,S005-P0011,Electronics,69,461,69.79,73.545,87.92747
2023-11-01,S005-P0011,Electronics,139,385,87.4,73.545,88.4341
2023-11-02,S005-P0011,Electronics,151,230,95.39,73.545,106.49229
2023-11-03,S005-P0011,Electronics,114,88,81.24,73.545,91.10964
2023-11-04,S005-P0011,Electronics,110,0,75.53,73.545,113.261116
2023-11-05,S005-P0011,Electronics,75,665,79.01,73.545,91.3319
2023-11-06,S005-P0011,Electronics,121,585,78.54,73.545,113.16215
2023-11-07,S005-P0011,Electronics,119,485,91.33,73.545,87.83131
2023-11-08,S005-P0011,Electronics,143,362,98.15,73.545,109.2544
2023-11-09,S005-P0011,Electronics,87,194,70.4,73.545,85.28164
2023-11-10,S005-P0011,Electronics,53,136,69.24,73.545,91.52741
2023-11-11,S005-P0011,Electronics,73,549,70.53,73.545,115.44404
2023-11-12,S005-P0011,Electronics,78,502,71.79,73.545,91.22564
2023-11-13,S005-P0011,Electronics,130,438,85.32,73.545,97.63924
2023-11-14,S005-P0011,Electronics,59,334,70.87,73.545,88.188515
2023-11-15,S005-P0011,Electronics,99,276,73.37,73.545,113.667305
2023-11-16,S005-P0011,Electronics,71,176,70.17,73.545,96.066605
2023-11-17,S005-P0011,Electronics,158,544,81.96,73.545,113.32183
2023-11-18,S005-P0011,Electronics,131,374,71.19,73.545,115.83496
2023-11-19,S005-P0011,Electronics,100,226,77.55,73.545,108.26297
2023-11-20,S005-P0011,Electronics,77,129,68.09,73.545,87.95831
2023-11-21,S005-P0011,Electronics,149,737,75.89,73.545,142.82155
2023-11-22,S005-P0011,Electronics,78,603,72.07,73.545,98.549034
2023-11-23,S005-P0011,Electronics,67,525,72.85,73.545,86.6422
2023-11-24,S005-P0011,Electronics,136,472,81.68,73.545,127.30538
2023-11-25,S005-P0011,Electronics,128,385,75.22,73.545,114.39254
2023-11-26,S005-P0011,Electronics,170,266,79.33,73.545,139.85847
2023-11-27,S005-P0011,Electronics,45,129,63.78,73.545,106.39083
2023-11-28,S005-P0011,Electronics,73,586,74.48,73.545,87.43273
2023-11-29,S005-P0011,Electronics,126,513,93.31,73.545,109.2544
2023-11-30,S005-P0011,Electronics,124,435,88.33,73.545,96.066605
2023-12-01,S005-P0011,Electronics,51,312,51.4,73.545,133.7598
2023-12-02,S005-P0011,Electronics,67,274,72.95,73.545,98.471214
2023-12-03,S005-P0011,Electronics,59,772,63.67,73.545,96.69486
2023-12-04,S005-P0011,Electronics,120,704,82.42,73.545,123.08471
2023-12-05,S005-P0011,Electronics,114,563,85.48,73.545,98.078186
2023-12-06,S005-P0011,Electronics,151,438,76.27,73.545,134.81694
2023-12-07,S005-P0011,Electronics,94,287,67.42,73.545,120.98399
2023-12-08,S005-P0011,Electronics,117,184,81.89,73.545,97.55602
2023-12-09,S005-P0011,Electronics,88,53,62.75,73.545,111.14887
2023-12-10,S005-P0011,Electronics,44,576,60.05,73.545,86.96949
2023-12-11,S005-P0011,Electronics,112,538,72.15,73.545,113.271034
2023-12-12,S005-P0011,Electronics,81,459,72.55,73.545,107.40791
2023-12-13,S005-P0011,Electronics,129,378,89.55,73.545,108.03219
2023-12-14,S005-P0011,Electronics,92,272,83.75,73.545,104.261185
2023-12-15,S005-P0011,Electronics,132,169,85.87,73.545,86.70074
2023-12-16,S005-P0011,Electronics,130,90,71.82,73.545,123.16962
2023-12-17,S005-P0011,Electronics,41,577,59.36,73.545,96.69486
2023-12-18,S005-P0011,Electronics,101,533,73.89,73.545,98.91243
2023-12-19,S005-P0011,Electronics,166,456,79.54,73.545,134.01761
2023-12-20,S005-P0011,Electronics,81,333,80.57,73.545,88.64974
2023-12-21,S005-P0011,Electronics,114,240,90.13,73.545,104.261185
2023-12-22,S005-P0011,Electronics,33,156,47.88,73.545,133.7598
2023-12-23,S005-P0011,Electronics,106,819,87.75,73.545,87.90829
2023-12-24,S005-P0011,Electronics,63,715,67.97,73.545,104.65224
2023-12-25,S005-P0011,Electronics,121,664,83.0,73.545,89.73898
2023-12-26,S005-P0011,Electronics,134,532,71.72,73.545,111.64121
2023-12-27,S005-P0011,Electronics,70,385,77.6,73.545,47.515457
2023-12-28,S005-P0011,Electronics,50,318,61.58,73.545,59.477974
2023-12-29,S005-P0011,Electronics,4,280,53.12,73.545,57.13059
2023-12-30,S005-P0011,Electronics,40,803,65.73,73.545,47.140854
2023-12-31,S005-P0011,Electronics,42,759,59.57,73.545,52.437283
2024-01-01,S005-P0011,Electronics,40,731,59.05,73.545,68.21566
2024-01-02,S005-P0011,Electronics,71,694,70.24,73.545,51.26763
2024-01-03,S005-P0011,Electronics,43,617,53.11,73.545,69.57733
2024-01-04,S005-P0011,Electronics,57,576,56.08,73.545,62.774883
2024-01-05,S005-P0011,Electronics,74,517,58.94,73.545,75.156395
2024-01-06,S005-P0011,Electronics,30,458,47.15,73.545,70.072365
2024-01-07,S005-P0011,Electronics,33,424,63.76,73.545,44.687057
2024-01-08,S005-P0011,Electronics,40,395,59.15,73.545,49.459656
2024-01-09,S005-P0011,Electronics,95,355,72.38,73.545,86.54819
2024-01-10,S005-P0011,Electronics,45,291,67.0,73.545,87.01572
2024-01-11,S005-P0011,Electronics,111,244,72.0,73.545,112.347084
2024-01-12,S005-P0011,Electronics,103,112,86.86,73.545,95.504875
2024-01-13,S005-P0011,Electronics,177,445,86.22,73.545,135.94763
2024-01-14,S005-P0011,Electronics,44,307,63.48,73.545,86.10504
2024-01-15,S005-P0011,Electronics,194,256,84.55,73.545,124.46555
2024-01-16,S005-P0011,Electronics,89,66,74.72,73.545,86.54819
2024-01-17,S005-P0011,Electronics,171,578,75.6,73.545,124.725395
2024-01-18,S005-P0011,Electronics,93,400,83.99,73.545,102.53292
2024-01-19,S005-P0011,Electronics,111,340,76.26,73.545,86.42582
2024-01-20,S005-P0011,Electronics,172,209,90.85,73.545,136.45033
2024-01-21,S005-P0011,Electronics,81,689,76.64,73.545,94.607124
2024-01-22,S005-P0011,Electronics,81,597,76.68,73.545,103.75668
2024-01-23,S005-P0011,Electronics,104,532,74.44,73.545,86.54819
2024-01-24,S005-P0011,Electronics,74,446,74.7,73.545,97.238
2024-01-25,S005-P0011,Electronics,85,364,73.62,73.545,103.10226
2024-01-26,S005-P0011,Electronics,118,310,81.97,73.545,95.95396
2024-01-27,S005-P0011,Electronics,89,189,74.94,73.545,86.377945
2024-01-28,S005-P0011,Electronics,112,90,76.43,73.545,95.02653
2024-01-29,S005-P0011,Electronics,51,320,72.1,73.545,94.98373
2024-01-30,S005-P0011,Electronics,74,269,74.76,73.545,86.17214
2023-10-03,S005-P0012,Furniture,54,901,90.03,120.705,98.00269
2023-10-04,S005-P0012,Furniture,73,853,135.31,120.705,74.29859
2023-10-05,S005-P0012,Furniture,22,783,105.25,120.705,67.23884
2023-10-06,S005-P0012,Furniture,40,763,113.35,120.705,75.17988
2023-10-07,S005-P0012,Furniture,56,734,127.25,120.705,34.07922
2023-10-08,S005-P0012,Furniture,34,694,104.81,120.705,37.746338
2023-10-09,S005-P0012,Furniture,22,659,99.47,120.705,35.807182
2023-10-10,S005-P0012,Furniture,19,645,82.85,120.705,43.72149
2023-10-11,S005-P0012,Furniture,35,631,111.14,120.705,41.617718
2023-10-12,S005-P0012,Furniture,54,598,100.93,120.705,43.896347
2023-10-13,S005-P0012,Furniture,57,550,114.66,120.705,43.56558
2023-10-14,S005-P0012,Furniture,33,497,82.52,120.705,44.330437
2023-10-15,S005-P0012,Furniture,37,474,111.9,120.705,34.331512
2023-10-16,S005-P0012,Furniture,28,445,113.57,120.705,33.03119
2023-10-17,S005-P0012,Furniture,46,413,116.07,120.705,41.36271
2023-10-18,S005-P0012,Furniture,31,372,97.62,120.705,44.047165
2023-10-19,S005-P0012,Furniture,43,353,108.94,120.705,41.747826
2023-10-20,S005-P0012,Furniture,53,312,89.43,120.705,55.663643
2023-10-21,S005-P0012,Furniture,60,260,116.15,120.705,56.347687
2023-10-22,S005-P0012,Furniture,23,223,105.58,120.705,37.98066
2023-10-23,S005-P0012,Furniture,10,207,94.34,120.705,35.807182
2023-10-24,S005-P0012,Furniture,37,200,117.88,120.705,33.630615
2023-10-25,S005-P0012,Furniture,64,452,111.53,120.705,97.55631
2023-10-26,S005-P0012,Furniture,87,383,128.4,120.705,72.84013
2023-10-27,S005-P0012,Furniture,98,284,132.87,120.705,84.29598
2023-10-28,S005-P0012,Furniture,66,222,119.18,120.705,84.14044
2023-10-29,S005-P0012,Furniture,102,175,141.97,120.705,82.766655
2023-10-30,S005-P0012,Furniture,43,462,114.9,120.705,67.41799
2023-10-31,S005-P0012,Furniture,35,426,110.85,120.705,65.04157
2023-11-01,S005-P0012,Furniture,110,403,122.84,120.705,89.6101
2023-11-02,S005-P0012,Furniture,77,318,123.79,120.705,80.42385
2023-11-03,S005-P0012,Furniture,43,261,85.99,120.705,88.82604
2023-11-04,S005-P0012,Furniture,114,230,139.77,120.705,65.69727
2023-11-05,S005-P0012,Furniture,110,669,145.8,120.705,68.6825
2023-11-06,S005-P0012,Furniture,101,589,141.7,120.705,66.31849
2023-11-07,S005-P0012,Furniture,66,526,125.31,120.705,65.3769
2023-11-08,S005-P0012,Furniture,62,451,117.25,120.705,82.53277
2023-11-09,S005-P0012,Furniture,60,401,96.65,120.705,90.227394
2023-11-10,S005-P0012,Furniture,78,352,124.12,120.705,87.787796
2023-11-11,S005-P0012,Furniture,73,302,122.03,120.705,64.6247
2023-11-12,S005-P0012,Furniture,42,228,108.45,120.705,67.98821
2023-11-13,S005-P0012,Furniture,48,184,111.04,120.705,73.548676
2023-11-14,S005-P0012,Furniture,100,409,111.55,120.705,89.46087
2023-11-15,S005-P0012,Furniture,37,315,106.21,120.705,66.2145
2023-11-16,S005-P0012,Furniture,75,292,122.8,120.705,72.52334
2023-11-17,S005-P0012,Furniture,79,225,131.35,120.705,67.38354
2023-11-18,S005-P0012,Furniture,134,499,140.6,120.705,86.62251
2023-11-19,S005-P0012,Furniture,130,360,131.72,120.705,110.10595
2023-11-20,S005-P0012,Furniture,86,280,141.96,120.705,66.511955
2023-11-21,S005-P0012,Furniture,148,198,155.23,120.705,81.41256
2023-11-22,S005-P0012,Furniture,151,629,156.07,120.705,73.59027
2023-11-23,S005-P0012,Furniture,133,526,117.28,120.705,90.227394
2023-11-24,S005-P0012,Furniture,108,413,114.55,120.705,100.137375
2023-11-25,S005-P0012,Furniture,90,319,129.79,120.705,65.55871
2023-11-26,S005-P0012,Furniture,93,754,116.06,120.705,110.62403
2023-11-27,S005-P0012,Furniture,98,672,133.07,120.705,81.79168
2023-11-28,S005-P0012,Furniture,55,598,126.8,120.705,64.58958
2023-11-29,S005-P0012,Furniture,111,542,153.72,120.705,82.70462
2023-11-30,S005-P0012,Furniture,119,444,134.97,120.705,72.52334
2023-12-01,S005-P0012,Furniture,72,302,134.9,120.705,82.26854
2023-12-02,S005-P0012,Furniture,151,238,147.6,120.705,97.32029
2023-12-03,S005-P0012,Furniture,103,62,112.39,120.705,96.42234
2023-12-04,S005-P0012,Furniture,101,519,127.65,120.705,75.80381
2023-12-05,S005-P0012,Furniture,57,437,121.08,120.705,75.75579
2023-12-06,S005-P0012,Furniture,83,391,140.27,120.705,84.61745
2023-12-07,S005-P0012,Furniture,92,323,123.76,120.705,74.71831
2023-12-08,S005-P0012,Furniture,58,253,115.45,120.705,75.069954
2023-12-09,S005-P0012,Furniture,82,200,106.25,120.705,88.56609
2023-12-10,S005-P0012,Furniture,82,397,118.84,120.705,87.48415
2023-12-11,S005-P0012,Furniture,140,311,134.52,120.705,89.01803
2023-12-12,S005-P0012,Furniture,92,150,130.62,120.705,83.12113
2023-12-13,S005-P0012,Furniture,95,80,131.88,120.705,84.29423
2023-12-14,S005-P0012,Furniture,56,335,127.06,120.705,80.41071
2023-12-15,S005-P0012,Furniture,77,861,98.0,120.705,86.93523
2023-12-16,S005-P0012,Furniture,53,793,113.07,120.705,76.502975
2023-12-17,S005-P0012,Furniture,121,749,135.86,120.705,96.87907
2023-12-18,S005-P0012,Furniture,86,668,127.86,120.705,75.201744
2023-12-19,S005-P0012,Furniture,94,597,116.72,120.705,106.18282
2023-12-20,S005-P0012,Furniture,69,525,114.12,120.705,68.59502
2023-12-21,S005-P0012,Furniture,65,467,131.37,120.705,80.41071
2023-12-22,S005-P0012,Furniture,91,400,123.47,120.705,107.131065
2023-12-23,S005-P0012,Furniture,96,298,132.0,120.705,67.90984
2023-12-24,S005-P0012,Furniture,62,195,123.6,120.705,81.14776
2023-12-25,S005-P0012,Furniture,67,140,94.29,120.705,89.371635
2023-12-26,S005-P0012,Furniture,85,496,134.23,120.705,67.88582
2023-12-27,S005-P0012,Furniture,44,417,121.06,120.705,33.511116
2023-12-28,S005-P0012,Furniture,41,379,108.13,120.705,39.87822
2023-12-29,S005-P0012,Furniture,51,350,112.15,120.705,40.730446
2023-12-30,S005-P0012,Furniture,15,295,96.6,120.705,32.92457
2023-12-31,S005-P0012,Furniture,32,286,104.09,120.705,37.525208
2024-01-01,S005-P0012,Furniture,19,257,103.52,120.705,34.256126
2024-01-02,S005-P0012,Furniture,22,236,110.76,120.705,37.158028
2024-01-03,S005-P0012,Furniture,18,213,108.65,120.705,37.597626
2024-01-04,S005-P0012,Furniture,38,194,101.39,120.705,30.957958
2024-01-05,S005-P0012,Furniture,49,160,117.46,120.705,39.497597
2024-01-06,S005-P0012,Furniture,46,117,109.86,120.705,36.057274
2024-01-07,S005-P0012,Furniture,61,71,116.82,120.705,43.783966
2024-01-08,S005-P0012,Furniture,54,180,119.9,120.705,34.256126
2024-01-09,S005-P0012,Furniture,91,139,108.2,120.705,87.02178
2024-01-10,S005-P0012,Furniture,96,30,146.4,120.705,66.64795
2024-01-11,S005-P0012,Furniture,73,223,96.49,120.705,87.0796
2024-01-12,S005-P0012,Furniture,83,139,106.58,120.705,95.9846
2024-01-13,S005-P0012,Furniture,102,435,106.48,120.705,107.74744
2024-01-14,S005-P0012,Furniture,57,325,115.16,120.705,68.08668
2024-01-15,S005-P0012,Furniture,132,279,155.88,120.705,72.640305
2024-01-16,S005-P0012,Furniture,72,150,121.94,120.705,65.56766
2024-01-17,S005-P0012,Furniture,112,547,132.01,120.705,97.043205
2024-01-18,S005-P0012,Furniture,123,444,129.11,120.705,105.2003
2024-01-19,S005-P0012,Furniture,63,363,111.79,120.705,67.64582
2024-01-20,S005-P0012,Furniture,105,299,129.15,120.705,82.00305
2024-01-21,S005-P0012,Furniture,96,201,132.22,120.705,73.233826
2024-01-22,S005-P0012,Furniture,123,514,136.53,120.705,106.224045
2024-01-23,S005-P0012,Furniture,110,391,123.75,120.705,87.28529
2024-01-24,S005-P0012,Furniture,60,262,110.28,120.705,74.3318
2024-01-25,S005-P0012,Furniture,4,218,77.45,120.705,105.23141
2024-01-26,S005-P0012,Furniture,65,623,125.1,120.705,74.27102
2024-01-27,S005-P0012,Furniture,66,551,125.3,120.705,66.114075
2024-01-28,S005-P0012,Furniture,96,495,146.74,120.705,73.43974
2024-01-29,S005-P0012,Furniture,71,436,127.95,120.705,72.640305
2024-01-30,S005-P0012,Furniture,54,375,107.91,120.705,65.538994
2023-10-03,S005-P0013,Groceries,208,306,90.92,74.14500000000001,145.68623
2023-10-04,S005-P0013,Groceries,131,80,78.54,74.14500000000001,113.41849
2023-10-05,S005-P0013,Groceries,114,549,74.46,74.14500000000001,99.13497
2023-10-06,S005-P0013,Groceries,126,450,81.26,74.14500000000001,114.277214
2023-10-07,S005-P0013,Groceries,95,300,77.5,74.14500000000001,66.94895
2023-10-08,S005-P0013,Groceries,75,219,72.4,74.14500000000001,76.88597
2023-10-09,S005-P0013,Groceries,57,153,64.3,74.14500000000001,74.1036
2023-10-10,S005-P0013,Groceries,38,433,53.39,74.14500000000001,86.33311
2023-10-11,S005-P0013,Groceries,74,394,68.5,74.14500000000001,82.006454
2023-10-12,S005-P0013,Groceries,129,321,69.84,74.14500000000001,86.63921
2023-10-13,S005-P0013,Groceries,95,212,69.8,74.14500000000001,68.34236
2023-10-14,S005-P0013,Groceries,79,150,69.82,74.14500000000001,66.73257
2023-10-15,S005-P0013,Groceries,27,527,59.94,74.14500000000001,69.85921
2023-10-16,S005-P0013,Groceries,112,505,69.75,74.14500000000001,86.53681
2023-10-17,S005-P0013,Groceries,173,391,83.14,74.14500000000001,104.231834
2023-10-18,S005-P0013,Groceries,73,217,68.31,74.14500000000001,66.983864
2023-10-19,S005-P0013,Groceries,90,139,76.3,74.14500000000001,82.52062
2023-10-20,S005-P0013,Groceries,102,621,60.36,74.14500000000001,104.95251
2023-10-21,S005-P0013,Groceries,84,558,74.67,74.14500000000001,81.99294
2023-10-22,S005-P0013,Groceries,81,489,52.81,74.14500000000001,96.18128
2023-10-23,S005-P0013,Groceries,108,438,57.62,74.14500000000001,95.06161
2023-10-24,S005-P0013,Groceries,65,343,69.81,74.14500000000001,66.12977
2023-10-25,S005-P0013,Groceries,159,271,76.13,74.14500000000001,146.11588
2023-10-26,S005-P0013,Groceries,43,173,64.24,74.14500000000001,113.469536
2023-10-27,S005-P0013,Groceries,138,145,88.81,74.14500000000001,127.07512
2023-10-28,S005-P0013,Groceries,71,435,61.11,74.14500000000001,125.890114
2023-10-29,S005-P0013,Groceries,88,368,64.72,74.14500000000001,127.23048
2023-10-30,S005-P0013,Groceries,138,299,75.93,74.14500000000001,103.01471
2023-10-31,S005-P0013,Groceries,138,170,84.21,74.14500000000001,100.30622
2023-11-01,S005-P0013,Groceries,140,86,72.17,74.14500000000001,136.59781
2023-11-02,S005-P0013,Groceries,146,483,82.0,74.14500000000001,126.69842
2023-11-03,S005-P0013,Groceries,120,339,80.01,74.14500000000001,102.37897
2023-11-04,S005-P0013,Groceries,100,208,74.94,74.14500000000001,98.94128
2023-11-05,S005-P0013,Groceries,167,610,81.72,74.14500000000001,133.77585
2023-11-06,S005-P0013,Groceries,109,465,73.07,74.14500000000001,100.48756
2023-11-07,S005-P0013,Groceries,81,395,66.49,74.14500000000001,99.25318
2023-11-08,S005-P0013,Groceries,42,341,45.47,74.14500000000001,170.24336
2023-11-09,S005-P0013,Groceries,101,312,71.53,74.14500000000001,99.61865
2023-11-10,S005-P0013,Groceries,148,203,78.0,74.14500000000001,101.604416
2023-11-11,S005-P0013,Groceries,140,37,80.26,74.14500000000001,99.93841
2023-11-12,S005-P0013,Groceries,85,261,67.5,74.14500000000001,102.27092
2023-11-13,S005-P0013,Groceries,89,573,76.07,74.14500000000001,111.39786
2023-11-14,S005-P0013,Groceries,150,475,82.68,74.14500000000001,135.907
2023-11-15,S005-P0013,Groceries,96,303,73.93,74.14500000000001,99.29987
2023-11-16,S005-P0013,Groceries,134,227,75.07,74.14500000000001,154.19304
2023-11-17,S005-P0013,Groceries,30,551,57.77,74.14500000000001,101.10704
2023-11-18,S005-P0013,Groceries,95,525,58.17,74.14500000000001,133.21239
2023-11-19,S005-P0013,Groceries,39,437,59.98,74.14500000000001,130.8831
2023-11-20,S005-P0013,Groceries,74,397,54.06,74.14500000000001,136.3533
2023-11-21,S005-P0013,Groceries,102,337,60.37,74.14500000000001,169.60774
2023-11-22,S005-P0013,Groceries,66,256,66.72,74.14500000000001,113.276825
2023-11-23,S005-P0013,Groceries,116,193,71.07,74.14500000000001,137.07956
2023-11-24,S005-P0013,Groceries,59,373,64.93,74.14500000000001,115.9595
2023-11-25,S005-P0013,Groceries,72,322,53.83,74.14500000000001,133.21239
2023-11-26,S005-P0013,Groceries,116,264,74.67,74.14500000000001,129.90546
2023-11-27,S005-P0013,Groceries,125,177,81.24,74.14500000000001,125.33606
2023-11-28,S005-P0013,Groceries,122,84,80.36,74.14500000000001,99.370155
2023-11-29,S005-P0013,Groceries,118,388,79.36,74.14500000000001,127.222984
2023-11-30,S005-P0013,Groceries,161,257,80.9,74.14500000000001,113.20886
2023-12-01,S005-P0013,Groceries,160,70,76.26,74.14500000000001,161.8351
2023-12-02,S005-P0013,Groceries,258,319,85.33,74.14500000000001,147.12926
2023-12-03,S005-P0013,Groceries,104,97,79.87,74.14500000000001,112.31297
2023-12-04,S005-P0013,Groceries,127,399,61.27,74.14500000000001,144.78874
2023-12-05,S005-P0013,Groceries,161,1168,80.5,74.14500000000001,147.81006
2023-12-06,S005-P0013,Groceries,122,1033,72.35,74.14500000000001,162.9569
2023-12-07,S005-P0013,Groceries,96,908,70.08,74.14500000000001,110.82064
2023-12-08,S005-P0013,Groceries,122,803,80.47,74.14500000000001,113.4008
2023-12-09,S005-P0013,Groceries,123,693,80.67,74.14500000000001,100.53344
2023-12-10,S005-P0013,Groceries,119,580,79.65,74.14500000000001,97.84663
2023-12-11,S005-P0013,Groceries,134,477,78.84,74.14500000000001,102.51085
2023-12-12,S005-P0013,Groceries,89,354,68.35,74.14500000000001,123.75875
2023-12-13,S005-P0013,Groceries,128,270,64.71,74.14500000000001,160.14676
2023-12-14,S005-P0013,Groceries,175,181,88.56,74.14500000000001,120.930565
2023-12-15,S005-P0013,Groceries,104,28,68.4,74.14500000000001,98.41238
2023-12-16,S005-P0013,Groceries,35,443,58.92,74.14500000000001,113.80189
2023-12-17,S005-P0013,Groceries,208,403,90.77,74.14500000000001,147.84773
2023-12-18,S005-P0013,Groceries,134,182,79.16,74.14500000000001,112.60256
2023-12-19,S005-P0013,Groceries,199,34,104.52,74.14500000000001,124.71203
2023-12-20,S005-P0013,Groceries,134,741,78.99,74.14500000000001,132.7706
2023-12-21,S005-P0013,Groceries,129,587,77.88,74.14500000000001,120.930565
2023-12-22,S005-P0013,Groceries,157,461,80.15,74.14500000000001,163.4231
2023-12-23,S005-P0013,Groceries,133,307,87.51,74.14500000000001,100.53344
2023-12-24,S005-P0013,Groceries,115,191,78.71,74.14500000000001,122.85766
2023-12-25,S005-P0013,Groceries,103,641,75.75,74.14500000000001,102.26722
2023-12-26,S005-P0013,Groceries,145,533,86.12,74.14500000000001,100.10125
2023-12-27,S005-P0013,Groceries,47,401,52.17,74.14500000000001,91.060005
2023-12-28,S005-P0013,Groceries,49,358,59.34,74.14500000000001,86.85736
2023-12-29,S005-P0013,Groceries,92,319,69.43,74.14500000000001,85.077126
2023-12-30,S005-P0013,Groceries,36,220,53.33,74.14500000000001,69.82407
2023-12-31,S005-P0013,Groceries,89,181,68.75,74.14500000000001,77.95217
2024-01-01,S005-P0013,Groceries,38,393,59.78,74.14500000000001,78.27767
2024-01-02,S005-P0013,Groceries,84,349,59.89,74.14500000000001,102.05741
2024-01-03,S005-P0013,Groceries,100,292,74.94,74.14500000000001,78.31402
2024-01-04,S005-P0013,Groceries,64,190,62.83,74.14500000000001,70.851074
2024-01-05,S005-P0013,Groceries,92,141,62.1,74.14500000000001,113.019035
2024-01-06,S005-P0013,Groceries,77,398,62.47,74.14500000000001,77.11325
2024-01-07,S005-P0013,Groceries,63,320,59.0,74.14500000000001,92.73499
2024-01-08,S005-P0013,Groceries,85,278,67.82,74.14500000000001,77.45656
2024-01-09,S005-P0013,Groceries,59,189,58.49,74.14500000000001,135.18443
2024-01-10,S005-P0013,Groceries,121,145,75.91,74.14500000000001,135.80122
2024-01-11,S005-P0013,Groceries,121,315,80.11,74.14500000000001,99.87403
2024-01-12,S005-P0013,Groceries,87,220,71.79,74.14500000000001,111.82301
2024-01-13,S005-P0013,Groceries,49,152,56.14,74.14500000000001,122.968994
2024-01-14,S005-P0013,Groceries,112,428,70.15,74.14500000000001,98.36158
2024-01-15,S005-P0013,Groceries,97,315,66.79,74.14500000000001,110.742485
2024-01-16,S005-P0013,Groceries,104,208,64.53,74.14500000000001,134.23672
2024-01-17,S005-P0013,Groceries,229,124,85.41,74.14500000000001,148.48051
2024-01-18,S005-P0013,Groceries,155,337,93.06,74.14500000000001,121.38421
2024-01-19,S005-P0013,Groceries,92,164,72.88,74.14500000000001,99.45142
2024-01-20,S005-P0013,Groceries,205,857,100.86,74.14500000000001,123.382835
2024-01-21,S005-P0013,Groceries,107,634,72.69,74.14500000000001,110.60119
2024-01-22,S005-P0013,Groceries,143,552,85.45,74.14500000000001,122.082985
2024-01-23,S005-P0013,Groceries,101,389,60.26,74.14500000000001,133.42712
2024-01-24,S005-P0013,Groceries,163,282,85.81,74.14500000000001,111.64355
2024-01-25,S005-P0013,Groceries,151,134,65.58,74.14500000000001,159.00327
2024-01-26,S005-P0013,Groceries,127,0,81.68,74.14500000000001,111.82301
2024-01-27,S005-P0013,Groceries,175,546,83.52,74.14500000000001,134.86057
2024-01-28,S005-P0013,Groceries,116,407,83.01,74.14500000000001,112.37711
2024-01-29,S005-P0013,Groceries,142,309,80.88,74.14500000000001,110.742485
2024-01-30,S005-P0013,Groceries,97,792,78.12,74.14500000000001,99.99682
2023-10-03,S005-P0014,Furniture,58,525,156.0,155.73000000000002,74.12778
2023-10-04,S005-P0014,Furniture,99,468,161.99,155.73000000000002,75.52318
2023-10-05,S005-P0014,Furniture,51,379,151.48,155.73000000000002,67.03507
2023-10-06,S005-P0014,Furniture,103,329,172.93,155.73000000000002,75.976006
2023-10-07,S005-P0014,Furniture,37,264,129.2,155.73000000000002,33.550102
2023-10-08,S005-P0014,Furniture,62,221,126.72,155.73000000000002,49.80554
2023-10-09,S005-P0014,Furniture,65,466,126.26,155.73000000000002,48.56273
2023-10-10,S005-P0014,Furniture,46,423,141.24,155.73000000000002,33.401955
2023-10-11,S005-P0014,Furniture,37,381,122.06,155.73000000000002,56.335224
2023-10-12,S005-P0014,Furniture,45,357,125.67,155.73000000000002,43.74344
2023-10-13,S005-P0014,Furniture,37,312,129.28,155.73000000000002,34.25335
2023-10-14,S005-P0014,Furniture,36,286,114.01,155.73000000000002,44.0524
2023-10-15,S005-P0014,Furniture,23,261,127.77,155.73000000000002,44.40815
2023-10-16,S005-P0014,Furniture,28,237,138.18,155.73000000000002,32.78182
2023-10-17,S005-P0014,Furniture,63,210,133.51,155.73000000000002,56.297844
2023-10-18,S005-P0014,Furniture,54,171,138.04,155.73000000000002,44.116684
2023-10-19,S005-P0014,Furniture,82,111,143.44,155.73000000000002,56.983105
2023-10-20,S005-P0014,Furniture,38,179,144.27,155.73000000000002,41.655643
2023-10-21,S005-P0014,Furniture,24,148,135.95,155.73000000000002,41.24419
2023-10-22,S005-P0014,Furniture,55,423,129.74,155.73000000000002,49.80554
2023-10-23,S005-P0014,Furniture,46,360,140.84,155.73000000000002,35.807182
2023-10-24,S005-P0014,Furniture,25,326,136.52,155.73000000000002,33.54579
2023-10-25,S005-P0014,Furniture,66,308,152.71,155.73000000000002,74.833824
2023-10-26,S005-P0014,Furniture,72,244,147.9,155.73000000000002,73.36399
2023-10-27,S005-P0014,Furniture,117,199,171.58,155.73000000000002,84.29598
2023-10-28,S005-P0014,Furniture,104,112,164.76,155.73000000000002,84.64956
2023-10-29,S005-P0014,Furniture,72,246,147.84,155.73000000000002,83.8827
2023-10-30,S005-P0014,Furniture,76,571,175.36,155.73000000000002,67.11814
2023-10-31,S005-P0014,Furniture,66,510,160.68,155.73000000000002,65.27857
2023-11-01,S005-P0014,Furniture,54,451,145.18,155.73000000000002,65.57551
2023-11-02,S005-P0014,Furniture,134,387,150.49,155.73000000000002,111.88325
2023-11-03,S005-P0014,Furniture,57,295,130.96,155.73000000000002,88.191414
2023-11-04,S005-P0014,Furniture,62,239,141.48,155.73000000000002,86.62251
2023-11-05,S005-P0014,Furniture,99,596,170.83,155.73000000000002,86.477196
2023-11-06,S005-P0014,Furniture,83,510,162.24,155.73000000000002,66.55718
2023-11-07,S005-P0014,Furniture,59,456,148.86,155.73000000000002,65.07017
2023-11-08,S005-P0014,Furniture,95,388,149.82,155.73000000000002,112.56162
2023-11-09,S005-P0014,Furniture,73,304,173.7,155.73000000000002,64.15898
2023-11-10,S005-P0014,Furniture,154,217,180.72,155.73000000000002,87.938446
2023-11-11,S005-P0014,Furniture,112,50,158.13,155.73000000000002,88.03662
2023-11-12,S005-P0014,Furniture,105,0,155.94,155.73000000000002,88.254684
2023-11-13,S005-P0014,Furniture,50,386,151.34,155.73000000000002,73.43513
2023-11-14,S005-P0014,Furniture,78,345,141.43,155.73000000000002,88.3774
2023-11-15,S005-P0014,Furniture,91,504,157.97,155.73000000000002,87.30329
2023-11-16,S005-P0014,Furniture,106,408,193.7,155.73000000000002,71.9688
2023-11-17,S005-P0014,Furniture,80,286,159.89,155.73000000000002,67.83621
2023-11-18,S005-P0014,Furniture,81,230,152.38,155.73000000000002,65.69727
2023-11-19,S005-P0014,Furniture,82,168,169.8,155.73000000000002,82.164024
2023-11-20,S005-P0014,Furniture,77,355,158.23,155.73000000000002,66.468445
2023-11-21,S005-P0014,Furniture,94,307,186.63,155.73000000000002,81.578674
2023-11-22,S005-P0014,Furniture,82,227,161.69,155.73000000000002,73.599174
2023-11-23,S005-P0014,Furniture,72,168,164.33,155.73000000000002,64.15898
2023-11-24,S005-P0014,Furniture,62,401,142.17,155.73000000000002,74.23867
2023-11-25,S005-P0014,Furniture,30,335,139.11,155.73000000000002,65.87788
2023-11-26,S005-P0014,Furniture,66,317,160.33,155.73000000000002,82.164024
2023-11-27,S005-P0014,Furniture,116,267,190.39,155.73000000000002,81.46581
2023-11-28,S005-P0014,Furniture,84,135,171.25,155.73000000000002,64.634285
2023-11-29,S005-P0014,Furniture,76,81,175.48,155.73000000000002,82.70462
2023-11-30,S005-P0014,Furniture,95,373,187.02,155.73000000000002,71.9688
2023-12-01,S005-P0014,Furniture,35,295,149.63,155.73000000000002,82.26854
2023-12-02,S005-P0014,Furniture,84,253,154.08,155.73000000000002,76.502975
2023-12-03,S005-P0014,Furniture,52,187,137.0,155.73000000000002,96.87907
2023-12-04,S005-P0014,Furniture,97,138,170.21,155.73000000000002,75.201744
2023-12-05,S005-P0014,Furniture,99,254,171.41,155.73000000000002,75.66482
2023-12-06,S005-P0014,Furniture,126,183,185.62,155.73000000000002,84.35773
2023-12-07,S005-P0014,Furniture,92,53,166.58,155.73000000000002,74.71831
2023-12-08,S005-P0014,Furniture,96,333,187.73,155.73000000000002,74.92572
2023-12-09,S005-P0014,Furniture,117,270,152.75,155.73000000000002,88.56609
2023-12-10,S005-P0014,Furniture,101,169,144.84,155.73000000000002,87.181435
2023-12-11,S005-P0014,Furniture,119,432,153.59,155.73000000000002,89.01803
2023-12-12,S005-P0014,Furniture,102,322,172.34,155.73000000000002,106.57411
2023-12-13,S005-P0014,Furniture,94,232,159.3,155.73000000000002,84.35773
2023-12-14,S005-P0014,Furniture,142,156,183.77,155.73000000000002,104.47056
2023-12-15,S005-P0014,Furniture,52,279,144.86,155.73000000000002,67.05045
2023-12-16,S005-P0014,Furniture,36,229,114.04,155.73000000000002,97.46466
2023-12-17,S005-P0014,Furniture,71,712,154.69,155.73000000000002,74.16712
2023-12-18,S005-P0014,Furniture,56,649,162.79,155.73000000000002,75.1098
2023-12-19,S005-P0014,Furniture,68,614,145.42,155.73000000000002,83.19548
2023-12-20,S005-P0014,Furniture,84,544,162.29,155.73000000000002,68.59502
2023-12-21,S005-P0014,Furniture,117,448,142.98,155.73000000000002,105.274345
2023-12-22,S005-P0014,Furniture,83,375,170.89,155.73000000000002,82.18473
2023-12-23,S005-P0014,Furniture,40,310,108.67,155.73000000000002,89.03887
2023-12-24,S005-P0014,Furniture,136,268,182.05,155.73000000000002,106.05016
2023-12-25,S005-P0014,Furniture,77,119,167.02,155.73000000000002,68.950455
2023-12-26,S005-P0014,Furniture,73,71,164.74,155.73000000000002,67.88582
2023-12-27,S005-P0014,Furniture,16,430,118.1,155.73000000000002,32.86285
2023-12-28,S005-P0014,Furniture,29,416,124.71,155.73000000000002,39.56176
2023-12-29,S005-P0014,Furniture,34,390,134.15,155.73000000000002,40.730446
2023-12-30,S005-P0014,Furniture,33,358,148.23,155.73000000000002,33.339577
2023-12-31,S005-P0014,Furniture,59,325,156.48,155.73000000000002,37.911926
2024-01-01,S005-P0014,Furniture,62,282,149.99,155.73000000000002,49.28918
2024-01-02,S005-P0014,Furniture,34,234,141.36,155.73000000000002,37.158028
2024-01-03,S005-P0014,Furniture,33,206,133.66,155.73000000000002,36.26879
2024-01-04,S005-P0014,Furniture,33,170,133.9,155.73000000000002,31.121826
2024-01-05,S005-P0014,Furniture,52,136,136.33,155.73000000000002,55.0728
2024-01-06,S005-P0014,Furniture,28,77,131.09,155.73000000000002,36.66693
2024-01-07,S005-P0014,Furniture,15,129,130.5,155.73000000000002,32.97154
2024-01-08,S005-P0014,Furniture,36,294,135.65,155.73000000000002,34.256126
2024-01-09,S005-P0014,Furniture,65,269,126.14,155.73000000000002,87.02178
2024-01-10,S005-P0014,Furniture,95,204,168.2,155.73000000000002,66.27812
2024-01-11,S005-P0014,Furniture,46,143,156.24,155.73000000000002,65.436485
2024-01-12,S005-P0014,Furniture,124,97,184.46,155.73000000000002,74.26893
2024-01-13,S005-P0014,Furniture,37,263,136.26,155.73000000000002,81.61794
2024-01-14,S005-P0014,Furniture,66,228,160.78,155.73000000000002,68.25932
2024-01-15,S005-P0014,Furniture,114,517,178.92,155.73000000000002,72.86879
2024-01-16,S005-P0014,Furniture,86,423,163.59,155.73000000000002,88.07493
2024-01-17,S005-P0014,Furniture,36,338,142.66,155.73000000000002,74.116394
2024-01-18,S005-P0014,Furniture,107,298,156.95,155.73000000000002,105.2003
2024-01-19,S005-P0014,Furniture,78,217,125.81,155.73000000000002,88.3192
2024-01-20,S005-P0014,Furniture,112,149,178.17,155.73000000000002,107.52661
2024-01-21,S005-P0014,Furniture,98,428,151.19,155.73000000000002,95.39576
2024-01-22,S005-P0014,Furniture,63,323,142.85,155.73000000000002,106.224045
2024-01-23,S005-P0014,Furniture,51,278,143.82,155.73000000000002,65.538994
2024-01-24,S005-P0014,Furniture,111,228,168.3,155.73000000000002,74.3318
2024-01-25,S005-P0014,Furniture,66,114,152.03,155.73000000000002,79.55276
2024-01-26,S005-P0014,Furniture,65,61,152.02,155.73000000000002,74.01525
2024-01-27,S005-P0014,Furniture,67,391,152.9,155.73000000000002,88.681816
2024-01-28,S005-P0014,Furniture,85,327,172.03,155.73000000000002,73.43974
2024-01-29,S005-P0014,Furniture,90,253,184.11,155.73000000000002,72.70077
2024-01-30,S005-P0014,Furniture,120,161,182.88,155.73000000000002,65.56766
2023-10-03,S005-P0015,Groceries,96,341,47.21,49.224999999999994,113.28389
2023-10-04,S005-P0015,Groceries,109,236,49.28,49.224999999999994,113.41849
2023-10-05,S005-P0015,Groceries,93,149,49.29,49.224999999999994,99.02984
2023-10-06,S005-P0015,Groceries,249,247,71.21,49.224999999999994,148.07596
2023-10-07,S005-P0015,Groceries,73,0,43.63,49.224999999999994,86.49944
2023-10-08,S005-P0015,Groceries,130,558,49.89,49.224999999999994,96.5042
2023-10-09,S005-P0015,Groceries,64,429,37.81,49.224999999999994,95.251274
2023-10-10,S005-P0015,Groceries,73,363,43.54,49.224999999999994,66.89947
2023-10-11,S005-P0015,Groceries,124,286,48.94,49.224999999999994,82.187065
2023-10-12,S005-P0015,Groceries,124,159,49.0,49.224999999999994,67.93658
2023-10-13,S005-P0015,Groceries,123,277,57.06,49.224999999999994,67.74006
2023-10-14,S005-P0015,Groceries,100,203,45.41,49.224999999999994,66.7937
2023-10-15,S005-P0015,Groceries,104,359,43.48,49.224999999999994,87.75297
2023-10-16,S005-P0015,Groceries,69,271,42.89,49.224999999999994,67.24149
2023-10-17,S005-P0015,Groceries,137,228,59.53,49.224999999999994,81.9955
2023-10-18,S005-P0015,Groceries,43,101,38.87,49.224999999999994,66.98781
2023-10-19,S005-P0015,Groceries,111,393,55.1,49.224999999999994,82.52062
2023-10-20,S005-P0015,Groceries,79,306,44.49,49.224999999999994,82.38848
2023-10-21,S005-P0015,Groceries,91,224,51.61,49.224999999999994,81.99294
2023-10-22,S005-P0015,Groceries,83,116,40.18,49.224999999999994,96.128944
2023-10-23,S005-P0015,Groceries,39,204,38.32,49.224999999999994,74.1036
2023-10-24,S005-P0015,Groceries,48,170,37.41,49.224999999999994,85.74006
2023-10-25,S005-P0015,Groceries,73,115,48.41,49.224999999999994,113.24621
2023-10-26,S005-P0015,Groceries,237,58,57.76,49.224999999999994,148.24211
2023-10-27,S005-P0015,Groceries,104,131,46.0,49.224999999999994,126.375694
2023-10-28,S005-P0015,Groceries,208,440,51.24,49.224999999999994,160.61273
2023-10-29,S005-P0015,Groceries,64,246,46.77,49.224999999999994,127.5792
2023-10-30,S005-P0015,Groceries,82,689,47.41,49.224999999999994,102.42854
2023-10-31,S005-P0015,Groceries,110,606,54.88,49.224999999999994,100.30622
2023-11-01,S005-P0015,Groceries,156,520,53.7,49.224999999999994,136.45006
2023-11-02,S005-P0015,Groceries,132,402,41.86,49.224999999999994,171.64401
2023-11-03,S005-P0015,Groceries,111,260,55.08,49.224999999999994,103.617516
2023-11-04,S005-P0015,Groceries,124,127,54.44,49.224999999999994,98.56921
2023-11-05,S005-P0015,Groceries,127,273,52.17,49.224999999999994,101.47651
2023-11-06,S005-P0015,Groceries,139,182,56.87,49.224999999999994,99.71129
2023-11-07,S005-P0015,Groceries,125,338,51.66,49.224999999999994,99.25318
2023-11-08,S005-P0015,Groceries,90,250,48.8,49.224999999999994,127.222984
2023-11-09,S005-P0015,Groceries,76,193,44.09,49.224999999999994,99.61865
2023-11-10,S005-P0015,Groceries,125,294,49.16,49.224999999999994,101.604416
2023-11-11,S005-P0015,Groceries,126,191,49.02,49.224999999999994,135.83289
2023-11-12,S005-P0015,Groceries,85,342,50.45,49.224999999999994,104.51049
2023-11-13,S005-P0015,Groceries,91,257,46.5,49.224999999999994,110.96482
2023-11-14,S005-P0015,Groceries,83,174,45.26,49.224999999999994,99.370155
2023-11-15,S005-P0015,Groceries,115,110,50.21,49.224999999999994,100.01177
2023-11-16,S005-P0015,Groceries,196,185,62.9,49.224999999999994,113.20886
2023-11-17,S005-P0015,Groceries,99,199,47.59,49.224999999999994,99.488365
2023-11-18,S005-P0015,Groceries,118,567,56.25,49.224999999999994,98.94128
2023-11-19,S005-P0015,Groceries,93,455,49.35,49.224999999999994,130.8831
2023-11-20,S005-P0015,Groceries,129,360,41.39,49.224999999999994,136.3533
2023-11-21,S005-P0015,Groceries,203,214,60.82,49.224999999999994,169.24416
2023-11-22,S005-P0015,Groceries,172,8,46.76,49.224999999999994,153.80403
2023-11-23,S005-P0015,Groceries,167,362,51.88,49.224999999999994,137.52135
2023-11-24,S005-P0015,Groceries,102,594,48.26,49.224999999999994,115.9595
2023-11-25,S005-P0015,Groceries,50,494,38.02,49.224999999999994,98.88059
2023-11-26,S005-P0015,Groceries,110,446,43.94,49.224999999999994,166.96898
2023-11-27,S005-P0015,Groceries,237,353,54.87,49.224999999999994,168.7483
2023-11-28,S005-P0015,Groceries,102,143,40.6,49.224999999999994,136.29861
2023-11-29,S005-P0015,Groceries,158,537,63.22,49.224999999999994,127.222984
2023-11-30,S005-P0015,Groceries,95,411,47.09,49.224999999999994,113.20886
2023-12-01,S005-P0015,Groceries,135,341,53.24,49.224999999999994,122.6182
2023-12-02,S005-P0015,Groceries,180,247,57.06,49.224999999999994,148.56192
2023-12-03,S005-P0015,Groceries,69,308,40.81,49.224999999999994,149.1706
2023-12-04,S005-P0015,Groceries,105,256,46.15,49.224999999999994,112.55005
2023-12-05,S005-P0015,Groceries,75,137,46.37,49.224999999999994,112.721504
2023-12-06,S005-P0015,Groceries,132,255,49.89,49.224999999999994,162.01276
2023-12-07,S005-P0015,Groceries,78,152,46.82,49.224999999999994,110.58904
2023-12-08,S005-P0015,Groceries,77,290,41.98,49.224999999999994,112.21168
2023-12-09,S005-P0015,Groceries,67,209,47.3,49.224999999999994,100.53344
2023-12-10,S005-P0015,Groceries,57,161,43.32,49.224999999999994,97.89846
2023-12-11,S005-P0015,Groceries,50,110,40.06,49.224999999999994,102.26722
2023-12-12,S005-P0015,Groceries,99,163,47.65,49.224999999999994,123.75875
2023-12-13,S005-P0015,Groceries,48,91,37.5,49.224999999999994,162.01276
2023-12-14,S005-P0015,Groceries,121,241,51.08,49.224999999999994,158.59695
2023-12-15,S005-P0015,Groceries,93,164,49.33,49.224999999999994,98.06461
2023-12-16,S005-P0015,Groceries,137,364,47.61,49.224999999999994,147.66957
2023-12-17,S005-P0015,Groceries,87,264,38.2,49.224999999999994,145.56635
2023-12-18,S005-P0015,Groceries,100,201,47.77,49.224999999999994,112.55005
2023-12-19,S005-P0015,Groceries,178,89,66.77,49.224999999999994,124.71203
2023-12-20,S005-P0015,Groceries,44,177,41.21,49.224999999999994,101.154
2023-12-21,S005-P0015,Groceries,144,522,60.76,49.224999999999994,121.5954
2023-12-22,S005-P0015,Groceries,179,435,63.59,49.224999999999994,124.73664
2023-12-23,S005-P0015,Groceries,144,266,54.78,49.224999999999994,100.59481
2023-12-24,S005-P0015,Groceries,86,115,48.19,49.224999999999994,122.85766
2023-12-25,S005-P0015,Groceries,190,330,55.1,49.224999999999994,130.79082
2023-12-26,S005-P0015,Groceries,103,205,53.59,49.224999999999994,100.10125
2023-12-27,S005-P0015,Groceries,84,513,37.8,49.224999999999994,91.21672
2023-12-28,S005-P0015,Groceries,106,443,46.33,49.224999999999994,115.01215
2023-12-29,S005-P0015,Groceries,91,373,48.97,49.224999999999994,85.754295
2023-12-30,S005-P0015,Groceries,65,275,42.43,49.224999999999994,69.819496
2023-12-31,S005-P0015,Groceries,64,233,42.22,49.224999999999994,77.95217
2024-01-01,S005-P0015,Groceries,164,167,57.85,49.224999999999994,102.73792
2024-01-02,S005-P0015,Groceries,105,0,46.2,49.224999999999994,77.19555
2024-01-03,S005-P0015,Groceries,69,331,40.57,49.224999999999994,101.97243
2024-01-04,S005-P0015,Groceries,75,253,48.68,49.224999999999994,71.390396
2024-01-05,S005-P0015,Groceries,103,165,50.91,49.224999999999994,86.48664
2024-01-06,S005-P0015,Groceries,71,62,45.72,49.224999999999994,77.68099
2024-01-07,S005-P0015,Groceries,66,219,35.92,49.224999999999994,92.3006
2024-01-08,S005-P0015,Groceries,55,146,43.02,49.224999999999994,78.27767
2024-01-09,S005-P0015,Groceries,101,103,40.47,49.224999999999994,133.42712
2024-01-10,S005-P0015,Groceries,43,138,36.89,49.224999999999994,100.50855
2024-01-11,S005-P0015,Groceries,109,307,49.35,49.224999999999994,99.87403
2024-01-12,S005-P0015,Groceries,180,221,60.32,49.224999999999994,150.80678
2024-01-13,S005-P0015,Groceries,111,32,44.02,49.224999999999994,161.73827
2024-01-14,S005-P0015,Groceries,109,412,54.71,49.224999999999994,99.7909
2024-01-15,S005-P0015,Groceries,94,340,46.85,49.224999999999994,110.742485
2024-01-16,S005-P0015,Groceries,111,273,49.49,49.224999999999994,99.66651
2024-01-17,S005-P0015,Groceries,76,201,44.11,49.224999999999994,111.64355
2024-01-18,S005-P0015,Groceries,109,365,54.62,49.224999999999994,121.38421
2024-01-19,S005-P0015,Groceries,126,237,49.29,49.224999999999994,98.13299
2024-01-20,S005-P0015,Groceries,140,153,45.08,49.224999999999994,161.06691
2024-01-21,S005-P0015,Groceries,159,352,60.26,49.224999999999994,112.37711
2024-01-22,S005-P0015,Groceries,86,252,48.2,49.224999999999994,121.345024
2024-01-23,S005-P0015,Groceries,104,478,48.54,49.224999999999994,99.427574
2024-01-24,S005-P0015,Groceries,136,405,59.42,49.224999999999994,112.24148
2024-01-25,S005-P0015,Groceries,103,270,48.27,49.224999999999994,120.65638
2024-01-26,S005-P0015,Groceries,151,163,49.67,49.224999999999994,148.02875
2024-01-27,S005-P0015,Groceries,120,245,48.4,49.224999999999994,135.88573
2024-01-28,S005-P0015,Groceries,193,160,49.38,49.224999999999994,146.69087
2024-01-29,S005-P0015,Groceries,94,225,52.13,49.224999999999994,111.44958
2024-01-30,S005-P0015,Groceries,122,520,48.62,49.224999999999994,99.66651
2023-10-03,S005-P0016,Toys,83,167,33.61,32.76,97.63799
2023-10-04,S005-P0016,Toys,151,90,33.27,32.76,126.75733
2023-10-05,S005-P0016,Toys,82,590,31.78,32.76,111.98449
2023-10-06,S005-P0016,Toys,144,499,32.14,32.76,131.63184
2023-10-07,S005-P0016,Toys,22,347,23.83,32.76,44.518772
2023-10-08,S005-P0016,Toys,57,328,32.19,32.76,40.94333
2023-10-09,S005-P0016,Toys,50,276,26.79,32.76,49.279293
2023-10-10,S005-P0016,Toys,23,229,23.99,32.76,32.72745
2023-10-11,S005-P0016,Toys,21,209,25.04,32.76,43.17369
2023-10-12,S005-P0016,Toys,19,194,26.11,32.76,34.377712
2023-10-13,S005-P0016,Toys,17,178,23.16,32.76,48.125946
2023-10-14,S005-P0016,Toys,25,160,26.84,32.76,34.376045
2023-10-15,S005-P0016,Toys,27,145,25.68,32.76,35.382416
2023-10-16,S005-P0016,Toys,17,129,24.56,32.76,31.576355
2023-10-17,S005-P0016,Toys,11,114,26.52,32.76,43.410645
2023-10-18,S005-P0016,Toys,54,104,28.64,32.76,44.623
2023-10-19,S005-P0016,Toys,20,60,27.67,32.76,44.457462
2023-10-20,S005-P0016,Toys,9,48,23.69,32.76,44.48554
2023-10-21,S005-P0016,Toys,23,224,26.59,32.76,43.565056
2023-10-22,S005-P0016,Toys,32,202,26.26,32.76,40.81057
2023-10-23,S005-P0016,Toys,30,170,21.69,32.76,50.433887
2023-10-24,S005-P0016,Toys,21,140,26.35,32.76,33.548065
2023-10-25,S005-P0016,Toys,93,127,32.99,32.76,97.703224
2023-10-26,S005-P0016,Toys,77,66,31.22,32.76,94.905464
2023-10-27,S005-P0016,Toys,81,0,31.74,32.76,109.02233
2023-10-28,S005-P0016,Toys,248,298,47.61,32.76,139.03615
2023-10-29,S005-P0016,Toys,75,46,31.07,32.76,108.841896
2023-10-30,S005-P0016,Toys,83,0,31.91,32.76,89.08676
2023-10-31,S005-P0016,Toys,72,762,34.0,32.76,88.688774
2023-11-01,S005-P0016,Toys,160,704,33.67,32.76,118.9593
2023-11-02,S005-P0016,Toys,115,553,35.38,32.76,103.12032
2023-11-03,S005-P0016,Toys,69,433,25.62,32.76,117.95673
2023-11-04,S005-P0016,Toys,128,370,38.85,32.76,82.01382
2023-11-05,S005-P0016,Toys,151,263,33.26,32.76,112.07235
2023-11-06,S005-P0016,Toys,51,117,29.83,32.76,82.593025
2023-11-07,S005-P0016,Toys,90,481,32.76,32.76,81.13567
2023-11-08,S005-P0016,Toys,65,407,33.18,32.76,108.699036
2023-11-09,S005-P0016,Toys,67,344,28.4,32.76,115.20356
2023-11-10,S005-P0016,Toys,80,289,34.98,32.76,89.90206
2023-11-11,S005-P0016,Toys,112,216,35.04,32.76,87.19176
2023-11-12,S005-P0016,Toys,128,99,34.78,32.76,117.85653
2023-11-13,S005-P0016,Toys,121,9,34.26,32.76,129.0661
2023-11-14,S005-P0016,Toys,124,373,38.35,32.76,86.765884
2023-11-15,S005-P0016,Toys,56,246,28.87,32.76,82.58725
2023-11-16,S005-P0016,Toys,124,586,38.45,32.76,95.20501
2023-11-17,S005-P0016,Toys,98,473,27.9,32.76,112.376274
2023-11-18,S005-P0016,Toys,128,397,40.98,32.76,82.01382
2023-11-19,S005-P0016,Toys,108,310,28.84,32.76,142.80733
2023-11-20,S005-P0016,Toys,75,196,31.04,32.76,86.251724
2023-11-21,S005-P0016,Toys,151,471,31.2,32.76,142.88869
2023-11-22,S005-P0016,Toys,98,371,33.6,32.76,98.42423
2023-11-23,S005-P0016,Toys,128,285,34.83,32.76,115.20356
2023-11-24,S005-P0016,Toys,84,624,31.92,32.76,98.642136
2023-11-25,S005-P0016,Toys,162,552,42.82,32.76,81.69285
2023-11-26,S005-P0016,Toys,140,366,40.25,32.76,108.540764
2023-11-27,S005-P0016,Toys,142,214,38.52,32.76,104.27436
2023-11-28,S005-P0016,Toys,79,95,31.42,32.76,86.5147
2023-11-29,S005-P0016,Toys,66,361,28.45,32.76,107.166985
2023-11-30,S005-P0016,Toys,74,292,29.33,32.76,94.51228
2023-12-01,S005-P0016,Toys,156,223,33.31,32.76,137.88963
2023-12-02,S005-P0016,Toys,118,115,37.74,32.76,98.40916
2023-12-03,S005-P0016,Toys,145,0,36.57,32.76,128.67502
2023-12-04,S005-P0016,Toys,83,453,30.11,32.76,127.682144
2023-12-05,S005-P0016,Toys,87,389,25.58,32.76,125.07279
2023-12-06,S005-P0016,Toys,76,747,29.53,32.76,105.62629
2023-12-07,S005-P0016,Toys,96,680,29.85,32.76,125.46605
2023-12-08,S005-P0016,Toys,133,621,29.63,32.76,127.63349
2023-12-09,S005-P0016,Toys,59,469,27.74,32.76,88.07468
2023-12-10,S005-P0016,Toys,88,398,36.02,32.76,88.48904
2023-12-11,S005-P0016,Toys,78,336,31.39,32.76,89.83564
2023-12-12,S005-P0016,Toys,122,260,36.24,32.76,104.82917
2023-12-13,S005-P0016,Toys,118,149,39.69,32.76,106.31945
2023-12-14,S005-P0016,Toys,159,28,44.77,32.76,104.938934
2023-12-15,S005-P0016,Toys,25,423,26.83,32.76,89.52853
2023-12-16,S005-P0016,Toys,154,402,39.8,32.76,97.515076
2023-12-17,S005-P0016,Toys,111,697,36.9,32.76,98.681435
2023-12-18,S005-P0016,Toys,115,588,29.88,32.76,127.66997
2023-12-19,S005-P0016,Toys,185,463,40.97,32.76,104.85502
2023-12-20,S005-P0016,Toys,97,335,35.25,32.76,88.78733
2023-12-21,S005-P0016,Toys,115,259,33.58,32.76,104.23659
2023-12-22,S005-P0016,Toys,151,614,35.03,32.76,138.25574
2023-12-23,S005-P0016,Toys,131,454,33.04,32.76,113.591194
2023-12-24,S005-P0016,Toys,62,339,31.19,32.76,107.005196
2023-12-25,S005-P0016,Toys,96,279,35.14,32.76,90.45092
2023-12-26,S005-P0016,Toys,159,181,31.85,32.76,113.75915
2023-12-27,S005-P0016,Toys,18,71,26.07,32.76,30.302162
2023-12-28,S005-P0016,Toys,8,385,24.84,32.76,36.68617
2023-12-29,S005-P0016,Toys,11,838,23.91,32.76,38.821487
2023-12-30,S005-P0016,Toys,35,829,26.65,32.76,29.311893
2023-12-31,S005-P0016,Toys,25,796,26.84,32.76,36.522778
2024-01-01,S005-P0016,Toys,22,775,25.06,32.76,32.390316
2024-01-02,S005-P0016,Toys,14,762,26.87,32.76,31.495943
2024-01-03,S005-P0016,Toys,37,746,28.22,32.76,32.127125
2024-01-04,S005-P0016,Toys,40,703,28.57,32.76,27.384848
2024-01-05,S005-P0016,Toys,14,657,25.57,32.76,35.23884
2024-01-06,S005-P0016,Toys,30,644,25.98,32.76,30.983738
2024-01-07,S005-P0016,Toys,33,615,24.88,32.76,41.523586
2024-01-08,S005-P0016,Toys,18,583,22.15,32.76,47.01755
2024-01-09,S005-P0016,Toys,106,570,29.05,32.76,112.09391
2024-01-10,S005-P0016,Toys,154,482,37.74,32.76,112.93438
2024-01-11,S005-P0016,Toys,97,353,33.43,32.76,84.937675
2024-01-12,S005-P0016,Toys,111,270,35.01,32.76,96.935875
2024-01-13,S005-P0016,Toys,164,695,32.34,32.76,135.87045
2024-01-14,S005-P0016,Toys,106,551,30.53,32.76,113.13572
2024-01-15,S005-P0016,Toys,103,469,28.4,32.76,124.65746
2024-01-16,S005-P0016,Toys,148,372,30.9,32.76,112.90266
2024-01-17,S005-P0016,Toys,101,264,33.87,32.76,96.1964
2024-01-18,S005-P0016,Toys,138,150,31.59,32.76,135.8405
2024-01-19,S005-P0016,Toys,33,520,26.3,32.76,88.43346
2024-01-20,S005-P0016,Toys,122,492,40.23,32.76,105.32806
2024-01-21,S005-P0016,Toys,112,409,33.36,32.76,97.034996
2024-01-22,S005-P0016,Toys,126,293,34.76,32.76,104.36046
2024-01-23,S005-P0016,Toys,149,190,32.62,32.76,112.90266
2024-01-24,S005-P0016,Toys,83,57,35.45,32.76,96.79181
2024-01-25,S005-P0016,Toys,98,323,35.42,32.76,103.24009
2024-01-26,S005-P0016,Toys,69,223,33.65,32.76,97.19703
2024-01-27,S005-P0016,Toys,48,158,31.04,32.76,87.686424
2024-01-28,S005-P0016,Toys,65,368,31.57,32.76,96.89264
2024-01-29,S005-P0016,Toys,109,300,36.68,32.76,97.128075
2024-01-30,S005-P0016,Toys,64,233,29.8,32.76,86.36939
2023-10-03,S005-P0017,Toys,79,165,35.61,34.870000000000005,96.97776
2023-10-04,S005-P0017,Toys,121,117,38.87,34.870000000000005,97.75982
2023-10-05,S005-P0017,Toys,44,121,31.3,34.870000000000005,86.46267
2023-10-06,S005-P0017,Toys,46,80,28.37,34.870000000000005,100.085266
2023-10-07,S005-P0017,Toys,37,100,30.31,34.870000000000005,33.374535
2023-10-08,S005-P0017,Toys,15,112,23.23,34.870000000000005,54.30848
2023-10-09,S005-P0017,Toys,9,100,25.43,34.870000000000005,35.536137
2023-10-10,S005-P0017,Toys,63,94,25.19,34.870000000000005,44.780487
2023-10-11,S005-P0017,Toys,37,112,30.41,34.870000000000005,43.17369
2023-10-12,S005-P0017,Toys,45,81,28.09,34.870000000000005,45.918156
2023-10-13,S005-P0017,Toys,18,88,27.96,34.870000000000005,36.1167
2023-10-14,S005-P0017,Toys,19,124,26.66,34.870000000000005,33.374535
2023-10-15,S005-P0017,Toys,17,111,26.34,34.870000000000005,35.297836
2023-10-16,S005-P0017,Toys,17,101,27.87,34.870000000000005,32.49814
2023-10-17,S005-P0017,Toys,39,84,27.4,34.870000000000005,58.51013
2023-10-18,S005-P0017,Toys,8,96,25.33,34.870000000000005,44.623
2023-10-19,S005-P0017,Toys,10,91,24.25,34.870000000000005,58.680595
2023-10-20,S005-P0017,Toys,34,81,23.71,34.870000000000005,59.74563
2023-10-21,S005-P0017,Toys,29,93,30.87,34.870000000000005,43.565056
2023-10-22,S005-P0017,Toys,18,118,29.43,34.870000000000005,40.94333
2023-10-23,S005-P0017,Toys,38,102,30.44,34.870000000000005,35.695564
2023-10-24,S005-P0017,Toys,27,107,24.46,34.870000000000005,47.40656
2023-10-25,S005-P0017,Toys,105,78,35.01,34.870000000000005,97.703224
2023-10-26,S005-P0017,Toys,105,101,34.86,34.870000000000005,122.99937
2023-10-27,S005-P0017,Toys,94,128,37.55,34.870000000000005,108.801506
2023-10-28,S005-P0017,Toys,127,119,37.27,34.870000000000005,139.13274
2023-10-29,S005-P0017,Toys,99,128,38.17,34.870000000000005,108.841896
2023-10-30,S005-P0017,Toys,94,141,37.56,34.870000000000005,89.08676
2023-10-31,S005-P0017,Toys,63,152,35.4,34.870000000000005,88.688774
2023-11-01,S005-P0017,Toys,130,104,39.89,34.870000000000005,87.60462
2023-11-02,S005-P0017,Toys,146,144,37.09,34.870000000000005,139.76463
2023-11-03,S005-P0017,Toys,77,140,33.6,34.870000000000005,89.190865
2023-11-04,S005-P0017,Toys,81,152,32.33,34.870000000000005,111.75242
2023-11-05,S005-P0017,Toys,97,143,35.9,34.870000000000005,84.870995
2023-11-06,S005-P0017,Toys,76,162,35.3,34.870000000000005,82.593025
2023-11-07,S005-P0017,Toys,131,101,37.96,34.870000000000005,110.52709
2023-11-08,S005-P0017,Toys,72,131,26.06,34.870000000000005,143.82826
2023-11-09,S005-P0017,Toys,87,112,28.92,34.870000000000005,115.2476
2023-11-10,S005-P0017,Toys,104,149,34.88,34.870000000000005,88.69599
2023-11-11,S005-P0017,Toys,72,168,36.54,34.870000000000005,88.094536
2023-11-12,S005-P0017,Toys,71,89,31.19,34.870000000000005,89.18363
2023-11-13,S005-P0017,Toys,121,82,36.87,34.870000000000005,94.942314
2023-11-14,S005-P0017,Toys,71,99,29.4,34.870000000000005,117.826866
2023-11-15,S005-P0017,Toys,67,123,30.55,34.870000000000005,111.93205
2023-11-16,S005-P0017,Toys,152,131,40.37,34.870000000000005,94.51228
2023-11-17,S005-P0017,Toys,42,154,32.61,34.870000000000005,84.89425
2023-11-18,S005-P0017,Toys,129,125,39.76,34.870000000000005,82.11035
2023-11-19,S005-P0017,Toys,84,156,36.21,34.870000000000005,108.540764
2023-11-20,S005-P0017,Toys,101,170,36.35,34.870000000000005,85.68351
2023-11-21,S005-P0017,Toys,112,200,37.73,34.870000000000005,106.50683
2023-11-22,S005-P0017,Toys,141,101,34.31,34.870000000000005,131.47542
2023-11-23,S005-P0017,Toys,179,172,40.98,34.870000000000005,115.20356
2023-11-24,S005-P0017,Toys,132,148,44.47,34.870000000000005,99.98333
2023-11-25,S005-P0017,Toys,97,166,37.93,34.870000000000005,81.69285
2023-11-26,S005-P0017,Toys,206,199,48.88,34.870000000000005,143.24567
2023-11-27,S005-P0017,Toys,78,187,31.97,34.870000000000005,103.59223
2023-11-28,S005-P0017,Toys,120,127,40.73,34.870000000000005,87.434906
2023-11-29,S005-P0017,Toys,95,112,33.84,34.870000000000005,107.166985
2023-11-30,S005-P0017,Toys,112,109,41.91,34.870000000000005,96.346794
2023-12-01,S005-P0017,Toys,156,139,42.93,34.870000000000005,106.928825
2023-12-02,S005-P0017,Toys,89,168,38.84,34.870000000000005,98.40916
2023-12-03,S005-P0017,Toys,118,86,38.38,34.870000000000005,97.87127
2023-12-04,S005-P0017,Toys,112,106,35.81,34.870000000000005,98.90943
2023-12-05,S005-P0017,Toys,92,120,35.31,34.870000000000005,96.66099
2023-12-06,S005-P0017,Toys,117,138,34.32,34.870000000000005,136.57382
2023-12-07,S005-P0017,Toys,84,154,38.19,34.870000000000005,97.06173
2023-12-08,S005-P0017,Toys,51,148,24.04,34.870000000000005,127.63349
2023-12-09,S005-P0017,Toys,36,91,28.62,34.870000000000005,88.07468
2023-12-10,S005-P0017,Toys,57,113,31.19,34.870000000000005,88.117905
2023-12-11,S005-P0017,Toys,69,115,32.61,34.870000000000005,117.10092
2023-12-12,S005-P0017,Toys,203,111,46.13,34.870000000000005,136.5165
2023-12-13,S005-P0017,Toys,155,224,42.88,34.870000000000005,105.61271
2023-12-14,S005-P0017,Toys,144,214,41.56,34.870000000000005,104.443375
2023-12-15,S005-P0017,Toys,55,222,24.49,34.870000000000005,115.578285
2023-12-16,S005-P0017,Toys,114,169,32.04,34.870000000000005,124.61941
2023-12-17,S005-P0017,Toys,100,211,34.5,34.870000000000005,97.87127
2023-12-18,S005-P0017,Toys,78,94,33.6,34.870000000000005,98.90943
2023-12-19,S005-P0017,Toys,138,82,45.38,34.870000000000005,105.4148
2023-12-20,S005-P0017,Toys,122,160,38.82,34.870000000000005,114.925
2023-12-21,S005-P0017,Toys,75,196,31.65,34.870000000000005,104.23659
2023-12-22,S005-P0017,Toys,114,128,36.08,34.870000000000005,139.48997
2023-12-23,S005-P0017,Toys,129,146,37.73,34.870000000000005,88.07468
2023-12-24,S005-P0017,Toys,105,138,35.0,34.870000000000005,139.55008
2023-12-25,S005-P0017,Toys,107,156,37.08,34.870000000000005,89.5785
2023-12-26,S005-P0017,Toys,70,133,34.56,34.870000000000005,88.42542
2023-12-27,S005-P0017,Toys,25,137,23.12,34.870000000000005,42.35343
2023-12-28,S005-P0017,Toys,12,118,25.78,34.870000000000005,36.42044
2023-12-29,S005-P0017,Toys,25,106,30.36,34.870000000000005,39.296906
2023-12-30,S005-P0017,Toys,27,84,29.07,34.870000000000005,29.67416
2023-12-31,S005-P0017,Toys,14,104,26.01,34.870000000000005,36.329453
2024-01-01,S005-P0017,Toys,33,89,28.32,34.870000000000005,32.390316
2024-01-02,S005-P0017,Toys,16,109,26.33,34.870000000000005,30.838879
2024-01-03,S005-P0017,Toys,28,97,29.28,34.870000000000005,32.127125
2024-01-04,S005-P0017,Toys,17,117,26.46,34.870000000000005,26.77213
2024-01-05,S005-P0017,Toys,18,99,24.99,34.870000000000005,52.545662
2024-01-06,S005-P0017,Toys,8,81,28.07,34.870000000000005,32.118828
2024-01-07,S005-P0017,Toys,11,125,25.7,34.870000000000005,29.615578
2024-01-08,S005-P0017,Toys,7,115,20.98,34.870000000000005,47.755882
2024-01-09,S005-P0017,Toys,75,109,31.67,34.870000000000005,86.34243
2024-01-10,S005-P0017,Toys,82,128,34.13,34.870000000000005,112.93438
2024-01-11,S005-P0017,Toys,92,150,37.26,34.870000000000005,85.10548
2024-01-12,S005-P0017,Toys,60,179,33.26,34.870000000000005,96.935875
2024-01-13,S005-P0017,Toys,146,139,34.73,34.870000000000005,135.87045
2024-01-14,S005-P0017,Toys,87,153,36.63,34.870000000000005,88.24337
2024-01-15,S005-P0017,Toys,101,160,36.43,34.870000000000005,96.75825
2024-01-16,S005-P0017,Toys,59,149,31.35,34.870000000000005,86.34243
2024-01-17,S005-P0017,Toys,83,106,34.31,34.870000000000005,96.18433
2024-01-18,S005-P0017,Toys,149,108,44.49,34.870000000000005,102.29902
2024-01-19,S005-P0017,Toys,99,164,36.29,34.870000000000005,88.38891
2024-01-20,S005-P0017,Toys,156,170,40.59,34.870000000000005,135.0585
2024-01-21,S005-P0017,Toys,118,194,38.45,34.870000000000005,125.92826
2024-01-22,S005-P0017,Toys,124,64,32.57,34.870000000000005,135.69858
2024-01-23,S005-P0017,Toys,30,104,28.01,34.870000000000005,86.36939
2024-01-24,S005-P0017,Toys,93,71,29.49,34.870000000000005,125.27439
2024-01-25,S005-P0017,Toys,117,101,40.46,34.870000000000005,102.29902
2024-01-26,S005-P0017,Toys,75,147,35.19,34.870000000000005,96.935875
2024-01-27,S005-P0017,Toys,111,162,35.64,34.870000000000005,112.609604
2024-01-28,S005-P0017,Toys,106,150,33.15,34.870000000000005,125.17816
2024-01-29,S005-P0017,Toys,132,137,44.56,34.870000000000005,97.128075
2024-01-30,S005-P0017,Toys,137,137,42.92,34.870000000000005,86.36939
2023-10-03,S005-P0018,Clothing,214,166,30.39,21.98,98.99563
2023-10-04,S005-P0018,Clothing,91,174,19.31,21.98,99.3442
2023-10-05,S005-P0018,Clothing,30,100,13.49,21.98,120.024666
2023-10-06,S005-P0018,Clothing,122,78,23.72,21.98,98.86932
2023-10-07,S005-P0018,Clothing,109,112,18.24,21.98,108.6096
2023-10-08,S005-P0018,Clothing,150,125,20.33,21.98,119.560074
2023-10-09,S005-P0018,Clothing,160,157,25.15,21.98,94.03262
2023-10-10,S005-P0018,Clothing,190,175,27.15,21.98,87.39369
2023-10-11,S005-P0018,Clothing,139,153,24.98,21.98,102.5369
2023-10-12,S005-P0018,Clothing,98,201,18.5,21.98,108.5092
2023-10-13,S005-P0018,Clothing,192,103,27.33,21.98,110.973526
2023-10-14,S005-P0018,Clothing,189,190,30.12,21.98,87.5439
2023-10-15,S005-P0018,Clothing,209,185,27.03,21.98,110.03649
2023-10-16,S005-P0018,Clothing,134,235,24.64,21.98,87.06858
2023-10-17,S005-P0018,Clothing,72,114,18.09,21.98,102.7865
2023-10-18,S005-P0018,Clothing,139,127,26.32,21.98,87.3047
2023-10-19,S005-P0018,Clothing,260,151,31.99,21.98,129.72002
2023-10-20,S005-P0018,Clothing,170,229,24.47,21.98,130.31084
2023-10-21,S005-P0018,Clothing,75,31,19.31,21.98,103.15019
2023-10-22,S005-P0018,Clothing,133,62,24.53,21.98,96.586494
2023-10-23,S005-P0018,Clothing,88,158,20.23,21.98,94.03262
2023-10-24,S005-P0018,Clothing,115,85,21.98,21.98,88.66623
2023-10-25,S005-P0018,Clothing,73,101,21.24,21.98,99.32653
2023-10-26,S005-P0018,Clothing,141,115,23.84,21.98,99.84435
2023-10-27,S005-P0018,Clothing,79,138,19.56,21.98,107.826324
2023-10-28,S005-P0018,Clothing,136,68,20.85,21.98,142.09636
2023-10-29,S005-P0018,Clothing,146,155,24.15,21.98,108.44187
2023-10-30,S005-P0018,Clothing,74,150,18.23,21.98,90.830574
2023-10-31,S005-P0018,Clothing,109,98,22.77,21.98,89.89823
2023-11-01,S005-P0018,Clothing,79,136,20.63,21.98,88.25179
2023-11-02,S005-P0018,Clothing,142,83,21.19,21.98,142.59477
2023-11-03,S005-P0018,Clothing,172,154,25.95,21.98,116.80425
2023-11-04,S005-P0018,Clothing,79,204,19.54,21.98,89.9556
2023-11-05,S005-P0018,Clothing,103,149,18.82,21.98,118.07598
2023-11-06,S005-P0018,Clothing,91,157,21.52,21.98,90.86162
2023-11-07,S005-P0018,Clothing,105,58,22.47,21.98,89.909935
2023-11-08,S005-P0018,Clothing,191,104,22.72,21.98,142.72763
2023-11-09,S005-P0018,Clothing,166,162,24.22,21.98,118.562935
2023-11-10,S005-P0018,Clothing,110,220,24.09,21.98,89.90541
2023-11-11,S005-P0018,Clothing,159,141,26.42,21.98,88.662964
2023-11-12,S005-P0018,Clothing,74,130,15.97,21.98,115.9457
2023-11-13,S005-P0018,Clothing,169,74,27.14,21.98,99.31614
2023-11-14,S005-P0018,Clothing,62,186,17.43,21.98,88.00048
2023-11-15,S005-P0018,Clothing,101,116,19.99,21.98,118.40257
2023-11-16,S005-P0018,Clothing,101,156,22.19,21.98,100.018456
2023-11-17,S005-P0018,Clothing,132,64,24.44,21.98,91.688156
2023-11-18,S005-P0018,Clothing,49,121,17.49,21.98,89.904396
2023-11-19,S005-P0018,Clothing,152,71,23.34,21.98,141.70456
2023-11-20,S005-P0018,Clothing,144,177,25.36,21.98,89.0678
2023-11-21,S005-P0018,Clothing,140,186,25.05,21.98,110.36491
2023-11-22,S005-P0018,Clothing,162,228,22.45,21.98,129.9622
2023-11-23,S005-P0018,Clothing,146,43,26.78,21.98,90.46749
2023-11-24,S005-P0018,Clothing,86,172,19.99,21.98,99.22056
2023-11-25,S005-P0018,Clothing,89,106,17.07,21.98,117.81465
2023-11-26,S005-P0018,Clothing,86,108,20.0,21.98,110.45608
2023-11-27,S005-P0018,Clothing,103,130,21.27,21.98,110.548546
2023-11-28,S005-P0018,Clothing,122,160,23.72,21.98,88.50989
2023-11-29,S005-P0018,Clothing,103,159,21.16,21.98,109.67647
2023-11-30,S005-P0018,Clothing,87,38,21.16,21.98,100.018456
2023-12-01,S005-P0018,Clothing,144,95,22.83,21.98,127.80434
2023-12-02,S005-P0018,Clothing,193,135,25.85,21.98,149.7953
2023-12-03,S005-P0018,Clothing,122,185,22.55,21.98,116.41273
2023-12-04,S005-P0018,Clothing,68,55,20.83,21.98,118.05608
2023-12-05,S005-P0018,Clothing,176,83,23.53,21.98,149.20071
2023-12-06,S005-P0018,Clothing,118,158,23.42,21.98,129.89894
2023-12-07,S005-P0018,Clothing,131,181,25.68,21.98,119.8917
2023-12-08,S005-P0018,Clothing,176,102,27.69,21.98,116.66015
2023-12-09,S005-P0018,Clothing,108,203,22.75,21.98,106.51238
2023-12-10,S005-P0018,Clothing,106,85,18.98,21.98,134.67714
2023-12-11,S005-P0018,Clothing,74,107,20.25,21.98,108.370476
2023-12-12,S005-P0018,Clothing,82,105,21.91,21.98,129.92836
2023-12-13,S005-P0018,Clothing,145,106,19.07,21.98,161.54158
2023-12-14,S005-P0018,Clothing,175,157,26.17,21.98,130.97987
2023-12-15,S005-P0018,Clothing,171,187,21.57,21.98,134.40517
2023-12-16,S005-P0018,Clothing,121,200,21.31,21.98,117.133705
2023-12-17,S005-P0018,Clothing,47,126,16.45,21.98,147.34755
2023-12-18,S005-P0018,Clothing,77,95,20.48,21.98,118.05608
2023-12-19,S005-P0018,Clothing,82,124,19.76,21.98,162.43692
2023-12-20,S005-P0018,Clothing,150,121,24.39,21.98,106.9764
2023-12-21,S005-P0018,Clothing,87,123,19.07,21.98,162.05235
2023-12-22,S005-P0018,Clothing,197,128,27.71,21.98,128.06291
2023-12-23,S005-P0018,Clothing,130,227,20.45,21.98,135.93416
2023-12-24,S005-P0018,Clothing,174,98,26.11,21.98,128.4065
2023-12-25,S005-P0018,Clothing,101,174,22.22,21.98,108.370476
2023-12-26,S005-P0018,Clothing,68,79,17.86,21.98,106.79579
2023-12-27,S005-P0018,Clothing,60,79,19.2,21.98,101.44713
2023-12-28,S005-P0018,Clothing,193,70,24.54,21.98,146.70573
2023-12-29,S005-P0018,Clothing,194,166,27.47,21.98,117.85322
2023-12-30,S005-P0018,Clothing,138,175,24.91,21.98,101.59218
2023-12-31,S005-P0018,Clothing,197,207,27.74,21.98,109.345146
2024-01-01,S005-P0018,Clothing,172,188,25.91,21.98,136.26677
2024-01-02,S005-P0018,Clothing,128,157,21.75,21.98,109.98531
2024-01-03,S005-P0018,Clothing,83,168,18.83,21.98,109.62158
2024-01-04,S005-P0018,Clothing,168,72,21.65,21.98,128.16136
2024-01-05,S005-P0018,Clothing,217,141,29.03,21.98,146.29115
2024-01-06,S005-P0018,Clothing,155,174,23.54,21.98,109.63732
2024-01-07,S005-P0018,Clothing,86,172,21.13,21.98,104.82184
2024-01-08,S005-P0018,Clothing,79,96,18.55,21.98,110.152824
2024-01-09,S005-P0018,Clothing,61,95,18.34,21.98,107.98279
2024-01-10,S005-P0018,Clothing,83,93,20.89,21.98,108.3796
2024-01-11,S005-P0018,Clothing,78,94,17.32,21.98,140.20949
2024-01-12,S005-P0018,Clothing,72,94,16.92,21.98,149.96278
2024-01-13,S005-P0018,Clothing,123,78,21.45,21.98,131.84828
2024-01-14,S005-P0018,Clothing,83,148,19.86,21.98,107.83751
2024-01-15,S005-P0018,Clothing,96,78,21.88,21.98,120.71717
2024-01-16,S005-P0018,Clothing,115,104,22.06,21.98,107.98279
2024-01-17,S005-P0018,Clothing,184,116,28.23,21.98,120.87048
2024-01-18,S005-P0018,Clothing,146,202,25.45,21.98,133.22095
2024-01-19,S005-P0018,Clothing,151,92,23.09,21.98,136.0879
2024-01-20,S005-P0018,Clothing,135,134,24.66,21.98,132.25183
2024-01-21,S005-P0018,Clothing,121,176,21.33,21.98,118.33837
2024-01-22,S005-P0018,Clothing,260,44,25.35,21.98,163.44713
2024-01-23,S005-P0018,Clothing,144,280,25.31,21.98,108.284904
2024-01-24,S005-P0018,Clothing,139,172,22.45,21.98,119.91861
2024-01-25,S005-P0018,Clothing,175,165,26.18,21.98,133.22095
2024-01-26,S005-P0018,Clothing,135,165,18.54,21.98,149.66411
2024-01-27,S005-P0018,Clothing,136,214,22.13,21.98,137.63826
2024-01-28,S005-P0018,Clothing,115,113,20.79,21.98,149.71806
2024-01-29,S005-P0018,Clothing,202,143,27.99,21.98,120.561714
2024-01-30,S005-P0018,Clothing,68,197,17.81,21.98,107.7678
2023-10-03,S005-P0019,Furniture,82,140,143.38,128.62,73.54593
2023-10-04,S005-P0019,Furniture,89,191,146.65,128.62,74.833824
2023-10-05,S005-P0019,Furniture,48,107,132.69,128.62,67.23884
2023-10-06,S005-P0019,Furniture,75,268,125.95,128.62,75.976006
2023-10-07,S005-P0019,Furniture,31,208,100.03,128.62,43.984123
2023-10-08,S005-P0019,Furniture,34,179,101.18,128.62,49.360985
2023-10-09,S005-P0019,Furniture,48,151,112.93,128.62,47.566612
2023-10-10,S005-P0019,Furniture,20,116,106.41,128.62,33.214127
2023-10-11,S005-P0019,Furniture,48,183,119.93,128.62,41.62307
2023-10-12,S005-P0019,Furniture,51,146,107.64,128.62,43.896347
2023-10-13,S005-P0019,Furniture,31,94,111.71,128.62,43.56558
2023-10-14,S005-P0019,Furniture,22,151,119.37,128.62,34.07922
2023-10-15,S005-P0019,Furniture,9,134,112.59,128.62,34.331512
2023-10-16,S005-P0019,Furniture,46,126,125.03,128.62,33.03119
2023-10-17,S005-P0019,Furniture,53,86,115.81,128.62,56.202988
2023-10-18,S005-P0019,Furniture,46,98,125.15,128.62,33.73468
2023-10-19,S005-P0019,Furniture,32,163,106.6,128.62,57.0329
2023-10-20,S005-P0019,Furniture,41,131,110.63,128.62,41.449333
2023-10-21,S005-P0019,Furniture,59,94,118.4,128.62,56.347687
2023-10-22,S005-P0019,Furniture,39,141,121.56,128.62,37.98066
2023-10-23,S005-P0019,Furniture,26,110,121.37,128.62,35.795662
2023-10-24,S005-P0019,Furniture,32,87,118.19,128.62,33.54579
2023-10-25,S005-P0019,Furniture,70,52,137.11,128.62,74.833824
2023-10-26,S005-P0019,Furniture,47,66,99.33,128.62,98.00925
2023-10-27,S005-P0019,Furniture,132,131,168.18,128.62,83.62795
2023-10-28,S005-P0019,Furniture,124,43,155.33,128.62,107.74792
2023-10-29,S005-P0019,Furniture,75,214,132.33,128.62,83.8827
2023-10-30,S005-P0019,Furniture,57,403,137.73,128.62,67.11814
2023-10-31,S005-P0019,Furniture,59,362,131.91,128.62,65.04157
2023-11-01,S005-P0019,Furniture,146,317,140.24,128.62,89.6101
2023-11-02,S005-P0019,Furniture,61,163,112.85,128.62,109.26892
2023-11-03,S005-P0019,Furniture,54,370,122.91,128.62,66.823265
2023-11-04,S005-P0019,Furniture,74,315,111.22,128.62,87.81255
2023-11-05,S005-P0019,Furniture,73,228,124.67,128.62,69.17272
2023-11-06,S005-P0019,Furniture,77,173,148.3,128.62,66.31849
2023-11-07,S005-P0019,Furniture,80,125,134.91,128.62,65.27177
2023-11-08,S005-P0019,Furniture,73,223,138.49,128.62,82.70462
2023-11-09,S005-P0019,Furniture,46,150,125.01,128.62,63.868782
2023-11-10,S005-P0019,Furniture,70,102,115.62,128.62,88.191414
2023-11-11,S005-P0019,Furniture,51,19,121.2,128.62,64.456215
2023-11-12,S005-P0019,Furniture,93,160,148.69,128.62,67.6782
2023-11-13,S005-P0019,Furniture,73,50,124.79,128.62,74.01223
2023-11-14,S005-P0019,Furniture,41,193,116.58,128.62,64.634285
2023-11-15,S005-P0019,Furniture,114,155,143.43,128.62,87.30329
2023-11-16,S005-P0019,Furniture,72,39,131.09,128.62,72.52334
2023-11-17,S005-P0019,Furniture,87,225,153.15,128.62,67.15632
2023-11-18,S005-P0019,Furniture,90,127,139.5,128.62,85.75573
2023-11-19,S005-P0019,Furniture,96,205,158.09,128.62,82.33095
2023-11-20,S005-P0019,Furniture,85,140,152.1,128.62,66.511955
2023-11-21,S005-P0019,Furniture,95,236,112.26,128.62,112.73111
2023-11-22,S005-P0019,Furniture,112,140,141.48,128.62,99.662605
2023-11-23,S005-P0019,Furniture,84,218,144.18,128.62,64.15898
2023-11-24,S005-P0019,Furniture,76,162,133.16,128.62,74.19335
2023-11-25,S005-P0019,Furniture,85,274,130.39,128.62,65.69727
2023-11-26,S005-P0019,Furniture,135,189,152.55,128.62,109.84486
2023-11-27,S005-P0019,Furniture,101,83,129.87,128.62,108.784004
2023-11-28,S005-P0019,Furniture,47,293,125.51,128.62,64.58958
2023-11-29,S005-P0019,Furniture,70,255,123.61,128.62,82.53277
2023-11-30,S005-P0019,Furniture,56,179,130.32,128.62,72.12942
2023-12-01,S005-P0019,Furniture,83,120,136.22,128.62,82.33485
2023-12-02,S005-P0019,Furniture,96,34,127.6,128.62,97.32029
2023-12-03,S005-P0019,Furniture,41,155,92.19,128.62,96.42234
2023-12-04,S005-P0019,Furniture,77,287,140.49,128.62,75.201744
2023-12-05,S005-P0019,Furniture,86,207,145.38,128.62,75.75579
2023-12-06,S005-P0019,Furniture,128,131,149.45,128.62,107.6618
2023-12-07,S005-P0019,Furniture,51,170,127.71,128.62,73.89291
2023-12-08,S005-P0019,Furniture,60,340,125.39,128.62,75.315926
2023-12-09,S005-P0019,Furniture,44,285,130.79,128.62,68.04659
2023-12-10,S005-P0019,Furniture,111,257,149.49,128.62,67.51118
2023-12-11,S005-P0019,Furniture,94,146,157.03,128.62,69.17376
2023-12-12,S005-P0019,Furniture,86,294,114.77,128.62,106.29009
2023-12-13,S005-P0019,Furniture,126,201,132.21,128.62,107.25155
2023-12-14,S005-P0019,Furniture,63,52,140.57,128.62,80.41071
2023-12-15,S005-P0019,Furniture,112,310,150.06,128.62,67.05045
2023-12-16,S005-P0019,Furniture,95,188,142.24,128.62,76.46399
2023-12-17,S005-P0019,Furniture,135,112,143.03,128.62,96.55097
2023-12-18,S005-P0019,Furniture,85,198,129.51,128.62,96.46858
2023-12-19,S005-P0019,Furniture,86,424,137.54,128.62,83.19548
2023-12-20,S005-P0019,Furniture,41,339,110.38,128.62,68.59502
2023-12-21,S005-P0019,Furniture,103,301,115.41,128.62,105.274345
2023-12-22,S005-P0019,Furniture,52,199,121.79,128.62,82.18473
2023-12-23,S005-P0019,Furniture,80,163,120.75,128.62,88.446815
2023-12-24,S005-P0019,Furniture,88,93,146.07,128.62,81.14776
2023-12-25,S005-P0019,Furniture,66,189,134.99,128.62,69.17376
2023-12-26,S005-P0019,Furniture,66,145,128.45,128.62,67.660934
2023-12-27,S005-P0019,Furniture,32,69,100.29,128.62,46.27633
2023-12-28,S005-P0019,Furniture,16,164,99.15,128.62,39.56176
2023-12-29,S005-P0019,Furniture,37,145,120.71,128.62,41.022457
2023-12-30,S005-P0019,Furniture,50,107,127.02,128.62,32.92457
2023-12-31,S005-P0019,Furniture,37,63,114.49,128.62,37.525208
2024-01-01,S005-P0019,Furniture,40,117,128.77,128.62,34.67214
2024-01-02,S005-P0019,Furniture,32,84,112.15,128.62,36.375862
2024-01-03,S005-P0019,Furniture,17,154,116.39,128.62,37.597626
2024-01-04,S005-P0019,Furniture,7,136,111.11,128.62,31.524616
2024-01-05,S005-P0019,Furniture,25,130,86.22,128.62,54.18995
2024-01-06,S005-P0019,Furniture,42,114,123.1,128.62,36.66693
2024-01-07,S005-P0019,Furniture,37,73,108.69,128.62,43.783966
2024-01-08,S005-P0019,Furniture,52,106,114.69,128.62,48.96402
2024-01-09,S005-P0019,Furniture,129,69,141.83,128.62,87.28529
2024-01-10,S005-P0019,Furniture,39,111,121.62,128.62,66.28655
2024-01-11,S005-P0019,Furniture,84,299,129.69,128.62,65.55576
2024-01-12,S005-P0019,Furniture,82,200,150.83,128.62,74.27102
2024-01-13,S005-P0019,Furniture,113,145,125.41,128.62,107.74744
2024-01-14,S005-P0019,Furniture,71,233,144.92,128.62,68.25932
2024-01-15,S005-P0019,Furniture,25,191,108.52,128.62,72.86879
2024-01-16,S005-P0019,Furniture,64,169,134.18,128.62,65.90664
2024-01-17,S005-P0019,Furniture,69,127,136.88,128.62,74.116394
2024-01-18,S005-P0019,Furniture,143,216,156.16,128.62,105.553764
2024-01-19,S005-P0019,Furniture,88,107,139.07,128.62,67.72935
2024-01-20,S005-P0019,Furniture,72,338,138.09,128.62,81.855415
2024-01-21,S005-P0019,Furniture,114,261,158.93,128.62,73.233826
2024-01-22,S005-P0019,Furniture,149,188,139.5,128.62,106.16012
2024-01-23,S005-P0019,Furniture,51,304,114.84,128.62,65.538994
2024-01-24,S005-P0019,Furniture,89,252,123.5,128.62,96.56382
2024-01-25,S005-P0019,Furniture,97,147,126.82,128.62,105.23141
2024-01-26,S005-P0019,Furniture,89,83,139.19,128.62,96.51096
2024-01-27,S005-P0019,Furniture,63,194,120.38,128.62,65.77008
2024-01-28,S005-P0019,Furniture,77,133,140.55,128.62,73.43974
2024-01-29,S005-P0019,Furniture,63,41,120.56,128.62,72.86879
2024-01-30,S005-P0019,Furniture,84,125,151.72,128.62,65.90664
2023-10-03,S005-P0020,Toys,114,131,31.2,28.615000000000002,96.97776
2023-10-04,S005-P0020,Toys,120,178,30.13,28.615000000000002,97.703224
2023-10-05,S005-P0020,Toys,96,181,27.96,28.615000000000002,111.98449
2023-10-06,S005-P0020,Toys,66,116,26.47,28.615000000000002,130.55371
2023-10-07,S005-P0020,Toys,37,110,23.6,28.615000000000002,32.80764
2023-10-08,S005-P0020,Toys,22,127,23.39,28.615000000000002,40.94333
2023-10-09,S005-P0020,Toys,47,105,24.59,28.615000000000002,35.536137
2023-10-10,S005-P0020,Toys,25,129,22.48,28.615000000000002,33.186462
2023-10-11,S005-P0020,Toys,26,102,21.45,28.615000000000002,43.029137
2023-10-12,S005-P0020,Toys,42,82,24.12,28.615000000000002,33.647545
2023-10-13,S005-P0020,Toys,49,104,20.71,28.615000000000002,48.382652
2023-10-14,S005-P0020,Toys,10,100,23.31,28.615000000000002,34.376045
2023-10-15,S005-P0020,Toys,32,89,25.72,28.615000000000002,35.94791
2023-10-16,S005-P0020,Toys,37,117,23.61,28.615000000000002,43.441032
2023-10-17,S005-P0020,Toys,52,93,25.14,28.615000000000002,42.861515
2023-10-18,S005-P0020,Toys,18,85,18.11,28.615000000000002,45.365524
2023-10-19,S005-P0020,Toys,35,118,24.69,28.615000000000002,44.457462
2023-10-20,S005-P0020,Toys,15,88,21.5,28.615000000000002,44.521652
2023-10-21,S005-P0020,Toys,43,127,20.19,28.615000000000002,59.35621
2023-10-22,S005-P0020,Toys,32,101,23.22,28.615000000000002,40.730812
2023-10-23,S005-P0020,Toys,40,132,21.43,28.615000000000002,49.37173
2023-10-24,S005-P0020,Toys,14,87,21.39,28.615000000000002,33.135597
2023-10-25,S005-P0020,Toys,156,128,33.34,28.615000000000002,126.21432
2023-10-26,S005-P0020,Toys,141,136,28.13,28.615000000000002,125.15657
2023-10-27,S005-P0020,Toys,116,145,31.35,28.615000000000002,142.34976
2023-10-28,S005-P0020,Toys,107,171,30.51,28.615000000000002,106.81965
2023-10-29,S005-P0020,Toys,31,193,24.35,28.615000000000002,108.841896
2023-10-30,S005-P0020,Toys,67,173,28.05,28.615000000000002,89.32532
2023-10-31,S005-P0020,Toys,36,101,23.61,28.615000000000002,88.052925
2023-11-01,S005-P0020,Toys,36,115,22.38,28.615000000000002,87.5301
2023-11-02,S005-P0020,Toys,72,74,24.25,28.615000000000002,140.08133
2023-11-03,S005-P0020,Toys,111,73,27.72,28.615000000000002,118.20234
2023-11-04,S005-P0020,Toys,101,112,31.55,28.615000000000002,82.01382
2023-11-05,S005-P0020,Toys,88,108,28.66,28.615000000000002,84.60531
2023-11-06,S005-P0020,Toys,75,127,27.32,28.615000000000002,82.55575
2023-11-07,S005-P0020,Toys,136,101,31.6,28.615000000000002,81.484
2023-11-08,S005-P0020,Toys,110,150,30.88,28.615000000000002,107.73168
2023-11-09,S005-P0020,Toys,91,189,27.5,28.615000000000002,84.90607
2023-11-10,S005-P0020,Toys,86,82,28.46,28.615000000000002,119.01995
2023-11-11,S005-P0020,Toys,83,108,29.68,28.615000000000002,87.45127
2023-11-12,S005-P0020,Toys,98,130,28.08,28.615000000000002,89.18363
2023-11-13,S005-P0020,Toys,85,126,29.85,28.615000000000002,95.58663
2023-11-14,S005-P0020,Toys,76,138,27.52,28.615000000000002,86.765884
2023-11-15,S005-P0020,Toys,59,142,21.8,28.615000000000002,112.12229
2023-11-16,S005-P0020,Toys,98,91,31.19,28.615000000000002,95.20501
2023-11-17,S005-P0020,Toys,134,121,27.99,28.615000000000002,111.73939
2023-11-18,S005-P0020,Toys,47,120,25.96,28.615000000000002,81.69285
2023-11-19,S005-P0020,Toys,39,123,23.85,28.615000000000002,107.14661
2023-11-20,S005-P0020,Toys,68,80,28.09,28.615000000000002,86.251724
2023-11-21,S005-P0020,Toys,80,77,26.32,28.615000000000002,142.38235
2023-11-22,S005-P0020,Toys,68,116,29.57,28.615000000000002,99.429405
2023-11-23,S005-P0020,Toys,83,132,28.15,28.615000000000002,84.90607
2023-11-24,S005-P0020,Toys,124,130,35.69,28.615000000000002,99.98333
2023-11-25,S005-P0020,Toys,76,123,27.45,28.615000000000002,111.75242
2023-11-26,S005-P0020,Toys,95,123,27.85,28.615000000000002,143.24567
2023-11-27,S005-P0020,Toys,40,128,19.94,28.615000000000002,140.7812
2023-11-28,S005-P0020,Toys,75,89,24.29,28.615000000000002,117.71802
2023-11-29,S005-P0020,Toys,65,84,27.86,28.615000000000002,108.699036
2023-11-30,S005-P0020,Toys,70,83,28.35,28.615000000000002,96.346794
2023-12-01,S005-P0020,Toys,35,93,23.41,28.615000000000002,106.928825
2023-12-02,S005-P0020,Toys,103,111,26.74,28.615000000000002,124.61941
2023-12-03,S005-P0020,Toys,80,90,26.4,28.615000000000002,97.87127
2023-12-04,S005-P0020,Toys,85,77,23.57,28.615000000000002,127.83912
2023-12-05,S005-P0020,Toys,151,89,30.9,28.615000000000002,124.44895
2023-12-06,S005-P0020,Toys,48,178,23.32,28.615000000000002,136.57382
2023-12-07,S005-P0020,Toys,69,129,28.21,28.615000000000002,97.06173
2023-12-08,S005-P0020,Toys,116,152,26.1,28.615000000000002,127.63349
2023-12-09,S005-P0020,Toys,48,175,20.62,28.615000000000002,113.33599
2023-12-10,S005-P0020,Toys,77,125,29.04,28.615000000000002,88.117905
2023-12-11,S005-P0020,Toys,67,156,22.47,28.615000000000002,116.44399
2023-12-12,S005-P0020,Toys,62,76,26.11,28.615000000000002,104.82917
2023-12-13,S005-P0020,Toys,96,89,29.43,28.615000000000002,105.61271
2023-12-14,S005-P0020,Toys,85,105,29.85,28.615000000000002,104.938934
2023-12-15,S005-P0020,Toys,116,82,31.32,28.615000000000002,89.02885
2023-12-16,S005-P0020,Toys,149,95,32.87,28.615000000000002,97.10497
2023-12-17,S005-P0020,Toys,93,164,32.3,28.615000000000002,98.681435
2023-12-18,S005-P0020,Toys,157,157,33.58,28.615000000000002,128.34781
2023-12-19,S005-P0020,Toys,91,183,29.02,28.615000000000002,104.82917
2023-12-20,S005-P0020,Toys,117,109,31.55,28.615000000000002,88.78733
2023-12-21,S005-P0020,Toys,77,159,29.12,28.615000000000002,104.443375
2023-12-22,S005-P0020,Toys,115,80,26.07,28.615000000000002,137.88963
2023-12-23,S005-P0020,Toys,129,137,32.59,28.615000000000002,114.32964
2023-12-24,S005-P0020,Toys,84,147,31.34,28.615000000000002,107.005196
2023-12-25,S005-P0020,Toys,95,123,32.6,28.615000000000002,90.45092
2023-12-26,S005-P0020,Toys,93,134,30.71,28.615000000000002,87.8453
2023-12-27,S005-P0020,Toys,40,158,25.25,28.615000000000002,30.302162
2023-12-28,S005-P0020,Toys,28,126,23.97,28.615000000000002,37.25885
2023-12-29,S005-P0020,Toys,10,107,22.15,28.615000000000002,38.821487
2023-12-30,S005-P0020,Toys,35,99,23.45,28.615000000000002,29.311893
2023-12-31,S005-P0020,Toys,18,127,21.83,28.615000000000002,36.522778
2024-01-01,S005-P0020,Toys,16,107,22.74,28.615000000000002,32.203114
2024-01-02,S005-P0020,Toys,53,93,23.94,28.615000000000002,46.98905
2024-01-03,S005-P0020,Toys,25,87,22.55,28.615000000000002,31.521328
2024-01-04,S005-P0020,Toys,10,111,22.14,28.615000000000002,26.77213
2024-01-05,S005-P0020,Toys,39,102,18.9,28.615000000000002,51.768707
2024-01-06,S005-P0020,Toys,59,106,24.53,28.615000000000002,47.24652
2024-01-07,S005-P0020,Toys,34,111,23.29,28.615000000000002,29.615578
2024-01-08,S005-P0020,Toys,14,76,20.32,28.615000000000002,47.507584
2024-01-09,S005-P0020,Toys,125,111,34.01,28.615000000000002,86.36939
2024-01-10,S005-P0020,Toys,83,135,28.21,28.615000000000002,87.331825
2024-01-11,S005-P0020,Toys,80,157,29.38,28.615000000000002,85.10548
2024-01-12,S005-P0020,Toys,79,72,26.32,28.615000000000002,96.97289
2024-01-13,S005-P0020,Toys,116,90,31.4,28.615000000000002,104.73105
2024-01-14,S005-P0020,Toys,116,152,27.9,28.615000000000002,113.13572
2024-01-15,S005-P0020,Toys,73,158,27.1,28.615000000000002,96.75825
2024-01-16,S005-P0020,Toys,89,102,28.78,28.615000000000002,86.36939
2024-01-17,S005-P0020,Toys,108,114,32.3,28.615000000000002,96.18433
2024-01-18,S005-P0020,Toys,169,134,32.76,28.615000000000002,134.38345
2024-01-19,S005-P0020,Toys,68,225,28.11,28.615000000000002,88.38891
2024-01-20,S005-P0020,Toys,117,170,29.85,28.615000000000002,104.35106
2024-01-21,S005-P0020,Toys,68,181,23.89,28.615000000000002,125.17816
2024-01-22,S005-P0020,Toys,112,121,27.78,28.615000000000002,135.8457
2024-01-23,S005-P0020,Toys,97,133,29.56,28.615000000000002,86.36939
2024-01-24,S005-P0020,Toys,121,110,26.86,28.615000000000002,124.74436
2024-01-25,S005-P0020,Toys,63,164,24.89,28.615000000000002,101.856735
2024-01-26,S005-P0020,Toys,134,99,34.99,28.615000000000002,97.19703
2024-01-27,S005-P0020,Toys,38,133,22.55,28.615000000000002,86.64592
2024-01-28,S005-P0020,Toys,130,105,30.87,28.615000000000002,125.17816
2024-01-29,S005-P0020,Toys,105,144,31.95,28.615000000000002,96.71296
2024-01-30,S005-P0020,Toys,73,126,25.78,28.615000000000002,86.34243
